[2026-10-02 13:45:59] MX | Outer 1/5
[2026-10-02 13:46:00] MX outer1 | cfg=P_l2_b16_e6_w10_s_d2_s1_r9 | Inner 1/3
[2026-10-02 13:46:26] MX outer1 cfg=P_l2_b16_e6_w10_s_d2_s1_r9 Inner 1: F1=0.6718
[2026-10-02 13:46:26] MX outer1 | cfg=P_l2_b16_e6_w10_s_d2_s1_r9 | Inner 2/3
[2026-10-02 13:46:52] MX outer1 cfg=P_l2_b16_e6_w10_s_d2_s1_r9 Inner 2: F1=0.7113
[2026-10-02 13:46:52] MX outer1 | cfg=P_l2_b16_e6_w10_s_d2_s1_r9 | Inner 3/3
[2026-10-02 13:47:17] MX outer1 cfg=P_l2_b16_e6_w10_s_d2_s1_r9 Inner 3: F1=0.6803
[2026-10-02 13:47:17] MX outer1 | trial 1/20 F1_inner=0.6878 | mejor=0.6878
[2026-10-02 13:47:17] MX outer1 | cfg=P_l1_b16_e6_w10_s_d3_s1_r9 | Inner 1/3
[2026-10-02 13:47:42] MX outer1 cfg=P_l1_b16_e6_w10_s_d3_s1_r9 Inner 1: F1=0.5708
[2026-10-02 13:47:42] MX outer1 | cfg=P_l1_b16_e6_w10_s_d3_s1_r9 | Inner 2/3
[2026-10-02 13:48:07] MX outer1 cfg=P_l1_b16_e6_w10_s_d3_s1_r9 Inner 2: F1=0.6465
[2026-10-02 13:48:07] MX outer1 | cfg=P_l1_b16_e6_w10_s_d3_s1_r9 | Inner 3/3
[2026-10-02 13:48:31] MX outer1 cfg=P_l1_b16_e6_w10_s_d3_s1_r9 Inner 3: F1=0.5961
[2026-10-02 13:48:32] MX outer1 | trial 2/20 F1_inner=0.6045 | mejor=0.6878
[2026-10-02 13:48:32] REUTILIZADO MX outer1 cfg=P_l2_b16_e6_w10_s_d2_s1_r9 inner=1: F1=0.6718
[2026-10-02 13:48:32] REUTILIZADO MX outer1 cfg=P_l2_b16_e6_w10_s_d2_s1_r9 inner=2: F1=0.7113
[2026-10-02 13:48:32] REUTILIZADO MX outer1 cfg=P_l2_b16_e6_w10_s_d2_s1_r9 inner=3: F1=0.6803
[2026-10-02 13:48:32] MX outer1 | trial 3/20 F1_inner=0.6878 | mejor=0.6878
[2026-10-02 13:48:32] MX outer1 | cfg=P_l2_b16_e6_w1_b_d2_s1_r9 | Inner 1/3
[2026-10-02 13:48:57] MX outer1 cfg=P_l2_b16_e6_w1_b_d2_s1_r9 Inner 1: F1=0.6698
[2026-10-02 13:48:57] MX outer1 | cfg=P_l2_b16_e6_w1_b_d2_s1_r9 | Inner 2/3
[2026-10-02 13:49:22] MX outer1 cfg=P_l2_b16_e6_w1_b_d2_s1_r9 Inner 2: F1=0.7171
[2026-10-02 13:49:22] MX outer1 | cfg=P_l2_b16_e6_w1_b_d2_s1_r9 | Inner 3/3
[2026-10-02 13:49:46] MX outer1 cfg=P_l2_b16_e6_w1_b_d2_s1_r9 Inner 3: F1=0.7095
[2026-10-02 13:49:47] MX outer1 | trial 4/20 F1_inner=0.6988 | mejor=0.6988
[2026-10-02 13:49:47] MX outer1 | cfg=P_l1_b16_e4_w10_s_d3_s1_r9 | Inner 1/3
[2026-10-02 13:50:03] MX outer1 cfg=P_l1_b16_e4_w10_s_d3_s1_r9 Inner 1: F1=0.5296
[2026-10-02 13:50:03] MX outer1 | cfg=P_l1_b16_e4_w10_s_d3_s1_r9 | Inner 2/3
[2026-10-02 13:50:20] MX outer1 cfg=P_l1_b16_e4_w10_s_d3_s1_r9 Inner 2: F1=0.5525
[2026-10-02 13:50:20] MX outer1 | cfg=P_l1_b16_e4_w10_s_d3_s1_r9 | Inner 3/3
[2026-10-02 13:50:37] MX outer1 cfg=P_l1_b16_e4_w10_s_d3_s1_r9 Inner 3: F1=0.5047
[2026-10-02 13:50:37] MX outer1 | trial 5/20 F1_inner=0.5289 | mejor=0.6988
[2026-10-02 13:50:38] REUTILIZADO MX outer1 cfg=P_l2_b16_e6_w1_b_d2_s1_r9 inner=1: F1=0.6698
[2026-10-02 13:50:38] REUTILIZADO MX outer1 cfg=P_l2_b16_e6_w1_b_d2_s1_r9 inner=2: F1=0.7171
[2026-10-02 13:50:38] REUTILIZADO MX outer1 cfg=P_l2_b16_e6_w1_b_d2_s1_r9 inner=3: F1=0.7095
[2026-10-02 13:50:38] MX outer1 | trial 6/20 F1_inner=0.6988 | mejor=0.6988
[2026-10-02 13:50:38] MX outer1 | cfg=P_l2_b16_e4_w1_b_d3_s1_r9 | Inner 1/3
[2026-10-02 13:50:55] MX outer1 cfg=P_l2_b16_e4_w1_b_d3_s1_r9 Inner 1: F1=0.6338
[2026-10-02 13:50:55] MX outer1 | cfg=P_l2_b16_e4_w1_b_d3_s1_r9 | Inner 2/3
[2026-10-02 13:51:13] MX outer1 cfg=P_l2_b16_e4_w1_b_d3_s1_r9 Inner 2: F1=0.6869
[2026-10-02 13:51:13] MX outer1 | cfg=P_l2_b16_e4_w1_b_d3_s1_r9 | Inner 3/3
[2026-10-02 13:51:30] MX outer1 cfg=P_l2_b16_e4_w1_b_d3_s1_r9 Inner 3: F1=0.6874
[2026-10-02 13:51:30] MX outer1 | trial 7/20 F1_inner=0.6694 | mejor=0.6988
[2026-10-02 13:51:30] MX outer1 | cfg=P_l1_b16_e6_w1_b_d2_s1_r9 | Inner 1/3
[2026-10-02 13:51:55] MX outer1 cfg=P_l1_b16_e6_w1_b_d2_s1_r9 Inner 1: F1=0.6453
[2026-10-02 13:51:55] MX outer1 | cfg=P_l1_b16_e6_w1_b_d2_s1_r9 | Inner 2/3
[2026-10-02 13:52:20] MX outer1 cfg=P_l1_b16_e6_w1_b_d2_s1_r9 Inner 2: F1=0.6763
[2026-10-02 13:52:20] MX outer1 | cfg=P_l1_b16_e6_w1_b_d2_s1_r9 | Inner 3/3
[2026-10-02 13:52:45] MX outer1 cfg=P_l1_b16_e6_w1_b_d2_s1_r9 Inner 3: F1=0.6863
[2026-10-02 13:52:45] MX outer1 | trial 8/20 F1_inner=0.6693 | mejor=0.6988
[2026-10-02 13:52:45] MX outer1 | cfg=P_l2_b16_e4_w10_b_d1_s1_r9 | Inner 1/3
[2026-10-02 13:53:02] MX outer1 cfg=P_l2_b16_e4_w10_b_d1_s1_r9 Inner 1: F1=0.6589
[2026-10-02 13:53:02] MX outer1 | cfg=P_l2_b16_e4_w10_b_d1_s1_r9 | Inner 2/3
[2026-10-02 13:53:19] MX outer1 cfg=P_l2_b16_e4_w10_b_d1_s1_r9 Inner 2: F1=0.6969
[2026-10-02 13:53:19] MX outer1 | cfg=P_l2_b16_e4_w10_b_d1_s1_r9 | Inner 3/3
[2026-10-02 13:53:36] MX outer1 cfg=P_l2_b16_e4_w10_b_d1_s1_r9 Inner 3: F1=0.7145
[2026-10-02 13:53:36] MX outer1 | trial 9/20 F1_inner=0.6901 | mejor=0.6988
[2026-10-02 13:53:36] MX outer1 | cfg=P_l2_b16_e6_w1_b_d1_s1_r9 | Inner 1/3
[2026-10-02 13:54:01] MX outer1 cfg=P_l2_b16_e6_w1_b_d1_s1_r9 Inner 1: F1=0.6705
[2026-10-02 13:54:01] MX outer1 | cfg=P_l2_b16_e6_w1_b_d1_s1_r9 | Inner 2/3
[2026-10-02 13:54:26] MX outer1 cfg=P_l2_b16_e6_w1_b_d1_s1_r9 Inner 2: F1=0.7237
[2026-10-02 13:54:26] MX outer1 | cfg=P_l2_b16_e6_w1_b_d1_s1_r9 | Inner 3/3
[2026-10-02 13:54:51] MX outer1 cfg=P_l2_b16_e6_w1_b_d1_s1_r9 Inner 3: F1=0.7101
[2026-10-02 13:54:51] MX outer1 | trial 10/20 F1_inner=0.7014 | mejor=0.7014
[2026-10-02 13:54:51] REUTILIZADO MX outer1 cfg=P_l2_b16_e6_w1_b_d1_s1_r9 inner=1: F1=0.6705
[2026-10-02 13:54:51] REUTILIZADO MX outer1 cfg=P_l2_b16_e6_w1_b_d1_s1_r9 inner=2: F1=0.7237
[2026-10-02 13:54:51] REUTILIZADO MX outer1 cfg=P_l2_b16_e6_w1_b_d1_s1_r9 inner=3: F1=0.7101
[2026-10-02 13:54:51] MX outer1 | trial 11/20 F1_inner=0.7014 | mejor=0.7014
[2026-10-02 13:54:51] REUTILIZADO MX outer1 cfg=P_l2_b16_e6_w1_b_d1_s1_r9 inner=1: F1=0.6705
[2026-10-02 13:54:51] REUTILIZADO MX outer1 cfg=P_l2_b16_e6_w1_b_d1_s1_r9 inner=2: F1=0.7237
[2026-10-02 13:54:51] REUTILIZADO MX outer1 cfg=P_l2_b16_e6_w1_b_d1_s1_r9 inner=3: F1=0.7101
[2026-10-02 13:54:52] MX outer1 | trial 12/20 F1_inner=0.7014 | mejor=0.7014
[2026-10-02 13:54:52] MX outer1 | cfg=P_l2_b16_e6_w1_s_d1_s1_r9 | Inner 1/3
[2026-10-02 13:55:17] MX outer1 cfg=P_l2_b16_e6_w1_s_d1_s1_r9 Inner 1: F1=0.6795
[2026-10-02 13:55:17] MX outer1 | cfg=P_l2_b16_e6_w1_s_d1_s1_r9 | Inner 2/3
[2026-10-02 13:55:38] MX outer1 cfg=P_l2_b16_e6_w1_s_d1_s1_r9 Inner 2: F1=0.6986
[2026-10-02 13:55:38] MX outer1 | cfg=P_l2_b16_e6_w1_s_d1_s1_r9 | Inner 3/3
[2026-10-02 13:56:02] MX outer1 cfg=P_l2_b16_e6_w1_s_d1_s1_r9 Inner 3: F1=0.6789
[2026-10-02 13:56:03] MX outer1 | trial 13/20 F1_inner=0.6856 | mejor=0.7014
[2026-10-02 13:56:03] MX outer1 | cfg=P_l2_b16_e6_w10_b_d1_s1_r9 | Inner 1/3
[2026-10-02 13:56:27] MX outer1 cfg=P_l2_b16_e6_w10_b_d1_s1_r9 Inner 1: F1=0.6725
[2026-10-02 13:56:27] MX outer1 | cfg=P_l2_b16_e6_w10_b_d1_s1_r9 | Inner 2/3
[2026-10-02 13:56:52] MX outer1 cfg=P_l2_b16_e6_w10_b_d1_s1_r9 Inner 2: F1=0.7223
[2026-10-02 13:56:52] MX outer1 | cfg=P_l2_b16_e6_w10_b_d1_s1_r9 | Inner 3/3
[2026-10-02 13:57:18] MX outer1 cfg=P_l2_b16_e6_w10_b_d1_s1_r9 Inner 3: F1=0.7113
[2026-10-02 13:57:18] MX outer1 | trial 14/20 F1_inner=0.7020 | mejor=0.7020
[2026-10-02 13:57:18] MX outer1 | cfg=P_l1_b16_e6_w10_b_d1_s1_r9 | Inner 1/3
[2026-10-02 13:57:43] MX outer1 cfg=P_l1_b16_e6_w10_b_d1_s1_r9 Inner 1: F1=0.6514
[2026-10-02 13:57:43] MX outer1 | cfg=P_l1_b16_e6_w10_b_d1_s1_r9 | Inner 2/3
[2026-10-02 13:58:08] MX outer1 cfg=P_l1_b16_e6_w10_b_d1_s1_r9 Inner 2: F1=0.6818
[2026-10-02 13:58:08] MX outer1 | cfg=P_l1_b16_e6_w10_b_d1_s1_r9 | Inner 3/3
[2026-10-02 13:58:33] MX outer1 cfg=P_l1_b16_e6_w10_b_d1_s1_r9 Inner 3: F1=0.6902
[2026-10-02 13:58:33] MX outer1 | trial 15/20 F1_inner=0.6745 | mejor=0.7020
[2026-10-02 13:58:33] MX outer1 | cfg=P_l2_b16_e6_w10_b_d3_s1_r9 | Inner 1/3
[2026-10-02 13:58:58] MX outer1 cfg=P_l2_b16_e6_w10_b_d3_s1_r9 Inner 1: F1=0.6675
[2026-10-02 13:58:58] MX outer1 | cfg=P_l2_b16_e6_w10_b_d3_s1_r9 | Inner 2/3
[2026-10-02 13:59:23] MX outer1 cfg=P_l2_b16_e6_w10_b_d3_s1_r9 Inner 2: F1=0.7057
[2026-10-02 13:59:23] MX outer1 | cfg=P_l2_b16_e6_w10_b_d3_s1_r9 | Inner 3/3
[2026-10-02 13:59:48] MX outer1 cfg=P_l2_b16_e6_w10_b_d3_s1_r9 Inner 3: F1=0.7065
[2026-10-02 13:59:49] MX outer1 | trial 16/20 F1_inner=0.6932 | mejor=0.7020
[2026-10-02 13:59:49] REUTILIZADO MX outer1 cfg=P_l2_b16_e6_w10_b_d1_s1_r9 inner=1: F1=0.6725
[2026-10-02 13:59:49] REUTILIZADO MX outer1 cfg=P_l2_b16_e6_w10_b_d1_s1_r9 inner=2: F1=0.7223
[2026-10-02 13:59:49] REUTILIZADO MX outer1 cfg=P_l2_b16_e6_w10_b_d1_s1_r9 inner=3: F1=0.7113
[2026-10-02 13:59:49] MX outer1 | trial 17/20 F1_inner=0.7020 | mejor=0.7020
[2026-10-02 13:59:49] REUTILIZADO MX outer1 cfg=P_l2_b16_e6_w10_b_d1_s1_r9 inner=1: F1=0.6725
[2026-10-02 13:59:49] REUTILIZADO MX outer1 cfg=P_l2_b16_e6_w10_b_d1_s1_r9 inner=2: F1=0.7223
[2026-10-02 13:59:49] REUTILIZADO MX outer1 cfg=P_l2_b16_e6_w10_b_d1_s1_r9 inner=3: F1=0.7113
[2026-10-02 13:59:49] MX outer1 | trial 18/20 F1_inner=0.7020 | mejor=0.7020
[2026-10-02 13:59:49] MX outer1 | cfg=P_l2_b16_e6_w10_s_d1_s1_r9 | Inner 1/3
[2026-10-02 14:00:14] MX outer1 cfg=P_l2_b16_e6_w10_s_d1_s1_r9 Inner 1: F1=0.6795
[2026-10-02 14:00:14] MX outer1 | cfg=P_l2_b16_e6_w10_s_d1_s1_r9 | Inner 2/3
[2026-10-02 14:00:35] MX outer1 cfg=P_l2_b16_e6_w10_s_d1_s1_r9 Inner 2: F1=0.6986
[2026-10-02 14:00:35] MX outer1 | cfg=P_l2_b16_e6_w10_s_d1_s1_r9 | Inner 3/3
[2026-10-02 14:01:00] MX outer1 cfg=P_l2_b16_e6_w10_s_d1_s1_r9 Inner 3: F1=0.6765
[2026-10-02 14:01:01] MX outer1 | trial 19/20 F1_inner=0.6849 | mejor=0.7020
[2026-10-02 14:01:01] MX outer1 | cfg=P_l2_b16_e6_w10_b_d2_s1_r9 | Inner 1/3
[2026-10-02 14:01:26] MX outer1 cfg=P_l2_b16_e6_w10_b_d2_s1_r9 Inner 1: F1=0.6698
[2026-10-02 14:01:26] MX outer1 | cfg=P_l2_b16_e6_w10_b_d2_s1_r9 | Inner 2/3
[2026-10-02 14:01:50] MX outer1 cfg=P_l2_b16_e6_w10_b_d2_s1_r9 Inner 2: F1=0.7171
[2026-10-02 14:01:50] MX outer1 | cfg=P_l2_b16_e6_w10_b_d2_s1_r9 | Inner 3/3
[2026-10-02 14:02:15] MX outer1 cfg=P_l2_b16_e6_w10_b_d2_s1_r9 Inner 3: F1=0.7110
[2026-10-02 14:02:16] MX outer1 | trial 20/20 F1_inner=0.6993 | mejor=0.7020
[2026-10-02 14:02:16] MX Outer 1: refit PYSENTIMIENTO, 5 épocas
[2026-10-02 14:02:46] ACTIVO: MX Outer 1: refit PYSENTIMIENTO, 5 épocas
[2026-10-02 14:02:50] MX Outer 1 refit: F1_train=0.9186, F1_outer=0.7070
[2026-10-02 14:02:51] [MX][RoBERTuito][Outer 1/5] FINALIZADO | prep=PYSENTIMIENTO | F1_inner=0.7020±0.0262 | F1_train=0.9186 | F1_outer=0.7070 | gap=0.2116
[2026-10-02 14:02:51] MX | Outer 2/5
[2026-10-02 14:02:51] MX outer2 | cfg=P_l1_b16_e4_w10_b_d3_s1_r9 | Inner 1/3
[2026-10-02 14:03:08] MX outer2 cfg=P_l1_b16_e4_w10_b_d3_s1_r9 Inner 1: F1=0.6656
[2026-10-02 14:03:08] MX outer2 | cfg=P_l1_b16_e4_w10_b_d3_s1_r9 | Inner 2/3
[2026-10-02 14:03:25] MX outer2 cfg=P_l1_b16_e4_w10_b_d3_s1_r9 Inner 2: F1=0.6479
[2026-10-02 14:03:25] MX outer2 | cfg=P_l1_b16_e4_w10_b_d3_s1_r9 | Inner 3/3
[2026-10-02 14:03:43] MX outer2 cfg=P_l1_b16_e4_w10_b_d3_s1_r9 Inner 3: F1=0.6322
[2026-10-02 14:03:43] MX outer2 | trial 1/20 F1_inner=0.6486 | mejor=0.6486
[2026-10-02 14:03:43] MX outer2 | cfg=P_l1_b16_e6_w1_s_d2_s1_r9 | Inner 1/3
[2026-10-02 14:04:08] MX outer2 cfg=P_l1_b16_e6_w1_s_d2_s1_r9 Inner 1: F1=0.6486
[2026-10-02 14:04:08] MX outer2 | cfg=P_l1_b16_e6_w1_s_d2_s1_r9 | Inner 2/3
[2026-10-02 14:04:33] MX outer2 cfg=P_l1_b16_e6_w1_s_d2_s1_r9 Inner 2: F1=0.6435
[2026-10-02 14:04:33] MX outer2 | cfg=P_l1_b16_e6_w1_s_d2_s1_r9 | Inner 3/3
[2026-10-02 14:04:58] MX outer2 cfg=P_l1_b16_e6_w1_s_d2_s1_r9 Inner 3: F1=0.6514
[2026-10-02 14:04:58] MX outer2 | trial 2/20 F1_inner=0.6479 | mejor=0.6486
[2026-10-02 14:04:58] MX outer2 | cfg=P_l2_b16_e6_w1_s_d3_s1_r9 | Inner 1/3
[2026-10-02 14:05:23] MX outer2 cfg=P_l2_b16_e6_w1_s_d3_s1_r9 Inner 1: F1=0.6983
[2026-10-02 14:05:23] MX outer2 | cfg=P_l2_b16_e6_w1_s_d3_s1_r9 | Inner 2/3
[2026-10-02 14:05:48] MX outer2 cfg=P_l2_b16_e6_w1_s_d3_s1_r9 Inner 2: F1=0.6550
[2026-10-02 14:05:49] MX outer2 | cfg=P_l2_b16_e6_w1_s_d3_s1_r9 | Inner 3/3
[2026-10-02 14:06:14] MX outer2 cfg=P_l2_b16_e6_w1_s_d3_s1_r9 Inner 3: F1=0.6822
[2026-10-02 14:06:14] MX outer2 | trial 3/20 F1_inner=0.6785 | mejor=0.6785
[2026-10-02 14:06:14] MX outer2 | cfg=P_l2_b16_e4_w10_b_d2_s1_r9 | Inner 1/3
[2026-10-02 14:06:31] MX outer2 cfg=P_l2_b16_e4_w10_b_d2_s1_r9 Inner 1: F1=0.7100
[2026-10-02 14:06:31] MX outer2 | cfg=P_l2_b16_e4_w10_b_d2_s1_r9 | Inner 2/3
[2026-10-02 14:06:48] MX outer2 cfg=P_l2_b16_e4_w10_b_d2_s1_r9 Inner 2: F1=0.6761
[2026-10-02 14:06:48] MX outer2 | cfg=P_l2_b16_e4_w10_b_d2_s1_r9 | Inner 3/3
[2026-10-02 14:07:05] MX outer2 cfg=P_l2_b16_e4_w10_b_d2_s1_r9 Inner 3: F1=0.6606
[2026-10-02 14:07:05] MX outer2 | trial 4/20 F1_inner=0.6822 | mejor=0.6822
[2026-10-02 14:07:05] MX outer2 | cfg=P_l1_b16_e6_w1_b_d3_s1_r9 | Inner 1/3
[2026-10-02 14:07:26] MX outer2 cfg=P_l1_b16_e6_w1_b_d3_s1_r9 Inner 1: F1=0.6892
[2026-10-02 14:07:26] MX outer2 | cfg=P_l1_b16_e6_w1_b_d3_s1_r9 | Inner 2/3
[2026-10-02 14:07:51] MX outer2 cfg=P_l1_b16_e6_w1_b_d3_s1_r9 Inner 2: F1=0.6526
[2026-10-02 14:07:51] MX outer2 | cfg=P_l1_b16_e6_w1_b_d3_s1_r9 | Inner 3/3
[2026-10-02 14:08:16] MX outer2 cfg=P_l1_b16_e6_w1_b_d3_s1_r9 Inner 3: F1=0.6467
[2026-10-02 14:08:16] MX outer2 | trial 5/20 F1_inner=0.6628 | mejor=0.6822
[2026-10-02 14:08:16] MX outer2 | cfg=P_l2_b16_e4_w10_s_d2_s1_r9 | Inner 1/3
[2026-10-02 14:08:33] MX outer2 cfg=P_l2_b16_e4_w10_s_d2_s1_r9 Inner 1: F1=0.6703
[2026-10-02 14:08:33] MX outer2 | cfg=P_l2_b16_e4_w10_s_d2_s1_r9 | Inner 2/3
[2026-10-02 14:08:50] MX outer2 cfg=P_l2_b16_e4_w10_s_d2_s1_r9 Inner 2: F1=0.6466
[2026-10-02 14:08:50] MX outer2 | cfg=P_l2_b16_e4_w10_s_d2_s1_r9 | Inner 3/3
[2026-10-02 14:09:07] MX outer2 cfg=P_l2_b16_e4_w10_s_d2_s1_r9 Inner 3: F1=0.6773
[2026-10-02 14:09:07] MX outer2 | trial 6/20 F1_inner=0.6648 | mejor=0.6822
[2026-10-02 14:09:07] REUTILIZADO MX outer2 cfg=P_l2_b16_e4_w10_b_d2_s1_r9 inner=1: F1=0.7100
[2026-10-02 14:09:07] REUTILIZADO MX outer2 cfg=P_l2_b16_e4_w10_b_d2_s1_r9 inner=2: F1=0.6761
[2026-10-02 14:09:07] REUTILIZADO MX outer2 cfg=P_l2_b16_e4_w10_b_d2_s1_r9 inner=3: F1=0.6606
[2026-10-02 14:09:08] MX outer2 | trial 7/20 F1_inner=0.6822 | mejor=0.6822
[2026-10-02 14:09:08] MX outer2 | cfg=P_l2_b16_e4_w1_b_d1_s1_r9 | Inner 1/3
[2026-10-02 14:09:25] MX outer2 cfg=P_l2_b16_e4_w1_b_d1_s1_r9 Inner 1: F1=0.7150
[2026-10-02 14:09:25] MX outer2 | cfg=P_l2_b16_e4_w1_b_d1_s1_r9 | Inner 2/3
[2026-10-02 14:09:42] MX outer2 cfg=P_l2_b16_e4_w1_b_d1_s1_r9 Inner 2: F1=0.6893
[2026-10-02 14:09:42] MX outer2 | cfg=P_l2_b16_e4_w1_b_d1_s1_r9 | Inner 3/3
[2026-10-02 14:09:59] MX outer2 cfg=P_l2_b16_e4_w1_b_d1_s1_r9 Inner 3: F1=0.6674
[2026-10-02 14:10:00] MX outer2 | trial 8/20 F1_inner=0.6906 | mejor=0.6906
[2026-10-02 14:10:00] REUTILIZADO MX outer2 cfg=P_l2_b16_e4_w1_b_d1_s1_r9 inner=1: F1=0.7150
[2026-10-02 14:10:00] REUTILIZADO MX outer2 cfg=P_l2_b16_e4_w1_b_d1_s1_r9 inner=2: F1=0.6893
[2026-10-02 14:10:00] REUTILIZADO MX outer2 cfg=P_l2_b16_e4_w1_b_d1_s1_r9 inner=3: F1=0.6674
[2026-10-02 14:10:00] MX outer2 | trial 9/20 F1_inner=0.6906 | mejor=0.6906
[2026-10-02 14:10:00] MX outer2 | cfg=P_l2_b16_e6_w1_b_d1_s1_r9 | Inner 1/3
[2026-10-02 14:10:25] MX outer2 cfg=P_l2_b16_e6_w1_b_d1_s1_r9 Inner 1: F1=0.7367
[2026-10-02 14:10:25] MX outer2 | cfg=P_l2_b16_e6_w1_b_d1_s1_r9 | Inner 2/3
[2026-10-02 14:10:50] MX outer2 cfg=P_l2_b16_e6_w1_b_d1_s1_r9 Inner 2: F1=0.6903
[2026-10-02 14:10:50] MX outer2 | cfg=P_l2_b16_e6_w1_b_d1_s1_r9 | Inner 3/3
[2026-10-02 14:11:15] MX outer2 cfg=P_l2_b16_e6_w1_b_d1_s1_r9 Inner 3: F1=0.6961
[2026-10-02 14:11:16] MX outer2 | trial 10/20 F1_inner=0.7077 | mejor=0.7077
[2026-10-02 14:11:16] MX outer2 | cfg=P_l2_b16_e6_w10_b_d1_s1_r9 | Inner 1/3
[2026-10-02 14:11:40] MX outer2 cfg=P_l2_b16_e6_w10_b_d1_s1_r9 Inner 1: F1=0.7367
[2026-10-02 14:11:40] MX outer2 | cfg=P_l2_b16_e6_w10_b_d1_s1_r9 | Inner 2/3
[2026-10-02 14:12:05] MX outer2 cfg=P_l2_b16_e6_w10_b_d1_s1_r9 Inner 2: F1=0.6903
[2026-10-02 14:12:05] MX outer2 | cfg=P_l2_b16_e6_w10_b_d1_s1_r9 | Inner 3/3
[2026-10-02 14:12:30] MX outer2 cfg=P_l2_b16_e6_w10_b_d1_s1_r9 Inner 3: F1=0.6957
[2026-10-02 14:12:31] MX outer2 | trial 11/20 F1_inner=0.7076 | mejor=0.7077
[2026-10-02 14:12:31] REUTILIZADO MX outer2 cfg=P_l2_b16_e6_w10_b_d1_s1_r9 inner=1: F1=0.7367
[2026-10-02 14:12:31] REUTILIZADO MX outer2 cfg=P_l2_b16_e6_w10_b_d1_s1_r9 inner=2: F1=0.6903
[2026-10-02 14:12:31] REUTILIZADO MX outer2 cfg=P_l2_b16_e6_w10_b_d1_s1_r9 inner=3: F1=0.6957
[2026-10-02 14:12:31] MX outer2 | trial 12/20 F1_inner=0.7076 | mejor=0.7077
[2026-10-02 14:12:31] REUTILIZADO MX outer2 cfg=P_l2_b16_e6_w1_b_d1_s1_r9 inner=1: F1=0.7367
[2026-10-02 14:12:31] REUTILIZADO MX outer2 cfg=P_l2_b16_e6_w1_b_d1_s1_r9 inner=2: F1=0.6903
[2026-10-02 14:12:31] REUTILIZADO MX outer2 cfg=P_l2_b16_e6_w1_b_d1_s1_r9 inner=3: F1=0.6961
[2026-10-02 14:12:31] MX outer2 | trial 13/20 F1_inner=0.7077 | mejor=0.7077
[2026-10-02 14:12:31] MX outer2 | cfg=P_l2_b16_e6_w1_b_d2_s1_r9 | Inner 1/3
[2026-10-02 14:12:56] MX outer2 cfg=P_l2_b16_e6_w1_b_d2_s1_r9 Inner 1: F1=0.7338
[2026-10-02 14:12:56] MX outer2 | cfg=P_l2_b16_e6_w1_b_d2_s1_r9 | Inner 2/3
[2026-10-02 14:13:13] MX outer2 cfg=P_l2_b16_e6_w1_b_d2_s1_r9 Inner 2: F1=0.6730
[2026-10-02 14:13:13] MX outer2 | cfg=P_l2_b16_e6_w1_b_d2_s1_r9 | Inner 3/3
[2026-10-02 14:13:38] MX outer2 cfg=P_l2_b16_e6_w1_b_d2_s1_r9 Inner 3: F1=0.6892
[2026-10-02 14:13:38] MX outer2 | trial 14/20 F1_inner=0.6987 | mejor=0.7077
[2026-10-02 14:13:38] REUTILIZADO MX outer2 cfg=P_l2_b16_e6_w1_b_d1_s1_r9 inner=1: F1=0.7367
[2026-10-02 14:13:38] REUTILIZADO MX outer2 cfg=P_l2_b16_e6_w1_b_d1_s1_r9 inner=2: F1=0.6903
[2026-10-02 14:13:38] REUTILIZADO MX outer2 cfg=P_l2_b16_e6_w1_b_d1_s1_r9 inner=3: F1=0.6961
[2026-10-02 14:13:39] MX outer2 | trial 15/20 F1_inner=0.7077 | mejor=0.7077
[2026-10-02 14:13:39] MX outer2 | cfg=P_l1_b16_e6_w1_b_d1_s1_r9 | Inner 1/3
[2026-10-02 14:14:04] MX outer2 cfg=P_l1_b16_e6_w1_b_d1_s1_r9 Inner 1: F1=0.6938
[2026-10-02 14:14:04] MX outer2 | cfg=P_l1_b16_e6_w1_b_d1_s1_r9 | Inner 2/3
[2026-10-02 14:14:29] MX outer2 cfg=P_l1_b16_e6_w1_b_d1_s1_r9 Inner 2: F1=0.6686
[2026-10-02 14:14:29] MX outer2 | cfg=P_l1_b16_e6_w1_b_d1_s1_r9 | Inner 3/3
[2026-10-02 14:14:54] MX outer2 cfg=P_l1_b16_e6_w1_b_d1_s1_r9 Inner 3: F1=0.6596
[2026-10-02 14:14:55] MX outer2 | trial 16/20 F1_inner=0.6740 | mejor=0.7077
[2026-10-02 14:14:55] MX outer2 | cfg=P_l2_b16_e6_w1_s_d1_s1_r9 | Inner 1/3
[2026-10-02 14:15:20] MX outer2 cfg=P_l2_b16_e6_w1_s_d1_s1_r9 Inner 1: F1=0.7226
[2026-10-02 14:15:20] MX outer2 | cfg=P_l2_b16_e6_w1_s_d1_s1_r9 | Inner 2/3
[2026-10-02 14:15:49] MX outer2 cfg=P_l2_b16_e6_w1_s_d1_s1_r9 Inner 2: F1=0.6773
[2026-10-02 14:15:49] MX outer2 | cfg=P_l2_b16_e6_w1_s_d1_s1_r9 | Inner 3/3
[2026-10-02 14:16:13] MX outer2 cfg=P_l2_b16_e6_w1_s_d1_s1_r9 Inner 3: F1=0.6882
[2026-10-02 14:16:14] MX outer2 | trial 17/20 F1_inner=0.6960 | mejor=0.7077
[2026-10-02 14:16:14] MX outer2 | cfg=P_l2_b16_e6_w1_b_d3_s1_r9 | Inner 1/3
[2026-10-02 14:16:39] MX outer2 cfg=P_l2_b16_e6_w1_b_d3_s1_r9 Inner 1: F1=0.7285
[2026-10-02 14:16:39] MX outer2 | cfg=P_l2_b16_e6_w1_b_d3_s1_r9 | Inner 2/3
[2026-10-02 14:17:05] MX outer2 cfg=P_l2_b16_e6_w1_b_d3_s1_r9 Inner 2: F1=0.6832
[2026-10-02 14:17:05] MX outer2 | cfg=P_l2_b16_e6_w1_b_d3_s1_r9 | Inner 3/3
[2026-10-02 14:17:30] MX outer2 cfg=P_l2_b16_e6_w1_b_d3_s1_r9 Inner 3: F1=0.6811
[2026-10-02 14:17:30] MX outer2 | trial 18/20 F1_inner=0.6976 | mejor=0.7077
[2026-10-02 14:17:30] MX outer2 | cfg=P_l1_b16_e4_w10_s_d1_s1_r9 | Inner 1/3
[2026-10-02 14:17:47] MX outer2 cfg=P_l1_b16_e4_w10_s_d1_s1_r9 Inner 1: F1=0.5734
[2026-10-02 14:17:47] MX outer2 | cfg=P_l1_b16_e4_w10_s_d1_s1_r9 | Inner 2/3
[2026-10-02 14:18:04] MX outer2 cfg=P_l1_b16_e4_w10_s_d1_s1_r9 Inner 2: F1=0.6252
[2026-10-02 14:18:04] MX outer2 | cfg=P_l1_b16_e4_w10_s_d1_s1_r9 | Inner 3/3
[2026-10-02 14:18:21] MX outer2 cfg=P_l1_b16_e4_w10_s_d1_s1_r9 Inner 3: F1=0.5993
[2026-10-02 14:18:21] MX outer2 | trial 19/20 F1_inner=0.5993 | mejor=0.7077
[2026-10-02 14:18:21] MX outer2 | cfg=P_l1_b16_e6_w10_s_d3_s1_r9 | Inner 1/3
[2026-10-02 14:18:46] MX outer2 cfg=P_l1_b16_e6_w10_s_d3_s1_r9 Inner 1: F1=0.6135
[2026-10-02 14:18:46] MX outer2 | cfg=P_l1_b16_e6_w10_s_d3_s1_r9 | Inner 2/3
[2026-10-02 14:19:11] MX outer2 cfg=P_l1_b16_e6_w10_s_d3_s1_r9 Inner 2: F1=0.6448
[2026-10-02 14:19:11] MX outer2 | cfg=P_l1_b16_e6_w10_s_d3_s1_r9 | Inner 3/3
[2026-10-02 14:19:36] MX outer2 cfg=P_l1_b16_e6_w10_s_d3_s1_r9 Inner 3: F1=0.6305
[2026-10-02 14:19:37] MX outer2 | trial 20/20 F1_inner=0.6296 | mejor=0.7077
[2026-10-02 14:19:37] MX Outer 2: refit PYSENTIMIENTO, 5 épocas
[2026-10-02 14:20:07] ACTIVO: MX Outer 2: refit PYSENTIMIENTO, 5 épocas
[2026-10-02 14:20:12] MX Outer 2 refit: F1_train=0.9282, F1_outer=0.7153
[2026-10-02 14:20:12] [MX][RoBERTuito][Outer 2/5] FINALIZADO | prep=PYSENTIMIENTO | F1_inner=0.7077±0.0252 | F1_train=0.9282 | F1_outer=0.7153 | gap=0.2128
[2026-10-02 14:20:12] MX | Outer 3/5
[2026-10-02 14:20:12] MX outer3 | cfg=P_l1_b16_e4_w10_b_d3_s1_r9 | Inner 1/3
[2026-10-02 14:20:30] MX outer3 cfg=P_l1_b16_e4_w10_b_d3_s1_r9 Inner 1: F1=0.6848
[2026-10-02 14:20:30] MX outer3 | cfg=P_l1_b16_e4_w10_b_d3_s1_r9 | Inner 2/3
[2026-10-02 14:20:47] MX outer3 cfg=P_l1_b16_e4_w10_b_d3_s1_r9 Inner 2: F1=0.6636
[2026-10-02 14:20:47] MX outer3 | cfg=P_l1_b16_e4_w10_b_d3_s1_r9 | Inner 3/3
[2026-10-02 14:21:05] MX outer3 cfg=P_l1_b16_e4_w10_b_d3_s1_r9 Inner 3: F1=0.6214
[2026-10-02 14:21:05] MX outer3 | trial 1/20 F1_inner=0.6566 | mejor=0.6566
[2026-10-02 14:21:05] MX outer3 | cfg=P_l2_b16_e6_w10_s_d2_s1_r9 | Inner 1/3
[2026-10-02 14:21:30] MX outer3 cfg=P_l2_b16_e6_w10_s_d2_s1_r9 Inner 1: F1=0.7212
[2026-10-02 14:21:30] MX outer3 | cfg=P_l2_b16_e6_w10_s_d2_s1_r9 | Inner 2/3
[2026-10-02 14:21:54] MX outer3 cfg=P_l2_b16_e6_w10_s_d2_s1_r9 Inner 2: F1=0.6978
[2026-10-02 14:21:54] MX outer3 | cfg=P_l2_b16_e6_w10_s_d2_s1_r9 | Inner 3/3
[2026-10-02 14:22:19] MX outer3 cfg=P_l2_b16_e6_w10_s_d2_s1_r9 Inner 3: F1=0.6895
[2026-10-02 14:22:19] MX outer3 | trial 2/20 F1_inner=0.7028 | mejor=0.7028
[2026-10-02 14:22:19] MX outer3 | cfg=P_l2_b16_e6_w1_s_d1_s1_r9 | Inner 1/3
[2026-10-02 14:22:44] MX outer3 cfg=P_l2_b16_e6_w1_s_d1_s1_r9 Inner 1: F1=0.7237
[2026-10-02 14:22:44] MX outer3 | cfg=P_l2_b16_e6_w1_s_d1_s1_r9 | Inner 2/3
[2026-10-02 14:23:09] MX outer3 cfg=P_l2_b16_e6_w1_s_d1_s1_r9 Inner 2: F1=0.7006
[2026-10-02 14:23:09] MX outer3 | cfg=P_l2_b16_e6_w1_s_d1_s1_r9 | Inner 3/3
[2026-10-02 14:23:34] MX outer3 cfg=P_l2_b16_e6_w1_s_d1_s1_r9 Inner 3: F1=0.6934
[2026-10-02 14:23:34] MX outer3 | trial 3/20 F1_inner=0.7059 | mejor=0.7059
[2026-10-02 14:23:34] MX outer3 | cfg=P_l2_b16_e6_w1_b_d2_s1_r9 | Inner 1/3
[2026-10-02 14:23:59] MX outer3 cfg=P_l2_b16_e6_w1_b_d2_s1_r9 Inner 1: F1=0.7401
[2026-10-02 14:23:59] MX outer3 | cfg=P_l2_b16_e6_w1_b_d2_s1_r9 | Inner 2/3
[2026-10-02 14:24:16] MX outer3 cfg=P_l2_b16_e6_w1_b_d2_s1_r9 Inner 2: F1=0.7184
[2026-10-02 14:24:16] MX outer3 | cfg=P_l2_b16_e6_w1_b_d2_s1_r9 | Inner 3/3
[2026-10-02 14:24:41] MX outer3 cfg=P_l2_b16_e6_w1_b_d2_s1_r9 Inner 3: F1=0.6737
[2026-10-02 14:24:41] MX outer3 | trial 4/20 F1_inner=0.7108 | mejor=0.7108
[2026-10-02 14:24:41] MX outer3 | cfg=P_l2_b16_e4_w1_s_d1_s1_r9 | Inner 1/3
[2026-10-02 14:24:58] MX outer3 cfg=P_l2_b16_e4_w1_s_d1_s1_r9 Inner 1: F1=0.6949
[2026-10-02 14:24:58] MX outer3 | cfg=P_l2_b16_e4_w1_s_d1_s1_r9 | Inner 2/3
[2026-10-02 14:25:15] MX outer3 cfg=P_l2_b16_e4_w1_s_d1_s1_r9 Inner 2: F1=0.6706
[2026-10-02 14:25:15] MX outer3 | cfg=P_l2_b16_e4_w1_s_d1_s1_r9 | Inner 3/3
[2026-10-02 14:25:32] MX outer3 cfg=P_l2_b16_e4_w1_s_d1_s1_r9 Inner 3: F1=0.6765
[2026-10-02 14:25:32] MX outer3 | trial 5/20 F1_inner=0.6807 | mejor=0.7108
[2026-10-02 14:25:33] MX outer3 | cfg=P_l2_b16_e6_w1_b_d3_s1_r9 | Inner 1/3
[2026-10-02 14:25:58] MX outer3 cfg=P_l2_b16_e6_w1_b_d3_s1_r9 Inner 1: F1=0.7357
[2026-10-02 14:25:58] MX outer3 | cfg=P_l2_b16_e6_w1_b_d3_s1_r9 | Inner 2/3
[2026-10-02 14:26:24] MX outer3 cfg=P_l2_b16_e6_w1_b_d3_s1_r9 Inner 2: F1=0.7198
[2026-10-02 14:26:24] MX outer3 | cfg=P_l2_b16_e6_w1_b_d3_s1_r9 | Inner 3/3
[2026-10-02 14:26:49] MX outer3 cfg=P_l2_b16_e6_w1_b_d3_s1_r9 Inner 3: F1=0.6658
[2026-10-02 14:26:49] MX outer3 | trial 6/20 F1_inner=0.7071 | mejor=0.7108
[2026-10-02 14:26:49] MX outer3 | cfg=P_l1_b16_e6_w1_b_d2_s1_r9 | Inner 1/3
[2026-10-02 14:27:14] MX outer3 cfg=P_l1_b16_e6_w1_b_d2_s1_r9 Inner 1: F1=0.7038
[2026-10-02 14:27:14] MX outer3 | cfg=P_l1_b16_e6_w1_b_d2_s1_r9 | Inner 2/3
[2026-10-02 14:27:38] MX outer3 cfg=P_l1_b16_e6_w1_b_d2_s1_r9 Inner 2: F1=0.6948
[2026-10-02 14:27:38] MX outer3 | cfg=P_l1_b16_e6_w1_b_d2_s1_r9 | Inner 3/3
[2026-10-02 14:28:03] MX outer3 cfg=P_l1_b16_e6_w1_b_d2_s1_r9 Inner 3: F1=0.6383
[2026-10-02 14:28:03] MX outer3 | trial 7/20 F1_inner=0.6790 | mejor=0.7108
[2026-10-02 14:28:03] REUTILIZADO MX outer3 cfg=P_l2_b16_e6_w1_b_d2_s1_r9 inner=1: F1=0.7401
[2026-10-02 14:28:03] REUTILIZADO MX outer3 cfg=P_l2_b16_e6_w1_b_d2_s1_r9 inner=2: F1=0.7184
[2026-10-02 14:28:03] REUTILIZADO MX outer3 cfg=P_l2_b16_e6_w1_b_d2_s1_r9 inner=3: F1=0.6737
[2026-10-02 14:28:04] MX outer3 | trial 8/20 F1_inner=0.7108 | mejor=0.7108
[2026-10-02 14:28:04] MX outer3 | cfg=P_l2_b16_e4_w1_b_d2_s1_r9 | Inner 1/3
[2026-10-02 14:28:21] MX outer3 cfg=P_l2_b16_e4_w1_b_d2_s1_r9 Inner 1: F1=0.7181
[2026-10-02 14:28:21] MX outer3 | cfg=P_l2_b16_e4_w1_b_d2_s1_r9 | Inner 2/3
[2026-10-02 14:28:38] MX outer3 cfg=P_l2_b16_e4_w1_b_d2_s1_r9 Inner 2: F1=0.7093
[2026-10-02 14:28:38] MX outer3 | cfg=P_l2_b16_e4_w1_b_d2_s1_r9 | Inner 3/3
[2026-10-02 14:28:55] MX outer3 cfg=P_l2_b16_e4_w1_b_d2_s1_r9 Inner 3: F1=0.6558
[2026-10-02 14:28:55] MX outer3 | trial 9/20 F1_inner=0.6944 | mejor=0.7108
[2026-10-02 14:28:55] MX outer3 | cfg=P_l2_b16_e6_w10_b_d1_s1_r9 | Inner 1/3
[2026-10-02 14:29:16] MX outer3 cfg=P_l2_b16_e6_w10_b_d1_s1_r9 Inner 1: F1=0.7430
[2026-10-02 14:29:16] MX outer3 | cfg=P_l2_b16_e6_w10_b_d1_s1_r9 | Inner 2/3
[2026-10-02 14:29:41] MX outer3 cfg=P_l2_b16_e6_w10_b_d1_s1_r9 Inner 2: F1=0.7278
[2026-10-02 14:29:41] MX outer3 | cfg=P_l2_b16_e6_w10_b_d1_s1_r9 | Inner 3/3
[2026-10-02 14:30:06] MX outer3 cfg=P_l2_b16_e6_w10_b_d1_s1_r9 Inner 3: F1=0.6867
[2026-10-02 14:30:06] MX outer3 | trial 10/20 F1_inner=0.7192 | mejor=0.7192
[2026-10-02 14:30:06] REUTILIZADO MX outer3 cfg=P_l2_b16_e6_w10_b_d1_s1_r9 inner=1: F1=0.7430
[2026-10-02 14:30:06] REUTILIZADO MX outer3 cfg=P_l2_b16_e6_w10_b_d1_s1_r9 inner=2: F1=0.7278
[2026-10-02 14:30:06] REUTILIZADO MX outer3 cfg=P_l2_b16_e6_w10_b_d1_s1_r9 inner=3: F1=0.6867
[2026-10-02 14:30:06] MX outer3 | trial 11/20 F1_inner=0.7192 | mejor=0.7192
[2026-10-02 14:30:06] REUTILIZADO MX outer3 cfg=P_l2_b16_e6_w10_b_d1_s1_r9 inner=1: F1=0.7430
[2026-10-02 14:30:06] REUTILIZADO MX outer3 cfg=P_l2_b16_e6_w10_b_d1_s1_r9 inner=2: F1=0.7278
[2026-10-02 14:30:06] REUTILIZADO MX outer3 cfg=P_l2_b16_e6_w10_b_d1_s1_r9 inner=3: F1=0.6867
[2026-10-02 14:30:06] MX outer3 | trial 12/20 F1_inner=0.7192 | mejor=0.7192
[2026-10-02 14:30:07] MX outer3 | cfg=P_l1_b16_e6_w10_b_d1_s1_r9 | Inner 1/3
[2026-10-02 14:30:32] MX outer3 cfg=P_l1_b16_e6_w10_b_d1_s1_r9 Inner 1: F1=0.7099
[2026-10-02 14:30:32] MX outer3 | cfg=P_l1_b16_e6_w10_b_d1_s1_r9 | Inner 2/3
[2026-10-02 14:30:57] MX outer3 cfg=P_l1_b16_e6_w10_b_d1_s1_r9 Inner 2: F1=0.7037
[2026-10-02 14:30:57] MX outer3 | cfg=P_l1_b16_e6_w10_b_d1_s1_r9 | Inner 3/3
[2026-10-02 14:31:22] MX outer3 cfg=P_l1_b16_e6_w10_b_d1_s1_r9 Inner 3: F1=0.6493
[2026-10-02 14:31:22] MX outer3 | trial 13/20 F1_inner=0.6876 | mejor=0.7192
[2026-10-02 14:31:23] MX outer3 | cfg=P_l2_b16_e4_w10_b_d1_s1_r9 | Inner 1/3
[2026-10-02 14:31:40] MX outer3 cfg=P_l2_b16_e4_w10_b_d1_s1_r9 Inner 1: F1=0.7245
[2026-10-02 14:31:40] MX outer3 | cfg=P_l2_b16_e4_w10_b_d1_s1_r9 | Inner 2/3
[2026-10-02 14:31:57] MX outer3 cfg=P_l2_b16_e4_w10_b_d1_s1_r9 Inner 2: F1=0.7155
[2026-10-02 14:31:57] MX outer3 | cfg=P_l2_b16_e4_w10_b_d1_s1_r9 | Inner 3/3
[2026-10-02 14:32:13] MX outer3 cfg=P_l2_b16_e4_w10_b_d1_s1_r9 Inner 3: F1=0.6716
[2026-10-02 14:32:14] MX outer3 | trial 14/20 F1_inner=0.7039 | mejor=0.7192
[2026-10-02 14:32:14] MX outer3 | cfg=P_l2_b16_e6_w10_b_d3_s1_r9 | Inner 1/3
[2026-10-02 14:32:39] MX outer3 cfg=P_l2_b16_e6_w10_b_d3_s1_r9 Inner 1: F1=0.7357
[2026-10-02 14:32:39] MX outer3 | cfg=P_l2_b16_e6_w10_b_d3_s1_r9 | Inner 2/3
[2026-10-02 14:33:00] MX outer3 cfg=P_l2_b16_e6_w10_b_d3_s1_r9 Inner 2: F1=0.7156
[2026-10-02 14:33:00] MX outer3 | cfg=P_l2_b16_e6_w10_b_d3_s1_r9 | Inner 3/3
[2026-10-02 14:33:24] MX outer3 cfg=P_l2_b16_e6_w10_b_d3_s1_r9 Inner 3: F1=0.6677
[2026-10-02 14:33:25] MX outer3 | trial 15/20 F1_inner=0.7063 | mejor=0.7192
[2026-10-02 14:33:25] MX outer3 | cfg=P_l1_b16_e6_w10_s_d3_s1_r9 | Inner 1/3
[2026-10-02 14:33:50] MX outer3 cfg=P_l1_b16_e6_w10_s_d3_s1_r9 Inner 1: F1=0.6430
[2026-10-02 14:33:50] MX outer3 | cfg=P_l1_b16_e6_w10_s_d3_s1_r9 | Inner 2/3
[2026-10-02 14:34:14] MX outer3 cfg=P_l1_b16_e6_w10_s_d3_s1_r9 Inner 2: F1=0.6281
[2026-10-02 14:34:14] MX outer3 | cfg=P_l1_b16_e6_w10_s_d3_s1_r9 | Inner 3/3
[2026-10-02 14:34:39] MX outer3 cfg=P_l1_b16_e6_w10_s_d3_s1_r9 Inner 3: F1=0.6446
[2026-10-02 14:34:39] MX outer3 | trial 16/20 F1_inner=0.6386 | mejor=0.7192
[2026-10-02 14:34:40] MX outer3 | cfg=P_l2_b16_e6_w10_s_d1_s1_r9 | Inner 1/3
[2026-10-02 14:35:05] MX outer3 cfg=P_l2_b16_e6_w10_s_d1_s1_r9 Inner 1: F1=0.7251
[2026-10-02 14:35:05] MX outer3 | cfg=P_l2_b16_e6_w10_s_d1_s1_r9 | Inner 2/3
[2026-10-02 14:35:30] MX outer3 cfg=P_l2_b16_e6_w10_s_d1_s1_r9 Inner 2: F1=0.7020
[2026-10-02 14:35:30] MX outer3 | cfg=P_l2_b16_e6_w10_s_d1_s1_r9 | Inner 3/3
[2026-10-02 14:35:59] MX outer3 cfg=P_l2_b16_e6_w10_s_d1_s1_r9 Inner 3: F1=0.6934
[2026-10-02 14:35:59] MX outer3 | trial 17/20 F1_inner=0.7068 | mejor=0.7192
[2026-10-02 14:36:00] MX outer3 | cfg=P_l2_b16_e4_w10_s_d3_s1_r9 | Inner 1/3
[2026-10-02 14:36:18] MX outer3 cfg=P_l2_b16_e4_w10_s_d3_s1_r9 Inner 1: F1=0.6729
[2026-10-02 14:36:18] MX outer3 | cfg=P_l2_b16_e4_w10_s_d3_s1_r9 | Inner 2/3
[2026-10-02 14:36:36] MX outer3 cfg=P_l2_b16_e4_w10_s_d3_s1_r9 Inner 2: F1=0.6462
[2026-10-02 14:36:36] MX outer3 | cfg=P_l2_b16_e4_w10_s_d3_s1_r9 | Inner 3/3
[2026-10-02 14:36:54] MX outer3 cfg=P_l2_b16_e4_w10_s_d3_s1_r9 Inner 3: F1=0.6619
[2026-10-02 14:36:55] MX outer3 | trial 18/20 F1_inner=0.6603 | mejor=0.7192
[2026-10-02 14:36:55] MX outer3 | cfg=P_l1_b16_e4_w1_b_d1_s1_r9 | Inner 1/3
[2026-10-02 14:37:13] MX outer3 cfg=P_l1_b16_e4_w1_b_d1_s1_r9 Inner 1: F1=0.6919
[2026-10-02 14:37:13] MX outer3 | cfg=P_l1_b16_e4_w1_b_d1_s1_r9 | Inner 2/3
[2026-10-02 14:37:32] MX outer3 cfg=P_l1_b16_e4_w1_b_d1_s1_r9 Inner 2: F1=0.6858
[2026-10-02 14:37:32] MX outer3 | cfg=P_l1_b16_e4_w1_b_d1_s1_r9 | Inner 3/3
[2026-10-02 14:37:50] MX outer3 cfg=P_l1_b16_e4_w1_b_d1_s1_r9 Inner 3: F1=0.6267
[2026-10-02 14:37:50] MX outer3 | trial 19/20 F1_inner=0.6681 | mejor=0.7192
[2026-10-02 14:37:50] MX outer3 | cfg=P_l1_b16_e4_w10_s_d2_s1_r9 | Inner 1/3
[2026-10-02 14:38:09] MX outer3 cfg=P_l1_b16_e4_w10_s_d2_s1_r9 Inner 1: F1=0.6056
[2026-10-02 14:38:09] MX outer3 | cfg=P_l1_b16_e4_w10_s_d2_s1_r9 | Inner 2/3
[2026-10-02 14:38:27] MX outer3 cfg=P_l1_b16_e4_w10_s_d2_s1_r9 Inner 2: F1=0.5777
[2026-10-02 14:38:27] MX outer3 | cfg=P_l1_b16_e4_w10_s_d2_s1_r9 | Inner 3/3
[2026-10-02 14:38:45] MX outer3 cfg=P_l1_b16_e4_w10_s_d2_s1_r9 Inner 3: F1=0.5974
[2026-10-02 14:38:45] MX outer3 | trial 20/20 F1_inner=0.5936 | mejor=0.7192
[2026-10-02 14:38:45] MX Outer 3: refit PYSENTIMIENTO, 5 épocas
[2026-10-02 14:39:15] ACTIVO: MX Outer 3: refit PYSENTIMIENTO, 5 épocas
[2026-10-02 14:39:22] MX Outer 3 refit: F1_train=0.9364, F1_outer=0.6866
[2026-10-02 14:39:22] [MX][RoBERTuito][Outer 3/5] FINALIZADO | prep=PYSENTIMIENTO | F1_inner=0.7192±0.0291 | F1_train=0.9364 | F1_outer=0.6866 | gap=0.2498
[2026-10-02 14:39:22] MX | Outer 4/5
[2026-10-02 14:39:23] MX outer4 | cfg=P_l1_b16_e6_w10_b_d1_s1_r9 | Inner 1/3
[2026-10-02 14:39:49] MX outer4 cfg=P_l1_b16_e6_w10_b_d1_s1_r9 Inner 1: F1=0.6545
[2026-10-02 14:39:49] MX outer4 | cfg=P_l1_b16_e6_w10_b_d1_s1_r9 | Inner 2/3
[2026-10-02 14:40:16] MX outer4 cfg=P_l1_b16_e6_w10_b_d1_s1_r9 Inner 2: F1=0.6364
[2026-10-02 14:40:16] MX outer4 | cfg=P_l1_b16_e6_w10_b_d1_s1_r9 | Inner 3/3
[2026-10-02 14:40:42] MX outer4 cfg=P_l1_b16_e6_w10_b_d1_s1_r9 Inner 3: F1=0.7063
[2026-10-02 14:40:42] MX outer4 | trial 1/20 F1_inner=0.6657 | mejor=0.6657
[2026-10-02 14:40:42] MX outer4 | cfg=P_l2_b16_e6_w1_s_d1_s1_r9 | Inner 1/3
[2026-10-02 14:41:09] MX outer4 cfg=P_l2_b16_e6_w1_s_d1_s1_r9 Inner 1: F1=0.6518
[2026-10-02 14:41:09] MX outer4 | cfg=P_l2_b16_e6_w1_s_d1_s1_r9 | Inner 2/3
[2026-10-02 14:41:31] MX outer4 cfg=P_l2_b16_e6_w1_s_d1_s1_r9 Inner 2: F1=0.6548
[2026-10-02 14:41:31] MX outer4 | cfg=P_l2_b16_e6_w1_s_d1_s1_r9 | Inner 3/3
[2026-10-02 14:41:54] MX outer4 cfg=P_l2_b16_e6_w1_s_d1_s1_r9 Inner 3: F1=0.7047
[2026-10-02 14:41:54] MX outer4 | trial 2/20 F1_inner=0.6704 | mejor=0.6704
[2026-10-02 14:41:54] MX outer4 | cfg=P_l2_b16_e6_w1_b_d2_s1_r9 | Inner 1/3
[2026-10-02 14:42:12] MX outer4 cfg=P_l2_b16_e6_w1_b_d2_s1_r9 Inner 1: F1=0.6688
[2026-10-02 14:42:12] MX outer4 | cfg=P_l2_b16_e6_w1_b_d2_s1_r9 | Inner 2/3
[2026-10-02 14:42:38] MX outer4 cfg=P_l2_b16_e6_w1_b_d2_s1_r9 Inner 2: F1=0.6569
[2026-10-02 14:42:38] MX outer4 | cfg=P_l2_b16_e6_w1_b_d2_s1_r9 | Inner 3/3
[2026-10-02 14:43:05] MX outer4 cfg=P_l2_b16_e6_w1_b_d2_s1_r9 Inner 3: F1=0.7338
[2026-10-02 14:43:05] MX outer4 | trial 3/20 F1_inner=0.6865 | mejor=0.6865
[2026-10-02 14:43:05] MX outer4 | cfg=P_l1_b16_e4_w10_s_d1_s1_r9 | Inner 1/3
[2026-10-02 14:43:23] MX outer4 cfg=P_l1_b16_e4_w10_s_d1_s1_r9 Inner 1: F1=0.5463
[2026-10-02 14:43:23] MX outer4 | cfg=P_l1_b16_e4_w10_s_d1_s1_r9 | Inner 2/3
[2026-10-02 14:43:41] MX outer4 cfg=P_l1_b16_e4_w10_s_d1_s1_r9 Inner 2: F1=0.5758
[2026-10-02 14:43:41] MX outer4 | cfg=P_l1_b16_e4_w10_s_d1_s1_r9 | Inner 3/3
[2026-10-02 14:43:59] MX outer4 cfg=P_l1_b16_e4_w10_s_d1_s1_r9 Inner 3: F1=0.6096
[2026-10-02 14:44:00] MX outer4 | trial 4/20 F1_inner=0.5772 | mejor=0.6865
[2026-10-02 14:44:00] MX outer4 | cfg=P_l2_b16_e6_w10_b_d3_s1_r9 | Inner 1/3
[2026-10-02 14:44:22] MX outer4 cfg=P_l2_b16_e6_w10_b_d3_s1_r9 Inner 1: F1=0.6664
[2026-10-02 14:44:22] MX outer4 | cfg=P_l2_b16_e6_w10_b_d3_s1_r9 | Inner 2/3
[2026-10-02 14:44:49] MX outer4 cfg=P_l2_b16_e6_w10_b_d3_s1_r9 Inner 2: F1=0.6512
[2026-10-02 14:44:49] MX outer4 | cfg=P_l2_b16_e6_w10_b_d3_s1_r9 | Inner 3/3
[2026-10-02 14:45:15] MX outer4 cfg=P_l2_b16_e6_w10_b_d3_s1_r9 Inner 3: F1=0.7355
[2026-10-02 14:45:16] MX outer4 | trial 5/20 F1_inner=0.6844 | mejor=0.6865
[2026-10-02 14:45:16] MX outer4 | cfg=P_l1_b16_e6_w1_s_d2_s1_r9 | Inner 1/3
[2026-10-02 14:45:42] MX outer4 cfg=P_l1_b16_e6_w1_s_d2_s1_r9 Inner 1: F1=0.5853
[2026-10-02 14:45:42] MX outer4 | cfg=P_l1_b16_e6_w1_s_d2_s1_r9 | Inner 2/3
[2026-10-02 14:46:09] MX outer4 cfg=P_l1_b16_e6_w1_s_d2_s1_r9 Inner 2: F1=0.6258
[2026-10-02 14:46:09] MX outer4 | cfg=P_l1_b16_e6_w1_s_d2_s1_r9 | Inner 3/3
[2026-10-02 14:46:35] MX outer4 cfg=P_l1_b16_e6_w1_s_d2_s1_r9 Inner 3: F1=0.6335
[2026-10-02 14:46:36] MX outer4 | trial 6/20 F1_inner=0.6149 | mejor=0.6865
[2026-10-02 14:46:36] REUTILIZADO MX outer4 cfg=P_l2_b16_e6_w1_b_d2_s1_r9 inner=1: F1=0.6688
[2026-10-02 14:46:36] REUTILIZADO MX outer4 cfg=P_l2_b16_e6_w1_b_d2_s1_r9 inner=2: F1=0.6569
[2026-10-02 14:46:36] REUTILIZADO MX outer4 cfg=P_l2_b16_e6_w1_b_d2_s1_r9 inner=3: F1=0.7338
[2026-10-02 14:46:36] MX outer4 | trial 7/20 F1_inner=0.6865 | mejor=0.6865
[2026-10-02 14:46:36] MX outer4 | cfg=P_l2_b16_e4_w10_b_d2_s1_r9 | Inner 1/3
[2026-10-02 14:46:54] MX outer4 cfg=P_l2_b16_e4_w10_b_d2_s1_r9 Inner 1: F1=0.6615
[2026-10-02 14:46:54] MX outer4 | cfg=P_l2_b16_e4_w10_b_d2_s1_r9 | Inner 2/3
[2026-10-02 14:47:12] MX outer4 cfg=P_l2_b16_e4_w10_b_d2_s1_r9 Inner 2: F1=0.6375
[2026-10-02 14:47:12] MX outer4 | cfg=P_l2_b16_e4_w10_b_d2_s1_r9 | Inner 3/3
[2026-10-02 14:47:29] MX outer4 cfg=P_l2_b16_e4_w10_b_d2_s1_r9 Inner 3: F1=0.7081
[2026-10-02 14:47:30] MX outer4 | trial 8/20 F1_inner=0.6690 | mejor=0.6865
[2026-10-02 14:47:30] MX outer4 | cfg=P_l1_b16_e4_w1_b_d1_s1_r9 | Inner 1/3
[2026-10-02 14:47:48] MX outer4 cfg=P_l1_b16_e4_w1_b_d1_s1_r9 Inner 1: F1=0.6349
[2026-10-02 14:47:48] MX outer4 | cfg=P_l1_b16_e4_w1_b_d1_s1_r9 | Inner 2/3
[2026-10-02 14:48:06] MX outer4 cfg=P_l1_b16_e4_w1_b_d1_s1_r9 Inner 2: F1=0.6095
[2026-10-02 14:48:06] MX outer4 | cfg=P_l1_b16_e4_w1_b_d1_s1_r9 | Inner 3/3
[2026-10-02 14:48:24] MX outer4 cfg=P_l1_b16_e4_w1_b_d1_s1_r9 Inner 3: F1=0.6858
[2026-10-02 14:48:24] MX outer4 | trial 9/20 F1_inner=0.6434 | mejor=0.6865
[2026-10-02 14:48:24] MX outer4 | cfg=P_l1_b16_e4_w1_s_d3_s1_r9 | Inner 1/3
[2026-10-02 14:48:42] MX outer4 cfg=P_l1_b16_e4_w1_s_d3_s1_r9 Inner 1: F1=0.5291
[2026-10-02 14:48:42] MX outer4 | cfg=P_l1_b16_e4_w1_s_d3_s1_r9 | Inner 2/3
[2026-10-02 14:49:00] MX outer4 cfg=P_l1_b16_e4_w1_s_d3_s1_r9 Inner 2: F1=0.5025
[2026-10-02 14:49:00] MX outer4 | cfg=P_l1_b16_e4_w1_s_d3_s1_r9 | Inner 3/3
[2026-10-02 14:49:18] MX outer4 cfg=P_l1_b16_e4_w1_s_d3_s1_r9 Inner 3: F1=0.5528
[2026-10-02 14:49:19] MX outer4 | trial 10/20 F1_inner=0.5281 | mejor=0.6865
[2026-10-02 14:49:19] MX outer4 | cfg=P_l2_b16_e4_w1_b_d3_s1_r9 | Inner 1/3
[2026-10-02 14:49:37] MX outer4 cfg=P_l2_b16_e4_w1_b_d3_s1_r9 Inner 1: F1=0.6534
[2026-10-02 14:49:37] MX outer4 | cfg=P_l2_b16_e4_w1_b_d3_s1_r9 | Inner 2/3
[2026-10-02 14:49:55] MX outer4 cfg=P_l2_b16_e4_w1_b_d3_s1_r9 Inner 2: F1=0.6299
[2026-10-02 14:49:55] MX outer4 | cfg=P_l2_b16_e4_w1_b_d3_s1_r9 | Inner 3/3
[2026-10-02 14:50:13] MX outer4 cfg=P_l2_b16_e4_w1_b_d3_s1_r9 Inner 3: F1=0.7012
[2026-10-02 14:50:14] MX outer4 | trial 11/20 F1_inner=0.6615 | mejor=0.6865
[2026-10-02 14:50:14] REUTILIZADO MX outer4 cfg=P_l2_b16_e6_w1_b_d2_s1_r9 inner=1: F1=0.6688
[2026-10-02 14:50:14] REUTILIZADO MX outer4 cfg=P_l2_b16_e6_w1_b_d2_s1_r9 inner=2: F1=0.6569
[2026-10-02 14:50:14] REUTILIZADO MX outer4 cfg=P_l2_b16_e6_w1_b_d2_s1_r9 inner=3: F1=0.7338
[2026-10-02 14:50:14] MX outer4 | trial 12/20 F1_inner=0.6865 | mejor=0.6865
[2026-10-02 14:50:14] MX outer4 | cfg=P_l2_b16_e6_w10_s_d2_s1_r9 | Inner 1/3
[2026-10-02 14:50:41] MX outer4 cfg=P_l2_b16_e6_w10_s_d2_s1_r9 Inner 1: F1=0.6483
[2026-10-02 14:50:41] MX outer4 | cfg=P_l2_b16_e6_w10_s_d2_s1_r9 | Inner 2/3
[2026-10-02 14:51:03] MX outer4 cfg=P_l2_b16_e6_w10_s_d2_s1_r9 Inner 2: F1=0.6557
[2026-10-02 14:51:03] MX outer4 | cfg=P_l2_b16_e6_w10_s_d2_s1_r9 | Inner 3/3
[2026-10-02 14:51:26] MX outer4 cfg=P_l2_b16_e6_w10_s_d2_s1_r9 Inner 3: F1=0.6945
[2026-10-02 14:51:26] MX outer4 | trial 13/20 F1_inner=0.6662 | mejor=0.6865
[2026-10-02 14:51:26] MX outer4 | cfg=P_l1_b16_e6_w1_b_d2_s1_r9 | Inner 1/3
[2026-10-02 14:51:52] MX outer4 cfg=P_l1_b16_e6_w1_b_d2_s1_r9 Inner 1: F1=0.6475
[2026-10-02 14:51:52] MX outer4 | cfg=P_l1_b16_e6_w1_b_d2_s1_r9 | Inner 2/3
[2026-10-02 14:52:18] MX outer4 cfg=P_l1_b16_e6_w1_b_d2_s1_r9 Inner 2: F1=0.6303
[2026-10-02 14:52:18] MX outer4 | cfg=P_l1_b16_e6_w1_b_d2_s1_r9 | Inner 3/3
[2026-10-02 14:52:44] MX outer4 cfg=P_l1_b16_e6_w1_b_d2_s1_r9 Inner 3: F1=0.7020
[2026-10-02 14:52:45] MX outer4 | trial 14/20 F1_inner=0.6599 | mejor=0.6865
[2026-10-02 14:52:45] MX outer4 | cfg=P_l2_b16_e6_w1_b_d1_s1_r9 | Inner 1/3
[2026-10-02 14:53:03] MX outer4 cfg=P_l2_b16_e6_w1_b_d1_s1_r9 Inner 1: F1=0.6724
[2026-10-02 14:53:03] MX outer4 | cfg=P_l2_b16_e6_w1_b_d1_s1_r9 | Inner 2/3
[2026-10-02 14:53:29] MX outer4 cfg=P_l2_b16_e6_w1_b_d1_s1_r9 Inner 2: F1=0.6660
[2026-10-02 14:53:29] MX outer4 | cfg=P_l2_b16_e6_w1_b_d1_s1_r9 | Inner 3/3
[2026-10-02 14:53:55] MX outer4 cfg=P_l2_b16_e6_w1_b_d1_s1_r9 Inner 3: F1=0.7271
[2026-10-02 14:53:56] MX outer4 | trial 15/20 F1_inner=0.6885 | mejor=0.6885
[2026-10-02 14:53:56] REUTILIZADO MX outer4 cfg=P_l2_b16_e6_w1_b_d1_s1_r9 inner=1: F1=0.6724
[2026-10-02 14:53:56] REUTILIZADO MX outer4 cfg=P_l2_b16_e6_w1_b_d1_s1_r9 inner=2: F1=0.6660
[2026-10-02 14:53:56] REUTILIZADO MX outer4 cfg=P_l2_b16_e6_w1_b_d1_s1_r9 inner=3: F1=0.7271
[2026-10-02 14:53:56] MX outer4 | trial 16/20 F1_inner=0.6885 | mejor=0.6885
[2026-10-02 14:53:56] REUTILIZADO MX outer4 cfg=P_l2_b16_e6_w1_b_d1_s1_r9 inner=1: F1=0.6724
[2026-10-02 14:53:56] REUTILIZADO MX outer4 cfg=P_l2_b16_e6_w1_b_d1_s1_r9 inner=2: F1=0.6660
[2026-10-02 14:53:56] REUTILIZADO MX outer4 cfg=P_l2_b16_e6_w1_b_d1_s1_r9 inner=3: F1=0.7271
[2026-10-02 14:53:56] MX outer4 | trial 17/20 F1_inner=0.6885 | mejor=0.6885
[2026-10-02 14:53:57] MX outer4 | cfg=P_l2_b16_e6_w10_b_d1_s1_r9 | Inner 1/3
[2026-10-02 14:54:14] MX outer4 cfg=P_l2_b16_e6_w10_b_d1_s1_r9 Inner 1: F1=0.6717
[2026-10-02 14:54:14] MX outer4 | cfg=P_l2_b16_e6_w10_b_d1_s1_r9 | Inner 2/3
[2026-10-02 14:54:41] MX outer4 cfg=P_l2_b16_e6_w10_b_d1_s1_r9 Inner 2: F1=0.6662
[2026-10-02 14:54:41] MX outer4 | cfg=P_l2_b16_e6_w10_b_d1_s1_r9 | Inner 3/3
[2026-10-02 14:55:07] MX outer4 cfg=P_l2_b16_e6_w10_b_d1_s1_r9 Inner 3: F1=0.7271
[2026-10-02 14:55:07] MX outer4 | trial 18/20 F1_inner=0.6883 | mejor=0.6885
[2026-10-02 14:55:07] MX outer4 | cfg=P_l2_b16_e4_w1_b_d1_s1_r9 | Inner 1/3
[2026-10-02 14:55:25] MX outer4 cfg=P_l2_b16_e4_w1_b_d1_s1_r9 Inner 1: F1=0.6667
[2026-10-02 14:55:25] MX outer4 | cfg=P_l2_b16_e4_w1_b_d1_s1_r9 | Inner 2/3
[2026-10-02 14:55:43] MX outer4 cfg=P_l2_b16_e4_w1_b_d1_s1_r9 Inner 2: F1=0.6432
[2026-10-02 14:55:43] MX outer4 | cfg=P_l2_b16_e4_w1_b_d1_s1_r9 | Inner 3/3
[2026-10-02 14:56:01] MX outer4 cfg=P_l2_b16_e4_w1_b_d1_s1_r9 Inner 3: F1=0.7145
[2026-10-02 14:56:01] MX outer4 | trial 19/20 F1_inner=0.6748 | mejor=0.6885
[2026-10-02 14:56:01] MX outer4 | cfg=P_l2_b16_e6_w1_s_d3_s1_r9 | Inner 1/3
[2026-10-02 14:56:27] MX outer4 cfg=P_l2_b16_e6_w1_s_d3_s1_r9 Inner 1: F1=0.6316
[2026-10-02 14:56:27] MX outer4 | cfg=P_l2_b16_e6_w1_s_d3_s1_r9 | Inner 2/3
[2026-10-02 14:56:49] MX outer4 cfg=P_l2_b16_e6_w1_s_d3_s1_r9 Inner 2: F1=0.6579
[2026-10-02 14:56:49] MX outer4 | cfg=P_l2_b16_e6_w1_s_d3_s1_r9 | Inner 3/3
[2026-10-02 14:57:16] MX outer4 cfg=P_l2_b16_e6_w1_s_d3_s1_r9 Inner 3: F1=0.6963
[2026-10-02 14:57:17] MX outer4 | trial 20/20 F1_inner=0.6620 | mejor=0.6885
[2026-10-02 14:57:17] MX Outer 4: refit PYSENTIMIENTO, 5 épocas
[2026-10-02 14:57:47] ACTIVO: MX Outer 4: refit PYSENTIMIENTO, 5 épocas
[2026-10-02 14:57:53] MX Outer 4 refit: F1_train=0.9214, F1_outer=0.7184
[2026-10-02 14:57:54] [MX][RoBERTuito][Outer 4/5] FINALIZADO | prep=PYSENTIMIENTO | F1_inner=0.6885±0.0336 | F1_train=0.9214 | F1_outer=0.7184 | gap=0.2030
[2026-10-02 14:57:54] MX | Outer 5/5
[2026-10-02 14:57:54] MX outer5 | cfg=P_l2_b16_e4_w10_s_d1_s1_r9 | Inner 1/3
[2026-10-02 14:58:12] MX outer5 cfg=P_l2_b16_e4_w10_s_d1_s1_r9 Inner 1: F1=0.6908
[2026-10-02 14:58:12] MX outer5 | cfg=P_l2_b16_e4_w10_s_d1_s1_r9 | Inner 2/3
[2026-10-02 14:58:30] MX outer5 cfg=P_l2_b16_e4_w10_s_d1_s1_r9 Inner 2: F1=0.6543
[2026-10-02 14:58:30] MX outer5 | cfg=P_l2_b16_e4_w10_s_d1_s1_r9 | Inner 3/3
[2026-10-02 14:58:48] MX outer5 cfg=P_l2_b16_e4_w10_s_d1_s1_r9 Inner 3: F1=0.6556
[2026-10-02 14:58:49] MX outer5 | trial 1/20 F1_inner=0.6669 | mejor=0.6669
[2026-10-02 14:58:49] MX outer5 | cfg=P_l2_b16_e6_w1_s_d2_s1_r9 | Inner 1/3
[2026-10-02 14:59:16] MX outer5 cfg=P_l2_b16_e6_w1_s_d2_s1_r9 Inner 1: F1=0.7121
[2026-10-02 14:59:16] MX outer5 | cfg=P_l2_b16_e6_w1_s_d2_s1_r9 | Inner 2/3
[2026-10-02 14:59:42] MX outer5 cfg=P_l2_b16_e6_w1_s_d2_s1_r9 Inner 2: F1=0.6810
[2026-10-02 14:59:42] MX outer5 | cfg=P_l2_b16_e6_w1_s_d2_s1_r9 | Inner 3/3
[2026-10-02 15:00:09] MX outer5 cfg=P_l2_b16_e6_w1_s_d2_s1_r9 Inner 3: F1=0.6876
[2026-10-02 15:00:09] MX outer5 | trial 2/20 F1_inner=0.6936 | mejor=0.6936
[2026-10-02 15:00:09] MX outer5 | cfg=P_l1_b16_e4_w10_s_d1_s1_r9 | Inner 1/3
[2026-10-02 15:00:28] MX outer5 cfg=P_l1_b16_e4_w10_s_d1_s1_r9 Inner 1: F1=0.6165
[2026-10-02 15:00:28] MX outer5 | cfg=P_l1_b16_e4_w10_s_d1_s1_r9 | Inner 2/3
[2026-10-02 15:00:46] MX outer5 cfg=P_l1_b16_e4_w10_s_d1_s1_r9 Inner 2: F1=0.6006
[2026-10-02 15:00:46] MX outer5 | cfg=P_l1_b16_e4_w10_s_d1_s1_r9 | Inner 3/3
[2026-10-02 15:01:05] MX outer5 cfg=P_l1_b16_e4_w10_s_d1_s1_r9 Inner 3: F1=0.5894
[2026-10-02 15:01:05] MX outer5 | trial 3/20 F1_inner=0.6021 | mejor=0.6936
[2026-10-02 15:01:05] MX outer5 | cfg=P_l1_b16_e4_w10_b_d3_s1_r9 | Inner 1/3
[2026-10-02 15:01:23] MX outer5 cfg=P_l1_b16_e4_w10_b_d3_s1_r9 Inner 1: F1=0.6263
[2026-10-02 15:01:23] MX outer5 | cfg=P_l1_b16_e4_w10_b_d3_s1_r9 | Inner 2/3
[2026-10-02 15:01:41] MX outer5 cfg=P_l1_b16_e4_w10_b_d3_s1_r9 Inner 2: F1=0.6589
[2026-10-02 15:01:41] MX outer5 | cfg=P_l1_b16_e4_w10_b_d3_s1_r9 | Inner 3/3
[2026-10-02 15:01:59] MX outer5 cfg=P_l1_b16_e4_w10_b_d3_s1_r9 Inner 3: F1=0.6404
[2026-10-02 15:02:00] MX outer5 | trial 4/20 F1_inner=0.6418 | mejor=0.6936
[2026-10-02 15:02:00] MX outer5 | cfg=P_l2_b16_e6_w10_s_d2_s1_r9 | Inner 1/3
[2026-10-02 15:02:27] MX outer5 cfg=P_l2_b16_e6_w10_s_d2_s1_r9 Inner 1: F1=0.7107
[2026-10-02 15:02:27] MX outer5 | cfg=P_l2_b16_e6_w10_s_d2_s1_r9 | Inner 2/3
[2026-10-02 15:02:53] MX outer5 cfg=P_l2_b16_e6_w10_s_d2_s1_r9 Inner 2: F1=0.6787
[2026-10-02 15:02:53] MX outer5 | cfg=P_l2_b16_e6_w10_s_d2_s1_r9 | Inner 3/3
[2026-10-02 15:03:20] MX outer5 cfg=P_l2_b16_e6_w10_s_d2_s1_r9 Inner 3: F1=0.6876
[2026-10-02 15:03:20] MX outer5 | trial 5/20 F1_inner=0.6923 | mejor=0.6936
[2026-10-02 15:03:20] MX outer5 | cfg=P_l2_b16_e6_w1_b_d2_s1_r9 | Inner 1/3
[2026-10-02 15:03:47] MX outer5 cfg=P_l2_b16_e6_w1_b_d2_s1_r9 Inner 1: F1=0.7214
[2026-10-02 15:03:47] MX outer5 | cfg=P_l2_b16_e6_w1_b_d2_s1_r9 | Inner 2/3
[2026-10-02 15:04:13] MX outer5 cfg=P_l2_b16_e6_w1_b_d2_s1_r9 Inner 2: F1=0.6906
[2026-10-02 15:04:13] MX outer5 | cfg=P_l2_b16_e6_w1_b_d2_s1_r9 | Inner 3/3
[2026-10-02 15:04:41] MX outer5 cfg=P_l2_b16_e6_w1_b_d2_s1_r9 Inner 3: F1=0.6896
[2026-10-02 15:04:41] MX outer5 | trial 6/20 F1_inner=0.7005 | mejor=0.7005
[2026-10-02 15:04:41] MX outer5 | cfg=P_l2_b16_e6_w1_b_d3_s1_r9 | Inner 1/3
[2026-10-02 15:05:07] MX outer5 cfg=P_l2_b16_e6_w1_b_d3_s1_r9 Inner 1: F1=0.7165
[2026-10-02 15:05:07] MX outer5 | cfg=P_l2_b16_e6_w1_b_d3_s1_r9 | Inner 2/3
[2026-10-02 15:05:35] MX outer5 cfg=P_l2_b16_e6_w1_b_d3_s1_r9 Inner 2: F1=0.6783
[2026-10-02 15:05:35] MX outer5 | cfg=P_l2_b16_e6_w1_b_d3_s1_r9 | Inner 3/3
[2026-10-02 15:06:01] MX outer5 cfg=P_l2_b16_e6_w1_b_d3_s1_r9 Inner 3: F1=0.6932
[2026-10-02 15:06:01] MX outer5 | trial 7/20 F1_inner=0.6960 | mejor=0.7005
[2026-10-02 15:06:01] MX outer5 | cfg=P_l1_b16_e6_w1_b_d2_s1_r9 | Inner 1/3
[2026-10-02 15:06:28] MX outer5 cfg=P_l1_b16_e6_w1_b_d2_s1_r9 Inner 1: F1=0.6713
[2026-10-02 15:06:28] MX outer5 | cfg=P_l1_b16_e6_w1_b_d2_s1_r9 | Inner 2/3
[2026-10-02 15:06:55] MX outer5 cfg=P_l1_b16_e6_w1_b_d2_s1_r9 Inner 2: F1=0.6715
[2026-10-02 15:06:55] MX outer5 | cfg=P_l1_b16_e6_w1_b_d2_s1_r9 | Inner 3/3
[2026-10-02 15:07:21] MX outer5 cfg=P_l1_b16_e6_w1_b_d2_s1_r9 Inner 3: F1=0.6755
[2026-10-02 15:07:21] MX outer5 | trial 8/20 F1_inner=0.6728 | mejor=0.7005
[2026-10-02 15:07:21] MX outer5 | cfg=P_l2_b16_e4_w1_b_d2_s1_r9 | Inner 1/3
[2026-10-02 15:07:39] MX outer5 cfg=P_l2_b16_e4_w1_b_d2_s1_r9 Inner 1: F1=0.6872
[2026-10-02 15:07:39] MX outer5 | cfg=P_l2_b16_e4_w1_b_d2_s1_r9 | Inner 2/3
[2026-10-02 15:07:57] MX outer5 cfg=P_l2_b16_e4_w1_b_d2_s1_r9 Inner 2: F1=0.6769
[2026-10-02 15:07:57] MX outer5 | cfg=P_l2_b16_e4_w1_b_d2_s1_r9 | Inner 3/3
[2026-10-02 15:08:15] MX outer5 cfg=P_l2_b16_e4_w1_b_d2_s1_r9 Inner 3: F1=0.6733
[2026-10-02 15:08:15] MX outer5 | trial 9/20 F1_inner=0.6792 | mejor=0.7005
[2026-10-02 15:08:15] MX outer5 | cfg=P_l2_b16_e6_w10_b_d1_s1_r9 | Inner 1/3
[2026-10-02 15:08:42] MX outer5 cfg=P_l2_b16_e6_w10_b_d1_s1_r9 Inner 1: F1=0.7276
[2026-10-02 15:08:42] MX outer5 | cfg=P_l2_b16_e6_w10_b_d1_s1_r9 | Inner 2/3
[2026-10-02 15:09:09] MX outer5 cfg=P_l2_b16_e6_w10_b_d1_s1_r9 Inner 2: F1=0.6934
[2026-10-02 15:09:09] MX outer5 | cfg=P_l2_b16_e6_w10_b_d1_s1_r9 | Inner 3/3
[2026-10-02 15:09:35] MX outer5 cfg=P_l2_b16_e6_w10_b_d1_s1_r9 Inner 3: F1=0.6945
[2026-10-02 15:09:35] MX outer5 | trial 10/20 F1_inner=0.7052 | mejor=0.7052
[2026-10-02 15:09:35] REUTILIZADO MX outer5 cfg=P_l2_b16_e6_w10_b_d1_s1_r9 inner=1: F1=0.7276
[2026-10-02 15:09:35] REUTILIZADO MX outer5 cfg=P_l2_b16_e6_w10_b_d1_s1_r9 inner=2: F1=0.6934
[2026-10-02 15:09:35] REUTILIZADO MX outer5 cfg=P_l2_b16_e6_w10_b_d1_s1_r9 inner=3: F1=0.6945
[2026-10-02 15:09:35] MX outer5 | trial 11/20 F1_inner=0.7052 | mejor=0.7052
[2026-10-02 15:09:35] REUTILIZADO MX outer5 cfg=P_l2_b16_e6_w10_b_d1_s1_r9 inner=1: F1=0.7276
[2026-10-02 15:09:35] REUTILIZADO MX outer5 cfg=P_l2_b16_e6_w10_b_d1_s1_r9 inner=2: F1=0.6934
[2026-10-02 15:09:35] REUTILIZADO MX outer5 cfg=P_l2_b16_e6_w10_b_d1_s1_r9 inner=3: F1=0.6945
[2026-10-02 15:09:36] MX outer5 | trial 12/20 F1_inner=0.7052 | mejor=0.7052
[2026-10-02 15:09:36] MX outer5 | cfg=P_l1_b16_e6_w10_b_d1_s1_r9 | Inner 1/3
[2026-10-02 15:10:03] MX outer5 cfg=P_l1_b16_e6_w10_b_d1_s1_r9 Inner 1: F1=0.6889
[2026-10-02 15:10:03] MX outer5 | cfg=P_l1_b16_e6_w10_b_d1_s1_r9 | Inner 2/3
[2026-10-02 15:10:29] MX outer5 cfg=P_l1_b16_e6_w10_b_d1_s1_r9 Inner 2: F1=0.6712
[2026-10-02 15:10:29] MX outer5 | cfg=P_l1_b16_e6_w10_b_d1_s1_r9 | Inner 3/3
[2026-10-02 15:10:56] MX outer5 cfg=P_l1_b16_e6_w10_b_d1_s1_r9 Inner 3: F1=0.6808
[2026-10-02 15:10:57] MX outer5 | trial 13/20 F1_inner=0.6803 | mejor=0.7052
[2026-10-02 15:10:57] MX outer5 | cfg=P_l2_b16_e4_w10_b_d1_s1_r9 | Inner 1/3
[2026-10-02 15:11:15] MX outer5 cfg=P_l2_b16_e4_w10_b_d1_s1_r9 Inner 1: F1=0.7023
[2026-10-02 15:11:15] MX outer5 | cfg=P_l2_b16_e4_w10_b_d1_s1_r9 | Inner 2/3
[2026-10-02 15:11:33] MX outer5 cfg=P_l2_b16_e4_w10_b_d1_s1_r9 Inner 2: F1=0.6835
[2026-10-02 15:11:33] MX outer5 | cfg=P_l2_b16_e4_w10_b_d1_s1_r9 | Inner 3/3
[2026-10-02 15:11:51] MX outer5 cfg=P_l2_b16_e4_w10_b_d1_s1_r9 Inner 3: F1=0.6794
[2026-10-02 15:11:52] MX outer5 | trial 14/20 F1_inner=0.6884 | mejor=0.7052
[2026-10-02 15:11:52] MX outer5 | cfg=P_l2_b16_e6_w10_s_d1_s1_r9 | Inner 1/3
[2026-10-02 15:12:18] MX outer5 cfg=P_l2_b16_e6_w10_s_d1_s1_r9 Inner 1: F1=0.7167
[2026-10-02 15:12:18] MX outer5 | cfg=P_l2_b16_e6_w10_s_d1_s1_r9 | Inner 2/3
[2026-10-02 15:12:44] MX outer5 cfg=P_l2_b16_e6_w10_s_d1_s1_r9 Inner 2: F1=0.6864
[2026-10-02 15:12:44] MX outer5 | cfg=P_l2_b16_e6_w10_s_d1_s1_r9 | Inner 3/3
[2026-10-02 15:13:11] MX outer5 cfg=P_l2_b16_e6_w10_s_d1_s1_r9 Inner 3: F1=0.6929
[2026-10-02 15:13:11] MX outer5 | trial 15/20 F1_inner=0.6987 | mejor=0.7052
[2026-10-02 15:13:11] MX outer5 | cfg=P_l2_b16_e6_w10_b_d3_s1_r9 | Inner 1/3
[2026-10-02 15:13:37] MX outer5 cfg=P_l2_b16_e6_w10_b_d3_s1_r9 Inner 1: F1=0.7179
[2026-10-02 15:13:37] MX outer5 | cfg=P_l2_b16_e6_w10_b_d3_s1_r9 | Inner 2/3
[2026-10-02 15:14:04] MX outer5 cfg=P_l2_b16_e6_w10_b_d3_s1_r9 Inner 2: F1=0.6797
[2026-10-02 15:14:04] MX outer5 | cfg=P_l2_b16_e6_w10_b_d3_s1_r9 | Inner 3/3
[2026-10-02 15:14:30] MX outer5 cfg=P_l2_b16_e6_w10_b_d3_s1_r9 Inner 3: F1=0.6904
[2026-10-02 15:14:30] MX outer5 | trial 16/20 F1_inner=0.6960 | mejor=0.7052
[2026-10-02 15:14:30] MX outer5 | cfg=P_l2_b16_e6_w1_b_d1_s1_r9 | Inner 1/3
[2026-10-02 15:14:57] MX outer5 cfg=P_l2_b16_e6_w1_b_d1_s1_r9 Inner 1: F1=0.7276
[2026-10-02 15:14:57] MX outer5 | cfg=P_l2_b16_e6_w1_b_d1_s1_r9 | Inner 2/3
[2026-10-02 15:15:23] MX outer5 cfg=P_l2_b16_e6_w1_b_d1_s1_r9 Inner 2: F1=0.6934
[2026-10-02 15:15:23] MX outer5 | cfg=P_l2_b16_e6_w1_b_d1_s1_r9 | Inner 3/3
[2026-10-02 15:15:49] MX outer5 cfg=P_l2_b16_e6_w1_b_d1_s1_r9 Inner 3: F1=0.6924
[2026-10-02 15:15:50] MX outer5 | trial 17/20 F1_inner=0.7045 | mejor=0.7052
[2026-10-02 15:15:50] MX outer5 | cfg=P_l2_b16_e6_w10_b_d2_s1_r9 | Inner 1/3
[2026-10-02 15:16:16] MX outer5 cfg=P_l2_b16_e6_w10_b_d2_s1_r9 Inner 1: F1=0.7214
[2026-10-02 15:16:16] MX outer5 | cfg=P_l2_b16_e6_w10_b_d2_s1_r9 | Inner 2/3
[2026-10-02 15:16:42] MX outer5 cfg=P_l2_b16_e6_w10_b_d2_s1_r9 Inner 2: F1=0.6906
[2026-10-02 15:16:42] MX outer5 | cfg=P_l2_b16_e6_w10_b_d2_s1_r9 | Inner 3/3
[2026-10-02 15:17:09] MX outer5 cfg=P_l2_b16_e6_w10_b_d2_s1_r9 Inner 3: F1=0.6896
[2026-10-02 15:17:09] MX outer5 | trial 18/20 F1_inner=0.7005 | mejor=0.7052
[2026-10-02 15:17:09] MX outer5 | cfg=P_l2_b16_e4_w1_s_d3_s1_r9 | Inner 1/3
[2026-10-02 15:17:27] MX outer5 cfg=P_l2_b16_e4_w1_s_d3_s1_r9 Inner 1: F1=0.6700
[2026-10-02 15:17:27] MX outer5 | cfg=P_l2_b16_e4_w1_s_d3_s1_r9 | Inner 2/3
[2026-10-02 15:17:46] MX outer5 cfg=P_l2_b16_e4_w1_s_d3_s1_r9 Inner 2: F1=0.6409
[2026-10-02 15:17:46] MX outer5 | cfg=P_l2_b16_e4_w1_s_d3_s1_r9 | Inner 3/3
[2026-10-02 15:18:03] MX outer5 cfg=P_l2_b16_e4_w1_s_d3_s1_r9 Inner 3: F1=0.6365
[2026-10-02 15:18:03] MX outer5 | trial 19/20 F1_inner=0.6491 | mejor=0.7052
[2026-10-02 15:18:04] REUTILIZADO MX outer5 cfg=P_l2_b16_e6_w10_b_d1_s1_r9 inner=1: F1=0.7276
[2026-10-02 15:18:04] REUTILIZADO MX outer5 cfg=P_l2_b16_e6_w10_b_d1_s1_r9 inner=2: F1=0.6934
[2026-10-02 15:18:04] REUTILIZADO MX outer5 cfg=P_l2_b16_e6_w10_b_d1_s1_r9 inner=3: F1=0.6945
[2026-10-02 15:18:04] MX outer5 | trial 20/20 F1_inner=0.7052 | mejor=0.7052
[2026-10-02 15:18:04] MX Outer 5: refit PYSENTIMIENTO, 5 épocas
[2026-10-02 15:18:34] ACTIVO: MX Outer 5: refit PYSENTIMIENTO, 5 épocas
[2026-10-02 15:18:41] MX Outer 5 refit: F1_train=0.9302, F1_outer=0.7158
[2026-10-02 15:18:41] [MX][RoBERTuito][Outer 5/5] FINALIZADO | prep=PYSENTIMIENTO | F1_inner=0.7052±0.0195 | F1_train=0.9302 | F1_outer=0.7158 | gap=0.2144
[2026-10-02 15:18:41] ES | Outer 1/5
[2026-10-02 15:18:42] ES outer1 | cfg=P_l2_b16_e6_w10_s_d2_s1_r9 | Inner 1/3
[2026-10-02 15:19:08] ES outer1 cfg=P_l2_b16_e6_w10_s_d2_s1_r9 Inner 1: F1=0.7624
[2026-10-02 15:19:08] ES outer1 | cfg=P_l2_b16_e6_w10_s_d2_s1_r9 | Inner 2/3
[2026-10-02 15:19:30] ES outer1 cfg=P_l2_b16_e6_w10_s_d2_s1_r9 Inner 2: F1=0.7684
[2026-10-02 15:19:30] ES outer1 | cfg=P_l2_b16_e6_w10_s_d2_s1_r9 | Inner 3/3
[2026-10-02 15:19:56] ES outer1 cfg=P_l2_b16_e6_w10_s_d2_s1_r9 Inner 3: F1=0.7448
[2026-10-02 15:19:57] ES outer1 | trial 1/20 F1_inner=0.7585 | mejor=0.7585
[2026-10-02 15:19:57] ES outer1 | cfg=P_l1_b16_e6_w10_s_d3_s1_r9 | Inner 1/3
[2026-10-02 15:20:23] ES outer1 cfg=P_l1_b16_e6_w10_s_d3_s1_r9 Inner 1: F1=0.7308
[2026-10-02 15:20:23] ES outer1 | cfg=P_l1_b16_e6_w10_s_d3_s1_r9 | Inner 2/3
[2026-10-02 15:20:50] ES outer1 cfg=P_l1_b16_e6_w10_s_d3_s1_r9 Inner 2: F1=0.7261
[2026-10-02 15:20:50] ES outer1 | cfg=P_l1_b16_e6_w10_s_d3_s1_r9 | Inner 3/3
[2026-10-02 15:21:17] ES outer1 cfg=P_l1_b16_e6_w10_s_d3_s1_r9 Inner 3: F1=0.7213
[2026-10-02 15:21:17] ES outer1 | trial 2/20 F1_inner=0.7261 | mejor=0.7585
[2026-10-02 15:21:17] REUTILIZADO ES outer1 cfg=P_l2_b16_e6_w10_s_d2_s1_r9 inner=1: F1=0.7624
[2026-10-02 15:21:17] REUTILIZADO ES outer1 cfg=P_l2_b16_e6_w10_s_d2_s1_r9 inner=2: F1=0.7684
[2026-10-02 15:21:17] REUTILIZADO ES outer1 cfg=P_l2_b16_e6_w10_s_d2_s1_r9 inner=3: F1=0.7448
[2026-10-02 15:21:17] ES outer1 | trial 3/20 F1_inner=0.7585 | mejor=0.7585
[2026-10-02 15:21:17] ES outer1 | cfg=P_l2_b16_e6_w1_b_d2_s1_r9 | Inner 1/3
[2026-10-02 15:21:43] ES outer1 cfg=P_l2_b16_e6_w1_b_d2_s1_r9 Inner 1: F1=0.7697
[2026-10-02 15:21:43] ES outer1 | cfg=P_l2_b16_e6_w1_b_d2_s1_r9 | Inner 2/3
[2026-10-02 15:22:09] ES outer1 cfg=P_l2_b16_e6_w1_b_d2_s1_r9 Inner 2: F1=0.7618
[2026-10-02 15:22:09] ES outer1 | cfg=P_l2_b16_e6_w1_b_d2_s1_r9 | Inner 3/3
[2026-10-02 15:22:35] ES outer1 cfg=P_l2_b16_e6_w1_b_d2_s1_r9 Inner 3: F1=0.7605
[2026-10-02 15:22:36] ES outer1 | trial 4/20 F1_inner=0.7640 | mejor=0.7640
[2026-10-02 15:22:36] ES outer1 | cfg=P_l1_b16_e4_w10_s_d3_s1_r9 | Inner 1/3
[2026-10-02 15:22:54] ES outer1 cfg=P_l1_b16_e4_w10_s_d3_s1_r9 Inner 1: F1=0.6963
[2026-10-02 15:22:54] ES outer1 | cfg=P_l1_b16_e4_w10_s_d3_s1_r9 | Inner 2/3
[2026-10-02 15:23:12] ES outer1 cfg=P_l1_b16_e4_w10_s_d3_s1_r9 Inner 2: F1=0.6852
[2026-10-02 15:23:12] ES outer1 | cfg=P_l1_b16_e4_w10_s_d3_s1_r9 | Inner 3/3
[2026-10-02 15:23:30] ES outer1 cfg=P_l1_b16_e4_w10_s_d3_s1_r9 Inner 3: F1=0.6871
[2026-10-02 15:23:30] ES outer1 | trial 5/20 F1_inner=0.6895 | mejor=0.7640
[2026-10-02 15:23:30] REUTILIZADO ES outer1 cfg=P_l2_b16_e6_w1_b_d2_s1_r9 inner=1: F1=0.7697
[2026-10-02 15:23:30] REUTILIZADO ES outer1 cfg=P_l2_b16_e6_w1_b_d2_s1_r9 inner=2: F1=0.7618
[2026-10-02 15:23:30] REUTILIZADO ES outer1 cfg=P_l2_b16_e6_w1_b_d2_s1_r9 inner=3: F1=0.7605
[2026-10-02 15:23:30] ES outer1 | trial 6/20 F1_inner=0.7640 | mejor=0.7640
[2026-10-02 15:23:31] ES outer1 | cfg=P_l2_b16_e4_w1_b_d3_s1_r9 | Inner 1/3
[2026-10-02 15:23:48] ES outer1 cfg=P_l2_b16_e4_w1_b_d3_s1_r9 Inner 1: F1=0.7453
[2026-10-02 15:23:48] ES outer1 | cfg=P_l2_b16_e4_w1_b_d3_s1_r9 | Inner 2/3
[2026-10-02 15:24:06] ES outer1 cfg=P_l2_b16_e4_w1_b_d3_s1_r9 Inner 2: F1=0.7520
[2026-10-02 15:24:06] ES outer1 | cfg=P_l2_b16_e4_w1_b_d3_s1_r9 | Inner 3/3
[2026-10-02 15:24:23] ES outer1 cfg=P_l2_b16_e4_w1_b_d3_s1_r9 Inner 3: F1=0.7387
[2026-10-02 15:24:24] ES outer1 | trial 7/20 F1_inner=0.7453 | mejor=0.7640
[2026-10-02 15:24:24] ES outer1 | cfg=P_l1_b16_e6_w1_b_d2_s1_r9 | Inner 1/3
[2026-10-02 15:24:51] ES outer1 cfg=P_l1_b16_e6_w1_b_d2_s1_r9 Inner 1: F1=0.7398
[2026-10-02 15:24:51] ES outer1 | cfg=P_l1_b16_e6_w1_b_d2_s1_r9 | Inner 2/3
[2026-10-02 15:25:16] ES outer1 cfg=P_l1_b16_e6_w1_b_d2_s1_r9 Inner 2: F1=0.7485
[2026-10-02 15:25:16] ES outer1 | cfg=P_l1_b16_e6_w1_b_d2_s1_r9 | Inner 3/3
[2026-10-02 15:25:43] ES outer1 cfg=P_l1_b16_e6_w1_b_d2_s1_r9 Inner 3: F1=0.7290
[2026-10-02 15:25:43] ES outer1 | trial 8/20 F1_inner=0.7391 | mejor=0.7640
[2026-10-02 15:25:44] ES outer1 | cfg=P_l2_b16_e4_w10_b_d1_s1_r9 | Inner 1/3
[2026-10-02 15:26:01] ES outer1 cfg=P_l2_b16_e4_w10_b_d1_s1_r9 Inner 1: F1=0.7599
[2026-10-02 15:26:01] ES outer1 | cfg=P_l2_b16_e4_w10_b_d1_s1_r9 | Inner 2/3
[2026-10-02 15:26:20] ES outer1 cfg=P_l2_b16_e4_w10_b_d1_s1_r9 Inner 2: F1=0.7600
[2026-10-02 15:26:20] ES outer1 | cfg=P_l2_b16_e4_w10_b_d1_s1_r9 | Inner 3/3
[2026-10-02 15:26:38] ES outer1 cfg=P_l2_b16_e4_w10_b_d1_s1_r9 Inner 3: F1=0.7450
[2026-10-02 15:26:38] ES outer1 | trial 9/20 F1_inner=0.7550 | mejor=0.7640
[2026-10-02 15:26:39] ES outer1 | cfg=P_l2_b16_e6_w1_b_d1_s1_r9 | Inner 1/3
[2026-10-02 15:27:05] ES outer1 cfg=P_l2_b16_e6_w1_b_d1_s1_r9 Inner 1: F1=0.7777
[2026-10-02 15:27:05] ES outer1 | cfg=P_l2_b16_e6_w1_b_d1_s1_r9 | Inner 2/3
[2026-10-02 15:27:31] ES outer1 cfg=P_l2_b16_e6_w1_b_d1_s1_r9 Inner 2: F1=0.7623
[2026-10-02 15:27:31] ES outer1 | cfg=P_l2_b16_e6_w1_b_d1_s1_r9 | Inner 3/3
[2026-10-02 15:27:57] ES outer1 cfg=P_l2_b16_e6_w1_b_d1_s1_r9 Inner 3: F1=0.7620
[2026-10-02 15:27:57] ES outer1 | trial 10/20 F1_inner=0.7673 | mejor=0.7673
[2026-10-02 15:27:58] REUTILIZADO ES outer1 cfg=P_l2_b16_e6_w1_b_d1_s1_r9 inner=1: F1=0.7777
[2026-10-02 15:27:58] REUTILIZADO ES outer1 cfg=P_l2_b16_e6_w1_b_d1_s1_r9 inner=2: F1=0.7623
[2026-10-02 15:27:58] REUTILIZADO ES outer1 cfg=P_l2_b16_e6_w1_b_d1_s1_r9 inner=3: F1=0.7620
[2026-10-02 15:27:58] ES outer1 | trial 11/20 F1_inner=0.7673 | mejor=0.7673
[2026-10-02 15:27:58] REUTILIZADO ES outer1 cfg=P_l2_b16_e6_w1_b_d1_s1_r9 inner=1: F1=0.7777
[2026-10-02 15:27:58] REUTILIZADO ES outer1 cfg=P_l2_b16_e6_w1_b_d1_s1_r9 inner=2: F1=0.7623
[2026-10-02 15:27:58] REUTILIZADO ES outer1 cfg=P_l2_b16_e6_w1_b_d1_s1_r9 inner=3: F1=0.7620
[2026-10-02 15:27:58] ES outer1 | trial 12/20 F1_inner=0.7673 | mejor=0.7673
[2026-10-02 15:27:58] ES outer1 | cfg=P_l2_b16_e6_w1_s_d1_s1_r9 | Inner 1/3
[2026-10-02 15:28:25] ES outer1 cfg=P_l2_b16_e6_w1_s_d1_s1_r9 Inner 1: F1=0.7690
[2026-10-02 15:28:25] ES outer1 | cfg=P_l2_b16_e6_w1_s_d1_s1_r9 | Inner 2/3
[2026-10-02 15:28:47] ES outer1 cfg=P_l2_b16_e6_w1_s_d1_s1_r9 Inner 2: F1=0.7654
[2026-10-02 15:28:47] ES outer1 | cfg=P_l2_b16_e6_w1_s_d1_s1_r9 | Inner 3/3
[2026-10-02 15:29:14] ES outer1 cfg=P_l2_b16_e6_w1_s_d1_s1_r9 Inner 3: F1=0.7478
[2026-10-02 15:29:14] ES outer1 | trial 13/20 F1_inner=0.7607 | mejor=0.7673
[2026-10-02 15:29:14] ES outer1 | cfg=P_l2_b16_e6_w10_b_d1_s1_r9 | Inner 1/3
[2026-10-02 15:29:40] ES outer1 cfg=P_l2_b16_e6_w10_b_d1_s1_r9 Inner 1: F1=0.7777
[2026-10-02 15:29:40] ES outer1 | cfg=P_l2_b16_e6_w10_b_d1_s1_r9 | Inner 2/3
[2026-10-02 15:29:58] ES outer1 cfg=P_l2_b16_e6_w10_b_d1_s1_r9 Inner 2: F1=0.7575
[2026-10-02 15:29:58] ES outer1 | cfg=P_l2_b16_e6_w10_b_d1_s1_r9 | Inner 3/3
[2026-10-02 15:30:24] ES outer1 cfg=P_l2_b16_e6_w10_b_d1_s1_r9 Inner 3: F1=0.7620
[2026-10-02 15:30:24] ES outer1 | trial 14/20 F1_inner=0.7657 | mejor=0.7673
[2026-10-02 15:30:24] ES outer1 | cfg=P_l1_b16_e6_w1_b_d1_s1_r9 | Inner 1/3
[2026-10-02 15:30:52] ES outer1 cfg=P_l1_b16_e6_w1_b_d1_s1_r9 Inner 1: F1=0.7460
[2026-10-02 15:30:52] ES outer1 | cfg=P_l1_b16_e6_w1_b_d1_s1_r9 | Inner 2/3
[2026-10-02 15:31:14] ES outer1 cfg=P_l1_b16_e6_w1_b_d1_s1_r9 Inner 2: F1=0.7488
[2026-10-02 15:31:14] ES outer1 | cfg=P_l1_b16_e6_w1_b_d1_s1_r9 | Inner 3/3
[2026-10-02 15:31:40] ES outer1 cfg=P_l1_b16_e6_w1_b_d1_s1_r9 Inner 3: F1=0.7343
[2026-10-02 15:31:40] ES outer1 | trial 15/20 F1_inner=0.7430 | mejor=0.7673
[2026-10-02 15:31:40] ES outer1 | cfg=P_l2_b16_e6_w1_b_d3_s1_r9 | Inner 1/3
[2026-10-02 15:32:06] ES outer1 cfg=P_l2_b16_e6_w1_b_d3_s1_r9 Inner 1: F1=0.7717
[2026-10-02 15:32:06] ES outer1 | cfg=P_l2_b16_e6_w1_b_d3_s1_r9 | Inner 2/3
[2026-10-02 15:32:32] ES outer1 cfg=P_l2_b16_e6_w1_b_d3_s1_r9 Inner 2: F1=0.7627
[2026-10-02 15:32:32] ES outer1 | cfg=P_l2_b16_e6_w1_b_d3_s1_r9 | Inner 3/3
[2026-10-02 15:32:58] ES outer1 cfg=P_l2_b16_e6_w1_b_d3_s1_r9 Inner 3: F1=0.7595
[2026-10-02 15:32:59] ES outer1 | trial 16/20 F1_inner=0.7647 | mejor=0.7673
[2026-10-02 15:32:59] REUTILIZADO ES outer1 cfg=P_l2_b16_e6_w1_b_d1_s1_r9 inner=1: F1=0.7777
[2026-10-02 15:32:59] REUTILIZADO ES outer1 cfg=P_l2_b16_e6_w1_b_d1_s1_r9 inner=2: F1=0.7623
[2026-10-02 15:32:59] REUTILIZADO ES outer1 cfg=P_l2_b16_e6_w1_b_d1_s1_r9 inner=3: F1=0.7620
[2026-10-02 15:32:59] ES outer1 | trial 17/20 F1_inner=0.7673 | mejor=0.7673
[2026-10-02 15:32:59] ES outer1 | cfg=P_l1_b16_e4_w1_s_d2_s1_r9 | Inner 1/3
[2026-10-02 15:33:17] ES outer1 cfg=P_l1_b16_e4_w1_s_d2_s1_r9 Inner 1: F1=0.6995
[2026-10-02 15:33:17] ES outer1 | cfg=P_l1_b16_e4_w1_s_d2_s1_r9 | Inner 2/3
[2026-10-02 15:33:35] ES outer1 cfg=P_l1_b16_e4_w1_s_d2_s1_r9 Inner 2: F1=0.7071
[2026-10-02 15:33:35] ES outer1 | cfg=P_l1_b16_e4_w1_s_d2_s1_r9 | Inner 3/3
[2026-10-02 15:33:53] ES outer1 cfg=P_l1_b16_e4_w1_s_d2_s1_r9 Inner 3: F1=0.6926
[2026-10-02 15:33:54] ES outer1 | trial 18/20 F1_inner=0.6997 | mejor=0.7673
[2026-10-02 15:33:54] ES outer1 | cfg=P_l1_b16_e6_w10_b_d1_s1_r9 | Inner 1/3
[2026-10-02 15:34:21] ES outer1 cfg=P_l1_b16_e6_w10_b_d1_s1_r9 Inner 1: F1=0.7460
[2026-10-02 15:34:21] ES outer1 | cfg=P_l1_b16_e6_w10_b_d1_s1_r9 | Inner 2/3
[2026-10-02 15:34:42] ES outer1 cfg=P_l1_b16_e6_w10_b_d1_s1_r9 Inner 2: F1=0.7485
[2026-10-02 15:34:42] ES outer1 | cfg=P_l1_b16_e6_w10_b_d1_s1_r9 | Inner 3/3
[2026-10-02 15:35:08] ES outer1 cfg=P_l1_b16_e6_w10_b_d1_s1_r9 Inner 3: F1=0.7343
[2026-10-02 15:35:08] ES outer1 | trial 19/20 F1_inner=0.7429 | mejor=0.7673
[2026-10-02 15:35:09] ES outer1 | cfg=P_l2_b16_e4_w1_b_d1_s1_r9 | Inner 1/3
[2026-10-02 15:35:26] ES outer1 cfg=P_l2_b16_e4_w1_b_d1_s1_r9 Inner 1: F1=0.7599
[2026-10-02 15:35:26] ES outer1 | cfg=P_l2_b16_e4_w1_b_d1_s1_r9 | Inner 2/3
[2026-10-02 15:35:44] ES outer1 cfg=P_l2_b16_e4_w1_b_d1_s1_r9 Inner 2: F1=0.7604
[2026-10-02 15:35:44] ES outer1 | cfg=P_l2_b16_e4_w1_b_d1_s1_r9 | Inner 3/3
[2026-10-02 15:36:02] ES outer1 cfg=P_l2_b16_e4_w1_b_d1_s1_r9 Inner 3: F1=0.7436
[2026-10-02 15:36:02] ES outer1 | trial 20/20 F1_inner=0.7546 | mejor=0.7673
[2026-10-02 15:36:02] ES Outer 1: refit PYSENTIMIENTO, 4 épocas
[2026-10-02 15:36:32] ES Outer 1 refit: F1_train=0.9299, F1_outer=0.7867
[2026-10-02 15:36:32] [ES][RoBERTuito][Outer 1/5] FINALIZADO | prep=PYSENTIMIENTO | F1_inner=0.7673±0.0090 | F1_train=0.9299 | F1_outer=0.7867 | gap=0.1432
[2026-10-02 15:36:32] ES | Outer 2/5
[2026-10-02 15:36:33] ES outer2 | cfg=P_l1_b16_e4_w10_b_d3_s1_r9 | Inner 1/3
[2026-10-02 15:36:51] ES outer2 cfg=P_l1_b16_e4_w10_b_d3_s1_r9 Inner 1: F1=0.7080
[2026-10-02 15:36:51] ES outer2 | cfg=P_l1_b16_e4_w10_b_d3_s1_r9 | Inner 2/3
[2026-10-02 15:37:09] ES outer2 cfg=P_l1_b16_e4_w10_b_d3_s1_r9 Inner 2: F1=0.7316
[2026-10-02 15:37:09] ES outer2 | cfg=P_l1_b16_e4_w10_b_d3_s1_r9 | Inner 3/3
[2026-10-02 15:37:27] ES outer2 cfg=P_l1_b16_e4_w10_b_d3_s1_r9 Inner 3: F1=0.6872
[2026-10-02 15:37:27] ES outer2 | trial 1/20 F1_inner=0.7089 | mejor=0.7089
[2026-10-02 15:37:28] ES outer2 | cfg=P_l1_b16_e6_w1_s_d2_s1_r9 | Inner 1/3
[2026-10-02 15:37:55] ES outer2 cfg=P_l1_b16_e6_w1_s_d2_s1_r9 Inner 1: F1=0.7446
[2026-10-02 15:37:55] ES outer2 | cfg=P_l1_b16_e6_w1_s_d2_s1_r9 | Inner 2/3
[2026-10-02 15:38:21] ES outer2 cfg=P_l1_b16_e6_w1_s_d2_s1_r9 Inner 2: F1=0.7558
[2026-10-02 15:38:21] ES outer2 | cfg=P_l1_b16_e6_w1_s_d2_s1_r9 | Inner 3/3
[2026-10-02 15:38:47] ES outer2 cfg=P_l1_b16_e6_w1_s_d2_s1_r9 Inner 3: F1=0.7026
[2026-10-02 15:38:48] ES outer2 | trial 2/20 F1_inner=0.7343 | mejor=0.7343
[2026-10-02 15:38:48] ES outer2 | cfg=P_l2_b16_e6_w1_s_d3_s1_r9 | Inner 1/3
[2026-10-02 15:39:14] ES outer2 cfg=P_l2_b16_e6_w1_s_d3_s1_r9 Inner 1: F1=0.7789
[2026-10-02 15:39:14] ES outer2 | cfg=P_l2_b16_e6_w1_s_d3_s1_r9 | Inner 2/3
[2026-10-02 15:39:40] ES outer2 cfg=P_l2_b16_e6_w1_s_d3_s1_r9 Inner 2: F1=0.7856
[2026-10-02 15:39:40] ES outer2 | cfg=P_l2_b16_e6_w1_s_d3_s1_r9 | Inner 3/3
[2026-10-02 15:40:07] ES outer2 cfg=P_l2_b16_e6_w1_s_d3_s1_r9 Inner 3: F1=0.7451
[2026-10-02 15:40:07] ES outer2 | trial 3/20 F1_inner=0.7699 | mejor=0.7699
[2026-10-02 15:40:07] ES outer2 | cfg=P_l2_b16_e4_w10_b_d2_s1_r9 | Inner 1/3
[2026-10-02 15:40:26] ES outer2 cfg=P_l2_b16_e4_w10_b_d2_s1_r9 Inner 1: F1=0.7531
[2026-10-02 15:40:26] ES outer2 | cfg=P_l2_b16_e4_w10_b_d2_s1_r9 | Inner 2/3
[2026-10-02 15:40:44] ES outer2 cfg=P_l2_b16_e4_w10_b_d2_s1_r9 Inner 2: F1=0.7676
[2026-10-02 15:40:44] ES outer2 | cfg=P_l2_b16_e4_w10_b_d2_s1_r9 | Inner 3/3
[2026-10-02 15:41:02] ES outer2 cfg=P_l2_b16_e4_w10_b_d2_s1_r9 Inner 3: F1=0.7420
[2026-10-02 15:41:02] ES outer2 | trial 4/20 F1_inner=0.7542 | mejor=0.7699
[2026-10-02 15:41:02] ES outer2 | cfg=P_l1_b16_e6_w1_b_d3_s1_r9 | Inner 1/3
[2026-10-02 15:41:28] ES outer2 cfg=P_l1_b16_e6_w1_b_d3_s1_r9 Inner 1: F1=0.7344
[2026-10-02 15:41:28] ES outer2 | cfg=P_l1_b16_e6_w1_b_d3_s1_r9 | Inner 2/3
[2026-10-02 15:41:46] ES outer2 cfg=P_l1_b16_e6_w1_b_d3_s1_r9 Inner 2: F1=0.7387
[2026-10-02 15:41:46] ES outer2 | cfg=P_l1_b16_e6_w1_b_d3_s1_r9 | Inner 3/3
[2026-10-02 15:42:12] ES outer2 cfg=P_l1_b16_e6_w1_b_d3_s1_r9 Inner 3: F1=0.7141
[2026-10-02 15:42:12] ES outer2 | trial 5/20 F1_inner=0.7291 | mejor=0.7699
[2026-10-02 15:42:13] REUTILIZADO ES outer2 cfg=P_l2_b16_e6_w1_s_d3_s1_r9 inner=1: F1=0.7789
[2026-10-02 15:42:13] REUTILIZADO ES outer2 cfg=P_l2_b16_e6_w1_s_d3_s1_r9 inner=2: F1=0.7856
[2026-10-02 15:42:13] REUTILIZADO ES outer2 cfg=P_l2_b16_e6_w1_s_d3_s1_r9 inner=3: F1=0.7451
[2026-10-02 15:42:13] ES outer2 | trial 6/20 F1_inner=0.7699 | mejor=0.7699
[2026-10-02 15:42:13] ES outer2 | cfg=P_l2_b16_e6_w1_b_d1_s1_r9 | Inner 1/3
[2026-10-02 15:42:39] ES outer2 cfg=P_l2_b16_e6_w1_b_d1_s1_r9 Inner 1: F1=0.7790
[2026-10-02 15:42:39] ES outer2 | cfg=P_l2_b16_e6_w1_b_d1_s1_r9 | Inner 2/3
[2026-10-02 15:43:05] ES outer2 cfg=P_l2_b16_e6_w1_b_d1_s1_r9 Inner 2: F1=0.7892
[2026-10-02 15:43:05] ES outer2 | cfg=P_l2_b16_e6_w1_b_d1_s1_r9 | Inner 3/3
[2026-10-02 15:43:31] ES outer2 cfg=P_l2_b16_e6_w1_b_d1_s1_r9 Inner 3: F1=0.7460
[2026-10-02 15:43:31] ES outer2 | trial 7/20 F1_inner=0.7714 | mejor=0.7714
[2026-10-02 15:43:32] REUTILIZADO ES outer2 cfg=P_l2_b16_e6_w1_b_d1_s1_r9 inner=1: F1=0.7790
[2026-10-02 15:43:32] REUTILIZADO ES outer2 cfg=P_l2_b16_e6_w1_b_d1_s1_r9 inner=2: F1=0.7892
[2026-10-02 15:43:32] REUTILIZADO ES outer2 cfg=P_l2_b16_e6_w1_b_d1_s1_r9 inner=3: F1=0.7460
[2026-10-02 15:43:32] ES outer2 | trial 8/20 F1_inner=0.7714 | mejor=0.7714
[2026-10-02 15:43:32] ES outer2 | cfg=P_l2_b16_e4_w1_b_d1_s1_r9 | Inner 1/3
[2026-10-02 15:43:50] ES outer2 cfg=P_l2_b16_e4_w1_b_d1_s1_r9 Inner 1: F1=0.7612
[2026-10-02 15:43:50] ES outer2 | cfg=P_l2_b16_e4_w1_b_d1_s1_r9 | Inner 2/3
[2026-10-02 15:44:08] ES outer2 cfg=P_l2_b16_e4_w1_b_d1_s1_r9 Inner 2: F1=0.7750
[2026-10-02 15:44:08] ES outer2 | cfg=P_l2_b16_e4_w1_b_d1_s1_r9 | Inner 3/3
[2026-10-02 15:44:26] ES outer2 cfg=P_l2_b16_e4_w1_b_d1_s1_r9 Inner 3: F1=0.7528
[2026-10-02 15:44:27] ES outer2 | trial 9/20 F1_inner=0.7630 | mejor=0.7714
[2026-10-02 15:44:27] ES outer2 | cfg=P_l2_b16_e6_w10_s_d1_s1_r9 | Inner 1/3
[2026-10-02 15:44:54] ES outer2 cfg=P_l2_b16_e6_w10_s_d1_s1_r9 Inner 1: F1=0.7853
[2026-10-02 15:44:54] ES outer2 | cfg=P_l2_b16_e6_w10_s_d1_s1_r9 | Inner 2/3
[2026-10-02 15:45:20] ES outer2 cfg=P_l2_b16_e6_w10_s_d1_s1_r9 Inner 2: F1=0.7863
[2026-10-02 15:45:20] ES outer2 | cfg=P_l2_b16_e6_w10_s_d1_s1_r9 | Inner 3/3
[2026-10-02 15:45:47] ES outer2 cfg=P_l2_b16_e6_w10_s_d1_s1_r9 Inner 3: F1=0.7532
[2026-10-02 15:45:47] ES outer2 | trial 10/20 F1_inner=0.7749 | mejor=0.7749
[2026-10-02 15:45:47] REUTILIZADO ES outer2 cfg=P_l2_b16_e6_w10_s_d1_s1_r9 inner=1: F1=0.7853
[2026-10-02 15:45:47] REUTILIZADO ES outer2 cfg=P_l2_b16_e6_w10_s_d1_s1_r9 inner=2: F1=0.7863
[2026-10-02 15:45:47] REUTILIZADO ES outer2 cfg=P_l2_b16_e6_w10_s_d1_s1_r9 inner=3: F1=0.7532
[2026-10-02 15:45:47] ES outer2 | trial 11/20 F1_inner=0.7749 | mejor=0.7749
[2026-10-02 15:45:48] REUTILIZADO ES outer2 cfg=P_l2_b16_e6_w10_s_d1_s1_r9 inner=1: F1=0.7853
[2026-10-02 15:45:48] REUTILIZADO ES outer2 cfg=P_l2_b16_e6_w10_s_d1_s1_r9 inner=2: F1=0.7863
[2026-10-02 15:45:48] REUTILIZADO ES outer2 cfg=P_l2_b16_e6_w10_s_d1_s1_r9 inner=3: F1=0.7532
[2026-10-02 15:45:48] ES outer2 | trial 12/20 F1_inner=0.7749 | mejor=0.7749
[2026-10-02 15:45:48] ES outer2 | cfg=P_l2_b16_e4_w10_s_d1_s1_r9 | Inner 1/3
[2026-10-02 15:46:07] ES outer2 cfg=P_l2_b16_e4_w10_s_d1_s1_r9 Inner 1: F1=0.7585
[2026-10-02 15:46:07] ES outer2 | cfg=P_l2_b16_e4_w10_s_d1_s1_r9 | Inner 2/3
[2026-10-02 15:46:25] ES outer2 cfg=P_l2_b16_e4_w10_s_d1_s1_r9 Inner 2: F1=0.7664
[2026-10-02 15:46:25] ES outer2 | cfg=P_l2_b16_e4_w10_s_d1_s1_r9 | Inner 3/3
[2026-10-02 15:46:43] ES outer2 cfg=P_l2_b16_e4_w10_s_d1_s1_r9 Inner 3: F1=0.7181
[2026-10-02 15:46:43] ES outer2 | trial 13/20 F1_inner=0.7476 | mejor=0.7749
[2026-10-02 15:46:43] ES outer2 | cfg=P_l1_b16_e6_w10_s_d1_s1_r9 | Inner 1/3
[2026-10-02 15:47:09] ES outer2 cfg=P_l1_b16_e6_w10_s_d1_s1_r9 Inner 1: F1=0.7490
[2026-10-02 15:47:09] ES outer2 | cfg=P_l1_b16_e6_w10_s_d1_s1_r9 | Inner 2/3
[2026-10-02 15:47:35] ES outer2 cfg=P_l1_b16_e6_w10_s_d1_s1_r9 Inner 2: F1=0.7625
[2026-10-02 15:47:35] ES outer2 | cfg=P_l1_b16_e6_w10_s_d1_s1_r9 | Inner 3/3
[2026-10-02 15:48:01] ES outer2 cfg=P_l1_b16_e6_w10_s_d1_s1_r9 Inner 3: F1=0.7046
[2026-10-02 15:48:01] ES outer2 | trial 14/20 F1_inner=0.7387 | mejor=0.7749
[2026-10-02 15:48:01] ES outer2 | cfg=P_l2_b16_e6_w10_s_d3_s1_r9 | Inner 1/3
[2026-10-02 15:48:28] ES outer2 cfg=P_l2_b16_e6_w10_s_d3_s1_r9 Inner 1: F1=0.7789
[2026-10-02 15:48:28] ES outer2 | cfg=P_l2_b16_e6_w10_s_d3_s1_r9 | Inner 2/3
[2026-10-02 15:48:54] ES outer2 cfg=P_l2_b16_e6_w10_s_d3_s1_r9 Inner 2: F1=0.7834
[2026-10-02 15:48:54] ES outer2 | cfg=P_l2_b16_e6_w10_s_d3_s1_r9 | Inner 3/3
[2026-10-02 15:49:20] ES outer2 cfg=P_l2_b16_e6_w10_s_d3_s1_r9 Inner 3: F1=0.7407
[2026-10-02 15:49:20] ES outer2 | trial 15/20 F1_inner=0.7677 | mejor=0.7749
[2026-10-02 15:49:20] ES outer2 | cfg=P_l2_b16_e6_w10_s_d2_s1_r9 | Inner 1/3
[2026-10-02 15:49:46] ES outer2 cfg=P_l2_b16_e6_w10_s_d2_s1_r9 Inner 1: F1=0.7789
[2026-10-02 15:49:46] ES outer2 | cfg=P_l2_b16_e6_w10_s_d2_s1_r9 | Inner 2/3
[2026-10-02 15:50:12] ES outer2 cfg=P_l2_b16_e6_w10_s_d2_s1_r9 Inner 2: F1=0.7788
[2026-10-02 15:50:12] ES outer2 | cfg=P_l2_b16_e6_w10_s_d2_s1_r9 | Inner 3/3
[2026-10-02 15:50:39] ES outer2 cfg=P_l2_b16_e6_w10_s_d2_s1_r9 Inner 3: F1=0.7481
[2026-10-02 15:50:39] ES outer2 | trial 16/20 F1_inner=0.7686 | mejor=0.7749
[2026-10-02 15:50:39] ES outer2 | cfg=P_l2_b16_e6_w10_b_d1_s1_r9 | Inner 1/3
[2026-10-02 15:51:06] ES outer2 cfg=P_l2_b16_e6_w10_b_d1_s1_r9 Inner 1: F1=0.7779
[2026-10-02 15:51:06] ES outer2 | cfg=P_l2_b16_e6_w10_b_d1_s1_r9 | Inner 2/3
[2026-10-02 15:51:33] ES outer2 cfg=P_l2_b16_e6_w10_b_d1_s1_r9 Inner 2: F1=0.7892
[2026-10-02 15:51:33] ES outer2 | cfg=P_l2_b16_e6_w10_b_d1_s1_r9 | Inner 3/3
[2026-10-02 15:51:59] ES outer2 cfg=P_l2_b16_e6_w10_b_d1_s1_r9 Inner 3: F1=0.7479
[2026-10-02 15:51:59] ES outer2 | trial 17/20 F1_inner=0.7717 | mejor=0.7749
[2026-10-02 15:51:59] ES outer2 | cfg=P_l1_b16_e4_w10_s_d2_s1_r9 | Inner 1/3
[2026-10-02 15:52:17] ES outer2 cfg=P_l1_b16_e4_w10_s_d2_s1_r9 Inner 1: F1=0.7042
[2026-10-02 15:52:17] ES outer2 | cfg=P_l1_b16_e4_w10_s_d2_s1_r9 | Inner 2/3
[2026-10-02 15:52:35] ES outer2 cfg=P_l1_b16_e4_w10_s_d2_s1_r9 Inner 2: F1=0.7276
[2026-10-02 15:52:35] ES outer2 | cfg=P_l1_b16_e4_w10_s_d2_s1_r9 | Inner 3/3
[2026-10-02 15:52:53] ES outer2 cfg=P_l1_b16_e4_w10_s_d2_s1_r9 Inner 3: F1=0.6675
[2026-10-02 15:52:53] ES outer2 | trial 18/20 F1_inner=0.6998 | mejor=0.7749
[2026-10-02 15:52:53] ES outer2 | cfg=P_l2_b16_e4_w1_s_d2_s1_r9 | Inner 1/3
[2026-10-02 15:53:11] ES outer2 cfg=P_l2_b16_e4_w1_s_d2_s1_r9 Inner 1: F1=0.7498
[2026-10-02 15:53:11] ES outer2 | cfg=P_l2_b16_e4_w1_s_d2_s1_r9 | Inner 2/3
[2026-10-02 15:53:29] ES outer2 cfg=P_l2_b16_e4_w1_s_d2_s1_r9 Inner 2: F1=0.7701
[2026-10-02 15:53:29] ES outer2 | cfg=P_l2_b16_e4_w1_s_d2_s1_r9 | Inner 3/3
[2026-10-02 15:53:47] ES outer2 cfg=P_l2_b16_e4_w1_s_d2_s1_r9 Inner 3: F1=0.7195
[2026-10-02 15:53:47] ES outer2 | trial 19/20 F1_inner=0.7465 | mejor=0.7749
[2026-10-02 15:53:47] ES outer2 | cfg=P_l2_b16_e6_w1_s_d1_s1_r9 | Inner 1/3
[2026-10-02 15:54:13] ES outer2 cfg=P_l2_b16_e6_w1_s_d1_s1_r9 Inner 1: F1=0.7832
[2026-10-02 15:54:13] ES outer2 | cfg=P_l2_b16_e6_w1_s_d1_s1_r9 | Inner 2/3
[2026-10-02 15:54:40] ES outer2 cfg=P_l2_b16_e6_w1_s_d1_s1_r9 Inner 2: F1=0.7863
[2026-10-02 15:54:40] ES outer2 | cfg=P_l2_b16_e6_w1_s_d1_s1_r9 | Inner 3/3
[2026-10-02 15:55:06] ES outer2 cfg=P_l2_b16_e6_w1_s_d1_s1_r9 Inner 3: F1=0.7532
[2026-10-02 15:55:06] ES outer2 | trial 20/20 F1_inner=0.7742 | mejor=0.7749
[2026-10-02 15:55:06] ES Outer 2: refit PYSENTIMIENTO, 6 épocas
[2026-10-02 15:55:36] ACTIVO: ES Outer 2: refit PYSENTIMIENTO, 6 épocas
[2026-10-02 15:55:50] ES Outer 2 refit: F1_train=0.9691, F1_outer=0.7297
[2026-10-02 15:55:50] [ES][RoBERTuito][Outer 2/5] FINALIZADO | prep=PYSENTIMIENTO | F1_inner=0.7749±0.0188 | F1_train=0.9691 | F1_outer=0.7297 | gap=0.2395
[2026-10-02 15:55:50] ES | Outer 3/5
[2026-10-02 15:55:51] ES outer3 | cfg=P_l1_b16_e4_w10_b_d3_s1_r9 | Inner 1/3
[2026-10-02 15:56:08] ES outer3 cfg=P_l1_b16_e4_w10_b_d3_s1_r9 Inner 1: F1=0.6824
[2026-10-02 15:56:08] ES outer3 | cfg=P_l1_b16_e4_w10_b_d3_s1_r9 | Inner 2/3
[2026-10-02 15:56:27] ES outer3 cfg=P_l1_b16_e4_w10_b_d3_s1_r9 Inner 2: F1=0.6992
[2026-10-02 15:56:27] ES outer3 | cfg=P_l1_b16_e4_w10_b_d3_s1_r9 | Inner 3/3
[2026-10-02 15:56:45] ES outer3 cfg=P_l1_b16_e4_w10_b_d3_s1_r9 Inner 3: F1=0.7400
[2026-10-02 15:56:45] ES outer3 | trial 1/20 F1_inner=0.7072 | mejor=0.7072
[2026-10-02 15:56:45] ES outer3 | cfg=P_l2_b16_e6_w10_s_d2_s1_r9 | Inner 1/3
[2026-10-02 15:57:12] ES outer3 cfg=P_l2_b16_e6_w10_s_d2_s1_r9 Inner 1: F1=0.7426
[2026-10-02 15:57:12] ES outer3 | cfg=P_l2_b16_e6_w10_s_d2_s1_r9 | Inner 2/3
[2026-10-02 15:57:38] ES outer3 cfg=P_l2_b16_e6_w10_s_d2_s1_r9 Inner 2: F1=0.7640
[2026-10-02 15:57:38] ES outer3 | cfg=P_l2_b16_e6_w10_s_d2_s1_r9 | Inner 3/3
[2026-10-02 15:58:05] ES outer3 cfg=P_l2_b16_e6_w10_s_d2_s1_r9 Inner 3: F1=0.7798
[2026-10-02 15:58:05] ES outer3 | trial 2/20 F1_inner=0.7621 | mejor=0.7621
[2026-10-02 15:58:05] ES outer3 | cfg=P_l2_b16_e6_w1_s_d1_s1_r9 | Inner 1/3
[2026-10-02 15:58:31] ES outer3 cfg=P_l2_b16_e6_w1_s_d1_s1_r9 Inner 1: F1=0.7536
[2026-10-02 15:58:31] ES outer3 | cfg=P_l2_b16_e6_w1_s_d1_s1_r9 | Inner 2/3
[2026-10-02 15:58:58] ES outer3 cfg=P_l2_b16_e6_w1_s_d1_s1_r9 Inner 2: F1=0.7641
[2026-10-02 15:58:58] ES outer3 | cfg=P_l2_b16_e6_w1_s_d1_s1_r9 | Inner 3/3
[2026-10-02 15:59:24] ES outer3 cfg=P_l2_b16_e6_w1_s_d1_s1_r9 Inner 3: F1=0.7856
[2026-10-02 15:59:24] ES outer3 | trial 3/20 F1_inner=0.7678 | mejor=0.7678
[2026-10-02 15:59:25] ES outer3 | cfg=P_l2_b16_e6_w1_b_d2_s1_r9 | Inner 1/3
[2026-10-02 15:59:51] ES outer3 cfg=P_l2_b16_e6_w1_b_d2_s1_r9 Inner 1: F1=0.7551
[2026-10-02 15:59:51] ES outer3 | cfg=P_l2_b16_e6_w1_b_d2_s1_r9 | Inner 2/3
[2026-10-02 16:00:17] ES outer3 cfg=P_l2_b16_e6_w1_b_d2_s1_r9 Inner 2: F1=0.7675
[2026-10-02 16:00:17] ES outer3 | cfg=P_l2_b16_e6_w1_b_d2_s1_r9 | Inner 3/3
[2026-10-02 16:00:43] ES outer3 cfg=P_l2_b16_e6_w1_b_d2_s1_r9 Inner 3: F1=0.7897
[2026-10-02 16:00:44] ES outer3 | trial 4/20 F1_inner=0.7708 | mejor=0.7708
[2026-10-02 16:00:44] ES outer3 | cfg=P_l2_b16_e4_w1_s_d1_s1_r9 | Inner 1/3
[2026-10-02 16:01:02] ES outer3 cfg=P_l2_b16_e4_w1_s_d1_s1_r9 Inner 1: F1=0.7338
[2026-10-02 16:01:02] ES outer3 | cfg=P_l2_b16_e4_w1_s_d1_s1_r9 | Inner 2/3
[2026-10-02 16:01:20] ES outer3 cfg=P_l2_b16_e4_w1_s_d1_s1_r9 Inner 2: F1=0.7401
[2026-10-02 16:01:20] ES outer3 | cfg=P_l2_b16_e4_w1_s_d1_s1_r9 | Inner 3/3
[2026-10-02 16:01:38] ES outer3 cfg=P_l2_b16_e4_w1_s_d1_s1_r9 Inner 3: F1=0.7773
[2026-10-02 16:01:38] ES outer3 | trial 5/20 F1_inner=0.7504 | mejor=0.7708
[2026-10-02 16:01:38] ES outer3 | cfg=P_l2_b16_e6_w1_b_d3_s1_r9 | Inner 1/3
[2026-10-02 16:02:05] ES outer3 cfg=P_l2_b16_e6_w1_b_d3_s1_r9 Inner 1: F1=0.7494
[2026-10-02 16:02:05] ES outer3 | cfg=P_l2_b16_e6_w1_b_d3_s1_r9 | Inner 2/3
[2026-10-02 16:02:31] ES outer3 cfg=P_l2_b16_e6_w1_b_d3_s1_r9 Inner 2: F1=0.7687
[2026-10-02 16:02:31] ES outer3 | cfg=P_l2_b16_e6_w1_b_d3_s1_r9 | Inner 3/3
[2026-10-02 16:02:57] ES outer3 cfg=P_l2_b16_e6_w1_b_d3_s1_r9 Inner 3: F1=0.7860
[2026-10-02 16:02:57] ES outer3 | trial 6/20 F1_inner=0.7680 | mejor=0.7708
[2026-10-02 16:02:57] ES outer3 | cfg=P_l1_b16_e6_w1_b_d2_s1_r9 | Inner 1/3
[2026-10-02 16:03:24] ES outer3 cfg=P_l1_b16_e6_w1_b_d2_s1_r9 Inner 1: F1=0.7140
[2026-10-02 16:03:24] ES outer3 | cfg=P_l1_b16_e6_w1_b_d2_s1_r9 | Inner 2/3
[2026-10-02 16:03:50] ES outer3 cfg=P_l1_b16_e6_w1_b_d2_s1_r9 Inner 2: F1=0.7485
[2026-10-02 16:03:50] ES outer3 | cfg=P_l1_b16_e6_w1_b_d2_s1_r9 | Inner 3/3
[2026-10-02 16:04:18] ES outer3 cfg=P_l1_b16_e6_w1_b_d2_s1_r9 Inner 3: F1=0.7627
[2026-10-02 16:04:18] ES outer3 | trial 7/20 F1_inner=0.7417 | mejor=0.7708
[2026-10-02 16:04:18] REUTILIZADO ES outer3 cfg=P_l2_b16_e6_w1_b_d2_s1_r9 inner=1: F1=0.7551
[2026-10-02 16:04:18] REUTILIZADO ES outer3 cfg=P_l2_b16_e6_w1_b_d2_s1_r9 inner=2: F1=0.7675
[2026-10-02 16:04:18] REUTILIZADO ES outer3 cfg=P_l2_b16_e6_w1_b_d2_s1_r9 inner=3: F1=0.7897
[2026-10-02 16:04:18] ES outer3 | trial 8/20 F1_inner=0.7708 | mejor=0.7708
[2026-10-02 16:04:18] ES outer3 | cfg=P_l2_b16_e4_w1_b_d2_s1_r9 | Inner 1/3
[2026-10-02 16:04:36] ES outer3 cfg=P_l2_b16_e4_w1_b_d2_s1_r9 Inner 1: F1=0.7340
[2026-10-02 16:04:36] ES outer3 | cfg=P_l2_b16_e4_w1_b_d2_s1_r9 | Inner 2/3
[2026-10-02 16:04:54] ES outer3 cfg=P_l2_b16_e4_w1_b_d2_s1_r9 Inner 2: F1=0.7577
[2026-10-02 16:04:54] ES outer3 | cfg=P_l2_b16_e4_w1_b_d2_s1_r9 | Inner 3/3
[2026-10-02 16:05:12] ES outer3 cfg=P_l2_b16_e4_w1_b_d2_s1_r9 Inner 3: F1=0.7686
[2026-10-02 16:05:12] ES outer3 | trial 9/20 F1_inner=0.7534 | mejor=0.7708
[2026-10-02 16:05:12] ES outer3 | cfg=P_l2_b16_e6_w10_b_d1_s1_r9 | Inner 1/3
[2026-10-02 16:05:39] ES outer3 cfg=P_l2_b16_e6_w10_b_d1_s1_r9 Inner 1: F1=0.7600
[2026-10-02 16:05:39] ES outer3 | cfg=P_l2_b16_e6_w10_b_d1_s1_r9 | Inner 2/3
[2026-10-02 16:06:06] ES outer3 cfg=P_l2_b16_e6_w10_b_d1_s1_r9 Inner 2: F1=0.7727
[2026-10-02 16:06:06] ES outer3 | cfg=P_l2_b16_e6_w10_b_d1_s1_r9 | Inner 3/3
[2026-10-02 16:06:32] ES outer3 cfg=P_l2_b16_e6_w10_b_d1_s1_r9 Inner 3: F1=0.7835
[2026-10-02 16:06:33] ES outer3 | trial 10/20 F1_inner=0.7720 | mejor=0.7720
[2026-10-02 16:06:33] REUTILIZADO ES outer3 cfg=P_l2_b16_e6_w10_b_d1_s1_r9 inner=1: F1=0.7600
[2026-10-02 16:06:33] REUTILIZADO ES outer3 cfg=P_l2_b16_e6_w10_b_d1_s1_r9 inner=2: F1=0.7727
[2026-10-02 16:06:33] REUTILIZADO ES outer3 cfg=P_l2_b16_e6_w10_b_d1_s1_r9 inner=3: F1=0.7835
[2026-10-02 16:06:33] ES outer3 | trial 11/20 F1_inner=0.7720 | mejor=0.7720
[2026-10-02 16:06:33] REUTILIZADO ES outer3 cfg=P_l2_b16_e6_w10_b_d1_s1_r9 inner=1: F1=0.7600
[2026-10-02 16:06:33] REUTILIZADO ES outer3 cfg=P_l2_b16_e6_w10_b_d1_s1_r9 inner=2: F1=0.7727
[2026-10-02 16:06:33] REUTILIZADO ES outer3 cfg=P_l2_b16_e6_w10_b_d1_s1_r9 inner=3: F1=0.7835
[2026-10-02 16:06:33] ES outer3 | trial 12/20 F1_inner=0.7720 | mejor=0.7720
[2026-10-02 16:06:34] ES outer3 | cfg=P_l1_b16_e6_w10_b_d1_s1_r9 | Inner 1/3
[2026-10-02 16:07:00] ES outer3 cfg=P_l1_b16_e6_w10_b_d1_s1_r9 Inner 1: F1=0.7293
[2026-10-02 16:07:00] ES outer3 | cfg=P_l1_b16_e6_w10_b_d1_s1_r9 | Inner 2/3
[2026-10-02 16:07:26] ES outer3 cfg=P_l1_b16_e6_w10_b_d1_s1_r9 Inner 2: F1=0.7454
[2026-10-02 16:07:26] ES outer3 | cfg=P_l1_b16_e6_w10_b_d1_s1_r9 | Inner 3/3
[2026-10-02 16:07:52] ES outer3 cfg=P_l1_b16_e6_w10_b_d1_s1_r9 Inner 3: F1=0.7667
[2026-10-02 16:07:52] ES outer3 | trial 13/20 F1_inner=0.7471 | mejor=0.7720
[2026-10-02 16:07:52] ES outer3 | cfg=P_l2_b16_e4_w10_b_d1_s1_r9 | Inner 1/3
[2026-10-02 16:08:10] ES outer3 cfg=P_l2_b16_e4_w10_b_d1_s1_r9 Inner 1: F1=0.7419
[2026-10-02 16:08:10] ES outer3 | cfg=P_l2_b16_e4_w10_b_d1_s1_r9 | Inner 2/3
[2026-10-02 16:08:28] ES outer3 cfg=P_l2_b16_e4_w10_b_d1_s1_r9 Inner 2: F1=0.7627
[2026-10-02 16:08:28] ES outer3 | cfg=P_l2_b16_e4_w10_b_d1_s1_r9 | Inner 3/3
[2026-10-02 16:08:46] ES outer3 cfg=P_l2_b16_e4_w10_b_d1_s1_r9 Inner 3: F1=0.7693
[2026-10-02 16:08:46] ES outer3 | trial 14/20 F1_inner=0.7580 | mejor=0.7720
[2026-10-02 16:08:46] ES outer3 | cfg=P_l2_b16_e6_w10_b_d3_s1_r9 | Inner 1/3
[2026-10-02 16:09:12] ES outer3 cfg=P_l2_b16_e6_w10_b_d3_s1_r9 Inner 1: F1=0.7494
[2026-10-02 16:09:12] ES outer3 | cfg=P_l2_b16_e6_w10_b_d3_s1_r9 | Inner 2/3
[2026-10-02 16:09:38] ES outer3 cfg=P_l2_b16_e6_w10_b_d3_s1_r9 Inner 2: F1=0.7687
[2026-10-02 16:09:38] ES outer3 | cfg=P_l2_b16_e6_w10_b_d3_s1_r9 | Inner 3/3
[2026-10-02 16:10:05] ES outer3 cfg=P_l2_b16_e6_w10_b_d3_s1_r9 Inner 3: F1=0.7850
[2026-10-02 16:10:05] ES outer3 | trial 15/20 F1_inner=0.7677 | mejor=0.7720
[2026-10-02 16:10:05] ES outer3 | cfg=P_l1_b16_e6_w10_s_d3_s1_r9 | Inner 1/3
[2026-10-02 16:10:31] ES outer3 cfg=P_l1_b16_e6_w10_s_d3_s1_r9 Inner 1: F1=0.7024
[2026-10-02 16:10:31] ES outer3 | cfg=P_l1_b16_e6_w10_s_d3_s1_r9 | Inner 2/3
[2026-10-02 16:10:58] ES outer3 cfg=P_l1_b16_e6_w10_s_d3_s1_r9 Inner 2: F1=0.7133
[2026-10-02 16:10:58] ES outer3 | cfg=P_l1_b16_e6_w10_s_d3_s1_r9 | Inner 3/3
[2026-10-02 16:11:25] ES outer3 cfg=P_l1_b16_e6_w10_s_d3_s1_r9 Inner 3: F1=0.7451
[2026-10-02 16:11:26] ES outer3 | trial 16/20 F1_inner=0.7203 | mejor=0.7720
[2026-10-02 16:11:26] ES outer3 | cfg=P_l2_b16_e6_w10_s_d1_s1_r9 | Inner 1/3
[2026-10-02 16:11:52] ES outer3 cfg=P_l2_b16_e6_w10_s_d1_s1_r9 Inner 1: F1=0.7558
[2026-10-02 16:11:52] ES outer3 | cfg=P_l2_b16_e6_w10_s_d1_s1_r9 | Inner 2/3
[2026-10-02 16:12:21] ES outer3 cfg=P_l2_b16_e6_w10_s_d1_s1_r9 Inner 2: F1=0.7641
[2026-10-02 16:12:21] ES outer3 | cfg=P_l2_b16_e6_w10_s_d1_s1_r9 | Inner 3/3
[2026-10-02 16:12:39] ES outer3 cfg=P_l2_b16_e6_w10_s_d1_s1_r9 Inner 3: F1=0.7801
[2026-10-02 16:12:39] ES outer3 | trial 17/20 F1_inner=0.7667 | mejor=0.7720
[2026-10-02 16:12:39] ES outer3 | cfg=P_l2_b16_e4_w10_s_d3_s1_r9 | Inner 1/3
[2026-10-02 16:12:58] ES outer3 cfg=P_l2_b16_e4_w10_s_d3_s1_r9 Inner 1: F1=0.7178
[2026-10-02 16:12:58] ES outer3 | cfg=P_l2_b16_e4_w10_s_d3_s1_r9 | Inner 2/3
[2026-10-02 16:13:16] ES outer3 cfg=P_l2_b16_e4_w10_s_d3_s1_r9 Inner 2: F1=0.7287
[2026-10-02 16:13:16] ES outer3 | cfg=P_l2_b16_e4_w10_s_d3_s1_r9 | Inner 3/3
[2026-10-02 16:13:34] ES outer3 cfg=P_l2_b16_e4_w10_s_d3_s1_r9 Inner 3: F1=0.7552
[2026-10-02 16:13:34] ES outer3 | trial 18/20 F1_inner=0.7339 | mejor=0.7720
[2026-10-02 16:13:34] ES outer3 | cfg=P_l1_b16_e4_w1_b_d1_s1_r9 | Inner 1/3
[2026-10-02 16:13:53] ES outer3 cfg=P_l1_b16_e4_w1_b_d1_s1_r9 Inner 1: F1=0.6922
[2026-10-02 16:13:53] ES outer3 | cfg=P_l1_b16_e4_w1_b_d1_s1_r9 | Inner 2/3
[2026-10-02 16:14:11] ES outer3 cfg=P_l1_b16_e4_w1_b_d1_s1_r9 Inner 2: F1=0.7165
[2026-10-02 16:14:11] ES outer3 | cfg=P_l1_b16_e4_w1_b_d1_s1_r9 | Inner 3/3
[2026-10-02 16:14:29] ES outer3 cfg=P_l1_b16_e4_w1_b_d1_s1_r9 Inner 3: F1=0.7418
[2026-10-02 16:14:29] ES outer3 | trial 19/20 F1_inner=0.7168 | mejor=0.7720
[2026-10-02 16:14:29] ES outer3 | cfg=P_l1_b16_e4_w10_s_d2_s1_r9 | Inner 1/3
[2026-10-02 16:14:47] ES outer3 cfg=P_l1_b16_e4_w10_s_d2_s1_r9 Inner 1: F1=0.6971
[2026-10-02 16:14:47] ES outer3 | cfg=P_l1_b16_e4_w10_s_d2_s1_r9 | Inner 2/3
[2026-10-02 16:15:05] ES outer3 cfg=P_l1_b16_e4_w10_s_d2_s1_r9 Inner 2: F1=0.6738
[2026-10-02 16:15:05] ES outer3 | cfg=P_l1_b16_e4_w10_s_d2_s1_r9 | Inner 3/3
[2026-10-02 16:15:23] ES outer3 cfg=P_l1_b16_e4_w10_s_d2_s1_r9 Inner 3: F1=0.7143
[2026-10-02 16:15:23] ES outer3 | trial 20/20 F1_inner=0.6950 | mejor=0.7720
[2026-10-02 16:15:23] ES Outer 3: refit PYSENTIMIENTO, 5 épocas
[2026-10-02 16:15:53] ACTIVO: ES Outer 3: refit PYSENTIMIENTO, 5 épocas
[2026-10-02 16:16:00] ES Outer 3 refit: F1_train=0.9511, F1_outer=0.7722
[2026-10-02 16:16:00] [ES][RoBERTuito][Outer 3/5] FINALIZADO | prep=PYSENTIMIENTO | F1_inner=0.7720±0.0118 | F1_train=0.9511 | F1_outer=0.7722 | gap=0.1790
[2026-10-02 16:16:00] ES | Outer 4/5
[2026-10-02 16:16:01] ES outer4 | cfg=P_l1_b16_e6_w10_b_d1_s1_r9 | Inner 1/3
[2026-10-02 16:16:27] ES outer4 cfg=P_l1_b16_e6_w10_b_d1_s1_r9 Inner 1: F1=0.7308
[2026-10-02 16:16:27] ES outer4 | cfg=P_l1_b16_e6_w10_b_d1_s1_r9 | Inner 2/3
[2026-10-02 16:16:53] ES outer4 cfg=P_l1_b16_e6_w10_b_d1_s1_r9 Inner 2: F1=0.7226
[2026-10-02 16:16:53] ES outer4 | cfg=P_l1_b16_e6_w10_b_d1_s1_r9 | Inner 3/3
[2026-10-02 16:17:20] ES outer4 cfg=P_l1_b16_e6_w10_b_d1_s1_r9 Inner 3: F1=0.7623
[2026-10-02 16:17:21] ES outer4 | trial 1/20 F1_inner=0.7386 | mejor=0.7386
[2026-10-02 16:17:21] ES outer4 | cfg=P_l2_b16_e6_w1_s_d1_s1_r9 | Inner 1/3
[2026-10-02 16:17:47] ES outer4 cfg=P_l2_b16_e6_w1_s_d1_s1_r9 Inner 1: F1=0.7543
[2026-10-02 16:17:47] ES outer4 | cfg=P_l2_b16_e6_w1_s_d1_s1_r9 | Inner 2/3
[2026-10-02 16:18:13] ES outer4 cfg=P_l2_b16_e6_w1_s_d1_s1_r9 Inner 2: F1=0.7600
[2026-10-02 16:18:13] ES outer4 | cfg=P_l2_b16_e6_w1_s_d1_s1_r9 | Inner 3/3
[2026-10-02 16:18:39] ES outer4 cfg=P_l2_b16_e6_w1_s_d1_s1_r9 Inner 3: F1=0.7854
[2026-10-02 16:18:39] ES outer4 | trial 2/20 F1_inner=0.7666 | mejor=0.7666
[2026-10-02 16:18:40] ES outer4 | cfg=P_l2_b16_e6_w1_b_d2_s1_r9 | Inner 1/3
[2026-10-02 16:19:06] ES outer4 cfg=P_l2_b16_e6_w1_b_d2_s1_r9 Inner 1: F1=0.7603
[2026-10-02 16:19:06] ES outer4 | cfg=P_l2_b16_e6_w1_b_d2_s1_r9 | Inner 2/3
[2026-10-02 16:19:32] ES outer4 cfg=P_l2_b16_e6_w1_b_d2_s1_r9 Inner 2: F1=0.7658
[2026-10-02 16:19:32] ES outer4 | cfg=P_l2_b16_e6_w1_b_d2_s1_r9 | Inner 3/3
[2026-10-02 16:19:58] ES outer4 cfg=P_l2_b16_e6_w1_b_d2_s1_r9 Inner 3: F1=0.7953
[2026-10-02 16:19:58] ES outer4 | trial 3/20 F1_inner=0.7738 | mejor=0.7738
[2026-10-02 16:19:58] ES outer4 | cfg=P_l1_b16_e4_w10_s_d1_s1_r9 | Inner 1/3
[2026-10-02 16:20:16] ES outer4 cfg=P_l1_b16_e4_w10_s_d1_s1_r9 Inner 1: F1=0.7004
[2026-10-02 16:20:16] ES outer4 | cfg=P_l1_b16_e4_w10_s_d1_s1_r9 | Inner 2/3
[2026-10-02 16:20:34] ES outer4 cfg=P_l1_b16_e4_w10_s_d1_s1_r9 Inner 2: F1=0.7090
[2026-10-02 16:20:34] ES outer4 | cfg=P_l1_b16_e4_w10_s_d1_s1_r9 | Inner 3/3
[2026-10-02 16:20:52] ES outer4 cfg=P_l1_b16_e4_w10_s_d1_s1_r9 Inner 3: F1=0.7566
[2026-10-02 16:20:52] ES outer4 | trial 4/20 F1_inner=0.7220 | mejor=0.7738
[2026-10-02 16:20:53] ES outer4 | cfg=P_l2_b16_e6_w10_b_d3_s1_r9 | Inner 1/3
[2026-10-02 16:21:19] ES outer4 cfg=P_l2_b16_e6_w10_b_d3_s1_r9 Inner 1: F1=0.7520
[2026-10-02 16:21:19] ES outer4 | cfg=P_l2_b16_e6_w10_b_d3_s1_r9 | Inner 2/3
[2026-10-02 16:21:45] ES outer4 cfg=P_l2_b16_e6_w10_b_d3_s1_r9 Inner 2: F1=0.7540
[2026-10-02 16:21:45] ES outer4 | cfg=P_l2_b16_e6_w10_b_d3_s1_r9 | Inner 3/3
[2026-10-02 16:22:10] ES outer4 cfg=P_l2_b16_e6_w10_b_d3_s1_r9 Inner 3: F1=0.7941
[2026-10-02 16:22:10] ES outer4 | trial 5/20 F1_inner=0.7667 | mejor=0.7738
[2026-10-02 16:22:11] ES outer4 | cfg=P_l1_b16_e6_w1_s_d2_s1_r9 | Inner 1/3
[2026-10-02 16:22:31] ES outer4 cfg=P_l1_b16_e6_w1_s_d2_s1_r9 Inner 1: F1=0.7032
[2026-10-02 16:22:31] ES outer4 | cfg=P_l1_b16_e6_w1_s_d2_s1_r9 | Inner 2/3
[2026-10-02 16:22:56] ES outer4 cfg=P_l1_b16_e6_w1_s_d2_s1_r9 Inner 2: F1=0.7246
[2026-10-02 16:22:56] ES outer4 | cfg=P_l1_b16_e6_w1_s_d2_s1_r9 | Inner 3/3
[2026-10-02 16:23:20] ES outer4 cfg=P_l1_b16_e6_w1_s_d2_s1_r9 Inner 3: F1=0.7694
[2026-10-02 16:23:21] ES outer4 | trial 6/20 F1_inner=0.7324 | mejor=0.7738
[2026-10-02 16:23:21] REUTILIZADO ES outer4 cfg=P_l2_b16_e6_w1_b_d2_s1_r9 inner=1: F1=0.7603
[2026-10-02 16:23:21] REUTILIZADO ES outer4 cfg=P_l2_b16_e6_w1_b_d2_s1_r9 inner=2: F1=0.7658
[2026-10-02 16:23:21] REUTILIZADO ES outer4 cfg=P_l2_b16_e6_w1_b_d2_s1_r9 inner=3: F1=0.7953
[2026-10-02 16:23:21] ES outer4 | trial 7/20 F1_inner=0.7738 | mejor=0.7738
[2026-10-02 16:23:21] ES outer4 | cfg=P_l2_b16_e4_w10_b_d2_s1_r9 | Inner 1/3
[2026-10-02 16:23:38] ES outer4 cfg=P_l2_b16_e4_w10_b_d2_s1_r9 Inner 1: F1=0.7336
[2026-10-02 16:23:38] ES outer4 | cfg=P_l2_b16_e4_w10_b_d2_s1_r9 | Inner 2/3
[2026-10-02 16:23:55] ES outer4 cfg=P_l2_b16_e4_w10_b_d2_s1_r9 Inner 2: F1=0.7308
[2026-10-02 16:23:55] ES outer4 | cfg=P_l2_b16_e4_w10_b_d2_s1_r9 | Inner 3/3
[2026-10-02 16:24:12] ES outer4 cfg=P_l2_b16_e4_w10_b_d2_s1_r9 Inner 3: F1=0.7818
[2026-10-02 16:24:12] ES outer4 | trial 8/20 F1_inner=0.7488 | mejor=0.7738
[2026-10-02 16:24:12] ES outer4 | cfg=P_l1_b16_e4_w1_b_d1_s1_r9 | Inner 1/3
[2026-10-02 16:24:29] ES outer4 cfg=P_l1_b16_e4_w1_b_d1_s1_r9 Inner 1: F1=0.7016
[2026-10-02 16:24:29] ES outer4 | cfg=P_l1_b16_e4_w1_b_d1_s1_r9 | Inner 2/3
[2026-10-02 16:24:46] ES outer4 cfg=P_l1_b16_e4_w1_b_d1_s1_r9 Inner 2: F1=0.7092
[2026-10-02 16:24:46] ES outer4 | cfg=P_l1_b16_e4_w1_b_d1_s1_r9 | Inner 3/3
[2026-10-02 16:25:03] ES outer4 cfg=P_l1_b16_e4_w1_b_d1_s1_r9 Inner 3: F1=0.7537
[2026-10-02 16:25:03] ES outer4 | trial 9/20 F1_inner=0.7215 | mejor=0.7738
[2026-10-02 16:25:03] ES outer4 | cfg=P_l1_b16_e4_w1_s_d3_s1_r9 | Inner 1/3
[2026-10-02 16:25:20] ES outer4 cfg=P_l1_b16_e4_w1_s_d3_s1_r9 Inner 1: F1=0.6787
[2026-10-02 16:25:20] ES outer4 | cfg=P_l1_b16_e4_w1_s_d3_s1_r9 | Inner 2/3
[2026-10-02 16:25:37] ES outer4 cfg=P_l1_b16_e4_w1_s_d3_s1_r9 Inner 2: F1=0.6752
[2026-10-02 16:25:37] ES outer4 | cfg=P_l1_b16_e4_w1_s_d3_s1_r9 | Inner 3/3
[2026-10-02 16:25:54] ES outer4 cfg=P_l1_b16_e4_w1_s_d3_s1_r9 Inner 3: F1=0.7410
[2026-10-02 16:25:54] ES outer4 | trial 10/20 F1_inner=0.6983 | mejor=0.7738
[2026-10-02 16:25:54] ES outer4 | cfg=P_l2_b16_e4_w1_b_d3_s1_r9 | Inner 1/3
[2026-10-02 16:26:11] ES outer4 cfg=P_l2_b16_e4_w1_b_d3_s1_r9 Inner 1: F1=0.7279
[2026-10-02 16:26:11] ES outer4 | cfg=P_l2_b16_e4_w1_b_d3_s1_r9 | Inner 2/3
[2026-10-02 16:26:29] ES outer4 cfg=P_l2_b16_e4_w1_b_d3_s1_r9 Inner 2: F1=0.7236
[2026-10-02 16:26:29] ES outer4 | cfg=P_l2_b16_e4_w1_b_d3_s1_r9 | Inner 3/3
[2026-10-02 16:26:45] ES outer4 cfg=P_l2_b16_e4_w1_b_d3_s1_r9 Inner 3: F1=0.7671
[2026-10-02 16:26:46] ES outer4 | trial 11/20 F1_inner=0.7395 | mejor=0.7738
[2026-10-02 16:26:46] REUTILIZADO ES outer4 cfg=P_l2_b16_e6_w1_b_d2_s1_r9 inner=1: F1=0.7603
[2026-10-02 16:26:46] REUTILIZADO ES outer4 cfg=P_l2_b16_e6_w1_b_d2_s1_r9 inner=2: F1=0.7658
[2026-10-02 16:26:46] REUTILIZADO ES outer4 cfg=P_l2_b16_e6_w1_b_d2_s1_r9 inner=3: F1=0.7953
[2026-10-02 16:26:46] ES outer4 | trial 12/20 F1_inner=0.7738 | mejor=0.7738
[2026-10-02 16:26:46] ES outer4 | cfg=P_l2_b16_e6_w10_s_d2_s1_r9 | Inner 1/3
[2026-10-02 16:27:07] ES outer4 cfg=P_l2_b16_e6_w10_s_d2_s1_r9 Inner 1: F1=0.7577
[2026-10-02 16:27:07] ES outer4 | cfg=P_l2_b16_e6_w10_s_d2_s1_r9 | Inner 2/3
[2026-10-02 16:27:32] ES outer4 cfg=P_l2_b16_e6_w10_s_d2_s1_r9 Inner 2: F1=0.7615
[2026-10-02 16:27:32] ES outer4 | cfg=P_l2_b16_e6_w10_s_d2_s1_r9 | Inner 3/3
[2026-10-02 16:27:56] ES outer4 cfg=P_l2_b16_e6_w10_s_d2_s1_r9 Inner 3: F1=0.7889
[2026-10-02 16:27:57] ES outer4 | trial 13/20 F1_inner=0.7694 | mejor=0.7738
[2026-10-02 16:27:57] ES outer4 | cfg=P_l1_b16_e6_w1_b_d2_s1_r9 | Inner 1/3
[2026-10-02 16:28:21] ES outer4 cfg=P_l1_b16_e6_w1_b_d2_s1_r9 Inner 1: F1=0.7245
[2026-10-02 16:28:21] ES outer4 | cfg=P_l1_b16_e6_w1_b_d2_s1_r9 | Inner 2/3
[2026-10-02 16:28:46] ES outer4 cfg=P_l1_b16_e6_w1_b_d2_s1_r9 Inner 2: F1=0.7202
[2026-10-02 16:28:46] ES outer4 | cfg=P_l1_b16_e6_w1_b_d2_s1_r9 | Inner 3/3
[2026-10-02 16:29:11] ES outer4 cfg=P_l1_b16_e6_w1_b_d2_s1_r9 Inner 3: F1=0.7638
[2026-10-02 16:29:11] ES outer4 | trial 14/20 F1_inner=0.7362 | mejor=0.7738
[2026-10-02 16:29:11] ES outer4 | cfg=P_l2_b16_e6_w1_b_d1_s1_r9 | Inner 1/3
[2026-10-02 16:29:36] ES outer4 cfg=P_l2_b16_e6_w1_b_d1_s1_r9 Inner 1: F1=0.7602
[2026-10-02 16:29:36] ES outer4 | cfg=P_l2_b16_e6_w1_b_d1_s1_r9 | Inner 2/3
[2026-10-02 16:30:01] ES outer4 cfg=P_l2_b16_e6_w1_b_d1_s1_r9 Inner 2: F1=0.7682
[2026-10-02 16:30:01] ES outer4 | cfg=P_l2_b16_e6_w1_b_d1_s1_r9 | Inner 3/3
[2026-10-02 16:30:26] ES outer4 cfg=P_l2_b16_e6_w1_b_d1_s1_r9 Inner 3: F1=0.7953
[2026-10-02 16:30:27] ES outer4 | trial 15/20 F1_inner=0.7746 | mejor=0.7746
[2026-10-02 16:30:27] REUTILIZADO ES outer4 cfg=P_l2_b16_e6_w1_b_d1_s1_r9 inner=1: F1=0.7602
[2026-10-02 16:30:27] REUTILIZADO ES outer4 cfg=P_l2_b16_e6_w1_b_d1_s1_r9 inner=2: F1=0.7682
[2026-10-02 16:30:27] REUTILIZADO ES outer4 cfg=P_l2_b16_e6_w1_b_d1_s1_r9 inner=3: F1=0.7953
[2026-10-02 16:30:27] ES outer4 | trial 16/20 F1_inner=0.7746 | mejor=0.7746
[2026-10-02 16:30:27] REUTILIZADO ES outer4 cfg=P_l2_b16_e6_w1_b_d1_s1_r9 inner=1: F1=0.7602
[2026-10-02 16:30:27] REUTILIZADO ES outer4 cfg=P_l2_b16_e6_w1_b_d1_s1_r9 inner=2: F1=0.7682
[2026-10-02 16:30:27] REUTILIZADO ES outer4 cfg=P_l2_b16_e6_w1_b_d1_s1_r9 inner=3: F1=0.7953
[2026-10-02 16:30:27] ES outer4 | trial 17/20 F1_inner=0.7746 | mejor=0.7746
[2026-10-02 16:30:27] ES outer4 | cfg=P_l2_b16_e6_w10_b_d1_s1_r9 | Inner 1/3
[2026-10-02 16:30:53] ES outer4 cfg=P_l2_b16_e6_w10_b_d1_s1_r9 Inner 1: F1=0.7602
[2026-10-02 16:30:53] ES outer4 | cfg=P_l2_b16_e6_w10_b_d1_s1_r9 | Inner 2/3
[2026-10-02 16:31:18] ES outer4 cfg=P_l2_b16_e6_w10_b_d1_s1_r9 Inner 2: F1=0.7668
[2026-10-02 16:31:18] ES outer4 | cfg=P_l2_b16_e6_w10_b_d1_s1_r9 | Inner 3/3
[2026-10-02 16:31:42] ES outer4 cfg=P_l2_b16_e6_w10_b_d1_s1_r9 Inner 3: F1=0.7968
[2026-10-02 16:31:42] ES outer4 | trial 18/20 F1_inner=0.7746 | mejor=0.7746
[2026-10-02 16:31:43] REUTILIZADO ES outer4 cfg=P_l2_b16_e6_w10_b_d1_s1_r9 inner=1: F1=0.7602
[2026-10-02 16:31:43] REUTILIZADO ES outer4 cfg=P_l2_b16_e6_w10_b_d1_s1_r9 inner=2: F1=0.7668
[2026-10-02 16:31:43] REUTILIZADO ES outer4 cfg=P_l2_b16_e6_w10_b_d1_s1_r9 inner=3: F1=0.7968
[2026-10-02 16:31:43] ES outer4 | trial 19/20 F1_inner=0.7746 | mejor=0.7746
[2026-10-02 16:31:43] REUTILIZADO ES outer4 cfg=P_l2_b16_e6_w10_b_d1_s1_r9 inner=1: F1=0.7602
[2026-10-02 16:31:43] REUTILIZADO ES outer4 cfg=P_l2_b16_e6_w10_b_d1_s1_r9 inner=2: F1=0.7668
[2026-10-02 16:31:43] REUTILIZADO ES outer4 cfg=P_l2_b16_e6_w10_b_d1_s1_r9 inner=3: F1=0.7968
[2026-10-02 16:31:43] ES outer4 | trial 20/20 F1_inner=0.7746 | mejor=0.7746
[2026-10-02 16:31:43] ES Outer 4: refit PYSENTIMIENTO, 6 épocas
[2026-10-02 16:32:13] ACTIVO: ES Outer 4: refit PYSENTIMIENTO, 6 épocas
[2026-10-02 16:32:24] ES Outer 4 refit: F1_train=0.9616, F1_outer=0.7473
[2026-10-02 16:32:25] [ES][RoBERTuito][Outer 4/5] FINALIZADO | prep=PYSENTIMIENTO | F1_inner=0.7746±0.0195 | F1_train=0.9616 | F1_outer=0.7473 | gap=0.2143
[2026-10-02 16:32:25] ES | Outer 5/5
[2026-10-02 16:32:25] ES outer5 | cfg=P_l2_b16_e4_w10_s_d1_s1_r9 | Inner 1/3
[2026-10-02 16:32:42] ES outer5 cfg=P_l2_b16_e4_w10_s_d1_s1_r9 Inner 1: F1=0.7119
[2026-10-02 16:32:42] ES outer5 | cfg=P_l2_b16_e4_w10_s_d1_s1_r9 | Inner 2/3
[2026-10-02 16:32:59] ES outer5 cfg=P_l2_b16_e4_w10_s_d1_s1_r9 Inner 2: F1=0.7542
[2026-10-02 16:32:59] ES outer5 | cfg=P_l2_b16_e4_w10_s_d1_s1_r9 | Inner 3/3
[2026-10-02 16:33:16] ES outer5 cfg=P_l2_b16_e4_w10_s_d1_s1_r9 Inner 3: F1=0.7537
[2026-10-02 16:33:16] ES outer5 | trial 1/20 F1_inner=0.7399 | mejor=0.7399
[2026-10-02 16:33:16] ES outer5 | cfg=P_l2_b16_e6_w1_s_d2_s1_r9 | Inner 1/3
[2026-10-02 16:33:41] ES outer5 cfg=P_l2_b16_e6_w1_s_d2_s1_r9 Inner 1: F1=0.7293
[2026-10-02 16:33:41] ES outer5 | cfg=P_l2_b16_e6_w1_s_d2_s1_r9 | Inner 2/3
[2026-10-02 16:34:06] ES outer5 cfg=P_l2_b16_e6_w1_s_d2_s1_r9 Inner 2: F1=0.7701
[2026-10-02 16:34:06] ES outer5 | cfg=P_l2_b16_e6_w1_s_d2_s1_r9 | Inner 3/3
[2026-10-02 16:34:31] ES outer5 cfg=P_l2_b16_e6_w1_s_d2_s1_r9 Inner 3: F1=0.7668
[2026-10-02 16:34:31] ES outer5 | trial 2/20 F1_inner=0.7554 | mejor=0.7554
[2026-10-02 16:34:31] ES outer5 | cfg=P_l1_b16_e4_w10_s_d1_s1_r9 | Inner 1/3
[2026-10-02 16:34:48] ES outer5 cfg=P_l1_b16_e4_w10_s_d1_s1_r9 Inner 1: F1=0.6970
[2026-10-02 16:34:48] ES outer5 | cfg=P_l1_b16_e4_w10_s_d1_s1_r9 | Inner 2/3
[2026-10-02 16:35:04] ES outer5 cfg=P_l1_b16_e4_w10_s_d1_s1_r9 Inner 2: F1=0.7042
[2026-10-02 16:35:04] ES outer5 | cfg=P_l1_b16_e4_w10_s_d1_s1_r9 | Inner 3/3
[2026-10-02 16:35:22] ES outer5 cfg=P_l1_b16_e4_w10_s_d1_s1_r9 Inner 3: F1=0.6852
[2026-10-02 16:35:22] ES outer5 | trial 3/20 F1_inner=0.6955 | mejor=0.7554
[2026-10-02 16:35:22] ES outer5 | cfg=P_l1_b16_e4_w10_b_d3_s1_r9 | Inner 1/3
[2026-10-02 16:35:39] ES outer5 cfg=P_l1_b16_e4_w10_b_d3_s1_r9 Inner 1: F1=0.6887
[2026-10-02 16:35:39] ES outer5 | cfg=P_l1_b16_e4_w10_b_d3_s1_r9 | Inner 2/3
[2026-10-02 16:36:01] ES outer5 cfg=P_l1_b16_e4_w10_b_d3_s1_r9 Inner 2: F1=0.6950
[2026-10-02 16:36:01] ES outer5 | cfg=P_l1_b16_e4_w10_b_d3_s1_r9 | Inner 3/3
[2026-10-02 16:36:19] ES outer5 cfg=P_l1_b16_e4_w10_b_d3_s1_r9 Inner 3: F1=0.6824
[2026-10-02 16:36:19] ES outer5 | trial 4/20 F1_inner=0.6887 | mejor=0.7554
[2026-10-02 16:36:19] ES outer5 | cfg=P_l2_b16_e6_w10_s_d2_s1_r9 | Inner 1/3
[2026-10-02 16:36:44] ES outer5 cfg=P_l2_b16_e6_w10_s_d2_s1_r9 Inner 1: F1=0.7314
[2026-10-02 16:36:44] ES outer5 | cfg=P_l2_b16_e6_w10_s_d2_s1_r9 | Inner 2/3
[2026-10-02 16:37:08] ES outer5 cfg=P_l2_b16_e6_w10_s_d2_s1_r9 Inner 2: F1=0.7701
[2026-10-02 16:37:08] ES outer5 | cfg=P_l2_b16_e6_w10_s_d2_s1_r9 | Inner 3/3
[2026-10-02 16:37:33] ES outer5 cfg=P_l2_b16_e6_w10_s_d2_s1_r9 Inner 3: F1=0.7647
[2026-10-02 16:37:34] ES outer5 | trial 5/20 F1_inner=0.7554 | mejor=0.7554
[2026-10-02 16:37:34] ES outer5 | cfg=P_l2_b16_e6_w10_b_d2_s1_r9 | Inner 1/3
[2026-10-02 16:37:59] ES outer5 cfg=P_l2_b16_e6_w10_b_d2_s1_r9 Inner 1: F1=0.7384
[2026-10-02 16:37:59] ES outer5 | cfg=P_l2_b16_e6_w10_b_d2_s1_r9 | Inner 2/3
[2026-10-02 16:38:24] ES outer5 cfg=P_l2_b16_e6_w10_b_d2_s1_r9 Inner 2: F1=0.7680
[2026-10-02 16:38:24] ES outer5 | cfg=P_l2_b16_e6_w10_b_d2_s1_r9 | Inner 3/3
[2026-10-02 16:38:49] ES outer5 cfg=P_l2_b16_e6_w10_b_d2_s1_r9 Inner 3: F1=0.7609
[2026-10-02 16:38:49] ES outer5 | trial 6/20 F1_inner=0.7558 | mejor=0.7558
[2026-10-02 16:38:49] REUTILIZADO ES outer5 cfg=P_l2_b16_e6_w10_b_d2_s1_r9 inner=1: F1=0.7384
[2026-10-02 16:38:49] REUTILIZADO ES outer5 cfg=P_l2_b16_e6_w10_b_d2_s1_r9 inner=2: F1=0.7680
[2026-10-02 16:38:49] REUTILIZADO ES outer5 cfg=P_l2_b16_e6_w10_b_d2_s1_r9 inner=3: F1=0.7609
[2026-10-02 16:38:49] ES outer5 | trial 7/20 F1_inner=0.7558 | mejor=0.7558
[2026-10-02 16:38:49] ES outer5 | cfg=P_l2_b16_e6_w1_b_d1_s1_r9 | Inner 1/3
[2026-10-02 16:39:14] ES outer5 cfg=P_l2_b16_e6_w1_b_d1_s1_r9 Inner 1: F1=0.7433
[2026-10-02 16:39:14] ES outer5 | cfg=P_l2_b16_e6_w1_b_d1_s1_r9 | Inner 2/3
[2026-10-02 16:39:39] ES outer5 cfg=P_l2_b16_e6_w1_b_d1_s1_r9 Inner 2: F1=0.7735
[2026-10-02 16:39:39] ES outer5 | cfg=P_l2_b16_e6_w1_b_d1_s1_r9 | Inner 3/3
[2026-10-02 16:40:04] ES outer5 cfg=P_l2_b16_e6_w1_b_d1_s1_r9 Inner 3: F1=0.7650
[2026-10-02 16:40:04] ES outer5 | trial 8/20 F1_inner=0.7606 | mejor=0.7606
[2026-10-02 16:40:04] REUTILIZADO ES outer5 cfg=P_l2_b16_e6_w1_b_d1_s1_r9 inner=1: F1=0.7433
[2026-10-02 16:40:04] REUTILIZADO ES outer5 cfg=P_l2_b16_e6_w1_b_d1_s1_r9 inner=2: F1=0.7735
[2026-10-02 16:40:04] REUTILIZADO ES outer5 cfg=P_l2_b16_e6_w1_b_d1_s1_r9 inner=3: F1=0.7650
[2026-10-02 16:40:04] ES outer5 | trial 9/20 F1_inner=0.7606 | mejor=0.7606
[2026-10-02 16:40:04] ES outer5 | cfg=P_l1_b16_e6_w1_s_d1_s1_r9 | Inner 1/3
[2026-10-02 16:40:26] ES outer5 cfg=P_l1_b16_e6_w1_s_d1_s1_r9 Inner 1: F1=0.7009
[2026-10-02 16:40:26] ES outer5 | cfg=P_l1_b16_e6_w1_s_d1_s1_r9 | Inner 2/3
[2026-10-02 16:40:51] ES outer5 cfg=P_l1_b16_e6_w1_s_d1_s1_r9 Inner 2: F1=0.7431
[2026-10-02 16:40:51] ES outer5 | cfg=P_l1_b16_e6_w1_s_d1_s1_r9 | Inner 3/3
[2026-10-02 16:41:15] ES outer5 cfg=P_l1_b16_e6_w1_s_d1_s1_r9 Inner 3: F1=0.7313
[2026-10-02 16:41:16] ES outer5 | trial 10/20 F1_inner=0.7251 | mejor=0.7606
[2026-10-02 16:41:16] ES outer5 | cfg=P_l2_b16_e4_w1_b_d1_s1_r9 | Inner 1/3
[2026-10-02 16:41:33] ES outer5 cfg=P_l2_b16_e4_w1_b_d1_s1_r9 Inner 1: F1=0.7192
[2026-10-02 16:41:33] ES outer5 | cfg=P_l2_b16_e4_w1_b_d1_s1_r9 | Inner 2/3
[2026-10-02 16:41:50] ES outer5 cfg=P_l2_b16_e4_w1_b_d1_s1_r9 Inner 2: F1=0.7498
[2026-10-02 16:41:50] ES outer5 | cfg=P_l2_b16_e4_w1_b_d1_s1_r9 | Inner 3/3
[2026-10-02 16:42:07] ES outer5 cfg=P_l2_b16_e4_w1_b_d1_s1_r9 Inner 3: F1=0.7460
[2026-10-02 16:42:07] ES outer5 | trial 11/20 F1_inner=0.7383 | mejor=0.7606
[2026-10-02 16:42:07] REUTILIZADO ES outer5 cfg=P_l2_b16_e6_w1_b_d1_s1_r9 inner=1: F1=0.7433
[2026-10-02 16:42:07] REUTILIZADO ES outer5 cfg=P_l2_b16_e6_w1_b_d1_s1_r9 inner=2: F1=0.7735
[2026-10-02 16:42:07] REUTILIZADO ES outer5 cfg=P_l2_b16_e6_w1_b_d1_s1_r9 inner=3: F1=0.7650
[2026-10-02 16:42:08] ES outer5 | trial 12/20 F1_inner=0.7606 | mejor=0.7606
[2026-10-02 16:42:08] ES outer5 | cfg=P_l2_b16_e6_w1_b_d3_s1_r9 | Inner 1/3
[2026-10-02 16:42:33] ES outer5 cfg=P_l2_b16_e6_w1_b_d3_s1_r9 Inner 1: F1=0.7306
[2026-10-02 16:42:33] ES outer5 | cfg=P_l2_b16_e6_w1_b_d3_s1_r9 | Inner 2/3
[2026-10-02 16:42:58] ES outer5 cfg=P_l2_b16_e6_w1_b_d3_s1_r9 Inner 2: F1=0.7615
[2026-10-02 16:42:58] ES outer5 | cfg=P_l2_b16_e6_w1_b_d3_s1_r9 | Inner 3/3
[2026-10-02 16:43:23] ES outer5 cfg=P_l2_b16_e6_w1_b_d3_s1_r9 Inner 3: F1=0.7585
[2026-10-02 16:43:23] ES outer5 | trial 13/20 F1_inner=0.7502 | mejor=0.7606
[2026-10-02 16:43:23] ES outer5 | cfg=P_l1_b16_e6_w1_b_d2_s1_r9 | Inner 1/3
[2026-10-02 16:43:48] ES outer5 cfg=P_l1_b16_e6_w1_b_d2_s1_r9 Inner 1: F1=0.7092
[2026-10-02 16:43:48] ES outer5 | cfg=P_l1_b16_e6_w1_b_d2_s1_r9 | Inner 2/3
[2026-10-02 16:44:12] ES outer5 cfg=P_l1_b16_e6_w1_b_d2_s1_r9 Inner 2: F1=0.7270
[2026-10-02 16:44:12] ES outer5 | cfg=P_l1_b16_e6_w1_b_d2_s1_r9 | Inner 3/3
[2026-10-02 16:44:38] ES outer5 cfg=P_l1_b16_e6_w1_b_d2_s1_r9 Inner 3: F1=0.7132
[2026-10-02 16:44:38] ES outer5 | trial 14/20 F1_inner=0.7165 | mejor=0.7606
[2026-10-02 16:44:38] ES outer5 | cfg=P_l1_b16_e6_w10_b_d1_s1_r9 | Inner 1/3
[2026-10-02 16:45:04] ES outer5 cfg=P_l1_b16_e6_w10_b_d1_s1_r9 Inner 1: F1=0.7121
[2026-10-02 16:45:04] ES outer5 | cfg=P_l1_b16_e6_w10_b_d1_s1_r9 | Inner 2/3
[2026-10-02 16:45:30] ES outer5 cfg=P_l1_b16_e6_w10_b_d1_s1_r9 Inner 2: F1=0.7317
[2026-10-02 16:45:30] ES outer5 | cfg=P_l1_b16_e6_w10_b_d1_s1_r9 | Inner 3/3
[2026-10-02 16:45:58] ES outer5 cfg=P_l1_b16_e6_w10_b_d1_s1_r9 Inner 3: F1=0.7251
[2026-10-02 16:45:58] ES outer5 | trial 15/20 F1_inner=0.7230 | mejor=0.7606
[2026-10-02 16:45:58] ES outer5 | cfg=P_l2_b16_e6_w1_s_d1_s1_r9 | Inner 1/3
[2026-10-02 16:46:24] ES outer5 cfg=P_l2_b16_e6_w1_s_d1_s1_r9 Inner 1: F1=0.7336
[2026-10-02 16:46:24] ES outer5 | cfg=P_l2_b16_e6_w1_s_d1_s1_r9 | Inner 2/3
[2026-10-02 16:46:51] ES outer5 cfg=P_l2_b16_e6_w1_s_d1_s1_r9 Inner 2: F1=0.7774
[2026-10-02 16:46:51] ES outer5 | cfg=P_l2_b16_e6_w1_s_d1_s1_r9 | Inner 3/3
[2026-10-02 16:47:16] ES outer5 cfg=P_l2_b16_e6_w1_s_d1_s1_r9 Inner 3: F1=0.7668
[2026-10-02 16:47:17] ES outer5 | trial 16/20 F1_inner=0.7593 | mejor=0.7606
[2026-10-02 16:47:17] ES outer5 | cfg=P_l2_b16_e6_w10_b_d1_s1_r9 | Inner 1/3
[2026-10-02 16:47:42] ES outer5 cfg=P_l2_b16_e6_w10_b_d1_s1_r9 Inner 1: F1=0.7447
[2026-10-02 16:47:42] ES outer5 | cfg=P_l2_b16_e6_w10_b_d1_s1_r9 | Inner 2/3
[2026-10-02 16:48:09] ES outer5 cfg=P_l2_b16_e6_w10_b_d1_s1_r9 Inner 2: F1=0.7735
[2026-10-02 16:48:09] ES outer5 | cfg=P_l2_b16_e6_w10_b_d1_s1_r9 | Inner 3/3
[2026-10-02 16:48:35] ES outer5 cfg=P_l2_b16_e6_w10_b_d1_s1_r9 Inner 3: F1=0.7650
[2026-10-02 16:48:35] ES outer5 | trial 17/20 F1_inner=0.7611 | mejor=0.7611
[2026-10-02 16:48:35] REUTILIZADO ES outer5 cfg=P_l2_b16_e6_w10_b_d1_s1_r9 inner=1: F1=0.7447
[2026-10-02 16:48:35] REUTILIZADO ES outer5 cfg=P_l2_b16_e6_w10_b_d1_s1_r9 inner=2: F1=0.7735
[2026-10-02 16:48:35] REUTILIZADO ES outer5 cfg=P_l2_b16_e6_w10_b_d1_s1_r9 inner=3: F1=0.7650
[2026-10-02 16:48:36] ES outer5 | trial 18/20 F1_inner=0.7611 | mejor=0.7611
[2026-10-02 16:48:36] REUTILIZADO ES outer5 cfg=P_l2_b16_e6_w10_b_d1_s1_r9 inner=1: F1=0.7447
[2026-10-02 16:48:36] REUTILIZADO ES outer5 cfg=P_l2_b16_e6_w10_b_d1_s1_r9 inner=2: F1=0.7735
[2026-10-02 16:48:36] REUTILIZADO ES outer5 cfg=P_l2_b16_e6_w10_b_d1_s1_r9 inner=3: F1=0.7650
[2026-10-02 16:48:36] ES outer5 | trial 19/20 F1_inner=0.7611 | mejor=0.7611
[2026-10-02 16:48:36] ES outer5 | cfg=P_l2_b16_e4_w10_b_d1_s1_r9 | Inner 1/3
[2026-10-02 16:48:54] ES outer5 cfg=P_l2_b16_e4_w10_b_d1_s1_r9 Inner 1: F1=0.7173
[2026-10-02 16:48:54] ES outer5 | cfg=P_l2_b16_e4_w10_b_d1_s1_r9 | Inner 2/3
[2026-10-02 16:49:12] ES outer5 cfg=P_l2_b16_e4_w10_b_d1_s1_r9 Inner 2: F1=0.7493
[2026-10-02 16:49:12] ES outer5 | cfg=P_l2_b16_e4_w10_b_d1_s1_r9 | Inner 3/3
[2026-10-02 16:49:29] ES outer5 cfg=P_l2_b16_e4_w10_b_d1_s1_r9 Inner 3: F1=0.7479
[2026-10-02 16:49:30] ES outer5 | trial 20/20 F1_inner=0.7382 | mejor=0.7611
[2026-10-02 16:49:30] ES Outer 5: refit PYSENTIMIENTO, 6 épocas
[2026-10-02 16:50:00] ACTIVO: ES Outer 5: refit PYSENTIMIENTO, 6 épocas
[2026-10-02 16:50:13] ES Outer 5 refit: F1_train=0.9514, F1_outer=0.8018
[2026-10-02 16:50:13] [ES][RoBERTuito][Outer 5/5] FINALIZADO | prep=PYSENTIMIENTO | F1_inner=0.7611±0.0148 | F1_train=0.9514 | F1_outer=0.8018 | gap=0.1496
[2026-10-02 16:50:13] CU | Outer 1/5
[2026-10-02 16:50:14] CU outer1 | cfg=P_l2_b16_e6_w10_s_d2_s1_r9 | Inner 1/3
[2026-10-02 16:50:40] CU outer1 cfg=P_l2_b16_e6_w10_s_d2_s1_r9 Inner 1: F1=0.7121
[2026-10-02 16:50:40] CU outer1 | cfg=P_l2_b16_e6_w10_s_d2_s1_r9 | Inner 2/3
[2026-10-02 16:51:09] CU outer1 cfg=P_l2_b16_e6_w10_s_d2_s1_r9 Inner 2: F1=0.6958
[2026-10-02 16:51:09] CU outer1 | cfg=P_l2_b16_e6_w10_s_d2_s1_r9 | Inner 3/3
[2026-10-02 16:51:35] CU outer1 cfg=P_l2_b16_e6_w10_s_d2_s1_r9 Inner 3: F1=0.7016
[2026-10-02 16:51:35] CU outer1 | trial 1/20 F1_inner=0.7031 | mejor=0.7031
[2026-10-02 16:51:35] CU outer1 | cfg=P_l1_b16_e6_w10_s_d3_s1_r9 | Inner 1/3
[2026-10-02 16:52:01] CU outer1 cfg=P_l1_b16_e6_w10_s_d3_s1_r9 Inner 1: F1=0.6484
[2026-10-02 16:52:01] CU outer1 | cfg=P_l1_b16_e6_w10_s_d3_s1_r9 | Inner 2/3
[2026-10-02 16:52:27] CU outer1 cfg=P_l1_b16_e6_w10_s_d3_s1_r9 Inner 2: F1=0.6512
[2026-10-02 16:52:27] CU outer1 | cfg=P_l1_b16_e6_w10_s_d3_s1_r9 | Inner 3/3
[2026-10-02 16:52:53] CU outer1 cfg=P_l1_b16_e6_w10_s_d3_s1_r9 Inner 3: F1=0.6394
[2026-10-02 16:52:53] CU outer1 | trial 2/20 F1_inner=0.6463 | mejor=0.7031
[2026-10-02 16:52:53] REUTILIZADO CU outer1 cfg=P_l2_b16_e6_w10_s_d2_s1_r9 inner=1: F1=0.7121
[2026-10-02 16:52:53] REUTILIZADO CU outer1 cfg=P_l2_b16_e6_w10_s_d2_s1_r9 inner=2: F1=0.6958
[2026-10-02 16:52:53] REUTILIZADO CU outer1 cfg=P_l2_b16_e6_w10_s_d2_s1_r9 inner=3: F1=0.7016
[2026-10-02 16:52:53] CU outer1 | trial 3/20 F1_inner=0.7031 | mejor=0.7031
[2026-10-02 16:52:54] CU outer1 | cfg=P_l2_b16_e6_w1_b_d2_s1_r9 | Inner 1/3
[2026-10-02 16:53:19] CU outer1 cfg=P_l2_b16_e6_w1_b_d2_s1_r9 Inner 1: F1=0.7645
[2026-10-02 16:53:19] CU outer1 | cfg=P_l2_b16_e6_w1_b_d2_s1_r9 | Inner 2/3
[2026-10-02 16:53:45] CU outer1 cfg=P_l2_b16_e6_w1_b_d2_s1_r9 Inner 2: F1=0.7359
[2026-10-02 16:53:45] CU outer1 | cfg=P_l2_b16_e6_w1_b_d2_s1_r9 | Inner 3/3
[2026-10-02 16:54:12] CU outer1 cfg=P_l2_b16_e6_w1_b_d2_s1_r9 Inner 3: F1=0.7365
[2026-10-02 16:54:12] CU outer1 | trial 4/20 F1_inner=0.7456 | mejor=0.7456
[2026-10-02 16:54:12] CU outer1 | cfg=P_l1_b16_e4_w10_s_d3_s1_r9 | Inner 1/3
[2026-10-02 16:54:30] CU outer1 cfg=P_l1_b16_e4_w10_s_d3_s1_r9 Inner 1: F1=0.5681
[2026-10-02 16:54:30] CU outer1 | cfg=P_l1_b16_e4_w10_s_d3_s1_r9 | Inner 2/3
[2026-10-02 16:54:47] CU outer1 cfg=P_l1_b16_e4_w10_s_d3_s1_r9 Inner 2: F1=0.5894
[2026-10-02 16:54:47] CU outer1 | cfg=P_l1_b16_e4_w10_s_d3_s1_r9 | Inner 3/3
[2026-10-02 16:55:05] CU outer1 cfg=P_l1_b16_e4_w10_s_d3_s1_r9 Inner 3: F1=0.5531
[2026-10-02 16:55:05] CU outer1 | trial 5/20 F1_inner=0.5702 | mejor=0.7456
[2026-10-02 16:55:05] REUTILIZADO CU outer1 cfg=P_l2_b16_e6_w1_b_d2_s1_r9 inner=1: F1=0.7645
[2026-10-02 16:55:05] REUTILIZADO CU outer1 cfg=P_l2_b16_e6_w1_b_d2_s1_r9 inner=2: F1=0.7359
[2026-10-02 16:55:05] REUTILIZADO CU outer1 cfg=P_l2_b16_e6_w1_b_d2_s1_r9 inner=3: F1=0.7365
[2026-10-02 16:55:06] CU outer1 | trial 6/20 F1_inner=0.7456 | mejor=0.7456
[2026-10-02 16:55:06] CU outer1 | cfg=P_l2_b16_e4_w1_b_d3_s1_r9 | Inner 1/3
[2026-10-02 16:55:24] CU outer1 cfg=P_l2_b16_e4_w1_b_d3_s1_r9 Inner 1: F1=0.7336
[2026-10-02 16:55:24] CU outer1 | cfg=P_l2_b16_e4_w1_b_d3_s1_r9 | Inner 2/3
[2026-10-02 16:55:41] CU outer1 cfg=P_l2_b16_e4_w1_b_d3_s1_r9 Inner 2: F1=0.7086
[2026-10-02 16:55:41] CU outer1 | cfg=P_l2_b16_e4_w1_b_d3_s1_r9 | Inner 3/3
[2026-10-02 16:55:59] CU outer1 cfg=P_l2_b16_e4_w1_b_d3_s1_r9 Inner 3: F1=0.7210
[2026-10-02 16:55:59] CU outer1 | trial 7/20 F1_inner=0.7210 | mejor=0.7456
[2026-10-02 16:55:59] CU outer1 | cfg=P_l1_b16_e6_w1_b_d2_s1_r9 | Inner 1/3
[2026-10-02 16:56:25] CU outer1 cfg=P_l1_b16_e6_w1_b_d2_s1_r9 Inner 1: F1=0.7294
[2026-10-02 16:56:25] CU outer1 | cfg=P_l1_b16_e6_w1_b_d2_s1_r9 | Inner 2/3
[2026-10-02 16:56:51] CU outer1 cfg=P_l1_b16_e6_w1_b_d2_s1_r9 Inner 2: F1=0.7093
[2026-10-02 16:56:51] CU outer1 | cfg=P_l1_b16_e6_w1_b_d2_s1_r9 | Inner 3/3
[2026-10-02 16:57:17] CU outer1 cfg=P_l1_b16_e6_w1_b_d2_s1_r9 Inner 3: F1=0.6983
[2026-10-02 16:57:17] CU outer1 | trial 8/20 F1_inner=0.7123 | mejor=0.7456
[2026-10-02 16:57:17] CU outer1 | cfg=P_l2_b16_e4_w10_b_d1_s1_r9 | Inner 1/3
[2026-10-02 16:57:36] CU outer1 cfg=P_l2_b16_e4_w10_b_d1_s1_r9 Inner 1: F1=0.7477
[2026-10-02 16:57:36] CU outer1 | cfg=P_l2_b16_e4_w10_b_d1_s1_r9 | Inner 2/3
[2026-10-02 16:57:54] CU outer1 cfg=P_l2_b16_e4_w10_b_d1_s1_r9 Inner 2: F1=0.7271
[2026-10-02 16:57:54] CU outer1 | cfg=P_l2_b16_e4_w10_b_d1_s1_r9 | Inner 3/3
[2026-10-02 16:58:11] CU outer1 cfg=P_l2_b16_e4_w10_b_d1_s1_r9 Inner 3: F1=0.7307
[2026-10-02 16:58:11] CU outer1 | trial 9/20 F1_inner=0.7352 | mejor=0.7456
[2026-10-02 16:58:11] CU outer1 | cfg=P_l2_b16_e6_w1_b_d1_s1_r9 | Inner 1/3
[2026-10-02 16:58:33] CU outer1 cfg=P_l2_b16_e6_w1_b_d1_s1_r9 Inner 1: F1=0.7557
[2026-10-02 16:58:33] CU outer1 | cfg=P_l2_b16_e6_w1_b_d1_s1_r9 | Inner 2/3
[2026-10-02 16:58:59] CU outer1 cfg=P_l2_b16_e6_w1_b_d1_s1_r9 Inner 2: F1=0.7359
[2026-10-02 16:58:59] CU outer1 | cfg=P_l2_b16_e6_w1_b_d1_s1_r9 | Inner 3/3
[2026-10-02 16:59:25] CU outer1 cfg=P_l2_b16_e6_w1_b_d1_s1_r9 Inner 3: F1=0.7379
[2026-10-02 16:59:25] CU outer1 | trial 10/20 F1_inner=0.7432 | mejor=0.7456
[2026-10-02 16:59:25] CU outer1 | cfg=P_l2_b16_e6_w10_b_d3_s1_r9 | Inner 1/3
[2026-10-02 16:59:51] CU outer1 cfg=P_l2_b16_e6_w10_b_d3_s1_r9 Inner 1: F1=0.7590
[2026-10-02 16:59:51] CU outer1 | cfg=P_l2_b16_e6_w10_b_d3_s1_r9 | Inner 2/3
[2026-10-02 17:00:18] CU outer1 cfg=P_l2_b16_e6_w10_b_d3_s1_r9 Inner 2: F1=0.7365
[2026-10-02 17:00:18] CU outer1 | cfg=P_l2_b16_e6_w10_b_d3_s1_r9 | Inner 3/3
[2026-10-02 17:00:43] CU outer1 cfg=P_l2_b16_e6_w10_b_d3_s1_r9 Inner 3: F1=0.7352
[2026-10-02 17:00:44] CU outer1 | trial 11/20 F1_inner=0.7436 | mejor=0.7456
[2026-10-02 17:00:44] REUTILIZADO CU outer1 cfg=P_l2_b16_e6_w1_b_d2_s1_r9 inner=1: F1=0.7645
[2026-10-02 17:00:44] REUTILIZADO CU outer1 cfg=P_l2_b16_e6_w1_b_d2_s1_r9 inner=2: F1=0.7359
[2026-10-02 17:00:44] REUTILIZADO CU outer1 cfg=P_l2_b16_e6_w1_b_d2_s1_r9 inner=3: F1=0.7365
[2026-10-02 17:00:44] CU outer1 | trial 12/20 F1_inner=0.7456 | mejor=0.7456
[2026-10-02 17:00:44] CU outer1 | cfg=P_l1_b16_e4_w10_b_d2_s1_r9 | Inner 1/3
[2026-10-02 17:01:02] CU outer1 cfg=P_l1_b16_e4_w10_b_d2_s1_r9 Inner 1: F1=0.7005
[2026-10-02 17:01:02] CU outer1 | cfg=P_l1_b16_e4_w10_b_d2_s1_r9 | Inner 2/3
[2026-10-02 17:01:20] CU outer1 cfg=P_l1_b16_e4_w10_b_d2_s1_r9 Inner 2: F1=0.6881
[2026-10-02 17:01:20] CU outer1 | cfg=P_l1_b16_e4_w10_b_d2_s1_r9 | Inner 3/3
[2026-10-02 17:01:38] CU outer1 cfg=P_l1_b16_e4_w10_b_d2_s1_r9 Inner 3: F1=0.6774
[2026-10-02 17:01:38] CU outer1 | trial 13/20 F1_inner=0.6887 | mejor=0.7456
[2026-10-02 17:01:38] CU outer1 | cfg=P_l2_b16_e4_w1_b_d2_s1_r9 | Inner 1/3
[2026-10-02 17:01:56] CU outer1 cfg=P_l2_b16_e4_w1_b_d2_s1_r9 Inner 1: F1=0.7439
[2026-10-02 17:01:56] CU outer1 | cfg=P_l2_b16_e4_w1_b_d2_s1_r9 | Inner 2/3
[2026-10-02 17:02:14] CU outer1 cfg=P_l2_b16_e4_w1_b_d2_s1_r9 Inner 2: F1=0.7165
[2026-10-02 17:02:14] CU outer1 | cfg=P_l2_b16_e4_w1_b_d2_s1_r9 | Inner 3/3
[2026-10-02 17:02:31] CU outer1 cfg=P_l2_b16_e4_w1_b_d2_s1_r9 Inner 3: F1=0.7235
[2026-10-02 17:02:32] CU outer1 | trial 14/20 F1_inner=0.7280 | mejor=0.7456
[2026-10-02 17:02:32] CU outer1 | cfg=P_l1_b16_e6_w1_s_d1_s1_r9 | Inner 1/3
[2026-10-02 17:02:57] CU outer1 cfg=P_l1_b16_e6_w1_s_d1_s1_r9 Inner 1: F1=0.6746
[2026-10-02 17:02:57] CU outer1 | cfg=P_l1_b16_e6_w1_s_d1_s1_r9 | Inner 2/3
[2026-10-02 17:03:24] CU outer1 cfg=P_l1_b16_e6_w1_s_d1_s1_r9 Inner 2: F1=0.6707
[2026-10-02 17:03:24] CU outer1 | cfg=P_l1_b16_e6_w1_s_d1_s1_r9 | Inner 3/3
[2026-10-02 17:03:49] CU outer1 cfg=P_l1_b16_e6_w1_s_d1_s1_r9 Inner 3: F1=0.6683
[2026-10-02 17:03:49] CU outer1 | trial 15/20 F1_inner=0.6712 | mejor=0.7456
[2026-10-02 17:03:49] CU outer1 | cfg=P_l2_b16_e6_w1_s_d2_s1_r9 | Inner 1/3
[2026-10-02 17:04:14] CU outer1 cfg=P_l2_b16_e6_w1_s_d2_s1_r9 Inner 1: F1=0.7145
[2026-10-02 17:04:14] CU outer1 | cfg=P_l2_b16_e6_w1_s_d2_s1_r9 | Inner 2/3
[2026-10-02 17:04:40] CU outer1 cfg=P_l2_b16_e6_w1_s_d2_s1_r9 Inner 2: F1=0.6944
[2026-10-02 17:04:40] CU outer1 | cfg=P_l2_b16_e6_w1_s_d2_s1_r9 | Inner 3/3
[2026-10-02 17:05:06] CU outer1 cfg=P_l2_b16_e6_w1_s_d2_s1_r9 Inner 3: F1=0.7039
[2026-10-02 17:05:06] CU outer1 | trial 16/20 F1_inner=0.7043 | mejor=0.7456
[2026-10-02 17:05:06] CU outer1 | cfg=P_l2_b16_e6_w1_b_d3_s1_r9 | Inner 1/3
[2026-10-02 17:05:32] CU outer1 cfg=P_l2_b16_e6_w1_b_d3_s1_r9 Inner 1: F1=0.7590
[2026-10-02 17:05:32] CU outer1 | cfg=P_l2_b16_e6_w1_b_d3_s1_r9 | Inner 2/3
[2026-10-02 17:05:59] CU outer1 cfg=P_l2_b16_e6_w1_b_d3_s1_r9 Inner 2: F1=0.7365
[2026-10-02 17:05:59] CU outer1 | cfg=P_l2_b16_e6_w1_b_d3_s1_r9 | Inner 3/3
[2026-10-02 17:06:25] CU outer1 cfg=P_l2_b16_e6_w1_b_d3_s1_r9 Inner 3: F1=0.7352
[2026-10-02 17:06:26] CU outer1 | trial 17/20 F1_inner=0.7436 | mejor=0.7456
[2026-10-02 17:06:26] CU outer1 | cfg=P_l1_b16_e4_w1_s_d2_s1_r9 | Inner 1/3
[2026-10-02 17:06:43] CU outer1 cfg=P_l1_b16_e4_w1_s_d2_s1_r9 Inner 1: F1=0.5898
[2026-10-02 17:06:43] CU outer1 | cfg=P_l1_b16_e4_w1_s_d2_s1_r9 | Inner 2/3
[2026-10-02 17:07:01] CU outer1 cfg=P_l1_b16_e4_w1_s_d2_s1_r9 Inner 2: F1=0.6182
[2026-10-02 17:07:01] CU outer1 | cfg=P_l1_b16_e4_w1_s_d2_s1_r9 | Inner 3/3
[2026-10-02 17:07:18] CU outer1 cfg=P_l1_b16_e4_w1_s_d2_s1_r9 Inner 3: F1=0.5925
[2026-10-02 17:07:18] CU outer1 | trial 18/20 F1_inner=0.6002 | mejor=0.7456
[2026-10-02 17:07:18] CU outer1 | cfg=P_l2_b16_e6_w10_b_d2_s1_r9 | Inner 1/3
[2026-10-02 17:07:44] CU outer1 cfg=P_l2_b16_e6_w10_b_d2_s1_r9 Inner 1: F1=0.7645
[2026-10-02 17:07:44] CU outer1 | cfg=P_l2_b16_e6_w10_b_d2_s1_r9 | Inner 2/3
[2026-10-02 17:08:10] CU outer1 cfg=P_l2_b16_e6_w10_b_d2_s1_r9 Inner 2: F1=0.7380
[2026-10-02 17:08:10] CU outer1 | cfg=P_l2_b16_e6_w10_b_d2_s1_r9 | Inner 3/3
[2026-10-02 17:08:35] CU outer1 cfg=P_l2_b16_e6_w10_b_d2_s1_r9 Inner 3: F1=0.7365
[2026-10-02 17:08:35] CU outer1 | trial 19/20 F1_inner=0.7463 | mejor=0.7463
[2026-10-02 17:08:35] REUTILIZADO CU outer1 cfg=P_l2_b16_e6_w10_b_d2_s1_r9 inner=1: F1=0.7645
[2026-10-02 17:08:35] REUTILIZADO CU outer1 cfg=P_l2_b16_e6_w10_b_d2_s1_r9 inner=2: F1=0.7380
[2026-10-02 17:08:35] REUTILIZADO CU outer1 cfg=P_l2_b16_e6_w10_b_d2_s1_r9 inner=3: F1=0.7365
[2026-10-02 17:08:36] CU outer1 | trial 20/20 F1_inner=0.7463 | mejor=0.7463
[2026-10-02 17:08:36] CU Outer 1: refit PYSENTIMIENTO, 5 épocas
[2026-10-02 17:09:06] ACTIVO: CU Outer 1: refit PYSENTIMIENTO, 5 épocas
[2026-10-02 17:09:12] CU Outer 1 refit: F1_train=0.9372, F1_outer=0.7704
[2026-10-02 17:09:12] [CU][RoBERTuito][Outer 1/5] FINALIZADO | prep=PYSENTIMIENTO | F1_inner=0.7463±0.0157 | F1_train=0.9372 | F1_outer=0.7704 | gap=0.1667
[2026-10-02 17:09:12] CU | Outer 2/5
[2026-10-02 17:09:13] CU outer2 | cfg=P_l1_b16_e4_w10_b_d3_s1_r9 | Inner 1/3
[2026-10-02 17:09:30] CU outer2 cfg=P_l1_b16_e4_w10_b_d3_s1_r9 Inner 1: F1=0.6502
[2026-10-02 17:09:30] CU outer2 | cfg=P_l1_b16_e4_w10_b_d3_s1_r9 | Inner 2/3
[2026-10-02 17:09:48] CU outer2 cfg=P_l1_b16_e4_w10_b_d3_s1_r9 Inner 2: F1=0.6986
[2026-10-02 17:09:48] CU outer2 | cfg=P_l1_b16_e4_w10_b_d3_s1_r9 | Inner 3/3
[2026-10-02 17:10:06] CU outer2 cfg=P_l1_b16_e4_w10_b_d3_s1_r9 Inner 3: F1=0.6831
[2026-10-02 17:10:06] CU outer2 | trial 1/20 F1_inner=0.6773 | mejor=0.6773
[2026-10-02 17:10:06] CU outer2 | cfg=P_l1_b16_e6_w1_s_d2_s1_r9 | Inner 1/3
[2026-10-02 17:10:32] CU outer2 cfg=P_l1_b16_e6_w1_s_d2_s1_r9 Inner 1: F1=0.6543
[2026-10-02 17:10:32] CU outer2 | cfg=P_l1_b16_e6_w1_s_d2_s1_r9 | Inner 2/3
[2026-10-02 17:10:58] CU outer2 cfg=P_l1_b16_e6_w1_s_d2_s1_r9 Inner 2: F1=0.6975
[2026-10-02 17:10:58] CU outer2 | cfg=P_l1_b16_e6_w1_s_d2_s1_r9 | Inner 3/3
[2026-10-02 17:11:24] CU outer2 cfg=P_l1_b16_e6_w1_s_d2_s1_r9 Inner 3: F1=0.6624
[2026-10-02 17:11:24] CU outer2 | trial 2/20 F1_inner=0.6714 | mejor=0.6773
[2026-10-02 17:11:24] CU outer2 | cfg=P_l2_b16_e6_w1_s_d3_s1_r9 | Inner 1/3
[2026-10-02 17:11:50] CU outer2 cfg=P_l2_b16_e6_w1_s_d3_s1_r9 Inner 1: F1=0.7115
[2026-10-02 17:11:50] CU outer2 | cfg=P_l2_b16_e6_w1_s_d3_s1_r9 | Inner 2/3
[2026-10-02 17:12:16] CU outer2 cfg=P_l2_b16_e6_w1_s_d3_s1_r9 Inner 2: F1=0.7507
[2026-10-02 17:12:16] CU outer2 | cfg=P_l2_b16_e6_w1_s_d3_s1_r9 | Inner 3/3
[2026-10-02 17:12:42] CU outer2 cfg=P_l2_b16_e6_w1_s_d3_s1_r9 Inner 3: F1=0.6969
[2026-10-02 17:12:42] CU outer2 | trial 3/20 F1_inner=0.7197 | mejor=0.7197
[2026-10-02 17:12:42] CU outer2 | cfg=P_l2_b16_e4_w10_b_d2_s1_r9 | Inner 1/3
[2026-10-02 17:13:00] CU outer2 cfg=P_l2_b16_e4_w10_b_d2_s1_r9 Inner 1: F1=0.7020
[2026-10-02 17:13:00] CU outer2 | cfg=P_l2_b16_e4_w10_b_d2_s1_r9 | Inner 2/3
[2026-10-02 17:13:17] CU outer2 cfg=P_l2_b16_e4_w10_b_d2_s1_r9 Inner 2: F1=0.7460
[2026-10-02 17:13:17] CU outer2 | cfg=P_l2_b16_e4_w10_b_d2_s1_r9 | Inner 3/3
[2026-10-02 17:13:35] CU outer2 cfg=P_l2_b16_e4_w10_b_d2_s1_r9 Inner 3: F1=0.7325
[2026-10-02 17:13:35] CU outer2 | trial 4/20 F1_inner=0.7268 | mejor=0.7268
[2026-10-02 17:13:35] CU outer2 | cfg=P_l1_b16_e6_w1_b_d3_s1_r9 | Inner 1/3
[2026-10-02 17:14:01] CU outer2 cfg=P_l1_b16_e6_w1_b_d3_s1_r9 Inner 1: F1=0.6665
[2026-10-02 17:14:01] CU outer2 | cfg=P_l1_b16_e6_w1_b_d3_s1_r9 | Inner 2/3
[2026-10-02 17:14:26] CU outer2 cfg=P_l1_b16_e6_w1_b_d3_s1_r9 Inner 2: F1=0.7243
[2026-10-02 17:14:26] CU outer2 | cfg=P_l1_b16_e6_w1_b_d3_s1_r9 | Inner 3/3
[2026-10-02 17:14:53] CU outer2 cfg=P_l1_b16_e6_w1_b_d3_s1_r9 Inner 3: F1=0.7073
[2026-10-02 17:14:53] CU outer2 | trial 5/20 F1_inner=0.6994 | mejor=0.7268
[2026-10-02 17:14:53] CU outer2 | cfg=P_l2_b16_e4_w10_s_d2_s1_r9 | Inner 1/3
[2026-10-02 17:15:11] CU outer2 cfg=P_l2_b16_e4_w10_s_d2_s1_r9 Inner 1: F1=0.6787
[2026-10-02 17:15:11] CU outer2 | cfg=P_l2_b16_e4_w10_s_d2_s1_r9 | Inner 2/3
[2026-10-02 17:15:28] CU outer2 cfg=P_l2_b16_e4_w10_s_d2_s1_r9 Inner 2: F1=0.7203
[2026-10-02 17:15:28] CU outer2 | cfg=P_l2_b16_e4_w10_s_d2_s1_r9 | Inner 3/3
[2026-10-02 17:15:47] CU outer2 cfg=P_l2_b16_e4_w10_s_d2_s1_r9 Inner 3: F1=0.6899
[2026-10-02 17:15:47] CU outer2 | trial 6/20 F1_inner=0.6963 | mejor=0.7268
[2026-10-02 17:15:47] REUTILIZADO CU outer2 cfg=P_l2_b16_e4_w10_b_d2_s1_r9 inner=1: F1=0.7020
[2026-10-02 17:15:47] REUTILIZADO CU outer2 cfg=P_l2_b16_e4_w10_b_d2_s1_r9 inner=2: F1=0.7460
[2026-10-02 17:15:47] REUTILIZADO CU outer2 cfg=P_l2_b16_e4_w10_b_d2_s1_r9 inner=3: F1=0.7325
[2026-10-02 17:15:47] CU outer2 | trial 7/20 F1_inner=0.7268 | mejor=0.7268
[2026-10-02 17:15:47] CU outer2 | cfg=P_l2_b16_e4_w1_b_d1_s1_r9 | Inner 1/3
[2026-10-02 17:16:05] CU outer2 cfg=P_l2_b16_e4_w1_b_d1_s1_r9 Inner 1: F1=0.7039
[2026-10-02 17:16:05] CU outer2 | cfg=P_l2_b16_e4_w1_b_d1_s1_r9 | Inner 2/3
[2026-10-02 17:16:23] CU outer2 cfg=P_l2_b16_e4_w1_b_d1_s1_r9 Inner 2: F1=0.7430
[2026-10-02 17:16:23] CU outer2 | cfg=P_l2_b16_e4_w1_b_d1_s1_r9 | Inner 3/3
[2026-10-02 17:16:40] CU outer2 cfg=P_l2_b16_e4_w1_b_d1_s1_r9 Inner 3: F1=0.7391
[2026-10-02 17:16:41] CU outer2 | trial 8/20 F1_inner=0.7287 | mejor=0.7287
[2026-10-02 17:16:41] REUTILIZADO CU outer2 cfg=P_l2_b16_e4_w1_b_d1_s1_r9 inner=1: F1=0.7039
[2026-10-02 17:16:41] REUTILIZADO CU outer2 cfg=P_l2_b16_e4_w1_b_d1_s1_r9 inner=2: F1=0.7430
[2026-10-02 17:16:41] REUTILIZADO CU outer2 cfg=P_l2_b16_e4_w1_b_d1_s1_r9 inner=3: F1=0.7391
[2026-10-02 17:16:41] CU outer2 | trial 9/20 F1_inner=0.7287 | mejor=0.7287
[2026-10-02 17:16:41] CU outer2 | cfg=P_l2_b16_e6_w1_b_d1_s1_r9 | Inner 1/3
[2026-10-02 17:17:07] CU outer2 cfg=P_l2_b16_e6_w1_b_d1_s1_r9 Inner 1: F1=0.7310
[2026-10-02 17:17:07] CU outer2 | cfg=P_l2_b16_e6_w1_b_d1_s1_r9 | Inner 2/3
[2026-10-02 17:17:34] CU outer2 cfg=P_l2_b16_e6_w1_b_d1_s1_r9 Inner 2: F1=0.7595
[2026-10-02 17:17:34] CU outer2 | cfg=P_l2_b16_e6_w1_b_d1_s1_r9 | Inner 3/3
[2026-10-02 17:18:00] CU outer2 cfg=P_l2_b16_e6_w1_b_d1_s1_r9 Inner 3: F1=0.7452
[2026-10-02 17:18:00] CU outer2 | trial 10/20 F1_inner=0.7452 | mejor=0.7452
[2026-10-02 17:18:00] CU outer2 | cfg=P_l2_b16_e6_w10_b_d1_s1_r9 | Inner 1/3
[2026-10-02 17:18:26] CU outer2 cfg=P_l2_b16_e6_w10_b_d1_s1_r9 Inner 1: F1=0.7310
[2026-10-02 17:18:26] CU outer2 | cfg=P_l2_b16_e6_w10_b_d1_s1_r9 | Inner 2/3
[2026-10-02 17:18:52] CU outer2 cfg=P_l2_b16_e6_w10_b_d1_s1_r9 Inner 2: F1=0.7595
[2026-10-02 17:18:52] CU outer2 | cfg=P_l2_b16_e6_w10_b_d1_s1_r9 | Inner 3/3
[2026-10-02 17:19:17] CU outer2 cfg=P_l2_b16_e6_w10_b_d1_s1_r9 Inner 3: F1=0.7452
[2026-10-02 17:19:18] CU outer2 | trial 11/20 F1_inner=0.7452 | mejor=0.7452
[2026-10-02 17:19:18] REUTILIZADO CU outer2 cfg=P_l2_b16_e6_w10_b_d1_s1_r9 inner=1: F1=0.7310
[2026-10-02 17:19:18] REUTILIZADO CU outer2 cfg=P_l2_b16_e6_w10_b_d1_s1_r9 inner=2: F1=0.7595
[2026-10-02 17:19:18] REUTILIZADO CU outer2 cfg=P_l2_b16_e6_w10_b_d1_s1_r9 inner=3: F1=0.7452
[2026-10-02 17:19:18] CU outer2 | trial 12/20 F1_inner=0.7452 | mejor=0.7452
[2026-10-02 17:19:18] REUTILIZADO CU outer2 cfg=P_l2_b16_e6_w1_b_d1_s1_r9 inner=1: F1=0.7310
[2026-10-02 17:19:18] REUTILIZADO CU outer2 cfg=P_l2_b16_e6_w1_b_d1_s1_r9 inner=2: F1=0.7595
[2026-10-02 17:19:18] REUTILIZADO CU outer2 cfg=P_l2_b16_e6_w1_b_d1_s1_r9 inner=3: F1=0.7452
[2026-10-02 17:19:18] CU outer2 | trial 13/20 F1_inner=0.7452 | mejor=0.7452
[2026-10-02 17:19:19] CU outer2 | cfg=P_l2_b16_e6_w10_s_d1_s1_r9 | Inner 1/3
[2026-10-02 17:19:45] CU outer2 cfg=P_l2_b16_e6_w10_s_d1_s1_r9 Inner 1: F1=0.7178
[2026-10-02 17:19:45] CU outer2 | cfg=P_l2_b16_e6_w10_s_d1_s1_r9 | Inner 2/3
[2026-10-02 17:20:11] CU outer2 cfg=P_l2_b16_e6_w10_s_d1_s1_r9 Inner 2: F1=0.7619
[2026-10-02 17:20:11] CU outer2 | cfg=P_l2_b16_e6_w10_s_d1_s1_r9 | Inner 3/3
[2026-10-02 17:20:37] CU outer2 cfg=P_l2_b16_e6_w10_s_d1_s1_r9 Inner 3: F1=0.7188
[2026-10-02 17:20:38] CU outer2 | trial 14/20 F1_inner=0.7328 | mejor=0.7452
[2026-10-02 17:20:38] CU outer2 | cfg=P_l1_b16_e6_w10_b_d1_s1_r9 | Inner 1/3
[2026-10-02 17:21:04] CU outer2 cfg=P_l1_b16_e6_w10_b_d1_s1_r9 Inner 1: F1=0.6898
[2026-10-02 17:21:04] CU outer2 | cfg=P_l1_b16_e6_w10_b_d1_s1_r9 | Inner 2/3
[2026-10-02 17:21:30] CU outer2 cfg=P_l1_b16_e6_w10_b_d1_s1_r9 Inner 2: F1=0.7339
[2026-10-02 17:21:30] CU outer2 | cfg=P_l1_b16_e6_w10_b_d1_s1_r9 | Inner 3/3
[2026-10-02 17:21:56] CU outer2 cfg=P_l1_b16_e6_w10_b_d1_s1_r9 Inner 3: F1=0.7235
[2026-10-02 17:21:56] CU outer2 | trial 15/20 F1_inner=0.7157 | mejor=0.7452
[2026-10-02 17:21:56] CU outer2 | cfg=P_l2_b16_e6_w10_b_d3_s1_r9 | Inner 1/3
[2026-10-02 17:22:22] CU outer2 cfg=P_l2_b16_e6_w10_b_d3_s1_r9 Inner 1: F1=0.7103
[2026-10-02 17:22:22] CU outer2 | cfg=P_l2_b16_e6_w10_b_d3_s1_r9 | Inner 2/3
[2026-10-02 17:22:48] CU outer2 cfg=P_l2_b16_e6_w10_b_d3_s1_r9 Inner 2: F1=0.7566
[2026-10-02 17:22:48] CU outer2 | cfg=P_l2_b16_e6_w10_b_d3_s1_r9 | Inner 3/3
[2026-10-02 17:23:13] CU outer2 cfg=P_l2_b16_e6_w10_b_d3_s1_r9 Inner 3: F1=0.7449
[2026-10-02 17:23:14] CU outer2 | trial 16/20 F1_inner=0.7373 | mejor=0.7452
[2026-10-02 17:23:14] CU outer2 | cfg=P_l1_b16_e6_w1_b_d1_s1_r9 | Inner 1/3
[2026-10-02 17:23:40] CU outer2 cfg=P_l1_b16_e6_w1_b_d1_s1_r9 Inner 1: F1=0.6892
[2026-10-02 17:23:40] CU outer2 | cfg=P_l1_b16_e6_w1_b_d1_s1_r9 | Inner 2/3
[2026-10-02 17:24:05] CU outer2 cfg=P_l1_b16_e6_w1_b_d1_s1_r9 Inner 2: F1=0.7358
[2026-10-02 17:24:05] CU outer2 | cfg=P_l1_b16_e6_w1_b_d1_s1_r9 | Inner 3/3
[2026-10-02 17:24:32] CU outer2 cfg=P_l1_b16_e6_w1_b_d1_s1_r9 Inner 3: F1=0.7250
[2026-10-02 17:24:32] CU outer2 | trial 17/20 F1_inner=0.7167 | mejor=0.7452
[2026-10-02 17:24:32] CU outer2 | cfg=P_l2_b16_e6_w1_b_d2_s1_r9 | Inner 1/3
[2026-10-02 17:24:58] CU outer2 cfg=P_l2_b16_e6_w1_b_d2_s1_r9 Inner 1: F1=0.7213
[2026-10-02 17:24:58] CU outer2 | cfg=P_l2_b16_e6_w1_b_d2_s1_r9 | Inner 2/3
[2026-10-02 17:25:24] CU outer2 cfg=P_l2_b16_e6_w1_b_d2_s1_r9 Inner 2: F1=0.7596
[2026-10-02 17:25:24] CU outer2 | cfg=P_l2_b16_e6_w1_b_d2_s1_r9 | Inner 3/3
[2026-10-02 17:25:50] CU outer2 cfg=P_l2_b16_e6_w1_b_d2_s1_r9 Inner 3: F1=0.7493
[2026-10-02 17:25:51] CU outer2 | trial 18/20 F1_inner=0.7434 | mejor=0.7452
[2026-10-02 17:25:51] CU outer2 | cfg=P_l1_b16_e4_w10_s_d1_s1_r9 | Inner 1/3
[2026-10-02 17:26:08] CU outer2 cfg=P_l1_b16_e4_w10_s_d1_s1_r9 Inner 1: F1=0.6204
[2026-10-02 17:26:08] CU outer2 | cfg=P_l1_b16_e4_w10_s_d1_s1_r9 | Inner 2/3
[2026-10-02 17:26:26] CU outer2 cfg=P_l1_b16_e4_w10_s_d1_s1_r9 Inner 2: F1=0.6465
[2026-10-02 17:26:26] CU outer2 | cfg=P_l1_b16_e4_w10_s_d1_s1_r9 | Inner 3/3
[2026-10-02 17:26:43] CU outer2 cfg=P_l1_b16_e4_w10_s_d1_s1_r9 Inner 3: F1=0.6160
[2026-10-02 17:26:44] CU outer2 | trial 19/20 F1_inner=0.6276 | mejor=0.7452
[2026-10-02 17:26:44] CU outer2 | cfg=P_l2_b16_e6_w1_s_d1_s1_r9 | Inner 1/3
[2026-10-02 17:27:09] CU outer2 cfg=P_l2_b16_e6_w1_s_d1_s1_r9 Inner 1: F1=0.7192
[2026-10-02 17:27:09] CU outer2 | cfg=P_l2_b16_e6_w1_s_d1_s1_r9 | Inner 2/3
[2026-10-02 17:27:35] CU outer2 cfg=P_l2_b16_e6_w1_s_d1_s1_r9 Inner 2: F1=0.7619
[2026-10-02 17:27:35] CU outer2 | cfg=P_l2_b16_e6_w1_s_d1_s1_r9 | Inner 3/3
[2026-10-02 17:28:01] CU outer2 cfg=P_l2_b16_e6_w1_s_d1_s1_r9 Inner 3: F1=0.7188
[2026-10-02 17:28:01] CU outer2 | trial 20/20 F1_inner=0.7333 | mejor=0.7452
[2026-10-02 17:28:01] CU Outer 2: refit PYSENTIMIENTO, 5 épocas
[2026-10-02 17:28:31] ACTIVO: CU Outer 2: refit PYSENTIMIENTO, 5 épocas
[2026-10-02 17:28:38] CU Outer 2 refit: F1_train=0.9520, F1_outer=0.7542
[2026-10-02 17:28:38] [CU][RoBERTuito][Outer 2/5] FINALIZADO | prep=PYSENTIMIENTO | F1_inner=0.7452±0.0142 | F1_train=0.9520 | F1_outer=0.7542 | gap=0.1978
[2026-10-02 17:28:38] CU | Outer 3/5
[2026-10-02 17:28:38] CU outer3 | cfg=P_l1_b16_e4_w10_b_d3_s1_r9 | Inner 1/3
[2026-10-02 17:28:56] CU outer3 cfg=P_l1_b16_e4_w10_b_d3_s1_r9 Inner 1: F1=0.6820
[2026-10-02 17:28:56] CU outer3 | cfg=P_l1_b16_e4_w10_b_d3_s1_r9 | Inner 2/3
[2026-10-02 17:29:14] CU outer3 cfg=P_l1_b16_e4_w10_b_d3_s1_r9 Inner 2: F1=0.6908
[2026-10-02 17:29:14] CU outer3 | cfg=P_l1_b16_e4_w10_b_d3_s1_r9 | Inner 3/3
[2026-10-02 17:29:32] CU outer3 cfg=P_l1_b16_e4_w10_b_d3_s1_r9 Inner 3: F1=0.6683
[2026-10-02 17:29:33] CU outer3 | trial 1/20 F1_inner=0.6804 | mejor=0.6804
[2026-10-02 17:29:33] CU outer3 | cfg=P_l2_b16_e6_w10_s_d2_s1_r9 | Inner 1/3
[2026-10-02 17:29:59] CU outer3 cfg=P_l2_b16_e6_w10_s_d2_s1_r9 Inner 1: F1=0.7315
[2026-10-02 17:29:59] CU outer3 | cfg=P_l2_b16_e6_w10_s_d2_s1_r9 | Inner 2/3
[2026-10-02 17:30:24] CU outer3 cfg=P_l2_b16_e6_w10_s_d2_s1_r9 Inner 2: F1=0.7393
[2026-10-02 17:30:24] CU outer3 | cfg=P_l2_b16_e6_w10_s_d2_s1_r9 | Inner 3/3
[2026-10-02 17:30:50] CU outer3 cfg=P_l2_b16_e6_w10_s_d2_s1_r9 Inner 3: F1=0.7254
[2026-10-02 17:30:50] CU outer3 | trial 2/20 F1_inner=0.7321 | mejor=0.7321
[2026-10-02 17:30:50] CU outer3 | cfg=P_l2_b16_e6_w1_s_d1_s1_r9 | Inner 1/3
[2026-10-02 17:31:17] CU outer3 cfg=P_l2_b16_e6_w1_s_d1_s1_r9 Inner 1: F1=0.7280
[2026-10-02 17:31:17] CU outer3 | cfg=P_l2_b16_e6_w1_s_d1_s1_r9 | Inner 2/3
[2026-10-02 17:31:42] CU outer3 cfg=P_l2_b16_e6_w1_s_d1_s1_r9 Inner 2: F1=0.7357
[2026-10-02 17:31:42] CU outer3 | cfg=P_l2_b16_e6_w1_s_d1_s1_r9 | Inner 3/3
[2026-10-02 17:32:08] CU outer3 cfg=P_l2_b16_e6_w1_s_d1_s1_r9 Inner 3: F1=0.7330
[2026-10-02 17:32:08] CU outer3 | trial 3/20 F1_inner=0.7322 | mejor=0.7322
[2026-10-02 17:32:08] CU outer3 | cfg=P_l2_b16_e6_w1_b_d2_s1_r9 | Inner 1/3
[2026-10-02 17:32:34] CU outer3 cfg=P_l2_b16_e6_w1_b_d2_s1_r9 Inner 1: F1=0.7244
[2026-10-02 17:32:34] CU outer3 | cfg=P_l2_b16_e6_w1_b_d2_s1_r9 | Inner 2/3
[2026-10-02 17:33:00] CU outer3 cfg=P_l2_b16_e6_w1_b_d2_s1_r9 Inner 2: F1=0.7524
[2026-10-02 17:33:00] CU outer3 | cfg=P_l2_b16_e6_w1_b_d2_s1_r9 | Inner 3/3
[2026-10-02 17:33:25] CU outer3 cfg=P_l2_b16_e6_w1_b_d2_s1_r9 Inner 3: F1=0.7492
[2026-10-02 17:33:25] CU outer3 | trial 4/20 F1_inner=0.7420 | mejor=0.7420
[2026-10-02 17:33:25] CU outer3 | cfg=P_l2_b16_e4_w1_s_d1_s1_r9 | Inner 1/3
[2026-10-02 17:33:43] CU outer3 cfg=P_l2_b16_e4_w1_s_d1_s1_r9 Inner 1: F1=0.7032
[2026-10-02 17:33:43] CU outer3 | cfg=P_l2_b16_e4_w1_s_d1_s1_r9 | Inner 2/3
[2026-10-02 17:34:00] CU outer3 cfg=P_l2_b16_e4_w1_s_d1_s1_r9 Inner 2: F1=0.7091
[2026-10-02 17:34:00] CU outer3 | cfg=P_l2_b16_e4_w1_s_d1_s1_r9 | Inner 3/3
[2026-10-02 17:34:18] CU outer3 cfg=P_l2_b16_e4_w1_s_d1_s1_r9 Inner 3: F1=0.7111
[2026-10-02 17:34:18] CU outer3 | trial 5/20 F1_inner=0.7078 | mejor=0.7420
[2026-10-02 17:34:18] CU outer3 | cfg=P_l2_b16_e6_w1_b_d3_s1_r9 | Inner 1/3
[2026-10-02 17:34:44] CU outer3 cfg=P_l2_b16_e6_w1_b_d3_s1_r9 Inner 1: F1=0.7209
[2026-10-02 17:34:44] CU outer3 | cfg=P_l2_b16_e6_w1_b_d3_s1_r9 | Inner 2/3
[2026-10-02 17:35:10] CU outer3 cfg=P_l2_b16_e6_w1_b_d3_s1_r9 Inner 2: F1=0.7564
[2026-10-02 17:35:10] CU outer3 | cfg=P_l2_b16_e6_w1_b_d3_s1_r9 | Inner 3/3
[2026-10-02 17:35:36] CU outer3 cfg=P_l2_b16_e6_w1_b_d3_s1_r9 Inner 3: F1=0.7434
[2026-10-02 17:35:37] CU outer3 | trial 6/20 F1_inner=0.7402 | mejor=0.7420
[2026-10-02 17:35:37] CU outer3 | cfg=P_l1_b16_e6_w1_b_d2_s1_r9 | Inner 1/3
[2026-10-02 17:36:03] CU outer3 cfg=P_l1_b16_e6_w1_b_d2_s1_r9 Inner 1: F1=0.6956
[2026-10-02 17:36:03] CU outer3 | cfg=P_l1_b16_e6_w1_b_d2_s1_r9 | Inner 2/3
[2026-10-02 17:36:29] CU outer3 cfg=P_l1_b16_e6_w1_b_d2_s1_r9 Inner 2: F1=0.7307
[2026-10-02 17:36:29] CU outer3 | cfg=P_l1_b16_e6_w1_b_d2_s1_r9 | Inner 3/3
[2026-10-02 17:36:56] CU outer3 cfg=P_l1_b16_e6_w1_b_d2_s1_r9 Inner 3: F1=0.7164
[2026-10-02 17:36:56] CU outer3 | trial 7/20 F1_inner=0.7142 | mejor=0.7420
[2026-10-02 17:36:56] REUTILIZADO CU outer3 cfg=P_l2_b16_e6_w1_b_d2_s1_r9 inner=1: F1=0.7244
[2026-10-02 17:36:56] REUTILIZADO CU outer3 cfg=P_l2_b16_e6_w1_b_d2_s1_r9 inner=2: F1=0.7524
[2026-10-02 17:36:56] REUTILIZADO CU outer3 cfg=P_l2_b16_e6_w1_b_d2_s1_r9 inner=3: F1=0.7492
[2026-10-02 17:36:57] CU outer3 | trial 8/20 F1_inner=0.7420 | mejor=0.7420
[2026-10-02 17:36:57] CU outer3 | cfg=P_l2_b16_e4_w1_b_d2_s1_r9 | Inner 1/3
[2026-10-02 17:37:15] CU outer3 cfg=P_l2_b16_e4_w1_b_d2_s1_r9 Inner 1: F1=0.7232
[2026-10-02 17:37:15] CU outer3 | cfg=P_l2_b16_e4_w1_b_d2_s1_r9 | Inner 2/3
[2026-10-02 17:37:33] CU outer3 cfg=P_l2_b16_e4_w1_b_d2_s1_r9 Inner 2: F1=0.7376
[2026-10-02 17:37:33] CU outer3 | cfg=P_l2_b16_e4_w1_b_d2_s1_r9 | Inner 3/3
[2026-10-02 17:37:50] CU outer3 cfg=P_l2_b16_e4_w1_b_d2_s1_r9 Inner 3: F1=0.7290
[2026-10-02 17:37:51] CU outer3 | trial 9/20 F1_inner=0.7299 | mejor=0.7420
[2026-10-02 17:37:51] CU outer3 | cfg=P_l2_b16_e6_w10_b_d1_s1_r9 | Inner 1/3
[2026-10-02 17:38:17] CU outer3 cfg=P_l2_b16_e6_w10_b_d1_s1_r9 Inner 1: F1=0.7258
[2026-10-02 17:38:17] CU outer3 | cfg=P_l2_b16_e6_w10_b_d1_s1_r9 | Inner 2/3
[2026-10-02 17:38:42] CU outer3 cfg=P_l2_b16_e6_w10_b_d1_s1_r9 Inner 2: F1=0.7542
[2026-10-02 17:38:42] CU outer3 | cfg=P_l2_b16_e6_w10_b_d1_s1_r9 | Inner 3/3
[2026-10-02 17:39:08] CU outer3 cfg=P_l2_b16_e6_w10_b_d1_s1_r9 Inner 3: F1=0.7587
[2026-10-02 17:39:08] CU outer3 | trial 10/20 F1_inner=0.7463 | mejor=0.7463
[2026-10-02 17:39:08] REUTILIZADO CU outer3 cfg=P_l2_b16_e6_w10_b_d1_s1_r9 inner=1: F1=0.7258
[2026-10-02 17:39:08] REUTILIZADO CU outer3 cfg=P_l2_b16_e6_w10_b_d1_s1_r9 inner=2: F1=0.7542
[2026-10-02 17:39:08] REUTILIZADO CU outer3 cfg=P_l2_b16_e6_w10_b_d1_s1_r9 inner=3: F1=0.7587
[2026-10-02 17:39:09] CU outer3 | trial 11/20 F1_inner=0.7463 | mejor=0.7463
[2026-10-02 17:39:09] REUTILIZADO CU outer3 cfg=P_l2_b16_e6_w10_b_d1_s1_r9 inner=1: F1=0.7258
[2026-10-02 17:39:09] REUTILIZADO CU outer3 cfg=P_l2_b16_e6_w10_b_d1_s1_r9 inner=2: F1=0.7542
[2026-10-02 17:39:09] REUTILIZADO CU outer3 cfg=P_l2_b16_e6_w10_b_d1_s1_r9 inner=3: F1=0.7587
[2026-10-02 17:39:09] CU outer3 | trial 12/20 F1_inner=0.7463 | mejor=0.7463
[2026-10-02 17:39:09] CU outer3 | cfg=P_l1_b16_e6_w10_b_d1_s1_r9 | Inner 1/3
[2026-10-02 17:39:35] CU outer3 cfg=P_l1_b16_e6_w10_b_d1_s1_r9 Inner 1: F1=0.6984
[2026-10-02 17:39:35] CU outer3 | cfg=P_l1_b16_e6_w10_b_d1_s1_r9 | Inner 2/3
[2026-10-02 17:40:01] CU outer3 cfg=P_l1_b16_e6_w10_b_d1_s1_r9 Inner 2: F1=0.7420
[2026-10-02 17:40:01] CU outer3 | cfg=P_l1_b16_e6_w10_b_d1_s1_r9 | Inner 3/3
[2026-10-02 17:40:27] CU outer3 cfg=P_l1_b16_e6_w10_b_d1_s1_r9 Inner 3: F1=0.7246
[2026-10-02 17:40:27] CU outer3 | trial 13/20 F1_inner=0.7217 | mejor=0.7463
[2026-10-02 17:40:27] CU outer3 | cfg=P_l2_b16_e4_w10_b_d1_s1_r9 | Inner 1/3
[2026-10-02 17:40:45] CU outer3 cfg=P_l2_b16_e4_w10_b_d1_s1_r9 Inner 1: F1=0.7168
[2026-10-02 17:40:45] CU outer3 | cfg=P_l2_b16_e4_w10_b_d1_s1_r9 | Inner 2/3
[2026-10-02 17:41:04] CU outer3 cfg=P_l2_b16_e4_w10_b_d1_s1_r9 Inner 2: F1=0.7354
[2026-10-02 17:41:04] CU outer3 | cfg=P_l2_b16_e4_w10_b_d1_s1_r9 | Inner 3/3
[2026-10-02 17:41:21] CU outer3 cfg=P_l2_b16_e4_w10_b_d1_s1_r9 Inner 3: F1=0.7372
[2026-10-02 17:41:22] CU outer3 | trial 14/20 F1_inner=0.7298 | mejor=0.7463
[2026-10-02 17:41:22] CU outer3 | cfg=P_l2_b16_e6_w10_b_d3_s1_r9 | Inner 1/3
[2026-10-02 17:41:44] CU outer3 cfg=P_l2_b16_e6_w10_b_d3_s1_r9 Inner 1: F1=0.7192
[2026-10-02 17:41:44] CU outer3 | cfg=P_l2_b16_e6_w10_b_d3_s1_r9 | Inner 2/3
[2026-10-02 17:42:10] CU outer3 cfg=P_l2_b16_e6_w10_b_d3_s1_r9 Inner 2: F1=0.7543
[2026-10-02 17:42:10] CU outer3 | cfg=P_l2_b16_e6_w10_b_d3_s1_r9 | Inner 3/3
[2026-10-02 17:42:36] CU outer3 cfg=P_l2_b16_e6_w10_b_d3_s1_r9 Inner 3: F1=0.7434
[2026-10-02 17:42:36] CU outer3 | trial 15/20 F1_inner=0.7390 | mejor=0.7463
[2026-10-02 17:42:36] CU outer3 | cfg=P_l1_b16_e6_w10_s_d3_s1_r9 | Inner 1/3
[2026-10-02 17:43:02] CU outer3 cfg=P_l1_b16_e6_w10_s_d3_s1_r9 Inner 1: F1=0.6292
[2026-10-02 17:43:02] CU outer3 | cfg=P_l1_b16_e6_w10_s_d3_s1_r9 | Inner 2/3
[2026-10-02 17:43:28] CU outer3 cfg=P_l1_b16_e6_w10_s_d3_s1_r9 Inner 2: F1=0.6652
[2026-10-02 17:43:28] CU outer3 | cfg=P_l1_b16_e6_w10_s_d3_s1_r9 | Inner 3/3
[2026-10-02 17:43:54] CU outer3 cfg=P_l1_b16_e6_w10_s_d3_s1_r9 Inner 3: F1=0.6302
[2026-10-02 17:43:54] CU outer3 | trial 16/20 F1_inner=0.6415 | mejor=0.7463
[2026-10-02 17:43:54] CU outer3 | cfg=P_l2_b16_e6_w10_s_d1_s1_r9 | Inner 1/3
[2026-10-02 17:44:20] CU outer3 cfg=P_l2_b16_e6_w10_s_d1_s1_r9 Inner 1: F1=0.7258
[2026-10-02 17:44:20] CU outer3 | cfg=P_l2_b16_e6_w10_s_d1_s1_r9 | Inner 2/3
[2026-10-02 17:44:46] CU outer3 cfg=P_l2_b16_e6_w10_s_d1_s1_r9 Inner 2: F1=0.7372
[2026-10-02 17:44:46] CU outer3 | cfg=P_l2_b16_e6_w10_s_d1_s1_r9 | Inner 3/3
[2026-10-02 17:45:11] CU outer3 cfg=P_l2_b16_e6_w10_s_d1_s1_r9 Inner 3: F1=0.7330
[2026-10-02 17:45:12] CU outer3 | trial 17/20 F1_inner=0.7320 | mejor=0.7463
[2026-10-02 17:45:12] CU outer3 | cfg=P_l2_b16_e4_w10_s_d3_s1_r9 | Inner 1/3
[2026-10-02 17:45:29] CU outer3 cfg=P_l2_b16_e4_w10_s_d3_s1_r9 Inner 1: F1=0.6488
[2026-10-02 17:45:29] CU outer3 | cfg=P_l2_b16_e4_w10_s_d3_s1_r9 | Inner 2/3
[2026-10-02 17:45:47] CU outer3 cfg=P_l2_b16_e4_w10_s_d3_s1_r9 Inner 2: F1=0.6988
[2026-10-02 17:45:47] CU outer3 | cfg=P_l2_b16_e4_w10_s_d3_s1_r9 | Inner 3/3
[2026-10-02 17:46:05] CU outer3 cfg=P_l2_b16_e4_w10_s_d3_s1_r9 Inner 3: F1=0.6936
[2026-10-02 17:46:05] CU outer3 | trial 18/20 F1_inner=0.6804 | mejor=0.7463
[2026-10-02 17:46:06] CU outer3 | cfg=P_l1_b16_e4_w1_b_d1_s1_r9 | Inner 1/3
[2026-10-02 17:46:24] CU outer3 cfg=P_l1_b16_e4_w1_b_d1_s1_r9 Inner 1: F1=0.6792
[2026-10-02 17:46:24] CU outer3 | cfg=P_l1_b16_e4_w1_b_d1_s1_r9 | Inner 2/3
[2026-10-02 17:46:41] CU outer3 cfg=P_l1_b16_e4_w1_b_d1_s1_r9 Inner 2: F1=0.7063
[2026-10-02 17:46:41] CU outer3 | cfg=P_l1_b16_e4_w1_b_d1_s1_r9 | Inner 3/3
[2026-10-02 17:47:00] CU outer3 cfg=P_l1_b16_e4_w1_b_d1_s1_r9 Inner 3: F1=0.6904
[2026-10-02 17:47:00] CU outer3 | trial 19/20 F1_inner=0.6920 | mejor=0.7463
[2026-10-02 17:47:00] CU outer3 | cfg=P_l1_b16_e4_w10_s_d2_s1_r9 | Inner 1/3
[2026-10-02 17:47:18] CU outer3 cfg=P_l1_b16_e4_w10_s_d2_s1_r9 Inner 1: F1=0.5687
[2026-10-02 17:47:18] CU outer3 | cfg=P_l1_b16_e4_w10_s_d2_s1_r9 | Inner 2/3
[2026-10-02 17:47:36] CU outer3 cfg=P_l1_b16_e4_w10_s_d2_s1_r9 Inner 2: F1=0.5998
[2026-10-02 17:47:36] CU outer3 | cfg=P_l1_b16_e4_w10_s_d2_s1_r9 | Inner 3/3
[2026-10-02 17:47:53] CU outer3 cfg=P_l1_b16_e4_w10_s_d2_s1_r9 Inner 3: F1=0.6045
[2026-10-02 17:47:54] CU outer3 | trial 20/20 F1_inner=0.5910 | mejor=0.7463
[2026-10-02 17:47:54] CU Outer 3: refit PYSENTIMIENTO, 4 épocas
[2026-10-02 17:48:23] CU Outer 3 refit: F1_train=0.9323, F1_outer=0.7665
[2026-10-02 17:48:23] [CU][RoBERTuito][Outer 3/5] FINALIZADO | prep=PYSENTIMIENTO | F1_inner=0.7463±0.0178 | F1_train=0.9323 | F1_outer=0.7665 | gap=0.1659
[2026-10-02 17:48:23] CU | Outer 4/5
[2026-10-02 17:48:24] CU outer4 | cfg=P_l1_b16_e6_w10_b_d1_s1_r9 | Inner 1/3
[2026-10-02 17:48:49] CU outer4 cfg=P_l1_b16_e6_w10_b_d1_s1_r9 Inner 1: F1=0.7368
[2026-10-02 17:48:49] CU outer4 | cfg=P_l1_b16_e6_w10_b_d1_s1_r9 | Inner 2/3
[2026-10-02 17:49:15] CU outer4 cfg=P_l1_b16_e6_w10_b_d1_s1_r9 Inner 2: F1=0.7437
[2026-10-02 17:49:15] CU outer4 | cfg=P_l1_b16_e6_w10_b_d1_s1_r9 | Inner 3/3
[2026-10-02 17:49:41] CU outer4 cfg=P_l1_b16_e6_w10_b_d1_s1_r9 Inner 3: F1=0.7277
[2026-10-02 17:49:41] CU outer4 | trial 1/20 F1_inner=0.7361 | mejor=0.7361
[2026-10-02 17:49:41] CU outer4 | cfg=P_l2_b16_e6_w1_s_d1_s1_r9 | Inner 1/3
[2026-10-02 17:50:07] CU outer4 cfg=P_l2_b16_e6_w1_s_d1_s1_r9 Inner 1: F1=0.7364
[2026-10-02 17:50:07] CU outer4 | cfg=P_l2_b16_e6_w1_s_d1_s1_r9 | Inner 2/3
[2026-10-02 17:50:33] CU outer4 cfg=P_l2_b16_e6_w1_s_d1_s1_r9 Inner 2: F1=0.7537
[2026-10-02 17:50:33] CU outer4 | cfg=P_l2_b16_e6_w1_s_d1_s1_r9 | Inner 3/3
[2026-10-02 17:50:52] CU outer4 cfg=P_l2_b16_e6_w1_s_d1_s1_r9 Inner 3: F1=0.7295
[2026-10-02 17:50:52] CU outer4 | trial 2/20 F1_inner=0.7399 | mejor=0.7399
[2026-10-02 17:50:52] CU outer4 | cfg=P_l2_b16_e6_w1_b_d2_s1_r9 | Inner 1/3
[2026-10-02 17:51:14] CU outer4 cfg=P_l2_b16_e6_w1_b_d2_s1_r9 Inner 1: F1=0.7470
[2026-10-02 17:51:14] CU outer4 | cfg=P_l2_b16_e6_w1_b_d2_s1_r9 | Inner 2/3
[2026-10-02 17:51:40] CU outer4 cfg=P_l2_b16_e6_w1_b_d2_s1_r9 Inner 2: F1=0.7635
[2026-10-02 17:51:40] CU outer4 | cfg=P_l2_b16_e6_w1_b_d2_s1_r9 | Inner 3/3
[2026-10-02 17:52:06] CU outer4 cfg=P_l2_b16_e6_w1_b_d2_s1_r9 Inner 3: F1=0.7501
[2026-10-02 17:52:06] CU outer4 | trial 3/20 F1_inner=0.7535 | mejor=0.7535
[2026-10-02 17:52:06] CU outer4 | cfg=P_l1_b16_e4_w10_s_d1_s1_r9 | Inner 1/3
[2026-10-02 17:52:23] CU outer4 cfg=P_l1_b16_e4_w10_s_d1_s1_r9 Inner 1: F1=0.6708
[2026-10-02 17:52:23] CU outer4 | cfg=P_l1_b16_e4_w10_s_d1_s1_r9 | Inner 2/3
[2026-10-02 17:52:41] CU outer4 cfg=P_l1_b16_e4_w10_s_d1_s1_r9 Inner 2: F1=0.6506
[2026-10-02 17:52:41] CU outer4 | cfg=P_l1_b16_e4_w10_s_d1_s1_r9 | Inner 3/3
[2026-10-02 17:52:59] CU outer4 cfg=P_l1_b16_e4_w10_s_d1_s1_r9 Inner 3: F1=0.6203
[2026-10-02 17:52:59] CU outer4 | trial 4/20 F1_inner=0.6472 | mejor=0.7535
[2026-10-02 17:52:59] CU outer4 | cfg=P_l2_b16_e6_w10_b_d3_s1_r9 | Inner 1/3
[2026-10-02 17:53:25] CU outer4 cfg=P_l2_b16_e6_w10_b_d3_s1_r9 Inner 1: F1=0.7502
[2026-10-02 17:53:25] CU outer4 | cfg=P_l2_b16_e6_w10_b_d3_s1_r9 | Inner 2/3
[2026-10-02 17:53:51] CU outer4 cfg=P_l2_b16_e6_w10_b_d3_s1_r9 Inner 2: F1=0.7664
[2026-10-02 17:53:51] CU outer4 | cfg=P_l2_b16_e6_w10_b_d3_s1_r9 | Inner 3/3
[2026-10-02 17:54:17] CU outer4 cfg=P_l2_b16_e6_w10_b_d3_s1_r9 Inner 3: F1=0.7459
[2026-10-02 17:54:17] CU outer4 | trial 5/20 F1_inner=0.7542 | mejor=0.7542
[2026-10-02 17:54:17] REUTILIZADO CU outer4 cfg=P_l2_b16_e6_w10_b_d3_s1_r9 inner=1: F1=0.7502
[2026-10-02 17:54:17] REUTILIZADO CU outer4 cfg=P_l2_b16_e6_w10_b_d3_s1_r9 inner=2: F1=0.7664
[2026-10-02 17:54:17] REUTILIZADO CU outer4 cfg=P_l2_b16_e6_w10_b_d3_s1_r9 inner=3: F1=0.7459
[2026-10-02 17:54:18] CU outer4 | trial 6/20 F1_inner=0.7542 | mejor=0.7542
[2026-10-02 17:54:18] CU outer4 | cfg=P_l2_b16_e4_w10_s_d3_s1_r9 | Inner 1/3
[2026-10-02 17:54:35] CU outer4 cfg=P_l2_b16_e4_w10_s_d3_s1_r9 Inner 1: F1=0.6968
[2026-10-02 17:54:35] CU outer4 | cfg=P_l2_b16_e4_w10_s_d3_s1_r9 | Inner 2/3
[2026-10-02 17:54:52] CU outer4 cfg=P_l2_b16_e4_w10_s_d3_s1_r9 Inner 2: F1=0.7047
[2026-10-02 17:54:52] CU outer4 | cfg=P_l2_b16_e4_w10_s_d3_s1_r9 | Inner 3/3
[2026-10-02 17:55:10] CU outer4 cfg=P_l2_b16_e4_w10_s_d3_s1_r9 Inner 3: F1=0.6870
[2026-10-02 17:55:10] CU outer4 | trial 7/20 F1_inner=0.6961 | mejor=0.7542
[2026-10-02 17:55:10] CU outer4 | cfg=P_l1_b16_e6_w1_b_d3_s1_r9 | Inner 1/3
[2026-10-02 17:55:37] CU outer4 cfg=P_l1_b16_e6_w1_b_d3_s1_r9 Inner 1: F1=0.7336
[2026-10-02 17:55:37] CU outer4 | cfg=P_l1_b16_e6_w1_b_d3_s1_r9 | Inner 2/3
[2026-10-02 17:56:03] CU outer4 cfg=P_l1_b16_e6_w1_b_d3_s1_r9 Inner 2: F1=0.7138
[2026-10-02 17:56:03] CU outer4 | cfg=P_l1_b16_e6_w1_b_d3_s1_r9 | Inner 3/3
[2026-10-02 17:56:29] CU outer4 cfg=P_l1_b16_e6_w1_b_d3_s1_r9 Inner 3: F1=0.7276
[2026-10-02 17:56:29] CU outer4 | trial 8/20 F1_inner=0.7250 | mejor=0.7542
[2026-10-02 17:56:29] CU outer4 | cfg=P_l1_b16_e4_w10_b_d3_s1_r9 | Inner 1/3
[2026-10-02 17:56:47] CU outer4 cfg=P_l1_b16_e4_w10_b_d3_s1_r9 Inner 1: F1=0.6838
[2026-10-02 17:56:47] CU outer4 | cfg=P_l1_b16_e4_w10_b_d3_s1_r9 | Inner 2/3
[2026-10-02 17:57:05] CU outer4 cfg=P_l1_b16_e4_w10_b_d3_s1_r9 Inner 2: F1=0.6920
[2026-10-02 17:57:05] CU outer4 | cfg=P_l1_b16_e4_w10_b_d3_s1_r9 | Inner 3/3
[2026-10-02 17:57:23] CU outer4 cfg=P_l1_b16_e4_w10_b_d3_s1_r9 Inner 3: F1=0.6992
[2026-10-02 17:57:23] CU outer4 | trial 9/20 F1_inner=0.6917 | mejor=0.7542
[2026-10-02 17:57:23] CU outer4 | cfg=P_l2_b16_e4_w1_b_d3_s1_r9 | Inner 1/3
[2026-10-02 17:57:41] CU outer4 cfg=P_l2_b16_e4_w1_b_d3_s1_r9 Inner 1: F1=0.7357
[2026-10-02 17:57:41] CU outer4 | cfg=P_l2_b16_e4_w1_b_d3_s1_r9 | Inner 2/3
[2026-10-02 17:57:59] CU outer4 cfg=P_l2_b16_e4_w1_b_d3_s1_r9 Inner 2: F1=0.7386
[2026-10-02 17:57:59] CU outer4 | cfg=P_l2_b16_e4_w1_b_d3_s1_r9 | Inner 3/3
[2026-10-02 17:58:17] CU outer4 cfg=P_l2_b16_e4_w1_b_d3_s1_r9 Inner 3: F1=0.7348
[2026-10-02 17:58:17] CU outer4 | trial 10/20 F1_inner=0.7364 | mejor=0.7542
[2026-10-02 17:58:17] CU outer4 | cfg=P_l2_b16_e6_w10_s_d2_s1_r9 | Inner 1/3
[2026-10-02 17:58:43] CU outer4 cfg=P_l2_b16_e6_w10_s_d2_s1_r9 Inner 1: F1=0.7292
[2026-10-02 17:58:43] CU outer4 | cfg=P_l2_b16_e6_w10_s_d2_s1_r9 | Inner 2/3
[2026-10-02 17:59:09] CU outer4 cfg=P_l2_b16_e6_w10_s_d2_s1_r9 Inner 2: F1=0.7560
[2026-10-02 17:59:09] CU outer4 | cfg=P_l2_b16_e6_w10_s_d2_s1_r9 | Inner 3/3
[2026-10-02 17:59:35] CU outer4 cfg=P_l2_b16_e6_w10_s_d2_s1_r9 Inner 3: F1=0.7381
[2026-10-02 17:59:36] CU outer4 | trial 11/20 F1_inner=0.7411 | mejor=0.7542
[2026-10-02 17:59:36] REUTILIZADO CU outer4 cfg=P_l2_b16_e6_w10_b_d3_s1_r9 inner=1: F1=0.7502
[2026-10-02 17:59:36] REUTILIZADO CU outer4 cfg=P_l2_b16_e6_w10_b_d3_s1_r9 inner=2: F1=0.7664
[2026-10-02 17:59:36] REUTILIZADO CU outer4 cfg=P_l2_b16_e6_w10_b_d3_s1_r9 inner=3: F1=0.7459
[2026-10-02 17:59:36] CU outer4 | trial 12/20 F1_inner=0.7542 | mejor=0.7542
[2026-10-02 17:59:36] CU outer4 | cfg=P_l2_b16_e6_w10_b_d1_s1_r9 | Inner 1/3
[2026-10-02 17:59:54] CU outer4 cfg=P_l2_b16_e6_w10_b_d1_s1_r9 Inner 1: F1=0.7414
[2026-10-02 17:59:54] CU outer4 | cfg=P_l2_b16_e6_w10_b_d1_s1_r9 | Inner 2/3
[2026-10-02 18:00:20] CU outer4 cfg=P_l2_b16_e6_w10_b_d1_s1_r9 Inner 2: F1=0.7654
[2026-10-02 18:00:20] CU outer4 | cfg=P_l2_b16_e6_w10_b_d1_s1_r9 | Inner 3/3
[2026-10-02 18:00:46] CU outer4 cfg=P_l2_b16_e6_w10_b_d1_s1_r9 Inner 3: F1=0.7479
[2026-10-02 18:00:47] CU outer4 | trial 13/20 F1_inner=0.7516 | mejor=0.7542
[2026-10-02 18:00:47] CU outer4 | cfg=P_l1_b16_e6_w10_s_d3_s1_r9 | Inner 1/3
[2026-10-02 18:01:12] CU outer4 cfg=P_l1_b16_e6_w10_s_d3_s1_r9 Inner 1: F1=0.6875
[2026-10-02 18:01:12] CU outer4 | cfg=P_l1_b16_e6_w10_s_d3_s1_r9 | Inner 2/3
[2026-10-02 18:01:38] CU outer4 cfg=P_l1_b16_e6_w10_s_d3_s1_r9 Inner 2: F1=0.6638
[2026-10-02 18:01:38] CU outer4 | cfg=P_l1_b16_e6_w10_s_d3_s1_r9 | Inner 3/3
[2026-10-02 18:02:04] CU outer4 cfg=P_l1_b16_e6_w10_s_d3_s1_r9 Inner 3: F1=0.6762
[2026-10-02 18:02:04] CU outer4 | trial 14/20 F1_inner=0.6758 | mejor=0.7542
[2026-10-02 18:02:04] CU outer4 | cfg=P_l2_b16_e4_w10_b_d2_s1_r9 | Inner 1/3
[2026-10-02 18:02:21] CU outer4 cfg=P_l2_b16_e4_w10_b_d2_s1_r9 Inner 1: F1=0.7352
[2026-10-02 18:02:21] CU outer4 | cfg=P_l2_b16_e4_w10_b_d2_s1_r9 | Inner 2/3
[2026-10-02 18:02:39] CU outer4 cfg=P_l2_b16_e4_w10_b_d2_s1_r9 Inner 2: F1=0.7496
[2026-10-02 18:02:39] CU outer4 | cfg=P_l2_b16_e4_w10_b_d2_s1_r9 | Inner 3/3
[2026-10-02 18:02:57] CU outer4 cfg=P_l2_b16_e4_w10_b_d2_s1_r9 Inner 3: F1=0.7341
[2026-10-02 18:02:57] CU outer4 | trial 15/20 F1_inner=0.7396 | mejor=0.7542
[2026-10-02 18:02:57] CU outer4 | cfg=P_l2_b16_e6_w1_b_d3_s1_r9 | Inner 1/3
[2026-10-02 18:03:23] CU outer4 cfg=P_l2_b16_e6_w1_b_d3_s1_r9 Inner 1: F1=0.7487
[2026-10-02 18:03:23] CU outer4 | cfg=P_l2_b16_e6_w1_b_d3_s1_r9 | Inner 2/3
[2026-10-02 18:03:48] CU outer4 cfg=P_l2_b16_e6_w1_b_d3_s1_r9 Inner 2: F1=0.7669
[2026-10-02 18:03:48] CU outer4 | cfg=P_l2_b16_e6_w1_b_d3_s1_r9 | Inner 3/3
[2026-10-02 18:04:14] CU outer4 cfg=P_l2_b16_e6_w1_b_d3_s1_r9 Inner 3: F1=0.7459
[2026-10-02 18:04:14] CU outer4 | trial 16/20 F1_inner=0.7539 | mejor=0.7542
[2026-10-02 18:04:14] CU outer4 | cfg=P_l2_b16_e6_w10_s_d3_s1_r9 | Inner 1/3
[2026-10-02 18:04:40] CU outer4 cfg=P_l2_b16_e6_w10_s_d3_s1_r9 Inner 1: F1=0.7213
[2026-10-02 18:04:40] CU outer4 | cfg=P_l2_b16_e6_w10_s_d3_s1_r9 | Inner 2/3
[2026-10-02 18:05:06] CU outer4 cfg=P_l2_b16_e6_w10_s_d3_s1_r9 Inner 2: F1=0.7407
[2026-10-02 18:05:06] CU outer4 | cfg=P_l2_b16_e6_w10_s_d3_s1_r9 | Inner 3/3
[2026-10-02 18:05:32] CU outer4 cfg=P_l2_b16_e6_w10_s_d3_s1_r9 Inner 3: F1=0.7448
[2026-10-02 18:05:32] CU outer4 | trial 17/20 F1_inner=0.7356 | mejor=0.7542
[2026-10-02 18:05:32] CU outer4 | cfg=P_l2_b16_e4_w10_b_d3_s1_r9 | Inner 1/3
[2026-10-02 18:05:50] CU outer4 cfg=P_l2_b16_e4_w10_b_d3_s1_r9 Inner 1: F1=0.7343
[2026-10-02 18:05:50] CU outer4 | cfg=P_l2_b16_e4_w10_b_d3_s1_r9 | Inner 2/3
[2026-10-02 18:06:09] CU outer4 cfg=P_l2_b16_e4_w10_b_d3_s1_r9 Inner 2: F1=0.7440
[2026-10-02 18:06:09] CU outer4 | cfg=P_l2_b16_e4_w10_b_d3_s1_r9 | Inner 3/3
[2026-10-02 18:06:27] CU outer4 cfg=P_l2_b16_e4_w10_b_d3_s1_r9 Inner 3: F1=0.7348
[2026-10-02 18:06:27] CU outer4 | trial 18/20 F1_inner=0.7377 | mejor=0.7542
[2026-10-02 18:06:27] CU outer4 | cfg=P_l1_b16_e4_w1_b_d1_s1_r9 | Inner 1/3
[2026-10-02 18:06:44] CU outer4 cfg=P_l1_b16_e4_w1_b_d1_s1_r9 Inner 1: F1=0.7093
[2026-10-02 18:06:44] CU outer4 | cfg=P_l1_b16_e4_w1_b_d1_s1_r9 | Inner 2/3
[2026-10-02 18:07:02] CU outer4 cfg=P_l1_b16_e4_w1_b_d1_s1_r9 Inner 2: F1=0.7133
[2026-10-02 18:07:02] CU outer4 | cfg=P_l1_b16_e4_w1_b_d1_s1_r9 | Inner 3/3
[2026-10-02 18:07:20] CU outer4 cfg=P_l1_b16_e4_w1_b_d1_s1_r9 Inner 3: F1=0.7238
[2026-10-02 18:07:20] CU outer4 | trial 19/20 F1_inner=0.7155 | mejor=0.7542
[2026-10-02 18:07:20] CU outer4 | cfg=P_l1_b16_e4_w1_s_d3_s1_r9 | Inner 1/3
[2026-10-02 18:07:38] CU outer4 cfg=P_l1_b16_e4_w1_s_d3_s1_r9 Inner 1: F1=0.6199
[2026-10-02 18:07:38] CU outer4 | cfg=P_l1_b16_e4_w1_s_d3_s1_r9 | Inner 2/3
[2026-10-02 18:07:55] CU outer4 cfg=P_l1_b16_e4_w1_s_d3_s1_r9 Inner 2: F1=0.5867
[2026-10-02 18:07:55] CU outer4 | cfg=P_l1_b16_e4_w1_s_d3_s1_r9 | Inner 3/3
[2026-10-02 18:08:13] CU outer4 cfg=P_l1_b16_e4_w1_s_d3_s1_r9 Inner 3: F1=0.5635
[2026-10-02 18:08:13] CU outer4 | trial 20/20 F1_inner=0.5900 | mejor=0.7542
[2026-10-02 18:08:13] CU Outer 4: refit PYSENTIMIENTO, 6 épocas
[2026-10-02 18:08:43] ACTIVO: CU Outer 4: refit PYSENTIMIENTO, 6 épocas
[2026-10-02 18:08:56] CU Outer 4 refit: F1_train=0.9333, F1_outer=0.7434
[2026-10-02 18:08:56] [CU][RoBERTuito][Outer 4/5] FINALIZADO | prep=PYSENTIMIENTO | F1_inner=0.7542±0.0108 | F1_train=0.9333 | F1_outer=0.7434 | gap=0.1899
[2026-10-02 18:08:56] CU | Outer 5/5
[2026-10-02 18:08:56] CU outer5 | cfg=P_l2_b16_e4_w10_s_d1_s1_r9 | Inner 1/3
[2026-10-02 18:09:14] CU outer5 cfg=P_l2_b16_e4_w10_s_d1_s1_r9 Inner 1: F1=0.7248
[2026-10-02 18:09:14] CU outer5 | cfg=P_l2_b16_e4_w10_s_d1_s1_r9 | Inner 2/3
[2026-10-02 18:09:32] CU outer5 cfg=P_l2_b16_e4_w10_s_d1_s1_r9 Inner 2: F1=0.7101
[2026-10-02 18:09:32] CU outer5 | cfg=P_l2_b16_e4_w10_s_d1_s1_r9 | Inner 3/3
[2026-10-02 18:09:49] CU outer5 cfg=P_l2_b16_e4_w10_s_d1_s1_r9 Inner 3: F1=0.7038
[2026-10-02 18:09:49] CU outer5 | trial 1/20 F1_inner=0.7129 | mejor=0.7129
[2026-10-02 18:09:49] CU outer5 | cfg=P_l2_b16_e6_w1_s_d2_s1_r9 | Inner 1/3
[2026-10-02 18:10:11] CU outer5 cfg=P_l2_b16_e6_w1_s_d2_s1_r9 Inner 1: F1=0.7315
[2026-10-02 18:10:11] CU outer5 | cfg=P_l2_b16_e6_w1_s_d2_s1_r9 | Inner 2/3
[2026-10-02 18:10:30] CU outer5 cfg=P_l2_b16_e6_w1_s_d2_s1_r9 Inner 2: F1=0.7190
[2026-10-02 18:10:30] CU outer5 | cfg=P_l2_b16_e6_w1_s_d2_s1_r9 | Inner 3/3
[2026-10-02 18:10:56] CU outer5 cfg=P_l2_b16_e6_w1_s_d2_s1_r9 Inner 3: F1=0.7284
[2026-10-02 18:10:56] CU outer5 | trial 2/20 F1_inner=0.7263 | mejor=0.7263
[2026-10-02 18:10:56] CU outer5 | cfg=P_l1_b16_e4_w10_s_d1_s1_r9 | Inner 1/3
[2026-10-02 18:11:14] CU outer5 cfg=P_l1_b16_e4_w10_s_d1_s1_r9 Inner 1: F1=0.6026
[2026-10-02 18:11:14] CU outer5 | cfg=P_l1_b16_e4_w10_s_d1_s1_r9 | Inner 2/3
[2026-10-02 18:11:32] CU outer5 cfg=P_l1_b16_e4_w10_s_d1_s1_r9 Inner 2: F1=0.6335
[2026-10-02 18:11:32] CU outer5 | cfg=P_l1_b16_e4_w10_s_d1_s1_r9 | Inner 3/3
[2026-10-02 18:11:50] CU outer5 cfg=P_l1_b16_e4_w10_s_d1_s1_r9 Inner 3: F1=0.6134
[2026-10-02 18:11:50] CU outer5 | trial 3/20 F1_inner=0.6165 | mejor=0.7263
[2026-10-02 18:11:50] CU outer5 | cfg=P_l1_b16_e4_w10_b_d3_s1_r9 | Inner 1/3
[2026-10-02 18:12:07] CU outer5 cfg=P_l1_b16_e4_w10_b_d3_s1_r9 Inner 1: F1=0.7025
[2026-10-02 18:12:07] CU outer5 | cfg=P_l1_b16_e4_w10_b_d3_s1_r9 | Inner 2/3
[2026-10-02 18:12:25] CU outer5 cfg=P_l1_b16_e4_w10_b_d3_s1_r9 Inner 2: F1=0.6823
[2026-10-02 18:12:25] CU outer5 | cfg=P_l1_b16_e4_w10_b_d3_s1_r9 | Inner 3/3
[2026-10-02 18:12:42] CU outer5 cfg=P_l1_b16_e4_w10_b_d3_s1_r9 Inner 3: F1=0.6852
[2026-10-02 18:12:43] CU outer5 | trial 4/20 F1_inner=0.6900 | mejor=0.7263
[2026-10-02 18:12:43] CU outer5 | cfg=P_l2_b16_e6_w10_s_d2_s1_r9 | Inner 1/3
[2026-10-02 18:13:04] CU outer5 cfg=P_l2_b16_e6_w10_s_d2_s1_r9 Inner 1: F1=0.7315
[2026-10-02 18:13:04] CU outer5 | cfg=P_l2_b16_e6_w10_s_d2_s1_r9 | Inner 2/3
[2026-10-02 18:13:21] CU outer5 cfg=P_l2_b16_e6_w10_s_d2_s1_r9 Inner 2: F1=0.7205
[2026-10-02 18:13:21] CU outer5 | cfg=P_l2_b16_e6_w10_s_d2_s1_r9 | Inner 3/3
[2026-10-02 18:13:47] CU outer5 cfg=P_l2_b16_e6_w10_s_d2_s1_r9 Inner 3: F1=0.7284
[2026-10-02 18:13:47] CU outer5 | trial 5/20 F1_inner=0.7268 | mejor=0.7268
[2026-10-02 18:13:48] CU outer5 | cfg=P_l2_b16_e6_w10_b_d2_s1_r9 | Inner 1/3
[2026-10-02 18:14:13] CU outer5 cfg=P_l2_b16_e6_w10_b_d2_s1_r9 Inner 1: F1=0.7620
[2026-10-02 18:14:13] CU outer5 | cfg=P_l2_b16_e6_w10_b_d2_s1_r9 | Inner 2/3
[2026-10-02 18:14:39] CU outer5 cfg=P_l2_b16_e6_w10_b_d2_s1_r9 Inner 2: F1=0.7363
[2026-10-02 18:14:39] CU outer5 | cfg=P_l2_b16_e6_w10_b_d2_s1_r9 | Inner 3/3
[2026-10-02 18:15:05] CU outer5 cfg=P_l2_b16_e6_w10_b_d2_s1_r9 Inner 3: F1=0.7242
[2026-10-02 18:15:06] CU outer5 | trial 6/20 F1_inner=0.7408 | mejor=0.7408
[2026-10-02 18:15:06] REUTILIZADO CU outer5 cfg=P_l2_b16_e6_w10_b_d2_s1_r9 inner=1: F1=0.7620
[2026-10-02 18:15:06] REUTILIZADO CU outer5 cfg=P_l2_b16_e6_w10_b_d2_s1_r9 inner=2: F1=0.7363
[2026-10-02 18:15:06] REUTILIZADO CU outer5 cfg=P_l2_b16_e6_w10_b_d2_s1_r9 inner=3: F1=0.7242
[2026-10-02 18:15:06] CU outer5 | trial 7/20 F1_inner=0.7408 | mejor=0.7408
[2026-10-02 18:15:06] CU outer5 | cfg=P_l2_b16_e6_w1_b_d1_s1_r9 | Inner 1/3
[2026-10-02 18:15:32] CU outer5 cfg=P_l2_b16_e6_w1_b_d1_s1_r9 Inner 1: F1=0.7585
[2026-10-02 18:15:32] CU outer5 | cfg=P_l2_b16_e6_w1_b_d1_s1_r9 | Inner 2/3
[2026-10-02 18:15:59] CU outer5 cfg=P_l2_b16_e6_w1_b_d1_s1_r9 Inner 2: F1=0.7342
[2026-10-02 18:15:59] CU outer5 | cfg=P_l2_b16_e6_w1_b_d1_s1_r9 | Inner 3/3
[2026-10-02 18:16:25] CU outer5 cfg=P_l2_b16_e6_w1_b_d1_s1_r9 Inner 3: F1=0.7207
[2026-10-02 18:16:25] CU outer5 | trial 8/20 F1_inner=0.7378 | mejor=0.7408
[2026-10-02 18:16:25] CU outer5 | cfg=P_l1_b16_e4_w1_b_d2_s1_r9 | Inner 1/3
[2026-10-02 18:16:43] CU outer5 cfg=P_l1_b16_e4_w1_b_d2_s1_r9 Inner 1: F1=0.7110
[2026-10-02 18:16:43] CU outer5 | cfg=P_l1_b16_e4_w1_b_d2_s1_r9 | Inner 2/3
[2026-10-02 18:17:01] CU outer5 cfg=P_l1_b16_e4_w1_b_d2_s1_r9 Inner 2: F1=0.6898
[2026-10-02 18:17:01] CU outer5 | cfg=P_l1_b16_e4_w1_b_d2_s1_r9 | Inner 3/3
[2026-10-02 18:17:19] CU outer5 cfg=P_l1_b16_e4_w1_b_d2_s1_r9 Inner 3: F1=0.6874
[2026-10-02 18:17:19] CU outer5 | trial 9/20 F1_inner=0.6961 | mejor=0.7408
[2026-10-02 18:17:19] CU outer5 | cfg=P_l1_b16_e6_w10_b_d1_s1_r9 | Inner 1/3
[2026-10-02 18:17:45] CU outer5 cfg=P_l1_b16_e6_w10_b_d1_s1_r9 Inner 1: F1=0.7510
[2026-10-02 18:17:45] CU outer5 | cfg=P_l1_b16_e6_w10_b_d1_s1_r9 | Inner 2/3
[2026-10-02 18:18:12] CU outer5 cfg=P_l1_b16_e6_w10_b_d1_s1_r9 Inner 2: F1=0.7176
[2026-10-02 18:18:12] CU outer5 | cfg=P_l1_b16_e6_w10_b_d1_s1_r9 | Inner 3/3
[2026-10-02 18:18:38] CU outer5 cfg=P_l1_b16_e6_w10_b_d1_s1_r9 Inner 3: F1=0.7100
[2026-10-02 18:18:38] CU outer5 | trial 10/20 F1_inner=0.7262 | mejor=0.7408
[2026-10-02 18:18:38] CU outer5 | cfg=P_l2_b16_e6_w10_b_d3_s1_r9 | Inner 1/3
[2026-10-02 18:19:03] CU outer5 cfg=P_l2_b16_e6_w10_b_d3_s1_r9 Inner 1: F1=0.7545
[2026-10-02 18:19:03] CU outer5 | cfg=P_l2_b16_e6_w10_b_d3_s1_r9 | Inner 2/3
[2026-10-02 18:19:29] CU outer5 cfg=P_l2_b16_e6_w10_b_d3_s1_r9 Inner 2: F1=0.7315
[2026-10-02 18:19:29] CU outer5 | cfg=P_l2_b16_e6_w10_b_d3_s1_r9 | Inner 3/3
[2026-10-02 18:19:54] CU outer5 cfg=P_l2_b16_e6_w10_b_d3_s1_r9 Inner 3: F1=0.7257
[2026-10-02 18:19:55] CU outer5 | trial 11/20 F1_inner=0.7372 | mejor=0.7408
[2026-10-02 18:19:55] REUTILIZADO CU outer5 cfg=P_l2_b16_e6_w10_b_d2_s1_r9 inner=1: F1=0.7620
[2026-10-02 18:19:55] REUTILIZADO CU outer5 cfg=P_l2_b16_e6_w10_b_d2_s1_r9 inner=2: F1=0.7363
[2026-10-02 18:19:55] REUTILIZADO CU outer5 cfg=P_l2_b16_e6_w10_b_d2_s1_r9 inner=3: F1=0.7242
[2026-10-02 18:19:55] CU outer5 | trial 12/20 F1_inner=0.7408 | mejor=0.7408
[2026-10-02 18:19:55] CU outer5 | cfg=P_l2_b16_e4_w10_b_d2_s1_r9 | Inner 1/3
[2026-10-02 18:20:13] CU outer5 cfg=P_l2_b16_e4_w10_b_d2_s1_r9 Inner 1: F1=0.7462
[2026-10-02 18:20:13] CU outer5 | cfg=P_l2_b16_e4_w10_b_d2_s1_r9 | Inner 2/3
[2026-10-02 18:20:31] CU outer5 cfg=P_l2_b16_e4_w10_b_d2_s1_r9 Inner 2: F1=0.7130
[2026-10-02 18:20:31] CU outer5 | cfg=P_l2_b16_e4_w10_b_d2_s1_r9 | Inner 3/3
[2026-10-02 18:20:49] CU outer5 cfg=P_l2_b16_e4_w10_b_d2_s1_r9 Inner 3: F1=0.7085
[2026-10-02 18:20:49] CU outer5 | trial 13/20 F1_inner=0.7226 | mejor=0.7408
[2026-10-02 18:20:49] CU outer5 | cfg=P_l1_b16_e6_w10_b_d2_s1_r9 | Inner 1/3
[2026-10-02 18:21:16] CU outer5 cfg=P_l1_b16_e6_w10_b_d2_s1_r9 Inner 1: F1=0.7464
[2026-10-02 18:21:16] CU outer5 | cfg=P_l1_b16_e6_w10_b_d2_s1_r9 | Inner 2/3
[2026-10-02 18:21:42] CU outer5 cfg=P_l1_b16_e6_w10_b_d2_s1_r9 Inner 2: F1=0.7173
[2026-10-02 18:21:42] CU outer5 | cfg=P_l1_b16_e6_w10_b_d2_s1_r9 | Inner 3/3
[2026-10-02 18:22:08] CU outer5 cfg=P_l1_b16_e6_w10_b_d2_s1_r9 Inner 3: F1=0.7081
[2026-10-02 18:22:08] CU outer5 | trial 14/20 F1_inner=0.7239 | mejor=0.7408
[2026-10-02 18:22:08] CU outer5 | cfg=P_l2_b16_e6_w1_b_d2_s1_r9 | Inner 1/3
[2026-10-02 18:22:34] CU outer5 cfg=P_l2_b16_e6_w1_b_d2_s1_r9 Inner 1: F1=0.7620
[2026-10-02 18:22:34] CU outer5 | cfg=P_l2_b16_e6_w1_b_d2_s1_r9 | Inner 2/3
[2026-10-02 18:23:00] CU outer5 cfg=P_l2_b16_e6_w1_b_d2_s1_r9 Inner 2: F1=0.7378
[2026-10-02 18:23:00] CU outer5 | cfg=P_l2_b16_e6_w1_b_d2_s1_r9 | Inner 3/3
[2026-10-02 18:23:26] CU outer5 cfg=P_l2_b16_e6_w1_b_d2_s1_r9 Inner 3: F1=0.7228
[2026-10-02 18:23:26] CU outer5 | trial 15/20 F1_inner=0.7408 | mejor=0.7408
[2026-10-02 18:23:26] REUTILIZADO CU outer5 cfg=P_l2_b16_e6_w1_b_d2_s1_r9 inner=1: F1=0.7620
[2026-10-02 18:23:26] REUTILIZADO CU outer5 cfg=P_l2_b16_e6_w1_b_d2_s1_r9 inner=2: F1=0.7378
[2026-10-02 18:23:26] REUTILIZADO CU outer5 cfg=P_l2_b16_e6_w1_b_d2_s1_r9 inner=3: F1=0.7228
[2026-10-02 18:23:27] CU outer5 | trial 16/20 F1_inner=0.7408 | mejor=0.7408
[2026-10-02 18:23:27] REUTILIZADO CU outer5 cfg=P_l2_b16_e6_w1_b_d2_s1_r9 inner=1: F1=0.7620
[2026-10-02 18:23:27] REUTILIZADO CU outer5 cfg=P_l2_b16_e6_w1_b_d2_s1_r9 inner=2: F1=0.7378
[2026-10-02 18:23:27] REUTILIZADO CU outer5 cfg=P_l2_b16_e6_w1_b_d2_s1_r9 inner=3: F1=0.7228
[2026-10-02 18:23:27] CU outer5 | trial 17/20 F1_inner=0.7408 | mejor=0.7408
[2026-10-02 18:23:27] CU outer5 | cfg=P_l2_b16_e6_w1_b_d3_s1_r9 | Inner 1/3
[2026-10-02 18:23:53] CU outer5 cfg=P_l2_b16_e6_w1_b_d3_s1_r9 Inner 1: F1=0.7554
[2026-10-02 18:23:53] CU outer5 | cfg=P_l2_b16_e6_w1_b_d3_s1_r9 | Inner 2/3
[2026-10-02 18:24:19] CU outer5 cfg=P_l2_b16_e6_w1_b_d3_s1_r9 Inner 2: F1=0.7315
[2026-10-02 18:24:19] CU outer5 | cfg=P_l2_b16_e6_w1_b_d3_s1_r9 | Inner 3/3
[2026-10-02 18:24:44] CU outer5 cfg=P_l2_b16_e6_w1_b_d3_s1_r9 Inner 3: F1=0.7257
[2026-10-02 18:24:45] CU outer5 | trial 18/20 F1_inner=0.7375 | mejor=0.7408
[2026-10-02 18:24:45] CU outer5 | cfg=P_l2_b16_e4_w1_s_d3_s1_r9 | Inner 1/3
[2026-10-02 18:25:03] CU outer5 cfg=P_l2_b16_e4_w1_s_d3_s1_r9 Inner 1: F1=0.7116
[2026-10-02 18:25:03] CU outer5 | cfg=P_l2_b16_e4_w1_s_d3_s1_r9 | Inner 2/3
[2026-10-02 18:25:20] CU outer5 cfg=P_l2_b16_e4_w1_s_d3_s1_r9 Inner 2: F1=0.6868
[2026-10-02 18:25:20] CU outer5 | cfg=P_l2_b16_e4_w1_s_d3_s1_r9 | Inner 3/3
[2026-10-02 18:25:38] CU outer5 cfg=P_l2_b16_e4_w1_s_d3_s1_r9 Inner 3: F1=0.6864
[2026-10-02 18:25:38] CU outer5 | trial 19/20 F1_inner=0.6949 | mejor=0.7408
[2026-10-02 18:25:38] CU outer5 | cfg=P_l2_b16_e4_w1_b_d2_s1_r9 | Inner 1/3
[2026-10-02 18:25:56] CU outer5 cfg=P_l2_b16_e4_w1_b_d2_s1_r9 Inner 1: F1=0.7473
[2026-10-02 18:25:56] CU outer5 | cfg=P_l2_b16_e4_w1_b_d2_s1_r9 | Inner 2/3
[2026-10-02 18:26:14] CU outer5 cfg=P_l2_b16_e4_w1_b_d2_s1_r9 Inner 2: F1=0.7130
[2026-10-02 18:26:14] CU outer5 | cfg=P_l2_b16_e4_w1_b_d2_s1_r9 | Inner 3/3
[2026-10-02 18:26:32] CU outer5 cfg=P_l2_b16_e4_w1_b_d2_s1_r9 Inner 3: F1=0.7070
[2026-10-02 18:26:32] CU outer5 | trial 20/20 F1_inner=0.7224 | mejor=0.7408
[2026-10-02 18:26:32] CU Outer 5: refit PYSENTIMIENTO, 6 épocas
[2026-10-02 18:27:02] ACTIVO: CU Outer 5: refit PYSENTIMIENTO, 6 épocas
[2026-10-02 18:27:14] CU Outer 5 refit: F1_train=0.9437, F1_outer=0.7801
[2026-10-02 18:27:14] [CU][RoBERTuito][Outer 5/5] FINALIZADO | prep=PYSENTIMIENTO | F1_inner=0.7408±0.0198 | F1_train=0.9437 | F1_outer=0.7801 | gap=0.1636
[2026-10-02 18:27:14] FINALIZADO: Nested CV completado (MX, ES, CU) (915/915 contados)
[2026-10-02 18:27:16] MX | Optimización final
[2026-10-02 18:27:17] MX final | cfg=P_l2_b16_e4_w1_b_d2_s1_r9 | Inner 1/3
[2026-10-02 18:27:39] MX final cfg=P_l2_b16_e4_w1_b_d2_s1_r9 Inner 1: F1=0.6978
[2026-10-02 18:27:39] MX final | cfg=P_l2_b16_e4_w1_b_d2_s1_r9 | Inner 2/3
[2026-10-02 18:28:00] MX final cfg=P_l2_b16_e4_w1_b_d2_s1_r9 Inner 2: F1=0.6791
[2026-10-02 18:28:00] MX final | cfg=P_l2_b16_e4_w1_b_d2_s1_r9 | Inner 3/3
[2026-10-02 18:28:21] MX final cfg=P_l2_b16_e4_w1_b_d2_s1_r9 Inner 3: F1=0.7109
[2026-10-02 18:28:21] MX final | trial 1/20 F1_inner=0.6959 | mejor=0.6959
[2026-10-02 18:28:21] MX final | cfg=P_l1_b16_e4_w10_s_d2_s1_r9 | Inner 1/3
[2026-10-02 18:28:42] MX final cfg=P_l1_b16_e4_w10_s_d2_s1_r9 Inner 1: F1=0.5763
[2026-10-02 18:28:42] MX final | cfg=P_l1_b16_e4_w10_s_d2_s1_r9 | Inner 2/3
[2026-10-02 18:29:03] MX final cfg=P_l1_b16_e4_w10_s_d2_s1_r9 Inner 2: F1=0.6374
[2026-10-02 18:29:03] MX final | cfg=P_l1_b16_e4_w10_s_d2_s1_r9 | Inner 3/3
[2026-10-02 18:29:24] MX final cfg=P_l1_b16_e4_w10_s_d2_s1_r9 Inner 3: F1=0.6488
[2026-10-02 18:29:24] MX final | trial 2/20 F1_inner=0.6208 | mejor=0.6959
[2026-10-02 18:29:24] MX final | cfg=P_l2_b16_e6_w10_s_d1_s1_r9 | Inner 1/3
[2026-10-02 18:29:55] MX final cfg=P_l2_b16_e6_w10_s_d1_s1_r9 Inner 1: F1=0.6829
[2026-10-02 18:29:55] MX final | cfg=P_l2_b16_e6_w10_s_d1_s1_r9 | Inner 2/3
[2026-10-02 18:30:25] ACTIVO: MX final | cfg=P_l2_b16_e6_w10_s_d1_s1_r9 | Inner 2/3
[2026-10-02 18:30:27] MX final cfg=P_l2_b16_e6_w10_s_d1_s1_r9 Inner 2: F1=0.6947
[2026-10-02 18:30:27] MX final | cfg=P_l2_b16_e6_w10_s_d1_s1_r9 | Inner 3/3
[2026-10-02 18:30:57] ACTIVO: MX final | cfg=P_l2_b16_e6_w10_s_d1_s1_r9 | Inner 3/3
[2026-10-02 18:30:58] MX final cfg=P_l2_b16_e6_w10_s_d1_s1_r9 Inner 3: F1=0.7197
[2026-10-02 18:30:59] MX final | trial 3/20 F1_inner=0.6991 | mejor=0.6991
[2026-10-02 18:30:59] MX final | cfg=P_l2_b16_e4_w10_s_d3_s1_r9 | Inner 1/3
[2026-10-02 18:31:21] MX final cfg=P_l2_b16_e4_w10_s_d3_s1_r9 Inner 1: F1=0.6470
[2026-10-02 18:31:21] MX final | cfg=P_l2_b16_e4_w10_s_d3_s1_r9 | Inner 2/3
[2026-10-02 18:31:42] MX final cfg=P_l2_b16_e4_w10_s_d3_s1_r9 Inner 2: F1=0.6934
[2026-10-02 18:31:42] MX final | cfg=P_l2_b16_e4_w10_s_d3_s1_r9 | Inner 3/3
[2026-10-02 18:32:03] MX final cfg=P_l2_b16_e4_w10_s_d3_s1_r9 Inner 3: F1=0.6847
[2026-10-02 18:32:03] MX final | trial 4/20 F1_inner=0.6750 | mejor=0.6991
[2026-10-02 18:32:03] MX final | cfg=P_l2_b16_e6_w1_s_d1_s1_r9 | Inner 1/3
[2026-10-02 18:32:34] MX final cfg=P_l2_b16_e6_w1_s_d1_s1_r9 Inner 1: F1=0.6829
[2026-10-02 18:32:34] MX final | cfg=P_l2_b16_e6_w1_s_d1_s1_r9 | Inner 2/3
[2026-10-02 18:33:04] ACTIVO: MX final | cfg=P_l2_b16_e6_w1_s_d1_s1_r9 | Inner 2/3
[2026-10-02 18:33:05] MX final cfg=P_l2_b16_e6_w1_s_d1_s1_r9 Inner 2: F1=0.6947
[2026-10-02 18:33:05] MX final | cfg=P_l2_b16_e6_w1_s_d1_s1_r9 | Inner 3/3
[2026-10-02 18:33:35] ACTIVO: MX final | cfg=P_l2_b16_e6_w1_s_d1_s1_r9 | Inner 3/3
[2026-10-02 18:33:37] MX final cfg=P_l2_b16_e6_w1_s_d1_s1_r9 Inner 3: F1=0.7179
[2026-10-02 18:33:37] MX final | trial 5/20 F1_inner=0.6985 | mejor=0.6991
[2026-10-02 18:33:37] MX final | cfg=P_l2_b16_e6_w10_b_d1_s1_r9 | Inner 1/3
[2026-10-02 18:34:03] MX final cfg=P_l2_b16_e6_w10_b_d1_s1_r9 Inner 1: F1=0.6986
[2026-10-02 18:34:03] MX final | cfg=P_l2_b16_e6_w10_b_d1_s1_r9 | Inner 2/3
[2026-10-02 18:34:33] ACTIVO: MX final | cfg=P_l2_b16_e6_w10_b_d1_s1_r9 | Inner 2/3
[2026-10-02 18:34:34] MX final cfg=P_l2_b16_e6_w10_b_d1_s1_r9 Inner 2: F1=0.7028
[2026-10-02 18:34:34] MX final | cfg=P_l2_b16_e6_w10_b_d1_s1_r9 | Inner 3/3
[2026-10-02 18:35:01] MX final cfg=P_l2_b16_e6_w10_b_d1_s1_r9 Inner 3: F1=0.7197
[2026-10-02 18:35:01] MX final | trial 6/20 F1_inner=0.7070 | mejor=0.7070
[2026-10-02 18:35:01] MX final | cfg=P_l1_b16_e6_w10_b_d1_s1_r9 | Inner 1/3
[2026-10-02 18:35:31] ACTIVO: MX final | cfg=P_l1_b16_e6_w10_b_d1_s1_r9 | Inner 1/3
[2026-10-02 18:35:32] MX final cfg=P_l1_b16_e6_w10_b_d1_s1_r9 Inner 1: F1=0.6890
[2026-10-02 18:35:32] MX final | cfg=P_l1_b16_e6_w10_b_d1_s1_r9 | Inner 2/3
[2026-10-02 18:36:02] ACTIVO: MX final | cfg=P_l1_b16_e6_w10_b_d1_s1_r9 | Inner 2/3
[2026-10-02 18:36:04] MX final cfg=P_l1_b16_e6_w10_b_d1_s1_r9 Inner 2: F1=0.6670
[2026-10-02 18:36:04] MX final | cfg=P_l1_b16_e6_w10_b_d1_s1_r9 | Inner 3/3
[2026-10-02 18:36:34] ACTIVO: MX final | cfg=P_l1_b16_e6_w10_b_d1_s1_r9 | Inner 3/3
[2026-10-02 18:36:35] MX final cfg=P_l1_b16_e6_w10_b_d1_s1_r9 Inner 3: F1=0.7014
[2026-10-02 18:36:35] MX final | trial 7/20 F1_inner=0.6858 | mejor=0.7070
[2026-10-02 18:36:36] MX final | cfg=P_l2_b16_e6_w10_b_d3_s1_r9 | Inner 1/3
[2026-10-02 18:37:02] MX final cfg=P_l2_b16_e6_w10_b_d3_s1_r9 Inner 1: F1=0.6978
[2026-10-02 18:37:02] MX final | cfg=P_l2_b16_e6_w10_b_d3_s1_r9 | Inner 2/3
[2026-10-02 18:37:32] ACTIVO: MX final | cfg=P_l2_b16_e6_w10_b_d3_s1_r9 | Inner 2/3
[2026-10-02 18:37:34] MX final cfg=P_l2_b16_e6_w10_b_d3_s1_r9 Inner 2: F1=0.7028
[2026-10-02 18:37:34] MX final | cfg=P_l2_b16_e6_w10_b_d3_s1_r9 | Inner 3/3
[2026-10-02 18:38:00] MX final cfg=P_l2_b16_e6_w10_b_d3_s1_r9 Inner 3: F1=0.7181
[2026-10-02 18:38:01] MX final | trial 8/20 F1_inner=0.7062 | mejor=0.7070
[2026-10-02 18:38:01] MX final | cfg=P_l2_b16_e4_w10_b_d1_s1_r9 | Inner 1/3
[2026-10-02 18:38:22] MX final cfg=P_l2_b16_e4_w10_b_d1_s1_r9 Inner 1: F1=0.7011
[2026-10-02 18:38:22] MX final | cfg=P_l2_b16_e4_w10_b_d1_s1_r9 | Inner 2/3
[2026-10-02 18:38:44] MX final cfg=P_l2_b16_e4_w10_b_d1_s1_r9 Inner 2: F1=0.6759
[2026-10-02 18:38:44] MX final | cfg=P_l2_b16_e4_w10_b_d1_s1_r9 | Inner 3/3
[2026-10-02 18:39:05] MX final cfg=P_l2_b16_e4_w10_b_d1_s1_r9 Inner 3: F1=0.7125
[2026-10-02 18:39:06] MX final | trial 9/20 F1_inner=0.6965 | mejor=0.7070
[2026-10-02 18:39:06] REUTILIZADO MX final cfg=P_l2_b16_e6_w10_b_d1_s1_r9 inner=1: F1=0.6986
[2026-10-02 18:39:06] REUTILIZADO MX final cfg=P_l2_b16_e6_w10_b_d1_s1_r9 inner=2: F1=0.7028
[2026-10-02 18:39:06] REUTILIZADO MX final cfg=P_l2_b16_e6_w10_b_d1_s1_r9 inner=3: F1=0.7197
[2026-10-02 18:39:06] MX final | trial 10/20 F1_inner=0.7070 | mejor=0.7070
[2026-10-02 18:39:06] MX final | cfg=P_l1_b16_e6_w1_b_d3_s1_r9 | Inner 1/3
[2026-10-02 18:39:36] ACTIVO: MX final | cfg=P_l1_b16_e6_w1_b_d3_s1_r9 | Inner 1/3
[2026-10-02 18:39:38] MX final cfg=P_l1_b16_e6_w1_b_d3_s1_r9 Inner 1: F1=0.6752
[2026-10-02 18:39:38] MX final | cfg=P_l1_b16_e6_w1_b_d3_s1_r9 | Inner 2/3
[2026-10-02 18:40:00] MX final cfg=P_l1_b16_e6_w1_b_d3_s1_r9 Inner 2: F1=0.6505
[2026-10-02 18:40:00] MX final | cfg=P_l1_b16_e6_w1_b_d3_s1_r9 | Inner 3/3
[2026-10-02 18:40:27] MX final cfg=P_l1_b16_e6_w1_b_d3_s1_r9 Inner 3: F1=0.6917
[2026-10-02 18:40:27] MX final | trial 11/20 F1_inner=0.6725 | mejor=0.7070
[2026-10-02 18:40:27] REUTILIZADO MX final cfg=P_l2_b16_e6_w10_b_d1_s1_r9 inner=1: F1=0.6986
[2026-10-02 18:40:27] REUTILIZADO MX final cfg=P_l2_b16_e6_w10_b_d1_s1_r9 inner=2: F1=0.7028
[2026-10-02 18:40:27] REUTILIZADO MX final cfg=P_l2_b16_e6_w10_b_d1_s1_r9 inner=3: F1=0.7197
[2026-10-02 18:40:27] MX final | trial 12/20 F1_inner=0.7070 | mejor=0.7070
[2026-10-02 18:40:27] MX final | cfg=P_l2_b16_e6_w10_b_d2_s1_r9 | Inner 1/3
[2026-10-02 18:40:54] MX final cfg=P_l2_b16_e6_w10_b_d2_s1_r9 Inner 1: F1=0.6962
[2026-10-02 18:40:54] MX final | cfg=P_l2_b16_e6_w10_b_d2_s1_r9 | Inner 2/3
[2026-10-02 18:41:24] ACTIVO: MX final | cfg=P_l2_b16_e6_w10_b_d2_s1_r9 | Inner 2/3
[2026-10-02 18:41:26] MX final cfg=P_l2_b16_e6_w10_b_d2_s1_r9 Inner 2: F1=0.7005
[2026-10-02 18:41:26] MX final | cfg=P_l2_b16_e6_w10_b_d2_s1_r9 | Inner 3/3
[2026-10-02 18:41:56] ACTIVO: MX final | cfg=P_l2_b16_e6_w10_b_d2_s1_r9 | Inner 3/3
[2026-10-02 18:41:58] MX final cfg=P_l2_b16_e6_w10_b_d2_s1_r9 Inner 3: F1=0.7189
[2026-10-02 18:41:58] MX final | trial 13/20 F1_inner=0.7052 | mejor=0.7070
[2026-10-02 18:41:58] MX final | cfg=P_l1_b16_e4_w1_b_d1_s1_r9 | Inner 1/3
[2026-10-02 18:42:22] MX final cfg=P_l1_b16_e4_w1_b_d1_s1_r9 Inner 1: F1=0.6702
[2026-10-02 18:42:22] MX final | cfg=P_l1_b16_e4_w1_b_d1_s1_r9 | Inner 2/3
[2026-10-02 18:42:44] MX final cfg=P_l1_b16_e4_w1_b_d1_s1_r9 Inner 2: F1=0.6418
[2026-10-02 18:42:44] MX final | cfg=P_l1_b16_e4_w1_b_d1_s1_r9 | Inner 3/3
[2026-10-02 18:43:06] MX final cfg=P_l1_b16_e4_w1_b_d1_s1_r9 Inner 3: F1=0.6950
[2026-10-02 18:43:06] MX final | trial 14/20 F1_inner=0.6690 | mejor=0.7070
[2026-10-02 18:43:06] MX final | cfg=P_l2_b16_e6_w1_b_d1_s1_r9 | Inner 1/3
[2026-10-02 18:43:33] MX final cfg=P_l2_b16_e6_w1_b_d1_s1_r9 Inner 1: F1=0.6986
[2026-10-02 18:43:33] MX final | cfg=P_l2_b16_e6_w1_b_d1_s1_r9 | Inner 2/3
[2026-10-02 18:44:03] ACTIVO: MX final | cfg=P_l2_b16_e6_w1_b_d1_s1_r9 | Inner 2/3
[2026-10-02 18:44:04] MX final cfg=P_l2_b16_e6_w1_b_d1_s1_r9 Inner 2: F1=0.7028
[2026-10-02 18:44:04] MX final | cfg=P_l2_b16_e6_w1_b_d1_s1_r9 | Inner 3/3
[2026-10-02 18:44:30] MX final cfg=P_l2_b16_e6_w1_b_d1_s1_r9 Inner 3: F1=0.7197
[2026-10-02 18:44:30] MX final | trial 15/20 F1_inner=0.7070 | mejor=0.7070
[2026-10-02 18:44:30] MX final | cfg=P_l1_b16_e6_w1_s_d2_s1_r9 | Inner 1/3
[2026-10-02 18:45:00] ACTIVO: MX final | cfg=P_l1_b16_e6_w1_s_d2_s1_r9 | Inner 1/3
[2026-10-02 18:45:01] MX final cfg=P_l1_b16_e6_w1_s_d2_s1_r9 Inner 1: F1=0.6235
[2026-10-02 18:45:01] MX final | cfg=P_l1_b16_e6_w1_s_d2_s1_r9 | Inner 2/3
[2026-10-02 18:45:31] ACTIVO: MX final | cfg=P_l1_b16_e6_w1_s_d2_s1_r9 | Inner 2/3
[2026-10-02 18:45:33] MX final cfg=P_l1_b16_e6_w1_s_d2_s1_r9 Inner 2: F1=0.6796
[2026-10-02 18:45:33] MX final | cfg=P_l1_b16_e6_w1_s_d2_s1_r9 | Inner 3/3
[2026-10-02 18:46:03] ACTIVO: MX final | cfg=P_l1_b16_e6_w1_s_d2_s1_r9 | Inner 3/3
[2026-10-02 18:46:05] MX final cfg=P_l1_b16_e6_w1_s_d2_s1_r9 Inner 3: F1=0.6777
[2026-10-02 18:46:05] MX final | trial 16/20 F1_inner=0.6603 | mejor=0.7070
[2026-10-02 18:46:05] REUTILIZADO MX final cfg=P_l2_b16_e6_w10_b_d1_s1_r9 inner=1: F1=0.6986
[2026-10-02 18:46:05] REUTILIZADO MX final cfg=P_l2_b16_e6_w10_b_d1_s1_r9 inner=2: F1=0.7028
[2026-10-02 18:46:05] REUTILIZADO MX final cfg=P_l2_b16_e6_w10_b_d1_s1_r9 inner=3: F1=0.7197
[2026-10-02 18:46:05] MX final | trial 17/20 F1_inner=0.7070 | mejor=0.7070
[2026-10-02 18:46:05] MX final | cfg=P_l1_b16_e6_w10_s_d3_s1_r9 | Inner 1/3
[2026-10-02 18:46:35] ACTIVO: MX final | cfg=P_l1_b16_e6_w10_s_d3_s1_r9 | Inner 1/3
[2026-10-02 18:46:36] MX final cfg=P_l1_b16_e6_w10_s_d3_s1_r9 Inner 1: F1=0.6111
[2026-10-02 18:46:36] MX final | cfg=P_l1_b16_e6_w10_s_d3_s1_r9 | Inner 2/3
[2026-10-02 18:47:06] ACTIVO: MX final | cfg=P_l1_b16_e6_w10_s_d3_s1_r9 | Inner 2/3
[2026-10-02 18:47:07] MX final cfg=P_l1_b16_e6_w10_s_d3_s1_r9 Inner 2: F1=0.6691
[2026-10-02 18:47:07] MX final | cfg=P_l1_b16_e6_w10_s_d3_s1_r9 | Inner 3/3
[2026-10-02 18:47:37] ACTIVO: MX final | cfg=P_l1_b16_e6_w10_s_d3_s1_r9 | Inner 3/3
[2026-10-02 18:47:39] MX final cfg=P_l1_b16_e6_w10_s_d3_s1_r9 Inner 3: F1=0.6609
[2026-10-02 18:47:39] MX final | trial 18/20 F1_inner=0.6470 | mejor=0.7070
[2026-10-02 18:47:39] MX final | cfg=P_l1_b16_e4_w10_b_d3_s1_r9 | Inner 1/3
[2026-10-02 18:48:00] MX final cfg=P_l1_b16_e4_w10_b_d3_s1_r9 Inner 1: F1=0.6561
[2026-10-02 18:48:00] MX final | cfg=P_l1_b16_e4_w10_b_d3_s1_r9 | Inner 2/3
[2026-10-02 18:48:21] MX final cfg=P_l1_b16_e4_w10_b_d3_s1_r9 Inner 2: F1=0.6415
[2026-10-02 18:48:21] MX final | cfg=P_l1_b16_e4_w10_b_d3_s1_r9 | Inner 3/3
[2026-10-02 18:48:43] MX final cfg=P_l1_b16_e4_w10_b_d3_s1_r9 Inner 3: F1=0.6849
[2026-10-02 18:48:43] MX final | trial 19/20 F1_inner=0.6609 | mejor=0.7070
[2026-10-02 18:48:43] MX final | cfg=P_l2_b16_e6_w10_s_d2_s1_r9 | Inner 1/3
[2026-10-02 18:49:13] ACTIVO: MX final | cfg=P_l2_b16_e6_w10_s_d2_s1_r9 | Inner 1/3
[2026-10-02 18:49:15] MX final cfg=P_l2_b16_e6_w10_s_d2_s1_r9 Inner 1: F1=0.6885
[2026-10-02 18:49:15] MX final | cfg=P_l2_b16_e6_w10_s_d2_s1_r9 | Inner 2/3
[2026-10-02 18:49:45] ACTIVO: MX final | cfg=P_l2_b16_e6_w10_s_d2_s1_r9 | Inner 2/3
[2026-10-02 18:49:46] MX final cfg=P_l2_b16_e6_w10_s_d2_s1_r9 Inner 2: F1=0.6984
[2026-10-02 18:49:46] MX final | cfg=P_l2_b16_e6_w10_s_d2_s1_r9 | Inner 3/3
[2026-10-02 18:50:16] ACTIVO: MX final | cfg=P_l2_b16_e6_w10_s_d2_s1_r9 | Inner 3/3
[2026-10-02 18:50:17] MX final cfg=P_l2_b16_e6_w10_s_d2_s1_r9 Inner 3: F1=0.7130
[2026-10-02 18:50:17] MX final | trial 20/20 F1_inner=0.7000 | mejor=0.7070
[2026-10-02 18:50:17] ES | Optimización final
[2026-10-02 18:50:18] ES final | cfg=P_l2_b16_e4_w1_b_d2_s1_r9 | Inner 1/3
[2026-10-02 18:50:39] ES final cfg=P_l2_b16_e4_w1_b_d2_s1_r9 Inner 1: F1=0.7560
[2026-10-02 18:50:39] ES final | cfg=P_l2_b16_e4_w1_b_d2_s1_r9 | Inner 2/3
[2026-10-02 18:51:02] ES final cfg=P_l2_b16_e4_w1_b_d2_s1_r9 Inner 2: F1=0.7528
[2026-10-02 18:51:02] ES final | cfg=P_l2_b16_e4_w1_b_d2_s1_r9 | Inner 3/3
[2026-10-02 18:51:23] ES final cfg=P_l2_b16_e4_w1_b_d2_s1_r9 Inner 3: F1=0.7360
[2026-10-02 18:51:23] ES final | trial 1/20 F1_inner=0.7483 | mejor=0.7483
[2026-10-02 18:51:23] ES final | cfg=P_l1_b16_e4_w10_s_d2_s1_r9 | Inner 1/3
[2026-10-02 18:51:44] ES final cfg=P_l1_b16_e4_w10_s_d2_s1_r9 Inner 1: F1=0.7122
[2026-10-02 18:51:44] ES final | cfg=P_l1_b16_e4_w10_s_d2_s1_r9 | Inner 2/3
[2026-10-02 18:52:05] ES final cfg=P_l1_b16_e4_w10_s_d2_s1_r9 Inner 2: F1=0.7037
[2026-10-02 18:52:05] ES final | cfg=P_l1_b16_e4_w10_s_d2_s1_r9 | Inner 3/3
[2026-10-02 18:52:26] ES final cfg=P_l1_b16_e4_w10_s_d2_s1_r9 Inner 3: F1=0.7115
[2026-10-02 18:52:27] ES final | trial 2/20 F1_inner=0.7091 | mejor=0.7483
[2026-10-02 18:52:27] ES final | cfg=P_l2_b16_e6_w10_s_d1_s1_r9 | Inner 1/3
[2026-10-02 18:52:57] ACTIVO: ES final | cfg=P_l2_b16_e6_w10_s_d1_s1_r9 | Inner 1/3
[2026-10-02 18:52:58] ES final cfg=P_l2_b16_e6_w10_s_d1_s1_r9 Inner 1: F1=0.7679
[2026-10-02 18:52:58] ES final | cfg=P_l2_b16_e6_w10_s_d1_s1_r9 | Inner 2/3
[2026-10-02 18:53:28] ES final cfg=P_l2_b16_e6_w10_s_d1_s1_r9 Inner 2: F1=0.7635
[2026-10-02 18:53:28] ES final | cfg=P_l2_b16_e6_w10_s_d1_s1_r9 | Inner 3/3
[2026-10-02 18:53:54] ES final cfg=P_l2_b16_e6_w10_s_d1_s1_r9 Inner 3: F1=0.7509
[2026-10-02 18:53:54] ES final | trial 3/20 F1_inner=0.7608 | mejor=0.7608
[2026-10-02 18:53:54] ES final | cfg=P_l2_b16_e4_w10_s_d3_s1_r9 | Inner 1/3
[2026-10-02 18:54:16] ES final cfg=P_l2_b16_e4_w10_s_d3_s1_r9 Inner 1: F1=0.7320
[2026-10-02 18:54:16] ES final | cfg=P_l2_b16_e4_w10_s_d3_s1_r9 | Inner 2/3
[2026-10-02 18:54:37] ES final cfg=P_l2_b16_e4_w10_s_d3_s1_r9 Inner 2: F1=0.7323
[2026-10-02 18:54:37] ES final | cfg=P_l2_b16_e4_w10_s_d3_s1_r9 | Inner 3/3
[2026-10-02 18:54:58] ES final cfg=P_l2_b16_e4_w10_s_d3_s1_r9 Inner 3: F1=0.7320
[2026-10-02 18:54:58] ES final | trial 4/20 F1_inner=0.7321 | mejor=0.7608
[2026-10-02 18:54:58] ES final | cfg=P_l2_b16_e6_w1_s_d1_s1_r9 | Inner 1/3
[2026-10-02 18:55:29] ES final cfg=P_l2_b16_e6_w1_s_d1_s1_r9 Inner 1: F1=0.7679
[2026-10-02 18:55:29] ES final | cfg=P_l2_b16_e6_w1_s_d1_s1_r9 | Inner 2/3
[2026-10-02 18:55:59] ACTIVO: ES final | cfg=P_l2_b16_e6_w1_s_d1_s1_r9 | Inner 2/3
[2026-10-02 18:56:00] ES final cfg=P_l2_b16_e6_w1_s_d1_s1_r9 Inner 2: F1=0.7635
[2026-10-02 18:56:00] ES final | cfg=P_l2_b16_e6_w1_s_d1_s1_r9 | Inner 3/3
[2026-10-02 18:56:26] ES final cfg=P_l2_b16_e6_w1_s_d1_s1_r9 Inner 3: F1=0.7497
[2026-10-02 18:56:26] ES final | trial 5/20 F1_inner=0.7604 | mejor=0.7608
[2026-10-02 18:56:27] ES final | cfg=P_l2_b16_e6_w10_b_d1_s1_r9 | Inner 1/3
[2026-10-02 18:56:57] ACTIVO: ES final | cfg=P_l2_b16_e6_w10_b_d1_s1_r9 | Inner 1/3
[2026-10-02 18:56:58] ES final cfg=P_l2_b16_e6_w10_b_d1_s1_r9 Inner 1: F1=0.7913
[2026-10-02 18:56:58] ES final | cfg=P_l2_b16_e6_w10_b_d1_s1_r9 | Inner 2/3
[2026-10-02 18:57:28] ACTIVO: ES final | cfg=P_l2_b16_e6_w10_b_d1_s1_r9 | Inner 2/3
[2026-10-02 18:57:29] ES final cfg=P_l2_b16_e6_w10_b_d1_s1_r9 Inner 2: F1=0.7735
[2026-10-02 18:57:29] ES final | cfg=P_l2_b16_e6_w10_b_d1_s1_r9 | Inner 3/3
[2026-10-02 18:57:55] ES final cfg=P_l2_b16_e6_w10_b_d1_s1_r9 Inner 3: F1=0.7462
[2026-10-02 18:57:55] ES final | trial 6/20 F1_inner=0.7704 | mejor=0.7704
[2026-10-02 18:57:55] ES final | cfg=P_l1_b16_e6_w10_b_d1_s1_r9 | Inner 1/3
[2026-10-02 18:58:25] ACTIVO: ES final | cfg=P_l1_b16_e6_w10_b_d1_s1_r9 | Inner 1/3
[2026-10-02 18:58:27] ES final cfg=P_l1_b16_e6_w10_b_d1_s1_r9 Inner 1: F1=0.7536
[2026-10-02 18:58:27] ES final | cfg=P_l1_b16_e6_w10_b_d1_s1_r9 | Inner 2/3
[2026-10-02 18:58:57] ACTIVO: ES final | cfg=P_l1_b16_e6_w10_b_d1_s1_r9 | Inner 2/3
[2026-10-02 18:58:59] ES final cfg=P_l1_b16_e6_w10_b_d1_s1_r9 Inner 2: F1=0.7530
[2026-10-02 18:58:59] ES final | cfg=P_l1_b16_e6_w10_b_d1_s1_r9 | Inner 3/3
[2026-10-02 18:59:29] ACTIVO: ES final | cfg=P_l1_b16_e6_w10_b_d1_s1_r9 | Inner 3/3
[2026-10-02 18:59:30] ES final cfg=P_l1_b16_e6_w10_b_d1_s1_r9 Inner 3: F1=0.7258
[2026-10-02 18:59:30] ES final | trial 7/20 F1_inner=0.7442 | mejor=0.7704
[2026-10-02 18:59:30] ES final | cfg=P_l2_b16_e6_w10_b_d3_s1_r9 | Inner 1/3
[2026-10-02 19:00:00] ACTIVO: ES final | cfg=P_l2_b16_e6_w10_b_d3_s1_r9 | Inner 1/3
[2026-10-02 19:00:01] ES final cfg=P_l2_b16_e6_w10_b_d3_s1_r9 Inner 1: F1=0.7785
[2026-10-02 19:00:01] ES final | cfg=P_l2_b16_e6_w10_b_d3_s1_r9 | Inner 2/3
[2026-10-02 19:00:31] ACTIVO: ES final | cfg=P_l2_b16_e6_w10_b_d3_s1_r9 | Inner 2/3
[2026-10-02 19:00:32] ES final cfg=P_l2_b16_e6_w10_b_d3_s1_r9 Inner 2: F1=0.7615
[2026-10-02 19:00:32] ES final | cfg=P_l2_b16_e6_w10_b_d3_s1_r9 | Inner 3/3
[2026-10-02 19:01:02] ACTIVO: ES final | cfg=P_l2_b16_e6_w10_b_d3_s1_r9 | Inner 3/3
[2026-10-02 19:01:04] ES final cfg=P_l2_b16_e6_w10_b_d3_s1_r9 Inner 3: F1=0.7469
[2026-10-02 19:01:04] ES final | trial 8/20 F1_inner=0.7623 | mejor=0.7704
[2026-10-02 19:01:05] ES final | cfg=P_l2_b16_e4_w10_b_d1_s1_r9 | Inner 1/3
[2026-10-02 19:01:26] ES final cfg=P_l2_b16_e4_w10_b_d1_s1_r9 Inner 1: F1=0.7604
[2026-10-02 19:01:26] ES final | cfg=P_l2_b16_e4_w10_b_d1_s1_r9 | Inner 2/3
[2026-10-02 19:01:48] ES final cfg=P_l2_b16_e4_w10_b_d1_s1_r9 Inner 2: F1=0.7577
[2026-10-02 19:01:48] ES final | cfg=P_l2_b16_e4_w10_b_d1_s1_r9 | Inner 3/3
[2026-10-02 19:02:09] ES final cfg=P_l2_b16_e4_w10_b_d1_s1_r9 Inner 3: F1=0.7375
[2026-10-02 19:02:09] ES final | trial 9/20 F1_inner=0.7519 | mejor=0.7704
[2026-10-02 19:02:09] REUTILIZADO ES final cfg=P_l2_b16_e6_w10_b_d1_s1_r9 inner=1: F1=0.7913
[2026-10-02 19:02:09] REUTILIZADO ES final cfg=P_l2_b16_e6_w10_b_d1_s1_r9 inner=2: F1=0.7735
[2026-10-02 19:02:09] REUTILIZADO ES final cfg=P_l2_b16_e6_w10_b_d1_s1_r9 inner=3: F1=0.7462
[2026-10-02 19:02:10] ES final | trial 10/20 F1_inner=0.7704 | mejor=0.7704
[2026-10-02 19:02:10] ES final | cfg=P_l1_b16_e6_w1_b_d3_s1_r9 | Inner 1/3
[2026-10-02 19:02:40] ACTIVO: ES final | cfg=P_l1_b16_e6_w1_b_d3_s1_r9 | Inner 1/3
[2026-10-02 19:02:42] ES final cfg=P_l1_b16_e6_w1_b_d3_s1_r9 Inner 1: F1=0.7505
[2026-10-02 19:02:42] ES final | cfg=P_l1_b16_e6_w1_b_d3_s1_r9 | Inner 2/3
[2026-10-02 19:03:12] ACTIVO: ES final | cfg=P_l1_b16_e6_w1_b_d3_s1_r9 | Inner 2/3
[2026-10-02 19:03:13] ES final cfg=P_l1_b16_e6_w1_b_d3_s1_r9 Inner 2: F1=0.7358
[2026-10-02 19:03:13] ES final | cfg=P_l1_b16_e6_w1_b_d3_s1_r9 | Inner 3/3
[2026-10-02 19:03:44] ES final cfg=P_l1_b16_e6_w1_b_d3_s1_r9 Inner 3: F1=0.7153
[2026-10-02 19:03:44] ES final | trial 11/20 F1_inner=0.7339 | mejor=0.7704
[2026-10-02 19:03:44] REUTILIZADO ES final cfg=P_l2_b16_e6_w10_b_d1_s1_r9 inner=1: F1=0.7913
[2026-10-02 19:03:44] REUTILIZADO ES final cfg=P_l2_b16_e6_w10_b_d1_s1_r9 inner=2: F1=0.7735
[2026-10-02 19:03:44] REUTILIZADO ES final cfg=P_l2_b16_e6_w10_b_d1_s1_r9 inner=3: F1=0.7462
[2026-10-02 19:03:44] ES final | trial 12/20 F1_inner=0.7704 | mejor=0.7704
[2026-10-02 19:03:44] ES final | cfg=P_l2_b16_e6_w10_b_d2_s1_r9 | Inner 1/3
[2026-10-02 19:04:14] ACTIVO: ES final | cfg=P_l2_b16_e6_w10_b_d2_s1_r9 | Inner 1/3
[2026-10-02 19:04:15] ES final cfg=P_l2_b16_e6_w10_b_d2_s1_r9 Inner 1: F1=0.7821
[2026-10-02 19:04:15] ES final | cfg=P_l2_b16_e6_w10_b_d2_s1_r9 | Inner 2/3
[2026-10-02 19:04:45] ACTIVO: ES final | cfg=P_l2_b16_e6_w10_b_d2_s1_r9 | Inner 2/3
[2026-10-02 19:04:46] ES final cfg=P_l2_b16_e6_w10_b_d2_s1_r9 Inner 2: F1=0.7696
[2026-10-02 19:04:46] ES final | cfg=P_l2_b16_e6_w10_b_d2_s1_r9 | Inner 3/3
[2026-10-02 19:05:16] ACTIVO: ES final | cfg=P_l2_b16_e6_w10_b_d2_s1_r9 | Inner 3/3
[2026-10-02 19:05:18] ES final cfg=P_l2_b16_e6_w10_b_d2_s1_r9 Inner 3: F1=0.7492
[2026-10-02 19:05:18] ES final | trial 13/20 F1_inner=0.7670 | mejor=0.7704
[2026-10-02 19:05:18] ES final | cfg=P_l1_b16_e4_w1_b_d1_s1_r9 | Inner 1/3
[2026-10-02 19:05:40] ES final cfg=P_l1_b16_e4_w1_b_d1_s1_r9 Inner 1: F1=0.7287
[2026-10-02 19:05:40] ES final | cfg=P_l1_b16_e4_w1_b_d1_s1_r9 | Inner 2/3
[2026-10-02 19:06:01] ES final cfg=P_l1_b16_e4_w1_b_d1_s1_r9 Inner 2: F1=0.7260
[2026-10-02 19:06:01] ES final | cfg=P_l1_b16_e4_w1_b_d1_s1_r9 | Inner 3/3
[2026-10-02 19:06:23] ES final cfg=P_l1_b16_e4_w1_b_d1_s1_r9 Inner 3: F1=0.7089
[2026-10-02 19:06:23] ES final | trial 14/20 F1_inner=0.7212 | mejor=0.7704
[2026-10-02 19:06:23] ES final | cfg=P_l2_b16_e6_w1_b_d1_s1_r9 | Inner 1/3
[2026-10-02 19:06:53] ACTIVO: ES final | cfg=P_l2_b16_e6_w1_b_d1_s1_r9 | Inner 1/3
[2026-10-02 19:06:55] ES final cfg=P_l2_b16_e6_w1_b_d1_s1_r9 Inner 1: F1=0.7878
[2026-10-02 19:06:55] ES final | cfg=P_l2_b16_e6_w1_b_d1_s1_r9 | Inner 2/3
[2026-10-02 19:07:25] ACTIVO: ES final | cfg=P_l2_b16_e6_w1_b_d1_s1_r9 | Inner 2/3
[2026-10-02 19:07:26] ES final cfg=P_l2_b16_e6_w1_b_d1_s1_r9 Inner 2: F1=0.7704
[2026-10-02 19:07:26] ES final | cfg=P_l2_b16_e6_w1_b_d1_s1_r9 | Inner 3/3
[2026-10-02 19:07:52] ES final cfg=P_l2_b16_e6_w1_b_d1_s1_r9 Inner 3: F1=0.7450
[2026-10-02 19:07:52] ES final | trial 15/20 F1_inner=0.7678 | mejor=0.7704
[2026-10-02 19:07:52] ES final | cfg=P_l1_b16_e6_w1_s_d2_s1_r9 | Inner 1/3
[2026-10-02 19:08:22] ACTIVO: ES final | cfg=P_l1_b16_e6_w1_s_d2_s1_r9 | Inner 1/3
[2026-10-02 19:08:24] ES final cfg=P_l1_b16_e6_w1_s_d2_s1_r9 Inner 1: F1=0.7285
[2026-10-02 19:08:24] ES final | cfg=P_l1_b16_e6_w1_s_d2_s1_r9 | Inner 2/3
[2026-10-02 19:08:54] ACTIVO: ES final | cfg=P_l1_b16_e6_w1_s_d2_s1_r9 | Inner 2/3
[2026-10-02 19:08:55] ES final cfg=P_l1_b16_e6_w1_s_d2_s1_r9 Inner 2: F1=0.7174
[2026-10-02 19:08:55] ES final | cfg=P_l1_b16_e6_w1_s_d2_s1_r9 | Inner 3/3
[2026-10-02 19:09:26] ES final cfg=P_l1_b16_e6_w1_s_d2_s1_r9 Inner 3: F1=0.7264
[2026-10-02 19:09:26] ES final | trial 16/20 F1_inner=0.7241 | mejor=0.7704
[2026-10-02 19:09:26] REUTILIZADO ES final cfg=P_l2_b16_e6_w10_b_d1_s1_r9 inner=1: F1=0.7913
[2026-10-02 19:09:26] REUTILIZADO ES final cfg=P_l2_b16_e6_w10_b_d1_s1_r9 inner=2: F1=0.7735
[2026-10-02 19:09:26] REUTILIZADO ES final cfg=P_l2_b16_e6_w10_b_d1_s1_r9 inner=3: F1=0.7462
[2026-10-02 19:09:27] ES final | trial 17/20 F1_inner=0.7704 | mejor=0.7704
[2026-10-02 19:09:27] ES final | cfg=P_l1_b16_e6_w10_s_d3_s1_r9 | Inner 1/3
[2026-10-02 19:09:57] ACTIVO: ES final | cfg=P_l1_b16_e6_w10_s_d3_s1_r9 | Inner 1/3
[2026-10-02 19:09:58] ES final cfg=P_l1_b16_e6_w10_s_d3_s1_r9 Inner 1: F1=0.7237
[2026-10-02 19:09:58] ES final | cfg=P_l1_b16_e6_w10_s_d3_s1_r9 | Inner 2/3
[2026-10-02 19:10:28] ACTIVO: ES final | cfg=P_l1_b16_e6_w10_s_d3_s1_r9 | Inner 2/3
[2026-10-02 19:10:29] ES final cfg=P_l1_b16_e6_w10_s_d3_s1_r9 Inner 2: F1=0.7207
[2026-10-02 19:10:29] ES final | cfg=P_l1_b16_e6_w10_s_d3_s1_r9 | Inner 3/3
[2026-10-02 19:10:59] ACTIVO: ES final | cfg=P_l1_b16_e6_w10_s_d3_s1_r9 | Inner 3/3
[2026-10-02 19:11:01] ES final cfg=P_l1_b16_e6_w10_s_d3_s1_r9 Inner 3: F1=0.7207
[2026-10-02 19:11:01] ES final | trial 18/20 F1_inner=0.7217 | mejor=0.7704
[2026-10-02 19:11:01] ES final | cfg=P_l1_b16_e4_w10_b_d3_s1_r9 | Inner 1/3
[2026-10-02 19:11:23] ES final cfg=P_l1_b16_e4_w10_b_d3_s1_r9 Inner 1: F1=0.7185
[2026-10-02 19:11:23] ES final | cfg=P_l1_b16_e4_w10_b_d3_s1_r9 | Inner 2/3
[2026-10-02 19:11:44] ES final cfg=P_l1_b16_e4_w10_b_d3_s1_r9 Inner 2: F1=0.7187
[2026-10-02 19:11:44] ES final | cfg=P_l1_b16_e4_w10_b_d3_s1_r9 | Inner 3/3
[2026-10-02 19:12:05] ES final cfg=P_l1_b16_e4_w10_b_d3_s1_r9 Inner 3: F1=0.6936
[2026-10-02 19:12:06] ES final | trial 19/20 F1_inner=0.7103 | mejor=0.7704
[2026-10-02 19:12:06] ES final | cfg=P_l2_b16_e6_w10_s_d2_s1_r9 | Inner 1/3
[2026-10-02 19:12:36] ACTIVO: ES final | cfg=P_l2_b16_e6_w10_s_d2_s1_r9 | Inner 1/3
[2026-10-02 19:12:37] ES final cfg=P_l2_b16_e6_w10_s_d2_s1_r9 Inner 1: F1=0.7660
[2026-10-02 19:12:37] ES final | cfg=P_l2_b16_e6_w10_s_d2_s1_r9 | Inner 2/3
[2026-10-02 19:13:08] ES final cfg=P_l2_b16_e6_w10_s_d2_s1_r9 Inner 2: F1=0.7669
[2026-10-02 19:13:08] ES final | cfg=P_l2_b16_e6_w10_s_d2_s1_r9 | Inner 3/3
[2026-10-02 19:13:34] ES final cfg=P_l2_b16_e6_w10_s_d2_s1_r9 Inner 3: F1=0.7502
[2026-10-02 19:13:35] ES final | trial 20/20 F1_inner=0.7611 | mejor=0.7704
[2026-10-02 19:13:35] CU | Optimización final
[2026-10-02 19:13:35] CU final | cfg=P_l2_b16_e4_w1_b_d2_s1_r9 | Inner 1/3
[2026-10-02 19:13:56] CU final cfg=P_l2_b16_e4_w1_b_d2_s1_r9 Inner 1: F1=0.7582
[2026-10-02 19:13:56] CU final | cfg=P_l2_b16_e4_w1_b_d2_s1_r9 | Inner 2/3
[2026-10-02 19:14:18] CU final cfg=P_l2_b16_e4_w1_b_d2_s1_r9 Inner 2: F1=0.7213
[2026-10-02 19:14:18] CU final | cfg=P_l2_b16_e4_w1_b_d2_s1_r9 | Inner 3/3
[2026-10-02 19:14:40] CU final cfg=P_l2_b16_e4_w1_b_d2_s1_r9 Inner 3: F1=0.7383
[2026-10-02 19:14:40] CU final | trial 1/20 F1_inner=0.7393 | mejor=0.7393
[2026-10-02 19:14:40] CU final | cfg=P_l1_b16_e4_w10_s_d2_s1_r9 | Inner 1/3
[2026-10-02 19:15:02] CU final cfg=P_l1_b16_e4_w10_s_d2_s1_r9 Inner 1: F1=0.6413
[2026-10-02 19:15:02] CU final | cfg=P_l1_b16_e4_w10_s_d2_s1_r9 | Inner 2/3
[2026-10-02 19:15:23] CU final cfg=P_l1_b16_e4_w10_s_d2_s1_r9 Inner 2: F1=0.6533
[2026-10-02 19:15:23] CU final | cfg=P_l1_b16_e4_w10_s_d2_s1_r9 | Inner 3/3
[2026-10-02 19:15:44] CU final cfg=P_l1_b16_e4_w10_s_d2_s1_r9 Inner 3: F1=0.6488
[2026-10-02 19:15:44] CU final | trial 2/20 F1_inner=0.6478 | mejor=0.7393
[2026-10-02 19:15:44] CU final | cfg=P_l2_b16_e6_w10_s_d1_s1_r9 | Inner 1/3
[2026-10-02 19:16:14] ACTIVO: CU final | cfg=P_l2_b16_e6_w10_s_d1_s1_r9 | Inner 1/3
[2026-10-02 19:16:16] CU final cfg=P_l2_b16_e6_w10_s_d1_s1_r9 Inner 1: F1=0.7563
[2026-10-02 19:16:16] CU final | cfg=P_l2_b16_e6_w10_s_d1_s1_r9 | Inner 2/3
[2026-10-02 19:16:46] CU final cfg=P_l2_b16_e6_w10_s_d1_s1_r9 Inner 2: F1=0.7282
[2026-10-02 19:16:46] CU final | cfg=P_l2_b16_e6_w10_s_d1_s1_r9 | Inner 3/3
[2026-10-02 19:17:07] CU final cfg=P_l2_b16_e6_w10_s_d1_s1_r9 Inner 3: F1=0.7358
[2026-10-02 19:17:07] CU final | trial 3/20 F1_inner=0.7401 | mejor=0.7401
[2026-10-02 19:17:07] CU final | cfg=P_l2_b16_e4_w10_s_d3_s1_r9 | Inner 1/3
[2026-10-02 19:17:28] CU final cfg=P_l2_b16_e4_w10_s_d3_s1_r9 Inner 1: F1=0.7344
[2026-10-02 19:17:28] CU final | cfg=P_l2_b16_e4_w10_s_d3_s1_r9 | Inner 2/3
[2026-10-02 19:17:50] CU final cfg=P_l2_b16_e4_w10_s_d3_s1_r9 Inner 2: F1=0.6874
[2026-10-02 19:17:50] CU final | cfg=P_l2_b16_e4_w10_s_d3_s1_r9 | Inner 3/3
[2026-10-02 19:18:11] CU final cfg=P_l2_b16_e4_w10_s_d3_s1_r9 Inner 3: F1=0.7033
[2026-10-02 19:18:11] CU final | trial 4/20 F1_inner=0.7084 | mejor=0.7401
[2026-10-02 19:18:11] CU final | cfg=P_l2_b16_e6_w1_s_d1_s1_r9 | Inner 1/3
[2026-10-02 19:18:42] CU final cfg=P_l2_b16_e6_w1_s_d1_s1_r9 Inner 1: F1=0.7546
[2026-10-02 19:18:42] CU final | cfg=P_l2_b16_e6_w1_s_d1_s1_r9 | Inner 2/3
[2026-10-02 19:19:12] ACTIVO: CU final | cfg=P_l2_b16_e6_w1_s_d1_s1_r9 | Inner 2/3
[2026-10-02 19:19:13] CU final cfg=P_l2_b16_e6_w1_s_d1_s1_r9 Inner 2: F1=0.7282
[2026-10-02 19:19:13] CU final | cfg=P_l2_b16_e6_w1_s_d1_s1_r9 | Inner 3/3
[2026-10-02 19:19:34] CU final cfg=P_l2_b16_e6_w1_s_d1_s1_r9 Inner 3: F1=0.7370
[2026-10-02 19:19:34] CU final | trial 5/20 F1_inner=0.7399 | mejor=0.7401
[2026-10-02 19:19:35] CU final | cfg=P_l2_b16_e6_w10_b_d1_s1_r9 | Inner 1/3
[2026-10-02 19:20:05] ACTIVO: CU final | cfg=P_l2_b16_e6_w10_b_d1_s1_r9 | Inner 1/3
[2026-10-02 19:20:06] CU final cfg=P_l2_b16_e6_w10_b_d1_s1_r9 Inner 1: F1=0.7644
[2026-10-02 19:20:06] CU final | cfg=P_l2_b16_e6_w10_b_d1_s1_r9 | Inner 2/3
[2026-10-02 19:20:36] ACTIVO: CU final | cfg=P_l2_b16_e6_w10_b_d1_s1_r9 | Inner 2/3
[2026-10-02 19:20:39] CU final cfg=P_l2_b16_e6_w10_b_d1_s1_r9 Inner 2: F1=0.7367
[2026-10-02 19:20:39] CU final | cfg=P_l2_b16_e6_w10_b_d1_s1_r9 | Inner 3/3
[2026-10-02 19:21:09] ACTIVO: CU final | cfg=P_l2_b16_e6_w10_b_d1_s1_r9 | Inner 3/3
[2026-10-02 19:21:11] CU final cfg=P_l2_b16_e6_w10_b_d1_s1_r9 Inner 3: F1=0.7547
[2026-10-02 19:21:11] CU final | trial 6/20 F1_inner=0.7520 | mejor=0.7520
[2026-10-02 19:21:11] CU final | cfg=P_l1_b16_e6_w10_b_d1_s1_r9 | Inner 1/3
[2026-10-02 19:21:41] ACTIVO: CU final | cfg=P_l1_b16_e6_w10_b_d1_s1_r9 | Inner 1/3
[2026-10-02 19:21:43] CU final cfg=P_l1_b16_e6_w10_b_d1_s1_r9 Inner 1: F1=0.7524
[2026-10-02 19:21:43] CU final | cfg=P_l1_b16_e6_w10_b_d1_s1_r9 | Inner 2/3
[2026-10-02 19:22:13] ACTIVO: CU final | cfg=P_l1_b16_e6_w10_b_d1_s1_r9 | Inner 2/3
[2026-10-02 19:22:15] CU final cfg=P_l1_b16_e6_w10_b_d1_s1_r9 Inner 2: F1=0.7169
[2026-10-02 19:22:15] CU final | cfg=P_l1_b16_e6_w10_b_d1_s1_r9 | Inner 3/3
[2026-10-02 19:22:45] CU final cfg=P_l1_b16_e6_w10_b_d1_s1_r9 Inner 3: F1=0.7306
[2026-10-02 19:22:46] CU final | trial 7/20 F1_inner=0.7333 | mejor=0.7520
[2026-10-02 19:22:46] CU final | cfg=P_l2_b16_e6_w10_b_d3_s1_r9 | Inner 1/3
[2026-10-02 19:23:16] ACTIVO: CU final | cfg=P_l2_b16_e6_w10_b_d3_s1_r9 | Inner 1/3
[2026-10-02 19:23:17] CU final cfg=P_l2_b16_e6_w10_b_d3_s1_r9 Inner 1: F1=0.7636
[2026-10-02 19:23:17] CU final | cfg=P_l2_b16_e6_w10_b_d3_s1_r9 | Inner 2/3
[2026-10-02 19:23:47] ACTIVO: CU final | cfg=P_l2_b16_e6_w10_b_d3_s1_r9 | Inner 2/3
[2026-10-02 19:23:48] CU final cfg=P_l2_b16_e6_w10_b_d3_s1_r9 Inner 2: F1=0.7279
[2026-10-02 19:23:48] CU final | cfg=P_l2_b16_e6_w10_b_d3_s1_r9 | Inner 3/3
[2026-10-02 19:24:18] ACTIVO: CU final | cfg=P_l2_b16_e6_w10_b_d3_s1_r9 | Inner 3/3
[2026-10-02 19:24:20] CU final cfg=P_l2_b16_e6_w10_b_d3_s1_r9 Inner 3: F1=0.7471
[2026-10-02 19:24:20] CU final | trial 8/20 F1_inner=0.7462 | mejor=0.7520
[2026-10-02 19:24:20] CU final | cfg=P_l2_b16_e4_w10_b_d1_s1_r9 | Inner 1/3
[2026-10-02 19:24:42] CU final cfg=P_l2_b16_e4_w10_b_d1_s1_r9 Inner 1: F1=0.7563
[2026-10-02 19:24:42] CU final | cfg=P_l2_b16_e4_w10_b_d1_s1_r9 | Inner 2/3
[2026-10-02 19:25:03] CU final cfg=P_l2_b16_e4_w10_b_d1_s1_r9 Inner 2: F1=0.7244
[2026-10-02 19:25:03] CU final | cfg=P_l2_b16_e4_w10_b_d1_s1_r9 | Inner 3/3
[2026-10-02 19:25:24] CU final cfg=P_l2_b16_e4_w10_b_d1_s1_r9 Inner 3: F1=0.7461
[2026-10-02 19:25:25] CU final | trial 9/20 F1_inner=0.7423 | mejor=0.7520
[2026-10-02 19:25:25] REUTILIZADO CU final cfg=P_l2_b16_e6_w10_b_d1_s1_r9 inner=1: F1=0.7644
[2026-10-02 19:25:25] REUTILIZADO CU final cfg=P_l2_b16_e6_w10_b_d1_s1_r9 inner=2: F1=0.7367
[2026-10-02 19:25:25] REUTILIZADO CU final cfg=P_l2_b16_e6_w10_b_d1_s1_r9 inner=3: F1=0.7547
[2026-10-02 19:25:25] CU final | trial 10/20 F1_inner=0.7520 | mejor=0.7520
[2026-10-02 19:25:25] CU final | cfg=P_l1_b16_e6_w1_b_d3_s1_r9 | Inner 1/3
[2026-10-02 19:25:55] ACTIVO: CU final | cfg=P_l1_b16_e6_w1_b_d3_s1_r9 | Inner 1/3
[2026-10-02 19:25:57] CU final cfg=P_l1_b16_e6_w1_b_d3_s1_r9 Inner 1: F1=0.7361
[2026-10-02 19:25:57] CU final | cfg=P_l1_b16_e6_w1_b_d3_s1_r9 | Inner 2/3
[2026-10-02 19:26:27] ACTIVO: CU final | cfg=P_l1_b16_e6_w1_b_d3_s1_r9 | Inner 2/3
[2026-10-02 19:26:28] CU final cfg=P_l1_b16_e6_w1_b_d3_s1_r9 Inner 2: F1=0.7123
[2026-10-02 19:26:28] CU final | cfg=P_l1_b16_e6_w1_b_d3_s1_r9 | Inner 3/3
[2026-10-02 19:26:58] ACTIVO: CU final | cfg=P_l1_b16_e6_w1_b_d3_s1_r9 | Inner 3/3
[2026-10-02 19:27:00] CU final cfg=P_l1_b16_e6_w1_b_d3_s1_r9 Inner 3: F1=0.7179
[2026-10-02 19:27:00] CU final | trial 11/20 F1_inner=0.7221 | mejor=0.7520
[2026-10-02 19:27:00] REUTILIZADO CU final cfg=P_l2_b16_e6_w10_b_d1_s1_r9 inner=1: F1=0.7644
[2026-10-02 19:27:00] REUTILIZADO CU final cfg=P_l2_b16_e6_w10_b_d1_s1_r9 inner=2: F1=0.7367
[2026-10-02 19:27:00] REUTILIZADO CU final cfg=P_l2_b16_e6_w10_b_d1_s1_r9 inner=3: F1=0.7547
[2026-10-02 19:27:00] CU final | trial 12/20 F1_inner=0.7520 | mejor=0.7520
[2026-10-02 19:27:00] CU final | cfg=P_l2_b16_e6_w10_b_d2_s1_r9 | Inner 1/3
[2026-10-02 19:27:30] ACTIVO: CU final | cfg=P_l2_b16_e6_w10_b_d2_s1_r9 | Inner 1/3
[2026-10-02 19:27:32] CU final cfg=P_l2_b16_e6_w10_b_d2_s1_r9 Inner 1: F1=0.7673
[2026-10-02 19:27:32] CU final | cfg=P_l2_b16_e6_w10_b_d2_s1_r9 | Inner 2/3
[2026-10-02 19:28:02] ACTIVO: CU final | cfg=P_l2_b16_e6_w10_b_d2_s1_r9 | Inner 2/3
[2026-10-02 19:28:04] CU final cfg=P_l2_b16_e6_w10_b_d2_s1_r9 Inner 2: F1=0.7320
[2026-10-02 19:28:04] CU final | cfg=P_l2_b16_e6_w10_b_d2_s1_r9 | Inner 3/3
[2026-10-02 19:28:34] ACTIVO: CU final | cfg=P_l2_b16_e6_w10_b_d2_s1_r9 | Inner 3/3
[2026-10-02 19:28:35] CU final cfg=P_l2_b16_e6_w10_b_d2_s1_r9 Inner 3: F1=0.7508
[2026-10-02 19:28:35] CU final | trial 13/20 F1_inner=0.7500 | mejor=0.7520
[2026-10-02 19:28:35] CU final | cfg=P_l1_b16_e4_w1_b_d1_s1_r9 | Inner 1/3
[2026-10-02 19:28:57] CU final cfg=P_l1_b16_e4_w1_b_d1_s1_r9 Inner 1: F1=0.7279
[2026-10-02 19:28:57] CU final | cfg=P_l1_b16_e4_w1_b_d1_s1_r9 | Inner 2/3
[2026-10-02 19:29:18] CU final cfg=P_l1_b16_e4_w1_b_d1_s1_r9 Inner 2: F1=0.6972
[2026-10-02 19:29:18] CU final | cfg=P_l1_b16_e4_w1_b_d1_s1_r9 | Inner 3/3
[2026-10-02 19:29:39] CU final cfg=P_l1_b16_e4_w1_b_d1_s1_r9 Inner 3: F1=0.7075
[2026-10-02 19:29:40] CU final | trial 14/20 F1_inner=0.7108 | mejor=0.7520
[2026-10-02 19:29:40] CU final | cfg=P_l2_b16_e6_w1_b_d1_s1_r9 | Inner 1/3
[2026-10-02 19:30:10] ACTIVO: CU final | cfg=P_l2_b16_e6_w1_b_d1_s1_r9 | Inner 1/3
[2026-10-02 19:30:11] CU final cfg=P_l2_b16_e6_w1_b_d1_s1_r9 Inner 1: F1=0.7644
[2026-10-02 19:30:11] CU final | cfg=P_l2_b16_e6_w1_b_d1_s1_r9 | Inner 2/3
[2026-10-02 19:30:41] ACTIVO: CU final | cfg=P_l2_b16_e6_w1_b_d1_s1_r9 | Inner 2/3
[2026-10-02 19:30:44] CU final cfg=P_l2_b16_e6_w1_b_d1_s1_r9 Inner 2: F1=0.7367
[2026-10-02 19:30:44] CU final | cfg=P_l2_b16_e6_w1_b_d1_s1_r9 | Inner 3/3
[2026-10-02 19:31:14] ACTIVO: CU final | cfg=P_l2_b16_e6_w1_b_d1_s1_r9 | Inner 3/3
[2026-10-02 19:31:15] CU final cfg=P_l2_b16_e6_w1_b_d1_s1_r9 Inner 3: F1=0.7559
[2026-10-02 19:31:15] CU final | trial 15/20 F1_inner=0.7523 | mejor=0.7523
[2026-10-02 19:31:15] REUTILIZADO CU final cfg=P_l2_b16_e6_w1_b_d1_s1_r9 inner=1: F1=0.7644
[2026-10-02 19:31:15] REUTILIZADO CU final cfg=P_l2_b16_e6_w1_b_d1_s1_r9 inner=2: F1=0.7367
[2026-10-02 19:31:15] REUTILIZADO CU final cfg=P_l2_b16_e6_w1_b_d1_s1_r9 inner=3: F1=0.7559
[2026-10-02 19:31:15] CU final | trial 16/20 F1_inner=0.7523 | mejor=0.7523
[2026-10-02 19:31:16] REUTILIZADO CU final cfg=P_l2_b16_e6_w1_b_d1_s1_r9 inner=1: F1=0.7644
[2026-10-02 19:31:16] REUTILIZADO CU final cfg=P_l2_b16_e6_w1_b_d1_s1_r9 inner=2: F1=0.7367
[2026-10-02 19:31:16] REUTILIZADO CU final cfg=P_l2_b16_e6_w1_b_d1_s1_r9 inner=3: F1=0.7559
[2026-10-02 19:31:16] CU final | trial 17/20 F1_inner=0.7523 | mejor=0.7523
[2026-10-02 19:31:16] CU final | cfg=P_l1_b16_e6_w1_b_d1_s1_r9 | Inner 1/3
[2026-10-02 19:31:46] ACTIVO: CU final | cfg=P_l1_b16_e6_w1_b_d1_s1_r9 | Inner 1/3
[2026-10-02 19:31:48] CU final cfg=P_l1_b16_e6_w1_b_d1_s1_r9 Inner 1: F1=0.7524
[2026-10-02 19:31:48] CU final | cfg=P_l1_b16_e6_w1_b_d1_s1_r9 | Inner 2/3
[2026-10-02 19:32:18] ACTIVO: CU final | cfg=P_l1_b16_e6_w1_b_d1_s1_r9 | Inner 2/3
[2026-10-02 19:32:19] CU final cfg=P_l1_b16_e6_w1_b_d1_s1_r9 Inner 2: F1=0.7169
[2026-10-02 19:32:19] CU final | cfg=P_l1_b16_e6_w1_b_d1_s1_r9 | Inner 3/3
[2026-10-02 19:32:49] ACTIVO: CU final | cfg=P_l1_b16_e6_w1_b_d1_s1_r9 | Inner 3/3
[2026-10-02 19:32:50] CU final cfg=P_l1_b16_e6_w1_b_d1_s1_r9 Inner 3: F1=0.7267
[2026-10-02 19:32:50] CU final | trial 18/20 F1_inner=0.7320 | mejor=0.7523
[2026-10-02 19:32:50] CU final | cfg=P_l2_b16_e6_w1_b_d2_s1_r9 | Inner 1/3
[2026-10-02 19:33:20] ACTIVO: CU final | cfg=P_l2_b16_e6_w1_b_d2_s1_r9 | Inner 1/3
[2026-10-02 19:33:22] CU final cfg=P_l2_b16_e6_w1_b_d2_s1_r9 Inner 1: F1=0.7673
[2026-10-02 19:33:22] CU final | cfg=P_l2_b16_e6_w1_b_d2_s1_r9 | Inner 2/3
[2026-10-02 19:33:52] ACTIVO: CU final | cfg=P_l2_b16_e6_w1_b_d2_s1_r9 | Inner 2/3
[2026-10-02 19:33:53] CU final cfg=P_l2_b16_e6_w1_b_d2_s1_r9 Inner 2: F1=0.7312
[2026-10-02 19:33:53] CU final | cfg=P_l2_b16_e6_w1_b_d2_s1_r9 | Inner 3/3
[2026-10-02 19:34:23] ACTIVO: CU final | cfg=P_l2_b16_e6_w1_b_d2_s1_r9 | Inner 3/3
[2026-10-02 19:34:24] CU final cfg=P_l2_b16_e6_w1_b_d2_s1_r9 Inner 3: F1=0.7508
[2026-10-02 19:34:25] CU final | trial 19/20 F1_inner=0.7497 | mejor=0.7523
[2026-10-02 19:34:25] CU final | cfg=P_l1_b16_e6_w1_s_d2_s1_r9 | Inner 1/3
[2026-10-02 19:34:55] ACTIVO: CU final | cfg=P_l1_b16_e6_w1_s_d2_s1_r9 | Inner 1/3
[2026-10-02 19:34:56] CU final cfg=P_l1_b16_e6_w1_s_d2_s1_r9 Inner 1: F1=0.7002
[2026-10-02 19:34:56] CU final | cfg=P_l1_b16_e6_w1_s_d2_s1_r9 | Inner 2/3
[2026-10-02 19:35:27] CU final cfg=P_l1_b16_e6_w1_s_d2_s1_r9 Inner 2: F1=0.6812
[2026-10-02 19:35:27] CU final | cfg=P_l1_b16_e6_w1_s_d2_s1_r9 | Inner 3/3
[2026-10-02 19:35:57] ACTIVO: CU final | cfg=P_l1_b16_e6_w1_s_d2_s1_r9 | Inner 3/3
[2026-10-02 19:35:58] CU final cfg=P_l1_b16_e6_w1_s_d2_s1_r9 Inner 3: F1=0.6959
[2026-10-02 19:35:59] CU final | trial 20/20 F1_inner=0.6924 | mejor=0.7523
[2026-10-02 19:35:59] FINALIZADO: Optimización final completada (180/180 contados)
