variante,outer_fold,idx_train_oficial,y_true,pred_lr,pred_rf,pred_xgb,y_pred
mx,1,0,1,1,1,1,1
mx,1,6,1,1,1,1,1
mx,1,9,1,1,1,1,1
mx,1,11,1,1,0,1,1
mx,1,13,1,0,0,1,0
mx,1,18,1,0,0,1,0
mx,1,24,1,1,0,1,1
mx,1,46,1,0,1,0,0
mx,1,50,1,1,1,1,1
mx,1,53,1,0,0,0,0
mx,1,57,1,1,1,0,1
mx,1,59,1,0,1,1,1
mx,1,60,1,1,1,1,1
mx,1,65,1,1,0,0,0
mx,1,68,1,0,0,0,0
mx,1,71,1,0,0,0,0
mx,1,72,1,1,0,0,0
mx,1,80,1,1,0,0,0
mx,1,84,1,0,0,0,0
mx,1,87,1,1,1,1,1
mx,1,93,1,1,1,1,1
mx,1,94,1,0,0,0,0
mx,1,96,1,0,0,0,0
mx,1,99,1,0,0,0,0
mx,1,100,1,1,0,0,0
mx,1,101,1,0,1,1,1
mx,1,104,1,1,1,1,1
mx,1,105,1,1,1,1,1
mx,1,106,1,0,1,0,0
mx,1,113,1,1,1,0,1
mx,1,116,1,1,1,1,1
mx,1,122,1,0,1,1,1
mx,1,126,1,0,1,0,0
mx,1,141,0,1,0,0,0
mx,1,145,0,0,0,0,0
mx,1,153,0,0,0,0,0
mx,1,155,0,0,0,0,0
mx,1,157,0,0,0,0,0
mx,1,167,0,1,0,1,1
mx,1,172,0,0,1,0,0
mx,1,178,0,1,1,1,1
mx,1,188,0,0,0,0,0
mx,1,189,0,0,0,0,0
mx,1,197,0,1,0,0,0
mx,1,198,0,0,1,1,1
mx,1,201,0,0,0,0,0
mx,1,211,0,1,0,0,0
mx,1,212,0,0,0,0,0
mx,1,220,0,0,0,1,0
mx,1,231,0,0,0,0,0
mx,1,232,0,1,1,1,1
mx,1,234,0,0,0,0,0
mx,1,248,0,0,0,0,0
mx,1,252,0,0,0,0,0
mx,1,254,0,0,0,0,0
mx,1,266,0,0,1,1,1
mx,1,270,0,1,1,1,1
mx,1,271,0,0,0,0,0
mx,1,272,0,1,0,0,0
mx,1,277,0,0,0,0,0
mx,1,283,0,0,0,0,0
mx,1,287,0,1,1,0,1
mx,1,292,0,0,0,0,0
mx,1,297,0,0,0,0,0
mx,1,300,0,0,0,1,0
mx,1,307,0,0,0,0,0
mx,1,309,0,0,0,0,0
mx,1,315,0,0,0,0,0
mx,1,332,0,1,1,1,1
mx,1,333,0,0,0,0,0
mx,1,341,0,1,0,0,0
mx,1,355,1,0,1,0,0
mx,1,376,1,0,0,1,0
mx,1,382,1,0,1,0,0
mx,1,394,1,1,1,0,1
mx,1,397,1,1,1,1,1
mx,1,398,1,0,0,0,0
mx,1,401,1,0,0,0,0
mx,1,409,1,1,1,1,1
mx,1,411,1,1,1,1,1
mx,1,412,1,0,1,1,1
mx,1,414,1,0,1,0,0
mx,1,420,1,1,1,1,1
mx,1,429,1,1,1,1,1
mx,1,430,1,0,0,0,0
mx,1,433,1,0,0,0,0
mx,1,445,1,0,0,1,0
mx,1,452,1,0,0,0,0
mx,1,457,1,1,1,1,1
mx,1,465,1,0,0,0,0
mx,1,467,1,1,1,1,1
mx,1,470,1,0,1,0,0
mx,1,472,0,0,0,0,0
mx,1,474,0,0,0,0,0
mx,1,487,0,1,1,1,1
mx,1,492,0,0,1,0,0
mx,1,501,0,0,1,1,1
mx,1,502,0,0,1,1,1
mx,1,504,0,1,1,0,1
mx,1,507,0,0,1,1,1
mx,1,509,0,1,1,1,1
mx,1,519,0,0,1,1,1
mx,1,520,0,1,1,1,1
mx,1,530,0,0,0,0,0
mx,1,534,0,0,0,0,0
mx,1,539,0,0,0,0,0
mx,1,542,0,0,0,0,0
mx,1,550,0,1,1,1,1
mx,1,553,0,1,1,1,1
mx,1,556,0,0,0,1,0
mx,1,558,0,0,0,0,0
mx,1,563,0,0,1,0,0
mx,1,564,0,0,0,0,0
mx,1,575,0,0,0,0,0
mx,1,593,0,0,0,0,0
mx,1,603,0,0,0,0,0
mx,1,604,0,1,1,1,1
mx,1,606,0,0,1,1,1
mx,1,607,0,0,0,0,0
mx,1,618,1,1,1,0,1
mx,1,628,1,0,0,0,0
mx,1,631,1,0,0,0,0
mx,1,639,1,1,1,0,1
mx,1,646,1,0,0,0,0
mx,1,647,1,1,1,1,1
mx,1,648,1,1,1,1,1
mx,1,654,1,0,0,0,0
mx,1,658,1,1,1,1,1
mx,1,662,1,0,0,0,0
mx,1,666,1,0,0,0,0
mx,1,671,1,0,0,0,0
mx,1,672,1,1,1,0,1
mx,1,673,1,0,0,1,0
mx,1,677,1,1,0,1,1
mx,1,684,1,0,1,1,1
mx,1,688,1,0,0,0,0
mx,1,690,1,1,1,1,1
mx,1,691,1,0,0,0,0
mx,1,702,1,0,0,0,0
mx,1,711,1,1,1,1,1
mx,1,715,1,1,1,1,1
mx,1,718,1,1,1,1,1
mx,1,721,1,1,1,1,1
mx,1,725,1,0,0,0,0
mx,1,748,0,1,1,0,1
mx,1,753,0,1,1,0,1
mx,1,756,0,0,0,0,0
mx,1,757,0,0,0,0,0
mx,1,759,0,0,0,1,0
mx,1,764,0,1,1,1,1
mx,1,771,0,1,0,0,0
mx,1,776,0,1,1,1,1
mx,1,783,0,0,0,1,0
mx,1,789,0,0,1,0,0
mx,1,800,0,1,1,1,1
mx,1,803,0,0,1,1,1
mx,1,806,0,0,0,0,0
mx,1,811,0,1,0,1,1
mx,1,820,0,0,0,0,0
mx,1,822,0,0,0,0,0
mx,1,823,0,0,0,0,0
mx,1,837,0,0,0,0,0
mx,1,847,0,0,0,1,0
mx,1,866,1,1,1,0,1
mx,1,869,1,1,1,1,1
mx,1,875,1,1,1,1,1
mx,1,877,1,0,0,0,0
mx,1,882,1,0,1,0,0
mx,1,884,1,1,1,1,1
mx,1,894,1,1,0,0,0
mx,1,896,1,1,1,0,1
mx,1,902,1,1,1,1,1
mx,1,905,0,0,0,0,0
mx,1,909,0,0,0,0,0
mx,1,919,0,1,1,0,1
mx,1,920,0,1,1,0,1
mx,1,931,0,0,0,0,0
mx,1,935,0,0,0,0,0
mx,1,937,0,0,0,0,0
mx,1,939,0,0,0,0,0
mx,1,946,0,1,1,0,1
mx,1,948,0,0,0,0,0
mx,1,952,0,1,1,1,1
mx,1,953,0,1,1,1,1
mx,1,955,0,1,1,1,1
mx,1,959,0,0,1,1,1
mx,1,972,0,0,0,0,0
mx,1,978,0,0,0,1,0
mx,1,982,0,1,0,1,1
mx,1,984,0,0,0,0,0
mx,1,989,0,0,0,1,0
mx,1,997,1,0,0,0,0
mx,1,1000,1,1,0,1,1
mx,1,1009,1,1,1,1,1
mx,1,1014,1,0,0,0,0
mx,1,1016,1,0,1,0,0
mx,1,1017,1,0,1,1,1
mx,1,1026,1,1,0,0,0
mx,1,1029,1,0,0,0,0
mx,1,1038,1,1,1,1,1
mx,1,1058,1,1,0,1,1
mx,1,1059,1,1,1,0,1
mx,1,1070,1,0,1,1,1
mx,1,1075,0,0,0,0,0
mx,1,1076,0,0,0,0,0
mx,1,1078,0,0,1,1,1
mx,1,1080,0,0,0,0,0
mx,1,1081,0,1,0,0,0
mx,1,1084,0,1,1,1,1
mx,1,1085,0,0,0,0,0
mx,1,1089,0,1,1,0,1
mx,1,1090,0,1,1,0,1
mx,1,1091,0,0,0,0,0
mx,1,1095,0,1,0,0,0
mx,1,1105,0,0,0,0,0
mx,1,1109,0,1,1,1,1
mx,1,1111,0,0,0,0,0
mx,1,1115,0,0,0,0,0
mx,1,1119,0,0,0,0,0
mx,1,1120,0,0,0,0,0
mx,1,1126,0,1,1,1,1
mx,1,1127,0,0,0,0,0
mx,1,1128,0,1,0,0,0
mx,1,1131,0,0,1,0,0
mx,1,1137,0,1,1,1,1
mx,1,1144,0,1,1,1,1
mx,1,1155,0,0,0,0,0
mx,1,1156,0,1,1,0,1
mx,1,1158,0,0,0,0,0
mx,1,1160,0,0,0,0,0
mx,1,1170,0,0,0,0,0
mx,1,1189,0,0,0,0,0
mx,1,1200,0,0,0,1,0
mx,1,1204,0,0,0,0,0
mx,1,1207,0,0,0,0,0
mx,1,1209,0,1,0,1,1
mx,1,1210,0,0,0,1,0
mx,1,1217,0,0,0,0,0
mx,1,1222,0,0,0,1,0
mx,1,1223,0,0,0,0,0
mx,1,1227,0,0,0,1,0
mx,1,1231,0,0,0,0,0
mx,1,1234,1,0,0,0,0
mx,1,1238,1,1,0,0,0
mx,1,1239,1,1,1,1,1
mx,1,1242,1,0,0,0,0
mx,1,1248,1,1,1,1,1
mx,1,1250,1,1,1,1,1
mx,1,1251,1,0,1,1,1
mx,1,1253,1,1,1,1,1
mx,1,1256,1,1,1,1,1
mx,1,1258,1,1,1,1,1
mx,1,1261,1,1,1,1,1
mx,1,1264,1,1,1,1,1
mx,1,1271,1,0,0,0,0
mx,1,1273,1,0,0,0,0
mx,1,1278,1,0,0,0,0
mx,1,1285,1,0,0,1,0
mx,1,1287,0,0,0,0,0
mx,1,1296,0,0,0,0,0
mx,1,1297,0,0,0,1,0
mx,1,1305,0,0,0,0,0
mx,1,1322,0,0,0,0,0
mx,1,1326,0,0,0,1,0
mx,1,1333,0,0,1,1,1
mx,1,1348,0,0,0,0,0
mx,1,1351,0,0,0,0,0
mx,1,1356,0,0,0,0,0
mx,1,1358,0,0,0,0,0
mx,1,1363,0,0,0,0,0
mx,1,1366,0,0,0,1,0
mx,1,1368,0,0,0,0,0
mx,1,1370,0,0,0,0,0
mx,1,1372,0,0,0,0,0
mx,1,1382,0,0,0,0,0
mx,1,1394,0,0,0,1,0
mx,1,1396,0,0,0,1,0
mx,1,1403,0,0,0,0,0
mx,1,1416,0,0,0,0,0
mx,1,1424,0,1,1,1,1
mx,1,1431,0,0,1,0,0
mx,1,1433,0,0,1,0,0
mx,1,1438,0,0,0,0,0
mx,1,1442,1,1,1,1,1
mx,1,1443,1,0,0,0,0
mx,1,1453,1,0,1,0,0
mx,1,1466,1,0,0,0,0
mx,1,1472,1,1,1,1,1
mx,1,1473,1,0,1,0,0
mx,1,1476,1,0,1,0,0
mx,1,1477,1,0,1,0,0
mx,1,1486,1,1,0,0,0
mx,1,1492,1,1,1,1,1
mx,1,1498,1,0,1,1,1
mx,1,1510,1,0,0,0,0
mx,1,1511,1,0,0,1,0
mx,1,1513,1,1,1,1,1
mx,1,1514,1,1,1,1,1
mx,1,1524,1,1,1,1,1
mx,1,1525,1,0,1,0,0
mx,1,1534,1,0,1,1,1
mx,1,1537,1,1,1,0,1
mx,1,1538,1,0,0,0,0
mx,1,1547,1,1,0,0,0
mx,1,1554,1,1,1,1,1
mx,1,1557,0,0,0,0,0
mx,1,1558,0,0,0,0,0
mx,1,1560,0,0,0,0,0
mx,1,1561,0,0,0,0,0
mx,1,1569,0,0,0,0,0
mx,1,1570,0,0,0,0,0
mx,1,1571,0,0,0,0,0
mx,1,1573,0,1,1,1,1
mx,1,1575,0,1,1,0,1
mx,1,1576,0,1,1,1,1
mx,1,1581,0,1,1,1,1
mx,1,1583,0,0,0,0,0
mx,1,1588,0,0,1,1,1
mx,1,1590,0,0,0,0,0
mx,1,1593,0,0,0,0,0
mx,1,1610,0,0,0,0,0
mx,1,1612,0,0,0,0,0
mx,1,1614,0,0,1,1,1
mx,1,1615,0,0,0,0,0
mx,1,1626,0,0,0,0,0
mx,1,1627,0,1,1,1,1
mx,1,1637,0,0,0,0,0
mx,1,1640,0,0,0,0,0
mx,1,1643,0,0,0,1,0
mx,1,1645,0,0,1,0,0
mx,1,1651,0,1,0,0,0
mx,1,1669,0,0,0,0,0
mx,1,1671,0,1,1,1,1
mx,1,1680,0,0,0,0,0
mx,1,1684,1,0,1,1,1
mx,1,1685,1,0,1,1,1
mx,1,1697,1,0,0,0,0
mx,1,1698,1,1,1,0,1
mx,1,1706,1,0,0,0,0
mx,1,1708,1,1,1,1,1
mx,1,1710,1,0,0,1,0
mx,1,1713,1,1,1,1,1
mx,1,1722,1,0,0,0,0
mx,1,1735,1,0,0,0,0
mx,1,1748,1,1,1,1,1
mx,1,1750,1,1,1,1,1
mx,1,1753,1,1,1,1,1
mx,1,1758,1,1,1,0,1
mx,1,1759,0,1,1,1,1
mx,1,1763,0,0,0,0,0
mx,1,1766,0,0,1,1,1
mx,1,1775,0,0,0,0,0
mx,1,1782,0,0,0,1,0
mx,1,1785,0,0,0,0,0
mx,1,1790,0,0,0,0,0
mx,1,1794,0,1,0,0,0
mx,1,1800,0,1,1,0,1
mx,1,1801,0,0,0,0,0
mx,1,1803,0,1,1,1,1
mx,1,1812,0,0,0,0,0
mx,1,1814,0,0,0,0,0
mx,1,1820,0,1,0,0,0
mx,1,1827,0,0,0,0,0
mx,1,1833,0,1,1,1,1
mx,1,1837,0,1,0,0,0
mx,1,1851,0,0,0,0,0
mx,1,1853,0,0,1,1,1
mx,1,1854,0,0,0,0,0
mx,1,1856,0,0,0,0,0
mx,1,1857,0,0,1,0,0
mx,1,1858,0,1,1,1,1
mx,1,1869,0,0,0,0,0
mx,1,1874,0,0,0,0,0
mx,1,1879,0,1,0,0,0
mx,1,1880,0,1,1,1,1
mx,1,1887,0,1,1,1,1
mx,1,1888,0,1,0,0,0
mx,1,1924,1,1,0,1,1
mx,1,1929,1,1,1,1,1
mx,1,1936,1,0,0,0,0
mx,1,1937,1,0,0,0,0
mx,1,1948,1,0,0,0,0
mx,1,1950,1,0,0,1,0
mx,1,1955,0,0,0,1,0
mx,1,1956,0,0,0,0,0
mx,1,1957,0,0,0,0,0
mx,1,1958,0,0,0,0,0
mx,1,1961,0,0,0,0,0
mx,1,1962,0,0,0,0,0
mx,1,1965,0,0,0,0,0
mx,1,1974,0,0,0,0,0
mx,1,1977,0,0,0,0,0
mx,1,1980,0,0,0,0,0
mx,1,1992,0,1,1,1,1
mx,1,1993,0,0,0,0,0
mx,1,1994,0,0,0,0,0
mx,1,2001,0,0,0,0,0
mx,1,2009,0,0,0,0,0
mx,1,2015,0,0,0,0,0
mx,1,2016,0,0,0,0,0
mx,1,2021,0,0,0,0,0
mx,1,2023,0,0,0,0,0
mx,1,2025,0,0,0,0,0
mx,1,2026,0,0,0,0,0
mx,1,2032,0,1,1,1,1
mx,1,2038,0,0,0,0,0
mx,1,2043,0,0,0,0,0
mx,1,2050,0,0,0,0,0
mx,1,2051,0,0,0,0,0
mx,1,2058,0,0,0,0,0
mx,1,2064,0,0,0,0,0
mx,1,2065,0,0,0,0,0
mx,1,2072,0,0,0,0,0
mx,1,2076,0,0,0,0,0
mx,1,2091,0,0,0,0,0
mx,1,2093,0,0,0,0,0
mx,1,2095,0,0,0,1,0
mx,1,2103,0,0,0,0,0
mx,1,2104,0,0,0,0,0
mx,1,2106,0,0,0,0,0
mx,1,2107,0,0,0,0,0
mx,1,2119,0,0,0,0,0
mx,1,2120,0,0,0,0,0
mx,1,2128,0,0,0,0,0
mx,1,2131,0,1,1,0,1
mx,1,2153,0,0,0,0,0
mx,1,2166,1,0,0,0,0
mx,1,2177,1,0,0,0,0
mx,1,2186,0,0,0,1,0
mx,1,2187,0,0,0,0,0
mx,1,2189,0,0,0,0,0
mx,1,2193,0,1,1,1,1
mx,1,2195,0,0,0,0,0
mx,1,2199,0,1,0,0,0
mx,1,2207,0,0,0,0,0
mx,1,2208,0,0,1,0,0
mx,1,2209,0,0,0,0,0
mx,1,2213,0,0,0,0,0
mx,1,2215,0,0,0,0,0
mx,1,2225,0,0,1,1,1
mx,1,2226,0,0,0,0,0
mx,1,2227,0,1,1,1,1
mx,1,2229,0,0,0,0,0
mx,1,2250,0,0,0,0,0
mx,1,2252,0,0,0,0,0
mx,1,2255,0,0,0,0,0
mx,1,2260,0,0,0,1,0
mx,1,2263,0,0,0,1,0
mx,1,2266,0,0,0,1,0
mx,1,2273,0,0,0,0,0
mx,1,2276,0,0,0,0,0
mx,1,2277,0,1,0,0,0
mx,1,2280,0,0,0,0,0
mx,1,2286,0,0,0,0,0
mx,1,2293,0,0,0,0,0
mx,1,2295,0,1,1,1,1
mx,1,2297,0,0,0,0,0
mx,1,2298,0,0,0,1,0
mx,1,2301,0,0,0,0,0
mx,1,2309,0,0,0,0,0
mx,1,2311,0,0,0,0,0
mx,1,2315,0,0,0,0,0
mx,1,2326,0,0,1,0,0
mx,1,2328,0,0,0,0,0
mx,1,2332,0,1,1,1,1
mx,1,2335,0,1,1,1,1
mx,1,2340,0,0,0,0,0
mx,1,2342,0,0,0,0,0
mx,1,2344,0,1,1,1,1
mx,1,2345,0,0,0,0,0
mx,1,2346,0,0,0,1,0
mx,1,2348,0,0,0,0,0
mx,1,2361,0,0,0,0,0
mx,1,2363,0,1,1,1,1
mx,1,2364,0,0,0,1,0
mx,1,2367,0,0,0,0,0
mx,1,2369,0,0,0,0,0
mx,1,2378,0,0,0,0,0
mx,1,2388,0,0,0,0,0
mx,1,2393,0,0,0,0,0
mx,2,8,1,0,0,0,0
mx,2,12,1,1,1,1,1
mx,2,17,1,1,1,0,1
mx,2,23,1,1,0,0,0
mx,2,30,1,1,0,0,0
mx,2,31,1,1,1,1,1
mx,2,35,1,0,0,0,0
mx,2,36,1,0,0,0,0
mx,2,37,1,1,0,1,1
mx,2,43,1,0,1,1,1
mx,2,49,1,1,1,1,1
mx,2,52,1,0,0,0,0
mx,2,54,1,1,0,0,0
mx,2,55,1,0,0,1,0
mx,2,63,1,1,1,1,1
mx,2,73,1,1,0,0,0
mx,2,82,1,0,0,0,0
mx,2,95,1,1,1,0,1
mx,2,97,1,1,1,0,1
mx,2,98,1,1,1,1,1
mx,2,111,1,1,1,1,1
mx,2,112,1,0,1,1,1
mx,2,114,1,0,0,0,0
mx,2,119,1,1,1,1,1
mx,2,124,1,0,1,0,0
mx,2,130,1,1,0,1,1
mx,2,133,1,1,1,1,1
mx,2,136,1,0,0,1,0
mx,2,137,1,1,1,0,1
mx,2,140,0,0,0,0,0
mx,2,149,0,1,1,0,1
mx,2,152,0,0,0,0,0
mx,2,159,0,0,0,0,0
mx,2,166,0,1,1,1,1
mx,2,169,0,1,1,0,1
mx,2,190,0,1,0,1,1
mx,2,202,0,0,0,0,0
mx,2,203,0,0,0,1,0
mx,2,209,0,0,0,0,0
mx,2,210,0,0,0,0,0
mx,2,216,0,0,1,1,1
mx,2,218,0,1,1,0,1
mx,2,245,0,0,0,0,0
mx,2,249,0,0,0,0,0
mx,2,250,0,0,0,0,0
mx,2,256,0,0,1,1,1
mx,2,264,0,0,1,0,0
mx,2,267,0,0,0,0,0
mx,2,269,0,0,0,0,0
mx,2,281,0,0,0,0,0
mx,2,288,0,1,1,1,1
mx,2,308,0,0,0,0,0
mx,2,311,0,1,0,0,0
mx,2,318,0,0,0,0,0
mx,2,331,0,0,1,1,1
mx,2,334,0,0,0,0,0
mx,2,335,0,0,0,0,0
mx,2,339,0,1,1,1,1
mx,2,342,0,0,1,0,0
mx,2,352,1,1,1,1,1
mx,2,356,1,1,0,0,0
mx,2,366,1,0,0,0,0
mx,2,370,1,1,1,0,1
mx,2,372,1,1,1,1,1
mx,2,378,1,0,0,1,0
mx,2,379,1,0,0,1,0
mx,2,381,1,1,1,1,1
mx,2,391,1,0,0,1,0
mx,2,392,1,0,0,0,0
mx,2,396,1,1,1,1,1
mx,2,402,1,0,0,1,0
mx,2,403,1,1,0,0,0
mx,2,406,1,1,0,1,1
mx,2,410,1,1,1,1,1
mx,2,416,1,1,0,0,0
mx,2,421,1,0,0,0,0
mx,2,432,1,0,0,0,0
mx,2,436,1,1,1,1,1
mx,2,444,1,0,0,0,0
mx,2,446,1,1,1,1,1
mx,2,447,1,1,1,1,1
mx,2,448,1,1,1,1,1
mx,2,449,1,1,1,1,1
mx,2,455,1,1,1,1,1
mx,2,460,1,0,0,0,0
mx,2,466,1,0,1,1,1
mx,2,468,1,1,1,0,1
mx,2,473,0,1,1,0,1
mx,2,476,0,0,0,0,0
mx,2,478,0,0,0,0,0
mx,2,479,0,0,0,0,0
mx,2,486,0,0,1,0,0
mx,2,488,0,0,0,0,0
mx,2,491,0,0,0,0,0
mx,2,494,0,0,0,0,0
mx,2,498,0,0,0,0,0
mx,2,499,0,1,1,0,1
mx,2,503,0,0,0,0,0
mx,2,513,0,0,0,0,0
mx,2,522,0,0,0,1,0
mx,2,540,0,0,0,0,0
mx,2,546,0,0,0,0,0
mx,2,549,0,1,1,0,1
mx,2,557,0,0,0,0,0
mx,2,560,0,0,0,0,0
mx,2,568,0,0,1,1,1
mx,2,573,0,1,0,0,0
mx,2,580,0,1,0,0,0
mx,2,582,0,1,0,0,0
mx,2,586,0,1,1,1,1
mx,2,595,0,0,0,0,0
mx,2,608,0,0,0,0,0
mx,2,609,0,0,0,0,0
mx,2,610,0,1,1,0,1
mx,2,612,0,0,0,0,0
mx,2,614,0,0,0,0,0
mx,2,619,1,0,1,0,0
mx,2,620,1,1,0,0,0
mx,2,622,1,1,1,1,1
mx,2,623,1,1,0,0,0
mx,2,624,1,1,1,1,1
mx,2,626,1,1,1,1,1
mx,2,633,1,0,0,0,0
mx,2,634,1,1,1,1,1
mx,2,644,1,0,0,0,0
mx,2,645,1,0,0,0,0
mx,2,651,1,0,0,1,0
mx,2,655,1,1,1,1,1
mx,2,668,1,1,1,1,1
mx,2,681,1,0,1,1,1
mx,2,683,1,1,1,1,1
mx,2,689,1,1,1,1,1
mx,2,692,1,0,0,0,0
mx,2,693,1,0,0,0,0
mx,2,696,1,1,1,1,1
mx,2,698,1,0,0,1,0
mx,2,699,1,0,0,0,0
mx,2,704,1,1,1,1,1
mx,2,710,1,1,1,1,1
mx,2,724,1,0,1,0,0
mx,2,730,0,1,1,1,1
mx,2,732,0,0,0,0,0
mx,2,733,0,1,0,0,0
mx,2,735,0,0,0,0,0
mx,2,736,0,1,1,1,1
mx,2,737,0,0,0,0,0
mx,2,739,0,0,0,0,0
mx,2,746,0,1,1,0,1
mx,2,747,0,1,1,1,1
mx,2,749,0,0,0,0,0
mx,2,752,0,0,1,0,0
mx,2,762,0,0,0,0,0
mx,2,772,0,0,0,0,0
mx,2,787,0,1,1,0,1
mx,2,795,0,1,1,0,1
mx,2,797,0,0,0,0,0
mx,2,802,0,0,0,0,0
mx,2,804,0,1,0,1,1
mx,2,816,0,0,0,0,0
mx,2,817,0,1,1,1,1
mx,2,825,0,0,0,1,0
mx,2,828,0,0,0,1,0
mx,2,829,0,0,0,1,0
mx,2,832,0,0,0,0,0
mx,2,841,0,0,0,1,0
mx,2,850,0,0,0,1,0
mx,2,853,0,1,0,0,0
mx,2,854,0,1,1,1,1
mx,2,855,0,0,0,0,0
mx,2,862,1,1,1,1,1
mx,2,867,1,1,1,1,1
mx,2,876,1,1,1,1,1
mx,2,886,1,0,0,0,0
mx,2,890,1,1,1,0,1
mx,2,892,1,1,0,1,1
mx,2,904,0,1,1,1,1
mx,2,918,0,0,0,0,0
mx,2,924,0,0,0,0,0
mx,2,930,0,0,0,0,0
mx,2,936,0,0,0,0,0
mx,2,943,0,0,0,0,0
mx,2,949,0,1,1,1,1
mx,2,957,0,0,0,0,0
mx,2,968,0,0,0,1,0
mx,2,983,0,1,0,0,0
mx,2,985,0,0,0,0,0
mx,2,986,0,0,0,0,0
mx,2,988,0,1,1,1,1
mx,2,998,1,1,1,1,1
mx,2,1003,1,1,1,1,1
mx,2,1004,1,1,1,1,1
mx,2,1013,1,1,1,1,1
mx,2,1015,1,1,1,0,1
mx,2,1023,1,0,0,0,0
mx,2,1032,1,1,1,1,1
mx,2,1040,1,0,0,0,0
mx,2,1041,1,1,1,0,1
mx,2,1043,1,0,0,0,0
mx,2,1046,1,1,1,0,1
mx,2,1049,1,0,0,1,0
mx,2,1050,1,0,0,0,0
mx,2,1063,1,1,1,1,1
mx,2,1066,1,1,0,0,0
mx,2,1071,1,1,0,0,0
mx,2,1073,0,1,1,1,1
mx,2,1074,0,1,0,0,0
mx,2,1079,0,0,0,0,0
mx,2,1088,0,0,1,0,0
mx,2,1099,0,1,1,0,1
mx,2,1100,0,0,0,0,0
mx,2,1102,0,0,0,0,0
mx,2,1121,0,0,0,0,0
mx,2,1122,0,0,0,0,0
mx,2,1123,0,0,0,0,0
mx,2,1129,0,0,0,0,0
mx,2,1130,0,0,0,0,0
mx,2,1133,0,1,1,0,1
mx,2,1136,0,0,1,1,1
mx,2,1138,0,1,1,1,1
mx,2,1143,0,0,0,0,0
mx,2,1146,0,0,0,0,0
mx,2,1151,0,0,1,0,0
mx,2,1152,0,0,1,0,0
mx,2,1166,0,0,0,0,0
mx,2,1169,0,1,1,1,1
mx,2,1172,0,0,0,0,0
mx,2,1177,0,0,0,0,0
mx,2,1198,0,1,0,0,0
mx,2,1201,0,0,0,0,0
mx,2,1202,0,0,1,0,0
mx,2,1206,0,0,0,0,0
mx,2,1208,0,0,0,0,0
mx,2,1215,0,1,1,1,1
mx,2,1218,0,0,0,0,0
mx,2,1225,0,1,0,0,0
mx,2,1226,0,0,0,0,0
mx,2,1229,0,0,0,0,0
mx,2,1235,1,0,0,0,0
mx,2,1236,1,0,0,1,0
mx,2,1241,1,0,1,1,1
mx,2,1243,1,0,0,0,0
mx,2,1244,1,0,0,0,0
mx,2,1245,1,1,0,0,0
mx,2,1262,1,1,0,0,0
mx,2,1270,1,1,1,1,1
mx,2,1272,1,0,0,0,0
mx,2,1283,1,0,0,0,0
mx,2,1293,0,0,0,0,0
mx,2,1298,0,1,1,1,1
mx,2,1306,0,1,1,1,1
mx,2,1307,0,0,0,0,0
mx,2,1309,0,1,1,1,1
mx,2,1310,0,1,1,0,1
mx,2,1312,0,0,0,0,0
mx,2,1313,0,0,0,0,0
mx,2,1318,0,1,0,1,1
mx,2,1319,0,0,0,0,0
mx,2,1324,0,1,1,0,1
mx,2,1327,0,0,1,0,0
mx,2,1330,0,0,0,0,0
mx,2,1337,0,0,0,0,0
mx,2,1341,0,0,0,0,0
mx,2,1346,0,0,0,0,0
mx,2,1349,0,0,0,0,0
mx,2,1354,0,0,0,0,0
mx,2,1359,0,0,0,0,0
mx,2,1364,0,0,0,0,0
mx,2,1369,0,1,0,1,1
mx,2,1371,0,1,1,1,1
mx,2,1374,0,1,1,1,1
mx,2,1379,0,0,1,1,1
mx,2,1381,0,0,0,1,0
mx,2,1386,0,0,0,0,0
mx,2,1393,0,0,0,0,0
mx,2,1397,0,0,0,0,0
mx,2,1399,0,0,0,0,0
mx,2,1401,0,1,1,1,1
mx,2,1404,0,1,1,1,1
mx,2,1405,0,0,0,0,0
mx,2,1410,0,0,0,0,0
mx,2,1411,0,0,0,0,0
mx,2,1412,0,0,0,0,0
mx,2,1419,0,0,0,1,0
mx,2,1432,0,0,1,1,1
mx,2,1434,0,0,0,0,0
mx,2,1436,0,0,0,0,0
mx,2,1446,1,1,1,1,1
mx,2,1447,1,0,0,0,0
mx,2,1454,1,1,0,0,0
mx,2,1456,1,0,0,0,0
mx,2,1461,1,1,1,0,1
mx,2,1462,1,0,0,0,0
mx,2,1465,1,0,0,0,0
mx,2,1471,1,0,0,0,0
mx,2,1474,1,0,0,0,0
mx,2,1480,1,0,0,0,0
mx,2,1488,1,1,1,1,1
mx,2,1497,1,0,1,0,0
mx,2,1501,1,1,1,1,1
mx,2,1503,1,0,0,0,0
mx,2,1509,1,1,1,0,1
mx,2,1521,1,1,0,0,0
mx,2,1528,1,1,1,0,1
mx,2,1529,1,0,0,1,0
mx,2,1540,1,1,1,1,1
mx,2,1541,1,1,1,0,1
mx,2,1545,1,0,0,0,0
mx,2,1550,1,1,1,1,1
mx,2,1552,1,1,1,0,1
mx,2,1562,0,0,0,0,0
mx,2,1563,0,0,0,0,0
mx,2,1567,0,1,1,1,1
mx,2,1568,0,0,0,0,0
mx,2,1580,0,1,1,1,1
mx,2,1584,0,0,0,0,0
mx,2,1591,0,1,1,0,1
mx,2,1595,0,0,0,0,0
mx,2,1599,0,0,0,0,0
mx,2,1600,0,0,0,0,0
mx,2,1601,0,1,1,0,1
mx,2,1603,0,0,0,0,0
mx,2,1607,0,0,0,0,0
mx,2,1611,0,0,1,0,0
mx,2,1616,0,1,1,1,1
mx,2,1617,0,0,0,0,0
mx,2,1641,0,1,1,1,1
mx,2,1644,0,1,1,1,1
mx,2,1647,0,0,1,1,1
mx,2,1655,0,0,0,0,0
mx,2,1656,0,1,1,1,1
mx,2,1657,0,0,0,0,0
mx,2,1658,0,0,0,0,0
mx,2,1660,0,1,1,0,1
mx,2,1664,0,0,0,0,0
mx,2,1670,0,0,1,0,0
mx,2,1672,0,0,0,0,0
mx,2,1673,0,0,0,0,0
mx,2,1677,0,0,0,1,0
mx,2,1683,1,1,1,0,1
mx,2,1689,1,1,1,1,1
mx,2,1694,1,1,1,1,1
mx,2,1695,1,0,0,0,0
mx,2,1699,1,1,1,0,1
mx,2,1716,1,1,1,1,1
mx,2,1719,1,1,0,0,0
mx,2,1730,1,0,0,0,0
mx,2,1732,1,0,0,0,0
mx,2,1736,1,1,0,0,0
mx,2,1747,1,1,0,1,1
mx,2,1749,1,1,0,0,0
mx,2,1760,0,1,0,0,0
mx,2,1761,0,0,1,1,1
mx,2,1769,0,1,1,0,1
mx,2,1770,0,0,0,0,0
mx,2,1776,0,0,0,0,0
mx,2,1778,0,0,1,1,1
mx,2,1783,0,0,0,0,0
mx,2,1786,0,1,0,1,1
mx,2,1791,0,0,1,1,1
mx,2,1793,0,1,1,1,1
mx,2,1798,0,0,0,0,0
mx,2,1805,0,1,1,1,1
mx,2,1806,0,0,0,0,0
mx,2,1807,0,0,0,0,0
mx,2,1815,0,0,0,0,0
mx,2,1816,0,0,0,0,0
mx,2,1817,0,1,1,1,1
mx,2,1818,0,1,1,0,1
mx,2,1824,0,0,0,0,0
mx,2,1830,0,1,0,1,1
mx,2,1834,0,1,1,0,1
mx,2,1841,0,1,1,1,1
mx,2,1844,0,0,0,0,0
mx,2,1846,0,0,0,1,0
mx,2,1871,0,0,0,0,0
mx,2,1872,0,0,0,0,0
mx,2,1875,0,1,1,1,1
mx,2,1892,0,1,0,1,1
mx,2,1896,0,0,0,0,0
mx,2,1904,0,1,1,1,1
mx,2,1905,0,0,0,0,0
mx,2,1908,0,1,1,1,1
mx,2,1909,0,0,1,0,0
mx,2,1910,0,0,1,1,1
mx,2,1911,0,1,1,1,1
mx,2,1916,0,1,0,0,0
mx,2,1918,0,0,0,0,0
mx,2,1919,0,0,0,0,0
mx,2,1927,1,0,0,0,0
mx,2,1930,1,0,0,0,0
mx,2,1933,1,0,0,0,0
mx,2,1943,1,0,0,0,0
mx,2,1944,1,0,0,0,0
mx,2,1947,1,0,0,0,0
mx,2,1953,1,1,0,0,0
mx,2,1959,0,0,0,0,0
mx,2,1964,0,0,0,0,0
mx,2,1966,0,0,0,0,0
mx,2,1967,0,0,0,0,0
mx,2,1968,0,0,0,0,0
mx,2,1969,0,0,0,0,0
mx,2,1971,0,1,0,0,0
mx,2,1979,0,0,0,0,0
mx,2,1983,0,0,0,0,0
mx,2,2012,0,0,0,0,0
mx,2,2024,0,1,0,0,0
mx,2,2028,0,0,0,0,0
mx,2,2030,0,0,0,0,0
mx,2,2034,0,0,0,0,0
mx,2,2046,0,0,0,0,0
mx,2,2047,0,0,0,0,0
mx,2,2053,0,0,0,0,0
mx,2,2069,0,0,0,0,0
mx,2,2071,0,0,0,0,0
mx,2,2073,0,0,0,0,0
mx,2,2075,0,0,0,0,0
mx,2,2077,0,0,0,0,0
mx,2,2080,0,0,0,0,0
mx,2,2085,0,0,0,1,0
mx,2,2086,0,0,0,0,0
mx,2,2090,0,0,0,1,0
mx,2,2092,0,0,0,0,0
mx,2,2094,0,0,0,0,0
mx,2,2102,0,0,0,0,0
mx,2,2109,0,0,0,0,0
mx,2,2110,0,0,0,0,0
mx,2,2111,0,0,0,0,0
mx,2,2113,0,0,0,0,0
mx,2,2114,0,0,0,0,0
mx,2,2116,0,0,0,0,0
mx,2,2117,0,0,0,0,0
mx,2,2133,0,0,0,0,0
mx,2,2135,0,0,0,0,0
mx,2,2137,0,0,0,0,0
mx,2,2155,0,0,0,0,0
mx,2,2161,1,1,0,0,0
mx,2,2163,1,1,0,0,0
mx,2,2165,1,1,1,0,1
mx,2,2169,1,1,1,1,1
mx,2,2173,1,0,0,1,0
mx,2,2179,0,0,0,0,0
mx,2,2183,0,0,0,1,0
mx,2,2188,0,0,0,0,0
mx,2,2201,0,0,0,0,0
mx,2,2204,0,0,0,0,0
mx,2,2212,0,0,0,0,0
mx,2,2214,0,0,0,0,0
mx,2,2216,0,0,0,0,0
mx,2,2234,0,0,0,0,0
mx,2,2236,0,0,0,0,0
mx,2,2248,0,0,1,1,1
mx,2,2251,0,0,0,0,0
mx,2,2256,0,0,1,1,1
mx,2,2257,0,0,0,0,0
mx,2,2259,0,0,0,0,0
mx,2,2262,0,1,1,1,1
mx,2,2270,0,0,0,0,0
mx,2,2271,0,0,0,0,0
mx,2,2291,0,0,0,0,0
mx,2,2292,0,0,0,0,0
mx,2,2296,0,1,0,0,0
mx,2,2302,0,0,0,0,0
mx,2,2305,0,1,0,0,0
mx,2,2307,0,1,0,0,0
mx,2,2308,0,0,1,1,1
mx,2,2312,0,0,0,1,0
mx,2,2314,0,0,0,1,0
mx,2,2316,0,1,0,0,0
mx,2,2320,0,1,1,0,1
mx,2,2322,0,0,0,0,0
mx,2,2324,0,0,0,1,0
mx,2,2349,0,0,0,0,0
mx,2,2353,0,0,0,0,0
mx,2,2356,0,0,0,0,0
mx,2,2370,0,0,0,0,0
mx,2,2375,0,1,1,1,1
mx,2,2377,0,1,1,1,1
mx,2,2386,0,0,0,0,0
mx,2,2387,0,0,0,0,0
mx,2,2394,0,0,0,0,0
mx,3,2,1,1,0,1,1
mx,3,3,1,0,1,1,1
mx,3,4,1,0,0,0,0
mx,3,7,1,1,0,0,0
mx,3,19,1,0,0,1,0
mx,3,29,1,0,0,1,0
mx,3,33,1,1,1,1,1
mx,3,34,1,1,1,1,1
mx,3,48,1,1,1,1,1
mx,3,58,1,1,1,0,1
mx,3,74,1,0,1,0,0
mx,3,77,1,0,0,0,0
mx,3,83,1,0,0,0,0
mx,3,85,1,1,0,1,1
mx,3,91,1,0,0,0,0
mx,3,103,1,1,1,1,1
mx,3,115,1,1,1,1,1
mx,3,117,1,1,1,1,1
mx,3,118,1,1,1,1,1
mx,3,121,1,1,1,1,1
mx,3,125,1,1,1,1,1
mx,3,135,1,0,0,0,0
mx,3,143,0,1,1,1,1
mx,3,148,0,0,0,0,0
mx,3,158,0,1,1,1,1
mx,3,160,0,0,0,0,0
mx,3,161,0,0,0,0,0
mx,3,162,0,0,0,0,0
mx,3,174,0,0,0,0,0
mx,3,177,0,0,0,0,0
mx,3,181,0,0,1,1,1
mx,3,185,0,0,0,0,0
mx,3,195,0,0,0,0,0
mx,3,207,0,1,1,1,1
mx,3,208,0,0,0,0,0
mx,3,214,0,0,0,0,0
mx,3,217,0,1,0,1,1
mx,3,221,0,0,0,0,0
mx,3,223,0,0,0,0,0
mx,3,225,0,0,1,1,1
mx,3,227,0,0,0,0,0
mx,3,230,0,1,1,1,1
mx,3,235,0,0,0,0,0
mx,3,236,0,0,1,0,0
mx,3,237,0,0,0,0,0
mx,3,243,0,1,0,0,0
mx,3,258,0,1,1,1,1
mx,3,259,0,0,1,1,1
mx,3,265,0,0,0,1,0
mx,3,273,0,1,1,1,1
mx,3,276,0,0,0,0,0
mx,3,278,0,0,0,0,0
mx,3,282,0,1,1,1,1
mx,3,289,0,0,0,0,0
mx,3,291,0,0,1,0,0
mx,3,295,0,1,1,0,1
mx,3,296,0,0,1,1,1
mx,3,298,0,0,0,1,0
mx,3,301,0,1,0,1,1
mx,3,303,0,0,0,0,0
mx,3,305,0,1,1,1,1
mx,3,313,0,0,0,0,0
mx,3,314,0,0,0,0,0
mx,3,316,0,0,0,0,0
mx,3,319,0,0,0,0,0
mx,3,322,0,0,0,0,0
mx,3,327,0,0,0,0,0
mx,3,328,0,0,0,0,0
mx,3,336,0,1,0,0,0
mx,3,343,0,0,0,0,0
mx,3,347,0,1,0,1,1
mx,3,349,1,1,1,1,1
mx,3,350,1,1,1,1,1
mx,3,351,1,1,1,1,1
mx,3,358,1,0,0,0,0
mx,3,361,1,1,1,1,1
mx,3,365,1,1,1,1,1
mx,3,373,1,1,1,1,1
mx,3,380,1,1,1,1,1
mx,3,385,1,1,1,1,1
mx,3,387,1,1,1,1,1
mx,3,389,1,0,0,0,0
mx,3,390,1,0,0,0,0
mx,3,395,1,0,0,0,0
mx,3,400,1,1,0,1,1
mx,3,404,1,1,1,1,1
mx,3,413,1,1,1,1,1
mx,3,417,1,0,0,0,0
mx,3,424,1,1,1,1,1
mx,3,425,1,0,0,0,0
mx,3,431,1,1,1,1,1
mx,3,450,1,1,1,1,1
mx,3,453,1,1,1,1,1
mx,3,458,1,1,1,1,1
mx,3,463,1,1,1,1,1
mx,3,477,0,0,0,0,0
mx,3,481,0,0,0,0,0
mx,3,485,0,1,0,1,1
mx,3,490,0,1,1,1,1
mx,3,495,0,0,0,0,0
mx,3,505,0,0,0,0,0
mx,3,506,0,1,1,0,1
mx,3,511,0,0,0,1,0
mx,3,525,0,1,1,1,1
mx,3,526,0,1,1,0,1
mx,3,528,0,0,0,0,0
mx,3,531,0,1,0,0,0
mx,3,535,0,1,1,1,1
mx,3,536,0,0,0,0,0
mx,3,547,0,0,0,1,0
mx,3,552,0,0,0,0,0
mx,3,554,0,0,0,1,0
mx,3,555,0,1,0,0,0
mx,3,565,0,0,0,0,0
mx,3,566,0,1,1,1,1
mx,3,581,0,1,1,0,1
mx,3,583,0,0,0,1,0
mx,3,585,0,1,1,1,1
mx,3,587,0,0,0,0,0
mx,3,588,0,0,0,0,0
mx,3,590,0,1,1,1,1
mx,3,591,0,0,0,0,0
mx,3,613,0,1,1,1,1
mx,3,617,0,0,0,0,0
mx,3,621,1,0,1,1,1
mx,3,627,1,1,0,0,0
mx,3,630,1,0,0,0,0
mx,3,640,1,0,0,0,0
mx,3,652,1,1,1,1,1
mx,3,657,1,0,0,0,0
mx,3,664,1,0,0,0,0
mx,3,665,1,0,0,0,0
mx,3,667,1,0,0,0,0
mx,3,674,1,1,1,1,1
mx,3,682,1,1,1,0,1
mx,3,686,1,1,1,1,1
mx,3,695,1,0,0,0,0
mx,3,700,1,1,1,1,1
mx,3,701,1,1,0,0,0
mx,3,707,1,1,0,0,0
mx,3,713,1,0,1,1,1
mx,3,717,1,1,0,0,0
mx,3,720,1,1,1,1,1
mx,3,722,1,1,1,0,1
mx,3,723,1,1,0,0,0
mx,3,727,1,0,0,0,0
mx,3,728,1,0,0,0,0
mx,3,731,0,0,0,0,0
mx,3,743,0,1,1,1,1
mx,3,745,0,0,0,0,0
mx,3,758,0,0,0,0,0
mx,3,768,0,0,0,0,0
mx,3,769,0,0,0,0,0
mx,3,770,0,1,1,1,1
mx,3,773,0,0,0,0,0
mx,3,774,0,0,0,0,0
mx,3,779,0,0,0,1,0
mx,3,788,0,0,0,0,0
mx,3,790,0,0,0,0,0
mx,3,792,0,0,0,1,0
mx,3,793,0,0,0,0,0
mx,3,801,0,0,0,0,0
mx,3,810,0,1,1,1,1
mx,3,812,0,1,1,0,1
mx,3,814,0,1,0,0,0
mx,3,815,0,1,1,0,1
mx,3,826,0,1,1,1,1
mx,3,834,0,0,0,0,0
mx,3,835,0,0,0,0,0
mx,3,839,0,0,0,1,0
mx,3,840,0,0,0,0,0
mx,3,843,0,0,0,0,0
mx,3,846,0,0,0,0,0
mx,3,848,0,0,0,0,0
mx,3,857,1,1,0,0,0
mx,3,861,1,1,1,1,1
mx,3,864,1,0,0,1,0
mx,3,865,1,0,0,0,0
mx,3,870,1,0,0,0,0
mx,3,872,1,0,0,0,0
mx,3,873,1,0,0,0,0
mx,3,878,1,1,1,0,1
mx,3,883,1,1,1,0,1
mx,3,885,1,1,1,1,1
mx,3,891,1,1,1,1,1
mx,3,895,1,0,0,0,0
mx,3,897,1,0,0,0,0
mx,3,898,1,1,1,1,1
mx,3,899,1,0,0,0,0
mx,3,906,0,0,0,0,0
mx,3,908,0,0,1,1,1
mx,3,915,0,0,0,0,0
mx,3,916,0,0,0,0,0
mx,3,921,0,1,0,0,0
mx,3,926,0,0,0,0,0
mx,3,932,0,0,0,0,0
mx,3,933,0,0,0,1,0
mx,3,941,0,1,1,1,1
mx,3,942,0,1,1,1,1
mx,3,945,0,0,1,1,1
mx,3,947,0,0,0,0,0
mx,3,954,0,0,0,0,0
mx,3,961,0,0,0,0,0
mx,3,965,0,0,0,0,0
mx,3,971,0,0,0,0,0
mx,3,973,0,0,0,0,0
mx,3,975,0,0,0,0,0
mx,3,994,1,1,1,1,1
mx,3,996,1,1,1,1,1
mx,3,1005,1,1,1,1,1
mx,3,1012,1,1,1,1,1
mx,3,1018,1,1,1,1,1
mx,3,1020,1,1,0,0,0
mx,3,1022,1,1,1,1,1
mx,3,1028,1,1,1,0,1
mx,3,1030,1,0,0,0,0
mx,3,1033,1,1,1,0,1
mx,3,1034,1,1,1,1,1
mx,3,1036,1,1,1,0,1
mx,3,1052,1,1,0,0,0
mx,3,1054,1,0,0,1,0
mx,3,1057,1,0,0,0,0
mx,3,1062,1,1,0,0,0
mx,3,1069,1,0,0,0,0
mx,3,1086,0,0,0,0,0
mx,3,1098,0,0,0,0,0
mx,3,1101,0,1,1,1,1
mx,3,1104,0,0,0,0,0
mx,3,1107,0,0,0,0,0
mx,3,1110,0,0,1,1,1
mx,3,1112,0,1,0,1,1
mx,3,1113,0,0,0,0,0
mx,3,1134,0,0,0,0,0
mx,3,1139,0,0,1,0,0
mx,3,1145,0,1,1,1,1
mx,3,1148,0,0,0,0,0
mx,3,1154,0,1,0,1,1
mx,3,1159,0,0,0,0,0
mx,3,1161,0,0,0,0,0
mx,3,1167,0,0,0,0,0
mx,3,1171,0,1,1,1,1
mx,3,1175,0,0,0,0,0
mx,3,1179,0,0,0,0,0
mx,3,1181,0,0,0,0,0
mx,3,1185,0,1,1,1,1
mx,3,1187,0,0,0,0,0
mx,3,1188,0,1,1,1,1
mx,3,1195,0,0,0,0,0
mx,3,1196,0,0,0,0,0
mx,3,1197,0,0,0,0,0
mx,3,1211,0,0,1,0,0
mx,3,1212,0,0,0,0,0
mx,3,1220,0,1,0,0,0
mx,3,1224,0,0,0,0,0
mx,3,1237,1,0,1,1,1
mx,3,1246,1,0,0,0,0
mx,3,1247,1,1,0,0,0
mx,3,1257,1,0,0,1,0
mx,3,1259,1,1,1,1,1
mx,3,1269,1,0,0,0,0
mx,3,1274,1,0,0,0,0
mx,3,1276,1,1,0,0,0
mx,3,1282,1,1,1,1,1
mx,3,1286,0,1,1,1,1
mx,3,1289,0,0,1,0,0
mx,3,1291,0,0,0,0,0
mx,3,1294,0,0,0,1,0
mx,3,1299,0,0,0,0,0
mx,3,1315,0,0,0,0,0
mx,3,1325,0,0,0,0,0
mx,3,1338,0,0,0,0,0
mx,3,1339,0,1,1,1,1
mx,3,1344,0,0,0,0,0
mx,3,1353,0,1,0,0,0
mx,3,1365,0,0,0,0,0
mx,3,1367,0,0,0,0,0
mx,3,1376,0,0,0,0,0
mx,3,1377,0,0,0,0,0
mx,3,1383,0,0,0,0,0
mx,3,1385,0,0,0,0,0
mx,3,1389,0,0,0,1,0
mx,3,1390,0,0,1,1,1
mx,3,1391,0,0,0,0,0
mx,3,1402,0,0,0,0,0
mx,3,1407,0,1,1,1,1
mx,3,1409,0,0,0,1,0
mx,3,1415,0,0,0,0,0
mx,3,1417,0,0,0,0,0
mx,3,1421,0,0,0,1,0
mx,3,1422,0,0,0,0,0
mx,3,1425,0,1,0,1,1
mx,3,1427,0,0,0,0,0
mx,3,1430,0,0,0,0,0
mx,3,1435,0,0,0,0,0
mx,3,1444,1,1,0,1,1
mx,3,1448,1,1,1,1,1
mx,3,1452,1,1,1,1,1
mx,3,1457,1,1,1,1,1
mx,3,1459,1,0,0,0,0
mx,3,1468,1,1,0,0,0
mx,3,1470,1,1,1,1,1
mx,3,1481,1,0,0,1,0
mx,3,1487,1,1,1,1,1
mx,3,1499,1,0,0,0,0
mx,3,1500,1,1,0,0,0
mx,3,1506,1,1,1,1,1
mx,3,1512,1,0,0,0,0
mx,3,1515,1,1,1,1,1
mx,3,1517,1,0,0,0,0
mx,3,1520,1,1,1,0,1
mx,3,1522,1,0,0,0,0
mx,3,1526,1,1,1,1,1
mx,3,1531,1,0,1,1,1
mx,3,1536,1,1,1,1,1
mx,3,1542,1,0,0,0,0
mx,3,1546,1,1,0,0,0
mx,3,1555,1,1,1,1,1
mx,3,1589,0,0,1,1,1
mx,3,1592,0,0,1,1,1
mx,3,1597,0,1,0,1,1
mx,3,1598,0,0,0,0,0
mx,3,1602,0,0,0,1,0
mx,3,1605,0,0,0,0,0
mx,3,1606,0,1,1,1,1
mx,3,1622,0,1,0,0,0
mx,3,1624,0,0,0,0,0
mx,3,1628,0,0,0,0,0
mx,3,1632,0,0,0,0,0
mx,3,1634,0,1,0,1,1
mx,3,1642,0,1,1,1,1
mx,3,1659,0,1,0,1,1
mx,3,1662,0,0,0,1,0
mx,3,1667,0,0,0,0,0
mx,3,1678,0,1,1,1,1
mx,3,1681,1,0,1,1,1
mx,3,1686,1,0,0,1,0
mx,3,1693,1,1,0,0,0
mx,3,1702,1,1,1,1,1
mx,3,1707,1,1,1,1,1
mx,3,1712,1,0,0,0,0
mx,3,1720,1,1,1,1,1
mx,3,1721,1,0,0,0,0
mx,3,1738,1,1,1,1,1
mx,3,1743,1,0,0,0,0
mx,3,1744,1,0,0,0,0
mx,3,1754,1,1,1,1,1
mx,3,1756,1,0,0,0,0
mx,3,1764,0,1,0,0,0
mx,3,1765,0,0,0,0,0
mx,3,1767,0,0,0,1,0
mx,3,1768,0,0,0,0,0
mx,3,1771,0,1,1,1,1
mx,3,1773,0,0,0,0,0
mx,3,1779,0,0,0,0,0
mx,3,1792,0,0,0,0,0
mx,3,1795,0,1,1,1,1
mx,3,1804,0,0,1,0,0
mx,3,1808,0,1,1,0,1
mx,3,1810,0,1,1,1,1
mx,3,1811,0,0,0,0,0
mx,3,1813,0,0,0,0,0
mx,3,1823,0,0,0,0,0
mx,3,1825,0,0,1,0,0
mx,3,1831,0,0,0,1,0
mx,3,1832,0,1,1,1,1
mx,3,1836,0,0,0,0,0
mx,3,1839,0,0,0,0,0
mx,3,1843,0,1,1,1,1
mx,3,1847,0,1,1,1,1
mx,3,1850,0,0,1,1,1
mx,3,1859,0,0,0,0,0
mx,3,1860,0,0,0,1,0
mx,3,1862,0,0,0,0,0
mx,3,1865,0,0,0,0,0
mx,3,1870,0,1,1,0,1
mx,3,1877,0,1,1,1,1
mx,3,1882,0,0,1,1,1
mx,3,1884,0,0,0,0,0
mx,3,1889,0,0,0,0,0
mx,3,1890,0,0,1,1,1
mx,3,1895,0,0,0,0,0
mx,3,1899,0,0,0,0,0
mx,3,1914,0,1,1,1,1
mx,3,1915,0,0,0,0,0
mx,3,1922,1,0,0,0,0
mx,3,1925,1,0,0,0,0
mx,3,1934,1,0,0,0,0
mx,3,1938,1,0,0,0,0
mx,3,1946,1,0,0,0,0
mx,3,1951,1,0,0,0,0
mx,3,1954,1,0,0,0,0
mx,3,1987,0,0,0,0,0
mx,3,1989,0,0,0,0,0
mx,3,1995,0,0,0,0,0
mx,3,1996,0,0,0,0,0
mx,3,1997,0,0,0,0,0
mx,3,1999,0,0,0,0,0
mx,3,2000,0,0,0,0,0
mx,3,2004,0,0,0,0,0
mx,3,2008,0,0,0,0,0
mx,3,2010,0,0,0,0,0
mx,3,2017,0,0,0,0,0
mx,3,2020,0,0,0,0,0
mx,3,2029,0,0,0,0,0
mx,3,2031,0,1,0,0,0
mx,3,2036,0,0,0,0,0
mx,3,2039,0,0,0,0,0
mx,3,2041,0,0,0,0,0
mx,3,2045,0,0,0,0,0
mx,3,2054,0,0,0,0,0
mx,3,2057,0,0,0,0,0
mx,3,2059,0,0,0,0,0
mx,3,2063,0,0,0,0,0
mx,3,2066,0,0,0,0,0
mx,3,2070,0,0,0,0,0
mx,3,2081,0,0,0,0,0
mx,3,2084,0,0,0,0,0
mx,3,2087,0,0,0,0,0
mx,3,2088,0,0,0,0,0
mx,3,2089,0,0,0,0,0
mx,3,2100,0,0,0,0,0
mx,3,2130,0,0,0,0,0
mx,3,2136,0,0,0,0,0
mx,3,2139,0,0,0,0,0
mx,3,2144,0,0,0,0,0
mx,3,2147,0,0,0,0,0
mx,3,2148,0,0,0,0,0
mx,3,2149,0,0,0,0,0
mx,3,2150,0,0,0,0,0
mx,3,2157,0,0,0,0,0
mx,3,2159,1,0,0,0,0
mx,3,2160,1,1,1,1,1
mx,3,2164,1,1,1,1,1
mx,3,2170,1,0,0,0,0
mx,3,2172,1,0,0,0,0
mx,3,2174,1,1,0,0,0
mx,3,2175,1,0,0,0,0
mx,3,2185,0,0,0,0,0
mx,3,2192,0,0,1,0,0
mx,3,2197,0,0,0,0,0
mx,3,2200,0,1,0,1,1
mx,3,2203,0,0,0,0,0
mx,3,2205,0,0,0,0,0
mx,3,2211,0,0,0,0,0
mx,3,2223,0,0,0,0,0
mx,3,2232,0,0,0,0,0
mx,3,2235,0,0,0,0,0
mx,3,2237,0,0,0,0,0
mx,3,2239,0,0,0,0,0
mx,3,2241,0,0,0,0,0
mx,3,2243,0,1,0,0,0
mx,3,2245,0,0,0,0,0
mx,3,2246,0,0,0,0,0
mx,3,2247,0,0,0,0,0
mx,3,2254,0,0,0,0,0
mx,3,2258,0,0,0,0,0
mx,3,2265,0,0,0,0,0
mx,3,2282,0,1,0,1,1
mx,3,2283,0,0,0,0,0
mx,3,2284,0,0,0,1,0
mx,3,2288,0,0,0,0,0
mx,3,2290,0,0,0,0,0
mx,3,2299,0,0,0,0,0
mx,3,2306,0,0,0,0,0
mx,3,2313,0,1,0,0,0
mx,3,2321,0,0,0,0,0
mx,3,2325,0,0,0,0,0
mx,3,2331,0,0,0,0,0
mx,3,2333,0,0,0,1,0
mx,3,2337,0,0,0,0,0
mx,3,2341,0,0,0,0,0
mx,3,2347,0,0,0,0,0
mx,3,2350,0,0,0,0,0
mx,3,2354,0,1,1,1,1
mx,3,2359,0,0,0,0,0
mx,3,2362,0,0,0,0,0
mx,3,2372,0,0,0,0,0
mx,3,2374,0,0,0,0,0
mx,3,2389,0,0,0,0,0
mx,3,2390,0,0,1,1,1
mx,4,5,1,1,1,0,1
mx,4,10,1,1,0,0,0
mx,4,15,1,0,0,1,0
mx,4,16,1,0,0,0,0
mx,4,20,1,0,0,0,0
mx,4,21,1,0,0,0,0
mx,4,22,1,1,1,1,1
mx,4,25,1,1,0,0,0
mx,4,27,1,0,0,0,0
mx,4,28,1,1,0,1,1
mx,4,40,1,0,1,0,0
mx,4,41,1,1,1,0,1
mx,4,45,1,1,0,1,1
mx,4,47,1,1,1,0,1
mx,4,56,1,0,0,0,0
mx,4,61,1,1,1,1,1
mx,4,64,1,1,1,1,1
mx,4,75,1,1,1,1,1
mx,4,76,1,1,0,1,1
mx,4,78,1,0,1,1,1
mx,4,79,1,1,0,0,0
mx,4,86,1,1,1,1,1
mx,4,88,1,1,1,0,1
mx,4,90,1,1,1,1,1
mx,4,102,1,1,1,1,1
mx,4,107,1,1,1,1,1
mx,4,108,1,0,0,0,0
mx,4,110,1,1,0,0,0
mx,4,123,1,0,0,1,0
mx,4,127,1,1,1,1,1
mx,4,132,1,0,0,0,0
mx,4,134,1,1,1,1,1
mx,4,139,0,0,0,0,0
mx,4,150,0,0,0,0,0
mx,4,151,0,0,1,1,1
mx,4,154,0,0,0,1,0
mx,4,156,0,0,0,0,0
mx,4,163,0,1,0,1,1
mx,4,164,0,0,0,0,0
mx,4,171,0,0,0,0,0
mx,4,179,0,0,0,0,0
mx,4,180,0,0,0,0,0
mx,4,182,0,1,1,1,1
mx,4,184,0,0,0,0,0
mx,4,186,0,1,1,1,1
mx,4,193,0,0,0,1,0
mx,4,204,0,0,0,1,0
mx,4,205,0,0,0,0,0
mx,4,222,0,0,0,1,0
mx,4,226,0,0,0,0,0
mx,4,229,0,0,0,0,0
mx,4,233,0,0,0,0,0
mx,4,238,0,0,0,1,0
mx,4,240,0,0,0,0,0
mx,4,241,0,1,0,0,0
mx,4,242,0,0,0,0,0
mx,4,244,0,0,0,0,0
mx,4,246,0,1,1,0,1
mx,4,247,0,0,0,0,0
mx,4,253,0,0,1,0,0
mx,4,255,0,0,0,0,0
mx,4,261,0,0,0,1,0
mx,4,263,0,1,0,0,0
mx,4,268,0,1,0,1,1
mx,4,280,0,0,0,0,0
mx,4,285,0,0,0,1,0
mx,4,290,0,1,1,1,1
mx,4,293,0,1,1,1,1
mx,4,299,0,0,0,0,0
mx,4,302,0,0,0,0,0
mx,4,304,0,0,0,0,0
mx,4,306,0,0,0,0,0
mx,4,310,0,0,0,0,0
mx,4,320,0,1,1,1,1
mx,4,323,0,0,0,0,0
mx,4,324,0,1,1,1,1
mx,4,325,0,0,0,0,0
mx,4,340,0,0,0,1,0
mx,4,344,0,0,0,0,0
mx,4,345,0,0,1,1,1
mx,4,346,0,1,1,1,1
mx,4,359,1,0,0,0,0
mx,4,360,1,1,1,1,1
mx,4,363,1,0,0,0,0
mx,4,364,1,0,0,1,0
mx,4,367,1,1,1,0,1
mx,4,375,1,0,0,0,0
mx,4,377,1,1,1,1,1
mx,4,383,1,1,1,1,1
mx,4,386,1,0,1,0,0
mx,4,388,1,0,1,0,0
mx,4,393,1,0,1,1,1
mx,4,408,1,0,0,0,0
mx,4,435,1,1,1,1,1
mx,4,438,1,0,0,0,0
mx,4,440,1,0,1,1,1
mx,4,442,1,1,1,1,1
mx,4,443,1,0,0,0,0
mx,4,451,1,0,0,1,0
mx,4,461,1,1,0,0,0
mx,4,462,1,0,0,0,0
mx,4,464,1,0,0,0,0
mx,4,475,0,0,0,1,0
mx,4,480,0,0,0,0,0
mx,4,482,0,0,1,0,0
mx,4,489,0,0,0,0,0
mx,4,496,0,0,0,1,0
mx,4,500,0,0,1,0,0
mx,4,514,0,1,1,0,1
mx,4,515,0,0,0,0,0
mx,4,516,0,0,0,0,0
mx,4,517,0,1,1,1,1
mx,4,521,0,0,0,1,0
mx,4,527,0,0,0,0,0
mx,4,532,0,0,0,0,0
mx,4,537,0,0,0,0,0
mx,4,543,0,1,1,1,1
mx,4,544,0,0,0,0,0
mx,4,551,0,0,0,0,0
mx,4,559,0,0,0,0,0
mx,4,561,0,0,1,1,1
mx,4,567,0,1,0,0,0
mx,4,570,0,1,1,1,1
mx,4,571,0,0,0,0,0
mx,4,572,0,1,1,1,1
mx,4,576,0,0,0,0,0
mx,4,577,0,0,0,0,0
mx,4,578,0,0,0,0,0
mx,4,579,0,1,0,1,1
mx,4,589,0,0,0,0,0
mx,4,592,0,0,0,1,0
mx,4,594,0,0,0,0,0
mx,4,596,0,0,0,0,0
mx,4,598,0,1,1,1,1
mx,4,601,0,0,0,0,0
mx,4,602,0,0,0,0,0
mx,4,605,0,1,1,1,1
mx,4,625,1,1,1,1,1
mx,4,635,1,1,1,0,1
mx,4,636,1,1,1,1,1
mx,4,637,1,1,0,0,0
mx,4,641,1,1,1,1,1
mx,4,643,1,1,0,0,0
mx,4,649,1,1,1,1,1
mx,4,650,1,1,1,1,1
mx,4,653,1,0,0,1,0
mx,4,660,1,0,0,1,0
mx,4,663,1,0,1,1,1
mx,4,669,1,1,1,1,1
mx,4,670,1,1,0,0,0
mx,4,675,1,0,1,1,1
mx,4,676,1,0,0,0,0
mx,4,679,1,1,0,1,1
mx,4,687,1,0,0,1,0
mx,4,694,1,1,1,0,1
mx,4,697,1,1,1,0,1
mx,4,703,1,0,0,0,0
mx,4,705,1,1,1,0,1
mx,4,714,1,1,0,0,0
mx,4,719,1,1,0,0,0
mx,4,726,1,0,0,0,0
mx,4,738,0,0,0,0,0
mx,4,740,0,0,1,0,0
mx,4,742,0,1,0,0,0
mx,4,744,0,1,0,0,0
mx,4,751,0,0,0,0,0
mx,4,760,0,1,1,1,1
mx,4,765,0,0,0,0,0
mx,4,767,0,0,1,1,1
mx,4,775,0,0,0,0,0
mx,4,778,0,0,0,0,0
mx,4,780,0,0,0,0,0
mx,4,781,0,1,1,0,1
mx,4,791,0,1,1,0,1
mx,4,796,0,1,0,0,0
mx,4,799,0,0,0,0,0
mx,4,809,0,0,0,0,0
mx,4,818,0,1,1,1,1
mx,4,821,0,0,0,0,0
mx,4,824,0,0,0,0,0
mx,4,827,0,1,0,0,0
mx,4,830,0,1,1,1,1
mx,4,838,0,1,1,0,1
mx,4,842,0,0,0,0,0
mx,4,849,0,1,0,1,1
mx,4,852,0,1,0,0,0
mx,4,856,0,1,0,0,0
mx,4,859,1,0,1,0,0
mx,4,860,1,0,0,0,0
mx,4,863,1,1,0,1,1
mx,4,879,1,1,0,0,0
mx,4,888,1,0,0,0,0
mx,4,889,1,0,0,0,0
mx,4,900,1,1,1,0,1
mx,4,901,1,1,1,1,1
mx,4,917,0,1,1,1,1
mx,4,923,0,0,0,0,0
mx,4,928,0,0,0,0,0
mx,4,940,0,0,0,1,0
mx,4,944,0,0,0,0,0
mx,4,950,0,1,1,1,1
mx,4,956,0,0,0,0,0
mx,4,962,0,0,0,1,0
mx,4,966,0,1,1,1,1
mx,4,970,0,0,0,0,0
mx,4,974,0,1,0,1,1
mx,4,976,0,0,0,0,0
mx,4,979,0,0,0,0,0
mx,4,980,0,0,0,0,0
mx,4,981,0,1,0,1,1
mx,4,995,1,1,1,1,1
mx,4,1001,1,1,1,1,1
mx,4,1006,1,0,0,0,0
mx,4,1007,1,0,0,1,0
mx,4,1008,1,1,1,1,1
mx,4,1011,1,0,0,1,0
mx,4,1019,1,0,0,0,0
mx,4,1027,1,0,0,0,0
mx,4,1035,1,1,1,1,1
mx,4,1037,1,1,1,1,1
mx,4,1045,1,0,1,1,1
mx,4,1048,1,0,0,1,0
mx,4,1053,1,0,0,0,0
mx,4,1055,1,1,0,1,1
mx,4,1061,1,1,1,1,1
mx,4,1064,1,0,1,0,0
mx,4,1068,1,0,0,0,0
mx,4,1083,0,0,0,0,0
mx,4,1087,0,1,0,0,0
mx,4,1092,0,0,0,0,0
mx,4,1096,0,1,0,0,0
mx,4,1097,0,0,0,0,0
mx,4,1103,0,1,1,1,1
mx,4,1108,0,0,0,0,0
mx,4,1114,0,0,0,1,0
mx,4,1116,0,0,0,0,0
mx,4,1117,0,0,0,1,0
mx,4,1118,0,1,1,1,1
mx,4,1124,0,0,0,0,0
mx,4,1125,0,0,0,0,0
mx,4,1149,0,0,0,0,0
mx,4,1157,0,0,0,1,0
mx,4,1164,0,1,1,0,1
mx,4,1168,0,0,1,1,1
mx,4,1174,0,1,0,1,1
mx,4,1176,0,0,1,0,0
mx,4,1178,0,0,0,1,0
mx,4,1180,0,0,0,0,0
mx,4,1182,0,0,1,1,1
mx,4,1184,0,0,1,1,1
mx,4,1191,0,1,1,0,1
mx,4,1193,0,0,0,0,0
mx,4,1199,0,0,0,0,0
mx,4,1203,0,0,0,0,0
mx,4,1214,0,0,0,0,0
mx,4,1219,0,0,0,1,0
mx,4,1221,0,0,0,0,0
mx,4,1240,1,0,1,0,0
mx,4,1249,1,0,0,1,0
mx,4,1254,1,1,1,1,1
mx,4,1255,1,1,1,0,1
mx,4,1265,1,0,0,0,0
mx,4,1267,1,0,0,0,0
mx,4,1268,1,0,0,0,0
mx,4,1279,1,0,0,1,0
mx,4,1281,1,0,0,0,0
mx,4,1284,1,0,0,1,0
mx,4,1288,0,0,0,0,0
mx,4,1292,0,1,0,0,0
mx,4,1295,0,0,0,0,0
mx,4,1300,0,0,0,0,0
mx,4,1303,0,0,0,0,0
mx,4,1314,0,0,1,1,1
mx,4,1316,0,0,0,0,0
mx,4,1317,0,0,0,0,0
mx,4,1321,0,0,0,0,0
mx,4,1329,0,0,0,0,0
mx,4,1331,0,1,1,1,1
mx,4,1332,0,1,0,1,1
mx,4,1340,0,0,0,1,0
mx,4,1343,0,0,0,0,0
mx,4,1345,0,0,0,0,0
mx,4,1350,0,1,1,1,1
mx,4,1357,0,1,1,1,1
mx,4,1361,0,1,1,1,1
mx,4,1387,0,0,0,0,0
mx,4,1388,0,0,0,0,0
mx,4,1392,0,0,0,0,0
mx,4,1395,0,0,0,0,0
mx,4,1400,0,0,0,0,0
mx,4,1406,0,0,0,0,0
mx,4,1413,0,0,0,0,0
mx,4,1418,0,0,0,0,0
mx,4,1423,0,1,0,0,0
mx,4,1428,0,0,0,0,0
mx,4,1429,0,0,0,0,0
mx,4,1439,0,0,0,0,0
mx,4,1441,0,1,0,0,0
mx,4,1460,1,0,1,1,1
mx,4,1464,1,1,1,1,1
mx,4,1469,1,1,1,1,1
mx,4,1475,1,0,0,0,0
mx,4,1479,1,1,1,1,1
mx,4,1483,1,1,0,1,1
mx,4,1485,1,1,1,1,1
mx,4,1489,1,1,1,1,1
mx,4,1491,1,1,1,1,1
mx,4,1495,1,0,0,0,0
mx,4,1496,1,1,1,1,1
mx,4,1508,1,1,0,0,0
mx,4,1527,1,0,0,0,0
mx,4,1530,1,1,0,1,1
mx,4,1532,1,1,1,1,1
mx,4,1533,1,0,0,0,0
mx,4,1539,1,1,0,0,0
mx,4,1544,1,1,1,1,1
mx,4,1551,1,1,0,1,1
mx,4,1556,0,0,0,0,0
mx,4,1564,0,0,0,0,0
mx,4,1572,0,0,0,0,0
mx,4,1574,0,0,0,0,0
mx,4,1578,0,0,0,0,0
mx,4,1582,0,1,0,0,0
mx,4,1585,0,0,0,0,0
mx,4,1586,0,0,0,0,0
mx,4,1587,0,1,0,1,1
mx,4,1604,0,1,0,0,0
mx,4,1608,0,0,0,0,0
mx,4,1613,0,1,0,1,1
mx,4,1619,0,1,0,0,0
mx,4,1620,0,0,0,0,0
mx,4,1625,0,1,0,1,1
mx,4,1629,0,1,1,1,1
mx,4,1630,0,0,0,0,0
mx,4,1631,0,0,0,0,0
mx,4,1633,0,1,1,1,1
mx,4,1638,0,0,0,0,0
mx,4,1639,0,0,0,0,0
mx,4,1649,0,0,0,0,0
mx,4,1650,0,0,0,0,0
mx,4,1652,0,0,0,1,0
mx,4,1653,0,0,0,0,0
mx,4,1661,0,0,0,0,0
mx,4,1665,0,0,0,0,0
mx,4,1666,0,1,1,1,1
mx,4,1675,0,0,0,0,0
mx,4,1679,0,0,0,0,0
mx,4,1682,1,1,1,1,1
mx,4,1687,1,0,0,0,0
mx,4,1690,1,0,0,0,0
mx,4,1691,1,0,0,0,0
mx,4,1692,1,1,1,0,1
mx,4,1696,1,1,1,0,1
mx,4,1715,1,0,0,1,0
mx,4,1718,1,1,1,1,1
mx,4,1725,1,0,1,0,0
mx,4,1727,1,1,0,1,1
mx,4,1728,1,0,0,0,0
mx,4,1729,1,1,1,1,1
mx,4,1731,1,0,1,0,0
mx,4,1734,1,0,0,0,0
mx,4,1739,1,1,0,0,0
mx,4,1745,1,0,0,0,0
mx,4,1746,1,1,1,1,1
mx,4,1757,1,0,0,0,0
mx,4,1762,0,0,0,0,0
mx,4,1772,0,0,1,0,0
mx,4,1774,0,0,0,0,0
mx,4,1787,0,0,0,1,0
mx,4,1796,0,0,0,0,0
mx,4,1797,0,1,1,0,1
mx,4,1802,0,0,1,1,1
mx,4,1819,0,0,0,0,0
mx,4,1826,0,0,0,0,0
mx,4,1840,0,0,0,0,0
mx,4,1848,0,0,0,0,0
mx,4,1849,0,0,0,1,0
mx,4,1861,0,0,0,0,0
mx,4,1863,0,1,1,1,1
mx,4,1873,0,0,0,1,0
mx,4,1881,0,0,0,0,0
mx,4,1897,0,0,1,0,0
mx,4,1901,0,0,0,0,0
mx,4,1906,0,0,0,0,0
mx,4,1907,0,0,0,0,0
mx,4,1912,0,0,0,0,0
mx,4,1913,0,0,0,0,0
mx,4,1917,0,0,0,0,0
mx,4,1920,1,0,0,0,0
mx,4,1926,1,0,0,0,0
mx,4,1931,1,0,0,0,0
mx,4,1932,1,1,1,1,1
mx,4,1935,1,0,0,0,0
mx,4,1940,1,0,0,0,0
mx,4,1942,1,0,0,0,0
mx,4,1945,1,0,0,0,0
mx,4,1952,1,1,1,1,1
mx,4,1960,0,0,0,0,0
mx,4,1963,0,0,0,0,0
mx,4,1972,0,0,0,0,0
mx,4,1982,0,0,0,0,0
mx,4,1984,0,0,0,0,0
mx,4,1985,0,0,0,0,0
mx,4,1986,0,0,0,0,0
mx,4,1988,0,0,0,0,0
mx,4,1990,0,0,0,0,0
mx,4,2002,0,0,0,0,0
mx,4,2003,0,0,0,0,0
mx,4,2005,0,1,0,0,0
mx,4,2006,0,0,0,0,0
mx,4,2013,0,0,0,0,0
mx,4,2019,0,0,0,0,0
mx,4,2022,0,0,0,0,0
mx,4,2035,0,0,0,0,0
mx,4,2040,0,0,0,0,0
mx,4,2044,0,0,0,0,0
mx,4,2052,0,0,0,0,0
mx,4,2055,0,0,0,0,0
mx,4,2056,0,0,0,0,0
mx,4,2060,0,0,0,0,0
mx,4,2068,0,0,0,0,0
mx,4,2074,0,0,0,0,0
mx,4,2079,0,0,0,0,0
mx,4,2096,0,0,0,0,0
mx,4,2097,0,0,0,0,0
mx,4,2098,0,0,0,0,0
mx,4,2099,0,0,0,0,0
mx,4,2101,0,0,0,0,0
mx,4,2105,0,0,0,0,0
mx,4,2108,0,0,0,0,0
mx,4,2112,0,0,0,0,0
mx,4,2121,0,1,0,0,0
mx,4,2127,0,0,0,0,0
mx,4,2129,0,0,0,0,0
mx,4,2141,0,0,0,0,0
mx,4,2152,0,0,0,0,0
mx,4,2154,0,0,0,0,0
mx,4,2171,1,0,0,0,0
mx,4,2176,1,0,1,1,1
mx,4,2182,0,0,0,0,0
mx,4,2184,0,0,0,0,0
mx,4,2190,0,0,0,0,0
mx,4,2191,0,0,0,0,0
mx,4,2196,0,0,0,0,0
mx,4,2210,0,0,0,0,0
mx,4,2219,0,0,1,1,1
mx,4,2220,0,0,0,0,0
mx,4,2222,0,0,0,0,0
mx,4,2228,0,0,0,0,0
mx,4,2230,0,1,0,1,1
mx,4,2238,0,0,0,0,0
mx,4,2240,0,1,1,0,1
mx,4,2242,0,0,0,0,0
mx,4,2249,0,0,0,1,0
mx,4,2261,0,0,0,0,0
mx,4,2264,0,1,0,0,0
mx,4,2268,0,1,0,0,0
mx,4,2272,0,0,1,1,1
mx,4,2274,0,0,0,0,0
mx,4,2279,0,1,0,1,1
mx,4,2281,0,0,1,1,1
mx,4,2285,0,0,0,0,0
mx,4,2287,0,0,0,0,0
mx,4,2294,0,0,0,1,0
mx,4,2317,0,0,0,0,0
mx,4,2318,0,0,0,0,0
mx,4,2323,0,0,0,0,0
mx,4,2336,0,0,0,0,0
mx,4,2339,0,0,0,1,0
mx,4,2343,0,0,0,0,0
mx,4,2352,0,0,0,0,0
mx,4,2357,0,1,0,0,0
mx,4,2358,0,0,0,0,0
mx,4,2379,0,0,0,0,0
mx,4,2382,0,0,0,0,0
mx,4,2384,0,0,0,0,0
mx,4,2385,0,0,0,0,0
mx,4,2391,0,0,0,0,0
mx,4,2392,0,0,0,0,0
mx,4,2397,0,0,0,0,0
mx,5,1,1,1,1,0,1
mx,5,14,1,1,1,1,1
mx,5,26,1,0,0,0,0
mx,5,32,1,1,1,0,1
mx,5,38,1,1,1,1,1
mx,5,39,1,0,1,0,0
mx,5,42,1,1,1,1,1
mx,5,44,1,0,1,0,0
mx,5,51,1,0,0,0,0
mx,5,62,1,1,0,0,0
mx,5,66,1,1,1,1,1
mx,5,67,1,1,1,1,1
mx,5,69,1,1,1,1,1
mx,5,70,1,0,0,0,0
mx,5,81,1,1,0,0,0
mx,5,89,1,0,0,0,0
mx,5,92,1,1,1,1,1
mx,5,109,1,1,0,1,1
mx,5,120,1,0,0,1,0
mx,5,128,1,0,1,0,0
mx,5,129,1,0,0,0,0
mx,5,131,1,1,1,0,1
mx,5,138,1,0,0,0,0
mx,5,142,0,0,0,0,0
mx,5,144,0,1,1,1,1
mx,5,146,0,1,1,1,1
mx,5,147,0,1,1,1,1
mx,5,165,0,1,1,0,1
mx,5,168,0,0,0,1,0
mx,5,170,0,1,0,1,1
mx,5,173,0,0,0,0,0
mx,5,175,0,0,0,0,0
mx,5,176,0,1,1,1,1
mx,5,183,0,0,0,0,0
mx,5,187,0,0,0,0,0
mx,5,191,0,1,1,0,1
mx,5,192,0,0,1,1,1
mx,5,194,0,1,1,0,1
mx,5,196,0,0,0,0,0
mx,5,199,0,0,0,1,0
mx,5,200,0,0,1,0,0
mx,5,206,0,0,0,0,0
mx,5,213,0,0,0,1,0
mx,5,215,0,1,1,0,1
mx,5,219,0,1,1,0,1
mx,5,224,0,0,0,0,0
mx,5,228,0,1,1,0,1
mx,5,239,0,0,0,0,0
mx,5,251,0,1,0,0,0
mx,5,257,0,0,0,0,0
mx,5,260,0,0,0,0,0
mx,5,262,0,1,0,0,0
mx,5,274,0,1,1,1,1
mx,5,275,0,1,1,1,1
mx,5,279,0,0,0,0,0
mx,5,284,0,0,1,1,1
mx,5,286,0,0,0,0,0
mx,5,294,0,0,0,0,0
mx,5,312,0,0,0,0,0
mx,5,317,0,0,0,0,0
mx,5,321,0,0,0,0,0
mx,5,326,0,1,0,0,0
mx,5,329,0,0,0,0,0
mx,5,330,0,1,0,0,0
mx,5,337,0,0,0,0,0
mx,5,338,0,0,0,0,0
mx,5,348,0,0,1,0,0
mx,5,353,1,0,0,0,0
mx,5,354,1,0,0,0,0
mx,5,357,1,1,1,0,1
mx,5,362,1,0,0,0,0
mx,5,368,1,1,1,1,1
mx,5,369,1,1,1,1,1
mx,5,371,1,1,1,0,1
mx,5,374,1,1,0,0,0
mx,5,384,1,1,1,0,1
mx,5,399,1,0,0,0,0
mx,5,405,1,1,1,0,1
mx,5,407,1,1,1,1,1
mx,5,415,1,0,1,0,0
mx,5,418,1,1,1,1,1
mx,5,419,1,1,1,1,1
mx,5,422,1,1,0,0,0
mx,5,423,1,1,1,1,1
mx,5,426,1,1,0,1,1
mx,5,427,1,1,0,1,1
mx,5,428,1,0,0,0,0
mx,5,434,1,1,0,0,0
mx,5,437,1,1,1,0,1
mx,5,439,1,0,0,0,0
mx,5,441,1,0,1,0,0
mx,5,454,1,1,1,1,1
mx,5,456,1,0,0,0,0
mx,5,459,1,1,1,0,1
mx,5,469,1,1,1,0,1
mx,5,471,1,1,0,0,0
mx,5,483,0,0,0,0,0
mx,5,484,0,0,0,0,0
mx,5,493,0,1,1,1,1
mx,5,497,0,1,1,0,1
mx,5,508,0,1,1,1,1
mx,5,510,0,0,0,0,0
mx,5,512,0,1,0,1,1
mx,5,518,0,0,1,0,0
mx,5,523,0,0,0,0,0
mx,5,524,0,1,1,1,1
mx,5,529,0,0,1,0,0
mx,5,533,0,0,0,1,0
mx,5,538,0,0,0,0,0
mx,5,541,0,0,0,0,0
mx,5,545,0,0,0,0,0
mx,5,548,0,0,0,0,0
mx,5,562,0,1,1,1,1
mx,5,569,0,0,0,0,0
mx,5,574,0,1,0,1,1
mx,5,584,0,0,0,0,0
mx,5,597,0,0,1,0,0
mx,5,599,0,1,0,0,0
mx,5,600,0,1,1,1,1
mx,5,611,0,0,0,0,0
mx,5,615,0,0,1,1,1
mx,5,616,0,0,0,0,0
mx,5,629,1,0,0,0,0
mx,5,632,1,1,0,0,0
mx,5,638,1,0,1,1,1
mx,5,642,1,1,1,1,1
mx,5,656,1,1,0,1,1
mx,5,659,1,1,1,1,1
mx,5,661,1,1,1,0,1
mx,5,678,1,0,0,0,0
mx,5,680,1,1,1,0,1
mx,5,685,1,1,1,1,1
mx,5,706,1,0,0,0,0
mx,5,708,1,1,1,0,1
mx,5,709,1,1,1,0,1
mx,5,712,1,1,1,0,1
mx,5,716,1,1,0,1,1
mx,5,729,0,0,0,0,0
mx,5,734,0,0,0,0,0
mx,5,741,0,0,0,0,0
mx,5,750,0,0,0,0,0
mx,5,754,0,1,1,1,1
mx,5,755,0,1,1,0,1
mx,5,761,0,1,0,0,0
mx,5,763,0,0,0,0,0
mx,5,766,0,0,0,0,0
mx,5,777,0,0,0,0,0
mx,5,782,0,0,0,0,0
mx,5,784,0,0,0,0,0
mx,5,785,0,0,0,0,0
mx,5,786,0,1,0,0,0
mx,5,794,0,0,1,0,0
mx,5,798,0,1,1,1,1
mx,5,805,0,0,0,0,0
mx,5,807,0,1,0,0,0
mx,5,808,0,1,1,1,1
mx,5,813,0,0,1,0,0
mx,5,819,0,0,0,0,0
mx,5,831,0,0,1,0,0
mx,5,833,0,1,1,0,1
mx,5,836,0,0,0,0,0
mx,5,844,0,0,0,0,0
mx,5,845,0,1,1,0,1
mx,5,851,0,0,0,0,0
mx,5,858,1,1,1,1,1
mx,5,868,1,0,1,0,0
mx,5,871,1,0,1,0,0
mx,5,874,1,1,1,1,1
mx,5,880,1,0,0,0,0
mx,5,881,1,0,1,1,1
mx,5,887,1,0,0,1,0
mx,5,893,1,0,0,0,0
mx,5,903,0,1,1,0,1
mx,5,907,0,0,1,0,0
mx,5,910,0,0,1,0,0
mx,5,911,0,0,1,0,0
mx,5,912,0,1,1,1,1
mx,5,913,0,0,0,0,0
mx,5,914,0,0,0,0,0
mx,5,922,0,0,0,0,0
mx,5,925,0,1,1,1,1
mx,5,927,0,1,1,1,1
mx,5,929,0,0,1,0,0
mx,5,934,0,0,1,0,0
mx,5,938,0,0,0,0,0
mx,5,951,0,0,1,0,0
mx,5,958,0,0,0,0,0
mx,5,960,0,1,1,0,1
mx,5,963,0,1,1,1,1
mx,5,964,0,1,1,1,1
mx,5,967,0,0,0,0,0
mx,5,969,0,0,0,0,0
mx,5,977,0,1,1,1,1
mx,5,987,0,0,1,0,0
mx,5,990,0,0,0,0,0
mx,5,991,0,0,0,0,0
mx,5,992,0,0,1,1,1
mx,5,993,1,1,1,1,1
mx,5,999,1,0,1,0,0
mx,5,1002,1,1,1,1,1
mx,5,1010,1,1,0,0,0
mx,5,1021,1,1,1,1,1
mx,5,1024,1,1,1,1,1
mx,5,1025,1,1,1,1,1
mx,5,1031,1,1,1,1,1
mx,5,1039,1,1,1,1,1
mx,5,1042,1,0,0,0,0
mx,5,1044,1,1,1,0,1
mx,5,1047,1,1,1,0,1
mx,5,1051,1,0,0,0,0
mx,5,1056,1,1,1,0,1
mx,5,1060,1,1,1,1,1
mx,5,1065,1,1,1,1,1
mx,5,1067,1,0,1,0,0
mx,5,1072,1,1,1,0,1
mx,5,1077,0,0,0,0,0
mx,5,1082,0,1,0,0,0
mx,5,1093,0,1,0,0,0
mx,5,1094,0,0,1,0,0
mx,5,1106,0,0,1,0,0
mx,5,1132,0,0,0,0,0
mx,5,1135,0,0,1,0,0
mx,5,1140,0,0,0,0,0
mx,5,1141,0,0,0,1,0
mx,5,1142,0,0,1,0,0
mx,5,1147,0,0,0,0,0
mx,5,1150,0,1,0,0,0
mx,5,1153,0,1,0,0,0
mx,5,1162,0,0,1,0,0
mx,5,1163,0,0,0,0,0
mx,5,1165,0,1,1,0,1
mx,5,1173,0,0,1,0,0
mx,5,1183,0,1,1,0,1
mx,5,1186,0,0,1,1,1
mx,5,1190,0,1,0,1,1
mx,5,1192,0,0,0,0,0
mx,5,1194,0,0,0,0,0
mx,5,1205,0,1,0,1,1
mx,5,1213,0,0,0,0,0
mx,5,1216,0,0,0,0,0
mx,5,1228,0,1,0,0,0
mx,5,1230,0,0,0,1,0
mx,5,1232,1,0,0,0,0
mx,5,1233,1,1,1,1,1
mx,5,1252,1,0,0,0,0
mx,5,1260,1,0,1,0,0
mx,5,1263,1,0,0,0,0
mx,5,1266,1,1,1,1,1
mx,5,1275,1,0,0,0,0
mx,5,1277,1,1,1,1,1
mx,5,1280,1,1,1,0,1
mx,5,1290,0,0,0,0,0
mx,5,1301,0,0,0,0,0
mx,5,1302,0,0,0,0,0
mx,5,1304,0,0,0,0,0
mx,5,1308,0,1,1,0,1
mx,5,1311,0,0,0,1,0
mx,5,1320,0,0,0,0,0
mx,5,1323,0,0,1,1,1
mx,5,1328,0,0,1,0,0
mx,5,1334,0,1,1,1,1
mx,5,1335,0,1,1,1,1
mx,5,1336,0,0,0,1,0
mx,5,1342,0,0,1,0,0
mx,5,1347,0,1,0,0,0
mx,5,1352,0,0,0,0,0
mx,5,1355,0,0,0,1,0
mx,5,1360,0,0,0,0,0
mx,5,1362,0,0,0,0,0
mx,5,1373,0,1,1,1,1
mx,5,1375,0,0,0,0,0
mx,5,1378,0,1,1,0,1
mx,5,1380,0,0,0,0,0
mx,5,1384,0,1,0,0,0
mx,5,1398,0,0,0,0,0
mx,5,1408,0,0,0,0,0
mx,5,1414,0,0,0,0,0
mx,5,1420,0,1,1,1,1
mx,5,1426,0,0,0,0,0
mx,5,1437,0,0,0,0,0
mx,5,1440,0,1,1,1,1
mx,5,1445,1,1,1,1,1
mx,5,1449,1,0,0,0,0
mx,5,1450,1,1,1,0,1
mx,5,1451,1,0,1,0,0
mx,5,1455,1,1,1,1,1
mx,5,1458,1,0,1,0,0
mx,5,1463,1,1,1,0,1
mx,5,1467,1,0,0,0,0
mx,5,1478,1,1,1,1,1
mx,5,1482,1,1,1,1,1
mx,5,1484,1,0,0,0,0
mx,5,1490,1,0,1,1,1
mx,5,1493,1,0,0,1,0
mx,5,1494,1,1,1,1,1
mx,5,1502,1,1,0,0,0
mx,5,1504,1,0,0,0,0
mx,5,1505,1,1,1,1,1
mx,5,1507,1,1,1,0,1
mx,5,1516,1,0,0,0,0
mx,5,1518,1,1,1,1,1
mx,5,1519,1,1,1,0,1
mx,5,1523,1,1,1,1,1
mx,5,1535,1,1,1,0,1
mx,5,1543,1,0,0,0,0
mx,5,1548,1,0,1,0,0
mx,5,1549,1,1,1,0,1
mx,5,1553,1,0,0,0,0
mx,5,1559,0,0,0,0,0
mx,5,1565,0,0,0,0,0
mx,5,1566,0,1,1,1,1
mx,5,1577,0,1,0,1,1
mx,5,1579,0,0,1,0,0
mx,5,1594,0,0,0,1,0
mx,5,1596,0,0,0,0,0
mx,5,1609,0,0,0,1,0
mx,5,1618,0,0,0,0,0
mx,5,1621,0,0,0,0,0
mx,5,1623,0,1,1,0,1
mx,5,1635,0,1,0,0,0
mx,5,1636,0,0,0,0,0
mx,5,1646,0,1,1,1,1
mx,5,1648,0,1,0,0,0
mx,5,1654,0,0,0,0,0
mx,5,1663,0,1,0,0,0
mx,5,1668,0,1,1,0,1
mx,5,1674,0,0,0,0,0
mx,5,1676,0,0,0,0,0
mx,5,1688,1,0,0,1,0
mx,5,1700,1,0,1,1,1
mx,5,1701,1,1,1,0,1
mx,5,1703,1,1,1,1,1
mx,5,1704,1,0,1,0,0
mx,5,1705,1,1,1,1,1
mx,5,1709,1,0,0,0,0
mx,5,1711,1,1,1,0,1
mx,5,1714,1,1,1,0,1
mx,5,1717,1,0,0,0,0
mx,5,1723,1,0,0,0,0
mx,5,1724,1,1,1,1,1
mx,5,1726,1,1,1,1,1
mx,5,1733,1,0,0,0,0
mx,5,1737,1,1,0,0,0
mx,5,1740,1,0,1,1,1
mx,5,1741,1,1,1,0,1
mx,5,1742,1,0,1,0,0
mx,5,1751,1,1,1,1,1
mx,5,1752,1,0,0,0,0
mx,5,1755,1,0,0,0,0
mx,5,1777,0,0,0,0,0
mx,5,1780,0,0,1,0,0
mx,5,1781,0,0,0,0,0
mx,5,1784,0,0,1,1,1
mx,5,1788,0,0,0,0,0
mx,5,1789,0,0,1,0,0
mx,5,1799,0,0,0,0,0
mx,5,1809,0,0,0,0,0
mx,5,1821,0,1,1,0,1
mx,5,1822,0,0,0,0,0
mx,5,1828,0,0,0,0,0
mx,5,1829,0,0,0,0,0
mx,5,1835,0,0,1,1,1
mx,5,1838,0,1,0,0,0
mx,5,1842,0,0,0,0,0
mx,5,1845,0,1,1,1,1
mx,5,1852,0,0,0,0,0
mx,5,1855,0,0,0,1,0
mx,5,1864,0,0,0,0,0
mx,5,1866,0,1,1,1,1
mx,5,1867,0,0,0,0,0
mx,5,1868,0,1,1,1,1
mx,5,1876,0,0,0,0,0
mx,5,1878,0,0,0,0,0
mx,5,1883,0,1,0,0,0
mx,5,1885,0,0,0,0,0
mx,5,1886,0,0,0,0,0
mx,5,1891,0,0,1,0,0
mx,5,1893,0,0,1,1,1
mx,5,1894,0,1,0,0,0
mx,5,1898,0,0,1,1,1
mx,5,1900,0,0,0,0,0
mx,5,1902,0,0,0,0,0
mx,5,1903,0,0,0,0,0
mx,5,1921,1,0,0,0,0
mx,5,1923,1,0,0,0,0
mx,5,1928,1,0,0,0,0
mx,5,1939,1,0,0,0,0
mx,5,1941,1,0,0,0,0
mx,5,1949,1,0,0,0,0
mx,5,1970,0,0,0,0,0
mx,5,1973,0,0,0,0,0
mx,5,1975,0,0,0,0,0
mx,5,1976,0,0,0,0,0
mx,5,1978,0,0,0,0,0
mx,5,1981,0,0,0,0,0
mx,5,1991,0,0,0,0,0
mx,5,1998,0,0,0,0,0
mx,5,2007,0,0,0,0,0
mx,5,2011,0,0,0,0,0
mx,5,2014,0,0,0,0,0
mx,5,2018,0,0,0,0,0
mx,5,2027,0,1,0,1,1
mx,5,2033,0,0,0,0,0
mx,5,2037,0,0,0,0,0
mx,5,2042,0,0,0,0,0
mx,5,2048,0,0,0,0,0
mx,5,2049,0,1,0,0,0
mx,5,2061,0,0,0,0,0
mx,5,2062,0,0,0,0,0
mx,5,2067,0,0,0,0,0
mx,5,2078,0,0,0,0,0
mx,5,2082,0,0,0,0,0
mx,5,2083,0,0,0,0,0
mx,5,2115,0,0,0,0,0
mx,5,2118,0,0,1,0,0
mx,5,2122,0,0,0,0,0
mx,5,2123,0,1,1,0,1
mx,5,2124,0,0,0,0,0
mx,5,2125,0,0,0,0,0
mx,5,2126,0,1,0,1,1
mx,5,2132,0,0,0,0,0
mx,5,2134,0,0,0,0,0
mx,5,2138,0,0,0,0,0
mx,5,2140,0,0,0,0,0
mx,5,2142,0,0,0,0,0
mx,5,2143,0,0,0,0,0
mx,5,2145,0,0,0,0,0
mx,5,2146,0,0,0,0,0
mx,5,2151,0,0,0,0,0
mx,5,2156,0,0,0,0,0
mx,5,2158,0,0,0,0,0
mx,5,2162,1,0,0,0,0
mx,5,2167,1,1,0,1,1
mx,5,2168,1,0,0,0,0
mx,5,2178,1,0,0,0,0
mx,5,2180,0,1,1,1,1
mx,5,2181,0,0,0,0,0
mx,5,2194,0,0,0,0,0
mx,5,2198,0,0,0,1,0
mx,5,2202,0,1,1,1,1
mx,5,2206,0,0,0,0,0
mx,5,2217,0,1,0,1,1
mx,5,2218,0,0,0,0,0
mx,5,2221,0,0,0,0,0
mx,5,2224,0,0,0,0,0
mx,5,2231,0,0,0,0,0
mx,5,2233,0,0,0,0,0
mx,5,2244,0,1,1,0,1
mx,5,2253,0,0,0,0,0
mx,5,2267,0,0,0,1,0
mx,5,2269,0,0,0,0,0
mx,5,2275,0,0,1,0,0
mx,5,2278,0,0,0,0,0
mx,5,2289,0,0,0,0,0
mx,5,2300,0,0,1,1,1
mx,5,2303,0,1,1,1,1
mx,5,2304,0,1,1,0,1
mx,5,2310,0,0,0,0,0
mx,5,2319,0,1,1,1,1
mx,5,2327,0,0,0,0,0
mx,5,2329,0,0,1,1,1
mx,5,2330,0,0,0,0,0
mx,5,2334,0,0,0,0,0
mx,5,2338,0,0,0,0,0
mx,5,2351,0,0,0,0,0
mx,5,2355,0,0,0,0,0
mx,5,2360,0,1,1,1,1
mx,5,2365,0,0,0,0,0
mx,5,2366,0,0,0,0,0
mx,5,2368,0,0,1,0,0
mx,5,2371,0,0,0,0,0
mx,5,2373,0,0,0,0,0
mx,5,2376,0,0,0,0,0
mx,5,2380,0,0,0,0,0
mx,5,2381,0,0,0,0,0
mx,5,2383,0,0,0,0,0
mx,5,2395,0,0,0,0,0
mx,5,2396,0,1,1,0,1
mx,5,2398,0,0,0,0,0
es,1,0,1,0,0,0,0
es,1,5,1,0,0,0,0
es,1,11,1,0,0,0,0
es,1,12,1,0,0,0,0
es,1,17,1,1,0,0,0
es,1,20,1,0,0,0,0
es,1,21,1,0,0,0,0
es,1,22,1,1,0,0,0
es,1,34,0,0,0,0,0
es,1,35,0,0,0,0,0
es,1,37,0,0,0,0,0
es,1,46,0,0,0,0,0
es,1,59,0,0,0,0,0
es,1,64,0,0,0,0,0
es,1,65,0,1,0,0,0
es,1,71,0,0,0,0,0
es,1,76,0,0,0,0,0
es,1,77,0,0,0,0,0
es,1,92,0,0,0,0,0
es,1,97,0,0,0,0,0
es,1,100,0,0,0,0,0
es,1,108,0,0,0,0,0
es,1,112,0,0,0,0,0
es,1,117,0,0,0,0,0
es,1,122,0,0,0,0,0
es,1,132,0,0,0,0,0
es,1,148,0,1,0,0,0
es,1,151,0,0,0,0,0
es,1,152,0,0,0,0,0
es,1,155,0,0,0,0,0
es,1,164,0,0,0,0,0
es,1,174,0,0,0,1,0
es,1,181,0,0,0,0,0
es,1,185,0,0,0,0,0
es,1,186,0,0,0,0,0
es,1,189,0,0,0,0,0
es,1,191,0,0,0,0,0
es,1,193,0,0,0,0,0
es,1,197,0,0,0,0,0
es,1,205,0,0,0,0,0
es,1,213,0,1,0,0,0
es,1,215,0,0,0,0,0
es,1,226,0,0,0,0,0
es,1,231,0,0,0,0,0
es,1,242,0,0,0,0,0
es,1,245,0,0,0,0,0
es,1,249,0,0,0,0,0
es,1,255,0,0,0,0,0
es,1,272,1,1,1,1,1
es,1,277,1,1,1,1,1
es,1,281,1,1,1,1,1
es,1,287,1,1,1,1,1
es,1,290,1,1,1,1,1
es,1,291,1,1,1,1,1
es,1,292,1,1,1,1,1
es,1,293,1,0,1,1,1
es,1,297,1,0,1,1,1
es,1,304,1,1,1,1,1
es,1,309,1,1,1,1,1
es,1,318,1,0,0,1,0
es,1,325,1,1,0,1,1
es,1,328,1,1,1,1,1
es,1,332,1,1,1,1,1
es,1,333,1,1,1,1,1
es,1,349,1,0,0,1,0
es,1,351,1,1,1,1,1
es,1,360,1,1,1,1,1
es,1,375,1,0,0,1,0
es,1,376,1,0,0,1,0
es,1,377,1,1,1,1,1
es,1,384,0,0,0,1,0
es,1,387,0,0,0,1,0
es,1,389,0,1,1,0,1
es,1,390,0,0,0,0,0
es,1,395,0,0,0,0,0
es,1,402,0,0,0,1,0
es,1,422,0,0,0,1,0
es,1,427,0,0,1,0,0
es,1,431,0,0,0,1,0
es,1,452,0,1,0,1,1
es,1,453,0,1,1,1,1
es,1,459,1,1,1,1,1
es,1,460,1,1,1,1,1
es,1,465,1,1,1,1,1
es,1,467,1,1,1,1,1
es,1,469,1,1,1,1,1
es,1,474,1,1,1,1,1
es,1,475,1,1,1,1,1
es,1,482,1,1,1,1,1
es,1,488,1,1,1,0,1
es,1,494,1,1,1,1,1
es,1,495,1,1,1,1,1
es,1,498,1,0,1,1,1
es,1,505,1,1,1,1,1
es,1,514,1,1,1,1,1
es,1,517,1,1,1,1,1
es,1,521,1,1,1,1,1
es,1,522,1,1,1,1,1
es,1,527,1,1,1,1,1
es,1,528,1,1,1,1,1
es,1,529,1,1,1,1,1
es,1,545,1,1,1,1,1
es,1,546,1,1,1,1,1
es,1,553,1,1,1,1,1
es,1,563,1,1,1,1,1
es,1,565,1,1,1,1,1
es,1,583,1,1,0,1,1
es,1,586,1,1,1,1,1
es,1,588,1,1,1,0,1
es,1,599,1,0,0,1,0
es,1,602,1,1,1,1,1
es,1,605,1,1,1,1,1
es,1,606,1,1,1,0,1
es,1,613,1,1,1,1,1
es,1,616,1,1,1,1,1
es,1,620,0,1,1,1,1
es,1,625,0,1,1,1,1
es,1,630,0,0,1,1,1
es,1,635,0,1,1,1,1
es,1,637,0,1,1,1,1
es,1,640,0,1,1,1,1
es,1,644,0,1,0,0,0
es,1,649,0,1,1,1,1
es,1,650,0,1,1,1,1
es,1,665,0,1,1,1,1
es,1,671,0,1,1,1,1
es,1,672,0,1,1,1,1
es,1,675,0,1,1,1,1
es,1,676,0,1,1,1,1
es,1,678,0,1,1,1,1
es,1,686,0,1,1,1,1
es,1,695,0,1,1,1,1
es,1,699,0,0,0,1,0
es,1,701,0,1,1,1,1
es,1,717,1,0,0,1,0
es,1,719,1,0,0,0,0
es,1,724,1,1,0,1,1
es,1,732,1,1,0,1,1
es,1,737,1,1,0,0,0
es,1,754,1,0,0,0,0
es,1,764,0,0,0,0,0
es,1,770,0,0,0,0,0
es,1,779,0,0,0,0,0
es,1,782,0,0,0,0,0
es,1,787,0,0,0,0,0
es,1,789,0,0,0,0,0
es,1,808,0,0,0,0,0
es,1,821,0,0,0,0,0
es,1,823,0,0,0,0,0
es,1,827,0,0,0,0,0
es,1,830,0,0,0,0,0
es,1,833,0,0,0,0,0
es,1,839,0,0,0,0,0
es,1,840,0,0,0,0,0
es,1,843,0,0,0,0,0
es,1,845,0,0,0,0,0
es,1,846,0,0,0,0,0
es,1,853,0,0,0,0,0
es,1,854,0,0,0,0,0
es,1,857,0,0,0,0,0
es,1,858,0,0,0,0,0
es,1,860,0,0,0,0,0
es,1,866,0,0,0,0,0
es,1,868,0,0,0,0,0
es,1,870,0,0,0,0,0
es,1,872,0,0,0,0,0
es,1,879,0,0,0,0,0
es,1,885,0,0,0,0,0
es,1,888,0,0,0,0,0
es,1,891,0,0,0,0,0
es,1,897,0,0,0,0,0
es,1,899,0,0,0,0,0
es,1,908,0,1,1,0,1
es,1,909,0,0,0,0,0
es,1,915,0,0,0,0,0
es,1,917,0,0,0,0,0
es,1,929,0,0,0,0,0
es,1,933,0,0,0,0,0
es,1,936,0,1,0,0,0
es,1,945,0,0,0,0,0
es,1,949,0,1,0,1,1
es,1,950,0,0,0,0,0
es,1,951,0,1,1,1,1
es,1,953,0,0,0,1,0
es,1,967,0,0,0,0,0
es,1,976,0,0,0,0,0
es,1,985,0,0,0,0,0
es,1,995,0,0,0,0,0
es,1,998,0,0,0,0,0
es,1,1003,1,1,1,1,1
es,1,1009,1,1,1,0,1
es,1,1017,1,1,0,0,0
es,1,1018,1,0,0,0,0
es,1,1025,1,0,0,0,0
es,1,1043,1,0,0,0,0
es,1,1059,0,0,0,0,0
es,1,1060,0,0,0,0,0
es,1,1065,0,0,0,0,0
es,1,1068,0,1,0,0,0
es,1,1074,0,0,0,0,0
es,1,1077,0,1,0,1,1
es,1,1079,0,0,0,0,0
es,1,1085,0,0,0,0,0
es,1,1100,0,0,0,0,0
es,1,1104,0,1,0,0,0
es,1,1105,0,0,0,0,0
es,1,1110,0,0,0,0,0
es,1,1113,0,1,0,1,1
es,1,1117,0,0,0,0,0
es,1,1123,0,0,0,0,0
es,1,1148,0,0,0,0,0
es,1,1150,0,0,0,1,0
es,1,1156,0,0,0,0,0
es,1,1163,0,1,0,1,1
es,1,1167,0,1,0,0,0
es,1,1171,0,0,0,0,0
es,1,1172,0,0,0,0,0
es,1,1174,0,0,0,0,0
es,1,1184,0,0,0,0,0
es,1,1195,0,0,0,0,0
es,1,1197,0,0,0,1,0
es,1,1203,0,0,0,0,0
es,1,1218,0,0,0,0,0
es,1,1225,0,0,0,0,0
es,1,1233,0,0,0,1,0
es,1,1235,0,0,0,0,0
es,1,1240,1,0,0,0,0
es,1,1247,1,0,0,0,0
es,1,1248,1,0,0,1,0
es,1,1249,1,0,0,0,0
es,1,1254,1,0,0,0,0
es,1,1267,1,0,0,0,0
es,1,1269,1,1,0,0,0
es,1,1274,1,0,0,0,0
es,1,1275,1,0,0,0,0
es,1,1276,1,0,0,0,0
es,1,1279,1,0,0,0,0
es,1,1280,1,0,0,0,0
es,1,1282,1,1,0,0,0
es,1,1291,0,1,0,0,0
es,1,1292,0,0,0,0,0
es,1,1295,0,1,0,0,0
es,1,1300,0,0,0,0,0
es,1,1301,0,0,0,0,0
es,1,1302,0,0,0,0,0
es,1,1303,0,0,0,0,0
es,1,1307,0,0,0,0,0
es,1,1310,0,0,0,0,0
es,1,1312,0,0,0,0,0
es,1,1318,0,1,0,0,0
es,1,1322,0,0,0,0,0
es,1,1326,0,0,0,0,0
es,1,1327,0,0,0,0,0
es,1,1329,0,1,0,0,0
es,1,1331,0,0,0,0,0
es,1,1332,0,0,0,0,0
es,1,1339,0,0,0,0,0
es,1,1349,0,0,0,0,0
es,1,1355,0,0,0,0,0
es,1,1363,0,0,0,0,0
es,1,1371,0,0,0,0,0
es,1,1375,0,1,0,0,0
es,1,1376,0,0,0,0,0
es,1,1386,0,0,0,0,0
es,1,1391,0,1,0,0,0
es,1,1398,0,0,0,0,0
es,1,1402,0,0,0,0,0
es,1,1403,0,0,0,0,0
es,1,1406,0,0,0,0,0
es,1,1408,0,0,0,0,0
es,1,1409,0,0,0,0,0
es,1,1413,0,0,0,0,0
es,1,1421,0,0,0,0,0
es,1,1428,0,0,0,0,0
es,1,1435,0,0,0,0,0
es,1,1456,0,0,0,0,0
es,1,1459,0,0,0,0,0
es,1,1471,0,0,0,0,0
es,1,1474,0,0,0,0,0
es,1,1482,0,0,0,0,0
es,1,1488,0,0,0,0,0
es,1,1491,0,0,0,1,0
es,1,1503,1,1,1,1,1
es,1,1504,1,1,1,1,1
es,1,1507,1,1,1,1,1
es,1,1511,1,1,1,0,1
es,1,1518,1,1,1,1,1
es,1,1525,1,0,0,0,0
es,1,1535,1,1,0,0,0
es,1,1540,1,1,1,1,1
es,1,1552,1,1,0,1,1
es,1,1562,1,0,0,0,0
es,1,1565,1,1,1,1,1
es,1,1568,1,1,1,1,1
es,1,1572,1,1,0,0,0
es,1,1574,1,1,1,1,1
es,1,1603,0,1,1,1,1
es,1,1607,0,1,1,1,1
es,1,1608,0,1,0,1,1
es,1,1618,0,0,0,0,0
es,1,1622,0,1,1,1,1
es,1,1626,0,0,0,0,0
es,1,1633,0,1,1,1,1
es,1,1634,0,0,0,0,0
es,1,1637,0,0,0,0,0
es,1,1642,0,1,0,0,0
es,1,1645,0,0,0,0,0
es,1,1646,0,0,0,0,0
es,1,1647,0,0,0,0,0
es,1,1651,0,1,0,1,1
es,1,1655,0,0,0,1,0
es,1,1660,0,0,0,0,0
es,1,1670,0,0,0,0,0
es,1,1671,0,0,0,0,0
es,1,1674,0,0,0,0,0
es,1,1675,0,1,1,1,1
es,1,1684,0,0,0,0,0
es,1,1697,0,0,0,0,0
es,1,1700,0,1,1,0,1
es,1,1714,0,0,0,0,0
es,1,1716,0,0,0,0,0
es,1,1717,0,0,0,0,0
es,1,1718,0,1,1,1,1
es,1,1729,0,0,0,0,0
es,1,1730,0,0,0,0,0
es,1,1731,0,0,0,0,0
es,1,1733,0,0,0,0,0
es,1,1745,0,0,0,0,0
es,1,1755,0,0,0,0,0
es,1,1757,0,1,1,1,1
es,1,1759,0,0,0,0,0
es,1,1760,0,0,0,0,0
es,1,1769,0,1,1,1,1
es,1,1770,0,0,0,0,0
es,1,1777,1,1,1,1,1
es,1,1778,1,1,1,1,1
es,1,1779,1,1,1,1,1
es,1,1782,1,1,1,1,1
es,1,1785,1,1,1,1,1
es,1,1786,1,0,1,0,0
es,1,1789,1,0,0,0,0
es,1,1791,1,1,1,1,1
es,1,1794,1,1,1,1,1
es,1,1795,1,1,1,1,1
es,1,1798,1,1,1,1,1
es,1,1799,1,1,1,1,1
es,1,1807,1,1,1,1,1
es,1,1810,1,1,1,0,1
es,1,1813,1,1,1,1,1
es,1,1822,1,1,1,1,1
es,1,1825,1,0,0,0,0
es,1,1831,1,1,0,1,1
es,1,1838,1,1,1,1,1
es,1,1844,1,0,0,0,0
es,1,1852,1,1,1,1,1
es,1,1857,1,1,1,1,1
es,1,1860,1,1,1,0,1
es,1,1880,0,1,1,0,1
es,1,1884,0,0,0,1,0
es,1,1888,0,0,1,1,1
es,1,1891,0,1,0,0,0
es,1,1892,0,0,0,1,0
es,1,1895,0,1,1,1,1
es,1,1896,0,1,1,1,1
es,1,1902,0,1,0,0,0
es,1,1913,0,0,1,0,0
es,1,1914,0,1,0,1,1
es,1,1915,0,1,1,1,1
es,1,1921,0,1,1,1,1
es,1,1922,0,1,0,0,0
es,1,1923,0,1,0,1,1
es,1,1927,0,1,1,0,1
es,1,1933,0,1,0,1,1
es,1,1935,0,0,0,0,0
es,1,1953,0,1,1,1,1
es,1,1967,0,0,1,1,1
es,1,1976,0,0,0,0,0
es,1,1977,0,0,0,0,0
es,1,1992,1,1,1,1,1
es,1,1998,1,1,1,0,1
es,1,2003,1,1,1,1,1
es,1,2007,1,1,0,0,0
es,1,2015,1,1,0,0,0
es,1,2016,1,1,1,1,1
es,1,2032,1,0,1,0,0
es,1,2035,0,1,0,0,0
es,1,2036,0,0,1,0,0
es,1,2039,0,1,1,0,1
es,1,2041,0,0,1,0,0
es,1,2044,0,0,0,0,0
es,1,2049,0,0,0,0,0
es,1,2051,0,0,0,0,0
es,1,2057,0,1,0,0,0
es,1,2059,0,0,0,0,0
es,1,2063,0,1,1,1,1
es,1,2070,0,0,0,0,0
es,1,2071,0,0,0,1,0
es,1,2072,0,0,0,1,0
es,1,2076,0,0,0,0,0
es,1,2082,0,0,0,0,0
es,1,2086,0,0,0,0,0
es,1,2091,0,0,0,1,0
es,1,2094,0,0,0,0,0
es,1,2095,0,0,0,1,0
es,1,2101,0,0,0,0,0
es,1,2107,0,0,0,1,0
es,1,2108,0,0,0,0,0
es,1,2114,0,1,1,0,1
es,1,2115,0,1,0,0,0
es,1,2124,0,0,0,0,0
es,1,2128,0,0,0,1,0
es,1,2131,0,0,0,0,0
es,1,2139,0,0,0,0,0
es,1,2141,0,0,0,0,0
es,1,2144,0,1,0,0,0
es,1,2154,0,0,0,0,0
es,1,2161,0,0,0,0,0
es,1,2162,0,0,0,0,0
es,1,2163,0,1,1,0,1
es,1,2174,0,0,0,0,0
es,1,2185,1,1,1,1,1
es,1,2188,1,1,1,1,1
es,1,2194,1,1,1,1,1
es,1,2199,1,1,1,1,1
es,1,2206,1,1,1,0,1
es,1,2212,1,1,1,1,1
es,1,2213,1,1,1,1,1
es,1,2215,1,1,1,1,1
es,1,2216,1,1,1,1,1
es,1,2218,1,1,1,1,1
es,1,2219,1,1,1,1,1
es,1,2221,1,1,1,1,1
es,1,2228,1,1,1,1,1
es,1,2229,1,1,1,1,1
es,1,2249,1,1,1,1,1
es,1,2250,1,1,1,1,1
es,1,2251,1,1,1,1,1
es,1,2253,1,1,1,1,1
es,1,2254,1,1,1,1,1
es,1,2259,1,1,1,1,1
es,1,2267,1,0,1,0,0
es,1,2269,1,1,1,0,1
es,1,2270,1,1,1,1,1
es,1,2271,1,1,1,1,1
es,1,2272,1,1,1,1,1
es,1,2282,1,1,1,1,1
es,1,2283,1,1,1,1,1
es,1,2293,0,1,1,0,1
es,1,2295,0,1,1,1,1
es,1,2297,0,1,0,1,1
es,1,2298,0,1,1,1,1
es,1,2303,0,1,1,1,1
es,1,2305,0,1,1,1,1
es,1,2306,0,1,1,1,1
es,1,2313,0,1,1,1,1
es,1,2317,0,1,1,1,1
es,1,2318,0,0,0,0,0
es,1,2323,0,1,1,1,1
es,1,2330,0,0,0,0,0
es,1,2336,0,1,0,1,1
es,1,2343,0,1,1,1,1
es,1,2344,0,1,0,1,1
es,1,2345,0,1,1,0,1
es,1,2351,0,1,1,1,1
es,1,2352,0,1,1,1,1
es,1,2357,0,1,1,1,1
es,1,2358,0,1,1,1,1
es,1,2359,0,1,1,1,1
es,1,2362,0,0,0,0,0
es,1,2364,0,1,1,0,1
es,1,2367,0,1,0,0,0
es,1,2368,0,1,1,1,1
es,1,2377,0,1,1,1,1
es,1,2379,0,1,1,1,1
es,1,2385,0,1,1,1,1
es,1,2388,0,1,1,1,1
es,1,2393,0,1,1,1,1
es,1,2395,0,1,1,1,1
es,1,2396,0,1,1,1,1
es,2,13,1,0,0,0,0
es,2,31,1,0,0,0,0
es,2,36,0,0,0,0,0
es,2,44,0,0,0,0,0
es,2,52,0,0,0,0,0
es,2,63,0,0,0,0,0
es,2,66,0,1,0,0,0
es,2,70,0,0,0,0,0
es,2,72,0,0,0,0,0
es,2,81,0,0,0,0,0
es,2,82,0,0,0,0,0
es,2,88,0,0,0,0,0
es,2,94,0,0,0,0,0
es,2,98,0,0,0,0,0
es,2,104,0,0,0,0,0
es,2,105,0,0,0,0,0
es,2,109,0,0,0,0,0
es,2,114,0,0,0,0,0
es,2,131,0,0,0,0,0
es,2,135,0,1,0,0,0
es,2,141,0,0,0,0,0
es,2,144,0,0,0,0,0
es,2,147,0,0,0,0,0
es,2,149,0,0,0,1,0
es,2,153,0,0,0,0,0
es,2,156,0,0,0,0,0
es,2,159,0,0,0,1,0
es,2,161,0,0,0,1,0
es,2,175,0,0,0,0,0
es,2,180,0,0,0,0,0
es,2,194,0,0,1,1,1
es,2,203,0,0,0,0,0
es,2,204,0,0,0,0,0
es,2,207,0,0,0,0,0
es,2,208,0,0,0,0,0
es,2,210,0,0,0,1,0
es,2,218,0,0,0,0,0
es,2,222,0,0,0,0,0
es,2,225,0,0,0,0,0
es,2,230,0,0,0,0,0
es,2,234,0,0,0,0,0
es,2,236,0,0,0,0,0
es,2,238,0,0,0,0,0
es,2,243,0,0,0,0,0
es,2,246,0,0,0,0,0
es,2,248,0,0,0,0,0
es,2,251,0,0,0,0,0
es,2,258,0,0,0,0,0
es,2,260,0,0,0,0,0
es,2,262,0,0,0,0,0
es,2,264,0,0,0,0,0
es,2,268,0,0,0,0,0
es,2,273,1,1,1,1,1
es,2,303,1,1,1,1,1
es,2,311,1,1,1,1,1
es,2,319,1,1,1,1,1
es,2,320,1,1,1,1,1
es,2,331,1,1,1,1,1
es,2,335,1,1,1,1,1
es,2,338,1,1,1,1,1
es,2,344,1,1,1,1,1
es,2,350,1,0,0,1,0
es,2,352,1,1,1,1,1
es,2,353,1,1,1,1,1
es,2,354,1,1,1,1,1
es,2,356,1,1,1,1,1
es,2,357,1,1,1,1,1
es,2,358,1,1,1,1,1
es,2,361,1,1,0,0,0
es,2,362,1,0,1,1,1
es,2,365,1,1,1,1,1
es,2,372,1,1,1,1,1
es,2,378,1,0,0,1,0
es,2,383,0,1,1,1,1
es,2,391,0,0,0,0,0
es,2,397,0,1,0,1,1
es,2,403,0,0,1,1,1
es,2,405,0,1,1,1,1
es,2,408,0,0,0,1,0
es,2,412,0,0,0,1,0
es,2,418,0,0,0,0,0
es,2,419,0,0,0,1,0
es,2,423,0,1,0,1,1
es,2,432,0,0,0,0,0
es,2,433,0,0,0,0,0
es,2,434,0,0,0,1,0
es,2,441,0,0,0,0,0
es,2,448,0,1,1,1,1
es,2,462,1,1,1,1,1
es,2,463,1,0,0,1,0
es,2,466,1,1,1,1,1
es,2,477,1,1,1,1,1
es,2,479,1,1,1,1,1
es,2,484,1,1,1,1,1
es,2,485,1,1,1,0,1
es,2,487,1,1,1,0,1
es,2,490,1,1,1,1,1
es,2,503,1,1,0,0,0
es,2,513,1,1,1,1,1
es,2,520,1,1,1,1,1
es,2,523,1,1,0,1,1
es,2,533,1,1,1,1,1
es,2,536,1,1,1,1,1
es,2,537,1,1,1,1,1
es,2,538,1,1,1,1,1
es,2,540,1,1,0,1,1
es,2,552,1,1,1,1,1
es,2,556,1,1,1,1,1
es,2,558,1,1,1,1,1
es,2,559,1,1,1,1,1
es,2,564,1,1,1,1,1
es,2,566,1,1,1,1,1
es,2,574,1,1,1,1,1
es,2,577,1,1,1,1,1
es,2,585,1,1,1,1,1
es,2,589,1,1,1,1,1
es,2,595,1,1,1,0,1
es,2,598,1,0,0,1,0
es,2,603,1,1,1,1,1
es,2,626,0,1,0,0,0
es,2,628,0,1,1,1,1
es,2,631,0,1,1,1,1
es,2,634,0,1,1,1,1
es,2,643,0,1,1,0,1
es,2,647,0,1,1,1,1
es,2,648,0,0,0,0,0
es,2,654,0,0,0,0,0
es,2,655,0,1,1,0,1
es,2,656,0,1,1,1,1
es,2,658,0,1,0,0,0
es,2,662,0,1,1,1,1
es,2,663,0,0,0,0,0
es,2,669,0,1,1,0,1
es,2,670,0,1,1,1,1
es,2,674,0,1,0,0,0
es,2,684,0,1,1,1,1
es,2,690,0,1,1,1,1
es,2,691,0,0,0,1,0
es,2,697,0,0,0,1,0
es,2,705,0,1,1,1,1
es,2,707,0,1,1,1,1
es,2,710,1,0,0,0,0
es,2,711,1,0,0,0,0
es,2,713,1,0,0,0,0
es,2,718,1,0,0,0,0
es,2,720,1,0,0,0,0
es,2,725,1,0,0,0,0
es,2,728,1,0,0,0,0
es,2,733,1,0,0,0,0
es,2,740,1,0,0,0,0
es,2,741,1,0,0,0,0
es,2,744,1,0,0,0,0
es,2,745,1,0,0,0,0
es,2,746,1,1,0,1,1
es,2,750,1,0,0,0,0
es,2,763,0,0,0,0,0
es,2,767,0,0,0,0,0
es,2,781,0,0,0,0,0
es,2,783,0,0,0,0,0
es,2,790,0,0,0,0,0
es,2,795,0,0,0,1,0
es,2,796,0,1,0,0,0
es,2,800,0,0,0,0,0
es,2,801,0,0,0,0,0
es,2,802,0,0,0,0,0
es,2,804,0,0,0,0,0
es,2,807,0,0,0,0,0
es,2,810,0,0,0,0,0
es,2,811,0,0,0,0,0
es,2,814,0,0,0,0,0
es,2,825,0,0,0,0,0
es,2,829,0,0,0,0,0
es,2,835,0,0,0,0,0
es,2,838,0,0,0,0,0
es,2,849,0,0,0,0,0
es,2,851,0,0,0,0,0
es,2,856,0,1,0,0,0
es,2,859,0,0,0,0,0
es,2,863,0,0,0,0,0
es,2,867,0,0,0,0,0
es,2,871,0,0,0,0,0
es,2,884,0,0,0,0,0
es,2,886,0,0,0,0,0
es,2,887,0,0,0,0,0
es,2,892,0,0,0,0,0
es,2,893,0,0,0,0,0
es,2,894,0,0,0,0,0
es,2,901,0,0,0,1,0
es,2,902,0,0,0,0,0
es,2,907,0,0,0,0,0
es,2,914,0,0,0,0,0
es,2,916,0,0,0,0,0
es,2,923,0,0,0,0,0
es,2,926,0,0,0,0,0
es,2,930,0,0,0,0,0
es,2,941,0,0,0,0,0
es,2,943,0,0,0,0,0
es,2,946,0,0,0,0,0
es,2,947,0,0,0,0,0
es,2,954,0,0,0,0,0
es,2,956,0,0,0,0,0
es,2,960,0,0,0,0,0
es,2,964,0,0,0,0,0
es,2,977,0,0,0,0,0
es,2,981,0,0,0,0,0
es,2,982,0,0,0,0,0
es,2,987,0,0,0,0,0
es,2,992,0,0,0,0,0
es,2,993,0,0,0,0,0
es,2,999,0,0,0,0,0
es,2,1000,1,0,0,0,0
es,2,1006,1,0,0,0,0
es,2,1007,1,0,0,0,0
es,2,1011,1,0,0,0,0
es,2,1020,1,0,0,0,0
es,2,1027,1,0,0,0,0
es,2,1032,1,0,0,1,0
es,2,1040,1,0,0,0,0
es,2,1044,1,0,0,0,0
es,2,1047,1,0,0,0,0
es,2,1050,1,0,1,1,1
es,2,1051,1,0,0,0,0
es,2,1056,0,0,0,0,0
es,2,1066,0,0,0,0,0
es,2,1073,0,0,0,0,0
es,2,1075,0,0,0,0,0
es,2,1080,0,1,0,1,1
es,2,1081,0,0,0,1,0
es,2,1084,0,0,0,0,0
es,2,1099,0,0,0,0,0
es,2,1101,0,0,0,0,0
es,2,1103,0,0,0,1,0
es,2,1111,0,0,0,0,0
es,2,1112,0,0,0,0,0
es,2,1124,0,0,0,0,0
es,2,1127,0,0,0,0,0
es,2,1131,0,0,0,0,0
es,2,1138,0,0,0,0,0
es,2,1141,0,0,0,0,0
es,2,1143,0,0,0,0,0
es,2,1146,0,0,0,0,0
es,2,1151,0,0,0,0,0
es,2,1154,0,0,0,0,0
es,2,1155,0,0,0,0,0
es,2,1157,0,0,0,0,0
es,2,1173,0,0,0,0,0
es,2,1176,0,0,0,0,0
es,2,1180,0,0,0,0,0
es,2,1187,0,1,0,1,1
es,2,1202,0,1,0,1,1
es,2,1206,0,0,0,1,0
es,2,1208,0,0,0,0,0
es,2,1209,0,0,0,0,0
es,2,1213,0,0,0,0,0
es,2,1220,0,0,0,0,0
es,2,1230,0,0,0,1,0
es,2,1253,1,0,0,0,0
es,2,1261,1,0,0,0,0
es,2,1263,1,1,0,0,0
es,2,1265,1,0,0,0,0
es,2,1270,1,1,0,0,0
es,2,1277,1,1,0,0,0
es,2,1283,1,0,0,0,0
es,2,1288,0,0,0,0,0
es,2,1289,0,0,0,0,0
es,2,1294,0,0,0,0,0
es,2,1296,0,0,0,0,0
es,2,1299,0,1,0,0,0
es,2,1315,0,0,0,0,0
es,2,1325,0,0,0,0,0
es,2,1328,0,0,0,0,0
es,2,1330,0,0,0,0,0
es,2,1337,0,0,0,0,0
es,2,1341,0,0,0,0,0
es,2,1344,0,0,0,0,0
es,2,1345,0,0,0,0,0
es,2,1351,0,1,0,1,1
es,2,1353,0,0,0,0,0
es,2,1354,0,0,0,0,0
es,2,1357,0,0,0,0,0
es,2,1358,0,1,0,1,1
es,2,1360,0,0,0,0,0
es,2,1362,0,0,0,0,0
es,2,1364,0,0,0,0,0
es,2,1366,0,0,0,0,0
es,2,1367,0,0,0,0,0
es,2,1370,0,0,0,0,0
es,2,1372,0,0,0,0,0
es,2,1377,0,0,0,0,0
es,2,1385,0,0,0,0,0
es,2,1387,0,0,0,0,0
es,2,1407,0,0,0,0,0
es,2,1415,0,0,0,0,0
es,2,1418,0,0,0,0,0
es,2,1419,0,0,0,0,0
es,2,1423,0,0,0,0,0
es,2,1424,0,0,0,1,0
es,2,1430,0,0,0,0,0
es,2,1431,0,0,0,0,0
es,2,1432,0,0,0,0,0
es,2,1446,0,0,0,1,0
es,2,1449,0,0,0,0,0
es,2,1460,0,1,0,1,1
es,2,1462,0,0,0,0,0
es,2,1470,0,0,0,0,0
es,2,1476,0,0,0,0,0
es,2,1481,0,0,0,0,0
es,2,1483,0,0,0,0,0
es,2,1494,0,0,0,0,0
es,2,1496,0,0,0,0,0
es,2,1497,0,0,0,0,0
es,2,1498,0,1,0,0,0
es,2,1505,1,1,0,0,0
es,2,1522,1,1,1,0,1
es,2,1523,1,0,0,0,0
es,2,1528,1,1,0,0,0
es,2,1533,1,0,0,0,0
es,2,1537,1,1,0,0,0
es,2,1538,1,0,0,0,0
es,2,1539,1,1,1,1,1
es,2,1541,1,1,0,0,0
es,2,1546,1,0,0,0,0
es,2,1553,1,1,1,0,1
es,2,1557,1,1,0,1,1
es,2,1559,1,1,1,1,1
es,2,1561,1,0,0,1,0
es,2,1563,1,1,0,0,0
es,2,1566,1,1,0,1,1
es,2,1567,1,0,0,1,0
es,2,1575,1,0,0,1,0
es,2,1577,1,0,0,0,0
es,2,1578,1,0,0,1,0
es,2,1579,1,0,0,1,0
es,2,1581,1,0,1,1,1
es,2,1582,1,0,0,0,0
es,2,1584,1,0,0,1,0
es,2,1591,0,1,1,0,1
es,2,1593,0,0,0,0,0
es,2,1604,0,0,0,0,0
es,2,1605,0,0,1,0,0
es,2,1615,0,0,0,0,0
es,2,1617,0,0,1,1,1
es,2,1625,0,0,0,0,0
es,2,1639,0,0,0,0,0
es,2,1656,0,1,0,1,1
es,2,1658,0,0,0,1,0
es,2,1665,0,1,0,1,1
es,2,1667,0,1,0,0,0
es,2,1673,0,0,0,0,0
es,2,1680,0,0,0,0,0
es,2,1685,0,0,0,0,0
es,2,1692,0,0,0,0,0
es,2,1695,0,1,1,1,1
es,2,1696,0,0,0,1,0
es,2,1704,0,0,0,0,0
es,2,1711,0,0,0,0,0
es,2,1713,0,0,0,0,0
es,2,1721,0,1,1,1,1
es,2,1722,0,0,1,1,1
es,2,1725,0,0,0,0,0
es,2,1727,0,1,1,1,1
es,2,1732,0,0,0,0,0
es,2,1741,0,0,0,0,0
es,2,1743,0,0,0,0,0
es,2,1747,0,0,0,0,0
es,2,1749,0,0,0,0,0
es,2,1753,0,1,0,0,0
es,2,1765,0,0,0,1,0
es,2,1768,0,0,0,1,0
es,2,1773,0,0,0,0,0
es,2,1780,1,1,1,1,1
es,2,1792,1,1,1,1,1
es,2,1802,1,0,1,1,1
es,2,1803,1,1,1,0,1
es,2,1806,1,1,1,1,1
es,2,1811,1,1,1,1,1
es,2,1812,1,1,0,1,1
es,2,1816,1,0,0,0,0
es,2,1819,1,0,0,0,0
es,2,1823,1,1,1,1,1
es,2,1824,1,1,0,1,1
es,2,1826,1,0,0,0,0
es,2,1827,1,1,1,1,1
es,2,1829,1,1,1,1,1
es,2,1833,1,1,1,1,1
es,2,1840,1,1,1,1,1
es,2,1848,1,1,1,0,1
es,2,1861,1,1,1,0,1
es,2,1866,1,1,1,0,1
es,2,1867,0,0,0,0,0
es,2,1874,0,0,0,0,0
es,2,1877,0,0,0,1,0
es,2,1882,0,1,1,1,1
es,2,1887,0,1,0,0,0
es,2,1893,0,1,1,1,1
es,2,1903,0,0,0,1,0
es,2,1904,0,1,1,1,1
es,2,1926,0,0,0,0,0
es,2,1932,0,0,0,1,0
es,2,1934,0,0,0,1,0
es,2,1949,0,1,0,1,1
es,2,1952,0,1,0,1,1
es,2,1958,0,1,1,1,1
es,2,1959,0,1,1,1,1
es,2,1962,0,1,1,1,1
es,2,1964,0,1,1,1,1
es,2,1969,0,0,0,0,0
es,2,1978,0,1,0,1,1
es,2,1986,1,0,0,0,0
es,2,1987,1,1,1,1,1
es,2,1994,1,1,0,0,0
es,2,1995,1,1,1,1,1
es,2,1996,1,0,0,0,0
es,2,2010,1,1,1,1,1
es,2,2017,1,1,1,1,1
es,2,2023,1,0,1,0,0
es,2,2031,1,1,1,0,1
es,2,2034,1,0,0,0,0
es,2,2050,0,0,0,0,0
es,2,2052,0,0,0,1,0
es,2,2055,0,1,1,1,1
es,2,2056,0,0,0,0,0
es,2,2058,0,1,0,1,1
es,2,2062,0,0,1,0,0
es,2,2066,0,0,0,0,0
es,2,2069,0,0,0,0,0
es,2,2084,0,0,0,0,0
es,2,2096,0,0,0,0,0
es,2,2113,0,0,0,0,0
es,2,2117,0,0,0,0,0
es,2,2132,0,0,0,0,0
es,2,2133,0,1,0,0,0
es,2,2136,0,0,0,0,0
es,2,2138,0,0,0,0,0
es,2,2140,0,0,0,0,0
es,2,2143,0,0,0,0,0
es,2,2145,0,1,0,0,0
es,2,2148,0,0,0,0,0
es,2,2151,0,0,0,0,0
es,2,2152,0,0,0,0,0
es,2,2156,0,0,1,0,0
es,2,2157,0,0,0,0,0
es,2,2158,0,0,0,1,0
es,2,2159,0,0,0,0,0
es,2,2165,0,0,0,0,0
es,2,2169,0,0,0,0,0
es,2,2170,0,0,0,0,0
es,2,2175,0,0,0,0,0
es,2,2186,1,1,0,1,1
es,2,2193,1,1,1,1,1
es,2,2198,1,1,1,1,1
es,2,2204,1,0,0,0,0
es,2,2209,1,1,1,1,1
es,2,2211,1,1,1,1,1
es,2,2240,1,1,1,1,1
es,2,2241,1,0,1,1,1
es,2,2244,1,1,1,1,1
es,2,2248,1,1,0,1,1
es,2,2257,1,1,1,1,1
es,2,2261,1,1,1,1,1
es,2,2263,1,1,1,1,1
es,2,2268,1,1,0,0,0
es,2,2274,1,1,1,1,1
es,2,2275,1,0,0,0,0
es,2,2281,1,1,1,1,1
es,2,2284,1,1,1,1,1
es,2,2285,1,1,1,1,1
es,2,2290,1,0,1,0,0
es,2,2299,0,1,1,1,1
es,2,2311,0,1,1,1,1
es,2,2312,0,0,1,0,0
es,2,2331,0,1,1,1,1
es,2,2338,0,1,0,1,1
es,2,2348,0,1,1,1,1
es,2,2356,0,1,0,0,0
es,2,2366,0,1,1,1,1
es,2,2372,0,1,1,1,1
es,2,2373,0,1,1,1,1
es,2,2374,0,1,0,0,0
es,2,2382,0,0,0,0,0
es,2,2386,0,1,1,1,1
es,3,3,1,0,0,0,0
es,3,4,1,0,0,0,0
es,3,6,1,0,0,0,0
es,3,10,1,1,0,0,0
es,3,19,1,0,0,0,0
es,3,27,1,0,0,0,0
es,3,28,1,0,0,0,0
es,3,32,0,0,0,0,0
es,3,45,0,0,0,0,0
es,3,48,0,0,0,0,0
es,3,51,0,0,0,0,0
es,3,54,0,0,0,0,0
es,3,57,0,0,0,0,0
es,3,62,0,0,0,0,0
es,3,67,0,0,0,0,0
es,3,83,0,0,0,0,0
es,3,84,0,0,0,0,0
es,3,90,0,0,0,0,0
es,3,96,0,0,0,0,0
es,3,102,0,1,0,0,0
es,3,110,0,0,0,0,0
es,3,115,0,0,0,0,0
es,3,118,0,1,1,0,1
es,3,119,0,0,0,0,0
es,3,121,0,1,0,0,0
es,3,130,0,0,0,0,0
es,3,133,0,0,0,0,0
es,3,138,0,0,0,1,0
es,3,157,0,0,0,0,0
es,3,160,0,0,0,0,0
es,3,168,0,0,0,0,0
es,3,170,0,0,0,0,0
es,3,172,0,0,0,0,0
es,3,173,0,0,0,0,0
es,3,177,0,0,0,0,0
es,3,178,0,0,0,0,0
es,3,179,0,0,0,0,0
es,3,182,0,0,0,0,0
es,3,183,0,0,0,0,0
es,3,187,0,0,0,0,0
es,3,188,0,0,0,0,0
es,3,192,0,0,0,0,0
es,3,195,0,0,0,0,0
es,3,200,0,0,0,0,0
es,3,201,0,0,0,0,0
es,3,202,0,0,0,0,0
es,3,212,0,0,0,0,0
es,3,217,0,0,0,0,0
es,3,219,0,0,0,0,0
es,3,227,0,0,0,0,0
es,3,235,0,0,0,0,0
es,3,239,0,0,0,0,0
es,3,240,0,0,0,0,0
es,3,241,0,0,0,0,0
es,3,244,0,0,0,0,0
es,3,256,0,0,0,0,0
es,3,259,0,0,0,0,0
es,3,266,0,0,0,0,0
es,3,267,0,0,0,0,0
es,3,274,1,1,1,1,1
es,3,278,1,1,1,1,1
es,3,286,1,1,1,1,1
es,3,288,1,1,1,1,1
es,3,301,1,1,1,1,1
es,3,312,1,0,0,0,0
es,3,323,1,1,1,1,1
es,3,324,1,1,1,1,1
es,3,330,1,1,1,1,1
es,3,334,1,1,1,1,1
es,3,336,1,1,1,1,1
es,3,337,1,1,1,1,1
es,3,343,1,0,0,1,0
es,3,346,1,1,1,1,1
es,3,363,1,1,1,1,1
es,3,364,1,1,1,1,1
es,3,374,1,1,0,0,0
es,3,379,1,1,1,1,1
es,3,380,1,1,1,1,1
es,3,382,1,1,1,1,1
es,3,388,0,0,0,1,0
es,3,394,0,1,1,1,1
es,3,396,0,0,0,1,0
es,3,401,0,0,0,0,0
es,3,404,0,0,0,0,0
es,3,411,0,1,0,1,1
es,3,416,0,1,1,1,1
es,3,421,0,1,1,1,1
es,3,424,0,0,0,0,0
es,3,425,0,1,1,1,1
es,3,428,0,1,1,1,1
es,3,429,0,1,1,1,1
es,3,435,0,0,0,1,0
es,3,436,0,1,0,1,1
es,3,437,0,1,0,1,1
es,3,439,0,1,0,1,1
es,3,443,0,0,0,1,0
es,3,446,0,1,1,1,1
es,3,447,0,0,1,0,0
es,3,454,0,0,0,1,0
es,3,455,0,0,0,1,0
es,3,464,1,1,1,1,1
es,3,489,1,1,1,1,1
es,3,496,1,0,0,1,0
es,3,497,1,1,1,1,1
es,3,504,1,1,1,1,1
es,3,509,1,1,1,1,1
es,3,512,1,1,1,1,1
es,3,518,1,0,1,1,1
es,3,525,1,1,1,1,1
es,3,526,1,0,0,0,0
es,3,531,1,0,1,1,1
es,3,534,1,1,1,1,1
es,3,539,1,1,1,1,1
es,3,542,1,1,1,1,1
es,3,549,1,1,1,1,1
es,3,550,1,1,1,1,1
es,3,562,1,1,1,1,1
es,3,568,1,1,1,1,1
es,3,570,1,1,1,1,1
es,3,573,1,1,1,1,1
es,3,575,1,1,1,1,1
es,3,578,1,1,0,1,1
es,3,580,1,1,1,1,1
es,3,581,1,1,1,1,1
es,3,582,1,1,1,1,1
es,3,590,1,1,1,1,1
es,3,591,1,1,1,1,1
es,3,592,1,1,1,1,1
es,3,593,1,1,1,1,1
es,3,596,1,1,0,0,0
es,3,608,1,1,1,1,1
es,3,610,1,1,1,1,1
es,3,611,1,1,1,1,1
es,3,612,1,1,1,1,1
es,3,615,1,1,1,1,1
es,3,617,1,1,1,1,1
es,3,621,0,0,0,1,0
es,3,624,0,1,1,1,1
es,3,629,0,0,0,0,0
es,3,632,0,0,0,0,0
es,3,636,0,0,0,1,0
es,3,639,0,1,1,1,1
es,3,641,0,0,1,1,1
es,3,667,0,1,1,1,1
es,3,668,0,0,0,1,0
es,3,677,0,1,1,1,1
es,3,679,0,1,1,1,1
es,3,682,0,1,1,1,1
es,3,685,0,1,1,1,1
es,3,688,0,1,1,1,1
es,3,702,0,0,0,1,0
es,3,709,0,0,0,0,0
es,3,712,1,0,0,0,0
es,3,714,1,0,0,0,0
es,3,715,1,0,0,0,0
es,3,722,1,0,0,0,0
es,3,727,1,0,0,0,0
es,3,729,1,0,0,0,0
es,3,730,1,1,0,0,0
es,3,738,1,0,0,0,0
es,3,748,1,0,0,0,0
es,3,758,1,0,0,0,0
es,3,762,0,1,0,0,0
es,3,769,0,1,0,0,0
es,3,773,0,0,0,0,0
es,3,791,0,0,0,0,0
es,3,792,0,0,0,0,0
es,3,799,0,0,0,0,0
es,3,815,0,0,0,0,0
es,3,816,0,0,0,0,0
es,3,819,0,0,0,0,0
es,3,822,0,1,0,0,0
es,3,828,0,0,0,0,0
es,3,834,0,0,0,0,0
es,3,836,0,0,0,0,0
es,3,837,0,0,0,0,0
es,3,844,0,0,0,0,0
es,3,850,0,0,0,0,0
es,3,852,0,0,0,0,0
es,3,855,0,0,0,0,0
es,3,861,0,0,0,0,0
es,3,869,0,0,0,0,0
es,3,881,0,0,0,0,0
es,3,882,0,0,0,0,0
es,3,890,0,0,0,0,0
es,3,903,0,0,0,0,0
es,3,905,0,0,0,0,0
es,3,906,0,0,0,0,0
es,3,910,0,0,0,1,0
es,3,922,0,0,0,0,0
es,3,925,0,0,0,0,0
es,3,932,0,0,0,0,0
es,3,944,0,1,0,0,0
es,3,955,0,1,1,1,1
es,3,957,0,0,0,0,0
es,3,962,0,0,0,0,0
es,3,963,0,0,0,0,0
es,3,965,0,0,0,0,0
es,3,969,0,0,0,0,0
es,3,971,0,0,0,0,0
es,3,972,0,0,0,0,0
es,3,973,0,0,0,0,0
es,3,974,0,0,0,0,0
es,3,975,0,0,0,0,0
es,3,990,0,0,0,0,0
es,3,1004,1,0,0,0,0
es,3,1005,1,0,0,0,0
es,3,1019,1,0,0,1,0
es,3,1023,1,0,0,0,0
es,3,1029,1,0,0,0,0
es,3,1038,1,0,0,1,0
es,3,1042,1,1,0,1,1
es,3,1046,1,0,0,0,0
es,3,1048,1,0,0,0,0
es,3,1054,0,1,0,0,0
es,3,1058,0,1,0,0,0
es,3,1061,0,0,0,0,0
es,3,1062,0,0,0,0,0
es,3,1063,0,0,0,0,0
es,3,1064,0,1,0,0,0
es,3,1069,0,1,0,0,0
es,3,1070,0,0,0,0,0
es,3,1071,0,0,0,0,0
es,3,1072,0,0,0,0,0
es,3,1076,0,0,0,0,0
es,3,1086,0,0,0,0,0
es,3,1087,0,0,0,0,0
es,3,1088,0,0,0,0,0
es,3,1090,0,0,0,0,0
es,3,1092,0,0,0,0,0
es,3,1093,0,0,0,0,0
es,3,1094,0,0,0,0,0
es,3,1098,0,0,0,0,0
es,3,1107,0,0,0,1,0
es,3,1115,0,0,0,0,0
es,3,1120,0,0,0,0,0
es,3,1128,0,0,0,0,0
es,3,1130,0,0,0,0,0
es,3,1133,0,0,0,0,0
es,3,1134,0,0,0,0,0
es,3,1137,0,1,0,1,1
es,3,1139,0,0,0,0,0
es,3,1140,0,0,0,0,0
es,3,1142,0,0,0,0,0
es,3,1144,0,0,0,0,0
es,3,1145,0,0,0,0,0
es,3,1147,0,1,0,0,0
es,3,1153,0,0,0,0,0
es,3,1161,0,1,0,0,0
es,3,1177,0,0,0,0,0
es,3,1178,0,0,0,0,0
es,3,1182,0,0,0,0,0
es,3,1183,0,0,0,0,0
es,3,1185,0,0,0,0,0
es,3,1198,0,0,0,0,0
es,3,1199,0,0,0,0,0
es,3,1201,0,0,0,0,0
es,3,1215,0,0,0,0,0
es,3,1221,0,0,0,0,0
es,3,1223,0,0,0,0,0
es,3,1227,0,0,0,0,0
es,3,1229,0,0,0,1,0
es,3,1238,1,0,0,0,0
es,3,1244,1,0,0,0,0
es,3,1257,1,0,0,0,0
es,3,1259,1,0,0,0,0
es,3,1268,1,1,0,0,0
es,3,1271,1,0,0,0,0
es,3,1273,1,0,0,0,0
es,3,1287,0,0,0,0,0
es,3,1297,0,0,0,0,0
es,3,1298,0,0,0,0,0
es,3,1309,0,0,0,0,0
es,3,1313,0,0,0,0,0
es,3,1317,0,0,0,1,0
es,3,1320,0,0,0,0,0
es,3,1321,0,0,0,0,0
es,3,1338,0,0,0,0,0
es,3,1340,0,0,0,0,0
es,3,1342,0,0,0,0,0
es,3,1348,0,1,0,0,0
es,3,1373,0,0,0,0,0
es,3,1374,0,0,0,0,0
es,3,1379,0,0,0,0,0
es,3,1380,0,0,0,0,0
es,3,1382,0,0,0,0,0
es,3,1389,0,0,0,0,0
es,3,1390,0,0,0,0,0
es,3,1392,0,0,0,0,0
es,3,1393,0,0,0,0,0
es,3,1397,0,0,0,0,0
es,3,1400,0,0,0,0,0
es,3,1401,0,0,0,0,0
es,3,1411,0,0,0,0,0
es,3,1416,0,0,0,0,0
es,3,1437,0,0,0,0,0
es,3,1438,0,1,0,0,0
es,3,1439,0,0,0,0,0
es,3,1440,0,0,0,0,0
es,3,1442,0,0,0,0,0
es,3,1444,0,0,0,0,0
es,3,1447,0,0,0,0,0
es,3,1451,0,0,0,0,0
es,3,1453,0,0,0,0,0
es,3,1461,0,0,0,0,0
es,3,1463,0,0,0,0,0
es,3,1472,0,0,0,0,0
es,3,1489,0,0,0,0,0
es,3,1490,0,0,0,0,0
es,3,1492,0,0,0,0,0
es,3,1495,0,0,0,0,0
es,3,1499,1,0,0,0,0
es,3,1512,1,1,0,1,1
es,3,1519,1,1,0,1,1
es,3,1520,1,0,0,0,0
es,3,1524,1,1,0,1,1
es,3,1543,1,0,0,0,0
es,3,1544,1,1,0,0,0
es,3,1545,1,1,0,0,0
es,3,1547,1,0,1,1,1
es,3,1549,1,0,0,0,0
es,3,1555,1,0,0,0,0
es,3,1558,1,0,0,1,0
es,3,1564,1,0,0,0,0
es,3,1571,1,1,1,1,1
es,3,1580,1,0,0,0,0
es,3,1583,1,0,0,1,0
es,3,1589,0,0,0,0,0
es,3,1592,0,0,0,0,0
es,3,1595,0,0,0,0,0
es,3,1602,0,0,0,1,0
es,3,1606,0,1,0,0,0
es,3,1614,0,0,0,0,0
es,3,1616,0,0,1,1,1
es,3,1636,0,0,0,0,0
es,3,1638,0,0,0,0,0
es,3,1644,0,0,0,1,0
es,3,1650,0,0,1,0,0
es,3,1653,0,1,1,0,1
es,3,1659,0,0,0,1,0
es,3,1668,0,0,0,0,0
es,3,1672,0,0,0,0,0
es,3,1676,0,0,0,0,0
es,3,1687,0,1,0,0,0
es,3,1694,0,0,0,0,0
es,3,1698,0,0,0,0,0
es,3,1705,0,0,0,0,0
es,3,1706,0,0,0,0,0
es,3,1719,0,1,1,1,1
es,3,1728,0,1,0,0,0
es,3,1736,0,0,0,0,0
es,3,1738,0,0,0,0,0
es,3,1740,0,0,0,0,0
es,3,1746,0,0,0,0,0
es,3,1750,0,1,1,1,1
es,3,1752,0,0,0,0,0
es,3,1761,0,0,0,1,0
es,3,1762,0,1,0,0,0
es,3,1766,0,0,0,1,0
es,3,1767,0,0,0,0,0
es,3,1783,1,1,1,0,1
es,3,1788,1,1,1,1,1
es,3,1801,1,0,0,1,0
es,3,1809,1,1,1,1,1
es,3,1815,1,1,1,1,1
es,3,1830,1,1,1,1,1
es,3,1832,1,0,1,1,1
es,3,1835,1,1,1,1,1
es,3,1839,1,1,1,1,1
es,3,1842,1,0,0,0,0
es,3,1847,1,0,0,1,0
es,3,1850,1,1,0,0,0
es,3,1854,1,1,1,1,1
es,3,1855,1,1,1,1,1
es,3,1859,1,1,1,1,1
es,3,1863,1,1,1,1,1
es,3,1865,1,1,0,1,1
es,3,1868,0,1,0,0,0
es,3,1876,0,0,0,0,0
es,3,1890,0,0,0,0,0
es,3,1894,0,0,0,1,0
es,3,1899,0,0,1,0,0
es,3,1912,0,0,1,0,0
es,3,1918,0,1,0,1,1
es,3,1920,0,0,1,1,1
es,3,1924,0,0,1,1,1
es,3,1929,0,0,0,0,0
es,3,1937,0,1,1,0,1
es,3,1940,0,0,0,1,0
es,3,1946,0,0,0,0,0
es,3,1948,0,0,0,0,0
es,3,1950,0,1,1,1,1
es,3,1957,0,0,0,1,0
es,3,1965,0,0,0,1,0
es,3,1970,0,0,0,1,0
es,3,1971,0,0,0,1,0
es,3,1974,0,0,0,0,0
es,3,1975,0,1,0,0,0
es,3,1985,1,0,0,0,0
es,3,1993,1,0,0,0,0
es,3,1997,1,1,1,1,1
es,3,2001,1,0,1,1,1
es,3,2006,1,0,0,0,0
es,3,2011,1,1,1,1,1
es,3,2012,1,1,1,1,1
es,3,2018,1,1,1,1,1
es,3,2020,1,0,0,0,0
es,3,2026,1,0,0,0,0
es,3,2028,1,0,0,0,0
es,3,2029,1,1,1,1,1
es,3,2030,1,0,0,0,0
es,3,2037,0,0,0,0,0
es,3,2040,0,0,0,0,0
es,3,2043,0,0,0,0,0
es,3,2048,0,0,0,0,0
es,3,2054,0,0,0,0,0
es,3,2064,0,0,0,0,0
es,3,2065,0,0,0,0,0
es,3,2068,0,0,0,0,0
es,3,2074,0,0,0,0,0
es,3,2085,0,0,0,0,0
es,3,2088,0,0,0,0,0
es,3,2089,0,0,0,0,0
es,3,2092,0,1,1,1,1
es,3,2098,0,0,0,0,0
es,3,2100,0,0,0,0,0
es,3,2112,0,0,0,0,0
es,3,2116,0,1,0,1,1
es,3,2121,0,0,0,0,0
es,3,2125,0,0,0,1,0
es,3,2129,0,0,0,0,0
es,3,2130,0,0,0,0,0
es,3,2135,0,0,0,0,0
es,3,2153,0,0,0,0,0
es,3,2160,0,0,0,0,0
es,3,2166,0,0,1,1,1
es,3,2167,0,0,0,0,0
es,3,2171,0,0,0,0,0
es,3,2172,0,0,0,1,0
es,3,2187,1,1,0,1,1
es,3,2189,1,1,1,1,1
es,3,2191,1,1,1,1,1
es,3,2197,1,1,0,1,1
es,3,2200,1,0,0,0,0
es,3,2202,1,1,1,1,1
es,3,2203,1,1,1,1,1
es,3,2205,1,1,0,1,1
es,3,2207,1,0,1,1,1
es,3,2217,1,0,0,0,0
es,3,2222,1,1,1,1,1
es,3,2227,1,0,0,0,0
es,3,2231,1,0,0,0,0
es,3,2234,1,0,1,1,1
es,3,2238,1,0,1,1,1
es,3,2239,1,1,1,0,1
es,3,2242,1,1,1,1,1
es,3,2245,1,0,0,0,0
es,3,2256,1,1,1,1,1
es,3,2262,1,0,1,1,1
es,3,2265,1,0,1,1,1
es,3,2279,1,1,0,1,1
es,3,2288,1,1,1,1,1
es,3,2292,1,0,0,0,0
es,3,2294,0,1,1,1,1
es,3,2296,0,0,1,1,1
es,3,2300,0,1,1,0,1
es,3,2308,0,1,1,1,1
es,3,2319,0,1,1,1,1
es,3,2324,0,0,0,1,0
es,3,2325,0,0,0,0,0
es,3,2326,0,1,1,1,1
es,3,2332,0,1,1,1,1
es,3,2335,0,0,0,0,0
es,3,2339,0,0,0,0,0
es,3,2355,0,1,1,1,1
es,3,2365,0,0,0,0,0
es,3,2369,0,0,0,1,0
es,3,2387,0,1,0,1,1
es,3,2390,0,0,0,0,0
es,4,2,1,0,0,1,0
es,4,15,1,0,0,0,0
es,4,25,1,0,0,0,0
es,4,30,1,0,0,0,0
es,4,33,0,0,0,0,0
es,4,38,0,0,0,0,0
es,4,39,0,0,0,0,0
es,4,40,0,0,0,0,0
es,4,41,0,0,0,0,0
es,4,47,0,0,0,0,0
es,4,50,0,0,0,0,0
es,4,55,0,0,0,0,0
es,4,56,0,0,0,0,0
es,4,68,0,0,0,0,0
es,4,73,0,0,0,0,0
es,4,75,0,0,0,0,0
es,4,79,0,0,0,0,0
es,4,80,0,0,0,0,0
es,4,85,0,0,0,0,0
es,4,87,0,0,0,0,0
es,4,91,0,0,0,0,0
es,4,107,0,0,0,0,0
es,4,111,0,0,0,0,0
es,4,113,0,0,0,0,0
es,4,116,0,0,0,0,0
es,4,120,0,0,0,0,0
es,4,123,0,0,0,0,0
es,4,124,0,0,0,0,0
es,4,127,0,0,0,0,0
es,4,128,0,0,0,0,0
es,4,129,0,0,0,0,0
es,4,139,0,0,0,0,0
es,4,140,0,0,0,0,0
es,4,142,0,0,0,0,0
es,4,150,0,0,0,0,0
es,4,162,0,0,0,0,0
es,4,165,0,0,0,0,0
es,4,166,0,0,0,0,0
es,4,171,0,0,0,0,0
es,4,190,0,0,0,0,0
es,4,214,0,0,0,0,0
es,4,221,0,0,0,0,0
es,4,223,0,0,0,0,0
es,4,224,0,0,1,0,0
es,4,228,0,0,0,0,0
es,4,232,0,0,0,0,0
es,4,237,0,0,0,0,0
es,4,247,0,0,0,0,0
es,4,250,0,0,0,0,0
es,4,252,0,0,0,0,0
es,4,254,0,0,0,0,0
es,4,257,0,0,0,0,0
es,4,261,0,0,0,0,0
es,4,263,0,0,0,0,0
es,4,265,0,0,0,0,0
es,4,269,0,0,0,0,0
es,4,271,1,1,1,1,1
es,4,276,1,1,1,0,1
es,4,280,1,1,1,1,1
es,4,283,1,1,1,1,1
es,4,295,1,1,1,1,1
es,4,296,1,1,1,1,1
es,4,305,1,1,1,1,1
es,4,306,1,0,0,1,0
es,4,307,1,1,1,1,1
es,4,308,1,1,1,1,1
es,4,310,1,1,1,1,1
es,4,313,1,1,1,1,1
es,4,314,1,1,1,1,1
es,4,317,1,1,1,1,1
es,4,326,1,1,1,1,1
es,4,327,1,1,1,1,1
es,4,329,1,1,1,0,1
es,4,341,1,1,1,1,1
es,4,355,1,1,0,1,1
es,4,366,1,1,1,1,1
es,4,368,1,1,1,1,1
es,4,369,1,1,1,1,1
es,4,370,1,1,1,1,1
es,4,371,1,1,1,1,1
es,4,381,1,1,1,1,1
es,4,385,0,0,0,0,0
es,4,393,0,0,1,1,1
es,4,400,0,1,1,1,1
es,4,407,0,0,0,0,0
es,4,409,0,0,0,0,0
es,4,415,0,1,1,0,1
es,4,420,0,1,0,1,1
es,4,426,0,1,1,1,1
es,4,438,0,1,1,1,1
es,4,440,0,0,0,0,0
es,4,445,0,0,0,1,0
es,4,449,0,0,0,1,0
es,4,457,0,0,1,1,1
es,4,458,1,0,0,1,0
es,4,468,1,1,1,1,1
es,4,470,1,1,1,1,1
es,4,473,1,1,1,1,1
es,4,476,1,1,1,1,1
es,4,478,1,1,1,1,1
es,4,480,1,1,1,1,1
es,4,483,1,1,1,0,1
es,4,500,1,0,1,0,0
es,4,506,1,1,1,1,1
es,4,507,1,1,1,1,1
es,4,508,1,1,1,1,1
es,4,511,1,1,1,1,1
es,4,515,1,0,1,1,1
es,4,516,1,1,1,1,1
es,4,524,1,1,1,0,1
es,4,530,1,1,1,1,1
es,4,532,1,1,1,1,1
es,4,535,1,1,1,1,1
es,4,541,1,1,1,1,1
es,4,548,1,1,1,1,1
es,4,551,1,1,1,1,1
es,4,554,1,0,1,0,0
es,4,557,1,1,1,1,1
es,4,560,1,1,1,1,1
es,4,567,1,1,1,1,1
es,4,571,1,1,1,1,1
es,4,572,1,1,1,1,1
es,4,579,1,0,1,1,1
es,4,584,1,1,1,1,1
es,4,587,1,1,1,1,1
es,4,597,1,1,1,1,1
es,4,601,1,1,1,1,1
es,4,604,1,1,1,1,1
es,4,607,1,1,1,1,1
es,4,614,1,1,1,1,1
es,4,618,1,1,1,1,1
es,4,623,0,1,1,1,1
es,4,633,0,0,0,1,0
es,4,645,0,1,1,1,1
es,4,646,0,1,1,1,1
es,4,651,0,1,1,1,1
es,4,652,0,0,0,0,0
es,4,657,0,1,1,1,1
es,4,659,0,0,0,0,0
es,4,660,0,1,1,1,1
es,4,673,0,1,1,1,1
es,4,700,0,1,1,1,1
es,4,704,0,1,1,1,1
es,4,706,0,1,1,0,1
es,4,716,1,0,0,0,0
es,4,721,1,0,0,0,0
es,4,723,1,0,0,0,0
es,4,731,1,0,0,0,0
es,4,736,1,1,0,0,0
es,4,742,1,1,1,0,1
es,4,749,1,0,0,0,0
es,4,751,1,0,0,0,0
es,4,752,1,0,0,0,0
es,4,755,1,1,1,1,1
es,4,756,1,1,0,0,0
es,4,759,1,0,0,0,0
es,4,761,0,0,0,0,0
es,4,766,0,0,0,0,0
es,4,771,0,0,0,0,0
es,4,772,0,0,0,0,0
es,4,775,0,1,0,0,0
es,4,776,0,0,0,0,0
es,4,778,0,0,0,0,0
es,4,780,0,0,0,0,0
es,4,786,0,0,0,0,0
es,4,793,0,0,0,0,0
es,4,797,0,0,0,0,0
es,4,798,0,0,0,0,0
es,4,805,0,0,0,0,0
es,4,806,0,0,0,0,0
es,4,809,0,0,0,0,0
es,4,813,0,0,0,0,0
es,4,820,0,0,0,0,0
es,4,826,0,0,0,0,0
es,4,832,0,0,0,0,0
es,4,841,0,0,0,0,0
es,4,842,0,0,0,0,0
es,4,847,0,0,0,0,0
es,4,848,0,0,0,0,0
es,4,862,0,0,0,0,0
es,4,864,0,0,0,0,0
es,4,873,0,0,0,0,0
es,4,875,0,1,1,0,1
es,4,876,0,0,0,0,0
es,4,877,0,0,0,0,0
es,4,878,0,0,0,0,0
es,4,880,0,0,0,0,0
es,4,883,0,0,0,0,0
es,4,889,0,0,0,0,0
es,4,896,0,0,0,0,0
es,4,900,0,0,0,0,0
es,4,912,0,0,0,0,0
es,4,920,0,0,0,0,0
es,4,927,0,0,0,0,0
es,4,928,0,0,0,0,0
es,4,948,0,0,0,0,0
es,4,958,0,0,0,0,0
es,4,959,0,0,0,0,0
es,4,968,0,0,0,0,0
es,4,979,0,0,0,0,0
es,4,983,0,0,0,0,0
es,4,986,0,0,0,0,0
es,4,989,0,1,1,0,1
es,4,994,0,0,0,0,0
es,4,996,0,0,0,0,0
es,4,997,0,0,0,0,0
es,4,1001,1,0,0,0,0
es,4,1008,1,1,0,0,0
es,4,1014,1,0,0,0,0
es,4,1022,1,1,1,0,1
es,4,1026,1,1,1,0,1
es,4,1030,1,1,0,0,0
es,4,1031,1,0,1,0,0
es,4,1033,1,0,0,0,0
es,4,1034,1,0,1,0,0
es,4,1036,1,0,0,0,0
es,4,1037,1,0,0,0,0
es,4,1041,1,1,1,0,1
es,4,1049,1,1,1,0,1
es,4,1053,1,0,0,0,0
es,4,1055,0,0,1,0,0
es,4,1057,0,1,1,0,1
es,4,1067,0,0,0,0,0
es,4,1082,0,0,0,0,0
es,4,1089,0,0,0,0,0
es,4,1091,0,0,1,0,0
es,4,1095,0,0,0,0,0
es,4,1096,0,0,0,0,0
es,4,1108,0,0,0,0,0
es,4,1118,0,0,0,0,0
es,4,1119,0,1,0,0,0
es,4,1121,0,0,0,0,0
es,4,1125,0,0,0,0,0
es,4,1126,0,0,0,0,0
es,4,1129,0,0,0,0,0
es,4,1135,0,0,0,0,0
es,4,1149,0,0,0,0,0
es,4,1159,0,0,1,0,0
es,4,1165,0,0,0,0,0
es,4,1166,0,0,0,0,0
es,4,1169,0,1,0,0,0
es,4,1170,0,0,0,0,0
es,4,1175,0,1,0,0,0
es,4,1188,0,0,0,0,0
es,4,1190,0,0,0,0,0
es,4,1191,0,0,0,1,0
es,4,1194,0,0,0,0,0
es,4,1200,0,1,0,0,0
es,4,1205,0,0,0,0,0
es,4,1207,0,0,0,0,0
es,4,1211,0,0,0,0,0
es,4,1212,0,1,0,0,0
es,4,1214,0,0,0,0,0
es,4,1216,0,0,0,0,0
es,4,1219,0,0,0,0,0
es,4,1222,0,1,1,0,1
es,4,1237,1,0,0,0,0
es,4,1239,1,0,0,0,0
es,4,1243,1,0,0,0,0
es,4,1245,1,0,0,0,0
es,4,1246,1,0,0,0,0
es,4,1250,1,0,0,0,0
es,4,1251,1,0,0,0,0
es,4,1252,1,0,0,0,0
es,4,1258,1,0,0,0,0
es,4,1262,1,0,0,0,0
es,4,1266,1,0,0,0,0
es,4,1272,1,0,0,0,0
es,4,1281,1,1,1,0,1
es,4,1284,0,0,0,0,0
es,4,1285,0,0,0,0,0
es,4,1305,0,1,1,0,1
es,4,1308,0,0,0,0,0
es,4,1316,0,0,0,0,0
es,4,1323,0,0,0,0,0
es,4,1324,0,0,0,0,0
es,4,1334,0,0,0,0,0
es,4,1335,0,0,0,0,0
es,4,1343,0,0,0,0,0
es,4,1350,0,0,0,0,0
es,4,1352,0,0,0,0,0
es,4,1365,0,0,0,0,0
es,4,1381,0,0,0,0,0
es,4,1410,0,0,0,0,0
es,4,1412,0,0,0,0,0
es,4,1414,0,0,0,0,0
es,4,1417,0,1,1,0,1
es,4,1420,0,0,0,0,0
es,4,1425,0,0,0,0,0
es,4,1427,0,0,0,0,0
es,4,1429,0,0,0,0,0
es,4,1433,0,0,0,0,0
es,4,1434,0,0,0,0,0
es,4,1445,0,0,0,0,0
es,4,1450,0,0,0,0,0
es,4,1454,0,0,0,0,0
es,4,1455,0,0,0,0,0
es,4,1458,0,0,0,0,0
es,4,1464,0,0,0,0,0
es,4,1466,0,0,0,0,0
es,4,1468,0,0,0,0,0
es,4,1479,0,0,0,0,0
es,4,1484,0,0,0,0,0
es,4,1485,0,0,0,0,0
es,4,1486,0,0,0,0,0
es,4,1487,0,0,0,0,0
es,4,1501,1,1,1,1,1
es,4,1508,1,1,1,0,1
es,4,1513,1,0,1,1,1
es,4,1514,1,0,0,0,0
es,4,1516,1,1,1,0,1
es,4,1527,1,1,1,1,1
es,4,1530,1,1,1,1,1
es,4,1548,1,0,0,0,0
es,4,1550,1,0,1,0,0
es,4,1551,1,1,1,0,1
es,4,1556,1,0,0,0,0
es,4,1569,1,1,1,1,1
es,4,1570,1,1,1,1,1
es,4,1585,0,0,1,0,0
es,4,1588,0,0,0,1,0
es,4,1594,0,0,0,0,0
es,4,1597,0,0,0,0,0
es,4,1598,0,0,0,0,0
es,4,1612,0,0,0,0,0
es,4,1619,0,1,1,0,1
es,4,1624,0,0,0,0,0
es,4,1628,0,0,0,0,0
es,4,1630,0,0,0,1,0
es,4,1643,0,0,1,1,1
es,4,1649,0,1,1,1,1
es,4,1662,0,0,0,0,0
es,4,1664,0,0,0,0,0
es,4,1666,0,0,0,0,0
es,4,1669,0,0,0,0,0
es,4,1679,0,0,0,0,0
es,4,1681,0,1,1,0,1
es,4,1682,0,0,1,0,0
es,4,1689,0,0,0,0,0
es,4,1690,0,0,0,0,0
es,4,1693,0,0,0,0,0
es,4,1699,0,0,0,0,0
es,4,1702,0,0,0,0,0
es,4,1708,0,0,0,0,0
es,4,1710,0,1,1,0,1
es,4,1724,0,0,0,0,0
es,4,1726,0,1,1,0,1
es,4,1735,0,1,1,0,1
es,4,1737,0,0,1,0,0
es,4,1742,0,0,0,0,0
es,4,1744,0,0,0,0,0
es,4,1756,0,0,0,0,0
es,4,1763,0,0,0,0,0
es,4,1771,0,1,1,0,1
es,4,1772,0,0,0,0,0
es,4,1775,0,0,0,0,0
es,4,1787,1,1,1,1,1
es,4,1790,1,1,1,1,1
es,4,1800,1,1,0,0,0
es,4,1805,1,1,1,1,1
es,4,1814,1,1,1,1,1
es,4,1817,1,0,0,0,0
es,4,1820,1,1,1,1,1
es,4,1821,1,1,1,1,1
es,4,1828,1,1,1,1,1
es,4,1834,1,1,1,0,1
es,4,1841,1,0,1,1,1
es,4,1843,1,1,1,1,1
es,4,1846,1,1,1,1,1
es,4,1849,1,1,1,1,1
es,4,1856,1,1,1,1,1
es,4,1858,1,1,1,0,1
es,4,1862,1,1,1,0,1
es,4,1870,0,0,1,1,1
es,4,1873,0,0,0,0,0
es,4,1875,0,1,0,0,0
es,4,1878,0,1,1,1,1
es,4,1883,0,0,1,0,0
es,4,1885,0,0,1,1,1
es,4,1886,0,0,1,1,1
es,4,1897,0,1,1,0,1
es,4,1900,0,1,1,0,1
es,4,1906,0,0,1,1,1
es,4,1919,0,1,1,0,1
es,4,1928,0,1,1,1,1
es,4,1938,0,0,1,1,1
es,4,1939,0,0,0,0,0
es,4,1941,0,1,1,1,1
es,4,1942,0,1,1,1,1
es,4,1944,0,0,1,1,1
es,4,1945,0,1,1,1,1
es,4,1947,0,0,1,1,1
es,4,1961,0,1,1,1,1
es,4,1966,0,1,1,1,1
es,4,1984,1,1,1,1,1
es,4,2000,1,0,1,0,0
es,4,2005,1,1,1,1,1
es,4,2019,1,1,0,0,0
es,4,2021,1,1,1,1,1
es,4,2024,1,0,1,0,0
es,4,2025,1,0,0,0,0
es,4,2027,1,0,0,0,0
es,4,2033,1,1,1,1,1
es,4,2046,0,0,0,0,0
es,4,2053,0,0,0,0,0
es,4,2061,0,0,1,0,0
es,4,2067,0,0,0,0,0
es,4,2073,0,0,1,1,1
es,4,2075,0,1,0,0,0
es,4,2077,0,0,0,0,0
es,4,2078,0,1,0,0,0
es,4,2079,0,0,0,0,0
es,4,2083,0,0,1,1,1
es,4,2093,0,0,0,0,0
es,4,2102,0,1,1,1,1
es,4,2104,0,0,0,0,0
es,4,2105,0,0,0,1,0
es,4,2106,0,0,0,0,0
es,4,2118,0,0,0,0,0
es,4,2120,0,0,1,0,0
es,4,2123,0,0,1,0,0
es,4,2126,0,0,1,0,0
es,4,2134,0,0,0,0,0
es,4,2137,0,1,1,1,1
es,4,2142,0,0,1,1,1
es,4,2149,0,0,1,1,1
es,4,2150,0,1,1,1,1
es,4,2155,0,0,0,0,0
es,4,2164,0,1,1,0,1
es,4,2168,0,0,0,0,0
es,4,2173,0,1,1,0,1
es,4,2177,0,0,0,0,0
es,4,2179,0,0,0,0,0
es,4,2181,0,0,0,0,0
es,4,2182,0,0,0,0,0
es,4,2183,0,0,0,0,0
es,4,2184,0,0,0,0,0
es,4,2192,1,1,1,1,1
es,4,2195,1,1,1,1,1
es,4,2201,1,1,1,1,1
es,4,2214,1,1,1,0,1
es,4,2220,1,1,1,1,1
es,4,2226,1,1,1,1,1
es,4,2230,1,1,1,0,1
es,4,2232,1,1,1,1,1
es,4,2233,1,1,1,1,1
es,4,2237,1,1,1,1,1
es,4,2255,1,1,1,1,1
es,4,2258,1,1,1,1,1
es,4,2260,1,1,1,1,1
es,4,2264,1,1,1,1,1
es,4,2280,1,1,1,1,1
es,4,2286,1,1,1,1,1
es,4,2307,0,1,1,1,1
es,4,2309,0,1,1,0,1
es,4,2314,0,0,1,1,1
es,4,2316,0,0,1,1,1
es,4,2322,0,1,1,1,1
es,4,2327,0,0,1,0,0
es,4,2328,0,1,1,1,1
es,4,2329,0,1,1,1,1
es,4,2334,0,1,1,1,1
es,4,2337,0,1,1,1,1
es,4,2341,0,1,1,1,1
es,4,2342,0,1,1,1,1
es,4,2350,0,1,1,0,1
es,4,2353,0,0,1,0,0
es,4,2354,0,1,1,0,1
es,4,2360,0,0,0,0,0
es,4,2361,0,1,1,0,1
es,4,2363,0,0,1,0,0
es,4,2375,0,1,1,1,1
es,4,2376,0,1,1,1,1
es,4,2378,0,0,1,0,0
es,4,2380,0,0,1,1,1
es,4,2381,0,1,1,1,1
es,4,2389,0,1,1,1,1
es,4,2391,0,1,1,0,1
es,4,2394,0,1,1,1,1
es,5,1,1,0,0,0,0
es,5,7,1,0,0,0,0
es,5,8,1,0,0,0,0
es,5,9,1,0,0,0,0
es,5,14,1,0,0,0,0
es,5,16,1,0,0,1,0
es,5,18,1,1,0,0,0
es,5,23,1,0,0,0,0
es,5,24,1,0,0,0,0
es,5,26,1,0,0,0,0
es,5,29,1,0,0,0,0
es,5,42,0,0,0,0,0
es,5,43,0,0,0,0,0
es,5,49,0,0,0,0,0
es,5,53,0,0,0,0,0
es,5,58,0,0,0,0,0
es,5,60,0,1,0,0,0
es,5,61,0,0,0,0,0
es,5,69,0,1,1,0,1
es,5,74,0,0,0,0,0
es,5,78,0,0,0,0,0
es,5,86,0,0,0,0,0
es,5,89,0,0,0,0,0
es,5,93,0,0,0,0,0
es,5,95,0,0,0,0,0
es,5,99,0,0,0,0,0
es,5,101,0,0,0,0,0
es,5,103,0,0,0,0,0
es,5,106,0,0,0,0,0
es,5,125,0,0,0,0,0
es,5,126,0,0,0,0,0
es,5,134,0,0,0,0,0
es,5,136,0,0,0,0,0
es,5,137,0,0,0,0,0
es,5,143,0,0,0,0,0
es,5,145,0,0,0,0,0
es,5,146,0,0,0,0,0
es,5,154,0,0,0,0,0
es,5,158,0,0,0,0,0
es,5,163,0,0,0,0,0
es,5,167,0,0,0,0,0
es,5,169,0,0,0,0,0
es,5,176,0,0,0,0,0
es,5,184,0,0,0,0,0
es,5,196,0,0,0,0,0
es,5,198,0,0,0,0,0
es,5,199,0,0,0,0,0
es,5,206,0,0,0,0,0
es,5,209,0,0,0,0,0
es,5,211,0,0,0,0,0
es,5,216,0,0,0,0,0
es,5,220,0,0,0,0,0
es,5,229,0,0,0,0,0
es,5,233,0,0,0,0,0
es,5,253,0,0,0,0,0
es,5,270,0,0,0,0,0
es,5,275,1,1,1,1,1
es,5,279,1,1,1,1,1
es,5,282,1,1,1,1,1
es,5,284,1,1,1,1,1
es,5,285,1,0,0,0,0
es,5,289,1,0,1,1,1
es,5,294,1,1,1,1,1
es,5,298,1,1,1,1,1
es,5,299,1,1,1,1,1
es,5,300,1,1,1,1,1
es,5,302,1,1,1,1,1
es,5,315,1,1,1,1,1
es,5,316,1,1,1,1,1
es,5,321,1,1,1,1,1
es,5,322,1,0,0,0,0
es,5,339,1,1,1,1,1
es,5,340,1,1,1,1,1
es,5,342,1,0,1,1,1
es,5,345,1,1,1,1,1
es,5,347,1,1,1,1,1
es,5,348,1,1,1,1,1
es,5,359,1,1,1,1,1
es,5,367,1,1,1,1,1
es,5,373,1,1,1,1,1
es,5,386,0,0,0,1,0
es,5,392,0,0,0,1,0
es,5,398,0,0,1,1,1
es,5,399,0,0,1,1,1
es,5,406,0,0,0,0,0
es,5,410,0,0,0,0,0
es,5,413,0,0,1,1,1
es,5,414,0,1,1,1,1
es,5,417,0,0,0,1,0
es,5,430,0,1,1,1,1
es,5,442,0,1,1,1,1
es,5,444,0,1,1,1,1
es,5,450,0,0,0,0,0
es,5,451,0,0,0,0,0
es,5,456,0,0,0,0,0
es,5,461,1,1,1,1,1
es,5,471,1,1,1,1,1
es,5,472,1,1,1,1,1
es,5,481,1,1,1,1,1
es,5,486,1,1,1,1,1
es,5,491,1,1,1,1,1
es,5,492,1,0,1,1,1
es,5,493,1,0,1,1,1
es,5,499,1,1,1,1,1
es,5,501,1,1,1,1,1
es,5,502,1,1,1,1,1
es,5,510,1,1,1,1,1
es,5,519,1,1,1,1,1
es,5,543,1,0,1,0,0
es,5,544,1,1,1,0,1
es,5,547,1,0,1,1,1
es,5,555,1,1,0,0,0
es,5,561,1,1,1,1,1
es,5,569,1,1,1,1,1
es,5,576,1,1,1,1,1
es,5,594,1,0,1,1,1
es,5,600,1,0,1,1,1
es,5,609,1,1,1,1,1
es,5,619,1,1,1,1,1
es,5,622,0,1,1,1,1
es,5,627,0,0,0,0,0
es,5,638,0,1,1,1,1
es,5,642,0,0,1,0,0
es,5,653,0,1,1,1,1
es,5,661,0,1,1,1,1
es,5,664,0,1,1,1,1
es,5,666,0,1,1,1,1
es,5,680,0,1,1,1,1
es,5,681,0,1,1,1,1
es,5,683,0,0,1,1,1
es,5,687,0,1,1,1,1
es,5,689,0,1,1,1,1
es,5,692,0,1,1,1,1
es,5,693,0,0,1,0,0
es,5,694,0,0,1,1,1
es,5,696,0,1,1,1,1
es,5,698,0,1,1,1,1
es,5,703,0,1,1,1,1
es,5,708,0,0,1,1,1
es,5,726,1,0,0,0,0
es,5,734,1,1,0,1,1
es,5,735,1,0,1,1,1
es,5,739,1,0,0,0,0
es,5,743,1,0,0,0,0
es,5,747,1,1,0,1,1
es,5,753,1,0,0,0,0
es,5,757,1,0,0,0,0
es,5,760,1,0,0,0,0
es,5,765,0,0,0,0,0
es,5,768,0,0,0,0,0
es,5,774,0,0,0,0,0
es,5,777,0,0,0,0,0
es,5,784,0,1,0,0,0
es,5,785,0,0,0,0,0
es,5,788,0,1,1,0,1
es,5,794,0,0,0,1,0
es,5,803,0,0,0,0,0
es,5,812,0,0,0,0,0
es,5,817,0,0,0,0,0
es,5,818,0,0,0,0,0
es,5,824,0,0,0,0,0
es,5,831,0,0,0,0,0
es,5,865,0,0,0,0,0
es,5,874,0,0,0,0,0
es,5,895,0,0,0,0,0
es,5,898,0,0,0,0,0
es,5,904,0,0,0,0,0
es,5,911,0,1,0,0,0
es,5,913,0,0,0,0,0
es,5,918,0,0,0,0,0
es,5,919,0,0,0,0,0
es,5,921,0,0,0,0,0
es,5,924,0,0,0,0,0
es,5,931,0,0,0,0,0
es,5,934,0,0,0,0,0
es,5,935,0,0,0,0,0
es,5,937,0,0,0,0,0
es,5,938,0,0,0,0,0
es,5,939,0,1,0,1,1
es,5,940,0,0,0,0,0
es,5,942,0,0,0,0,0
es,5,952,0,0,0,0,0
es,5,961,0,0,0,0,0
es,5,966,0,0,0,0,0
es,5,970,0,0,0,0,0
es,5,978,0,0,0,0,0
es,5,980,0,0,0,0,0
es,5,984,0,0,0,0,0
es,5,988,0,0,0,0,0
es,5,991,0,0,0,0,0
es,5,1002,1,0,0,0,0
es,5,1010,1,0,1,1,1
es,5,1012,1,1,1,0,1
es,5,1013,1,1,1,0,1
es,5,1015,1,0,0,0,0
es,5,1016,1,0,0,0,0
es,5,1021,1,1,0,0,0
es,5,1024,1,0,0,0,0
es,5,1028,1,0,0,0,0
es,5,1035,1,0,0,0,0
es,5,1039,1,0,0,0,0
es,5,1045,1,1,0,0,0
es,5,1052,1,0,0,0,0
es,5,1078,0,0,0,0,0
es,5,1083,0,0,0,0,0
es,5,1097,0,0,0,0,0
es,5,1102,0,0,0,0,0
es,5,1106,0,0,0,0,0
es,5,1109,0,0,0,0,0
es,5,1114,0,1,1,0,1
es,5,1116,0,0,0,0,0
es,5,1122,0,0,0,0,0
es,5,1132,0,0,0,0,0
es,5,1136,0,0,1,0,0
es,5,1152,0,0,0,0,0
es,5,1158,0,0,0,0,0
es,5,1160,0,0,0,0,0
es,5,1162,0,1,1,0,1
es,5,1164,0,0,0,0,0
es,5,1168,0,0,0,0,0
es,5,1179,0,0,0,0,0
es,5,1181,0,0,0,0,0
es,5,1186,0,0,0,0,0
es,5,1189,0,0,1,0,0
es,5,1192,0,1,1,0,1
es,5,1193,0,0,0,0,0
es,5,1196,0,0,0,0,0
es,5,1204,0,0,0,0,0
es,5,1210,0,0,0,0,0
es,5,1217,0,0,0,0,0
es,5,1224,0,0,0,1,0
es,5,1226,0,0,0,0,0
es,5,1228,0,0,0,0,0
es,5,1231,0,0,0,0,0
es,5,1232,0,0,1,0,0
es,5,1234,0,0,1,0,0
es,5,1236,1,0,0,0,0
es,5,1241,1,0,0,0,0
es,5,1242,1,0,1,0,0
es,5,1255,1,0,0,0,0
es,5,1256,1,0,0,0,0
es,5,1260,1,0,0,0,0
es,5,1264,1,1,1,1,1
es,5,1278,1,1,1,0,1
es,5,1286,0,0,1,1,1
es,5,1290,0,0,1,0,0
es,5,1293,0,0,0,0,0
es,5,1304,0,0,0,0,0
es,5,1306,0,0,0,0,0
es,5,1311,0,0,0,0,0
es,5,1314,0,0,0,0,0
es,5,1319,0,0,0,0,0
es,5,1333,0,0,0,0,0
es,5,1336,0,0,0,0,0
es,5,1346,0,0,0,0,0
es,5,1347,0,0,0,0,0
es,5,1356,0,0,0,0,0
es,5,1359,0,0,0,0,0
es,5,1361,0,1,0,0,0
es,5,1368,0,0,0,0,0
es,5,1369,0,0,0,0,0
es,5,1378,0,1,1,0,1
es,5,1383,0,0,0,0,0
es,5,1384,0,0,0,0,0
es,5,1388,0,0,0,0,0
es,5,1394,0,0,0,0,0
es,5,1395,0,0,0,0,0
es,5,1396,0,0,0,0,0
es,5,1399,0,0,0,0,0
es,5,1404,0,0,1,0,0
es,5,1405,0,0,0,0,0
es,5,1422,0,0,0,0,0
es,5,1426,0,0,0,0,0
es,5,1436,0,0,0,0,0
es,5,1441,0,0,0,0,0
es,5,1443,0,0,0,0,0
es,5,1448,0,0,1,0,0
es,5,1452,0,0,0,0,0
es,5,1457,0,0,0,0,0
es,5,1465,0,0,0,0,0
es,5,1467,0,0,0,0,0
es,5,1469,0,0,0,0,0
es,5,1473,0,0,0,0,0
es,5,1475,0,0,0,0,0
es,5,1477,0,0,0,0,0
es,5,1478,0,0,0,0,0
es,5,1480,0,0,0,0,0
es,5,1493,0,0,1,0,0
es,5,1500,1,1,0,0,0
es,5,1502,1,0,1,1,1
es,5,1506,1,0,1,1,1
es,5,1509,1,1,1,0,1
es,5,1510,1,1,0,0,0
es,5,1515,1,0,1,1,1
es,5,1517,1,0,0,1,0
es,5,1521,1,0,0,0,0
es,5,1526,1,0,0,0,0
es,5,1529,1,1,0,0,0
es,5,1531,1,1,1,1,1
es,5,1532,1,1,1,0,1
es,5,1534,1,1,1,1,1
es,5,1536,1,1,1,1,1
es,5,1542,1,1,0,0,0
es,5,1554,1,0,0,0,0
es,5,1560,1,1,0,0,0
es,5,1573,1,0,0,1,0
es,5,1576,1,1,1,1,1
es,5,1586,0,0,0,0,0
es,5,1587,0,0,1,0,0
es,5,1590,0,1,1,1,1
es,5,1596,0,1,1,1,1
es,5,1599,0,1,1,1,1
es,5,1600,0,0,0,0,0
es,5,1601,0,0,0,0,0
es,5,1609,0,0,0,0,0
es,5,1610,0,0,0,0,0
es,5,1611,0,0,0,0,0
es,5,1613,0,0,0,0,0
es,5,1620,0,0,1,1,1
es,5,1621,0,0,0,0,0
es,5,1623,0,1,1,1,1
es,5,1627,0,0,0,0,0
es,5,1629,0,0,1,1,1
es,5,1631,0,0,0,0,0
es,5,1632,0,0,0,0,0
es,5,1635,0,0,0,0,0
es,5,1640,0,0,0,0,0
es,5,1641,0,0,1,0,0
es,5,1648,0,0,1,1,1
es,5,1652,0,1,1,1,1
es,5,1654,0,0,0,0,0
es,5,1657,0,0,0,0,0
es,5,1661,0,0,0,0,0
es,5,1663,0,0,0,0,0
es,5,1677,0,0,0,0,0
es,5,1678,0,0,0,0,0
es,5,1683,0,0,0,0,0
es,5,1686,0,0,0,0,0
es,5,1688,0,1,1,0,1
es,5,1691,0,0,0,0,0
es,5,1701,0,0,0,0,0
es,5,1703,0,0,0,0,0
es,5,1707,0,1,1,1,1
es,5,1709,0,0,0,0,0
es,5,1712,0,0,0,0,0
es,5,1715,0,0,0,0,0
es,5,1720,0,1,1,0,1
es,5,1723,0,0,0,0,0
es,5,1734,0,0,0,0,0
es,5,1739,0,1,1,0,1
es,5,1748,0,0,0,1,0
es,5,1751,0,0,0,0,0
es,5,1754,0,0,0,0,0
es,5,1758,0,1,1,1,1
es,5,1764,0,0,0,0,0
es,5,1774,0,0,0,0,0
es,5,1776,1,0,1,1,1
es,5,1781,1,1,1,1,1
es,5,1784,1,1,1,1,1
es,5,1793,1,1,1,1,1
es,5,1796,1,1,1,1,1
es,5,1797,1,1,1,1,1
es,5,1804,1,0,1,1,1
es,5,1808,1,0,1,0,0
es,5,1818,1,1,1,1,1
es,5,1836,1,1,1,0,1
es,5,1837,1,1,1,1,1
es,5,1845,1,1,1,1,1
es,5,1851,1,0,1,0,0
es,5,1853,1,0,1,0,0
es,5,1864,1,0,1,1,1
es,5,1869,0,1,1,1,1
es,5,1871,0,0,1,0,0
es,5,1872,0,1,1,1,1
es,5,1879,0,0,1,0,0
es,5,1881,0,0,1,0,0
es,5,1889,0,0,1,0,0
es,5,1898,0,0,1,1,1
es,5,1901,0,0,1,0,0
es,5,1905,0,0,1,0,0
es,5,1907,0,0,0,0,0
es,5,1908,0,0,1,1,1
es,5,1909,0,1,1,0,1
es,5,1910,0,0,1,1,1
es,5,1911,0,0,0,0,0
es,5,1916,0,1,1,0,1
es,5,1917,0,1,1,1,1
es,5,1925,0,1,1,1,1
es,5,1930,0,1,1,0,1
es,5,1931,0,1,1,1,1
es,5,1936,0,0,1,1,1
es,5,1943,0,0,1,1,1
es,5,1951,0,0,1,1,1
es,5,1954,0,1,1,1,1
es,5,1955,0,1,1,1,1
es,5,1956,0,1,1,1,1
es,5,1960,0,1,1,1,1
es,5,1963,0,0,1,1,1
es,5,1968,0,0,0,0,0
es,5,1972,0,1,1,1,1
es,5,1973,0,0,1,1,1
es,5,1979,0,1,1,1,1
es,5,1980,1,0,0,0,0
es,5,1981,1,1,1,1,1
es,5,1982,1,1,1,1,1
es,5,1983,1,0,1,1,1
es,5,1988,1,1,1,0,1
es,5,1989,1,0,0,0,0
es,5,1990,1,0,1,1,1
es,5,1991,1,1,0,0,0
es,5,1999,1,1,1,1,1
es,5,2002,1,0,0,0,0
es,5,2004,1,1,0,0,0
es,5,2008,1,0,0,0,0
es,5,2009,1,0,0,0,0
es,5,2013,1,0,0,0,0
es,5,2014,1,1,1,1,1
es,5,2022,1,0,0,0,0
es,5,2038,0,0,0,0,0
es,5,2042,0,0,0,0,0
es,5,2045,0,0,0,0,0
es,5,2047,0,0,0,0,0
es,5,2060,0,0,1,0,0
es,5,2080,0,0,0,0,0
es,5,2081,0,0,0,1,0
es,5,2087,0,0,1,0,0
es,5,2090,0,0,0,0,0
es,5,2097,0,0,0,0,0
es,5,2099,0,0,0,0,0
es,5,2103,0,0,0,0,0
es,5,2109,0,0,1,1,1
es,5,2110,0,0,0,0,0
es,5,2111,0,1,0,0,0
es,5,2119,0,0,0,0,0
es,5,2122,0,0,0,0,0
es,5,2127,0,0,0,0,0
es,5,2146,0,0,0,0,0
es,5,2147,0,0,0,0,0
es,5,2176,0,0,0,0,0
es,5,2178,0,0,0,0,0
es,5,2180,0,0,1,1,1
es,5,2190,1,0,1,1,1
es,5,2196,1,0,1,1,1
es,5,2208,1,0,1,1,1
es,5,2210,1,1,1,1,1
es,5,2223,1,1,1,0,1
es,5,2224,1,1,1,1,1
es,5,2225,1,1,1,1,1
es,5,2235,1,1,1,1,1
es,5,2236,1,1,1,1,1
es,5,2243,1,1,1,1,1
es,5,2246,1,0,1,1,1
es,5,2247,1,1,1,1,1
es,5,2252,1,0,1,0,0
es,5,2266,1,1,1,0,1
es,5,2273,1,1,1,1,1
es,5,2276,1,1,1,1,1
es,5,2277,1,1,1,1,1
es,5,2278,1,1,0,0,0
es,5,2287,1,1,1,1,1
es,5,2289,1,1,1,1,1
es,5,2291,1,1,1,1,1
es,5,2301,0,1,1,1,1
es,5,2302,0,0,1,0,0
es,5,2304,0,0,1,0,0
es,5,2310,0,1,1,1,1
es,5,2315,0,1,1,1,1
es,5,2320,0,0,1,1,1
es,5,2321,0,0,0,0,0
es,5,2333,0,1,1,1,1
es,5,2340,0,0,1,0,0
es,5,2346,0,1,1,1,1
es,5,2347,0,1,1,0,1
es,5,2349,0,0,1,1,1
es,5,2370,0,0,1,0,0
es,5,2371,0,0,0,0,0
es,5,2383,0,0,1,0,0
es,5,2384,0,0,1,0,0
es,5,2392,0,1,1,1,1
cu,1,3,1,0,1,1,1
cu,1,6,1,1,0,0,0
cu,1,20,1,1,1,1,1
cu,1,23,1,1,1,1,1
cu,1,27,1,0,0,0,0
cu,1,32,1,0,0,0,0
cu,1,43,1,0,0,0,0
cu,1,46,1,0,1,1,1
cu,1,47,1,0,0,0,0
cu,1,52,1,1,0,1,1
cu,1,54,1,1,0,0,0
cu,1,63,1,0,0,1,0
cu,1,65,1,0,0,1,0
cu,1,70,1,0,0,1,0
cu,1,79,1,0,0,0,0
cu,1,85,1,1,1,1,1
cu,1,100,1,1,1,1,1
cu,1,109,1,1,1,1,1
cu,1,111,1,1,0,0,0
cu,1,114,1,0,0,0,0
cu,1,115,1,0,0,1,0
cu,1,117,1,0,0,0,0
cu,1,121,1,0,0,0,0
cu,1,125,1,0,0,0,0
cu,1,127,1,0,0,0,0
cu,1,128,1,0,0,0,0
cu,1,130,1,0,0,1,0
cu,1,140,0,0,0,0,0
cu,1,141,0,0,0,0,0
cu,1,147,0,0,0,0,0
cu,1,150,0,0,0,0,0
cu,1,151,0,0,0,0,0
cu,1,152,0,0,0,0,0
cu,1,164,0,0,0,0,0
cu,1,167,0,0,0,0,0
cu,1,174,0,0,0,0,0
cu,1,177,0,0,0,0,0
cu,1,193,0,0,0,0,0
cu,1,194,0,0,0,0,0
cu,1,204,0,1,0,1,1
cu,1,205,0,0,0,1,0
cu,1,208,0,0,0,0,0
cu,1,216,0,0,0,1,0
cu,1,221,0,0,0,0,0
cu,1,224,0,1,0,1,1
cu,1,231,0,0,0,0,0
cu,1,239,0,0,0,0,0
cu,1,242,0,0,0,0,0
cu,1,244,0,0,0,0,0
cu,1,246,0,0,0,0,0
cu,1,251,0,0,0,0,0
cu,1,255,0,0,0,0,0
cu,1,258,0,1,1,1,1
cu,1,265,0,0,0,0,0
cu,1,266,0,0,0,0,0
cu,1,268,0,0,0,0,0
cu,1,271,0,0,0,0,0
cu,1,275,0,0,0,0,0
cu,1,277,0,0,0,0,0
cu,1,280,0,0,0,0,0
cu,1,282,0,0,0,0,0
cu,1,284,0,0,1,1,1
cu,1,286,0,0,0,0,0
cu,1,297,0,1,0,0,0
cu,1,298,0,1,0,1,1
cu,1,301,0,1,1,1,1
cu,1,317,0,1,0,0,0
cu,1,318,0,0,0,0,0
cu,1,320,0,0,0,0,0
cu,1,326,0,0,0,0,0
cu,1,335,0,0,0,0,0
cu,1,342,0,0,1,1,1
cu,1,343,0,1,0,0,0
cu,1,345,0,0,0,1,0
cu,1,348,0,0,0,0,0
cu,1,352,0,0,0,0,0
cu,1,354,0,0,0,0,0
cu,1,369,0,0,0,0,0
cu,1,371,0,0,0,0,0
cu,1,372,0,0,0,1,0
cu,1,381,0,0,0,0,0
cu,1,392,0,0,0,0,0
cu,1,398,0,0,0,0,0
cu,1,399,0,1,0,0,0
cu,1,400,0,0,0,0,0
cu,1,401,0,0,0,0,0
cu,1,402,0,0,0,0,0
cu,1,403,0,0,1,1,1
cu,1,415,1,0,0,0,0
cu,1,417,1,0,0,0,0
cu,1,424,1,1,1,1,1
cu,1,426,1,1,1,1,1
cu,1,432,1,0,0,0,0
cu,1,440,1,1,1,1,1
cu,1,443,1,0,0,0,0
cu,1,446,1,0,0,1,0
cu,1,449,1,1,1,1,1
cu,1,462,1,0,0,0,0
cu,1,463,1,1,1,1,1
cu,1,470,1,1,1,1,1
cu,1,478,1,1,1,1,1
cu,1,483,1,0,0,0,0
cu,1,488,1,1,0,0,0
cu,1,490,1,1,0,0,0
cu,1,491,1,0,0,0,0
cu,1,493,1,0,0,0,0
cu,1,503,1,1,1,1,1
cu,1,504,1,1,1,1,1
cu,1,512,1,1,1,1,1
cu,1,516,1,0,1,1,1
cu,1,522,0,0,0,1,0
cu,1,524,0,0,0,0,0
cu,1,529,0,0,0,0,0
cu,1,534,0,1,1,1,1
cu,1,544,0,0,0,0,0
cu,1,564,0,0,0,0,0
cu,1,566,0,0,0,0,0
cu,1,578,0,0,0,1,0
cu,1,579,0,1,0,0,0
cu,1,584,0,1,0,1,1
cu,1,590,0,0,0,0,0
cu,1,596,0,1,1,1,1
cu,1,597,0,0,0,0,0
cu,1,598,0,0,0,0,0
cu,1,601,0,0,0,0,0
cu,1,609,0,0,0,0,0
cu,1,620,0,0,0,0,0
cu,1,626,0,0,0,0,0
cu,1,632,0,1,1,0,1
cu,1,635,0,0,0,0,0
cu,1,637,0,0,0,0,0
cu,1,640,0,0,0,0,0
cu,1,645,0,0,0,0,0
cu,1,648,0,1,1,1,1
cu,1,661,0,1,1,1,1
cu,1,663,0,0,0,0,0
cu,1,672,0,0,0,0,0
cu,1,674,0,0,0,0,0
cu,1,675,0,0,1,1,1
cu,1,684,0,0,0,0,0
cu,1,689,0,0,0,0,0
cu,1,690,0,0,0,0,0
cu,1,691,0,0,0,0,0
cu,1,704,0,0,0,0,0
cu,1,724,0,0,0,0,0
cu,1,725,0,1,0,0,0
cu,1,734,0,1,0,0,0
cu,1,735,0,1,1,1,1
cu,1,736,0,1,1,0,1
cu,1,741,1,1,1,1,1
cu,1,742,1,1,1,1,1
cu,1,750,1,0,0,0,0
cu,1,754,1,1,1,1,1
cu,1,762,1,0,0,0,0
cu,1,763,1,0,0,0,0
cu,1,767,1,0,0,1,0
cu,1,777,1,0,0,1,0
cu,1,784,1,1,1,1,1
cu,1,786,1,0,0,0,0
cu,1,787,1,1,1,1,1
cu,1,802,1,0,1,1,1
cu,1,805,1,1,0,1,1
cu,1,810,1,1,1,1,1
cu,1,811,1,0,1,1,1
cu,1,812,1,1,1,1,1
cu,1,814,1,0,0,0,0
cu,1,819,1,1,1,1,1
cu,1,826,1,0,0,0,0
cu,1,833,1,1,1,1,1
cu,1,838,1,0,0,1,0
cu,1,842,0,1,0,0,0
cu,1,845,0,1,0,0,0
cu,1,856,0,0,0,0,0
cu,1,858,0,0,0,0,0
cu,1,861,0,0,0,1,0
cu,1,864,0,0,0,0,0
cu,1,869,0,1,0,0,0
cu,1,877,0,0,0,0,0
cu,1,885,0,0,0,0,0
cu,1,889,0,0,1,1,1
cu,1,894,0,1,1,1,1
cu,1,896,0,0,0,0,0
cu,1,902,0,1,0,0,0
cu,1,904,0,0,0,0,0
cu,1,905,0,0,0,0,0
cu,1,910,0,0,0,0,0
cu,1,914,0,1,0,0,0
cu,1,925,0,0,0,0,0
cu,1,931,0,1,0,1,1
cu,1,934,0,0,1,1,1
cu,1,938,0,0,0,0,0
cu,1,949,0,0,0,0,0
cu,1,950,0,1,0,0,0
cu,1,952,0,0,0,0,0
cu,1,953,0,0,0,0,0
cu,1,955,0,0,0,1,0
cu,1,964,0,0,0,0,0
cu,1,965,0,0,0,0,0
cu,1,967,0,0,0,0,0
cu,1,974,0,0,0,0,0
cu,1,978,0,0,0,0,0
cu,1,981,0,0,0,0,0
cu,1,982,0,0,0,1,0
cu,1,995,0,0,0,0,0
cu,1,997,0,0,0,0,0
cu,1,1009,0,1,0,1,1
cu,1,1010,0,1,1,1,1
cu,1,1023,0,0,0,0,0
cu,1,1024,0,0,0,0,0
cu,1,1025,0,0,1,1,1
cu,1,1032,0,0,0,0,0
cu,1,1037,0,0,0,0,0
cu,1,1060,1,0,0,0,0
cu,1,1062,1,0,0,0,0
cu,1,1067,1,0,0,0,0
cu,1,1073,1,1,1,1,1
cu,1,1077,1,0,0,0,0
cu,1,1081,1,0,1,1,1
cu,1,1089,1,0,0,0,0
cu,1,1090,1,1,1,1,1
cu,1,1098,1,0,1,1,1
cu,1,1101,1,0,0,0,0
cu,1,1114,1,0,1,1,1
cu,1,1115,1,1,1,1,1
cu,1,1124,1,0,0,0,0
cu,1,1125,1,0,0,0,0
cu,1,1127,1,0,0,1,0
cu,1,1130,1,0,0,0,0
cu,1,1141,0,0,1,1,1
cu,1,1157,0,0,0,0,0
cu,1,1159,0,0,0,0,0
cu,1,1164,0,0,0,0,0
cu,1,1165,0,0,0,0,0
cu,1,1170,0,0,0,0,0
cu,1,1175,0,1,0,0,0
cu,1,1182,0,1,1,1,1
cu,1,1190,0,0,0,0,0
cu,1,1194,0,0,0,0,0
cu,1,1207,0,0,0,0,0
cu,1,1209,0,0,0,0,0
cu,1,1219,0,1,0,1,1
cu,1,1233,0,1,1,0,1
cu,1,1242,0,0,0,0,0
cu,1,1245,0,0,0,0,0
cu,1,1248,0,1,1,1,1
cu,1,1259,0,1,1,1,1
cu,1,1262,0,1,0,0,0
cu,1,1266,0,0,0,0,0
cu,1,1271,0,0,0,0,0
cu,1,1273,0,1,0,1,1
cu,1,1276,0,1,0,1,1
cu,1,1284,0,0,1,1,1
cu,1,1289,0,0,0,1,0
cu,1,1292,0,0,0,0,0
cu,1,1297,0,0,0,0,0
cu,1,1310,0,0,0,0,0
cu,1,1312,0,0,0,0,0
cu,1,1315,0,1,1,1,1
cu,1,1317,1,1,1,1,1
cu,1,1321,1,1,1,1,1
cu,1,1332,1,1,1,1,1
cu,1,1345,1,1,0,1,1
cu,1,1350,1,1,0,0,0
cu,1,1358,1,1,1,1,1
cu,1,1360,1,1,0,0,0
cu,1,1371,1,1,1,1,1
cu,1,1372,1,0,0,1,0
cu,1,1379,1,1,1,1,1
cu,1,1380,1,1,0,0,0
cu,1,1381,1,1,1,1,1
cu,1,1386,1,1,0,0,0
cu,1,1397,1,1,1,1,1
cu,1,1398,1,1,0,0,0
cu,1,1404,1,0,0,0,0
cu,1,1406,1,1,1,1,1
cu,1,1415,0,0,0,1,0
cu,1,1417,0,0,0,0,0
cu,1,1420,0,1,0,0,0
cu,1,1421,0,1,1,1,1
cu,1,1424,0,0,0,0,0
cu,1,1428,0,0,0,0,0
cu,1,1434,0,0,0,0,0
cu,1,1445,0,1,0,0,0
cu,1,1447,0,0,0,0,0
cu,1,1449,0,0,0,0,0
cu,1,1452,0,1,1,0,1
cu,1,1453,0,0,0,0,0
cu,1,1459,0,0,0,0,0
cu,1,1460,0,1,0,1,1
cu,1,1462,0,0,0,0,0
cu,1,1469,0,0,0,0,0
cu,1,1471,0,0,0,0,0
cu,1,1474,0,0,0,0,0
cu,1,1475,0,0,0,0,0
cu,1,1478,0,0,0,0,0
cu,1,1479,0,1,0,0,0
cu,1,1481,0,1,0,1,1
cu,1,1483,0,1,1,0,1
cu,1,1490,0,0,0,0,0
cu,1,1491,0,0,0,0,0
cu,1,1500,0,0,0,0,0
cu,1,1504,0,1,0,0,0
cu,1,1507,0,0,0,0,0
cu,1,1509,0,0,0,0,0
cu,1,1522,0,1,1,1,1
cu,1,1523,0,1,0,0,0
cu,1,1530,0,1,0,1,1
cu,1,1537,0,1,0,0,0
cu,1,1551,0,0,0,0,0
cu,1,1556,0,0,0,0,0
cu,1,1558,0,0,0,0,0
cu,1,1559,0,0,1,1,1
cu,1,1566,0,0,0,0,0
cu,1,1570,0,0,0,0,0
cu,1,1581,0,0,0,1,0
cu,1,1584,0,0,0,0,0
cu,1,1585,0,0,0,0,0
cu,1,1592,1,1,1,1,1
cu,1,1594,1,0,0,0,0
cu,1,1595,1,0,0,0,0
cu,1,1601,1,0,0,0,0
cu,1,1604,1,1,1,1,1
cu,1,1606,1,1,1,0,1
cu,1,1608,1,1,0,1,1
cu,1,1609,1,1,1,1,1
cu,1,1613,1,0,0,0,0
cu,1,1616,1,0,1,1,1
cu,1,1618,1,1,1,1,1
cu,1,1624,1,0,0,0,0
cu,1,1629,1,1,1,1,1
cu,1,1633,1,1,1,1,1
cu,1,1640,1,1,1,1,1
cu,1,1645,1,1,1,1,1
cu,1,1648,1,1,1,1,1
cu,1,1653,1,0,0,0,0
cu,1,1654,1,0,0,0,0
cu,1,1660,1,1,1,1,1
cu,1,1666,1,1,1,1,1
cu,1,1668,1,0,0,0,0
cu,1,1669,1,1,1,1,1
cu,1,1670,1,1,1,1,1
cu,1,1677,0,0,0,0,0
cu,1,1684,0,0,0,1,0
cu,1,1686,0,1,1,1,1
cu,1,1691,0,0,0,0,0
cu,1,1703,0,0,0,0,0
cu,1,1709,0,1,0,1,1
cu,1,1711,0,0,1,1,1
cu,1,1714,0,0,0,0,0
cu,1,1721,0,0,0,0,0
cu,1,1723,0,1,1,1,1
cu,1,1725,0,0,0,1,0
cu,1,1730,0,0,1,1,1
cu,1,1733,0,0,0,0,0
cu,1,1737,0,0,1,0,0
cu,1,1745,0,0,1,1,1
cu,1,1746,0,0,0,0,0
cu,1,1751,0,0,0,0,0
cu,1,1756,0,0,0,1,0
cu,1,1760,0,1,1,1,1
cu,1,1761,0,0,0,0,0
cu,1,1768,0,0,1,1,1
cu,1,1769,0,1,1,0,1
cu,1,1776,0,0,1,1,1
cu,1,1783,0,0,0,0,0
cu,1,1804,0,0,1,1,1
cu,1,1807,0,0,0,0,0
cu,1,1817,0,0,0,0,0
cu,1,1818,0,1,0,0,0
cu,1,1819,0,0,0,0,0
cu,1,1838,0,1,0,1,1
cu,1,1839,0,0,0,0,0
cu,1,1845,0,0,0,0,0
cu,1,1856,1,1,1,1,1
cu,1,1886,1,1,1,1,1
cu,1,1891,1,0,0,0,0
cu,1,1892,1,0,0,0,0
cu,1,1894,1,1,1,1,1
cu,1,1898,1,1,1,1,1
cu,1,1901,1,1,1,1,1
cu,1,1903,1,1,1,1,1
cu,1,1927,0,0,0,0,0
cu,1,1930,0,0,0,0,0
cu,1,1931,0,0,0,0,0
cu,1,1934,0,0,0,1,0
cu,1,1939,0,0,0,0,0
cu,1,1945,0,0,0,0,0
cu,1,1946,0,0,0,0,0
cu,1,1953,0,0,0,0,0
cu,1,1955,0,1,0,0,0
cu,1,1965,0,0,0,0,0
cu,1,1968,0,0,0,0,0
cu,1,1972,0,0,0,0,0
cu,1,1973,0,0,0,0,0
cu,1,1975,0,0,0,0,0
cu,1,1988,0,1,0,0,0
cu,1,1990,0,0,0,0,0
cu,1,1991,0,1,0,0,0
cu,1,1994,0,0,0,0,0
cu,1,1995,0,0,0,0,0
cu,1,2005,0,0,0,0,0
cu,1,2012,0,0,0,0,0
cu,1,2013,0,0,0,0,0
cu,1,2031,0,0,0,0,0
cu,1,2032,0,0,0,0,0
cu,1,2037,0,0,0,1,0
cu,1,2043,0,0,0,0,0
cu,1,2046,0,0,0,0,0
cu,1,2050,0,1,0,0,0
cu,1,2059,0,0,0,0,0
cu,1,2065,0,0,0,0,0
cu,1,2066,0,1,0,0,0
cu,1,2067,0,0,0,0,0
cu,1,2074,1,0,0,1,0
cu,1,2076,1,1,1,1,1
cu,1,2091,1,1,1,1,1
cu,1,2105,1,1,1,0,1
cu,1,2109,1,0,0,0,0
cu,1,2126,1,1,1,0,1
cu,1,2127,1,0,0,0,0
cu,1,2142,0,0,0,0,0
cu,1,2143,0,0,1,0,0
cu,1,2154,0,1,0,0,0
cu,1,2157,0,0,0,0,0
cu,1,2159,0,0,0,0,0
cu,1,2162,0,0,0,0,0
cu,1,2168,0,0,0,1,0
cu,1,2169,0,1,1,1,1
cu,1,2171,0,0,0,0,0
cu,1,2177,0,1,1,0,1
cu,1,2191,0,0,0,0,0
cu,1,2194,0,0,0,0,0
cu,1,2199,0,0,0,0,0
cu,1,2200,0,0,0,0,0
cu,1,2203,0,0,0,1,0
cu,1,2209,0,0,0,0,0
cu,1,2212,0,0,0,0,0
cu,1,2224,0,1,1,1,1
cu,1,2230,0,0,0,0,0
cu,1,2235,1,0,1,1,1
cu,1,2236,1,0,1,1,1
cu,1,2237,1,0,0,1,0
cu,1,2240,1,0,0,0,0
cu,1,2244,1,1,1,1,1
cu,1,2250,1,1,1,1,1
cu,1,2251,1,1,0,1,1
cu,1,2252,1,0,1,0,0
cu,1,2262,1,0,0,0,0
cu,1,2264,1,0,0,0,0
cu,1,2265,1,0,0,1,0
cu,1,2270,1,1,1,1,1
cu,1,2271,1,0,0,0,0
cu,1,2280,1,1,1,1,1
cu,1,2281,1,0,0,0,0
cu,1,2282,1,1,1,0,1
cu,1,2283,1,1,1,1,1
cu,1,2288,1,0,0,1,0
cu,1,2298,0,0,0,0,0
cu,1,2302,0,1,0,0,0
cu,1,2313,0,0,1,1,1
cu,1,2321,0,0,0,0,0
cu,1,2322,0,0,0,1,0
cu,1,2329,0,0,0,0,0
cu,1,2335,0,1,0,0,0
cu,1,2339,0,1,0,0,0
cu,1,2340,0,1,1,1,1
cu,1,2343,0,0,0,0,0
cu,1,2350,0,0,0,1,0
cu,1,2353,0,1,1,1,1
cu,1,2360,0,0,1,1,1
cu,1,2361,0,0,0,1,0
cu,1,2370,0,0,0,0,0
cu,1,2373,0,1,0,0,0
cu,1,2374,0,0,0,0,0
cu,1,2376,0,0,0,0,0
cu,1,2378,0,0,1,0,0
cu,1,2384,0,0,0,0,0
cu,1,2388,0,0,0,0,0
cu,1,2394,0,0,0,0,0
cu,1,2399,0,0,0,0,0
cu,2,2,1,1,0,0,0
cu,2,7,1,1,0,0,0
cu,2,9,1,1,1,1,1
cu,2,19,1,1,1,1,1
cu,2,38,1,0,0,0,0
cu,2,39,1,0,0,0,0
cu,2,44,1,0,0,1,0
cu,2,45,1,0,0,0,0
cu,2,51,1,1,0,0,0
cu,2,59,1,0,0,0,0
cu,2,61,1,1,1,1,1
cu,2,66,1,0,1,0,0
cu,2,67,1,1,1,1,1
cu,2,72,1,0,1,0,0
cu,2,80,1,0,0,0,0
cu,2,82,1,1,1,1,1
cu,2,99,1,1,0,1,1
cu,2,102,1,1,1,1,1
cu,2,110,1,1,1,1,1
cu,2,112,1,1,1,0,1
cu,2,122,1,0,0,0,0
cu,2,144,0,0,0,0,0
cu,2,145,0,1,1,1,1
cu,2,146,0,0,0,0,0
cu,2,154,0,0,0,0,0
cu,2,155,0,0,0,0,0
cu,2,159,0,0,0,0,0
cu,2,166,0,0,0,0,0
cu,2,169,0,0,0,0,0
cu,2,172,0,0,0,0,0
cu,2,180,0,1,0,0,0
cu,2,182,0,0,0,0,0
cu,2,183,0,0,0,0,0
cu,2,185,0,0,0,0,0
cu,2,186,0,0,0,0,0
cu,2,190,0,0,0,0,0
cu,2,199,0,0,0,0,0
cu,2,202,0,1,1,1,1
cu,2,207,0,0,0,0,0
cu,2,209,0,0,0,0,0
cu,2,218,0,0,0,0,0
cu,2,220,0,0,0,0,0
cu,2,223,0,0,0,0,0
cu,2,226,0,0,0,0,0
cu,2,228,0,0,0,0,0
cu,2,230,0,1,1,0,1
cu,2,236,0,0,0,0,0
cu,2,237,0,0,0,0,0
cu,2,243,0,0,0,0,0
cu,2,264,0,0,0,0,0
cu,2,288,0,0,0,0,0
cu,2,290,0,0,0,0,0
cu,2,299,0,0,0,0,0
cu,2,303,0,0,0,0,0
cu,2,314,0,0,0,0,0
cu,2,316,0,0,0,0,0
cu,2,325,0,0,0,1,0
cu,2,327,0,0,0,1,0
cu,2,340,0,0,0,0,0
cu,2,355,0,1,1,0,1
cu,2,358,0,0,1,1,1
cu,2,360,0,0,0,0,0
cu,2,361,0,1,0,0,0
cu,2,367,0,1,1,1,1
cu,2,370,0,1,0,0,0
cu,2,376,0,0,0,0,0
cu,2,386,0,0,0,0,0
cu,2,387,0,0,0,0,0
cu,2,394,0,0,0,0,0
cu,2,407,0,0,1,1,1
cu,2,409,0,0,0,1,0
cu,2,413,1,1,0,0,0
cu,2,416,1,1,1,1,1
cu,2,418,1,0,0,0,0
cu,2,421,1,0,0,0,0
cu,2,428,1,0,0,0,0
cu,2,431,1,0,0,0,0
cu,2,433,1,0,0,0,0
cu,2,437,1,1,1,1,1
cu,2,441,1,1,1,0,1
cu,2,455,1,1,1,1,1
cu,2,468,1,0,0,1,0
cu,2,484,1,0,1,0,0
cu,2,485,1,0,0,0,0
cu,2,486,1,1,0,0,0
cu,2,492,1,0,0,0,0
cu,2,496,1,0,0,0,0
cu,2,498,1,1,1,1,1
cu,2,501,1,1,1,1,1
cu,2,505,1,0,0,0,0
cu,2,508,1,1,1,1,1
cu,2,515,1,0,1,0,0
cu,2,520,0,0,0,1,0
cu,2,523,0,0,0,0,0
cu,2,528,0,0,0,0,0
cu,2,540,0,0,0,0,0
cu,2,542,0,0,0,0,0
cu,2,547,0,0,0,0,0
cu,2,550,0,1,0,0,0
cu,2,558,0,1,0,0,0
cu,2,559,0,1,0,0,0
cu,2,571,0,1,1,1,1
cu,2,573,0,0,0,0,0
cu,2,580,0,1,0,0,0
cu,2,581,0,0,0,0,0
cu,2,582,0,0,0,0,0
cu,2,583,0,0,0,0,0
cu,2,586,0,1,1,1,1
cu,2,594,0,0,0,0,0
cu,2,599,0,0,0,0,0
cu,2,606,0,1,1,1,1
cu,2,611,0,0,0,0,0
cu,2,612,0,0,0,0,0
cu,2,613,0,0,0,0,0
cu,2,616,0,0,0,0,0
cu,2,621,0,0,0,1,0
cu,2,636,0,0,0,0,0
cu,2,649,0,0,0,0,0
cu,2,650,0,0,0,0,0
cu,2,651,0,1,1,1,1
cu,2,652,0,1,1,0,1
cu,2,653,0,1,0,0,0
cu,2,655,0,0,0,0,0
cu,2,658,0,0,0,0,0
cu,2,667,0,0,0,1,0
cu,2,669,0,1,0,0,0
cu,2,677,0,1,0,1,1
cu,2,678,0,0,0,0,0
cu,2,683,0,0,1,0,0
cu,2,694,0,0,0,0,0
cu,2,700,0,0,0,0,0
cu,2,702,0,0,0,0,0
cu,2,703,0,1,1,0,1
cu,2,705,0,0,0,0,0
cu,2,712,0,0,0,0,0
cu,2,716,0,0,0,0,0
cu,2,720,0,0,0,0,0
cu,2,726,0,0,0,0,0
cu,2,733,0,0,0,0,0
cu,2,738,0,1,1,1,1
cu,2,740,1,0,0,0,0
cu,2,744,1,0,0,0,0
cu,2,749,1,1,1,1,1
cu,2,751,1,1,1,1,1
cu,2,752,1,1,0,0,0
cu,2,755,1,1,0,0,0
cu,2,757,1,0,0,0,0
cu,2,758,1,1,1,1,1
cu,2,759,1,1,1,1,1
cu,2,764,1,1,1,1,1
cu,2,765,1,0,0,0,0
cu,2,766,1,1,1,1,1
cu,2,768,1,1,1,0,1
cu,2,773,1,1,1,1,1
cu,2,774,1,0,0,1,0
cu,2,778,1,0,0,0,0
cu,2,782,1,0,0,0,0
cu,2,783,1,1,1,1,1
cu,2,788,1,0,1,1,1
cu,2,792,1,1,1,1,1
cu,2,803,1,1,0,0,0
cu,2,804,1,1,1,0,1
cu,2,806,1,1,1,1,1
cu,2,816,1,1,1,1,1
cu,2,825,1,0,0,0,0
cu,2,832,1,0,0,0,0
cu,2,836,1,1,1,0,1
cu,2,839,0,0,0,0,0
cu,2,841,0,1,0,1,1
cu,2,843,0,0,0,0,0
cu,2,857,0,0,0,0,0
cu,2,867,0,0,0,1,0
cu,2,876,0,0,1,1,1
cu,2,878,0,0,0,0,0
cu,2,886,0,0,0,0,0
cu,2,890,0,1,0,0,0
cu,2,892,0,0,0,0,0
cu,2,906,0,0,0,0,0
cu,2,908,0,0,0,0,0
cu,2,922,0,0,0,0,0
cu,2,924,0,0,0,0,0
cu,2,932,0,0,0,0,0
cu,2,933,0,0,0,0,0
cu,2,937,0,0,0,1,0
cu,2,941,0,0,0,0,0
cu,2,942,0,0,0,0,0
cu,2,943,0,0,0,0,0
cu,2,948,0,0,0,0,0
cu,2,951,0,0,0,0,0
cu,2,959,0,0,0,0,0
cu,2,960,0,0,0,0,0
cu,2,961,0,0,0,0,0
cu,2,963,0,0,0,0,0
cu,2,966,0,0,0,0,0
cu,2,969,0,0,0,0,0
cu,2,970,0,0,0,0,0
cu,2,971,0,0,0,0,0
cu,2,985,0,0,0,0,0
cu,2,1006,0,0,0,0,0
cu,2,1016,0,1,1,1,1
cu,2,1018,0,1,0,0,0
cu,2,1020,0,0,0,0,0
cu,2,1027,0,0,0,0,0
cu,2,1034,0,0,0,0,0
cu,2,1036,0,0,0,0,0
cu,2,1039,0,0,0,0,0
cu,2,1041,1,0,0,1,0
cu,2,1042,1,1,1,1,1
cu,2,1047,1,1,1,1,1
cu,2,1049,1,0,0,0,0
cu,2,1066,1,0,0,1,0
cu,2,1069,1,1,1,1,1
cu,2,1075,1,1,1,1,1
cu,2,1080,1,0,0,0,0
cu,2,1084,1,0,0,0,0
cu,2,1086,1,0,0,0,0
cu,2,1087,1,0,0,0,0
cu,2,1093,1,0,0,0,0
cu,2,1094,1,0,0,0,0
cu,2,1099,1,1,1,1,1
cu,2,1112,1,1,1,0,1
cu,2,1120,1,0,0,0,0
cu,2,1136,0,0,0,0,0
cu,2,1137,0,0,0,1,0
cu,2,1138,0,1,0,1,1
cu,2,1142,0,0,0,0,0
cu,2,1152,0,0,0,0,0
cu,2,1153,0,0,0,0,0
cu,2,1173,0,0,0,0,0
cu,2,1181,0,0,1,1,1
cu,2,1183,0,0,1,1,1
cu,2,1185,0,0,0,0,0
cu,2,1195,0,0,0,0,0
cu,2,1196,0,0,0,0,0
cu,2,1197,0,0,0,0,0
cu,2,1199,0,0,0,0,0
cu,2,1200,0,0,0,0,0
cu,2,1206,0,0,0,0,0
cu,2,1210,0,0,0,1,0
cu,2,1212,0,0,0,0,0
cu,2,1220,0,0,0,0,0
cu,2,1226,0,0,0,0,0
cu,2,1229,0,0,0,0,0
cu,2,1232,0,0,0,0,0
cu,2,1237,0,0,0,0,0
cu,2,1240,0,0,0,0,0
cu,2,1270,0,0,0,1,0
cu,2,1282,0,0,0,0,0
cu,2,1285,0,0,1,0,0
cu,2,1290,0,1,0,1,1
cu,2,1291,0,0,0,0,0
cu,2,1293,0,0,0,0,0
cu,2,1296,0,0,0,0,0
cu,2,1299,0,1,1,1,1
cu,2,1300,0,0,0,0,0
cu,2,1302,0,0,0,0,0
cu,2,1304,0,0,0,1,0
cu,2,1306,0,0,0,0,0
cu,2,1307,0,0,0,0,0
cu,2,1308,0,0,0,0,0
cu,2,1309,0,0,0,0,0
cu,2,1314,0,0,0,0,0
cu,2,1319,1,0,1,0,0
cu,2,1327,1,1,0,0,0
cu,2,1341,1,0,0,0,0
cu,2,1349,1,1,1,1,1
cu,2,1354,1,1,1,1,1
cu,2,1355,1,0,0,0,0
cu,2,1357,1,0,0,0,0
cu,2,1361,1,0,0,0,0
cu,2,1364,1,0,0,0,0
cu,2,1365,1,1,1,1,1
cu,2,1366,1,0,0,0,0
cu,2,1368,1,0,0,0,0
cu,2,1369,1,1,1,1,1
cu,2,1373,1,0,0,0,0
cu,2,1376,1,1,1,1,1
cu,2,1384,1,0,0,0,0
cu,2,1389,1,0,0,0,0
cu,2,1395,1,1,1,0,1
cu,2,1400,1,1,1,1,1
cu,2,1402,1,0,0,0,0
cu,2,1403,1,0,0,0,0
cu,2,1405,1,1,1,1,1
cu,2,1408,0,0,0,0,0
cu,2,1422,0,0,0,0,0
cu,2,1423,0,0,0,0,0
cu,2,1427,0,0,0,0,0
cu,2,1432,0,0,0,0,0
cu,2,1435,0,0,0,0,0
cu,2,1450,0,0,0,0,0
cu,2,1451,0,0,0,0,0
cu,2,1470,0,0,0,0,0
cu,2,1489,0,0,0,0,0
cu,2,1498,0,0,0,0,0
cu,2,1502,0,0,0,0,0
cu,2,1503,0,0,0,0,0
cu,2,1505,0,0,0,0,0
cu,2,1506,0,0,0,0,0
cu,2,1517,0,0,1,0,0
cu,2,1518,0,0,0,0,0
cu,2,1525,0,0,0,0,0
cu,2,1527,0,0,0,0,0
cu,2,1531,0,1,1,1,1
cu,2,1532,0,1,1,1,1
cu,2,1544,0,1,1,0,1
cu,2,1546,0,0,0,0,0
cu,2,1553,0,0,0,0,0
cu,2,1555,0,0,0,0,0
cu,2,1574,0,0,0,0,0
cu,2,1577,0,0,0,0,0
cu,2,1578,0,1,0,0,0
cu,2,1583,0,1,1,1,1
cu,2,1588,0,1,1,0,1
cu,2,1589,0,0,0,0,0
cu,2,1593,1,1,1,1,1
cu,2,1599,1,1,1,1,1
cu,2,1620,1,1,0,1,1
cu,2,1626,1,0,0,0,0
cu,2,1628,1,0,0,0,0
cu,2,1631,1,0,0,0,0
cu,2,1638,1,0,0,1,0
cu,2,1644,1,1,0,0,0
cu,2,1652,1,0,0,0,0
cu,2,1658,1,0,0,0,0
cu,2,1662,1,1,1,1,1
cu,2,1664,1,0,0,0,0
cu,2,1671,1,0,1,0,0
cu,2,1672,1,0,0,0,0
cu,2,1674,1,0,0,1,0
cu,2,1679,0,0,0,0,0
cu,2,1682,0,0,0,0,0
cu,2,1683,0,0,0,0,0
cu,2,1697,0,0,0,1,0
cu,2,1699,0,0,0,0,0
cu,2,1701,0,0,0,0,0
cu,2,1705,0,0,0,0,0
cu,2,1706,0,1,0,1,1
cu,2,1715,0,0,0,0,0
cu,2,1724,0,0,0,0,0
cu,2,1734,0,0,0,0,0
cu,2,1739,0,0,0,0,0
cu,2,1740,0,0,0,0,0
cu,2,1750,0,0,0,0,0
cu,2,1752,0,0,0,0,0
cu,2,1754,0,0,0,0,0
cu,2,1763,0,0,0,0,0
cu,2,1766,0,0,1,0,0
cu,2,1775,0,1,0,0,0
cu,2,1777,0,1,1,0,1
cu,2,1779,0,0,0,0,0
cu,2,1781,0,0,0,0,0
cu,2,1786,0,0,1,0,0
cu,2,1789,0,0,0,0,0
cu,2,1792,0,0,0,0,0
cu,2,1793,0,1,1,1,1
cu,2,1801,0,1,1,1,1
cu,2,1816,0,0,0,0,0
cu,2,1824,0,0,0,0,0
cu,2,1826,0,0,0,0,0
cu,2,1827,0,0,0,0,0
cu,2,1828,0,0,0,0,0
cu,2,1835,0,0,0,0,0
cu,2,1840,0,0,0,0,0
cu,2,1841,0,0,0,0,0
cu,2,1846,0,1,0,0,0
cu,2,1848,0,0,0,0,0
cu,2,1849,1,0,0,0,0
cu,2,1855,1,0,0,0,0
cu,2,1858,1,0,0,0,0
cu,2,1863,1,1,0,1,1
cu,2,1868,1,1,1,1,1
cu,2,1872,1,0,0,0,0
cu,2,1875,1,0,0,0,0
cu,2,1883,1,0,0,0,0
cu,2,1885,1,1,1,1,1
cu,2,1889,1,1,1,1,1
cu,2,1890,1,0,0,0,0
cu,2,1895,1,1,1,1,1
cu,2,1905,1,0,0,0,0
cu,2,1917,1,1,1,1,1
cu,2,1928,0,0,0,0,0
cu,2,1935,0,0,0,0,0
cu,2,1937,0,0,0,0,0
cu,2,1942,0,0,0,0,0
cu,2,1943,0,0,0,0,0
cu,2,1951,0,0,0,0,0
cu,2,1952,0,0,0,0,0
cu,2,1966,0,0,0,0,0
cu,2,1976,0,0,0,0,0
cu,2,1978,0,1,1,1,1
cu,2,1980,0,0,0,0,0
cu,2,1981,0,0,0,0,0
cu,2,1989,0,0,0,0,0
cu,2,1996,0,1,1,1,1
cu,2,2002,0,1,0,0,0
cu,2,2007,0,0,0,0,0
cu,2,2018,0,0,0,0,0
cu,2,2022,0,0,0,0,0
cu,2,2024,0,0,0,0,0
cu,2,2030,0,0,0,0,0
cu,2,2035,0,0,0,0,0
cu,2,2047,0,0,0,0,0
cu,2,2063,0,0,0,0,0
cu,2,2064,0,0,0,0,0
cu,2,2069,0,0,0,0,0
cu,2,2073,1,1,1,1,1
cu,2,2075,1,0,0,0,0
cu,2,2088,1,0,0,0,0
cu,2,2092,1,1,1,1,1
cu,2,2093,1,1,1,1,1
cu,2,2095,1,0,0,0,0
cu,2,2096,1,1,1,1,1
cu,2,2098,1,1,1,1,1
cu,2,2104,1,1,1,1,1
cu,2,2107,1,0,1,1,1
cu,2,2110,1,1,1,1,1
cu,2,2111,1,0,0,0,0
cu,2,2112,1,1,0,1,1
cu,2,2114,1,1,0,1,1
cu,2,2115,1,0,0,1,0
cu,2,2120,1,0,0,0,0
cu,2,2121,1,1,0,0,0
cu,2,2130,0,0,0,1,0
cu,2,2131,0,0,0,0,0
cu,2,2132,0,0,0,0,0
cu,2,2134,0,0,0,0,0
cu,2,2135,0,0,0,0,0
cu,2,2140,0,0,0,0,0
cu,2,2148,0,0,0,0,0
cu,2,2152,0,0,1,1,1
cu,2,2153,0,0,0,0,0
cu,2,2160,0,0,0,1,0
cu,2,2161,0,0,0,0,0
cu,2,2165,0,1,0,1,1
cu,2,2186,0,0,0,0,0
cu,2,2189,0,0,0,1,0
cu,2,2201,0,0,0,0,0
cu,2,2207,0,0,0,0,0
cu,2,2213,0,0,0,0,0
cu,2,2214,0,0,0,1,0
cu,2,2215,0,0,1,0,0
cu,2,2216,0,1,1,0,1
cu,2,2218,0,0,0,0,0
cu,2,2226,0,1,1,1,1
cu,2,2227,0,0,0,1,0
cu,2,2228,0,1,1,1,1
cu,2,2243,1,1,1,0,1
cu,2,2256,1,0,0,0,0
cu,2,2260,1,1,0,0,0
cu,2,2261,1,1,1,1,1
cu,2,2263,1,0,1,0,0
cu,2,2266,1,0,0,0,0
cu,2,2275,1,0,1,0,0
cu,2,2290,0,0,0,0,0
cu,2,2294,0,0,1,1,1
cu,2,2304,0,0,0,0,0
cu,2,2305,0,0,0,0,0
cu,2,2306,0,1,0,0,0
cu,2,2307,0,1,1,1,1
cu,2,2308,0,0,0,0,0
cu,2,2312,0,0,0,0,0
cu,2,2314,0,0,0,0,0
cu,2,2316,0,0,0,0,0
cu,2,2318,0,0,0,0,0
cu,2,2324,0,0,0,0,0
cu,2,2327,0,0,0,0,0
cu,2,2334,0,1,1,1,1
cu,2,2336,0,0,0,0,0
cu,2,2337,0,0,1,0,0
cu,2,2338,0,0,0,0,0
cu,2,2363,0,0,0,0,0
cu,2,2365,0,0,0,1,0
cu,2,2366,0,0,0,0,0
cu,2,2368,0,0,1,1,1
cu,2,2377,0,0,0,0,0
cu,2,2386,0,0,0,0,0
cu,2,2387,0,0,0,0,0
cu,2,2392,0,0,0,0,0
cu,2,2396,0,1,1,1,1
cu,3,0,1,1,0,0,0
cu,3,1,1,1,1,1,1
cu,3,11,1,0,0,0,0
cu,3,12,1,1,1,1,1
cu,3,13,1,0,1,1,1
cu,3,14,1,1,1,1,1
cu,3,15,1,1,0,0,0
cu,3,18,1,1,1,1,1
cu,3,28,1,0,0,0,0
cu,3,29,1,1,1,1,1
cu,3,31,1,1,0,1,1
cu,3,40,1,1,1,1,1
cu,3,42,1,1,1,1,1
cu,3,48,1,0,0,1,0
cu,3,50,1,0,0,0,0
cu,3,53,1,1,1,1,1
cu,3,69,1,0,0,0,0
cu,3,73,1,0,0,0,0
cu,3,75,1,0,0,0,0
cu,3,83,1,1,1,1,1
cu,3,86,1,0,0,1,0
cu,3,88,1,1,1,1,1
cu,3,94,1,0,0,0,0
cu,3,95,1,1,1,1,1
cu,3,96,1,1,0,0,0
cu,3,108,1,1,0,0,0
cu,3,132,1,1,1,1,1
cu,3,136,1,0,0,0,0
cu,3,137,0,1,0,1,1
cu,3,142,0,0,0,0,0
cu,3,148,0,0,0,0,0
cu,3,157,0,1,0,1,1
cu,3,158,0,0,0,0,0
cu,3,168,0,0,0,0,0
cu,3,170,0,1,0,0,0
cu,3,175,0,0,0,0,0
cu,3,184,0,1,1,1,1
cu,3,191,0,1,1,1,1
cu,3,192,0,0,0,0,0
cu,3,198,0,0,0,0,0
cu,3,203,0,0,0,0,0
cu,3,211,0,1,1,1,1
cu,3,212,0,1,1,1,1
cu,3,215,0,1,1,0,1
cu,3,227,0,1,0,0,0
cu,3,229,0,0,0,0,0
cu,3,233,0,0,0,0,0
cu,3,234,0,0,0,0,0
cu,3,240,0,1,0,0,0
cu,3,248,0,1,1,0,1
cu,3,250,0,0,0,0,0
cu,3,254,0,0,0,0,0
cu,3,256,0,1,0,0,0
cu,3,259,0,0,0,0,0
cu,3,269,0,0,0,0,0
cu,3,276,0,0,1,0,0
cu,3,278,0,0,0,0,0
cu,3,285,0,0,0,1,0
cu,3,287,0,0,0,0,0
cu,3,293,0,0,0,0,0
cu,3,305,0,0,0,0,0
cu,3,309,0,1,1,1,1
cu,3,311,0,0,0,0,0
cu,3,321,0,0,0,0,0
cu,3,323,0,0,0,0,0
cu,3,328,0,0,0,0,0
cu,3,332,0,0,0,0,0
cu,3,344,0,1,1,1,1
cu,3,349,0,0,0,0,0
cu,3,350,0,0,0,0,0
cu,3,357,0,0,0,0,0
cu,3,359,0,0,0,0,0
cu,3,378,0,0,0,0,0
cu,3,382,0,0,0,0,0
cu,3,393,0,1,1,1,1
cu,3,404,0,0,0,0,0
cu,3,405,0,0,0,0,0
cu,3,406,0,1,0,0,0
cu,3,412,1,1,0,1,1
cu,3,425,1,0,0,0,0
cu,3,435,1,0,0,0,0
cu,3,439,1,0,0,0,0
cu,3,442,1,1,1,1,1
cu,3,448,1,0,0,0,0
cu,3,453,1,1,0,0,0
cu,3,456,1,1,1,1,1
cu,3,459,1,0,0,1,0
cu,3,460,1,0,0,0,0
cu,3,461,1,0,0,0,0
cu,3,465,1,1,1,1,1
cu,3,467,1,0,0,0,0
cu,3,469,1,0,0,0,0
cu,3,471,1,1,1,1,1
cu,3,473,1,0,0,0,0
cu,3,476,1,1,1,1,1
cu,3,479,1,0,0,0,0
cu,3,480,1,1,1,1,1
cu,3,495,1,0,0,0,0
cu,3,499,1,0,0,0,0
cu,3,506,1,1,1,1,1
cu,3,514,1,1,1,0,1
cu,3,526,0,0,0,0,0
cu,3,527,0,0,0,0,0
cu,3,532,0,0,0,0,0
cu,3,537,0,0,0,0,0
cu,3,541,0,0,0,0,0
cu,3,548,0,0,0,0,0
cu,3,549,0,0,0,0,0
cu,3,552,0,1,1,1,1
cu,3,553,0,0,0,0,0
cu,3,561,0,0,0,0,0
cu,3,563,0,0,0,0,0
cu,3,576,0,1,1,1,1
cu,3,585,0,1,1,1,1
cu,3,587,0,0,0,0,0
cu,3,600,0,0,0,0,0
cu,3,603,0,0,0,0,0
cu,3,607,0,0,0,0,0
cu,3,608,0,0,0,0,0
cu,3,617,0,1,1,0,1
cu,3,618,0,1,0,0,0
cu,3,619,0,0,0,0,0
cu,3,622,0,1,0,0,0
cu,3,623,0,0,0,0,0
cu,3,625,0,0,0,0,0
cu,3,628,0,0,0,0,0
cu,3,659,0,0,0,0,0
cu,3,660,0,0,0,0,0
cu,3,668,0,0,0,0,0
cu,3,671,0,1,1,1,1
cu,3,673,0,0,0,0,0
cu,3,676,0,0,0,0,0
cu,3,679,0,0,0,0,0
cu,3,681,0,0,1,1,1
cu,3,687,0,0,0,0,0
cu,3,688,0,0,0,0,0
cu,3,695,0,0,0,0,0
cu,3,696,0,0,0,0,0
cu,3,698,0,0,1,0,0
cu,3,701,0,0,0,0,0
cu,3,707,0,0,0,0,0
cu,3,710,0,0,0,0,0
cu,3,718,0,0,0,0,0
cu,3,721,0,1,0,0,0
cu,3,723,0,0,0,1,0
cu,3,728,0,0,0,0,0
cu,3,737,0,0,0,0,0
cu,3,745,1,1,0,0,0
cu,3,746,1,1,0,0,0
cu,3,747,1,0,0,1,0
cu,3,753,1,0,0,0,0
cu,3,760,1,0,0,0,0
cu,3,785,1,0,0,0,0
cu,3,790,1,0,0,0,0
cu,3,795,1,1,0,1,1
cu,3,797,1,1,1,1,1
cu,3,800,1,0,0,0,0
cu,3,807,1,1,1,1,1
cu,3,813,1,0,0,1,0
cu,3,822,1,0,0,0,0
cu,3,828,1,1,1,1,1
cu,3,829,1,1,1,1,1
cu,3,830,1,0,0,0,0
cu,3,831,1,1,1,1,1
cu,3,835,1,1,1,1,1
cu,3,852,0,0,0,0,0
cu,3,854,0,0,0,0,0
cu,3,859,0,0,0,1,0
cu,3,865,0,0,0,0,0
cu,3,870,0,0,0,0,0
cu,3,871,0,0,0,1,0
cu,3,872,0,0,0,0,0
cu,3,873,0,1,1,1,1
cu,3,874,0,0,0,0,0
cu,3,880,0,1,1,1,1
cu,3,897,0,0,1,1,1
cu,3,900,0,0,0,0,0
cu,3,901,0,0,0,0,0
cu,3,907,0,0,0,0,0
cu,3,912,0,0,0,1,0
cu,3,913,0,0,0,0,0
cu,3,915,0,1,1,1,1
cu,3,916,0,1,0,1,1
cu,3,918,0,0,0,0,0
cu,3,919,0,0,0,0,0
cu,3,920,0,0,0,0,0
cu,3,921,0,0,0,0,0
cu,3,923,0,0,0,1,0
cu,3,958,0,0,1,0,0
cu,3,962,0,1,0,0,0
cu,3,973,0,0,0,0,0
cu,3,979,0,0,0,0,0
cu,3,983,0,0,0,1,0
cu,3,984,0,0,0,0,0
cu,3,990,0,0,0,0,0
cu,3,992,0,0,0,0,0
cu,3,994,0,0,0,0,0
cu,3,1002,0,0,0,0,0
cu,3,1007,0,0,0,0,0
cu,3,1011,0,0,0,0,0
cu,3,1012,0,0,0,0,0
cu,3,1013,0,1,0,0,0
cu,3,1019,0,0,0,0,0
cu,3,1022,0,0,0,0,0
cu,3,1026,0,0,0,0,0
cu,3,1031,0,1,0,0,0
cu,3,1035,0,0,0,0,0
cu,3,1038,0,1,0,0,0
cu,3,1044,1,0,0,1,0
cu,3,1046,1,0,0,0,0
cu,3,1048,1,0,0,0,0
cu,3,1050,1,1,0,0,0
cu,3,1051,1,1,1,1,1
cu,3,1053,1,0,0,0,0
cu,3,1055,1,1,0,0,0
cu,3,1058,1,0,0,0,0
cu,3,1061,1,1,1,1,1
cu,3,1063,1,0,0,0,0
cu,3,1076,1,1,0,0,0
cu,3,1079,1,0,0,0,0
cu,3,1096,1,0,1,1,1
cu,3,1097,1,0,0,0,0
cu,3,1100,1,1,0,1,1
cu,3,1105,1,0,0,0,0
cu,3,1109,1,0,0,0,0
cu,3,1110,1,1,0,0,0
cu,3,1116,1,0,0,0,0
cu,3,1119,1,1,1,1,1
cu,3,1129,1,0,0,0,0
cu,3,1133,0,0,0,0,0
cu,3,1143,0,1,1,1,1
cu,3,1145,0,0,0,0,0
cu,3,1151,0,0,0,0,0
cu,3,1154,0,0,0,0,0
cu,3,1156,0,0,1,1,1
cu,3,1163,0,0,0,0,0
cu,3,1166,0,0,0,0,0
cu,3,1167,0,0,0,0,0
cu,3,1169,0,0,0,0,0
cu,3,1177,0,0,0,0,0
cu,3,1179,0,0,0,0,0
cu,3,1184,0,0,0,0,0
cu,3,1187,0,1,0,1,1
cu,3,1188,0,0,0,0,0
cu,3,1189,0,1,0,1,1
cu,3,1192,0,0,0,0,0
cu,3,1204,0,0,0,0,0
cu,3,1211,0,0,0,1,0
cu,3,1216,0,0,0,0,0
cu,3,1230,0,0,0,0,0
cu,3,1239,0,0,0,0,0
cu,3,1241,0,1,1,1,1
cu,3,1244,0,0,0,0,0
cu,3,1251,0,0,0,0,0
cu,3,1254,0,0,0,0,0
cu,3,1258,0,0,0,0,0
cu,3,1265,0,0,0,1,0
cu,3,1268,0,0,1,1,1
cu,3,1269,0,1,1,1,1
cu,3,1272,0,1,0,0,0
cu,3,1277,0,0,0,0,0
cu,3,1280,0,0,0,0,0
cu,3,1288,0,0,0,0,0
cu,3,1295,0,0,0,0,0
cu,3,1303,0,0,0,0,0
cu,3,1313,0,0,1,0,0
cu,3,1318,1,1,0,0,0
cu,3,1326,1,0,0,0,0
cu,3,1328,1,1,1,1,1
cu,3,1329,1,0,0,0,0
cu,3,1330,1,1,1,1,1
cu,3,1336,1,1,1,1,1
cu,3,1337,1,1,0,0,0
cu,3,1338,1,1,1,1,1
cu,3,1340,1,0,0,0,0
cu,3,1342,1,1,1,1,1
cu,3,1343,1,1,1,1,1
cu,3,1359,1,0,1,0,0
cu,3,1362,1,1,1,1,1
cu,3,1370,1,0,0,1,0
cu,3,1374,1,1,1,1,1
cu,3,1375,1,1,1,1,1
cu,3,1382,1,1,1,1,1
cu,3,1394,1,0,0,0,0
cu,3,1399,1,1,0,0,0
cu,3,1410,0,1,1,1,1
cu,3,1412,0,1,0,1,1
cu,3,1419,0,0,0,0,0
cu,3,1426,0,0,0,0,0
cu,3,1429,0,0,0,0,0
cu,3,1433,0,0,1,1,1
cu,3,1436,0,1,1,1,1
cu,3,1437,0,0,0,1,0
cu,3,1438,0,0,0,0,0
cu,3,1443,0,0,0,0,0
cu,3,1454,0,0,0,0,0
cu,3,1456,0,0,0,1,0
cu,3,1457,0,0,1,0,0
cu,3,1458,0,0,0,0,0
cu,3,1461,0,1,1,1,1
cu,3,1468,0,0,0,0,0
cu,3,1486,0,0,0,1,0
cu,3,1487,0,0,0,0,0
cu,3,1493,0,0,0,0,0
cu,3,1497,0,1,0,0,0
cu,3,1508,0,0,0,0,0
cu,3,1514,0,1,1,1,1
cu,3,1524,0,0,0,0,0
cu,3,1528,0,0,0,0,0
cu,3,1535,0,1,1,0,1
cu,3,1538,0,0,0,0,0
cu,3,1539,0,0,0,0,0
cu,3,1541,0,1,1,1,1
cu,3,1542,0,0,0,0,0
cu,3,1543,0,0,0,0,0
cu,3,1554,0,1,1,1,1
cu,3,1557,0,0,0,0,0
cu,3,1562,0,0,0,0,0
cu,3,1565,0,1,1,1,1
cu,3,1579,0,0,0,0,0
cu,3,1580,0,0,0,0,0
cu,3,1586,0,1,0,0,0
cu,3,1605,1,0,0,1,0
cu,3,1615,1,1,0,0,0
cu,3,1622,1,1,1,1,1
cu,3,1623,1,0,0,0,0
cu,3,1625,1,1,0,1,1
cu,3,1642,1,1,0,0,0
cu,3,1655,1,0,1,1,1
cu,3,1661,1,0,0,0,0
cu,3,1676,1,0,0,0,0
cu,3,1678,0,0,0,0,0
cu,3,1681,0,0,0,0,0
cu,3,1687,0,0,0,0,0
cu,3,1692,0,0,0,0,0
cu,3,1693,0,0,0,0,0
cu,3,1695,0,0,0,0,0
cu,3,1698,0,0,0,0,0
cu,3,1704,0,0,0,0,0
cu,3,1710,0,1,1,1,1
cu,3,1712,0,1,1,1,1
cu,3,1716,0,0,0,0,0
cu,3,1717,0,0,0,0,0
cu,3,1736,0,1,1,1,1
cu,3,1738,0,0,0,0,0
cu,3,1742,0,0,0,0,0
cu,3,1743,0,0,0,1,0
cu,3,1747,0,1,1,1,1
cu,3,1755,0,0,0,0,0
cu,3,1757,0,0,1,1,1
cu,3,1758,0,0,0,0,0
cu,3,1765,0,0,0,1,0
cu,3,1771,0,0,1,0,0
cu,3,1774,0,0,0,1,0
cu,3,1782,0,0,0,0,0
cu,3,1796,0,0,0,0,0
cu,3,1797,0,1,1,1,1
cu,3,1806,0,0,0,0,0
cu,3,1808,0,0,0,1,0
cu,3,1809,0,0,0,0,0
cu,3,1812,0,1,0,1,1
cu,3,1813,0,0,0,0,0
cu,3,1814,0,0,0,0,0
cu,3,1829,0,0,0,1,0
cu,3,1833,0,1,1,1,1
cu,3,1836,0,1,1,0,1
cu,3,1843,0,0,0,0,0
cu,3,1847,0,0,0,0,0
cu,3,1850,1,1,1,1,1
cu,3,1852,1,1,1,1,1
cu,3,1853,1,1,1,1,1
cu,3,1854,1,0,0,0,0
cu,3,1861,1,0,0,0,0
cu,3,1864,1,0,0,0,0
cu,3,1867,1,1,1,1,1
cu,3,1871,1,1,1,1,1
cu,3,1876,1,0,0,0,0
cu,3,1882,1,1,0,1,1
cu,3,1887,1,0,0,1,0
cu,3,1893,1,0,0,0,0
cu,3,1897,1,1,1,1,1
cu,3,1900,1,0,1,1,1
cu,3,1902,1,1,1,1,1
cu,3,1908,1,1,0,1,1
cu,3,1913,1,0,0,0,0
cu,3,1916,1,1,0,0,0
cu,3,1920,1,1,1,1,1
cu,3,1929,0,0,0,0,0
cu,3,1941,0,0,0,0,0
cu,3,1957,0,1,0,1,1
cu,3,1958,0,0,0,0,0
cu,3,1959,0,0,0,0,0
cu,3,1962,0,0,0,0,0
cu,3,1964,0,0,0,0,0
cu,3,1967,0,0,0,0,0
cu,3,1969,0,0,0,0,0
cu,3,1970,0,0,0,0,0
cu,3,1974,0,0,0,0,0
cu,3,1982,0,0,0,0,0
cu,3,1983,0,0,0,0,0
cu,3,1984,0,1,0,0,0
cu,3,1986,0,0,0,0,0
cu,3,1992,0,0,1,1,1
cu,3,1998,0,0,0,0,0
cu,3,2001,0,0,0,0,0
cu,3,2008,0,0,1,1,1
cu,3,2009,0,0,0,0,0
cu,3,2010,0,0,0,0,0
cu,3,2019,0,0,1,1,1
cu,3,2020,0,0,0,0,0
cu,3,2025,0,0,0,0,0
cu,3,2026,0,0,0,0,0
cu,3,2033,0,0,0,0,0
cu,3,2038,0,0,0,0,0
cu,3,2039,0,0,0,0,0
cu,3,2040,0,0,0,0,0
cu,3,2042,0,0,0,0,0
cu,3,2049,0,0,0,0,0
cu,3,2055,0,0,0,0,0
cu,3,2058,0,1,0,1,1
cu,3,2060,0,0,0,0,0
cu,3,2068,0,0,0,0,0
cu,3,2078,1,0,0,0,0
cu,3,2081,1,0,0,0,0
cu,3,2083,1,1,1,1,1
cu,3,2084,1,0,1,1,1
cu,3,2089,1,1,1,1,1
cu,3,2094,1,0,0,1,0
cu,3,2099,1,1,0,1,1
cu,3,2106,1,1,1,1,1
cu,3,2116,1,1,1,1,1
cu,3,2123,1,1,1,1,1
cu,3,2125,1,1,1,1,1
cu,3,2128,1,1,1,1,1
cu,3,2136,0,0,0,0,0
cu,3,2138,0,0,1,0,0
cu,3,2146,0,0,0,0,0
cu,3,2156,0,0,0,0,0
cu,3,2172,0,0,0,0,0
cu,3,2174,0,1,1,1,1
cu,3,2182,0,0,1,1,1
cu,3,2187,0,0,0,0,0
cu,3,2197,0,0,0,1,0
cu,3,2204,0,0,0,0,0
cu,3,2210,0,1,1,0,1
cu,3,2220,0,1,0,0,0
cu,3,2221,0,0,0,0,0
cu,3,2229,0,0,0,0,0
cu,3,2232,0,1,1,1,1
cu,3,2234,1,0,0,0,0
cu,3,2238,1,0,0,0,0
cu,3,2239,1,1,0,0,0
cu,3,2241,1,1,1,1,1
cu,3,2246,1,1,1,1,1
cu,3,2247,1,0,0,0,0
cu,3,2257,1,1,0,0,0
cu,3,2268,1,0,1,1,1
cu,3,2277,1,0,0,0,0
cu,3,2279,1,1,0,0,0
cu,3,2285,1,1,1,1,1
cu,3,2289,0,0,0,0,0
cu,3,2291,0,0,0,0,0
cu,3,2296,0,0,0,0,0
cu,3,2300,0,0,0,0,0
cu,3,2309,0,0,0,0,0
cu,3,2310,0,0,0,0,0
cu,3,2311,0,0,0,0,0
cu,3,2328,0,0,0,0,0
cu,3,2330,0,0,0,0,0
cu,3,2333,0,0,1,1,1
cu,3,2342,0,1,0,0,0
cu,3,2352,0,0,0,0,0
cu,3,2354,0,0,0,0,0
cu,3,2355,0,1,0,0,0
cu,3,2356,0,0,0,0,0
cu,3,2357,0,0,0,0,0
cu,3,2379,0,0,0,0,0
cu,3,2380,0,0,0,0,0
cu,3,2382,0,0,0,0,0
cu,3,2391,0,0,0,0,0
cu,4,4,1,0,0,0,0
cu,4,10,1,1,0,0,0
cu,4,22,1,0,0,0,0
cu,4,26,1,0,1,0,0
cu,4,30,1,1,1,1,1
cu,4,37,1,1,1,1,1
cu,4,55,1,1,1,0,1
cu,4,56,1,1,0,1,1
cu,4,62,1,0,0,0,0
cu,4,68,1,1,0,0,0
cu,4,74,1,1,1,1,1
cu,4,76,1,0,0,0,0
cu,4,78,1,1,1,1,1
cu,4,81,1,1,1,1,1
cu,4,89,1,1,1,0,1
cu,4,90,1,0,0,1,0
cu,4,92,1,0,0,1,0
cu,4,97,1,1,1,1,1
cu,4,98,1,0,0,1,0
cu,4,101,1,1,1,1,1
cu,4,105,1,1,1,1,1
cu,4,106,1,1,1,1,1
cu,4,123,1,0,0,0,0
cu,4,126,1,0,0,0,0
cu,4,129,1,0,0,1,0
cu,4,131,1,1,1,0,1
cu,4,134,1,0,0,0,0
cu,4,143,0,0,0,0,0
cu,4,153,0,0,0,0,0
cu,4,156,0,0,0,0,0
cu,4,160,0,0,0,1,0
cu,4,165,0,0,0,0,0
cu,4,176,0,0,0,0,0
cu,4,179,0,0,0,0,0
cu,4,181,0,0,0,0,0
cu,4,187,0,0,0,0,0
cu,4,188,0,0,0,0,0
cu,4,196,0,0,0,0,0
cu,4,200,0,0,0,0,0
cu,4,206,0,1,0,1,1
cu,4,213,0,0,0,0,0
cu,4,214,0,0,1,1,1
cu,4,217,0,0,0,0,0
cu,4,219,0,0,0,0,0
cu,4,222,0,0,1,1,1
cu,4,225,0,1,1,1,1
cu,4,232,0,0,0,0,0
cu,4,235,0,0,0,0,0
cu,4,249,0,0,0,0,0
cu,4,252,0,0,0,0,0
cu,4,253,0,0,0,0,0
cu,4,257,0,0,0,0,0
cu,4,261,0,0,0,0,0
cu,4,267,0,0,0,1,0
cu,4,272,0,0,0,0,0
cu,4,274,0,0,0,0,0
cu,4,283,0,1,1,1,1
cu,4,291,0,0,0,1,0
cu,4,294,0,0,0,0,0
cu,4,296,0,1,1,1,1
cu,4,304,0,0,0,0,0
cu,4,306,0,0,0,0,0
cu,4,307,0,0,0,0,0
cu,4,308,0,1,1,1,1
cu,4,310,0,0,0,0,0
cu,4,319,0,0,0,0,0
cu,4,322,0,0,1,1,1
cu,4,329,0,1,0,0,0
cu,4,330,0,0,0,0,0
cu,4,331,0,0,0,0,0
cu,4,336,0,0,0,0,0
cu,4,339,0,1,1,1,1
cu,4,347,0,1,0,1,1
cu,4,353,0,0,0,0,0
cu,4,362,0,0,0,0,0
cu,4,365,0,0,0,0,0
cu,4,373,0,0,0,0,0
cu,4,380,0,0,1,0,0
cu,4,383,0,0,0,0,0
cu,4,385,0,0,0,0,0
cu,4,388,0,0,0,0,0
cu,4,391,0,0,0,1,0
cu,4,395,0,0,0,1,0
cu,4,397,0,0,0,0,0
cu,4,410,0,0,0,0,0
cu,4,411,0,0,0,1,0
cu,4,414,1,0,0,0,0
cu,4,419,1,1,1,0,1
cu,4,420,1,0,1,1,1
cu,4,422,1,0,0,0,0
cu,4,429,1,0,0,0,0
cu,4,430,1,0,0,0,0
cu,4,436,1,1,1,1,1
cu,4,454,1,1,1,1,1
cu,4,457,1,0,0,0,0
cu,4,458,1,1,1,1,1
cu,4,464,1,0,0,0,0
cu,4,466,1,1,0,0,0
cu,4,472,1,0,0,1,0
cu,4,474,1,0,0,0,0
cu,4,475,1,0,0,1,0
cu,4,477,1,0,0,1,0
cu,4,481,1,0,0,0,0
cu,4,482,1,1,1,1,1
cu,4,489,1,1,1,0,1
cu,4,502,1,0,0,0,0
cu,4,509,1,1,1,1,1
cu,4,510,1,1,1,1,1
cu,4,511,1,0,0,0,0
cu,4,513,1,0,0,0,0
cu,4,518,1,1,1,1,1
cu,4,521,0,0,1,1,1
cu,4,525,0,0,0,0,0
cu,4,530,0,0,0,0,0
cu,4,531,0,0,0,0,0
cu,4,533,0,0,0,1,0
cu,4,536,0,0,0,0,0
cu,4,545,0,1,1,1,1
cu,4,551,0,0,0,0,0
cu,4,560,0,0,1,1,1
cu,4,562,0,1,1,1,1
cu,4,565,0,0,0,1,0
cu,4,567,0,0,0,0,0
cu,4,568,0,0,0,0,0
cu,4,570,0,0,0,0,0
cu,4,572,0,0,0,0,0
cu,4,588,0,0,0,0,0
cu,4,591,0,0,0,0,0
cu,4,592,0,0,0,0,0
cu,4,593,0,0,0,1,0
cu,4,602,0,0,0,0,0
cu,4,605,0,0,0,0,0
cu,4,614,0,1,0,0,0
cu,4,624,0,0,0,0,0
cu,4,627,0,0,0,0,0
cu,4,630,0,1,0,0,0
cu,4,634,0,0,0,0,0
cu,4,638,0,0,0,0,0
cu,4,642,0,1,1,1,1
cu,4,646,0,1,0,0,0
cu,4,647,0,0,0,1,0
cu,4,654,0,0,0,0,0
cu,4,656,0,0,0,0,0
cu,4,662,0,0,0,0,0
cu,4,664,0,0,1,0,0
cu,4,666,0,0,0,0,0
cu,4,685,0,0,0,0,0
cu,4,686,0,0,0,0,0
cu,4,693,0,0,0,0,0
cu,4,699,0,0,0,1,0
cu,4,706,0,0,0,0,0
cu,4,708,0,1,1,1,1
cu,4,709,0,1,0,1,1
cu,4,714,0,0,0,0,0
cu,4,715,0,0,0,0,0
cu,4,719,0,0,0,0,0
cu,4,729,0,0,1,0,0
cu,4,730,0,0,0,1,0
cu,4,731,0,0,0,0,0
cu,4,732,0,0,0,0,0
cu,4,748,1,0,0,1,0
cu,4,756,1,1,1,1,1
cu,4,772,1,0,0,0,0
cu,4,776,1,1,1,1,1
cu,4,779,1,0,0,0,0
cu,4,780,1,1,1,1,1
cu,4,781,1,0,0,0,0
cu,4,794,1,1,1,1,1
cu,4,796,1,0,0,0,0
cu,4,798,1,1,1,1,1
cu,4,799,1,1,1,1,1
cu,4,801,1,0,0,0,0
cu,4,815,1,0,0,0,0
cu,4,817,1,0,0,0,0
cu,4,818,1,1,1,1,1
cu,4,820,1,1,1,1,1
cu,4,823,1,1,1,0,1
cu,4,824,1,0,1,1,1
cu,4,834,1,0,0,0,0
cu,4,837,1,0,0,0,0
cu,4,840,0,0,0,0,0
cu,4,847,0,0,0,0,0
cu,4,848,0,0,0,0,0
cu,4,849,0,1,1,1,1
cu,4,850,0,0,0,0,0
cu,4,851,0,0,0,1,0
cu,4,866,0,0,0,0,0
cu,4,879,0,1,0,0,0
cu,4,882,0,0,0,0,0
cu,4,887,0,1,0,0,0
cu,4,891,0,0,0,0,0
cu,4,899,0,0,0,0,0
cu,4,903,0,0,0,0,0
cu,4,917,0,0,0,0,0
cu,4,928,0,0,0,0,0
cu,4,929,0,0,0,0,0
cu,4,930,0,0,0,0,0
cu,4,935,0,1,0,0,0
cu,4,936,0,0,0,0,0
cu,4,944,0,0,0,0,0
cu,4,945,0,0,0,1,0
cu,4,947,0,1,1,0,1
cu,4,956,0,0,0,0,0
cu,4,968,0,0,0,0,0
cu,4,972,0,1,1,1,1
cu,4,977,0,0,0,0,0
cu,4,980,0,0,0,0,0
cu,4,986,0,0,0,0,0
cu,4,991,0,1,0,0,0
cu,4,996,0,0,0,0,0
cu,4,999,0,0,0,0,0
cu,4,1000,0,1,1,1,1
cu,4,1001,0,0,0,0,0
cu,4,1003,0,0,0,0,0
cu,4,1005,0,0,0,0,0
cu,4,1008,0,0,0,0,0
cu,4,1014,0,1,1,1,1
cu,4,1017,0,0,0,0,0
cu,4,1021,0,1,0,1,1
cu,4,1030,0,0,0,0,0
cu,4,1057,1,1,0,0,0
cu,4,1064,1,0,1,1,1
cu,4,1065,1,0,0,0,0
cu,4,1068,1,0,0,0,0
cu,4,1070,1,0,0,0,0
cu,4,1071,1,1,1,1,1
cu,4,1072,1,1,1,1,1
cu,4,1074,1,1,1,1,1
cu,4,1078,1,0,0,1,0
cu,4,1083,1,1,1,1,1
cu,4,1085,1,0,0,0,0
cu,4,1088,1,0,0,0,0
cu,4,1092,1,0,0,0,0
cu,4,1095,1,0,0,0,0
cu,4,1106,1,1,1,1,1
cu,4,1111,1,0,1,1,1
cu,4,1118,1,1,1,1,1
cu,4,1122,1,0,0,1,0
cu,4,1123,1,0,0,0,0
cu,4,1131,1,0,0,0,0
cu,4,1132,0,0,0,0,0
cu,4,1139,0,0,0,0,0
cu,4,1140,0,0,0,0,0
cu,4,1146,0,0,0,0,0
cu,4,1147,0,0,0,0,0
cu,4,1149,0,0,0,0,0
cu,4,1158,0,0,0,0,0
cu,4,1160,0,0,0,0,0
cu,4,1161,0,0,0,0,0
cu,4,1162,0,0,0,0,0
cu,4,1186,0,0,0,1,0
cu,4,1191,0,1,0,1,1
cu,4,1198,0,0,0,0,0
cu,4,1201,0,0,0,0,0
cu,4,1205,0,0,0,0,0
cu,4,1208,0,0,0,0,0
cu,4,1213,0,0,0,0,0
cu,4,1218,0,0,0,0,0
cu,4,1221,0,1,1,1,1
cu,4,1225,0,0,0,1,0
cu,4,1228,0,0,0,0,0
cu,4,1235,0,0,0,0,0
cu,4,1247,0,0,0,0,0
cu,4,1250,0,0,0,0,0
cu,4,1252,0,0,0,0,0
cu,4,1261,0,0,0,0,0
cu,4,1263,0,0,0,1,0
cu,4,1267,0,0,0,0,0
cu,4,1274,0,1,1,0,1
cu,4,1275,0,0,0,0,0
cu,4,1278,0,1,1,1,1
cu,4,1287,0,1,1,1,1
cu,4,1294,0,0,0,0,0
cu,4,1298,0,0,0,0,0
cu,4,1301,0,0,0,0,0
cu,4,1311,0,1,1,1,1
cu,4,1316,0,0,0,0,0
cu,4,1324,1,1,1,1,1
cu,4,1333,1,0,0,0,0
cu,4,1334,1,0,1,1,1
cu,4,1335,1,1,1,0,1
cu,4,1339,1,0,0,1,0
cu,4,1348,1,0,0,0,0
cu,4,1352,1,1,1,1,1
cu,4,1356,1,1,0,0,0
cu,4,1377,1,0,0,0,0
cu,4,1378,1,0,0,0,0
cu,4,1383,1,0,0,0,0
cu,4,1385,1,1,1,1,1
cu,4,1387,1,0,0,0,0
cu,4,1390,1,0,1,1,1
cu,4,1392,1,1,0,0,0
cu,4,1396,1,1,1,1,1
cu,4,1409,0,0,0,0,0
cu,4,1411,0,0,0,0,0
cu,4,1413,0,0,0,0,0
cu,4,1414,0,0,0,0,0
cu,4,1418,0,0,0,0,0
cu,4,1425,0,0,1,1,1
cu,4,1430,0,1,0,0,0
cu,4,1431,0,0,0,0,0
cu,4,1440,0,0,0,0,0
cu,4,1441,0,0,0,0,0
cu,4,1442,0,0,0,0,0
cu,4,1463,0,1,1,1,1
cu,4,1464,0,0,0,0,0
cu,4,1466,0,0,0,1,0
cu,4,1467,0,1,0,0,0
cu,4,1472,0,0,0,0,0
cu,4,1473,0,0,0,0,0
cu,4,1477,0,0,0,0,0
cu,4,1485,0,0,0,0,0
cu,4,1488,0,0,0,0,0
cu,4,1492,0,0,0,0,0
cu,4,1499,0,0,0,0,0
cu,4,1511,0,0,1,0,0
cu,4,1512,0,1,1,1,1
cu,4,1513,0,0,0,0,0
cu,4,1515,0,1,1,1,1
cu,4,1516,0,0,0,0,0
cu,4,1520,0,1,1,1,1
cu,4,1534,0,0,0,1,0
cu,4,1540,0,0,0,0,0
cu,4,1545,0,1,1,1,1
cu,4,1548,0,0,1,1,1
cu,4,1549,0,0,0,0,0
cu,4,1550,0,1,1,1,1
cu,4,1552,0,0,0,0,0
cu,4,1561,0,0,0,1,0
cu,4,1563,0,1,1,1,1
cu,4,1569,0,0,1,1,1
cu,4,1571,0,0,0,0,0
cu,4,1576,0,0,0,0,0
cu,4,1582,0,0,0,0,0
cu,4,1596,1,0,0,0,0
cu,4,1597,1,0,1,1,1
cu,4,1598,1,0,0,0,0
cu,4,1603,1,1,1,0,1
cu,4,1607,1,1,0,1,1
cu,4,1610,1,0,0,0,0
cu,4,1612,1,0,0,1,0
cu,4,1614,1,1,0,0,0
cu,4,1617,1,0,0,0,0
cu,4,1627,1,0,1,1,1
cu,4,1634,1,0,0,0,0
cu,4,1647,1,1,1,1,1
cu,4,1657,1,0,0,0,0
cu,4,1663,1,0,0,0,0
cu,4,1675,1,0,0,1,0
cu,4,1685,0,0,0,0,0
cu,4,1690,0,0,0,0,0
cu,4,1696,0,0,0,1,0
cu,4,1700,0,0,0,0,0
cu,4,1707,0,0,0,1,0
cu,4,1718,0,0,0,1,0
cu,4,1719,0,0,0,0,0
cu,4,1727,0,0,0,0,0
cu,4,1732,0,1,0,1,1
cu,4,1748,0,0,0,0,0
cu,4,1749,0,0,1,0,0
cu,4,1753,0,0,0,0,0
cu,4,1762,0,0,0,0,0
cu,4,1767,0,0,0,0,0
cu,4,1772,0,0,0,0,0
cu,4,1773,0,0,0,1,0
cu,4,1780,0,0,0,0,0
cu,4,1787,0,0,0,0,0
cu,4,1788,0,0,0,0,0
cu,4,1794,0,0,0,0,0
cu,4,1795,0,0,0,1,0
cu,4,1799,0,0,0,0,0
cu,4,1800,0,0,0,0,0
cu,4,1802,0,0,0,0,0
cu,4,1803,0,0,0,0,0
cu,4,1805,0,0,0,0,0
cu,4,1810,0,0,0,0,0
cu,4,1811,0,0,0,0,0
cu,4,1815,0,0,0,0,0
cu,4,1820,0,0,0,0,0
cu,4,1823,0,0,0,0,0
cu,4,1830,0,0,0,0,0
cu,4,1832,0,0,0,1,0
cu,4,1834,0,0,0,0,0
cu,4,1837,0,0,0,0,0
cu,4,1844,0,0,0,0,0
cu,4,1851,1,1,1,1,1
cu,4,1860,1,0,0,0,0
cu,4,1866,1,1,0,1,1
cu,4,1870,1,1,1,1,1
cu,4,1873,1,0,0,0,0
cu,4,1877,1,0,0,1,0
cu,4,1880,1,0,0,0,0
cu,4,1884,1,0,0,0,0
cu,4,1888,1,1,1,1,1
cu,4,1904,1,1,1,1,1
cu,4,1907,1,0,0,0,0
cu,4,1910,1,0,0,0,0
cu,4,1912,1,0,1,1,1
cu,4,1914,1,1,1,1,1
cu,4,1915,1,0,0,1,0
cu,4,1919,1,1,1,0,1
cu,4,1921,1,0,0,0,0
cu,4,1922,1,1,1,1,1
cu,4,1924,0,0,0,0,0
cu,4,1932,0,1,0,1,1
cu,4,1936,0,0,0,0,0
cu,4,1947,0,0,0,0,0
cu,4,1948,0,0,0,0,0
cu,4,1949,0,0,0,0,0
cu,4,1950,0,0,0,0,0
cu,4,1971,0,0,0,1,0
cu,4,1987,0,0,0,0,0
cu,4,1993,0,0,0,0,0
cu,4,1997,0,0,0,1,0
cu,4,2004,0,0,0,0,0
cu,4,2011,0,0,0,1,0
cu,4,2027,0,1,1,1,1
cu,4,2028,0,0,0,0,0
cu,4,2034,0,0,0,0,0
cu,4,2045,0,0,0,0,0
cu,4,2051,0,0,0,0,0
cu,4,2062,0,0,0,0,0
cu,4,2071,0,1,0,0,0
cu,4,2077,1,1,0,0,0
cu,4,2079,1,0,0,0,0
cu,4,2097,1,0,0,0,0
cu,4,2101,1,1,1,0,1
cu,4,2102,1,0,0,0,0
cu,4,2103,1,1,1,1,1
cu,4,2108,1,1,1,1,1
cu,4,2117,1,1,1,1,1
cu,4,2122,1,1,1,1,1
cu,4,2124,1,1,1,1,1
cu,4,2133,0,0,0,0,0
cu,4,2139,0,0,0,0,0
cu,4,2141,0,1,1,0,1
cu,4,2145,0,0,0,0,0
cu,4,2147,0,0,0,0,0
cu,4,2149,0,0,0,0,0
cu,4,2150,0,0,0,0,0
cu,4,2151,0,0,0,0,0
cu,4,2155,0,0,0,0,0
cu,4,2166,0,0,0,0,0
cu,4,2167,0,0,1,0,0
cu,4,2170,0,0,0,0,0
cu,4,2173,0,1,1,1,1
cu,4,2175,0,0,0,0,0
cu,4,2183,0,1,1,1,1
cu,4,2188,0,0,0,1,0
cu,4,2193,0,0,0,0,0
cu,4,2195,0,1,1,1,1
cu,4,2198,0,1,1,1,1
cu,4,2206,0,0,0,0,0
cu,4,2208,0,0,0,0,0
cu,4,2211,0,0,1,1,1
cu,4,2217,0,0,0,0,0
cu,4,2225,0,0,0,0,0
cu,4,2231,0,0,0,0,0
cu,4,2242,1,1,1,0,1
cu,4,2248,1,1,1,1,1
cu,4,2255,1,0,1,1,1
cu,4,2259,1,0,0,1,0
cu,4,2267,1,0,0,1,0
cu,4,2269,1,0,0,1,0
cu,4,2273,1,1,1,1,1
cu,4,2286,1,1,1,1,1
cu,4,2287,1,1,1,1,1
cu,4,2292,0,0,0,0,0
cu,4,2297,0,1,0,0,0
cu,4,2315,0,0,0,1,0
cu,4,2323,0,0,0,0,0
cu,4,2325,0,1,1,1,1
cu,4,2326,0,0,0,0,0
cu,4,2347,0,0,0,0,0
cu,4,2349,0,0,0,0,0
cu,4,2358,0,0,0,0,0
cu,4,2367,0,1,1,1,1
cu,4,2375,0,1,1,1,1
cu,4,2385,0,1,1,1,1
cu,4,2398,0,0,0,0,0
cu,5,5,1,1,1,0,1
cu,5,8,1,1,1,1,1
cu,5,16,1,0,0,1,0
cu,5,17,1,1,0,1,1
cu,5,21,1,0,0,0,0
cu,5,24,1,1,0,0,0
cu,5,25,1,1,1,1,1
cu,5,33,1,1,0,0,0
cu,5,34,1,1,0,0,0
cu,5,35,1,0,0,1,0
cu,5,36,1,0,1,1,1
cu,5,41,1,0,1,0,0
cu,5,49,1,1,1,1,1
cu,5,57,1,0,0,0,0
cu,5,58,1,0,0,0,0
cu,5,60,1,1,1,0,1
cu,5,64,1,1,1,1,1
cu,5,71,1,1,0,0,0
cu,5,77,1,1,0,0,0
cu,5,84,1,1,1,1,1
cu,5,87,1,1,1,1,1
cu,5,91,1,1,1,1,1
cu,5,93,1,0,0,0,0
cu,5,103,1,0,1,0,0
cu,5,104,1,0,1,1,1
cu,5,107,1,0,0,0,0
cu,5,113,1,0,1,1,1
cu,5,116,1,1,1,0,1
cu,5,118,1,0,1,1,1
cu,5,119,1,1,1,1,1
cu,5,120,1,1,0,0,0
cu,5,124,1,0,0,0,0
cu,5,133,1,1,1,1,1
cu,5,135,1,0,0,0,0
cu,5,138,0,0,0,0,0
cu,5,139,0,1,0,0,0
cu,5,149,0,0,0,1,0
cu,5,161,0,0,0,0,0
cu,5,162,0,0,0,0,0
cu,5,163,0,1,0,1,1
cu,5,171,0,0,0,0,0
cu,5,173,0,0,0,0,0
cu,5,178,0,0,0,0,0
cu,5,189,0,0,0,0,0
cu,5,195,0,0,0,0,0
cu,5,197,0,0,0,0,0
cu,5,201,0,1,1,1,1
cu,5,210,0,1,1,1,1
cu,5,238,0,0,0,0,0
cu,5,241,0,0,0,0,0
cu,5,245,0,0,0,0,0
cu,5,247,0,1,1,1,1
cu,5,260,0,0,0,0,0
cu,5,262,0,0,0,0,0
cu,5,263,0,0,0,0,0
cu,5,270,0,0,0,0,0
cu,5,273,0,1,0,0,0
cu,5,279,0,0,0,0,0
cu,5,281,0,0,0,0,0
cu,5,289,0,0,0,0,0
cu,5,292,0,0,0,0,0
cu,5,295,0,0,0,1,0
cu,5,300,0,0,0,0,0
cu,5,302,0,0,0,0,0
cu,5,312,0,0,0,0,0
cu,5,313,0,0,0,0,0
cu,5,315,0,0,0,0,0
cu,5,324,0,0,0,0,0
cu,5,333,0,0,0,0,0
cu,5,334,0,1,1,1,1
cu,5,337,0,0,0,0,0
cu,5,338,0,1,0,0,0
cu,5,341,0,1,1,0,1
cu,5,346,0,0,1,1,1
cu,5,351,0,0,0,0,0
cu,5,356,0,0,0,0,0
cu,5,363,0,1,0,0,0
cu,5,364,0,0,0,0,0
cu,5,366,0,0,0,0,0
cu,5,368,0,1,0,0,0
cu,5,374,0,1,0,1,1
cu,5,375,0,0,0,0,0
cu,5,377,0,0,0,0,0
cu,5,379,0,0,0,0,0
cu,5,384,0,1,0,0,0
cu,5,389,0,0,0,0,0
cu,5,390,0,1,1,1,1
cu,5,396,0,0,0,0,0
cu,5,408,0,0,0,0,0
cu,5,423,1,0,1,1,1
cu,5,427,1,0,0,0,0
cu,5,434,1,1,1,1,1
cu,5,438,1,0,1,1,1
cu,5,444,1,1,1,1,1
cu,5,445,1,0,0,0,0
cu,5,447,1,0,1,0,0
cu,5,450,1,1,0,1,1
cu,5,451,1,0,0,0,0
cu,5,452,1,1,1,0,1
cu,5,487,1,0,0,0,0
cu,5,494,1,1,1,0,1
cu,5,497,1,0,0,0,0
cu,5,500,1,1,0,0,0
cu,5,507,1,1,0,0,0
cu,5,517,1,1,1,1,1
cu,5,519,1,1,0,0,0
cu,5,535,0,0,0,0,0
cu,5,538,0,0,0,0,0
cu,5,539,0,1,0,0,0
cu,5,543,0,0,0,0,0
cu,5,546,0,0,0,0,0
cu,5,554,0,0,0,0,0
cu,5,555,0,0,0,0,0
cu,5,556,0,0,0,0,0
cu,5,557,0,0,0,0,0
cu,5,569,0,0,0,0,0
cu,5,574,0,1,0,0,0
cu,5,575,0,0,0,0,0
cu,5,577,0,0,0,0,0
cu,5,589,0,0,0,0,0
cu,5,595,0,0,0,0,0
cu,5,604,0,0,0,0,0
cu,5,610,0,0,0,0,0
cu,5,615,0,0,0,0,0
cu,5,629,0,0,0,0,0
cu,5,631,0,0,0,0,0
cu,5,633,0,0,0,0,0
cu,5,639,0,0,0,0,0
cu,5,641,0,0,0,0,0
cu,5,643,0,1,1,1,1
cu,5,644,0,0,0,0,0
cu,5,657,0,0,1,1,1
cu,5,665,0,0,0,0,0
cu,5,670,0,0,0,0,0
cu,5,680,0,0,0,0,0
cu,5,682,0,1,0,0,0
cu,5,692,0,0,0,0,0
cu,5,697,0,0,0,0,0
cu,5,711,0,0,0,0,0
cu,5,713,0,0,0,0,0
cu,5,717,0,0,0,0,0
cu,5,722,0,0,0,0,0
cu,5,727,0,0,1,0,0
cu,5,739,1,1,1,0,1
cu,5,743,1,0,1,0,0
cu,5,761,1,1,1,1,1
cu,5,769,1,1,0,0,0
cu,5,770,1,0,0,0,0
cu,5,771,1,0,0,0,0
cu,5,775,1,1,1,0,1
cu,5,789,1,0,0,0,0
cu,5,791,1,1,1,1,1
cu,5,793,1,1,1,1,1
cu,5,808,1,1,1,1,1
cu,5,809,1,1,1,1,1
cu,5,821,1,1,1,1,1
cu,5,827,1,0,0,0,0
cu,5,844,0,1,1,1,1
cu,5,846,0,0,0,1,0
cu,5,853,0,0,0,0,0
cu,5,855,0,0,0,0,0
cu,5,860,0,0,1,0,0
cu,5,862,0,0,0,0,0
cu,5,863,0,0,0,0,0
cu,5,868,0,0,0,0,0
cu,5,875,0,0,0,0,0
cu,5,881,0,0,0,0,0
cu,5,883,0,0,0,1,0
cu,5,884,0,0,0,0,0
cu,5,888,0,0,0,0,0
cu,5,893,0,0,0,0,0
cu,5,895,0,0,0,0,0
cu,5,898,0,0,0,0,0
cu,5,909,0,0,0,0,0
cu,5,911,0,0,0,0,0
cu,5,926,0,1,1,1,1
cu,5,927,0,0,0,1,0
cu,5,939,0,1,0,0,0
cu,5,940,0,0,0,0,0
cu,5,946,0,0,0,0,0
cu,5,954,0,0,1,1,1
cu,5,957,0,0,0,0,0
cu,5,975,0,0,0,0,0
cu,5,976,0,0,0,0,0
cu,5,987,0,0,0,0,0
cu,5,988,0,0,0,0,0
cu,5,989,0,1,0,0,0
cu,5,993,0,1,0,0,0
cu,5,998,0,0,0,0,0
cu,5,1004,0,0,0,0,0
cu,5,1015,0,0,0,0,0
cu,5,1028,0,1,1,1,1
cu,5,1029,0,1,1,1,1
cu,5,1033,0,0,0,0,0
cu,5,1040,1,1,0,1,1
cu,5,1043,1,1,1,1,1
cu,5,1045,1,0,0,0,0
cu,5,1052,1,1,1,1,1
cu,5,1054,1,0,0,0,0
cu,5,1056,1,0,1,0,0
cu,5,1059,1,0,1,0,0
cu,5,1082,1,1,1,1,1
cu,5,1091,1,0,0,0,0
cu,5,1102,1,1,1,1,1
cu,5,1103,1,0,0,0,0
cu,5,1104,1,0,0,0,0
cu,5,1107,1,1,1,1,1
cu,5,1108,1,0,0,0,0
cu,5,1113,1,0,0,0,0
cu,5,1117,1,0,1,1,1
cu,5,1121,1,0,0,0,0
cu,5,1126,1,0,0,0,0
cu,5,1128,1,0,0,0,0
cu,5,1134,0,0,0,0,0
cu,5,1135,0,0,0,0,0
cu,5,1144,0,0,0,0,0
cu,5,1148,0,0,0,0,0
cu,5,1150,0,0,0,0,0
cu,5,1155,0,0,0,0,0
cu,5,1168,0,0,0,0,0
cu,5,1171,0,0,0,0,0
cu,5,1172,0,0,0,0,0
cu,5,1174,0,0,0,0,0
cu,5,1176,0,0,0,0,0
cu,5,1178,0,0,0,0,0
cu,5,1180,0,0,0,0,0
cu,5,1193,0,0,0,0,0
cu,5,1202,0,0,0,0,0
cu,5,1203,0,0,1,1,1
cu,5,1214,0,0,0,0,0
cu,5,1215,0,0,0,0,0
cu,5,1217,0,1,1,1,1
cu,5,1222,0,0,0,0,0
cu,5,1223,0,0,0,0,0
cu,5,1224,0,0,0,1,0
cu,5,1227,0,0,0,0,0
cu,5,1231,0,0,0,1,0
cu,5,1234,0,0,0,0,0
cu,5,1236,0,1,1,0,1
cu,5,1238,0,1,0,0,0
cu,5,1243,0,0,0,0,0
cu,5,1246,0,0,0,0,0
cu,5,1249,0,0,0,1,0
cu,5,1253,0,1,0,0,0
cu,5,1255,0,0,0,0,0
cu,5,1256,0,1,1,1,1
cu,5,1257,0,0,0,0,0
cu,5,1260,0,0,0,0,0
cu,5,1264,0,1,1,1,1
cu,5,1279,0,0,1,1,1
cu,5,1281,0,0,0,0,0
cu,5,1283,0,0,1,1,1
cu,5,1286,0,1,1,1,1
cu,5,1305,0,0,0,0,0
cu,5,1320,1,1,1,0,1
cu,5,1322,1,1,1,1,1
cu,5,1323,1,0,0,0,0
cu,5,1325,1,0,0,0,0
cu,5,1331,1,0,0,0,0
cu,5,1344,1,0,0,0,0
cu,5,1346,1,1,0,0,0
cu,5,1347,1,0,0,0,0
cu,5,1351,1,0,0,1,0
cu,5,1353,1,1,1,0,1
cu,5,1363,1,0,0,0,0
cu,5,1367,1,0,0,0,0
cu,5,1388,1,1,0,0,0
cu,5,1391,1,1,1,1,1
cu,5,1393,1,0,0,0,0
cu,5,1401,1,1,1,0,1
cu,5,1407,1,1,0,1,1
cu,5,1416,0,1,1,1,1
cu,5,1439,0,1,0,0,0
cu,5,1444,0,0,1,1,1
cu,5,1446,0,0,0,1,0
cu,5,1448,0,0,0,0,0
cu,5,1455,0,0,0,0,0
cu,5,1465,0,1,0,0,0
cu,5,1476,0,0,0,1,0
cu,5,1480,0,0,0,0,0
cu,5,1482,0,0,0,0,0
cu,5,1484,0,0,0,0,0
cu,5,1494,0,1,0,0,0
cu,5,1495,0,0,0,0,0
cu,5,1496,0,0,0,0,0
cu,5,1501,0,0,0,0,0
cu,5,1510,0,1,1,1,1
cu,5,1519,0,0,0,0,0
cu,5,1521,0,0,0,0,0
cu,5,1526,0,0,0,0,0
cu,5,1529,0,1,0,1,1
cu,5,1533,0,1,1,1,1
cu,5,1536,0,0,0,0,0
cu,5,1547,0,0,0,0,0
cu,5,1560,0,1,1,1,1
cu,5,1564,0,0,0,0,0
cu,5,1567,0,0,0,0,0
cu,5,1568,0,0,0,0,0
cu,5,1572,0,0,0,0,0
cu,5,1573,0,0,0,0,0
cu,5,1575,0,0,0,0,0
cu,5,1587,0,1,1,1,1
cu,5,1590,0,0,0,0,0
cu,5,1591,0,0,0,0,0
cu,5,1600,1,0,1,0,0
cu,5,1602,1,0,0,0,0
cu,5,1611,1,0,0,0,0
cu,5,1619,1,1,1,1,1
cu,5,1621,1,0,0,0,0
cu,5,1630,1,1,1,1,1
cu,5,1632,1,1,1,1,1
cu,5,1635,1,1,1,1,1
cu,5,1636,1,1,1,1,1
cu,5,1637,1,1,1,1,1
cu,5,1639,1,1,1,1,1
cu,5,1641,1,0,0,1,0
cu,5,1643,1,0,0,0,0
cu,5,1646,1,1,0,0,0
cu,5,1649,1,0,1,1,1
cu,5,1650,1,0,0,0,0
cu,5,1651,1,1,1,1,1
cu,5,1656,1,1,1,1,1
cu,5,1659,1,1,1,1,1
cu,5,1665,1,1,1,1,1
cu,5,1667,1,1,1,1,1
cu,5,1673,1,1,1,1,1
cu,5,1680,0,0,0,0,0
cu,5,1688,0,0,1,1,1
cu,5,1689,0,1,0,0,0
cu,5,1694,0,0,0,0,0
cu,5,1702,0,0,0,0,0
cu,5,1708,0,0,0,0,0
cu,5,1713,0,0,0,0,0
cu,5,1720,0,0,0,0,0
cu,5,1722,0,0,0,0,0
cu,5,1726,0,0,0,0,0
cu,5,1728,0,1,1,1,1
cu,5,1729,0,0,0,0,0
cu,5,1731,0,0,0,0,0
cu,5,1735,0,0,0,0,0
cu,5,1741,0,0,0,0,0
cu,5,1744,0,1,0,1,1
cu,5,1759,0,0,0,0,0
cu,5,1764,0,0,0,0,0
cu,5,1770,0,0,0,0,0
cu,5,1778,0,0,0,0,0
cu,5,1784,0,0,0,0,0
cu,5,1785,0,0,0,1,0
cu,5,1790,0,1,0,0,0
cu,5,1791,0,0,0,0,0
cu,5,1798,0,0,1,1,1
cu,5,1821,0,1,0,0,0
cu,5,1822,0,0,0,0,0
cu,5,1825,0,1,0,1,1
cu,5,1831,0,0,0,0,0
cu,5,1842,0,0,0,0,0
cu,5,1857,1,1,1,1,1
cu,5,1859,1,1,1,1,1
cu,5,1862,1,0,0,0,0
cu,5,1865,1,1,0,1,1
cu,5,1869,1,0,0,0,0
cu,5,1874,1,0,0,0,0
cu,5,1878,1,1,1,1,1
cu,5,1879,1,0,0,1,0
cu,5,1881,1,0,0,0,0
cu,5,1896,1,1,1,0,1
cu,5,1899,1,1,0,0,0
cu,5,1906,1,0,1,1,1
cu,5,1909,1,0,0,0,0
cu,5,1911,1,0,0,0,0
cu,5,1918,1,0,0,1,0
cu,5,1923,0,0,0,0,0
cu,5,1925,0,0,0,0,0
cu,5,1926,0,0,0,0,0
cu,5,1933,0,0,0,0,0
cu,5,1938,0,0,1,1,1
cu,5,1940,0,0,0,0,0
cu,5,1944,0,0,0,0,0
cu,5,1954,0,0,0,0,0
cu,5,1956,0,0,0,0,0
cu,5,1960,0,1,0,0,0
cu,5,1961,0,0,0,0,0
cu,5,1963,0,1,1,1,1
cu,5,1977,0,0,0,0,0
cu,5,1979,0,0,0,0,0
cu,5,1985,0,0,1,1,1
cu,5,1999,0,0,0,0,0
cu,5,2000,0,0,0,1,0
cu,5,2003,0,0,0,1,0
cu,5,2006,0,0,1,0,0
cu,5,2014,0,0,0,0,0
cu,5,2015,0,0,0,0,0
cu,5,2016,0,0,0,0,0
cu,5,2017,0,0,0,0,0
cu,5,2021,0,0,0,1,0
cu,5,2023,0,1,0,0,0
cu,5,2029,0,0,0,0,0
cu,5,2036,0,1,1,0,1
cu,5,2041,0,0,0,0,0
cu,5,2044,0,0,0,1,0
cu,5,2048,0,0,0,0,0
cu,5,2052,0,0,0,0,0
cu,5,2053,0,0,0,0,0
cu,5,2054,0,0,0,0,0
cu,5,2056,0,1,0,0,0
cu,5,2057,0,0,0,0,0
cu,5,2061,0,0,0,0,0
cu,5,2070,0,0,0,0,0
cu,5,2072,0,0,0,0,0
cu,5,2080,1,1,1,1,1
cu,5,2082,1,1,1,1,1
cu,5,2085,1,0,1,1,1
cu,5,2086,1,1,1,1,1
cu,5,2087,1,1,0,1,1
cu,5,2090,1,1,1,1,1
cu,5,2100,1,1,1,0,1
cu,5,2113,1,1,1,1,1
cu,5,2118,1,1,1,1,1
cu,5,2119,1,1,1,1,1
cu,5,2129,1,1,0,0,0
cu,5,2137,0,1,0,0,0
cu,5,2144,0,0,0,0,0
cu,5,2158,0,0,1,1,1
cu,5,2163,0,1,1,1,1
cu,5,2164,0,1,0,0,0
cu,5,2176,0,0,0,0,0
cu,5,2178,0,1,0,0,0
cu,5,2179,0,0,0,0,0
cu,5,2180,0,0,0,0,0
cu,5,2181,0,0,0,1,0
cu,5,2184,0,1,0,0,0
cu,5,2185,0,0,0,0,0
cu,5,2190,0,1,0,0,0
cu,5,2192,0,0,0,1,0
cu,5,2196,0,0,0,0,0
cu,5,2202,0,0,0,1,0
cu,5,2205,0,0,0,0,0
cu,5,2219,0,1,1,1,1
cu,5,2222,0,0,0,0,0
cu,5,2223,0,0,0,1,0
cu,5,2233,1,0,0,0,0
cu,5,2245,1,1,1,1,1
cu,5,2249,1,1,1,1,1
cu,5,2253,1,1,1,1,1
cu,5,2254,1,1,0,0,0
cu,5,2258,1,1,1,1,1
cu,5,2272,1,0,1,1,1
cu,5,2274,1,1,1,1,1
cu,5,2276,1,1,1,1,1
cu,5,2278,1,0,0,0,0
cu,5,2284,1,1,1,1,1
cu,5,2293,0,0,0,0,0
cu,5,2295,0,0,0,1,0
cu,5,2299,0,0,1,1,1
cu,5,2301,0,0,0,0,0
cu,5,2303,0,0,0,0,0
cu,5,2317,0,0,0,0,0
cu,5,2319,0,0,0,0,0
cu,5,2320,0,0,0,0,0
cu,5,2331,0,0,0,0,0
cu,5,2332,0,1,0,0,0
cu,5,2341,0,1,0,0,0
cu,5,2344,0,1,1,1,1
cu,5,2345,0,0,0,0,0
cu,5,2346,0,0,0,0,0
cu,5,2348,0,0,0,0,0
cu,5,2351,0,0,0,0,0
cu,5,2359,0,0,0,0,0
cu,5,2362,0,0,0,0,0
cu,5,2364,0,0,0,0,0
cu,5,2369,0,0,0,0,0
cu,5,2371,0,0,0,0,0
cu,5,2372,0,0,0,0,0
cu,5,2381,0,1,0,0,0
cu,5,2383,0,1,1,0,1
cu,5,2389,0,0,1,0,0
cu,5,2390,0,0,0,0,0
cu,5,2393,0,1,0,0,0
cu,5,2395,0,0,0,1,0
cu,5,2397,0,0,0,1,0
