[2026-10-02 13:38:48] MX | Outer 1/5
[2026-10-02 13:38:49] MX outer1 | cfg=P_l2_b16_e6_w10_s_d2_s1_r9 | Inner 1/3
[2026-10-02 13:39:01] MX outer1 cfg=P_l2_b16_e6_w10_s_d2_s1_r9 Inner 1: F1=0.6357
[2026-10-02 13:39:01] MX outer1 | cfg=P_l2_b16_e6_w10_s_d2_s1_r9 | Inner 2/3
[2026-10-02 13:39:17] MX outer1 cfg=P_l2_b16_e6_w10_s_d2_s1_r9 Inner 2: F1=0.6769
[2026-10-02 13:39:17] MX outer1 | cfg=P_l2_b16_e6_w10_s_d2_s1_r9 | Inner 3/3
[2026-10-02 13:39:33] MX outer1 cfg=P_l2_b16_e6_w10_s_d2_s1_r9 Inner 3: F1=0.6044
[2026-10-02 13:39:33] MX outer1 | trial 1/20 F1_inner=0.6390 | mejor=0.6390
[2026-10-02 13:39:33] MX outer1 | cfg=P_l1_b16_e6_w10_s_d3_s1_r9 | Inner 1/3
[2026-10-02 13:39:49] MX outer1 cfg=P_l1_b16_e6_w10_s_d3_s1_r9 Inner 1: F1=0.5786
[2026-10-02 13:39:49] MX outer1 | cfg=P_l1_b16_e6_w10_s_d3_s1_r9 | Inner 2/3
[2026-10-02 13:40:05] MX outer1 cfg=P_l1_b16_e6_w10_s_d3_s1_r9 Inner 2: F1=0.6472
[2026-10-02 13:40:05] MX outer1 | cfg=P_l1_b16_e6_w10_s_d3_s1_r9 | Inner 3/3
[2026-10-02 13:40:22] MX outer1 cfg=P_l1_b16_e6_w10_s_d3_s1_r9 Inner 3: F1=0.5417
[2026-10-02 13:40:22] MX outer1 | trial 2/20 F1_inner=0.5892 | mejor=0.6390
[2026-10-02 13:40:22] REUTILIZADO MX outer1 cfg=P_l2_b16_e6_w10_s_d2_s1_r9 inner=1: F1=0.6357
[2026-10-02 13:40:22] REUTILIZADO MX outer1 cfg=P_l2_b16_e6_w10_s_d2_s1_r9 inner=2: F1=0.6769
[2026-10-02 13:40:22] REUTILIZADO MX outer1 cfg=P_l2_b16_e6_w10_s_d2_s1_r9 inner=3: F1=0.6044
[2026-10-02 13:40:22] MX outer1 | trial 3/20 F1_inner=0.6390 | mejor=0.6390
[2026-10-02 13:40:22] MX outer1 | cfg=P_l2_b16_e6_w1_b_d2_s1_r9 | Inner 1/3
[2026-10-02 13:40:38] MX outer1 cfg=P_l2_b16_e6_w1_b_d2_s1_r9 Inner 1: F1=0.6511
[2026-10-02 13:40:38] MX outer1 | cfg=P_l2_b16_e6_w1_b_d2_s1_r9 | Inner 2/3
[2026-10-02 13:40:55] MX outer1 cfg=P_l2_b16_e6_w1_b_d2_s1_r9 Inner 2: F1=0.6926
[2026-10-02 13:40:55] MX outer1 | cfg=P_l2_b16_e6_w1_b_d2_s1_r9 | Inner 3/3
[2026-10-02 13:41:06] MX outer1 cfg=P_l2_b16_e6_w1_b_d2_s1_r9 Inner 3: F1=0.6502
[2026-10-02 13:41:06] MX outer1 | trial 4/20 F1_inner=0.6646 | mejor=0.6646
[2026-10-02 13:41:06] MX outer1 | cfg=P_l1_b16_e4_w10_s_d3_s1_r9 | Inner 1/3
[2026-10-02 13:41:18] MX outer1 cfg=P_l1_b16_e4_w10_s_d3_s1_r9 Inner 1: F1=0.5320
[2026-10-02 13:41:18] MX outer1 | cfg=P_l1_b16_e4_w10_s_d3_s1_r9 | Inner 2/3
[2026-10-02 13:41:30] MX outer1 cfg=P_l1_b16_e4_w10_s_d3_s1_r9 Inner 2: F1=0.5128
[2026-10-02 13:41:30] MX outer1 | cfg=P_l1_b16_e4_w10_s_d3_s1_r9 | Inner 3/3
[2026-10-02 13:41:41] MX outer1 cfg=P_l1_b16_e4_w10_s_d3_s1_r9 Inner 3: F1=0.5146
[2026-10-02 13:41:41] MX outer1 | trial 5/20 F1_inner=0.5198 | mejor=0.6646
[2026-10-02 13:41:41] REUTILIZADO MX outer1 cfg=P_l2_b16_e6_w1_b_d2_s1_r9 inner=1: F1=0.6511
[2026-10-02 13:41:41] REUTILIZADO MX outer1 cfg=P_l2_b16_e6_w1_b_d2_s1_r9 inner=2: F1=0.6926
[2026-10-02 13:41:41] REUTILIZADO MX outer1 cfg=P_l2_b16_e6_w1_b_d2_s1_r9 inner=3: F1=0.6502
[2026-10-02 13:41:42] MX outer1 | trial 6/20 F1_inner=0.6646 | mejor=0.6646
[2026-10-02 13:41:42] MX outer1 | cfg=P_l2_b16_e4_w1_b_d3_s1_r9 | Inner 1/3
[2026-10-02 13:41:53] MX outer1 cfg=P_l2_b16_e4_w1_b_d3_s1_r9 Inner 1: F1=0.6229
[2026-10-02 13:41:53] MX outer1 | cfg=P_l2_b16_e4_w1_b_d3_s1_r9 | Inner 2/3
[2026-10-02 13:42:04] MX outer1 cfg=P_l2_b16_e4_w1_b_d3_s1_r9 Inner 2: F1=0.6739
[2026-10-02 13:42:04] MX outer1 | cfg=P_l2_b16_e4_w1_b_d3_s1_r9 | Inner 3/3
[2026-10-02 13:42:15] MX outer1 cfg=P_l2_b16_e4_w1_b_d3_s1_r9 Inner 3: F1=0.6653
[2026-10-02 13:42:15] MX outer1 | trial 7/20 F1_inner=0.6540 | mejor=0.6646
[2026-10-02 13:42:15] MX outer1 | cfg=P_l1_b16_e6_w1_b_d2_s1_r9 | Inner 1/3
[2026-10-02 13:42:31] MX outer1 cfg=P_l1_b16_e6_w1_b_d2_s1_r9 Inner 1: F1=0.6155
[2026-10-02 13:42:31] MX outer1 | cfg=P_l1_b16_e6_w1_b_d2_s1_r9 | Inner 2/3
[2026-10-02 13:42:47] MX outer1 cfg=P_l1_b16_e6_w1_b_d2_s1_r9 Inner 2: F1=0.6610
[2026-10-02 13:42:47] MX outer1 | cfg=P_l1_b16_e6_w1_b_d2_s1_r9 | Inner 3/3
[2026-10-02 13:43:03] MX outer1 cfg=P_l1_b16_e6_w1_b_d2_s1_r9 Inner 3: F1=0.6455
[2026-10-02 13:43:03] MX outer1 | trial 8/20 F1_inner=0.6407 | mejor=0.6646
[2026-10-02 13:43:04] MX outer1 | cfg=P_l2_b16_e4_w10_b_d1_s1_r9 | Inner 1/3
[2026-10-02 13:43:15] MX outer1 cfg=P_l2_b16_e4_w10_b_d1_s1_r9 Inner 1: F1=0.6252
[2026-10-02 13:43:15] MX outer1 | cfg=P_l2_b16_e4_w10_b_d1_s1_r9 | Inner 2/3
[2026-10-02 13:43:26] MX outer1 cfg=P_l2_b16_e4_w10_b_d1_s1_r9 Inner 2: F1=0.6705
[2026-10-02 13:43:26] MX outer1 | cfg=P_l2_b16_e4_w10_b_d1_s1_r9 | Inner 3/3
[2026-10-02 13:43:37] MX outer1 cfg=P_l2_b16_e4_w10_b_d1_s1_r9 Inner 3: F1=0.6561
[2026-10-02 13:43:38] MX outer1 | trial 9/20 F1_inner=0.6506 | mejor=0.6646
[2026-10-02 13:43:38] MX outer1 | cfg=P_l2_b16_e6_w1_b_d1_s1_r9 | Inner 1/3
[2026-10-02 13:43:53] MX outer1 cfg=P_l2_b16_e6_w1_b_d1_s1_r9 Inner 1: F1=0.6547
[2026-10-02 13:43:53] MX outer1 | cfg=P_l2_b16_e6_w1_b_d1_s1_r9 | Inner 2/3
[2026-10-02 13:44:09] MX outer1 cfg=P_l2_b16_e6_w1_b_d1_s1_r9 Inner 2: F1=0.6964
[2026-10-02 13:44:09] MX outer1 | cfg=P_l2_b16_e6_w1_b_d1_s1_r9 | Inner 3/3
[2026-10-02 13:44:25] MX outer1 cfg=P_l2_b16_e6_w1_b_d1_s1_r9 Inner 3: F1=0.6528
[2026-10-02 13:44:25] MX outer1 | trial 10/20 F1_inner=0.6680 | mejor=0.6680
[2026-10-02 13:44:25] REUTILIZADO MX outer1 cfg=P_l2_b16_e6_w1_b_d1_s1_r9 inner=1: F1=0.6547
[2026-10-02 13:44:25] REUTILIZADO MX outer1 cfg=P_l2_b16_e6_w1_b_d1_s1_r9 inner=2: F1=0.6964
[2026-10-02 13:44:25] REUTILIZADO MX outer1 cfg=P_l2_b16_e6_w1_b_d1_s1_r9 inner=3: F1=0.6528
[2026-10-02 13:44:26] MX outer1 | trial 11/20 F1_inner=0.6680 | mejor=0.6680
[2026-10-02 13:44:26] REUTILIZADO MX outer1 cfg=P_l2_b16_e6_w1_b_d1_s1_r9 inner=1: F1=0.6547
[2026-10-02 13:44:26] REUTILIZADO MX outer1 cfg=P_l2_b16_e6_w1_b_d1_s1_r9 inner=2: F1=0.6964
[2026-10-02 13:44:26] REUTILIZADO MX outer1 cfg=P_l2_b16_e6_w1_b_d1_s1_r9 inner=3: F1=0.6528
[2026-10-02 13:44:26] MX outer1 | trial 12/20 F1_inner=0.6680 | mejor=0.6680
[2026-10-02 13:44:26] MX outer1 | cfg=P_l2_b16_e6_w1_s_d1_s1_r9 | Inner 1/3
[2026-10-02 13:44:37] MX outer1 cfg=P_l2_b16_e6_w1_s_d1_s1_r9 Inner 1: F1=0.6264
[2026-10-02 13:44:37] MX outer1 | cfg=P_l2_b16_e6_w1_s_d1_s1_r9 | Inner 2/3
[2026-10-02 13:44:53] MX outer1 cfg=P_l2_b16_e6_w1_s_d1_s1_r9 Inner 2: F1=0.6782
[2026-10-02 13:44:53] MX outer1 | cfg=P_l2_b16_e6_w1_s_d1_s1_r9 | Inner 3/3
[2026-10-02 13:45:09] MX outer1 cfg=P_l2_b16_e6_w1_s_d1_s1_r9 Inner 3: F1=0.6095
[2026-10-02 13:45:09] MX outer1 | trial 13/20 F1_inner=0.6380 | mejor=0.6680
[2026-10-02 13:45:09] MX outer1 | cfg=P_l2_b16_e6_w10_b_d1_s1_r9 | Inner 1/3
[2026-10-02 13:45:25] MX outer1 cfg=P_l2_b16_e6_w10_b_d1_s1_r9 Inner 1: F1=0.6514
[2026-10-02 13:45:25] MX outer1 | cfg=P_l2_b16_e6_w10_b_d1_s1_r9 | Inner 2/3
[2026-10-02 13:45:41] MX outer1 cfg=P_l2_b16_e6_w10_b_d1_s1_r9 Inner 2: F1=0.6934
[2026-10-02 13:45:41] MX outer1 | cfg=P_l2_b16_e6_w10_b_d1_s1_r9 | Inner 3/3
[2026-10-02 13:45:56] MX outer1 cfg=P_l2_b16_e6_w10_b_d1_s1_r9 Inner 3: F1=0.6514
[2026-10-02 13:45:57] MX outer1 | trial 14/20 F1_inner=0.6654 | mejor=0.6680
[2026-10-02 13:45:57] MX outer1 | cfg=P_l1_b16_e6_w1_b_d1_s1_r9 | Inner 1/3
[2026-10-02 13:46:13] MX outer1 cfg=P_l1_b16_e6_w1_b_d1_s1_r9 Inner 1: F1=0.6137
[2026-10-02 13:46:13] MX outer1 | cfg=P_l1_b16_e6_w1_b_d1_s1_r9 | Inner 2/3
[2026-10-02 13:46:28] MX outer1 cfg=P_l1_b16_e6_w1_b_d1_s1_r9 Inner 2: F1=0.6657
[2026-10-02 13:46:28] MX outer1 | cfg=P_l1_b16_e6_w1_b_d1_s1_r9 | Inner 3/3
[2026-10-02 13:46:44] MX outer1 cfg=P_l1_b16_e6_w1_b_d1_s1_r9 Inner 3: F1=0.6467
[2026-10-02 13:46:44] MX outer1 | trial 15/20 F1_inner=0.6420 | mejor=0.6680
[2026-10-02 13:46:44] MX outer1 | cfg=P_l2_b16_e6_w1_b_d3_s1_r9 | Inner 1/3
[2026-10-02 13:47:00] MX outer1 cfg=P_l2_b16_e6_w1_b_d3_s1_r9 Inner 1: F1=0.6531
[2026-10-02 13:47:00] MX outer1 | cfg=P_l2_b16_e6_w1_b_d3_s1_r9 | Inner 2/3
[2026-10-02 13:47:16] MX outer1 cfg=P_l2_b16_e6_w1_b_d3_s1_r9 Inner 2: F1=0.6977
[2026-10-02 13:47:16] MX outer1 | cfg=P_l2_b16_e6_w1_b_d3_s1_r9 | Inner 3/3
[2026-10-02 13:47:32] MX outer1 cfg=P_l2_b16_e6_w1_b_d3_s1_r9 Inner 3: F1=0.6501
[2026-10-02 13:47:33] MX outer1 | trial 16/20 F1_inner=0.6670 | mejor=0.6680
[2026-10-02 13:47:33] REUTILIZADO MX outer1 cfg=P_l2_b16_e6_w1_b_d1_s1_r9 inner=1: F1=0.6547
[2026-10-02 13:47:33] REUTILIZADO MX outer1 cfg=P_l2_b16_e6_w1_b_d1_s1_r9 inner=2: F1=0.6964
[2026-10-02 13:47:33] REUTILIZADO MX outer1 cfg=P_l2_b16_e6_w1_b_d1_s1_r9 inner=3: F1=0.6528
[2026-10-02 13:47:33] MX outer1 | trial 17/20 F1_inner=0.6680 | mejor=0.6680
[2026-10-02 13:47:33] MX outer1 | cfg=P_l1_b16_e4_w1_s_d2_s1_r9 | Inner 1/3
[2026-10-02 13:47:44] MX outer1 cfg=P_l1_b16_e4_w1_s_d2_s1_r9 Inner 1: F1=0.5353
[2026-10-02 13:47:44] MX outer1 | cfg=P_l1_b16_e4_w1_s_d2_s1_r9 | Inner 2/3
[2026-10-02 13:47:55] MX outer1 cfg=P_l1_b16_e4_w1_s_d2_s1_r9 Inner 2: F1=0.5228
[2026-10-02 13:47:55] MX outer1 | cfg=P_l1_b16_e4_w1_s_d2_s1_r9 | Inner 3/3
[2026-10-02 13:48:06] MX outer1 cfg=P_l1_b16_e4_w1_s_d2_s1_r9 Inner 3: F1=0.5209
[2026-10-02 13:48:06] MX outer1 | trial 18/20 F1_inner=0.5263 | mejor=0.6680
[2026-10-02 13:48:06] MX outer1 | cfg=P_l1_b16_e6_w10_b_d1_s1_r9 | Inner 1/3
[2026-10-02 13:48:22] MX outer1 cfg=P_l1_b16_e6_w10_b_d1_s1_r9 Inner 1: F1=0.6173
[2026-10-02 13:48:22] MX outer1 | cfg=P_l1_b16_e6_w10_b_d1_s1_r9 | Inner 2/3
[2026-10-02 13:48:38] MX outer1 cfg=P_l1_b16_e6_w10_b_d1_s1_r9 Inner 2: F1=0.6670
[2026-10-02 13:48:38] MX outer1 | cfg=P_l1_b16_e6_w10_b_d1_s1_r9 | Inner 3/3
[2026-10-02 13:48:54] MX outer1 cfg=P_l1_b16_e6_w10_b_d1_s1_r9 Inner 3: F1=0.6481
[2026-10-02 13:48:54] MX outer1 | trial 19/20 F1_inner=0.6441 | mejor=0.6680
[2026-10-02 13:48:54] MX outer1 | cfg=P_l2_b16_e4_w1_b_d1_s1_r9 | Inner 1/3
[2026-10-02 13:49:05] MX outer1 cfg=P_l2_b16_e4_w1_b_d1_s1_r9 Inner 1: F1=0.6243
[2026-10-02 13:49:05] MX outer1 | cfg=P_l2_b16_e4_w1_b_d1_s1_r9 | Inner 2/3
[2026-10-02 13:49:16] MX outer1 cfg=P_l2_b16_e4_w1_b_d1_s1_r9 Inner 2: F1=0.6705
[2026-10-02 13:49:16] MX outer1 | cfg=P_l2_b16_e4_w1_b_d1_s1_r9 | Inner 3/3
[2026-10-02 13:49:28] MX outer1 cfg=P_l2_b16_e4_w1_b_d1_s1_r9 Inner 3: F1=0.6547
[2026-10-02 13:49:28] MX outer1 | trial 20/20 F1_inner=0.6498 | mejor=0.6680
[2026-10-02 13:49:28] MX Outer 1: refit PYSENTIMIENTO, 5 épocas
[2026-10-02 13:49:50] MX Outer 1 refit: F1_train=0.8835, F1_outer=0.6696
[2026-10-02 13:49:50] [MX][DistilBETO][Outer 1/5] FINALIZADO | prep=PYSENTIMIENTO | F1_inner=0.6680±0.0246 | F1_train=0.8835 | F1_outer=0.6696 | gap=0.2139
[2026-10-02 13:49:50] MX | Outer 2/5
[2026-10-02 13:49:51] MX outer2 | cfg=P_l1_b16_e4_w10_b_d3_s1_r9 | Inner 1/3
[2026-10-02 13:50:02] MX outer2 cfg=P_l1_b16_e4_w10_b_d3_s1_r9 Inner 1: F1=0.6330
[2026-10-02 13:50:02] MX outer2 | cfg=P_l1_b16_e4_w10_b_d3_s1_r9 | Inner 2/3
[2026-10-02 13:50:13] MX outer2 cfg=P_l1_b16_e4_w10_b_d3_s1_r9 Inner 2: F1=0.6089
[2026-10-02 13:50:13] MX outer2 | cfg=P_l1_b16_e4_w10_b_d3_s1_r9 | Inner 3/3
[2026-10-02 13:50:25] MX outer2 cfg=P_l1_b16_e4_w10_b_d3_s1_r9 Inner 3: F1=0.6220
[2026-10-02 13:50:25] MX outer2 | trial 1/20 F1_inner=0.6213 | mejor=0.6213
[2026-10-02 13:50:25] MX outer2 | cfg=P_l1_b16_e6_w1_s_d2_s1_r9 | Inner 1/3
[2026-10-02 13:50:41] MX outer2 cfg=P_l1_b16_e6_w1_s_d2_s1_r9 Inner 1: F1=0.6122
[2026-10-02 13:50:41] MX outer2 | cfg=P_l1_b16_e6_w1_s_d2_s1_r9 | Inner 2/3
[2026-10-02 13:50:57] MX outer2 cfg=P_l1_b16_e6_w1_s_d2_s1_r9 Inner 2: F1=0.5893
[2026-10-02 13:50:57] MX outer2 | cfg=P_l1_b16_e6_w1_s_d2_s1_r9 | Inner 3/3
[2026-10-02 13:51:13] MX outer2 cfg=P_l1_b16_e6_w1_s_d2_s1_r9 Inner 3: F1=0.5915
[2026-10-02 13:51:13] MX outer2 | trial 2/20 F1_inner=0.5977 | mejor=0.6213
[2026-10-02 13:51:13] MX outer2 | cfg=P_l2_b16_e6_w1_s_d3_s1_r9 | Inner 1/3
[2026-10-02 13:51:29] MX outer2 cfg=P_l2_b16_e6_w1_s_d3_s1_r9 Inner 1: F1=0.6679
[2026-10-02 13:51:29] MX outer2 | cfg=P_l2_b16_e6_w1_s_d3_s1_r9 | Inner 2/3
[2026-10-02 13:51:46] MX outer2 cfg=P_l2_b16_e6_w1_s_d3_s1_r9 Inner 2: F1=0.6204
[2026-10-02 13:51:46] MX outer2 | cfg=P_l2_b16_e6_w1_s_d3_s1_r9 | Inner 3/3
[2026-10-02 13:51:59] MX outer2 cfg=P_l2_b16_e6_w1_s_d3_s1_r9 Inner 3: F1=0.6447
[2026-10-02 13:51:59] MX outer2 | trial 3/20 F1_inner=0.6443 | mejor=0.6443
[2026-10-02 13:52:00] MX outer2 | cfg=P_l2_b16_e4_w10_b_d2_s1_r9 | Inner 1/3
[2026-10-02 13:52:11] MX outer2 cfg=P_l2_b16_e4_w10_b_d2_s1_r9 Inner 1: F1=0.6648
[2026-10-02 13:52:11] MX outer2 | cfg=P_l2_b16_e4_w10_b_d2_s1_r9 | Inner 2/3
[2026-10-02 13:52:22] MX outer2 cfg=P_l2_b16_e4_w10_b_d2_s1_r9 Inner 2: F1=0.6245
[2026-10-02 13:52:22] MX outer2 | cfg=P_l2_b16_e4_w10_b_d2_s1_r9 | Inner 3/3
[2026-10-02 13:52:33] MX outer2 cfg=P_l2_b16_e4_w10_b_d2_s1_r9 Inner 3: F1=0.6312
[2026-10-02 13:52:33] MX outer2 | trial 4/20 F1_inner=0.6402 | mejor=0.6443
[2026-10-02 13:52:34] MX outer2 | cfg=P_l1_b16_e6_w1_b_d3_s1_r9 | Inner 1/3
[2026-10-02 13:52:49] MX outer2 cfg=P_l1_b16_e6_w1_b_d3_s1_r9 Inner 1: F1=0.6517
[2026-10-02 13:52:49] MX outer2 | cfg=P_l1_b16_e6_w1_b_d3_s1_r9 | Inner 2/3
[2026-10-02 13:53:05] MX outer2 cfg=P_l1_b16_e6_w1_b_d3_s1_r9 Inner 2: F1=0.6168
[2026-10-02 13:53:05] MX outer2 | cfg=P_l1_b16_e6_w1_b_d3_s1_r9 | Inner 3/3
[2026-10-02 13:53:21] MX outer2 cfg=P_l1_b16_e6_w1_b_d3_s1_r9 Inner 3: F1=0.6270
[2026-10-02 13:53:21] MX outer2 | trial 5/20 F1_inner=0.6318 | mejor=0.6443
[2026-10-02 13:53:21] REUTILIZADO MX outer2 cfg=P_l2_b16_e6_w1_s_d3_s1_r9 inner=1: F1=0.6679
[2026-10-02 13:53:21] REUTILIZADO MX outer2 cfg=P_l2_b16_e6_w1_s_d3_s1_r9 inner=2: F1=0.6204
[2026-10-02 13:53:21] REUTILIZADO MX outer2 cfg=P_l2_b16_e6_w1_s_d3_s1_r9 inner=3: F1=0.6447
[2026-10-02 13:53:22] MX outer2 | trial 6/20 F1_inner=0.6443 | mejor=0.6443
[2026-10-02 13:53:22] MX outer2 | cfg=P_l2_b16_e6_w1_b_d1_s1_r9 | Inner 1/3
[2026-10-02 13:53:36] MX outer2 cfg=P_l2_b16_e6_w1_b_d1_s1_r9 Inner 1: F1=0.6751
[2026-10-02 13:53:36] MX outer2 | cfg=P_l2_b16_e6_w1_b_d1_s1_r9 | Inner 2/3
[2026-10-02 13:53:47] MX outer2 cfg=P_l2_b16_e6_w1_b_d1_s1_r9 Inner 2: F1=0.6279
[2026-10-02 13:53:47] MX outer2 | cfg=P_l2_b16_e6_w1_b_d1_s1_r9 | Inner 3/3
[2026-10-02 13:54:02] MX outer2 cfg=P_l2_b16_e6_w1_b_d1_s1_r9 Inner 3: F1=0.6414
[2026-10-02 13:54:03] MX outer2 | trial 7/20 F1_inner=0.6481 | mejor=0.6481
[2026-10-02 13:54:03] REUTILIZADO MX outer2 cfg=P_l2_b16_e6_w1_b_d1_s1_r9 inner=1: F1=0.6751
[2026-10-02 13:54:03] REUTILIZADO MX outer2 cfg=P_l2_b16_e6_w1_b_d1_s1_r9 inner=2: F1=0.6279
[2026-10-02 13:54:03] REUTILIZADO MX outer2 cfg=P_l2_b16_e6_w1_b_d1_s1_r9 inner=3: F1=0.6414
[2026-10-02 13:54:03] MX outer2 | trial 8/20 F1_inner=0.6481 | mejor=0.6481
[2026-10-02 13:54:03] MX outer2 | cfg=P_l2_b16_e4_w1_b_d1_s1_r9 | Inner 1/3
[2026-10-02 13:54:14] MX outer2 cfg=P_l2_b16_e4_w1_b_d1_s1_r9 Inner 1: F1=0.6738
[2026-10-02 13:54:14] MX outer2 | cfg=P_l2_b16_e4_w1_b_d1_s1_r9 | Inner 2/3
[2026-10-02 13:54:25] MX outer2 cfg=P_l2_b16_e4_w1_b_d1_s1_r9 Inner 2: F1=0.6275
[2026-10-02 13:54:25] MX outer2 | cfg=P_l2_b16_e4_w1_b_d1_s1_r9 | Inner 3/3
[2026-10-02 13:54:36] MX outer2 cfg=P_l2_b16_e4_w1_b_d1_s1_r9 Inner 3: F1=0.6288
[2026-10-02 13:54:37] MX outer2 | trial 9/20 F1_inner=0.6433 | mejor=0.6481
[2026-10-02 13:54:37] MX outer2 | cfg=P_l2_b16_e6_w10_s_d1_s1_r9 | Inner 1/3
[2026-10-02 13:54:53] MX outer2 cfg=P_l2_b16_e6_w10_s_d1_s1_r9 Inner 1: F1=0.6655
[2026-10-02 13:54:53] MX outer2 | cfg=P_l2_b16_e6_w10_s_d1_s1_r9 | Inner 2/3
[2026-10-02 13:55:09] MX outer2 cfg=P_l2_b16_e6_w10_s_d1_s1_r9 Inner 2: F1=0.6372
[2026-10-02 13:55:09] MX outer2 | cfg=P_l2_b16_e6_w10_s_d1_s1_r9 | Inner 3/3
[2026-10-02 13:55:23] MX outer2 cfg=P_l2_b16_e6_w10_s_d1_s1_r9 Inner 3: F1=0.6427
[2026-10-02 13:55:23] MX outer2 | trial 10/20 F1_inner=0.6485 | mejor=0.6485
[2026-10-02 13:55:23] REUTILIZADO MX outer2 cfg=P_l2_b16_e6_w10_s_d1_s1_r9 inner=1: F1=0.6655
[2026-10-02 13:55:23] REUTILIZADO MX outer2 cfg=P_l2_b16_e6_w10_s_d1_s1_r9 inner=2: F1=0.6372
[2026-10-02 13:55:23] REUTILIZADO MX outer2 cfg=P_l2_b16_e6_w10_s_d1_s1_r9 inner=3: F1=0.6427
[2026-10-02 13:55:23] MX outer2 | trial 11/20 F1_inner=0.6485 | mejor=0.6485
[2026-10-02 13:55:23] REUTILIZADO MX outer2 cfg=P_l2_b16_e6_w10_s_d1_s1_r9 inner=1: F1=0.6655
[2026-10-02 13:55:23] REUTILIZADO MX outer2 cfg=P_l2_b16_e6_w10_s_d1_s1_r9 inner=2: F1=0.6372
[2026-10-02 13:55:23] REUTILIZADO MX outer2 cfg=P_l2_b16_e6_w10_s_d1_s1_r9 inner=3: F1=0.6427
[2026-10-02 13:55:24] MX outer2 | trial 12/20 F1_inner=0.6485 | mejor=0.6485
[2026-10-02 13:55:24] MX outer2 | cfg=P_l2_b16_e4_w10_s_d1_s1_r9 | Inner 1/3
[2026-10-02 13:55:35] MX outer2 cfg=P_l2_b16_e4_w10_s_d1_s1_r9 Inner 1: F1=0.6367
[2026-10-02 13:55:35] MX outer2 | cfg=P_l2_b16_e4_w10_s_d1_s1_r9 | Inner 2/3
[2026-10-02 13:55:46] MX outer2 cfg=P_l2_b16_e4_w10_s_d1_s1_r9 Inner 2: F1=0.6133
[2026-10-02 13:55:46] MX outer2 | cfg=P_l2_b16_e4_w10_s_d1_s1_r9 | Inner 3/3
[2026-10-02 13:55:57] MX outer2 cfg=P_l2_b16_e4_w10_s_d1_s1_r9 Inner 3: F1=0.6235
[2026-10-02 13:55:57] MX outer2 | trial 13/20 F1_inner=0.6245 | mejor=0.6485
[2026-10-02 13:55:57] MX outer2 | cfg=P_l1_b16_e6_w10_s_d1_s1_r9 | Inner 1/3
[2026-10-02 13:56:13] MX outer2 cfg=P_l1_b16_e6_w10_s_d1_s1_r9 Inner 1: F1=0.6143
[2026-10-02 13:56:13] MX outer2 | cfg=P_l1_b16_e6_w10_s_d1_s1_r9 | Inner 2/3
[2026-10-02 13:56:29] MX outer2 cfg=P_l1_b16_e6_w10_s_d1_s1_r9 Inner 2: F1=0.5951
[2026-10-02 13:56:29] MX outer2 | cfg=P_l1_b16_e6_w10_s_d1_s1_r9 | Inner 3/3
[2026-10-02 13:56:45] MX outer2 cfg=P_l1_b16_e6_w10_s_d1_s1_r9 Inner 3: F1=0.5947
[2026-10-02 13:56:46] MX outer2 | trial 14/20 F1_inner=0.6014 | mejor=0.6485
[2026-10-02 13:56:46] MX outer2 | cfg=P_l2_b16_e6_w10_s_d3_s1_r9 | Inner 1/3
[2026-10-02 13:57:01] MX outer2 cfg=P_l2_b16_e6_w10_s_d3_s1_r9 Inner 1: F1=0.6703
[2026-10-02 13:57:01] MX outer2 | cfg=P_l2_b16_e6_w10_s_d3_s1_r9 | Inner 2/3
[2026-10-02 13:57:17] MX outer2 cfg=P_l2_b16_e6_w10_s_d3_s1_r9 Inner 2: F1=0.6229
[2026-10-02 13:57:17] MX outer2 | cfg=P_l2_b16_e6_w10_s_d3_s1_r9 | Inner 3/3
[2026-10-02 13:57:30] MX outer2 cfg=P_l2_b16_e6_w10_s_d3_s1_r9 Inner 3: F1=0.6447
[2026-10-02 13:57:31] MX outer2 | trial 15/20 F1_inner=0.6459 | mejor=0.6485
[2026-10-02 13:57:31] MX outer2 | cfg=P_l2_b16_e6_w10_s_d2_s1_r9 | Inner 1/3
[2026-10-02 13:57:47] MX outer2 cfg=P_l2_b16_e6_w10_s_d2_s1_r9 Inner 1: F1=0.6686
[2026-10-02 13:57:47] MX outer2 | cfg=P_l2_b16_e6_w10_s_d2_s1_r9 | Inner 2/3
[2026-10-02 13:58:02] MX outer2 cfg=P_l2_b16_e6_w10_s_d2_s1_r9 Inner 2: F1=0.6209
[2026-10-02 13:58:02] MX outer2 | cfg=P_l2_b16_e6_w10_s_d2_s1_r9 | Inner 3/3
[2026-10-02 13:58:16] MX outer2 cfg=P_l2_b16_e6_w10_s_d2_s1_r9 Inner 3: F1=0.6444
[2026-10-02 13:58:16] MX outer2 | trial 16/20 F1_inner=0.6446 | mejor=0.6485
[2026-10-02 13:58:16] MX outer2 | cfg=P_l2_b16_e6_w10_b_d1_s1_r9 | Inner 1/3
[2026-10-02 13:58:30] MX outer2 cfg=P_l2_b16_e6_w10_b_d1_s1_r9 Inner 1: F1=0.6751
[2026-10-02 13:58:30] MX outer2 | cfg=P_l2_b16_e6_w10_b_d1_s1_r9 | Inner 2/3
[2026-10-02 13:58:46] MX outer2 cfg=P_l2_b16_e6_w10_b_d1_s1_r9 Inner 2: F1=0.6280
[2026-10-02 13:58:46] MX outer2 | cfg=P_l2_b16_e6_w10_b_d1_s1_r9 | Inner 3/3
[2026-10-02 13:59:02] MX outer2 cfg=P_l2_b16_e6_w10_b_d1_s1_r9 Inner 3: F1=0.6400
[2026-10-02 13:59:03] MX outer2 | trial 17/20 F1_inner=0.6477 | mejor=0.6485
[2026-10-02 13:59:03] MX outer2 | cfg=P_l1_b16_e4_w10_s_d2_s1_r9 | Inner 1/3
[2026-10-02 13:59:14] MX outer2 cfg=P_l1_b16_e4_w10_s_d2_s1_r9 Inner 1: F1=0.5019
[2026-10-02 13:59:14] MX outer2 | cfg=P_l1_b16_e4_w10_s_d2_s1_r9 | Inner 2/3
[2026-10-02 13:59:25] MX outer2 cfg=P_l1_b16_e4_w10_s_d2_s1_r9 Inner 2: F1=0.5580
[2026-10-02 13:59:25] MX outer2 | cfg=P_l1_b16_e4_w10_s_d2_s1_r9 | Inner 3/3
[2026-10-02 13:59:36] MX outer2 cfg=P_l1_b16_e4_w10_s_d2_s1_r9 Inner 3: F1=0.5390
[2026-10-02 13:59:36] MX outer2 | trial 18/20 F1_inner=0.5329 | mejor=0.6485
[2026-10-02 13:59:36] MX outer2 | cfg=P_l2_b16_e4_w1_s_d2_s1_r9 | Inner 1/3
[2026-10-02 13:59:47] MX outer2 cfg=P_l2_b16_e4_w1_s_d2_s1_r9 Inner 1: F1=0.6394
[2026-10-02 13:59:47] MX outer2 | cfg=P_l2_b16_e4_w1_s_d2_s1_r9 | Inner 2/3
[2026-10-02 13:59:58] MX outer2 cfg=P_l2_b16_e4_w1_s_d2_s1_r9 Inner 2: F1=0.5969
[2026-10-02 13:59:58] MX outer2 | cfg=P_l2_b16_e4_w1_s_d2_s1_r9 | Inner 3/3
[2026-10-02 14:00:09] MX outer2 cfg=P_l2_b16_e4_w1_s_d2_s1_r9 Inner 3: F1=0.6170
[2026-10-02 14:00:09] MX outer2 | trial 19/20 F1_inner=0.6178 | mejor=0.6485
[2026-10-02 14:00:10] MX outer2 | cfg=P_l2_b16_e6_w1_s_d1_s1_r9 | Inner 1/3
[2026-10-02 14:00:25] MX outer2 cfg=P_l2_b16_e6_w1_s_d1_s1_r9 Inner 1: F1=0.6652
[2026-10-02 14:00:25] MX outer2 | cfg=P_l2_b16_e6_w1_s_d1_s1_r9 | Inner 2/3
[2026-10-02 14:00:41] MX outer2 cfg=P_l2_b16_e6_w1_s_d1_s1_r9 Inner 2: F1=0.6349
[2026-10-02 14:00:41] MX outer2 | cfg=P_l2_b16_e6_w1_s_d1_s1_r9 | Inner 3/3
[2026-10-02 14:00:54] MX outer2 cfg=P_l2_b16_e6_w1_s_d1_s1_r9 Inner 3: F1=0.6441
[2026-10-02 14:00:55] MX outer2 | trial 20/20 F1_inner=0.6481 | mejor=0.6485
[2026-10-02 14:00:55] MX Outer 2: refit PYSENTIMIENTO, 5 épocas
[2026-10-02 14:01:17] MX Outer 2 refit: F1_train=0.9103, F1_outer=0.6586
[2026-10-02 14:01:17] [MX][DistilBETO][Outer 2/5] FINALIZADO | prep=PYSENTIMIENTO | F1_inner=0.6485±0.0150 | F1_train=0.9103 | F1_outer=0.6586 | gap=0.2517
[2026-10-02 14:01:17] MX | Outer 3/5
[2026-10-02 14:01:18] MX outer3 | cfg=P_l1_b16_e4_w10_b_d3_s1_r9 | Inner 1/3
[2026-10-02 14:01:29] MX outer3 cfg=P_l1_b16_e4_w10_b_d3_s1_r9 Inner 1: F1=0.6533
[2026-10-02 14:01:29] MX outer3 | cfg=P_l1_b16_e4_w10_b_d3_s1_r9 | Inner 2/3
[2026-10-02 14:01:40] MX outer3 cfg=P_l1_b16_e4_w10_b_d3_s1_r9 Inner 2: F1=0.6283
[2026-10-02 14:01:40] MX outer3 | cfg=P_l1_b16_e4_w10_b_d3_s1_r9 | Inner 3/3
[2026-10-02 14:01:52] MX outer3 cfg=P_l1_b16_e4_w10_b_d3_s1_r9 Inner 3: F1=0.6355
[2026-10-02 14:01:52] MX outer3 | trial 1/20 F1_inner=0.6390 | mejor=0.6390
[2026-10-02 14:01:52] MX outer3 | cfg=P_l2_b16_e6_w10_s_d2_s1_r9 | Inner 1/3
[2026-10-02 14:02:08] MX outer3 cfg=P_l2_b16_e6_w10_s_d2_s1_r9 Inner 1: F1=0.6824
[2026-10-02 14:02:08] MX outer3 | cfg=P_l2_b16_e6_w10_s_d2_s1_r9 | Inner 2/3
[2026-10-02 14:02:24] MX outer3 cfg=P_l2_b16_e6_w10_s_d2_s1_r9 Inner 2: F1=0.6681
[2026-10-02 14:02:24] MX outer3 | cfg=P_l2_b16_e6_w10_s_d2_s1_r9 | Inner 3/3
[2026-10-02 14:02:40] MX outer3 cfg=P_l2_b16_e6_w10_s_d2_s1_r9 Inner 3: F1=0.6427
[2026-10-02 14:02:40] MX outer3 | trial 2/20 F1_inner=0.6644 | mejor=0.6644
[2026-10-02 14:02:40] MX outer3 | cfg=P_l2_b16_e6_w1_s_d1_s1_r9 | Inner 1/3
[2026-10-02 14:02:56] MX outer3 cfg=P_l2_b16_e6_w1_s_d1_s1_r9 Inner 1: F1=0.6812
[2026-10-02 14:02:56] MX outer3 | cfg=P_l2_b16_e6_w1_s_d1_s1_r9 | Inner 2/3
[2026-10-02 14:03:12] MX outer3 cfg=P_l2_b16_e6_w1_s_d1_s1_r9 Inner 2: F1=0.6731
[2026-10-02 14:03:12] MX outer3 | cfg=P_l2_b16_e6_w1_s_d1_s1_r9 | Inner 3/3
[2026-10-02 14:03:27] MX outer3 cfg=P_l2_b16_e6_w1_s_d1_s1_r9 Inner 3: F1=0.6474
[2026-10-02 14:03:28] MX outer3 | trial 3/20 F1_inner=0.6672 | mejor=0.6672
[2026-10-02 14:03:28] MX outer3 | cfg=P_l2_b16_e6_w1_b_d2_s1_r9 | Inner 1/3
[2026-10-02 14:03:42] MX outer3 cfg=P_l2_b16_e6_w1_b_d2_s1_r9 Inner 1: F1=0.6717
[2026-10-02 14:03:42] MX outer3 | cfg=P_l2_b16_e6_w1_b_d2_s1_r9 | Inner 2/3
[2026-10-02 14:03:53] MX outer3 cfg=P_l2_b16_e6_w1_b_d2_s1_r9 Inner 2: F1=0.6694
[2026-10-02 14:03:53] MX outer3 | cfg=P_l2_b16_e6_w1_b_d2_s1_r9 | Inner 3/3
[2026-10-02 14:04:04] MX outer3 cfg=P_l2_b16_e6_w1_b_d2_s1_r9 Inner 3: F1=0.6607
[2026-10-02 14:04:04] MX outer3 | trial 4/20 F1_inner=0.6673 | mejor=0.6673
[2026-10-02 14:04:04] MX outer3 | cfg=P_l2_b16_e4_w1_s_d1_s1_r9 | Inner 1/3
[2026-10-02 14:04:16] MX outer3 cfg=P_l2_b16_e4_w1_s_d1_s1_r9 Inner 1: F1=0.6570
[2026-10-02 14:04:16] MX outer3 | cfg=P_l2_b16_e4_w1_s_d1_s1_r9 | Inner 2/3
[2026-10-02 14:04:27] MX outer3 cfg=P_l2_b16_e4_w1_s_d1_s1_r9 Inner 2: F1=0.6538
[2026-10-02 14:04:27] MX outer3 | cfg=P_l2_b16_e4_w1_s_d1_s1_r9 | Inner 3/3
[2026-10-02 14:04:38] MX outer3 cfg=P_l2_b16_e4_w1_s_d1_s1_r9 Inner 3: F1=0.6192
[2026-10-02 14:04:38] MX outer3 | trial 5/20 F1_inner=0.6433 | mejor=0.6673
[2026-10-02 14:04:38] MX outer3 | cfg=P_l2_b16_e6_w1_b_d3_s1_r9 | Inner 1/3
[2026-10-02 14:04:54] MX outer3 cfg=P_l2_b16_e6_w1_b_d3_s1_r9 Inner 1: F1=0.6725
[2026-10-02 14:04:54] MX outer3 | cfg=P_l2_b16_e6_w1_b_d3_s1_r9 | Inner 2/3
[2026-10-02 14:05:05] MX outer3 cfg=P_l2_b16_e6_w1_b_d3_s1_r9 Inner 2: F1=0.6692
[2026-10-02 14:05:05] MX outer3 | cfg=P_l2_b16_e6_w1_b_d3_s1_r9 | Inner 3/3
[2026-10-02 14:05:21] MX outer3 cfg=P_l2_b16_e6_w1_b_d3_s1_r9 Inner 3: F1=0.6659
[2026-10-02 14:05:22] MX outer3 | trial 6/20 F1_inner=0.6692 | mejor=0.6692
[2026-10-02 14:05:22] REUTILIZADO MX outer3 cfg=P_l2_b16_e6_w1_b_d3_s1_r9 inner=1: F1=0.6725
[2026-10-02 14:05:22] REUTILIZADO MX outer3 cfg=P_l2_b16_e6_w1_b_d3_s1_r9 inner=2: F1=0.6692
[2026-10-02 14:05:22] REUTILIZADO MX outer3 cfg=P_l2_b16_e6_w1_b_d3_s1_r9 inner=3: F1=0.6659
[2026-10-02 14:05:22] MX outer3 | trial 7/20 F1_inner=0.6692 | mejor=0.6692
[2026-10-02 14:05:22] MX outer3 | cfg=P_l1_b16_e6_w1_s_d3_s1_r9 | Inner 1/3
[2026-10-02 14:05:38] MX outer3 cfg=P_l1_b16_e6_w1_s_d3_s1_r9 Inner 1: F1=0.6263
[2026-10-02 14:05:38] MX outer3 | cfg=P_l1_b16_e6_w1_s_d3_s1_r9 | Inner 2/3
[2026-10-02 14:05:54] MX outer3 cfg=P_l1_b16_e6_w1_s_d3_s1_r9 Inner 2: F1=0.6541
[2026-10-02 14:05:54] MX outer3 | cfg=P_l1_b16_e6_w1_s_d3_s1_r9 | Inner 3/3
[2026-10-02 14:06:10] MX outer3 cfg=P_l1_b16_e6_w1_s_d3_s1_r9 Inner 3: F1=0.6174
[2026-10-02 14:06:11] MX outer3 | trial 8/20 F1_inner=0.6326 | mejor=0.6692
[2026-10-02 14:06:11] MX outer3 | cfg=P_l1_b16_e6_w1_b_d1_s1_r9 | Inner 1/3
[2026-10-02 14:06:26] MX outer3 cfg=P_l1_b16_e6_w1_b_d1_s1_r9 Inner 1: F1=0.6615
[2026-10-02 14:06:26] MX outer3 | cfg=P_l1_b16_e6_w1_b_d1_s1_r9 | Inner 2/3
[2026-10-02 14:06:42] MX outer3 cfg=P_l1_b16_e6_w1_b_d1_s1_r9 Inner 2: F1=0.6554
[2026-10-02 14:06:42] MX outer3 | cfg=P_l1_b16_e6_w1_b_d1_s1_r9 | Inner 3/3
[2026-10-02 14:06:58] MX outer3 cfg=P_l1_b16_e6_w1_b_d1_s1_r9 Inner 3: F1=0.6533
[2026-10-02 14:06:58] MX outer3 | trial 9/20 F1_inner=0.6567 | mejor=0.6692
[2026-10-02 14:06:58] MX outer3 | cfg=P_l2_b16_e6_w10_b_d1_s1_r9 | Inner 1/3
[2026-10-02 14:07:12] MX outer3 cfg=P_l2_b16_e6_w10_b_d1_s1_r9 Inner 1: F1=0.6737
[2026-10-02 14:07:12] MX outer3 | cfg=P_l2_b16_e6_w10_b_d1_s1_r9 | Inner 2/3
[2026-10-02 14:07:24] MX outer3 cfg=P_l2_b16_e6_w10_b_d1_s1_r9 Inner 2: F1=0.6795
[2026-10-02 14:07:24] MX outer3 | cfg=P_l2_b16_e6_w10_b_d1_s1_r9 | Inner 3/3
[2026-10-02 14:07:38] MX outer3 cfg=P_l2_b16_e6_w10_b_d1_s1_r9 Inner 3: F1=0.6601
[2026-10-02 14:07:38] MX outer3 | trial 10/20 F1_inner=0.6711 | mejor=0.6711
[2026-10-02 14:07:38] REUTILIZADO MX outer3 cfg=P_l2_b16_e6_w10_b_d1_s1_r9 inner=1: F1=0.6737
[2026-10-02 14:07:38] REUTILIZADO MX outer3 cfg=P_l2_b16_e6_w10_b_d1_s1_r9 inner=2: F1=0.6795
[2026-10-02 14:07:38] REUTILIZADO MX outer3 cfg=P_l2_b16_e6_w10_b_d1_s1_r9 inner=3: F1=0.6601
[2026-10-02 14:07:38] MX outer3 | trial 11/20 F1_inner=0.6711 | mejor=0.6711
[2026-10-02 14:07:38] REUTILIZADO MX outer3 cfg=P_l2_b16_e6_w10_b_d1_s1_r9 inner=1: F1=0.6737
[2026-10-02 14:07:38] REUTILIZADO MX outer3 cfg=P_l2_b16_e6_w10_b_d1_s1_r9 inner=2: F1=0.6795
[2026-10-02 14:07:38] REUTILIZADO MX outer3 cfg=P_l2_b16_e6_w10_b_d1_s1_r9 inner=3: F1=0.6601
[2026-10-02 14:07:39] MX outer3 | trial 12/20 F1_inner=0.6711 | mejor=0.6711
[2026-10-02 14:07:39] MX outer3 | cfg=P_l2_b16_e4_w10_b_d2_s1_r9 | Inner 1/3
[2026-10-02 14:07:50] MX outer3 cfg=P_l2_b16_e4_w10_b_d2_s1_r9 Inner 1: F1=0.6697
[2026-10-02 14:07:50] MX outer3 | cfg=P_l2_b16_e4_w10_b_d2_s1_r9 | Inner 2/3
[2026-10-02 14:08:01] MX outer3 cfg=P_l2_b16_e4_w10_b_d2_s1_r9 Inner 2: F1=0.6655
[2026-10-02 14:08:01] MX outer3 | cfg=P_l2_b16_e4_w10_b_d2_s1_r9 | Inner 3/3
[2026-10-02 14:08:12] MX outer3 cfg=P_l2_b16_e4_w10_b_d2_s1_r9 Inner 3: F1=0.6638
[2026-10-02 14:08:12] MX outer3 | trial 13/20 F1_inner=0.6663 | mejor=0.6711
[2026-10-02 14:08:12] MX outer3 | cfg=P_l1_b16_e6_w10_s_d1_s1_r9 | Inner 1/3
[2026-10-02 14:08:28] MX outer3 cfg=P_l1_b16_e6_w10_s_d1_s1_r9 Inner 1: F1=0.6342
[2026-10-02 14:08:28] MX outer3 | cfg=P_l1_b16_e6_w10_s_d1_s1_r9 | Inner 2/3
[2026-10-02 14:08:43] MX outer3 cfg=P_l1_b16_e6_w10_s_d1_s1_r9 Inner 2: F1=0.6537
[2026-10-02 14:08:43] MX outer3 | cfg=P_l1_b16_e6_w10_s_d1_s1_r9 | Inner 3/3
[2026-10-02 14:08:59] MX outer3 cfg=P_l1_b16_e6_w10_s_d1_s1_r9 Inner 3: F1=0.6142
[2026-10-02 14:09:00] MX outer3 | trial 14/20 F1_inner=0.6340 | mejor=0.6711
[2026-10-02 14:09:00] MX outer3 | cfg=P_l2_b16_e4_w10_b_d1_s1_r9 | Inner 1/3
[2026-10-02 14:09:11] MX outer3 cfg=P_l2_b16_e4_w10_b_d1_s1_r9 Inner 1: F1=0.6730
[2026-10-02 14:09:11] MX outer3 | cfg=P_l2_b16_e4_w10_b_d1_s1_r9 | Inner 2/3
[2026-10-02 14:09:23] MX outer3 cfg=P_l2_b16_e4_w10_b_d1_s1_r9 Inner 2: F1=0.6660
[2026-10-02 14:09:23] MX outer3 | cfg=P_l2_b16_e4_w10_b_d1_s1_r9 | Inner 3/3
[2026-10-02 14:09:34] MX outer3 cfg=P_l2_b16_e4_w10_b_d1_s1_r9 Inner 3: F1=0.6625
[2026-10-02 14:09:34] MX outer3 | trial 15/20 F1_inner=0.6672 | mejor=0.6711
[2026-10-02 14:09:34] MX outer3 | cfg=P_l1_b16_e6_w10_b_d1_s1_r9 | Inner 1/3
[2026-10-02 14:09:50] MX outer3 cfg=P_l1_b16_e6_w10_b_d1_s1_r9 Inner 1: F1=0.6629
[2026-10-02 14:09:50] MX outer3 | cfg=P_l1_b16_e6_w10_b_d1_s1_r9 | Inner 2/3
[2026-10-02 14:10:06] MX outer3 cfg=P_l1_b16_e6_w10_b_d1_s1_r9 Inner 2: F1=0.6531
[2026-10-02 14:10:06] MX outer3 | cfg=P_l1_b16_e6_w10_b_d1_s1_r9 | Inner 3/3
[2026-10-02 14:10:23] MX outer3 cfg=P_l1_b16_e6_w10_b_d1_s1_r9 Inner 3: F1=0.6552
[2026-10-02 14:10:23] MX outer3 | trial 16/20 F1_inner=0.6571 | mejor=0.6711
[2026-10-02 14:10:23] MX outer3 | cfg=P_l2_b16_e6_w10_b_d3_s1_r9 | Inner 1/3
[2026-10-02 14:10:37] MX outer3 cfg=P_l2_b16_e6_w10_b_d3_s1_r9 Inner 1: F1=0.6776
[2026-10-02 14:10:37] MX outer3 | cfg=P_l2_b16_e6_w10_b_d3_s1_r9 | Inner 2/3
[2026-10-02 14:10:48] MX outer3 cfg=P_l2_b16_e6_w10_b_d3_s1_r9 Inner 2: F1=0.6678
[2026-10-02 14:10:48] MX outer3 | cfg=P_l2_b16_e6_w10_b_d3_s1_r9 | Inner 3/3
[2026-10-02 14:10:59] MX outer3 cfg=P_l2_b16_e6_w10_b_d3_s1_r9 Inner 3: F1=0.6616
[2026-10-02 14:11:00] MX outer3 | trial 17/20 F1_inner=0.6690 | mejor=0.6711
[2026-10-02 14:11:00] MX outer3 | cfg=P_l2_b16_e4_w10_s_d3_s1_r9 | Inner 1/3
[2026-10-02 14:11:11] MX outer3 cfg=P_l2_b16_e4_w10_s_d3_s1_r9 Inner 1: F1=0.6388
[2026-10-02 14:11:11] MX outer3 | cfg=P_l2_b16_e4_w10_s_d3_s1_r9 | Inner 2/3
[2026-10-02 14:11:22] MX outer3 cfg=P_l2_b16_e4_w10_s_d3_s1_r9 Inner 2: F1=0.6619
[2026-10-02 14:11:22] MX outer3 | cfg=P_l2_b16_e4_w10_s_d3_s1_r9 | Inner 3/3
[2026-10-02 14:11:33] MX outer3 cfg=P_l2_b16_e4_w10_s_d3_s1_r9 Inner 3: F1=0.6229
[2026-10-02 14:11:33] MX outer3 | trial 18/20 F1_inner=0.6412 | mejor=0.6711
[2026-10-02 14:11:33] MX outer3 | cfg=P_l1_b16_e4_w10_s_d2_s1_r9 | Inner 1/3
[2026-10-02 14:11:44] MX outer3 cfg=P_l1_b16_e4_w10_s_d2_s1_r9 Inner 1: F1=0.5773
[2026-10-02 14:11:44] MX outer3 | cfg=P_l1_b16_e4_w10_s_d2_s1_r9 | Inner 2/3
[2026-10-02 14:11:55] MX outer3 cfg=P_l1_b16_e4_w10_s_d2_s1_r9 Inner 2: F1=0.5773
[2026-10-02 14:11:55] MX outer3 | cfg=P_l1_b16_e4_w10_s_d2_s1_r9 | Inner 3/3
[2026-10-02 14:12:06] MX outer3 cfg=P_l1_b16_e4_w10_s_d2_s1_r9 Inner 3: F1=0.5351
[2026-10-02 14:12:06] MX outer3 | trial 19/20 F1_inner=0.5632 | mejor=0.6711
[2026-10-02 14:12:06] MX outer3 | cfg=P_l2_b16_e6_w10_s_d1_s1_r9 | Inner 1/3
[2026-10-02 14:12:22] MX outer3 cfg=P_l2_b16_e6_w10_s_d1_s1_r9 Inner 1: F1=0.6790
[2026-10-02 14:12:22] MX outer3 | cfg=P_l2_b16_e6_w10_s_d1_s1_r9 | Inner 2/3
[2026-10-02 14:12:38] MX outer3 cfg=P_l2_b16_e6_w10_s_d1_s1_r9 Inner 2: F1=0.6722
[2026-10-02 14:12:38] MX outer3 | cfg=P_l2_b16_e6_w10_s_d1_s1_r9 | Inner 3/3
[2026-10-02 14:12:54] MX outer3 cfg=P_l2_b16_e6_w10_s_d1_s1_r9 Inner 3: F1=0.6522
[2026-10-02 14:12:54] MX outer3 | trial 20/20 F1_inner=0.6678 | mejor=0.6711
[2026-10-02 14:12:54] MX Outer 3: refit PYSENTIMIENTO, 3 épocas
[2026-10-02 14:13:08] MX Outer 3 refit: F1_train=0.8279, F1_outer=0.6350
[2026-10-02 14:13:08] [MX][DistilBETO][Outer 3/5] FINALIZADO | prep=PYSENTIMIENTO | F1_inner=0.6711±0.0099 | F1_train=0.8279 | F1_outer=0.6350 | gap=0.1929
[2026-10-02 14:13:08] MX | Outer 4/5
[2026-10-02 14:13:09] MX outer4 | cfg=P_l1_b16_e6_w10_b_d1_s1_r9 | Inner 1/3
[2026-10-02 14:13:25] MX outer4 cfg=P_l1_b16_e6_w10_b_d1_s1_r9 Inner 1: F1=0.6261
[2026-10-02 14:13:25] MX outer4 | cfg=P_l1_b16_e6_w10_b_d1_s1_r9 | Inner 2/3
[2026-10-02 14:13:41] MX outer4 cfg=P_l1_b16_e6_w10_b_d1_s1_r9 Inner 2: F1=0.6615
[2026-10-02 14:13:41] MX outer4 | cfg=P_l1_b16_e6_w10_b_d1_s1_r9 | Inner 3/3
[2026-10-02 14:13:57] MX outer4 cfg=P_l1_b16_e6_w10_b_d1_s1_r9 Inner 3: F1=0.6520
[2026-10-02 14:13:58] MX outer4 | trial 1/20 F1_inner=0.6466 | mejor=0.6466
[2026-10-02 14:13:58] MX outer4 | cfg=P_l2_b16_e6_w1_s_d1_s1_r9 | Inner 1/3
[2026-10-02 14:14:14] MX outer4 cfg=P_l2_b16_e6_w1_s_d1_s1_r9 Inner 1: F1=0.6254
[2026-10-02 14:14:14] MX outer4 | cfg=P_l2_b16_e6_w1_s_d1_s1_r9 | Inner 2/3
[2026-10-02 14:14:29] MX outer4 cfg=P_l2_b16_e6_w1_s_d1_s1_r9 Inner 2: F1=0.6333
[2026-10-02 14:14:29] MX outer4 | cfg=P_l2_b16_e6_w1_s_d1_s1_r9 | Inner 3/3
[2026-10-02 14:14:43] MX outer4 cfg=P_l2_b16_e6_w1_s_d1_s1_r9 Inner 3: F1=0.6613
[2026-10-02 14:14:43] MX outer4 | trial 2/20 F1_inner=0.6400 | mejor=0.6466
[2026-10-02 14:14:43] MX outer4 | cfg=P_l2_b16_e6_w1_b_d2_s1_r9 | Inner 1/3
[2026-10-02 14:14:57] MX outer4 cfg=P_l2_b16_e6_w1_b_d2_s1_r9 Inner 1: F1=0.6280
[2026-10-02 14:14:57] MX outer4 | cfg=P_l2_b16_e6_w1_b_d2_s1_r9 | Inner 2/3
[2026-10-02 14:15:13] MX outer4 cfg=P_l2_b16_e6_w1_b_d2_s1_r9 Inner 2: F1=0.6650
[2026-10-02 14:15:13] MX outer4 | cfg=P_l2_b16_e6_w1_b_d2_s1_r9 | Inner 3/3
[2026-10-02 14:15:29] MX outer4 cfg=P_l2_b16_e6_w1_b_d2_s1_r9 Inner 3: F1=0.6703
[2026-10-02 14:15:29] MX outer4 | trial 3/20 F1_inner=0.6544 | mejor=0.6544
[2026-10-02 14:15:30] MX outer4 | cfg=P_l1_b16_e4_w10_s_d1_s1_r9 | Inner 1/3
[2026-10-02 14:15:40] MX outer4 cfg=P_l1_b16_e4_w10_s_d1_s1_r9 Inner 1: F1=0.5140
[2026-10-02 14:15:40] MX outer4 | cfg=P_l1_b16_e4_w10_s_d1_s1_r9 | Inner 2/3
[2026-10-02 14:15:51] MX outer4 cfg=P_l1_b16_e4_w10_s_d1_s1_r9 Inner 2: F1=0.5231
[2026-10-02 14:15:51] MX outer4 | cfg=P_l1_b16_e4_w10_s_d1_s1_r9 | Inner 3/3
[2026-10-02 14:16:02] MX outer4 cfg=P_l1_b16_e4_w10_s_d1_s1_r9 Inner 3: F1=0.5634
[2026-10-02 14:16:03] MX outer4 | trial 4/20 F1_inner=0.5335 | mejor=0.6544
[2026-10-02 14:16:03] MX outer4 | cfg=P_l2_b16_e6_w10_b_d3_s1_r9 | Inner 1/3
[2026-10-02 14:16:16] MX outer4 cfg=P_l2_b16_e6_w10_b_d3_s1_r9 Inner 1: F1=0.6280
[2026-10-02 14:16:16] MX outer4 | cfg=P_l2_b16_e6_w10_b_d3_s1_r9 | Inner 2/3
[2026-10-02 14:16:32] MX outer4 cfg=P_l2_b16_e6_w10_b_d3_s1_r9 Inner 2: F1=0.6690
[2026-10-02 14:16:32] MX outer4 | cfg=P_l2_b16_e6_w10_b_d3_s1_r9 | Inner 3/3
[2026-10-02 14:16:48] MX outer4 cfg=P_l2_b16_e6_w10_b_d3_s1_r9 Inner 3: F1=0.6758
[2026-10-02 14:16:49] MX outer4 | trial 5/20 F1_inner=0.6576 | mejor=0.6576
[2026-10-02 14:16:49] REUTILIZADO MX outer4 cfg=P_l2_b16_e6_w10_b_d3_s1_r9 inner=1: F1=0.6280
[2026-10-02 14:16:49] REUTILIZADO MX outer4 cfg=P_l2_b16_e6_w10_b_d3_s1_r9 inner=2: F1=0.6690
[2026-10-02 14:16:49] REUTILIZADO MX outer4 cfg=P_l2_b16_e6_w10_b_d3_s1_r9 inner=3: F1=0.6758
[2026-10-02 14:16:49] MX outer4 | trial 6/20 F1_inner=0.6576 | mejor=0.6576
[2026-10-02 14:16:49] MX outer4 | cfg=P_l2_b16_e4_w10_s_d3_s1_r9 | Inner 1/3
[2026-10-02 14:17:00] MX outer4 cfg=P_l2_b16_e4_w10_s_d3_s1_r9 Inner 1: F1=0.5739
[2026-10-02 14:17:00] MX outer4 | cfg=P_l2_b16_e4_w10_s_d3_s1_r9 | Inner 2/3
[2026-10-02 14:17:11] MX outer4 cfg=P_l2_b16_e4_w10_s_d3_s1_r9 Inner 2: F1=0.6195
[2026-10-02 14:17:11] MX outer4 | cfg=P_l2_b16_e4_w10_s_d3_s1_r9 | Inner 3/3
[2026-10-02 14:17:22] MX outer4 cfg=P_l2_b16_e4_w10_s_d3_s1_r9 Inner 3: F1=0.6258
[2026-10-02 14:17:23] MX outer4 | trial 7/20 F1_inner=0.6064 | mejor=0.6576
[2026-10-02 14:17:23] MX outer4 | cfg=P_l1_b16_e6_w1_b_d3_s1_r9 | Inner 1/3
[2026-10-02 14:17:39] MX outer4 cfg=P_l1_b16_e6_w1_b_d3_s1_r9 Inner 1: F1=0.6159
[2026-10-02 14:17:39] MX outer4 | cfg=P_l1_b16_e6_w1_b_d3_s1_r9 | Inner 2/3
[2026-10-02 14:17:54] MX outer4 cfg=P_l1_b16_e6_w1_b_d3_s1_r9 Inner 2: F1=0.6573
[2026-10-02 14:17:54] MX outer4 | cfg=P_l1_b16_e6_w1_b_d3_s1_r9 | Inner 3/3
[2026-10-02 14:18:05] MX outer4 cfg=P_l1_b16_e6_w1_b_d3_s1_r9 Inner 3: F1=0.6434
[2026-10-02 14:18:06] MX outer4 | trial 8/20 F1_inner=0.6389 | mejor=0.6576
[2026-10-02 14:18:06] MX outer4 | cfg=P_l1_b16_e4_w10_b_d3_s1_r9 | Inner 1/3
[2026-10-02 14:18:17] MX outer4 cfg=P_l1_b16_e4_w10_b_d3_s1_r9 Inner 1: F1=0.5970
[2026-10-02 14:18:17] MX outer4 | cfg=P_l1_b16_e4_w10_b_d3_s1_r9 | Inner 2/3
[2026-10-02 14:18:28] MX outer4 cfg=P_l1_b16_e4_w10_b_d3_s1_r9 Inner 2: F1=0.6266
[2026-10-02 14:18:28] MX outer4 | cfg=P_l1_b16_e4_w10_b_d3_s1_r9 | Inner 3/3
[2026-10-02 14:18:39] MX outer4 cfg=P_l1_b16_e4_w10_b_d3_s1_r9 Inner 3: F1=0.6326
[2026-10-02 14:18:39] MX outer4 | trial 9/20 F1_inner=0.6187 | mejor=0.6576
[2026-10-02 14:18:39] MX outer4 | cfg=P_l2_b16_e4_w1_b_d3_s1_r9 | Inner 1/3
[2026-10-02 14:18:50] MX outer4 cfg=P_l2_b16_e4_w1_b_d3_s1_r9 Inner 1: F1=0.6228
[2026-10-02 14:18:50] MX outer4 | cfg=P_l2_b16_e4_w1_b_d3_s1_r9 | Inner 2/3
[2026-10-02 14:19:02] MX outer4 cfg=P_l2_b16_e4_w1_b_d3_s1_r9 Inner 2: F1=0.6608
[2026-10-02 14:19:02] MX outer4 | cfg=P_l2_b16_e4_w1_b_d3_s1_r9 | Inner 3/3
[2026-10-02 14:19:13] MX outer4 cfg=P_l2_b16_e4_w1_b_d3_s1_r9 Inner 3: F1=0.6610
[2026-10-02 14:19:13] MX outer4 | trial 10/20 F1_inner=0.6482 | mejor=0.6576
[2026-10-02 14:19:13] MX outer4 | cfg=P_l2_b16_e6_w10_s_d2_s1_r9 | Inner 1/3
[2026-10-02 14:19:29] MX outer4 cfg=P_l2_b16_e6_w10_s_d2_s1_r9 Inner 1: F1=0.6217
[2026-10-02 14:19:29] MX outer4 | cfg=P_l2_b16_e6_w10_s_d2_s1_r9 | Inner 2/3
[2026-10-02 14:19:45] MX outer4 cfg=P_l2_b16_e6_w10_s_d2_s1_r9 Inner 2: F1=0.6233
[2026-10-02 14:19:45] MX outer4 | cfg=P_l2_b16_e6_w10_s_d2_s1_r9 | Inner 3/3
[2026-10-02 14:19:59] MX outer4 cfg=P_l2_b16_e6_w10_s_d2_s1_r9 Inner 3: F1=0.6537
[2026-10-02 14:19:59] MX outer4 | trial 11/20 F1_inner=0.6329 | mejor=0.6576
[2026-10-02 14:19:59] REUTILIZADO MX outer4 cfg=P_l2_b16_e6_w10_b_d3_s1_r9 inner=1: F1=0.6280
[2026-10-02 14:19:59] REUTILIZADO MX outer4 cfg=P_l2_b16_e6_w10_b_d3_s1_r9 inner=2: F1=0.6690
[2026-10-02 14:19:59] REUTILIZADO MX outer4 cfg=P_l2_b16_e6_w10_b_d3_s1_r9 inner=3: F1=0.6758
[2026-10-02 14:19:59] MX outer4 | trial 12/20 F1_inner=0.6576 | mejor=0.6576
[2026-10-02 14:20:00] MX outer4 | cfg=P_l2_b16_e6_w10_b_d1_s1_r9 | Inner 1/3
[2026-10-02 14:20:13] MX outer4 cfg=P_l2_b16_e6_w10_b_d1_s1_r9 Inner 1: F1=0.6233
[2026-10-02 14:20:13] MX outer4 | cfg=P_l2_b16_e6_w10_b_d1_s1_r9 | Inner 2/3
[2026-10-02 14:20:30] MX outer4 cfg=P_l2_b16_e6_w10_b_d1_s1_r9 Inner 2: F1=0.6658
[2026-10-02 14:20:30] MX outer4 | cfg=P_l2_b16_e6_w10_b_d1_s1_r9 | Inner 3/3
[2026-10-02 14:20:46] MX outer4 cfg=P_l2_b16_e6_w10_b_d1_s1_r9 Inner 3: F1=0.6767
[2026-10-02 14:20:46] MX outer4 | trial 13/20 F1_inner=0.6553 | mejor=0.6576
[2026-10-02 14:20:46] MX outer4 | cfg=P_l1_b16_e6_w10_s_d3_s1_r9 | Inner 1/3
[2026-10-02 14:21:02] MX outer4 cfg=P_l1_b16_e6_w10_s_d3_s1_r9 Inner 1: F1=0.5739
[2026-10-02 14:21:02] MX outer4 | cfg=P_l1_b16_e6_w10_s_d3_s1_r9 | Inner 2/3
[2026-10-02 14:21:17] MX outer4 cfg=P_l1_b16_e6_w10_s_d3_s1_r9 Inner 2: F1=0.5748
[2026-10-02 14:21:17] MX outer4 | cfg=P_l1_b16_e6_w10_s_d3_s1_r9 | Inner 3/3
[2026-10-02 14:21:33] MX outer4 cfg=P_l1_b16_e6_w10_s_d3_s1_r9 Inner 3: F1=0.5993
[2026-10-02 14:21:33] MX outer4 | trial 14/20 F1_inner=0.5827 | mejor=0.6576
[2026-10-02 14:21:33] MX outer4 | cfg=P_l2_b16_e4_w10_b_d2_s1_r9 | Inner 1/3
[2026-10-02 14:21:45] MX outer4 cfg=P_l2_b16_e4_w10_b_d2_s1_r9 Inner 1: F1=0.6264
[2026-10-02 14:21:45] MX outer4 | cfg=P_l2_b16_e4_w10_b_d2_s1_r9 | Inner 2/3
[2026-10-02 14:21:56] MX outer4 cfg=P_l2_b16_e4_w10_b_d2_s1_r9 Inner 2: F1=0.6608
[2026-10-02 14:21:56] MX outer4 | cfg=P_l2_b16_e4_w10_b_d2_s1_r9 | Inner 3/3
[2026-10-02 14:22:07] MX outer4 cfg=P_l2_b16_e4_w10_b_d2_s1_r9 Inner 3: F1=0.6575
[2026-10-02 14:22:08] MX outer4 | trial 15/20 F1_inner=0.6482 | mejor=0.6576
[2026-10-02 14:22:08] MX outer4 | cfg=P_l2_b16_e6_w1_b_d3_s1_r9 | Inner 1/3
[2026-10-02 14:22:21] MX outer4 cfg=P_l2_b16_e6_w1_b_d3_s1_r9 Inner 1: F1=0.6267
[2026-10-02 14:22:21] MX outer4 | cfg=P_l2_b16_e6_w1_b_d3_s1_r9 | Inner 2/3
[2026-10-02 14:22:37] MX outer4 cfg=P_l2_b16_e6_w1_b_d3_s1_r9 Inner 2: F1=0.6680
[2026-10-02 14:22:37] MX outer4 | cfg=P_l2_b16_e6_w1_b_d3_s1_r9 | Inner 3/3
[2026-10-02 14:22:53] MX outer4 cfg=P_l2_b16_e6_w1_b_d3_s1_r9 Inner 3: F1=0.6725
[2026-10-02 14:22:53] MX outer4 | trial 16/20 F1_inner=0.6557 | mejor=0.6576
[2026-10-02 14:22:53] MX outer4 | cfg=P_l2_b16_e6_w10_s_d3_s1_r9 | Inner 1/3
[2026-10-02 14:23:10] MX outer4 cfg=P_l2_b16_e6_w10_s_d3_s1_r9 Inner 1: F1=0.6256
[2026-10-02 14:23:10] MX outer4 | cfg=P_l2_b16_e6_w10_s_d3_s1_r9 | Inner 2/3
[2026-10-02 14:23:23] MX outer4 cfg=P_l2_b16_e6_w10_s_d3_s1_r9 Inner 2: F1=0.6244
[2026-10-02 14:23:23] MX outer4 | cfg=P_l2_b16_e6_w10_s_d3_s1_r9 | Inner 3/3
[2026-10-02 14:23:36] MX outer4 cfg=P_l2_b16_e6_w10_s_d3_s1_r9 Inner 3: F1=0.6455
[2026-10-02 14:23:36] MX outer4 | trial 17/20 F1_inner=0.6318 | mejor=0.6576
[2026-10-02 14:23:37] MX outer4 | cfg=P_l2_b16_e4_w10_b_d3_s1_r9 | Inner 1/3
[2026-10-02 14:23:48] MX outer4 cfg=P_l2_b16_e4_w10_b_d3_s1_r9 Inner 1: F1=0.6272
[2026-10-02 14:23:48] MX outer4 | cfg=P_l2_b16_e4_w10_b_d3_s1_r9 | Inner 2/3
[2026-10-02 14:23:59] MX outer4 cfg=P_l2_b16_e4_w10_b_d3_s1_r9 Inner 2: F1=0.6627
[2026-10-02 14:23:59] MX outer4 | cfg=P_l2_b16_e4_w10_b_d3_s1_r9 | Inner 3/3
[2026-10-02 14:24:10] MX outer4 cfg=P_l2_b16_e4_w10_b_d3_s1_r9 Inner 3: F1=0.6610
[2026-10-02 14:24:10] MX outer4 | trial 18/20 F1_inner=0.6503 | mejor=0.6576
[2026-10-02 14:24:10] MX outer4 | cfg=P_l1_b16_e4_w1_b_d1_s1_r9 | Inner 1/3
[2026-10-02 14:24:22] MX outer4 cfg=P_l1_b16_e4_w1_b_d1_s1_r9 Inner 1: F1=0.6044
[2026-10-02 14:24:22] MX outer4 | cfg=P_l1_b16_e4_w1_b_d1_s1_r9 | Inner 2/3
[2026-10-02 14:24:33] MX outer4 cfg=P_l1_b16_e4_w1_b_d1_s1_r9 Inner 2: F1=0.6299
[2026-10-02 14:24:33] MX outer4 | cfg=P_l1_b16_e4_w1_b_d1_s1_r9 | Inner 3/3
[2026-10-02 14:24:44] MX outer4 cfg=P_l1_b16_e4_w1_b_d1_s1_r9 Inner 3: F1=0.6358
[2026-10-02 14:24:45] MX outer4 | trial 19/20 F1_inner=0.6234 | mejor=0.6576
[2026-10-02 14:24:45] MX outer4 | cfg=P_l1_b16_e4_w1_s_d3_s1_r9 | Inner 1/3
[2026-10-02 14:24:56] MX outer4 cfg=P_l1_b16_e4_w1_s_d3_s1_r9 Inner 1: F1=0.5098
[2026-10-02 14:24:56] MX outer4 | cfg=P_l1_b16_e4_w1_s_d3_s1_r9 | Inner 2/3
[2026-10-02 14:25:07] MX outer4 cfg=P_l1_b16_e4_w1_s_d3_s1_r9 Inner 2: F1=0.5107
[2026-10-02 14:25:07] MX outer4 | cfg=P_l1_b16_e4_w1_s_d3_s1_r9 | Inner 3/3
[2026-10-02 14:25:18] MX outer4 cfg=P_l1_b16_e4_w1_s_d3_s1_r9 Inner 3: F1=0.5371
[2026-10-02 14:25:19] MX outer4 | trial 20/20 F1_inner=0.5192 | mejor=0.6576
[2026-10-02 14:25:19] MX Outer 4: refit PYSENTIMIENTO, 5 épocas
[2026-10-02 14:25:41] MX Outer 4 refit: F1_train=0.9082, F1_outer=0.6903
[2026-10-02 14:25:41] [MX][DistilBETO][Outer 4/5] FINALIZADO | prep=PYSENTIMIENTO | F1_inner=0.6576±0.0258 | F1_train=0.9082 | F1_outer=0.6903 | gap=0.2178
[2026-10-02 14:25:41] MX | Outer 5/5
[2026-10-02 14:25:42] MX outer5 | cfg=P_l2_b16_e4_w10_s_d1_s1_r9 | Inner 1/3
[2026-10-02 14:25:53] MX outer5 cfg=P_l2_b16_e4_w10_s_d1_s1_r9 Inner 1: F1=0.6302
[2026-10-02 14:25:53] MX outer5 | cfg=P_l2_b16_e4_w10_s_d1_s1_r9 | Inner 2/3
[2026-10-02 14:26:05] MX outer5 cfg=P_l2_b16_e4_w10_s_d1_s1_r9 Inner 2: F1=0.5877
[2026-10-02 14:26:05] MX outer5 | cfg=P_l2_b16_e4_w10_s_d1_s1_r9 | Inner 3/3
[2026-10-02 14:26:16] MX outer5 cfg=P_l2_b16_e4_w10_s_d1_s1_r9 Inner 3: F1=0.6211
[2026-10-02 14:26:16] MX outer5 | trial 1/20 F1_inner=0.6130 | mejor=0.6130
[2026-10-02 14:26:16] MX outer5 | cfg=P_l2_b16_e6_w1_s_d2_s1_r9 | Inner 1/3
[2026-10-02 14:26:32] MX outer5 cfg=P_l2_b16_e6_w1_s_d2_s1_r9 Inner 1: F1=0.6635
[2026-10-02 14:26:32] MX outer5 | cfg=P_l2_b16_e6_w1_s_d2_s1_r9 | Inner 2/3
[2026-10-02 14:26:48] MX outer5 cfg=P_l2_b16_e6_w1_s_d2_s1_r9 Inner 2: F1=0.6280
[2026-10-02 14:26:48] MX outer5 | cfg=P_l2_b16_e6_w1_s_d2_s1_r9 | Inner 3/3
[2026-10-02 14:27:04] MX outer5 cfg=P_l2_b16_e6_w1_s_d2_s1_r9 Inner 3: F1=0.6323
[2026-10-02 14:27:04] MX outer5 | trial 2/20 F1_inner=0.6412 | mejor=0.6412
[2026-10-02 14:27:04] MX outer5 | cfg=P_l1_b16_e4_w10_s_d1_s1_r9 | Inner 1/3
[2026-10-02 14:27:15] MX outer5 cfg=P_l1_b16_e4_w10_s_d1_s1_r9 Inner 1: F1=0.5678
[2026-10-02 14:27:15] MX outer5 | cfg=P_l1_b16_e4_w10_s_d1_s1_r9 | Inner 2/3
[2026-10-02 14:27:26] MX outer5 cfg=P_l1_b16_e4_w10_s_d1_s1_r9 Inner 2: F1=0.5491
[2026-10-02 14:27:26] MX outer5 | cfg=P_l1_b16_e4_w10_s_d1_s1_r9 | Inner 3/3
[2026-10-02 14:27:37] MX outer5 cfg=P_l1_b16_e4_w10_s_d1_s1_r9 Inner 3: F1=0.5661
[2026-10-02 14:27:37] MX outer5 | trial 3/20 F1_inner=0.5610 | mejor=0.6412
[2026-10-02 14:27:37] MX outer5 | cfg=P_l1_b16_e4_w10_b_d3_s1_r9 | Inner 1/3
[2026-10-02 14:27:48] MX outer5 cfg=P_l1_b16_e4_w10_b_d3_s1_r9 Inner 1: F1=0.6252
[2026-10-02 14:27:48] MX outer5 | cfg=P_l1_b16_e4_w10_b_d3_s1_r9 | Inner 2/3
[2026-10-02 14:28:00] MX outer5 cfg=P_l1_b16_e4_w10_b_d3_s1_r9 Inner 2: F1=0.6360
[2026-10-02 14:28:00] MX outer5 | cfg=P_l1_b16_e4_w10_b_d3_s1_r9 | Inner 3/3
[2026-10-02 14:28:11] MX outer5 cfg=P_l1_b16_e4_w10_b_d3_s1_r9 Inner 3: F1=0.6310
[2026-10-02 14:28:11] MX outer5 | trial 4/20 F1_inner=0.6307 | mejor=0.6412
[2026-10-02 14:28:11] MX outer5 | cfg=P_l2_b16_e6_w10_s_d2_s1_r9 | Inner 1/3
[2026-10-02 14:28:27] MX outer5 cfg=P_l2_b16_e6_w10_s_d2_s1_r9 Inner 1: F1=0.6638
[2026-10-02 14:28:27] MX outer5 | cfg=P_l2_b16_e6_w10_s_d2_s1_r9 | Inner 2/3
[2026-10-02 14:28:42] MX outer5 cfg=P_l2_b16_e6_w10_s_d2_s1_r9 Inner 2: F1=0.6319
[2026-10-02 14:28:42] MX outer5 | cfg=P_l2_b16_e6_w10_s_d2_s1_r9 | Inner 3/3
[2026-10-02 14:28:58] MX outer5 cfg=P_l2_b16_e6_w10_s_d2_s1_r9 Inner 3: F1=0.6323
[2026-10-02 14:28:59] MX outer5 | trial 5/20 F1_inner=0.6427 | mejor=0.6427
[2026-10-02 14:28:59] MX outer5 | cfg=P_l2_b16_e6_w10_b_d2_s1_r9 | Inner 1/3
[2026-10-02 14:29:15] MX outer5 cfg=P_l2_b16_e6_w10_b_d2_s1_r9 Inner 1: F1=0.6696
[2026-10-02 14:29:15] MX outer5 | cfg=P_l2_b16_e6_w10_b_d2_s1_r9 | Inner 2/3
[2026-10-02 14:29:30] MX outer5 cfg=P_l2_b16_e6_w10_b_d2_s1_r9 Inner 2: F1=0.6691
[2026-10-02 14:29:30] MX outer5 | cfg=P_l2_b16_e6_w10_b_d2_s1_r9 | Inner 3/3
[2026-10-02 14:29:39] MX outer5 cfg=P_l2_b16_e6_w10_b_d2_s1_r9 Inner 3: F1=0.6240
[2026-10-02 14:29:39] MX outer5 | trial 6/20 F1_inner=0.6542 | mejor=0.6542
[2026-10-02 14:29:40] REUTILIZADO MX outer5 cfg=P_l2_b16_e6_w10_b_d2_s1_r9 inner=1: F1=0.6696
[2026-10-02 14:29:40] REUTILIZADO MX outer5 cfg=P_l2_b16_e6_w10_b_d2_s1_r9 inner=2: F1=0.6691
[2026-10-02 14:29:40] REUTILIZADO MX outer5 cfg=P_l2_b16_e6_w10_b_d2_s1_r9 inner=3: F1=0.6240
[2026-10-02 14:29:40] MX outer5 | trial 7/20 F1_inner=0.6542 | mejor=0.6542
[2026-10-02 14:29:40] MX outer5 | cfg=P_l2_b16_e6_w1_b_d1_s1_r9 | Inner 1/3
[2026-10-02 14:29:56] MX outer5 cfg=P_l2_b16_e6_w1_b_d1_s1_r9 Inner 1: F1=0.6710
[2026-10-02 14:29:56] MX outer5 | cfg=P_l2_b16_e6_w1_b_d1_s1_r9 | Inner 2/3
[2026-10-02 14:30:12] MX outer5 cfg=P_l2_b16_e6_w1_b_d1_s1_r9 Inner 2: F1=0.6651
[2026-10-02 14:30:12] MX outer5 | cfg=P_l2_b16_e6_w1_b_d1_s1_r9 | Inner 3/3
[2026-10-02 14:30:21] MX outer5 cfg=P_l2_b16_e6_w1_b_d1_s1_r9 Inner 3: F1=0.6295
[2026-10-02 14:30:21] MX outer5 | trial 8/20 F1_inner=0.6552 | mejor=0.6552
[2026-10-02 14:30:21] REUTILIZADO MX outer5 cfg=P_l2_b16_e6_w1_b_d1_s1_r9 inner=1: F1=0.6710
[2026-10-02 14:30:21] REUTILIZADO MX outer5 cfg=P_l2_b16_e6_w1_b_d1_s1_r9 inner=2: F1=0.6651
[2026-10-02 14:30:21] REUTILIZADO MX outer5 cfg=P_l2_b16_e6_w1_b_d1_s1_r9 inner=3: F1=0.6295
[2026-10-02 14:30:21] MX outer5 | trial 9/20 F1_inner=0.6552 | mejor=0.6552
[2026-10-02 14:30:21] MX outer5 | cfg=P_l1_b16_e6_w1_s_d1_s1_r9 | Inner 1/3
[2026-10-02 14:30:37] MX outer5 cfg=P_l1_b16_e6_w1_s_d1_s1_r9 Inner 1: F1=0.6131
[2026-10-02 14:30:37] MX outer5 | cfg=P_l1_b16_e6_w1_s_d1_s1_r9 | Inner 2/3
[2026-10-02 14:30:53] MX outer5 cfg=P_l1_b16_e6_w1_s_d1_s1_r9 Inner 2: F1=0.5972
[2026-10-02 14:30:54] MX outer5 | cfg=P_l1_b16_e6_w1_s_d1_s1_r9 | Inner 3/3
[2026-10-02 14:31:09] MX outer5 cfg=P_l1_b16_e6_w1_s_d1_s1_r9 Inner 3: F1=0.6250
[2026-10-02 14:31:10] MX outer5 | trial 10/20 F1_inner=0.6118 | mejor=0.6552
[2026-10-02 14:31:10] MX outer5 | cfg=P_l2_b16_e4_w1_b_d1_s1_r9 | Inner 1/3
[2026-10-02 14:31:21] MX outer5 cfg=P_l2_b16_e4_w1_b_d1_s1_r9 Inner 1: F1=0.6665
[2026-10-02 14:31:21] MX outer5 | cfg=P_l2_b16_e4_w1_b_d1_s1_r9 | Inner 2/3
[2026-10-02 14:31:32] MX outer5 cfg=P_l2_b16_e4_w1_b_d1_s1_r9 Inner 2: F1=0.6621
[2026-10-02 14:31:32] MX outer5 | cfg=P_l2_b16_e4_w1_b_d1_s1_r9 | Inner 3/3
[2026-10-02 14:31:41] MX outer5 cfg=P_l2_b16_e4_w1_b_d1_s1_r9 Inner 3: F1=0.6240
[2026-10-02 14:31:41] MX outer5 | trial 11/20 F1_inner=0.6509 | mejor=0.6552
[2026-10-02 14:31:42] REUTILIZADO MX outer5 cfg=P_l2_b16_e6_w1_b_d1_s1_r9 inner=1: F1=0.6710
[2026-10-02 14:31:42] REUTILIZADO MX outer5 cfg=P_l2_b16_e6_w1_b_d1_s1_r9 inner=2: F1=0.6651
[2026-10-02 14:31:42] REUTILIZADO MX outer5 cfg=P_l2_b16_e6_w1_b_d1_s1_r9 inner=3: F1=0.6295
[2026-10-02 14:31:42] MX outer5 | trial 12/20 F1_inner=0.6552 | mejor=0.6552
[2026-10-02 14:31:42] MX outer5 | cfg=P_l2_b16_e6_w1_b_d3_s1_r9 | Inner 1/3
[2026-10-02 14:31:58] MX outer5 cfg=P_l2_b16_e6_w1_b_d3_s1_r9 Inner 1: F1=0.6669
[2026-10-02 14:31:58] MX outer5 | cfg=P_l2_b16_e6_w1_b_d3_s1_r9 | Inner 2/3
[2026-10-02 14:32:13] MX outer5 cfg=P_l2_b16_e6_w1_b_d3_s1_r9 Inner 2: F1=0.6685
[2026-10-02 14:32:14] MX outer5 | cfg=P_l2_b16_e6_w1_b_d3_s1_r9 | Inner 3/3
[2026-10-02 14:32:25] MX outer5 cfg=P_l2_b16_e6_w1_b_d3_s1_r9 Inner 3: F1=0.6215
[2026-10-02 14:32:25] MX outer5 | trial 13/20 F1_inner=0.6523 | mejor=0.6552
[2026-10-02 14:32:25] MX outer5 | cfg=P_l1_b16_e6_w1_b_d2_s1_r9 | Inner 1/3
[2026-10-02 14:32:41] MX outer5 cfg=P_l1_b16_e6_w1_b_d2_s1_r9 Inner 1: F1=0.6423
[2026-10-02 14:32:41] MX outer5 | cfg=P_l1_b16_e6_w1_b_d2_s1_r9 | Inner 2/3
[2026-10-02 14:32:57] MX outer5 cfg=P_l1_b16_e6_w1_b_d2_s1_r9 Inner 2: F1=0.6545
[2026-10-02 14:32:57] MX outer5 | cfg=P_l1_b16_e6_w1_b_d2_s1_r9 | Inner 3/3
[2026-10-02 14:33:08] MX outer5 cfg=P_l1_b16_e6_w1_b_d2_s1_r9 Inner 3: F1=0.6281
[2026-10-02 14:33:09] MX outer5 | trial 14/20 F1_inner=0.6416 | mejor=0.6552
[2026-10-02 14:33:09] MX outer5 | cfg=P_l1_b16_e6_w10_b_d1_s1_r9 | Inner 1/3
[2026-10-02 14:33:25] MX outer5 cfg=P_l1_b16_e6_w10_b_d1_s1_r9 Inner 1: F1=0.6445
[2026-10-02 14:33:25] MX outer5 | cfg=P_l1_b16_e6_w10_b_d1_s1_r9 | Inner 2/3
[2026-10-02 14:33:41] MX outer5 cfg=P_l1_b16_e6_w10_b_d1_s1_r9 Inner 2: F1=0.6587
[2026-10-02 14:33:41] MX outer5 | cfg=P_l1_b16_e6_w10_b_d1_s1_r9 | Inner 3/3
[2026-10-02 14:33:52] MX outer5 cfg=P_l1_b16_e6_w10_b_d1_s1_r9 Inner 3: F1=0.6281
[2026-10-02 14:33:52] MX outer5 | trial 15/20 F1_inner=0.6438 | mejor=0.6552
[2026-10-02 14:33:52] MX outer5 | cfg=P_l2_b16_e6_w1_s_d1_s1_r9 | Inner 1/3
[2026-10-02 14:34:08] MX outer5 cfg=P_l2_b16_e6_w1_s_d1_s1_r9 Inner 1: F1=0.6621
[2026-10-02 14:34:08] MX outer5 | cfg=P_l2_b16_e6_w1_s_d1_s1_r9 | Inner 2/3
[2026-10-02 14:34:24] MX outer5 cfg=P_l2_b16_e6_w1_s_d1_s1_r9 Inner 2: F1=0.6317
[2026-10-02 14:34:24] MX outer5 | cfg=P_l2_b16_e6_w1_s_d1_s1_r9 | Inner 3/3
[2026-10-02 14:34:40] MX outer5 cfg=P_l2_b16_e6_w1_s_d1_s1_r9 Inner 3: F1=0.6300
[2026-10-02 14:34:40] MX outer5 | trial 16/20 F1_inner=0.6413 | mejor=0.6552
[2026-10-02 14:34:40] MX outer5 | cfg=P_l2_b16_e6_w10_b_d1_s1_r9 | Inner 1/3
[2026-10-02 14:34:56] MX outer5 cfg=P_l2_b16_e6_w10_b_d1_s1_r9 Inner 1: F1=0.6724
[2026-10-02 14:34:56] MX outer5 | cfg=P_l2_b16_e6_w10_b_d1_s1_r9 | Inner 2/3
[2026-10-02 14:35:07] MX outer5 cfg=P_l2_b16_e6_w10_b_d1_s1_r9 Inner 2: F1=0.6662
[2026-10-02 14:35:07] MX outer5 | cfg=P_l2_b16_e6_w10_b_d1_s1_r9 | Inner 3/3
[2026-10-02 14:35:16] MX outer5 cfg=P_l2_b16_e6_w10_b_d1_s1_r9 Inner 3: F1=0.6287
[2026-10-02 14:35:16] MX outer5 | trial 17/20 F1_inner=0.6558 | mejor=0.6558
[2026-10-02 14:35:16] REUTILIZADO MX outer5 cfg=P_l2_b16_e6_w10_b_d1_s1_r9 inner=1: F1=0.6724
[2026-10-02 14:35:16] REUTILIZADO MX outer5 cfg=P_l2_b16_e6_w10_b_d1_s1_r9 inner=2: F1=0.6662
[2026-10-02 14:35:16] REUTILIZADO MX outer5 cfg=P_l2_b16_e6_w10_b_d1_s1_r9 inner=3: F1=0.6287
[2026-10-02 14:35:17] MX outer5 | trial 18/20 F1_inner=0.6558 | mejor=0.6558
[2026-10-02 14:35:17] REUTILIZADO MX outer5 cfg=P_l2_b16_e6_w10_b_d1_s1_r9 inner=1: F1=0.6724
[2026-10-02 14:35:17] REUTILIZADO MX outer5 cfg=P_l2_b16_e6_w10_b_d1_s1_r9 inner=2: F1=0.6662
[2026-10-02 14:35:17] REUTILIZADO MX outer5 cfg=P_l2_b16_e6_w10_b_d1_s1_r9 inner=3: F1=0.6287
[2026-10-02 14:35:17] MX outer5 | trial 19/20 F1_inner=0.6558 | mejor=0.6558
[2026-10-02 14:35:17] MX outer5 | cfg=P_l2_b16_e4_w10_b_d1_s1_r9 | Inner 1/3
[2026-10-02 14:35:28] MX outer5 cfg=P_l2_b16_e4_w10_b_d1_s1_r9 Inner 1: F1=0.6679
[2026-10-02 14:35:28] MX outer5 | cfg=P_l2_b16_e4_w10_b_d1_s1_r9 | Inner 2/3
[2026-10-02 14:35:39] MX outer5 cfg=P_l2_b16_e4_w10_b_d1_s1_r9 Inner 2: F1=0.6600
[2026-10-02 14:35:39] MX outer5 | cfg=P_l2_b16_e4_w10_b_d1_s1_r9 | Inner 3/3
[2026-10-02 14:35:48] MX outer5 cfg=P_l2_b16_e4_w10_b_d1_s1_r9 Inner 3: F1=0.6267
[2026-10-02 14:35:48] MX outer5 | trial 20/20 F1_inner=0.6515 | mejor=0.6558
[2026-10-02 14:35:48] MX Outer 5: refit PYSENTIMIENTO, 2 épocas
[2026-10-02 14:35:59] MX Outer 5 refit: F1_train=0.7456, F1_outer=0.6089
[2026-10-02 14:35:59] [MX][DistilBETO][Outer 5/5] FINALIZADO | prep=PYSENTIMIENTO | F1_inner=0.6558±0.0236 | F1_train=0.7456 | F1_outer=0.6089 | gap=0.1368
[2026-10-02 14:35:59] ES | Outer 1/5
[2026-10-02 14:36:00] ES outer1 | cfg=P_l2_b16_e6_w10_s_d2_s1_r9 | Inner 1/3
[2026-10-02 14:36:16] ES outer1 cfg=P_l2_b16_e6_w10_s_d2_s1_r9 Inner 1: F1=0.7213
[2026-10-02 14:36:16] ES outer1 | cfg=P_l2_b16_e6_w10_s_d2_s1_r9 | Inner 2/3
[2026-10-02 14:36:32] ES outer1 cfg=P_l2_b16_e6_w10_s_d2_s1_r9 Inner 2: F1=0.7385
[2026-10-02 14:36:32] ES outer1 | cfg=P_l2_b16_e6_w10_s_d2_s1_r9 | Inner 3/3
[2026-10-02 14:36:48] ES outer1 cfg=P_l2_b16_e6_w10_s_d2_s1_r9 Inner 3: F1=0.7302
[2026-10-02 14:36:48] ES outer1 | trial 1/20 F1_inner=0.7300 | mejor=0.7300
[2026-10-02 14:36:48] ES outer1 | cfg=P_l1_b16_e6_w10_s_d3_s1_r9 | Inner 1/3
[2026-10-02 14:37:04] ES outer1 cfg=P_l1_b16_e6_w10_s_d3_s1_r9 Inner 1: F1=0.7008
[2026-10-02 14:37:04] ES outer1 | cfg=P_l1_b16_e6_w10_s_d3_s1_r9 | Inner 2/3
[2026-10-02 14:37:21] ES outer1 cfg=P_l1_b16_e6_w10_s_d3_s1_r9 Inner 2: F1=0.6960
[2026-10-02 14:37:21] ES outer1 | cfg=P_l1_b16_e6_w10_s_d3_s1_r9 | Inner 3/3
[2026-10-02 14:37:38] ES outer1 cfg=P_l1_b16_e6_w10_s_d3_s1_r9 Inner 3: F1=0.6898
[2026-10-02 14:37:38] ES outer1 | trial 2/20 F1_inner=0.6955 | mejor=0.7300
[2026-10-02 14:37:38] REUTILIZADO ES outer1 cfg=P_l2_b16_e6_w10_s_d2_s1_r9 inner=1: F1=0.7213
[2026-10-02 14:37:38] REUTILIZADO ES outer1 cfg=P_l2_b16_e6_w10_s_d2_s1_r9 inner=2: F1=0.7385
[2026-10-02 14:37:38] REUTILIZADO ES outer1 cfg=P_l2_b16_e6_w10_s_d2_s1_r9 inner=3: F1=0.7302
[2026-10-02 14:37:39] ES outer1 | trial 3/20 F1_inner=0.7300 | mejor=0.7300
[2026-10-02 14:37:39] ES outer1 | cfg=P_l2_b16_e6_w1_b_d2_s1_r9 | Inner 1/3
[2026-10-02 14:37:56] ES outer1 cfg=P_l2_b16_e6_w1_b_d2_s1_r9 Inner 1: F1=0.7307
[2026-10-02 14:37:56] ES outer1 | cfg=P_l2_b16_e6_w1_b_d2_s1_r9 | Inner 2/3
[2026-10-02 14:38:12] ES outer1 cfg=P_l2_b16_e6_w1_b_d2_s1_r9 Inner 2: F1=0.7346
[2026-10-02 14:38:12] ES outer1 | cfg=P_l2_b16_e6_w1_b_d2_s1_r9 | Inner 3/3
[2026-10-02 14:38:24] ES outer1 cfg=P_l2_b16_e6_w1_b_d2_s1_r9 Inner 3: F1=0.6938
[2026-10-02 14:38:25] ES outer1 | trial 4/20 F1_inner=0.7197 | mejor=0.7300
[2026-10-02 14:38:25] ES outer1 | cfg=P_l1_b16_e4_w10_s_d3_s1_r9 | Inner 1/3
[2026-10-02 14:38:36] ES outer1 cfg=P_l1_b16_e4_w10_s_d3_s1_r9 Inner 1: F1=0.6431
[2026-10-02 14:38:36] ES outer1 | cfg=P_l1_b16_e4_w10_s_d3_s1_r9 | Inner 2/3
[2026-10-02 14:38:48] ES outer1 cfg=P_l1_b16_e4_w10_s_d3_s1_r9 Inner 2: F1=0.6620
[2026-10-02 14:38:48] ES outer1 | cfg=P_l1_b16_e4_w10_s_d3_s1_r9 | Inner 3/3
[2026-10-02 14:39:00] ES outer1 cfg=P_l1_b16_e4_w10_s_d3_s1_r9 Inner 3: F1=0.6011
[2026-10-02 14:39:00] ES outer1 | trial 5/20 F1_inner=0.6354 | mejor=0.7300
[2026-10-02 14:39:00] ES outer1 | cfg=P_l2_b16_e4_w10_b_d1_s1_r9 | Inner 1/3
[2026-10-02 14:39:11] ES outer1 cfg=P_l2_b16_e4_w10_b_d1_s1_r9 Inner 1: F1=0.7240
[2026-10-02 14:39:11] ES outer1 | cfg=P_l2_b16_e4_w10_b_d1_s1_r9 | Inner 2/3
[2026-10-02 14:39:23] ES outer1 cfg=P_l2_b16_e4_w10_b_d1_s1_r9 Inner 2: F1=0.7230
[2026-10-02 14:39:23] ES outer1 | cfg=P_l2_b16_e4_w10_b_d1_s1_r9 | Inner 3/3
[2026-10-02 14:39:34] ES outer1 cfg=P_l2_b16_e4_w10_b_d1_s1_r9 Inner 3: F1=0.6971
[2026-10-02 14:39:35] ES outer1 | trial 6/20 F1_inner=0.7147 | mejor=0.7300
[2026-10-02 14:39:35] ES outer1 | cfg=P_l2_b16_e4_w1_s_d2_s1_r9 | Inner 1/3
[2026-10-02 14:39:46] ES outer1 cfg=P_l2_b16_e4_w1_s_d2_s1_r9 Inner 1: F1=0.6985
[2026-10-02 14:39:46] ES outer1 | cfg=P_l2_b16_e4_w1_s_d2_s1_r9 | Inner 2/3
[2026-10-02 14:39:58] ES outer1 cfg=P_l2_b16_e4_w1_s_d2_s1_r9 Inner 2: F1=0.7263
[2026-10-02 14:39:58] ES outer1 | cfg=P_l2_b16_e4_w1_s_d2_s1_r9 | Inner 3/3
[2026-10-02 14:40:09] ES outer1 cfg=P_l2_b16_e4_w1_s_d2_s1_r9 Inner 3: F1=0.7086
[2026-10-02 14:40:09] ES outer1 | trial 7/20 F1_inner=0.7111 | mejor=0.7300
[2026-10-02 14:40:09] ES outer1 | cfg=P_l2_b16_e6_w10_s_d1_s1_r9 | Inner 1/3
[2026-10-02 14:40:26] ES outer1 cfg=P_l2_b16_e6_w10_s_d1_s1_r9 Inner 1: F1=0.7199
[2026-10-02 14:40:26] ES outer1 | cfg=P_l2_b16_e6_w10_s_d1_s1_r9 | Inner 2/3
[2026-10-02 14:40:42] ES outer1 cfg=P_l2_b16_e6_w10_s_d1_s1_r9 Inner 2: F1=0.7406
[2026-10-02 14:40:42] ES outer1 | cfg=P_l2_b16_e6_w10_s_d1_s1_r9 | Inner 3/3
[2026-10-02 14:40:58] ES outer1 cfg=P_l2_b16_e6_w10_s_d1_s1_r9 Inner 3: F1=0.7273
[2026-10-02 14:40:58] ES outer1 | trial 8/20 F1_inner=0.7293 | mejor=0.7300
[2026-10-02 14:40:58] ES outer1 | cfg=P_l1_b16_e6_w10_b_d2_s1_r9 | Inner 1/3
[2026-10-02 14:41:16] ES outer1 cfg=P_l1_b16_e6_w10_b_d2_s1_r9 Inner 1: F1=0.7025
[2026-10-02 14:41:16] ES outer1 | cfg=P_l1_b16_e6_w10_b_d2_s1_r9 | Inner 2/3
[2026-10-02 14:41:32] ES outer1 cfg=P_l1_b16_e6_w10_b_d2_s1_r9 Inner 2: F1=0.6925
[2026-10-02 14:41:32] ES outer1 | cfg=P_l1_b16_e6_w10_b_d2_s1_r9 | Inner 3/3
[2026-10-02 14:41:41] ES outer1 cfg=P_l1_b16_e6_w10_b_d2_s1_r9 Inner 3: F1=0.6642
[2026-10-02 14:41:41] ES outer1 | trial 9/20 F1_inner=0.6864 | mejor=0.7300
[2026-10-02 14:41:41] ES outer1 | cfg=P_l1_b16_e6_w1_s_d2_s1_r9 | Inner 1/3
[2026-10-02 14:41:58] ES outer1 cfg=P_l1_b16_e6_w1_s_d2_s1_r9 Inner 1: F1=0.6977
[2026-10-02 14:41:58] ES outer1 | cfg=P_l1_b16_e6_w1_s_d2_s1_r9 | Inner 2/3
[2026-10-02 14:42:14] ES outer1 cfg=P_l1_b16_e6_w1_s_d2_s1_r9 Inner 2: F1=0.7019
[2026-10-02 14:42:14] ES outer1 | cfg=P_l1_b16_e6_w1_s_d2_s1_r9 | Inner 3/3
[2026-10-02 14:42:30] ES outer1 cfg=P_l1_b16_e6_w1_s_d2_s1_r9 Inner 3: F1=0.6967
[2026-10-02 14:42:31] ES outer1 | trial 10/20 F1_inner=0.6988 | mejor=0.7300
[2026-10-02 14:42:31] ES outer1 | cfg=P_l1_b16_e4_w1_b_d3_s1_r9 | Inner 1/3
[2026-10-02 14:42:42] ES outer1 cfg=P_l1_b16_e4_w1_b_d3_s1_r9 Inner 1: F1=0.6679
[2026-10-02 14:42:42] ES outer1 | cfg=P_l1_b16_e4_w1_b_d3_s1_r9 | Inner 2/3
[2026-10-02 14:42:54] ES outer1 cfg=P_l1_b16_e4_w1_b_d3_s1_r9 Inner 2: F1=0.6770
[2026-10-02 14:42:54] ES outer1 | cfg=P_l1_b16_e4_w1_b_d3_s1_r9 | Inner 3/3
[2026-10-02 14:43:05] ES outer1 cfg=P_l1_b16_e4_w1_b_d3_s1_r9 Inner 3: F1=0.6698
[2026-10-02 14:43:05] ES outer1 | trial 11/20 F1_inner=0.6715 | mejor=0.7300
[2026-10-02 14:43:06] REUTILIZADO ES outer1 cfg=P_l2_b16_e6_w10_s_d2_s1_r9 inner=1: F1=0.7213
[2026-10-02 14:43:06] REUTILIZADO ES outer1 cfg=P_l2_b16_e6_w10_s_d2_s1_r9 inner=2: F1=0.7385
[2026-10-02 14:43:06] REUTILIZADO ES outer1 cfg=P_l2_b16_e6_w10_s_d2_s1_r9 inner=3: F1=0.7302
[2026-10-02 14:43:06] ES outer1 | trial 12/20 F1_inner=0.7300 | mejor=0.7300
[2026-10-02 14:43:06] REUTILIZADO ES outer1 cfg=P_l2_b16_e6_w10_s_d2_s1_r9 inner=1: F1=0.7213
[2026-10-02 14:43:06] REUTILIZADO ES outer1 cfg=P_l2_b16_e6_w10_s_d2_s1_r9 inner=2: F1=0.7385
[2026-10-02 14:43:06] REUTILIZADO ES outer1 cfg=P_l2_b16_e6_w10_s_d2_s1_r9 inner=3: F1=0.7302
[2026-10-02 14:43:06] ES outer1 | trial 13/20 F1_inner=0.7300 | mejor=0.7300
[2026-10-02 14:43:06] ES outer1 | cfg=P_l2_b16_e6_w1_s_d3_s1_r9 | Inner 1/3
[2026-10-02 14:43:23] ES outer1 cfg=P_l2_b16_e6_w1_s_d3_s1_r9 Inner 1: F1=0.7142
[2026-10-02 14:43:23] ES outer1 | cfg=P_l2_b16_e6_w1_s_d3_s1_r9 | Inner 2/3
[2026-10-02 14:43:40] ES outer1 cfg=P_l2_b16_e6_w1_s_d3_s1_r9 Inner 2: F1=0.7335
[2026-10-02 14:43:40] ES outer1 | cfg=P_l2_b16_e6_w1_s_d3_s1_r9 | Inner 3/3
[2026-10-02 14:43:56] ES outer1 cfg=P_l2_b16_e6_w1_s_d3_s1_r9 Inner 3: F1=0.7220
[2026-10-02 14:43:56] ES outer1 | trial 14/20 F1_inner=0.7232 | mejor=0.7300
[2026-10-02 14:43:57] ES outer1 | cfg=P_l2_b16_e6_w10_b_d3_s1_r9 | Inner 1/3
[2026-10-02 14:44:13] ES outer1 cfg=P_l2_b16_e6_w10_b_d3_s1_r9 Inner 1: F1=0.7254
[2026-10-02 14:44:13] ES outer1 | cfg=P_l2_b16_e6_w10_b_d3_s1_r9 | Inner 2/3
[2026-10-02 14:44:30] ES outer1 cfg=P_l2_b16_e6_w10_b_d3_s1_r9 Inner 2: F1=0.7255
[2026-10-02 14:44:30] ES outer1 | cfg=P_l2_b16_e6_w10_b_d3_s1_r9 | Inner 3/3
[2026-10-02 14:44:46] ES outer1 cfg=P_l2_b16_e6_w10_b_d3_s1_r9 Inner 3: F1=0.7187
[2026-10-02 14:44:47] ES outer1 | trial 15/20 F1_inner=0.7232 | mejor=0.7300
[2026-10-02 14:44:47] ES outer1 | cfg=P_l2_b16_e4_w10_s_d2_s1_r9 | Inner 1/3
[2026-10-02 14:44:58] ES outer1 cfg=P_l2_b16_e4_w10_s_d2_s1_r9 Inner 1: F1=0.6970
[2026-10-02 14:44:58] ES outer1 | cfg=P_l2_b16_e4_w10_s_d2_s1_r9 | Inner 2/3
[2026-10-02 14:45:10] ES outer1 cfg=P_l2_b16_e4_w10_s_d2_s1_r9 Inner 2: F1=0.7277
[2026-10-02 14:45:10] ES outer1 | cfg=P_l2_b16_e4_w10_s_d2_s1_r9 | Inner 3/3
[2026-10-02 14:45:21] ES outer1 cfg=P_l2_b16_e4_w10_s_d2_s1_r9 Inner 3: F1=0.7114
[2026-10-02 14:45:21] ES outer1 | trial 16/20 F1_inner=0.7121 | mejor=0.7300
[2026-10-02 14:45:21] ES outer1 | cfg=P_l1_b16_e6_w1_b_d1_s1_r9 | Inner 1/3
[2026-10-02 14:45:38] ES outer1 cfg=P_l1_b16_e6_w1_b_d1_s1_r9 Inner 1: F1=0.7049
[2026-10-02 14:45:38] ES outer1 | cfg=P_l1_b16_e6_w1_b_d1_s1_r9 | Inner 2/3
[2026-10-02 14:45:55] ES outer1 cfg=P_l1_b16_e6_w1_b_d1_s1_r9 Inner 2: F1=0.6929
[2026-10-02 14:45:55] ES outer1 | cfg=P_l1_b16_e6_w1_b_d1_s1_r9 | Inner 3/3
[2026-10-02 14:46:05] ES outer1 cfg=P_l1_b16_e6_w1_b_d1_s1_r9 Inner 3: F1=0.6616
[2026-10-02 14:46:05] ES outer1 | trial 17/20 F1_inner=0.6865 | mejor=0.7300
[2026-10-02 14:46:05] ES outer1 | cfg=P_l2_b16_e6_w10_b_d2_s1_r9 | Inner 1/3
[2026-10-02 14:46:19] ES outer1 cfg=P_l2_b16_e6_w10_b_d2_s1_r9 Inner 1: F1=0.7303
[2026-10-02 14:46:19] ES outer1 | cfg=P_l2_b16_e6_w10_b_d2_s1_r9 | Inner 2/3
[2026-10-02 14:46:36] ES outer1 cfg=P_l2_b16_e6_w10_b_d2_s1_r9 Inner 2: F1=0.7293
[2026-10-02 14:46:36] ES outer1 | cfg=P_l2_b16_e6_w10_b_d2_s1_r9 | Inner 3/3
[2026-10-02 14:46:47] ES outer1 cfg=P_l2_b16_e6_w10_b_d2_s1_r9 Inner 3: F1=0.6981
[2026-10-02 14:46:48] ES outer1 | trial 18/20 F1_inner=0.7192 | mejor=0.7300
[2026-10-02 14:46:48] ES outer1 | cfg=P_l1_b16_e6_w10_s_d2_s1_r9 | Inner 1/3
[2026-10-02 14:47:04] ES outer1 cfg=P_l1_b16_e6_w10_s_d2_s1_r9 Inner 1: F1=0.6991
[2026-10-02 14:47:04] ES outer1 | cfg=P_l1_b16_e6_w10_s_d2_s1_r9 | Inner 2/3
[2026-10-02 14:47:20] ES outer1 cfg=P_l1_b16_e6_w10_s_d2_s1_r9 Inner 2: F1=0.7034
[2026-10-02 14:47:20] ES outer1 | cfg=P_l1_b16_e6_w10_s_d2_s1_r9 | Inner 3/3
[2026-10-02 14:47:37] ES outer1 cfg=P_l1_b16_e6_w10_s_d2_s1_r9 Inner 3: F1=0.6967
[2026-10-02 14:47:37] ES outer1 | trial 19/20 F1_inner=0.6997 | mejor=0.7300
[2026-10-02 14:47:38] ES outer1 | cfg=P_l2_b16_e6_w10_s_d3_s1_r9 | Inner 1/3
[2026-10-02 14:47:54] ES outer1 cfg=P_l2_b16_e6_w10_s_d3_s1_r9 Inner 1: F1=0.7177
[2026-10-02 14:47:54] ES outer1 | cfg=P_l2_b16_e6_w10_s_d3_s1_r9 | Inner 2/3
[2026-10-02 14:48:08] ES outer1 cfg=P_l2_b16_e6_w10_s_d3_s1_r9 Inner 2: F1=0.7336
[2026-10-02 14:48:08] ES outer1 | cfg=P_l2_b16_e6_w10_s_d3_s1_r9 | Inner 3/3
[2026-10-02 14:48:24] ES outer1 cfg=P_l2_b16_e6_w10_s_d3_s1_r9 Inner 3: F1=0.7222
[2026-10-02 14:48:24] ES outer1 | trial 20/20 F1_inner=0.7245 | mejor=0.7300
[2026-10-02 14:48:24] ES Outer 1: refit PYSENTIMIENTO, 6 épocas
[2026-10-02 14:48:51] ES Outer 1 refit: F1_train=0.9389, F1_outer=0.7468
[2026-10-02 14:48:51] [ES][DistilBETO][Outer 1/5] FINALIZADO | prep=PYSENTIMIENTO | F1_inner=0.7300±0.0086 | F1_train=0.9389 | F1_outer=0.7468 | gap=0.1921
[2026-10-02 14:48:51] ES | Outer 2/5
[2026-10-02 14:48:52] ES outer2 | cfg=P_l1_b16_e4_w10_b_d3_s1_r9 | Inner 1/3
[2026-10-02 14:49:04] ES outer2 cfg=P_l1_b16_e4_w10_b_d3_s1_r9 Inner 1: F1=0.6682
[2026-10-02 14:49:04] ES outer2 | cfg=P_l1_b16_e4_w10_b_d3_s1_r9 | Inner 2/3
[2026-10-02 14:49:15] ES outer2 cfg=P_l1_b16_e4_w10_b_d3_s1_r9 Inner 2: F1=0.6964
[2026-10-02 14:49:15] ES outer2 | cfg=P_l1_b16_e4_w10_b_d3_s1_r9 | Inner 3/3
[2026-10-02 14:49:27] ES outer2 cfg=P_l1_b16_e4_w10_b_d3_s1_r9 Inner 3: F1=0.6610
[2026-10-02 14:49:28] ES outer2 | trial 1/20 F1_inner=0.6752 | mejor=0.6752
[2026-10-02 14:49:28] ES outer2 | cfg=P_l1_b16_e6_w1_s_d2_s1_r9 | Inner 1/3
[2026-10-02 14:49:44] ES outer2 cfg=P_l1_b16_e6_w1_s_d2_s1_r9 Inner 1: F1=0.7087
[2026-10-02 14:49:44] ES outer2 | cfg=P_l1_b16_e6_w1_s_d2_s1_r9 | Inner 2/3
[2026-10-02 14:50:01] ES outer2 cfg=P_l1_b16_e6_w1_s_d2_s1_r9 Inner 2: F1=0.7542
[2026-10-02 14:50:01] ES outer2 | cfg=P_l1_b16_e6_w1_s_d2_s1_r9 | Inner 3/3
[2026-10-02 14:50:18] ES outer2 cfg=P_l1_b16_e6_w1_s_d2_s1_r9 Inner 3: F1=0.6955
[2026-10-02 14:50:18] ES outer2 | trial 2/20 F1_inner=0.7195 | mejor=0.7195
[2026-10-02 14:50:18] ES outer2 | cfg=P_l2_b16_e6_w1_s_d3_s1_r9 | Inner 1/3
[2026-10-02 14:50:35] ES outer2 cfg=P_l2_b16_e6_w1_s_d3_s1_r9 Inner 1: F1=0.7329
[2026-10-02 14:50:35] ES outer2 | cfg=P_l2_b16_e6_w1_s_d3_s1_r9 | Inner 2/3
[2026-10-02 14:50:52] ES outer2 cfg=P_l2_b16_e6_w1_s_d3_s1_r9 Inner 2: F1=0.7755
[2026-10-02 14:50:52] ES outer2 | cfg=P_l2_b16_e6_w1_s_d3_s1_r9 | Inner 3/3
[2026-10-02 14:51:08] ES outer2 cfg=P_l2_b16_e6_w1_s_d3_s1_r9 Inner 3: F1=0.7407
[2026-10-02 14:51:08] ES outer2 | trial 3/20 F1_inner=0.7497 | mejor=0.7497
[2026-10-02 14:51:08] ES outer2 | cfg=P_l2_b16_e4_w10_b_d2_s1_r9 | Inner 1/3
[2026-10-02 14:51:20] ES outer2 cfg=P_l2_b16_e4_w10_b_d2_s1_r9 Inner 1: F1=0.6961
[2026-10-02 14:51:20] ES outer2 | cfg=P_l2_b16_e4_w10_b_d2_s1_r9 | Inner 2/3
[2026-10-02 14:51:32] ES outer2 cfg=P_l2_b16_e4_w10_b_d2_s1_r9 Inner 2: F1=0.7514
[2026-10-02 14:51:32] ES outer2 | cfg=P_l2_b16_e4_w10_b_d2_s1_r9 | Inner 3/3
[2026-10-02 14:51:44] ES outer2 cfg=P_l2_b16_e4_w10_b_d2_s1_r9 Inner 3: F1=0.7093
[2026-10-02 14:51:44] ES outer2 | trial 4/20 F1_inner=0.7190 | mejor=0.7497
[2026-10-02 14:51:44] ES outer2 | cfg=P_l1_b16_e6_w1_b_d3_s1_r9 | Inner 1/3
[2026-10-02 14:51:58] ES outer2 cfg=P_l1_b16_e6_w1_b_d3_s1_r9 Inner 1: F1=0.6770
[2026-10-02 14:51:58] ES outer2 | cfg=P_l1_b16_e6_w1_b_d3_s1_r9 | Inner 2/3
[2026-10-02 14:52:15] ES outer2 cfg=P_l1_b16_e6_w1_b_d3_s1_r9 Inner 2: F1=0.7147
[2026-10-02 14:52:15] ES outer2 | cfg=P_l1_b16_e6_w1_b_d3_s1_r9 | Inner 3/3
[2026-10-02 14:52:32] ES outer2 cfg=P_l1_b16_e6_w1_b_d3_s1_r9 Inner 3: F1=0.6999
[2026-10-02 14:52:32] ES outer2 | trial 5/20 F1_inner=0.6972 | mejor=0.7497
[2026-10-02 14:52:32] REUTILIZADO ES outer2 cfg=P_l2_b16_e6_w1_s_d3_s1_r9 inner=1: F1=0.7329
[2026-10-02 14:52:32] REUTILIZADO ES outer2 cfg=P_l2_b16_e6_w1_s_d3_s1_r9 inner=2: F1=0.7755
[2026-10-02 14:52:32] REUTILIZADO ES outer2 cfg=P_l2_b16_e6_w1_s_d3_s1_r9 inner=3: F1=0.7407
[2026-10-02 14:52:33] ES outer2 | trial 6/20 F1_inner=0.7497 | mejor=0.7497
[2026-10-02 14:52:33] ES outer2 | cfg=P_l2_b16_e6_w1_b_d1_s1_r9 | Inner 1/3
[2026-10-02 14:52:49] ES outer2 cfg=P_l2_b16_e6_w1_b_d1_s1_r9 Inner 1: F1=0.7250
[2026-10-02 14:52:49] ES outer2 | cfg=P_l2_b16_e6_w1_b_d1_s1_r9 | Inner 2/3
[2026-10-02 14:53:06] ES outer2 cfg=P_l2_b16_e6_w1_b_d1_s1_r9 Inner 2: F1=0.7662
[2026-10-02 14:53:06] ES outer2 | cfg=P_l2_b16_e6_w1_b_d1_s1_r9 | Inner 3/3
[2026-10-02 14:53:18] ES outer2 cfg=P_l2_b16_e6_w1_b_d1_s1_r9 Inner 3: F1=0.7020
[2026-10-02 14:53:18] ES outer2 | trial 7/20 F1_inner=0.7311 | mejor=0.7497
[2026-10-02 14:53:18] ES outer2 | cfg=P_l2_b16_e4_w1_s_d1_s1_r9 | Inner 1/3
[2026-10-02 14:53:29] ES outer2 cfg=P_l2_b16_e4_w1_s_d1_s1_r9 Inner 1: F1=0.7202
[2026-10-02 14:53:29] ES outer2 | cfg=P_l2_b16_e4_w1_s_d1_s1_r9 | Inner 2/3
[2026-10-02 14:53:41] ES outer2 cfg=P_l2_b16_e4_w1_s_d1_s1_r9 Inner 2: F1=0.7551
[2026-10-02 14:53:41] ES outer2 | cfg=P_l2_b16_e4_w1_s_d1_s1_r9 | Inner 3/3
[2026-10-02 14:53:52] ES outer2 cfg=P_l2_b16_e4_w1_s_d1_s1_r9 Inner 3: F1=0.7158
[2026-10-02 14:53:53] ES outer2 | trial 8/20 F1_inner=0.7304 | mejor=0.7497
[2026-10-02 14:53:53] ES outer2 | cfg=P_l2_b16_e6_w10_s_d3_s1_r9 | Inner 1/3
[2026-10-02 14:54:09] ES outer2 cfg=P_l2_b16_e6_w10_s_d3_s1_r9 Inner 1: F1=0.7336
[2026-10-02 14:54:09] ES outer2 | cfg=P_l2_b16_e6_w10_s_d3_s1_r9 | Inner 2/3
[2026-10-02 14:54:26] ES outer2 cfg=P_l2_b16_e6_w10_s_d3_s1_r9 Inner 2: F1=0.7760
[2026-10-02 14:54:26] ES outer2 | cfg=P_l2_b16_e6_w10_s_d3_s1_r9 | Inner 3/3
[2026-10-02 14:54:42] ES outer2 cfg=P_l2_b16_e6_w10_s_d3_s1_r9 Inner 3: F1=0.7401
[2026-10-02 14:54:42] ES outer2 | trial 9/20 F1_inner=0.7499 | mejor=0.7499
[2026-10-02 14:54:42] ES outer2 | cfg=P_l2_b16_e6_w10_s_d1_s1_r9 | Inner 1/3
[2026-10-02 14:54:59] ES outer2 cfg=P_l2_b16_e6_w10_s_d1_s1_r9 Inner 1: F1=0.7300
[2026-10-02 14:54:59] ES outer2 | cfg=P_l2_b16_e6_w10_s_d1_s1_r9 | Inner 2/3
[2026-10-02 14:55:16] ES outer2 cfg=P_l2_b16_e6_w10_s_d1_s1_r9 Inner 2: F1=0.7800
[2026-10-02 14:55:16] ES outer2 | cfg=P_l2_b16_e6_w10_s_d1_s1_r9 | Inner 3/3
[2026-10-02 14:55:32] ES outer2 cfg=P_l2_b16_e6_w10_s_d1_s1_r9 Inner 3: F1=0.7386
[2026-10-02 14:55:33] ES outer2 | trial 10/20 F1_inner=0.7495 | mejor=0.7499
[2026-10-02 14:55:33] ES outer2 | cfg=P_l2_b16_e4_w10_s_d3_s1_r9 | Inner 1/3
[2026-10-02 14:55:44] ES outer2 cfg=P_l2_b16_e4_w10_s_d3_s1_r9 Inner 1: F1=0.7179
[2026-10-02 14:55:44] ES outer2 | cfg=P_l2_b16_e4_w10_s_d3_s1_r9 | Inner 2/3
[2026-10-02 14:55:56] ES outer2 cfg=P_l2_b16_e4_w10_s_d3_s1_r9 Inner 2: F1=0.7543
[2026-10-02 14:55:56] ES outer2 | cfg=P_l2_b16_e4_w10_s_d3_s1_r9 | Inner 3/3
[2026-10-02 14:56:07] ES outer2 cfg=P_l2_b16_e4_w10_s_d3_s1_r9 Inner 3: F1=0.7101
[2026-10-02 14:56:07] ES outer2 | trial 11/20 F1_inner=0.7274 | mejor=0.7499
[2026-10-02 14:56:08] REUTILIZADO ES outer2 cfg=P_l2_b16_e6_w10_s_d3_s1_r9 inner=1: F1=0.7336
[2026-10-02 14:56:08] REUTILIZADO ES outer2 cfg=P_l2_b16_e6_w10_s_d3_s1_r9 inner=2: F1=0.7760
[2026-10-02 14:56:08] REUTILIZADO ES outer2 cfg=P_l2_b16_e6_w10_s_d3_s1_r9 inner=3: F1=0.7401
[2026-10-02 14:56:08] ES outer2 | trial 12/20 F1_inner=0.7499 | mejor=0.7499
[2026-10-02 14:56:08] ES outer2 | cfg=P_l1_b16_e6_w10_s_d3_s1_r9 | Inner 1/3
[2026-10-02 14:56:24] ES outer2 cfg=P_l1_b16_e6_w10_s_d3_s1_r9 Inner 1: F1=0.7050
[2026-10-02 14:56:24] ES outer2 | cfg=P_l1_b16_e6_w10_s_d3_s1_r9 | Inner 2/3
[2026-10-02 14:56:41] ES outer2 cfg=P_l1_b16_e6_w10_s_d3_s1_r9 Inner 2: F1=0.7542
[2026-10-02 14:56:41] ES outer2 | cfg=P_l1_b16_e6_w10_s_d3_s1_r9 | Inner 3/3
[2026-10-02 14:56:57] ES outer2 cfg=P_l1_b16_e6_w10_s_d3_s1_r9 Inner 3: F1=0.6935
[2026-10-02 14:56:57] ES outer2 | trial 13/20 F1_inner=0.7176 | mejor=0.7499
[2026-10-02 14:56:57] REUTILIZADO ES outer2 cfg=P_l2_b16_e6_w10_s_d3_s1_r9 inner=1: F1=0.7336
[2026-10-02 14:56:57] REUTILIZADO ES outer2 cfg=P_l2_b16_e6_w10_s_d3_s1_r9 inner=2: F1=0.7760
[2026-10-02 14:56:57] REUTILIZADO ES outer2 cfg=P_l2_b16_e6_w10_s_d3_s1_r9 inner=3: F1=0.7401
[2026-10-02 14:56:58] ES outer2 | trial 14/20 F1_inner=0.7499 | mejor=0.7499
[2026-10-02 14:56:58] ES outer2 | cfg=P_l2_b16_e6_w10_b_d3_s1_r9 | Inner 1/3
[2026-10-02 14:57:14] ES outer2 cfg=P_l2_b16_e6_w10_b_d3_s1_r9 Inner 1: F1=0.7256
[2026-10-02 14:57:14] ES outer2 | cfg=P_l2_b16_e6_w10_b_d3_s1_r9 | Inner 2/3
[2026-10-02 14:57:31] ES outer2 cfg=P_l2_b16_e6_w10_b_d3_s1_r9 Inner 2: F1=0.7676
[2026-10-02 14:57:31] ES outer2 | cfg=P_l2_b16_e6_w10_b_d3_s1_r9 | Inner 3/3
[2026-10-02 14:57:48] ES outer2 cfg=P_l2_b16_e6_w10_b_d3_s1_r9 Inner 3: F1=0.7333
[2026-10-02 14:57:48] ES outer2 | trial 15/20 F1_inner=0.7422 | mejor=0.7499
[2026-10-02 14:57:48] ES outer2 | cfg=P_l2_b16_e4_w1_b_d3_s1_r9 | Inner 1/3
[2026-10-02 14:57:59] ES outer2 cfg=P_l2_b16_e4_w1_b_d3_s1_r9 Inner 1: F1=0.6947
[2026-10-02 14:57:59] ES outer2 | cfg=P_l2_b16_e4_w1_b_d3_s1_r9 | Inner 2/3
[2026-10-02 14:58:11] ES outer2 cfg=P_l2_b16_e4_w1_b_d3_s1_r9 Inner 2: F1=0.7476
[2026-10-02 14:58:11] ES outer2 | cfg=P_l2_b16_e4_w1_b_d3_s1_r9 | Inner 3/3
[2026-10-02 14:58:22] ES outer2 cfg=P_l2_b16_e4_w1_b_d3_s1_r9 Inner 3: F1=0.7036
[2026-10-02 14:58:22] ES outer2 | trial 16/20 F1_inner=0.7153 | mejor=0.7499
[2026-10-02 14:58:23] ES outer2 | cfg=P_l2_b16_e6_w10_s_d2_s1_r9 | Inner 1/3
[2026-10-02 14:58:39] ES outer2 cfg=P_l2_b16_e6_w10_s_d2_s1_r9 Inner 1: F1=0.7322
[2026-10-02 14:58:39] ES outer2 | cfg=P_l2_b16_e6_w10_s_d2_s1_r9 | Inner 2/3
[2026-10-02 14:58:56] ES outer2 cfg=P_l2_b16_e6_w10_s_d2_s1_r9 Inner 2: F1=0.7776
[2026-10-02 14:58:56] ES outer2 | cfg=P_l2_b16_e6_w10_s_d2_s1_r9 | Inner 3/3
[2026-10-02 14:59:13] ES outer2 cfg=P_l2_b16_e6_w10_s_d2_s1_r9 Inner 3: F1=0.7365
[2026-10-02 14:59:13] ES outer2 | trial 17/20 F1_inner=0.7488 | mejor=0.7499
[2026-10-02 14:59:13] ES outer2 | cfg=P_l1_b16_e4_w1_s_d3_s1_r9 | Inner 1/3
[2026-10-02 14:59:25] ES outer2 cfg=P_l1_b16_e4_w1_s_d3_s1_r9 Inner 1: F1=0.6756
[2026-10-02 14:59:25] ES outer2 | cfg=P_l1_b16_e4_w1_s_d3_s1_r9 | Inner 2/3
[2026-10-02 14:59:36] ES outer2 cfg=P_l1_b16_e4_w1_s_d3_s1_r9 Inner 2: F1=0.7100
[2026-10-02 14:59:36] ES outer2 | cfg=P_l1_b16_e4_w1_s_d3_s1_r9 | Inner 3/3
[2026-10-02 14:59:48] ES outer2 cfg=P_l1_b16_e4_w1_s_d3_s1_r9 Inner 3: F1=0.6661
[2026-10-02 14:59:48] ES outer2 | trial 18/20 F1_inner=0.6839 | mejor=0.7499
[2026-10-02 14:59:49] ES outer2 | cfg=P_l1_b16_e4_w10_s_d1_s1_r9 | Inner 1/3
[2026-10-02 15:00:00] ES outer2 cfg=P_l1_b16_e4_w10_s_d1_s1_r9 Inner 1: F1=0.6797
[2026-10-02 15:00:00] ES outer2 | cfg=P_l1_b16_e4_w10_s_d1_s1_r9 | Inner 2/3
[2026-10-02 15:00:12] ES outer2 cfg=P_l1_b16_e4_w10_s_d1_s1_r9 Inner 2: F1=0.7231
[2026-10-02 15:00:12] ES outer2 | cfg=P_l1_b16_e4_w10_s_d1_s1_r9 | Inner 3/3
[2026-10-02 15:00:24] ES outer2 cfg=P_l1_b16_e4_w10_s_d1_s1_r9 Inner 3: F1=0.6787
[2026-10-02 15:00:24] ES outer2 | trial 19/20 F1_inner=0.6938 | mejor=0.7499
[2026-10-02 15:00:24] ES outer2 | cfg=P_l1_b16_e6_w10_b_d2_s1_r9 | Inner 1/3
[2026-10-02 15:00:38] ES outer2 cfg=P_l1_b16_e6_w10_b_d2_s1_r9 Inner 1: F1=0.6841
[2026-10-02 15:00:38] ES outer2 | cfg=P_l1_b16_e6_w10_b_d2_s1_r9 | Inner 2/3
[2026-10-02 15:00:55] ES outer2 cfg=P_l1_b16_e6_w10_b_d2_s1_r9 Inner 2: F1=0.7190
[2026-10-02 15:00:55] ES outer2 | cfg=P_l1_b16_e6_w10_b_d2_s1_r9 | Inner 3/3
[2026-10-02 15:01:11] ES outer2 cfg=P_l1_b16_e6_w10_b_d2_s1_r9 Inner 3: F1=0.6980
[2026-10-02 15:01:12] ES outer2 | trial 20/20 F1_inner=0.7004 | mejor=0.7499
[2026-10-02 15:01:12] ES Outer 2: refit PYSENTIMIENTO, 5 épocas
[2026-10-02 15:01:35] ES Outer 2 refit: F1_train=0.9292, F1_outer=0.7045
[2026-10-02 15:01:35] [ES][DistilBETO][Outer 2/5] FINALIZADO | prep=PYSENTIMIENTO | F1_inner=0.7499±0.0228 | F1_train=0.9292 | F1_outer=0.7045 | gap=0.2247
[2026-10-02 15:01:35] ES | Outer 3/5
[2026-10-02 15:01:36] ES outer3 | cfg=P_l1_b16_e4_w10_b_d3_s1_r9 | Inner 1/3
[2026-10-02 15:01:47] ES outer3 cfg=P_l1_b16_e4_w10_b_d3_s1_r9 Inner 1: F1=0.6512
[2026-10-02 15:01:47] ES outer3 | cfg=P_l1_b16_e4_w10_b_d3_s1_r9 | Inner 2/3
[2026-10-02 15:01:59] ES outer3 cfg=P_l1_b16_e4_w10_b_d3_s1_r9 Inner 2: F1=0.6783
[2026-10-02 15:01:59] ES outer3 | cfg=P_l1_b16_e4_w10_b_d3_s1_r9 | Inner 3/3
[2026-10-02 15:02:10] ES outer3 cfg=P_l1_b16_e4_w10_b_d3_s1_r9 Inner 3: F1=0.7124
[2026-10-02 15:02:10] ES outer3 | trial 1/20 F1_inner=0.6807 | mejor=0.6807
[2026-10-02 15:02:10] ES outer3 | cfg=P_l2_b16_e6_w10_s_d2_s1_r9 | Inner 1/3
[2026-10-02 15:02:27] ES outer3 cfg=P_l2_b16_e6_w10_s_d2_s1_r9 Inner 1: F1=0.7057
[2026-10-02 15:02:27] ES outer3 | cfg=P_l2_b16_e6_w10_s_d2_s1_r9 | Inner 2/3
[2026-10-02 15:02:43] ES outer3 cfg=P_l2_b16_e6_w10_s_d2_s1_r9 Inner 2: F1=0.7170
[2026-10-02 15:02:43] ES outer3 | cfg=P_l2_b16_e6_w10_s_d2_s1_r9 | Inner 3/3
[2026-10-02 15:03:00] ES outer3 cfg=P_l2_b16_e6_w10_s_d2_s1_r9 Inner 3: F1=0.7611
[2026-10-02 15:03:00] ES outer3 | trial 2/20 F1_inner=0.7280 | mejor=0.7280
[2026-10-02 15:03:00] ES outer3 | cfg=P_l2_b16_e6_w1_s_d1_s1_r9 | Inner 1/3
[2026-10-02 15:03:17] ES outer3 cfg=P_l2_b16_e6_w1_s_d1_s1_r9 Inner 1: F1=0.7079
[2026-10-02 15:03:17] ES outer3 | cfg=P_l2_b16_e6_w1_s_d1_s1_r9 | Inner 2/3
[2026-10-02 15:03:34] ES outer3 cfg=P_l2_b16_e6_w1_s_d1_s1_r9 Inner 2: F1=0.7206
[2026-10-02 15:03:34] ES outer3 | cfg=P_l2_b16_e6_w1_s_d1_s1_r9 | Inner 3/3
[2026-10-02 15:03:50] ES outer3 cfg=P_l2_b16_e6_w1_s_d1_s1_r9 Inner 3: F1=0.7657
[2026-10-02 15:03:50] ES outer3 | trial 3/20 F1_inner=0.7314 | mejor=0.7314
[2026-10-02 15:03:51] ES outer3 | cfg=P_l2_b16_e6_w1_b_d2_s1_r9 | Inner 1/3
[2026-10-02 15:04:07] ES outer3 cfg=P_l2_b16_e6_w1_b_d2_s1_r9 Inner 1: F1=0.7201
[2026-10-02 15:04:07] ES outer3 | cfg=P_l2_b16_e6_w1_b_d2_s1_r9 | Inner 2/3
[2026-10-02 15:04:24] ES outer3 cfg=P_l2_b16_e6_w1_b_d2_s1_r9 Inner 2: F1=0.7384
[2026-10-02 15:04:24] ES outer3 | cfg=P_l2_b16_e6_w1_b_d2_s1_r9 | Inner 3/3
[2026-10-02 15:04:41] ES outer3 cfg=P_l2_b16_e6_w1_b_d2_s1_r9 Inner 3: F1=0.7554
[2026-10-02 15:04:41] ES outer3 | trial 4/20 F1_inner=0.7380 | mejor=0.7380
[2026-10-02 15:04:41] ES outer3 | cfg=P_l2_b16_e4_w1_s_d1_s1_r9 | Inner 1/3
[2026-10-02 15:04:53] ES outer3 cfg=P_l2_b16_e4_w1_s_d1_s1_r9 Inner 1: F1=0.6834
[2026-10-02 15:04:53] ES outer3 | cfg=P_l2_b16_e4_w1_s_d1_s1_r9 | Inner 2/3
[2026-10-02 15:05:05] ES outer3 cfg=P_l2_b16_e4_w1_s_d1_s1_r9 Inner 2: F1=0.7049
[2026-10-02 15:05:05] ES outer3 | cfg=P_l2_b16_e4_w1_s_d1_s1_r9 | Inner 3/3
[2026-10-02 15:05:16] ES outer3 cfg=P_l2_b16_e4_w1_s_d1_s1_r9 Inner 3: F1=0.7609
[2026-10-02 15:05:17] ES outer3 | trial 5/20 F1_inner=0.7164 | mejor=0.7380
[2026-10-02 15:05:17] ES outer3 | cfg=P_l2_b16_e6_w1_b_d3_s1_r9 | Inner 1/3
[2026-10-02 15:05:34] ES outer3 cfg=P_l2_b16_e6_w1_b_d3_s1_r9 Inner 1: F1=0.7209
[2026-10-02 15:05:34] ES outer3 | cfg=P_l2_b16_e6_w1_b_d3_s1_r9 | Inner 2/3
[2026-10-02 15:05:51] ES outer3 cfg=P_l2_b16_e6_w1_b_d3_s1_r9 Inner 2: F1=0.7346
[2026-10-02 15:05:51] ES outer3 | cfg=P_l2_b16_e6_w1_b_d3_s1_r9 | Inner 3/3
[2026-10-02 15:06:08] ES outer3 cfg=P_l2_b16_e6_w1_b_d3_s1_r9 Inner 3: F1=0.7486
[2026-10-02 15:06:08] ES outer3 | trial 6/20 F1_inner=0.7347 | mejor=0.7380
[2026-10-02 15:06:08] ES outer3 | cfg=P_l1_b16_e6_w1_b_d2_s1_r9 | Inner 1/3
[2026-10-02 15:06:25] ES outer3 cfg=P_l1_b16_e6_w1_b_d2_s1_r9 Inner 1: F1=0.6831
[2026-10-02 15:06:25] ES outer3 | cfg=P_l1_b16_e6_w1_b_d2_s1_r9 | Inner 2/3
[2026-10-02 15:06:41] ES outer3 cfg=P_l1_b16_e6_w1_b_d2_s1_r9 Inner 2: F1=0.7085
[2026-10-02 15:06:41] ES outer3 | cfg=P_l1_b16_e6_w1_b_d2_s1_r9 | Inner 3/3
[2026-10-02 15:06:58] ES outer3 cfg=P_l1_b16_e6_w1_b_d2_s1_r9 Inner 3: F1=0.7357
[2026-10-02 15:06:58] ES outer3 | trial 7/20 F1_inner=0.7091 | mejor=0.7380
[2026-10-02 15:06:58] REUTILIZADO ES outer3 cfg=P_l2_b16_e6_w1_b_d2_s1_r9 inner=1: F1=0.7201
[2026-10-02 15:06:58] REUTILIZADO ES outer3 cfg=P_l2_b16_e6_w1_b_d2_s1_r9 inner=2: F1=0.7384
[2026-10-02 15:06:58] REUTILIZADO ES outer3 cfg=P_l2_b16_e6_w1_b_d2_s1_r9 inner=3: F1=0.7554
[2026-10-02 15:06:59] ES outer3 | trial 8/20 F1_inner=0.7380 | mejor=0.7380
[2026-10-02 15:06:59] ES outer3 | cfg=P_l2_b16_e4_w1_b_d2_s1_r9 | Inner 1/3
[2026-10-02 15:07:10] ES outer3 cfg=P_l2_b16_e4_w1_b_d2_s1_r9 Inner 1: F1=0.7009
[2026-10-02 15:07:10] ES outer3 | cfg=P_l2_b16_e4_w1_b_d2_s1_r9 | Inner 2/3
[2026-10-02 15:07:22] ES outer3 cfg=P_l2_b16_e4_w1_b_d2_s1_r9 Inner 2: F1=0.7158
[2026-10-02 15:07:22] ES outer3 | cfg=P_l2_b16_e4_w1_b_d2_s1_r9 | Inner 3/3
[2026-10-02 15:07:34] ES outer3 cfg=P_l2_b16_e4_w1_b_d2_s1_r9 Inner 3: F1=0.7321
[2026-10-02 15:07:34] ES outer3 | trial 9/20 F1_inner=0.7163 | mejor=0.7380
[2026-10-02 15:07:34] ES outer3 | cfg=P_l2_b16_e6_w10_b_d1_s1_r9 | Inner 1/3
[2026-10-02 15:07:51] ES outer3 cfg=P_l2_b16_e6_w10_b_d1_s1_r9 Inner 1: F1=0.7190
[2026-10-02 15:07:51] ES outer3 | cfg=P_l2_b16_e6_w10_b_d1_s1_r9 | Inner 2/3
[2026-10-02 15:08:07] ES outer3 cfg=P_l2_b16_e6_w10_b_d1_s1_r9 Inner 2: F1=0.7348
[2026-10-02 15:08:07] ES outer3 | cfg=P_l2_b16_e6_w10_b_d1_s1_r9 | Inner 3/3
[2026-10-02 15:08:24] ES outer3 cfg=P_l2_b16_e6_w10_b_d1_s1_r9 Inner 3: F1=0.7486
[2026-10-02 15:08:25] ES outer3 | trial 10/20 F1_inner=0.7341 | mejor=0.7380
[2026-10-02 15:08:25] ES outer3 | cfg=P_l1_b16_e4_w10_s_d1_s1_r9 | Inner 1/3
[2026-10-02 15:08:36] ES outer3 cfg=P_l1_b16_e4_w10_s_d1_s1_r9 Inner 1: F1=0.6599
[2026-10-02 15:08:36] ES outer3 | cfg=P_l1_b16_e4_w10_s_d1_s1_r9 | Inner 2/3
[2026-10-02 15:08:48] ES outer3 cfg=P_l1_b16_e4_w10_s_d1_s1_r9 Inner 2: F1=0.6677
[2026-10-02 15:08:48] ES outer3 | cfg=P_l1_b16_e4_w10_s_d1_s1_r9 | Inner 3/3
[2026-10-02 15:09:00] ES outer3 cfg=P_l1_b16_e4_w10_s_d1_s1_r9 Inner 3: F1=0.7027
[2026-10-02 15:09:00] ES outer3 | trial 11/20 F1_inner=0.6767 | mejor=0.7380
[2026-10-02 15:09:00] REUTILIZADO ES outer3 cfg=P_l2_b16_e6_w1_b_d2_s1_r9 inner=1: F1=0.7201
[2026-10-02 15:09:00] REUTILIZADO ES outer3 cfg=P_l2_b16_e6_w1_b_d2_s1_r9 inner=2: F1=0.7384
[2026-10-02 15:09:00] REUTILIZADO ES outer3 cfg=P_l2_b16_e6_w1_b_d2_s1_r9 inner=3: F1=0.7554
[2026-10-02 15:09:00] ES outer3 | trial 12/20 F1_inner=0.7380 | mejor=0.7380
[2026-10-02 15:09:00] ES outer3 | cfg=P_l2_b16_e6_w10_b_d2_s1_r9 | Inner 1/3
[2026-10-02 15:09:17] ES outer3 cfg=P_l2_b16_e6_w10_b_d2_s1_r9 Inner 1: F1=0.7201
[2026-10-02 15:09:17] ES outer3 | cfg=P_l2_b16_e6_w10_b_d2_s1_r9 | Inner 2/3
[2026-10-02 15:09:34] ES outer3 cfg=P_l2_b16_e6_w10_b_d2_s1_r9 Inner 2: F1=0.7370
[2026-10-02 15:09:34] ES outer3 | cfg=P_l2_b16_e6_w10_b_d2_s1_r9 | Inner 3/3
[2026-10-02 15:09:50] ES outer3 cfg=P_l2_b16_e6_w10_b_d2_s1_r9 Inner 3: F1=0.7495
[2026-10-02 15:09:51] ES outer3 | trial 13/20 F1_inner=0.7355 | mejor=0.7380
[2026-10-02 15:09:51] ES outer3 | cfg=P_l2_b16_e6_w1_s_d2_s1_r9 | Inner 1/3
[2026-10-02 15:10:07] ES outer3 cfg=P_l2_b16_e6_w1_s_d2_s1_r9 Inner 1: F1=0.7029
[2026-10-02 15:10:07] ES outer3 | cfg=P_l2_b16_e6_w1_s_d2_s1_r9 | Inner 2/3
[2026-10-02 15:10:24] ES outer3 cfg=P_l2_b16_e6_w1_s_d2_s1_r9 Inner 2: F1=0.7185
[2026-10-02 15:10:24] ES outer3 | cfg=P_l2_b16_e6_w1_s_d2_s1_r9 | Inner 3/3
[2026-10-02 15:10:41] ES outer3 cfg=P_l2_b16_e6_w1_s_d2_s1_r9 Inner 3: F1=0.7630
[2026-10-02 15:10:41] ES outer3 | trial 14/20 F1_inner=0.7281 | mejor=0.7380
[2026-10-02 15:10:42] ES outer3 | cfg=P_l1_b16_e4_w1_s_d2_s1_r9 | Inner 1/3
[2026-10-02 15:10:53] ES outer3 cfg=P_l1_b16_e4_w1_s_d2_s1_r9 Inner 1: F1=0.6587
[2026-10-02 15:10:53] ES outer3 | cfg=P_l1_b16_e4_w1_s_d2_s1_r9 | Inner 2/3
[2026-10-02 15:11:05] ES outer3 cfg=P_l1_b16_e4_w1_s_d2_s1_r9 Inner 2: F1=0.6690
[2026-10-02 15:11:05] ES outer3 | cfg=P_l1_b16_e4_w1_s_d2_s1_r9 | Inner 3/3
[2026-10-02 15:11:17] ES outer3 cfg=P_l1_b16_e4_w1_s_d2_s1_r9 Inner 3: F1=0.6988
[2026-10-02 15:11:17] ES outer3 | trial 15/20 F1_inner=0.6755 | mejor=0.7380
[2026-10-02 15:11:17] ES outer3 | cfg=P_l1_b16_e6_w1_s_d3_s1_r9 | Inner 1/3
[2026-10-02 15:11:34] ES outer3 cfg=P_l1_b16_e6_w1_s_d3_s1_r9 Inner 1: F1=0.6884
[2026-10-02 15:11:34] ES outer3 | cfg=P_l1_b16_e6_w1_s_d3_s1_r9 | Inner 2/3
[2026-10-02 15:11:50] ES outer3 cfg=P_l1_b16_e6_w1_s_d3_s1_r9 Inner 2: F1=0.6826
[2026-10-02 15:11:50] ES outer3 | cfg=P_l1_b16_e6_w1_s_d3_s1_r9 | Inner 3/3
[2026-10-02 15:12:07] ES outer3 cfg=P_l1_b16_e6_w1_s_d3_s1_r9 Inner 3: F1=0.7222
[2026-10-02 15:12:07] ES outer3 | trial 16/20 F1_inner=0.6978 | mejor=0.7380
[2026-10-02 15:12:07] ES outer3 | cfg=P_l2_b16_e6_w1_b_d1_s1_r9 | Inner 1/3
[2026-10-02 15:12:24] ES outer3 cfg=P_l2_b16_e6_w1_b_d1_s1_r9 Inner 1: F1=0.7181
[2026-10-02 15:12:24] ES outer3 | cfg=P_l2_b16_e6_w1_b_d1_s1_r9 | Inner 2/3
[2026-10-02 15:12:41] ES outer3 cfg=P_l2_b16_e6_w1_b_d1_s1_r9 Inner 2: F1=0.7328
[2026-10-02 15:12:41] ES outer3 | cfg=P_l2_b16_e6_w1_b_d1_s1_r9 | Inner 3/3
[2026-10-02 15:12:58] ES outer3 cfg=P_l2_b16_e6_w1_b_d1_s1_r9 Inner 3: F1=0.7501
[2026-10-02 15:12:58] ES outer3 | trial 17/20 F1_inner=0.7336 | mejor=0.7380
[2026-10-02 15:12:58] ES outer3 | cfg=P_l2_b16_e4_w10_s_d3_s1_r9 | Inner 1/3
[2026-10-02 15:13:10] ES outer3 cfg=P_l2_b16_e4_w10_s_d3_s1_r9 Inner 1: F1=0.6864
[2026-10-02 15:13:10] ES outer3 | cfg=P_l2_b16_e4_w10_s_d3_s1_r9 | Inner 2/3
[2026-10-02 15:13:22] ES outer3 cfg=P_l2_b16_e4_w10_s_d3_s1_r9 Inner 2: F1=0.6882
[2026-10-02 15:13:22] ES outer3 | cfg=P_l2_b16_e4_w10_s_d3_s1_r9 | Inner 3/3
[2026-10-02 15:13:34] ES outer3 cfg=P_l2_b16_e4_w10_s_d3_s1_r9 Inner 3: F1=0.7531
[2026-10-02 15:13:34] ES outer3 | trial 18/20 F1_inner=0.7092 | mejor=0.7380
[2026-10-02 15:13:34] REUTILIZADO ES outer3 cfg=P_l2_b16_e6_w1_b_d2_s1_r9 inner=1: F1=0.7201
[2026-10-02 15:13:34] REUTILIZADO ES outer3 cfg=P_l2_b16_e6_w1_b_d2_s1_r9 inner=2: F1=0.7384
[2026-10-02 15:13:34] REUTILIZADO ES outer3 cfg=P_l2_b16_e6_w1_b_d2_s1_r9 inner=3: F1=0.7554
[2026-10-02 15:13:34] ES outer3 | trial 19/20 F1_inner=0.7380 | mejor=0.7380
[2026-10-02 15:13:34] ES outer3 | cfg=P_l2_b16_e4_w1_b_d3_s1_r9 | Inner 1/3
[2026-10-02 15:13:46] ES outer3 cfg=P_l2_b16_e4_w1_b_d3_s1_r9 Inner 1: F1=0.7043
[2026-10-02 15:13:46] ES outer3 | cfg=P_l2_b16_e4_w1_b_d3_s1_r9 | Inner 2/3
[2026-10-02 15:13:58] ES outer3 cfg=P_l2_b16_e4_w1_b_d3_s1_r9 Inner 2: F1=0.7183
[2026-10-02 15:13:58] ES outer3 | cfg=P_l2_b16_e4_w1_b_d3_s1_r9 | Inner 3/3
[2026-10-02 15:14:10] ES outer3 cfg=P_l2_b16_e4_w1_b_d3_s1_r9 Inner 3: F1=0.7306
[2026-10-02 15:14:10] ES outer3 | trial 20/20 F1_inner=0.7177 | mejor=0.7380
[2026-10-02 15:14:10] ES Outer 3: refit PYSENTIMIENTO, 6 épocas
[2026-10-02 15:14:37] ES Outer 3 refit: F1_train=0.9327, F1_outer=0.7426
[2026-10-02 15:14:37] [ES][DistilBETO][Outer 3/5] FINALIZADO | prep=PYSENTIMIENTO | F1_inner=0.7380±0.0176 | F1_train=0.9327 | F1_outer=0.7426 | gap=0.1901
[2026-10-02 15:14:37] ES | Outer 4/5
[2026-10-02 15:14:38] ES outer4 | cfg=P_l1_b16_e6_w10_b_d1_s1_r9 | Inner 1/3
[2026-10-02 15:14:54] ES outer4 cfg=P_l1_b16_e6_w10_b_d1_s1_r9 Inner 1: F1=0.6893
[2026-10-02 15:14:54] ES outer4 | cfg=P_l1_b16_e6_w10_b_d1_s1_r9 | Inner 2/3
[2026-10-02 15:15:11] ES outer4 cfg=P_l1_b16_e6_w10_b_d1_s1_r9 Inner 2: F1=0.6897
[2026-10-02 15:15:11] ES outer4 | cfg=P_l1_b16_e6_w10_b_d1_s1_r9 | Inner 3/3
[2026-10-02 15:15:21] ES outer4 cfg=P_l1_b16_e6_w10_b_d1_s1_r9 Inner 3: F1=0.6862
[2026-10-02 15:15:21] ES outer4 | trial 1/20 F1_inner=0.6884 | mejor=0.6884
[2026-10-02 15:15:21] ES outer4 | cfg=P_l2_b16_e6_w1_s_d1_s1_r9 | Inner 1/3
[2026-10-02 15:15:38] ES outer4 cfg=P_l2_b16_e6_w1_s_d1_s1_r9 Inner 1: F1=0.7358
[2026-10-02 15:15:38] ES outer4 | cfg=P_l2_b16_e6_w1_s_d1_s1_r9 | Inner 2/3
[2026-10-02 15:15:54] ES outer4 cfg=P_l2_b16_e6_w1_s_d1_s1_r9 Inner 2: F1=0.7139
[2026-10-02 15:15:54] ES outer4 | cfg=P_l2_b16_e6_w1_s_d1_s1_r9 | Inner 3/3
[2026-10-02 15:16:11] ES outer4 cfg=P_l2_b16_e6_w1_s_d1_s1_r9 Inner 3: F1=0.7534
[2026-10-02 15:16:11] ES outer4 | trial 2/20 F1_inner=0.7344 | mejor=0.7344
[2026-10-02 15:16:11] ES outer4 | cfg=P_l2_b16_e6_w1_b_d2_s1_r9 | Inner 1/3
[2026-10-02 15:16:28] ES outer4 cfg=P_l2_b16_e6_w1_b_d2_s1_r9 Inner 1: F1=0.7380
[2026-10-02 15:16:28] ES outer4 | cfg=P_l2_b16_e6_w1_b_d2_s1_r9 | Inner 2/3
[2026-10-02 15:16:44] ES outer4 cfg=P_l2_b16_e6_w1_b_d2_s1_r9 Inner 2: F1=0.7152
[2026-10-02 15:16:44] ES outer4 | cfg=P_l2_b16_e6_w1_b_d2_s1_r9 | Inner 3/3
[2026-10-02 15:17:01] ES outer4 cfg=P_l2_b16_e6_w1_b_d2_s1_r9 Inner 3: F1=0.7519
[2026-10-02 15:17:01] ES outer4 | trial 3/20 F1_inner=0.7350 | mejor=0.7350
[2026-10-02 15:17:01] ES outer4 | cfg=P_l1_b16_e4_w10_s_d1_s1_r9 | Inner 1/3
[2026-10-02 15:17:13] ES outer4 cfg=P_l1_b16_e4_w10_s_d1_s1_r9 Inner 1: F1=0.6710
[2026-10-02 15:17:13] ES outer4 | cfg=P_l1_b16_e4_w10_s_d1_s1_r9 | Inner 2/3
[2026-10-02 15:17:24] ES outer4 cfg=P_l1_b16_e4_w10_s_d1_s1_r9 Inner 2: F1=0.6661
[2026-10-02 15:17:24] ES outer4 | cfg=P_l1_b16_e4_w10_s_d1_s1_r9 | Inner 3/3
[2026-10-02 15:17:36] ES outer4 cfg=P_l1_b16_e4_w10_s_d1_s1_r9 Inner 3: F1=0.7228
[2026-10-02 15:17:36] ES outer4 | trial 4/20 F1_inner=0.6866 | mejor=0.7350
[2026-10-02 15:17:36] ES outer4 | cfg=P_l2_b16_e6_w10_b_d3_s1_r9 | Inner 1/3
[2026-10-02 15:17:52] ES outer4 cfg=P_l2_b16_e6_w10_b_d3_s1_r9 Inner 1: F1=0.7399
[2026-10-02 15:17:52] ES outer4 | cfg=P_l2_b16_e6_w10_b_d3_s1_r9 | Inner 2/3
[2026-10-02 15:18:09] ES outer4 cfg=P_l2_b16_e6_w10_b_d3_s1_r9 Inner 2: F1=0.7166
[2026-10-02 15:18:09] ES outer4 | cfg=P_l2_b16_e6_w10_b_d3_s1_r9 | Inner 3/3
[2026-10-02 15:18:25] ES outer4 cfg=P_l2_b16_e6_w10_b_d3_s1_r9 Inner 3: F1=0.7508
[2026-10-02 15:18:26] ES outer4 | trial 5/20 F1_inner=0.7358 | mejor=0.7358
[2026-10-02 15:18:26] REUTILIZADO ES outer4 cfg=P_l2_b16_e6_w10_b_d3_s1_r9 inner=1: F1=0.7399
[2026-10-02 15:18:26] REUTILIZADO ES outer4 cfg=P_l2_b16_e6_w10_b_d3_s1_r9 inner=2: F1=0.7166
[2026-10-02 15:18:26] REUTILIZADO ES outer4 cfg=P_l2_b16_e6_w10_b_d3_s1_r9 inner=3: F1=0.7508
[2026-10-02 15:18:26] ES outer4 | trial 6/20 F1_inner=0.7358 | mejor=0.7358
[2026-10-02 15:18:26] ES outer4 | cfg=P_l2_b16_e4_w10_s_d3_s1_r9 | Inner 1/3
[2026-10-02 15:18:37] ES outer4 cfg=P_l2_b16_e4_w10_s_d3_s1_r9 Inner 1: F1=0.7093
[2026-10-02 15:18:37] ES outer4 | cfg=P_l2_b16_e4_w10_s_d3_s1_r9 | Inner 2/3
[2026-10-02 15:18:49] ES outer4 cfg=P_l2_b16_e4_w10_s_d3_s1_r9 Inner 2: F1=0.7101
[2026-10-02 15:18:49] ES outer4 | cfg=P_l2_b16_e4_w10_s_d3_s1_r9 | Inner 3/3
[2026-10-02 15:19:00] ES outer4 cfg=P_l2_b16_e4_w10_s_d3_s1_r9 Inner 3: F1=0.7373
[2026-10-02 15:19:01] ES outer4 | trial 7/20 F1_inner=0.7189 | mejor=0.7358
[2026-10-02 15:19:01] ES outer4 | cfg=P_l1_b16_e6_w1_b_d3_s1_r9 | Inner 1/3
[2026-10-02 15:19:17] ES outer4 cfg=P_l1_b16_e6_w1_b_d3_s1_r9 Inner 1: F1=0.6905
[2026-10-02 15:19:17] ES outer4 | cfg=P_l1_b16_e6_w1_b_d3_s1_r9 | Inner 2/3
[2026-10-02 15:19:34] ES outer4 cfg=P_l1_b16_e6_w1_b_d3_s1_r9 Inner 2: F1=0.6811
[2026-10-02 15:19:34] ES outer4 | cfg=P_l1_b16_e6_w1_b_d3_s1_r9 | Inner 3/3
[2026-10-02 15:19:43] ES outer4 cfg=P_l1_b16_e6_w1_b_d3_s1_r9 Inner 3: F1=0.6908
[2026-10-02 15:19:43] ES outer4 | trial 8/20 F1_inner=0.6875 | mejor=0.7358
[2026-10-02 15:19:43] ES outer4 | cfg=P_l1_b16_e4_w10_b_d3_s1_r9 | Inner 1/3
[2026-10-02 15:19:54] ES outer4 cfg=P_l1_b16_e4_w10_b_d3_s1_r9 Inner 1: F1=0.6761
[2026-10-02 15:19:54] ES outer4 | cfg=P_l1_b16_e4_w10_b_d3_s1_r9 | Inner 2/3
[2026-10-02 15:20:06] ES outer4 cfg=P_l1_b16_e4_w10_b_d3_s1_r9 Inner 2: F1=0.6598
[2026-10-02 15:20:06] ES outer4 | cfg=P_l1_b16_e4_w10_b_d3_s1_r9 | Inner 3/3
[2026-10-02 15:20:15] ES outer4 cfg=P_l1_b16_e4_w10_b_d3_s1_r9 Inner 3: F1=0.6857
[2026-10-02 15:20:15] ES outer4 | trial 9/20 F1_inner=0.6738 | mejor=0.7358
[2026-10-02 15:20:15] ES outer4 | cfg=P_l2_b16_e4_w1_b_d3_s1_r9 | Inner 1/3
[2026-10-02 15:20:27] ES outer4 cfg=P_l2_b16_e4_w1_b_d3_s1_r9 Inner 1: F1=0.6931
[2026-10-02 15:20:27] ES outer4 | cfg=P_l2_b16_e4_w1_b_d3_s1_r9 | Inner 2/3
[2026-10-02 15:20:39] ES outer4 cfg=P_l2_b16_e4_w1_b_d3_s1_r9 Inner 2: F1=0.6934
[2026-10-02 15:20:39] ES outer4 | cfg=P_l2_b16_e4_w1_b_d3_s1_r9 | Inner 3/3
[2026-10-02 15:20:51] ES outer4 cfg=P_l2_b16_e4_w1_b_d3_s1_r9 Inner 3: F1=0.7389
[2026-10-02 15:20:51] ES outer4 | trial 10/20 F1_inner=0.7085 | mejor=0.7358
[2026-10-02 15:20:51] ES outer4 | cfg=P_l2_b16_e6_w10_s_d2_s1_r9 | Inner 1/3
[2026-10-02 15:21:06] ES outer4 cfg=P_l2_b16_e6_w10_s_d2_s1_r9 Inner 1: F1=0.7308
[2026-10-02 15:21:06] ES outer4 | cfg=P_l2_b16_e6_w10_s_d2_s1_r9 | Inner 2/3
[2026-10-02 15:21:22] ES outer4 cfg=P_l2_b16_e6_w10_s_d2_s1_r9 Inner 2: F1=0.7154
[2026-10-02 15:21:22] ES outer4 | cfg=P_l2_b16_e6_w10_s_d2_s1_r9 | Inner 3/3
[2026-10-02 15:21:39] ES outer4 cfg=P_l2_b16_e6_w10_s_d2_s1_r9 Inner 3: F1=0.7587
[2026-10-02 15:21:39] ES outer4 | trial 11/20 F1_inner=0.7349 | mejor=0.7358
[2026-10-02 15:21:39] REUTILIZADO ES outer4 cfg=P_l2_b16_e6_w10_b_d3_s1_r9 inner=1: F1=0.7399
[2026-10-02 15:21:39] REUTILIZADO ES outer4 cfg=P_l2_b16_e6_w10_b_d3_s1_r9 inner=2: F1=0.7166
[2026-10-02 15:21:39] REUTILIZADO ES outer4 cfg=P_l2_b16_e6_w10_b_d3_s1_r9 inner=3: F1=0.7508
[2026-10-02 15:21:40] ES outer4 | trial 12/20 F1_inner=0.7358 | mejor=0.7358
[2026-10-02 15:21:40] ES outer4 | cfg=P_l2_b16_e6_w10_b_d1_s1_r9 | Inner 1/3
[2026-10-02 15:21:56] ES outer4 cfg=P_l2_b16_e6_w10_b_d1_s1_r9 Inner 1: F1=0.7412
[2026-10-02 15:21:56] ES outer4 | cfg=P_l2_b16_e6_w10_b_d1_s1_r9 | Inner 2/3
[2026-10-02 15:22:13] ES outer4 cfg=P_l2_b16_e6_w10_b_d1_s1_r9 Inner 2: F1=0.7180
[2026-10-02 15:22:13] ES outer4 | cfg=P_l2_b16_e6_w10_b_d1_s1_r9 | Inner 3/3
[2026-10-02 15:22:29] ES outer4 cfg=P_l2_b16_e6_w10_b_d1_s1_r9 Inner 3: F1=0.7505
[2026-10-02 15:22:29] ES outer4 | trial 13/20 F1_inner=0.7366 | mejor=0.7366
[2026-10-02 15:22:29] REUTILIZADO ES outer4 cfg=P_l2_b16_e6_w10_b_d1_s1_r9 inner=1: F1=0.7412
[2026-10-02 15:22:29] REUTILIZADO ES outer4 cfg=P_l2_b16_e6_w10_b_d1_s1_r9 inner=2: F1=0.7180
[2026-10-02 15:22:29] REUTILIZADO ES outer4 cfg=P_l2_b16_e6_w10_b_d1_s1_r9 inner=3: F1=0.7505
[2026-10-02 15:22:30] ES outer4 | trial 14/20 F1_inner=0.7366 | mejor=0.7366
[2026-10-02 15:22:30] ES outer4 | cfg=P_l2_b16_e4_w10_b_d1_s1_r9 | Inner 1/3
[2026-10-02 15:22:42] ES outer4 cfg=P_l2_b16_e4_w10_b_d1_s1_r9 Inner 1: F1=0.7106
[2026-10-02 15:22:42] ES outer4 | cfg=P_l2_b16_e4_w10_b_d1_s1_r9 | Inner 2/3
[2026-10-02 15:22:54] ES outer4 cfg=P_l2_b16_e4_w10_b_d1_s1_r9 Inner 2: F1=0.6943
[2026-10-02 15:22:54] ES outer4 | cfg=P_l2_b16_e4_w10_b_d1_s1_r9 | Inner 3/3
[2026-10-02 15:23:05] ES outer4 cfg=P_l2_b16_e4_w10_b_d1_s1_r9 Inner 3: F1=0.7407
[2026-10-02 15:23:06] ES outer4 | trial 15/20 F1_inner=0.7152 | mejor=0.7366
[2026-10-02 15:23:06] REUTILIZADO ES outer4 cfg=P_l2_b16_e6_w10_b_d1_s1_r9 inner=1: F1=0.7412
[2026-10-02 15:23:06] REUTILIZADO ES outer4 cfg=P_l2_b16_e6_w10_b_d1_s1_r9 inner=2: F1=0.7180
[2026-10-02 15:23:06] REUTILIZADO ES outer4 cfg=P_l2_b16_e6_w10_b_d1_s1_r9 inner=3: F1=0.7505
[2026-10-02 15:23:06] ES outer4 | trial 16/20 F1_inner=0.7366 | mejor=0.7366
[2026-10-02 15:23:06] ES outer4 | cfg=P_l2_b16_e6_w1_b_d1_s1_r9 | Inner 1/3
[2026-10-02 15:23:23] ES outer4 cfg=P_l2_b16_e6_w1_b_d1_s1_r9 Inner 1: F1=0.7397
[2026-10-02 15:23:23] ES outer4 | cfg=P_l2_b16_e6_w1_b_d1_s1_r9 | Inner 2/3
[2026-10-02 15:23:40] ES outer4 cfg=P_l2_b16_e6_w1_b_d1_s1_r9 Inner 2: F1=0.7186
[2026-10-02 15:23:40] ES outer4 | cfg=P_l2_b16_e6_w1_b_d1_s1_r9 | Inner 3/3
[2026-10-02 15:23:56] ES outer4 cfg=P_l2_b16_e6_w1_b_d1_s1_r9 Inner 3: F1=0.7483
[2026-10-02 15:23:56] ES outer4 | trial 17/20 F1_inner=0.7355 | mejor=0.7366
[2026-10-02 15:23:56] ES outer4 | cfg=P_l2_b16_e6_w10_s_d1_s1_r9 | Inner 1/3
[2026-10-02 15:24:13] ES outer4 cfg=P_l2_b16_e6_w10_s_d1_s1_r9 Inner 1: F1=0.7343
[2026-10-02 15:24:13] ES outer4 | cfg=P_l2_b16_e6_w10_s_d1_s1_r9 | Inner 2/3
[2026-10-02 15:24:29] ES outer4 cfg=P_l2_b16_e6_w10_s_d1_s1_r9 Inner 2: F1=0.7165
[2026-10-02 15:24:29] ES outer4 | cfg=P_l2_b16_e6_w10_s_d1_s1_r9 | Inner 3/3
[2026-10-02 15:24:45] ES outer4 cfg=P_l2_b16_e6_w10_s_d1_s1_r9 Inner 3: F1=0.7499
[2026-10-02 15:24:46] ES outer4 | trial 18/20 F1_inner=0.7336 | mejor=0.7366
[2026-10-02 15:24:46] ES outer4 | cfg=P_l1_b16_e4_w1_b_d1_s1_r9 | Inner 1/3
[2026-10-02 15:24:57] ES outer4 cfg=P_l1_b16_e4_w1_b_d1_s1_r9 Inner 1: F1=0.6812
[2026-10-02 15:24:57] ES outer4 | cfg=P_l1_b16_e4_w1_b_d1_s1_r9 | Inner 2/3
[2026-10-02 15:25:09] ES outer4 cfg=P_l1_b16_e4_w1_b_d1_s1_r9 Inner 2: F1=0.6582
[2026-10-02 15:25:09] ES outer4 | cfg=P_l1_b16_e4_w1_b_d1_s1_r9 | Inner 3/3
[2026-10-02 15:25:18] ES outer4 cfg=P_l1_b16_e4_w1_b_d1_s1_r9 Inner 3: F1=0.6873
[2026-10-02 15:25:18] ES outer4 | trial 19/20 F1_inner=0.6756 | mejor=0.7366
[2026-10-02 15:25:18] ES outer4 | cfg=P_l1_b16_e6_w10_s_d3_s1_r9 | Inner 1/3
[2026-10-02 15:25:35] ES outer4 cfg=P_l1_b16_e6_w10_s_d3_s1_r9 Inner 1: F1=0.6971
[2026-10-02 15:25:35] ES outer4 | cfg=P_l1_b16_e6_w10_s_d3_s1_r9 | Inner 2/3
[2026-10-02 15:25:51] ES outer4 cfg=P_l1_b16_e6_w10_s_d3_s1_r9 Inner 2: F1=0.6829
[2026-10-02 15:25:51] ES outer4 | cfg=P_l1_b16_e6_w10_s_d3_s1_r9 | Inner 3/3
[2026-10-02 15:26:08] ES outer4 cfg=P_l1_b16_e6_w10_s_d3_s1_r9 Inner 3: F1=0.7366
[2026-10-02 15:26:08] ES outer4 | trial 20/20 F1_inner=0.7055 | mejor=0.7366
[2026-10-02 15:26:08] ES Outer 4: refit PYSENTIMIENTO, 5 épocas
[2026-10-02 15:26:32] ES Outer 4 refit: F1_train=0.9360, F1_outer=0.7369
[2026-10-02 15:26:32] [ES][DistilBETO][Outer 4/5] FINALIZADO | prep=PYSENTIMIENTO | F1_inner=0.7366±0.0167 | F1_train=0.9360 | F1_outer=0.7369 | gap=0.1991
[2026-10-02 15:26:32] ES | Outer 5/5
[2026-10-02 15:26:32] ES outer5 | cfg=P_l2_b16_e4_w10_s_d1_s1_r9 | Inner 1/3
[2026-10-02 15:26:44] ES outer5 cfg=P_l2_b16_e4_w10_s_d1_s1_r9 Inner 1: F1=0.7143
[2026-10-02 15:26:44] ES outer5 | cfg=P_l2_b16_e4_w10_s_d1_s1_r9 | Inner 2/3
[2026-10-02 15:26:55] ES outer5 cfg=P_l2_b16_e4_w10_s_d1_s1_r9 Inner 2: F1=0.7168
[2026-10-02 15:26:55] ES outer5 | cfg=P_l2_b16_e4_w10_s_d1_s1_r9 | Inner 3/3
[2026-10-02 15:27:07] ES outer5 cfg=P_l2_b16_e4_w10_s_d1_s1_r9 Inner 3: F1=0.7154
[2026-10-02 15:27:07] ES outer5 | trial 1/20 F1_inner=0.7155 | mejor=0.7155
[2026-10-02 15:27:07] ES outer5 | cfg=P_l2_b16_e6_w1_s_d2_s1_r9 | Inner 1/3
[2026-10-02 15:27:24] ES outer5 cfg=P_l2_b16_e6_w1_s_d2_s1_r9 Inner 1: F1=0.7328
[2026-10-02 15:27:24] ES outer5 | cfg=P_l2_b16_e6_w1_s_d2_s1_r9 | Inner 2/3
[2026-10-02 15:27:41] ES outer5 cfg=P_l2_b16_e6_w1_s_d2_s1_r9 Inner 2: F1=0.7380
[2026-10-02 15:27:41] ES outer5 | cfg=P_l2_b16_e6_w1_s_d2_s1_r9 | Inner 3/3
[2026-10-02 15:27:55] ES outer5 cfg=P_l2_b16_e6_w1_s_d2_s1_r9 Inner 3: F1=0.7363
[2026-10-02 15:27:55] ES outer5 | trial 2/20 F1_inner=0.7357 | mejor=0.7357
[2026-10-02 15:27:55] ES outer5 | cfg=P_l1_b16_e4_w10_s_d1_s1_r9 | Inner 1/3
[2026-10-02 15:28:07] ES outer5 cfg=P_l1_b16_e4_w10_s_d1_s1_r9 Inner 1: F1=0.6454
[2026-10-02 15:28:07] ES outer5 | cfg=P_l1_b16_e4_w10_s_d1_s1_r9 | Inner 2/3
[2026-10-02 15:28:19] ES outer5 cfg=P_l1_b16_e4_w10_s_d1_s1_r9 Inner 2: F1=0.6622
[2026-10-02 15:28:19] ES outer5 | cfg=P_l1_b16_e4_w10_s_d1_s1_r9 | Inner 3/3
[2026-10-02 15:28:30] ES outer5 cfg=P_l1_b16_e4_w10_s_d1_s1_r9 Inner 3: F1=0.6461
[2026-10-02 15:28:31] ES outer5 | trial 3/20 F1_inner=0.6512 | mejor=0.7357
[2026-10-02 15:28:31] ES outer5 | cfg=P_l1_b16_e4_w10_b_d3_s1_r9 | Inner 1/3
[2026-10-02 15:28:42] ES outer5 cfg=P_l1_b16_e4_w10_b_d3_s1_r9 Inner 1: F1=0.6597
[2026-10-02 15:28:42] ES outer5 | cfg=P_l1_b16_e4_w10_b_d3_s1_r9 | Inner 2/3
[2026-10-02 15:28:54] ES outer5 cfg=P_l1_b16_e4_w10_b_d3_s1_r9 Inner 2: F1=0.6719
[2026-10-02 15:28:54] ES outer5 | cfg=P_l1_b16_e4_w10_b_d3_s1_r9 | Inner 3/3
[2026-10-02 15:29:05] ES outer5 cfg=P_l1_b16_e4_w10_b_d3_s1_r9 Inner 3: F1=0.6671
[2026-10-02 15:29:06] ES outer5 | trial 4/20 F1_inner=0.6662 | mejor=0.7357
[2026-10-02 15:29:06] ES outer5 | cfg=P_l2_b16_e6_w10_s_d2_s1_r9 | Inner 1/3
[2026-10-02 15:29:22] ES outer5 cfg=P_l2_b16_e6_w10_s_d2_s1_r9 Inner 1: F1=0.7249
[2026-10-02 15:29:22] ES outer5 | cfg=P_l2_b16_e6_w10_s_d2_s1_r9 | Inner 2/3
[2026-10-02 15:29:39] ES outer5 cfg=P_l2_b16_e6_w10_s_d2_s1_r9 Inner 2: F1=0.7365
[2026-10-02 15:29:39] ES outer5 | cfg=P_l2_b16_e6_w10_s_d2_s1_r9 | Inner 3/3
[2026-10-02 15:29:55] ES outer5 cfg=P_l2_b16_e6_w10_s_d2_s1_r9 Inner 3: F1=0.7386
[2026-10-02 15:29:55] ES outer5 | trial 5/20 F1_inner=0.7333 | mejor=0.7357
[2026-10-02 15:29:55] ES outer5 | cfg=P_l2_b16_e6_w1_b_d2_s1_r9 | Inner 1/3
[2026-10-02 15:30:12] ES outer5 cfg=P_l2_b16_e6_w1_b_d2_s1_r9 Inner 1: F1=0.7257
[2026-10-02 15:30:12] ES outer5 | cfg=P_l2_b16_e6_w1_b_d2_s1_r9 | Inner 2/3
[2026-10-02 15:30:29] ES outer5 cfg=P_l2_b16_e6_w1_b_d2_s1_r9 Inner 2: F1=0.7313
[2026-10-02 15:30:29] ES outer5 | cfg=P_l2_b16_e6_w1_b_d2_s1_r9 | Inner 3/3
[2026-10-02 15:30:46] ES outer5 cfg=P_l2_b16_e6_w1_b_d2_s1_r9 Inner 3: F1=0.7318
[2026-10-02 15:30:46] ES outer5 | trial 6/20 F1_inner=0.7296 | mejor=0.7357
[2026-10-02 15:30:46] ES outer5 | cfg=P_l2_b16_e6_w1_s_d3_s1_r9 | Inner 1/3
[2026-10-02 15:31:03] ES outer5 cfg=P_l2_b16_e6_w1_s_d3_s1_r9 Inner 1: F1=0.7292
[2026-10-02 15:31:03] ES outer5 | cfg=P_l2_b16_e6_w1_s_d3_s1_r9 | Inner 2/3
[2026-10-02 15:31:20] ES outer5 cfg=P_l2_b16_e6_w1_s_d3_s1_r9 Inner 2: F1=0.7409
[2026-10-02 15:31:20] ES outer5 | cfg=P_l2_b16_e6_w1_s_d3_s1_r9 | Inner 3/3
[2026-10-02 15:31:36] ES outer5 cfg=P_l2_b16_e6_w1_s_d3_s1_r9 Inner 3: F1=0.7351
[2026-10-02 15:31:36] ES outer5 | trial 7/20 F1_inner=0.7351 | mejor=0.7357
[2026-10-02 15:31:37] ES outer5 | cfg=P_l1_b16_e6_w1_s_d2_s1_r9 | Inner 1/3
[2026-10-02 15:31:53] ES outer5 cfg=P_l1_b16_e6_w1_s_d2_s1_r9 Inner 1: F1=0.6819
[2026-10-02 15:31:53] ES outer5 | cfg=P_l1_b16_e6_w1_s_d2_s1_r9 | Inner 2/3
[2026-10-02 15:32:09] ES outer5 cfg=P_l1_b16_e6_w1_s_d2_s1_r9 Inner 2: F1=0.7032
[2026-10-02 15:32:09] ES outer5 | cfg=P_l1_b16_e6_w1_s_d2_s1_r9 | Inner 3/3
[2026-10-02 15:32:26] ES outer5 cfg=P_l1_b16_e6_w1_s_d2_s1_r9 Inner 3: F1=0.6997
[2026-10-02 15:32:26] ES outer5 | trial 8/20 F1_inner=0.6949 | mejor=0.7357
[2026-10-02 15:32:26] ES outer5 | cfg=P_l2_b16_e4_w1_s_d2_s1_r9 | Inner 1/3
[2026-10-02 15:32:38] ES outer5 cfg=P_l2_b16_e4_w1_s_d2_s1_r9 Inner 1: F1=0.7104
[2026-10-02 15:32:38] ES outer5 | cfg=P_l2_b16_e4_w1_s_d2_s1_r9 | Inner 2/3
[2026-10-02 15:32:49] ES outer5 cfg=P_l2_b16_e4_w1_s_d2_s1_r9 Inner 2: F1=0.7162
[2026-10-02 15:32:49] ES outer5 | cfg=P_l2_b16_e4_w1_s_d2_s1_r9 | Inner 3/3
[2026-10-02 15:33:01] ES outer5 cfg=P_l2_b16_e4_w1_s_d2_s1_r9 Inner 3: F1=0.7138
[2026-10-02 15:33:01] ES outer5 | trial 9/20 F1_inner=0.7134 | mejor=0.7357
[2026-10-02 15:33:01] ES outer5 | cfg=P_l2_b16_e6_w10_b_d1_s1_r9 | Inner 1/3
[2026-10-02 15:33:18] ES outer5 cfg=P_l2_b16_e6_w10_b_d1_s1_r9 Inner 1: F1=0.7191
[2026-10-02 15:33:18] ES outer5 | cfg=P_l2_b16_e6_w10_b_d1_s1_r9 | Inner 2/3
[2026-10-02 15:33:35] ES outer5 cfg=P_l2_b16_e6_w10_b_d1_s1_r9 Inner 2: F1=0.7351
[2026-10-02 15:33:35] ES outer5 | cfg=P_l2_b16_e6_w10_b_d1_s1_r9 | Inner 3/3
[2026-10-02 15:33:52] ES outer5 cfg=P_l2_b16_e6_w10_b_d1_s1_r9 Inner 3: F1=0.7316
[2026-10-02 15:33:52] ES outer5 | trial 10/20 F1_inner=0.7286 | mejor=0.7357
[2026-10-02 15:33:52] ES outer5 | cfg=P_l2_b16_e6_w1_s_d1_s1_r9 | Inner 1/3
[2026-10-02 15:34:09] ES outer5 cfg=P_l2_b16_e6_w1_s_d1_s1_r9 Inner 1: F1=0.7343
[2026-10-02 15:34:09] ES outer5 | cfg=P_l2_b16_e6_w1_s_d1_s1_r9 | Inner 2/3
[2026-10-02 15:34:26] ES outer5 cfg=P_l2_b16_e6_w1_s_d1_s1_r9 Inner 2: F1=0.7356
[2026-10-02 15:34:26] ES outer5 | cfg=P_l2_b16_e6_w1_s_d1_s1_r9 | Inner 3/3
[2026-10-02 15:34:42] ES outer5 cfg=P_l2_b16_e6_w1_s_d1_s1_r9 Inner 3: F1=0.7357
[2026-10-02 15:34:42] ES outer5 | trial 11/20 F1_inner=0.7352 | mejor=0.7357
[2026-10-02 15:34:43] REUTILIZADO ES outer5 cfg=P_l2_b16_e6_w1_s_d1_s1_r9 inner=1: F1=0.7343
[2026-10-02 15:34:43] REUTILIZADO ES outer5 cfg=P_l2_b16_e6_w1_s_d1_s1_r9 inner=2: F1=0.7356
[2026-10-02 15:34:43] REUTILIZADO ES outer5 cfg=P_l2_b16_e6_w1_s_d1_s1_r9 inner=3: F1=0.7357
[2026-10-02 15:34:43] ES outer5 | trial 12/20 F1_inner=0.7352 | mejor=0.7357
[2026-10-02 15:34:43] REUTILIZADO ES outer5 cfg=P_l2_b16_e6_w1_s_d2_s1_r9 inner=1: F1=0.7328
[2026-10-02 15:34:43] REUTILIZADO ES outer5 cfg=P_l2_b16_e6_w1_s_d2_s1_r9 inner=2: F1=0.7380
[2026-10-02 15:34:43] REUTILIZADO ES outer5 cfg=P_l2_b16_e6_w1_s_d2_s1_r9 inner=3: F1=0.7363
[2026-10-02 15:34:43] ES outer5 | trial 13/20 F1_inner=0.7357 | mejor=0.7357
[2026-10-02 15:34:43] REUTILIZADO ES outer5 cfg=P_l2_b16_e6_w1_s_d2_s1_r9 inner=1: F1=0.7328
[2026-10-02 15:34:43] REUTILIZADO ES outer5 cfg=P_l2_b16_e6_w1_s_d2_s1_r9 inner=2: F1=0.7380
[2026-10-02 15:34:43] REUTILIZADO ES outer5 cfg=P_l2_b16_e6_w1_s_d2_s1_r9 inner=3: F1=0.7363
[2026-10-02 15:34:44] ES outer5 | trial 14/20 F1_inner=0.7357 | mejor=0.7357
[2026-10-02 15:34:44] ES outer5 | cfg=P_l1_b16_e4_w1_b_d2_s1_r9 | Inner 1/3
[2026-10-02 15:34:55] ES outer5 cfg=P_l1_b16_e4_w1_b_d2_s1_r9 Inner 1: F1=0.6633
[2026-10-02 15:34:55] ES outer5 | cfg=P_l1_b16_e4_w1_b_d2_s1_r9 | Inner 2/3
[2026-10-02 15:35:07] ES outer5 cfg=P_l1_b16_e4_w1_b_d2_s1_r9 Inner 2: F1=0.6744
[2026-10-02 15:35:07] ES outer5 | cfg=P_l1_b16_e4_w1_b_d2_s1_r9 | Inner 3/3
[2026-10-02 15:35:19] ES outer5 cfg=P_l1_b16_e4_w1_b_d2_s1_r9 Inner 3: F1=0.6723
[2026-10-02 15:35:19] ES outer5 | trial 15/20 F1_inner=0.6700 | mejor=0.7357
[2026-10-02 15:35:19] ES outer5 | cfg=P_l1_b16_e6_w1_b_d1_s1_r9 | Inner 1/3
[2026-10-02 15:35:36] ES outer5 cfg=P_l1_b16_e6_w1_b_d1_s1_r9 Inner 1: F1=0.7069
[2026-10-02 15:35:36] ES outer5 | cfg=P_l1_b16_e6_w1_b_d1_s1_r9 | Inner 2/3
[2026-10-02 15:35:52] ES outer5 cfg=P_l1_b16_e6_w1_b_d1_s1_r9 Inner 2: F1=0.6988
[2026-10-02 15:35:52] ES outer5 | cfg=P_l1_b16_e6_w1_b_d1_s1_r9 | Inner 3/3
[2026-10-02 15:36:09] ES outer5 cfg=P_l1_b16_e6_w1_b_d1_s1_r9 Inner 3: F1=0.6973
[2026-10-02 15:36:09] ES outer5 | trial 16/20 F1_inner=0.7010 | mejor=0.7357
[2026-10-02 15:36:09] ES outer5 | cfg=P_l2_b16_e4_w1_b_d3_s1_r9 | Inner 1/3
[2026-10-02 15:36:21] ES outer5 cfg=P_l2_b16_e4_w1_b_d3_s1_r9 Inner 1: F1=0.7007
[2026-10-02 15:36:21] ES outer5 | cfg=P_l2_b16_e4_w1_b_d3_s1_r9 | Inner 2/3
[2026-10-02 15:36:33] ES outer5 cfg=P_l2_b16_e4_w1_b_d3_s1_r9 Inner 2: F1=0.6994
[2026-10-02 15:36:33] ES outer5 | cfg=P_l2_b16_e4_w1_b_d3_s1_r9 | Inner 3/3
[2026-10-02 15:36:44] ES outer5 cfg=P_l2_b16_e4_w1_b_d3_s1_r9 Inner 3: F1=0.7143
[2026-10-02 15:36:45] ES outer5 | trial 17/20 F1_inner=0.7048 | mejor=0.7357
[2026-10-02 15:36:45] ES outer5 | cfg=P_l1_b16_e6_w10_b_d2_s1_r9 | Inner 1/3
[2026-10-02 15:37:01] ES outer5 cfg=P_l1_b16_e6_w10_b_d2_s1_r9 Inner 1: F1=0.7026
[2026-10-02 15:37:01] ES outer5 | cfg=P_l1_b16_e6_w10_b_d2_s1_r9 | Inner 2/3
[2026-10-02 15:37:18] ES outer5 cfg=P_l1_b16_e6_w10_b_d2_s1_r9 Inner 2: F1=0.6963
[2026-10-02 15:37:18] ES outer5 | cfg=P_l1_b16_e6_w10_b_d2_s1_r9 | Inner 3/3
[2026-10-02 15:37:35] ES outer5 cfg=P_l1_b16_e6_w10_b_d2_s1_r9 Inner 3: F1=0.6898
[2026-10-02 15:37:35] ES outer5 | trial 18/20 F1_inner=0.6962 | mejor=0.7357
[2026-10-02 15:37:35] REUTILIZADO ES outer5 cfg=P_l2_b16_e6_w1_s_d2_s1_r9 inner=1: F1=0.7328
[2026-10-02 15:37:35] REUTILIZADO ES outer5 cfg=P_l2_b16_e6_w1_s_d2_s1_r9 inner=2: F1=0.7380
[2026-10-02 15:37:35] REUTILIZADO ES outer5 cfg=P_l2_b16_e6_w1_s_d2_s1_r9 inner=3: F1=0.7363
[2026-10-02 15:37:35] ES outer5 | trial 19/20 F1_inner=0.7357 | mejor=0.7357
[2026-10-02 15:37:35] ES outer5 | cfg=P_l2_b16_e4_w10_b_d2_s1_r9 | Inner 1/3
[2026-10-02 15:37:47] ES outer5 cfg=P_l2_b16_e4_w10_b_d2_s1_r9 Inner 1: F1=0.7002
[2026-10-02 15:37:47] ES outer5 | cfg=P_l2_b16_e4_w10_b_d2_s1_r9 | Inner 2/3
[2026-10-02 15:37:59] ES outer5 cfg=P_l2_b16_e4_w10_b_d2_s1_r9 Inner 2: F1=0.7004
[2026-10-02 15:37:59] ES outer5 | cfg=P_l2_b16_e4_w10_b_d2_s1_r9 | Inner 3/3
[2026-10-02 15:38:11] ES outer5 cfg=P_l2_b16_e4_w10_b_d2_s1_r9 Inner 3: F1=0.7200
[2026-10-02 15:38:11] ES outer5 | trial 20/20 F1_inner=0.7069 | mejor=0.7357
[2026-10-02 15:38:11] ES Outer 5: refit PYSENTIMIENTO, 5 épocas
[2026-10-02 15:38:34] ES Outer 5 refit: F1_train=0.9174, F1_outer=0.7948
[2026-10-02 15:38:35] [ES][DistilBETO][Outer 5/5] FINALIZADO | prep=PYSENTIMIENTO | F1_inner=0.7357±0.0026 | F1_train=0.9174 | F1_outer=0.7948 | gap=0.1226
[2026-10-02 15:38:35] CU | Outer 1/5
[2026-10-02 15:38:36] CU outer1 | cfg=P_l2_b16_e6_w10_s_d2_s1_r9 | Inner 1/3
[2026-10-02 15:38:50] CU outer1 cfg=P_l2_b16_e6_w10_s_d2_s1_r9 Inner 1: F1=0.6659
[2026-10-02 15:38:50] CU outer1 | cfg=P_l2_b16_e6_w10_s_d2_s1_r9 | Inner 2/3
[2026-10-02 15:39:04] CU outer1 cfg=P_l2_b16_e6_w10_s_d2_s1_r9 Inner 2: F1=0.7034
[2026-10-02 15:39:04] CU outer1 | cfg=P_l2_b16_e6_w10_s_d2_s1_r9 | Inner 3/3
[2026-10-02 15:39:16] CU outer1 cfg=P_l2_b16_e6_w10_s_d2_s1_r9 Inner 3: F1=0.6515
[2026-10-02 15:39:16] CU outer1 | trial 1/20 F1_inner=0.6736 | mejor=0.6736
[2026-10-02 15:39:16] CU outer1 | cfg=P_l1_b16_e6_w10_s_d3_s1_r9 | Inner 1/3
[2026-10-02 15:39:33] CU outer1 cfg=P_l1_b16_e6_w10_s_d3_s1_r9 Inner 1: F1=0.6395
[2026-10-02 15:39:33] CU outer1 | cfg=P_l1_b16_e6_w10_s_d3_s1_r9 | Inner 2/3
[2026-10-02 15:39:50] CU outer1 cfg=P_l1_b16_e6_w10_s_d3_s1_r9 Inner 2: F1=0.6476
[2026-10-02 15:39:50] CU outer1 | cfg=P_l1_b16_e6_w10_s_d3_s1_r9 | Inner 3/3
[2026-10-02 15:40:03] CU outer1 cfg=P_l1_b16_e6_w10_s_d3_s1_r9 Inner 3: F1=0.6355
[2026-10-02 15:40:04] CU outer1 | trial 2/20 F1_inner=0.6408 | mejor=0.6736
[2026-10-02 15:40:04] REUTILIZADO CU outer1 cfg=P_l2_b16_e6_w10_s_d2_s1_r9 inner=1: F1=0.6659
[2026-10-02 15:40:04] REUTILIZADO CU outer1 cfg=P_l2_b16_e6_w10_s_d2_s1_r9 inner=2: F1=0.7034
[2026-10-02 15:40:04] REUTILIZADO CU outer1 cfg=P_l2_b16_e6_w10_s_d2_s1_r9 inner=3: F1=0.6515
[2026-10-02 15:40:04] CU outer1 | trial 3/20 F1_inner=0.6736 | mejor=0.6736
[2026-10-02 15:40:04] CU outer1 | cfg=P_l2_b16_e6_w1_b_d2_s1_r9 | Inner 1/3
[2026-10-02 15:40:21] CU outer1 cfg=P_l2_b16_e6_w1_b_d2_s1_r9 Inner 1: F1=0.7101
[2026-10-02 15:40:21] CU outer1 | cfg=P_l2_b16_e6_w1_b_d2_s1_r9 | Inner 2/3
[2026-10-02 15:40:37] CU outer1 cfg=P_l2_b16_e6_w1_b_d2_s1_r9 Inner 2: F1=0.7128
[2026-10-02 15:40:37] CU outer1 | cfg=P_l2_b16_e6_w1_b_d2_s1_r9 | Inner 3/3
[2026-10-02 15:40:53] CU outer1 cfg=P_l2_b16_e6_w1_b_d2_s1_r9 Inner 3: F1=0.6696
[2026-10-02 15:40:54] CU outer1 | trial 4/20 F1_inner=0.6975 | mejor=0.6975
[2026-10-02 15:40:54] CU outer1 | cfg=P_l1_b16_e4_w10_s_d3_s1_r9 | Inner 1/3
[2026-10-02 15:41:06] CU outer1 cfg=P_l1_b16_e4_w10_s_d3_s1_r9 Inner 1: F1=0.6138
[2026-10-02 15:41:06] CU outer1 | cfg=P_l1_b16_e4_w10_s_d3_s1_r9 | Inner 2/3
[2026-10-02 15:41:18] CU outer1 cfg=P_l1_b16_e4_w10_s_d3_s1_r9 Inner 2: F1=0.6143
[2026-10-02 15:41:18] CU outer1 | cfg=P_l1_b16_e4_w10_s_d3_s1_r9 | Inner 3/3
[2026-10-02 15:41:29] CU outer1 cfg=P_l1_b16_e4_w10_s_d3_s1_r9 Inner 3: F1=0.6044
[2026-10-02 15:41:30] CU outer1 | trial 5/20 F1_inner=0.6108 | mejor=0.6975
[2026-10-02 15:41:30] REUTILIZADO CU outer1 cfg=P_l2_b16_e6_w1_b_d2_s1_r9 inner=1: F1=0.7101
[2026-10-02 15:41:30] REUTILIZADO CU outer1 cfg=P_l2_b16_e6_w1_b_d2_s1_r9 inner=2: F1=0.7128
[2026-10-02 15:41:30] REUTILIZADO CU outer1 cfg=P_l2_b16_e6_w1_b_d2_s1_r9 inner=3: F1=0.6696
[2026-10-02 15:41:30] CU outer1 | trial 6/20 F1_inner=0.6975 | mejor=0.6975
[2026-10-02 15:41:30] CU outer1 | cfg=P_l2_b16_e4_w1_b_d3_s1_r9 | Inner 1/3
[2026-10-02 15:41:42] CU outer1 cfg=P_l2_b16_e4_w1_b_d3_s1_r9 Inner 1: F1=0.6860
[2026-10-02 15:41:42] CU outer1 | cfg=P_l2_b16_e4_w1_b_d3_s1_r9 | Inner 2/3
[2026-10-02 15:41:54] CU outer1 cfg=P_l2_b16_e4_w1_b_d3_s1_r9 Inner 2: F1=0.6948
[2026-10-02 15:41:54] CU outer1 | cfg=P_l2_b16_e4_w1_b_d3_s1_r9 | Inner 3/3
[2026-10-02 15:42:05] CU outer1 cfg=P_l2_b16_e4_w1_b_d3_s1_r9 Inner 3: F1=0.6523
[2026-10-02 15:42:06] CU outer1 | trial 7/20 F1_inner=0.6777 | mejor=0.6975
[2026-10-02 15:42:06] CU outer1 | cfg=P_l1_b16_e6_w1_b_d2_s1_r9 | Inner 1/3
[2026-10-02 15:42:22] CU outer1 cfg=P_l1_b16_e6_w1_b_d2_s1_r9 Inner 1: F1=0.6762
[2026-10-02 15:42:22] CU outer1 | cfg=P_l1_b16_e6_w1_b_d2_s1_r9 | Inner 2/3
[2026-10-02 15:42:34] CU outer1 cfg=P_l1_b16_e6_w1_b_d2_s1_r9 Inner 2: F1=0.6912
[2026-10-02 15:42:34] CU outer1 | cfg=P_l1_b16_e6_w1_b_d2_s1_r9 | Inner 3/3
[2026-10-02 15:42:50] CU outer1 cfg=P_l1_b16_e6_w1_b_d2_s1_r9 Inner 3: F1=0.6450
[2026-10-02 15:42:50] CU outer1 | trial 8/20 F1_inner=0.6708 | mejor=0.6975
[2026-10-02 15:42:50] CU outer1 | cfg=P_l2_b16_e4_w10_b_d1_s1_r9 | Inner 1/3
[2026-10-02 15:43:02] CU outer1 cfg=P_l2_b16_e4_w10_b_d1_s1_r9 Inner 1: F1=0.6900
[2026-10-02 15:43:02] CU outer1 | cfg=P_l2_b16_e4_w10_b_d1_s1_r9 | Inner 2/3
[2026-10-02 15:43:14] CU outer1 cfg=P_l2_b16_e4_w10_b_d1_s1_r9 Inner 2: F1=0.7008
[2026-10-02 15:43:14] CU outer1 | cfg=P_l2_b16_e4_w10_b_d1_s1_r9 | Inner 3/3
[2026-10-02 15:43:26] CU outer1 cfg=P_l2_b16_e4_w10_b_d1_s1_r9 Inner 3: F1=0.6468
[2026-10-02 15:43:26] CU outer1 | trial 9/20 F1_inner=0.6792 | mejor=0.6975
[2026-10-02 15:43:26] CU outer1 | cfg=P_l2_b16_e6_w1_b_d1_s1_r9 | Inner 1/3
[2026-10-02 15:43:43] CU outer1 cfg=P_l2_b16_e6_w1_b_d1_s1_r9 Inner 1: F1=0.7111
[2026-10-02 15:43:43] CU outer1 | cfg=P_l2_b16_e6_w1_b_d1_s1_r9 | Inner 2/3
[2026-10-02 15:44:00] CU outer1 cfg=P_l2_b16_e6_w1_b_d1_s1_r9 Inner 2: F1=0.7073
[2026-10-02 15:44:00] CU outer1 | cfg=P_l2_b16_e6_w1_b_d1_s1_r9 | Inner 3/3
[2026-10-02 15:44:16] CU outer1 cfg=P_l2_b16_e6_w1_b_d1_s1_r9 Inner 3: F1=0.6696
[2026-10-02 15:44:16] CU outer1 | trial 10/20 F1_inner=0.6960 | mejor=0.6975
[2026-10-02 15:44:17] CU outer1 | cfg=P_l2_b16_e6_w10_b_d3_s1_r9 | Inner 1/3
[2026-10-02 15:44:33] CU outer1 cfg=P_l2_b16_e6_w10_b_d3_s1_r9 Inner 1: F1=0.7158
[2026-10-02 15:44:33] CU outer1 | cfg=P_l2_b16_e6_w10_b_d3_s1_r9 | Inner 2/3
[2026-10-02 15:44:50] CU outer1 cfg=P_l2_b16_e6_w10_b_d3_s1_r9 Inner 2: F1=0.7107
[2026-10-02 15:44:50] CU outer1 | cfg=P_l2_b16_e6_w10_b_d3_s1_r9 | Inner 3/3
[2026-10-02 15:45:06] CU outer1 cfg=P_l2_b16_e6_w10_b_d3_s1_r9 Inner 3: F1=0.6640
[2026-10-02 15:45:06] CU outer1 | trial 11/20 F1_inner=0.6968 | mejor=0.6975
[2026-10-02 15:45:06] REUTILIZADO CU outer1 cfg=P_l2_b16_e6_w1_b_d2_s1_r9 inner=1: F1=0.7101
[2026-10-02 15:45:06] REUTILIZADO CU outer1 cfg=P_l2_b16_e6_w1_b_d2_s1_r9 inner=2: F1=0.7128
[2026-10-02 15:45:06] REUTILIZADO CU outer1 cfg=P_l2_b16_e6_w1_b_d2_s1_r9 inner=3: F1=0.6696
[2026-10-02 15:45:07] CU outer1 | trial 12/20 F1_inner=0.6975 | mejor=0.6975
[2026-10-02 15:45:07] CU outer1 | cfg=P_l1_b16_e4_w10_b_d2_s1_r9 | Inner 1/3
[2026-10-02 15:45:19] CU outer1 cfg=P_l1_b16_e4_w10_b_d2_s1_r9 Inner 1: F1=0.6547
[2026-10-02 15:45:19] CU outer1 | cfg=P_l1_b16_e4_w10_b_d2_s1_r9 | Inner 2/3
[2026-10-02 15:45:30] CU outer1 cfg=P_l1_b16_e4_w10_b_d2_s1_r9 Inner 2: F1=0.6957
[2026-10-02 15:45:31] CU outer1 | cfg=P_l1_b16_e4_w10_b_d2_s1_r9 | Inner 3/3
[2026-10-02 15:45:42] CU outer1 cfg=P_l1_b16_e4_w10_b_d2_s1_r9 Inner 3: F1=0.6247
[2026-10-02 15:45:43] CU outer1 | trial 13/20 F1_inner=0.6584 | mejor=0.6975
[2026-10-02 15:45:43] CU outer1 | cfg=P_l2_b16_e4_w1_b_d2_s1_r9 | Inner 1/3
[2026-10-02 15:45:54] CU outer1 cfg=P_l2_b16_e4_w1_b_d2_s1_r9 Inner 1: F1=0.6900
[2026-10-02 15:45:54] CU outer1 | cfg=P_l2_b16_e4_w1_b_d2_s1_r9 | Inner 2/3
[2026-10-02 15:46:06] CU outer1 cfg=P_l2_b16_e4_w1_b_d2_s1_r9 Inner 2: F1=0.7036
[2026-10-02 15:46:06] CU outer1 | cfg=P_l2_b16_e4_w1_b_d2_s1_r9 | Inner 3/3
[2026-10-02 15:46:18] CU outer1 cfg=P_l2_b16_e4_w1_b_d2_s1_r9 Inner 3: F1=0.6503
[2026-10-02 15:46:18] CU outer1 | trial 14/20 F1_inner=0.6813 | mejor=0.6975
[2026-10-02 15:46:19] CU outer1 | cfg=P_l1_b16_e6_w1_s_d1_s1_r9 | Inner 1/3
[2026-10-02 15:46:35] CU outer1 cfg=P_l1_b16_e6_w1_s_d1_s1_r9 Inner 1: F1=0.6448
[2026-10-02 15:46:35] CU outer1 | cfg=P_l1_b16_e6_w1_s_d1_s1_r9 | Inner 2/3
[2026-10-02 15:46:52] CU outer1 cfg=P_l1_b16_e6_w1_s_d1_s1_r9 Inner 2: F1=0.6489
[2026-10-02 15:46:52] CU outer1 | cfg=P_l1_b16_e6_w1_s_d1_s1_r9 | Inner 3/3
[2026-10-02 15:47:08] CU outer1 cfg=P_l1_b16_e6_w1_s_d1_s1_r9 Inner 3: F1=0.6369
[2026-10-02 15:47:08] CU outer1 | trial 15/20 F1_inner=0.6436 | mejor=0.6975
[2026-10-02 15:47:09] CU outer1 | cfg=P_l2_b16_e6_w1_s_d2_s1_r9 | Inner 1/3
[2026-10-02 15:47:23] CU outer1 cfg=P_l2_b16_e6_w1_s_d2_s1_r9 Inner 1: F1=0.6668
[2026-10-02 15:47:23] CU outer1 | cfg=P_l2_b16_e6_w1_s_d2_s1_r9 | Inner 2/3
[2026-10-02 15:47:38] CU outer1 cfg=P_l2_b16_e6_w1_s_d2_s1_r9 Inner 2: F1=0.7034
[2026-10-02 15:47:38] CU outer1 | cfg=P_l2_b16_e6_w1_s_d2_s1_r9 | Inner 3/3
[2026-10-02 15:47:54] CU outer1 cfg=P_l2_b16_e6_w1_s_d2_s1_r9 Inner 3: F1=0.6579
[2026-10-02 15:47:54] CU outer1 | trial 16/20 F1_inner=0.6760 | mejor=0.6975
[2026-10-02 15:47:54] CU outer1 | cfg=P_l2_b16_e6_w1_b_d3_s1_r9 | Inner 1/3
[2026-10-02 15:48:11] CU outer1 cfg=P_l2_b16_e6_w1_b_d3_s1_r9 Inner 1: F1=0.7115
[2026-10-02 15:48:11] CU outer1 | cfg=P_l2_b16_e6_w1_b_d3_s1_r9 | Inner 2/3
[2026-10-02 15:48:27] CU outer1 cfg=P_l2_b16_e6_w1_b_d3_s1_r9 Inner 2: F1=0.7129
[2026-10-02 15:48:27] CU outer1 | cfg=P_l2_b16_e6_w1_b_d3_s1_r9 | Inner 3/3
[2026-10-02 15:48:44] CU outer1 cfg=P_l2_b16_e6_w1_b_d3_s1_r9 Inner 3: F1=0.6667
[2026-10-02 15:48:44] CU outer1 | trial 17/20 F1_inner=0.6970 | mejor=0.6975
[2026-10-02 15:48:44] CU outer1 | cfg=P_l1_b16_e4_w1_s_d2_s1_r9 | Inner 1/3
[2026-10-02 15:48:56] CU outer1 cfg=P_l1_b16_e4_w1_s_d2_s1_r9 Inner 1: F1=0.6238
[2026-10-02 15:48:56] CU outer1 | cfg=P_l1_b16_e4_w1_s_d2_s1_r9 | Inner 2/3
[2026-10-02 15:49:07] CU outer1 cfg=P_l1_b16_e4_w1_s_d2_s1_r9 Inner 2: F1=0.6160
[2026-10-02 15:49:07] CU outer1 | cfg=P_l1_b16_e4_w1_s_d2_s1_r9 | Inner 3/3
[2026-10-02 15:49:18] CU outer1 cfg=P_l1_b16_e4_w1_s_d2_s1_r9 Inner 3: F1=0.6054
[2026-10-02 15:49:19] CU outer1 | trial 18/20 F1_inner=0.6150 | mejor=0.6975
[2026-10-02 15:49:19] CU outer1 | cfg=P_l2_b16_e6_w10_b_d2_s1_r9 | Inner 1/3
[2026-10-02 15:49:36] CU outer1 cfg=P_l2_b16_e6_w10_b_d2_s1_r9 Inner 1: F1=0.7105
[2026-10-02 15:49:36] CU outer1 | cfg=P_l2_b16_e6_w10_b_d2_s1_r9 | Inner 2/3
[2026-10-02 15:49:52] CU outer1 cfg=P_l2_b16_e6_w10_b_d2_s1_r9 Inner 2: F1=0.7133
[2026-10-02 15:49:52] CU outer1 | cfg=P_l2_b16_e6_w10_b_d2_s1_r9 | Inner 3/3
[2026-10-02 15:50:09] CU outer1 cfg=P_l2_b16_e6_w10_b_d2_s1_r9 Inner 3: F1=0.6673
[2026-10-02 15:50:09] CU outer1 | trial 19/20 F1_inner=0.6970 | mejor=0.6975
[2026-10-02 15:50:09] CU outer1 | cfg=P_l1_b16_e6_w10_b_d1_s1_r9 | Inner 1/3
[2026-10-02 15:50:26] CU outer1 cfg=P_l1_b16_e6_w10_b_d1_s1_r9 Inner 1: F1=0.6800
[2026-10-02 15:50:26] CU outer1 | cfg=P_l1_b16_e6_w10_b_d1_s1_r9 | Inner 2/3
[2026-10-02 15:50:37] CU outer1 cfg=P_l1_b16_e6_w10_b_d1_s1_r9 Inner 2: F1=0.6969
[2026-10-02 15:50:37] CU outer1 | cfg=P_l1_b16_e6_w10_b_d1_s1_r9 | Inner 3/3
[2026-10-02 15:50:54] CU outer1 cfg=P_l1_b16_e6_w10_b_d1_s1_r9 Inner 3: F1=0.6449
[2026-10-02 15:50:55] CU outer1 | trial 20/20 F1_inner=0.6739 | mejor=0.6975
[2026-10-02 15:50:55] CU Outer 1: refit PYSENTIMIENTO, 6 épocas
[2026-10-02 15:51:22] CU Outer 1 refit: F1_train=0.9287, F1_outer=0.7344
[2026-10-02 15:51:22] [CU][DistilBETO][Outer 1/5] FINALIZADO | prep=PYSENTIMIENTO | F1_inner=0.6975±0.0242 | F1_train=0.9287 | F1_outer=0.7344 | gap=0.1943
[2026-10-02 15:51:22] CU | Outer 2/5
[2026-10-02 15:51:22] CU outer2 | cfg=P_l1_b16_e4_w10_b_d3_s1_r9 | Inner 1/3
[2026-10-02 15:51:34] CU outer2 cfg=P_l1_b16_e4_w10_b_d3_s1_r9 Inner 1: F1=0.6404
[2026-10-02 15:51:34] CU outer2 | cfg=P_l1_b16_e4_w10_b_d3_s1_r9 | Inner 2/3
[2026-10-02 15:51:46] CU outer2 cfg=P_l1_b16_e4_w10_b_d3_s1_r9 Inner 2: F1=0.6696
[2026-10-02 15:51:46] CU outer2 | cfg=P_l1_b16_e4_w10_b_d3_s1_r9 | Inner 3/3
[2026-10-02 15:51:58] CU outer2 cfg=P_l1_b16_e4_w10_b_d3_s1_r9 Inner 3: F1=0.6740
[2026-10-02 15:51:58] CU outer2 | trial 1/20 F1_inner=0.6614 | mejor=0.6614
[2026-10-02 15:51:58] CU outer2 | cfg=P_l1_b16_e6_w1_s_d2_s1_r9 | Inner 1/3
[2026-10-02 15:52:12] CU outer2 cfg=P_l1_b16_e6_w1_s_d2_s1_r9 Inner 1: F1=0.6694
[2026-10-02 15:52:12] CU outer2 | cfg=P_l1_b16_e6_w1_s_d2_s1_r9 | Inner 2/3
[2026-10-02 15:52:29] CU outer2 cfg=P_l1_b16_e6_w1_s_d2_s1_r9 Inner 2: F1=0.6541
[2026-10-02 15:52:29] CU outer2 | cfg=P_l1_b16_e6_w1_s_d2_s1_r9 | Inner 3/3
[2026-10-02 15:52:46] CU outer2 cfg=P_l1_b16_e6_w1_s_d2_s1_r9 Inner 3: F1=0.6764
[2026-10-02 15:52:46] CU outer2 | trial 2/20 F1_inner=0.6667 | mejor=0.6667
[2026-10-02 15:52:46] CU outer2 | cfg=P_l2_b16_e6_w1_s_d3_s1_r9 | Inner 1/3
[2026-10-02 15:52:58] CU outer2 cfg=P_l2_b16_e6_w1_s_d3_s1_r9 Inner 1: F1=0.6711
[2026-10-02 15:52:58] CU outer2 | cfg=P_l2_b16_e6_w1_s_d3_s1_r9 | Inner 2/3
[2026-10-02 15:53:15] CU outer2 cfg=P_l2_b16_e6_w1_s_d3_s1_r9 Inner 2: F1=0.6964
[2026-10-02 15:53:15] CU outer2 | cfg=P_l2_b16_e6_w1_s_d3_s1_r9 | Inner 3/3
[2026-10-02 15:53:31] CU outer2 cfg=P_l2_b16_e6_w1_s_d3_s1_r9 Inner 3: F1=0.7116
[2026-10-02 15:53:31] CU outer2 | trial 3/20 F1_inner=0.6930 | mejor=0.6930
[2026-10-02 15:53:32] CU outer2 | cfg=P_l2_b16_e4_w10_b_d2_s1_r9 | Inner 1/3
[2026-10-02 15:53:43] CU outer2 cfg=P_l2_b16_e4_w10_b_d2_s1_r9 Inner 1: F1=0.6726
[2026-10-02 15:53:43] CU outer2 | cfg=P_l2_b16_e4_w10_b_d2_s1_r9 | Inner 2/3
[2026-10-02 15:53:55] CU outer2 cfg=P_l2_b16_e4_w10_b_d2_s1_r9 Inner 2: F1=0.6936
[2026-10-02 15:53:55] CU outer2 | cfg=P_l2_b16_e4_w10_b_d2_s1_r9 | Inner 3/3
[2026-10-02 15:54:07] CU outer2 cfg=P_l2_b16_e4_w10_b_d2_s1_r9 Inner 3: F1=0.7018
[2026-10-02 15:54:07] CU outer2 | trial 4/20 F1_inner=0.6893 | mejor=0.6930
[2026-10-02 15:54:07] CU outer2 | cfg=P_l1_b16_e6_w1_b_d3_s1_r9 | Inner 1/3
[2026-10-02 15:54:23] CU outer2 cfg=P_l1_b16_e6_w1_b_d3_s1_r9 Inner 1: F1=0.6606
[2026-10-02 15:54:23] CU outer2 | cfg=P_l1_b16_e6_w1_b_d3_s1_r9 | Inner 2/3
[2026-10-02 15:54:40] CU outer2 cfg=P_l1_b16_e6_w1_b_d3_s1_r9 Inner 2: F1=0.6876
[2026-10-02 15:54:40] CU outer2 | cfg=P_l1_b16_e6_w1_b_d3_s1_r9 | Inner 3/3
[2026-10-02 15:54:54] CU outer2 cfg=P_l1_b16_e6_w1_b_d3_s1_r9 Inner 3: F1=0.6819
[2026-10-02 15:54:54] CU outer2 | trial 5/20 F1_inner=0.6767 | mejor=0.6930
[2026-10-02 15:54:54] REUTILIZADO CU outer2 cfg=P_l2_b16_e6_w1_s_d3_s1_r9 inner=1: F1=0.6711
[2026-10-02 15:54:54] REUTILIZADO CU outer2 cfg=P_l2_b16_e6_w1_s_d3_s1_r9 inner=2: F1=0.6964
[2026-10-02 15:54:54] REUTILIZADO CU outer2 cfg=P_l2_b16_e6_w1_s_d3_s1_r9 inner=3: F1=0.7116
[2026-10-02 15:54:54] CU outer2 | trial 6/20 F1_inner=0.6930 | mejor=0.6930
[2026-10-02 15:54:55] CU outer2 | cfg=P_l2_b16_e6_w1_b_d1_s1_r9 | Inner 1/3
[2026-10-02 15:55:11] CU outer2 cfg=P_l2_b16_e6_w1_b_d1_s1_r9 Inner 1: F1=0.6928
[2026-10-02 15:55:11] CU outer2 | cfg=P_l2_b16_e6_w1_b_d1_s1_r9 | Inner 2/3
[2026-10-02 15:55:28] CU outer2 cfg=P_l2_b16_e6_w1_b_d1_s1_r9 Inner 2: F1=0.7037
[2026-10-02 15:55:28] CU outer2 | cfg=P_l2_b16_e6_w1_b_d1_s1_r9 | Inner 3/3
[2026-10-02 15:55:45] CU outer2 cfg=P_l2_b16_e6_w1_b_d1_s1_r9 Inner 3: F1=0.7166
[2026-10-02 15:55:46] CU outer2 | trial 7/20 F1_inner=0.7044 | mejor=0.7044
[2026-10-02 15:55:46] REUTILIZADO CU outer2 cfg=P_l2_b16_e6_w1_b_d1_s1_r9 inner=1: F1=0.6928
[2026-10-02 15:55:46] REUTILIZADO CU outer2 cfg=P_l2_b16_e6_w1_b_d1_s1_r9 inner=2: F1=0.7037
[2026-10-02 15:55:46] REUTILIZADO CU outer2 cfg=P_l2_b16_e6_w1_b_d1_s1_r9 inner=3: F1=0.7166
[2026-10-02 15:55:46] CU outer2 | trial 8/20 F1_inner=0.7044 | mejor=0.7044
[2026-10-02 15:55:46] CU outer2 | cfg=P_l2_b16_e4_w1_b_d1_s1_r9 | Inner 1/3
[2026-10-02 15:55:58] CU outer2 cfg=P_l2_b16_e4_w1_b_d1_s1_r9 Inner 1: F1=0.6836
[2026-10-02 15:55:58] CU outer2 | cfg=P_l2_b16_e4_w1_b_d1_s1_r9 | Inner 2/3
[2026-10-02 15:56:10] CU outer2 cfg=P_l2_b16_e4_w1_b_d1_s1_r9 Inner 2: F1=0.7018
[2026-10-02 15:56:10] CU outer2 | cfg=P_l2_b16_e4_w1_b_d1_s1_r9 | Inner 3/3
[2026-10-02 15:56:21] CU outer2 cfg=P_l2_b16_e4_w1_b_d1_s1_r9 Inner 3: F1=0.7078
[2026-10-02 15:56:22] CU outer2 | trial 9/20 F1_inner=0.6978 | mejor=0.7044
[2026-10-02 15:56:22] CU outer2 | cfg=P_l2_b16_e6_w10_s_d1_s1_r9 | Inner 1/3
[2026-10-02 15:56:33] CU outer2 cfg=P_l2_b16_e6_w10_s_d1_s1_r9 Inner 1: F1=0.6713
[2026-10-02 15:56:33] CU outer2 | cfg=P_l2_b16_e6_w10_s_d1_s1_r9 | Inner 2/3
[2026-10-02 15:56:50] CU outer2 cfg=P_l2_b16_e6_w10_s_d1_s1_r9 Inner 2: F1=0.6920
[2026-10-02 15:56:50] CU outer2 | cfg=P_l2_b16_e6_w10_s_d1_s1_r9 | Inner 3/3
[2026-10-02 15:57:06] CU outer2 cfg=P_l2_b16_e6_w10_s_d1_s1_r9 Inner 3: F1=0.7021
[2026-10-02 15:57:07] CU outer2 | trial 10/20 F1_inner=0.6884 | mejor=0.7044
[2026-10-02 15:57:07] CU outer2 | cfg=P_l2_b16_e6_w1_b_d2_s1_r9 | Inner 1/3
[2026-10-02 15:57:23] CU outer2 cfg=P_l2_b16_e6_w1_b_d2_s1_r9 Inner 1: F1=0.6901
[2026-10-02 15:57:23] CU outer2 | cfg=P_l2_b16_e6_w1_b_d2_s1_r9 | Inner 2/3
[2026-10-02 15:57:39] CU outer2 cfg=P_l2_b16_e6_w1_b_d2_s1_r9 Inner 2: F1=0.7122
[2026-10-02 15:57:39] CU outer2 | cfg=P_l2_b16_e6_w1_b_d2_s1_r9 | Inner 3/3
[2026-10-02 15:57:56] CU outer2 cfg=P_l2_b16_e6_w1_b_d2_s1_r9 Inner 3: F1=0.7086
[2026-10-02 15:57:56] CU outer2 | trial 11/20 F1_inner=0.7036 | mejor=0.7044
[2026-10-02 15:57:56] REUTILIZADO CU outer2 cfg=P_l2_b16_e6_w1_b_d1_s1_r9 inner=1: F1=0.6928
[2026-10-02 15:57:56] REUTILIZADO CU outer2 cfg=P_l2_b16_e6_w1_b_d1_s1_r9 inner=2: F1=0.7037
[2026-10-02 15:57:56] REUTILIZADO CU outer2 cfg=P_l2_b16_e6_w1_b_d1_s1_r9 inner=3: F1=0.7166
[2026-10-02 15:57:57] CU outer2 | trial 12/20 F1_inner=0.7044 | mejor=0.7044
[2026-10-02 15:57:57] CU outer2 | cfg=P_l1_b16_e6_w1_b_d1_s1_r9 | Inner 1/3
[2026-10-02 15:58:13] CU outer2 cfg=P_l1_b16_e6_w1_b_d1_s1_r9 Inner 1: F1=0.6667
[2026-10-02 15:58:13] CU outer2 | cfg=P_l1_b16_e6_w1_b_d1_s1_r9 | Inner 2/3
[2026-10-02 15:58:30] CU outer2 cfg=P_l1_b16_e6_w1_b_d1_s1_r9 Inner 2: F1=0.6960
[2026-10-02 15:58:30] CU outer2 | cfg=P_l1_b16_e6_w1_b_d1_s1_r9 | Inner 3/3
[2026-10-02 15:58:45] CU outer2 cfg=P_l1_b16_e6_w1_b_d1_s1_r9 Inner 3: F1=0.6828
[2026-10-02 15:58:45] CU outer2 | trial 13/20 F1_inner=0.6818 | mejor=0.7044
[2026-10-02 15:58:45] CU outer2 | cfg=P_l2_b16_e6_w10_b_d1_s1_r9 | Inner 1/3
[2026-10-02 15:59:02] CU outer2 cfg=P_l2_b16_e6_w10_b_d1_s1_r9 Inner 1: F1=0.6942
[2026-10-02 15:59:02] CU outer2 | cfg=P_l2_b16_e6_w10_b_d1_s1_r9 | Inner 2/3
[2026-10-02 15:59:19] CU outer2 cfg=P_l2_b16_e6_w10_b_d1_s1_r9 Inner 2: F1=0.7066
[2026-10-02 15:59:19] CU outer2 | cfg=P_l2_b16_e6_w10_b_d1_s1_r9 | Inner 3/3
[2026-10-02 15:59:35] CU outer2 cfg=P_l2_b16_e6_w10_b_d1_s1_r9 Inner 3: F1=0.7166
[2026-10-02 15:59:36] CU outer2 | trial 14/20 F1_inner=0.7058 | mejor=0.7058
[2026-10-02 15:59:36] REUTILIZADO CU outer2 cfg=P_l2_b16_e6_w10_b_d1_s1_r9 inner=1: F1=0.6942
[2026-10-02 15:59:36] REUTILIZADO CU outer2 cfg=P_l2_b16_e6_w10_b_d1_s1_r9 inner=2: F1=0.7066
[2026-10-02 15:59:36] REUTILIZADO CU outer2 cfg=P_l2_b16_e6_w10_b_d1_s1_r9 inner=3: F1=0.7166
[2026-10-02 15:59:36] CU outer2 | trial 15/20 F1_inner=0.7058 | mejor=0.7058
[2026-10-02 15:59:36] CU outer2 | cfg=P_l2_b16_e6_w10_b_d3_s1_r9 | Inner 1/3
[2026-10-02 15:59:52] CU outer2 cfg=P_l2_b16_e6_w10_b_d3_s1_r9 Inner 1: F1=0.6915
[2026-10-02 15:59:52] CU outer2 | cfg=P_l2_b16_e6_w10_b_d3_s1_r9 | Inner 2/3
[2026-10-02 16:00:09] CU outer2 cfg=P_l2_b16_e6_w10_b_d3_s1_r9 Inner 2: F1=0.7143
[2026-10-02 16:00:09] CU outer2 | cfg=P_l2_b16_e6_w10_b_d3_s1_r9 | Inner 3/3
[2026-10-02 16:00:26] CU outer2 cfg=P_l2_b16_e6_w10_b_d3_s1_r9 Inner 3: F1=0.7043
[2026-10-02 16:00:26] CU outer2 | trial 16/20 F1_inner=0.7034 | mejor=0.7058
[2026-10-02 16:00:26] REUTILIZADO CU outer2 cfg=P_l2_b16_e6_w10_b_d1_s1_r9 inner=1: F1=0.6942
[2026-10-02 16:00:26] REUTILIZADO CU outer2 cfg=P_l2_b16_e6_w10_b_d1_s1_r9 inner=2: F1=0.7066
[2026-10-02 16:00:26] REUTILIZADO CU outer2 cfg=P_l2_b16_e6_w10_b_d1_s1_r9 inner=3: F1=0.7166
[2026-10-02 16:00:26] CU outer2 | trial 17/20 F1_inner=0.7058 | mejor=0.7058
[2026-10-02 16:00:26] CU outer2 | cfg=P_l1_b16_e6_w10_b_d1_s1_r9 | Inner 1/3
[2026-10-02 16:00:43] CU outer2 cfg=P_l1_b16_e6_w10_b_d1_s1_r9 Inner 1: F1=0.6667
[2026-10-02 16:00:43] CU outer2 | cfg=P_l1_b16_e6_w10_b_d1_s1_r9 | Inner 2/3
[2026-10-02 16:01:00] CU outer2 cfg=P_l1_b16_e6_w10_b_d1_s1_r9 Inner 2: F1=0.6940
[2026-10-02 16:01:00] CU outer2 | cfg=P_l1_b16_e6_w10_b_d1_s1_r9 | Inner 3/3
[2026-10-02 16:01:15] CU outer2 cfg=P_l1_b16_e6_w10_b_d1_s1_r9 Inner 3: F1=0.6817
[2026-10-02 16:01:15] CU outer2 | trial 18/20 F1_inner=0.6808 | mejor=0.7058
[2026-10-02 16:01:15] CU outer2 | cfg=P_l1_b16_e4_w10_s_d1_s1_r9 | Inner 1/3
[2026-10-02 16:01:27] CU outer2 cfg=P_l1_b16_e4_w10_s_d1_s1_r9 Inner 1: F1=0.6638
[2026-10-02 16:01:27] CU outer2 | cfg=P_l1_b16_e4_w10_s_d1_s1_r9 | Inner 2/3
[2026-10-02 16:01:38] CU outer2 cfg=P_l1_b16_e4_w10_s_d1_s1_r9 Inner 2: F1=0.6212
[2026-10-02 16:01:38] CU outer2 | cfg=P_l1_b16_e4_w10_s_d1_s1_r9 | Inner 3/3
[2026-10-02 16:01:50] CU outer2 cfg=P_l1_b16_e4_w10_s_d1_s1_r9 Inner 3: F1=0.6208
[2026-10-02 16:01:50] CU outer2 | trial 19/20 F1_inner=0.6353 | mejor=0.7058
[2026-10-02 16:01:50] CU outer2 | cfg=P_l2_b16_e4_w10_b_d1_s1_r9 | Inner 1/3
[2026-10-02 16:02:02] CU outer2 cfg=P_l2_b16_e4_w10_b_d1_s1_r9 Inner 1: F1=0.6836
[2026-10-02 16:02:02] CU outer2 | cfg=P_l2_b16_e4_w10_b_d1_s1_r9 | Inner 2/3
[2026-10-02 16:02:13] CU outer2 cfg=P_l2_b16_e4_w10_b_d1_s1_r9 Inner 2: F1=0.7053
[2026-10-02 16:02:13] CU outer2 | cfg=P_l2_b16_e4_w10_b_d1_s1_r9 | Inner 3/3
[2026-10-02 16:02:24] CU outer2 cfg=P_l2_b16_e4_w10_b_d1_s1_r9 Inner 3: F1=0.7073
[2026-10-02 16:02:25] CU outer2 | trial 20/20 F1_inner=0.6987 | mejor=0.7058
[2026-10-02 16:02:25] CU Outer 2: refit PYSENTIMIENTO, 6 épocas
[2026-10-02 16:02:52] CU Outer 2 refit: F1_train=0.9368, F1_outer=0.6826
[2026-10-02 16:02:52] [CU][DistilBETO][Outer 2/5] FINALIZADO | prep=PYSENTIMIENTO | F1_inner=0.7058±0.0112 | F1_train=0.9368 | F1_outer=0.6826 | gap=0.2541
[2026-10-02 16:02:52] CU | Outer 3/5
[2026-10-02 16:02:53] CU outer3 | cfg=P_l1_b16_e4_w10_b_d3_s1_r9 | Inner 1/3
[2026-10-02 16:03:04] CU outer3 cfg=P_l1_b16_e4_w10_b_d3_s1_r9 Inner 1: F1=0.6639
[2026-10-02 16:03:04] CU outer3 | cfg=P_l1_b16_e4_w10_b_d3_s1_r9 | Inner 2/3
[2026-10-02 16:03:16] CU outer3 cfg=P_l1_b16_e4_w10_b_d3_s1_r9 Inner 2: F1=0.6630
[2026-10-02 16:03:16] CU outer3 | cfg=P_l1_b16_e4_w10_b_d3_s1_r9 | Inner 3/3
[2026-10-02 16:03:28] CU outer3 cfg=P_l1_b16_e4_w10_b_d3_s1_r9 Inner 3: F1=0.6500
[2026-10-02 16:03:28] CU outer3 | trial 1/20 F1_inner=0.6590 | mejor=0.6590
[2026-10-02 16:03:28] CU outer3 | cfg=P_l2_b16_e6_w10_s_d2_s1_r9 | Inner 1/3
[2026-10-02 16:03:45] CU outer3 cfg=P_l2_b16_e6_w10_s_d2_s1_r9 Inner 1: F1=0.7176
[2026-10-02 16:03:45] CU outer3 | cfg=P_l2_b16_e6_w10_s_d2_s1_r9 | Inner 2/3
[2026-10-02 16:04:01] CU outer3 cfg=P_l2_b16_e6_w10_s_d2_s1_r9 Inner 2: F1=0.6940
[2026-10-02 16:04:01] CU outer3 | cfg=P_l2_b16_e6_w10_s_d2_s1_r9 | Inner 3/3
[2026-10-02 16:04:18] CU outer3 cfg=P_l2_b16_e6_w10_s_d2_s1_r9 Inner 3: F1=0.6948
[2026-10-02 16:04:18] CU outer3 | trial 2/20 F1_inner=0.7021 | mejor=0.7021
[2026-10-02 16:04:18] CU outer3 | cfg=P_l2_b16_e6_w1_s_d1_s1_r9 | Inner 1/3
[2026-10-02 16:04:35] CU outer3 cfg=P_l2_b16_e6_w1_s_d1_s1_r9 Inner 1: F1=0.7218
[2026-10-02 16:04:35] CU outer3 | cfg=P_l2_b16_e6_w1_s_d1_s1_r9 | Inner 2/3
[2026-10-02 16:04:46] CU outer3 cfg=P_l2_b16_e6_w1_s_d1_s1_r9 Inner 2: F1=0.6922
[2026-10-02 16:04:46] CU outer3 | cfg=P_l2_b16_e6_w1_s_d1_s1_r9 | Inner 3/3
[2026-10-02 16:05:02] CU outer3 cfg=P_l2_b16_e6_w1_s_d1_s1_r9 Inner 3: F1=0.6957
[2026-10-02 16:05:03] CU outer3 | trial 3/20 F1_inner=0.7032 | mejor=0.7032
[2026-10-02 16:05:03] CU outer3 | cfg=P_l2_b16_e6_w1_b_d2_s1_r9 | Inner 1/3
[2026-10-02 16:05:19] CU outer3 cfg=P_l2_b16_e6_w1_b_d2_s1_r9 Inner 1: F1=0.7235
[2026-10-02 16:05:19] CU outer3 | cfg=P_l2_b16_e6_w1_b_d2_s1_r9 | Inner 2/3
[2026-10-02 16:05:34] CU outer3 cfg=P_l2_b16_e6_w1_b_d2_s1_r9 Inner 2: F1=0.7002
[2026-10-02 16:05:34] CU outer3 | cfg=P_l2_b16_e6_w1_b_d2_s1_r9 | Inner 3/3
[2026-10-02 16:05:50] CU outer3 cfg=P_l2_b16_e6_w1_b_d2_s1_r9 Inner 3: F1=0.6976
[2026-10-02 16:05:51] CU outer3 | trial 4/20 F1_inner=0.7071 | mejor=0.7071
[2026-10-02 16:05:51] CU outer3 | cfg=P_l2_b16_e4_w1_s_d1_s1_r9 | Inner 1/3
[2026-10-02 16:06:03] CU outer3 cfg=P_l2_b16_e4_w1_s_d1_s1_r9 Inner 1: F1=0.7159
[2026-10-02 16:06:03] CU outer3 | cfg=P_l2_b16_e4_w1_s_d1_s1_r9 | Inner 2/3
[2026-10-02 16:06:15] CU outer3 cfg=P_l2_b16_e4_w1_s_d1_s1_r9 Inner 2: F1=0.6897
[2026-10-02 16:06:15] CU outer3 | cfg=P_l2_b16_e4_w1_s_d1_s1_r9 | Inner 3/3
[2026-10-02 16:06:26] CU outer3 cfg=P_l2_b16_e4_w1_s_d1_s1_r9 Inner 3: F1=0.6777
[2026-10-02 16:06:27] CU outer3 | trial 5/20 F1_inner=0.6944 | mejor=0.7071
[2026-10-02 16:06:27] CU outer3 | cfg=P_l2_b16_e6_w1_b_d3_s1_r9 | Inner 1/3
[2026-10-02 16:06:43] CU outer3 cfg=P_l2_b16_e6_w1_b_d3_s1_r9 Inner 1: F1=0.7181
[2026-10-02 16:06:43] CU outer3 | cfg=P_l2_b16_e6_w1_b_d3_s1_r9 | Inner 2/3
[2026-10-02 16:06:58] CU outer3 cfg=P_l2_b16_e6_w1_b_d3_s1_r9 Inner 2: F1=0.7009
[2026-10-02 16:06:58] CU outer3 | cfg=P_l2_b16_e6_w1_b_d3_s1_r9 | Inner 3/3
[2026-10-02 16:07:14] CU outer3 cfg=P_l2_b16_e6_w1_b_d3_s1_r9 Inner 3: F1=0.6925
[2026-10-02 16:07:15] CU outer3 | trial 6/20 F1_inner=0.7038 | mejor=0.7071
[2026-10-02 16:07:15] CU outer3 | cfg=P_l1_b16_e6_w1_b_d2_s1_r9 | Inner 1/3
[2026-10-02 16:07:31] CU outer3 cfg=P_l1_b16_e6_w1_b_d2_s1_r9 Inner 1: F1=0.6924
[2026-10-02 16:07:31] CU outer3 | cfg=P_l1_b16_e6_w1_b_d2_s1_r9 | Inner 2/3
[2026-10-02 16:07:43] CU outer3 cfg=P_l1_b16_e6_w1_b_d2_s1_r9 Inner 2: F1=0.6628
[2026-10-02 16:07:43] CU outer3 | cfg=P_l1_b16_e6_w1_b_d2_s1_r9 | Inner 3/3
[2026-10-02 16:08:00] CU outer3 cfg=P_l1_b16_e6_w1_b_d2_s1_r9 Inner 3: F1=0.6599
[2026-10-02 16:08:00] CU outer3 | trial 7/20 F1_inner=0.6717 | mejor=0.7071
[2026-10-02 16:08:00] REUTILIZADO CU outer3 cfg=P_l2_b16_e6_w1_b_d2_s1_r9 inner=1: F1=0.7235
[2026-10-02 16:08:00] REUTILIZADO CU outer3 cfg=P_l2_b16_e6_w1_b_d2_s1_r9 inner=2: F1=0.7002
[2026-10-02 16:08:00] REUTILIZADO CU outer3 cfg=P_l2_b16_e6_w1_b_d2_s1_r9 inner=3: F1=0.6976
[2026-10-02 16:08:01] CU outer3 | trial 8/20 F1_inner=0.7071 | mejor=0.7071
[2026-10-02 16:08:01] CU outer3 | cfg=P_l2_b16_e4_w1_b_d2_s1_r9 | Inner 1/3
[2026-10-02 16:08:12] CU outer3 cfg=P_l2_b16_e4_w1_b_d2_s1_r9 Inner 1: F1=0.6976
[2026-10-02 16:08:12] CU outer3 | cfg=P_l2_b16_e4_w1_b_d2_s1_r9 | Inner 2/3
[2026-10-02 16:08:24] CU outer3 cfg=P_l2_b16_e4_w1_b_d2_s1_r9 Inner 2: F1=0.6932
[2026-10-02 16:08:24] CU outer3 | cfg=P_l2_b16_e4_w1_b_d2_s1_r9 | Inner 3/3
[2026-10-02 16:08:35] CU outer3 cfg=P_l2_b16_e4_w1_b_d2_s1_r9 Inner 3: F1=0.6769
[2026-10-02 16:08:36] CU outer3 | trial 9/20 F1_inner=0.6892 | mejor=0.7071
[2026-10-02 16:08:36] CU outer3 | cfg=P_l2_b16_e6_w10_b_d1_s1_r9 | Inner 1/3
[2026-10-02 16:08:54] CU outer3 cfg=P_l2_b16_e6_w10_b_d1_s1_r9 Inner 1: F1=0.7210
[2026-10-02 16:08:54] CU outer3 | cfg=P_l2_b16_e6_w10_b_d1_s1_r9 | Inner 2/3
[2026-10-02 16:09:11] CU outer3 cfg=P_l2_b16_e6_w10_b_d1_s1_r9 Inner 2: F1=0.7023
[2026-10-02 16:09:11] CU outer3 | cfg=P_l2_b16_e6_w10_b_d1_s1_r9 | Inner 3/3
[2026-10-02 16:09:28] CU outer3 cfg=P_l2_b16_e6_w10_b_d1_s1_r9 Inner 3: F1=0.6968
[2026-10-02 16:09:28] CU outer3 | trial 10/20 F1_inner=0.7067 | mejor=0.7071
[2026-10-02 16:09:28] CU outer3 | cfg=P_l1_b16_e4_w10_s_d1_s1_r9 | Inner 1/3
[2026-10-02 16:09:40] CU outer3 cfg=P_l1_b16_e4_w10_s_d1_s1_r9 Inner 1: F1=0.6609
[2026-10-02 16:09:40] CU outer3 | cfg=P_l1_b16_e4_w10_s_d1_s1_r9 | Inner 2/3
[2026-10-02 16:09:52] CU outer3 cfg=P_l1_b16_e4_w10_s_d1_s1_r9 Inner 2: F1=0.6516
[2026-10-02 16:09:52] CU outer3 | cfg=P_l1_b16_e4_w10_s_d1_s1_r9 | Inner 3/3
[2026-10-02 16:10:04] CU outer3 cfg=P_l1_b16_e4_w10_s_d1_s1_r9 Inner 3: F1=0.6250
[2026-10-02 16:10:04] CU outer3 | trial 11/20 F1_inner=0.6458 | mejor=0.7071
[2026-10-02 16:10:04] REUTILIZADO CU outer3 cfg=P_l2_b16_e6_w1_b_d2_s1_r9 inner=1: F1=0.7235
[2026-10-02 16:10:04] REUTILIZADO CU outer3 cfg=P_l2_b16_e6_w1_b_d2_s1_r9 inner=2: F1=0.7002
[2026-10-02 16:10:04] REUTILIZADO CU outer3 cfg=P_l2_b16_e6_w1_b_d2_s1_r9 inner=3: F1=0.6976
[2026-10-02 16:10:04] CU outer3 | trial 12/20 F1_inner=0.7071 | mejor=0.7071
[2026-10-02 16:10:04] CU outer3 | cfg=P_l2_b16_e6_w10_b_d2_s1_r9 | Inner 1/3
[2026-10-02 16:10:21] CU outer3 cfg=P_l2_b16_e6_w10_b_d2_s1_r9 Inner 1: F1=0.7198
[2026-10-02 16:10:21] CU outer3 | cfg=P_l2_b16_e6_w10_b_d2_s1_r9 | Inner 2/3
[2026-10-02 16:10:37] CU outer3 cfg=P_l2_b16_e6_w10_b_d2_s1_r9 Inner 2: F1=0.6993
[2026-10-02 16:10:37] CU outer3 | cfg=P_l2_b16_e6_w10_b_d2_s1_r9 | Inner 3/3
[2026-10-02 16:10:55] CU outer3 cfg=P_l2_b16_e6_w10_b_d2_s1_r9 Inner 3: F1=0.6976
[2026-10-02 16:10:55] CU outer3 | trial 13/20 F1_inner=0.7056 | mejor=0.7071
[2026-10-02 16:10:55] CU outer3 | cfg=P_l2_b16_e6_w1_s_d2_s1_r9 | Inner 1/3
[2026-10-02 16:11:09] CU outer3 cfg=P_l2_b16_e6_w1_s_d2_s1_r9 Inner 1: F1=0.7205
[2026-10-02 16:11:09] CU outer3 | cfg=P_l2_b16_e6_w1_s_d2_s1_r9 | Inner 2/3
[2026-10-02 16:11:26] CU outer3 cfg=P_l2_b16_e6_w1_s_d2_s1_r9 Inner 2: F1=0.6920
[2026-10-02 16:11:26] CU outer3 | cfg=P_l2_b16_e6_w1_s_d2_s1_r9 | Inner 3/3
[2026-10-02 16:11:43] CU outer3 cfg=P_l2_b16_e6_w1_s_d2_s1_r9 Inner 3: F1=0.6954
[2026-10-02 16:11:43] CU outer3 | trial 14/20 F1_inner=0.7026 | mejor=0.7071
[2026-10-02 16:11:43] CU outer3 | cfg=P_l1_b16_e4_w1_s_d2_s1_r9 | Inner 1/3
[2026-10-02 16:11:55] CU outer3 cfg=P_l1_b16_e4_w1_s_d2_s1_r9 Inner 1: F1=0.6413
[2026-10-02 16:11:55] CU outer3 | cfg=P_l1_b16_e4_w1_s_d2_s1_r9 | Inner 2/3
[2026-10-02 16:12:06] CU outer3 cfg=P_l1_b16_e4_w1_s_d2_s1_r9 Inner 2: F1=0.6489
[2026-10-02 16:12:06] CU outer3 | cfg=P_l1_b16_e4_w1_s_d2_s1_r9 | Inner 3/3
[2026-10-02 16:12:18] CU outer3 cfg=P_l1_b16_e4_w1_s_d2_s1_r9 Inner 3: F1=0.6231
[2026-10-02 16:12:18] CU outer3 | trial 15/20 F1_inner=0.6378 | mejor=0.7071
[2026-10-02 16:12:19] CU outer3 | cfg=P_l1_b16_e6_w1_s_d3_s1_r9 | Inner 1/3
[2026-10-02 16:12:35] CU outer3 cfg=P_l1_b16_e6_w1_s_d3_s1_r9 Inner 1: F1=0.7173
[2026-10-02 16:12:35] CU outer3 | cfg=P_l1_b16_e6_w1_s_d3_s1_r9 | Inner 2/3
[2026-10-02 16:12:52] CU outer3 cfg=P_l1_b16_e6_w1_s_d3_s1_r9 Inner 2: F1=0.6781
[2026-10-02 16:12:52] CU outer3 | cfg=P_l1_b16_e6_w1_s_d3_s1_r9 | Inner 3/3
[2026-10-02 16:13:08] CU outer3 cfg=P_l1_b16_e6_w1_s_d3_s1_r9 Inner 3: F1=0.6501
[2026-10-02 16:13:09] CU outer3 | trial 16/20 F1_inner=0.6818 | mejor=0.7071
[2026-10-02 16:13:09] CU outer3 | cfg=P_l2_b16_e6_w1_b_d1_s1_r9 | Inner 1/3
[2026-10-02 16:13:26] CU outer3 cfg=P_l2_b16_e6_w1_b_d1_s1_r9 Inner 1: F1=0.7210
[2026-10-02 16:13:26] CU outer3 | cfg=P_l2_b16_e6_w1_b_d1_s1_r9 | Inner 2/3
[2026-10-02 16:13:42] CU outer3 cfg=P_l2_b16_e6_w1_b_d1_s1_r9 Inner 2: F1=0.7002
[2026-10-02 16:13:42] CU outer3 | cfg=P_l2_b16_e6_w1_b_d1_s1_r9 | Inner 3/3
[2026-10-02 16:13:59] CU outer3 cfg=P_l2_b16_e6_w1_b_d1_s1_r9 Inner 3: F1=0.6988
[2026-10-02 16:13:59] CU outer3 | trial 17/20 F1_inner=0.7067 | mejor=0.7071
[2026-10-02 16:13:59] CU outer3 | cfg=P_l2_b16_e4_w10_s_d3_s1_r9 | Inner 1/3
[2026-10-02 16:14:11] CU outer3 cfg=P_l2_b16_e4_w10_s_d3_s1_r9 Inner 1: F1=0.7174
[2026-10-02 16:14:11] CU outer3 | cfg=P_l2_b16_e4_w10_s_d3_s1_r9 | Inner 2/3
[2026-10-02 16:14:23] CU outer3 cfg=P_l2_b16_e4_w10_s_d3_s1_r9 Inner 2: F1=0.6848
[2026-10-02 16:14:23] CU outer3 | cfg=P_l2_b16_e4_w10_s_d3_s1_r9 | Inner 3/3
[2026-10-02 16:14:34] CU outer3 cfg=P_l2_b16_e4_w10_s_d3_s1_r9 Inner 3: F1=0.6758
[2026-10-02 16:14:35] CU outer3 | trial 18/20 F1_inner=0.6926 | mejor=0.7071
[2026-10-02 16:14:35] REUTILIZADO CU outer3 cfg=P_l2_b16_e6_w1_b_d2_s1_r9 inner=1: F1=0.7235
[2026-10-02 16:14:35] REUTILIZADO CU outer3 cfg=P_l2_b16_e6_w1_b_d2_s1_r9 inner=2: F1=0.7002
[2026-10-02 16:14:35] REUTILIZADO CU outer3 cfg=P_l2_b16_e6_w1_b_d2_s1_r9 inner=3: F1=0.6976
[2026-10-02 16:14:35] CU outer3 | trial 19/20 F1_inner=0.7071 | mejor=0.7071
[2026-10-02 16:14:35] CU outer3 | cfg=P_l2_b16_e4_w1_b_d3_s1_r9 | Inner 1/3
[2026-10-02 16:14:47] CU outer3 cfg=P_l2_b16_e4_w1_b_d3_s1_r9 Inner 1: F1=0.7018
[2026-10-02 16:14:47] CU outer3 | cfg=P_l2_b16_e4_w1_b_d3_s1_r9 | Inner 2/3
[2026-10-02 16:14:59] CU outer3 cfg=P_l2_b16_e4_w1_b_d3_s1_r9 Inner 2: F1=0.6912
[2026-10-02 16:14:59] CU outer3 | cfg=P_l2_b16_e4_w1_b_d3_s1_r9 | Inner 3/3
[2026-10-02 16:15:10] CU outer3 cfg=P_l2_b16_e4_w1_b_d3_s1_r9 Inner 3: F1=0.6728
[2026-10-02 16:15:11] CU outer3 | trial 20/20 F1_inner=0.6886 | mejor=0.7071
[2026-10-02 16:15:11] CU Outer 3: refit PYSENTIMIENTO, 6 épocas
[2026-10-02 16:15:39] CU Outer 3 refit: F1_train=0.9379, F1_outer=0.7132
[2026-10-02 16:15:39] [CU][DistilBETO][Outer 3/5] FINALIZADO | prep=PYSENTIMIENTO | F1_inner=0.7071±0.0143 | F1_train=0.9379 | F1_outer=0.7132 | gap=0.2247
[2026-10-02 16:15:39] CU | Outer 4/5
[2026-10-02 16:15:39] CU outer4 | cfg=P_l1_b16_e6_w10_b_d1_s1_r9 | Inner 1/3
[2026-10-02 16:15:56] CU outer4 cfg=P_l1_b16_e6_w10_b_d1_s1_r9 Inner 1: F1=0.6786
[2026-10-02 16:15:56] CU outer4 | cfg=P_l1_b16_e6_w10_b_d1_s1_r9 | Inner 2/3
[2026-10-02 16:16:12] CU outer4 cfg=P_l1_b16_e6_w10_b_d1_s1_r9 Inner 2: F1=0.6867
[2026-10-02 16:16:12] CU outer4 | cfg=P_l1_b16_e6_w10_b_d1_s1_r9 | Inner 3/3
[2026-10-02 16:16:29] CU outer4 cfg=P_l1_b16_e6_w10_b_d1_s1_r9 Inner 3: F1=0.6821
[2026-10-02 16:16:29] CU outer4 | trial 1/20 F1_inner=0.6824 | mejor=0.6824
[2026-10-02 16:16:29] CU outer4 | cfg=P_l2_b16_e6_w1_s_d1_s1_r9 | Inner 1/3
[2026-10-02 16:16:46] CU outer4 cfg=P_l2_b16_e6_w1_s_d1_s1_r9 Inner 1: F1=0.7138
[2026-10-02 16:16:46] CU outer4 | cfg=P_l2_b16_e6_w1_s_d1_s1_r9 | Inner 2/3
[2026-10-02 16:17:03] CU outer4 cfg=P_l2_b16_e6_w1_s_d1_s1_r9 Inner 2: F1=0.7115
[2026-10-02 16:17:03] CU outer4 | cfg=P_l2_b16_e6_w1_s_d1_s1_r9 | Inner 3/3
[2026-10-02 16:17:17] CU outer4 cfg=P_l2_b16_e6_w1_s_d1_s1_r9 Inner 3: F1=0.6716
[2026-10-02 16:17:17] CU outer4 | trial 2/20 F1_inner=0.6990 | mejor=0.6990
[2026-10-02 16:17:17] CU outer4 | cfg=P_l2_b16_e6_w1_b_d2_s1_r9 | Inner 1/3
[2026-10-02 16:17:33] CU outer4 cfg=P_l2_b16_e6_w1_b_d2_s1_r9 Inner 1: F1=0.7033
[2026-10-02 16:17:33] CU outer4 | cfg=P_l2_b16_e6_w1_b_d2_s1_r9 | Inner 2/3
[2026-10-02 16:17:50] CU outer4 cfg=P_l2_b16_e6_w1_b_d2_s1_r9 Inner 2: F1=0.7195
[2026-10-02 16:17:50] CU outer4 | cfg=P_l2_b16_e6_w1_b_d2_s1_r9 | Inner 3/3
[2026-10-02 16:18:06] CU outer4 cfg=P_l2_b16_e6_w1_b_d2_s1_r9 Inner 3: F1=0.7058
[2026-10-02 16:18:06] CU outer4 | trial 3/20 F1_inner=0.7095 | mejor=0.7095
[2026-10-02 16:18:07] CU outer4 | cfg=P_l1_b16_e4_w10_s_d1_s1_r9 | Inner 1/3
[2026-10-02 16:18:18] CU outer4 cfg=P_l1_b16_e4_w10_s_d1_s1_r9 Inner 1: F1=0.6391
[2026-10-02 16:18:18] CU outer4 | cfg=P_l1_b16_e4_w10_s_d1_s1_r9 | Inner 2/3
[2026-10-02 16:18:29] CU outer4 cfg=P_l1_b16_e4_w10_s_d1_s1_r9 Inner 2: F1=0.6434
[2026-10-02 16:18:29] CU outer4 | cfg=P_l1_b16_e4_w10_s_d1_s1_r9 | Inner 3/3
[2026-10-02 16:18:41] CU outer4 cfg=P_l1_b16_e4_w10_s_d1_s1_r9 Inner 3: F1=0.6355
[2026-10-02 16:18:41] CU outer4 | trial 4/20 F1_inner=0.6393 | mejor=0.7095
[2026-10-02 16:18:41] CU outer4 | cfg=P_l2_b16_e6_w10_b_d3_s1_r9 | Inner 1/3
[2026-10-02 16:18:58] CU outer4 cfg=P_l2_b16_e6_w10_b_d3_s1_r9 Inner 1: F1=0.7073
[2026-10-02 16:18:58] CU outer4 | cfg=P_l2_b16_e6_w10_b_d3_s1_r9 | Inner 2/3
[2026-10-02 16:19:14] CU outer4 cfg=P_l2_b16_e6_w10_b_d3_s1_r9 Inner 2: F1=0.7185
[2026-10-02 16:19:14] CU outer4 | cfg=P_l2_b16_e6_w10_b_d3_s1_r9 | Inner 3/3
[2026-10-02 16:19:31] CU outer4 cfg=P_l2_b16_e6_w10_b_d3_s1_r9 Inner 3: F1=0.7030
[2026-10-02 16:19:31] CU outer4 | trial 5/20 F1_inner=0.7096 | mejor=0.7096
[2026-10-02 16:19:31] REUTILIZADO CU outer4 cfg=P_l2_b16_e6_w10_b_d3_s1_r9 inner=1: F1=0.7073
[2026-10-02 16:19:31] REUTILIZADO CU outer4 cfg=P_l2_b16_e6_w10_b_d3_s1_r9 inner=2: F1=0.7185
[2026-10-02 16:19:31] REUTILIZADO CU outer4 cfg=P_l2_b16_e6_w10_b_d3_s1_r9 inner=3: F1=0.7030
[2026-10-02 16:19:31] CU outer4 | trial 6/20 F1_inner=0.7096 | mejor=0.7096
[2026-10-02 16:19:31] CU outer4 | cfg=P_l2_b16_e4_w10_s_d3_s1_r9 | Inner 1/3
[2026-10-02 16:19:43] CU outer4 cfg=P_l2_b16_e4_w10_s_d3_s1_r9 Inner 1: F1=0.6905
[2026-10-02 16:19:43] CU outer4 | cfg=P_l2_b16_e4_w10_s_d3_s1_r9 | Inner 2/3
[2026-10-02 16:19:55] CU outer4 cfg=P_l2_b16_e4_w10_s_d3_s1_r9 Inner 2: F1=0.7066
[2026-10-02 16:19:55] CU outer4 | cfg=P_l2_b16_e4_w10_s_d3_s1_r9 | Inner 3/3
[2026-10-02 16:20:07] CU outer4 cfg=P_l2_b16_e4_w10_s_d3_s1_r9 Inner 3: F1=0.6541
[2026-10-02 16:20:07] CU outer4 | trial 7/20 F1_inner=0.6837 | mejor=0.7096
[2026-10-02 16:20:07] CU outer4 | cfg=P_l1_b16_e6_w1_b_d3_s1_r9 | Inner 1/3
[2026-10-02 16:20:24] CU outer4 cfg=P_l1_b16_e6_w1_b_d3_s1_r9 Inner 1: F1=0.6733
[2026-10-02 16:20:24] CU outer4 | cfg=P_l1_b16_e6_w1_b_d3_s1_r9 | Inner 2/3
[2026-10-02 16:20:41] CU outer4 cfg=P_l1_b16_e6_w1_b_d3_s1_r9 Inner 2: F1=0.6744
[2026-10-02 16:20:41] CU outer4 | cfg=P_l1_b16_e6_w1_b_d3_s1_r9 | Inner 3/3
[2026-10-02 16:20:57] CU outer4 cfg=P_l1_b16_e6_w1_b_d3_s1_r9 Inner 3: F1=0.6814
[2026-10-02 16:20:58] CU outer4 | trial 8/20 F1_inner=0.6764 | mejor=0.7096
[2026-10-02 16:20:58] CU outer4 | cfg=P_l1_b16_e4_w10_b_d3_s1_r9 | Inner 1/3
[2026-10-02 16:21:09] CU outer4 cfg=P_l1_b16_e4_w10_b_d3_s1_r9 Inner 1: F1=0.6605
[2026-10-02 16:21:09] CU outer4 | cfg=P_l1_b16_e4_w10_b_d3_s1_r9 | Inner 2/3
[2026-10-02 16:21:21] CU outer4 cfg=P_l1_b16_e4_w10_b_d3_s1_r9 Inner 2: F1=0.6619
[2026-10-02 16:21:21] CU outer4 | cfg=P_l1_b16_e4_w10_b_d3_s1_r9 | Inner 3/3
[2026-10-02 16:21:32] CU outer4 cfg=P_l1_b16_e4_w10_b_d3_s1_r9 Inner 3: F1=0.6651
[2026-10-02 16:21:33] CU outer4 | trial 9/20 F1_inner=0.6625 | mejor=0.7096
[2026-10-02 16:21:33] CU outer4 | cfg=P_l2_b16_e4_w1_b_d3_s1_r9 | Inner 1/3
[2026-10-02 16:21:45] CU outer4 cfg=P_l2_b16_e4_w1_b_d3_s1_r9 Inner 1: F1=0.6881
[2026-10-02 16:21:45] CU outer4 | cfg=P_l2_b16_e4_w1_b_d3_s1_r9 | Inner 2/3
[2026-10-02 16:21:56] CU outer4 cfg=P_l2_b16_e4_w1_b_d3_s1_r9 Inner 2: F1=0.6872
[2026-10-02 16:21:56] CU outer4 | cfg=P_l2_b16_e4_w1_b_d3_s1_r9 | Inner 3/3
[2026-10-02 16:22:08] CU outer4 cfg=P_l2_b16_e4_w1_b_d3_s1_r9 Inner 3: F1=0.6856
[2026-10-02 16:22:08] CU outer4 | trial 10/20 F1_inner=0.6870 | mejor=0.7096
[2026-10-02 16:22:08] CU outer4 | cfg=P_l2_b16_e6_w10_s_d2_s1_r9 | Inner 1/3
[2026-10-02 16:22:25] CU outer4 cfg=P_l2_b16_e6_w10_s_d2_s1_r9 Inner 1: F1=0.7138
[2026-10-02 16:22:25] CU outer4 | cfg=P_l2_b16_e6_w10_s_d2_s1_r9 | Inner 2/3
[2026-10-02 16:22:42] CU outer4 cfg=P_l2_b16_e6_w10_s_d2_s1_r9 Inner 2: F1=0.7075
[2026-10-02 16:22:42] CU outer4 | cfg=P_l2_b16_e6_w10_s_d2_s1_r9 | Inner 3/3
[2026-10-02 16:22:56] CU outer4 cfg=P_l2_b16_e6_w10_s_d2_s1_r9 Inner 3: F1=0.6683
[2026-10-02 16:22:56] CU outer4 | trial 11/20 F1_inner=0.6965 | mejor=0.7096
[2026-10-02 16:22:56] REUTILIZADO CU outer4 cfg=P_l2_b16_e6_w10_b_d3_s1_r9 inner=1: F1=0.7073
[2026-10-02 16:22:56] REUTILIZADO CU outer4 cfg=P_l2_b16_e6_w10_b_d3_s1_r9 inner=2: F1=0.7185
[2026-10-02 16:22:56] REUTILIZADO CU outer4 cfg=P_l2_b16_e6_w10_b_d3_s1_r9 inner=3: F1=0.7030
[2026-10-02 16:22:56] CU outer4 | trial 12/20 F1_inner=0.7096 | mejor=0.7096
[2026-10-02 16:22:56] CU outer4 | cfg=P_l2_b16_e6_w10_b_d1_s1_r9 | Inner 1/3
[2026-10-02 16:23:12] CU outer4 cfg=P_l2_b16_e6_w10_b_d1_s1_r9 Inner 1: F1=0.7069
[2026-10-02 16:23:12] CU outer4 | cfg=P_l2_b16_e6_w10_b_d1_s1_r9 | Inner 2/3
[2026-10-02 16:23:28] CU outer4 cfg=P_l2_b16_e6_w10_b_d1_s1_r9 Inner 2: F1=0.7272
[2026-10-02 16:23:28] CU outer4 | cfg=P_l2_b16_e6_w10_b_d1_s1_r9 | Inner 3/3
[2026-10-02 16:23:44] CU outer4 cfg=P_l2_b16_e6_w10_b_d1_s1_r9 Inner 3: F1=0.7044
[2026-10-02 16:23:44] CU outer4 | trial 13/20 F1_inner=0.7128 | mejor=0.7128
[2026-10-02 16:23:44] REUTILIZADO CU outer4 cfg=P_l2_b16_e6_w10_b_d1_s1_r9 inner=1: F1=0.7069
[2026-10-02 16:23:44] REUTILIZADO CU outer4 cfg=P_l2_b16_e6_w10_b_d1_s1_r9 inner=2: F1=0.7272
[2026-10-02 16:23:44] REUTILIZADO CU outer4 cfg=P_l2_b16_e6_w10_b_d1_s1_r9 inner=3: F1=0.7044
[2026-10-02 16:23:45] CU outer4 | trial 14/20 F1_inner=0.7128 | mejor=0.7128
[2026-10-02 16:23:45] CU outer4 | cfg=P_l2_b16_e4_w10_b_d1_s1_r9 | Inner 1/3
[2026-10-02 16:23:56] CU outer4 cfg=P_l2_b16_e4_w10_b_d1_s1_r9 Inner 1: F1=0.6918
[2026-10-02 16:23:56] CU outer4 | cfg=P_l2_b16_e4_w10_b_d1_s1_r9 | Inner 2/3
[2026-10-02 16:24:07] CU outer4 cfg=P_l2_b16_e4_w10_b_d1_s1_r9 Inner 2: F1=0.7013
[2026-10-02 16:24:07] CU outer4 | cfg=P_l2_b16_e4_w10_b_d1_s1_r9 | Inner 3/3
[2026-10-02 16:24:18] CU outer4 cfg=P_l2_b16_e4_w10_b_d1_s1_r9 Inner 3: F1=0.6856
[2026-10-02 16:24:18] CU outer4 | trial 15/20 F1_inner=0.6929 | mejor=0.7128
[2026-10-02 16:24:18] REUTILIZADO CU outer4 cfg=P_l2_b16_e6_w10_b_d1_s1_r9 inner=1: F1=0.7069
[2026-10-02 16:24:18] REUTILIZADO CU outer4 cfg=P_l2_b16_e6_w10_b_d1_s1_r9 inner=2: F1=0.7272
[2026-10-02 16:24:18] REUTILIZADO CU outer4 cfg=P_l2_b16_e6_w10_b_d1_s1_r9 inner=3: F1=0.7044
[2026-10-02 16:24:19] CU outer4 | trial 16/20 F1_inner=0.7128 | mejor=0.7128
[2026-10-02 16:24:19] CU outer4 | cfg=P_l2_b16_e6_w1_b_d1_s1_r9 | Inner 1/3
[2026-10-02 16:24:35] CU outer4 cfg=P_l2_b16_e6_w1_b_d1_s1_r9 Inner 1: F1=0.7097
[2026-10-02 16:24:35] CU outer4 | cfg=P_l2_b16_e6_w1_b_d1_s1_r9 | Inner 2/3
[2026-10-02 16:24:51] CU outer4 cfg=P_l2_b16_e6_w1_b_d1_s1_r9 Inner 2: F1=0.7257
[2026-10-02 16:24:51] CU outer4 | cfg=P_l2_b16_e6_w1_b_d1_s1_r9 | Inner 3/3
[2026-10-02 16:25:07] CU outer4 cfg=P_l2_b16_e6_w1_b_d1_s1_r9 Inner 3: F1=0.7037
[2026-10-02 16:25:07] CU outer4 | trial 17/20 F1_inner=0.7130 | mejor=0.7130
[2026-10-02 16:25:07] REUTILIZADO CU outer4 cfg=P_l2_b16_e6_w1_b_d1_s1_r9 inner=1: F1=0.7097
[2026-10-02 16:25:07] REUTILIZADO CU outer4 cfg=P_l2_b16_e6_w1_b_d1_s1_r9 inner=2: F1=0.7257
[2026-10-02 16:25:07] REUTILIZADO CU outer4 cfg=P_l2_b16_e6_w1_b_d1_s1_r9 inner=3: F1=0.7037
[2026-10-02 16:25:07] CU outer4 | trial 18/20 F1_inner=0.7130 | mejor=0.7130
[2026-10-02 16:25:07] REUTILIZADO CU outer4 cfg=P_l2_b16_e6_w1_b_d1_s1_r9 inner=1: F1=0.7097
[2026-10-02 16:25:07] REUTILIZADO CU outer4 cfg=P_l2_b16_e6_w1_b_d1_s1_r9 inner=2: F1=0.7257
[2026-10-02 16:25:07] REUTILIZADO CU outer4 cfg=P_l2_b16_e6_w1_b_d1_s1_r9 inner=3: F1=0.7037
[2026-10-02 16:25:08] CU outer4 | trial 19/20 F1_inner=0.7130 | mejor=0.7130
[2026-10-02 16:25:08] CU outer4 | cfg=P_l1_b16_e4_w1_b_d1_s1_r9 | Inner 1/3
[2026-10-02 16:25:19] CU outer4 cfg=P_l1_b16_e4_w1_b_d1_s1_r9 Inner 1: F1=0.6658
[2026-10-02 16:25:19] CU outer4 | cfg=P_l1_b16_e4_w1_b_d1_s1_r9 | Inner 2/3
[2026-10-02 16:25:30] CU outer4 cfg=P_l1_b16_e4_w1_b_d1_s1_r9 Inner 2: F1=0.6652
[2026-10-02 16:25:30] CU outer4 | cfg=P_l1_b16_e4_w1_b_d1_s1_r9 | Inner 3/3
[2026-10-02 16:25:41] CU outer4 cfg=P_l1_b16_e4_w1_b_d1_s1_r9 Inner 3: F1=0.6677
[2026-10-02 16:25:42] CU outer4 | trial 20/20 F1_inner=0.6663 | mejor=0.7130
[2026-10-02 16:25:42] CU Outer 4: refit PYSENTIMIENTO, 5 épocas
[2026-10-02 16:26:04] CU Outer 4 refit: F1_train=0.9236, F1_outer=0.7169
[2026-10-02 16:26:04] [CU][DistilBETO][Outer 4/5] FINALIZADO | prep=PYSENTIMIENTO | F1_inner=0.7130±0.0114 | F1_train=0.9236 | F1_outer=0.7169 | gap=0.2067
[2026-10-02 16:26:04] CU | Outer 5/5
[2026-10-02 16:26:05] CU outer5 | cfg=P_l2_b16_e4_w10_s_d1_s1_r9 | Inner 1/3
[2026-10-02 16:26:16] CU outer5 cfg=P_l2_b16_e4_w10_s_d1_s1_r9 Inner 1: F1=0.7044
[2026-10-02 16:26:16] CU outer5 | cfg=P_l2_b16_e4_w10_s_d1_s1_r9 | Inner 2/3
[2026-10-02 16:26:27] CU outer5 cfg=P_l2_b16_e4_w10_s_d1_s1_r9 Inner 2: F1=0.6826
[2026-10-02 16:26:27] CU outer5 | cfg=P_l2_b16_e4_w10_s_d1_s1_r9 | Inner 3/3
[2026-10-02 16:26:38] CU outer5 cfg=P_l2_b16_e4_w10_s_d1_s1_r9 Inner 3: F1=0.7091
[2026-10-02 16:26:38] CU outer5 | trial 1/20 F1_inner=0.6987 | mejor=0.6987
[2026-10-02 16:26:38] CU outer5 | cfg=P_l2_b16_e6_w1_s_d2_s1_r9 | Inner 1/3
[2026-10-02 16:26:52] CU outer5 cfg=P_l2_b16_e6_w1_s_d2_s1_r9 Inner 1: F1=0.6974
[2026-10-02 16:26:52] CU outer5 | cfg=P_l2_b16_e6_w1_s_d2_s1_r9 | Inner 2/3
[2026-10-02 16:27:08] CU outer5 cfg=P_l2_b16_e6_w1_s_d2_s1_r9 Inner 2: F1=0.6948
[2026-10-02 16:27:08] CU outer5 | cfg=P_l2_b16_e6_w1_s_d2_s1_r9 | Inner 3/3
[2026-10-02 16:27:22] CU outer5 cfg=P_l2_b16_e6_w1_s_d2_s1_r9 Inner 3: F1=0.7050
[2026-10-02 16:27:22] CU outer5 | trial 2/20 F1_inner=0.6990 | mejor=0.6990
[2026-10-02 16:27:22] CU outer5 | cfg=P_l1_b16_e4_w10_s_d1_s1_r9 | Inner 1/3
[2026-10-02 16:27:33] CU outer5 cfg=P_l1_b16_e4_w10_s_d1_s1_r9 Inner 1: F1=0.6446
[2026-10-02 16:27:33] CU outer5 | cfg=P_l1_b16_e4_w10_s_d1_s1_r9 | Inner 2/3
[2026-10-02 16:27:45] CU outer5 cfg=P_l1_b16_e4_w10_s_d1_s1_r9 Inner 2: F1=0.6556
[2026-10-02 16:27:45] CU outer5 | cfg=P_l1_b16_e4_w10_s_d1_s1_r9 | Inner 3/3
[2026-10-02 16:27:56] CU outer5 cfg=P_l1_b16_e4_w10_s_d1_s1_r9 Inner 3: F1=0.6719
[2026-10-02 16:27:56] CU outer5 | trial 3/20 F1_inner=0.6574 | mejor=0.6990
[2026-10-02 16:27:56] CU outer5 | cfg=P_l1_b16_e4_w10_b_d3_s1_r9 | Inner 1/3
[2026-10-02 16:28:07] CU outer5 cfg=P_l1_b16_e4_w10_b_d3_s1_r9 Inner 1: F1=0.6353
[2026-10-02 16:28:07] CU outer5 | cfg=P_l1_b16_e4_w10_b_d3_s1_r9 | Inner 2/3
[2026-10-02 16:28:19] CU outer5 cfg=P_l1_b16_e4_w10_b_d3_s1_r9 Inner 2: F1=0.6731
[2026-10-02 16:28:19] CU outer5 | cfg=P_l1_b16_e4_w10_b_d3_s1_r9 | Inner 3/3
[2026-10-02 16:28:30] CU outer5 cfg=P_l1_b16_e4_w10_b_d3_s1_r9 Inner 3: F1=0.6527
[2026-10-02 16:28:30] CU outer5 | trial 4/20 F1_inner=0.6537 | mejor=0.6990
[2026-10-02 16:28:30] CU outer5 | cfg=P_l2_b16_e6_w10_s_d2_s1_r9 | Inner 1/3
[2026-10-02 16:28:44] CU outer5 cfg=P_l2_b16_e6_w10_s_d2_s1_r9 Inner 1: F1=0.6938
[2026-10-02 16:28:44] CU outer5 | cfg=P_l2_b16_e6_w10_s_d2_s1_r9 | Inner 2/3
[2026-10-02 16:28:59] CU outer5 cfg=P_l2_b16_e6_w10_s_d2_s1_r9 Inner 2: F1=0.6956
[2026-10-02 16:28:59] CU outer5 | cfg=P_l2_b16_e6_w10_s_d2_s1_r9 | Inner 3/3
[2026-10-02 16:29:13] CU outer5 cfg=P_l2_b16_e6_w10_s_d2_s1_r9 Inner 3: F1=0.7064
[2026-10-02 16:29:13] CU outer5 | trial 5/20 F1_inner=0.6986 | mejor=0.6990
[2026-10-02 16:29:13] CU outer5 | cfg=P_l2_b16_e6_w1_b_d2_s1_r9 | Inner 1/3
[2026-10-02 16:29:29] CU outer5 cfg=P_l2_b16_e6_w1_b_d2_s1_r9 Inner 1: F1=0.7124
[2026-10-02 16:29:29] CU outer5 | cfg=P_l2_b16_e6_w1_b_d2_s1_r9 | Inner 2/3
[2026-10-02 16:29:45] CU outer5 cfg=P_l2_b16_e6_w1_b_d2_s1_r9 Inner 2: F1=0.6928
[2026-10-02 16:29:45] CU outer5 | cfg=P_l2_b16_e6_w1_b_d2_s1_r9 | Inner 3/3
[2026-10-02 16:29:57] CU outer5 cfg=P_l2_b16_e6_w1_b_d2_s1_r9 Inner 3: F1=0.6981
[2026-10-02 16:29:57] CU outer5 | trial 6/20 F1_inner=0.7011 | mejor=0.7011
[2026-10-02 16:29:57] CU outer5 | cfg=P_l2_b16_e6_w1_b_d3_s1_r9 | Inner 1/3
[2026-10-02 16:30:14] CU outer5 cfg=P_l2_b16_e6_w1_b_d3_s1_r9 Inner 1: F1=0.7138
[2026-10-02 16:30:14] CU outer5 | cfg=P_l2_b16_e6_w1_b_d3_s1_r9 | Inner 2/3
[2026-10-02 16:30:29] CU outer5 cfg=P_l2_b16_e6_w1_b_d3_s1_r9 Inner 2: F1=0.6904
[2026-10-02 16:30:29] CU outer5 | cfg=P_l2_b16_e6_w1_b_d3_s1_r9 | Inner 3/3
[2026-10-02 16:30:41] CU outer5 cfg=P_l2_b16_e6_w1_b_d3_s1_r9 Inner 3: F1=0.6953
[2026-10-02 16:30:41] CU outer5 | trial 7/20 F1_inner=0.6998 | mejor=0.7011
[2026-10-02 16:30:42] CU outer5 | cfg=P_l1_b16_e6_w1_b_d2_s1_r9 | Inner 1/3
[2026-10-02 16:30:58] CU outer5 cfg=P_l1_b16_e6_w1_b_d2_s1_r9 Inner 1: F1=0.6703
[2026-10-02 16:30:58] CU outer5 | cfg=P_l1_b16_e6_w1_b_d2_s1_r9 | Inner 2/3
[2026-10-02 16:31:14] CU outer5 cfg=P_l1_b16_e6_w1_b_d2_s1_r9 Inner 2: F1=0.6918
[2026-10-02 16:31:14] CU outer5 | cfg=P_l1_b16_e6_w1_b_d2_s1_r9 | Inner 3/3
[2026-10-02 16:31:30] CU outer5 cfg=P_l1_b16_e6_w1_b_d2_s1_r9 Inner 3: F1=0.6665
[2026-10-02 16:31:31] CU outer5 | trial 8/20 F1_inner=0.6762 | mejor=0.7011
[2026-10-02 16:31:31] CU outer5 | cfg=P_l2_b16_e4_w1_b_d2_s1_r9 | Inner 1/3
[2026-10-02 16:31:42] CU outer5 cfg=P_l2_b16_e4_w1_b_d2_s1_r9 Inner 1: F1=0.6890
[2026-10-02 16:31:42] CU outer5 | cfg=P_l2_b16_e4_w1_b_d2_s1_r9 | Inner 2/3
[2026-10-02 16:31:53] CU outer5 cfg=P_l2_b16_e4_w1_b_d2_s1_r9 Inner 2: F1=0.6902
[2026-10-02 16:31:53] CU outer5 | cfg=P_l2_b16_e4_w1_b_d2_s1_r9 | Inner 3/3
[2026-10-02 16:32:05] CU outer5 cfg=P_l2_b16_e4_w1_b_d2_s1_r9 Inner 3: F1=0.6837
[2026-10-02 16:32:05] CU outer5 | trial 9/20 F1_inner=0.6876 | mejor=0.7011
[2026-10-02 16:32:05] CU outer5 | cfg=P_l2_b16_e6_w10_b_d1_s1_r9 | Inner 1/3
[2026-10-02 16:32:21] CU outer5 cfg=P_l2_b16_e6_w10_b_d1_s1_r9 Inner 1: F1=0.7135
[2026-10-02 16:32:21] CU outer5 | cfg=P_l2_b16_e6_w10_b_d1_s1_r9 | Inner 2/3
[2026-10-02 16:32:35] CU outer5 cfg=P_l2_b16_e6_w10_b_d1_s1_r9 Inner 2: F1=0.6960
[2026-10-02 16:32:35] CU outer5 | cfg=P_l2_b16_e6_w10_b_d1_s1_r9 | Inner 3/3
[2026-10-02 16:32:46] CU outer5 cfg=P_l2_b16_e6_w10_b_d1_s1_r9 Inner 3: F1=0.6935
[2026-10-02 16:32:46] CU outer5 | trial 10/20 F1_inner=0.7010 | mejor=0.7011
[2026-10-02 16:32:46] REUTILIZADO CU outer5 cfg=P_l2_b16_e6_w1_b_d2_s1_r9 inner=1: F1=0.7124
[2026-10-02 16:32:46] REUTILIZADO CU outer5 cfg=P_l2_b16_e6_w1_b_d2_s1_r9 inner=2: F1=0.6928
[2026-10-02 16:32:46] REUTILIZADO CU outer5 cfg=P_l2_b16_e6_w1_b_d2_s1_r9 inner=3: F1=0.6981
[2026-10-02 16:32:46] CU outer5 | trial 11/20 F1_inner=0.7011 | mejor=0.7011
[2026-10-02 16:32:46] REUTILIZADO CU outer5 cfg=P_l2_b16_e6_w1_b_d2_s1_r9 inner=1: F1=0.7124
[2026-10-02 16:32:46] REUTILIZADO CU outer5 cfg=P_l2_b16_e6_w1_b_d2_s1_r9 inner=2: F1=0.6928
[2026-10-02 16:32:46] REUTILIZADO CU outer5 cfg=P_l2_b16_e6_w1_b_d2_s1_r9 inner=3: F1=0.6981
[2026-10-02 16:32:47] CU outer5 | trial 12/20 F1_inner=0.7011 | mejor=0.7011
[2026-10-02 16:32:47] CU outer5 | cfg=P_l2_b16_e6_w1_b_d1_s1_r9 | Inner 1/3
[2026-10-02 16:33:03] CU outer5 cfg=P_l2_b16_e6_w1_b_d1_s1_r9 Inner 1: F1=0.7097
[2026-10-02 16:33:03] CU outer5 | cfg=P_l2_b16_e6_w1_b_d1_s1_r9 | Inner 2/3
[2026-10-02 16:33:17] CU outer5 cfg=P_l2_b16_e6_w1_b_d1_s1_r9 Inner 2: F1=0.6974
[2026-10-02 16:33:17] CU outer5 | cfg=P_l2_b16_e6_w1_b_d1_s1_r9 | Inner 3/3
[2026-10-02 16:33:28] CU outer5 cfg=P_l2_b16_e6_w1_b_d1_s1_r9 Inner 3: F1=0.6935
[2026-10-02 16:33:29] CU outer5 | trial 13/20 F1_inner=0.7002 | mejor=0.7011
[2026-10-02 16:33:29] CU outer5 | cfg=P_l2_b16_e6_w10_b_d2_s1_r9 | Inner 1/3
[2026-10-02 16:33:45] CU outer5 cfg=P_l2_b16_e6_w10_b_d2_s1_r9 Inner 1: F1=0.7115
[2026-10-02 16:33:45] CU outer5 | cfg=P_l2_b16_e6_w10_b_d2_s1_r9 | Inner 2/3
[2026-10-02 16:34:01] CU outer5 cfg=P_l2_b16_e6_w10_b_d2_s1_r9 Inner 2: F1=0.6928
[2026-10-02 16:34:01] CU outer5 | cfg=P_l2_b16_e6_w10_b_d2_s1_r9 | Inner 3/3
[2026-10-02 16:34:12] CU outer5 cfg=P_l2_b16_e6_w10_b_d2_s1_r9 Inner 3: F1=0.6958
[2026-10-02 16:34:12] CU outer5 | trial 14/20 F1_inner=0.7001 | mejor=0.7011
[2026-10-02 16:34:12] REUTILIZADO CU outer5 cfg=P_l2_b16_e6_w1_b_d2_s1_r9 inner=1: F1=0.7124
[2026-10-02 16:34:12] REUTILIZADO CU outer5 cfg=P_l2_b16_e6_w1_b_d2_s1_r9 inner=2: F1=0.6928
[2026-10-02 16:34:12] REUTILIZADO CU outer5 cfg=P_l2_b16_e6_w1_b_d2_s1_r9 inner=3: F1=0.6981
[2026-10-02 16:34:13] CU outer5 | trial 15/20 F1_inner=0.7011 | mejor=0.7011
[2026-10-02 16:34:13] CU outer5 | cfg=P_l1_b16_e6_w1_s_d2_s1_r9 | Inner 1/3
[2026-10-02 16:34:28] CU outer5 cfg=P_l1_b16_e6_w1_s_d2_s1_r9 Inner 1: F1=0.6543
[2026-10-02 16:34:28] CU outer5 | cfg=P_l1_b16_e6_w1_s_d2_s1_r9 | Inner 2/3
[2026-10-02 16:34:44] CU outer5 cfg=P_l1_b16_e6_w1_s_d2_s1_r9 Inner 2: F1=0.6740
[2026-10-02 16:34:44] CU outer5 | cfg=P_l1_b16_e6_w1_s_d2_s1_r9 | Inner 3/3
[2026-10-02 16:35:01] CU outer5 cfg=P_l1_b16_e6_w1_s_d2_s1_r9 Inner 3: F1=0.7025
[2026-10-02 16:35:01] CU outer5 | trial 16/20 F1_inner=0.6769 | mejor=0.7011
[2026-10-02 16:35:01] CU outer5 | cfg=P_l2_b16_e4_w1_b_d3_s1_r9 | Inner 1/3
[2026-10-02 16:35:12] CU outer5 cfg=P_l2_b16_e4_w1_b_d3_s1_r9 Inner 1: F1=0.6856
[2026-10-02 16:35:12] CU outer5 | cfg=P_l2_b16_e4_w1_b_d3_s1_r9 | Inner 2/3
[2026-10-02 16:35:24] CU outer5 cfg=P_l2_b16_e4_w1_b_d3_s1_r9 Inner 2: F1=0.6895
[2026-10-02 16:35:24] CU outer5 | cfg=P_l2_b16_e4_w1_b_d3_s1_r9 | Inner 3/3
[2026-10-02 16:35:36] CU outer5 cfg=P_l2_b16_e4_w1_b_d3_s1_r9 Inner 3: F1=0.6817
[2026-10-02 16:35:36] CU outer5 | trial 17/20 F1_inner=0.6856 | mejor=0.7011
[2026-10-02 16:35:36] CU outer5 | cfg=P_l1_b16_e6_w1_b_d1_s1_r9 | Inner 1/3
[2026-10-02 16:35:52] CU outer5 cfg=P_l1_b16_e6_w1_b_d1_s1_r9 Inner 1: F1=0.6711
[2026-10-02 16:35:52] CU outer5 | cfg=P_l1_b16_e6_w1_b_d1_s1_r9 | Inner 2/3
[2026-10-02 16:36:08] CU outer5 cfg=P_l1_b16_e6_w1_b_d1_s1_r9 Inner 2: F1=0.6890
[2026-10-02 16:36:08] CU outer5 | cfg=P_l1_b16_e6_w1_b_d1_s1_r9 | Inner 3/3
[2026-10-02 16:36:24] CU outer5 cfg=P_l1_b16_e6_w1_b_d1_s1_r9 Inner 3: F1=0.6677
[2026-10-02 16:36:24] CU outer5 | trial 18/20 F1_inner=0.6759 | mejor=0.7011
[2026-10-02 16:36:24] CU outer5 | cfg=P_l2_b16_e6_w1_s_d1_s1_r9 | Inner 1/3
[2026-10-02 16:36:38] CU outer5 cfg=P_l2_b16_e6_w1_s_d1_s1_r9 Inner 1: F1=0.6988
[2026-10-02 16:36:38] CU outer5 | cfg=P_l2_b16_e6_w1_s_d1_s1_r9 | Inner 2/3
[2026-10-02 16:36:54] CU outer5 cfg=P_l2_b16_e6_w1_s_d1_s1_r9 Inner 2: F1=0.7027
[2026-10-02 16:36:54] CU outer5 | cfg=P_l2_b16_e6_w1_s_d1_s1_r9 | Inner 3/3
[2026-10-02 16:37:10] CU outer5 cfg=P_l2_b16_e6_w1_s_d1_s1_r9 Inner 3: F1=0.7075
[2026-10-02 16:37:11] CU outer5 | trial 19/20 F1_inner=0.7030 | mejor=0.7030
[2026-10-02 16:37:11] REUTILIZADO CU outer5 cfg=P_l2_b16_e6_w1_s_d1_s1_r9 inner=1: F1=0.6988
[2026-10-02 16:37:11] REUTILIZADO CU outer5 cfg=P_l2_b16_e6_w1_s_d1_s1_r9 inner=2: F1=0.7027
[2026-10-02 16:37:11] REUTILIZADO CU outer5 cfg=P_l2_b16_e6_w1_s_d1_s1_r9 inner=3: F1=0.7075
[2026-10-02 16:37:11] CU outer5 | trial 20/20 F1_inner=0.7030 | mejor=0.7030
[2026-10-02 16:37:11] CU Outer 5: refit PYSENTIMIENTO, 6 épocas
[2026-10-02 16:37:37] CU Outer 5 refit: F1_train=0.9189, F1_outer=0.6937
[2026-10-02 16:37:38] [CU][DistilBETO][Outer 5/5] FINALIZADO | prep=PYSENTIMIENTO | F1_inner=0.7030±0.0044 | F1_train=0.9189 | F1_outer=0.6937 | gap=0.2253
[2026-10-02 16:37:38] FINALIZADO: Nested CV completado (MX, ES, CU) (915/915 contados)
[2026-10-02 16:37:39] MX | Optimización final
[2026-10-02 16:37:40] MX final | cfg=P_l2_b16_e4_w1_b_d2_s1_r9 | Inner 1/3
[2026-10-02 16:37:54] MX final cfg=P_l2_b16_e4_w1_b_d2_s1_r9 Inner 1: F1=0.6505
[2026-10-02 16:37:54] MX final | cfg=P_l2_b16_e4_w1_b_d2_s1_r9 | Inner 2/3
[2026-10-02 16:38:05] MX final cfg=P_l2_b16_e4_w1_b_d2_s1_r9 Inner 2: F1=0.6281
[2026-10-02 16:38:05] MX final | cfg=P_l2_b16_e4_w1_b_d2_s1_r9 | Inner 3/3
[2026-10-02 16:38:18] MX final cfg=P_l2_b16_e4_w1_b_d2_s1_r9 Inner 3: F1=0.6823
[2026-10-02 16:38:18] MX final | trial 1/20 F1_inner=0.6536 | mejor=0.6536
[2026-10-02 16:38:18] MX final | cfg=P_l1_b16_e4_w10_s_d2_s1_r9 | Inner 1/3
[2026-10-02 16:38:32] MX final cfg=P_l1_b16_e4_w10_s_d2_s1_r9 Inner 1: F1=0.5437
[2026-10-02 16:38:32] MX final | cfg=P_l1_b16_e4_w10_s_d2_s1_r9 | Inner 2/3
[2026-10-02 16:38:46] MX final cfg=P_l1_b16_e4_w10_s_d2_s1_r9 Inner 2: F1=0.5858
[2026-10-02 16:38:46] MX final | cfg=P_l1_b16_e4_w10_s_d2_s1_r9 | Inner 3/3
[2026-10-02 16:39:00] MX final cfg=P_l1_b16_e4_w10_s_d2_s1_r9 Inner 3: F1=0.5627
[2026-10-02 16:39:00] MX final | trial 2/20 F1_inner=0.5641 | mejor=0.6536
[2026-10-02 16:39:00] MX final | cfg=P_l2_b16_e6_w10_s_d1_s1_r9 | Inner 1/3
[2026-10-02 16:39:21] MX final cfg=P_l2_b16_e6_w10_s_d1_s1_r9 Inner 1: F1=0.6500
[2026-10-02 16:39:21] MX final | cfg=P_l2_b16_e6_w10_s_d1_s1_r9 | Inner 2/3
[2026-10-02 16:39:34] MX final cfg=P_l2_b16_e6_w10_s_d1_s1_r9 Inner 2: F1=0.6503
[2026-10-02 16:39:34] MX final | cfg=P_l2_b16_e6_w10_s_d1_s1_r9 | Inner 3/3
[2026-10-02 16:39:54] MX final cfg=P_l2_b16_e6_w10_s_d1_s1_r9 Inner 3: F1=0.6781
[2026-10-02 16:39:54] MX final | trial 3/20 F1_inner=0.6594 | mejor=0.6594
[2026-10-02 16:39:55] MX final | cfg=P_l2_b16_e4_w10_s_d3_s1_r9 | Inner 1/3
[2026-10-02 16:40:08] MX final cfg=P_l2_b16_e4_w10_s_d3_s1_r9 Inner 1: F1=0.6025
[2026-10-02 16:40:08] MX final | cfg=P_l2_b16_e4_w10_s_d3_s1_r9 | Inner 2/3
[2026-10-02 16:40:22] MX final cfg=P_l2_b16_e4_w10_s_d3_s1_r9 Inner 2: F1=0.6433
[2026-10-02 16:40:22] MX final | cfg=P_l2_b16_e4_w10_s_d3_s1_r9 | Inner 3/3
[2026-10-02 16:40:36] MX final cfg=P_l2_b16_e4_w10_s_d3_s1_r9 Inner 3: F1=0.6514
[2026-10-02 16:40:36] MX final | trial 4/20 F1_inner=0.6324 | mejor=0.6594
[2026-10-02 16:40:36] MX final | cfg=P_l2_b16_e6_w1_s_d1_s1_r9 | Inner 1/3
[2026-10-02 16:40:56] MX final cfg=P_l2_b16_e6_w1_s_d1_s1_r9 Inner 1: F1=0.6528
[2026-10-02 16:40:56] MX final | cfg=P_l2_b16_e6_w1_s_d1_s1_r9 | Inner 2/3
[2026-10-02 16:41:16] MX final cfg=P_l2_b16_e6_w1_s_d1_s1_r9 Inner 2: F1=0.6584
[2026-10-02 16:41:16] MX final | cfg=P_l2_b16_e6_w1_s_d1_s1_r9 | Inner 3/3
[2026-10-02 16:41:36] MX final cfg=P_l2_b16_e6_w1_s_d1_s1_r9 Inner 3: F1=0.6784
[2026-10-02 16:41:36] MX final | trial 5/20 F1_inner=0.6632 | mejor=0.6632
[2026-10-02 16:41:36] MX final | cfg=P_l1_b16_e6_w1_s_d1_s1_r9 | Inner 1/3
[2026-10-02 16:41:56] MX final cfg=P_l1_b16_e6_w1_s_d1_s1_r9 Inner 1: F1=0.5964
[2026-10-02 16:41:56] MX final | cfg=P_l1_b16_e6_w1_s_d1_s1_r9 | Inner 2/3
[2026-10-02 16:42:13] MX final cfg=P_l1_b16_e6_w1_s_d1_s1_r9 Inner 2: F1=0.6384
[2026-10-02 16:42:13] MX final | cfg=P_l1_b16_e6_w1_s_d1_s1_r9 | Inner 3/3
[2026-10-02 16:42:33] MX final cfg=P_l1_b16_e6_w1_s_d1_s1_r9 Inner 3: F1=0.6425
[2026-10-02 16:42:34] MX final | trial 6/20 F1_inner=0.6258 | mejor=0.6632
[2026-10-02 16:42:34] MX final | cfg=P_l2_b16_e6_w1_s_d3_s1_r9 | Inner 1/3
[2026-10-02 16:42:54] MX final cfg=P_l2_b16_e6_w1_s_d3_s1_r9 Inner 1: F1=0.6446
[2026-10-02 16:42:54] MX final | cfg=P_l2_b16_e6_w1_s_d3_s1_r9 | Inner 2/3
[2026-10-02 16:43:14] MX final cfg=P_l2_b16_e6_w1_s_d3_s1_r9 Inner 2: F1=0.6521
[2026-10-02 16:43:14] MX final | cfg=P_l2_b16_e6_w1_s_d3_s1_r9 | Inner 3/3
[2026-10-02 16:43:34] MX final cfg=P_l2_b16_e6_w1_s_d3_s1_r9 Inner 3: F1=0.6743
[2026-10-02 16:43:35] MX final | trial 7/20 F1_inner=0.6570 | mejor=0.6632
[2026-10-02 16:43:35] REUTILIZADO MX final cfg=P_l2_b16_e6_w1_s_d1_s1_r9 inner=1: F1=0.6528
[2026-10-02 16:43:35] REUTILIZADO MX final cfg=P_l2_b16_e6_w1_s_d1_s1_r9 inner=2: F1=0.6584
[2026-10-02 16:43:35] REUTILIZADO MX final cfg=P_l2_b16_e6_w1_s_d1_s1_r9 inner=3: F1=0.6784
[2026-10-02 16:43:35] MX final | trial 8/20 F1_inner=0.6632 | mejor=0.6632
[2026-10-02 16:43:35] MX final | cfg=P_l1_b16_e6_w10_b_d3_s1_r9 | Inner 1/3
[2026-10-02 16:43:56] MX final cfg=P_l1_b16_e6_w10_b_d3_s1_r9 Inner 1: F1=0.6202
[2026-10-02 16:43:56] MX final | cfg=P_l1_b16_e6_w10_b_d3_s1_r9 | Inner 2/3
[2026-10-02 16:44:16] MX final cfg=P_l1_b16_e6_w10_b_d3_s1_r9 Inner 2: F1=0.6168
[2026-10-02 16:44:16] MX final | cfg=P_l1_b16_e6_w10_b_d3_s1_r9 | Inner 3/3
[2026-10-02 16:44:33] MX final cfg=P_l1_b16_e6_w10_b_d3_s1_r9 Inner 3: F1=0.6713
[2026-10-02 16:44:33] MX final | trial 9/20 F1_inner=0.6361 | mejor=0.6632
[2026-10-02 16:44:33] MX final | cfg=P_l2_b16_e6_w1_b_d1_s1_r9 | Inner 1/3
[2026-10-02 16:44:47] MX final cfg=P_l2_b16_e6_w1_b_d1_s1_r9 Inner 1: F1=0.6427
[2026-10-02 16:44:47] MX final | cfg=P_l2_b16_e6_w1_b_d1_s1_r9 | Inner 2/3
[2026-10-02 16:44:58] MX final cfg=P_l2_b16_e6_w1_b_d1_s1_r9 Inner 2: F1=0.6369
[2026-10-02 16:44:58] MX final | cfg=P_l2_b16_e6_w1_b_d1_s1_r9 | Inner 3/3
[2026-10-02 16:45:17] MX final cfg=P_l2_b16_e6_w1_b_d1_s1_r9 Inner 3: F1=0.7013
[2026-10-02 16:45:18] MX final | trial 10/20 F1_inner=0.6603 | mejor=0.6632
[2026-10-02 16:45:18] MX final | cfg=P_l2_b16_e4_w1_s_d1_s1_r9 | Inner 1/3
[2026-10-02 16:45:31] MX final cfg=P_l2_b16_e4_w1_s_d1_s1_r9 Inner 1: F1=0.6069
[2026-10-02 16:45:31] MX final | cfg=P_l2_b16_e4_w1_s_d1_s1_r9 | Inner 2/3
[2026-10-02 16:45:45] MX final cfg=P_l2_b16_e4_w1_s_d1_s1_r9 Inner 2: F1=0.6533
[2026-10-02 16:45:45] MX final | cfg=P_l2_b16_e4_w1_s_d1_s1_r9 | Inner 3/3
[2026-10-02 16:45:59] MX final cfg=P_l2_b16_e4_w1_s_d1_s1_r9 Inner 3: F1=0.6603
[2026-10-02 16:46:00] MX final | trial 11/20 F1_inner=0.6402 | mejor=0.6632
[2026-10-02 16:46:00] REUTILIZADO MX final cfg=P_l2_b16_e6_w1_s_d1_s1_r9 inner=1: F1=0.6528
[2026-10-02 16:46:00] REUTILIZADO MX final cfg=P_l2_b16_e6_w1_s_d1_s1_r9 inner=2: F1=0.6584
[2026-10-02 16:46:00] REUTILIZADO MX final cfg=P_l2_b16_e6_w1_s_d1_s1_r9 inner=3: F1=0.6784
[2026-10-02 16:46:00] MX final | trial 12/20 F1_inner=0.6632 | mejor=0.6632
[2026-10-02 16:46:00] MX final | cfg=P_l2_b16_e6_w1_s_d2_s1_r9 | Inner 1/3
[2026-10-02 16:46:20] MX final cfg=P_l2_b16_e6_w1_s_d2_s1_r9 Inner 1: F1=0.6469
[2026-10-02 16:46:20] MX final | cfg=P_l2_b16_e6_w1_s_d2_s1_r9 | Inner 2/3
[2026-10-02 16:46:40] MX final cfg=P_l2_b16_e6_w1_s_d2_s1_r9 Inner 2: F1=0.6531
[2026-10-02 16:46:40] MX final | cfg=P_l2_b16_e6_w1_s_d2_s1_r9 | Inner 3/3
[2026-10-02 16:47:00] MX final cfg=P_l2_b16_e6_w1_s_d2_s1_r9 Inner 3: F1=0.6781
[2026-10-02 16:47:00] MX final | trial 13/20 F1_inner=0.6594 | mejor=0.6632
[2026-10-02 16:47:00] MX final | cfg=P_l1_b16_e4_w1_b_d1_s1_r9 | Inner 1/3
[2026-10-02 16:47:14] MX final cfg=P_l1_b16_e4_w1_b_d1_s1_r9 Inner 1: F1=0.6084
[2026-10-02 16:47:14] MX final | cfg=P_l1_b16_e4_w1_b_d1_s1_r9 | Inner 2/3
[2026-10-02 16:47:28] MX final cfg=P_l1_b16_e4_w1_b_d1_s1_r9 Inner 2: F1=0.6069
[2026-10-02 16:47:28] MX final | cfg=P_l1_b16_e4_w1_b_d1_s1_r9 | Inner 3/3
[2026-10-02 16:47:42] MX final cfg=P_l1_b16_e4_w1_b_d1_s1_r9 Inner 3: F1=0.6663
[2026-10-02 16:47:42] MX final | trial 14/20 F1_inner=0.6272 | mejor=0.6632
[2026-10-02 16:47:42] REUTILIZADO MX final cfg=P_l2_b16_e6_w1_s_d1_s1_r9 inner=1: F1=0.6528
[2026-10-02 16:47:42] REUTILIZADO MX final cfg=P_l2_b16_e6_w1_s_d1_s1_r9 inner=2: F1=0.6584
[2026-10-02 16:47:42] REUTILIZADO MX final cfg=P_l2_b16_e6_w1_s_d1_s1_r9 inner=3: F1=0.6784
[2026-10-02 16:47:42] MX final | trial 15/20 F1_inner=0.6632 | mejor=0.6632
[2026-10-02 16:47:42] MX final | cfg=P_l1_b16_e6_w1_s_d2_s1_r9 | Inner 1/3
[2026-10-02 16:48:02] MX final cfg=P_l1_b16_e6_w1_s_d2_s1_r9 Inner 1: F1=0.5949
[2026-10-02 16:48:02] MX final | cfg=P_l1_b16_e6_w1_s_d2_s1_r9 | Inner 2/3
[2026-10-02 16:48:22] MX final cfg=P_l1_b16_e6_w1_s_d2_s1_r9 Inner 2: F1=0.6362
[2026-10-02 16:48:22] MX final | cfg=P_l1_b16_e6_w1_s_d2_s1_r9 | Inner 3/3
[2026-10-02 16:48:42] MX final cfg=P_l1_b16_e6_w1_s_d2_s1_r9 Inner 3: F1=0.6434
[2026-10-02 16:48:42] MX final | trial 16/20 F1_inner=0.6248 | mejor=0.6632
[2026-10-02 16:48:43] MX final | cfg=P_l2_b16_e6_w10_b_d2_s1_r9 | Inner 1/3
[2026-10-02 16:48:57] MX final cfg=P_l2_b16_e6_w10_b_d2_s1_r9 Inner 1: F1=0.6467
[2026-10-02 16:48:57] MX final | cfg=P_l2_b16_e6_w10_b_d2_s1_r9 | Inner 2/3
[2026-10-02 16:49:17] MX final cfg=P_l2_b16_e6_w10_b_d2_s1_r9 Inner 2: F1=0.6524
[2026-10-02 16:49:17] MX final | cfg=P_l2_b16_e6_w10_b_d2_s1_r9 | Inner 3/3
[2026-10-02 16:49:37] MX final cfg=P_l2_b16_e6_w10_b_d2_s1_r9 Inner 3: F1=0.6955
[2026-10-02 16:49:37] MX final | trial 17/20 F1_inner=0.6649 | mejor=0.6649
[2026-10-02 16:49:37] REUTILIZADO MX final cfg=P_l2_b16_e6_w10_b_d2_s1_r9 inner=1: F1=0.6467
[2026-10-02 16:49:37] REUTILIZADO MX final cfg=P_l2_b16_e6_w10_b_d2_s1_r9 inner=2: F1=0.6524
[2026-10-02 16:49:37] REUTILIZADO MX final cfg=P_l2_b16_e6_w10_b_d2_s1_r9 inner=3: F1=0.6955
[2026-10-02 16:49:38] MX final | trial 18/20 F1_inner=0.6649 | mejor=0.6649
[2026-10-02 16:49:38] REUTILIZADO MX final cfg=P_l2_b16_e6_w10_b_d2_s1_r9 inner=1: F1=0.6467
[2026-10-02 16:49:38] REUTILIZADO MX final cfg=P_l2_b16_e6_w10_b_d2_s1_r9 inner=2: F1=0.6524
[2026-10-02 16:49:38] REUTILIZADO MX final cfg=P_l2_b16_e6_w10_b_d2_s1_r9 inner=3: F1=0.6955
[2026-10-02 16:49:38] MX final | trial 19/20 F1_inner=0.6649 | mejor=0.6649
[2026-10-02 16:49:38] MX final | cfg=P_l2_b16_e4_w10_b_d1_s1_r9 | Inner 1/3
[2026-10-02 16:49:52] MX final cfg=P_l2_b16_e4_w10_b_d1_s1_r9 Inner 1: F1=0.6494
[2026-10-02 16:49:52] MX final | cfg=P_l2_b16_e4_w10_b_d1_s1_r9 | Inner 2/3
[2026-10-02 16:50:03] MX final cfg=P_l2_b16_e4_w10_b_d1_s1_r9 Inner 2: F1=0.6333
[2026-10-02 16:50:03] MX final | cfg=P_l2_b16_e4_w10_b_d1_s1_r9 | Inner 3/3
[2026-10-02 16:50:17] MX final cfg=P_l2_b16_e4_w10_b_d1_s1_r9 Inner 3: F1=0.6807
[2026-10-02 16:50:17] MX final | trial 20/20 F1_inner=0.6544 | mejor=0.6649
[2026-10-02 16:50:17] ES | Optimización final
[2026-10-02 16:50:18] ES final | cfg=P_l2_b16_e4_w1_b_d2_s1_r9 | Inner 1/3
[2026-10-02 16:50:32] ES final cfg=P_l2_b16_e4_w1_b_d2_s1_r9 Inner 1: F1=0.7448
[2026-10-02 16:50:32] ES final | cfg=P_l2_b16_e4_w1_b_d2_s1_r9 | Inner 2/3
[2026-10-02 16:50:47] ES final cfg=P_l2_b16_e4_w1_b_d2_s1_r9 Inner 2: F1=0.7177
[2026-10-02 16:50:47] ES final | cfg=P_l2_b16_e4_w1_b_d2_s1_r9 | Inner 3/3
[2026-10-02 16:51:00] ES final cfg=P_l2_b16_e4_w1_b_d2_s1_r9 Inner 3: F1=0.7198
[2026-10-02 16:51:01] ES final | trial 1/20 F1_inner=0.7274 | mejor=0.7274
[2026-10-02 16:51:01] ES final | cfg=P_l1_b16_e4_w10_s_d2_s1_r9 | Inner 1/3
[2026-10-02 16:51:15] ES final cfg=P_l1_b16_e4_w10_s_d2_s1_r9 Inner 1: F1=0.6576
[2026-10-02 16:51:15] ES final | cfg=P_l1_b16_e4_w10_s_d2_s1_r9 | Inner 2/3
[2026-10-02 16:51:28] ES final cfg=P_l1_b16_e4_w10_s_d2_s1_r9 Inner 2: F1=0.7066
[2026-10-02 16:51:28] ES final | cfg=P_l1_b16_e4_w10_s_d2_s1_r9 | Inner 3/3
[2026-10-02 16:51:42] ES final cfg=P_l1_b16_e4_w10_s_d2_s1_r9 Inner 3: F1=0.6870
[2026-10-02 16:51:42] ES final | trial 2/20 F1_inner=0.6837 | mejor=0.7274
[2026-10-02 16:51:42] ES final | cfg=P_l2_b16_e6_w10_s_d1_s1_r9 | Inner 1/3
[2026-10-02 16:52:02] ES final cfg=P_l2_b16_e6_w10_s_d1_s1_r9 Inner 1: F1=0.7655
[2026-10-02 16:52:02] ES final | cfg=P_l2_b16_e6_w10_s_d1_s1_r9 | Inner 2/3
[2026-10-02 16:52:22] ES final cfg=P_l2_b16_e6_w10_s_d1_s1_r9 Inner 2: F1=0.7345
[2026-10-02 16:52:22] ES final | cfg=P_l2_b16_e6_w10_s_d1_s1_r9 | Inner 3/3
[2026-10-02 16:52:42] ES final cfg=P_l2_b16_e6_w10_s_d1_s1_r9 Inner 3: F1=0.7176
[2026-10-02 16:52:42] ES final | trial 3/20 F1_inner=0.7392 | mejor=0.7392
[2026-10-02 16:52:42] ES final | cfg=P_l2_b16_e4_w10_s_d3_s1_r9 | Inner 1/3
[2026-10-02 16:52:56] ES final cfg=P_l2_b16_e4_w10_s_d3_s1_r9 Inner 1: F1=0.7397
[2026-10-02 16:52:56] ES final | cfg=P_l2_b16_e4_w10_s_d3_s1_r9 | Inner 2/3
[2026-10-02 16:53:11] ES final cfg=P_l2_b16_e4_w10_s_d3_s1_r9 Inner 2: F1=0.7189
[2026-10-02 16:53:11] ES final | cfg=P_l2_b16_e4_w10_s_d3_s1_r9 | Inner 3/3
[2026-10-02 16:53:25] ES final cfg=P_l2_b16_e4_w10_s_d3_s1_r9 Inner 3: F1=0.7114
[2026-10-02 16:53:25] ES final | trial 4/20 F1_inner=0.7233 | mejor=0.7392
[2026-10-02 16:53:25] ES final | cfg=P_l2_b16_e6_w1_s_d1_s1_r9 | Inner 1/3
[2026-10-02 16:53:46] ES final cfg=P_l2_b16_e6_w1_s_d1_s1_r9 Inner 1: F1=0.7655
[2026-10-02 16:53:46] ES final | cfg=P_l2_b16_e6_w1_s_d1_s1_r9 | Inner 2/3
[2026-10-02 16:54:06] ES final cfg=P_l2_b16_e6_w1_s_d1_s1_r9 Inner 2: F1=0.7353
[2026-10-02 16:54:06] ES final | cfg=P_l2_b16_e6_w1_s_d1_s1_r9 | Inner 3/3
[2026-10-02 16:54:25] ES final cfg=P_l2_b16_e6_w1_s_d1_s1_r9 Inner 3: F1=0.7202
[2026-10-02 16:54:26] ES final | trial 5/20 F1_inner=0.7403 | mejor=0.7403
[2026-10-02 16:54:26] ES final | cfg=P_l1_b16_e6_w1_s_d1_s1_r9 | Inner 1/3
[2026-10-02 16:54:46] ES final cfg=P_l1_b16_e6_w1_s_d1_s1_r9 Inner 1: F1=0.7310
[2026-10-02 16:54:46] ES final | cfg=P_l1_b16_e6_w1_s_d1_s1_r9 | Inner 2/3
[2026-10-02 16:55:06] ES final cfg=P_l1_b16_e6_w1_s_d1_s1_r9 Inner 2: F1=0.7151
[2026-10-02 16:55:06] ES final | cfg=P_l1_b16_e6_w1_s_d1_s1_r9 | Inner 3/3
[2026-10-02 16:55:26] ES final cfg=P_l1_b16_e6_w1_s_d1_s1_r9 Inner 3: F1=0.7104
[2026-10-02 16:55:26] ES final | trial 6/20 F1_inner=0.7188 | mejor=0.7403
[2026-10-02 16:55:26] ES final | cfg=P_l2_b16_e6_w1_s_d3_s1_r9 | Inner 1/3
[2026-10-02 16:55:46] ES final cfg=P_l2_b16_e6_w1_s_d3_s1_r9 Inner 1: F1=0.7627
[2026-10-02 16:55:46] ES final | cfg=P_l2_b16_e6_w1_s_d3_s1_r9 | Inner 2/3
[2026-10-02 16:56:06] ES final cfg=P_l2_b16_e6_w1_s_d3_s1_r9 Inner 2: F1=0.7364
[2026-10-02 16:56:06] ES final | cfg=P_l2_b16_e6_w1_s_d3_s1_r9 | Inner 3/3
[2026-10-02 16:56:26] ES final cfg=P_l2_b16_e6_w1_s_d3_s1_r9 Inner 3: F1=0.7132
[2026-10-02 16:56:26] ES final | trial 7/20 F1_inner=0.7374 | mejor=0.7403
[2026-10-02 16:56:26] REUTILIZADO ES final cfg=P_l2_b16_e6_w1_s_d1_s1_r9 inner=1: F1=0.7655
[2026-10-02 16:56:26] REUTILIZADO ES final cfg=P_l2_b16_e6_w1_s_d1_s1_r9 inner=2: F1=0.7353
[2026-10-02 16:56:26] REUTILIZADO ES final cfg=P_l2_b16_e6_w1_s_d1_s1_r9 inner=3: F1=0.7202
[2026-10-02 16:56:26] ES final | trial 8/20 F1_inner=0.7403 | mejor=0.7403
[2026-10-02 16:56:26] ES final | cfg=P_l1_b16_e6_w10_b_d3_s1_r9 | Inner 1/3
[2026-10-02 16:56:46] ES final cfg=P_l1_b16_e6_w10_b_d3_s1_r9 Inner 1: F1=0.7272
[2026-10-02 16:56:46] ES final | cfg=P_l1_b16_e6_w10_b_d3_s1_r9 | Inner 2/3
[2026-10-02 16:57:03] ES final cfg=P_l1_b16_e6_w10_b_d3_s1_r9 Inner 2: F1=0.7181
[2026-10-02 16:57:03] ES final | cfg=P_l1_b16_e6_w10_b_d3_s1_r9 | Inner 3/3
[2026-10-02 16:57:23] ES final cfg=P_l1_b16_e6_w10_b_d3_s1_r9 Inner 3: F1=0.7008
[2026-10-02 16:57:23] ES final | trial 9/20 F1_inner=0.7154 | mejor=0.7403
[2026-10-02 16:57:23] ES final | cfg=P_l2_b16_e6_w1_b_d1_s1_r9 | Inner 1/3
[2026-10-02 16:57:43] ES final cfg=P_l2_b16_e6_w1_b_d1_s1_r9 Inner 1: F1=0.7619
[2026-10-02 16:57:43] ES final | cfg=P_l2_b16_e6_w1_b_d1_s1_r9 | Inner 2/3
[2026-10-02 16:58:03] ES final cfg=P_l2_b16_e6_w1_b_d1_s1_r9 Inner 2: F1=0.7474
[2026-10-02 16:58:03] ES final | cfg=P_l2_b16_e6_w1_b_d1_s1_r9 | Inner 3/3
[2026-10-02 16:58:23] ES final cfg=P_l2_b16_e6_w1_b_d1_s1_r9 Inner 3: F1=0.7275
[2026-10-02 16:58:23] ES final | trial 10/20 F1_inner=0.7456 | mejor=0.7456
[2026-10-02 16:58:23] REUTILIZADO ES final cfg=P_l2_b16_e6_w1_b_d1_s1_r9 inner=1: F1=0.7619
[2026-10-02 16:58:23] REUTILIZADO ES final cfg=P_l2_b16_e6_w1_b_d1_s1_r9 inner=2: F1=0.7474
[2026-10-02 16:58:23] REUTILIZADO ES final cfg=P_l2_b16_e6_w1_b_d1_s1_r9 inner=3: F1=0.7275
[2026-10-02 16:58:24] ES final | trial 11/20 F1_inner=0.7456 | mejor=0.7456
[2026-10-02 16:58:24] REUTILIZADO ES final cfg=P_l2_b16_e6_w1_b_d1_s1_r9 inner=1: F1=0.7619
[2026-10-02 16:58:24] REUTILIZADO ES final cfg=P_l2_b16_e6_w1_b_d1_s1_r9 inner=2: F1=0.7474
[2026-10-02 16:58:24] REUTILIZADO ES final cfg=P_l2_b16_e6_w1_b_d1_s1_r9 inner=3: F1=0.7275
[2026-10-02 16:58:24] ES final | trial 12/20 F1_inner=0.7456 | mejor=0.7456
[2026-10-02 16:58:24] ES final | cfg=P_l1_b16_e6_w1_b_d1_s1_r9 | Inner 1/3
[2026-10-02 16:58:45] ES final cfg=P_l1_b16_e6_w1_b_d1_s1_r9 Inner 1: F1=0.7341
[2026-10-02 16:58:45] ES final | cfg=P_l1_b16_e6_w1_b_d1_s1_r9 | Inner 2/3
[2026-10-02 16:59:05] ES final cfg=P_l1_b16_e6_w1_b_d1_s1_r9 Inner 2: F1=0.7215
[2026-10-02 16:59:05] ES final | cfg=P_l1_b16_e6_w1_b_d1_s1_r9 | Inner 3/3
[2026-10-02 16:59:25] ES final cfg=P_l1_b16_e6_w1_b_d1_s1_r9 Inner 3: F1=0.7086
[2026-10-02 16:59:25] ES final | trial 13/20 F1_inner=0.7214 | mejor=0.7456
[2026-10-02 16:59:25] ES final | cfg=P_l2_b16_e4_w1_b_d1_s1_r9 | Inner 1/3
[2026-10-02 16:59:39] ES final cfg=P_l2_b16_e4_w1_b_d1_s1_r9 Inner 1: F1=0.7506
[2026-10-02 16:59:39] ES final | cfg=P_l2_b16_e4_w1_b_d1_s1_r9 | Inner 2/3
[2026-10-02 16:59:53] ES final cfg=P_l2_b16_e4_w1_b_d1_s1_r9 Inner 2: F1=0.7207
[2026-10-02 16:59:53] ES final | cfg=P_l2_b16_e4_w1_b_d1_s1_r9 | Inner 3/3
[2026-10-02 17:00:07] ES final cfg=P_l2_b16_e4_w1_b_d1_s1_r9 Inner 3: F1=0.7206
[2026-10-02 17:00:08] ES final | trial 14/20 F1_inner=0.7307 | mejor=0.7456
[2026-10-02 17:00:08] ES final | cfg=P_l2_b16_e6_w1_b_d2_s1_r9 | Inner 1/3
[2026-10-02 17:00:28] ES final cfg=P_l2_b16_e6_w1_b_d2_s1_r9 Inner 1: F1=0.7533
[2026-10-02 17:00:28] ES final | cfg=P_l2_b16_e6_w1_b_d2_s1_r9 | Inner 2/3
[2026-10-02 17:00:48] ES final cfg=P_l2_b16_e6_w1_b_d2_s1_r9 Inner 2: F1=0.7527
[2026-10-02 17:00:48] ES final | cfg=P_l2_b16_e6_w1_b_d2_s1_r9 | Inner 3/3
[2026-10-02 17:01:08] ES final cfg=P_l2_b16_e6_w1_b_d2_s1_r9 Inner 3: F1=0.7231
[2026-10-02 17:01:08] ES final | trial 15/20 F1_inner=0.7430 | mejor=0.7456
[2026-10-02 17:01:08] ES final | cfg=P_l1_b16_e4_w1_b_d3_s1_r9 | Inner 1/3
[2026-10-02 17:01:23] ES final cfg=P_l1_b16_e4_w1_b_d3_s1_r9 Inner 1: F1=0.6979
[2026-10-02 17:01:23] ES final | cfg=P_l1_b16_e4_w1_b_d3_s1_r9 | Inner 2/3
[2026-10-02 17:01:37] ES final cfg=P_l1_b16_e4_w1_b_d3_s1_r9 Inner 2: F1=0.7112
[2026-10-02 17:01:37] ES final | cfg=P_l1_b16_e4_w1_b_d3_s1_r9 | Inner 3/3
[2026-10-02 17:01:50] ES final cfg=P_l1_b16_e4_w1_b_d3_s1_r9 Inner 3: F1=0.6781
[2026-10-02 17:01:51] ES final | trial 16/20 F1_inner=0.6957 | mejor=0.7456
[2026-10-02 17:01:51] ES final | cfg=P_l2_b16_e6_w1_b_d3_s1_r9 | Inner 1/3
[2026-10-02 17:02:11] ES final cfg=P_l2_b16_e6_w1_b_d3_s1_r9 Inner 1: F1=0.7522
[2026-10-02 17:02:11] ES final | cfg=P_l2_b16_e6_w1_b_d3_s1_r9 | Inner 2/3
[2026-10-02 17:02:30] ES final cfg=P_l2_b16_e6_w1_b_d3_s1_r9 Inner 2: F1=0.7445
[2026-10-02 17:02:30] ES final | cfg=P_l2_b16_e6_w1_b_d3_s1_r9 | Inner 3/3
[2026-10-02 17:02:50] ES final cfg=P_l2_b16_e6_w1_b_d3_s1_r9 Inner 3: F1=0.7254
[2026-10-02 17:02:50] ES final | trial 17/20 F1_inner=0.7407 | mejor=0.7456
[2026-10-02 17:02:51] ES final | cfg=P_l2_b16_e6_w10_b_d1_s1_r9 | Inner 1/3
[2026-10-02 17:03:04] ES final cfg=P_l2_b16_e6_w10_b_d1_s1_r9 Inner 1: F1=0.7339
[2026-10-02 17:03:04] ES final | cfg=P_l2_b16_e6_w10_b_d1_s1_r9 | Inner 2/3
[2026-10-02 17:03:26] ES final cfg=P_l2_b16_e6_w10_b_d1_s1_r9 Inner 2: F1=0.7438
[2026-10-02 17:03:26] ES final | cfg=P_l2_b16_e6_w10_b_d1_s1_r9 | Inner 3/3
[2026-10-02 17:03:47] ES final cfg=P_l2_b16_e6_w10_b_d1_s1_r9 Inner 3: F1=0.7285
[2026-10-02 17:03:47] ES final | trial 18/20 F1_inner=0.7354 | mejor=0.7456
[2026-10-02 17:03:47] REUTILIZADO ES final cfg=P_l2_b16_e6_w1_b_d1_s1_r9 inner=1: F1=0.7619
[2026-10-02 17:03:47] REUTILIZADO ES final cfg=P_l2_b16_e6_w1_b_d1_s1_r9 inner=2: F1=0.7474
[2026-10-02 17:03:47] REUTILIZADO ES final cfg=P_l2_b16_e6_w1_b_d1_s1_r9 inner=3: F1=0.7275
[2026-10-02 17:03:47] ES final | trial 19/20 F1_inner=0.7456 | mejor=0.7456
[2026-10-02 17:03:47] ES final | cfg=P_l2_b16_e4_w10_b_d1_s1_r9 | Inner 1/3
[2026-10-02 17:04:02] ES final cfg=P_l2_b16_e4_w10_b_d1_s1_r9 Inner 1: F1=0.7545
[2026-10-02 17:04:02] ES final | cfg=P_l2_b16_e4_w10_b_d1_s1_r9 | Inner 2/3
[2026-10-02 17:04:16] ES final cfg=P_l2_b16_e4_w10_b_d1_s1_r9 Inner 2: F1=0.7238
[2026-10-02 17:04:16] ES final | cfg=P_l2_b16_e4_w10_b_d1_s1_r9 | Inner 3/3
[2026-10-02 17:04:30] ES final cfg=P_l2_b16_e4_w10_b_d1_s1_r9 Inner 3: F1=0.7202
[2026-10-02 17:04:30] ES final | trial 20/20 F1_inner=0.7328 | mejor=0.7456
[2026-10-02 17:04:30] CU | Optimización final
[2026-10-02 17:04:30] CU final | cfg=P_l2_b16_e4_w1_b_d2_s1_r9 | Inner 1/3
[2026-10-02 17:04:44] CU final cfg=P_l2_b16_e4_w1_b_d2_s1_r9 Inner 1: F1=0.6637
[2026-10-02 17:04:44] CU final | cfg=P_l2_b16_e4_w1_b_d2_s1_r9 | Inner 2/3
[2026-10-02 17:04:58] CU final cfg=P_l2_b16_e4_w1_b_d2_s1_r9 Inner 2: F1=0.7115
[2026-10-02 17:04:58] CU final | cfg=P_l2_b16_e4_w1_b_d2_s1_r9 | Inner 3/3
[2026-10-02 17:05:12] CU final cfg=P_l2_b16_e4_w1_b_d2_s1_r9 Inner 3: F1=0.7298
[2026-10-02 17:05:12] CU final | trial 1/20 F1_inner=0.7017 | mejor=0.7017
[2026-10-02 17:05:12] CU final | cfg=P_l1_b16_e4_w10_s_d2_s1_r9 | Inner 1/3
[2026-10-02 17:05:26] CU final cfg=P_l1_b16_e4_w10_s_d2_s1_r9 Inner 1: F1=0.6371
[2026-10-02 17:05:26] CU final | cfg=P_l1_b16_e4_w10_s_d2_s1_r9 | Inner 2/3
[2026-10-02 17:05:40] CU final cfg=P_l1_b16_e4_w10_s_d2_s1_r9 Inner 2: F1=0.6818
[2026-10-02 17:05:40] CU final | cfg=P_l1_b16_e4_w10_s_d2_s1_r9 | Inner 3/3
[2026-10-02 17:05:54] CU final cfg=P_l1_b16_e4_w10_s_d2_s1_r9 Inner 3: F1=0.6588
[2026-10-02 17:05:54] CU final | trial 2/20 F1_inner=0.6592 | mejor=0.7017
[2026-10-02 17:05:54] CU final | cfg=P_l2_b16_e6_w10_s_d1_s1_r9 | Inner 1/3
[2026-10-02 17:06:11] CU final cfg=P_l2_b16_e6_w10_s_d1_s1_r9 Inner 1: F1=0.6702
[2026-10-02 17:06:11] CU final | cfg=P_l2_b16_e6_w10_s_d1_s1_r9 | Inner 2/3
[2026-10-02 17:06:31] CU final cfg=P_l2_b16_e6_w10_s_d1_s1_r9 Inner 2: F1=0.7277
[2026-10-02 17:06:31] CU final | cfg=P_l2_b16_e6_w10_s_d1_s1_r9 | Inner 3/3
[2026-10-02 17:06:52] CU final cfg=P_l2_b16_e6_w10_s_d1_s1_r9 Inner 3: F1=0.7245
[2026-10-02 17:06:52] CU final | trial 3/20 F1_inner=0.7074 | mejor=0.7074
[2026-10-02 17:06:52] CU final | cfg=P_l2_b16_e4_w10_s_d3_s1_r9 | Inner 1/3
[2026-10-02 17:07:06] CU final cfg=P_l2_b16_e4_w10_s_d3_s1_r9 Inner 1: F1=0.6710
[2026-10-02 17:07:06] CU final | cfg=P_l2_b16_e4_w10_s_d3_s1_r9 | Inner 2/3
[2026-10-02 17:07:19] CU final cfg=P_l2_b16_e4_w10_s_d3_s1_r9 Inner 2: F1=0.7064
[2026-10-02 17:07:19] CU final | cfg=P_l2_b16_e4_w10_s_d3_s1_r9 | Inner 3/3
[2026-10-02 17:07:33] CU final cfg=P_l2_b16_e4_w10_s_d3_s1_r9 Inner 3: F1=0.6846
[2026-10-02 17:07:33] CU final | trial 4/20 F1_inner=0.6874 | mejor=0.7074
[2026-10-02 17:07:33] CU final | cfg=P_l2_b16_e6_w1_s_d1_s1_r9 | Inner 1/3
[2026-10-02 17:07:50] CU final cfg=P_l2_b16_e6_w1_s_d1_s1_r9 Inner 1: F1=0.6770
[2026-10-02 17:07:50] CU final | cfg=P_l2_b16_e6_w1_s_d1_s1_r9 | Inner 2/3
[2026-10-02 17:08:10] CU final cfg=P_l2_b16_e6_w1_s_d1_s1_r9 Inner 2: F1=0.7283
[2026-10-02 17:08:10] CU final | cfg=P_l2_b16_e6_w1_s_d1_s1_r9 | Inner 3/3
[2026-10-02 17:08:29] CU final cfg=P_l2_b16_e6_w1_s_d1_s1_r9 Inner 3: F1=0.7275
[2026-10-02 17:08:30] CU final | trial 5/20 F1_inner=0.7109 | mejor=0.7109
[2026-10-02 17:08:30] CU final | cfg=P_l1_b16_e6_w1_s_d1_s1_r9 | Inner 1/3
[2026-10-02 17:08:49] CU final cfg=P_l1_b16_e6_w1_s_d1_s1_r9 Inner 1: F1=0.6565
[2026-10-02 17:08:49] CU final | cfg=P_l1_b16_e6_w1_s_d1_s1_r9 | Inner 2/3
[2026-10-02 17:09:09] CU final cfg=P_l1_b16_e6_w1_s_d1_s1_r9 Inner 2: F1=0.7125
[2026-10-02 17:09:09] CU final | cfg=P_l1_b16_e6_w1_s_d1_s1_r9 | Inner 3/3
[2026-10-02 17:09:28] CU final cfg=P_l1_b16_e6_w1_s_d1_s1_r9 Inner 3: F1=0.6829
[2026-10-02 17:09:29] CU final | trial 6/20 F1_inner=0.6840 | mejor=0.7109
[2026-10-02 17:09:29] CU final | cfg=P_l2_b16_e6_w1_s_d3_s1_r9 | Inner 1/3
[2026-10-02 17:09:45] CU final cfg=P_l2_b16_e6_w1_s_d3_s1_r9 Inner 1: F1=0.6741
[2026-10-02 17:09:45] CU final | cfg=P_l2_b16_e6_w1_s_d3_s1_r9 | Inner 2/3
[2026-10-02 17:10:02] CU final cfg=P_l2_b16_e6_w1_s_d3_s1_r9 Inner 2: F1=0.7201
[2026-10-02 17:10:02] CU final | cfg=P_l2_b16_e6_w1_s_d3_s1_r9 | Inner 3/3
[2026-10-02 17:10:22] CU final cfg=P_l2_b16_e6_w1_s_d3_s1_r9 Inner 3: F1=0.7250
[2026-10-02 17:10:22] CU final | trial 7/20 F1_inner=0.7064 | mejor=0.7109
[2026-10-02 17:10:22] REUTILIZADO CU final cfg=P_l2_b16_e6_w1_s_d1_s1_r9 inner=1: F1=0.6770
[2026-10-02 17:10:22] REUTILIZADO CU final cfg=P_l2_b16_e6_w1_s_d1_s1_r9 inner=2: F1=0.7283
[2026-10-02 17:10:22] REUTILIZADO CU final cfg=P_l2_b16_e6_w1_s_d1_s1_r9 inner=3: F1=0.7275
[2026-10-02 17:10:23] CU final | trial 8/20 F1_inner=0.7109 | mejor=0.7109
[2026-10-02 17:10:23] CU final | cfg=P_l1_b16_e6_w10_b_d3_s1_r9 | Inner 1/3
[2026-10-02 17:10:37] CU final cfg=P_l1_b16_e6_w10_b_d3_s1_r9 Inner 1: F1=0.6472
[2026-10-02 17:10:37] CU final | cfg=P_l1_b16_e6_w10_b_d3_s1_r9 | Inner 2/3
[2026-10-02 17:10:57] CU final cfg=P_l1_b16_e6_w10_b_d3_s1_r9 Inner 2: F1=0.7019
[2026-10-02 17:10:57] CU final | cfg=P_l1_b16_e6_w10_b_d3_s1_r9 | Inner 3/3
[2026-10-02 17:11:16] CU final cfg=P_l1_b16_e6_w10_b_d3_s1_r9 Inner 3: F1=0.7070
[2026-10-02 17:11:17] CU final | trial 9/20 F1_inner=0.6854 | mejor=0.7109
[2026-10-02 17:11:17] CU final | cfg=P_l2_b16_e6_w1_b_d1_s1_r9 | Inner 1/3
[2026-10-02 17:11:37] CU final cfg=P_l2_b16_e6_w1_b_d1_s1_r9 Inner 1: F1=0.6764
[2026-10-02 17:11:37] CU final | cfg=P_l2_b16_e6_w1_b_d1_s1_r9 | Inner 2/3
[2026-10-02 17:11:56] CU final cfg=P_l2_b16_e6_w1_b_d1_s1_r9 Inner 2: F1=0.7202
[2026-10-02 17:11:56] CU final | cfg=P_l2_b16_e6_w1_b_d1_s1_r9 | Inner 3/3
[2026-10-02 17:12:16] CU final cfg=P_l2_b16_e6_w1_b_d1_s1_r9 Inner 3: F1=0.7445
[2026-10-02 17:12:16] CU final | trial 10/20 F1_inner=0.7137 | mejor=0.7137
[2026-10-02 17:12:16] REUTILIZADO CU final cfg=P_l2_b16_e6_w1_b_d1_s1_r9 inner=1: F1=0.6764
[2026-10-02 17:12:16] REUTILIZADO CU final cfg=P_l2_b16_e6_w1_b_d1_s1_r9 inner=2: F1=0.7202
[2026-10-02 17:12:16] REUTILIZADO CU final cfg=P_l2_b16_e6_w1_b_d1_s1_r9 inner=3: F1=0.7445
[2026-10-02 17:12:16] CU final | trial 11/20 F1_inner=0.7137 | mejor=0.7137
[2026-10-02 17:12:16] REUTILIZADO CU final cfg=P_l2_b16_e6_w1_b_d1_s1_r9 inner=1: F1=0.6764
[2026-10-02 17:12:16] REUTILIZADO CU final cfg=P_l2_b16_e6_w1_b_d1_s1_r9 inner=2: F1=0.7202
[2026-10-02 17:12:16] REUTILIZADO CU final cfg=P_l2_b16_e6_w1_b_d1_s1_r9 inner=3: F1=0.7445
[2026-10-02 17:12:17] CU final | trial 12/20 F1_inner=0.7137 | mejor=0.7137
[2026-10-02 17:12:17] CU final | cfg=P_l1_b16_e6_w1_b_d1_s1_r9 | Inner 1/3
[2026-10-02 17:12:31] CU final cfg=P_l1_b16_e6_w1_b_d1_s1_r9 Inner 1: F1=0.6536
[2026-10-02 17:12:31] CU final | cfg=P_l1_b16_e6_w1_b_d1_s1_r9 | Inner 2/3
[2026-10-02 17:12:51] CU final cfg=P_l1_b16_e6_w1_b_d1_s1_r9 Inner 2: F1=0.7052
[2026-10-02 17:12:51] CU final | cfg=P_l1_b16_e6_w1_b_d1_s1_r9 | Inner 3/3
[2026-10-02 17:13:11] CU final cfg=P_l1_b16_e6_w1_b_d1_s1_r9 Inner 3: F1=0.7082
[2026-10-02 17:13:11] CU final | trial 13/20 F1_inner=0.6890 | mejor=0.7137
[2026-10-02 17:13:11] CU final | cfg=P_l2_b16_e4_w1_b_d1_s1_r9 | Inner 1/3
[2026-10-02 17:13:25] CU final cfg=P_l2_b16_e4_w1_b_d1_s1_r9 Inner 1: F1=0.6615
[2026-10-02 17:13:25] CU final | cfg=P_l2_b16_e4_w1_b_d1_s1_r9 | Inner 2/3
[2026-10-02 17:13:39] CU final cfg=P_l2_b16_e4_w1_b_d1_s1_r9 Inner 2: F1=0.7142
[2026-10-02 17:13:39] CU final | cfg=P_l2_b16_e4_w1_b_d1_s1_r9 | Inner 3/3
[2026-10-02 17:13:53] CU final cfg=P_l2_b16_e4_w1_b_d1_s1_r9 Inner 3: F1=0.7250
[2026-10-02 17:13:53] CU final | trial 14/20 F1_inner=0.7002 | mejor=0.7137
[2026-10-02 17:13:53] CU final | cfg=P_l2_b16_e6_w1_b_d2_s1_r9 | Inner 1/3
[2026-10-02 17:14:13] CU final cfg=P_l2_b16_e6_w1_b_d2_s1_r9 Inner 1: F1=0.6790
[2026-10-02 17:14:13] CU final | cfg=P_l2_b16_e6_w1_b_d2_s1_r9 | Inner 2/3
[2026-10-02 17:14:32] CU final cfg=P_l2_b16_e6_w1_b_d2_s1_r9 Inner 2: F1=0.7205
[2026-10-02 17:14:32] CU final | cfg=P_l2_b16_e6_w1_b_d2_s1_r9 | Inner 3/3
[2026-10-02 17:14:52] CU final cfg=P_l2_b16_e6_w1_b_d2_s1_r9 Inner 3: F1=0.7473
[2026-10-02 17:14:52] CU final | trial 15/20 F1_inner=0.7156 | mejor=0.7156
[2026-10-02 17:14:52] CU final | cfg=P_l2_b16_e6_w10_b_d2_s1_r9 | Inner 1/3
[2026-10-02 17:15:12] CU final cfg=P_l2_b16_e6_w10_b_d2_s1_r9 Inner 1: F1=0.6796
[2026-10-02 17:15:12] CU final | cfg=P_l2_b16_e6_w10_b_d2_s1_r9 | Inner 2/3
[2026-10-02 17:15:32] CU final cfg=P_l2_b16_e6_w10_b_d2_s1_r9 Inner 2: F1=0.7200
[2026-10-02 17:15:32] CU final | cfg=P_l2_b16_e6_w10_b_d2_s1_r9 | Inner 3/3
[2026-10-02 17:15:53] CU final cfg=P_l2_b16_e6_w10_b_d2_s1_r9 Inner 3: F1=0.7501
[2026-10-02 17:15:53] CU final | trial 16/20 F1_inner=0.7165 | mejor=0.7165
[2026-10-02 17:15:53] REUTILIZADO CU final cfg=P_l2_b16_e6_w10_b_d2_s1_r9 inner=1: F1=0.6796
[2026-10-02 17:15:53] REUTILIZADO CU final cfg=P_l2_b16_e6_w10_b_d2_s1_r9 inner=2: F1=0.7200
[2026-10-02 17:15:53] REUTILIZADO CU final cfg=P_l2_b16_e6_w10_b_d2_s1_r9 inner=3: F1=0.7501
[2026-10-02 17:15:53] CU final | trial 17/20 F1_inner=0.7165 | mejor=0.7165
[2026-10-02 17:15:53] REUTILIZADO CU final cfg=P_l2_b16_e6_w10_b_d2_s1_r9 inner=1: F1=0.6796
[2026-10-02 17:15:53] REUTILIZADO CU final cfg=P_l2_b16_e6_w10_b_d2_s1_r9 inner=2: F1=0.7200
[2026-10-02 17:15:53] REUTILIZADO CU final cfg=P_l2_b16_e6_w10_b_d2_s1_r9 inner=3: F1=0.7501
[2026-10-02 17:15:54] CU final | trial 18/20 F1_inner=0.7165 | mejor=0.7165
[2026-10-02 17:15:54] CU final | cfg=P_l2_b16_e4_w10_b_d2_s1_r9 | Inner 1/3
[2026-10-02 17:16:08] CU final cfg=P_l2_b16_e4_w10_b_d2_s1_r9 Inner 1: F1=0.6621
[2026-10-02 17:16:08] CU final | cfg=P_l2_b16_e4_w10_b_d2_s1_r9 | Inner 2/3
[2026-10-02 17:16:22] CU final cfg=P_l2_b16_e4_w10_b_d2_s1_r9 Inner 2: F1=0.7164
[2026-10-02 17:16:22] CU final | cfg=P_l2_b16_e4_w10_b_d2_s1_r9 | Inner 3/3
[2026-10-02 17:16:35] CU final cfg=P_l2_b16_e4_w10_b_d2_s1_r9 Inner 3: F1=0.7298
[2026-10-02 17:16:36] CU final | trial 19/20 F1_inner=0.7028 | mejor=0.7165
[2026-10-02 17:16:36] CU final | cfg=P_l1_b16_e6_w10_b_d2_s1_r9 | Inner 1/3
[2026-10-02 17:16:50] CU final cfg=P_l1_b16_e6_w10_b_d2_s1_r9 Inner 1: F1=0.6520
[2026-10-02 17:16:50] CU final | cfg=P_l1_b16_e6_w10_b_d2_s1_r9 | Inner 2/3
[2026-10-02 17:17:09] CU final cfg=P_l1_b16_e6_w10_b_d2_s1_r9 Inner 2: F1=0.7119
[2026-10-02 17:17:09] CU final | cfg=P_l1_b16_e6_w10_b_d2_s1_r9 | Inner 3/3
[2026-10-02 17:17:29] CU final cfg=P_l1_b16_e6_w10_b_d2_s1_r9 Inner 3: F1=0.7102
[2026-10-02 17:17:29] CU final | trial 20/20 F1_inner=0.6914 | mejor=0.7165
[2026-10-02 17:17:29] FINALIZADO: Optimización final completada (180/180 contados)
