[2026-10-01 11:42:29] MX | Outer 1/5
[2026-10-01 11:42:30] MX outer1 | cfg=P_l3_b32_e3_w5_b_d2 | Inner 1/3
[2026-10-01 11:42:42] MX outer1 cfg=P_l3_b32_e3_w5_b_d2 Inner 1: F1=0.6570
[2026-10-01 11:42:42] MX outer1 | cfg=P_l3_b32_e3_w5_b_d2 | Inner 2/3
[2026-10-01 11:42:54] MX outer1 cfg=P_l3_b32_e3_w5_b_d2 Inner 2: F1=0.6840
[2026-10-01 11:42:54] MX outer1 | cfg=P_l3_b32_e3_w5_b_d2 | Inner 3/3
[2026-10-01 11:43:05] MX outer1 cfg=P_l3_b32_e3_w5_b_d2 Inner 3: F1=0.6903
[2026-10-01 11:43:06] MX outer1 | trial 1/20 F1_inner=0.6771 | mejor=0.6771
[2026-10-01 11:43:06] MX outer1 | cfg=P_l5_b32_e4_w0_s_d2 | Inner 1/3
[2026-10-01 11:43:17] MX outer1 cfg=P_l5_b32_e4_w0_s_d2 Inner 1: F1=0.6841
[2026-10-01 11:43:17] MX outer1 | cfg=P_l5_b32_e4_w0_s_d2 | Inner 2/3
[2026-10-01 11:43:31] MX outer1 cfg=P_l5_b32_e4_w0_s_d2 Inner 2: F1=0.7077
[2026-10-01 11:43:31] MX outer1 | cfg=P_l5_b32_e4_w0_s_d2 | Inner 3/3
[2026-10-01 11:43:43] MX outer1 cfg=P_l5_b32_e4_w0_s_d2 Inner 3: F1=0.6692
[2026-10-01 11:43:43] MX outer1 | trial 2/20 F1_inner=0.6870 | mejor=0.6870
[2026-10-01 11:43:43] MX outer1 | cfg=P_l2_b16_e3_w1_s_d2 | Inner 1/3
[2026-10-01 11:44:01] MX outer1 cfg=P_l2_b16_e3_w1_s_d2 Inner 1: F1=0.6110
[2026-10-01 11:44:01] MX outer1 | cfg=P_l2_b16_e3_w1_s_d2 | Inner 2/3
[2026-10-01 11:44:19] MX outer1 cfg=P_l2_b16_e3_w1_s_d2 Inner 2: F1=0.6500
[2026-10-01 11:44:19] MX outer1 | cfg=P_l2_b16_e3_w1_s_d2 | Inner 3/3
[2026-10-01 11:44:36] MX outer1 cfg=P_l2_b16_e3_w1_s_d2 Inner 3: F1=0.6687
[2026-10-01 11:44:37] MX outer1 | trial 3/20 F1_inner=0.6432 | mejor=0.6870
[2026-10-01 11:44:37] MX outer1 | cfg=P_l2_b16_e5_w1_s_d2 | Inner 1/3
[2026-10-01 11:44:55] MX outer1 cfg=P_l2_b16_e5_w1_s_d2 Inner 1: F1=0.6559
[2026-10-01 11:44:55] MX outer1 | cfg=P_l2_b16_e5_w1_s_d2 | Inner 2/3
[2026-10-01 11:45:24] MX outer1 cfg=P_l2_b16_e5_w1_s_d2 Inner 2: F1=0.7035
[2026-10-01 11:45:24] MX outer1 | cfg=P_l2_b16_e5_w1_s_d2 | Inner 3/3
[2026-10-01 11:45:42] MX outer1 cfg=P_l2_b16_e5_w1_s_d2 Inner 3: F1=0.6742
[2026-10-01 11:45:43] MX outer1 | trial 4/20 F1_inner=0.6779 | mejor=0.6870
[2026-10-01 11:45:43] MX outer1 | cfg=P_l2_b16_e3_w1_s_d3 | Inner 1/3
[2026-10-01 11:46:00] MX outer1 cfg=P_l2_b16_e3_w1_s_d3 Inner 1: F1=0.5916
[2026-10-01 11:46:00] MX outer1 | cfg=P_l2_b16_e3_w1_s_d3 | Inner 2/3
[2026-10-01 11:46:18] MX outer1 cfg=P_l2_b16_e3_w1_s_d3 Inner 2: F1=0.6455
[2026-10-01 11:46:18] MX outer1 | cfg=P_l2_b16_e3_w1_s_d3 | Inner 3/3
[2026-10-01 11:46:36] MX outer1 cfg=P_l2_b16_e3_w1_s_d3 Inner 3: F1=0.6649
[2026-10-01 11:46:36] MX outer1 | trial 5/20 F1_inner=0.6340 | mejor=0.6870
[2026-10-01 11:46:36] MX outer1 | cfg=P_l5_b32_e4_w0_s_d1 | Inner 1/3
[2026-10-01 11:46:47] MX outer1 cfg=P_l5_b32_e4_w0_s_d1 Inner 1: F1=0.6862
[2026-10-01 11:46:47] MX outer1 | cfg=P_l5_b32_e4_w0_s_d1 | Inner 2/3
[2026-10-01 11:46:58] MX outer1 cfg=P_l5_b32_e4_w0_s_d1 Inner 2: F1=0.7178
[2026-10-01 11:46:58] MX outer1 | cfg=P_l5_b32_e4_w0_s_d1 | Inner 3/3
[2026-10-01 11:47:10] MX outer1 cfg=P_l5_b32_e4_w0_s_d1 Inner 3: F1=0.6836
[2026-10-01 11:47:10] MX outer1 | trial 6/20 F1_inner=0.6959 | mejor=0.6959
[2026-10-01 11:47:10] MX outer1 | cfg=P_l4_b32_e4_w10_s_d1 | Inner 1/3
[2026-10-01 11:47:21] MX outer1 cfg=P_l4_b32_e4_w10_s_d1 Inner 1: F1=0.6777
[2026-10-01 11:47:21] MX outer1 | cfg=P_l4_b32_e4_w10_s_d1 | Inner 2/3
[2026-10-01 11:47:36] MX outer1 cfg=P_l4_b32_e4_w10_s_d1 Inner 2: F1=0.7067
[2026-10-01 11:47:36] MX outer1 | cfg=P_l4_b32_e4_w10_s_d1 | Inner 3/3
[2026-10-01 11:47:51] MX outer1 cfg=P_l4_b32_e4_w10_s_d1 Inner 3: F1=0.6667
[2026-10-01 11:47:51] MX outer1 | trial 7/20 F1_inner=0.6837 | mejor=0.6959
[2026-10-01 11:47:51] MX outer1 | cfg=P_l5_b32_e4_w5_s_d1 | Inner 1/3
[2026-10-01 11:48:02] MX outer1 cfg=P_l5_b32_e4_w5_s_d1 Inner 1: F1=0.6883
[2026-10-01 11:48:02] MX outer1 | cfg=P_l5_b32_e4_w5_s_d1 | Inner 2/3
[2026-10-01 11:48:13] MX outer1 cfg=P_l5_b32_e4_w5_s_d1 Inner 2: F1=0.7178
[2026-10-01 11:48:13] MX outer1 | cfg=P_l5_b32_e4_w5_s_d1 | Inner 3/3
[2026-10-01 11:48:25] MX outer1 cfg=P_l5_b32_e4_w5_s_d1 Inner 3: F1=0.6864
[2026-10-01 11:48:25] MX outer1 | trial 8/20 F1_inner=0.6975 | mejor=0.6975
[2026-10-01 11:48:25] MX outer1 | cfg=P_l5_b32_e3_w5_s_d1 | Inner 1/3
[2026-10-01 11:48:37] MX outer1 cfg=P_l5_b32_e3_w5_s_d1 Inner 1: F1=0.6900
[2026-10-01 11:48:37] MX outer1 | cfg=P_l5_b32_e3_w5_s_d1 | Inner 2/3
[2026-10-01 11:48:45] MX outer1 cfg=P_l5_b32_e3_w5_s_d1 Inner 2: F1=0.7087
[2026-10-01 11:48:45] MX outer1 | cfg=P_l5_b32_e3_w5_s_d1 | Inner 3/3
[2026-10-01 11:48:53] MX outer1 cfg=P_l5_b32_e3_w5_s_d1 Inner 3: F1=0.6644
[2026-10-01 11:48:53] MX outer1 | trial 9/20 F1_inner=0.6877 | mejor=0.6975
[2026-10-01 11:48:53] MX outer1 | cfg=P_l5_b16_e4_w5_s_d3 | Inner 1/3
[2026-10-01 11:49:15] MX outer1 cfg=P_l5_b16_e4_w5_s_d3 Inner 1: F1=0.6841
[2026-10-01 11:49:15] MX outer1 | cfg=P_l5_b16_e4_w5_s_d3 | Inner 2/3
[2026-10-01 11:49:33] MX outer1 cfg=P_l5_b16_e4_w5_s_d3 Inner 2: F1=0.7207
[2026-10-01 11:49:33] MX outer1 | cfg=P_l5_b16_e4_w5_s_d3 | Inner 3/3
[2026-10-01 11:49:50] MX outer1 cfg=P_l5_b16_e4_w5_s_d3 Inner 3: F1=0.7007
[2026-10-01 11:49:50] MX outer1 | trial 10/20 F1_inner=0.7018 | mejor=0.7018
[2026-10-01 11:49:50] REUTILIZADO MX outer1 cfg=P_l5_b16_e4_w5_s_d3 inner=1: F1=0.6841
[2026-10-01 11:49:50] REUTILIZADO MX outer1 cfg=P_l5_b16_e4_w5_s_d3 inner=2: F1=0.7207
[2026-10-01 11:49:50] REUTILIZADO MX outer1 cfg=P_l5_b16_e4_w5_s_d3 inner=3: F1=0.7007
[2026-10-01 11:49:51] MX outer1 | trial 11/20 F1_inner=0.7018 | mejor=0.7018
[2026-10-01 11:49:51] REUTILIZADO MX outer1 cfg=P_l5_b16_e4_w5_s_d3 inner=1: F1=0.6841
[2026-10-01 11:49:51] REUTILIZADO MX outer1 cfg=P_l5_b16_e4_w5_s_d3 inner=2: F1=0.7207
[2026-10-01 11:49:51] REUTILIZADO MX outer1 cfg=P_l5_b16_e4_w5_s_d3 inner=3: F1=0.7007
[2026-10-01 11:49:51] MX outer1 | trial 12/20 F1_inner=0.7018 | mejor=0.7018
[2026-10-01 11:49:51] MX outer1 | cfg=P_l5_b16_e5_w5_b_d3 | Inner 1/3
[2026-10-01 11:50:09] MX outer1 cfg=P_l5_b16_e5_w5_b_d3 Inner 1: F1=0.6780
[2026-10-01 11:50:09] MX outer1 | cfg=P_l5_b16_e5_w5_b_d3 | Inner 2/3
[2026-10-01 11:50:31] MX outer1 cfg=P_l5_b16_e5_w5_b_d3 Inner 2: F1=0.7172
[2026-10-01 11:50:31] MX outer1 | cfg=P_l5_b16_e5_w5_b_d3 | Inner 3/3
[2026-10-01 11:50:49] MX outer1 cfg=P_l5_b16_e5_w5_b_d3 Inner 3: F1=0.7045
[2026-10-01 11:50:49] MX outer1 | trial 13/20 F1_inner=0.6999 | mejor=0.7018
[2026-10-01 11:50:49] MX outer1 | cfg=P_l2_b16_e4_w5_b_d1 | Inner 1/3
[2026-10-01 11:51:11] MX outer1 cfg=P_l2_b16_e4_w5_b_d1 Inner 1: F1=0.6744
[2026-10-01 11:51:11] MX outer1 | cfg=P_l2_b16_e4_w5_b_d1 | Inner 2/3
[2026-10-01 11:51:33] MX outer1 cfg=P_l2_b16_e4_w5_b_d1 Inner 2: F1=0.6970
[2026-10-01 11:51:33] MX outer1 | cfg=P_l2_b16_e4_w5_b_d1 | Inner 3/3
[2026-10-01 11:51:56] MX outer1 cfg=P_l2_b16_e4_w5_b_d1 Inner 3: F1=0.7014
[2026-10-01 11:51:56] MX outer1 | trial 14/20 F1_inner=0.6909 | mejor=0.7018
[2026-10-01 11:51:56] MX outer1 | cfg=P_l5_b16_e5_w10_s_d3 | Inner 1/3
[2026-10-01 11:52:18] MX outer1 cfg=P_l5_b16_e5_w10_s_d3 Inner 1: F1=0.6715
[2026-10-01 11:52:18] MX outer1 | cfg=P_l5_b16_e5_w10_s_d3 | Inner 2/3
[2026-10-01 11:52:36] MX outer1 cfg=P_l5_b16_e5_w10_s_d3 Inner 2: F1=0.7250
[2026-10-01 11:52:36] MX outer1 | cfg=P_l5_b16_e5_w10_s_d3 | Inner 3/3
[2026-10-01 11:52:53] MX outer1 cfg=P_l5_b16_e5_w10_s_d3 Inner 3: F1=0.6965
[2026-10-01 11:52:53] MX outer1 | trial 15/20 F1_inner=0.6976 | mejor=0.7018
[2026-10-01 11:52:53] MX outer1 | cfg=P_l5_b16_e4_w1_b_d3 | Inner 1/3
[2026-10-01 11:53:16] MX outer1 cfg=P_l5_b16_e4_w1_b_d3 Inner 1: F1=0.6784
[2026-10-01 11:53:16] MX outer1 | cfg=P_l5_b16_e4_w1_b_d3 | Inner 2/3
[2026-10-01 11:53:38] MX outer1 cfg=P_l5_b16_e4_w1_b_d3 Inner 2: F1=0.7320
[2026-10-01 11:53:38] MX outer1 | cfg=P_l5_b16_e4_w1_b_d3 | Inner 3/3
[2026-10-01 11:53:55] MX outer1 cfg=P_l5_b16_e4_w1_b_d3 Inner 3: F1=0.7077
[2026-10-01 11:53:56] MX outer1 | trial 16/20 F1_inner=0.7060 | mejor=0.7060
[2026-10-01 11:53:56] REUTILIZADO MX outer1 cfg=P_l5_b16_e4_w1_b_d3 inner=1: F1=0.6784
[2026-10-01 11:53:56] REUTILIZADO MX outer1 cfg=P_l5_b16_e4_w1_b_d3 inner=2: F1=0.7320
[2026-10-01 11:53:56] REUTILIZADO MX outer1 cfg=P_l5_b16_e4_w1_b_d3 inner=3: F1=0.7077
[2026-10-01 11:53:56] MX outer1 | trial 17/20 F1_inner=0.7060 | mejor=0.7060
[2026-10-01 11:53:56] REUTILIZADO MX outer1 cfg=P_l5_b16_e4_w1_b_d3 inner=1: F1=0.6784
[2026-10-01 11:53:56] REUTILIZADO MX outer1 cfg=P_l5_b16_e4_w1_b_d3 inner=2: F1=0.7320
[2026-10-01 11:53:56] REUTILIZADO MX outer1 cfg=P_l5_b16_e4_w1_b_d3 inner=3: F1=0.7077
[2026-10-01 11:53:56] MX outer1 | trial 18/20 F1_inner=0.7060 | mejor=0.7060
[2026-10-01 11:53:56] MX outer1 | cfg=P_l4_b32_e4_w1_b_d3 | Inner 1/3
[2026-10-01 11:54:11] MX outer1 cfg=P_l4_b32_e4_w1_b_d3 Inner 1: F1=0.6813
[2026-10-01 11:54:11] MX outer1 | cfg=P_l4_b32_e4_w1_b_d3 | Inner 2/3
[2026-10-01 11:54:26] MX outer1 cfg=P_l4_b32_e4_w1_b_d3 Inner 2: F1=0.7063
[2026-10-01 11:54:26] MX outer1 | cfg=P_l4_b32_e4_w1_b_d3 | Inner 3/3
[2026-10-01 11:54:40] MX outer1 cfg=P_l4_b32_e4_w1_b_d3 Inner 3: F1=0.6942
[2026-10-01 11:54:41] MX outer1 | trial 19/20 F1_inner=0.6939 | mejor=0.7060
[2026-10-01 11:54:41] MX outer1 | cfg=P_l5_b16_e5_w1_b_d1 | Inner 1/3
[2026-10-01 11:54:59] MX outer1 cfg=P_l5_b16_e5_w1_b_d1 Inner 1: F1=0.6858
[2026-10-01 11:54:59] MX outer1 | cfg=P_l5_b16_e5_w1_b_d1 | Inner 2/3
[2026-10-01 11:55:17] MX outer1 cfg=P_l5_b16_e5_w1_b_d1 Inner 2: F1=0.7154
[2026-10-01 11:55:17] MX outer1 | cfg=P_l5_b16_e5_w1_b_d1 | Inner 3/3
[2026-10-01 11:55:35] MX outer1 cfg=P_l5_b16_e5_w1_b_d1 Inner 3: F1=0.6986
[2026-10-01 11:55:35] MX outer1 | trial 20/20 F1_inner=0.6999 | mejor=0.7060
[2026-10-01 11:55:35] MX Outer 1: refit PYSENTIMIENTO, 3 épocas
[2026-10-01 11:55:59] MX Outer 1 refit: F1_train=0.9773, F1_outer=0.7284
[2026-10-01 11:55:59] [MX][RoBERTuito][Outer 1/5] FINALIZADO | prep=PYSENTIMIENTO | F1_inner=0.7060±0.0268 | F1_train=0.9773 | F1_outer=0.7284 | gap=0.2489
[2026-10-01 11:55:59] MX | Outer 2/5
[2026-10-01 11:55:59] MX outer2 | cfg=P_l2_b32_e5_w1_b_d1 | Inner 1/3
[2026-10-01 11:56:18] MX outer2 cfg=P_l2_b32_e5_w1_b_d1 Inner 1: F1=0.7250
[2026-10-01 11:56:18] MX outer2 | cfg=P_l2_b32_e5_w1_b_d1 | Inner 2/3
[2026-10-01 11:56:36] MX outer2 cfg=P_l2_b32_e5_w1_b_d1 Inner 2: F1=0.6879
[2026-10-01 11:56:36] MX outer2 | cfg=P_l2_b32_e5_w1_b_d1 | Inner 3/3
[2026-10-01 11:56:54] MX outer2 cfg=P_l2_b32_e5_w1_b_d1 Inner 3: F1=0.6791
[2026-10-01 11:56:55] MX outer2 | trial 1/20 F1_inner=0.6973 | mejor=0.6973
[2026-10-01 11:56:55] MX outer2 | cfg=P_l2_b32_e5_w1_b_d3 | Inner 1/3
[2026-10-01 11:57:13] MX outer2 cfg=P_l2_b32_e5_w1_b_d3 Inner 1: F1=0.7037
[2026-10-01 11:57:13] MX outer2 | cfg=P_l2_b32_e5_w1_b_d3 | Inner 2/3
[2026-10-01 11:57:25] MX outer2 cfg=P_l2_b32_e5_w1_b_d3 Inner 2: F1=0.6533
[2026-10-01 11:57:25] MX outer2 | cfg=P_l2_b32_e5_w1_b_d3 | Inner 3/3
[2026-10-01 11:57:43] MX outer2 cfg=P_l2_b32_e5_w1_b_d3 Inner 3: F1=0.6591
[2026-10-01 11:57:43] MX outer2 | trial 2/20 F1_inner=0.6721 | mejor=0.6973
[2026-10-01 11:57:43] MX outer2 | cfg=P_l2_b16_e3_w5_b_d1 | Inner 1/3
[2026-10-01 11:58:01] MX outer2 cfg=P_l2_b16_e3_w5_b_d1 Inner 1: F1=0.7050
[2026-10-01 11:58:01] MX outer2 | cfg=P_l2_b16_e3_w5_b_d1 | Inner 2/3
[2026-10-01 11:58:19] MX outer2 cfg=P_l2_b16_e3_w5_b_d1 Inner 2: F1=0.6702
[2026-10-01 11:58:19] MX outer2 | cfg=P_l2_b16_e3_w5_b_d1 | Inner 3/3
[2026-10-01 11:58:37] MX outer2 cfg=P_l2_b16_e3_w5_b_d1 Inner 3: F1=0.6590
[2026-10-01 11:58:37] MX outer2 | trial 3/20 F1_inner=0.6781 | mejor=0.6973
[2026-10-01 11:58:37] MX outer2 | cfg=P_l2_b32_e4_w5_s_d2 | Inner 1/3
[2026-10-01 11:58:53] MX outer2 cfg=P_l2_b32_e4_w5_s_d2 Inner 1: F1=0.6326
[2026-10-01 11:58:53] MX outer2 | cfg=P_l2_b32_e4_w5_s_d2 | Inner 2/3
[2026-10-01 11:59:08] MX outer2 cfg=P_l2_b32_e4_w5_s_d2 Inner 2: F1=0.6487
[2026-10-01 11:59:08] MX outer2 | cfg=P_l2_b32_e4_w5_s_d2 | Inner 3/3
[2026-10-01 11:59:23] MX outer2 cfg=P_l2_b32_e4_w5_s_d2 Inner 3: F1=0.6607
[2026-10-01 11:59:23] MX outer2 | trial 4/20 F1_inner=0.6473 | mejor=0.6973
[2026-10-01 11:59:23] MX outer2 | cfg=P_l5_b16_e3_w5_s_d1 | Inner 1/3
[2026-10-01 11:59:36] MX outer2 cfg=P_l5_b16_e3_w5_s_d1 Inner 1: F1=0.7193
[2026-10-01 11:59:36] MX outer2 | cfg=P_l5_b16_e3_w5_s_d1 | Inner 2/3
[2026-10-01 11:59:54] MX outer2 cfg=P_l5_b16_e3_w5_s_d1 Inner 2: F1=0.6906
[2026-10-01 11:59:54] MX outer2 | cfg=P_l5_b16_e3_w5_s_d1 | Inner 3/3
[2026-10-01 12:00:12] MX outer2 cfg=P_l5_b16_e3_w5_s_d1 Inner 3: F1=0.6904
[2026-10-01 12:00:12] MX outer2 | trial 5/20 F1_inner=0.7001 | mejor=0.7001
[2026-10-01 12:00:12] REUTILIZADO MX outer2 cfg=P_l5_b16_e3_w5_s_d1 inner=1: F1=0.7193
[2026-10-01 12:00:12] REUTILIZADO MX outer2 cfg=P_l5_b16_e3_w5_s_d1 inner=2: F1=0.6906
[2026-10-01 12:00:12] REUTILIZADO MX outer2 cfg=P_l5_b16_e3_w5_s_d1 inner=3: F1=0.6904
[2026-10-01 12:00:13] MX outer2 | trial 6/20 F1_inner=0.7001 | mejor=0.7001
[2026-10-01 12:00:13] MX outer2 | cfg=P_l4_b16_e3_w10_s_d3 | Inner 1/3
[2026-10-01 12:00:31] MX outer2 cfg=P_l4_b16_e3_w10_s_d3 Inner 1: F1=0.7025
[2026-10-01 12:00:31] MX outer2 | cfg=P_l4_b16_e3_w10_s_d3 | Inner 2/3
[2026-10-01 12:00:44] MX outer2 cfg=P_l4_b16_e3_w10_s_d3 Inner 2: F1=0.6564
[2026-10-01 12:00:44] MX outer2 | cfg=P_l4_b16_e3_w10_s_d3 | Inner 3/3
[2026-10-01 12:01:02] MX outer2 cfg=P_l4_b16_e3_w10_s_d3 Inner 3: F1=0.6732
[2026-10-01 12:01:02] MX outer2 | trial 7/20 F1_inner=0.6774 | mejor=0.7001
[2026-10-01 12:01:02] MX outer2 | cfg=P_l3_b32_e3_w0_s_d1 | Inner 1/3
[2026-10-01 12:01:13] MX outer2 cfg=P_l3_b32_e3_w0_s_d1 Inner 1: F1=0.6964
[2026-10-01 12:01:13] MX outer2 | cfg=P_l3_b32_e3_w0_s_d1 | Inner 2/3
[2026-10-01 12:01:25] MX outer2 cfg=P_l3_b32_e3_w0_s_d1 Inner 2: F1=0.6589
[2026-10-01 12:01:25] MX outer2 | cfg=P_l3_b32_e3_w0_s_d1 | Inner 3/3
[2026-10-01 12:01:37] MX outer2 cfg=P_l3_b32_e3_w0_s_d1 Inner 3: F1=0.6677
[2026-10-01 12:01:37] MX outer2 | trial 8/20 F1_inner=0.6744 | mejor=0.7001
[2026-10-01 12:01:37] MX outer2 | cfg=P_l5_b16_e4_w0_s_d3 | Inner 1/3
[2026-10-01 12:01:49] MX outer2 cfg=P_l5_b16_e4_w0_s_d3 Inner 1: F1=0.7215
[2026-10-01 12:01:49] MX outer2 | cfg=P_l5_b16_e4_w0_s_d3 | Inner 2/3
[2026-10-01 12:02:13] MX outer2 cfg=P_l5_b16_e4_w0_s_d3 Inner 2: F1=0.6920
[2026-10-01 12:02:13] MX outer2 | cfg=P_l5_b16_e4_w0_s_d3 | Inner 3/3
[2026-10-01 12:02:36] MX outer2 cfg=P_l5_b16_e4_w0_s_d3 Inner 3: F1=0.7063
[2026-10-01 12:02:36] MX outer2 | trial 9/20 F1_inner=0.7066 | mejor=0.7066
[2026-10-01 12:02:36] MX outer2 | cfg=P_l5_b16_e5_w0_s_d2 | Inner 1/3
[2026-10-01 12:02:48] MX outer2 cfg=P_l5_b16_e5_w0_s_d2 Inner 1: F1=0.7225
[2026-10-01 12:02:48] MX outer2 | cfg=P_l5_b16_e5_w0_s_d2 | Inner 2/3
[2026-10-01 12:03:06] MX outer2 cfg=P_l5_b16_e5_w0_s_d2 Inner 2: F1=0.6963
[2026-10-01 12:03:06] MX outer2 | cfg=P_l5_b16_e5_w0_s_d2 | Inner 3/3
[2026-10-01 12:03:29] MX outer2 cfg=P_l5_b16_e5_w0_s_d2 Inner 3: F1=0.6993
[2026-10-01 12:03:29] MX outer2 | trial 10/20 F1_inner=0.7060 | mejor=0.7066
[2026-10-01 12:03:29] MX outer2 | cfg=P_l3_b16_e4_w0_s_d3 | Inner 1/3
[2026-10-01 12:03:47] MX outer2 cfg=P_l3_b16_e4_w0_s_d3 Inner 1: F1=0.6782
[2026-10-01 12:03:47] MX outer2 | cfg=P_l3_b16_e4_w0_s_d3 | Inner 2/3
[2026-10-01 12:04:10] MX outer2 cfg=P_l3_b16_e4_w0_s_d3 Inner 2: F1=0.6779
[2026-10-01 12:04:10] MX outer2 | cfg=P_l3_b16_e4_w0_s_d3 | Inner 3/3
[2026-10-01 12:04:33] MX outer2 cfg=P_l3_b16_e4_w0_s_d3 Inner 3: F1=0.6914
[2026-10-01 12:04:33] MX outer2 | trial 11/20 F1_inner=0.6825 | mejor=0.7066
[2026-10-01 12:04:33] MX outer2 | cfg=P_l5_b32_e5_w0_s_d2 | Inner 1/3
[2026-10-01 12:04:44] MX outer2 cfg=P_l5_b32_e5_w0_s_d2 Inner 1: F1=0.7086
[2026-10-01 12:04:44] MX outer2 | cfg=P_l5_b32_e5_w0_s_d2 | Inner 2/3
[2026-10-01 12:04:59] MX outer2 cfg=P_l5_b32_e5_w0_s_d2 Inner 2: F1=0.6974
[2026-10-01 12:04:59] MX outer2 | cfg=P_l5_b32_e5_w0_s_d2 | Inner 3/3
[2026-10-01 12:05:18] MX outer2 cfg=P_l5_b32_e5_w0_s_d2 Inner 3: F1=0.7038
[2026-10-01 12:05:18] MX outer2 | trial 12/20 F1_inner=0.7033 | mejor=0.7066
[2026-10-01 12:05:18] MX outer2 | cfg=P_l5_b16_e4_w0_s_d2 | Inner 1/3
[2026-10-01 12:05:30] MX outer2 cfg=P_l5_b16_e4_w0_s_d2 Inner 1: F1=0.7248
[2026-10-01 12:05:30] MX outer2 | cfg=P_l5_b16_e4_w0_s_d2 | Inner 2/3
[2026-10-01 12:05:53] MX outer2 cfg=P_l5_b16_e4_w0_s_d2 Inner 2: F1=0.6914
[2026-10-01 12:05:53] MX outer2 | cfg=P_l5_b16_e4_w0_s_d2 | Inner 3/3
[2026-10-01 12:06:17] MX outer2 cfg=P_l5_b16_e4_w0_s_d2 Inner 3: F1=0.6977
[2026-10-01 12:06:17] MX outer2 | trial 13/20 F1_inner=0.7046 | mejor=0.7066
[2026-10-01 12:06:18] MX outer2 | cfg=P_l5_b16_e5_w0_s_d3 | Inner 1/3
[2026-10-01 12:06:30] MX outer2 cfg=P_l5_b16_e5_w0_s_d3 Inner 1: F1=0.7211
[2026-10-01 12:06:30] MX outer2 | cfg=P_l5_b16_e5_w0_s_d3 | Inner 2/3
[2026-10-01 12:06:48] MX outer2 cfg=P_l5_b16_e5_w0_s_d3 Inner 2: F1=0.6898
[2026-10-01 12:06:48] MX outer2 | cfg=P_l5_b16_e5_w0_s_d3 | Inner 3/3
[2026-10-01 12:07:16] MX outer2 cfg=P_l5_b16_e5_w0_s_d3 Inner 3: F1=0.7067
[2026-10-01 12:07:16] MX outer2 | trial 14/20 F1_inner=0.7058 | mejor=0.7066
[2026-10-01 12:07:16] MX outer2 | cfg=P_l4_b16_e5_w1_s_d2 | Inner 1/3
[2026-10-01 12:07:29] MX outer2 cfg=P_l4_b16_e5_w1_s_d2 Inner 1: F1=0.7029
[2026-10-01 12:07:29] MX outer2 | cfg=P_l4_b16_e5_w1_s_d2 | Inner 2/3
[2026-10-01 12:07:58] MX outer2 cfg=P_l4_b16_e5_w1_s_d2 Inner 2: F1=0.6934
[2026-10-01 12:07:58] MX outer2 | cfg=P_l4_b16_e5_w1_s_d2 | Inner 3/3
[2026-10-01 12:08:21] MX outer2 cfg=P_l4_b16_e5_w1_s_d2 Inner 3: F1=0.6923
[2026-10-01 12:08:21] MX outer2 | trial 15/20 F1_inner=0.6962 | mejor=0.7066
[2026-10-01 12:08:22] MX outer2 | cfg=P_l2_b16_e4_w0_b_d3 | Inner 1/3
[2026-10-01 12:08:45] MX outer2 cfg=P_l2_b16_e4_w0_b_d3 Inner 1: F1=0.7115
[2026-10-01 12:08:45] MX outer2 | cfg=P_l2_b16_e4_w0_b_d3 | Inner 2/3
[2026-10-01 12:09:08] MX outer2 cfg=P_l2_b16_e4_w0_b_d3 Inner 2: F1=0.6755
[2026-10-01 12:09:08] MX outer2 | cfg=P_l2_b16_e4_w0_b_d3 | Inner 3/3
[2026-10-01 12:09:31] MX outer2 cfg=P_l2_b16_e4_w0_b_d3 Inner 3: F1=0.6670
[2026-10-01 12:09:31] MX outer2 | trial 16/20 F1_inner=0.6847 | mejor=0.7066
[2026-10-01 12:09:31] MX outer2 | cfg=P_l5_b16_e5_w5_b_d2 | Inner 1/3
[2026-10-01 12:09:49] MX outer2 cfg=P_l5_b16_e5_w5_b_d2 Inner 1: F1=0.7165
[2026-10-01 12:09:49] MX outer2 | cfg=P_l5_b16_e5_w5_b_d2 | Inner 2/3
[2026-10-01 12:10:07] MX outer2 cfg=P_l5_b16_e5_w5_b_d2 Inner 2: F1=0.7051
[2026-10-01 12:10:07] MX outer2 | cfg=P_l5_b16_e5_w5_b_d2 | Inner 3/3
[2026-10-01 12:10:36] MX outer2 cfg=P_l5_b16_e5_w5_b_d2 Inner 3: F1=0.7091
[2026-10-01 12:10:37] MX outer2 | trial 17/20 F1_inner=0.7102 | mejor=0.7102
[2026-10-01 12:10:37] REUTILIZADO MX outer2 cfg=P_l5_b16_e5_w5_b_d2 inner=1: F1=0.7165
[2026-10-01 12:10:37] REUTILIZADO MX outer2 cfg=P_l5_b16_e5_w5_b_d2 inner=2: F1=0.7051
[2026-10-01 12:10:37] REUTILIZADO MX outer2 cfg=P_l5_b16_e5_w5_b_d2 inner=3: F1=0.7091
[2026-10-01 12:10:37] MX outer2 | trial 18/20 F1_inner=0.7102 | mejor=0.7102
[2026-10-01 12:10:37] REUTILIZADO MX outer2 cfg=P_l5_b16_e5_w5_b_d2 inner=1: F1=0.7165
[2026-10-01 12:10:37] REUTILIZADO MX outer2 cfg=P_l5_b16_e5_w5_b_d2 inner=2: F1=0.7051
[2026-10-01 12:10:37] REUTILIZADO MX outer2 cfg=P_l5_b16_e5_w5_b_d2 inner=3: F1=0.7091
[2026-10-01 12:10:37] MX outer2 | trial 19/20 F1_inner=0.7102 | mejor=0.7102
[2026-10-01 12:10:37] MX outer2 | cfg=P_l3_b16_e5_w10_b_d2 | Inner 1/3
[2026-10-01 12:10:55] MX outer2 cfg=P_l3_b16_e5_w10_b_d2 Inner 1: F1=0.7241
[2026-10-01 12:10:55] MX outer2 | cfg=P_l3_b16_e5_w10_b_d2 | Inner 2/3
[2026-10-01 12:11:18] MX outer2 cfg=P_l3_b16_e5_w10_b_d2 Inner 2: F1=0.7006
[2026-10-01 12:11:18] MX outer2 | cfg=P_l3_b16_e5_w10_b_d2 | Inner 3/3
[2026-10-01 12:11:41] MX outer2 cfg=P_l3_b16_e5_w10_b_d2 Inner 3: F1=0.6963
[2026-10-01 12:11:41] MX outer2 | trial 20/20 F1_inner=0.7070 | mejor=0.7102
[2026-10-01 12:11:41] MX Outer 2: refit PYSENTIMIENTO, 2 épocas
[2026-10-01 12:11:58] MX Outer 2 refit: F1_train=0.9155, F1_outer=0.7138
[2026-10-01 12:11:58] [MX][RoBERTuito][Outer 2/5] FINALIZADO | prep=PYSENTIMIENTO | F1_inner=0.7102±0.0058 | F1_train=0.9155 | F1_outer=0.7138 | gap=0.2017
[2026-10-01 12:11:58] MX | Outer 3/5
[2026-10-01 12:11:59] MX outer3 | cfg=P_l2_b32_e4_w10_b_d2 | Inner 1/3
[2026-10-01 12:12:14] MX outer3 cfg=P_l2_b32_e4_w10_b_d2 Inner 1: F1=0.7167
[2026-10-01 12:12:14] MX outer3 | cfg=P_l2_b32_e4_w10_b_d2 | Inner 2/3
[2026-10-01 12:12:29] MX outer3 cfg=P_l2_b32_e4_w10_b_d2 Inner 2: F1=0.7008
[2026-10-01 12:12:29] MX outer3 | cfg=P_l2_b32_e4_w10_b_d2 | Inner 3/3
[2026-10-01 12:12:37] MX outer3 cfg=P_l2_b32_e4_w10_b_d2 Inner 3: F1=0.6095
[2026-10-01 12:12:37] MX outer3 | trial 1/20 F1_inner=0.6756 | mejor=0.6756
[2026-10-01 12:12:37] MX outer3 | cfg=P_l4_b32_e5_w1_b_d2 | Inner 1/3
[2026-10-01 12:12:52] MX outer3 cfg=P_l4_b32_e5_w1_b_d2 Inner 1: F1=0.7284
[2026-10-01 12:12:53] MX outer3 | cfg=P_l4_b32_e5_w1_b_d2 | Inner 2/3
[2026-10-01 12:13:08] MX outer3 cfg=P_l4_b32_e5_w1_b_d2 Inner 2: F1=0.7289
[2026-10-01 12:13:08] MX outer3 | cfg=P_l4_b32_e5_w1_b_d2 | Inner 3/3
[2026-10-01 12:13:26] MX outer3 cfg=P_l4_b32_e5_w1_b_d2 Inner 3: F1=0.6876
[2026-10-01 12:13:27] MX outer3 | trial 2/20 F1_inner=0.7150 | mejor=0.7150
[2026-10-01 12:13:27] MX outer3 | cfg=P_l3_b16_e3_w0_b_d2 | Inner 1/3
[2026-10-01 12:13:45] MX outer3 cfg=P_l3_b16_e3_w0_b_d2 Inner 1: F1=0.7416
[2026-10-01 12:13:45] MX outer3 | cfg=P_l3_b16_e3_w0_b_d2 | Inner 2/3
[2026-10-01 12:14:04] MX outer3 cfg=P_l3_b16_e3_w0_b_d2 Inner 2: F1=0.7193
[2026-10-01 12:14:04] MX outer3 | cfg=P_l3_b16_e3_w0_b_d2 | Inner 3/3
[2026-10-01 12:14:22] MX outer3 cfg=P_l3_b16_e3_w0_b_d2 Inner 3: F1=0.6714
[2026-10-01 12:14:22] MX outer3 | trial 3/20 F1_inner=0.7108 | mejor=0.7150
[2026-10-01 12:14:23] MX outer3 | cfg=P_l4_b16_e3_w1_s_d3 | Inner 1/3
[2026-10-01 12:14:42] MX outer3 cfg=P_l4_b16_e3_w1_s_d3 Inner 1: F1=0.7365
[2026-10-01 12:14:42] MX outer3 | cfg=P_l4_b16_e3_w1_s_d3 | Inner 2/3
[2026-10-01 12:15:00] MX outer3 cfg=P_l4_b16_e3_w1_s_d3 Inner 2: F1=0.6905
[2026-10-01 12:15:00] MX outer3 | cfg=P_l4_b16_e3_w1_s_d3 | Inner 3/3
[2026-10-01 12:15:20] MX outer3 cfg=P_l4_b16_e3_w1_s_d3 Inner 3: F1=0.6948
[2026-10-01 12:15:20] MX outer3 | trial 4/20 F1_inner=0.7072 | mejor=0.7150
[2026-10-01 12:15:20] MX outer3 | cfg=P_l2_b16_e4_w10_b_d3 | Inner 1/3
[2026-10-01 12:15:44] MX outer3 cfg=P_l2_b16_e4_w10_b_d3 Inner 1: F1=0.7305
[2026-10-01 12:15:44] MX outer3 | cfg=P_l2_b16_e4_w10_b_d3 | Inner 2/3
[2026-10-01 12:16:10] MX outer3 cfg=P_l2_b16_e4_w10_b_d3 Inner 2: F1=0.7189
[2026-10-01 12:16:10] MX outer3 | cfg=P_l2_b16_e4_w10_b_d3 | Inner 3/3
[2026-10-01 12:16:28] MX outer3 cfg=P_l2_b16_e4_w10_b_d3 Inner 3: F1=0.6476
[2026-10-01 12:16:28] MX outer3 | trial 5/20 F1_inner=0.6990 | mejor=0.7150
[2026-10-01 12:16:28] MX outer3 | cfg=P_l4_b32_e5_w1_s_d2 | Inner 1/3
[2026-10-01 12:16:41] MX outer3 cfg=P_l4_b32_e5_w1_s_d2 Inner 1: F1=0.7199
[2026-10-01 12:16:41] MX outer3 | cfg=P_l4_b32_e5_w1_s_d2 | Inner 2/3
[2026-10-01 12:17:00] MX outer3 cfg=P_l4_b32_e5_w1_s_d2 Inner 2: F1=0.7192
[2026-10-01 12:17:00] MX outer3 | cfg=P_l4_b32_e5_w1_s_d2 | Inner 3/3
[2026-10-01 12:17:20] MX outer3 cfg=P_l4_b32_e5_w1_s_d2 Inner 3: F1=0.6976
[2026-10-01 12:17:20] MX outer3 | trial 6/20 F1_inner=0.7122 | mejor=0.7150
[2026-10-01 12:17:20] MX outer3 | cfg=P_l4_b32_e5_w1_b_d1 | Inner 1/3
[2026-10-01 12:17:32] MX outer3 cfg=P_l4_b32_e5_w1_b_d1 Inner 1: F1=0.7353
[2026-10-01 12:17:32] MX outer3 | cfg=P_l4_b32_e5_w1_b_d1 | Inner 2/3
[2026-10-01 12:17:43] MX outer3 cfg=P_l4_b32_e5_w1_b_d1 Inner 2: F1=0.7255
[2026-10-01 12:17:43] MX outer3 | cfg=P_l4_b32_e5_w1_b_d1 | Inner 3/3
[2026-10-01 12:18:02] MX outer3 cfg=P_l4_b32_e5_w1_b_d1 Inner 3: F1=0.6977
[2026-10-01 12:18:02] MX outer3 | trial 7/20 F1_inner=0.7195 | mejor=0.7195
[2026-10-01 12:18:03] MX outer3 | cfg=P_l4_b32_e5_w0_b_d1 | Inner 1/3
[2026-10-01 12:18:14] MX outer3 cfg=P_l4_b32_e5_w0_b_d1 Inner 1: F1=0.7368
[2026-10-01 12:18:14] MX outer3 | cfg=P_l4_b32_e5_w0_b_d1 | Inner 2/3
[2026-10-01 12:18:26] MX outer3 cfg=P_l4_b32_e5_w0_b_d1 Inner 2: F1=0.7255
[2026-10-01 12:18:26] MX outer3 | cfg=P_l4_b32_e5_w0_b_d1 | Inner 3/3
[2026-10-01 12:18:45] MX outer3 cfg=P_l4_b32_e5_w0_b_d1 Inner 3: F1=0.6934
[2026-10-01 12:18:45] MX outer3 | trial 8/20 F1_inner=0.7185 | mejor=0.7195
[2026-10-01 12:18:45] MX outer3 | cfg=P_l5_b16_e5_w5_b_d1 | Inner 1/3
[2026-10-01 12:19:09] MX outer3 cfg=P_l5_b16_e5_w5_b_d1 Inner 1: F1=0.7385
[2026-10-01 12:19:09] MX outer3 | cfg=P_l5_b16_e5_w5_b_d1 | Inner 2/3
[2026-10-01 12:19:29] MX outer3 cfg=P_l5_b16_e5_w5_b_d1 Inner 2: F1=0.7338
[2026-10-01 12:19:29] MX outer3 | cfg=P_l5_b16_e5_w5_b_d1 | Inner 3/3
[2026-10-01 12:19:48] MX outer3 cfg=P_l5_b16_e5_w5_b_d1 Inner 3: F1=0.7005
[2026-10-01 12:19:48] MX outer3 | trial 9/20 F1_inner=0.7243 | mejor=0.7243
[2026-10-01 12:19:48] REUTILIZADO MX outer3 cfg=P_l5_b16_e5_w5_b_d1 inner=1: F1=0.7385
[2026-10-01 12:19:48] REUTILIZADO MX outer3 cfg=P_l5_b16_e5_w5_b_d1 inner=2: F1=0.7338
[2026-10-01 12:19:48] REUTILIZADO MX outer3 cfg=P_l5_b16_e5_w5_b_d1 inner=3: F1=0.7005
[2026-10-01 12:19:48] MX outer3 | trial 10/20 F1_inner=0.7243 | mejor=0.7243
[2026-10-01 12:19:48] MX outer3 | cfg=P_l2_b16_e5_w5_s_d1 | Inner 1/3
[2026-10-01 12:20:19] MX outer3 cfg=P_l2_b16_e5_w5_s_d1 Inner 1: F1=0.7154
[2026-10-01 12:20:19] MX outer3 | cfg=P_l2_b16_e5_w5_s_d1 | Inner 2/3
[2026-10-01 12:20:50] MX outer3 cfg=P_l2_b16_e5_w5_s_d1 Inner 2: F1=0.7038
[2026-10-01 12:20:50] MX outer3 | cfg=P_l2_b16_e5_w5_s_d1 | Inner 3/3
[2026-10-01 12:21:19] MX outer3 cfg=P_l2_b16_e5_w5_s_d1 Inner 3: F1=0.6962
[2026-10-01 12:21:20] MX outer3 | trial 11/20 F1_inner=0.7051 | mejor=0.7243
[2026-10-01 12:21:20] REUTILIZADO MX outer3 cfg=P_l5_b16_e5_w5_b_d1 inner=1: F1=0.7385
[2026-10-01 12:21:20] REUTILIZADO MX outer3 cfg=P_l5_b16_e5_w5_b_d1 inner=2: F1=0.7338
[2026-10-01 12:21:20] REUTILIZADO MX outer3 cfg=P_l5_b16_e5_w5_b_d1 inner=3: F1=0.7005
[2026-10-01 12:21:20] MX outer3 | trial 12/20 F1_inner=0.7243 | mejor=0.7243
[2026-10-01 12:21:20] MX outer3 | cfg=P_l5_b16_e4_w1_b_d1 | Inner 1/3
[2026-10-01 12:21:39] MX outer3 cfg=P_l5_b16_e4_w1_b_d1 Inner 1: F1=0.7421
[2026-10-01 12:21:39] MX outer3 | cfg=P_l5_b16_e4_w1_b_d1 | Inner 2/3
[2026-10-01 12:21:57] MX outer3 cfg=P_l5_b16_e4_w1_b_d1 Inner 2: F1=0.7345
[2026-10-01 12:21:57] MX outer3 | cfg=P_l5_b16_e4_w1_b_d1 | Inner 3/3
[2026-10-01 12:22:22] MX outer3 cfg=P_l5_b16_e4_w1_b_d1 Inner 3: F1=0.7107
[2026-10-01 12:22:22] MX outer3 | trial 13/20 F1_inner=0.7291 | mejor=0.7291
[2026-10-01 12:22:22] REUTILIZADO MX outer3 cfg=P_l5_b16_e4_w1_b_d1 inner=1: F1=0.7421
[2026-10-01 12:22:22] REUTILIZADO MX outer3 cfg=P_l5_b16_e4_w1_b_d1 inner=2: F1=0.7345
[2026-10-01 12:22:22] REUTILIZADO MX outer3 cfg=P_l5_b16_e4_w1_b_d1 inner=3: F1=0.7107
[2026-10-01 12:22:22] MX outer3 | trial 14/20 F1_inner=0.7291 | mejor=0.7291
[2026-10-01 12:22:22] REUTILIZADO MX outer3 cfg=P_l5_b16_e4_w1_b_d1 inner=1: F1=0.7421
[2026-10-01 12:22:22] REUTILIZADO MX outer3 cfg=P_l5_b16_e4_w1_b_d1 inner=2: F1=0.7345
[2026-10-01 12:22:22] REUTILIZADO MX outer3 cfg=P_l5_b16_e4_w1_b_d1 inner=3: F1=0.7107
[2026-10-01 12:22:23] MX outer3 | trial 15/20 F1_inner=0.7291 | mejor=0.7291
[2026-10-01 12:22:23] MX outer3 | cfg=P_l3_b16_e4_w1_s_d1 | Inner 1/3
[2026-10-01 12:22:47] MX outer3 cfg=P_l3_b16_e4_w1_s_d1 Inner 1: F1=0.7222
[2026-10-01 12:22:47] MX outer3 | cfg=P_l3_b16_e4_w1_s_d1 | Inner 2/3
[2026-10-01 12:23:11] MX outer3 cfg=P_l3_b16_e4_w1_s_d1 Inner 2: F1=0.7049
[2026-10-01 12:23:11] MX outer3 | cfg=P_l3_b16_e4_w1_s_d1 | Inner 3/3
[2026-10-01 12:23:35] MX outer3 cfg=P_l3_b16_e4_w1_s_d1 Inner 3: F1=0.6985
[2026-10-01 12:23:35] MX outer3 | trial 16/20 F1_inner=0.7085 | mejor=0.7291
[2026-10-01 12:23:35] MX outer3 | cfg=P_l5_b16_e4_w1_s_d2 | Inner 1/3
[2026-10-01 12:23:54] MX outer3 cfg=P_l5_b16_e4_w1_s_d2 Inner 1: F1=0.7301
[2026-10-01 12:23:54] MX outer3 | cfg=P_l5_b16_e4_w1_s_d2 | Inner 2/3
[2026-10-01 12:24:18] MX outer3 cfg=P_l5_b16_e4_w1_s_d2 Inner 2: F1=0.7276
[2026-10-01 12:24:18] MX outer3 | cfg=P_l5_b16_e4_w1_s_d2 | Inner 3/3
[2026-10-01 12:24:42] MX outer3 cfg=P_l5_b16_e4_w1_s_d2 Inner 3: F1=0.7127
[2026-10-01 12:24:42] MX outer3 | trial 17/20 F1_inner=0.7235 | mejor=0.7291
[2026-10-01 12:24:42] MX outer3 | cfg=P_l2_b16_e4_w0_b_d1 | Inner 1/3
[2026-10-01 12:25:06] MX outer3 cfg=P_l2_b16_e4_w0_b_d1 Inner 1: F1=0.7357
[2026-10-01 12:25:06] MX outer3 | cfg=P_l2_b16_e4_w0_b_d1 | Inner 2/3
[2026-10-01 12:25:24] MX outer3 cfg=P_l2_b16_e4_w0_b_d1 Inner 2: F1=0.7168
[2026-10-01 12:25:24] MX outer3 | cfg=P_l2_b16_e4_w0_b_d1 | Inner 3/3
[2026-10-01 12:25:47] MX outer3 cfg=P_l2_b16_e4_w0_b_d1 Inner 3: F1=0.6743
[2026-10-01 12:25:48] MX outer3 | trial 18/20 F1_inner=0.7090 | mejor=0.7291
[2026-10-01 12:25:48] MX outer3 | cfg=P_l2_b16_e3_w1_b_d1 | Inner 1/3
[2026-10-01 12:26:06] MX outer3 cfg=P_l2_b16_e3_w1_b_d1 Inner 1: F1=0.7200
[2026-10-01 12:26:06] MX outer3 | cfg=P_l2_b16_e3_w1_b_d1 | Inner 2/3
[2026-10-01 12:26:25] MX outer3 cfg=P_l2_b16_e3_w1_b_d1 Inner 2: F1=0.7152
[2026-10-01 12:26:25] MX outer3 | cfg=P_l2_b16_e3_w1_b_d1 | Inner 3/3
[2026-10-01 12:26:43] MX outer3 cfg=P_l2_b16_e3_w1_b_d1 Inner 3: F1=0.6535
[2026-10-01 12:26:43] MX outer3 | trial 19/20 F1_inner=0.6962 | mejor=0.7291
[2026-10-01 12:26:43] MX outer3 | cfg=P_l5_b16_e5_w1_b_d3 | Inner 1/3
[2026-10-01 12:27:02] MX outer3 cfg=P_l5_b16_e5_w1_b_d3 Inner 1: F1=0.7329
[2026-10-01 12:27:02] MX outer3 | cfg=P_l5_b16_e5_w1_b_d3 | Inner 2/3
[2026-10-01 12:27:21] MX outer3 cfg=P_l5_b16_e5_w1_b_d3 Inner 2: F1=0.7394
[2026-10-01 12:27:21] MX outer3 | cfg=P_l5_b16_e5_w1_b_d3 | Inner 3/3
[2026-10-01 12:27:53] MX outer3 cfg=P_l5_b16_e5_w1_b_d3 Inner 3: F1=0.7138
[2026-10-01 12:27:53] MX outer3 | trial 20/20 F1_inner=0.7287 | mejor=0.7291
[2026-10-01 12:27:53] MX Outer 3: refit PYSENTIMIENTO, 2 épocas
[2026-10-01 12:28:13] MX Outer 3 refit: F1_train=0.9346, F1_outer=0.6763
[2026-10-01 12:28:13] [MX][RoBERTuito][Outer 3/5] FINALIZADO | prep=PYSENTIMIENTO | F1_inner=0.7291±0.0163 | F1_train=0.9346 | F1_outer=0.6763 | gap=0.2583
[2026-10-01 12:28:13] MX | Outer 4/5
[2026-10-01 12:28:13] MX outer4 | cfg=P_l2_b32_e5_w1_b_d3 | Inner 1/3
[2026-10-01 12:28:33] MX outer4 cfg=P_l2_b32_e5_w1_b_d3 Inner 1: F1=0.6543
[2026-10-01 12:28:33] MX outer4 | cfg=P_l2_b32_e5_w1_b_d3 | Inner 2/3
[2026-10-01 12:28:52] MX outer4 cfg=P_l2_b32_e5_w1_b_d3 Inner 2: F1=0.6526
[2026-10-01 12:28:52] MX outer4 | cfg=P_l2_b32_e5_w1_b_d3 | Inner 3/3
[2026-10-01 12:29:11] MX outer4 cfg=P_l2_b32_e5_w1_b_d3 Inner 3: F1=0.7238
[2026-10-01 12:29:12] MX outer4 | trial 1/20 F1_inner=0.6769 | mejor=0.6769
[2026-10-01 12:29:12] MX outer4 | cfg=P_l3_b32_e4_w5_s_d1 | Inner 1/3
[2026-10-01 12:29:27] MX outer4 cfg=P_l3_b32_e4_w5_s_d1 Inner 1: F1=0.6362
[2026-10-01 12:29:27] MX outer4 | cfg=P_l3_b32_e4_w5_s_d1 | Inner 2/3
[2026-10-01 12:29:43] MX outer4 cfg=P_l3_b32_e4_w5_s_d1 Inner 2: F1=0.6537
[2026-10-01 12:29:43] MX outer4 | cfg=P_l3_b32_e4_w5_s_d1 | Inner 3/3
[2026-10-01 12:29:58] MX outer4 cfg=P_l3_b32_e4_w5_s_d1 Inner 3: F1=0.6912
[2026-10-01 12:29:59] MX outer4 | trial 2/20 F1_inner=0.6604 | mejor=0.6769
[2026-10-01 12:29:59] MX outer4 | cfg=P_l5_b32_e4_w0_s_d1 | Inner 1/3
[2026-10-01 12:30:07] MX outer4 cfg=P_l5_b32_e4_w0_s_d1 Inner 1: F1=0.6434
[2026-10-01 12:30:07] MX outer4 | cfg=P_l5_b32_e4_w0_s_d1 | Inner 2/3
[2026-10-01 12:30:22] MX outer4 cfg=P_l5_b32_e4_w0_s_d1 Inner 2: F1=0.6698
[2026-10-01 12:30:22] MX outer4 | cfg=P_l5_b32_e4_w0_s_d1 | Inner 3/3
[2026-10-01 12:30:37] MX outer4 cfg=P_l5_b32_e4_w0_s_d1 Inner 3: F1=0.7502
[2026-10-01 12:30:38] MX outer4 | trial 3/20 F1_inner=0.6878 | mejor=0.6878
[2026-10-01 12:30:38] MX outer4 | cfg=P_l4_b32_e4_w10_b_d1 | Inner 1/3
[2026-10-01 12:30:50] MX outer4 cfg=P_l4_b32_e4_w10_b_d1 Inner 1: F1=0.6658
[2026-10-01 12:30:50] MX outer4 | cfg=P_l4_b32_e4_w10_b_d1 | Inner 2/3
[2026-10-01 12:31:05] MX outer4 cfg=P_l4_b32_e4_w10_b_d1 Inner 2: F1=0.6760
[2026-10-01 12:31:05] MX outer4 | cfg=P_l4_b32_e4_w10_b_d1 | Inner 3/3
[2026-10-01 12:31:21] MX outer4 cfg=P_l4_b32_e4_w10_b_d1 Inner 3: F1=0.7468
[2026-10-01 12:31:22] MX outer4 | trial 4/20 F1_inner=0.6962 | mejor=0.6962
[2026-10-01 12:31:22] MX outer4 | cfg=P_l3_b16_e3_w1_s_d2 | Inner 1/3
[2026-10-01 12:31:41] MX outer4 cfg=P_l3_b16_e3_w1_s_d2 Inner 1: F1=0.6466
[2026-10-01 12:31:41] MX outer4 | cfg=P_l3_b16_e3_w1_s_d2 | Inner 2/3
[2026-10-01 12:32:00] MX outer4 cfg=P_l3_b16_e3_w1_s_d2 Inner 2: F1=0.6479
[2026-10-01 12:32:00] MX outer4 | cfg=P_l3_b16_e3_w1_s_d2 | Inner 3/3
[2026-10-01 12:32:19] MX outer4 cfg=P_l3_b16_e3_w1_s_d2 Inner 3: F1=0.6638
[2026-10-01 12:32:19] MX outer4 | trial 5/20 F1_inner=0.6528 | mejor=0.6962
[2026-10-01 12:32:19] REUTILIZADO MX outer4 cfg=P_l4_b32_e4_w10_b_d1 inner=1: F1=0.6658
[2026-10-01 12:32:19] REUTILIZADO MX outer4 cfg=P_l4_b32_e4_w10_b_d1 inner=2: F1=0.6760
[2026-10-01 12:32:19] REUTILIZADO MX outer4 cfg=P_l4_b32_e4_w10_b_d1 inner=3: F1=0.7468
[2026-10-01 12:32:19] MX outer4 | trial 6/20 F1_inner=0.6962 | mejor=0.6962
[2026-10-01 12:32:19] MX outer4 | cfg=P_l4_b32_e3_w10_s_d3 | Inner 1/3
[2026-10-01 12:32:31] MX outer4 cfg=P_l4_b32_e3_w10_s_d3 Inner 1: F1=0.6390
[2026-10-01 12:32:31] MX outer4 | cfg=P_l4_b32_e3_w10_s_d3 | Inner 2/3
[2026-10-01 12:32:43] MX outer4 cfg=P_l4_b32_e3_w10_s_d3 Inner 2: F1=0.6487
[2026-10-01 12:32:43] MX outer4 | cfg=P_l4_b32_e3_w10_s_d3 | Inner 3/3
[2026-10-01 12:32:55] MX outer4 cfg=P_l4_b32_e3_w10_s_d3 Inner 3: F1=0.6681
[2026-10-01 12:32:56] MX outer4 | trial 7/20 F1_inner=0.6519 | mejor=0.6962
[2026-10-01 12:32:56] MX outer4 | cfg=P_l4_b16_e4_w0_b_d2 | Inner 1/3
[2026-10-01 12:33:14] MX outer4 cfg=P_l4_b16_e4_w0_b_d2 Inner 1: F1=0.6675
[2026-10-01 12:33:14] MX outer4 | cfg=P_l4_b16_e4_w0_b_d2 | Inner 2/3
[2026-10-01 12:33:34] MX outer4 cfg=P_l4_b16_e4_w0_b_d2 Inner 2: F1=0.6652
[2026-10-01 12:33:34] MX outer4 | cfg=P_l4_b16_e4_w0_b_d2 | Inner 3/3
[2026-10-01 12:33:58] MX outer4 cfg=P_l4_b16_e4_w0_b_d2 Inner 3: F1=0.7406
[2026-10-01 12:33:58] MX outer4 | trial 8/20 F1_inner=0.6911 | mejor=0.6962
[2026-10-01 12:33:59] MX outer4 | cfg=P_l5_b16_e3_w10_b_d1 | Inner 1/3
[2026-10-01 12:34:20] MX outer4 cfg=P_l5_b16_e3_w10_b_d1 Inner 1: F1=0.6740
[2026-10-01 12:34:20] MX outer4 | cfg=P_l5_b16_e3_w10_b_d1 | Inner 2/3
[2026-10-01 12:34:50] ACTIVO: MX outer4 | cfg=P_l5_b16_e3_w10_b_d1 | Inner 2/3
[2026-10-01 12:35:02] MX outer4 cfg=P_l5_b16_e3_w10_b_d1 Inner 2: F1=0.6777
[2026-10-01 12:35:02] MX outer4 | cfg=P_l5_b16_e3_w10_b_d1 | Inner 3/3
[2026-10-01 12:35:25] MX outer4 cfg=P_l5_b16_e3_w10_b_d1 Inner 3: F1=0.7241
[2026-10-01 12:35:25] MX outer4 | trial 9/20 F1_inner=0.6919 | mejor=0.6962
[2026-10-01 12:35:25] MX outer4 | cfg=P_l3_b16_e4_w1_b_d3 | Inner 1/3
[2026-10-01 12:35:46] MX outer4 cfg=P_l3_b16_e4_w1_b_d3 Inner 1: F1=0.6702
[2026-10-01 12:35:46] MX outer4 | cfg=P_l3_b16_e4_w1_b_d3 | Inner 2/3
[2026-10-01 12:36:11] MX outer4 cfg=P_l3_b16_e4_w1_b_d3 Inner 2: F1=0.6633
[2026-10-01 12:36:11] MX outer4 | cfg=P_l3_b16_e4_w1_b_d3 | Inner 3/3
[2026-10-01 12:36:36] MX outer4 cfg=P_l3_b16_e4_w1_b_d3 Inner 3: F1=0.7338
[2026-10-01 12:36:36] MX outer4 | trial 10/20 F1_inner=0.6891 | mejor=0.6962
[2026-10-01 12:36:36] MX outer4 | cfg=P_l2_b32_e4_w10_b_d2 | Inner 1/3
[2026-10-01 12:36:52] MX outer4 cfg=P_l2_b32_e4_w10_b_d2 Inner 1: F1=0.6483
[2026-10-01 12:36:52] MX outer4 | cfg=P_l2_b32_e4_w10_b_d2 | Inner 2/3
[2026-10-01 12:37:07] MX outer4 cfg=P_l2_b32_e4_w10_b_d2 Inner 2: F1=0.6387
[2026-10-01 12:37:07] MX outer4 | cfg=P_l2_b32_e4_w10_b_d2 | Inner 3/3
[2026-10-01 12:37:22] MX outer4 cfg=P_l2_b32_e4_w10_b_d2 Inner 3: F1=0.7138
[2026-10-01 12:37:22] MX outer4 | trial 11/20 F1_inner=0.6669 | mejor=0.6962
[2026-10-01 12:37:22] REUTILIZADO MX outer4 cfg=P_l4_b32_e4_w10_b_d1 inner=1: F1=0.6658
[2026-10-01 12:37:22] REUTILIZADO MX outer4 cfg=P_l4_b32_e4_w10_b_d1 inner=2: F1=0.6760
[2026-10-01 12:37:22] REUTILIZADO MX outer4 cfg=P_l4_b32_e4_w10_b_d1 inner=3: F1=0.7468
[2026-10-01 12:37:22] MX outer4 | trial 12/20 F1_inner=0.6962 | mejor=0.6962
[2026-10-01 12:37:23] MX outer4 | cfg=P_l4_b32_e3_w1_b_d1 | Inner 1/3
[2026-10-01 12:37:34] MX outer4 cfg=P_l4_b32_e3_w1_b_d1 Inner 1: F1=0.6750
[2026-10-01 12:37:34] MX outer4 | cfg=P_l4_b32_e3_w1_b_d1 | Inner 2/3
[2026-10-01 12:37:46] MX outer4 cfg=P_l4_b32_e3_w1_b_d1 Inner 2: F1=0.6570
[2026-10-01 12:37:46] MX outer4 | cfg=P_l4_b32_e3_w1_b_d1 | Inner 3/3
[2026-10-01 12:37:58] MX outer4 cfg=P_l4_b32_e3_w1_b_d1 Inner 3: F1=0.7358
[2026-10-01 12:37:58] MX outer4 | trial 13/20 F1_inner=0.6893 | mejor=0.6962
[2026-10-01 12:37:58] MX outer4 | cfg=P_l4_b32_e4_w5_b_d3 | Inner 1/3
[2026-10-01 12:38:13] MX outer4 cfg=P_l4_b32_e4_w5_b_d3 Inner 1: F1=0.6793
[2026-10-01 12:38:13] MX outer4 | cfg=P_l4_b32_e4_w5_b_d3 | Inner 2/3
[2026-10-01 12:38:25] MX outer4 cfg=P_l4_b32_e4_w5_b_d3 Inner 2: F1=0.6585
[2026-10-01 12:38:25] MX outer4 | cfg=P_l4_b32_e4_w5_b_d3 | Inner 3/3
[2026-10-01 12:38:41] MX outer4 cfg=P_l4_b32_e4_w5_b_d3 Inner 3: F1=0.7352
[2026-10-01 12:38:41] MX outer4 | trial 14/20 F1_inner=0.6910 | mejor=0.6962
[2026-10-01 12:38:41] MX outer4 | cfg=P_l4_b32_e5_w10_b_d2 | Inner 1/3
[2026-10-01 12:38:53] MX outer4 cfg=P_l4_b32_e5_w10_b_d2 Inner 1: F1=0.6708
[2026-10-01 12:38:53] MX outer4 | cfg=P_l4_b32_e5_w10_b_d2 | Inner 2/3
[2026-10-01 12:39:05] MX outer4 cfg=P_l4_b32_e5_w10_b_d2 Inner 2: F1=0.6672
[2026-10-01 12:39:05] MX outer4 | cfg=P_l4_b32_e5_w10_b_d2 | Inner 3/3
[2026-10-01 12:39:24] MX outer4 cfg=P_l4_b32_e5_w10_b_d2 Inner 3: F1=0.7621
[2026-10-01 12:39:25] MX outer4 | trial 15/20 F1_inner=0.7000 | mejor=0.7000
[2026-10-01 12:39:25] MX outer4 | cfg=P_l4_b16_e5_w10_b_d2 | Inner 1/3
[2026-10-01 12:39:43] MX outer4 cfg=P_l4_b16_e5_w10_b_d2 Inner 1: F1=0.6690
[2026-10-01 12:39:43] MX outer4 | cfg=P_l4_b16_e5_w10_b_d2 | Inner 2/3
[2026-10-01 12:40:07] MX outer4 cfg=P_l4_b16_e5_w10_b_d2 Inner 2: F1=0.6673
[2026-10-01 12:40:07] MX outer4 | cfg=P_l4_b16_e5_w10_b_d2 | Inner 3/3
[2026-10-01 12:40:31] MX outer4 cfg=P_l4_b16_e5_w10_b_d2 Inner 3: F1=0.7417
[2026-10-01 12:40:31] MX outer4 | trial 16/20 F1_inner=0.6926 | mejor=0.7000
[2026-10-01 12:40:31] MX outer4 | cfg=P_l3_b32_e5_w10_b_d2 | Inner 1/3
[2026-10-01 12:40:46] MX outer4 cfg=P_l3_b32_e5_w10_b_d2 Inner 1: F1=0.6789
[2026-10-01 12:40:46] MX outer4 | cfg=P_l3_b32_e5_w10_b_d2 | Inner 2/3
[2026-10-01 12:40:58] MX outer4 cfg=P_l3_b32_e5_w10_b_d2 Inner 2: F1=0.6436
[2026-10-01 12:40:58] MX outer4 | cfg=P_l3_b32_e5_w10_b_d2 | Inner 3/3
[2026-10-01 12:41:17] MX outer4 cfg=P_l3_b32_e5_w10_b_d2 Inner 3: F1=0.7523
[2026-10-01 12:41:17] MX outer4 | trial 17/20 F1_inner=0.6916 | mejor=0.7000
[2026-10-01 12:41:17] MX outer4 | cfg=P_l4_b32_e5_w0_b_d2 | Inner 1/3
[2026-10-01 12:41:29] MX outer4 cfg=P_l4_b32_e5_w0_b_d2 Inner 1: F1=0.6694
[2026-10-01 12:41:29] MX outer4 | cfg=P_l4_b32_e5_w0_b_d2 | Inner 2/3
[2026-10-01 12:41:41] MX outer4 cfg=P_l4_b32_e5_w0_b_d2 Inner 2: F1=0.6672
[2026-10-01 12:41:41] MX outer4 | cfg=P_l4_b32_e5_w0_b_d2 | Inner 3/3
[2026-10-01 12:42:00] MX outer4 cfg=P_l4_b32_e5_w0_b_d2 Inner 3: F1=0.7621
[2026-10-01 12:42:00] MX outer4 | trial 18/20 F1_inner=0.6996 | mejor=0.7000
[2026-10-01 12:42:00] MX outer4 | cfg=P_l4_b32_e5_w0_b_d3 | Inner 1/3
[2026-10-01 12:42:12] MX outer4 cfg=P_l4_b32_e5_w0_b_d3 Inner 1: F1=0.6745
[2026-10-01 12:42:12] MX outer4 | cfg=P_l4_b32_e5_w0_b_d3 | Inner 2/3
[2026-10-01 12:42:24] MX outer4 cfg=P_l4_b32_e5_w0_b_d3 Inner 2: F1=0.6616
[2026-10-01 12:42:24] MX outer4 | cfg=P_l4_b32_e5_w0_b_d3 | Inner 3/3
[2026-10-01 12:42:43] MX outer4 cfg=P_l4_b32_e5_w0_b_d3 Inner 3: F1=0.7523
[2026-10-01 12:42:43] MX outer4 | trial 19/20 F1_inner=0.6961 | mejor=0.7000
[2026-10-01 12:42:43] MX outer4 | cfg=P_l4_b32_e5_w5_b_d2 | Inner 1/3
[2026-10-01 12:42:55] MX outer4 cfg=P_l4_b32_e5_w5_b_d2 Inner 1: F1=0.6681
[2026-10-01 12:42:55] MX outer4 | cfg=P_l4_b32_e5_w5_b_d2 | Inner 2/3
[2026-10-01 12:43:07] MX outer4 cfg=P_l4_b32_e5_w5_b_d2 Inner 2: F1=0.6658
[2026-10-01 12:43:07] MX outer4 | cfg=P_l4_b32_e5_w5_b_d2 | Inner 3/3
[2026-10-01 12:43:26] MX outer4 cfg=P_l4_b32_e5_w5_b_d2 Inner 3: F1=0.7621
[2026-10-01 12:43:26] MX outer4 | trial 20/20 F1_inner=0.6986 | mejor=0.7000
[2026-10-01 12:43:26] MX Outer 4: refit PYSENTIMIENTO, 2 épocas
[2026-10-01 12:43:36] MX Outer 4 refit: F1_train=0.8167, F1_outer=0.7320
[2026-10-01 12:43:37] [MX][RoBERTuito][Outer 4/5] FINALIZADO | prep=PYSENTIMIENTO | F1_inner=0.7000±0.0538 | F1_train=0.8167 | F1_outer=0.7320 | gap=0.0847
[2026-10-01 12:43:37] MX | Outer 5/5
[2026-10-01 12:43:37] MX outer5 | cfg=P_l3_b32_e5_w1_b_d3 | Inner 1/3
[2026-10-01 12:43:56] MX outer5 cfg=P_l3_b32_e5_w1_b_d3 Inner 1: F1=0.7160
[2026-10-01 12:43:56] MX outer5 | cfg=P_l3_b32_e5_w1_b_d3 | Inner 2/3
[2026-10-01 12:44:11] MX outer5 cfg=P_l3_b32_e5_w1_b_d3 Inner 2: F1=0.6951
[2026-10-01 12:44:11] MX outer5 | cfg=P_l3_b32_e5_w1_b_d3 | Inner 3/3
[2026-10-01 12:44:30] MX outer5 cfg=P_l3_b32_e5_w1_b_d3 Inner 3: F1=0.6874
[2026-10-01 12:44:31] MX outer5 | trial 1/20 F1_inner=0.6995 | mejor=0.6995
[2026-10-01 12:44:31] MX outer5 | cfg=P_l4_b16_e3_w0_s_d3 | Inner 1/3
[2026-10-01 12:44:49] MX outer5 cfg=P_l4_b16_e3_w0_s_d3 Inner 1: F1=0.7091
[2026-10-01 12:44:49] MX outer5 | cfg=P_l4_b16_e3_w0_s_d3 | Inner 2/3
[2026-10-01 12:45:07] MX outer5 cfg=P_l4_b16_e3_w0_s_d3 Inner 2: F1=0.6738
[2026-10-01 12:45:07] MX outer5 | cfg=P_l4_b16_e3_w0_s_d3 | Inner 3/3
[2026-10-01 12:45:25] MX outer5 cfg=P_l4_b16_e3_w0_s_d3 Inner 3: F1=0.6845
[2026-10-01 12:45:25] MX outer5 | trial 2/20 F1_inner=0.6891 | mejor=0.6995
[2026-10-01 12:45:25] MX outer5 | cfg=P_l2_b16_e4_w5_b_d3 | Inner 1/3
[2026-10-01 12:45:49] MX outer5 cfg=P_l2_b16_e4_w5_b_d3 Inner 1: F1=0.7138
[2026-10-01 12:45:49] MX outer5 | cfg=P_l2_b16_e4_w5_b_d3 | Inner 2/3
[2026-10-01 12:46:07] MX outer5 cfg=P_l2_b16_e4_w5_b_d3 Inner 2: F1=0.6765
[2026-10-01 12:46:07] MX outer5 | cfg=P_l2_b16_e4_w5_b_d3 | Inner 3/3
[2026-10-01 12:46:31] MX outer5 cfg=P_l2_b16_e4_w5_b_d3 Inner 3: F1=0.6974
[2026-10-01 12:46:32] MX outer5 | trial 3/20 F1_inner=0.6959 | mejor=0.6995
[2026-10-01 12:46:32] MX outer5 | cfg=P_l3_b32_e5_w1_s_d2 | Inner 1/3
[2026-10-01 12:46:51] MX outer5 cfg=P_l3_b32_e5_w1_s_d2 Inner 1: F1=0.7113
[2026-10-01 12:46:51] MX outer5 | cfg=P_l3_b32_e5_w1_s_d2 | Inner 2/3
[2026-10-01 12:47:03] MX outer5 cfg=P_l3_b32_e5_w1_s_d2 Inner 2: F1=0.6624
[2026-10-01 12:47:03] MX outer5 | cfg=P_l3_b32_e5_w1_s_d2 | Inner 3/3
[2026-10-01 12:47:18] MX outer5 cfg=P_l3_b32_e5_w1_s_d2 Inner 3: F1=0.6775
[2026-10-01 12:47:18] MX outer5 | trial 4/20 F1_inner=0.6837 | mejor=0.6995
[2026-10-01 12:47:18] REUTILIZADO MX outer5 cfg=P_l3_b32_e5_w1_b_d3 inner=1: F1=0.7160
[2026-10-01 12:47:18] REUTILIZADO MX outer5 cfg=P_l3_b32_e5_w1_b_d3 inner=2: F1=0.6951
[2026-10-01 12:47:18] REUTILIZADO MX outer5 cfg=P_l3_b32_e5_w1_b_d3 inner=3: F1=0.6874
[2026-10-01 12:47:19] MX outer5 | trial 5/20 F1_inner=0.6995 | mejor=0.6995
[2026-10-01 12:47:19] MX outer5 | cfg=P_l3_b32_e3_w10_b_d2 | Inner 1/3
[2026-10-01 12:47:30] MX outer5 cfg=P_l3_b32_e3_w10_b_d2 Inner 1: F1=0.6942
[2026-10-01 12:47:31] MX outer5 | cfg=P_l3_b32_e3_w10_b_d2 | Inner 2/3
[2026-10-01 12:47:42] MX outer5 cfg=P_l3_b32_e3_w10_b_d2 Inner 2: F1=0.6716
[2026-10-01 12:47:43] MX outer5 | cfg=P_l3_b32_e3_w10_b_d2 | Inner 3/3
[2026-10-01 12:47:54] MX outer5 cfg=P_l3_b32_e3_w10_b_d2 Inner 3: F1=0.6737
[2026-10-01 12:47:55] MX outer5 | trial 6/20 F1_inner=0.6799 | mejor=0.6995
[2026-10-01 12:47:55] MX outer5 | cfg=P_l4_b16_e5_w10_b_d1 | Inner 1/3
[2026-10-01 12:48:08] MX outer5 cfg=P_l4_b16_e5_w10_b_d1 Inner 1: F1=0.7070
[2026-10-01 12:48:08] MX outer5 | cfg=P_l4_b16_e5_w10_b_d1 | Inner 2/3
[2026-10-01 12:48:32] MX outer5 cfg=P_l4_b16_e5_w10_b_d1 Inner 2: F1=0.7114
[2026-10-01 12:48:32] MX outer5 | cfg=P_l4_b16_e5_w10_b_d1 | Inner 3/3
[2026-10-01 12:48:56] MX outer5 cfg=P_l4_b16_e5_w10_b_d1 Inner 3: F1=0.7219
[2026-10-01 12:48:56] MX outer5 | trial 7/20 F1_inner=0.7135 | mejor=0.7135
[2026-10-01 12:48:56] REUTILIZADO MX outer5 cfg=P_l4_b16_e5_w10_b_d1 inner=1: F1=0.7070
[2026-10-01 12:48:56] REUTILIZADO MX outer5 cfg=P_l4_b16_e5_w10_b_d1 inner=2: F1=0.7114
[2026-10-01 12:48:56] REUTILIZADO MX outer5 cfg=P_l4_b16_e5_w10_b_d1 inner=3: F1=0.7219
[2026-10-01 12:48:56] MX outer5 | trial 8/20 F1_inner=0.7135 | mejor=0.7135
[2026-10-01 12:48:56] MX outer5 | cfg=P_l5_b16_e3_w1_b_d1 | Inner 1/3
[2026-10-01 12:49:15] MX outer5 cfg=P_l5_b16_e3_w1_b_d1 Inner 1: F1=0.7284
[2026-10-01 12:49:15] MX outer5 | cfg=P_l5_b16_e3_w1_b_d1 | Inner 2/3
[2026-10-01 12:49:33] MX outer5 cfg=P_l5_b16_e3_w1_b_d1 Inner 2: F1=0.6878
[2026-10-01 12:49:33] MX outer5 | cfg=P_l5_b16_e3_w1_b_d1 | Inner 3/3
[2026-10-01 12:49:51] MX outer5 cfg=P_l5_b16_e3_w1_b_d1 Inner 3: F1=0.7037
[2026-10-01 12:49:51] MX outer5 | trial 9/20 F1_inner=0.7066 | mejor=0.7135
[2026-10-01 12:49:52] MX outer5 | cfg=P_l2_b32_e5_w10_s_d1 | Inner 1/3
[2026-10-01 12:50:10] MX outer5 cfg=P_l2_b32_e5_w10_s_d1 Inner 1: F1=0.6926
[2026-10-01 12:50:10] MX outer5 | cfg=P_l2_b32_e5_w10_s_d1 | Inner 2/3
[2026-10-01 12:50:22] MX outer5 cfg=P_l2_b32_e5_w10_s_d1 Inner 2: F1=0.6587
[2026-10-01 12:50:22] MX outer5 | cfg=P_l2_b32_e5_w10_s_d1 | Inner 3/3
[2026-10-01 12:50:41] MX outer5 cfg=P_l2_b32_e5_w10_s_d1 Inner 3: F1=0.6699
[2026-10-01 12:50:42] MX outer5 | trial 10/20 F1_inner=0.6737 | mejor=0.7135
[2026-10-01 12:50:42] MX outer5 | cfg=P_l4_b16_e4_w10_b_d2 | Inner 1/3
[2026-10-01 12:51:06] MX outer5 cfg=P_l4_b16_e4_w10_b_d2 Inner 1: F1=0.7267
[2026-10-01 12:51:06] MX outer5 | cfg=P_l4_b16_e4_w10_b_d2 | Inner 2/3
[2026-10-01 12:51:24] MX outer5 cfg=P_l4_b16_e4_w10_b_d2 Inner 2: F1=0.6864
[2026-10-01 12:51:24] MX outer5 | cfg=P_l4_b16_e4_w10_b_d2 | Inner 3/3
[2026-10-01 12:51:48] MX outer5 cfg=P_l4_b16_e4_w10_b_d2 Inner 3: F1=0.7178
[2026-10-01 12:51:48] MX outer5 | trial 11/20 F1_inner=0.7103 | mejor=0.7135
[2026-10-01 12:51:48] REUTILIZADO MX outer5 cfg=P_l4_b16_e5_w10_b_d1 inner=1: F1=0.7070
[2026-10-01 12:51:48] REUTILIZADO MX outer5 cfg=P_l4_b16_e5_w10_b_d1 inner=2: F1=0.7114
[2026-10-01 12:51:48] REUTILIZADO MX outer5 cfg=P_l4_b16_e5_w10_b_d1 inner=3: F1=0.7219
[2026-10-01 12:51:49] MX outer5 | trial 12/20 F1_inner=0.7135 | mejor=0.7135
[2026-10-01 12:51:49] MX outer5 | cfg=P_l4_b16_e5_w5_s_d1 | Inner 1/3
[2026-10-01 12:52:07] MX outer5 cfg=P_l4_b16_e5_w5_s_d1 Inner 1: F1=0.7214
[2026-10-01 12:52:07] MX outer5 | cfg=P_l4_b16_e5_w5_s_d1 | Inner 2/3
[2026-10-01 12:52:37] MX outer5 cfg=P_l4_b16_e5_w5_s_d1 Inner 2: F1=0.6973
[2026-10-01 12:52:37] MX outer5 | cfg=P_l4_b16_e5_w5_s_d1 | Inner 3/3
[2026-10-01 12:53:00] MX outer5 cfg=P_l4_b16_e5_w5_s_d1 Inner 3: F1=0.7136
[2026-10-01 12:53:01] MX outer5 | trial 13/20 F1_inner=0.7107 | mejor=0.7135
[2026-10-01 12:53:01] MX outer5 | cfg=P_l3_b16_e5_w0_b_d1 | Inner 1/3
[2026-10-01 12:53:24] MX outer5 cfg=P_l3_b16_e5_w0_b_d1 Inner 1: F1=0.7315
[2026-10-01 12:53:24] MX outer5 | cfg=P_l3_b16_e5_w0_b_d1 | Inner 2/3
[2026-10-01 12:53:42] MX outer5 cfg=P_l3_b16_e5_w0_b_d1 Inner 2: F1=0.6920
[2026-10-01 12:53:42] MX outer5 | cfg=P_l3_b16_e5_w0_b_d1 | Inner 3/3
[2026-10-01 12:54:06] MX outer5 cfg=P_l3_b16_e5_w0_b_d1 Inner 3: F1=0.7107
[2026-10-01 12:54:07] MX outer5 | trial 14/20 F1_inner=0.7114 | mejor=0.7135
[2026-10-01 12:54:07] MX outer5 | cfg=P_l4_b32_e5_w0_b_d1 | Inner 1/3
[2026-10-01 12:54:22] MX outer5 cfg=P_l4_b32_e5_w0_b_d1 Inner 1: F1=0.7305
[2026-10-01 12:54:22] MX outer5 | cfg=P_l4_b32_e5_w0_b_d1 | Inner 2/3
[2026-10-01 12:54:34] MX outer5 cfg=P_l4_b32_e5_w0_b_d1 Inner 2: F1=0.6965
[2026-10-01 12:54:34] MX outer5 | cfg=P_l4_b32_e5_w0_b_d1 | Inner 3/3
[2026-10-01 12:54:49] MX outer5 cfg=P_l4_b32_e5_w0_b_d1 Inner 3: F1=0.7002
[2026-10-01 12:54:49] MX outer5 | trial 15/20 F1_inner=0.7091 | mejor=0.7135
[2026-10-01 12:54:49] MX outer5 | cfg=P_l2_b16_e5_w10_b_d2 | Inner 1/3
[2026-10-01 12:55:13] MX outer5 cfg=P_l2_b16_e5_w10_b_d2 Inner 1: F1=0.7219
[2026-10-01 12:55:13] MX outer5 | cfg=P_l2_b16_e5_w10_b_d2 | Inner 2/3
[2026-10-01 12:55:42] MX outer5 cfg=P_l2_b16_e5_w10_b_d2 Inner 2: F1=0.6917
[2026-10-01 12:55:42] MX outer5 | cfg=P_l2_b16_e5_w10_b_d2 | Inner 3/3
[2026-10-01 12:56:12] MX outer5 cfg=P_l2_b16_e5_w10_b_d2 Inner 3: F1=0.7037
[2026-10-01 12:56:12] MX outer5 | trial 16/20 F1_inner=0.7058 | mejor=0.7135
[2026-10-01 12:56:12] MX outer5 | cfg=P_l3_b16_e4_w10_b_d1 | Inner 1/3
[2026-10-01 12:56:36] MX outer5 cfg=P_l3_b16_e4_w10_b_d1 Inner 1: F1=0.7244
[2026-10-01 12:56:36] MX outer5 | cfg=P_l3_b16_e4_w10_b_d1 | Inner 2/3
[2026-10-01 12:56:54] MX outer5 cfg=P_l3_b16_e4_w10_b_d1 Inner 2: F1=0.6916
[2026-10-01 12:56:54] MX outer5 | cfg=P_l3_b16_e4_w10_b_d1 | Inner 3/3
[2026-10-01 12:57:18] MX outer5 cfg=P_l3_b16_e4_w10_b_d1 Inner 3: F1=0.7108
[2026-10-01 12:57:18] MX outer5 | trial 17/20 F1_inner=0.7089 | mejor=0.7135
[2026-10-01 12:57:19] MX outer5 | cfg=P_l5_b16_e5_w10_s_d3 | Inner 1/3
[2026-10-01 12:57:37] MX outer5 cfg=P_l5_b16_e5_w10_s_d3 Inner 1: F1=0.7303
[2026-10-01 12:57:37] MX outer5 | cfg=P_l5_b16_e5_w10_s_d3 | Inner 2/3
[2026-10-01 12:57:55] MX outer5 cfg=P_l5_b16_e5_w10_s_d3 Inner 2: F1=0.6838
[2026-10-01 12:57:55] MX outer5 | cfg=P_l5_b16_e5_w10_s_d3 | Inner 3/3
[2026-10-01 12:58:19] MX outer5 cfg=P_l5_b16_e5_w10_s_d3 Inner 3: F1=0.7194
[2026-10-01 12:58:19] MX outer5 | trial 18/20 F1_inner=0.7112 | mejor=0.7135
[2026-10-01 12:58:19] MX outer5 | cfg=P_l5_b16_e5_w5_b_d1 | Inner 1/3
[2026-10-01 12:58:32] MX outer5 cfg=P_l5_b16_e5_w5_b_d1 Inner 1: F1=0.7171
[2026-10-01 12:58:32] MX outer5 | cfg=P_l5_b16_e5_w5_b_d1 | Inner 2/3
[2026-10-01 12:58:56] MX outer5 cfg=P_l5_b16_e5_w5_b_d1 Inner 2: F1=0.7064
[2026-10-01 12:58:56] MX outer5 | cfg=P_l5_b16_e5_w5_b_d1 | Inner 3/3
[2026-10-01 12:59:20] MX outer5 cfg=P_l5_b16_e5_w5_b_d1 Inner 3: F1=0.7243
[2026-10-01 12:59:20] MX outer5 | trial 19/20 F1_inner=0.7159 | mejor=0.7159
[2026-10-01 12:59:20] REUTILIZADO MX outer5 cfg=P_l5_b16_e5_w5_b_d1 inner=1: F1=0.7171
[2026-10-01 12:59:20] REUTILIZADO MX outer5 cfg=P_l5_b16_e5_w5_b_d1 inner=2: F1=0.7064
[2026-10-01 12:59:20] REUTILIZADO MX outer5 cfg=P_l5_b16_e5_w5_b_d1 inner=3: F1=0.7243
[2026-10-01 12:59:20] MX outer5 | trial 20/20 F1_inner=0.7159 | mejor=0.7159
[2026-10-01 12:59:20] MX Outer 5: refit PYSENTIMIENTO, 3 épocas
[2026-10-01 12:59:44] MX Outer 5 refit: F1_train=0.9901, F1_outer=0.7233
[2026-10-01 12:59:44] [MX][RoBERTuito][Outer 5/5] FINALIZADO | prep=PYSENTIMIENTO | F1_inner=0.7159±0.0090 | F1_train=0.9901 | F1_outer=0.7233 | gap=0.2668
[2026-10-01 12:59:45] ES | Outer 1/5
[2026-10-01 12:59:45] ES outer1 | cfg=P_l3_b32_e3_w5_b_d2 | Inner 1/3
[2026-10-01 12:59:57] ES outer1 cfg=P_l3_b32_e3_w5_b_d2 Inner 1: F1=0.7589
[2026-10-01 12:59:57] ES outer1 | cfg=P_l3_b32_e3_w5_b_d2 | Inner 2/3
[2026-10-01 13:00:09] ES outer1 cfg=P_l3_b32_e3_w5_b_d2 Inner 2: F1=0.7623
[2026-10-01 13:00:09] ES outer1 | cfg=P_l3_b32_e3_w5_b_d2 | Inner 3/3
[2026-10-01 13:00:21] ES outer1 cfg=P_l3_b32_e3_w5_b_d2 Inner 3: F1=0.7403
[2026-10-01 13:00:22] ES outer1 | trial 1/20 F1_inner=0.7538 | mejor=0.7538
[2026-10-01 13:00:22] ES outer1 | cfg=P_l5_b32_e4_w0_s_d2 | Inner 1/3
[2026-10-01 13:00:34] ES outer1 cfg=P_l5_b32_e4_w0_s_d2 Inner 1: F1=0.7710
[2026-10-01 13:00:34] ES outer1 | cfg=P_l5_b32_e4_w0_s_d2 | Inner 2/3
[2026-10-01 13:00:49] ES outer1 cfg=P_l5_b32_e4_w0_s_d2 Inner 2: F1=0.7786
[2026-10-01 13:00:49] ES outer1 | cfg=P_l5_b32_e4_w0_s_d2 | Inner 3/3
[2026-10-01 13:01:04] ES outer1 cfg=P_l5_b32_e4_w0_s_d2 Inner 3: F1=0.7603
[2026-10-01 13:01:04] ES outer1 | trial 2/20 F1_inner=0.7700 | mejor=0.7700
[2026-10-01 13:01:04] ES outer1 | cfg=P_l2_b16_e3_w1_s_d2 | Inner 1/3
[2026-10-01 13:01:23] ES outer1 cfg=P_l2_b16_e3_w1_s_d2 Inner 1: F1=0.7240
[2026-10-01 13:01:23] ES outer1 | cfg=P_l2_b16_e3_w1_s_d2 | Inner 2/3
[2026-10-01 13:01:41] ES outer1 cfg=P_l2_b16_e3_w1_s_d2 Inner 2: F1=0.7596
[2026-10-01 13:01:41] ES outer1 | cfg=P_l2_b16_e3_w1_s_d2 | Inner 3/3
[2026-10-01 13:01:59] ES outer1 cfg=P_l2_b16_e3_w1_s_d2 Inner 3: F1=0.7320
[2026-10-01 13:02:00] ES outer1 | trial 3/20 F1_inner=0.7385 | mejor=0.7700
[2026-10-01 13:02:00] ES outer1 | cfg=P_l2_b16_e5_w1_s_d2 | Inner 1/3
[2026-10-01 13:02:23] ES outer1 cfg=P_l2_b16_e5_w1_s_d2 Inner 1: F1=0.7495
[2026-10-01 13:02:23] ES outer1 | cfg=P_l2_b16_e5_w1_s_d2 | Inner 2/3
[2026-10-01 13:02:47] ES outer1 cfg=P_l2_b16_e5_w1_s_d2 Inner 2: F1=0.7908
[2026-10-01 13:02:47] ES outer1 | cfg=P_l2_b16_e5_w1_s_d2 | Inner 3/3
[2026-10-01 13:03:16] ES outer1 cfg=P_l2_b16_e5_w1_s_d2 Inner 3: F1=0.7507
[2026-10-01 13:03:17] ES outer1 | trial 4/20 F1_inner=0.7637 | mejor=0.7700
[2026-10-01 13:03:17] ES outer1 | cfg=P_l2_b16_e3_w1_s_d3 | Inner 1/3
[2026-10-01 13:03:35] ES outer1 cfg=P_l2_b16_e3_w1_s_d3 Inner 1: F1=0.7234
[2026-10-01 13:03:35] ES outer1 | cfg=P_l2_b16_e3_w1_s_d3 | Inner 2/3
[2026-10-01 13:03:53] ES outer1 cfg=P_l2_b16_e3_w1_s_d3 Inner 2: F1=0.7460
[2026-10-01 13:03:53] ES outer1 | cfg=P_l2_b16_e3_w1_s_d3 | Inner 3/3
[2026-10-01 13:04:11] ES outer1 cfg=P_l2_b16_e3_w1_s_d3 Inner 3: F1=0.7234
[2026-10-01 13:04:11] ES outer1 | trial 5/20 F1_inner=0.7309 | mejor=0.7700
[2026-10-01 13:04:11] ES outer1 | cfg=P_l5_b32_e4_w0_s_d1 | Inner 1/3
[2026-10-01 13:04:23] ES outer1 cfg=P_l5_b32_e4_w0_s_d1 Inner 1: F1=0.7813
[2026-10-01 13:04:23] ES outer1 | cfg=P_l5_b32_e4_w0_s_d1 | Inner 2/3
[2026-10-01 13:04:39] ES outer1 cfg=P_l5_b32_e4_w0_s_d1 Inner 2: F1=0.7789
[2026-10-01 13:04:39] ES outer1 | cfg=P_l5_b32_e4_w0_s_d1 | Inner 3/3
[2026-10-01 13:04:54] ES outer1 cfg=P_l5_b32_e4_w0_s_d1 Inner 3: F1=0.7565
[2026-10-01 13:04:54] ES outer1 | trial 6/20 F1_inner=0.7723 | mejor=0.7723
[2026-10-01 13:04:54] ES outer1 | cfg=P_l4_b32_e4_w10_s_d1 | Inner 1/3
[2026-10-01 13:05:10] ES outer1 cfg=P_l4_b32_e4_w10_s_d1 Inner 1: F1=0.7744
[2026-10-01 13:05:10] ES outer1 | cfg=P_l4_b32_e4_w10_s_d1 | Inner 2/3
[2026-10-01 13:05:25] ES outer1 cfg=P_l4_b32_e4_w10_s_d1 Inner 2: F1=0.7768
[2026-10-01 13:05:25] ES outer1 | cfg=P_l4_b32_e4_w10_s_d1 | Inner 3/3
[2026-10-01 13:05:41] ES outer1 cfg=P_l4_b32_e4_w10_s_d1 Inner 3: F1=0.7535
[2026-10-01 13:05:41] ES outer1 | trial 7/20 F1_inner=0.7682 | mejor=0.7723
[2026-10-01 13:05:41] ES outer1 | cfg=P_l5_b32_e4_w5_s_d1 | Inner 1/3
[2026-10-01 13:05:53] ES outer1 cfg=P_l5_b32_e4_w5_s_d1 Inner 1: F1=0.7813
[2026-10-01 13:05:53] ES outer1 | cfg=P_l5_b32_e4_w5_s_d1 | Inner 2/3
[2026-10-01 13:06:09] ES outer1 cfg=P_l5_b32_e4_w5_s_d1 Inner 2: F1=0.7820
[2026-10-01 13:06:09] ES outer1 | cfg=P_l5_b32_e4_w5_s_d1 | Inner 3/3
[2026-10-01 13:06:24] ES outer1 cfg=P_l5_b32_e4_w5_s_d1 Inner 3: F1=0.7565
[2026-10-01 13:06:24] ES outer1 | trial 8/20 F1_inner=0.7733 | mejor=0.7733
[2026-10-01 13:06:25] ES outer1 | cfg=P_l5_b32_e3_w5_s_d1 | Inner 1/3
[2026-10-01 13:06:37] ES outer1 cfg=P_l5_b32_e3_w5_s_d1 Inner 1: F1=0.7663
[2026-10-01 13:06:37] ES outer1 | cfg=P_l5_b32_e3_w5_s_d1 | Inner 2/3
[2026-10-01 13:06:49] ES outer1 cfg=P_l5_b32_e3_w5_s_d1 Inner 2: F1=0.7811
[2026-10-01 13:06:49] ES outer1 | cfg=P_l5_b32_e3_w5_s_d1 | Inner 3/3
[2026-10-01 13:07:01] ES outer1 cfg=P_l5_b32_e3_w5_s_d1 Inner 3: F1=0.7490
[2026-10-01 13:07:01] ES outer1 | trial 9/20 F1_inner=0.7654 | mejor=0.7733
[2026-10-01 13:07:01] ES outer1 | cfg=P_l5_b16_e4_w5_s_d3 | Inner 1/3
[2026-10-01 13:07:20] ES outer1 cfg=P_l5_b16_e4_w5_s_d3 Inner 1: F1=0.7640
[2026-10-01 13:07:20] ES outer1 | cfg=P_l5_b16_e4_w5_s_d3 | Inner 2/3
[2026-10-01 13:07:44] ES outer1 cfg=P_l5_b16_e4_w5_s_d3 Inner 2: F1=0.7866
[2026-10-01 13:07:44] ES outer1 | cfg=P_l5_b16_e4_w5_s_d3 | Inner 3/3
[2026-10-01 13:08:07] ES outer1 cfg=P_l5_b16_e4_w5_s_d3 Inner 3: F1=0.7507
[2026-10-01 13:08:08] ES outer1 | trial 10/20 F1_inner=0.7671 | mejor=0.7733
[2026-10-01 13:08:08] ES outer1 | cfg=P_l2_b32_e4_w5_s_d1 | Inner 1/3
[2026-10-01 13:08:23] ES outer1 cfg=P_l2_b32_e4_w5_s_d1 Inner 1: F1=0.7295
[2026-10-01 13:08:23] ES outer1 | cfg=P_l2_b32_e4_w5_s_d1 | Inner 2/3
[2026-10-01 13:08:38] ES outer1 cfg=P_l2_b32_e4_w5_s_d1 Inner 2: F1=0.7652
[2026-10-01 13:08:38] ES outer1 | cfg=P_l2_b32_e4_w5_s_d1 | Inner 3/3
[2026-10-01 13:08:54] ES outer1 cfg=P_l2_b32_e4_w5_s_d1 Inner 3: F1=0.7338
[2026-10-01 13:08:54] ES outer1 | trial 11/20 F1_inner=0.7428 | mejor=0.7733
[2026-10-01 13:08:54] ES outer1 | cfg=P_l5_b32_e4_w0_b_d1 | Inner 1/3
[2026-10-01 13:09:09] ES outer1 cfg=P_l5_b32_e4_w0_b_d1 Inner 1: F1=0.7842
[2026-10-01 13:09:09] ES outer1 | cfg=P_l5_b32_e4_w0_b_d1 | Inner 2/3
[2026-10-01 13:09:25] ES outer1 cfg=P_l5_b32_e4_w0_b_d1 Inner 2: F1=0.7807
[2026-10-01 13:09:25] ES outer1 | cfg=P_l5_b32_e4_w0_b_d1 | Inner 3/3
[2026-10-01 13:09:40] ES outer1 cfg=P_l5_b32_e4_w0_b_d1 Inner 3: F1=0.7530
[2026-10-01 13:09:40] ES outer1 | trial 12/20 F1_inner=0.7726 | mejor=0.7733
[2026-10-01 13:09:40] ES outer1 | cfg=P_l5_b16_e4_w0_b_d1 | Inner 1/3
[2026-10-01 13:09:58] ES outer1 cfg=P_l5_b16_e4_w0_b_d1 Inner 1: F1=0.7932
[2026-10-01 13:09:58] ES outer1 | cfg=P_l5_b16_e4_w0_b_d1 | Inner 2/3
[2026-10-01 13:10:21] ES outer1 cfg=P_l5_b16_e4_w0_b_d1 Inner 2: F1=0.7787
[2026-10-01 13:10:21] ES outer1 | cfg=P_l5_b16_e4_w0_b_d1 | Inner 3/3
[2026-10-01 13:10:45] ES outer1 cfg=P_l5_b16_e4_w0_b_d1 Inner 3: F1=0.7589
[2026-10-01 13:10:46] ES outer1 | trial 13/20 F1_inner=0.7770 | mejor=0.7770
[2026-10-01 13:10:46] ES outer1 | cfg=P_l5_b16_e4_w1_b_d1 | Inner 1/3
[2026-10-01 13:11:04] ES outer1 cfg=P_l5_b16_e4_w1_b_d1 Inner 1: F1=0.7912
[2026-10-01 13:11:04] ES outer1 | cfg=P_l5_b16_e4_w1_b_d1 | Inner 2/3
[2026-10-01 13:11:29] ES outer1 cfg=P_l5_b16_e4_w1_b_d1 Inner 2: F1=0.7807
[2026-10-01 13:11:29] ES outer1 | cfg=P_l5_b16_e4_w1_b_d1 | Inner 3/3
[2026-10-01 13:11:53] ES outer1 cfg=P_l5_b16_e4_w1_b_d1 Inner 3: F1=0.7589
[2026-10-01 13:11:53] ES outer1 | trial 14/20 F1_inner=0.7770 | mejor=0.7770
[2026-10-01 13:11:53] ES outer1 | cfg=P_l5_b16_e5_w1_b_d1 | Inner 1/3
[2026-10-01 13:12:11] ES outer1 cfg=P_l5_b16_e5_w1_b_d1 Inner 1: F1=0.7918
[2026-10-01 13:12:11] ES outer1 | cfg=P_l5_b16_e5_w1_b_d1 | Inner 2/3
[2026-10-01 13:12:30] ES outer1 cfg=P_l5_b16_e5_w1_b_d1 Inner 2: F1=0.7717
[2026-10-01 13:12:30] ES outer1 | cfg=P_l5_b16_e5_w1_b_d1 | Inner 3/3
[2026-10-01 13:12:48] ES outer1 cfg=P_l5_b16_e5_w1_b_d1 Inner 3: F1=0.7537
[2026-10-01 13:12:48] ES outer1 | trial 15/20 F1_inner=0.7724 | mejor=0.7770
[2026-10-01 13:12:48] ES outer1 | cfg=P_l5_b16_e4_w1_b_d2 | Inner 1/3
[2026-10-01 13:13:07] ES outer1 cfg=P_l5_b16_e4_w1_b_d2 Inner 1: F1=0.7812
[2026-10-01 13:13:07] ES outer1 | cfg=P_l5_b16_e4_w1_b_d2 | Inner 2/3
[2026-10-01 13:13:31] ES outer1 cfg=P_l5_b16_e4_w1_b_d2 Inner 2: F1=0.7828
[2026-10-01 13:13:31] ES outer1 | cfg=P_l5_b16_e4_w1_b_d2 | Inner 3/3
[2026-10-01 13:13:55] ES outer1 cfg=P_l5_b16_e4_w1_b_d2 Inner 3: F1=0.7511
[2026-10-01 13:13:55] ES outer1 | trial 16/20 F1_inner=0.7717 | mejor=0.7770
[2026-10-01 13:13:55] ES outer1 | cfg=P_l3_b16_e4_w0_b_d1 | Inner 1/3
[2026-10-01 13:14:13] ES outer1 cfg=P_l3_b16_e4_w0_b_d1 Inner 1: F1=0.7873
[2026-10-01 13:14:13] ES outer1 | cfg=P_l3_b16_e4_w0_b_d1 | Inner 2/3
[2026-10-01 13:14:37] ES outer1 cfg=P_l3_b16_e4_w0_b_d1 Inner 2: F1=0.7851
[2026-10-01 13:14:37] ES outer1 | cfg=P_l3_b16_e4_w0_b_d1 | Inner 3/3
[2026-10-01 13:15:00] ES outer1 cfg=P_l3_b16_e4_w0_b_d1 Inner 3: F1=0.7633
[2026-10-01 13:15:01] ES outer1 | trial 17/20 F1_inner=0.7786 | mejor=0.7786
[2026-10-01 13:15:01] ES outer1 | cfg=P_l3_b16_e4_w10_b_d1 | Inner 1/3
[2026-10-01 13:15:19] ES outer1 cfg=P_l3_b16_e4_w10_b_d1 Inner 1: F1=0.7923
[2026-10-01 13:15:19] ES outer1 | cfg=P_l3_b16_e4_w10_b_d1 | Inner 2/3
[2026-10-01 13:15:43] ES outer1 cfg=P_l3_b16_e4_w10_b_d1 Inner 2: F1=0.7851
[2026-10-01 13:15:43] ES outer1 | cfg=P_l3_b16_e4_w10_b_d1 | Inner 3/3
[2026-10-01 13:16:07] ES outer1 cfg=P_l3_b16_e4_w10_b_d1 Inner 3: F1=0.7613
[2026-10-01 13:16:07] ES outer1 | trial 18/20 F1_inner=0.7796 | mejor=0.7796
[2026-10-01 13:16:07] REUTILIZADO ES outer1 cfg=P_l3_b16_e4_w10_b_d1 inner=1: F1=0.7923
[2026-10-01 13:16:07] REUTILIZADO ES outer1 cfg=P_l3_b16_e4_w10_b_d1 inner=2: F1=0.7851
[2026-10-01 13:16:07] REUTILIZADO ES outer1 cfg=P_l3_b16_e4_w10_b_d1 inner=3: F1=0.7613
[2026-10-01 13:16:07] ES outer1 | trial 19/20 F1_inner=0.7796 | mejor=0.7796
[2026-10-01 13:16:07] ES outer1 | cfg=P_l3_b16_e3_w10_b_d1 | Inner 1/3
[2026-10-01 13:16:25] ES outer1 cfg=P_l3_b16_e3_w10_b_d1 Inner 1: F1=0.7775
[2026-10-01 13:16:25] ES outer1 | cfg=P_l3_b16_e3_w10_b_d1 | Inner 2/3
[2026-10-01 13:16:43] ES outer1 cfg=P_l3_b16_e3_w10_b_d1 Inner 2: F1=0.7776
[2026-10-01 13:16:43] ES outer1 | cfg=P_l3_b16_e3_w10_b_d1 | Inner 3/3
[2026-10-01 13:17:02] ES outer1 cfg=P_l3_b16_e3_w10_b_d1 Inner 3: F1=0.7457
[2026-10-01 13:17:02] ES outer1 | trial 20/20 F1_inner=0.7669 | mejor=0.7796
[2026-10-01 13:17:02] ES Outer 1: refit PYSENTIMIENTO, 3 épocas
[2026-10-01 13:17:26] ES Outer 1 refit: F1_train=0.9593, F1_outer=0.7941
[2026-10-01 13:17:26] [ES][RoBERTuito][Outer 1/5] FINALIZADO | prep=PYSENTIMIENTO | F1_inner=0.7796±0.0162 | F1_train=0.9593 | F1_outer=0.7941 | gap=0.1652
[2026-10-01 13:17:26] ES | Outer 2/5
[2026-10-01 13:17:26] ES outer2 | cfg=P_l2_b32_e5_w1_b_d1 | Inner 1/3
[2026-10-01 13:17:45] ES outer2 cfg=P_l2_b32_e5_w1_b_d1 Inner 1: F1=0.7717
[2026-10-01 13:17:45] ES outer2 | cfg=P_l2_b32_e5_w1_b_d1 | Inner 2/3
[2026-10-01 13:18:04] ES outer2 cfg=P_l2_b32_e5_w1_b_d1 Inner 2: F1=0.7766
[2026-10-01 13:18:04] ES outer2 | cfg=P_l2_b32_e5_w1_b_d1 | Inner 3/3
[2026-10-01 13:18:23] ES outer2 cfg=P_l2_b32_e5_w1_b_d1 Inner 3: F1=0.7469
[2026-10-01 13:18:23] ES outer2 | trial 1/20 F1_inner=0.7651 | mejor=0.7651
[2026-10-01 13:18:23] ES outer2 | cfg=P_l2_b32_e5_w1_b_d3 | Inner 1/3
[2026-10-01 13:18:42] ES outer2 cfg=P_l2_b32_e5_w1_b_d3 Inner 1: F1=0.7574
[2026-10-01 13:18:42] ES outer2 | cfg=P_l2_b32_e5_w1_b_d3 | Inner 2/3
[2026-10-01 13:19:01] ES outer2 cfg=P_l2_b32_e5_w1_b_d3 Inner 2: F1=0.7812
[2026-10-01 13:19:01] ES outer2 | cfg=P_l2_b32_e5_w1_b_d3 | Inner 3/3
[2026-10-01 13:19:20] ES outer2 cfg=P_l2_b32_e5_w1_b_d3 Inner 3: F1=0.7470
[2026-10-01 13:19:20] ES outer2 | trial 2/20 F1_inner=0.7619 | mejor=0.7651
[2026-10-01 13:19:20] ES outer2 | cfg=P_l2_b16_e3_w5_b_d1 | Inner 1/3
[2026-10-01 13:19:38] ES outer2 cfg=P_l2_b16_e3_w5_b_d1 Inner 1: F1=0.7550
[2026-10-01 13:19:38] ES outer2 | cfg=P_l2_b16_e3_w5_b_d1 | Inner 2/3
[2026-10-01 13:19:57] ES outer2 cfg=P_l2_b16_e3_w5_b_d1 Inner 2: F1=0.7742
[2026-10-01 13:19:57] ES outer2 | cfg=P_l2_b16_e3_w5_b_d1 | Inner 3/3
[2026-10-01 13:20:15] ES outer2 cfg=P_l2_b16_e3_w5_b_d1 Inner 3: F1=0.7631
[2026-10-01 13:20:15] ES outer2 | trial 3/20 F1_inner=0.7641 | mejor=0.7651
[2026-10-01 13:20:15] ES outer2 | cfg=P_l2_b32_e4_w5_s_d2 | Inner 1/3
[2026-10-01 13:20:31] ES outer2 cfg=P_l2_b32_e4_w5_s_d2 Inner 1: F1=0.7506
[2026-10-01 13:20:31] ES outer2 | cfg=P_l2_b32_e4_w5_s_d2 | Inner 2/3
[2026-10-01 13:20:46] ES outer2 cfg=P_l2_b32_e4_w5_s_d2 Inner 2: F1=0.7550
[2026-10-01 13:20:46] ES outer2 | cfg=P_l2_b32_e4_w5_s_d2 | Inner 3/3
[2026-10-01 13:21:02] ES outer2 cfg=P_l2_b32_e4_w5_s_d2 Inner 3: F1=0.7100
[2026-10-01 13:21:02] ES outer2 | trial 4/20 F1_inner=0.7385 | mejor=0.7651
[2026-10-01 13:21:02] ES outer2 | cfg=P_l5_b16_e3_w5_s_d1 | Inner 1/3
[2026-10-01 13:21:21] ES outer2 cfg=P_l5_b16_e3_w5_s_d1 Inner 1: F1=0.7714
[2026-10-01 13:21:21] ES outer2 | cfg=P_l5_b16_e3_w5_s_d1 | Inner 2/3
[2026-10-01 13:21:39] ES outer2 cfg=P_l5_b16_e3_w5_s_d1 Inner 2: F1=0.7937
[2026-10-01 13:21:39] ES outer2 | cfg=P_l5_b16_e3_w5_s_d1 | Inner 3/3
[2026-10-01 13:21:51] ES outer2 cfg=P_l5_b16_e3_w5_s_d1 Inner 3: F1=0.7521
[2026-10-01 13:21:52] ES outer2 | trial 5/20 F1_inner=0.7724 | mejor=0.7724
[2026-10-01 13:21:52] REUTILIZADO ES outer2 cfg=P_l5_b16_e3_w5_s_d1 inner=1: F1=0.7714
[2026-10-01 13:21:52] REUTILIZADO ES outer2 cfg=P_l5_b16_e3_w5_s_d1 inner=2: F1=0.7937
[2026-10-01 13:21:52] REUTILIZADO ES outer2 cfg=P_l5_b16_e3_w5_s_d1 inner=3: F1=0.7521
[2026-10-01 13:21:52] ES outer2 | trial 6/20 F1_inner=0.7724 | mejor=0.7724
[2026-10-01 13:21:52] ES outer2 | cfg=P_l4_b16_e3_w10_s_d3 | Inner 1/3
[2026-10-01 13:22:10] ES outer2 cfg=P_l4_b16_e3_w10_s_d3 Inner 1: F1=0.7716
[2026-10-01 13:22:10] ES outer2 | cfg=P_l4_b16_e3_w10_s_d3 | Inner 2/3
[2026-10-01 13:22:29] ES outer2 cfg=P_l4_b16_e3_w10_s_d3 Inner 2: F1=0.7931
[2026-10-01 13:22:29] ES outer2 | cfg=P_l4_b16_e3_w10_s_d3 | Inner 3/3
[2026-10-01 13:22:47] ES outer2 cfg=P_l4_b16_e3_w10_s_d3 Inner 3: F1=0.7430
[2026-10-01 13:22:47] ES outer2 | trial 7/20 F1_inner=0.7692 | mejor=0.7724
[2026-10-01 13:22:47] ES outer2 | cfg=P_l3_b32_e3_w0_s_d1 | Inner 1/3
[2026-10-01 13:22:59] ES outer2 cfg=P_l3_b32_e3_w0_s_d1 Inner 1: F1=0.7583
[2026-10-01 13:22:59] ES outer2 | cfg=P_l3_b32_e3_w0_s_d1 | Inner 2/3
[2026-10-01 13:23:11] ES outer2 cfg=P_l3_b32_e3_w0_s_d1 Inner 2: F1=0.7520
[2026-10-01 13:23:11] ES outer2 | cfg=P_l3_b32_e3_w0_s_d1 | Inner 3/3
[2026-10-01 13:23:23] ES outer2 cfg=P_l3_b32_e3_w0_s_d1 Inner 3: F1=0.7261
[2026-10-01 13:23:23] ES outer2 | trial 8/20 F1_inner=0.7455 | mejor=0.7724
[2026-10-01 13:23:23] ES outer2 | cfg=P_l5_b16_e4_w0_s_d3 | Inner 1/3
[2026-10-01 13:23:36] ES outer2 cfg=P_l5_b16_e4_w0_s_d3 Inner 1: F1=0.7686
[2026-10-01 13:23:36] ES outer2 | cfg=P_l5_b16_e4_w0_s_d3 | Inner 2/3
[2026-10-01 13:23:54] ES outer2 cfg=P_l5_b16_e4_w0_s_d3 Inner 2: F1=0.7885
[2026-10-01 13:23:54] ES outer2 | cfg=P_l5_b16_e4_w0_s_d3 | Inner 3/3
[2026-10-01 13:24:18] ES outer2 cfg=P_l5_b16_e4_w0_s_d3 Inner 3: F1=0.7694
[2026-10-01 13:24:18] ES outer2 | trial 9/20 F1_inner=0.7755 | mejor=0.7755
[2026-10-01 13:24:18] ES outer2 | cfg=P_l5_b16_e5_w0_s_d2 | Inner 1/3
[2026-10-01 13:24:31] ES outer2 cfg=P_l5_b16_e5_w0_s_d2 Inner 1: F1=0.7731
[2026-10-01 13:24:31] ES outer2 | cfg=P_l5_b16_e5_w0_s_d2 | Inner 2/3
[2026-10-01 13:25:00] ES outer2 cfg=P_l5_b16_e5_w0_s_d2 Inner 2: F1=0.7964
[2026-10-01 13:25:00] ES outer2 | cfg=P_l5_b16_e5_w0_s_d2 | Inner 3/3
[2026-10-01 13:25:23] ES outer2 cfg=P_l5_b16_e5_w0_s_d2 Inner 3: F1=0.7774
[2026-10-01 13:25:23] ES outer2 | trial 10/20 F1_inner=0.7823 | mejor=0.7823
[2026-10-01 13:25:23] ES outer2 | cfg=P_l5_b32_e5_w0_s_d2 | Inner 1/3
[2026-10-01 13:25:35] ES outer2 cfg=P_l5_b32_e5_w0_s_d2 Inner 1: F1=0.7693
[2026-10-01 13:25:35] ES outer2 | cfg=P_l5_b32_e5_w0_s_d2 | Inner 2/3
[2026-10-01 13:25:53] ES outer2 cfg=P_l5_b32_e5_w0_s_d2 Inner 2: F1=0.7900
[2026-10-01 13:25:54] ES outer2 | cfg=P_l5_b32_e5_w0_s_d2 | Inner 3/3
[2026-10-01 13:26:09] ES outer2 cfg=P_l5_b32_e5_w0_s_d2 Inner 3: F1=0.7762
[2026-10-01 13:26:09] ES outer2 | trial 11/20 F1_inner=0.7785 | mejor=0.7823
[2026-10-01 13:26:09] REUTILIZADO ES outer2 cfg=P_l5_b32_e5_w0_s_d2 inner=1: F1=0.7693
[2026-10-01 13:26:09] REUTILIZADO ES outer2 cfg=P_l5_b32_e5_w0_s_d2 inner=2: F1=0.7900
[2026-10-01 13:26:09] REUTILIZADO ES outer2 cfg=P_l5_b32_e5_w0_s_d2 inner=3: F1=0.7762
[2026-10-01 13:26:09] ES outer2 | trial 12/20 F1_inner=0.7785 | mejor=0.7823
[2026-10-01 13:26:09] ES outer2 | cfg=P_l4_b16_e5_w0_b_d2 | Inner 1/3
[2026-10-01 13:26:28] ES outer2 cfg=P_l4_b16_e5_w0_b_d2 Inner 1: F1=0.7801
[2026-10-01 13:26:28] ES outer2 | cfg=P_l4_b16_e5_w0_b_d2 | Inner 2/3
[2026-10-01 13:26:46] ES outer2 cfg=P_l4_b16_e5_w0_b_d2 Inner 2: F1=0.7896
[2026-10-01 13:26:46] ES outer2 | cfg=P_l4_b16_e5_w0_b_d2 | Inner 3/3
[2026-10-01 13:27:15] ES outer2 cfg=P_l4_b16_e5_w0_b_d2 Inner 3: F1=0.7695
[2026-10-01 13:27:15] ES outer2 | trial 13/20 F1_inner=0.7798 | mejor=0.7823
[2026-10-01 13:27:15] REUTILIZADO ES outer2 cfg=P_l4_b16_e5_w0_b_d2 inner=1: F1=0.7801
[2026-10-01 13:27:15] REUTILIZADO ES outer2 cfg=P_l4_b16_e5_w0_b_d2 inner=2: F1=0.7896
[2026-10-01 13:27:15] REUTILIZADO ES outer2 cfg=P_l4_b16_e5_w0_b_d2 inner=3: F1=0.7695
[2026-10-01 13:27:16] ES outer2 | trial 14/20 F1_inner=0.7798 | mejor=0.7823
[2026-10-01 13:27:16] ES outer2 | cfg=P_l3_b16_e5_w0_s_d2 | Inner 1/3
[2026-10-01 13:27:34] ES outer2 cfg=P_l3_b16_e5_w0_s_d2 Inner 1: F1=0.7701
[2026-10-01 13:27:34] ES outer2 | cfg=P_l3_b16_e5_w0_s_d2 | Inner 2/3
[2026-10-01 13:28:04] ES outer2 cfg=P_l3_b16_e5_w0_s_d2 Inner 2: F1=0.7949
[2026-10-01 13:28:04] ES outer2 | cfg=P_l3_b16_e5_w0_s_d2 | Inner 3/3
[2026-10-01 13:28:27] ES outer2 cfg=P_l3_b16_e5_w0_s_d2 Inner 3: F1=0.7666
[2026-10-01 13:28:28] ES outer2 | trial 15/20 F1_inner=0.7772 | mejor=0.7823
[2026-10-01 13:28:28] ES outer2 | cfg=P_l5_b16_e4_w10_b_d2 | Inner 1/3
[2026-10-01 13:28:46] ES outer2 cfg=P_l5_b16_e4_w10_b_d2 Inner 1: F1=0.7639
[2026-10-01 13:28:46] ES outer2 | cfg=P_l5_b16_e4_w10_b_d2 | Inner 2/3
[2026-10-01 13:29:10] ES outer2 cfg=P_l5_b16_e4_w10_b_d2 Inner 2: F1=0.7925
[2026-10-01 13:29:10] ES outer2 | cfg=P_l5_b16_e4_w10_b_d2 | Inner 3/3
[2026-10-01 13:29:28] ES outer2 cfg=P_l5_b16_e4_w10_b_d2 Inner 3: F1=0.7670
[2026-10-01 13:29:28] ES outer2 | trial 16/20 F1_inner=0.7744 | mejor=0.7823
[2026-10-01 13:29:28] ES outer2 | cfg=P_l5_b16_e5_w5_b_d2 | Inner 1/3
[2026-10-01 13:29:46] ES outer2 cfg=P_l5_b16_e5_w5_b_d2 Inner 1: F1=0.7645
[2026-10-01 13:29:46] ES outer2 | cfg=P_l5_b16_e5_w5_b_d2 | Inner 2/3
[2026-10-01 13:30:05] ES outer2 cfg=P_l5_b16_e5_w5_b_d2 Inner 2: F1=0.7901
[2026-10-01 13:30:05] ES outer2 | cfg=P_l5_b16_e5_w5_b_d2 | Inner 3/3
[2026-10-01 13:30:23] ES outer2 cfg=P_l5_b16_e5_w5_b_d2 Inner 3: F1=0.7695
[2026-10-01 13:30:23] ES outer2 | trial 17/20 F1_inner=0.7747 | mejor=0.7823
[2026-10-01 13:30:23] ES outer2 | cfg=P_l5_b16_e5_w0_b_d1 | Inner 1/3
[2026-10-01 13:30:42] ES outer2 cfg=P_l5_b16_e5_w0_b_d1 Inner 1: F1=0.7723
[2026-10-01 13:30:42] ES outer2 | cfg=P_l5_b16_e5_w0_b_d1 | Inner 2/3
[2026-10-01 13:31:00] ES outer2 cfg=P_l5_b16_e5_w0_b_d1 Inner 2: F1=0.7867
[2026-10-01 13:31:00] ES outer2 | cfg=P_l5_b16_e5_w0_b_d1 | Inner 3/3
[2026-10-01 13:31:13] ES outer2 cfg=P_l5_b16_e5_w0_b_d1 Inner 3: F1=0.7592
[2026-10-01 13:31:13] ES outer2 | trial 18/20 F1_inner=0.7727 | mejor=0.7823
[2026-10-01 13:31:13] ES outer2 | cfg=P_l4_b32_e3_w0_b_d2 | Inner 1/3
[2026-10-01 13:31:25] ES outer2 cfg=P_l4_b32_e3_w0_b_d2 Inner 1: F1=0.7653
[2026-10-01 13:31:25] ES outer2 | cfg=P_l4_b32_e3_w0_b_d2 | Inner 2/3
[2026-10-01 13:31:37] ES outer2 cfg=P_l4_b32_e3_w0_b_d2 Inner 2: F1=0.7757
[2026-10-01 13:31:37] ES outer2 | cfg=P_l4_b32_e3_w0_b_d2 | Inner 3/3
[2026-10-01 13:31:49] ES outer2 cfg=P_l4_b32_e3_w0_b_d2 Inner 3: F1=0.7538
[2026-10-01 13:31:49] ES outer2 | trial 19/20 F1_inner=0.7649 | mejor=0.7823
[2026-10-01 13:31:49] ES outer2 | cfg=P_l5_b16_e5_w1_s_d2 | Inner 1/3
[2026-10-01 13:32:02] ES outer2 cfg=P_l5_b16_e5_w1_s_d2 Inner 1: F1=0.7731
[2026-10-01 13:32:02] ES outer2 | cfg=P_l5_b16_e5_w1_s_d2 | Inner 2/3
[2026-10-01 13:32:20] ES outer2 cfg=P_l5_b16_e5_w1_s_d2 Inner 2: F1=0.7740
[2026-10-01 13:32:20] ES outer2 | cfg=P_l5_b16_e5_w1_s_d2 | Inner 3/3
[2026-10-01 13:32:44] ES outer2 cfg=P_l5_b16_e5_w1_s_d2 Inner 3: F1=0.7768
[2026-10-01 13:32:44] ES outer2 | trial 20/20 F1_inner=0.7746 | mejor=0.7823
[2026-10-01 13:32:44] ES Outer 2: refit PYSENTIMIENTO, 3 épocas
[2026-10-01 13:33:07] ES Outer 2 refit: F1_train=0.9888, F1_outer=0.7572
[2026-10-01 13:33:07] [ES][RoBERTuito][Outer 2/5] FINALIZADO | prep=PYSENTIMIENTO | F1_inner=0.7823±0.0124 | F1_train=0.9888 | F1_outer=0.7572 | gap=0.2317
[2026-10-01 13:33:07] ES | Outer 3/5
[2026-10-01 13:33:08] ES outer3 | cfg=P_l2_b32_e4_w10_b_d2 | Inner 1/3
[2026-10-01 13:33:23] ES outer3 cfg=P_l2_b32_e4_w10_b_d2 Inner 1: F1=0.7199
[2026-10-01 13:33:23] ES outer3 | cfg=P_l2_b32_e4_w10_b_d2 | Inner 2/3
[2026-10-01 13:33:38] ES outer3 cfg=P_l2_b32_e4_w10_b_d2 Inner 2: F1=0.7384
[2026-10-01 13:33:38] ES outer3 | cfg=P_l2_b32_e4_w10_b_d2 | Inner 3/3
[2026-10-01 13:33:54] ES outer3 cfg=P_l2_b32_e4_w10_b_d2 Inner 3: F1=0.7701
[2026-10-01 13:33:54] ES outer3 | trial 1/20 F1_inner=0.7428 | mejor=0.7428
[2026-10-01 13:33:54] ES outer3 | cfg=P_l4_b32_e5_w1_b_d2 | Inner 1/3
[2026-10-01 13:34:09] ES outer3 cfg=P_l4_b32_e5_w1_b_d2 Inner 1: F1=0.7478
[2026-10-01 13:34:09] ES outer3 | cfg=P_l4_b32_e5_w1_b_d2 | Inner 2/3
[2026-10-01 13:34:25] ES outer3 cfg=P_l4_b32_e5_w1_b_d2 Inner 2: F1=0.7866
[2026-10-01 13:34:25] ES outer3 | cfg=P_l4_b32_e5_w1_b_d2 | Inner 3/3
[2026-10-01 13:34:44] ES outer3 cfg=P_l4_b32_e5_w1_b_d2 Inner 3: F1=0.7859
[2026-10-01 13:34:44] ES outer3 | trial 2/20 F1_inner=0.7734 | mejor=0.7734
[2026-10-01 13:34:44] ES outer3 | cfg=P_l3_b16_e3_w0_b_d2 | Inner 1/3
[2026-10-01 13:35:02] ES outer3 cfg=P_l3_b16_e3_w0_b_d2 Inner 1: F1=0.7411
[2026-10-01 13:35:02] ES outer3 | cfg=P_l3_b16_e3_w0_b_d2 | Inner 2/3
[2026-10-01 13:35:20] ES outer3 cfg=P_l3_b16_e3_w0_b_d2 Inner 2: F1=0.7741
[2026-10-01 13:35:20] ES outer3 | cfg=P_l3_b16_e3_w0_b_d2 | Inner 3/3
[2026-10-01 13:35:39] ES outer3 cfg=P_l3_b16_e3_w0_b_d2 Inner 3: F1=0.7849
[2026-10-01 13:35:39] ES outer3 | trial 3/20 F1_inner=0.7667 | mejor=0.7734
[2026-10-01 13:35:39] ES outer3 | cfg=P_l4_b16_e3_w1_s_d3 | Inner 1/3
[2026-10-01 13:35:57] ES outer3 cfg=P_l4_b16_e3_w1_s_d3 Inner 1: F1=0.7429
[2026-10-01 13:35:57] ES outer3 | cfg=P_l4_b16_e3_w1_s_d3 | Inner 2/3
[2026-10-01 13:36:10] ES outer3 cfg=P_l4_b16_e3_w1_s_d3 Inner 2: F1=0.7508
[2026-10-01 13:36:10] ES outer3 | cfg=P_l4_b16_e3_w1_s_d3 | Inner 3/3
[2026-10-01 13:36:28] ES outer3 cfg=P_l4_b16_e3_w1_s_d3 Inner 3: F1=0.7870
[2026-10-01 13:36:29] ES outer3 | trial 4/20 F1_inner=0.7603 | mejor=0.7734
[2026-10-01 13:36:29] ES outer3 | cfg=P_l2_b16_e4_w10_b_d3 | Inner 1/3
[2026-10-01 13:36:53] ES outer3 cfg=P_l2_b16_e4_w10_b_d3 Inner 1: F1=0.7349
[2026-10-01 13:36:53] ES outer3 | cfg=P_l2_b16_e4_w10_b_d3 | Inner 2/3
[2026-10-01 13:37:17] ES outer3 cfg=P_l2_b16_e4_w10_b_d3 Inner 2: F1=0.7661
[2026-10-01 13:37:17] ES outer3 | cfg=P_l2_b16_e4_w10_b_d3 | Inner 3/3
[2026-10-01 13:37:41] ES outer3 cfg=P_l2_b16_e4_w10_b_d3 Inner 3: F1=0.7937
[2026-10-01 13:37:41] ES outer3 | trial 5/20 F1_inner=0.7649 | mejor=0.7734
[2026-10-01 13:37:41] ES outer3 | cfg=P_l4_b32_e5_w1_s_d2 | Inner 1/3
[2026-10-01 13:37:53] ES outer3 cfg=P_l4_b32_e5_w1_s_d2 Inner 1: F1=0.7572
[2026-10-01 13:37:53] ES outer3 | cfg=P_l4_b32_e5_w1_s_d2 | Inner 2/3
[2026-10-01 13:38:12] ES outer3 cfg=P_l4_b32_e5_w1_s_d2 Inner 2: F1=0.7751
[2026-10-01 13:38:12] ES outer3 | cfg=P_l4_b32_e5_w1_s_d2 | Inner 3/3
[2026-10-01 13:38:24] ES outer3 cfg=P_l4_b32_e5_w1_s_d2 Inner 3: F1=0.7801
[2026-10-01 13:38:24] ES outer3 | trial 6/20 F1_inner=0.7708 | mejor=0.7734
[2026-10-01 13:38:24] ES outer3 | cfg=P_l4_b32_e5_w1_b_d1 | Inner 1/3
[2026-10-01 13:38:39] ES outer3 cfg=P_l4_b32_e5_w1_b_d1 Inner 1: F1=0.7475
[2026-10-01 13:38:39] ES outer3 | cfg=P_l4_b32_e5_w1_b_d1 | Inner 2/3
[2026-10-01 13:38:55] ES outer3 cfg=P_l4_b32_e5_w1_b_d1 Inner 2: F1=0.7732
[2026-10-01 13:38:55] ES outer3 | cfg=P_l4_b32_e5_w1_b_d1 | Inner 3/3
[2026-10-01 13:39:10] ES outer3 cfg=P_l4_b32_e5_w1_b_d1 Inner 3: F1=0.7876
[2026-10-01 13:39:11] ES outer3 | trial 7/20 F1_inner=0.7694 | mejor=0.7734
[2026-10-01 13:39:11] ES outer3 | cfg=P_l3_b32_e5_w1_b_d2 | Inner 1/3
[2026-10-01 13:39:29] ES outer3 cfg=P_l3_b32_e5_w1_b_d2 Inner 1: F1=0.7507
[2026-10-01 13:39:29] ES outer3 | cfg=P_l3_b32_e5_w1_b_d2 | Inner 2/3
[2026-10-01 13:39:48] ES outer3 cfg=P_l3_b32_e5_w1_b_d2 Inner 2: F1=0.7857
[2026-10-01 13:39:48] ES outer3 | cfg=P_l3_b32_e5_w1_b_d2 | Inner 3/3
[2026-10-01 13:40:04] ES outer3 cfg=P_l3_b32_e5_w1_b_d2 Inner 3: F1=0.7827
[2026-10-01 13:40:04] ES outer3 | trial 8/20 F1_inner=0.7730 | mejor=0.7734
[2026-10-01 13:40:04] ES outer3 | cfg=P_l4_b16_e5_w5_b_d2 | Inner 1/3
[2026-10-01 13:40:28] ES outer3 cfg=P_l4_b16_e5_w5_b_d2 Inner 1: F1=0.7558
[2026-10-01 13:40:28] ES outer3 | cfg=P_l4_b16_e5_w5_b_d2 | Inner 2/3
[2026-10-01 13:40:52] ES outer3 cfg=P_l4_b16_e5_w5_b_d2 Inner 2: F1=0.7631
[2026-10-01 13:40:53] ES outer3 | cfg=P_l4_b16_e5_w5_b_d2 | Inner 3/3
[2026-10-01 13:41:06] ES outer3 cfg=P_l4_b16_e5_w5_b_d2 Inner 3: F1=0.7868
[2026-10-01 13:41:06] ES outer3 | trial 9/20 F1_inner=0.7686 | mejor=0.7734
[2026-10-01 13:41:06] ES outer3 | cfg=P_l4_b32_e4_w0_b_d3 | Inner 1/3
[2026-10-01 13:41:22] ES outer3 cfg=P_l4_b32_e4_w0_b_d3 Inner 1: F1=0.7458
[2026-10-01 13:41:22] ES outer3 | cfg=P_l4_b32_e4_w0_b_d3 | Inner 2/3
[2026-10-01 13:41:37] ES outer3 cfg=P_l4_b32_e4_w0_b_d3 Inner 2: F1=0.7745
[2026-10-01 13:41:37] ES outer3 | cfg=P_l4_b32_e4_w0_b_d3 | Inner 3/3
[2026-10-01 13:41:52] ES outer3 cfg=P_l4_b32_e4_w0_b_d3 Inner 3: F1=0.7922
[2026-10-01 13:41:52] ES outer3 | trial 10/20 F1_inner=0.7708 | mejor=0.7734
[2026-10-01 13:41:53] ES outer3 | cfg=P_l4_b32_e3_w5_b_d2 | Inner 1/3
[2026-10-01 13:42:04] ES outer3 cfg=P_l4_b32_e3_w5_b_d2 Inner 1: F1=0.7410
[2026-10-01 13:42:04] ES outer3 | cfg=P_l4_b32_e3_w5_b_d2 | Inner 2/3
[2026-10-01 13:42:16] ES outer3 cfg=P_l4_b32_e3_w5_b_d2 Inner 2: F1=0.7638
[2026-10-01 13:42:16] ES outer3 | cfg=P_l4_b32_e3_w5_b_d2 | Inner 3/3
[2026-10-01 13:42:28] ES outer3 cfg=P_l4_b32_e3_w5_b_d2 Inner 3: F1=0.7857
[2026-10-01 13:42:29] ES outer3 | trial 11/20 F1_inner=0.7635 | mejor=0.7734
[2026-10-01 13:42:29] ES outer3 | cfg=P_l3_b32_e5_w0_b_d2 | Inner 1/3
[2026-10-01 13:42:47] ES outer3 cfg=P_l3_b32_e5_w0_b_d2 Inner 1: F1=0.7503
[2026-10-01 13:42:47] ES outer3 | cfg=P_l3_b32_e5_w0_b_d2 | Inner 2/3
[2026-10-01 13:43:06] ES outer3 cfg=P_l3_b32_e5_w0_b_d2 Inner 2: F1=0.7857
[2026-10-01 13:43:06] ES outer3 | cfg=P_l3_b32_e5_w0_b_d2 | Inner 3/3
[2026-10-01 13:43:22] ES outer3 cfg=P_l3_b32_e5_w0_b_d2 Inner 3: F1=0.7842
[2026-10-01 13:43:22] ES outer3 | trial 12/20 F1_inner=0.7734 | mejor=0.7734
[2026-10-01 13:43:22] REUTILIZADO ES outer3 cfg=P_l3_b32_e5_w0_b_d2 inner=1: F1=0.7503
[2026-10-01 13:43:22] REUTILIZADO ES outer3 cfg=P_l3_b32_e5_w0_b_d2 inner=2: F1=0.7857
[2026-10-01 13:43:22] REUTILIZADO ES outer3 cfg=P_l3_b32_e5_w0_b_d2 inner=3: F1=0.7842
[2026-10-01 13:43:22] ES outer3 | trial 13/20 F1_inner=0.7734 | mejor=0.7734
[2026-10-01 13:43:22] ES outer3 | cfg=P_l3_b32_e5_w0_s_d1 | Inner 1/3
[2026-10-01 13:43:41] ES outer3 cfg=P_l3_b32_e5_w0_s_d1 Inner 1: F1=0.7514
[2026-10-01 13:43:41] ES outer3 | cfg=P_l3_b32_e5_w0_s_d1 | Inner 2/3
[2026-10-01 13:44:00] ES outer3 cfg=P_l3_b32_e5_w0_s_d1 Inner 2: F1=0.7729
[2026-10-01 13:44:00] ES outer3 | cfg=P_l3_b32_e5_w0_s_d1 | Inner 3/3
[2026-10-01 13:44:12] ES outer3 cfg=P_l3_b32_e5_w0_s_d1 Inner 3: F1=0.7772
[2026-10-01 13:44:12] ES outer3 | trial 14/20 F1_inner=0.7672 | mejor=0.7734
[2026-10-01 13:44:12] ES outer3 | cfg=P_l4_b32_e5_w10_b_d2 | Inner 1/3
[2026-10-01 13:44:28] ES outer3 cfg=P_l4_b32_e5_w10_b_d2 Inner 1: F1=0.7478
[2026-10-01 13:44:28] ES outer3 | cfg=P_l4_b32_e5_w10_b_d2 | Inner 2/3
[2026-10-01 13:44:43] ES outer3 cfg=P_l4_b32_e5_w10_b_d2 Inner 2: F1=0.7871
[2026-10-01 13:44:43] ES outer3 | cfg=P_l4_b32_e5_w10_b_d2 | Inner 3/3
[2026-10-01 13:44:59] ES outer3 cfg=P_l4_b32_e5_w10_b_d2 Inner 3: F1=0.7836
[2026-10-01 13:44:59] ES outer3 | trial 15/20 F1_inner=0.7728 | mejor=0.7734
[2026-10-01 13:44:59] ES outer3 | cfg=P_l4_b16_e4_w1_b_d2 | Inner 1/3
[2026-10-01 13:45:23] ES outer3 cfg=P_l4_b16_e4_w1_b_d2 Inner 1: F1=0.7614
[2026-10-01 13:45:23] ES outer3 | cfg=P_l4_b16_e4_w1_b_d2 | Inner 2/3
[2026-10-01 13:45:47] ES outer3 cfg=P_l4_b16_e4_w1_b_d2 Inner 2: F1=0.7744
[2026-10-01 13:45:47] ES outer3 | cfg=P_l4_b16_e4_w1_b_d2 | Inner 3/3
[2026-10-01 13:46:11] ES outer3 cfg=P_l4_b16_e4_w1_b_d2 Inner 3: F1=0.7973
[2026-10-01 13:46:11] ES outer3 | trial 16/20 F1_inner=0.7777 | mejor=0.7777
[2026-10-01 13:46:11] ES outer3 | cfg=P_l3_b16_e4_w1_b_d3 | Inner 1/3
[2026-10-01 13:46:36] ES outer3 cfg=P_l3_b16_e4_w1_b_d3 Inner 1: F1=0.7519
[2026-10-01 13:46:36] ES outer3 | cfg=P_l3_b16_e4_w1_b_d3 | Inner 2/3
[2026-10-01 13:47:00] ES outer3 cfg=P_l3_b16_e4_w1_b_d3 Inner 2: F1=0.7787
[2026-10-01 13:47:00] ES outer3 | cfg=P_l3_b16_e4_w1_b_d3 | Inner 3/3
[2026-10-01 13:47:18] ES outer3 cfg=P_l3_b16_e4_w1_b_d3 Inner 3: F1=0.7887
[2026-10-01 13:47:18] ES outer3 | trial 17/20 F1_inner=0.7731 | mejor=0.7777
[2026-10-01 13:47:18] ES outer3 | cfg=P_l5_b16_e4_w1_b_d2 | Inner 1/3
[2026-10-01 13:47:42] ES outer3 cfg=P_l5_b16_e4_w1_b_d2 Inner 1: F1=0.7608
[2026-10-01 13:47:42] ES outer3 | cfg=P_l5_b16_e4_w1_b_d2 | Inner 2/3
[2026-10-01 13:48:06] ES outer3 cfg=P_l5_b16_e4_w1_b_d2 Inner 2: F1=0.7712
[2026-10-01 13:48:06] ES outer3 | cfg=P_l5_b16_e4_w1_b_d2 | Inner 3/3
[2026-10-01 13:48:31] ES outer3 cfg=P_l5_b16_e4_w1_b_d2 Inner 3: F1=0.8070
[2026-10-01 13:48:31] ES outer3 | trial 18/20 F1_inner=0.7797 | mejor=0.7797
[2026-10-01 13:48:31] REUTILIZADO ES outer3 cfg=P_l5_b16_e4_w1_b_d2 inner=1: F1=0.7608
[2026-10-01 13:48:31] REUTILIZADO ES outer3 cfg=P_l5_b16_e4_w1_b_d2 inner=2: F1=0.7712
[2026-10-01 13:48:31] REUTILIZADO ES outer3 cfg=P_l5_b16_e4_w1_b_d2 inner=3: F1=0.8070
[2026-10-01 13:48:31] ES outer3 | trial 19/20 F1_inner=0.7797 | mejor=0.7797
[2026-10-01 13:48:31] ES outer3 | cfg=P_l5_b16_e4_w1_s_d2 | Inner 1/3
[2026-10-01 13:48:50] ES outer3 cfg=P_l5_b16_e4_w1_s_d2 Inner 1: F1=0.7554
[2026-10-01 13:48:50] ES outer3 | cfg=P_l5_b16_e4_w1_s_d2 | Inner 2/3
[2026-10-01 13:49:03] ES outer3 cfg=P_l5_b16_e4_w1_s_d2 Inner 2: F1=0.7669
[2026-10-01 13:49:03] ES outer3 | cfg=P_l5_b16_e4_w1_s_d2 | Inner 3/3
[2026-10-01 13:49:17] ES outer3 cfg=P_l5_b16_e4_w1_s_d2 Inner 3: F1=0.7937
[2026-10-01 13:49:17] ES outer3 | trial 20/20 F1_inner=0.7720 | mejor=0.7797
[2026-10-01 13:49:17] ES Outer 3: refit PYSENTIMIENTO, 3 épocas
[2026-10-01 13:49:41] ES Outer 3 refit: F1_train=0.9854, F1_outer=0.7739
[2026-10-01 13:49:41] [ES][RoBERTuito][Outer 3/5] FINALIZADO | prep=PYSENTIMIENTO | F1_inner=0.7797±0.0242 | F1_train=0.9854 | F1_outer=0.7739 | gap=0.2115
[2026-10-01 13:49:41] ES | Outer 4/5
[2026-10-01 13:49:42] ES outer4 | cfg=P_l2_b32_e5_w1_b_d3 | Inner 1/3
[2026-10-01 13:50:01] ES outer4 cfg=P_l2_b32_e5_w1_b_d3 Inner 1: F1=0.7424
[2026-10-01 13:50:01] ES outer4 | cfg=P_l2_b32_e5_w1_b_d3 | Inner 2/3
[2026-10-01 13:50:19] ES outer4 cfg=P_l2_b32_e5_w1_b_d3 Inner 2: F1=0.7247
[2026-10-01 13:50:19] ES outer4 | cfg=P_l2_b32_e5_w1_b_d3 | Inner 3/3
[2026-10-01 13:50:39] ES outer4 cfg=P_l2_b32_e5_w1_b_d3 Inner 3: F1=0.7889
[2026-10-01 13:50:39] ES outer4 | trial 1/20 F1_inner=0.7520 | mejor=0.7520
[2026-10-01 13:50:39] ES outer4 | cfg=P_l3_b32_e4_w5_s_d1 | Inner 1/3
[2026-10-01 13:50:55] ES outer4 cfg=P_l3_b32_e4_w5_s_d1 Inner 1: F1=0.7594
[2026-10-01 13:50:55] ES outer4 | cfg=P_l3_b32_e4_w5_s_d1 | Inner 2/3
[2026-10-01 13:51:07] ES outer4 cfg=P_l3_b32_e4_w5_s_d1 Inner 2: F1=0.7355
[2026-10-01 13:51:07] ES outer4 | cfg=P_l3_b32_e4_w5_s_d1 | Inner 3/3
[2026-10-01 13:51:22] ES outer4 cfg=P_l3_b32_e4_w5_s_d1 Inner 3: F1=0.7945
[2026-10-01 13:51:22] ES outer4 | trial 2/20 F1_inner=0.7631 | mejor=0.7631
[2026-10-01 13:51:22] ES outer4 | cfg=P_l5_b32_e4_w0_s_d1 | Inner 1/3
[2026-10-01 13:51:38] ES outer4 cfg=P_l5_b32_e4_w0_s_d1 Inner 1: F1=0.7725
[2026-10-01 13:51:38] ES outer4 | cfg=P_l5_b32_e4_w0_s_d1 | Inner 2/3
[2026-10-01 13:51:49] ES outer4 cfg=P_l5_b32_e4_w0_s_d1 Inner 2: F1=0.7554
[2026-10-01 13:51:49] ES outer4 | cfg=P_l5_b32_e4_w0_s_d1 | Inner 3/3
[2026-10-01 13:52:01] ES outer4 cfg=P_l5_b32_e4_w0_s_d1 Inner 3: F1=0.8066
[2026-10-01 13:52:02] ES outer4 | trial 3/20 F1_inner=0.7781 | mejor=0.7781
[2026-10-01 13:52:02] ES outer4 | cfg=P_l4_b32_e4_w10_b_d1 | Inner 1/3
[2026-10-01 13:52:17] ES outer4 cfg=P_l4_b32_e4_w10_b_d1 Inner 1: F1=0.7706
[2026-10-01 13:52:17] ES outer4 | cfg=P_l4_b32_e4_w10_b_d1 | Inner 2/3
[2026-10-01 13:52:33] ES outer4 cfg=P_l4_b32_e4_w10_b_d1 Inner 2: F1=0.7695
[2026-10-01 13:52:33] ES outer4 | cfg=P_l4_b32_e4_w10_b_d1 | Inner 3/3
[2026-10-01 13:52:48] ES outer4 cfg=P_l4_b32_e4_w10_b_d1 Inner 3: F1=0.8015
[2026-10-01 13:52:48] ES outer4 | trial 4/20 F1_inner=0.7805 | mejor=0.7805
[2026-10-01 13:52:48] ES outer4 | cfg=P_l3_b16_e3_w1_s_d2 | Inner 1/3
[2026-10-01 13:53:07] ES outer4 cfg=P_l3_b16_e3_w1_s_d2 Inner 1: F1=0.7563
[2026-10-01 13:53:07] ES outer4 | cfg=P_l3_b16_e3_w1_s_d2 | Inner 2/3
[2026-10-01 13:53:25] ES outer4 cfg=P_l3_b16_e3_w1_s_d2 Inner 2: F1=0.7580
[2026-10-01 13:53:25] ES outer4 | cfg=P_l3_b16_e3_w1_s_d2 | Inner 3/3
[2026-10-01 13:53:44] ES outer4 cfg=P_l3_b16_e3_w1_s_d2 Inner 3: F1=0.7985
[2026-10-01 13:53:44] ES outer4 | trial 5/20 F1_inner=0.7710 | mejor=0.7805
[2026-10-01 13:53:44] REUTILIZADO ES outer4 cfg=P_l4_b32_e4_w10_b_d1 inner=1: F1=0.7706
[2026-10-01 13:53:44] REUTILIZADO ES outer4 cfg=P_l4_b32_e4_w10_b_d1 inner=2: F1=0.7695
[2026-10-01 13:53:44] REUTILIZADO ES outer4 cfg=P_l4_b32_e4_w10_b_d1 inner=3: F1=0.8015
[2026-10-01 13:53:44] ES outer4 | trial 6/20 F1_inner=0.7805 | mejor=0.7805
[2026-10-01 13:53:44] ES outer4 | cfg=P_l4_b32_e3_w10_s_d3 | Inner 1/3
[2026-10-01 13:53:56] ES outer4 cfg=P_l4_b32_e3_w10_s_d3 Inner 1: F1=0.7372
[2026-10-01 13:53:56] ES outer4 | cfg=P_l4_b32_e3_w10_s_d3 | Inner 2/3
[2026-10-01 13:54:08] ES outer4 cfg=P_l4_b32_e3_w10_s_d3 Inner 2: F1=0.7313
[2026-10-01 13:54:08] ES outer4 | cfg=P_l4_b32_e3_w10_s_d3 | Inner 3/3
[2026-10-01 13:54:20] ES outer4 cfg=P_l4_b32_e3_w10_s_d3 Inner 3: F1=0.8001
[2026-10-01 13:54:20] ES outer4 | trial 7/20 F1_inner=0.7562 | mejor=0.7805
[2026-10-01 13:54:21] ES outer4 | cfg=P_l4_b16_e4_w0_b_d2 | Inner 1/3
[2026-10-01 13:54:39] ES outer4 cfg=P_l4_b16_e4_w0_b_d2 Inner 1: F1=0.7850
[2026-10-01 13:54:39] ES outer4 | cfg=P_l4_b16_e4_w0_b_d2 | Inner 2/3
[2026-10-01 13:55:02] ES outer4 cfg=P_l4_b16_e4_w0_b_d2 Inner 2: F1=0.7846
[2026-10-01 13:55:02] ES outer4 | cfg=P_l4_b16_e4_w0_b_d2 | Inner 3/3
[2026-10-01 13:55:21] ES outer4 cfg=P_l4_b16_e4_w0_b_d2 Inner 3: F1=0.7934
[2026-10-01 13:55:21] ES outer4 | trial 8/20 F1_inner=0.7877 | mejor=0.7877
[2026-10-01 13:55:21] REUTILIZADO ES outer4 cfg=P_l4_b16_e4_w0_b_d2 inner=1: F1=0.7850
[2026-10-01 13:55:21] REUTILIZADO ES outer4 cfg=P_l4_b16_e4_w0_b_d2 inner=2: F1=0.7846
[2026-10-01 13:55:21] REUTILIZADO ES outer4 cfg=P_l4_b16_e4_w0_b_d2 inner=3: F1=0.7934
[2026-10-01 13:55:21] ES outer4 | trial 9/20 F1_inner=0.7877 | mejor=0.7877
[2026-10-01 13:55:21] ES outer4 | cfg=P_l2_b32_e3_w0_b_d2 | Inner 1/3
[2026-10-01 13:55:33] ES outer4 cfg=P_l2_b32_e3_w0_b_d2 Inner 1: F1=0.7099
[2026-10-01 13:55:33] ES outer4 | cfg=P_l2_b32_e3_w0_b_d2 | Inner 2/3
[2026-10-01 13:55:46] ES outer4 cfg=P_l2_b32_e3_w0_b_d2 Inner 2: F1=0.7087
[2026-10-01 13:55:46] ES outer4 | cfg=P_l2_b32_e3_w0_b_d2 | Inner 3/3
[2026-10-01 13:55:58] ES outer4 cfg=P_l2_b32_e3_w0_b_d2 Inner 3: F1=0.7711
[2026-10-01 13:55:58] ES outer4 | trial 10/20 F1_inner=0.7299 | mejor=0.7877
[2026-10-01 13:55:58] ES outer4 | cfg=P_l4_b16_e5_w5_s_d2 | Inner 1/3
[2026-10-01 13:56:28] ES outer4 cfg=P_l4_b16_e5_w5_s_d2 Inner 1: F1=0.7897
[2026-10-01 13:56:28] ES outer4 | cfg=P_l4_b16_e5_w5_s_d2 | Inner 2/3
[2026-10-01 13:56:57] ES outer4 cfg=P_l4_b16_e5_w5_s_d2 Inner 2: F1=0.7760
[2026-10-01 13:56:57] ES outer4 | cfg=P_l4_b16_e5_w5_s_d2 | Inner 3/3
[2026-10-01 13:57:16] ES outer4 cfg=P_l4_b16_e5_w5_s_d2 Inner 3: F1=0.7963
[2026-10-01 13:57:16] ES outer4 | trial 11/20 F1_inner=0.7873 | mejor=0.7877
[2026-10-01 13:57:17] REUTILIZADO ES outer4 cfg=P_l4_b16_e4_w0_b_d2 inner=1: F1=0.7850
[2026-10-01 13:57:17] REUTILIZADO ES outer4 cfg=P_l4_b16_e4_w0_b_d2 inner=2: F1=0.7846
[2026-10-01 13:57:17] REUTILIZADO ES outer4 cfg=P_l4_b16_e4_w0_b_d2 inner=3: F1=0.7934
[2026-10-01 13:57:17] ES outer4 | trial 12/20 F1_inner=0.7877 | mejor=0.7877
[2026-10-01 13:57:17] ES outer4 | cfg=P_l5_b16_e4_w10_b_d2 | Inner 1/3
[2026-10-01 13:57:35] ES outer4 cfg=P_l5_b16_e4_w10_b_d2 Inner 1: F1=0.7890
[2026-10-01 13:57:35] ES outer4 | cfg=P_l5_b16_e4_w10_b_d2 | Inner 2/3
[2026-10-01 13:58:00] ES outer4 cfg=P_l5_b16_e4_w10_b_d2 Inner 2: F1=0.7896
[2026-10-01 13:58:00] ES outer4 | cfg=P_l5_b16_e4_w10_b_d2 | Inner 3/3
[2026-10-01 13:58:24] ES outer4 cfg=P_l5_b16_e4_w10_b_d2 Inner 3: F1=0.7945
[2026-10-01 13:58:24] ES outer4 | trial 13/20 F1_inner=0.7911 | mejor=0.7911
[2026-10-01 13:58:24] ES outer4 | cfg=P_l5_b16_e4_w10_b_d3 | Inner 1/3
[2026-10-01 13:58:43] ES outer4 cfg=P_l5_b16_e4_w10_b_d3 Inner 1: F1=0.7953
[2026-10-01 13:58:43] ES outer4 | cfg=P_l5_b16_e4_w10_b_d3 | Inner 2/3
[2026-10-01 13:59:01] ES outer4 cfg=P_l5_b16_e4_w10_b_d3 Inner 2: F1=0.7737
[2026-10-01 13:59:01] ES outer4 | cfg=P_l5_b16_e4_w10_b_d3 | Inner 3/3
[2026-10-01 13:59:19] ES outer4 cfg=P_l5_b16_e4_w10_b_d3 Inner 3: F1=0.8006
[2026-10-01 13:59:19] ES outer4 | trial 14/20 F1_inner=0.7899 | mejor=0.7911
[2026-10-01 13:59:20] REUTILIZADO ES outer4 cfg=P_l5_b16_e4_w10_b_d3 inner=1: F1=0.7953
[2026-10-01 13:59:20] REUTILIZADO ES outer4 cfg=P_l5_b16_e4_w10_b_d3 inner=2: F1=0.7737
[2026-10-01 13:59:20] REUTILIZADO ES outer4 cfg=P_l5_b16_e4_w10_b_d3 inner=3: F1=0.8006
[2026-10-01 13:59:20] ES outer4 | trial 15/20 F1_inner=0.7899 | mejor=0.7911
[2026-10-01 13:59:20] ES outer4 | cfg=P_l5_b16_e4_w1_b_d2 | Inner 1/3
[2026-10-01 13:59:38] ES outer4 cfg=P_l5_b16_e4_w1_b_d2 Inner 1: F1=0.7900
[2026-10-01 13:59:38] ES outer4 | cfg=P_l5_b16_e4_w1_b_d2 | Inner 2/3
[2026-10-01 13:59:57] ES outer4 cfg=P_l5_b16_e4_w1_b_d2 Inner 2: F1=0.7776
[2026-10-01 13:59:57] ES outer4 | cfg=P_l5_b16_e4_w1_b_d2 | Inner 3/3
[2026-10-01 14:00:15] ES outer4 cfg=P_l5_b16_e4_w1_b_d2 Inner 3: F1=0.7964
[2026-10-01 14:00:15] ES outer4 | trial 16/20 F1_inner=0.7880 | mejor=0.7911
[2026-10-01 14:00:15] ES outer4 | cfg=P_l5_b16_e3_w10_b_d2 | Inner 1/3
[2026-10-01 14:00:34] ES outer4 cfg=P_l5_b16_e3_w10_b_d2 Inner 1: F1=0.7941
[2026-10-01 14:00:34] ES outer4 | cfg=P_l5_b16_e3_w10_b_d2 | Inner 2/3
[2026-10-01 14:00:52] ES outer4 cfg=P_l5_b16_e3_w10_b_d2 Inner 2: F1=0.7811
[2026-10-01 14:00:52] ES outer4 | cfg=P_l5_b16_e3_w10_b_d2 | Inner 3/3
[2026-10-01 14:01:10] ES outer4 cfg=P_l5_b16_e3_w10_b_d2 Inner 3: F1=0.7939
[2026-10-01 14:01:11] ES outer4 | trial 17/20 F1_inner=0.7897 | mejor=0.7911
[2026-10-01 14:01:11] ES outer4 | cfg=P_l2_b16_e4_w10_s_d3 | Inner 1/3
[2026-10-01 14:01:35] ES outer4 cfg=P_l2_b16_e4_w10_s_d3 Inner 1: F1=0.7585
[2026-10-01 14:01:35] ES outer4 | cfg=P_l2_b16_e4_w10_s_d3 | Inner 2/3
[2026-10-01 14:01:59] ES outer4 cfg=P_l2_b16_e4_w10_s_d3 Inner 2: F1=0.7535
[2026-10-01 14:01:59] ES outer4 | cfg=P_l2_b16_e4_w10_s_d3 | Inner 3/3
[2026-10-01 14:02:23] ES outer4 cfg=P_l2_b16_e4_w10_s_d3 Inner 3: F1=0.7868
[2026-10-01 14:02:23] ES outer4 | trial 18/20 F1_inner=0.7663 | mejor=0.7911
[2026-10-01 14:02:23] ES outer4 | cfg=P_l5_b32_e4_w10_b_d2 | Inner 1/3
[2026-10-01 14:02:39] ES outer4 cfg=P_l5_b32_e4_w10_b_d2 Inner 1: F1=0.7773
[2026-10-01 14:02:39] ES outer4 | cfg=P_l5_b32_e4_w10_b_d2 | Inner 2/3
[2026-10-01 14:02:57] ES outer4 cfg=P_l5_b32_e4_w10_b_d2 Inner 2: F1=0.7669
[2026-10-01 14:02:57] ES outer4 | cfg=P_l5_b32_e4_w10_b_d2 | Inner 3/3
[2026-10-01 14:03:13] ES outer4 cfg=P_l5_b32_e4_w10_b_d2 Inner 3: F1=0.8026
[2026-10-01 14:03:13] ES outer4 | trial 19/20 F1_inner=0.7822 | mejor=0.7911
[2026-10-01 14:03:13] ES outer4 | cfg=P_l5_b16_e5_w5_b_d3 | Inner 1/3
[2026-10-01 14:03:32] ES outer4 cfg=P_l5_b16_e5_w5_b_d3 Inner 1: F1=0.7916
[2026-10-01 14:03:32] ES outer4 | cfg=P_l5_b16_e5_w5_b_d3 | Inner 2/3
[2026-10-01 14:03:56] ES outer4 cfg=P_l5_b16_e5_w5_b_d3 Inner 2: F1=0.7953
[2026-10-01 14:03:56] ES outer4 | cfg=P_l5_b16_e5_w5_b_d3 | Inner 3/3
[2026-10-01 14:04:14] ES outer4 cfg=P_l5_b16_e5_w5_b_d3 Inner 3: F1=0.7943
[2026-10-01 14:04:15] ES outer4 | trial 20/20 F1_inner=0.7937 | mejor=0.7937
[2026-10-01 14:04:15] ES Outer 4: refit PYSENTIMIENTO, 2 épocas
[2026-10-01 14:04:32] ES Outer 4 refit: F1_train=0.9442, F1_outer=0.7661
[2026-10-01 14:04:32] [ES][RoBERTuito][Outer 4/5] FINALIZADO | prep=PYSENTIMIENTO | F1_inner=0.7937±0.0019 | F1_train=0.9442 | F1_outer=0.7661 | gap=0.1780
[2026-10-01 14:04:32] ES | Outer 5/5
[2026-10-01 14:04:32] ES outer5 | cfg=P_l3_b32_e5_w1_b_d3 | Inner 1/3
[2026-10-01 14:04:48] ES outer5 cfg=P_l3_b32_e5_w1_b_d3 Inner 1: F1=0.7281
[2026-10-01 14:04:48] ES outer5 | cfg=P_l3_b32_e5_w1_b_d3 | Inner 2/3
[2026-10-01 14:05:07] ES outer5 cfg=P_l3_b32_e5_w1_b_d3 Inner 2: F1=0.7817
[2026-10-01 14:05:07] ES outer5 | cfg=P_l3_b32_e5_w1_b_d3 | Inner 3/3
[2026-10-01 14:05:26] ES outer5 cfg=P_l3_b32_e5_w1_b_d3 Inner 3: F1=0.7733
[2026-10-01 14:05:26] ES outer5 | trial 1/20 F1_inner=0.7611 | mejor=0.7611
[2026-10-01 14:05:26] ES outer5 | cfg=P_l4_b16_e3_w0_s_d3 | Inner 1/3
[2026-10-01 14:05:45] ES outer5 cfg=P_l4_b16_e3_w0_s_d3 Inner 1: F1=0.7445
[2026-10-01 14:05:45] ES outer5 | cfg=P_l4_b16_e3_w0_s_d3 | Inner 2/3
[2026-10-01 14:06:03] ES outer5 cfg=P_l4_b16_e3_w0_s_d3 Inner 2: F1=0.7896
[2026-10-01 14:06:03] ES outer5 | cfg=P_l4_b16_e3_w0_s_d3 | Inner 3/3
[2026-10-01 14:06:21] ES outer5 cfg=P_l4_b16_e3_w0_s_d3 Inner 3: F1=0.7781
[2026-10-01 14:06:21] ES outer5 | trial 2/20 F1_inner=0.7707 | mejor=0.7707
[2026-10-01 14:06:21] ES outer5 | cfg=P_l2_b16_e4_w5_b_d3 | Inner 1/3
[2026-10-01 14:06:45] ES outer5 cfg=P_l2_b16_e4_w5_b_d3 Inner 1: F1=0.7176
[2026-10-01 14:06:45] ES outer5 | cfg=P_l2_b16_e4_w5_b_d3 | Inner 2/3
[2026-10-01 14:07:10] ES outer5 cfg=P_l2_b16_e4_w5_b_d3 Inner 2: F1=0.7648
[2026-10-01 14:07:10] ES outer5 | cfg=P_l2_b16_e4_w5_b_d3 | Inner 3/3
[2026-10-01 14:07:34] ES outer5 cfg=P_l2_b16_e4_w5_b_d3 Inner 3: F1=0.7522
[2026-10-01 14:07:34] ES outer5 | trial 3/20 F1_inner=0.7449 | mejor=0.7707
[2026-10-01 14:07:34] ES outer5 | cfg=P_l3_b32_e5_w1_s_d2 | Inner 1/3
[2026-10-01 14:07:50] ES outer5 cfg=P_l3_b32_e5_w1_s_d2 Inner 1: F1=0.7184
[2026-10-01 14:07:50] ES outer5 | cfg=P_l3_b32_e5_w1_s_d2 | Inner 2/3
[2026-10-01 14:08:05] ES outer5 cfg=P_l3_b32_e5_w1_s_d2 Inner 2: F1=0.7681
[2026-10-01 14:08:05] ES outer5 | cfg=P_l3_b32_e5_w1_s_d2 | Inner 3/3
[2026-10-01 14:08:21] ES outer5 cfg=P_l3_b32_e5_w1_s_d2 Inner 3: F1=0.7673
[2026-10-01 14:08:21] ES outer5 | trial 4/20 F1_inner=0.7513 | mejor=0.7707
[2026-10-01 14:08:21] REUTILIZADO ES outer5 cfg=P_l3_b32_e5_w1_b_d3 inner=1: F1=0.7281
[2026-10-01 14:08:21] REUTILIZADO ES outer5 cfg=P_l3_b32_e5_w1_b_d3 inner=2: F1=0.7817
[2026-10-01 14:08:21] REUTILIZADO ES outer5 cfg=P_l3_b32_e5_w1_b_d3 inner=3: F1=0.7733
[2026-10-01 14:08:21] ES outer5 | trial 5/20 F1_inner=0.7611 | mejor=0.7707
[2026-10-01 14:08:21] REUTILIZADO ES outer5 cfg=P_l4_b16_e3_w0_s_d3 inner=1: F1=0.7445
[2026-10-01 14:08:21] REUTILIZADO ES outer5 cfg=P_l4_b16_e3_w0_s_d3 inner=2: F1=0.7896
[2026-10-01 14:08:21] REUTILIZADO ES outer5 cfg=P_l4_b16_e3_w0_s_d3 inner=3: F1=0.7781
[2026-10-01 14:08:22] ES outer5 | trial 6/20 F1_inner=0.7707 | mejor=0.7707
[2026-10-01 14:08:22] ES outer5 | cfg=P_l5_b16_e3_w0_b_d1 | Inner 1/3
[2026-10-01 14:08:40] ES outer5 cfg=P_l5_b16_e3_w0_b_d1 Inner 1: F1=0.7452
[2026-10-01 14:08:40] ES outer5 | cfg=P_l5_b16_e3_w0_b_d1 | Inner 2/3
[2026-10-01 14:08:59] ES outer5 cfg=P_l5_b16_e3_w0_b_d1 Inner 2: F1=0.7929
[2026-10-01 14:08:59] ES outer5 | cfg=P_l5_b16_e3_w0_b_d1 | Inner 3/3
[2026-10-01 14:09:17] ES outer5 cfg=P_l5_b16_e3_w0_b_d1 Inner 3: F1=0.7857
[2026-10-01 14:09:17] ES outer5 | trial 7/20 F1_inner=0.7746 | mejor=0.7746
[2026-10-01 14:09:17] ES outer5 | cfg=P_l5_b16_e3_w1_b_d2 | Inner 1/3
[2026-10-01 14:09:30] ES outer5 cfg=P_l5_b16_e3_w1_b_d2 Inner 1: F1=0.7389
[2026-10-01 14:09:30] ES outer5 | cfg=P_l5_b16_e3_w1_b_d2 | Inner 2/3
[2026-10-01 14:09:48] ES outer5 cfg=P_l5_b16_e3_w1_b_d2 Inner 2: F1=0.7950
[2026-10-01 14:09:48] ES outer5 | cfg=P_l5_b16_e3_w1_b_d2 | Inner 3/3
[2026-10-01 14:10:07] ES outer5 cfg=P_l5_b16_e3_w1_b_d2 Inner 3: F1=0.7812
[2026-10-01 14:10:07] ES outer5 | trial 8/20 F1_inner=0.7717 | mejor=0.7746
[2026-10-01 14:10:07] ES outer5 | cfg=P_l5_b16_e3_w10_b_d1 | Inner 1/3
[2026-10-01 14:10:26] ES outer5 cfg=P_l5_b16_e3_w10_b_d1 Inner 1: F1=0.7452
[2026-10-01 14:10:26] ES outer5 | cfg=P_l5_b16_e3_w10_b_d1 | Inner 2/3
[2026-10-01 14:10:45] ES outer5 cfg=P_l5_b16_e3_w10_b_d1 Inner 2: F1=0.7873
[2026-10-01 14:10:45] ES outer5 | cfg=P_l5_b16_e3_w10_b_d1 | Inner 3/3
[2026-10-01 14:11:03] ES outer5 cfg=P_l5_b16_e3_w10_b_d1 Inner 3: F1=0.7826
[2026-10-01 14:11:03] ES outer5 | trial 9/20 F1_inner=0.7717 | mejor=0.7746
[2026-10-01 14:11:03] ES outer5 | cfg=P_l5_b32_e3_w0_b_d1 | Inner 1/3
[2026-10-01 14:11:16] ES outer5 cfg=P_l5_b32_e3_w0_b_d1 Inner 1: F1=0.7263
[2026-10-01 14:11:16] ES outer5 | cfg=P_l5_b32_e3_w0_b_d1 | Inner 2/3
[2026-10-01 14:11:28] ES outer5 cfg=P_l5_b32_e3_w0_b_d1 Inner 2: F1=0.7790
[2026-10-01 14:11:28] ES outer5 | cfg=P_l5_b32_e3_w0_b_d1 | Inner 3/3
[2026-10-01 14:11:40] ES outer5 cfg=P_l5_b32_e3_w0_b_d1 Inner 3: F1=0.7766
[2026-10-01 14:11:40] ES outer5 | trial 10/20 F1_inner=0.7606 | mejor=0.7746
[2026-10-01 14:11:40] ES outer5 | cfg=P_l5_b16_e5_w0_b_d1 | Inner 1/3
[2026-10-01 14:11:58] ES outer5 cfg=P_l5_b16_e5_w0_b_d1 Inner 1: F1=0.7527
[2026-10-01 14:11:58] ES outer5 | cfg=P_l5_b16_e5_w0_b_d1 | Inner 2/3
[2026-10-01 14:12:28] ES outer5 cfg=P_l5_b16_e5_w0_b_d1 Inner 2: F1=0.7988
[2026-10-01 14:12:28] ES outer5 | cfg=P_l5_b16_e5_w0_b_d1 | Inner 3/3
[2026-10-01 14:12:51] ES outer5 cfg=P_l5_b16_e5_w0_b_d1 Inner 3: F1=0.7784
[2026-10-01 14:12:52] ES outer5 | trial 11/20 F1_inner=0.7766 | mejor=0.7766
[2026-10-01 14:12:52] REUTILIZADO ES outer5 cfg=P_l5_b16_e5_w0_b_d1 inner=1: F1=0.7527
[2026-10-01 14:12:52] REUTILIZADO ES outer5 cfg=P_l5_b16_e5_w0_b_d1 inner=2: F1=0.7988
[2026-10-01 14:12:52] REUTILIZADO ES outer5 cfg=P_l5_b16_e5_w0_b_d1 inner=3: F1=0.7784
[2026-10-01 14:12:52] ES outer5 | trial 12/20 F1_inner=0.7766 | mejor=0.7766
[2026-10-01 14:12:52] ES outer5 | cfg=P_l2_b16_e5_w0_b_d1 | Inner 1/3
[2026-10-01 14:13:21] ES outer5 cfg=P_l2_b16_e5_w0_b_d1 Inner 1: F1=0.7343
[2026-10-01 14:13:21] ES outer5 | cfg=P_l2_b16_e5_w0_b_d1 | Inner 2/3
[2026-10-01 14:13:51] ES outer5 cfg=P_l2_b16_e5_w0_b_d1 Inner 2: F1=0.7928
[2026-10-01 14:13:51] ES outer5 | cfg=P_l2_b16_e5_w0_b_d1 | Inner 3/3
[2026-10-01 14:14:20] ES outer5 cfg=P_l2_b16_e5_w0_b_d1 Inner 3: F1=0.7763
[2026-10-01 14:14:20] ES outer5 | trial 13/20 F1_inner=0.7678 | mejor=0.7766
[2026-10-01 14:14:20] ES outer5 | cfg=P_l5_b16_e5_w0_b_d2 | Inner 1/3
[2026-10-01 14:14:44] ES outer5 cfg=P_l5_b16_e5_w0_b_d2 Inner 1: F1=0.7392
[2026-10-01 14:14:44] ES outer5 | cfg=P_l5_b16_e5_w0_b_d2 | Inner 2/3
[2026-10-01 14:15:13] ES outer5 cfg=P_l5_b16_e5_w0_b_d2 Inner 2: F1=0.7961
[2026-10-01 14:15:13] ES outer5 | cfg=P_l5_b16_e5_w0_b_d2 | Inner 3/3
[2026-10-01 14:15:31] ES outer5 cfg=P_l5_b16_e5_w0_b_d2 Inner 3: F1=0.7655
[2026-10-01 14:15:31] ES outer5 | trial 14/20 F1_inner=0.7669 | mejor=0.7766
[2026-10-01 14:15:31] ES outer5 | cfg=P_l5_b16_e5_w1_b_d1 | Inner 1/3
[2026-10-01 14:15:50] ES outer5 cfg=P_l5_b16_e5_w1_b_d1 Inner 1: F1=0.7505
[2026-10-01 14:15:50] ES outer5 | cfg=P_l5_b16_e5_w1_b_d1 | Inner 2/3
[2026-10-01 14:16:14] ES outer5 cfg=P_l5_b16_e5_w1_b_d1 Inner 2: F1=0.7797
[2026-10-01 14:16:14] ES outer5 | cfg=P_l5_b16_e5_w1_b_d1 | Inner 3/3
[2026-10-01 14:16:44] ES outer5 cfg=P_l5_b16_e5_w1_b_d1 Inner 3: F1=0.7830
[2026-10-01 14:16:45] ES outer5 | trial 15/20 F1_inner=0.7711 | mejor=0.7766
[2026-10-01 14:16:45] ES outer5 | cfg=P_l5_b16_e5_w5_b_d3 | Inner 1/3
[2026-10-01 14:17:03] ES outer5 cfg=P_l5_b16_e5_w5_b_d3 Inner 1: F1=0.7343
[2026-10-01 14:17:03] ES outer5 | cfg=P_l5_b16_e5_w5_b_d3 | Inner 2/3
[2026-10-01 14:17:33] ES outer5 cfg=P_l5_b16_e5_w5_b_d3 Inner 2: F1=0.7959
[2026-10-01 14:17:33] ES outer5 | cfg=P_l5_b16_e5_w5_b_d3 | Inner 3/3
[2026-10-01 14:18:03] ES outer5 cfg=P_l5_b16_e5_w5_b_d3 Inner 3: F1=0.7796
[2026-10-01 14:18:03] ES outer5 | trial 16/20 F1_inner=0.7699 | mejor=0.7766
[2026-10-01 14:18:03] ES outer5 | cfg=P_l5_b32_e5_w10_s_d1 | Inner 1/3
[2026-10-01 14:18:15] ES outer5 cfg=P_l5_b32_e5_w10_s_d1 Inner 1: F1=0.7386
[2026-10-01 14:18:15] ES outer5 | cfg=P_l5_b32_e5_w10_s_d1 | Inner 2/3
[2026-10-01 14:18:34] ES outer5 cfg=P_l5_b32_e5_w10_s_d1 Inner 2: F1=0.7889
[2026-10-01 14:18:34] ES outer5 | cfg=P_l5_b32_e5_w10_s_d1 | Inner 3/3
[2026-10-01 14:18:49] ES outer5 cfg=P_l5_b32_e5_w10_s_d1 Inner 3: F1=0.7833
[2026-10-01 14:18:50] ES outer5 | trial 17/20 F1_inner=0.7703 | mejor=0.7766
[2026-10-01 14:18:50] ES outer5 | cfg=P_l5_b16_e5_w0_s_d1 | Inner 1/3
[2026-10-01 14:19:02] ES outer5 cfg=P_l5_b16_e5_w0_s_d1 Inner 1: F1=0.7314
[2026-10-01 14:19:02] ES outer5 | cfg=P_l5_b16_e5_w0_s_d1 | Inner 2/3
[2026-10-01 14:19:31] ES outer5 cfg=P_l5_b16_e5_w0_s_d1 Inner 2: F1=0.7869
[2026-10-01 14:19:31] ES outer5 | cfg=P_l5_b16_e5_w0_s_d1 | Inner 3/3
[2026-10-01 14:19:49] ES outer5 cfg=P_l5_b16_e5_w0_s_d1 Inner 3: F1=0.7849
[2026-10-01 14:19:50] ES outer5 | trial 18/20 F1_inner=0.7677 | mejor=0.7766
[2026-10-01 14:19:50] ES outer5 | cfg=P_l3_b16_e5_w10_b_d1 | Inner 1/3
[2026-10-01 14:20:20] ES outer5 cfg=P_l3_b16_e5_w10_b_d1 Inner 1: F1=0.7446
[2026-10-01 14:20:20] ES outer5 | cfg=P_l3_b16_e5_w10_b_d1 | Inner 2/3
[2026-10-01 14:20:38] ES outer5 cfg=P_l3_b16_e5_w10_b_d1 Inner 2: F1=0.7783
[2026-10-01 14:20:38] ES outer5 | cfg=P_l3_b16_e5_w10_b_d1 | Inner 3/3
[2026-10-01 14:21:08] ES outer5 cfg=P_l3_b16_e5_w10_b_d1 Inner 3: F1=0.7787
[2026-10-01 14:21:08] ES outer5 | trial 19/20 F1_inner=0.7672 | mejor=0.7766
[2026-10-01 14:21:08] ES outer5 | cfg=P_l5_b16_e4_w0_b_d3 | Inner 1/3
[2026-10-01 14:21:32] ES outer5 cfg=P_l5_b16_e4_w0_b_d3 Inner 1: F1=0.7417
[2026-10-01 14:21:32] ES outer5 | cfg=P_l5_b16_e4_w0_b_d3 | Inner 2/3
[2026-10-01 14:21:56] ES outer5 cfg=P_l5_b16_e4_w0_b_d3 Inner 2: F1=0.7978
[2026-10-01 14:21:56] ES outer5 | cfg=P_l5_b16_e4_w0_b_d3 | Inner 3/3
[2026-10-01 14:22:14] ES outer5 cfg=P_l5_b16_e4_w0_b_d3 Inner 3: F1=0.7684
[2026-10-01 14:22:14] ES outer5 | trial 20/20 F1_inner=0.7693 | mejor=0.7766
[2026-10-01 14:22:14] ES Outer 5: refit PYSENTIMIENTO, 3 épocas
[2026-10-01 14:22:37] ES Outer 5 refit: F1_train=0.9860, F1_outer=0.8233
[2026-10-01 14:22:38] [ES][RoBERTuito][Outer 5/5] FINALIZADO | prep=PYSENTIMIENTO | F1_inner=0.7766±0.0231 | F1_train=0.9860 | F1_outer=0.8233 | gap=0.1627
[2026-10-01 14:22:38] CU | Outer 1/5
[2026-10-01 14:22:39] CU outer1 | cfg=P_l3_b32_e3_w5_b_d2 | Inner 1/3
[2026-10-01 14:22:52] CU outer1 cfg=P_l3_b32_e3_w5_b_d2 Inner 1: F1=0.7490
[2026-10-01 14:22:52] CU outer1 | cfg=P_l3_b32_e3_w5_b_d2 | Inner 2/3
[2026-10-01 14:23:04] CU outer1 cfg=P_l3_b32_e3_w5_b_d2 Inner 2: F1=0.7201
[2026-10-01 14:23:04] CU outer1 | cfg=P_l3_b32_e3_w5_b_d2 | Inner 3/3
[2026-10-01 14:23:16] CU outer1 cfg=P_l3_b32_e3_w5_b_d2 Inner 3: F1=0.7206
[2026-10-01 14:23:16] CU outer1 | trial 1/20 F1_inner=0.7299 | mejor=0.7299
[2026-10-01 14:23:16] CU outer1 | cfg=P_l5_b32_e4_w0_s_d2 | Inner 1/3
[2026-10-01 14:23:28] CU outer1 cfg=P_l5_b32_e4_w0_s_d2 Inner 1: F1=0.7470
[2026-10-01 14:23:28] CU outer1 | cfg=P_l5_b32_e4_w0_s_d2 | Inner 2/3
[2026-10-01 14:23:43] CU outer1 cfg=P_l5_b32_e4_w0_s_d2 Inner 2: F1=0.7022
[2026-10-01 14:23:43] CU outer1 | cfg=P_l5_b32_e4_w0_s_d2 | Inner 3/3
[2026-10-01 14:23:55] CU outer1 cfg=P_l5_b32_e4_w0_s_d2 Inner 3: F1=0.7179
[2026-10-01 14:23:55] CU outer1 | trial 2/20 F1_inner=0.7224 | mejor=0.7299
[2026-10-01 14:23:55] CU outer1 | cfg=P_l2_b16_e3_w1_s_d2 | Inner 1/3
[2026-10-01 14:24:13] CU outer1 cfg=P_l2_b16_e3_w1_s_d2 Inner 1: F1=0.6720
[2026-10-01 14:24:13] CU outer1 | cfg=P_l2_b16_e3_w1_s_d2 | Inner 2/3
[2026-10-01 14:24:31] CU outer1 cfg=P_l2_b16_e3_w1_s_d2 Inner 2: F1=0.6876
[2026-10-01 14:24:31] CU outer1 | cfg=P_l2_b16_e3_w1_s_d2 | Inner 3/3
[2026-10-01 14:24:50] CU outer1 cfg=P_l2_b16_e3_w1_s_d2 Inner 3: F1=0.6724
[2026-10-01 14:24:50] CU outer1 | trial 3/20 F1_inner=0.6773 | mejor=0.7299
[2026-10-01 14:24:50] CU outer1 | cfg=P_l2_b16_e5_w1_s_d2 | Inner 1/3
[2026-10-01 14:25:14] CU outer1 cfg=P_l2_b16_e5_w1_s_d2 Inner 1: F1=0.7174
[2026-10-01 14:25:14] CU outer1 | cfg=P_l2_b16_e5_w1_s_d2 | Inner 2/3
[2026-10-01 14:25:45] CU outer1 cfg=P_l2_b16_e5_w1_s_d2 Inner 2: F1=0.7008
[2026-10-01 14:25:45] CU outer1 | cfg=P_l2_b16_e5_w1_s_d2 | Inner 3/3
[2026-10-01 14:26:14] CU outer1 cfg=P_l2_b16_e5_w1_s_d2 Inner 3: F1=0.7190
[2026-10-01 14:26:15] CU outer1 | trial 4/20 F1_inner=0.7124 | mejor=0.7299
[2026-10-01 14:26:15] CU outer1 | cfg=P_l2_b16_e3_w1_s_d3 | Inner 1/3
[2026-10-01 14:26:34] CU outer1 cfg=P_l2_b16_e3_w1_s_d3 Inner 1: F1=0.6611
[2026-10-01 14:26:34] CU outer1 | cfg=P_l2_b16_e3_w1_s_d3 | Inner 2/3
[2026-10-01 14:26:52] CU outer1 cfg=P_l2_b16_e3_w1_s_d3 Inner 2: F1=0.6800
[2026-10-01 14:26:52] CU outer1 | cfg=P_l2_b16_e3_w1_s_d3 | Inner 3/3
[2026-10-01 14:27:11] CU outer1 cfg=P_l2_b16_e3_w1_s_d3 Inner 3: F1=0.6659
[2026-10-01 14:27:11] CU outer1 | trial 5/20 F1_inner=0.6690 | mejor=0.7299
[2026-10-01 14:27:11] REUTILIZADO CU outer1 cfg=P_l3_b32_e3_w5_b_d2 inner=1: F1=0.7490
[2026-10-01 14:27:11] REUTILIZADO CU outer1 cfg=P_l3_b32_e3_w5_b_d2 inner=2: F1=0.7201
[2026-10-01 14:27:11] REUTILIZADO CU outer1 cfg=P_l3_b32_e3_w5_b_d2 inner=3: F1=0.7206
[2026-10-01 14:27:11] CU outer1 | trial 6/20 F1_inner=0.7299 | mejor=0.7299
[2026-10-01 14:27:11] CU outer1 | cfg=P_l5_b32_e5_w10_b_d3 | Inner 1/3
[2026-10-01 14:27:23] CU outer1 cfg=P_l5_b32_e5_w10_b_d3 Inner 1: F1=0.7644
[2026-10-01 14:27:23] CU outer1 | cfg=P_l5_b32_e5_w10_b_d3 | Inner 2/3
[2026-10-01 14:27:32] CU outer1 cfg=P_l5_b32_e5_w10_b_d3 Inner 2: F1=0.7229
[2026-10-01 14:27:32] CU outer1 | cfg=P_l5_b32_e5_w10_b_d3 | Inner 3/3
[2026-10-01 14:27:47] CU outer1 cfg=P_l5_b32_e5_w10_b_d3 Inner 3: F1=0.7338
[2026-10-01 14:27:47] CU outer1 | trial 7/20 F1_inner=0.7404 | mejor=0.7404
[2026-10-01 14:27:47] REUTILIZADO CU outer1 cfg=P_l5_b32_e5_w10_b_d3 inner=1: F1=0.7644
[2026-10-01 14:27:47] REUTILIZADO CU outer1 cfg=P_l5_b32_e5_w10_b_d3 inner=2: F1=0.7229
[2026-10-01 14:27:47] REUTILIZADO CU outer1 cfg=P_l5_b32_e5_w10_b_d3 inner=3: F1=0.7338
[2026-10-01 14:27:48] CU outer1 | trial 8/20 F1_inner=0.7404 | mejor=0.7404
[2026-10-01 14:27:48] CU outer1 | cfg=P_l4_b16_e5_w10_b_d1 | Inner 1/3
[2026-10-01 14:28:06] CU outer1 cfg=P_l4_b16_e5_w10_b_d1 Inner 1: F1=0.7651
[2026-10-01 14:28:06] CU outer1 | cfg=P_l4_b16_e5_w10_b_d1 | Inner 2/3
[2026-10-01 14:28:24] CU outer1 cfg=P_l4_b16_e5_w10_b_d1 Inner 2: F1=0.7176
[2026-10-01 14:28:24] CU outer1 | cfg=P_l4_b16_e5_w10_b_d1 | Inner 3/3
[2026-10-01 14:28:48] CU outer1 cfg=P_l4_b16_e5_w10_b_d1 Inner 3: F1=0.7396
[2026-10-01 14:28:48] CU outer1 | trial 9/20 F1_inner=0.7408 | mejor=0.7408
[2026-10-01 14:28:48] CU outer1 | cfg=P_l3_b16_e4_w10_b_d1 | Inner 1/3
[2026-10-01 14:29:12] CU outer1 cfg=P_l3_b16_e4_w10_b_d1 Inner 1: F1=0.7590
[2026-10-01 14:29:12] CU outer1 | cfg=P_l3_b16_e4_w10_b_d1 | Inner 2/3
[2026-10-01 14:29:31] CU outer1 cfg=P_l3_b16_e4_w10_b_d1 Inner 2: F1=0.7125
[2026-10-01 14:29:31] CU outer1 | cfg=P_l3_b16_e4_w10_b_d1 | Inner 3/3
[2026-10-01 14:29:55] CU outer1 cfg=P_l3_b16_e4_w10_b_d1 Inner 3: F1=0.7301
[2026-10-01 14:29:55] CU outer1 | trial 10/20 F1_inner=0.7339 | mejor=0.7408
[2026-10-01 14:29:55] REUTILIZADO CU outer1 cfg=P_l4_b16_e5_w10_b_d1 inner=1: F1=0.7651
[2026-10-01 14:29:55] REUTILIZADO CU outer1 cfg=P_l4_b16_e5_w10_b_d1 inner=2: F1=0.7176
[2026-10-01 14:29:55] REUTILIZADO CU outer1 cfg=P_l4_b16_e5_w10_b_d1 inner=3: F1=0.7396
[2026-10-01 14:29:55] CU outer1 | trial 11/20 F1_inner=0.7408 | mejor=0.7408
[2026-10-01 14:29:55] REUTILIZADO CU outer1 cfg=P_l4_b16_e5_w10_b_d1 inner=1: F1=0.7651
[2026-10-01 14:29:55] REUTILIZADO CU outer1 cfg=P_l4_b16_e5_w10_b_d1 inner=2: F1=0.7176
[2026-10-01 14:29:55] REUTILIZADO CU outer1 cfg=P_l4_b16_e5_w10_b_d1 inner=3: F1=0.7396
[2026-10-01 14:29:56] CU outer1 | trial 12/20 F1_inner=0.7408 | mejor=0.7408
[2026-10-01 14:29:56] CU outer1 | cfg=P_l5_b16_e5_w0_b_d1 | Inner 1/3
[2026-10-01 14:30:08] CU outer1 cfg=P_l5_b16_e5_w0_b_d1 Inner 1: F1=0.7777
[2026-10-01 14:30:08] CU outer1 | cfg=P_l5_b16_e5_w0_b_d1 | Inner 2/3
[2026-10-01 14:30:21] CU outer1 cfg=P_l5_b16_e5_w0_b_d1 Inner 2: F1=0.7177
[2026-10-01 14:30:21] CU outer1 | cfg=P_l5_b16_e5_w0_b_d1 | Inner 3/3
[2026-10-01 14:30:34] CU outer1 cfg=P_l5_b16_e5_w0_b_d1 Inner 3: F1=0.7166
[2026-10-01 14:30:34] CU outer1 | trial 13/20 F1_inner=0.7373 | mejor=0.7408
[2026-10-01 14:30:34] CU outer1 | cfg=P_l4_b16_e5_w5_s_d1 | Inner 1/3
[2026-10-01 14:30:47] CU outer1 cfg=P_l4_b16_e5_w5_s_d1 Inner 1: F1=0.7370
[2026-10-01 14:30:47] CU outer1 | cfg=P_l4_b16_e5_w5_s_d1 | Inner 2/3
[2026-10-01 14:31:05] CU outer1 cfg=P_l4_b16_e5_w5_s_d1 Inner 2: F1=0.7105
[2026-10-01 14:31:05] CU outer1 | cfg=P_l4_b16_e5_w5_s_d1 | Inner 3/3
[2026-10-01 14:31:18] CU outer1 cfg=P_l4_b16_e5_w5_s_d1 Inner 3: F1=0.7063
[2026-10-01 14:31:19] CU outer1 | trial 14/20 F1_inner=0.7179 | mejor=0.7408
[2026-10-01 14:31:19] CU outer1 | cfg=P_l4_b16_e3_w0_b_d3 | Inner 1/3
[2026-10-01 14:31:37] CU outer1 cfg=P_l4_b16_e3_w0_b_d3 Inner 1: F1=0.7601
[2026-10-01 14:31:37] CU outer1 | cfg=P_l4_b16_e3_w0_b_d3 | Inner 2/3
[2026-10-01 14:31:55] CU outer1 cfg=P_l4_b16_e3_w0_b_d3 Inner 2: F1=0.7234
[2026-10-01 14:31:55] CU outer1 | cfg=P_l4_b16_e3_w0_b_d3 | Inner 3/3
[2026-10-01 14:32:13] CU outer1 cfg=P_l4_b16_e3_w0_b_d3 Inner 3: F1=0.7380
[2026-10-01 14:32:13] CU outer1 | trial 15/20 F1_inner=0.7405 | mejor=0.7408
[2026-10-01 14:32:13] CU outer1 | cfg=P_l4_b32_e5_w1_b_d1 | Inner 1/3
[2026-10-01 14:32:25] CU outer1 cfg=P_l4_b32_e5_w1_b_d1 Inner 1: F1=0.7731
[2026-10-01 14:32:25] CU outer1 | cfg=P_l4_b32_e5_w1_b_d1 | Inner 2/3
[2026-10-01 14:32:40] CU outer1 cfg=P_l4_b32_e5_w1_b_d1 Inner 2: F1=0.7189
[2026-10-01 14:32:40] CU outer1 | cfg=P_l4_b32_e5_w1_b_d1 | Inner 3/3
[2026-10-01 14:32:56] CU outer1 cfg=P_l4_b32_e5_w1_b_d1 Inner 3: F1=0.7230
[2026-10-01 14:32:56] CU outer1 | trial 16/20 F1_inner=0.7383 | mejor=0.7408
[2026-10-01 14:32:56] CU outer1 | cfg=P_l3_b16_e5_w10_b_d2 | Inner 1/3
[2026-10-01 14:33:15] CU outer1 cfg=P_l3_b16_e5_w10_b_d2 Inner 1: F1=0.7581
[2026-10-01 14:33:15] CU outer1 | cfg=P_l3_b16_e5_w10_b_d2 | Inner 2/3
[2026-10-01 14:33:33] CU outer1 cfg=P_l3_b16_e5_w10_b_d2 Inner 2: F1=0.7130
[2026-10-01 14:33:33] CU outer1 | cfg=P_l3_b16_e5_w10_b_d2 | Inner 3/3
[2026-10-01 14:34:03] CU outer1 cfg=P_l3_b16_e5_w10_b_d2 Inner 3: F1=0.7419
[2026-10-01 14:34:03] CU outer1 | trial 17/20 F1_inner=0.7377 | mejor=0.7408
[2026-10-01 14:34:03] CU outer1 | cfg=P_l4_b32_e3_w10_b_d1 | Inner 1/3
[2026-10-01 14:34:16] CU outer1 cfg=P_l4_b32_e3_w10_b_d1 Inner 1: F1=0.7589
[2026-10-01 14:34:16] CU outer1 | cfg=P_l4_b32_e3_w10_b_d1 | Inner 2/3
[2026-10-01 14:34:28] CU outer1 cfg=P_l4_b32_e3_w10_b_d1 Inner 2: F1=0.7226
[2026-10-01 14:34:28] CU outer1 | cfg=P_l4_b32_e3_w10_b_d1 | Inner 3/3
[2026-10-01 14:34:40] CU outer1 cfg=P_l4_b32_e3_w10_b_d1 Inner 3: F1=0.7301
[2026-10-01 14:34:40] CU outer1 | trial 18/20 F1_inner=0.7372 | mejor=0.7408
[2026-10-01 14:34:40] CU outer1 | cfg=P_l4_b16_e4_w10_b_d3 | Inner 1/3
[2026-10-01 14:34:59] CU outer1 cfg=P_l4_b16_e4_w10_b_d3 Inner 1: F1=0.7661
[2026-10-01 14:34:59] CU outer1 | cfg=P_l4_b16_e4_w10_b_d3 | Inner 2/3
[2026-10-01 14:35:22] CU outer1 cfg=P_l4_b16_e4_w10_b_d3 Inner 2: F1=0.7126
[2026-10-01 14:35:22] CU outer1 | cfg=P_l4_b16_e4_w10_b_d3 | Inner 3/3
[2026-10-01 14:35:47] CU outer1 cfg=P_l4_b16_e4_w10_b_d3 Inner 3: F1=0.7403
[2026-10-01 14:35:47] CU outer1 | trial 19/20 F1_inner=0.7397 | mejor=0.7408
[2026-10-01 14:35:47] CU outer1 | cfg=P_l4_b16_e5_w5_b_d2 | Inner 1/3
[2026-10-01 14:36:00] CU outer1 cfg=P_l4_b16_e5_w5_b_d2 Inner 1: F1=0.7577
[2026-10-01 14:36:00] CU outer1 | cfg=P_l4_b16_e5_w5_b_d2 | Inner 2/3
[2026-10-01 14:36:18] CU outer1 cfg=P_l4_b16_e5_w5_b_d2 Inner 2: F1=0.7138
[2026-10-01 14:36:18] CU outer1 | cfg=P_l4_b16_e5_w5_b_d2 | Inner 3/3
[2026-10-01 14:36:43] CU outer1 cfg=P_l4_b16_e5_w5_b_d2 Inner 3: F1=0.7338
[2026-10-01 14:36:43] CU outer1 | trial 20/20 F1_inner=0.7351 | mejor=0.7408
[2026-10-01 14:36:43] CU Outer 1: refit PYSENTIMIENTO, 2 épocas
[2026-10-01 14:37:00] CU Outer 1 refit: F1_train=0.9239, F1_outer=0.7770
[2026-10-01 14:37:00] [CU][RoBERTuito][Outer 1/5] FINALIZADO | prep=PYSENTIMIENTO | F1_inner=0.7408±0.0238 | F1_train=0.9239 | F1_outer=0.7770 | gap=0.1469
[2026-10-01 14:37:00] CU | Outer 2/5
[2026-10-01 14:37:01] CU outer2 | cfg=P_l2_b32_e5_w1_b_d1 | Inner 1/3
[2026-10-01 14:37:20] CU outer2 cfg=P_l2_b32_e5_w1_b_d1 Inner 1: F1=0.6939
[2026-10-01 14:37:20] CU outer2 | cfg=P_l2_b32_e5_w1_b_d1 | Inner 2/3
[2026-10-01 14:37:39] CU outer2 cfg=P_l2_b32_e5_w1_b_d1 Inner 2: F1=0.7481
[2026-10-01 14:37:39] CU outer2 | cfg=P_l2_b32_e5_w1_b_d1 | Inner 3/3
[2026-10-01 14:37:55] CU outer2 cfg=P_l2_b32_e5_w1_b_d1 Inner 3: F1=0.7272
[2026-10-01 14:37:55] CU outer2 | trial 1/20 F1_inner=0.7231 | mejor=0.7231
[2026-10-01 14:37:55] CU outer2 | cfg=P_l2_b32_e5_w1_b_d3 | Inner 1/3
[2026-10-01 14:38:11] CU outer2 cfg=P_l2_b32_e5_w1_b_d3 Inner 1: F1=0.6800
[2026-10-01 14:38:11] CU outer2 | cfg=P_l2_b32_e5_w1_b_d3 | Inner 2/3
[2026-10-01 14:38:30] CU outer2 cfg=P_l2_b32_e5_w1_b_d3 Inner 2: F1=0.7359
[2026-10-01 14:38:30] CU outer2 | cfg=P_l2_b32_e5_w1_b_d3 | Inner 3/3
[2026-10-01 14:38:48] CU outer2 cfg=P_l2_b32_e5_w1_b_d3 Inner 3: F1=0.7276
[2026-10-01 14:38:49] CU outer2 | trial 2/20 F1_inner=0.7145 | mejor=0.7231
[2026-10-01 14:38:49] CU outer2 | cfg=P_l2_b16_e3_w5_b_d1 | Inner 1/3
[2026-10-01 14:39:07] CU outer2 cfg=P_l2_b16_e3_w5_b_d1 Inner 1: F1=0.6970
[2026-10-01 14:39:07] CU outer2 | cfg=P_l2_b16_e3_w5_b_d1 | Inner 2/3
[2026-10-01 14:39:20] CU outer2 cfg=P_l2_b16_e3_w5_b_d1 Inner 2: F1=0.7233
[2026-10-01 14:39:20] CU outer2 | cfg=P_l2_b16_e3_w5_b_d1 | Inner 3/3
[2026-10-01 14:39:38] CU outer2 cfg=P_l2_b16_e3_w5_b_d1 Inner 3: F1=0.7316
[2026-10-01 14:39:38] CU outer2 | trial 3/20 F1_inner=0.7173 | mejor=0.7231
[2026-10-01 14:39:39] CU outer2 | cfg=P_l2_b32_e4_w5_s_d2 | Inner 1/3
[2026-10-01 14:39:54] CU outer2 cfg=P_l2_b32_e4_w5_s_d2 Inner 1: F1=0.6526
[2026-10-01 14:39:54] CU outer2 | cfg=P_l2_b32_e4_w5_s_d2 | Inner 2/3
[2026-10-01 14:40:10] CU outer2 cfg=P_l2_b32_e4_w5_s_d2 Inner 2: F1=0.6907
[2026-10-01 14:40:10] CU outer2 | cfg=P_l2_b32_e4_w5_s_d2 | Inner 3/3
[2026-10-01 14:40:25] CU outer2 cfg=P_l2_b32_e4_w5_s_d2 Inner 3: F1=0.6824
[2026-10-01 14:40:25] CU outer2 | trial 4/20 F1_inner=0.6752 | mejor=0.7231
[2026-10-01 14:40:26] CU outer2 | cfg=P_l5_b16_e3_w5_s_d1 | Inner 1/3
[2026-10-01 14:40:39] CU outer2 cfg=P_l5_b16_e3_w5_s_d1 Inner 1: F1=0.7415
[2026-10-01 14:40:39] CU outer2 | cfg=P_l5_b16_e3_w5_s_d1 | Inner 2/3
[2026-10-01 14:40:52] CU outer2 cfg=P_l5_b16_e3_w5_s_d1 Inner 2: F1=0.7017
[2026-10-01 14:40:52] CU outer2 | cfg=P_l5_b16_e3_w5_s_d1 | Inner 3/3
[2026-10-01 14:41:10] CU outer2 cfg=P_l5_b16_e3_w5_s_d1 Inner 3: F1=0.7447
[2026-10-01 14:41:10] CU outer2 | trial 5/20 F1_inner=0.7293 | mejor=0.7293
[2026-10-01 14:41:10] REUTILIZADO CU outer2 cfg=P_l5_b16_e3_w5_s_d1 inner=1: F1=0.7415
[2026-10-01 14:41:10] REUTILIZADO CU outer2 cfg=P_l5_b16_e3_w5_s_d1 inner=2: F1=0.7017
[2026-10-01 14:41:10] REUTILIZADO CU outer2 cfg=P_l5_b16_e3_w5_s_d1 inner=3: F1=0.7447
[2026-10-01 14:41:11] CU outer2 | trial 6/20 F1_inner=0.7293 | mejor=0.7293
[2026-10-01 14:41:11] CU outer2 | cfg=P_l4_b16_e3_w10_s_d3 | Inner 1/3
[2026-10-01 14:41:23] CU outer2 cfg=P_l4_b16_e3_w10_s_d3 Inner 1: F1=0.7232
[2026-10-01 14:41:23] CU outer2 | cfg=P_l4_b16_e3_w10_s_d3 | Inner 2/3
[2026-10-01 14:41:36] CU outer2 cfg=P_l4_b16_e3_w10_s_d3 Inner 2: F1=0.6597
[2026-10-01 14:41:36] CU outer2 | cfg=P_l4_b16_e3_w10_s_d3 | Inner 3/3
[2026-10-01 14:41:54] CU outer2 cfg=P_l4_b16_e3_w10_s_d3 Inner 3: F1=0.7345
[2026-10-01 14:41:55] CU outer2 | trial 7/20 F1_inner=0.7058 | mejor=0.7293
[2026-10-01 14:41:55] CU outer2 | cfg=P_l3_b32_e3_w0_s_d1 | Inner 1/3
[2026-10-01 14:42:07] CU outer2 cfg=P_l3_b32_e3_w0_s_d1 Inner 1: F1=0.6851
[2026-10-01 14:42:07] CU outer2 | cfg=P_l3_b32_e3_w0_s_d1 | Inner 2/3
[2026-10-01 14:42:19] CU outer2 cfg=P_l3_b32_e3_w0_s_d1 Inner 2: F1=0.7144
[2026-10-01 14:42:19] CU outer2 | cfg=P_l3_b32_e3_w0_s_d1 | Inner 3/3
[2026-10-01 14:42:31] CU outer2 cfg=P_l3_b32_e3_w0_s_d1 Inner 3: F1=0.6876
[2026-10-01 14:42:31] CU outer2 | trial 8/20 F1_inner=0.6957 | mejor=0.7293
[2026-10-01 14:42:31] CU outer2 | cfg=P_l5_b16_e4_w0_s_d3 | Inner 1/3
[2026-10-01 14:42:55] CU outer2 cfg=P_l5_b16_e4_w0_s_d3 Inner 1: F1=0.7470
[2026-10-01 14:42:55] CU outer2 | cfg=P_l5_b16_e4_w0_s_d3 | Inner 2/3
[2026-10-01 14:43:19] CU outer2 cfg=P_l5_b16_e4_w0_s_d3 Inner 2: F1=0.7423
[2026-10-01 14:43:19] CU outer2 | cfg=P_l5_b16_e4_w0_s_d3 | Inner 3/3
[2026-10-01 14:43:37] CU outer2 cfg=P_l5_b16_e4_w0_s_d3 Inner 3: F1=0.7507
[2026-10-01 14:43:37] CU outer2 | trial 9/20 F1_inner=0.7467 | mejor=0.7467
[2026-10-01 14:43:37] CU outer2 | cfg=P_l5_b16_e5_w0_s_d2 | Inner 1/3
[2026-10-01 14:43:56] CU outer2 cfg=P_l5_b16_e5_w0_s_d2 Inner 1: F1=0.7482
[2026-10-01 14:43:56] CU outer2 | cfg=P_l5_b16_e5_w0_s_d2 | Inner 2/3
[2026-10-01 14:44:19] CU outer2 cfg=P_l5_b16_e5_w0_s_d2 Inner 2: F1=0.7552
[2026-10-01 14:44:19] CU outer2 | cfg=P_l5_b16_e5_w0_s_d2 | Inner 3/3
[2026-10-01 14:44:37] CU outer2 cfg=P_l5_b16_e5_w0_s_d2 Inner 3: F1=0.7596
[2026-10-01 14:44:37] CU outer2 | trial 10/20 F1_inner=0.7543 | mejor=0.7543
[2026-10-01 14:44:37] CU outer2 | cfg=P_l5_b32_e5_w0_s_d2 | Inner 1/3
[2026-10-01 14:44:46] CU outer2 cfg=P_l5_b32_e5_w0_s_d2 Inner 1: F1=0.7283
[2026-10-01 14:44:46] CU outer2 | cfg=P_l5_b32_e5_w0_s_d2 | Inner 2/3
[2026-10-01 14:44:54] CU outer2 cfg=P_l5_b32_e5_w0_s_d2 Inner 2: F1=0.7196
[2026-10-01 14:44:54] CU outer2 | cfg=P_l5_b32_e5_w0_s_d2 | Inner 3/3
[2026-10-01 14:45:13] CU outer2 cfg=P_l5_b32_e5_w0_s_d2 Inner 3: F1=0.7454
[2026-10-01 14:45:14] CU outer2 | trial 11/20 F1_inner=0.7311 | mejor=0.7543
[2026-10-01 14:45:14] REUTILIZADO CU outer2 cfg=P_l5_b16_e4_w0_s_d3 inner=1: F1=0.7470
[2026-10-01 14:45:14] REUTILIZADO CU outer2 cfg=P_l5_b16_e4_w0_s_d3 inner=2: F1=0.7423
[2026-10-01 14:45:14] REUTILIZADO CU outer2 cfg=P_l5_b16_e4_w0_s_d3 inner=3: F1=0.7507
[2026-10-01 14:45:14] CU outer2 | trial 12/20 F1_inner=0.7467 | mejor=0.7543
[2026-10-01 14:45:14] REUTILIZADO CU outer2 cfg=P_l5_b16_e5_w0_s_d2 inner=1: F1=0.7482
[2026-10-01 14:45:14] REUTILIZADO CU outer2 cfg=P_l5_b16_e5_w0_s_d2 inner=2: F1=0.7552
[2026-10-01 14:45:14] REUTILIZADO CU outer2 cfg=P_l5_b16_e5_w0_s_d2 inner=3: F1=0.7596
[2026-10-01 14:45:14] CU outer2 | trial 13/20 F1_inner=0.7543 | mejor=0.7543
[2026-10-01 14:45:14] CU outer2 | cfg=P_l5_b16_e5_w0_b_d2 | Inner 1/3
[2026-10-01 14:45:33] CU outer2 cfg=P_l5_b16_e5_w0_b_d2 Inner 1: F1=0.7496
[2026-10-01 14:45:33] CU outer2 | cfg=P_l5_b16_e5_w0_b_d2 | Inner 2/3
[2026-10-01 14:45:46] CU outer2 cfg=P_l5_b16_e5_w0_b_d2 Inner 2: F1=0.7501
[2026-10-01 14:45:46] CU outer2 | cfg=P_l5_b16_e5_w0_b_d2 | Inner 3/3
[2026-10-01 14:46:04] CU outer2 cfg=P_l5_b16_e5_w0_b_d2 Inner 3: F1=0.7555
[2026-10-01 14:46:04] CU outer2 | trial 14/20 F1_inner=0.7517 | mejor=0.7543
[2026-10-01 14:46:04] CU outer2 | cfg=P_l3_b16_e5_w0_s_d2 | Inner 1/3
[2026-10-01 14:46:35] CU outer2 cfg=P_l3_b16_e5_w0_s_d2 Inner 1: F1=0.7309
[2026-10-01 14:46:35] CU outer2 | cfg=P_l3_b16_e5_w0_s_d2 | Inner 2/3
[2026-10-01 14:46:59] CU outer2 cfg=P_l3_b16_e5_w0_s_d2 Inner 2: F1=0.7390
[2026-10-01 14:46:59] CU outer2 | cfg=P_l3_b16_e5_w0_s_d2 | Inner 3/3
[2026-10-01 14:47:23] CU outer2 cfg=P_l3_b16_e5_w0_s_d2 Inner 3: F1=0.7588
[2026-10-01 14:47:23] CU outer2 | trial 15/20 F1_inner=0.7429 | mejor=0.7543
[2026-10-01 14:47:23] CU outer2 | cfg=P_l5_b16_e5_w0_s_d1 | Inner 1/3
[2026-10-01 14:47:36] CU outer2 cfg=P_l5_b16_e5_w0_s_d1 Inner 1: F1=0.7461
[2026-10-01 14:47:36] CU outer2 | cfg=P_l5_b16_e5_w0_s_d1 | Inner 2/3
[2026-10-01 14:48:05] CU outer2 cfg=P_l5_b16_e5_w0_s_d1 Inner 2: F1=0.7668
[2026-10-01 14:48:05] CU outer2 | cfg=P_l5_b16_e5_w0_s_d1 | Inner 3/3
[2026-10-01 14:48:18] CU outer2 cfg=P_l5_b16_e5_w0_s_d1 Inner 3: F1=0.7403
[2026-10-01 14:48:18] CU outer2 | trial 16/20 F1_inner=0.7511 | mejor=0.7543
[2026-10-01 14:48:18] CU outer2 | cfg=P_l5_b16_e5_w1_s_d2 | Inner 1/3
[2026-10-01 14:48:36] CU outer2 cfg=P_l5_b16_e5_w1_s_d2 Inner 1: F1=0.7503
[2026-10-01 14:48:36] CU outer2 | cfg=P_l5_b16_e5_w1_s_d2 | Inner 2/3
[2026-10-01 14:48:54] CU outer2 cfg=P_l5_b16_e5_w1_s_d2 Inner 2: F1=0.7545
[2026-10-01 14:48:54] CU outer2 | cfg=P_l5_b16_e5_w1_s_d2 | Inner 3/3
[2026-10-01 14:49:13] CU outer2 cfg=P_l5_b16_e5_w1_s_d2 Inner 3: F1=0.7596
[2026-10-01 14:49:13] CU outer2 | trial 17/20 F1_inner=0.7548 | mejor=0.7548
[2026-10-01 14:49:13] CU outer2 | cfg=P_l4_b16_e5_w1_s_d2 | Inner 1/3
[2026-10-01 14:49:32] CU outer2 cfg=P_l4_b16_e5_w1_s_d2 Inner 1: F1=0.7440
[2026-10-01 14:49:32] CU outer2 | cfg=P_l4_b16_e5_w1_s_d2 | Inner 2/3
[2026-10-01 14:49:57] CU outer2 cfg=P_l4_b16_e5_w1_s_d2 Inner 2: F1=0.7477
[2026-10-01 14:49:57] CU outer2 | cfg=P_l4_b16_e5_w1_s_d2 | Inner 3/3
[2026-10-01 14:50:16] CU outer2 cfg=P_l4_b16_e5_w1_s_d2 Inner 3: F1=0.7589
[2026-10-01 14:50:16] CU outer2 | trial 18/20 F1_inner=0.7502 | mejor=0.7548
[2026-10-01 14:50:16] CU outer2 | cfg=P_l5_b16_e4_w1_s_d2 | Inner 1/3
[2026-10-01 14:50:35] CU outer2 cfg=P_l5_b16_e4_w1_s_d2 Inner 1: F1=0.7512
[2026-10-01 14:50:35] CU outer2 | cfg=P_l5_b16_e4_w1_s_d2 | Inner 2/3
[2026-10-01 14:50:53] CU outer2 cfg=P_l5_b16_e4_w1_s_d2 Inner 2: F1=0.7558
[2026-10-01 14:50:53] CU outer2 | cfg=P_l5_b16_e4_w1_s_d2 | Inner 3/3
[2026-10-01 14:51:12] CU outer2 cfg=P_l5_b16_e4_w1_s_d2 Inner 3: F1=0.7611
[2026-10-01 14:51:12] CU outer2 | trial 19/20 F1_inner=0.7561 | mejor=0.7561
[2026-10-01 14:51:12] CU outer2 | cfg=P_l5_b16_e4_w10_s_d2 | Inner 1/3
[2026-10-01 14:51:30] CU outer2 cfg=P_l5_b16_e4_w10_s_d2 Inner 1: F1=0.7491
[2026-10-01 14:51:30] CU outer2 | cfg=P_l5_b16_e4_w10_s_d2 | Inner 2/3
[2026-10-01 14:51:48] CU outer2 cfg=P_l5_b16_e4_w10_s_d2 Inner 2: F1=0.7535
[2026-10-01 14:51:48] CU outer2 | cfg=P_l5_b16_e4_w10_s_d2 | Inner 3/3
[2026-10-01 14:52:07] CU outer2 cfg=P_l5_b16_e4_w10_s_d2 Inner 3: F1=0.7611
[2026-10-01 14:52:07] CU outer2 | trial 20/20 F1_inner=0.7546 | mejor=0.7561
[2026-10-01 14:52:07] CU Outer 2: refit PYSENTIMIENTO, 2 épocas
[2026-10-01 14:52:24] CU Outer 2 refit: F1_train=0.9180, F1_outer=0.7296
[2026-10-01 14:52:25] [CU][RoBERTuito][Outer 2/5] FINALIZADO | prep=PYSENTIMIENTO | F1_inner=0.7561±0.0049 | F1_train=0.9180 | F1_outer=0.7296 | gap=0.1884
[2026-10-01 14:52:25] CU | Outer 3/5
[2026-10-01 14:52:25] CU outer3 | cfg=P_l2_b32_e4_w10_b_d2 | Inner 1/3
[2026-10-01 14:52:41] CU outer3 cfg=P_l2_b32_e4_w10_b_d2 Inner 1: F1=0.7171
[2026-10-01 14:52:41] CU outer3 | cfg=P_l2_b32_e4_w10_b_d2 | Inner 2/3
[2026-10-01 14:52:56] CU outer3 cfg=P_l2_b32_e4_w10_b_d2 Inner 2: F1=0.7367
[2026-10-01 14:52:56] CU outer3 | cfg=P_l2_b32_e4_w10_b_d2 | Inner 3/3
[2026-10-01 14:53:11] CU outer3 cfg=P_l2_b32_e4_w10_b_d2 Inner 3: F1=0.7271
[2026-10-01 14:53:12] CU outer3 | trial 1/20 F1_inner=0.7270 | mejor=0.7270
[2026-10-01 14:53:12] CU outer3 | cfg=P_l4_b32_e5_w1_b_d2 | Inner 1/3
[2026-10-01 14:53:24] CU outer3 cfg=P_l4_b32_e5_w1_b_d2 Inner 1: F1=0.7293
[2026-10-01 14:53:24] CU outer3 | cfg=P_l4_b32_e5_w1_b_d2 | Inner 2/3
[2026-10-01 14:53:43] CU outer3 cfg=P_l4_b32_e5_w1_b_d2 Inner 2: F1=0.7514
[2026-10-01 14:53:43] CU outer3 | cfg=P_l4_b32_e5_w1_b_d2 | Inner 3/3
[2026-10-01 14:53:58] CU outer3 cfg=P_l4_b32_e5_w1_b_d2 Inner 3: F1=0.7566
[2026-10-01 14:53:58] CU outer3 | trial 2/20 F1_inner=0.7458 | mejor=0.7458
[2026-10-01 14:53:58] CU outer3 | cfg=P_l3_b16_e3_w0_b_d2 | Inner 1/3
[2026-10-01 14:54:17] CU outer3 cfg=P_l3_b16_e3_w0_b_d2 Inner 1: F1=0.7330
[2026-10-01 14:54:17] CU outer3 | cfg=P_l3_b16_e3_w0_b_d2 | Inner 2/3
[2026-10-01 14:54:35] CU outer3 cfg=P_l3_b16_e3_w0_b_d2 Inner 2: F1=0.7475
[2026-10-01 14:54:35] CU outer3 | cfg=P_l3_b16_e3_w0_b_d2 | Inner 3/3
[2026-10-01 14:54:53] CU outer3 cfg=P_l3_b16_e3_w0_b_d2 Inner 3: F1=0.7519
[2026-10-01 14:54:53] CU outer3 | trial 3/20 F1_inner=0.7441 | mejor=0.7458
[2026-10-01 14:54:53] CU outer3 | cfg=P_l4_b16_e3_w1_s_d3 | Inner 1/3
[2026-10-01 14:55:12] CU outer3 cfg=P_l4_b16_e3_w1_s_d3 Inner 1: F1=0.7063
[2026-10-01 14:55:12] CU outer3 | cfg=P_l4_b16_e3_w1_s_d3 | Inner 2/3
[2026-10-01 14:55:30] CU outer3 cfg=P_l4_b16_e3_w1_s_d3 Inner 2: F1=0.7468
[2026-10-01 14:55:30] CU outer3 | cfg=P_l4_b16_e3_w1_s_d3 | Inner 3/3
[2026-10-01 14:55:49] CU outer3 cfg=P_l4_b16_e3_w1_s_d3 Inner 3: F1=0.7611
[2026-10-01 14:55:49] CU outer3 | trial 4/20 F1_inner=0.7381 | mejor=0.7458
[2026-10-01 14:55:49] CU outer3 | cfg=P_l2_b16_e4_w10_b_d3 | Inner 1/3
[2026-10-01 14:56:08] CU outer3 cfg=P_l2_b16_e4_w10_b_d3 Inner 1: F1=0.7329
[2026-10-01 14:56:08] CU outer3 | cfg=P_l2_b16_e4_w10_b_d3 | Inner 2/3
[2026-10-01 14:56:32] CU outer3 cfg=P_l2_b16_e4_w10_b_d3 Inner 2: F1=0.7404
[2026-10-01 14:56:32] CU outer3 | cfg=P_l2_b16_e4_w10_b_d3 | Inner 3/3
[2026-10-01 14:56:56] CU outer3 cfg=P_l2_b16_e4_w10_b_d3 Inner 3: F1=0.7432
[2026-10-01 14:56:56] CU outer3 | trial 5/20 F1_inner=0.7388 | mejor=0.7458
[2026-10-01 14:56:56] CU outer3 | cfg=P_l4_b32_e5_w1_s_d2 | Inner 1/3
[2026-10-01 14:57:15] CU outer3 cfg=P_l4_b32_e5_w1_s_d2 Inner 1: F1=0.7244
[2026-10-01 14:57:15] CU outer3 | cfg=P_l4_b32_e5_w1_s_d2 | Inner 2/3
[2026-10-01 14:57:27] CU outer3 cfg=P_l4_b32_e5_w1_s_d2 Inner 2: F1=0.7345
[2026-10-01 14:57:27] CU outer3 | cfg=P_l4_b32_e5_w1_s_d2 | Inner 3/3
[2026-10-01 14:57:46] CU outer3 cfg=P_l4_b32_e5_w1_s_d2 Inner 3: F1=0.7383
[2026-10-01 14:57:46] CU outer3 | trial 6/20 F1_inner=0.7324 | mejor=0.7458
[2026-10-01 14:57:46] CU outer3 | cfg=P_l4_b32_e5_w1_b_d1 | Inner 1/3
[2026-10-01 14:57:58] CU outer3 cfg=P_l4_b32_e5_w1_b_d1 Inner 1: F1=0.7268
[2026-10-01 14:57:58] CU outer3 | cfg=P_l4_b32_e5_w1_b_d1 | Inner 2/3
[2026-10-01 14:58:17] CU outer3 cfg=P_l4_b32_e5_w1_b_d1 Inner 2: F1=0.7512
[2026-10-01 14:58:17] CU outer3 | cfg=P_l4_b32_e5_w1_b_d1 | Inner 3/3
[2026-10-01 14:58:33] CU outer3 cfg=P_l4_b32_e5_w1_b_d1 Inner 3: F1=0.7554
[2026-10-01 14:58:33] CU outer3 | trial 7/20 F1_inner=0.7445 | mejor=0.7458
[2026-10-01 14:58:33] CU outer3 | cfg=P_l3_b32_e5_w1_b_d2 | Inner 1/3
[2026-10-01 14:58:45] CU outer3 cfg=P_l3_b32_e5_w1_b_d2 Inner 1: F1=0.7264
[2026-10-01 14:58:45] CU outer3 | cfg=P_l3_b32_e5_w1_b_d2 | Inner 2/3
[2026-10-01 14:59:04] CU outer3 cfg=P_l3_b32_e5_w1_b_d2 Inner 2: F1=0.7451
[2026-10-01 14:59:04] CU outer3 | cfg=P_l3_b32_e5_w1_b_d2 | Inner 3/3
[2026-10-01 14:59:20] CU outer3 cfg=P_l3_b32_e5_w1_b_d2 Inner 3: F1=0.7488
[2026-10-01 14:59:20] CU outer3 | trial 8/20 F1_inner=0.7401 | mejor=0.7458
[2026-10-01 14:59:20] CU outer3 | cfg=P_l4_b16_e5_w5_b_d2 | Inner 1/3
[2026-10-01 14:59:38] CU outer3 cfg=P_l4_b16_e5_w5_b_d2 Inner 1: F1=0.7237
[2026-10-01 14:59:38] CU outer3 | cfg=P_l4_b16_e5_w5_b_d2 | Inner 2/3
[2026-10-01 14:59:51] CU outer3 cfg=P_l4_b16_e5_w5_b_d2 Inner 2: F1=0.7387
[2026-10-01 14:59:51] CU outer3 | cfg=P_l4_b16_e5_w5_b_d2 | Inner 3/3
[2026-10-01 15:00:15] CU outer3 cfg=P_l4_b16_e5_w5_b_d2 Inner 3: F1=0.7653
[2026-10-01 15:00:15] CU outer3 | trial 9/20 F1_inner=0.7425 | mejor=0.7458
[2026-10-01 15:00:16] CU outer3 | cfg=P_l4_b32_e4_w0_b_d3 | Inner 1/3
[2026-10-01 15:00:28] CU outer3 cfg=P_l4_b32_e4_w0_b_d3 Inner 1: F1=0.7281
[2026-10-01 15:00:28] CU outer3 | cfg=P_l4_b32_e4_w0_b_d3 | Inner 2/3
[2026-10-01 15:00:43] CU outer3 cfg=P_l4_b32_e4_w0_b_d3 Inner 2: F1=0.7478
[2026-10-01 15:00:43] CU outer3 | cfg=P_l4_b32_e4_w0_b_d3 | Inner 3/3
[2026-10-01 15:00:59] CU outer3 cfg=P_l4_b32_e4_w0_b_d3 Inner 3: F1=0.7539
[2026-10-01 15:00:59] CU outer3 | trial 10/20 F1_inner=0.7432 | mejor=0.7458
[2026-10-01 15:00:59] CU outer3 | cfg=P_l4_b32_e3_w5_b_d2 | Inner 1/3
[2026-10-01 15:01:11] CU outer3 cfg=P_l4_b32_e3_w5_b_d2 Inner 1: F1=0.7276
[2026-10-01 15:01:11] CU outer3 | cfg=P_l4_b32_e3_w5_b_d2 | Inner 2/3
[2026-10-01 15:01:23] CU outer3 cfg=P_l4_b32_e3_w5_b_d2 Inner 2: F1=0.7467
[2026-10-01 15:01:23] CU outer3 | cfg=P_l4_b32_e3_w5_b_d2 | Inner 3/3
[2026-10-01 15:01:35] CU outer3 cfg=P_l4_b32_e3_w5_b_d2 Inner 3: F1=0.7484
[2026-10-01 15:01:36] CU outer3 | trial 11/20 F1_inner=0.7409 | mejor=0.7458
[2026-10-01 15:01:36] REUTILIZADO CU outer3 cfg=P_l4_b32_e5_w1_b_d1 inner=1: F1=0.7268
[2026-10-01 15:01:36] REUTILIZADO CU outer3 cfg=P_l4_b32_e5_w1_b_d1 inner=2: F1=0.7512
[2026-10-01 15:01:36] REUTILIZADO CU outer3 cfg=P_l4_b32_e5_w1_b_d1 inner=3: F1=0.7554
[2026-10-01 15:01:36] CU outer3 | trial 12/20 F1_inner=0.7445 | mejor=0.7458
[2026-10-01 15:01:36] CU outer3 | cfg=P_l5_b32_e4_w1_b_d1 | Inner 1/3
[2026-10-01 15:01:48] CU outer3 cfg=P_l5_b32_e4_w1_b_d1 Inner 1: F1=0.7295
[2026-10-01 15:01:48] CU outer3 | cfg=P_l5_b32_e4_w1_b_d1 | Inner 2/3
[2026-10-01 15:02:04] CU outer3 cfg=P_l5_b32_e4_w1_b_d1 Inner 2: F1=0.7484
[2026-10-01 15:02:04] CU outer3 | cfg=P_l5_b32_e4_w1_b_d1 | Inner 3/3
[2026-10-01 15:02:19] CU outer3 cfg=P_l5_b32_e4_w1_b_d1 Inner 3: F1=0.7592
[2026-10-01 15:02:20] CU outer3 | trial 13/20 F1_inner=0.7457 | mejor=0.7458
[2026-10-01 15:02:20] REUTILIZADO CU outer3 cfg=P_l5_b32_e4_w1_b_d1 inner=1: F1=0.7295
[2026-10-01 15:02:20] REUTILIZADO CU outer3 cfg=P_l5_b32_e4_w1_b_d1 inner=2: F1=0.7484
[2026-10-01 15:02:20] REUTILIZADO CU outer3 cfg=P_l5_b32_e4_w1_b_d1 inner=3: F1=0.7592
[2026-10-01 15:02:20] CU outer3 | trial 14/20 F1_inner=0.7457 | mejor=0.7458
[2026-10-01 15:02:20] CU outer3 | cfg=P_l5_b16_e4_w0_s_d1 | Inner 1/3
[2026-10-01 15:02:38] CU outer3 cfg=P_l5_b16_e4_w0_s_d1 Inner 1: F1=0.7199
[2026-10-01 15:02:38] CU outer3 | cfg=P_l5_b16_e4_w0_s_d1 | Inner 2/3
[2026-10-01 15:02:56] CU outer3 cfg=P_l5_b16_e4_w0_s_d1 Inner 2: F1=0.7455
[2026-10-01 15:02:56] CU outer3 | cfg=P_l5_b16_e4_w0_s_d1 | Inner 3/3
[2026-10-01 15:03:15] CU outer3 cfg=P_l5_b16_e4_w0_s_d1 Inner 3: F1=0.7709
[2026-10-01 15:03:16] CU outer3 | trial 15/20 F1_inner=0.7454 | mejor=0.7458
[2026-10-01 15:03:16] CU outer3 | cfg=P_l5_b32_e3_w1_b_d3 | Inner 1/3
[2026-10-01 15:03:28] CU outer3 cfg=P_l5_b32_e3_w1_b_d3 Inner 1: F1=0.7250
[2026-10-01 15:03:28] CU outer3 | cfg=P_l5_b32_e3_w1_b_d3 | Inner 2/3
[2026-10-01 15:03:40] CU outer3 cfg=P_l5_b32_e3_w1_b_d3 Inner 2: F1=0.7476
[2026-10-01 15:03:40] CU outer3 | cfg=P_l5_b32_e3_w1_b_d3 | Inner 3/3
[2026-10-01 15:03:52] CU outer3 cfg=P_l5_b32_e3_w1_b_d3 Inner 3: F1=0.7561
[2026-10-01 15:03:52] CU outer3 | trial 16/20 F1_inner=0.7429 | mejor=0.7458
[2026-10-01 15:03:52] CU outer3 | cfg=P_l3_b16_e4_w5_b_d1 | Inner 1/3
[2026-10-01 15:04:16] CU outer3 cfg=P_l3_b16_e4_w5_b_d1 Inner 1: F1=0.7287
[2026-10-01 15:04:16] CU outer3 | cfg=P_l3_b16_e4_w5_b_d1 | Inner 2/3
[2026-10-01 15:04:35] CU outer3 cfg=P_l3_b16_e4_w5_b_d1 Inner 2: F1=0.7452
[2026-10-01 15:04:35] CU outer3 | cfg=P_l3_b16_e4_w5_b_d1 | Inner 3/3
[2026-10-01 15:04:59] CU outer3 cfg=P_l3_b16_e4_w5_b_d1 Inner 3: F1=0.7542
[2026-10-01 15:04:59] CU outer3 | trial 17/20 F1_inner=0.7427 | mejor=0.7458
[2026-10-01 15:04:59] CU outer3 | cfg=P_l5_b16_e4_w1_b_d2 | Inner 1/3
[2026-10-01 15:05:12] CU outer3 cfg=P_l5_b16_e4_w1_b_d2 Inner 1: F1=0.7313
[2026-10-01 15:05:12] CU outer3 | cfg=P_l5_b16_e4_w1_b_d2 | Inner 2/3
[2026-10-01 15:05:25] CU outer3 cfg=P_l5_b16_e4_w1_b_d2 Inner 2: F1=0.7399
[2026-10-01 15:05:25] CU outer3 | cfg=P_l5_b16_e4_w1_b_d2 | Inner 3/3
[2026-10-01 15:05:49] CU outer3 cfg=P_l5_b16_e4_w1_b_d2 Inner 3: F1=0.7688
[2026-10-01 15:05:49] CU outer3 | trial 18/20 F1_inner=0.7467 | mejor=0.7467
[2026-10-01 15:05:49] CU outer3 | cfg=P_l2_b16_e4_w1_b_d2 | Inner 1/3
[2026-10-01 15:06:13] CU outer3 cfg=P_l2_b16_e4_w1_b_d2 Inner 1: F1=0.7358
[2026-10-01 15:06:13] CU outer3 | cfg=P_l2_b16_e4_w1_b_d2 | Inner 2/3
[2026-10-01 15:06:37] CU outer3 cfg=P_l2_b16_e4_w1_b_d2 Inner 2: F1=0.7484
[2026-10-01 15:06:37] CU outer3 | cfg=P_l2_b16_e4_w1_b_d2 | Inner 3/3
[2026-10-01 15:07:01] CU outer3 cfg=P_l2_b16_e4_w1_b_d2 Inner 3: F1=0.7495
[2026-10-01 15:07:02] CU outer3 | trial 19/20 F1_inner=0.7446 | mejor=0.7467
[2026-10-01 15:07:02] REUTILIZADO CU outer3 cfg=P_l5_b16_e4_w1_b_d2 inner=1: F1=0.7313
[2026-10-01 15:07:02] REUTILIZADO CU outer3 cfg=P_l5_b16_e4_w1_b_d2 inner=2: F1=0.7399
[2026-10-01 15:07:02] REUTILIZADO CU outer3 cfg=P_l5_b16_e4_w1_b_d2 inner=3: F1=0.7688
[2026-10-01 15:07:02] CU outer3 | trial 20/20 F1_inner=0.7467 | mejor=0.7467
[2026-10-01 15:07:02] CU Outer 3: refit PYSENTIMIENTO, 1 épocas
[2026-10-01 15:07:12] CU Outer 3 refit: F1_train=0.8351, F1_outer=0.7469
[2026-10-01 15:07:12] [CU][RoBERTuito][Outer 3/5] FINALIZADO | prep=PYSENTIMIENTO | F1_inner=0.7467±0.0197 | F1_train=0.8351 | F1_outer=0.7469 | gap=0.0882
[2026-10-01 15:07:12] CU | Outer 4/5
[2026-10-01 15:07:13] CU outer4 | cfg=P_l2_b32_e5_w1_b_d3 | Inner 1/3
[2026-10-01 15:07:32] CU outer4 cfg=P_l2_b32_e5_w1_b_d3 Inner 1: F1=0.7408
[2026-10-01 15:07:32] CU outer4 | cfg=P_l2_b32_e5_w1_b_d3 | Inner 2/3
[2026-10-01 15:07:47] CU outer4 cfg=P_l2_b32_e5_w1_b_d3 Inner 2: F1=0.7247
[2026-10-01 15:07:47] CU outer4 | cfg=P_l2_b32_e5_w1_b_d3 | Inner 3/3
[2026-10-01 15:08:06] CU outer4 cfg=P_l2_b32_e5_w1_b_d3 Inner 3: F1=0.7405
[2026-10-01 15:08:06] CU outer4 | trial 1/20 F1_inner=0.7353 | mejor=0.7353
[2026-10-01 15:08:06] CU outer4 | cfg=P_l3_b32_e4_w5_s_d1 | Inner 1/3
[2026-10-01 15:08:22] CU outer4 cfg=P_l3_b32_e4_w5_s_d1 Inner 1: F1=0.7135
[2026-10-01 15:08:22] CU outer4 | cfg=P_l3_b32_e4_w5_s_d1 | Inner 2/3
[2026-10-01 15:08:37] CU outer4 cfg=P_l3_b32_e4_w5_s_d1 Inner 2: F1=0.7475
[2026-10-01 15:08:37] CU outer4 | cfg=P_l3_b32_e4_w5_s_d1 | Inner 3/3
[2026-10-01 15:08:49] CU outer4 cfg=P_l3_b32_e4_w5_s_d1 Inner 3: F1=0.7518
[2026-10-01 15:08:49] CU outer4 | trial 2/20 F1_inner=0.7376 | mejor=0.7376
[2026-10-01 15:08:49] CU outer4 | cfg=P_l5_b32_e4_w0_s_d1 | Inner 1/3
[2026-10-01 15:09:05] CU outer4 cfg=P_l5_b32_e4_w0_s_d1 Inner 1: F1=0.7379
[2026-10-01 15:09:05] CU outer4 | cfg=P_l5_b32_e4_w0_s_d1 | Inner 2/3
[2026-10-01 15:09:20] CU outer4 cfg=P_l5_b32_e4_w0_s_d1 Inner 2: F1=0.7673
[2026-10-01 15:09:20] CU outer4 | cfg=P_l5_b32_e4_w0_s_d1 | Inner 3/3
[2026-10-01 15:09:33] CU outer4 cfg=P_l5_b32_e4_w0_s_d1 Inner 3: F1=0.7528
[2026-10-01 15:09:34] CU outer4 | trial 3/20 F1_inner=0.7526 | mejor=0.7526
[2026-10-01 15:09:34] CU outer4 | cfg=P_l4_b32_e4_w10_b_d1 | Inner 1/3
[2026-10-01 15:09:46] CU outer4 cfg=P_l4_b32_e4_w10_b_d1 Inner 1: F1=0.7555
[2026-10-01 15:09:46] CU outer4 | cfg=P_l4_b32_e4_w10_b_d1 | Inner 2/3
[2026-10-01 15:10:01] CU outer4 cfg=P_l4_b32_e4_w10_b_d1 Inner 2: F1=0.7723
[2026-10-01 15:10:01] CU outer4 | cfg=P_l4_b32_e4_w10_b_d1 | Inner 3/3
[2026-10-01 15:10:16] CU outer4 cfg=P_l4_b32_e4_w10_b_d1 Inner 3: F1=0.7534
[2026-10-01 15:10:17] CU outer4 | trial 4/20 F1_inner=0.7604 | mejor=0.7604
[2026-10-01 15:10:17] CU outer4 | cfg=P_l3_b16_e3_w1_s_d2 | Inner 1/3
[2026-10-01 15:10:36] CU outer4 cfg=P_l3_b16_e3_w1_s_d2 Inner 1: F1=0.7210
[2026-10-01 15:10:36] CU outer4 | cfg=P_l3_b16_e3_w1_s_d2 | Inner 2/3
[2026-10-01 15:10:55] CU outer4 cfg=P_l3_b16_e3_w1_s_d2 Inner 2: F1=0.7506
[2026-10-01 15:10:55] CU outer4 | cfg=P_l3_b16_e3_w1_s_d2 | Inner 3/3
[2026-10-01 15:11:14] CU outer4 cfg=P_l3_b16_e3_w1_s_d2 Inner 3: F1=0.7447
[2026-10-01 15:11:14] CU outer4 | trial 5/20 F1_inner=0.7388 | mejor=0.7604
[2026-10-01 15:11:14] REUTILIZADO CU outer4 cfg=P_l4_b32_e4_w10_b_d1 inner=1: F1=0.7555
[2026-10-01 15:11:14] REUTILIZADO CU outer4 cfg=P_l4_b32_e4_w10_b_d1 inner=2: F1=0.7723
[2026-10-01 15:11:14] REUTILIZADO CU outer4 cfg=P_l4_b32_e4_w10_b_d1 inner=3: F1=0.7534
[2026-10-01 15:11:15] CU outer4 | trial 6/20 F1_inner=0.7604 | mejor=0.7604
[2026-10-01 15:11:15] CU outer4 | cfg=P_l4_b32_e3_w10_s_d3 | Inner 1/3
[2026-10-01 15:11:27] CU outer4 cfg=P_l4_b32_e3_w10_s_d3 Inner 1: F1=0.7236
[2026-10-01 15:11:27] CU outer4 | cfg=P_l4_b32_e3_w10_s_d3 | Inner 2/3
[2026-10-01 15:11:39] CU outer4 cfg=P_l4_b32_e3_w10_s_d3 Inner 2: F1=0.7125
[2026-10-01 15:11:39] CU outer4 | cfg=P_l4_b32_e3_w10_s_d3 | Inner 3/3
[2026-10-01 15:11:51] CU outer4 cfg=P_l4_b32_e3_w10_s_d3 Inner 3: F1=0.7315
[2026-10-01 15:11:52] CU outer4 | trial 7/20 F1_inner=0.7225 | mejor=0.7604
[2026-10-01 15:11:52] CU outer4 | cfg=P_l4_b16_e4_w0_b_d2 | Inner 1/3
[2026-10-01 15:12:10] CU outer4 cfg=P_l4_b16_e4_w0_b_d2 Inner 1: F1=0.7530
[2026-10-01 15:12:10] CU outer4 | cfg=P_l4_b16_e4_w0_b_d2 | Inner 2/3
[2026-10-01 15:12:28] CU outer4 cfg=P_l4_b16_e4_w0_b_d2 Inner 2: F1=0.7663
[2026-10-01 15:12:28] CU outer4 | cfg=P_l4_b16_e4_w0_b_d2 | Inner 3/3
[2026-10-01 15:12:46] CU outer4 cfg=P_l4_b16_e4_w0_b_d2 Inner 3: F1=0.7467
[2026-10-01 15:12:46] CU outer4 | trial 8/20 F1_inner=0.7553 | mejor=0.7604
[2026-10-01 15:12:46] CU outer4 | cfg=P_l5_b16_e3_w10_b_d1 | Inner 1/3
[2026-10-01 15:13:05] CU outer4 cfg=P_l5_b16_e3_w10_b_d1 Inner 1: F1=0.7441
[2026-10-01 15:13:05] CU outer4 | cfg=P_l5_b16_e3_w10_b_d1 | Inner 2/3
[2026-10-01 15:13:23] CU outer4 cfg=P_l5_b16_e3_w10_b_d1 Inner 2: F1=0.7730
[2026-10-01 15:13:23] CU outer4 | cfg=P_l5_b16_e3_w10_b_d1 | Inner 3/3
[2026-10-01 15:13:41] CU outer4 cfg=P_l5_b16_e3_w10_b_d1 Inner 3: F1=0.7502
[2026-10-01 15:13:42] CU outer4 | trial 9/20 F1_inner=0.7558 | mejor=0.7604
[2026-10-01 15:13:42] CU outer4 | cfg=P_l3_b16_e4_w1_b_d3 | Inner 1/3
[2026-10-01 15:14:00] CU outer4 cfg=P_l3_b16_e4_w1_b_d3 Inner 1: F1=0.7411
[2026-10-01 15:14:00] CU outer4 | cfg=P_l3_b16_e4_w1_b_d3 | Inner 2/3
[2026-10-01 15:14:24] CU outer4 cfg=P_l3_b16_e4_w1_b_d3 Inner 2: F1=0.7613
[2026-10-01 15:14:24] CU outer4 | cfg=P_l3_b16_e4_w1_b_d3 | Inner 3/3
[2026-10-01 15:14:43] CU outer4 cfg=P_l3_b16_e4_w1_b_d3 Inner 3: F1=0.7550
[2026-10-01 15:14:43] CU outer4 | trial 10/20 F1_inner=0.7525 | mejor=0.7604
[2026-10-01 15:14:43] CU outer4 | cfg=P_l2_b32_e4_w10_b_d2 | Inner 1/3
[2026-10-01 15:14:59] CU outer4 cfg=P_l2_b32_e4_w10_b_d2 Inner 1: F1=0.7349
[2026-10-01 15:14:59] CU outer4 | cfg=P_l2_b32_e4_w10_b_d2 | Inner 2/3
[2026-10-01 15:15:14] CU outer4 cfg=P_l2_b32_e4_w10_b_d2 Inner 2: F1=0.7367
[2026-10-01 15:15:14] CU outer4 | cfg=P_l2_b32_e4_w10_b_d2 | Inner 3/3
[2026-10-01 15:15:30] CU outer4 cfg=P_l2_b32_e4_w10_b_d2 Inner 3: F1=0.7299
[2026-10-01 15:15:30] CU outer4 | trial 11/20 F1_inner=0.7338 | mejor=0.7604
[2026-10-01 15:15:30] REUTILIZADO CU outer4 cfg=P_l4_b32_e4_w10_b_d1 inner=1: F1=0.7555
[2026-10-01 15:15:30] REUTILIZADO CU outer4 cfg=P_l4_b32_e4_w10_b_d1 inner=2: F1=0.7723
[2026-10-01 15:15:30] REUTILIZADO CU outer4 cfg=P_l4_b32_e4_w10_b_d1 inner=3: F1=0.7534
[2026-10-01 15:15:30] CU outer4 | trial 12/20 F1_inner=0.7604 | mejor=0.7604
[2026-10-01 15:15:30] CU outer4 | cfg=P_l4_b32_e3_w1_b_d1 | Inner 1/3
[2026-10-01 15:15:43] CU outer4 cfg=P_l4_b32_e3_w1_b_d1 Inner 1: F1=0.7558
[2026-10-01 15:15:43] CU outer4 | cfg=P_l4_b32_e3_w1_b_d1 | Inner 2/3
[2026-10-01 15:15:55] CU outer4 cfg=P_l4_b32_e3_w1_b_d1 Inner 2: F1=0.7672
[2026-10-01 15:15:55] CU outer4 | cfg=P_l4_b32_e3_w1_b_d1 | Inner 3/3
[2026-10-01 15:16:07] CU outer4 cfg=P_l4_b32_e3_w1_b_d1 Inner 3: F1=0.7435
[2026-10-01 15:16:07] CU outer4 | trial 13/20 F1_inner=0.7555 | mejor=0.7604
[2026-10-01 15:16:07] CU outer4 | cfg=P_l4_b32_e4_w5_b_d3 | Inner 1/3
[2026-10-01 15:16:20] CU outer4 cfg=P_l4_b32_e4_w5_b_d3 Inner 1: F1=0.7557
[2026-10-01 15:16:20] CU outer4 | cfg=P_l4_b32_e4_w5_b_d3 | Inner 2/3
[2026-10-01 15:16:36] CU outer4 cfg=P_l4_b32_e4_w5_b_d3 Inner 2: F1=0.7590
[2026-10-01 15:16:36] CU outer4 | cfg=P_l4_b32_e4_w5_b_d3 | Inner 3/3
[2026-10-01 15:16:51] CU outer4 cfg=P_l4_b32_e4_w5_b_d3 Inner 3: F1=0.7460
[2026-10-01 15:16:51] CU outer4 | trial 14/20 F1_inner=0.7536 | mejor=0.7604
[2026-10-01 15:16:52] CU outer4 | cfg=P_l4_b32_e5_w10_b_d2 | Inner 1/3
[2026-10-01 15:17:04] CU outer4 cfg=P_l4_b32_e5_w10_b_d2 Inner 1: F1=0.7507
[2026-10-01 15:17:04] CU outer4 | cfg=P_l4_b32_e5_w10_b_d2 | Inner 2/3
[2026-10-01 15:17:19] CU outer4 cfg=P_l4_b32_e5_w10_b_d2 Inner 2: F1=0.7728
[2026-10-01 15:17:19] CU outer4 | cfg=P_l4_b32_e5_w10_b_d2 | Inner 3/3
[2026-10-01 15:17:35] CU outer4 cfg=P_l4_b32_e5_w10_b_d2 Inner 3: F1=0.7452
[2026-10-01 15:17:35] CU outer4 | trial 15/20 F1_inner=0.7562 | mejor=0.7604
[2026-10-01 15:17:35] CU outer4 | cfg=P_l4_b16_e4_w10_s_d1 | Inner 1/3
[2026-10-01 15:17:59] CU outer4 cfg=P_l4_b16_e4_w10_s_d1 Inner 1: F1=0.7416
[2026-10-01 15:17:59] CU outer4 | cfg=P_l4_b16_e4_w10_s_d1 | Inner 2/3
[2026-10-01 15:18:12] CU outer4 cfg=P_l4_b16_e4_w10_s_d1 Inner 2: F1=0.7603
[2026-10-01 15:18:12] CU outer4 | cfg=P_l4_b16_e4_w10_s_d1 | Inner 3/3
[2026-10-01 15:18:36] CU outer4 cfg=P_l4_b16_e4_w10_s_d1 Inner 3: F1=0.7530
[2026-10-01 15:18:36] CU outer4 | trial 16/20 F1_inner=0.7516 | mejor=0.7604
[2026-10-01 15:18:36] CU outer4 | cfg=P_l2_b32_e4_w0_b_d1 | Inner 1/3
[2026-10-01 15:18:52] CU outer4 cfg=P_l2_b32_e4_w0_b_d1 Inner 1: F1=0.7428
[2026-10-01 15:18:52] CU outer4 | cfg=P_l2_b32_e4_w0_b_d1 | Inner 2/3
[2026-10-01 15:19:07] CU outer4 cfg=P_l2_b32_e4_w0_b_d1 Inner 2: F1=0.7452
[2026-10-01 15:19:07] CU outer4 | cfg=P_l2_b32_e4_w0_b_d1 | Inner 3/3
[2026-10-01 15:19:22] CU outer4 cfg=P_l2_b32_e4_w0_b_d1 Inner 3: F1=0.7379
[2026-10-01 15:19:23] CU outer4 | trial 17/20 F1_inner=0.7420 | mejor=0.7604
[2026-10-01 15:19:23] CU outer4 | cfg=P_l5_b32_e4_w10_b_d1 | Inner 1/3
[2026-10-01 15:19:35] CU outer4 cfg=P_l5_b32_e4_w10_b_d1 Inner 1: F1=0.7528
[2026-10-01 15:19:35] CU outer4 | cfg=P_l5_b32_e4_w10_b_d1 | Inner 2/3
[2026-10-01 15:19:51] CU outer4 cfg=P_l5_b32_e4_w10_b_d1 Inner 2: F1=0.7823
[2026-10-01 15:19:51] CU outer4 | cfg=P_l5_b32_e4_w10_b_d1 | Inner 3/3
[2026-10-01 15:20:03] CU outer4 cfg=P_l5_b32_e4_w10_b_d1 Inner 3: F1=0.7512
[2026-10-01 15:20:03] CU outer4 | trial 18/20 F1_inner=0.7621 | mejor=0.7621
[2026-10-01 15:20:03] CU outer4 | cfg=P_l3_b32_e5_w10_b_d1 | Inner 1/3
[2026-10-01 15:20:18] CU outer4 cfg=P_l3_b32_e5_w10_b_d1 Inner 1: F1=0.7506
[2026-10-01 15:20:18] CU outer4 | cfg=P_l3_b32_e5_w10_b_d1 | Inner 2/3
[2026-10-01 15:20:34] CU outer4 cfg=P_l3_b32_e5_w10_b_d1 Inner 2: F1=0.7739
[2026-10-01 15:20:34] CU outer4 | cfg=P_l3_b32_e5_w10_b_d1 | Inner 3/3
[2026-10-01 15:20:53] CU outer4 cfg=P_l3_b32_e5_w10_b_d1 Inner 3: F1=0.7549
[2026-10-01 15:20:53] CU outer4 | trial 19/20 F1_inner=0.7598 | mejor=0.7621
[2026-10-01 15:20:53] CU outer4 | cfg=P_l5_b32_e4_w10_b_d3 | Inner 1/3
[2026-10-01 15:21:05] CU outer4 cfg=P_l5_b32_e4_w10_b_d3 Inner 1: F1=0.7608
[2026-10-01 15:21:05] CU outer4 | cfg=P_l5_b32_e4_w10_b_d3 | Inner 2/3
[2026-10-01 15:21:21] CU outer4 cfg=P_l5_b32_e4_w10_b_d3 Inner 2: F1=0.7660
[2026-10-01 15:21:21] CU outer4 | cfg=P_l5_b32_e4_w10_b_d3 | Inner 3/3
[2026-10-01 15:21:36] CU outer4 cfg=P_l5_b32_e4_w10_b_d3 Inner 3: F1=0.7468
[2026-10-01 15:21:37] CU outer4 | trial 20/20 F1_inner=0.7579 | mejor=0.7621
[2026-10-01 15:21:37] CU Outer 4: refit PYSENTIMIENTO, 2 épocas
[2026-10-01 15:21:47] CU Outer 4 refit: F1_train=0.9102, F1_outer=0.7492
[2026-10-01 15:21:47] [CU][RoBERTuito][Outer 4/5] FINALIZADO | prep=PYSENTIMIENTO | F1_inner=0.7621±0.0175 | F1_train=0.9102 | F1_outer=0.7492 | gap=0.1610
[2026-10-01 15:21:47] CU | Outer 5/5
[2026-10-01 15:21:48] CU outer5 | cfg=P_l3_b32_e5_w1_b_d3 | Inner 1/3
[2026-10-01 15:22:03] CU outer5 cfg=P_l3_b32_e5_w1_b_d3 Inner 1: F1=0.7585
[2026-10-01 15:22:03] CU outer5 | cfg=P_l3_b32_e5_w1_b_d3 | Inner 2/3
[2026-10-01 15:22:19] CU outer5 cfg=P_l3_b32_e5_w1_b_d3 Inner 2: F1=0.7395
[2026-10-01 15:22:19] CU outer5 | cfg=P_l3_b32_e5_w1_b_d3 | Inner 3/3
[2026-10-01 15:22:34] CU outer5 cfg=P_l3_b32_e5_w1_b_d3 Inner 3: F1=0.7287
[2026-10-01 15:22:35] CU outer5 | trial 1/20 F1_inner=0.7422 | mejor=0.7422
[2026-10-01 15:22:35] CU outer5 | cfg=P_l4_b16_e3_w0_s_d3 | Inner 1/3
[2026-10-01 15:22:53] CU outer5 cfg=P_l4_b16_e3_w0_s_d3 Inner 1: F1=0.7274
[2026-10-01 15:22:53] CU outer5 | cfg=P_l4_b16_e3_w0_s_d3 | Inner 2/3
[2026-10-01 15:23:11] CU outer5 cfg=P_l4_b16_e3_w0_s_d3 Inner 2: F1=0.7349
[2026-10-01 15:23:11] CU outer5 | cfg=P_l4_b16_e3_w0_s_d3 | Inner 3/3
[2026-10-01 15:23:29] CU outer5 cfg=P_l4_b16_e3_w0_s_d3 Inner 3: F1=0.7445
[2026-10-01 15:23:29] CU outer5 | trial 2/20 F1_inner=0.7356 | mejor=0.7422
[2026-10-01 15:23:29] CU outer5 | cfg=P_l2_b16_e4_w5_b_d3 | Inner 1/3
[2026-10-01 15:23:53] CU outer5 cfg=P_l2_b16_e4_w5_b_d3 Inner 1: F1=0.7596
[2026-10-01 15:23:53] CU outer5 | cfg=P_l2_b16_e4_w5_b_d3 | Inner 2/3
[2026-10-01 15:24:18] CU outer5 cfg=P_l2_b16_e4_w5_b_d3 Inner 2: F1=0.7280
[2026-10-01 15:24:18] CU outer5 | cfg=P_l2_b16_e4_w5_b_d3 | Inner 3/3
[2026-10-01 15:24:36] CU outer5 cfg=P_l2_b16_e4_w5_b_d3 Inner 3: F1=0.7056
[2026-10-01 15:24:36] CU outer5 | trial 3/20 F1_inner=0.7311 | mejor=0.7422
[2026-10-01 15:24:36] CU outer5 | cfg=P_l3_b32_e5_w1_s_d2 | Inner 1/3
[2026-10-01 15:24:52] CU outer5 cfg=P_l3_b32_e5_w1_s_d2 Inner 1: F1=0.7338
[2026-10-01 15:24:52] CU outer5 | cfg=P_l3_b32_e5_w1_s_d2 | Inner 2/3
[2026-10-01 15:25:08] CU outer5 cfg=P_l3_b32_e5_w1_s_d2 Inner 2: F1=0.7218
[2026-10-01 15:25:08] CU outer5 | cfg=P_l3_b32_e5_w1_s_d2 | Inner 3/3
[2026-10-01 15:25:27] CU outer5 cfg=P_l3_b32_e5_w1_s_d2 Inner 3: F1=0.7356
[2026-10-01 15:25:27] CU outer5 | trial 4/20 F1_inner=0.7304 | mejor=0.7422
[2026-10-01 15:25:27] REUTILIZADO CU outer5 cfg=P_l3_b32_e5_w1_b_d3 inner=1: F1=0.7585
[2026-10-01 15:25:27] REUTILIZADO CU outer5 cfg=P_l3_b32_e5_w1_b_d3 inner=2: F1=0.7395
[2026-10-01 15:25:27] REUTILIZADO CU outer5 cfg=P_l3_b32_e5_w1_b_d3 inner=3: F1=0.7287
[2026-10-01 15:25:27] CU outer5 | trial 5/20 F1_inner=0.7422 | mejor=0.7422
[2026-10-01 15:25:27] CU outer5 | cfg=P_l3_b32_e3_w10_b_d2 | Inner 1/3
[2026-10-01 15:25:40] CU outer5 cfg=P_l3_b32_e3_w10_b_d2 Inner 1: F1=0.7479
[2026-10-01 15:25:40] CU outer5 | cfg=P_l3_b32_e3_w10_b_d2 | Inner 2/3
[2026-10-01 15:25:52] CU outer5 cfg=P_l3_b32_e3_w10_b_d2 Inner 2: F1=0.7171
[2026-10-01 15:25:52] CU outer5 | cfg=P_l3_b32_e3_w10_b_d2 | Inner 3/3
[2026-10-01 15:26:04] CU outer5 cfg=P_l3_b32_e3_w10_b_d2 Inner 3: F1=0.7053
[2026-10-01 15:26:04] CU outer5 | trial 6/20 F1_inner=0.7234 | mejor=0.7422
[2026-10-01 15:26:04] CU outer5 | cfg=P_l4_b16_e5_w10_b_d1 | Inner 1/3
[2026-10-01 15:26:29] CU outer5 cfg=P_l4_b16_e5_w10_b_d1 Inner 1: F1=0.7537
[2026-10-01 15:26:29] CU outer5 | cfg=P_l4_b16_e5_w10_b_d1 | Inner 2/3
[2026-10-01 15:26:47] CU outer5 cfg=P_l4_b16_e5_w10_b_d1 Inner 2: F1=0.7371
[2026-10-01 15:26:47] CU outer5 | cfg=P_l4_b16_e5_w10_b_d1 | Inner 3/3
[2026-10-01 15:27:00] CU outer5 cfg=P_l4_b16_e5_w10_b_d1 Inner 3: F1=0.7238
[2026-10-01 15:27:00] CU outer5 | trial 7/20 F1_inner=0.7382 | mejor=0.7422
[2026-10-01 15:27:00] CU outer5 | cfg=P_l5_b32_e4_w1_b_d3 | Inner 1/3
[2026-10-01 15:27:16] CU outer5 cfg=P_l5_b32_e4_w1_b_d3 Inner 1: F1=0.7615
[2026-10-01 15:27:16] CU outer5 | cfg=P_l5_b32_e4_w1_b_d3 | Inner 2/3
[2026-10-01 15:27:31] CU outer5 cfg=P_l5_b32_e4_w1_b_d3 Inner 2: F1=0.7411
[2026-10-01 15:27:31] CU outer5 | cfg=P_l5_b32_e4_w1_b_d3 | Inner 3/3
[2026-10-01 15:27:47] CU outer5 cfg=P_l5_b32_e4_w1_b_d3 Inner 3: F1=0.7302
[2026-10-01 15:27:47] CU outer5 | trial 8/20 F1_inner=0.7443 | mejor=0.7443
[2026-10-01 15:27:47] CU outer5 | cfg=P_l5_b32_e4_w0_b_d3 | Inner 1/3
[2026-10-01 15:28:03] CU outer5 cfg=P_l5_b32_e4_w0_b_d3 Inner 1: F1=0.7615
[2026-10-01 15:28:03] CU outer5 | cfg=P_l5_b32_e4_w0_b_d3 | Inner 2/3
[2026-10-01 15:28:18] CU outer5 cfg=P_l5_b32_e4_w0_b_d3 Inner 2: F1=0.7433
[2026-10-01 15:28:18] CU outer5 | cfg=P_l5_b32_e4_w0_b_d3 | Inner 3/3
[2026-10-01 15:28:30] CU outer5 cfg=P_l5_b32_e4_w0_b_d3 Inner 3: F1=0.7257
[2026-10-01 15:28:30] CU outer5 | trial 9/20 F1_inner=0.7435 | mejor=0.7443
[2026-10-01 15:28:30] CU outer5 | cfg=P_l5_b16_e4_w1_b_d3 | Inner 1/3
[2026-10-01 15:28:43] CU outer5 cfg=P_l5_b16_e4_w1_b_d3 Inner 1: F1=0.7486
[2026-10-01 15:28:43] CU outer5 | cfg=P_l5_b16_e4_w1_b_d3 | Inner 2/3
[2026-10-01 15:29:01] CU outer5 cfg=P_l5_b16_e4_w1_b_d3 Inner 2: F1=0.7434
[2026-10-01 15:29:01] CU outer5 | cfg=P_l5_b16_e4_w1_b_d3 | Inner 3/3
[2026-10-01 15:29:25] CU outer5 cfg=P_l5_b16_e4_w1_b_d3 Inner 3: F1=0.7426
[2026-10-01 15:29:25] CU outer5 | trial 10/20 F1_inner=0.7449 | mejor=0.7449
[2026-10-01 15:29:25] CU outer5 | cfg=P_l5_b16_e3_w1_b_d3 | Inner 1/3
[2026-10-01 15:29:38] CU outer5 cfg=P_l5_b16_e3_w1_b_d3 Inner 1: F1=0.7416
[2026-10-01 15:29:38] CU outer5 | cfg=P_l5_b16_e3_w1_b_d3 | Inner 2/3
[2026-10-01 15:29:57] CU outer5 cfg=P_l5_b16_e3_w1_b_d3 Inner 2: F1=0.7413
[2026-10-01 15:29:57] CU outer5 | cfg=P_l5_b16_e3_w1_b_d3 | Inner 3/3
[2026-10-01 15:30:15] CU outer5 cfg=P_l5_b16_e3_w1_b_d3 Inner 3: F1=0.7440
[2026-10-01 15:30:16] CU outer5 | trial 11/20 F1_inner=0.7423 | mejor=0.7449
[2026-10-01 15:30:16] CU outer5 | cfg=P_l5_b16_e4_w1_b_d2 | Inner 1/3
[2026-10-01 15:30:29] CU outer5 cfg=P_l5_b16_e4_w1_b_d2 Inner 1: F1=0.7549
[2026-10-01 15:30:29] CU outer5 | cfg=P_l5_b16_e4_w1_b_d2 | Inner 2/3
[2026-10-01 15:30:47] CU outer5 cfg=P_l5_b16_e4_w1_b_d2 Inner 2: F1=0.7367
[2026-10-01 15:30:47] CU outer5 | cfg=P_l5_b16_e4_w1_b_d2 | Inner 3/3
[2026-10-01 15:31:12] CU outer5 cfg=P_l5_b16_e4_w1_b_d2 Inner 3: F1=0.7396
[2026-10-01 15:31:12] CU outer5 | trial 12/20 F1_inner=0.7437 | mejor=0.7449
[2026-10-01 15:31:12] CU outer5 | cfg=P_l5_b16_e4_w1_s_d3 | Inner 1/3
[2026-10-01 15:31:36] CU outer5 cfg=P_l5_b16_e4_w1_s_d3 Inner 1: F1=0.7645
[2026-10-01 15:31:36] CU outer5 | cfg=P_l5_b16_e4_w1_s_d3 | Inner 2/3
[2026-10-01 15:31:54] CU outer5 cfg=P_l5_b16_e4_w1_s_d3 Inner 2: F1=0.7286
[2026-10-01 15:31:54] CU outer5 | cfg=P_l5_b16_e4_w1_s_d3 | Inner 3/3
[2026-10-01 15:32:12] CU outer5 cfg=P_l5_b16_e4_w1_s_d3 Inner 3: F1=0.7463
[2026-10-01 15:32:13] CU outer5 | trial 13/20 F1_inner=0.7465 | mejor=0.7465
[2026-10-01 15:32:13] REUTILIZADO CU outer5 cfg=P_l5_b16_e4_w1_s_d3 inner=1: F1=0.7645
[2026-10-01 15:32:13] REUTILIZADO CU outer5 cfg=P_l5_b16_e4_w1_s_d3 inner=2: F1=0.7286
[2026-10-01 15:32:13] REUTILIZADO CU outer5 cfg=P_l5_b16_e4_w1_s_d3 inner=3: F1=0.7463
[2026-10-01 15:32:13] CU outer5 | trial 14/20 F1_inner=0.7465 | mejor=0.7465
[2026-10-01 15:32:13] CU outer5 | cfg=P_l5_b16_e4_w10_s_d3 | Inner 1/3
[2026-10-01 15:32:37] CU outer5 cfg=P_l5_b16_e4_w10_s_d3 Inner 1: F1=0.7608
[2026-10-01 15:32:37] CU outer5 | cfg=P_l5_b16_e4_w10_s_d3 | Inner 2/3
[2026-10-01 15:32:56] CU outer5 cfg=P_l5_b16_e4_w10_s_d3 Inner 2: F1=0.7286
[2026-10-01 15:32:56] CU outer5 | cfg=P_l5_b16_e4_w10_s_d3 | Inner 3/3
[2026-10-01 15:33:14] CU outer5 cfg=P_l5_b16_e4_w10_s_d3 Inner 3: F1=0.7448
[2026-10-01 15:33:15] CU outer5 | trial 15/20 F1_inner=0.7448 | mejor=0.7465
[2026-10-01 15:33:15] REUTILIZADO CU outer5 cfg=P_l5_b16_e4_w1_s_d3 inner=1: F1=0.7645
[2026-10-01 15:33:15] REUTILIZADO CU outer5 cfg=P_l5_b16_e4_w1_s_d3 inner=2: F1=0.7286
[2026-10-01 15:33:15] REUTILIZADO CU outer5 cfg=P_l5_b16_e4_w1_s_d3 inner=3: F1=0.7463
[2026-10-01 15:33:15] CU outer5 | trial 16/20 F1_inner=0.7465 | mejor=0.7465
[2026-10-01 15:33:15] CU outer5 | cfg=P_l5_b16_e3_w1_s_d1 | Inner 1/3
[2026-10-01 15:33:34] CU outer5 cfg=P_l5_b16_e3_w1_s_d1 Inner 1: F1=0.7477
[2026-10-01 15:33:34] CU outer5 | cfg=P_l5_b16_e3_w1_s_d1 | Inner 2/3
[2026-10-01 15:33:52] CU outer5 cfg=P_l5_b16_e3_w1_s_d1 Inner 2: F1=0.7266
[2026-10-01 15:33:52] CU outer5 | cfg=P_l5_b16_e3_w1_s_d1 | Inner 3/3
[2026-10-01 15:34:10] CU outer5 cfg=P_l5_b16_e3_w1_s_d1 Inner 3: F1=0.7306
[2026-10-01 15:34:11] CU outer5 | trial 17/20 F1_inner=0.7349 | mejor=0.7465
[2026-10-01 15:34:11] CU outer5 | cfg=P_l5_b16_e5_w5_s_d3 | Inner 1/3
[2026-10-01 15:34:35] CU outer5 cfg=P_l5_b16_e5_w5_s_d3 Inner 1: F1=0.7647
[2026-10-01 15:34:35] CU outer5 | cfg=P_l5_b16_e5_w5_s_d3 | Inner 2/3
[2026-10-01 15:34:53] CU outer5 cfg=P_l5_b16_e5_w5_s_d3 Inner 2: F1=0.7280
[2026-10-01 15:34:53] CU outer5 | cfg=P_l5_b16_e5_w5_s_d3 | Inner 3/3
[2026-10-01 15:35:23] CU outer5 cfg=P_l5_b16_e5_w5_s_d3 Inner 3: F1=0.7469
[2026-10-01 15:35:23] CU outer5 | trial 18/20 F1_inner=0.7465 | mejor=0.7465
[2026-10-01 15:35:23] REUTILIZADO CU outer5 cfg=P_l5_b16_e5_w5_s_d3 inner=1: F1=0.7647
[2026-10-01 15:35:23] REUTILIZADO CU outer5 cfg=P_l5_b16_e5_w5_s_d3 inner=2: F1=0.7280
[2026-10-01 15:35:23] REUTILIZADO CU outer5 cfg=P_l5_b16_e5_w5_s_d3 inner=3: F1=0.7469
[2026-10-01 15:35:24] CU outer5 | trial 19/20 F1_inner=0.7465 | mejor=0.7465
[2026-10-01 15:35:24] REUTILIZADO CU outer5 cfg=P_l5_b16_e5_w5_s_d3 inner=1: F1=0.7647
[2026-10-01 15:35:24] REUTILIZADO CU outer5 cfg=P_l5_b16_e5_w5_s_d3 inner=2: F1=0.7280
[2026-10-01 15:35:24] REUTILIZADO CU outer5 cfg=P_l5_b16_e5_w5_s_d3 inner=3: F1=0.7469
[2026-10-01 15:35:24] CU outer5 | trial 20/20 F1_inner=0.7465 | mejor=0.7465
[2026-10-01 15:35:24] CU Outer 5: refit PYSENTIMIENTO, 3 épocas
[2026-10-01 15:35:48] CU Outer 5 refit: F1_train=0.9870, F1_outer=0.7560
[2026-10-01 15:35:48] [CU][RoBERTuito][Outer 5/5] FINALIZADO | prep=PYSENTIMIENTO | F1_inner=0.7465±0.0183 | F1_train=0.9870 | F1_outer=0.7560 | gap=0.2311
[2026-10-01 15:35:48] FINALIZADO: Nested CV completado (MX, ES, CU) (915/915 contados)
[2026-10-01 15:40:50] MX | Optimización final
[2026-10-01 15:40:50] MX final | cfg=P_l3_b16_e4_w5_s_d3 | Inner 1/3
[2026-10-01 15:41:19] MX final cfg=P_l3_b16_e4_w5_s_d3 Inner 1: F1=0.6816
[2026-10-01 15:41:19] MX final | cfg=P_l3_b16_e4_w5_s_d3 | Inner 2/3
[2026-10-01 15:41:48] MX final cfg=P_l3_b16_e4_w5_s_d3 Inner 2: F1=0.7137
[2026-10-01 15:41:48] MX final | cfg=P_l3_b16_e4_w5_s_d3 | Inner 3/3
[2026-10-01 15:42:16] MX final cfg=P_l3_b16_e4_w5_s_d3 Inner 3: F1=0.7328
[2026-10-01 15:42:16] MX final | trial 1/20 F1_inner=0.7094 | mejor=0.7094
[2026-10-01 15:42:16] MX final | cfg=P_l4_b32_e4_w10_s_d2 | Inner 1/3
[2026-10-01 15:42:26] MX final cfg=P_l4_b32_e4_w10_s_d2 Inner 1: F1=0.6579
[2026-10-01 15:42:26] MX final | cfg=P_l4_b32_e4_w10_s_d2 | Inner 2/3
[2026-10-01 15:42:40] MX final cfg=P_l4_b32_e4_w10_s_d2 Inner 2: F1=0.6979
[2026-10-01 15:42:40] MX final | cfg=P_l4_b32_e4_w10_s_d2 | Inner 3/3
[2026-10-01 15:42:54] MX final cfg=P_l4_b32_e4_w10_s_d2 Inner 3: F1=0.7052
[2026-10-01 15:42:54] MX final | trial 2/20 F1_inner=0.6870 | mejor=0.7094
[2026-10-01 15:42:54] MX final | cfg=P_l4_b32_e4_w0_b_d2 | Inner 1/3
[2026-10-01 15:43:11] MX final cfg=P_l4_b32_e4_w0_b_d2 Inner 1: F1=0.6944
[2026-10-01 15:43:11] MX final | cfg=P_l4_b32_e4_w0_b_d2 | Inner 2/3
[2026-10-01 15:43:29] MX final cfg=P_l4_b32_e4_w0_b_d2 Inner 2: F1=0.7059
[2026-10-01 15:43:29] MX final | cfg=P_l4_b32_e4_w0_b_d2 | Inner 3/3
[2026-10-01 15:43:46] MX final cfg=P_l4_b32_e4_w0_b_d2 Inner 3: F1=0.7254
[2026-10-01 15:43:46] MX final | trial 3/20 F1_inner=0.7086 | mejor=0.7094
[2026-10-01 15:43:46] MX final | cfg=P_l3_b32_e5_w5_s_d1 | Inner 1/3
[2026-10-01 15:43:56] MX final cfg=P_l3_b32_e5_w5_s_d1 Inner 1: F1=0.6424
[2026-10-01 15:43:56] MX final | cfg=P_l3_b32_e5_w5_s_d1 | Inner 2/3
[2026-10-01 15:44:14] MX final cfg=P_l3_b32_e5_w5_s_d1 Inner 2: F1=0.6992
[2026-10-01 15:44:14] MX final | cfg=P_l3_b32_e5_w5_s_d1 | Inner 3/3
[2026-10-01 15:44:28] MX final cfg=P_l3_b32_e5_w5_s_d1 Inner 3: F1=0.7093
[2026-10-01 15:44:28] MX final | trial 4/20 F1_inner=0.6836 | mejor=0.7094
[2026-10-01 15:44:28] MX final | cfg=P_l3_b16_e5_w0_b_d2 | Inner 1/3
[2026-10-01 15:44:56] MX final cfg=P_l3_b16_e5_w0_b_d2 Inner 1: F1=0.6867
[2026-10-01 15:44:56] MX final | cfg=P_l3_b16_e5_w0_b_d2 | Inner 2/3
[2026-10-01 15:45:18] MX final cfg=P_l3_b16_e5_w0_b_d2 Inner 2: F1=0.7055
[2026-10-01 15:45:18] MX final | cfg=P_l3_b16_e5_w0_b_d2 | Inner 3/3
[2026-10-01 15:45:46] MX final cfg=P_l3_b16_e5_w0_b_d2 Inner 3: F1=0.7281
[2026-10-01 15:45:46] MX final | trial 5/20 F1_inner=0.7068 | mejor=0.7094
[2026-10-01 15:45:46] MX final | cfg=P_l3_b16_e4_w10_s_d3 | Inner 1/3
[2026-10-01 15:46:15] MX final cfg=P_l3_b16_e4_w10_s_d3 Inner 1: F1=0.6816
[2026-10-01 15:46:15] MX final | cfg=P_l3_b16_e4_w10_s_d3 | Inner 2/3
[2026-10-01 15:46:43] MX final cfg=P_l3_b16_e4_w10_s_d3 Inner 2: F1=0.7143
[2026-10-01 15:46:43] MX final | cfg=P_l3_b16_e4_w10_s_d3 | Inner 3/3
[2026-10-01 15:47:12] MX final cfg=P_l3_b16_e4_w10_s_d3 Inner 3: F1=0.7310
[2026-10-01 15:47:12] MX final | trial 6/20 F1_inner=0.7090 | mejor=0.7094
[2026-10-01 15:47:12] MX final | cfg=P_l2_b16_e4_w5_b_d3 | Inner 1/3
[2026-10-01 15:47:40] MX final cfg=P_l2_b16_e4_w5_b_d3 Inner 1: F1=0.6942
[2026-10-01 15:47:40] MX final | cfg=P_l2_b16_e4_w5_b_d3 | Inner 2/3
[2026-10-01 15:48:09] MX final cfg=P_l2_b16_e4_w5_b_d3 Inner 2: F1=0.7021
[2026-10-01 15:48:09] MX final | cfg=P_l2_b16_e4_w5_b_d3 | Inner 3/3
[2026-10-01 15:48:37] MX final cfg=P_l2_b16_e4_w5_b_d3 Inner 3: F1=0.7127
[2026-10-01 15:48:37] MX final | trial 7/20 F1_inner=0.7030 | mejor=0.7094
[2026-10-01 15:48:37] MX final | cfg=P_l3_b16_e3_w5_s_d2 | Inner 1/3
[2026-10-01 15:48:59] MX final cfg=P_l3_b16_e3_w5_s_d2 Inner 1: F1=0.6637
[2026-10-01 15:48:59] MX final | cfg=P_l3_b16_e3_w5_s_d2 | Inner 2/3
[2026-10-01 15:49:20] MX final cfg=P_l3_b16_e3_w5_s_d2 Inner 2: F1=0.7017
[2026-10-01 15:49:20] MX final | cfg=P_l3_b16_e3_w5_s_d2 | Inner 3/3
[2026-10-01 15:49:42] MX final cfg=P_l3_b16_e3_w5_s_d2 Inner 3: F1=0.7080
[2026-10-01 15:49:42] MX final | trial 8/20 F1_inner=0.6911 | mejor=0.7094
[2026-10-01 15:49:42] MX final | cfg=P_l5_b32_e4_w5_s_d3 | Inner 1/3
[2026-10-01 15:49:52] MX final cfg=P_l5_b32_e4_w5_s_d3 Inner 1: F1=0.6550
[2026-10-01 15:49:52] MX final | cfg=P_l5_b32_e4_w5_s_d3 | Inner 2/3
[2026-10-01 15:50:06] MX final cfg=P_l5_b32_e4_w5_s_d3 Inner 2: F1=0.7013
[2026-10-01 15:50:06] MX final | cfg=P_l5_b32_e4_w5_s_d3 | Inner 3/3
[2026-10-01 15:50:24] MX final cfg=P_l5_b32_e4_w5_s_d3 Inner 3: F1=0.7249
[2026-10-01 15:50:24] MX final | trial 9/20 F1_inner=0.6937 | mejor=0.7094
[2026-10-01 15:50:24] MX final | cfg=P_l4_b16_e5_w5_s_d3 | Inner 1/3
[2026-10-01 15:50:46] MX final cfg=P_l4_b16_e5_w5_s_d3 Inner 1: F1=0.6686
[2026-10-01 15:50:46] MX final | cfg=P_l4_b16_e5_w5_s_d3 | Inner 2/3
[2026-10-01 15:51:08] MX final cfg=P_l4_b16_e5_w5_s_d3 Inner 2: F1=0.7225
[2026-10-01 15:51:08] MX final | cfg=P_l4_b16_e5_w5_s_d3 | Inner 3/3
[2026-10-01 15:51:30] MX final cfg=P_l4_b16_e5_w5_s_d3 Inner 3: F1=0.7149
[2026-10-01 15:51:30] MX final | trial 10/20 F1_inner=0.7020 | mejor=0.7094
[2026-10-01 15:51:30] MX final | cfg=P_l5_b16_e4_w5_s_d1 | Inner 1/3
[2026-10-01 15:51:58] MX final cfg=P_l5_b16_e4_w5_s_d1 Inner 1: F1=0.6713
[2026-10-01 15:51:58] MX final | cfg=P_l5_b16_e4_w5_s_d1 | Inner 2/3
[2026-10-01 15:52:20] MX final cfg=P_l5_b16_e4_w5_s_d1 Inner 2: F1=0.7024
[2026-10-01 15:52:20] MX final | cfg=P_l5_b16_e4_w5_s_d1 | Inner 3/3
[2026-10-01 15:52:42] MX final cfg=P_l5_b16_e4_w5_s_d1 Inner 3: F1=0.7207
[2026-10-01 15:52:42] MX final | trial 11/20 F1_inner=0.6982 | mejor=0.7094
[2026-10-01 15:52:42] REUTILIZADO MX final cfg=P_l3_b16_e4_w10_s_d3 inner=1: F1=0.6816
[2026-10-01 15:52:42] REUTILIZADO MX final cfg=P_l3_b16_e4_w10_s_d3 inner=2: F1=0.7143
[2026-10-01 15:52:42] REUTILIZADO MX final cfg=P_l3_b16_e4_w10_s_d3 inner=3: F1=0.7310
[2026-10-01 15:52:42] MX final | trial 12/20 F1_inner=0.7090 | mejor=0.7094
[2026-10-01 15:52:42] REUTILIZADO MX final cfg=P_l3_b16_e4_w5_s_d3 inner=1: F1=0.6816
[2026-10-01 15:52:42] REUTILIZADO MX final cfg=P_l3_b16_e4_w5_s_d3 inner=2: F1=0.7137
[2026-10-01 15:52:42] REUTILIZADO MX final cfg=P_l3_b16_e4_w5_s_d3 inner=3: F1=0.7328
[2026-10-01 15:52:43] MX final | trial 13/20 F1_inner=0.7094 | mejor=0.7094
[2026-10-01 15:52:43] MX final | cfg=P_l3_b32_e4_w5_b_d3 | Inner 1/3
[2026-10-01 15:53:00] MX final cfg=P_l3_b32_e4_w5_b_d3 Inner 1: F1=0.6946
[2026-10-01 15:53:00] MX final | cfg=P_l3_b32_e4_w5_b_d3 | Inner 2/3
[2026-10-01 15:53:18] MX final cfg=P_l3_b32_e4_w5_b_d3 Inner 2: F1=0.7085
[2026-10-01 15:53:18] MX final | cfg=P_l3_b32_e4_w5_b_d3 | Inner 3/3
[2026-10-01 15:53:36] MX final cfg=P_l3_b32_e4_w5_b_d3 Inner 3: F1=0.7241
[2026-10-01 15:53:36] MX final | trial 14/20 F1_inner=0.7091 | mejor=0.7094
[2026-10-01 15:53:36] REUTILIZADO MX final cfg=P_l3_b16_e4_w5_s_d3 inner=1: F1=0.6816
[2026-10-01 15:53:36] REUTILIZADO MX final cfg=P_l3_b16_e4_w5_s_d3 inner=2: F1=0.7137
[2026-10-01 15:53:36] REUTILIZADO MX final cfg=P_l3_b16_e4_w5_s_d3 inner=3: F1=0.7328
[2026-10-01 15:53:36] MX final | trial 15/20 F1_inner=0.7094 | mejor=0.7094
[2026-10-01 15:53:36] MX final | cfg=P_l3_b16_e4_w1_s_d1 | Inner 1/3
[2026-10-01 15:54:05] MX final cfg=P_l3_b16_e4_w1_s_d1 Inner 1: F1=0.6751
[2026-10-01 15:54:05] MX final | cfg=P_l3_b16_e4_w1_s_d1 | Inner 2/3
[2026-10-01 15:54:33] MX final cfg=P_l3_b16_e4_w1_s_d1 Inner 2: F1=0.7009
[2026-10-01 15:54:33] MX final | cfg=P_l3_b16_e4_w1_s_d1 | Inner 3/3
[2026-10-01 15:55:01] MX final cfg=P_l3_b16_e4_w1_s_d1 Inner 3: F1=0.7269
[2026-10-01 15:55:01] MX final | trial 16/20 F1_inner=0.7010 | mejor=0.7094
[2026-10-01 15:55:02] MX final | cfg=P_l3_b32_e3_w0_s_d3 | Inner 1/3
[2026-10-01 15:55:15] MX final cfg=P_l3_b32_e3_w0_s_d3 Inner 1: F1=0.6474
[2026-10-01 15:55:15] MX final | cfg=P_l3_b32_e3_w0_s_d3 | Inner 2/3
[2026-10-01 15:55:28] MX final cfg=P_l3_b32_e3_w0_s_d3 Inner 2: F1=0.6548
[2026-10-01 15:55:28] MX final | cfg=P_l3_b32_e3_w0_s_d3 | Inner 3/3
[2026-10-01 15:55:42] MX final cfg=P_l3_b32_e3_w0_s_d3 Inner 3: F1=0.6814
[2026-10-01 15:55:42] MX final | trial 17/20 F1_inner=0.6612 | mejor=0.7094
[2026-10-01 15:55:42] MX final | cfg=P_l5_b16_e3_w5_s_d3 | Inner 1/3
[2026-10-01 15:56:04] MX final cfg=P_l5_b16_e3_w5_s_d3 Inner 1: F1=0.6781
[2026-10-01 15:56:04] MX final | cfg=P_l5_b16_e3_w5_s_d3 | Inner 2/3
[2026-10-01 15:56:26] MX final cfg=P_l5_b16_e3_w5_s_d3 Inner 2: F1=0.7206
[2026-10-01 15:56:26] MX final | cfg=P_l5_b16_e3_w5_s_d3 | Inner 3/3
[2026-10-01 15:56:48] MX final cfg=P_l5_b16_e3_w5_s_d3 Inner 3: F1=0.7225
[2026-10-01 15:56:48] MX final | trial 18/20 F1_inner=0.7071 | mejor=0.7094
[2026-10-01 15:56:48] MX final | cfg=P_l3_b32_e4_w5_s_d2 | Inner 1/3
[2026-10-01 15:57:06] MX final cfg=P_l3_b32_e4_w5_s_d2 Inner 1: F1=0.6536
[2026-10-01 15:57:06] MX final | cfg=P_l3_b32_e4_w5_s_d2 | Inner 2/3
[2026-10-01 15:57:23] MX final cfg=P_l3_b32_e4_w5_s_d2 Inner 2: F1=0.6980
[2026-10-01 15:57:23] MX final | cfg=P_l3_b32_e4_w5_s_d2 | Inner 3/3
[2026-10-01 15:57:37] MX final cfg=P_l3_b32_e4_w5_s_d2 Inner 3: F1=0.6932
[2026-10-01 15:57:37] MX final | trial 19/20 F1_inner=0.6816 | mejor=0.7094
[2026-10-01 15:57:37] MX final | cfg=P_l3_b16_e5_w0_s_d3 | Inner 1/3
[2026-10-01 15:58:07] ACTIVO: MX final | cfg=P_l3_b16_e5_w0_s_d3 | Inner 1/3
[2026-10-01 15:58:12] MX final cfg=P_l3_b16_e5_w0_s_d3 Inner 1: F1=0.6845
[2026-10-01 15:58:12] MX final | cfg=P_l3_b16_e5_w0_s_d3 | Inner 2/3
[2026-10-01 15:58:40] MX final cfg=P_l3_b16_e5_w0_s_d3 Inner 2: F1=0.7087
[2026-10-01 15:58:40] MX final | cfg=P_l3_b16_e5_w0_s_d3 | Inner 3/3
[2026-10-01 15:59:10] ACTIVO: MX final | cfg=P_l3_b16_e5_w0_s_d3 | Inner 3/3
[2026-10-01 15:59:14] MX final cfg=P_l3_b16_e5_w0_s_d3 Inner 3: F1=0.7316
[2026-10-01 15:59:15] MX final | trial 20/20 F1_inner=0.7083 | mejor=0.7094
[2026-10-01 15:59:15] ES | Optimización final
[2026-10-01 15:59:15] ES final | cfg=P_l3_b16_e4_w5_s_d3 | Inner 1/3
[2026-10-01 15:59:44] ES final cfg=P_l3_b16_e4_w5_s_d3 Inner 1: F1=0.7871
[2026-10-01 15:59:44] ES final | cfg=P_l3_b16_e4_w5_s_d3 | Inner 2/3
[2026-10-01 16:00:06] ES final cfg=P_l3_b16_e4_w5_s_d3 Inner 2: F1=0.7694
[2026-10-01 16:00:06] ES final | cfg=P_l3_b16_e4_w5_s_d3 | Inner 3/3
[2026-10-01 16:00:21] ES final cfg=P_l3_b16_e4_w5_s_d3 Inner 3: F1=0.7373
[2026-10-01 16:00:21] ES final | trial 1/20 F1_inner=0.7646 | mejor=0.7646
[2026-10-01 16:00:21] ES final | cfg=P_l4_b32_e4_w10_s_d2 | Inner 1/3
[2026-10-01 16:00:39] ES final cfg=P_l4_b32_e4_w10_s_d2 Inner 1: F1=0.7824
[2026-10-01 16:00:39] ES final | cfg=P_l4_b32_e4_w10_s_d2 | Inner 2/3
[2026-10-01 16:00:57] ES final cfg=P_l4_b32_e4_w10_s_d2 Inner 2: F1=0.7607
[2026-10-01 16:00:57] ES final | cfg=P_l4_b32_e4_w10_s_d2 | Inner 3/3
[2026-10-01 16:01:14] ES final cfg=P_l4_b32_e4_w10_s_d2 Inner 3: F1=0.7568
[2026-10-01 16:01:15] ES final | trial 2/20 F1_inner=0.7667 | mejor=0.7667
[2026-10-01 16:01:15] ES final | cfg=P_l4_b32_e4_w0_b_d2 | Inner 1/3
[2026-10-01 16:01:32] ES final cfg=P_l4_b32_e4_w0_b_d2 Inner 1: F1=0.7935
[2026-10-01 16:01:32] ES final | cfg=P_l4_b32_e4_w0_b_d2 | Inner 2/3
[2026-10-01 16:01:46] ES final cfg=P_l4_b32_e4_w0_b_d2 Inner 2: F1=0.7666
[2026-10-01 16:01:46] ES final | cfg=P_l4_b32_e4_w0_b_d2 | Inner 3/3
[2026-10-01 16:02:04] ES final cfg=P_l4_b32_e4_w0_b_d2 Inner 3: F1=0.7670
[2026-10-01 16:02:04] ES final | trial 3/20 F1_inner=0.7757 | mejor=0.7757
[2026-10-01 16:02:04] ES final | cfg=P_l3_b32_e5_w5_s_d1 | Inner 1/3
[2026-10-01 16:02:22] ES final cfg=P_l3_b32_e5_w5_s_d1 Inner 1: F1=0.7872
[2026-10-01 16:02:22] ES final | cfg=P_l3_b32_e5_w5_s_d1 | Inner 2/3
[2026-10-01 16:02:43] ES final cfg=P_l3_b32_e5_w5_s_d1 Inner 2: F1=0.7601
[2026-10-01 16:02:43] ES final | cfg=P_l3_b32_e5_w5_s_d1 | Inner 3/3
[2026-10-01 16:03:01] ES final cfg=P_l3_b32_e5_w5_s_d1 Inner 3: F1=0.7572
[2026-10-01 16:03:01] ES final | trial 4/20 F1_inner=0.7682 | mejor=0.7757
[2026-10-01 16:03:01] ES final | cfg=P_l3_b16_e5_w0_b_d2 | Inner 1/3
[2026-10-01 16:03:29] ES final cfg=P_l3_b16_e5_w0_b_d2 Inner 1: F1=0.7938
[2026-10-01 16:03:29] ES final | cfg=P_l3_b16_e5_w0_b_d2 | Inner 2/3
[2026-10-01 16:03:57] ES final cfg=P_l3_b16_e5_w0_b_d2 Inner 2: F1=0.7686
[2026-10-01 16:03:57] ES final | cfg=P_l3_b16_e5_w0_b_d2 | Inner 3/3
[2026-10-01 16:04:19] ES final cfg=P_l3_b16_e5_w0_b_d2 Inner 3: F1=0.7618
[2026-10-01 16:04:19] ES final | trial 5/20 F1_inner=0.7747 | mejor=0.7757
[2026-10-01 16:04:19] REUTILIZADO ES final cfg=P_l4_b32_e4_w0_b_d2 inner=1: F1=0.7935
[2026-10-01 16:04:19] REUTILIZADO ES final cfg=P_l4_b32_e4_w0_b_d2 inner=2: F1=0.7666
[2026-10-01 16:04:19] REUTILIZADO ES final cfg=P_l4_b32_e4_w0_b_d2 inner=3: F1=0.7670
[2026-10-01 16:04:19] ES final | trial 6/20 F1_inner=0.7757 | mejor=0.7757
[2026-10-01 16:04:19] ES final | cfg=P_l4_b32_e3_w5_b_d3 | Inner 1/3
[2026-10-01 16:04:33] ES final cfg=P_l4_b32_e3_w5_b_d3 Inner 1: F1=0.7655
[2026-10-01 16:04:33] ES final | cfg=P_l4_b32_e3_w5_b_d3 | Inner 2/3
[2026-10-01 16:04:47] ES final cfg=P_l4_b32_e3_w5_b_d3 Inner 2: F1=0.7592
[2026-10-01 16:04:47] ES final | cfg=P_l4_b32_e3_w5_b_d3 | Inner 3/3
[2026-10-01 16:05:01] ES final cfg=P_l4_b32_e3_w5_b_d3 Inner 3: F1=0.7455
[2026-10-01 16:05:01] ES final | trial 7/20 F1_inner=0.7567 | mejor=0.7757
[2026-10-01 16:05:01] ES final | cfg=P_l5_b32_e3_w1_b_d1 | Inner 1/3
[2026-10-01 16:05:15] ES final cfg=P_l5_b32_e3_w1_b_d1 Inner 1: F1=0.7842
[2026-10-01 16:05:15] ES final | cfg=P_l5_b32_e3_w1_b_d1 | Inner 2/3
[2026-10-01 16:05:29] ES final cfg=P_l5_b32_e3_w1_b_d1 Inner 2: F1=0.7699
[2026-10-01 16:05:29] ES final | cfg=P_l5_b32_e3_w1_b_d1 | Inner 3/3
[2026-10-01 16:05:43] ES final cfg=P_l5_b32_e3_w1_b_d1 Inner 3: F1=0.7589
[2026-10-01 16:05:43] ES final | trial 8/20 F1_inner=0.7710 | mejor=0.7757
[2026-10-01 16:05:43] ES final | cfg=P_l2_b32_e4_w10_b_d3 | Inner 1/3
[2026-10-01 16:05:53] ES final cfg=P_l2_b32_e4_w10_b_d3 Inner 1: F1=0.7005
[2026-10-01 16:05:53] ES final | cfg=P_l2_b32_e4_w10_b_d3 | Inner 2/3
[2026-10-01 16:06:11] ES final cfg=P_l2_b32_e4_w10_b_d3 Inner 2: F1=0.7489
[2026-10-01 16:06:11] ES final | cfg=P_l2_b32_e4_w10_b_d3 | Inner 3/3
[2026-10-01 16:06:28] ES final cfg=P_l2_b32_e4_w10_b_d3 Inner 3: F1=0.7318
[2026-10-01 16:06:29] ES final | trial 9/20 F1_inner=0.7271 | mejor=0.7757
[2026-10-01 16:06:29] ES final | cfg=P_l4_b16_e3_w0_s_d1 | Inner 1/3
[2026-10-01 16:06:51] ES final cfg=P_l4_b16_e3_w0_s_d1 Inner 1: F1=0.7904
[2026-10-01 16:06:51] ES final | cfg=P_l4_b16_e3_w0_s_d1 | Inner 2/3
[2026-10-01 16:07:12] ES final cfg=P_l4_b16_e3_w0_s_d1 Inner 2: F1=0.7726
[2026-10-01 16:07:12] ES final | cfg=P_l4_b16_e3_w0_s_d1 | Inner 3/3
[2026-10-01 16:07:27] ES final cfg=P_l4_b16_e3_w0_s_d1 Inner 3: F1=0.7578
[2026-10-01 16:07:27] ES final | trial 10/20 F1_inner=0.7736 | mejor=0.7757
[2026-10-01 16:07:27] ES final | cfg=P_l5_b16_e4_w5_b_d2 | Inner 1/3
[2026-10-01 16:07:56] ES final cfg=P_l5_b16_e4_w5_b_d2 Inner 1: F1=0.8117
[2026-10-01 16:07:56] ES final | cfg=P_l5_b16_e4_w5_b_d2 | Inner 2/3
[2026-10-01 16:08:17] ES final cfg=P_l5_b16_e4_w5_b_d2 Inner 2: F1=0.7712
[2026-10-01 16:08:17] ES final | cfg=P_l5_b16_e4_w5_b_d2 | Inner 3/3
[2026-10-01 16:08:40] ES final cfg=P_l5_b16_e4_w5_b_d2 Inner 3: F1=0.7658
[2026-10-01 16:08:40] ES final | trial 11/20 F1_inner=0.7829 | mejor=0.7829
[2026-10-01 16:08:40] ES final | cfg=P_l5_b16_e5_w5_b_d3 | Inner 1/3
[2026-10-01 16:09:09] ES final cfg=P_l5_b16_e5_w5_b_d3 Inner 1: F1=0.8140
[2026-10-01 16:09:09] ES final | cfg=P_l5_b16_e5_w5_b_d3 | Inner 2/3
[2026-10-01 16:09:30] ES final cfg=P_l5_b16_e5_w5_b_d3 Inner 2: F1=0.7716
[2026-10-01 16:09:30] ES final | cfg=P_l5_b16_e5_w5_b_d3 | Inner 3/3
[2026-10-01 16:09:59] ES final cfg=P_l5_b16_e5_w5_b_d3 Inner 3: F1=0.7699
[2026-10-01 16:09:59] ES final | trial 12/20 F1_inner=0.7852 | mejor=0.7852
[2026-10-01 16:09:59] ES final | cfg=P_l5_b16_e5_w5_b_d2 | Inner 1/3
[2026-10-01 16:10:29] ACTIVO: ES final | cfg=P_l5_b16_e5_w5_b_d2 | Inner 1/3
[2026-10-01 16:10:35] ES final cfg=P_l5_b16_e5_w5_b_d2 Inner 1: F1=0.8079
[2026-10-01 16:10:35] ES final | cfg=P_l5_b16_e5_w5_b_d2 | Inner 2/3
[2026-10-01 16:11:03] ES final cfg=P_l5_b16_e5_w5_b_d2 Inner 2: F1=0.7624
[2026-10-01 16:11:03] ES final | cfg=P_l5_b16_e5_w5_b_d2 | Inner 3/3
[2026-10-01 16:11:25] ES final cfg=P_l5_b16_e5_w5_b_d2 Inner 3: F1=0.7690
[2026-10-01 16:11:25] ES final | trial 13/20 F1_inner=0.7798 | mejor=0.7852
[2026-10-01 16:11:25] ES final | cfg=P_l5_b16_e4_w5_b_d1 | Inner 1/3
[2026-10-01 16:11:48] ES final cfg=P_l5_b16_e4_w5_b_d1 Inner 1: F1=0.7991
[2026-10-01 16:11:48] ES final | cfg=P_l5_b16_e4_w5_b_d1 | Inner 2/3
[2026-10-01 16:12:03] ES final cfg=P_l5_b16_e4_w5_b_d1 Inner 2: F1=0.7656
[2026-10-01 16:12:03] ES final | cfg=P_l5_b16_e4_w5_b_d1 | Inner 3/3
[2026-10-01 16:12:32] ES final cfg=P_l5_b16_e4_w5_b_d1 Inner 3: F1=0.7741
[2026-10-01 16:12:32] ES final | trial 14/20 F1_inner=0.7796 | mejor=0.7852
[2026-10-01 16:12:32] ES final | cfg=P_l4_b16_e5_w5_b_d3 | Inner 1/3
[2026-10-01 16:13:01] ES final cfg=P_l4_b16_e5_w5_b_d3 Inner 1: F1=0.8114
[2026-10-01 16:13:01] ES final | cfg=P_l4_b16_e5_w5_b_d3 | Inner 2/3
[2026-10-01 16:13:29] ES final cfg=P_l4_b16_e5_w5_b_d3 Inner 2: F1=0.7775
[2026-10-01 16:13:29] ES final | cfg=P_l4_b16_e5_w5_b_d3 | Inner 3/3
[2026-10-01 16:13:58] ES final cfg=P_l4_b16_e5_w5_b_d3 Inner 3: F1=0.7592
[2026-10-01 16:13:58] ES final | trial 15/20 F1_inner=0.7827 | mejor=0.7852
[2026-10-01 16:13:58] ES final | cfg=P_l2_b16_e4_w5_b_d2 | Inner 1/3
[2026-10-01 16:14:26] ES final cfg=P_l2_b16_e4_w5_b_d2 Inner 1: F1=0.7734
[2026-10-01 16:14:26] ES final | cfg=P_l2_b16_e4_w5_b_d2 | Inner 2/3
[2026-10-01 16:14:55] ES final cfg=P_l2_b16_e4_w5_b_d2 Inner 2: F1=0.7637
[2026-10-01 16:14:55] ES final | cfg=P_l2_b16_e4_w5_b_d2 | Inner 3/3
[2026-10-01 16:15:24] ES final cfg=P_l2_b16_e4_w5_b_d2 Inner 3: F1=0.7480
[2026-10-01 16:15:24] ES final | trial 16/20 F1_inner=0.7617 | mejor=0.7852
[2026-10-01 16:15:24] ES final | cfg=P_l5_b16_e4_w0_b_d2 | Inner 1/3
[2026-10-01 16:15:53] ES final cfg=P_l5_b16_e4_w0_b_d2 Inner 1: F1=0.8077
[2026-10-01 16:15:53] ES final | cfg=P_l5_b16_e4_w0_b_d2 | Inner 2/3
[2026-10-01 16:16:15] ES final cfg=P_l5_b16_e4_w0_b_d2 Inner 2: F1=0.7724
[2026-10-01 16:16:15] ES final | cfg=P_l5_b16_e4_w0_b_d2 | Inner 3/3
[2026-10-01 16:16:37] ES final cfg=P_l5_b16_e4_w0_b_d2 Inner 3: F1=0.7658
[2026-10-01 16:16:37] ES final | trial 17/20 F1_inner=0.7820 | mejor=0.7852
[2026-10-01 16:16:37] ES final | cfg=P_l5_b32_e5_w5_b_d3 | Inner 1/3
[2026-10-01 16:16:55] ES final cfg=P_l5_b32_e5_w5_b_d3 Inner 1: F1=0.7919
[2026-10-01 16:16:55] ES final | cfg=P_l5_b32_e5_w5_b_d3 | Inner 2/3
[2026-10-01 16:17:08] ES final cfg=P_l5_b32_e5_w5_b_d3 Inner 2: F1=0.7733
[2026-10-01 16:17:08] ES final | cfg=P_l5_b32_e5_w5_b_d3 | Inner 3/3
[2026-10-01 16:17:26] ES final cfg=P_l5_b32_e5_w5_b_d3 Inner 3: F1=0.7701
[2026-10-01 16:17:26] ES final | trial 18/20 F1_inner=0.7785 | mejor=0.7852
[2026-10-01 16:17:26] ES final | cfg=P_l5_b16_e3_w5_b_d3 | Inner 1/3
[2026-10-01 16:17:48] ES final cfg=P_l5_b16_e3_w5_b_d3 Inner 1: F1=0.7980
[2026-10-01 16:17:48] ES final | cfg=P_l5_b16_e3_w5_b_d3 | Inner 2/3
[2026-10-01 16:18:10] ES final cfg=P_l5_b16_e3_w5_b_d3 Inner 2: F1=0.7727
[2026-10-01 16:18:10] ES final | cfg=P_l5_b16_e3_w5_b_d3 | Inner 3/3
[2026-10-01 16:18:32] ES final cfg=P_l5_b16_e3_w5_b_d3 Inner 3: F1=0.7673
[2026-10-01 16:18:32] ES final | trial 19/20 F1_inner=0.7793 | mejor=0.7852
[2026-10-01 16:18:32] ES final | cfg=P_l5_b32_e4_w5_b_d2 | Inner 1/3
[2026-10-01 16:18:46] ES final cfg=P_l5_b32_e4_w5_b_d2 Inner 1: F1=0.7851
[2026-10-01 16:18:46] ES final | cfg=P_l5_b32_e4_w5_b_d2 | Inner 2/3
[2026-10-01 16:19:00] ES final cfg=P_l5_b32_e4_w5_b_d2 Inner 2: F1=0.7718
[2026-10-01 16:19:00] ES final | cfg=P_l5_b32_e4_w5_b_d2 | Inner 3/3
[2026-10-01 16:19:18] ES final cfg=P_l5_b32_e4_w5_b_d2 Inner 3: F1=0.7728
[2026-10-01 16:19:18] ES final | trial 20/20 F1_inner=0.7766 | mejor=0.7852
[2026-10-01 16:19:18] CU | Optimización final
[2026-10-01 16:19:19] CU final | cfg=P_l3_b16_e4_w5_s_d3 | Inner 1/3
[2026-10-01 16:19:47] CU final cfg=P_l3_b16_e4_w5_s_d3 Inner 1: F1=0.7692
[2026-10-01 16:19:47] CU final | cfg=P_l3_b16_e4_w5_s_d3 | Inner 2/3
[2026-10-01 16:20:09] CU final cfg=P_l3_b16_e4_w5_s_d3 Inner 2: F1=0.7357
[2026-10-01 16:20:09] CU final | cfg=P_l3_b16_e4_w5_s_d3 | Inner 3/3
[2026-10-01 16:20:31] CU final cfg=P_l3_b16_e4_w5_s_d3 Inner 3: F1=0.7513
[2026-10-01 16:20:31] CU final | trial 1/20 F1_inner=0.7521 | mejor=0.7521
[2026-10-01 16:20:31] CU final | cfg=P_l4_b32_e4_w10_s_d2 | Inner 1/3
[2026-10-01 16:20:49] CU final cfg=P_l4_b32_e4_w10_s_d2 Inner 1: F1=0.7724
[2026-10-01 16:20:49] CU final | cfg=P_l4_b32_e4_w10_s_d2 | Inner 2/3
[2026-10-01 16:21:03] CU final cfg=P_l4_b32_e4_w10_s_d2 Inner 2: F1=0.7405
[2026-10-01 16:21:03] CU final | cfg=P_l4_b32_e4_w10_s_d2 | Inner 3/3
[2026-10-01 16:21:17] CU final cfg=P_l4_b32_e4_w10_s_d2 Inner 3: F1=0.7347
[2026-10-01 16:21:18] CU final | trial 2/20 F1_inner=0.7492 | mejor=0.7521
[2026-10-01 16:21:18] CU final | cfg=P_l4_b32_e4_w0_b_d2 | Inner 1/3
[2026-10-01 16:21:31] CU final cfg=P_l4_b32_e4_w0_b_d2 Inner 1: F1=0.7657
[2026-10-01 16:21:32] CU final | cfg=P_l4_b32_e4_w0_b_d2 | Inner 2/3
[2026-10-01 16:21:49] CU final cfg=P_l4_b32_e4_w0_b_d2 Inner 2: F1=0.7505
[2026-10-01 16:21:49] CU final | cfg=P_l4_b32_e4_w0_b_d2 | Inner 3/3
[2026-10-01 16:22:03] CU final cfg=P_l4_b32_e4_w0_b_d2 Inner 3: F1=0.7660
[2026-10-01 16:22:03] CU final | trial 3/20 F1_inner=0.7607 | mejor=0.7607
[2026-10-01 16:22:03] CU final | cfg=P_l3_b32_e5_w5_s_d1 | Inner 1/3
[2026-10-01 16:22:21] CU final cfg=P_l3_b32_e5_w5_s_d1 Inner 1: F1=0.7700
[2026-10-01 16:22:21] CU final | cfg=P_l3_b32_e5_w5_s_d1 | Inner 2/3
[2026-10-01 16:22:40] CU final cfg=P_l3_b32_e5_w5_s_d1 Inner 2: F1=0.7396
[2026-10-01 16:22:40] CU final | cfg=P_l3_b32_e5_w5_s_d1 | Inner 3/3
[2026-10-01 16:22:53] CU final cfg=P_l3_b32_e5_w5_s_d1 Inner 3: F1=0.7222
[2026-10-01 16:22:54] CU final | trial 4/20 F1_inner=0.7439 | mejor=0.7607
[2026-10-01 16:22:54] CU final | cfg=P_l3_b16_e5_w0_b_d2 | Inner 1/3
[2026-10-01 16:23:22] CU final cfg=P_l3_b16_e5_w0_b_d2 Inner 1: F1=0.7732
[2026-10-01 16:23:22] CU final | cfg=P_l3_b16_e5_w0_b_d2 | Inner 2/3
[2026-10-01 16:23:50] CU final cfg=P_l3_b16_e5_w0_b_d2 Inner 2: F1=0.7441
[2026-10-01 16:23:50] CU final | cfg=P_l3_b16_e5_w0_b_d2 | Inner 3/3
[2026-10-01 16:24:11] CU final cfg=P_l3_b16_e5_w0_b_d2 Inner 3: F1=0.7528
[2026-10-01 16:24:12] CU final | trial 5/20 F1_inner=0.7567 | mejor=0.7607
[2026-10-01 16:24:12] REUTILIZADO CU final cfg=P_l4_b32_e4_w0_b_d2 inner=1: F1=0.7657
[2026-10-01 16:24:12] REUTILIZADO CU final cfg=P_l4_b32_e4_w0_b_d2 inner=2: F1=0.7505
[2026-10-01 16:24:12] REUTILIZADO CU final cfg=P_l4_b32_e4_w0_b_d2 inner=3: F1=0.7660
[2026-10-01 16:24:12] CU final | trial 6/20 F1_inner=0.7607 | mejor=0.7607
[2026-10-01 16:24:12] CU final | cfg=P_l4_b32_e3_w5_b_d3 | Inner 1/3
[2026-10-01 16:24:26] CU final cfg=P_l4_b32_e3_w5_b_d3 Inner 1: F1=0.7661
[2026-10-01 16:24:26] CU final | cfg=P_l4_b32_e3_w5_b_d3 | Inner 2/3
[2026-10-01 16:24:40] CU final cfg=P_l4_b32_e3_w5_b_d3 Inner 2: F1=0.7402
[2026-10-01 16:24:40] CU final | cfg=P_l4_b32_e3_w5_b_d3 | Inner 3/3
[2026-10-01 16:24:54] CU final cfg=P_l4_b32_e3_w5_b_d3 Inner 3: F1=0.7508
[2026-10-01 16:24:54] CU final | trial 7/20 F1_inner=0.7523 | mejor=0.7607
[2026-10-01 16:24:54] CU final | cfg=P_l5_b32_e3_w1_b_d1 | Inner 1/3
[2026-10-01 16:25:08] CU final cfg=P_l5_b32_e3_w1_b_d1 Inner 1: F1=0.7781
[2026-10-01 16:25:08] CU final | cfg=P_l5_b32_e3_w1_b_d1 | Inner 2/3
[2026-10-01 16:25:22] CU final cfg=P_l5_b32_e3_w1_b_d1 Inner 2: F1=0.7406
[2026-10-01 16:25:22] CU final | cfg=P_l5_b32_e3_w1_b_d1 | Inner 3/3
[2026-10-01 16:25:36] CU final cfg=P_l5_b32_e3_w1_b_d1 Inner 3: F1=0.7594
[2026-10-01 16:25:36] CU final | trial 8/20 F1_inner=0.7594 | mejor=0.7607
[2026-10-01 16:25:36] CU final | cfg=P_l2_b32_e4_w10_b_d3 | Inner 1/3
[2026-10-01 16:25:54] CU final cfg=P_l2_b32_e4_w10_b_d3 Inner 1: F1=0.7587
[2026-10-01 16:25:54] CU final | cfg=P_l2_b32_e4_w10_b_d3 | Inner 2/3
[2026-10-01 16:26:12] CU final cfg=P_l2_b32_e4_w10_b_d3 Inner 2: F1=0.7268
[2026-10-01 16:26:12] CU final | cfg=P_l2_b32_e4_w10_b_d3 | Inner 3/3
[2026-10-01 16:26:30] CU final cfg=P_l2_b32_e4_w10_b_d3 Inner 3: F1=0.7416
[2026-10-01 16:26:30] CU final | trial 9/20 F1_inner=0.7424 | mejor=0.7607
[2026-10-01 16:26:30] CU final | cfg=P_l4_b16_e3_w0_s_d1 | Inner 1/3
[2026-10-01 16:26:52] CU final cfg=P_l4_b16_e3_w0_s_d1 Inner 1: F1=0.7536
[2026-10-01 16:26:52] CU final | cfg=P_l4_b16_e3_w0_s_d1 | Inner 2/3
[2026-10-01 16:27:13] CU final cfg=P_l4_b16_e3_w0_s_d1 Inner 2: F1=0.7464
[2026-10-01 16:27:13] CU final | cfg=P_l4_b16_e3_w0_s_d1 | Inner 3/3
[2026-10-01 16:27:35] CU final cfg=P_l4_b16_e3_w0_s_d1 Inner 3: F1=0.7548
[2026-10-01 16:27:35] CU final | trial 10/20 F1_inner=0.7516 | mejor=0.7607
[2026-10-01 16:27:35] CU final | cfg=P_l5_b16_e4_w5_b_d2 | Inner 1/3
[2026-10-01 16:27:50] CU final cfg=P_l5_b16_e4_w5_b_d2 Inner 1: F1=0.7431
[2026-10-01 16:27:50] CU final | cfg=P_l5_b16_e4_w5_b_d2 | Inner 2/3
[2026-10-01 16:28:12] CU final cfg=P_l5_b16_e4_w5_b_d2 Inner 2: F1=0.7506
[2026-10-01 16:28:12] CU final | cfg=P_l5_b16_e4_w5_b_d2 | Inner 3/3
[2026-10-01 16:28:34] CU final cfg=P_l5_b16_e4_w5_b_d2 Inner 3: F1=0.7593
[2026-10-01 16:28:34] CU final | trial 11/20 F1_inner=0.7510 | mejor=0.7607
[2026-10-01 16:28:34] CU final | cfg=P_l3_b32_e4_w0_b_d2 | Inner 1/3
[2026-10-01 16:28:48] CU final cfg=P_l3_b32_e4_w0_b_d2 Inner 1: F1=0.7661
[2026-10-01 16:28:48] CU final | cfg=P_l3_b32_e4_w0_b_d2 | Inner 2/3
[2026-10-01 16:29:05] CU final cfg=P_l3_b32_e4_w0_b_d2 Inner 2: F1=0.7370
[2026-10-01 16:29:05] CU final | cfg=P_l3_b32_e4_w0_b_d2 | Inner 3/3
[2026-10-01 16:29:23] CU final cfg=P_l3_b32_e4_w0_b_d2 Inner 3: F1=0.7528
[2026-10-01 16:29:23] CU final | trial 12/20 F1_inner=0.7520 | mejor=0.7607
[2026-10-01 16:29:23] REUTILIZADO CU final cfg=P_l4_b32_e4_w0_b_d2 inner=1: F1=0.7657
[2026-10-01 16:29:23] REUTILIZADO CU final cfg=P_l4_b32_e4_w0_b_d2 inner=2: F1=0.7505
[2026-10-01 16:29:23] REUTILIZADO CU final cfg=P_l4_b32_e4_w0_b_d2 inner=3: F1=0.7660
[2026-10-01 16:29:23] CU final | trial 13/20 F1_inner=0.7607 | mejor=0.7607
[2026-10-01 16:29:23] CU final | cfg=P_l2_b32_e3_w0_s_d2 | Inner 1/3
[2026-10-01 16:29:37] CU final cfg=P_l2_b32_e3_w0_s_d2 Inner 1: F1=0.6891
[2026-10-01 16:29:37] CU final | cfg=P_l2_b32_e3_w0_s_d2 | Inner 2/3
[2026-10-01 16:29:51] CU final cfg=P_l2_b32_e3_w0_s_d2 Inner 2: F1=0.6774
[2026-10-01 16:29:51] CU final | cfg=P_l2_b32_e3_w0_s_d2 | Inner 3/3
[2026-10-01 16:30:04] CU final cfg=P_l2_b32_e3_w0_s_d2 Inner 3: F1=0.6865
[2026-10-01 16:30:05] CU final | trial 14/20 F1_inner=0.6843 | mejor=0.7607
[2026-10-01 16:30:05] CU final | cfg=P_l4_b32_e5_w1_b_d2 | Inner 1/3
[2026-10-01 16:30:19] CU final cfg=P_l4_b32_e5_w1_b_d2 Inner 1: F1=0.7664
[2026-10-01 16:30:19] CU final | cfg=P_l4_b32_e5_w1_b_d2 | Inner 2/3
[2026-10-01 16:30:37] CU final cfg=P_l4_b32_e5_w1_b_d2 Inner 2: F1=0.7529
[2026-10-01 16:30:37] CU final | cfg=P_l4_b32_e5_w1_b_d2 | Inner 3/3
[2026-10-01 16:30:51] CU final cfg=P_l4_b32_e5_w1_b_d2 Inner 3: F1=0.7585
[2026-10-01 16:30:51] CU final | trial 15/20 F1_inner=0.7593 | mejor=0.7607
[2026-10-01 16:30:51] CU final | cfg=P_l4_b32_e5_w0_b_d1 | Inner 1/3
[2026-10-01 16:31:09] CU final cfg=P_l4_b32_e5_w0_b_d1 Inner 1: F1=0.7736
[2026-10-01 16:31:09] CU final | cfg=P_l4_b32_e5_w0_b_d1 | Inner 2/3
[2026-10-01 16:31:26] CU final cfg=P_l4_b32_e5_w0_b_d1 Inner 2: F1=0.7550
[2026-10-01 16:31:26] CU final | cfg=P_l4_b32_e5_w0_b_d1 | Inner 3/3
[2026-10-01 16:31:40] CU final cfg=P_l4_b32_e5_w0_b_d1 Inner 3: F1=0.7523
[2026-10-01 16:31:40] CU final | trial 16/20 F1_inner=0.7603 | mejor=0.7607
[2026-10-01 16:31:40] CU final | cfg=P_l4_b32_e4_w5_b_d1 | Inner 1/3
[2026-10-01 16:31:54] CU final cfg=P_l4_b32_e4_w5_b_d1 Inner 1: F1=0.7653
[2026-10-01 16:31:54] CU final | cfg=P_l4_b32_e4_w5_b_d1 | Inner 2/3
[2026-10-01 16:32:12] CU final cfg=P_l4_b32_e4_w5_b_d1 Inner 2: F1=0.7440
[2026-10-01 16:32:12] CU final | cfg=P_l4_b32_e4_w5_b_d1 | Inner 3/3
[2026-10-01 16:32:26] CU final cfg=P_l4_b32_e4_w5_b_d1 Inner 3: F1=0.7616
[2026-10-01 16:32:26] CU final | trial 17/20 F1_inner=0.7570 | mejor=0.7607
[2026-10-01 16:32:26] CU final | cfg=P_l4_b16_e4_w0_b_d3 | Inner 1/3
[2026-10-01 16:32:53] CU final cfg=P_l4_b16_e4_w0_b_d3 Inner 1: F1=0.7752
[2026-10-01 16:32:53] CU final | cfg=P_l4_b16_e4_w0_b_d3 | Inner 2/3
[2026-10-01 16:33:15] CU final cfg=P_l4_b16_e4_w0_b_d3 Inner 2: F1=0.7489
[2026-10-01 16:33:15] CU final | cfg=P_l4_b16_e4_w0_b_d3 | Inner 3/3
[2026-10-01 16:33:36] CU final cfg=P_l4_b16_e4_w0_b_d3 Inner 3: F1=0.7516
[2026-10-01 16:33:37] CU final | trial 18/20 F1_inner=0.7586 | mejor=0.7607
[2026-10-01 16:33:37] CU final | cfg=P_l5_b32_e4_w0_b_d1 | Inner 1/3
[2026-10-01 16:33:50] CU final cfg=P_l5_b32_e4_w0_b_d1 Inner 1: F1=0.7720
[2026-10-01 16:33:50] CU final | cfg=P_l5_b32_e4_w0_b_d1 | Inner 2/3
[2026-10-01 16:34:08] CU final cfg=P_l5_b32_e4_w0_b_d1 Inner 2: F1=0.7579
[2026-10-01 16:34:08] CU final | cfg=P_l5_b32_e4_w0_b_d1 | Inner 3/3
[2026-10-01 16:34:22] CU final cfg=P_l5_b32_e4_w0_b_d1 Inner 3: F1=0.7560
[2026-10-01 16:34:22] CU final | trial 19/20 F1_inner=0.7620 | mejor=0.7620
[2026-10-01 16:34:22] REUTILIZADO CU final cfg=P_l5_b32_e4_w0_b_d1 inner=1: F1=0.7720
[2026-10-01 16:34:22] REUTILIZADO CU final cfg=P_l5_b32_e4_w0_b_d1 inner=2: F1=0.7579
[2026-10-01 16:34:22] REUTILIZADO CU final cfg=P_l5_b32_e4_w0_b_d1 inner=3: F1=0.7560
[2026-10-01 16:34:22] CU final | trial 20/20 F1_inner=0.7620 | mejor=0.7620
[2026-10-01 16:34:22] FINALIZADO: Optimización final completada (180/180 contados)
[2026-10-01 16:35:20] MX | Test oficial | semilla 42
[2026-10-01 16:35:50] ACTIVO: MX | Test oficial | semilla 42
[2026-10-01 16:35:56] MX test semilla 42: F1=0.7628
[2026-10-01 16:35:57] MX | Test oficial | semilla 52
[2026-10-01 16:36:27] ACTIVO: MX | Test oficial | semilla 52
[2026-10-01 16:36:32] MX test semilla 52: F1=0.7492
[2026-10-01 16:36:32] MX | Test oficial | semilla 62
[2026-10-01 16:37:02] ACTIVO: MX | Test oficial | semilla 62
[2026-10-01 16:37:07] MX test semilla 62: F1=0.7560
[2026-10-01 16:37:07] MX | Test oficial | semilla 72
[2026-10-01 16:37:37] ACTIVO: MX | Test oficial | semilla 72
[2026-10-01 16:37:42] MX test semilla 72: F1=0.7609
[2026-10-01 16:37:42] MX | Test oficial | semilla 82
[2026-10-01 16:38:12] ACTIVO: MX | Test oficial | semilla 82
[2026-10-01 16:38:18] MX test semilla 82: F1=0.7721
[2026-10-01 16:38:18] ES | Test oficial | semilla 42
[2026-10-01 16:38:45] ES test semilla 42: F1=0.7412
[2026-10-01 16:38:46] ES | Test oficial | semilla 52
[2026-10-01 16:39:13] ES test semilla 52: F1=0.7571
[2026-10-01 16:39:13] ES | Test oficial | semilla 62
[2026-10-01 16:39:40] ES test semilla 62: F1=0.7635
[2026-10-01 16:39:40] ES | Test oficial | semilla 72
[2026-10-01 16:40:07] ES test semilla 72: F1=0.7468
[2026-10-01 16:40:07] ES | Test oficial | semilla 82
[2026-10-01 16:40:35] ES test semilla 82: F1=0.7554
[2026-10-01 16:40:36] CU | Test oficial | semilla 42
[2026-10-01 16:40:47] CU test semilla 42: F1=0.7272
[2026-10-01 16:40:48] CU | Test oficial | semilla 52
[2026-10-01 16:40:59] CU test semilla 52: F1=0.7411
[2026-10-01 16:40:59] CU | Test oficial | semilla 62
[2026-10-01 16:41:10] CU test semilla 62: F1=0.7331
[2026-10-01 16:41:10] CU | Test oficial | semilla 72
[2026-10-01 16:41:21] CU test semilla 72: F1=0.7453
[2026-10-01 16:41:22] CU | Test oficial | semilla 82
[2026-10-01 16:41:33] CU test semilla 82: F1=0.7434
[2026-10-01 16:41:33] FINALIZADO: Test oficial completado (5 semillas por variante) (15/15 contados)
