ID,TOPIC,IS_IRONIC,MESSAGE,VARIANTE,n_exc,n_int,n_may,n_emo,n_ris,n_neg,n_elo,n_com,n_pun,MESSAGE_CLEAN
9c91359304feb0bd108c1cf222c22ab0,TARDÀ,1,@ArmandoRuido007 @ANTI_MERMA50 @JoanTarda En vez de Joan Tarda van a llamarle “No han tarda” en callarle la boca 🤣🤣,es,0,0,0,2,0,1,0,2,0,[user] [user] [user] en vez de joan tarda van a llamarle no han tarda en callarle la boca cara_revolviéndose_de_la_risa cara_revolviéndose_de_la_risa
2bb48c858c36efb5e2b142fbbd8bcb2b,TARDÀ,1,"@El_Plural Joan Tardà responderá a Vox en catalán....si, si, https://t.co/EpShFy8OfV",es,0,0,0,0,0,0,1,0,1,[user] joan tardà responderá a vox en catalán si si [url]
eed730fc76f85c2f8309f75068577a3f,TARDÀ,1,@orioldebalanzo Que hayan dejado marcharse libre a Joan Tardà eleva la media de la Justicia española. Ya casi somos Turquía.,es,0,0,0,0,0,0,0,0,0,[user] que hayan dejado marcharse libre a joan tardà eleva la media de la justicia española ya casi somos turquía
82a82f9452de616105324b5be595c8c9,TARDÀ,1,"@PPopular @pablocasado_ Para intervenciones, la del diputado de ERC Joan Tardà
Que pena que vuestras TV transparentes y imparciales no lo retransmitan",es,0,0,1,0,0,1,0,0,0,[user] [user] para intervenciones la del diputado de erc joan tardà que pena que vuestras tv transparentes y imparciales no lo retransmitan
c9542d7219f0f9ec0ad26fbe86645794,TARDÀ,1,@publico_es Ya tenía razón el diputado Joan Tardà con aquello de los fusilamientos...,es,0,0,0,0,0,0,1,0,1,[user] ya tenía razón el diputado joan tardà con aquello de los fusilamientos
2c17c14444d224f4b7f9fb5d08fc49c3,TARDÀ,1,@xpep67 Semos lloricas. Parecemos Joan Tardà.,es,0,0,0,0,0,0,0,0,0,[user] semos lloricas parecemos joan tardà
7f17de7be035bf18df0019b4b1ffe425,TARDÀ,1,A mi del PSOE el que más me gusta es Joan Tardà.,es,0,0,1,0,0,0,0,0,0,a mi del psoe el que más me gusta es joan tardà
99a2761b04ab1083616ac252d99a06e8,TARDÀ,1,"A quien madruga dios le ayuda, menos yo, que madrugo para ayudar a otros, victimas del estado opresor.
Joan Tardà
#CitasEstiloPedroSanchez",es,0,0,0,0,0,0,0,0,0,a quien madruga dios le ayuda menos yo que madrugo para ayudar a otros victimas del estado opresor joan tardà citasestilopedrosanchez
0a9fe3d27361b5a1d590313124064724,TARDÀ,1,"Elecciones Generales 2019: Joan Tardà abandonará el Congreso tras 15 años como diputado... Y no se lleva a su Rufi"" con él??? https://t.co/HjM10RR6kg vía @elindepcom""",es,0,3,0,0,0,1,2,2,1,elecciones generales 2019 joan tardà abandonará el congreso tras 15 años como diputado y no se lleva a su rufi con él [url] vía [user]
81e0ad112c88adf082b133a4931fee04,TARDÀ,1,Está Joan Tardà a punto de enviarlo todo a tomar por culo y volverse a la aldea con Astérix y Obélix.,es,0,0,0,0,0,0,0,0,0,está joan tardà a punto de enviarlo todo a tomar por culo y volverse a la aldea con astérix y obélix
33317333a7fa992ca73a499bf341e707,TARDÀ,1,"Estoy escuchando a Joan Tardà en @carnecrudaradio (7 de febrero, sí, lo sé) preguntarse qué haría el PSOE si Pedro Sánchez estuviera en la cárcel y se me ocurre que más de uno y más de una descorcharía el cava bueno.",es,0,0,1,0,0,0,0,0,0,estoy escuchando a joan tardà en [user] 7 de febrero sí lo sé preguntarse qué haría el psoe si pedro sánchez estuviera en la cárcel y se me ocurre que más de uno y más de una descorcharía el cava bueno
88d0d2295da71bab5a8abc2c855974c0,TARDÀ,1,Federico compara a Joan Tardá con @soyunapringada_ https://t.co/wBFampLCnD,es,0,0,0,0,0,0,0,0,0,federico compara a joan tardá con [user] [url]
6112a0e448638f9b368390ebc16a9ed7,TARDÀ,1,"Hay que quitarle la tilde al apellido, a partir de ahora es Joan Tarda de retardado https://t.co/FCW3oBtPHN",es,0,0,0,0,0,0,0,0,0,hay que quitarle la tilde al apellido a partir de ahora es joan tarda de retardado [url]
fa390c09f9d749681512d91d2a415970,TARDÀ,1,"Hoy los indepes con la declaración de Joan Tardá acaban de descubrir que el catalán fuera de su región carece de utilidad, les ha costado pero por fin lo han comprendido.",es,0,0,0,0,0,0,0,0,0,hoy los indepes con la declaración de joan tardá acaban de descubrir que el catalán fuera de su región carece de utilidad les ha costado pero por fin lo han comprendido
5c3ebef6cced01594d1a33713755dd3d,TARDÀ,1,"Hoy me han robado la bici, de una manera cívica y pacífica.

Segun Joan Tardá esa manera es a la catalana"" .",es,0,0,0,0,0,0,0,1,0,hoy me han robado la bici de una manera cívica y pacífica segun joan tardá esa manera es a la catalana
bbd18f5d607fb82c3274737a75fe76ff,TARDÀ,1,"Joan Tardà, con 20 años en Madrid y que a penas sabe hablar castellano, dando lecciones a la abogada del Estado sobre como deben pronunciarse los apellidos catalanes.",es,0,0,0,0,0,0,0,0,0,joan tardà con 20 años en madrid y que a penas sabe hablar castellano dando lecciones a la abogada del estado sobre como deben pronunciarse los apellidos catalanes
23f9c362c572481e731a054f46e5193c,TARDÀ,1,"Joan Tardà, Joan Prontà",es,0,0,0,0,0,0,0,0,0,joan tardà joan prontà
054d8b7e54cae2988a0e586cfbb66cb9,TARDÀ,1,"Me hace gracia que Joan Tardá le recrimine a la abogacía del estado que si pone interés pronuncia bien el apellido, cuando llevan metiendo patadas al diccionario desde que  ha empezado el Juicio.",es,0,0,0,0,0,0,0,0,0,me hace gracia que joan tardá le recrimine a la abogacía del estado que si pone interés pronuncia bien el apellido cuando llevan metiendo patadas al diccionario desde que ha empezado el juicio
c6e5b894d153089743a7a097d24af3e4,TARDÀ,1,"Mi actividad como diputado y diputada..."" joan tardà.",es,0,0,0,0,0,0,1,1,1,mi actividad como diputado y diputada joan tardà
0f4931bcad9be5a87910dc48a04ec664,TARDÀ,1,Si a Joan Tardá (y compañía) les cobráramos un euro por cada minuto que pasan haciendo el gilipollas acabarían pidiendo un préstamo al FMI,es,0,0,1,0,0,0,0,0,0,si a joan tardá y compañía les cobráramos un euro por cada minuto que pasan haciendo el gilipollas acabarían pidiendo un préstamo al fmi
4b73956fdefa7448696a40905b0b8ec8,TARDÀ,1,Si llega tarde al juicio... ¿Joan tarda?,es,0,2,0,0,0,0,1,0,1,si llega tarde al juicio joan tarda
46a920e9f01da7cf55a11bd152b2a892,TARDÀ,1,Si yo fuera testigo del Juicio contra el independentismo y mi turno fuese detrás de Joan Tardá ya estaría llamando a casa para decir que no me esperaran a cenar ...,es,0,0,0,0,0,1,1,0,1,si yo fuera testigo del juicio contra el independentismo y mi turno fuese detrás de joan tardá ya estaría llamando a casa para decir que no me esperaran a cenar
26aa68e3a9bb517fa052c16dc32e03be,TARDÀ,1,"SUPERVIVIENTES 2O19.....NUEVA TEMPORADA....

Inscritos hasta el momento
Joan Tarda
Pedro Sanchez
Celia Villalobos
Adriana Lastra 
Carmen Calvo
Celaa
Tezanos

.....se cierra la lista de admitidos el 27.04.2019 a las 24 h.",es,0,0,3,0,0,0,3,0,3,supervivientes 2o19 nueva temporada inscritos hasta el momento joan tarda pedro sanchez celia villalobos adriana lastra carmen calvo celaa tezanos se cierra la lista de admitidos el 27 04 2019 a las 24 h
95b592fcbd4349cf3e51e3ca714adf05,TARDÀ,1,"Vaya tío. Que hable en alemán, https://t.co/YheO20FitU",es,0,0,0,0,0,0,0,0,0,vaya tío que hable en alemán [url]
d3d94a2792b4c9405a4e63454dc10786,TARDÀ,1,Ya está Joan Tardá en el Supremo para explicar que vivimos en el franquismo y que tenemos mucho que envidiar a la democracia de Maduro https://t.co/s39DCKMpEo,es,0,0,0,0,0,0,0,0,0,ya está joan tardá en el supremo para explicar que vivimos en el franquismo y que tenemos mucho que envidiar a la democracia de maduro [url]
adabf1e352f86f1be7a5c6db8f3b0d54,TARDÀ,1,"Abogado de Vox: ¿Sr Tarda tiene usted hora ?
Joan Tarda: Si . Tengo hora 
Abogado de Vox: No hay más preguntas señoría .

Solo he visto cinco minutos de junio y es esperpéntico todo .",es,0,2,0,0,0,1,0,0,0,abogado de vox sr tarda tiene usted hora joan tarda si tengo hora abogado de vox no hay más preguntas señoría solo he visto cinco minutos de junio y es esperpéntico todo
876e04902050c5530e24f190a413b12b,TARDÀ,1,"Alabo la coherencia de Joan Tardá, en el Congreso parece una persona con ciertos problemas cognitivos, y en el Juicio exactamente lo mismo.",es,0,0,0,0,0,0,0,0,0,alabo la coherencia de joan tardá en el congreso parece una persona con ciertos problemas cognitivos y en el juicio exactamente lo mismo
2eed832bb81373bac2b44e3bf239539e,TARDÀ,1,Comienza Joan Tardà por la puerta grande. Primeras palabras y primera llamada de atención. 😅😂,es,0,0,0,2,0,0,0,0,0,comienza joan tardà por la puerta grande primeras palabras y primera llamada de atención cara_sonriendo_con_sudor_frío cara_llorando_de_risa
595c738b337ddee73abdfc3e59cf2d6d,TARDÀ,1,Democracia plena en la que no se permite declarar en una lengua cooficial del Estado. Joan Tardà. #JuicioFARSA,es,0,0,0,0,0,1,0,0,0,democracia plena en la que no se permite declarar en una lengua cooficial del estado joan tardà juiciofarsa
65eef45baa453401ab565c3c60104b9e,TARDÀ,1,Después de Joan Tardá ya podía haber salido Rufián un rato con sus camisetas molonas. Las mañanas no son igual de divertidas sin él https://t.co/9TNQ1r6ars,es,0,0,0,0,0,2,0,0,0,después de joan tardá ya podía haber salido rufián un rato con sus camisetas molonas las mañanas no son igual de divertidas sin él [url]
b6787db36cc6de358488d19a2a9883b5,TARDÀ,1,"Doce acusados, Joan Tardà y Artur Mas. Ahora le toca al otro equipo un poco.",es,0,0,0,0,0,0,0,0,0,doce acusados joan tardà y artur mas ahora le toca al otro equipo un poco
ae592be6146cd6f82ba70cb9cef3668b,TARDÀ,1,Joan Tardá bordando su papel de bufón de la RepubliNarnia ante el Tribunal Supremo...,es,0,0,0,0,0,0,1,0,1,joan tardá bordando su papel de bufón de la republinarnia ante el tribunal supremo
60a4929cba3f03b521771213049362f2,TARDÀ,0,"@AlvaroBernad Ya se le planteó Maragall a Joan Tardá y la respuesta fue tragicómica.

https://t.co/1MXXhs5hPj",es,0,0,0,0,0,0,0,0,0,[user] ya se le planteó maragall a joan tardá y la respuesta fue tragicómica [url]
24bb60314e69f531342e0c6f26a1cb04,TARDÀ,0,@carlesenric Joan Tardà está actuando como un acusado 🤣🤣,es,0,0,0,2,0,0,0,0,0,[user] joan tardà está actuando como un acusado cara_revolviéndose_de_la_risa cara_revolviéndose_de_la_risa
95cfd17f2298bf5f6909d6a81ed95d35,TARDÀ,0,@elindepcom Perfecto el juez Marchena corrigiendo en seco a Joan Tardá varias veces. Este se cree que está en una performance de las que montan en Cataluña. 👏👏👏,es,0,0,0,3,0,0,1,0,0,[user] perfecto el juez marchena corrigiendo en seco a joan tardá varias veces este se cree que está en una performance de las que montan en cataluña manos_aplaudiendo manos_aplaudiendo manos_aplaudiendo
045b393b84c6a398e7ef041ea3a16dd5,TARDÀ,0,@sergipinkman @ClonPepe A ver...no empezamos..bien...ja ja .ja ja:.se lo dice al Joan Tardà,es,0,0,0,0,0,1,2,0,2,[user] [user] a ver no empezamos bien ja ja ja ja se lo dice al joan tardà
142b60e41a4f6f1b060f3d84a566f98b,TARDÀ,0,"Ernest Maragall, Alfred Bosch y Joan Tardà ya son ante el Supremo #JuicioProces  https://t.co/9yIUEWoDkx https://t.co/2uYhk7AsDU",es,0,0,0,0,0,0,0,0,0,ernest maragall alfred bosch y joan tardà ya son ante el supremo juicioproces [url] [url]
fe7624012c355f9be4fb299e440116eb,TARDÀ,0,"HAHAHAHHA LE ESTAN HACIENDO UN JUICIO A JOAN TARDA HAHAHAHAHA Y AL CABO DE UN RATO DICE PUEDO RESPONDER EN CATALAN? HAHAHAHAHHAA Y EL JUEZ CON SUS HUEVOS LE DICE, NO, AQUI EN ESPAÑOL.",es,0,1,21,0,0,1,0,0,0,hahahahha le estan haciendo un juicio a joan tarda hahahahaha y al cabo de un rato dice puedo responder en catalan hahahahahhaa y el juez con sus huevos le dice no aqui en español
c467302ff9f88c4053396826f177316a,TARDÀ,0,"Primera pregunta a un testigo, en este caso Joan Tardà (ERC), a cargo de los fascistas de VOX;
Dijo usted tal día en la red social Twitter...""",es,0,0,2,0,0,0,1,1,1,primera pregunta a un testigo en este caso joan tardà erc a cargo de los fascistas de vox dijo usted tal día en la red social twitter
e5db8dba39e88e99dd65b9e135b5099d,TARDÀ,0,"Primerísima pregunta a Joan Tardà en el juicio: ¿Es cierto que usted en twitter...?""""",es,0,2,0,0,0,0,1,2,1,primerísima pregunta a joan tardà en el juicio es cierto que usted en twitter
6434a9e14245daabd8248509dbc3c6dc,TARDÀ,0,Tres preguntas le ha durado el abogado de VOX a Joan Tardá.,es,0,0,1,0,0,0,0,0,0,tres preguntas le ha durado el abogado de vox a joan tardá
cd10a54a358ec24967be43131c66e569,TARDÀ,0,"Joan Tardá, ha demostrado una vez mas nuestra capacidad ( los ignorantes nos llaman supremacistas ) de democratas a nivel mundial. Ha demostrado y avergonzado al supremo ,con la expresion de la mala... https://t.co/m0cCRcOg7q",es,0,0,0,0,0,0,1,0,1,joan tardá ha demostrado una vez mas nuestra capacidad los ignorantes nos llaman supremacistas de democratas a nivel mundial ha demostrado y avergonzado al supremo con la expresion de la mala [url]
e4eb7d476a636473d020e83b9a74c940,TARDÀ,0,"-¿Tengo derecho a hablar en catalán? (Joan Tardà)
-No. (Marchena, la ley)

Gracias por dejarnos sin derechos, señor Marchena.
#JudiciTV3CatRàdio #DretsFonamentals
#JoAcuso",es,0,2,0,0,0,2,0,0,0,tengo derecho a hablar en catalán joan tardà no marchena la ley gracias por dejarnos sin derechos señor marchena judicitv3catràdio dretsfonamentals joacuso
ac8f03f11fa34ccb305db49307241b41,TARDÀ,0,"-“Conoce al Sr. Llové”, pregunta l’advocada de l’Estat?
- “Quién??? Ah, Jové”, diu Joan Tardà 
- “Si quiere digo Jové” (pronunciat en castellà), contesta l’advocada de l’Estat
- “Tampoco cuesta tanto”, contesta @JoanTarda 
#JudiciTV3CatRàdio https://t.co/QEwWDX2dNs",es,0,4,0,0,0,1,1,12,0,conoce al sr llové pregunta l advocada de l estat quién ah jové diu joan tardà si quiere digo jové pronunciat en castellà contesta l advocada de l estat tampoco cuesta tanto contesta [user] judicitv3catràdio [url]
913d0f5c3aecc274d7332a1157c371e2,TARDÀ,0,"-No cuesta tanto con un poco de interés-

Joan Tardà, 27 de febrer de 2019

#judici1O
#JudiciTV3CatRàdio
#JudiciProcés",es,0,0,0,0,0,1,0,0,0,no cuesta tanto con un poco de interés joan tardà 27 de febrer de 2019 judici1o judicitv3catràdio judiciprocés
e9646b1cf4c3caa1d8ee790433409674,TARDÀ,0,"¡¡Que mal lo están haciendo los fiscales y los de VOX!!
¿Como no le hacéis un interrogatorio de una hora a Joan Tardá?

Le están preguntando los abogados indepes. Todos ellos coordinados..,

¡¡Preguntadle por los dineros, joder!!! si han despilfarrao a lo loco...",es,9,2,1,0,0,1,2,0,1,que mal lo están haciendo los fiscales y los de vox como no le hacéis un interrogatorio de una hora a joan tardá le están preguntando los abogados indepes todos ellos coordinados preguntadle por los dineros joder si han despilfarrao a lo loco
8b9e63c5a97de4aa558f46bc0b56dd8c,TARDÀ,0,"¡ÚLTIMA HORA! 
El Supremo cita a Rajoy el próximo martes para testificar en el juicio del procés

El martes 26, además de Rajoy, comparecerán Artur Mas, Joan Tardà y el presidente del Parlament, Roger Torrent

https://t.co/sfsb4pYH8M
#FelizMartes https://t.co/NG9lC7qt5N",es,2,0,2,0,0,0,0,0,0,última hora el supremo cita a rajoy el próximo martes para testificar en el juicio del procés el martes 26 además de rajoy comparecerán artur mas joan tardà y el presidente del parlament roger torrent [url] felizmartes [url]
3ec356d0c84e128c25c2349d2bc0a824,TARDÀ,0,"¿Inspirado en la venganza? Joan Tardà, te recuerdo que #ERC con el #PSOE con sus provocaciones y asesinatos entre 1934 y 1936, fueron motivo de una guerra civil, ¿te perdiste esta clase de historia? La historia está para aprender de ella, no para repetirla https://t.co/uy71rnwrlZ",es,0,4,2,0,0,1,0,0,0,inspirado en la venganza joan tardà te recuerdo que erc con el psoe con sus provocaciones y asesinatos entre 1934 y 1936 fueron motivo de una guerra civil te perdiste esta clase de historia la historia está para aprender de ella no para repetirla [url]
dac647e42bbf13d4c07c6251cbb5ceb6,TARDÀ,0,¿Qué han declarado hoy como testigos Joan Tardà y Artur Mas en el #JuicioProcés? Lo cuentan @CristinaBlach y @Gabrielopev 👇 https://t.co/K9rsEBa4g6,es,0,2,0,1,0,0,0,0,0,qué han declarado hoy como testigos joan tardà y artur mas en el juicioprocés lo cuentan [user] y [user] dorso_de_mano_con_índice_hacia_abajo [url]
7e66670d21f260c7fcb5d890a574179f,TARDÀ,0,...uno de los políticos mejor valorados en el ⁦@Congreso_Es⁩  «Joan Tardà» en @Wikipedia: https://t.co/OWFvMJDQqK,es,0,0,0,0,0,0,1,2,1,uno de los políticos mejor valorados en el [user] joan tardà en [user] [url]
b6b19164b361a51adc796665ed9cc03d,TARDÀ,0,'Joan Tardá' acaba de convertirse en TT ocupando la 7ª posición en España. Más en https://t.co/K5DFqqcseW https://t.co/Qrgcdb3N4N,es,0,0,0,0,0,0,0,2,0,joan tardá acaba de convertirse en tt ocupando la 7ª posición en españa más en [url] [url]
082c144a825fb74a4f291abcfb25f04a,TARDÀ,0,"“No nos hagamos demasiado daño entre nosotros”.

Joan Tardà a Pdro Snchz en el Congreso",es,0,0,0,0,0,1,0,2,0,no nos hagamos demasiado daño entre nosotros joan tardà a pdro snchz en el congreso
a10d160e36aa6ee16d1eb0f202bb2fb6,TARDÀ,0,"@BeatrizTalegon Joan Tardá empieza montando el numerito político en el juicio y Marchena le corta, con toda la razón: un testigo no puede dar mítines ni declarar en otro idioma que el oficial en la sala.",es,0,0,0,0,0,2,0,0,0,[user] joan tardá empieza montando el numerito político en el juicio y marchena le corta con toda la razón un testigo no puede dar mítines ni declarar en otro idioma que el oficial en la sala
2c68ef6693da3db51620cf390ecec98f,TARDÀ,0,"@cid_senen A partir de las 10.00 con Joan Tardá. Seguido de Roger Torrent, Sáenz de Santamaría y Cristóbal Montoro por la mañana. A partir de las 16, el turno para Mariano Rajoy.",es,0,0,0,0,0,0,0,0,0,[user] a partir de las 10 00 con joan tardá seguido de roger torrent sáenz de santamaría y cristóbal montoro por la mañana a partir de las 16 el turno para mariano rajoy
b3ce0e2c630f429a0dedd4f3b5667893,TARDÀ,0,@csilvacampanon @JoanTarda Joan Tarda vete a Venezuela ayudar a tu amigo Maduro y no vuelvas traidor,es,0,0,0,0,0,1,0,0,0,[user] [user] joan tarda vete a venezuela ayudar a tu amigo maduro y no vuelvas traidor
7e07ee753e5d74c1869ec3c43a80c93f,TARDÀ,0,"@DKroutt Me refería a Joan Tardá. Los acusados, como bien ha recordado el juez Marchena, lo rechazaron porque habría sido con traducción simultánea y dificultaba la espontaneidad. A Joan Tardá (citado como testigo) le dijo hoy que debía declarar en castellano.",es,0,0,0,0,0,0,0,0,0,[user] me refería a joan tardá los acusados como bien ha recordado el juez marchena lo rechazaron porque habría sido con traducción simultánea y dificultaba la espontaneidad a joan tardá citado como testigo le dijo hoy que debía declarar en castellano
2ca69a0b8d764c2b6b84b76fe8cb6639,TARDÀ,0,"@ElPaterBlanco @DansOlle @PVives2 @tonialba Yo lo que quiero es que vox, cs y pp ayuden a convencer a las bases de erc y pdcat y omnium que les estan engañando y que NO va a haver negociacion alguna de NADA que tenga que ver con la autodeterminación digan lo que digan junqueras, puigdemont o joan tarda/rufian",es,0,0,1,0,0,2,0,0,0,[user] [user] [user] [user] yo lo que quiero es que vox cs y pp ayuden a convencer a las bases de erc y pdcat y omnium que les estan engañando y que no va a haver negociacion alguna de nada que tenga que ver con la autodeterminación digan lo que digan junqueras puigdemont o joan tarda rufian
3cccfed7f7b32f27eb3eafd78505511e,TARDÀ,0,@Enric_Hernandez Joan Tardà tampoco se queda manco... https://t.co/V5Bqz3LNnY,es,0,0,0,0,0,1,1,0,1,[user] joan tardà tampoco se queda manco [url]
112737a8471758bc3638bf37fde5eb64,TARDÀ,0,"@Esquerra_ERC @JoanTarda Y si no le deja decirlo... ¿cómo es que lo ha dicho? Contradicción in terminis. Por otro lado, Joan Tardà acude al juicio a contestar preguntas no a declamar lo que opina del juicio. Para eso tiene los medios de comunicación a su disposición. Este entre otros.",es,0,2,0,0,0,2,1,0,1,[user] [user] y si no le deja decirlo cómo es que lo ha dicho contradicción in terminis por otro lado joan tardà acude al juicio a contestar preguntas no a declamar lo que opina del juicio para eso tiene los medios de comunicación a su disposición este entre otros
de2b5decfa1938dacac16d0f8439b200,TARDÀ,0,"@fermen101325mi @Mallador_ @Antonio33150101 @Julio_Rodr_ Fijate en lo que dice Tardá de China y Arabia Saudita.
https://t.co/gGfoEtPWNH",es,0,0,0,0,0,0,0,0,0,[user] [user] [user] [user] fijate en lo que dice tardá de china y arabia saudita [url]
9febcdd9e3b68444abcf40313522540a,TARDÀ,0,@gabrielrufian @JoanTarda Gran admiración  por Joan Tardá. UN REPUBLICANO  MUY DIGNO.,es,0,0,3,0,0,0,0,0,0,[user] [user] gran admiración por joan tardá un republicano muy digno
cc4a35694441c3b35088e379b56c6178,TARDÀ,0,@gabrielrufian @JoanTarda Me cae muy bien Joan Tardà,es,0,0,0,0,0,0,0,0,0,[user] [user] me cae muy bien joan tardà
5cc82798e697e945a37a55ef8d8830ae,TARDÀ,0,"@gabrielrufian @YouTube O este otro de tu colega Tardà diciendo que lo no indepes son traidores a la tierra
Joan Tardá agita a la juventud catalana para que comande una nueva Repúb... https://t.co/phJuMPI6Ub vía @YouTube",es,0,0,0,0,0,1,1,0,1,[user] [user] o este otro de tu colega tardà diciendo que lo no indepes son traidores a la tierra joan tardá agita a la juventud catalana para que comande una nueva repúb [url] vía [user]
d0ee2199a7e2d9717327dee12d15f02d,TARDÀ,0,"@GLlamazares Joan Tarda te llamaria fascista por esto, ten cuidado con lo que dices que te pueden cambiar de ideologia a estas edades.",es,0,0,0,0,0,0,0,0,0,[user] joan tarda te llamaria fascista por esto ten cuidado con lo que dices que te pueden cambiar de ideologia a estas edades
6811892c4b8456bfc2ea417d0cb684ba,TARDÀ,0,"@incomodo0 @hypatiascorner @Cazatalentos @SiPeroNo1 @ahorapodemos Así que te ofende la realidad.
De verdad no hay una sola persona en podemos que sea capaz de ver la verdadera naturaleza del Mesías y sus acólitos?
Por supuesto que Joan Tarda y Rufian han colaborado con el enemigo (UP) e igual que otros partidos, le dieron el si a PS gratis https://t.co/bWhzh6x4Fo",es,0,1,0,0,0,1,0,0,0,[user] [user] [user] [user] [user] así que te ofende la realidad de verdad no hay una sola persona en podemos que sea capaz de ver la verdadera naturaleza del mesías y sus acólitos por supuesto que joan tarda y rufian han colaborado con el enemigo up e igual que otros partidos le dieron el si a ps gratis [url]
083e514f00d8529d3f64795155364004,TARDÀ,0,"@JoanTarda : El rey se ha convertido en un enemigo de la democracia"" No confundas la velocidad con el tocino querido😉  sólo lo consideráis vosotros y vuestros primos @ehbildu",es,0,0,0,1,0,1,0,1,0,[user] el rey se ha convertido en un enemigo de la democracia no confundas la velocidad con el tocino querido cara_guiñando_el_ojo sólo lo consideráis vosotros y vuestros primos [user]
554ec7bf040de95763e7be60f4e0a27f,TARDÀ,0,"@LaLupaJudicial Que falta de respeto y educación Joan Tardá,pero claro¿qué te puedes esperar?.Bravo Don Manuel Marchena,colocando a la falacia independentista..👏👏👏",es,0,2,0,3,0,0,1,0,0,[user] que falta de respeto y educación joan tardá pero claro qué te puedes esperar bravo don manuel marchena colocando a la falacia independentista manos_aplaudiendo manos_aplaudiendo manos_aplaudiendo
c4a52b0ef93e174119c6a31d3dfc9158,TARDÀ,0,"@ldpsincomplejos Acaban de colarle una pregunta a Marchena.¿Tuvo la sensación de que esa manifestación era una concentración organizada?""(a Joan Tardá).Me parece desde el punto de vista jurídico y procesal una actitud por parte del juez arriesgadísima. Se pasa de garantista y esto es lo que pasa""",es,0,2,0,0,0,0,0,2,0,[user] acaban de colarle una pregunta a marchena tuvo la sensación de que esa manifestación era una concentración organizada a joan tardá me parece desde el punto de vista jurídico y procesal una actitud por parte del juez arriesgadísima se pasa de garantista y esto es lo que pasa
bacac8e2970d68c195c58362e8499b46,TARDÀ,0,"@ldpsincomplejos Es todo un circo, como siempre, las payasadas típicas de los independentistas, es que no hay uno serio. Joan Tardà",es,0,0,0,0,0,1,0,0,0,[user] es todo un circo como siempre las payasadas típicas de los independentistas es que no hay uno serio joan tardà
8a77cd5cd5a4a6e7a376a66671ffa303,TARDÀ,0,"@TenienteRuz1 @juancrafff @Julio_Rodr_ @ahorapodemos https://t.co/gGfoEtPWNH
Alguien que seguro no le gusta, pero escúchelo que habla claro, claro.",es,0,0,0,0,0,1,1,0,0,[user] [user] [user] [user] [url] alguien que seguro no le gusta pero escúchelo que habla claro claro
006e4b937c584a388fb4f4db0bac0d92,TARDÀ,0,"# ATENCIÓN | Marchena llama a Joan Tardà. Su testimonio lo ha pedido Vox y la defensa de Cuixart
👉 https://t.co/RDr8b0ww30 https://t.co/YHq3HEbrYa",es,0,0,1,1,0,0,0,0,0,atención marchena llama a joan tardà su testimonio lo ha pedido vox y la defensa de cuixart dorso_de_mano_con_índice_a_la_derecha [url] [url]
5bcfa2bd192e7e8f0407fb0b4c85119e,TARDÀ,0,"#AMPLIAMOS | Marchena amonesta a Joan Tardà y le recuerda su condición de testigo para que no haga valoraciones políticas""",es,0,0,1,0,0,1,0,1,0,ampliamos marchena amonesta a joan tardà y le recuerda su condición de testigo para que no haga valoraciones políticas
31f2ce3ae895ed36f047328fb3fb55d4,TARDÀ,0,"#CATALUÑAjuicio del procesTRIBUNALSUPREMO Joan Tardà declara como testigo en el juicio al procés (27/02/2019, mañana) https://t.co/NoXdzzp3Fo vía @YouTube",es,0,0,0,0,0,0,0,0,0,cataluñajuicio del procestribunalsupremo joan tardà declara como testigo en el juicio al procés 27 02 2019 mañana [url] vía [user]
8b72aaf65eafec05d4d981aef7474b43,TARDÀ,0,"#DIRECTO Joan Tardá: «Este juicio está inspirado en la venganza»
https://t.co/beGsNbQ70a",es,0,0,1,0,0,0,0,2,0,directo joan tardá este juicio está inspirado en la venganza [url]
6a39db48752fdd007a2b1c2d1d9593c8,TARDÀ,0,#EnDirecto | Declaración como testigo de Joan Tardá en el juicio por el 'procés' https://t.co/RPa6YUb2q9 https://t.co/ZEoLYuU8WL,es,0,0,0,0,0,0,0,2,0,endirecto declaración como testigo de joan tardá en el juicio por el procés [url] [url]
f4704fa4533d42b8e80355931b1ef794,TARDÀ,0,"#EnDirecto ▶El diputado de ERC Joan Tardà ya está comenzando a responder. El siguiente citado, Torrent, ha confirmado su ausencia  https://t.co/5Y1dzhUybl",es,0,0,1,1,0,0,0,0,0,endirecto reproducir el diputado de erc joan tardà ya está comenzando a responder el siguiente citado torrent ha confirmado su ausencia [url]
5353ed55c65af2d0b645fbf8fda92166,TARDÀ,0,"#ENDIRECTO La declaración del diputado de ERC en el Congreso de los Diputados, Joan Tardà, en el juicio del 'procés'. https://t.co/TLF1tFRTxs",es,0,0,2,0,0,0,0,2,0,endirecto la declaración del diputado de erc en el congreso de los diputados joan tardà en el juicio del procés [url]
537bb360fcc062b33eef72d31f6668bb,TARDÀ,0,"#España Me PROVOCAN ASCO. Legitiman un G0LPE de estado en #Venezuela"". Joan Tardà https://t.co/KvhhX6Lnpg via @YouTube""",es,0,0,2,0,0,0,0,2,0,españa me provocan asco legitiman un g0lpe de estado en venezuela joan tardà [url] via [user]
1601cc286ccd38aabfa801c5ccfeafdc,TARDÀ,0,"#HuelgaGeneral #Cataluña | Los diputados de ERC, liderados por Joan Tardá, regresarán a sus escaños en el último tramo del pleno del Congreso de este jueves. En @estrelladigital 
https://t.co/vZRLPmTcwn",es,0,0,1,0,0,0,0,0,0,huelgageneral cataluña los diputados de erc liderados por joan tardá regresarán a sus escaños en el último tramo del pleno del congreso de este jueves en [user] [url]
4ae753c969019f0f50afd7be7df0ce05,TARDÀ,0,#JuicioAlProcés El representante del Poder Judicial ha tenido q cortar varias veces tanto a Joan Tardà como a la acusación particular (ambos contrarios al ideal real de lo q es España) por querer hacer política del juicio ¿Queda claro ya que esto no es un conflicto sino un pacto?,es,0,2,0,0,0,2,0,0,0,juicioalprocés el representante del poder judicial ha tenido q cortar varias veces tanto a joan tardà como a la acusación particular ambos contrarios al ideal real de lo q es españa por querer hacer política del juicio queda claro ya que esto no es un conflicto sino un pacto
fae58baa34112269adcabd50386927e7,TARDÀ,0,"#juicioproces El diputado de ERC Joan Tardá anuncia que declarará en catalán, y Marchena le recuerda que no tiene derecho a hacerlo https://t.co/n7IifAfbzO",es,0,0,1,0,0,1,0,0,0,juicioproces el diputado de erc joan tardá anuncia que declarará en catalán y marchena le recuerda que no tiene derecho a hacerlo [url]
2ad39b24ae379bd4e6115057d8593f47,TARDÀ,0,"#juicioproces El primero de los testigos será el diputado nacional de ERC Joan Tardá, a las 10.00 horas, a quien seguía en el calendario de citaciones tan sólo media hora más tarde el presidente del Parlament, Roger Torrent https://t.co/n7IifAfbzO",es,0,0,1,0,0,0,0,0,0,juicioproces el primero de los testigos será el diputado nacional de erc joan tardá a las 10 00 horas a quien seguía en el calendario de citaciones tan sólo media hora más tarde el presidente del parlament roger torrent [url]
3678de1ca70f616391a618f32e2b51a4,TARDÀ,0,"#JuicioProcés EnDirecto ▶ Antes de la ex vicepresidenta del Gobierno, han prestado declaración -también como testigos- Joan Tardà y Artur Mas. Aquí estamos contando esta sesión al minuto https://t.co/5Y1dzhCWML",es,0,0,0,1,0,0,0,0,0,juicioprocés endirecto reproducir antes de la ex vicepresidenta del gobierno han prestado declaración también como testigos joan tardà y artur mas aquí estamos contando esta sesión al minuto [url]
c11666d1cc8f2775826e3531cc4ef5a7,TARDÀ,0,#juicioproces Joan Tardá comienza su declaración testifical https://t.co/n7IifAfbzO,es,0,0,0,0,0,0,0,0,0,juicioproces joan tardá comienza su declaración testifical [url]
cf0f7dd90c1bc5ec2c383cf4a3cc45c3,TARDÀ,0,"#JuicioProcés Joan Tardá: Ni la unidad de España ni la independencia valen una mínima violencia"" https://t.co/TiYfEfP5p7 https://t.co/zlYWYQxhDY""",es,0,0,0,0,0,2,0,2,0,juicioprocés joan tardá ni la unidad de españa ni la independencia valen una mínima violencia [url] [url]
2800c9eb2a50d318f0512d5c9b10ef4f,TARDÀ,0,#JuicioProcés Marchena reprende a Joan Tardà y al letrado de Vox y pide ceñirse a los hechos sin opinar https://t.co/c3w98ILn0F https://t.co/KW69RvM0CE,es,0,0,0,0,0,1,0,0,0,juicioprocés marchena reprende a joan tardà y al letrado de vox y pide ceñirse a los hechos sin opinar [url] [url]
a8a5b06ff48cb93373156764daf766fd,TARDÀ,0,"#SesiónDeControl Antes de exponer la pregunta al Gobierno, Tardá se ha dirigido a Pastor para ejercer su derecho a la defensa ante los insultos de Rivera. Es usted un fascista""",es,0,0,0,0,0,0,0,1,0,sesióndecontrol antes de exponer la pregunta al gobierno tardá se ha dirigido a pastor para ejercer su derecho a la defensa ante los insultos de rivera es usted un fascista
d0cc3b84ba76a4d13eded304ff2c01db,TARDÀ,0,"#ÚLTIMAHORA Las primeras personas en testificar en el juicio contra el procés serán Joan Tardà, Roger Torrent, Artur Mas, Mariano Rajoy, Marta Pascal y Xavier Domèmech, el 26 de febrero. Al día siguiente: Saenz de Santamaría, Montoro y Zoido https://t.co/sO3jGo0DKv https://t.co/6VJVvm2V9W",es,0,0,1,0,0,0,0,0,0,últimahora las primeras personas en testificar en el juicio contra el procés serán joan tardà roger torrent artur mas mariano rajoy marta pascal y xavier domèmech el 26 de febrero al día siguiente saenz de santamaría montoro y zoido [url] [url]
51afe638e886f943bbaa497fb1fa53d3,TARDÀ,0,"⚠️ importante:

Martes 26: Joan Tardà, Roger Torrent, Artur Mas, Mariano Rajoy (16h.), Marta Pascal, X. Domenech.

Miércoles 27: Soraya Sáenz de Santamaría, Montoro, Zoido, de Gispert, Antonio Baños, Francesc Iglesias

Jueves 28: Urkullu, Rufián, Dante-Fachín, Benach, Colau https://t.co/pjcbz8HXNj",es,0,0,0,1,0,0,0,0,0,advertencia importante martes 26 joan tardà roger torrent artur mas mariano rajoy 16h marta pascal x domenech miércoles 27 soraya sáenz de santamaría montoro zoido de gispert antonio baños francesc iglesias jueves 28 urkullu rufián dante fachín benach colau [url]
486c65d004a3cc0059db1330c7bfd196,TARDÀ,0,"📺 DIRECTO | Joan Tardá: Ante los insultos del señor Rivera acusándonos de golpistas hacemos el ejercicio de autodefensa democrática: es usted un fascista señor Rivera"" https://t.co/p0Sem2jw2s https://t.co/ERkDDaZhYs""",es,0,0,1,1,0,0,0,2,0,televisión directo joan tardá ante los insultos del señor rivera acusándonos de golpistas hacemos el ejercicio de autodefensa democrática es usted un fascista señor rivera [url] [url]
fa033b217d3edc1bf528a1ea01c2fb0d,TARDÀ,0,"Aclaro no soy separatista . Pero la estrema derecha que aprendan de estas personas, Roger Torrent, Elsa Arcadi, Joan Tarda, Oriol Junqueras, el presidente Sánchez, y tantos otros para dialogar hay que ser exquisito, la verdad dan miedo.",es,0,0,0,0,0,1,0,0,0,aclaro no soy separatista pero la estrema derecha que aprendan de estas personas roger torrent elsa arcadi joan tarda oriol junqueras el presidente sánchez y tantos otros para dialogar hay que ser exquisito la verdad dan miedo
59d2ef5c271ce41da30ea12137a916bb,TARDÀ,0,"ALSINA se MOFA de JOAN TARDÁ No nos TOME el PELO ustedes no quieren hablar de todo"" https://t.co/fArZl40TJf""",es,0,0,6,0,0,2,0,2,0,alsina se mofa de joan tardá no nos tome el pelo ustedes no quieren hablar de todo [url]
f42cf6bd5cbbdee1f56be212a2f97f83,TARDÀ,0,"Calendario del Supremo en el juicio por el #procés 
Día 26:
Joan Tardá
Roger Torrent
Artur Mas
Mariano Rajoy
Marta Pascal
Xavier Doménech
https://t.co/BkzMJjtqog",es,0,0,0,0,0,0,0,0,0,calendario del supremo en el juicio por el procés día 26 joan tardá roger torrent artur mas mariano rajoy marta pascal xavier doménech [url]
975f581c645504ee5800328708973a4d,TARDÀ,0,"Carmen Calvo responde a Joan Tardà. Pensamos y sentimos que hemos devuelto la política a la política"" #Congreso""",es,0,0,0,0,0,0,0,2,0,carmen calvo responde a joan tardà pensamos y sentimos que hemos devuelto la política a la política congreso
00cf821aaa6278a35147c444e39d909b,TARDÀ,0,Cataluña: Joan Tardà dejará de ser diputado en el Congreso el 28A tras quince años https://t.co/mV7lUHLnuf,es,0,0,0,0,0,0,0,0,0,cataluña joan tardà dejará de ser diputado en el congreso el 28a tras quince años [url]
11d035433aaf7bcafbb9e01402e6e1ee,TARDÀ,0,"Declaraciones políticas para entender el moemnto actual. Joan Tardà,No somos chantajistas: el acuerdo lo rompió el PSOE - https://t.co/e2e26IfrB4",es,0,0,1,0,0,1,0,0,0,declaraciones políticas para entender el moemnto actual joan tardà no somos chantajistas el acuerdo lo rompió el psoe [url]
5a96bae0dd37860153d51f523bbc5b7e,TARDÀ,0,"Diario Ok - Noticia. España. Mariano Rajoy y Soraya Sáenz de Santamaría declararán la semana que viene en el Supremo junto a Joan Tardá, Torrent y Artur Mas https://t.co/1UH2MqUu9K",es,0,0,0,0,0,0,0,0,0,diario ok noticia españa mariano rajoy y soraya sáenz de santamaría declararán la semana que viene en el supremo junto a joan tardá torrent y artur mas [url]
922579025bcd3f849000374a0ef5d161,TARDÀ,0,"Discurdo de Joan Tarda en el Congreso.
https://t.co/CkM88oo3As",es,0,0,0,0,0,0,0,0,0,discurdo de joan tarda en el congreso [url]
261da032055832daaaa3915021ee7c6f,TARDÀ,0,"El #TS cita a los primeros testigos en la causa especial 20907/2017 para los días 26, 27 y 28. El primero en comparecer será el diputado de ERC Joan Tardà https://t.co/1wbQBJ2BeH",es,0,0,1,0,0,0,0,0,0,el ts cita a los primeros testigos en la causa especial 20907 2017 para los días 26 27 y 28 el primero en comparecer será el diputado de erc joan tardà [url]
c3005d5b2439e7d82d9c801bd2f83611,TARDÀ,0,"El dia 26 testificaran: Joan Tardà, Roger Torrent, Artur Mas, Mariano Rajoy, Cristóbal Montoro i Juan Ignacio Zoido",es,0,0,0,0,0,0,0,0,0,el dia 26 testificaran joan tardà roger torrent artur mas mariano rajoy cristóbal montoro i juan ignacio zoido
51c454042824fee3fb493b3ced9ac3a3,TARDÀ,0,"El portavoz de @Esquerra_ERC en el @Congreso_Es, Joan Tardá, ha pedido negociaciones sin condiciones tras las generales. La vicepresidenta, Carmen Calvo, le ha contestado salgan de esa quimera"" https://t.co/XbAsnyDHpw""",es,0,0,0,0,0,1,0,2,0,el portavoz de [user] en el [user] joan tardá ha pedido negociaciones sin condiciones tras las generales la vicepresidenta carmen calvo le ha contestado salgan de esa quimera [url]
d3ffccf594522b99f691acc0cddc393f,TARDÀ,0,"El Supremo cita a Rajoy para testificar en el juicio del procés el próximo martes 26 de febrero. l mismo día, por la mañana, Joan Tardá, Roger Torrent y Artur Mas. Por la tarde, además de Rajoy, Marta Pascal y Xavier Doenech. Sáenz de Santamaría, Montoro y Zoido, el día 27",es,0,0,0,0,0,0,0,0,0,el supremo cita a rajoy para testificar en el juicio del procés el próximo martes 26 de febrero l mismo día por la mañana joan tardá roger torrent y artur mas por la tarde además de rajoy marta pascal y xavier doenech sáenz de santamaría montoro y zoido el día 27
9210241412b4abf5c87724dc11b6bd73,TARDÀ,0,Elecciones Generales 2019: Joan Tardà abandonará el Congreso tras 15 años como diputado https://t.co/FuiFZJbkgI vía @elindepcom,es,0,0,0,0,0,0,0,0,0,elecciones generales 2019 joan tardà abandonará el congreso tras 15 años como diputado [url] vía [user]
08355ce7ed5e8bfef296e3dbe511fa80,TARDÀ,0,"Empezamos con el juicio de procés y en el minuto 2 el Magistrado Marchena se ha referido a Joan Tardá como Sr. Sardá"". Empezamos bien.""",es,0,0,0,0,0,0,0,2,0,empezamos con el juicio de procés y en el minuto 2 el magistrado marchena se ha referido a joan tardá como sr sardá empezamos bien
171866da34f4cdf19675136e0529b5dd,TARDÀ,0,En @elconfidencial: La agarrada de Tardà con Marchena: de hablar en catalán a frenar opiniones políticas https://t.co/HtXK3KX0iv,es,0,0,0,0,0,0,0,0,0,en [user] la agarrada de tardà con marchena de hablar en catalán a frenar opiniones políticas [url]
d3ab0b83c513892f3677d72612eb885b,TARDÀ,0,"En la #RepúblicaCatalana tenemos claro que la @CasaReal es un residuo del franquismo que hay que desinfectar y extirpar.

Un ciudadano con semejante prepotencia, al que nadie ha elegido, si no que lo puso ahí un genocida, no tiene cabida en el siglo XXI

https://t.co/9Oq92BBEFI",es,0,0,1,0,0,3,0,0,0,en la repúblicacatalana tenemos claro que la [user] es un residuo del franquismo que hay que desinfectar y extirpar un ciudadano con semejante prepotencia al que nadie ha elegido si no que lo puso ahí un genocida no tiene cabida en el siglo xxi [url]
a8c272ac6d4f48061e0e5de354a39acc,TARDÀ,0,En Nuestra Plaza: “Guaidó se autoproclama y Cataluña no puede votar” Joan Tardá https://t.co/VUaDhwtvo4,es,0,0,0,0,0,1,0,2,0,en nuestra plaza guaidó se autoproclama y cataluña no puede votar joan tardá [url]
29d7ca65ebe105a92ebbb9f48b3cbf86,TARDÀ,0,"EnDirecto ▶ El #JuicioProcés se reanudará a las cuatro de esta tarde. Hemos recapitulado aquí lo más importante de las declaraciones de Joan Tardà, Artur Mas y Soraya Sáenz de Santamaría https://t.co/5Y1dzhUybl",es,0,0,0,1,0,0,0,0,0,endirecto reproducir el juicioprocés se reanudará a las cuatro de esta tarde hemos recapitulado aquí lo más importante de las declaraciones de joan tardà artur mas y soraya sáenz de santamaría [url]
1935743571f96b086d18c4e32aa5630a,TARDÀ,0,"Entiendo que hacen estas crónicas sobre la marcha, pero @ep_catalunya debería cuidar más la redacción y la ortografía, porque cada día y cada artículo que publican hacen cada vez más faltas https://t.co/b9TGzLsxuC",es,0,0,0,0,0,0,0,0,0,entiendo que hacen estas crónicas sobre la marcha pero [user] debería cuidar más la redacción y la ortografía porque cada día y cada artículo que publican hacen cada vez más faltas [url]
9e07ebbd1d7d49df6e2c5409ff75cd1f,TARDÀ,0,ERC estudia cómo suceder a Tardà en el Congreso https://t.co/Wc136hLrNM,es,0,0,1,0,0,0,0,0,0,erc estudia cómo suceder a tardà en el congreso [url]
d75aae552d3a647f5b749b1123ca628a,TARDÀ,0,ERC estudia cómo suceder a Tardà en el Congreso. La dirección del partido apuesta por Rufián como cabeza de lista https://t.co/Yvps8UdXTb,es,0,0,1,0,0,0,0,0,0,erc estudia cómo suceder a tardà en el congreso la dirección del partido apuesta por rufián como cabeza de lista [url]
fac015a499ac88a902014c09b04ca4ed,TARDÀ,0,"Esta gente, sigue con su circo e intenciones en el juicio. No tienen remedio 🤦
 https://t.co/zIfTcPDdv4",es,0,0,0,1,0,1,0,0,0,esta gente sigue con su circo e intenciones en el juicio no tienen remedio persona_con_la_mano_en_la_frente [url]
53e720c7ea2054eea4da4ad6d9c64542,TARDÀ,0,Están interrogando a Joan Tardá??? 😮 #JuicioProcés #JuicioAlProcés,es,0,3,0,1,0,0,1,0,0,están interrogando a joan tardá cara_con_la_boca_abierta juicioprocés juicioalprocés
31e8f14d169d24fc39f0b26b52a9ed0b,TARDÀ,0,"Este @JoanTarda además de GOLPISTA es un perfecto gilipollas
https://t.co/aIA6n8US9w",es,0,0,1,0,0,0,0,0,0,este [user] además de golpista es un perfecto gilipollas [url]
7545e0ab438a005a6bb1901f6e137cb6,TARDÀ,0,"este interrogatorio está quitando la máscara a tanta gente que está en ese juicio!  horrorizada estoy.
En serio están preguntando por el ideario,  lo que siente Joan tarda? es su pensamiento hasta eso se lo quieren quitar, por eso se lo quiere juzgar! Pavor!  #JudiciTV3CatRàdio",es,3,1,0,0,0,0,0,0,0,este interrogatorio está quitando la máscara a tanta gente que está en ese juicio horrorizada estoy en serio están preguntando por el ideario lo que siente joan tarda es su pensamiento hasta eso se lo quieren quitar por eso se lo quiere juzgar pavor judicitv3catràdio
0fb4535f722c26c2ceeba1d2ed25f506,TARDÀ,0,"Este juicio está inspirado en la venganza"" @JoanTarda",es,0,0,0,0,0,0,0,1,0,este juicio está inspirado en la venganza [user]
ee0a62ef6618ef40fa4174a91fd80292,TARDÀ,0,"Excelencia la del profesor Joan Tardà.  Desenmascaró las zarpas totalitarias del magistrado Carlos Marchena, hasta hoy camufladas en vergel de pseudosimpatía...",es,0,0,0,0,0,0,1,0,1,excelencia la del profesor joan tardà desenmascaró las zarpas totalitarias del magistrado carlos marchena hasta hoy camufladas en vergel de pseudosimpatía
71d92183a4c12da8f0beb6752153d3ba,TARDÀ,0,Fiscalía NO tiene preguntas para Joan Tardá,es,0,0,0,0,0,1,0,0,0,fiscalía no tiene preguntas para joan tardá
5d139bc1965f59948a5d7e78520f32ce,TARDÀ,0,"Grande señor Tarda...A la justicia del régimen del 78 se le ve el franquismo por todos los costados.

#MarcaEspaña

https://t.co/4UMO0qiBXp",es,0,0,0,0,0,0,1,0,1,grande señor tarda a la justicia del régimen del 78 se le ve el franquismo por todos los costados marcaespaña [url]
ac969047d4ca0660deeeef4f790a82ce,TARDÀ,0,"Grandioso varapalo de Arcadi Espada a Joan Tardá por llamar fascista"" otra vez a Rivera https://t.co/T2uBGxdaUD vía @Periodistadigit""",es,0,0,0,0,0,0,0,2,0,grandioso varapalo de arcadi espada a joan tardá por llamar fascista otra vez a rivera [url] vía [user]
9cffb143d079f6369ebce536de35edcc,TARDÀ,0,"Guaidó se autoproclama y Cataluña no puede votar"" Joan Tardá https://t.co/qPEMrK0s2S""",es,0,0,0,0,0,1,0,2,0,guaidó se autoproclama y cataluña no puede votar joan tardá [url]
1a9a48036c132bd6645bc40c9ae20fa5,TARDÀ,0,"Hablé con Joan Tardá en Sant boi. Me contactó con Gemma Calvet i Barot, jurista que fue miembro del comite de etica de la policia catalana. Me citó en el Parlament, fui, pensando que iba a una reunión normal. me metieron prisa ya que tenia que hablar en el atril en breve",es,0,0,0,0,0,0,0,0,0,hablé con joan tardá en sant boi me contactó con gemma calvet i barot jurista que fue miembro del comite de etica de la policia catalana me citó en el parlament fui pensando que iba a una reunión normal me metieron prisa ya que tenia que hablar en el atril en breve
396e51d6b9c0ee9d51fd34912ba98f2d,TARDÀ,0,"Horario de los testigos que acuden este miércoles al juicio del procés

- 10 horas: Joan Tardá

- 11 horas: Artur Mas

- 11:30 horas: Soraya Sáenz de Santamaría

- 16 horas: Mariano Rajoy

- 18 horas: Antonio Baños 

https://t.co/Ht9zM4wArb https://t.co/xQO41uKJDi",es,0,0,0,0,0,0,0,0,0,horario de los testigos que acuden este miércoles al juicio del procés 10 horas joan tardá 11 horas artur mas 11 30 horas soraya sáenz de santamaría 16 horas mariano rajoy 18 horas antonio baños [url] [url]
c38c607a638308035a3afe975ceb1f8e,TARDÀ,0,"https://t.co/a8M7jZOXuH

Joan Tardà quería ir de chulito pero le chafan la guitarra.

Es lo que tiene ir de sobrado en lugar de asesorarse sobre las obligaciones y derechos de cada uno, acusados y testigos.",es,0,0,0,0,0,0,0,0,0,[url] joan tardà quería ir de chulito pero le chafan la guitarra es lo que tiene ir de sobrado en lugar de asesorarse sobre las obligaciones y derechos de cada uno acusados y testigos
b156e11209d5c3d169c4c87eaca4c723,TARDÀ,0,"Importante -casi vital en sentido literal- no perder esto de vista NUNCA.

Joan Tardà: “Ni la unidad de España ni la independencia de Catalunya valen la mínima violencia”  @lavanguardia https://t.co/nZVCEejMju",es,0,0,1,0,0,4,0,2,0,importante casi vital en sentido literal no perder esto de vista nunca joan tardà ni la unidad de españa ni la independencia de catalunya valen la mínima violencia [user] [url]
f8543300116c908eb8fd18beef3876ae,TARDÀ,0,Javier NART vs Joan TARDÀ: CLASE MAGISTRAL DE DERECHO Y DEMOCRACIA https://t.co/cV7UdWN1ld via @YouTube,es,0,0,5,0,0,0,0,0,0,javier nart vs joan tardà clase magistral de derecho y democracia [url] via [user]
bc52213fac0160e344f83133123f6323,TARDÀ,0,Javier NART vs Joan TARDÀ: CLASE MAGISTRAL DE DERECHO Y DEMOCRACIA https://t.co/iWYa04OXCf vía @YouTube,es,0,0,5,0,0,0,0,0,0,javier nart vs joan tardà clase magistral de derecho y democracia [url] vía [user]
ea0459ab0c7ab7d3e40a4aa74df45fe6,TARDÀ,0,"Joan Tardà a Marchena: Le agradezco que pueda marcharme"".""",es,0,0,0,0,0,0,0,2,0,joan tardà a marchena le agradezco que pueda marcharme
254ce66424846dde8926a48e4b556fc8,TARDÀ,0,Joan Tardà abandonará el Congreso tras 15 años como diputado https://t.co/Nsgp3mfffj,es,0,0,0,0,0,0,1,0,0,joan tardà abandonará el congreso tras 15 años como diputado [url]
90598ed257406e8b1e71de7eb40a9be1,TARDÀ,0,"Joan Tardá abre la nueva fase del juicio del ‘procés’ en la que declararán Rajoy, Santamaría y Montoro https://t.co/VZOY59Qg0p",es,0,0,0,0,0,0,0,2,0,joan tardá abre la nueva fase del juicio del procés en la que declararán rajoy santamaría y montoro [url]
27492e9ba68b1a462245bbf8ab608965,TARDÀ,0,"Joan Tardà acaba de dejar a los altos cargos del PsoE de cobardes, chaqueteros y traidores para arriba.",es,0,0,0,0,0,0,0,0,0,joan tardà acaba de dejar a los altos cargos del psoe de cobardes chaqueteros y traidores para arriba
eb3fb4551798cd27704f4f7bbfa93a58,TARDÀ,0,"Joan Tardà acude al Tribunal Supremo, en calidad de testigo, con ganas de liarla y montar una bronca monumental.

El juez Marchena, como no puede ser de otro modo, le para los pies.

Se cree que está en un plató de TV3.
🤦🏻‍♂️

#JuicioProcés",es,0,0,0,3,0,1,0,0,0,joan tardà acude al tribunal supremo en calidad de testigo con ganas de liarla y montar una bronca monumental el juez marchena como no puede ser de otro modo le para los pies se cree que está en un plató de tv3 hombre_con_la_mano_en_la_frente_tono_de_piel_claro juicioprocés
408489676bb5eb237105993a6b0ad6e8,TARDÀ,0,Joan Tardá cree que no volverá a presentarse a las elecciones https://t.co/hdTYRsUciV,es,0,0,0,0,0,1,0,0,0,joan tardá cree que no volverá a presentarse a las elecciones [url]
5dc8102ed9207537a8b7ff3bcfcce77d,TARDÀ,0,"Joan Tardá defiende el gesto de Torra: El rey se ha convertido en un enemigo de la democracia"" https://t.co/K9GCLlKLEa https://t.co/BuQTQpH9mE""",es,0,0,0,0,0,0,0,2,0,joan tardá defiende el gesto de torra el rey se ha convertido en un enemigo de la democracia [url] [url]
6c675ab2b19dfaf01e945e150cc5147e,TARDÀ,0,"Joan Tardá demostrando la mierda que son los de v💩x.
Gracias.",es,0,0,0,1,0,0,0,0,0,joan tardá demostrando la mierda que son los de v caca_con_ojos x gracias
c76752cc68c0fdb8a54c3b241c33a9d5,TARDÀ,0,"Joan Tarda demostró el desprecio que todo totalitario como él siente por la democracia y el estado de derecha. Chulo, faltón, mentiroso y a su aire, como si estuviera en el bar. Ojala le trinquen por 30 años.",es,0,0,0,0,0,0,0,0,0,joan tarda demostró el desprecio que todo totalitario como él siente por la democracia y el estado de derecha chulo faltón mentiroso y a su aire como si estuviera en el bar ojala le trinquen por 30 años
4fc253bb43abb0f032199efc878ff71d,TARDÀ,0,"Joan Tardà denuncia el carácter del juicio al testificar en el TS español

📺 Resumen https://t.co/DPOZ5JtQco 

🔴 EN DIRECTO https://t.co/yln9JbCWoR https://t.co/w2D2deUzYJ",es,0,0,1,2,0,0,0,0,0,joan tardà denuncia el carácter del juicio al testificar en el ts español televisión resumen [url] círculo_rojo en directo [url] [url]
506685e05ebfe070baf441e57a01ebeb,TARDÀ,0,Joan Tárda ERC por desgracia no es   verdad .el Rey es para mi gusto demasiado democratico.y más educado.que la manada de traidores golpistas del gobierno de Cataluña .cataluña es España desgraciaďo,es,0,0,1,0,0,1,1,0,0,joan tárda erc por desgracia no es verdad el rey es para mi gusto demasiado democratico y más educado que la manada de traidores golpistas del gobierno de cataluña cataluña es españa desgraciaďo
0d657ddfaf04ab3318140f572abdf22e,TARDÀ,0,Joan Tarda es demasiado histriónico para un juicio #judicitv3catradio,es,0,0,0,0,0,0,0,0,0,joan tarda es demasiado histriónico para un juicio judicitv3catradio
654d634b9a53575e4d9f9a173509df43,TARDÀ,0,Joan Tardá es testigo!!! Que clases de preguntas son esas?? #JuicioProcés #JuicioAlProcés,es,3,2,0,0,0,0,1,0,0,joan tardá es testigo que clases de preguntas son esas juicioprocés juicioalprocés
3d13c88036d3053aa75974ab6b23a569,TARDÀ,0,Joan Tardà es un cobarde o es un mentiroso; o las dos cosas  https://t.co/kwzEM6nysL,es,0,0,0,0,0,0,0,0,0,joan tardà es un cobarde o es un mentiroso o las dos cosas [url]
6371bae59c6f56c39c9aa318a87afa90,TARDÀ,0,"Joan Tardá es un monstruo de la política, de la libertad y de lo que es la verdadera REPÚBLICA.
Ahí sus cojones hostia...",es,0,0,1,0,0,0,1,0,1,joan tardá es un monstruo de la política de la libertad y de lo que es la verdadera república ahí sus cojones hostia
8ae0fae26bce1702c67718795e30e845,TARDÀ,0,"Joan Tarda es un pedazo de
T
R
O
L
L

XD",es,0,0,0,0,1,0,0,0,0,joan tarda es un pedazo de t r o l l xd
9a596abb331a4d8b391a4d867621beeb,TARDÀ,0,Joan Tardà es un político extraordinario y una mejor persona. Punto.,es,0,0,0,0,0,0,0,0,0,joan tardà es un político extraordinario y una mejor persona punto
f70c64c7483e2996e9dae864b9dff47c,TARDÀ,0,"Joan Tardà es un sectario que no conoce vergüenza alguna.
DESPRECIABLE PERSONA!!! https://t.co/5Z0w5dctnR",es,3,0,2,0,0,1,1,0,0,joan tardà es un sectario que no conoce vergüenza alguna despreciable persona [url]
e72ae08cdd8a85e6350da7cb8e34c1d7,TARDÀ,0,"Joan Tardá es uno de los mejores políticos de este país, es un placer oírle hablar, ojalá más como él 
La actitud de Marchena lo deja en evidencia una vez más 
#JudiciTV3CatRàdio #JuicioProces 
Artur Mas 
Sandro Rosell https://t.co/s7rGSyOSUt",es,0,0,0,0,0,0,0,0,0,joan tardá es uno de los mejores políticos de este país es un placer oírle hablar ojalá más como él la actitud de marchena lo deja en evidencia una vez más judicitv3catràdio juicioproces artur mas sandro rosell [url]
c2e127268990797f64568580e54dcc7b,TARDÀ,0,"Joan Tardà explica que su objetivo no es otro que la República catalana y contribuir en todo y más a hacer realidad la Tercera República española"". Y se dirige a Albert Rivera: ""No puede ser que una persona tan joven como usted destile tanto odio"" https://t.co/PHrqLNKBxq https://t.co/yC4cATmQaA""",es,0,0,0,0,0,2,0,4,0,joan tardà explica que su objetivo no es otro que la república catalana y contribuir en todo y más a hacer realidad la tercera república española y se dirige a albert rivera no puede ser que una persona tan joven como usted destile tanto odio [url] [url]
7ca42fb11eafd648fbd3d9b6714a23f5,TARDÀ,0,JOAN TARDÁ expulsado del CONGRESO POR HABLAR en CATALÁN https://t.co/DrTOOJ5KMi via @YouTube,es,0,0,6,0,0,0,0,0,0,joan tardá expulsado del congreso por hablar en catalán [url] via [user]
d4286c731a4b8d3fc0ea24dc1ad07eb3,TARDÀ,0,"JOAN TARDÁ no dice que está CON LOS QUE ASESINAN POR IDEOLOGÍA, vamos que justifica el asesinato para conseguir objetivos políticos...........!!!!
JUSTAMENTE LO CONTRARIO A SER DEMÓCRATA...aunque de lecciones de democracia. https://t.co/NTMtmV4d2o",es,4,0,12,0,0,1,3,0,4,joan tardá no dice que está con los que asesinan por ideología vamos que justifica el asesinato para conseguir objetivos políticos justamente lo contrario a ser demócrata aunque de lecciones de democracia [url]
0034955b31124f3f54e51cded7110314,TARDÀ,0,Joan Tardà no será el candidato de @Esquerra_ERC  en las Elecciones Generales de 2019,es,0,0,0,0,0,1,0,0,0,joan tardà no será el candidato de [user] en las elecciones generales de 2019
46e7e5a531a3dc5e45b55d6c6cdacec4,TARDÀ,0,Joan Tarda o está muy nervioso o es un esperpento ignorante #ProcesoProcésARV,es,0,0,0,0,0,0,0,0,0,joan tarda o está muy nervioso o es un esperpento ignorante procesoprocésarv
b9a47451943bf0d2f2ac69e68d2a80f8,TARDÀ,0,"Joan Tardá, Artur Mas, en otro tiempo Arturo
tontos muy tonto.

En España, los presos. o son
Presuntos o directamente son. criminales, delincuentes, asesinos. golpistas, traficantes, defraudadores, gente de mal vivir. etc.

Cataluña es España. 
El que la hace la paga. Espero
🇪🇸 https://t.co/4gb5Ov8DPp",es,0,0,0,0,0,0,0,0,0,joan tardá artur mas en otro tiempo arturo tontos muy tonto en españa los presos o son presuntos o directamente son criminales delincuentes asesinos golpistas traficantes defraudadores gente de mal vivir etc cataluña es españa el que la hace la paga espero bandera_españa [url]
b086add879482b2e9f264de3692a9a33,TARDÀ,0,"Joan Tardá, declarando ante el Tribunal https://t.co/AkzvMhPeVX",es,0,0,0,0,0,0,0,0,0,joan tardá declarando ante el tribunal [url]
f44fc42de9a6222bcd18e768dd2751cd,TARDÀ,0,"Joan Tardá, diputado de ERC en el Congreso, será el primer testigo en entrar en el Salón de Plenos del Supremo https://t.co/StpT5lVMjC",es,0,0,1,0,0,0,0,0,0,joan tardá diputado de erc en el congreso será el primer testigo en entrar en el salón de plenos del supremo [url]
94bcbd9a0079effcd3dfb00e8fca55f9,TARDÀ,0,"Joan Tardá, el expresidente catalán Artur Mas y la exvicepresidenta del Gobierno Soraya Sáenz de Santamaría han sido los primeros testigos llamados a declarar en el juicio al Procés que celebra el Tribunal Supremo.
https://t.co/evgi7ExHGo",es,0,0,0,0,0,0,0,0,0,joan tardá el expresidente catalán artur mas y la exvicepresidenta del gobierno soraya sáenz de santamaría han sido los primeros testigos llamados a declarar en el juicio al procés que celebra el tribunal supremo [url]
0b4a66386c21e5551612c0c5fe7c4385,TARDÀ,0,"Joan Tardá: “El rey se ha convertido en un enemigo de la democracia”
El portavoz de ERC en el Congreso justifica así el plante de Torra a Felipe VI
https://t.co/pXpj8OaNOe",es,0,0,1,0,0,0,0,2,0,joan tardá el rey se ha convertido en un enemigo de la democracia el portavoz de erc en el congreso justifica así el plante de torra a felipe vi [url]
7c56f3b1f7aafeca03b50a15b99b9cfe,TARDÀ,0,La situación está así.... Joan Tardà Artur Mas https://t.co/u8mxRfzzym,es,0,0,0,0,0,0,1,0,1,la situación está así joan tardà artur mas [url]
00c0f9fc28696e1b4d3de3c4d097359a,TARDÀ,0,"Las declaraciones de los testigos en el #JuicioProces:
-Joan Tardà: Este juicio no tiene ni pies ni cabeza""",es,0,0,0,0,0,3,0,1,0,las declaraciones de los testigos en el juicioproces joan tardà este juicio no tiene ni pies ni cabeza
a123131f0aca9c6fe69ace651ad8cdc6,TARDÀ,0,"Llega Joan Tardá al Supremo flanqueado por Gabriel Rufián, citado mañana como testigo, que le ha despedido con dos besos entre aplausos de simpatizantes de Esquerra... https://t.co/a3t5RgWE8o",es,0,0,0,0,0,0,1,0,1,llega joan tardá al supremo flanqueado por gabriel rufián citado mañana como testigo que le ha despedido con dos besos entre aplausos de simpatizantes de esquerra [url]
f1fd0c64f4b225908baddaf71821a25d,TARDÀ,0,Lo de contestar en catalán Joan Tardà es para hacer circo?,es,0,1,0,0,0,0,0,0,0,lo de contestar en catalán joan tardà es para hacer circo
df4c776e2d8bbaca60bd7d1176a66372,TARDÀ,0,Lo de Joan Tardà es prepotencia estado puro,es,0,0,0,0,0,0,0,0,0,lo de joan tardà es prepotencia estado puro
6ee71f61042573682e473924a22f9727,TARDÀ,0,Lo de Sandro Rosell si es para llenar plazas en una manifestación pero claro...No es un político. Joan Tardà Artur Mas,es,0,0,0,0,0,1,1,0,1,lo de sandro rosell si es para llenar plazas en una manifestación pero claro no es un político joan tardà artur mas
371e24a56bd8c0d3f6387a4162fd3fcd,TARDÀ,0,"Los fiscales del juicio del procés llevan todo el dia preguntandole a Joan Tarda, Mas, Soraya Saenz de Santamaria y Mariano Rajoy, donde les tratan de imponer como son las respuestas que tienen que dar los testigos.
Este es el nivelito madre mia.
Menudo ridiculo.",es,0,0,0,0,0,0,0,0,0,los fiscales del juicio del procés llevan todo el dia preguntandole a joan tarda mas soraya saenz de santamaria y mariano rajoy donde les tratan de imponer como son las respuestas que tienen que dar los testigos este es el nivelito madre mia menudo ridiculo
5fca415dabe02f78259ce0a609520569,TARDÀ,0,Los socios democráticos del PSOE. https://t.co/XN9R1IGpx3,es,0,0,1,0,0,0,0,0,0,los socios democráticos del psoe [url]
039b4e28dcab7b9457a00a89314c532d,TARDÀ,0,Magistrado Marchena le ha echado un buen rapapolvo a la acusación particular (VOX) en la segunda pregunta por insistir en que Joan Tardá cuente lo que piensan u opinan los procesados. ¡Ojo! Tardá es un testigo. Vaya abogado cutre y bulto tiene vox.,es,2,0,1,0,0,0,0,0,0,magistrado marchena le ha echado un buen rapapolvo a la acusación particular vox en la segunda pregunta por insistir en que joan tardá cuente lo que piensan u opinan los procesados ojo tardá es un testigo vaya abogado cutre y bulto tiene vox
5640a566d76099298fa7a01b59cdd288,TARDÀ,0,"Marchena a Joan Tardà “Tienen obligación a hablar la lengua oficial del foro donde se está realizándo el juicio”

Los llevan a Madrid para imponerles su lengua. 
La represión de la represión.",es,0,0,0,0,0,0,0,2,0,marchena a joan tardà tienen obligación a hablar la lengua oficial del foro donde se está realizándo el juicio los llevan a madrid para imponerles su lengua la represión de la represión
2033ee4edfe1bbddb4a681db228a9144,TARDÀ,0,Marchena a Tardà: “No empezamos bien” https://t.co/bjqfdfM7tY,es,0,0,0,0,0,1,0,2,0,marchena a tardà no empezamos bien [url]
aff260990b46e3655c5642c95b5e6f0b,TARDÀ,0,"Marchena corta el paso a Joan Tardà y le impide hacer demagogia: Es un testigo"" https://t.co/vfHsMbO8Uj""",es,0,0,0,0,0,0,0,2,0,marchena corta el paso a joan tardà y le impide hacer demagogia es un testigo [url]
ca5976ad27c413874cdd46f4dd648709,TARDÀ,0,Marchena ha llamado a Joan Tardà “Sardà”: el subconsciente expresa que todo esto es un circo mediático,es,0,0,0,0,0,0,0,2,0,marchena ha llamado a joan tardà sardà el subconsciente expresa que todo esto es un circo mediático
8113c632c23b736d6fc8360e64c335ed,TARDÀ,0,"Marchena regaña a Tardà por el catalán y un alegato político VOTAR A PERDO SANCHEZ ES TENER A SEPARATAS, BILDUETARRAS Y COMUNISTAS ROMPIENDO ESPAÑA.  @lavanguardia https://t.co/4ilaw3bQKl",es,0,0,9,0,0,0,0,0,0,marchena regaña a tardà por el catalán y un alegato político votar a perdo sanchez es tener a separatas bilduetarras y comunistas rompiendo españa [user] [url]
53139d44c413e85c1c926223287f4219,TARDÀ,0,"Marchena regaña a Tardà por el catalán y un alegato político.

El magistrado Marchena zanjó con un rotundo “no” a la pregunta del diputado: “¿No tengo derecho a hablar en catalán?”

#LaSilenciosaCat
#Elecciones2019
#elecciones2019votoderechas
https://t.co/hV2d5SM3av",es,0,2,0,0,0,2,0,4,0,marchena regaña a tardà por el catalán y un alegato político el magistrado marchena zanjó con un rotundo no a la pregunta del diputado no tengo derecho a hablar en catalán lasilenciosacat elecciones2019 elecciones2019votoderechas [url]
d18e4b0351db07e53d875394c2d0caa6,TARDÀ,0,"Marchena regaña a Tardà por el catalán y un alegato político/ El Señor Tardá dando la vuelta a la tortilla, y dice no ser Español!! Que paciencia con esta GENTE!! #LaRepublicaNoExisteIdiota #EspañaVIVA  https://t.co/xlZdtqhbMC",es,4,0,1,0,0,1,0,0,0,marchena regaña a tardà por el catalán y un alegato político el señor tardá dando la vuelta a la tortilla y dice no ser español que paciencia con esta gente larepublicanoexisteidiota españaviva [url]
8ab4405c8a3fbb832628b283ff912e8d,TARDÀ,0,"Me caerá mejor o peor, pero lo de Joan Tardà diciendo que quiere testificar en catalán a los abogados de VOX es de 10😂.",es,0,0,1,1,0,0,0,0,0,me caerá mejor o peor pero lo de joan tardà diciendo que quiere testificar en catalán a los abogados de vox es de 10 cara_llorando_de_risa
521a2b57f0dfba538e6d1ad2573af112,TARDÀ,0,"Ni la unidad de España, ni la independencia de Catalunya valen una mínima violencia.

JOAN TARDA.",es,0,0,2,0,0,2,0,0,0,ni la unidad de españa ni la independencia de catalunya valen una mínima violencia joan tarda
e9fa31a9b7cec528c37095a4260e8182,TARDÀ,0,"No hay preguntas del fiscal a Joan Tardá, no vaya ser que lo deje con los pantalones por los tobillos como le ha pasado al abogado de VOX.
Verás como esta tarde con todo a favor le pregunta a Rajoy y Soraya.
Vergüenza de justicia española",es,0,0,1,0,0,2,0,0,0,no hay preguntas del fiscal a joan tardá no vaya ser que lo deje con los pantalones por los tobillos como le ha pasado al abogado de vox verás como esta tarde con todo a favor le pregunta a rajoy y soraya vergüenza de justicia española
a26e7705dcb1895b5ca2bb41127a3c2f,TARDÀ,0,"No quiero ser tan cruel como mi cerebro pero esta mañana no dejaba de mostrarme una comparación.

Jordi Cuixart Vs Joan Tarda

#laparteyeltodo
#mes324",es,0,0,0,0,0,2,0,0,0,no quiero ser tan cruel como mi cerebro pero esta mañana no dejaba de mostrarme una comparación jordi cuixart vs joan tarda laparteyeltodo mes324
fe94da3b0bbd36c5e5991a24fc6eddff,TARDÀ,0,"Os dejo el link al streaming del juicio a los indepes. Hoy empieza lo divertido:

Joan Tardá i Coma (10:00)
Roger Torrent i Ramió (10:30)
Artur Mas i Gavarró (11:00)
Soraya Sáenz de Santamaría Antón (11:30)
Cristóbal Montoro Romero (12:00)

https://t.co/l6Lz86ZM88",es,0,0,0,0,0,0,0,0,0,os dejo el link al streaming del juicio a los indepes hoy empieza lo divertido joan tardá i coma 10 00 roger torrent i ramió 10 30 artur mas i gavarró 11 00 soraya sáenz de santamaría antón 11 30 cristóbal montoro romero 12 00 [url]
eb769bb3bef53596c21402a5d33c0cc5,TARDÀ,0,"Ostras, Joan Tardá. Ha terminado su declaración en el juicio del Procés en el Tribunal Supremo y ya está en la tribuna de oratoria del Congreso de los Diputados. 
Luego están los diputados que no pisan el hemiciclo nunca. Hay políticos y políticos.",es,0,0,0,0,0,2,0,0,0,ostras joan tardá ha terminado su declaración en el juicio del procés en el tribunal supremo y ya está en la tribuna de oratoria del congreso de los diputados luego están los diputados que no pisan el hemiciclo nunca hay políticos y políticos
99682127ca6cc27901032a93e675a7df,TARDÀ,0,Parece Joan Tardá ha privilegiado su publicidad personal al interés de sus compañeros acusados que se juegan la cárcel... #JuicioProces #Tarda,es,0,0,0,0,0,0,1,0,1,parece joan tardá ha privilegiado su publicidad personal al interés de sus compañeros acusados que se juegan la cárcel juicioproces tarda
f5153d6d58aa220f929b913de13b94ff,TARDÀ,0,"Preguntando a Joan Tardá, el abogado de V😱X no ha sido más inútil porque no tiene más tiempo.",es,0,0,0,1,0,2,0,0,0,preguntando a joan tardá el abogado de v cara_gritando_de_miedo x no ha sido más inútil porque no tiene más tiempo
5cb67d47d653294e67fcf2e6313981da,TARDÀ,0,Preparados para afrontar la primera sesión de la fase testifical. Hoy en compañía de Miguel Ángel Alfonsel @Mikelletti  La jornada de hoy la inicia Joan Tardá pero el interés está en Mariano Rajoy @COPE @MediodiaCOPE @linternacope @LaTardeCOPE @Exteriores2 https://t.co/hHCbHj5PDw,es,0,0,1,0,0,0,0,0,0,preparados para afrontar la primera sesión de la fase testifical hoy en compañía de miguel ángel alfonsel [user] la jornada de hoy la inicia joan tardá pero el interés está en mariano rajoy [user] [user] [user] [user] [user] [url]
3093ef115b8bceffda39e73f34a2d8fd,TARDÀ,0,"Previamente, el presidente de Ciudadanos, que se 'saltó' su pregunta, calificó a ERC de golpistas, ante lo que el portavoz de dicha formación ha reaccionado. https://t.co/mjuCeHruFh",es,0,0,1,0,0,0,0,2,0,previamente el presidente de ciudadanos que se saltó su pregunta calificó a erc de golpistas ante lo que el portavoz de dicha formación ha reaccionado [url]
95547cc207ebea9e2d012c5a435d3ad2,TARDÀ,0,"Primera intervención del día de la Abogada del Estado; qué pocas ganas de hacer nada bien tiene esta señora.
Joan Tardá - thug life. https://t.co/XmXc3FnWm2",es,0,0,0,0,0,1,0,0,0,primera intervención del día de la abogada del estado qué pocas ganas de hacer nada bien tiene esta señora joan tardá thug life [url]
698c891126b6be6ba8aef1cd5ba709d2,TARDÀ,0,"QUÉ EXCELENTE ORADORA
y qué dominio tiene del lenguaje,
la exposición y el hilo narrativo,
Soraya Saenz de Santamaría...

No hacen falta más testigos para
un jurado competente.

Escuchar discurso tan impecable
tras comparecencias como la del
cafre de Joan Tardà, es balsámico.",es,0,0,3,0,0,1,1,0,1,qué excelente oradora y qué dominio tiene del lenguaje la exposición y el hilo narrativo soraya saenz de santamaría no hacen falta más testigos para un jurado competente escuchar discurso tan impecable tras comparecencias como la del cafre de joan tardà es balsámico
d6ef96e2f67dbec2d96ba15440994bda,TARDÀ,0,"Que Joan Tardá quiere responder en catalán a las preguntas de Vox, este hombre es tonto",es,0,0,0,0,0,0,0,0,0,que joan tardá quiere responder en catalán a las preguntas de vox este hombre es tonto
d1a5b439c5ddd06644362cb2f8f37e56,TARDÀ,0,Que no se quejen las defensas y acusaciones en el interrogatorio de Joan Tardà porque en un juicio normal un juez no deja preguntar ni contestar la cuarta parte de lo que ha dejado hasta ahora.,es,0,0,0,0,0,3,0,0,0,que no se quejen las defensas y acusaciones en el interrogatorio de joan tardà porque en un juicio normal un juez no deja preguntar ni contestar la cuarta parte de lo que ha dejado hasta ahora
a65f9f846855d6e8616d1030de42c2c2,TARDÀ,0,"Rajoy testificará el martes en el juicio del ‘procés’ https://t.co/y4ETnGDo9X vía @diario_16 Ese mismo día están citados el diputado d Esquerra, Joan Tardá, el presidente dl Parlamento catalán, Roger Torrent y el expresidente de la Generalitat, Artur Mas",es,0,0,0,0,0,0,0,2,0,rajoy testificará el martes en el juicio del procés [url] vía [user] ese mismo día están citados el diputado d esquerra joan tardá el presidente dl parlamento catalán roger torrent y el expresidente de la generalitat artur mas
b3af9543c2237409ff470030c9d38b53,TARDÀ,0,RESUMEN DE LAS DECLARACIONES DE ARTUR MAS Y JOAN TARDÁ: https://t.co/50OsjHFpKY,es,0,0,7,0,0,0,0,0,0,resumen de las declaraciones de artur mas y joan tardá [url]
20f4d344c4f2c2479a70efd5f29bded4,TARDÀ,0,"Ridiculo absoluto, el abogado de VOX llamado al orden por el presidente de la sala y no ha hecho más que empezar el primer testigo Joan Tarda, solo buscan venganza humillación escarnio, que gentuza. Lograrán sacar a la gente a la calle.",es,0,0,1,0,0,1,0,0,0,ridiculo absoluto el abogado de vox llamado al orden por el presidente de la sala y no ha hecho más que empezar el primer testigo joan tarda solo buscan venganza humillación escarnio que gentuza lograrán sacar a la gente a la calle
0ded376661e0bef882204958159e3e56,TARDÀ,0,"Se puede decir más alto pero no más claro, chapeau Tardà, we love you! [VÍDEO] Declaració íntegra de Joan Tardà al Suprem- VilaWeb  https://t.co/z94kATXPI9",es,1,0,1,0,0,1,0,0,0,se puede decir más alto pero no más claro chapeau tardà we love you [vídeo] declaració íntegra de joan tardà al suprem vilaweb [url]
4da3b33a38e3a959f02d7507455ef537,TARDÀ,0,"Se reanuda el juicio del «procés»: Joan Tardà, antes de declarar en el Supremo, asegura que entra «en la casa de los horrores» https://t.co/SzDMHep6At https://t.co/zagiIG5Xjz",es,0,0,0,0,0,0,0,4,0,se reanuda el juicio del procés joan tardà antes de declarar en el supremo asegura que entra en la casa de los horrores [url] [url]
259714688e962ad2c60afb429711548a,TARDÀ,0,"Se retoma el Juicio del Proces"" Joan #Tardà (portavoz de ERC en el Congreso)",es,0,0,1,0,0,0,0,1,0,se retoma el juicio del proces joan tardà portavoz de erc en el congreso
464d69dc066c657ada9ac10f3e398400,TARDÀ,0,"Siento tener que decirlo pero acostumbro a decir la verdad. El interrogatorio de @vox_es a Joan Tarda me ha parecido muy flojo, por no decir otro adjetivo más duro. Espero que esto cambie y que nos lo explique @Ortega_Smith",es,0,0,0,0,0,1,0,0,0,siento tener que decirlo pero acostumbro a decir la verdad el interrogatorio de [user] a joan tarda me ha parecido muy flojo por no decir otro adjetivo más duro espero que esto cambie y que nos lo explique [user]
996d2c41ee8f624300865000101300dd,TARDÀ,0,"Soraya Sáenz de santamaría en una de las mejores viñetas que he tenido el placer de disfrutar 
Visto el percal que dirige el PP en estos momentos, y recurriendo al refranero 
 otros vendrán que bueno te harán """,es,0,0,0,0,0,0,0,1,0,soraya sáenz de santamaría en una de las mejores viñetas que he tenido el placer de disfrutar visto el percal que dirige el pp en estos momentos y recurriendo al refranero otros vendrán que bueno te harán
5aa649406518c7bd497c2a87adc66d23,TARDÀ,0,"Supongo que alguien lo habrá dicho si no lo digo yo.
Joan Tardà es gilipollas.",es,0,0,0,0,0,1,0,0,0,supongo que alguien lo habrá dicho si no lo digo yo joan tardà es gilipollas
a55b68b6ed52a4b3faf53f632e99e009,TARDÀ,0,Tardá arremete contra Rivera llamándole de nuevo “fascista”  @lavanguardia https://t.co/LiDdvtClIB,es,0,0,0,0,0,0,0,2,0,tardá arremete contra rivera llamándole de nuevo fascista [user] [url]
492cb2932c4c65ff596ccdf2fb84af98,TARDÀ,0,"Tardá vuelve a enzarzarse con Rivera: ¡Fascista!"" https://t.co/fwUyplC9lk""",es,2,0,0,0,0,0,0,2,0,tardá vuelve a enzarzarse con rivera fascista [url]
d7de815474d597dad0928c94964b1933,TARDÀ,0,"Tardà, el Señor Joan Tardà, es un imprescindible de la política, cada vez que sube al estrado deja a los vende motos del PP+Cs a la altura del betún y da un repaso ideológico muy necesario",es,0,0,0,0,0,0,0,0,0,tardà el señor joan tardà es un imprescindible de la política cada vez que sube al estrado deja a los vende motos del pp cs a la altura del betún y da un repaso ideológico muy necesario
7e0de54722a0d24327a179f7c24f96ae,TARDÀ,0,"Tardà: “¿tengo derecho a responder en catalán?”
Juez Marchena: “No”. https://t.co/gfEMuKvKHu",es,0,2,0,0,0,1,0,4,0,tardà tengo derecho a responder en catalán juez marchena no [url]
90c1152e111f15f3b1518056d40ea095,TARDÀ,0,"Tardà: “¿tengo derecho a responder en catalán?”, a lo que el magistrado respondió a las claras: “No”. https://t.co/jMHuWcMzSO",es,0,2,0,0,0,1,0,4,0,tardà tengo derecho a responder en catalán a lo que el magistrado respondió a las claras no [url]
85b9eaf8242bd7705cd2ba00128b3cb8,TARDÀ,0,"Te cita Vox como testigo (Joan Tardá) y te pregunta:

- ¿Recuerda un tweet de 2016 en que hablaba de autodeterminación?
- ¿Se reunió alguna vez con compañeros de partido?
- ¿Recuerda alguna reunión concreta con compañeros de partido?
- No hay más preguntas.

Ridículo nivel Vox.",es,0,6,0,0,0,1,0,0,0,te cita vox como testigo joan tardá y te pregunta recuerda un tweet de 2016 en que hablaba de autodeterminación se reunió alguna vez con compañeros de partido recuerda alguna reunión concreta con compañeros de partido no hay más preguntas ridículo nivel vox
2a3eeddd453961a4e4de3fc1a3d9bcf8,TARDÀ,0,"Te contamos todo sobre la declaración de Joan Tardà: Fue voluntad del pueblo indefenso después de que le negaran un referéndum pactado"" https://t.co/599J3Sop7r""",es,0,0,0,0,0,0,0,2,0,te contamos todo sobre la declaración de joan tardà fue voluntad del pueblo indefenso después de que le negaran un referéndum pactado [url]
19140dadff8a3f560dfe357c196072a8,TARDÀ,0,"Te guste o no Joan Tardà, seas de ERC o no, las cosas como sean: hoy Tardà ha sido bastante y mucho puto amo"" 😂",es,0,0,1,1,0,2,0,1,0,te guste o no joan tardà seas de erc o no las cosas como sean hoy tardà ha sido bastante y mucho puto amo cara_llorando_de_risa
df06a8d79e6dfc777ae9f59a21f20c99,TARDÀ,0,Tensión entre Joan Tardá y la abogacía del estado por @ElHuffPost - https://t.co/QgHT9Qgx8H vía @dailymotion_es,es,0,0,0,0,0,0,0,0,0,tensión entre joan tardá y la abogacía del estado por [user] [url] vía [user]
cdca740a339aee56c3beedf156a4908a,TARDÀ,0,Tienen al incendiario Joan Tarda y la abogacia y la físcalia no aprovecha está oportunidad. DIOS #juicioprocés,es,0,0,1,0,0,1,0,0,0,tienen al incendiario joan tarda y la abogacia y la físcalia no aprovecha está oportunidad dios juicioprocés
44f6669d483ff1be132020156ab121b2,TARDÀ,0,"Todavía estamos a tiempo con Cataluña"" Joan Tardá",es,0,0,0,0,0,0,0,1,0,todavía estamos a tiempo con cataluña joan tardá
0884e388c3d1a3d2c94987a3f4e1316f,TARDÀ,0,"Tu eres un golpista y nada más Tardá. 

Juicio procés: Joan Tardà llama al Supremo casa de los horrores"" y a los golpistas ""defensores de la democracia"" https://t.co/y6CPkoqUeQ""",es,0,0,0,0,0,1,0,4,0,tu eres un golpista y nada más tardá juicio procés joan tardà llama al supremo casa de los horrores y a los golpistas defensores de la democracia [url]
46a5728279139199a46481c3011cf37e,TARDÀ,0,"Va a perder mucho el congreso sin este diputado como voy a echar de menos sus discursos... 
Joan Tardà: No creo que me toque presentarme (el 28 de abril) hay mucha gente joven y preparada"" | LA SEXTA TV - NOTICIAS https://t.co/EaYHW9dPyo",es,0,0,2,0,0,2,1,1,1,va a perder mucho el congreso sin este diputado como voy a echar de menos sus discursos joan tardà no creo que me toque presentarme el 28 de abril hay mucha gente joven y preparada la sexta tv noticias [url]
5b3e510b6cbcab395dcb1db5bdd06c79,TARDÀ,0,"Vamos a ver, ¿se han enterado tanto la acusación popular como lo que llevamos de la defensa de que el enjuiciado no es Joan Tardà? ¿Qué tiene que ver lo que le están preguntando con los encausados?",es,0,4,0,0,0,1,0,0,0,vamos a ver se han enterado tanto la acusación popular como lo que llevamos de la defensa de que el enjuiciado no es joan tardà qué tiene que ver lo que le están preguntando con los encausados
7c47abbb3c626e2de01d41a8839eceee,TARDÀ,0,"Ver JUICIO CONTRA EL GOLPE DE ESTADO (JOAN TARDÁ) DIRECTO"" en YouTube https://t.co/rMOIkD5cYi""",es,0,0,7,0,0,0,0,2,0,ver juicio contra el golpe de estado joan tardá directo en youtube [url]
671ba9e5265198b7e461091b046dded6,TARDÀ,0,"Vergüenza ajena escuchar a Joan Tardà en el Congreso, más irónico si cabe, con imágenes del juicio de fondo.",es,0,0,0,0,0,0,0,0,0,vergüenza ajena escuchar a joan tardà en el congreso más irónico si cabe con imágenes del juicio de fondo
64d68a2edb3e63519de8f76b05c0d7eb,TARDÀ,0,"VÍDEO URGENT Joan Tardà desafia el Supremo: Voy a contestar en catalán a Vox"" https://t.co/NSDEXaMH5m""",es,0,0,2,0,0,0,0,2,0,vídeo urgent joan tardà desafia el supremo voy a contestar en catalán a vox [url]
933c4a4cb5a88398d545df97dedee70c,TARDÀ,0,"Y ahora a las defensas, que son quienes preguntan ahora a Joan Tardà: «No ha sido llamado el señor Tardà para que explique los métodos de Esquerra para luchar por su ideario político».",es,0,0,0,0,0,1,0,2,0,y ahora a las defensas que son quienes preguntan ahora a joan tardà no ha sido llamado el señor tardà para que explique los métodos de esquerra para luchar por su ideario político
2ab69209abce3afd73a36c085b6cb49f,TARDÀ,0,Y la abogacía del Estado vuelve a dejar claro el poco respeto que tiene por una de las lenguas del Estado Español... Gracias Joan Tardà por hacer que se retrate,es,0,0,0,0,0,0,1,0,1,y la abogacía del estado vuelve a dejar claro el poco respeto que tiene por una de las lenguas del estado español gracias joan tardà por hacer que se retrate
0900f76026c0b93d0188907eaaf86cfd,TARDÀ,0,"Yo no sé vosotros, pero adoro a Joan Tardà: Yo hablaré en catalá a VOX #judiciproces",es,0,0,1,0,0,1,0,0,0,yo no sé vosotros pero adoro a joan tardà yo hablaré en catalá a vox judiciproces
82fd68f05d7e1004af87674d07b2aba1,TARDÀ,0,"⏰10h. Comienzan las declaraciones de los testigos en el juicio de procés. Hoy lo hacen, entre otros: 

10h. Joan Tardà
10:30h. Roger Torrent
11h. Artur Mas
11:30h. Soraya Sáenz de Santamaría
12h. Cristóbal Montoro
16h. Mariano Rajoy
16:30h. Marta Pascal https://t.co/kGcC17jK2i",es,0,0,0,1,0,0,0,0,0,reloj_despertador 10h comienzan las declaraciones de los testigos en el juicio de procés hoy lo hacen entre otros 10h joan tardà 10 30h roger torrent 11h artur mas 11 30h soraya sáenz de santamaría 12h cristóbal montoro 16h mariano rajoy 16 30h marta pascal [url]
7aba2f9b5d2c5016a7278c4f009dd40b,TARDÀ,0,▶️ VÍDEO | Joan Tardà comenzó su declaración en el #JuicioProcés con un rifirrafe con el juez Manuel Marchena por el uso del catalán https://t.co/N8T4wd6yrl https://t.co/FDnil7yu1X,es,0,0,1,1,0,0,0,0,0,reproducir vídeo joan tardà comenzó su declaración en el juicioprocés con un rifirrafe con el juez manuel marchena por el uso del catalán [url] [url]
bff55bfc60c8baaf7861f17a6f7abab5,TARDÀ,0,▶ VÍDEO | Segueix en directe la declaració de Joan Tardà https://t.co/pa9Tr3XTGM,es,0,0,1,1,0,0,0,0,0,reproducir vídeo segueix en directe la declaració de joan tardà [url]
298e18094e84fbea283a1505aa755c22,TARDÀ,0,"►Cuixart ensalza el procés como desobediencia civil no violenta
►Forcadell  rechaza que la DUI tuviera consecuencias jurídicas
►Joan Tardà: Este juicio está inspirado en la venganza""",es,0,0,1,0,0,1,0,1,0,cuixart ensalza el procés como desobediencia civil no violenta forcadell rechaza que la dui tuviera consecuencias jurídicas joan tardà este juicio está inspirado en la venganza
e3434152d541c9b3e8f7de14f080410e,TARDÀ,0,"⚖️JUICIO DEL PROCÉS⚖️
Joan Tardà ha negado en su declaración la violencia del 1-O: “Fue voluntad del pueblo indefenso después de que le negaran un referéndum pactado”
https://t.co/pIN4m26mBT",es,0,0,3,2,0,0,0,2,0,balanza juicio del procés balanza joan tardà ha negado en su declaración la violencia del 1 o fue voluntad del pueblo indefenso después de que le negaran un referéndum pactado [url]
a3644e7b93601deb8ff3fd03fe6ab45b,TARDÀ,0,"⚖️Mañana es el turno de los testigos en el #JuicioProcés 

📌Encabezados por el expresidente del Gobierno Mariano Rajoy y cuatro miembros de su gabinete que cesaron al Govern de Puigdemont.

📌Roger Torrent, Artur Mas, Joan Tardá y más tendrán 30 minutos para dar su testimonio. https://t.co/7PYMMhYRzy",es,0,0,0,3,0,0,0,0,0,balanza mañana es el turno de los testigos en el juicioprocés chincheta encabezados por el expresidente del gobierno mariano rajoy y cuatro miembros de su gabinete que cesaron al govern de puigdemont chincheta roger torrent artur mas joan tardá y más tendrán 30 minutos para dar su testimonio [url]
4aabf69c32f8d3f9f5f9d3b388edd297,TARDÀ,0,"⭕ #Directo | Marchena amonesta a Joan Tardà y le pide que no haga valoraciones políticas"" https://t.co/aKD12CuWY1 #JuicioalProcés""",es,0,0,0,1,0,1,0,2,0,círculo_rojo_hueco directo marchena amonesta a joan tardà y le pide que no haga valoraciones políticas [url] juicioalprocés
522a2caa3619169801a3375625124bbd,TARDÀ,0,"⭕ #Directo. Sigue con nosotros el #JuicioalProcés |  Joan Tardá arranca con un enganchón con Marchena: Este juicio está inspirando en la venganza"" https://t.co/jlP47pS3Tr""",es,0,0,0,1,0,0,0,2,0,círculo_rojo_hueco directo sigue con nosotros el juicioalprocés joan tardá arranca con un enganchón con marchena este juicio está inspirando en la venganza [url]
27032c88b482b9fd108cac033d34dc95,TARDÀ,0,"📺 DIRECTO | En marcha la nueva sesión del juicio del procés, hoy con los testigos. Joan Tardá, el primero en intervenir 

Síguelo aquí https://t.co/BcdHWGpwaR https://t.co/53tQSWQEUz",es,0,0,1,1,0,0,0,0,0,televisión directo en marcha la nueva sesión del juicio del procés hoy con los testigos joan tardá el primero en intervenir síguelo aquí [url] [url]
8f6ce994661ec71ebc730079b2d8cb7f,TARDÀ,0,"📺Declaració del diputat @JoanTarda al #judiciprocés

🔊¿Puedo hablar en catalán?""",es,0,2,0,2,0,0,0,1,0,televisión declaració del diputat [user] al judiciprocés altavoz_a_volumen_alto puedo hablar en catalán
075b86e9bc66abe4f5b0d739035b4fe4,TARDÀ,0,🔴 #EnDirecto Joan Tardà quiere responder a @vox_es en catalán y Marchena le para los pies #JuicioProces https://t.co/tQDv7olWih,es,0,0,0,1,0,0,0,0,0,círculo_rojo endirecto joan tardà quiere responder a [user] en catalán y marchena le para los pies juicioproces [url]
9949d039a31cc2f28fe81703d43210dc,TARDÀ,0,"🔴 #EnDirecto Joan Tardà rechaza haberse sentido violentado"" en la concentración ante la consejería de Economía #JuicioProces https://t.co/tQDv7olWih""",es,0,0,0,1,0,0,0,2,0,círculo_rojo endirecto joan tardà rechaza haberse sentido violentado en la concentración ante la consejería de economía juicioproces [url]
2bff365ac0d5f4d23a17c1148d036388,TARDÀ,0,🔴 📽️ DIRECTO | El presidente del tribunal abronca a Joan Tardá por responder en catalán #JuicioProcés https://t.co/XQmUuizJUw,es,0,0,1,2,0,0,0,0,0,círculo_rojo proyector_de_cine directo el presidente del tribunal abronca a joan tardá por responder en catalán juicioprocés [url]
6babadcb0936dc395e14404706c3b8b2,TARDÀ,0,"🔴 Además de Rajoy, Santamaría y Montoro, también declararán Joan Tardá y Artur Mas. #ProcesoProcésARV  ➡ https://t.co/Dz5dowzHTi https://t.co/594slv4jZo",es,0,0,0,2,0,0,0,0,0,círculo_rojo además de rajoy santamaría y montoro también declararán joan tardá y artur mas procesoprocésarv flecha_hacia_la_derecha [url] [url]
4611ae3c410b45bf19a2dd70f0881346,TARDÀ,0,"🔴 DIRECTO #JuicioProces Joan Tardà responderá a Vox en catalán
https://t.co/K0oSdqUgsU",es,0,0,1,1,0,0,0,0,0,círculo_rojo directo juicioproces joan tardà responderá a vox en catalán [url]
3c7bd3a35d4e684878a6762be5a457fd,TARDÀ,0,"🔴 DIRECTO | Comienza la declaración de Joan Tardá en el Tribunal Supremo #JuicioProcés
https://t.co/c9O2H3Rshy",es,0,0,1,1,0,0,0,0,0,círculo_rojo directo comienza la declaración de joan tardá en el tribunal supremo juicioprocés [url]
3a0487136a1ff354c2cbc41ee65778ed,TARDÀ,0,"🔴 DIRECTO | El diputado de ERC Joan Tardà, el primero que declarará hoy en el #juicio del #procés, asegura estar fresco como una rosa"" ante la declaración de hoy en el Supremo https://t.co/znnkErP5iz""",es,0,0,2,1,0,0,0,2,0,círculo_rojo directo el diputado de erc joan tardà el primero que declarará hoy en el juicio del procés asegura estar fresco como una rosa ante la declaración de hoy en el supremo [url]
b90aab4836accd76ded7482f1c91e2af,TARDÀ,0,"🔴 EN DIRECTO
Se reanuda el juicio contra el independentismo catalán. Joan Tarda es el primer testigo en declarar 
https://t.co/yln9JbCWoR https://t.co/simumwtkZi",es,0,0,1,1,0,0,0,0,0,círculo_rojo en directo se reanuda el juicio contra el independentismo catalán joan tarda es el primer testigo en declarar [url] [url]
26debdd5de8766af15ff711e4a422336,TARDÀ,0,"🔴 En vivo |  #JuicioProcés  Joan Tardà niega que la movilización fuera una forma de coaccionar al Estado"" sino una forma de ""reivindicar para avanzar"" en las ideas sociales""",es,0,0,0,1,0,1,0,4,0,círculo_rojo en vivo juicioprocés joan tardà niega que la movilización fuera una forma de coaccionar al estado sino una forma de reivindicar para avanzar en las ideas sociales
4e5c4dc23f606f9b46eed1a93314bc70,TARDÀ,0,"🔴 En vivo |  #JuicioProcés  Joan Tardà, que exhibe lazo amarillo, admite que conoce al ex número dos de Oriol Junqueras (Josep María Jové) pero ignora el documento señalado como hoja de ruta del independentismo",es,0,0,0,1,0,0,0,0,0,círculo_rojo en vivo juicioprocés joan tardà que exhibe lazo amarillo admite que conoce al ex número dos de oriol junqueras josep maría jové pero ignora el documento señalado como hoja de ruta del independentismo
5042efd80f01bb3792bcb93aa5fb1073,TARDÀ,0,🔴 En vivo |  #JuicioProcés Concluye la declaración de Joan Tardà y comienza la de Artur Mas https://t.co/wGrKeRicBK,es,0,0,0,1,0,0,0,0,0,círculo_rojo en vivo juicioprocés concluye la declaración de joan tardà y comienza la de artur mas [url]
0cd2799047b18fa2fca5df74809f373c,TARDÀ,0,"🔴 En vivo |  #JuicioProcés Joan Tardà dice que el 1-O fue uno de los momentos más emotivos"" de su vida y que se acordó aquella jornada de su ""familia republicana"" https://t.co/wCIsdTBslr https://t.co/zo6nCJ6nED""",es,0,0,0,1,0,0,0,4,0,círculo_rojo en vivo juicioprocés joan tardà dice que el 1 o fue uno de los momentos más emotivos de su vida y que se acordó aquella jornada de su familia republicana [url] [url]
9d161ff6c24d938c330df36007ccd694,TARDÀ,0,"🔴 Sigue EN DIRECTO la octava jornada del juicio del procés: Declara como testigo el diputado de ERC Joan Tardá,  https://t.co/Bm4YjUhBGF https://t.co/THSQE4vacT",es,0,0,2,1,0,0,0,0,0,círculo_rojo sigue en directo la octava jornada del juicio del procés declara como testigo el diputado de erc joan tardá [url] [url]
2018668bb093b4d522a6b879378746f1,TARDÀ,0,"🔴 Sigue Soraya Sáenz de Santamaría y todavía quedan por testificar hoy: Cristóbal Montoro, Mariano Rajoy, Marta Pascal, Nùria de Gispert, Eulàlia Reguant y Antonio Baños, según el calendario previsto. Hasta ahora solo han testificado Joan Tardà y Artur Mas #JudiciProcés",es,0,0,0,1,0,0,0,0,0,círculo_rojo sigue soraya sáenz de santamaría y todavía quedan por testificar hoy cristóbal montoro mariano rajoy marta pascal nùria de gispert eulàlia reguant y antonio baños según el calendario previsto hasta ahora solo han testificado joan tardà y artur mas judiciprocés
f3dbbe443ce65254583e452561a49025,TARDÀ,0,🔴 Termina la declaración de Joan Tardà. #ProcesoProcésARV   ➡ https://t.co/5hf9FGMoLc https://t.co/JfYRUEVl0Y,es,0,0,0,2,0,0,1,0,0,círculo_rojo termina la declaración de joan tardà procesoprocésarv flecha_hacia_la_derecha [url] [url]
7d27c9e2ff867ac50e14c4fa4821685d,TARDÀ,0,"🔴ÚLTIMA HORA: Mariano Rajoy, Joan Tardá, Roger Torrent, y Artur Mas citados a declarar el Martes 26 de Febrero en el juicio del Procés. El Miércoles lo harán Soraya Sáenz de Santamaria, Juan Ignacio Zoido y Cristóbal Montoro.",es,0,0,2,1,0,0,0,0,0,círculo_rojo última hora mariano rajoy joan tardá roger torrent y artur mas citados a declarar el martes 26 de febrero en el juicio del procés el miércoles lo harán soraya sáenz de santamaria juan ignacio zoido y cristóbal montoro
b89b56ce81d208b6f73bac006c8140e1,TARDÀ,0,🔶 JUICIO DEL ‘PROCÉS’: Joan Tardà dice que contestará en catalán a la acusación popular que ejerce @vox_es y Marchena le recuerda su obligación de responder en castellano.,es,0,0,3,1,0,0,0,2,0,rombo_naranja_grande juicio del procés joan tardà dice que contestará en catalán a la acusación popular que ejerce [user] y marchena le recuerda su obligación de responder en castellano
2f9bf8618eb861bbf99cbcd2cfece3db,TARDÀ,0,"🗣Joan Tardà: Ni la unidad de España ni la independencia de Catalunya vale violencia"" https://t.co/1lyh41r96U""",es,0,0,0,1,0,2,0,2,0,cabeza_parlante joan tardà ni la unidad de españa ni la independencia de catalunya vale violencia [url]
cb0de7071901c0fadd22fa882d11d779,TARDÀ,0,17 cosas que no sabías de Joan Tardá https://t.co/I0rBk2Qxii,es,0,0,0,0,0,1,0,0,0,17 cosas que no sabías de joan tardá [url]
29254b69ab680267db40a8a2cb34112a,TARDÀ,0,"27-2-19.TX.TVE.PAG.106.``CASA HORRORES´´.EL JUICIO DEL``PROCES´´,INDEPENDENTISTA,CONTINUA CON LA FASE TESTIFICAL DEL JUICIO.EL PRIMERO DE LOS TESTIGOS,EL DIPUTADO NACIONAL DE``ERC´´,SR.JOAN TARDA.DIJO,ANTES DE ENTRAR EN EL``TS´´.QUE IBA A ACCEDER A``LA CASA DE LOS HORRORES´´.OK.",es,0,0,31,0,0,0,0,0,0,27 2 19 tx tve pag 106 casa horrores el juicio del proces independentista continua con la fase testifical del juicio el primero de los testigos el diputado nacional de erc sr joan tarda dijo antes de entrar en el ts que iba a acceder a la casa de los horrores ok
43c5ea1ac75579a9e5537e9343a63287,TARDÀ,0,"A Joan Tardà le cuesta entender que debe declarar por obligación en español y como testigo estar a disposición del Tribunal. Este es el nivel y el tiempo que nos hace perder esta gente.
#JuicioGolpistas 
#elecciones2019votoderechas 🇪🇸 https://t.co/jW8kxaFMlN",es,0,0,0,0,0,0,0,0,0,a joan tardà le cuesta entender que debe declarar por obligación en español y como testigo estar a disposición del tribunal este es el nivel y el tiempo que nos hace perder esta gente juiciogolpistas elecciones2019votoderechas bandera_españa [url]
ecc75fb0488e8af76f960a48cca81f8a,TARDÀ,0,"A ver si Joan Tardá aclara si el 1-O y la proclamación de la República tuvo algún valor legal, o no tuvo ninguno y fue una tomadura de pelo a los independentistas q llevaban años oyendo lo de en 18 meses independencia"".""",es,0,0,0,0,0,2,0,2,0,a ver si joan tardá aclara si el 1 o y la proclamación de la república tuvo algún valor legal o no tuvo ninguno y fue una tomadura de pelo a los independentistas q llevaban años oyendo lo de en 18 meses independencia
1aa8776e3057d3a79e15a1f51e58e705,TARDÀ,0,Acaba la declaració de Joan Tardà https://t.co/juk31QQFse,es,0,0,0,0,0,0,0,0,0,acaba la declaració de joan tardà [url]
b94da96a612d2baec6f3ee762bdb7cb5,TARDÀ,0,"Acerca del referéndum del 1 de octubre de 2017, Joan Tardà considera que fue “la voluntad de un pueblo indefenso, cívico y democrático” https://t.co/MfjdLJVGm1",es,0,0,0,0,0,0,0,2,0,acerca del referéndum del 1 de octubre de 2017 joan tardà considera que fue la voluntad de un pueblo indefenso cívico y democrático [url]
94ed04705b3506bc2a50efb85fda6fc9,TARDÀ,0,"Ahora fiscalía sí que pregunta a Artur Mas.
No lo ha hecho con Joan Tardà.",es,0,0,0,0,0,1,0,0,0,ahora fiscalía sí que pregunta a artur mas no lo ha hecho con joan tardà
2e09e64ac0f171e776416dbadd12edc1,TARDÀ,0,"Al principio de la declaración, Joan Tardá expresa el deseo de hablar en catalán y no se le permite. Tampoco se permiten valoraciones. De la media hora que se supone que durará la declaración, se está perdiendo mucho tiempo en las rectificaciones. #JuicioalProcés https://t.co/M4iH9CPQyB",es,0,0,0,0,0,2,0,0,0,al principio de la declaración joan tardá expresa el deseo de hablar en catalán y no se le permite tampoco se permiten valoraciones de la media hora que se supone que durará la declaración se está perdiendo mucho tiempo en las rectificaciones juicioalprocés [url]
5f30db3a5cc9831ff87ac504648c750a,TARDÀ,0,Andreu Van den Eynde pregunta a Joan Tardà https://t.co/ZfAhAe5sZX,es,0,0,0,0,0,0,0,0,0,andreu van den eynde pregunta a joan tardà [url]
b49893defa7c43b60e72d4e52ef0c2ae,TARDÀ,0,Aquí podéis seguir en directo en streaming el juicio del 'procés'. Comienza Joan Tardà https://t.co/dQUGafTXoZ,es,0,0,0,0,0,0,0,2,0,aquí podéis seguir en directo en streaming el juicio del procés comienza joan tardà [url]
08879e5f78dfe5ea9decf22af85acedd,TARDÀ,0,"Artur Más no es sectario, es de los listillos que generaron la secta para beneficio personal. Joan Tardá o Tardà, o como coño se escriba, sin embargo, sí parece de los fanáticos que se acabaron creyendo su propia fantasía https://t.co/I5r0f89HPs",es,0,0,0,0,0,2,0,0,0,artur más no es sectario es de los listillos que generaron la secta para beneficio personal joan tardá o tardà o como coño se escriba sin embargo sí parece de los fanáticos que se acabaron creyendo su propia fantasía [url]
8505903977aa7e7786df38ae643177ac,TARDÀ,0,Arturo Mas DECLARANDO EN DIRECTO... JUICIO CONTRA EL GOLPE DE ESTADO (JOAN TARDÁ) DIRECTO https://t.co/vowAYHb2wm vía @YouTube,es,0,0,9,0,0,0,1,0,1,arturo mas declarando en directo juicio contra el golpe de estado joan tardá directo [url] vía [user]
378c1e08791869649293d4cc722e14f8,TARDÀ,0,"Cataluña: Joan Tardá en el juicio del procés, en directo - https://t.co/894MPGjTs7",es,0,0,0,0,0,0,0,0,0,cataluña joan tardá en el juicio del procés en directo [url]
7526b7b85a2865e1f396577527c87a84,TARDÀ,0,"Comienza a declarar Joan Tardá como testigo en el juicio contestando al abogado de Vox. Un día en el cual tendremos como testigo Rajoy, Sáez de Santanaría, Mas, Montoro https://t.co/fBXhK27z8P",es,0,0,0,0,0,0,0,0,0,comienza a declarar joan tardá como testigo en el juicio contestando al abogado de vox un día en el cual tendremos como testigo rajoy sáez de santanaría mas montoro [url]
f0719555bedad5e90da8d14c3e4d177f,TARDÀ,0,"Comienza el turno de los testigos en el juicio del procés. Los primeros en declarar, políticos como Mariano Rajoy, Soraya Sáenz de Santamaría,  Joan Tardá y Artur Mas.

▶️ https://t.co/Kn0tESKcsf https://t.co/rHwBNVkkSP",es,0,0,0,1,0,0,0,0,0,comienza el turno de los testigos en el juicio del procés los primeros en declarar políticos como mariano rajoy soraya sáenz de santamaría joan tardá y artur mas reproducir [url] [url]
b0dbacaff9bd88fc8cce3743dccba853,TARDÀ,0,"Comienza la declaración como testigo de Joan Tardá. En su primera intervención ha señalado que este es un juicio inspirado en la venganza de un Estado que se sintió humillado"" https://t.co/aBXZGOhSUM",es,0,0,0,0,0,0,0,1,0,comienza la declaración como testigo de joan tardá en su primera intervención ha señalado que este es un juicio inspirado en la venganza de un estado que se sintió humillado [url]
d1d8192c25a539a93f2180f5308b4032,TARDÀ,0,"Comienzan a declarar los testigos en el #juicioprocés. El secretario general de Vox, Javier Ortega , pregunta al diputado de ERC Joan Tardá. Habla en catalán y Marchena le replica: No empezamos bien"" https://t.co/RGkBX6Bvzl""",es,0,0,1,0,0,1,0,2,0,comienzan a declarar los testigos en el juicioprocés el secretario general de vox javier ortega pregunta al diputado de erc joan tardá habla en catalán y marchena le replica no empezamos bien [url]
67632a6b7d51a30b492aa47058e1b5c2,TARDÀ,0,"Con esa cara de no mirarte al espejo hace siglos,  @JoanTarda llama al Supremo casa de los horrores"" y a los golpistas ""defensores de la democracia"" https://t.co/knWBjGAvLB""",es,0,0,0,0,0,1,0,4,0,con esa cara de no mirarte al espejo hace siglos [user] llama al supremo casa de los horrores y a los golpistas defensores de la democracia [url]
e876d20db4e68af2d14d7d385168b4aa,TARDÀ,0,"DIRECTO | Primera pregunta de la acusación particular, ejercida por VOX, al diputado de ERC, Joan Tardá: https://t.co/sw2wIQ6fzU https://t.co/G8nzEJX8Pn",es,0,0,3,0,0,0,0,0,0,directo primera pregunta de la acusación particular ejercida por vox al diputado de erc joan tardá [url] [url]
094b00cdba7a6ce50c82dc8996de22cf,TARDÀ,0,"El #TS cita a los primeros testigos en la causa especial 20907/2017 para los días 26, 27 y 28. El primero en comparecer será el diputado de ERC Joan Tardà https://t.co/ammxYg3IVa",es,0,0,1,0,0,0,0,0,0,el ts cita a los primeros testigos en la causa especial 20907 2017 para los días 26 27 y 28 el primero en comparecer será el diputado de erc joan tardà [url]
19eff6ba16b62d8219362eb68c9cc1e3,TARDÀ,0,"El diputado define que ERC es un “partido republicano, accidentalmente independentista y antifascista” https://t.co/vvynrG4TmS",es,0,0,1,0,0,0,0,2,0,el diputado define que erc es un partido republicano accidentalmente independentista y antifascista [url]
0ddfe505b532e950952095fbec9e976c,TARDÀ,0,"El Frente de Madrid, acompañando a Joan Tardà a declarar al TS, de los pocos políticos transparentes de hoy día, que dice lo que piensa y hace lo que dice !!! Grande Joan ✊🏻 https://t.co/YXQn1c1i50",es,3,0,0,2,0,0,1,0,0,el frente de madrid acompañando a joan tardà a declarar al ts de los pocos políticos transparentes de hoy día que dice lo que piensa y hace lo que dice grande joan puño_en_alto_tono_de_piel_claro [url]
f6bffed02fee9629e11678de3b9bd4b1,TARDÀ,0,"El golpismo catalán en el banquillo. Joan tarda ya empieza a liarla en el juicio. No escucha al Presidente del Supremo, quiere hablar en catalán y dar un discurso político. Esta como testigo.",es,0,0,0,0,0,1,0,0,0,el golpismo catalán en el banquillo joan tarda ya empieza a liarla en el juicio no escucha al presidente del supremo quiere hablar en catalán y dar un discurso político esta como testigo
6aa289a9d6daca0828e832897f9923d0,TARDÀ,0,"El indecente Joan Tardà tilda al Tribunal Supremo de la casa de los horrores""",es,0,0,0,0,0,0,0,1,0,el indecente joan tardà tilda al tribunal supremo de la casa de los horrores
bc023308739b158bbbf20226e47a3749,TARDÀ,0,El juez Marchena corta en seco el intento de mitin político de Joan Tardá en el juicio del 1-O - El Diestro https://t.co/IvBghLNubx,es,0,0,0,0,0,0,0,0,0,el juez marchena corta en seco el intento de mitin político de joan tardá en el juicio del 1 o el diestro [url]
565bab6dfbc264f2f17f33b552e85b45,TARDÀ,0,"El juez Marchena corta en seco el intento de mitin político de Joan Tardá en el juicio del 1-O #FelizMiércoles 

https://t.co/DwEkrB3HCz",es,0,0,0,0,0,0,0,0,0,el juez marchena corta en seco el intento de mitin político de joan tardá en el juicio del 1 o felizmiércoles [url]
2233e0c2328da3d14d24d854dbbe2436,TARDÀ,0,El juez Marchena corta en seco el intento de mitin político de Joan Tardá en el juicio del 1-O https://t.co/v55lRVQg1t vía @ElDiestro_,es,0,0,0,0,0,0,0,0,0,el juez marchena corta en seco el intento de mitin político de joan tardá en el juicio del 1 o [url] vía [user]
e283014d1787317c5e32d85f445ec0d8,TARDÀ,0,El Juez Marchena frenando a Joan Tardá y a los de VOX. Enorme,es,0,0,1,0,0,0,0,0,0,el juez marchena frenando a joan tardá y a los de vox enorme
f45339d1177a04300586bfa8326a4f32,RELATOR,1,"Alguien vs Relator, la película.",es,0,0,0,0,0,0,0,0,0,alguien vs relator la película
1e23311a32fa825338ac735e8db1026b,RELATOR,1,"@ArgeliaQueralt Ejemplo de diálogo.
Él: dame tu cartera.
Ella: no quiero, es mía.
Él: Paco ven para acá, que vas a hacer de relator, y llegamos a un acuerdo en cómo me da la cartera.",es,0,0,0,0,0,1,0,0,0,[user] ejemplo de diálogo él dame tu cartera ella no quiero es mía él paco ven para acá que vas a hacer de relator y llegamos a un acuerdo en cómo me da la cartera
38362107fdf8ace43296b5f4643f98cb,RELATOR,1,"¡Buenos días!

Palabreja de moda es la palabra relator"" pero...para tontuitear un buen día...la sustituiré por cuentista que en la siguiente frase suena mejor:",es,2,0,0,0,0,0,2,1,2,buenos días palabreja de moda es la palabra relator pero para tontuitear un buen día la sustituiré por cuentista que en la siguiente frase suena mejor
0e05a5e3573c9f3330667a05eb65e6cb,RELATOR,1,"@eldiarioes @eldiarioesEco Robando y robando a todos los españoles. Seguro que ha sido el relator.
#ThisIsTheRealSpain
#MarcaEspana
https://t.co/Vm25ZC2lHn",es,0,0,0,0,0,0,0,0,0,[user] [user] robando y robando a todos los españoles seguro que ha sido el relator thisistherealspain marcaespana [url]
119a3eb0c2dc573813f9e75263a651cd,RELATOR,1,"Qué queréis que os diga, pero a mi esto de Relator me suena a título de maqueta de un grupo heavy de Vallecas.",es,0,0,0,0,0,0,0,0,0,qué queréis que os diga pero a mi esto de relator me suena a título de maqueta de un grupo heavy de vallecas
d075802f075f0b70f6a381abdbf253df,RELATOR,1,"Se podría decir que Villarejo es un relator""? 🤔🤨🙄😎 https://t.co/SePbdUfs8F""",es,0,1,0,4,0,0,0,2,0,se podría decir que villarejo es un relator cara_pensativa cara_con_ceja_alzada cara_con_ojos_en_blanco cara_sonriendo_con_gafas_de_sol [url]
2a51bcdeee2f30a60adc149e9cd4315b,RELATOR,1,"Ida y vuelta a bcn de nuevo, me postulo como relator lo confieso https://t.co/itGUnNSH4K",es,0,0,0,0,0,0,0,0,0,ida y vuelta a bcn de nuevo me postulo como relator lo confieso [url]
a7c3da2686f19de185a2c6c5b3ea994b,RELATOR,1,Ojalá Carmen Calvo saliendo a decir “¿Pero no os habéis dado cuenta? Todo este tiempo... ¡el relator... eras tú!” y se va volando agarrada a un paraguas.,es,2,2,0,0,0,1,2,2,2,ojalá carmen calvo saliendo a decir pero no os habéis dado cuenta todo este tiempo el relator eras tú y se va volando agarrada a un paraguas
04eaedde446b0e9bfd2e8de149502cd3,RELATOR,1,"@diostuitero ¿Y un felator?, es decir, un relator felón",es,0,2,0,0,0,0,0,0,0,[user] y un felator es decir un relator felón
4459b7d49c3c555836b66b460ac0bb4a,RELATOR,1,"@Barbijaputa Pero, si los pocos jóvenes que hay, no tienen trabajo,,¿como lo explica? a lo mejor, necesita un relator.",es,0,2,0,0,0,1,0,0,0,[user] pero si los pocos jóvenes que hay no tienen trabajo como lo explica a lo mejor necesita un relator
286d3b660781ae9847a51d0bd6e34216,RELATOR,1,Mi nombre es Relator https://t.co/wWZoOv9AKO,es,0,0,0,0,0,0,0,0,0,mi nombre es relator [url]
1a57a2ccd048cd058f43adc3159fc19d,RELATOR,1,"¿Qué es relator?, dices, mientras clavas 
en mi pupila tu pupila azul, 
¡Qué es relator! ¿Y tú me lo preguntas? 
Relator... eres tú.",es,2,4,0,0,0,0,1,0,1,qué es relator dices mientras clavas en mi pupila tu pupila azul qué es relator y tú me lo preguntas relator eres tú
d0e433e7587e257b178c50667392ecc8,RELATOR,1,"@Kontxaki @elpais_espana Con el y su modelo de vida con yates y obesidad, amistades con famoso premio Nobel de literatura y su puerta giratoria, para que hace falta un relator; Sabra lo que es?",es,0,1,0,0,0,0,0,0,0,[user] [user] con el y su modelo de vida con yates y obesidad amistades con famoso premio nobel de literatura y su puerta giratoria para que hace falta un relator sabra lo que es
516213812ceeb113d85a3f4b8a65efbf,RELATOR,1,@fray_fanatic Pásales tu una de 3000. A modo de consultor/asesor/ relator/ otra cosa que se te ocurra.,es,0,0,0,0,0,0,1,0,0,[user] pásales tu una de 300 a modo de consultor asesor relator otra cosa que se te ocurra
160b931568906bb7c8ed1b4b040a1551,RELATOR,1,8 de febrero. La actualidad pasa por la figura del ‘relator’ que el Gobierno quiere extender a las negociaciones con el País Vasco y los contratos que la asesora de Urbanismo de Carmena cargó al Colegio de Arquitectos para su marido. https://t.co/wmcNxRddlr,es,0,0,0,0,0,0,0,2,0,8 de febrero la actualidad pasa por la figura del relator que el gobierno quiere extender a las negociaciones con el país vasco y los contratos que la asesora de urbanismo de carmena cargó al colegio de arquitectos para su marido [url]
07726e92e76b18555bafb195535ff7f3,RELATOR,1,"@devotchka86 ¡Ponga en su vida un Relator, el último modelo de extensor de pene!",es,2,0,0,0,0,0,0,0,0,[user] ponga en su vida un relator el último modelo de extensor de pene
5e8516f3e1f0ca3c0cc5018224c958aa,RELATOR,1,Me voy a llevar un relator que de fe de que le he pedido al camarero la leche templada.,es,0,0,0,0,0,0,0,0,0,me voy a llevar un relator que de fe de que le he pedido al camarero la leche templada
2f136d90565a04604cdf5ae2b50b76ea,RELATOR,1,"Casado, Rivera, Abascal, Aznar, Guerra y González a Pedro Sánchez:
- Es el Estado, Idiota!
Y un relator transcribió:
- Es el Estado Idiota!
Y #Ahílodejó",es,2,0,0,0,0,0,0,0,0,casado rivera abascal aznar guerra y gonzález a pedro sánchez es el estado idiota y un relator transcribió es el estado idiota y ahílodejó
e86a175c1fa204b1e739cf4060fb401c,RELATOR,1,"Felipe González ha dicho que la movida del relator degrada las instituciones. 

Sí, Felipe González.

Felipe González.",es,0,0,0,0,0,0,0,0,0,felipe gonzález ha dicho que la movida del relator degrada las instituciones sí felipe gonzález felipe gonzález
6bafb03433ef6008dc1d4d6b1a32670a,RELATOR,1,Relator de la pradera,es,0,0,0,0,0,0,0,0,0,relator de la pradera
8d5dd639c5925969f95fdcbf787ce1a9,RELATOR,1,@alfonfrias @EugeniodOrs_ Y yo que iba a proponer a Terminator porque rima con el Relator.,es,0,0,0,0,0,0,0,0,0,[user] [user] y yo que iba a proponer a terminator porque rima con el relator
24d9518a226c54126c5fd32647507682,RELATOR,1,"_  ¿Está el relator ?
Que se ponga https://t.co/8oH1RtzwGM",es,0,2,0,0,0,0,0,0,0,_ está el relator que se ponga [url]
b3ce82701b0c8fafc85421219b6292ae,RELATOR,1,"@governtabarnia @TabarniaToday @sanchezcastejon Con todos mis respetos.
No hace falta dar categoría a esas reuniones. Con mandar a torrente como relator van muy bien servidos.",es,0,0,0,0,0,1,0,0,0,[user] [user] [user] con todos mis respetos no hace falta dar categoría a esas reuniones con mandar a torrente como relator van muy bien servidos
0fd62f42189e8945e3a0e5b7c1807bc0,RELATOR,1,"Se están liando mucho con lo de Relator, Conciliador, Notario, etc... sugiero un secretario de una comunidad de vecinos.",es,0,0,0,0,0,0,1,0,1,se están liando mucho con lo de relator conciliador notario etc sugiero un secretario de una comunidad de vecinos
5b0e4f6d556d9b70e6e431cde453e9e6,RELATOR,1,"¡Señor, saca al Relator del cuerpo de esta niña! https://t.co/WWgNNWjDB1",es,2,0,0,0,0,0,0,0,0,señor saca al relator del cuerpo de esta niña [url]
d5daf9f958a9ba658d95627252afe884,RELATOR,1,@osfernand No me queda claro lo de “relator”...¿no sera “ felator”?,es,0,2,0,0,0,2,1,4,1,[user] no me queda claro lo de relator no sera felator
ae04046de0f1e4b0db09ccf1dda6c474,RELATOR,1,"Hay un método pitagorico para desvelar significados ocultos en el uso de una palabra: descomponiéndola en anagramas; por ejemplo: RELATOR

EL TORRA
TROLEAR - TROLERA
RELATO R (de Republica)
LA RETRO (el contrario de LA PROGRE)
OTRA REL (la serie)
LA TORRE (enroque en el ajedrez)",es,0,0,10,0,0,0,0,0,0,hay un método pitagorico para desvelar significados ocultos en el uso de una palabra descomponiéndola en anagramas por ejemplo relator el torra trolear trolera relato r de republica la retro el contrario de la progre otra rel la serie la torre enroque en el ajedrez
82b7571412ec71fff3fee07b98447e44,RELATOR,1,"Se aproxima a la Tierra un relator del tamaño de Tejas, señor Presidente. https://t.co/vTNNatbLuX",es,0,0,0,0,0,0,0,0,0,se aproxima a la tierra un relator del tamaño de tejas señor presidente [url]
2eacf70906f6f44f2f8001029e509087,RELATOR,1,"¡ATENCIÓN!

Se busca relator para mediar en reunión anual de comunidad de vecinos.
Se valorará experiencia previa",es,2,0,1,0,0,0,0,0,0,atención se busca relator para mediar en reunión anual de comunidad de vecinos se valorará experiencia previa
f24cec7564a096d9510cbcc0caffadb6,RELATOR,1,"@barcelonerias @PDeclan El dictador relator, de Edgar Allan Poe.
(Y dale)",es,0,0,0,0,0,0,0,0,0,[user] [user] el dictador relator de edgar allan poe y dale
1f4b3b6326b7779b95771be41467cba0,RELATOR,1,"Alexa, búscame un relator",es,0,0,0,0,0,0,0,0,0,alexa búscame un relator
b92efd724bb1c51564dce5d46af04c89,RELATOR,1,"Busco relator para mediar entre concebollistas y sincebollistas

Es para un amigo.",es,0,0,0,0,0,0,0,0,0,busco relator para mediar entre concebollistas y sincebollistas es para un amigo
bed2b32512a9b3e143b3ccde274c5fed,RELATOR,1,Y crearemos un Relator que durará mil años!!!! https://t.co/fvtXY5YMEa,es,4,0,0,0,0,0,1,0,0,y crearemos un relator que durará mil años [url]
a1ef325ed3a85543290ef70d6bfc40f4,RELATOR,1,"#LaCafeteraElFelon EL RELATOR, protagonizada por Jason Statham",es,0,0,1,0,0,0,0,0,0,lacafeteraelfelon el relator protagonizada por jason statham
81f01c4ef160bc43daf53a0cbff998de,RELATOR,1,"Sabéis si a Relator"" le dieron algún Goya?.""",es,0,1,0,0,0,0,0,2,0,sabéis si a relator le dieron algún goya
1dbd9655c60aed768772b1d1d4dd1401,RELATOR,1,"Una pregunta tonta: ¿Los presupuestos no se deben aprobar si son buenos o malos para España? ¿Si hay relator son malos y si no, buenos? Si hay 155 ¿vuelven a ser buenos? Si no ¿malos? ASCO DE POLÍTICA Y POLÍTICOS EN ESPAÑA!!!",es,3,8,4,0,0,3,1,0,0,una pregunta tonta los presupuestos no se deben aprobar si son buenos o malos para españa si hay relator son malos y si no buenos si hay 155 vuelven a ser buenos si no malos asco de política y políticos en españa
c34a28675d7f79a92600d9523126a0f1,RELATOR,1,"@sanchezcastejon Buenas, trabajo de cara al público y tengo experiencia de más de 10 años en calmar los ánimos,(un conflicto en un parking es peor que el catalán,lo aseguro) he lidiado con todo tipo de gente.He oído que busca un relator y creo que soy el hombre adecuado. Llámame",es,0,0,0,0,0,0,0,0,0,[user] buenas trabajo de cara al público y tengo experiencia de más de 10 años en calmar los ánimos un conflicto en un parking es peor que el catalán lo aseguro he lidiado con todo tipo de gente he oído que busca un relator y creo que soy el hombre adecuado llámame
7c9594b6a9b6daef4b83564717fcccc3,RELATOR,1,"Regla de tres simple. Si la República duró 7 segundos, el relator durará...",es,0,0,0,0,0,0,1,0,1,regla de tres simple si la república duró 7 segundos el relator durará
3a63125ce2af72a3f4e5f85987322871,RELATOR,1,"- ... y lo atropelló y se dio a la fuga
-¿Pudo ver la matrícula del relator? https://t.co/VvAu3NSpo6",es,0,2,0,0,0,0,1,0,1,y lo atropelló y se dio a la fuga pudo ver la matrícula del relator [url]
f6f2ac424027e1a64e6bcd739a76ff80,RELATOR,1,He lanzado un relator al aire y no vuelan...😱,es,0,0,0,1,0,1,1,0,1,he lanzado un relator al aire y no vuelan cara_gritando_de_miedo
a691bb7b254dfa752f7c332a3003b433,RELATOR,1,"Relator, relator, que es un relator, pues una campaña del sector del automóvil: Seat relator, Ford relator, Audi relator",es,0,0,0,0,0,0,0,0,0,relator relator que es un relator pues una campaña del sector del automóvil seat relator ford relator audi relator
f18f32bc9a46bf08dc585d553d9b333b,RELATOR,1,"En la mesa de partidos con ‘relator’ que el #PSOE acepta estarían:
- Podemos
- Bildu
- PNV
- ERC
- PdCat
- CUP
- Podemos
Y si no aceptas que las elecciones, los parlamentos y los resultados electorales ya no les valen,entonces es que eres un monstruo fascista y no quieres diálogo",es,0,0,4,0,0,3,0,2,0,en la mesa de partidos con relator que el psoe acepta estarían podemos bildu pnv erc pdcat cup podemos y si no aceptas que las elecciones los parlamentos y los resultados electorales ya no les valen entonces es que eres un monstruo fascista y no quieres diálogo
34839100f889b224549e19e59726458a,RELATOR,1,"@luacastro20 @TeoriaMuerta @_nemuimaki Para resolver su problema, le recomiendo prepararlas y acudir a las mismas asistido por un notario, un psicólogo, un médico, un genetista, un aparato de TAC y un relator. Mano de santo oiga.",es,0,0,1,0,0,0,0,0,0,[user] [user] [user] para resolver su problema le recomiendo prepararlas y acudir a las mismas asistido por un notario un psicólogo un médico un genetista un aparato de tac y un relator mano de santo oiga
325e49550f40c1c77c2ac89a7c2f8d24,RELATOR,1,Mis suegros quieren seguir viniendo los domingos a comer a casa Sin relator!!! Ruego el amparo del constitucional.,es,3,0,0,0,0,1,1,0,0,mis suegros quieren seguir viniendo los domingos a comer a casa sin relator ruego el amparo del constitucional
9df4a76824847f52b9c2523450fdcff2,RELATOR,1,Su padre tiene un relator extendido por todo el cuerpo. Lo siento. https://t.co/dDdnjvAS1R,es,0,0,0,0,0,0,1,0,0,su padre tiene un relator extendido por todo el cuerpo lo siento [url]
7bbf9680779f11a7a7a6602a84fd775c,RELATOR,1,"Se filtra que la obra “Ha llegado a su localidad/el camión del tapicero” es, en realidad, fruto del tesón del relator.",es,0,0,0,0,0,0,0,2,0,se filtra que la obra ha llegado a su localidad el camión del tapicero es en realidad fruto del tesón del relator
48b204246c286cee38d95805cf63a74a,RELATOR,1,"Propongo un Relator para poder recuperar los miles de millones q han saqueado en las obras del AVE , estas de acuerdo @pablocasado_",es,0,0,1,0,0,0,0,0,0,propongo un relator para poder recuperar los miles de millones q han saqueado en las obras del ave estas de acuerdo [user]
fdb7417635e1b2095762e34c76fc6552,RELATOR,1,La Gran Corrupción: DEL 'RELATOR' AL 'CATALUÑA NOS ROBA' https://t.co/JzENMPx9tJ,es,0,0,5,0,0,0,0,4,0,la gran corrupción del relator al cataluña nos roba [url]
de86ea5e8970bf02256f824f96792d05,RELATOR,1,También podríamos enviar a Pablo Casado de relator entre Guaidó y Maduro.,es,0,0,0,0,0,0,0,0,0,también podríamos enviar a pablo casado de relator entre guaidó y maduro
24614b61a6ff37055f5752313322cb78,RELATOR,1,"Dime muchacho, ¿dónde te tocó el relator? https://t.co/reSSuPivkc",es,0,2,0,0,0,0,0,0,0,dime muchacho dónde te tocó el relator [url]
0fef96d2e78fe61ab3c2c3807c75b0ae,RELATOR,1,"- Hola, ¿está el relator? Es que nos falta uno en el equipo
- Chaval, eres, MUY tonto https://t.co/JAXBrMVL7T",es,0,2,1,0,0,0,0,0,0,hola está el relator es que nos falta uno en el equipo chaval eres muy tonto [url]
5d6eb3475a942bca61ccf7e3f90805b8,RELATOR,1,"Buenos días. Hace sol. 
--
MINUTO POLÍTICO | Sánchez e Iglesias se reúnen en medio de la tormenta del relator https://t.co/6IMHkgkPQr vía @eldiarioes",es,0,0,2,0,0,0,0,0,0,buenos días hace sol minuto político sánchez e iglesias se reúnen en medio de la tormenta del relator [url] vía [user]
b75a10d6b3d7fa60b307c1283af8ce78,RELATOR,1,"@lavozdeinaki Coño Iñaki, y yo que contaba contigo como Relator!!!! Quizas tambien contamos con los periodistas mas superficiales",es,4,0,0,0,0,0,1,0,0,[user] coño iñaki y yo que contaba contigo como relator quizas tambien contamos con los periodistas mas superficiales
436366fafb413f9823d3c0fab6b570f0,RELATOR,1,"Transparencia. Lo mismo tenemos ya el fichaje del relator"". https://t.co/4JcHDzBauN""",es,0,0,0,0,0,0,0,2,0,transparencia lo mismo tenemos ya el fichaje del relator [url]
af7fbb4f77170dfea672959e7fd53f87,RELATOR,1,"Gente peligrosa @BeVergara
Lo han vuelto a conseguir. Es salir una noticia sobre corrupción del PP, valga la redundancia, y empezar una campaña de despiste.
Hoy les presentamos el Anti-relator https://t.co/7FDtx3IWmC",es,0,0,0,0,0,0,0,0,0,gente peligrosa [user] lo han vuelto a conseguir es salir una noticia sobre corrupción del pp valga la redundancia y empezar una campaña de despiste hoy les presentamos el anti relator [url]
f66231ce7c81d398736fdbc0123334b4,RELATOR,1,Qué relator ni relator. Pa relatora mi gata cuando no le damos la comida que ella quiere.,es,0,0,0,0,0,2,0,0,0,qué relator ni relator pa relatora mi gata cuando no le damos la comida que ella quiere
dc561c6242bff173b546470745ada960,RELATOR,1,"“Un relator para gobernarlos a todos. 
Un relator para encontrarlos, 
un relator para atraerlos a todos y atarlos en las tinieblas.”",es,0,0,0,0,0,0,0,2,0,un relator para gobernarlos a todos un relator para encontrarlos un relator para atraerlos a todos y atarlos en las tinieblas
2b85405baacbfaa548d93233108b23b5,RELATOR,1,... y sostengo que hubo un tercer relator. https://t.co/B71XHDujff,es,0,0,0,0,0,0,1,0,1,y sostengo que hubo un tercer relator [url]
22d472d62754d7fcfdf4debcfbcb14bc,RELATOR,1,"Ya sólo falta que anuncien que Otegi, el hombre de paz"" va a ser el ""relator"". https://t.co/IY2zillUQW""",es,0,0,0,0,0,0,0,4,0,ya sólo falta que anuncien que otegi el hombre de paz va a ser el relator [url]
f8d51baa4e1c933a85439d535712ed06,RELATOR,1,Tener un hijo y que te salga relator,es,0,0,0,0,0,0,0,0,0,tener un hijo y que te salga relator
4e214f98363077ff18a6571ec44fc64b,RELATOR,1,Como se compra a un relator: https://t.co/TkNLF6Y2UI,es,0,0,0,0,0,0,0,0,0,como se compra a un relator [url]
65e0077837a7d00250cfa18a3b12db13,RELATOR,1,Relator no era la última de Shane Black?,es,0,1,0,0,0,1,0,0,0,relator no era la última de shane black
7564862cb941bafbb8d3a598064eb2b1,RELATOR,1,@hector_pablo_ Yo sí no hay relator no contesto,es,0,0,0,0,0,2,0,0,0,[user] yo sí no hay relator no contesto
c47bb60c7ce2c024519663931503b2ec,RELATOR,1,"Que nervios. No vivo en mí...esperando la ansiada comparecencia de los Viernes de la Menestra"" explicando lo del ""relator""...... https://t.co/aJWLgaYRxM""",es,0,0,0,0,0,1,2,4,3,que nervios no vivo en mí esperando la ansiada comparecencia de los viernes de la menestra explicando lo del relator [url]
706483667eb887a6cd1d5b54b6679c4c,RELATOR,1,"Le he hecho un dibujo del relator que se llevó a mi amigo, señora policía. https://t.co/rVJa84x4yL",es,0,0,0,0,0,0,0,0,0,le he hecho un dibujo del relator que se llevó a mi amigo señora policía [url]
6c0b345ac81eeba965e27bf70b879d61,RELATOR,1,"Hoy puede ser un buen día para el relator, Venezuela, el libro de Pedro Sánchez, los independentistas, etcétera  etcétera. Buenos días humanos.",es,0,0,0,0,0,0,0,0,0,hoy puede ser un buen día para el relator venezuela el libro de pedro sánchez los independentistas etcétera etcétera buenos días humanos
80d9dd3fc447a4940587bcb69ba9ed59,RELATOR,1,@Arezno llevar un relator a la primera cita,es,0,0,0,0,0,0,0,0,0,[user] llevar un relator a la primera cita
90a58f7248eb760bbfc505a9d709a801,RELATOR,1,Últimamente se habla en exceso de los jugadores del filial del @RCD_Mallorca que quieren dejar el club.considero normal que esto ocurra. Si el chaval y su padre quieren irse pues que se vayan.creo que todo el mundo es libre para hacerlo.El club tendra que buscar un”relator”,es,0,0,0,0,0,0,0,2,0,últimamente se habla en exceso de los jugadores del filial del [user] que quieren dejar el club considero normal que esto ocurra si el chaval y su padre quieren irse pues que se vayan creo que todo el mundo es libre para hacerlo el club tendra que buscar un relator
052a7b55465b33cc43f79f4ab44bf5c3,RELATOR,1,"@esecundarios Y la Señorita Krabappel y el Relator estaban dentro de un armario haciendo bebés, y yo vi a los bebés, y uno de ellos se quedó mirándome. https://t.co/e0v8Cn4yrW",es,0,0,0,0,0,0,0,0,0,[user] y la señorita krabappel y el relator estaban dentro de un armario haciendo bebés y yo vi a los bebés y uno de ellos se quedó mirándome [url]
253ea11de12df32b7a61c3a8c15eeca1,RELATOR,1,@agarzon @viajeroaitaca_ Vamos a dialogar con un relator....,es,0,0,0,0,0,0,1,0,1,[user] [user] vamos a dialogar con un relator
793d03a3752858ad6c992527d2e392ed,RELATOR,1,"Porque hay DINOSAURIOS"" más ""peligrosos"" que el ""RELATOR"" ...por ejemplo:  -ABASCALSAURIO🦖 -CASADORAPTOR 🦖 -RIVERATOR 🦖 #YoNoVoy""",es,0,0,5,3,0,0,1,6,1,porque hay dinosaurios más peligrosos que el relator por ejemplo abascalsaurio t rex casadoraptor t rex riverator t rex yonovoy
eecef0580d05b739ba1c867950807468,RELATOR,1,@pilarburbruja 👏👏👏. Y sin Relator,es,0,0,0,3,0,1,1,0,0,[user] manos_aplaudiendo manos_aplaudiendo manos_aplaudiendo y sin relator
0682963cbdcfc9aa64eab5575f3a9b89,RELATOR,1,"Relator: persona que se sienta entre el partido que no ha ganado las elecciones en España y el partido que no ha ganado las elecciones en Cataluña, para decidir el futuro de España y Cataluña.",es,0,0,0,0,0,2,0,0,0,relator persona que se sienta entre el partido que no ha ganado las elecciones en españa y el partido que no ha ganado las elecciones en cataluña para decidir el futuro de españa y cataluña
ec8fd843b63e4670ebd326c889910d32,RELATOR,1,@desdelamoncloa #peliculasConRelator El Relator que miraba fijamente a la de Cabra,es,0,0,0,0,0,0,0,0,0,[user] peliculasconrelator el relator que miraba fijamente a la de cabra
b9809e2c763b45da0b5ec7437dae8c6a,RELATOR,1,@desdelamoncloa ¿A donde se va de viaje?. Siempre que.llueven problemas a evadirse con el Falcón. En busca de relator perdido #PeliculasConRelator,es,0,2,0,0,0,0,0,0,0,[user] a donde se va de viaje siempre que llueven problemas a evadirse con el falcón en busca de relator perdido peliculasconrelator
d3fd603c91b9a1c8f2a8d211112e1f9f,RELATOR,1,¡QUEMAD AL RELATOR! https://t.co/wx2jxCD7Li,es,2,0,2,0,0,0,0,0,0,quemad al relator [url]
a3f0d503ce9658af1e8bf0e9df5f57f3,RELATOR,1,"Por favor, algún relator que les informe que no suman para desbloquear nada. https://t.co/KDAj4qCIbv",es,0,0,0,0,0,2,0,0,0,por favor algún relator que les informe que no suman para desbloquear nada [url]
8d7b7d82822226e6ae81baef725ad954,RELATOR,1,"@sanchezcasrejon Mire usted, no le digo lo que pienso porque.... porque no hay un relator que deje constancia, que si no.... me iba a oir usted, vaya si me iba a oir...",es,0,0,0,0,0,3,3,0,3,[user] mire usted no le digo lo que pienso porque porque no hay un relator que deje constancia que si no me iba a oir usted vaya si me iba a oir
37d79ad240ae13320baa4c279aa1a47b,RELATOR,1,"La necia, el fatuo y el relator https://t.co/l1IwankXZh via @libertaddigital",es,0,0,0,0,0,0,0,0,0,la necia el fatuo y el relator [url] via [user]
e772cd493e2793cd678114abb96414f7,RELATOR,1,"Ni relator, ni auror, ni dementor... El único capaz de solucionar los problemas de España está visto que es @JRhodesPianist. Asumidlo ya y pongamos el país de una vez en sus manos. Que son manos de pianista así que mal no nos irá 😛",es,0,0,0,1,0,4,1,0,1,ni relator ni auror ni dementor el único capaz de solucionar los problemas de españa está visto que es [user] asumidlo ya y pongamos el país de una vez en sus manos que son manos de pianista así que mal no nos irá cara_sacando_la_lengua
bd13dbc0c8c820ce4ccf38d502059775,RELATOR,1,"🎵🎵 EL RELATOR OH OH
EL RELATOR UH AH  🎵🎵 https://t.co/lEgWfyHKiX",es,0,0,2,4,0,0,0,0,0,nota_musical nota_musical el relator oh oh el relator uh ah nota_musical nota_musical [url]
9ecc8efb2429eb23f84659258f1cf14f,RELATOR,1,"@pablocasado_  ha dicho k estamos en el peor momento desde el 23f, eso del #relator debe ser un terminator k viene del futuro a decirnos k la humanidad se va a tomar por culo. #YoNoVoy",es,0,0,0,0,0,0,0,0,0,[user] ha dicho k estamos en el peor momento desde el 23f eso del relator debe ser un terminator k viene del futuro a decirnos k la humanidad se va a tomar por culo yonovoy
57a8965d2bebec85daaad9442bfb44e1,RELATOR,1,@Obi_Uan_Kenobi @PSOE Descriptor VS relator. De Hollywood maestro.,es,0,0,1,0,0,0,0,0,0,[user] [user] descriptor vs relator de hollywood maestro
d834155dc1de316443c3f8c412669814,RELATOR,1,Predator vs Relator.,es,0,0,0,0,0,0,0,0,0,predator vs relator
d4c83e0162914e9c78b164312efa36a8,RELATOR,1,"Qué haya un relator es lo peor que le ha pasado a España desde el 23F. Que Rajoy haya ganado unas elecciones haciendo trampas y que el PP haya sido el primer partido en ser condenado por corrupción, ya tal!.",es,1,0,0,0,0,0,0,0,0,qué haya un relator es lo peor que le ha pasado a españa desde el 23f que rajoy haya ganado unas elecciones haciendo trampas y que el pp haya sido el primer partido en ser condenado por corrupción ya tal
153e652fab224da1e106dcfda4284e00,RELATOR,1,@davidrem Uy...lo que me ha dicho! Vamos a necesitar un relator. https://t.co/XNDbc9PX3G,es,1,0,0,0,0,0,1,0,1,[user] uy lo que me ha dicho vamos a necesitar un relator [url]
ca9757a9fcb7a4d785e9432faac342b1,RELATOR,1,"🎶Al Uruguay guay 
yo no voy voy 
porque tengo relator🎶 https://t.co/IphRXAANrW",es,0,0,0,2,0,1,0,0,0,notas_musicales al uruguay guay yo no voy voy porque tengo relator notas_musicales [url]
98ab1b606f8e5b9ba60a2d0f86e808b7,RELATOR,1,Presentar el curriculum de relator en el chalé de Waterloo.,es,0,0,0,0,0,0,0,0,0,presentar el curriculum de relator en el chalé de waterloo
9a39e918107786dad4a32d4d5bad3c39,RELATOR,1,@monicadlcampa Pero qué genialidad humorística y que ácido sarcasmo! Relator tendría que ser ya ese compañero opositor!,es,2,0,0,0,0,0,0,0,0,[user] pero qué genialidad humorística y que ácido sarcasmo relator tendría que ser ya ese compañero opositor
6d9a9e03fc64ae3f0cfbb3c263124028,RELATOR,1,Ojalá Chicote de relator.,es,0,0,0,0,0,0,0,0,0,ojalá chicote de relator
40b289c8406f69fb7e07a9f33e0c380b,RELATOR,1,"@El_Intermedio @LaVozAntena3 El mejor relator de España es Calleja, de ahí sale el dicho ' Tienes más cuento que Calleja'. Yo en lugar de un relator le mandaba al Torra la grabadora del Villarejo con una cinta de 'El cuentacuentos, los chunguitos y del honorable enano cleptómano'.",es,0,0,0,0,0,0,0,4,0,[user] [user] el mejor relator de españa es calleja de ahí sale el dicho tienes más cuento que calleja yo en lugar de un relator le mandaba al torra la grabadora del villarejo con una cinta de el cuentacuentos los chunguitos y del honorable enano cleptómano
6b53bcdc7524a33ab7095e49413b5ba4,RELATOR,1,"Cada vez que oigo lo del relator"" no puede dejar de venírseme a la cabeza la canción esa de los Celtas Cortos de ""🎵🎶....cuéntame un cuento....🎵🎶""""",es,0,0,0,4,0,1,2,4,2,cada vez que oigo lo del relator no puede dejar de venírseme a la cabeza la canción esa de los celtas cortos de nota_musical notas_musicales cuéntame un cuento nota_musical notas_musicales
ca247d303728de33c0b5841b98d5fc86,RELATOR,1,"Estimado Sanchez: lo del “relator” es como lo de “la niña de Rajoy”: ridiculo pero se pasa, tu tranquilo",es,0,0,0,0,0,0,0,4,0,estimado sanchez lo del relator es como lo de la niña de rajoy ridiculo pero se pasa tu tranquilo
14303d0573d6d73262346f376e92c49c,RELATOR,1,"@okdiario Creo que la llamada es para españoles de bien. No se si tu te identificas. Podemos llamar a un relator para aclararlo, si quieres claro.",es,0,0,0,0,0,1,0,0,0,[user] creo que la llamada es para españoles de bien no se si tu te identificas podemos llamar a un relator para aclararlo si quieres claro
8f65a2f7690c13afa05408fb147bc31b,RELATOR,1,"@BlasRuizGrau Blas, no digo nada, pero diciendo, eres relator. A ver si te van a meter en la lista. Podrías hacer con eso una novela negra como para el premio Planeta",es,0,0,0,0,0,2,0,0,0,[user] blas no digo nada pero diciendo eres relator a ver si te van a meter en la lista podrías hacer con eso una novela negra como para el premio planeta
787ed15d05b33963e575aafb92aab567,RELATOR,1,Tengo un conflicto con un personaje q no quiere ceñirse al guión inicial. ¿Algún relator en la sala?,es,0,2,0,0,0,1,0,0,0,tengo un conflicto con un personaje q no quiere ceñirse al guión inicial algún relator en la sala
ad42f3570d8d92c5af0787cdaf984d15,RELATOR,1,"Digamos relator"" a lo Chiquito igual así se dan cuenta de lo ridículo de todo esto (ese relator de la pradera)""",es,0,0,0,0,0,0,0,2,0,digamos relator a lo chiquito igual así se dan cuenta de lo ridículo de todo esto ese relator de la pradera
5f42eec50ee062668cd098bf4ed0ea5e,RELATOR,1,"@protestona1 También que le expliquen que un relator"" no es un anticonceptivo",es,0,0,0,0,0,1,0,1,0,[user] también que le expliquen que un relator no es un anticonceptivo
c56dd3743e1a46d4a0df71b614b37f1b,RELATOR,1,"Jenofonte relator... Bueno, Jenofont

#relator, la película",es,0,0,0,0,0,0,1,0,1,jenofonte relator bueno jenofont relator la película
819a76fb9a6bdb3394d6e48d3aac6886,RELATOR,1,@FBenot @PoliciaKofrade Me pido el comodín del relator 😁,es,0,0,0,1,0,0,0,0,0,[user] [user] me pido el comodín del relator cara_radiante_con_ojos_sonrientes
443b1226c46d66b83363b9cedb81d290,RELATOR,1,@Alvisepf @tv3cat Habrá que esperar haber que opinan el RELATOR del programa,es,0,0,1,0,0,0,0,0,0,[user] [user] habrá que esperar haber que opinan el relator del programa
324471a07289b7f89c58069911143506,RELATOR,1,"@avecesensayo @exSociata Lamento decir que lo que vais a tener es un relato, que no es lo mismo que relator pero os va a confundir más",es,0,0,0,0,0,1,0,0,0,[user] [user] lamento decir que lo que vais a tener es un relato que no es lo mismo que relator pero os va a confundir más
cf95ef20f8ee0573ef85c84d3c83f676,RELATOR,1,¿Soy la única a la que la palabra RELATOR le suena en la cabeza con tono de King Africa? RELATOOORRRRRRRRRRRRRRRRRRRRRRRRRRRRRRRR,es,0,2,2,0,0,0,2,0,0,soy la única a la que la palabra relator le suena en la cabeza con tono de king africa relatoorr
2c5ac3734d15e6d17cd9a449e4235e1f,RELATOR,1,"@Adrilastra @PSOE Para qué un relator si hay unas grabadoras magníficas (ahora de rebajas) y nos sale más barato el show de Sanchez sólo para seguir ocupando Moncloa un poco más y volar en jet (jet viene de jeta, q nadie se olvide)",es,0,0,1,0,0,1,0,0,0,[user] [user] para qué un relator si hay unas grabadoras magníficas ahora de rebajas y nos sale más barato el show de sanchez sólo para seguir ocupando moncloa un poco más y volar en jet jet viene de jeta q nadie se olvide
45fe518cfe8d72a19c0fdc3c9705429f,RELATOR,1,"@Albiol_XG @socialistes_cat @LaVanguardia Yo le preguntaría al okupa de la Moncloa @sanchezcastejon si a todos los presuntos delincuentes acusados de graves delitos a partir de ahora van a tener RELATOR"" para mediar con los jueces y fiscales.""",es,0,0,1,0,0,0,0,2,0,[user] [user] [user] yo le preguntaría al okupa de la moncloa [user] si a todos los presuntos delincuentes acusados de graves delitos a partir de ahora van a tener relator para mediar con los jueces y fiscales
66917452043845f9462f5cd7110f0c05,RELATOR,1,"@crujjido @Luka63 @231Vigo @PacoFran7 @BarreirAurora @Gaby51904891 @Rosemarie0548 @ARRAUTXES @Cordobesainfliz @g_palmira @Martina33365320 @PMajeton Por cierto, ya es oficial Me lo han pasado y os lo hago llegar. Ya hay Relator. Lo han hecho. Tremendo.",es,0,0,1,0,0,0,1,0,0,[user] [user] [user] [user] [user] [user] [user] [user] [user] [user] [user] [user] por cierto ya es oficial me lo han pasado y os lo hago llegar ya hay relator lo han hecho tremendo
00e407409ccb559618388d78c6a45515,RELATOR,1,"@AlvaroColomer Yo soy mediador pero para estos casos mejor un relator, sin duda.",es,0,0,0,0,0,1,0,0,0,[user] yo soy mediador pero para estos casos mejor un relator sin duda
bbfa3514fd3aa297bbe46b43ff22defd,RELATOR,1,"- Mani en Madrid.

-¿Para denunciar el 37% de murcianos en edad laboral y en riesgo de pobreza?

-¡No!, a criticar no sé qué de un relator.

#YoNoVoy #Murcia https://t.co/3gICQ4oIBW",es,2,2,0,0,0,2,0,0,0,mani en madrid para denunciar el 37 de murcianos en edad laboral y en riesgo de pobreza no a criticar no sé qué de un relator yonovoy murcia [url]
24765c995a008dcb1adb1c198ba987d3,RELATOR,1,Yo no entiendo de política pero eso de relator me suena a terminator o a superhéroe https://t.co/hgK3DvFMNE,es,0,0,0,0,0,1,0,0,0,yo no entiendo de política pero eso de relator me suena a terminator o a superhéroe [url]
c11dbd97e396e2f8c3a009e875b0a3b7,RELATOR,1,"@carlestorras Buscan un relator, Carles. Dales el currículum.",es,0,0,0,0,0,0,0,0,0,[user] buscan un relator carles dales el currículum
8befeb80b78ddb66e1fd330ffffa206b,RELATOR,1,@carmennublo La figura del relator o médium no deja de suscitar chascarrillos. Dicen que se le ocurrió a Napoleón-puigMAMÓN y la Einstein Calvo sólo la mejoró.,es,0,0,0,0,0,1,0,0,0,[user] la figura del relator o médium no deja de suscitar chascarrillos dicen que se le ocurrió a napoleón puigmamón y la einstein calvo sólo la mejoró
dda98f7aafd8b1da6fd5831c7baf03b4,RELATOR,1,@cultrun Cuando haya un Rey de los Españoles ya habrá #Relator https://t.co/XciUMQ1HVP,es,0,0,0,0,0,0,0,0,0,[user] cuando haya un rey de los españoles ya habrá relator [url]
8af0ee88419f90533356a52ff7af0867,RELATOR,0,"@Apapell Postura valiente es esconderse detrás de un relator"" para lavarse las manos y dejar que los indultos y la próxima DUI sean inevitables?""",es,0,1,1,0,0,0,0,2,0,[user] postura valiente es esconderse detrás de un relator para lavarse las manos y dejar que los indultos y la próxima dui sean inevitables
7b051c2a81d54a48342abfa19969bcd2,RELATOR,0,@juantorreslopez Lo importante es hasta que punto se cede en el diálogo. Si no se cede en nada importante creo que lo del relator no tiene importancia. Es una figura que no tendrá incidencia pero en España ya nos indignamos por cualquier cosa.,es,0,0,0,0,0,4,0,0,0,[user] lo importante es hasta que punto se cede en el diálogo si no se cede en nada importante creo que lo del relator no tiene importancia es una figura que no tendrá incidencia pero en españa ya nos indignamos por cualquier cosa
697056405369103eb7218dc4271b30b1,RELATOR,0,"✏️ #OPINIÓN | Charo Zarzalejos: El relato y el relator"" https://t.co/Qbv65i5OqU vía @24clm""",es,0,0,1,1,0,0,0,2,0,lápiz opinión charo zarzalejos el relato y el relator [url] vía [user]
a826d91c37b3122bee19ead258501ee5,RELATOR,0,"🗞️ El Gobierno quiere extender la figura del “relator” a las negociaciones con el País Vasco

La figura del “relator” que Pedro Sánchez ha ofrecido a los separatistas catalanes ha sido diseñada de la mano de PNV

Se salta claramente el papel del Congreso 

https://t.co/JjS6RTMX36",es,0,0,1,1,0,0,0,4,0,periódico_enrollado el gobierno quiere extender la figura del relator a las negociaciones con el país vasco la figura del relator que pedro sánchez ha ofrecido a los separatistas catalanes ha sido diseñada de la mano de pnv se salta claramente el papel del congreso [url]
db37f71616f5c50236b99aaa5d4e9ea1,RELATOR,0,"@Tonicanto1 @andoniortuzar Solo hay que ver quienes apoyan la figura del relator-mediador para darse cuenta que es un error:
-PSOE
-ERC
-Podemos
-PdCat
-PNV

Cuando algo que hayan pactado estos partidos juntos ha sido beneficioso para el conjunto de España?",es,0,1,3,0,0,0,0,0,0,[user] [user] solo hay que ver quienes apoyan la figura del relator mediador para darse cuenta que es un error psoe erc podemos pdcat pnv cuando algo que hayan pactado estos partidos juntos ha sido beneficioso para el conjunto de españa
fcebde8c63b4cb51b8d4ee97af7a37a7,RELATOR,0,"Ferraz 'vende' ahora a los barones del PSOE que el relator es garantía de transparencia"" https://t.co/YXU7QqEoCR""",es,0,0,1,0,0,0,0,4,0,ferraz vende ahora a los barones del psoe que el relator es garantía de transparencia [url]
1945c6849b6efa5e04767600a618c5e3,RELATOR,0,"Desde el humor nos definen la palabra relator""  https://t.co/qST2RUQDKb""",es,0,0,0,0,0,0,0,2,0,desde el humor nos definen la palabra relator [url]
f3d9389e6cab34335a9651eba1f12578,RELATOR,0,"Calvo está abrasada"": la mayoría del Gobierno desconocía el plan de la vicepresidenta de nombrar un relator https://t.co/d0yBM4GBjm vía @voz_populi""",es,0,0,0,0,0,0,0,2,0,calvo está abrasada la mayoría del gobierno desconocía el plan de la vicepresidenta de nombrar un relator [url] vía [user]
9c4a2f1d44f1232f664753cf0b1aa363,RELATOR,0,"Ortuzar, sobre la polémica del relator: Estaban buscando una excusa para montar el lío en Madrid"" - https://t.co/VUcUBKAg9b""",es,0,0,0,0,0,0,0,2,0,ortuzar sobre la polémica del relator estaban buscando una excusa para montar el lío en madrid [url]
c328045ab95e6309e1e20a75894c0ec5,RELATOR,0,"El problema no es el relator, sino la mesa de partidos.",es,0,0,0,0,0,2,0,0,0,el problema no es el relator sino la mesa de partidos
52bde091b0e0c4bd9cf8730b90a02e2b,RELATOR,0,🎙@AustraliaPP en @radioclubSER: El gobierno de la nación ha comprado el relato independentista.Con la figura del relator pone en igualdad el gobierno del estado con el de una C. Autónoma como partes enfrentadas. No vale todo para seguir unos días más en el gobierno,es,0,0,0,1,0,1,0,0,0,micrófono_de_estudio [user] en [user] el gobierno de la nación ha comprado el relato independentista con la figura del relator pone en igualdad el gobierno del estado con el de una c autónoma como partes enfrentadas no vale todo para seguir unos días más en el gobierno
a3e2f2b64c7d57f9bab9874af74cd026,RELATOR,0,"¿Qué es y qué implica la figura del relator? - Mis comentarios en la mesa de expertos en 'La Noche en 24 horas'

https://t.co/dlRtwKEsdo   #relator",es,0,2,0,0,0,0,1,2,0,qué es y qué implica la figura del relator mis comentarios en la mesa de expertos en la noche en 24 horas [url] relator
aeb2e562ceb47d6cc50364e8c744529b,RELATOR,0,"Calvo está abrasada"": la mayoría del Gobierno desconocía el plan de la vicepresidenta de nombrar un relator https://t.co/ZInuxZ4rQk vía @voz_populi""",es,0,0,0,0,0,0,0,2,0,calvo está abrasada la mayoría del gobierno desconocía el plan de la vicepresidenta de nombrar un relator [url] vía [user]
912aa10ddab8b2b4db9293745b943fac,RELATOR,0,"@JoaqunRomero @cronicaglobal El relator explicado por el Gobierno, esta lleno de dudas. Dicen que es para una mesa de partidos, pero quien los propone, rechaza o acepta, son el Gobierno o el Govern. Aclarenlo, ¿partidos o instituciones?. Aunque estuvieran en esa mesa, las mismas personas, NO es lo mismo.",es,0,2,0,0,0,1,0,0,0,[user] [user] el relator explicado por el gobierno esta lleno de dudas dicen que es para una mesa de partidos pero quien los propone rechaza o acepta son el gobierno o el govern aclarenlo partidos o instituciones aunque estuvieran en esa mesa las mismas personas no es lo mismo
c961cbb721df014e5b2ea543c7b02045,RELATOR,0,🗞📰 #Portada de @abc_es que titula: El relator de Sánchez incendia el PSOE. https://t.co/h42mUSMmBi,es,0,0,1,2,0,0,0,0,0,periódico_enrollado periódico portada de [user] que titula el relator de sánchez incendia el psoe [url]
b3e426194da8205acfff9bad07393e22,RELATOR,0,"EL MEJOR RELATOR"" para la mesa de diálogo  de partidos que funciona en el Parlament",es,0,0,2,0,0,0,0,1,0,el mejor relator para la mesa de diálogo de partidos que funciona en el parlament
c1cf819da7ca0ffc5628f7a3b842b2b9,RELATOR,0,"Peca de ingenuo Sánchez si cree que los indepes"" se van a conformar con el ""relator"". Han olido sangre y han visto en su ambición desmedida y en su debilidad moral absoluta la oportunidad perfecta. No pararán. Pase lo que pase Sánchez será víctima de sí mismo.""",es,0,0,0,0,0,1,0,4,0,peca de ingenuo sánchez si cree que los indepes se van a conformar con el relator han olido sangre y han visto en su ambición desmedida y en su debilidad moral absoluta la oportunidad perfecta no pararán pase lo que pase sánchez será víctima de sí mismo
1adcc9544bc6eda540bc52309491baec,RELATOR,0,"Gallardo (PSOE) sobre el relator: Las ocurrencias de Iceta nos suelen salir caras a los socialistas""",es,0,0,1,0,0,0,0,1,0,gallardo psoe sobre el relator las ocurrencias de iceta nos suelen salir caras a los socialistas
c55269b02b73dbc8dc7d9a282103fdf0,RELATOR,0,"El relator es el medio que nos permite ver la España real: esa derecha que da miedo, ese psoe pesebrero que asusta, esas viejas glorias ancladas en un pasado por olvidar. https://t.co/luYiyI2pCl",es,0,0,0,0,0,0,0,0,0,el relator es el medio que nos permite ver la españa real esa derecha que da miedo ese psoe pesebrero que asusta esas viejas glorias ancladas en un pasado por olvidar [url]
eb93d489426e18e6fe7e36fc67b564a2,RELATOR,0,"🔴Comienza ya la #tertulia con @VictorLapuente, @pacomarhuenda y Antonio Lucas. Los temas para hoy:

🔹La manifestación del domingo
🔹Felipe González y el relator
🔹Los inependentistas cantan la gallina

▶️https://t.co/ByjNZ5XuYA https://t.co/PnISgpvOQG",es,0,0,0,5,0,0,0,0,0,círculo_rojo comienza ya la tertulia con [user] [user] y antonio lucas los temas para hoy rombo_azul_pequeño la manifestación del domingo rombo_azul_pequeño felipe gonzález y el relator rombo_azul_pequeño los inependentistas cantan la gallina reproducir [url] [url]
958115f5f7a8d442e8134f9554193980,RELATOR,0,"@24h_tve El de detrás es Pablo Casado y no un indepe catalán. No te confundas!. Mira la que ha montado por una palabrita relator"" muy ""relacionada""""",es,1,0,0,0,0,2,0,4,0,[user] el de detrás es pablo casado y no un indepe catalán no te confundas mira la que ha montado por una palabrita relator muy relacionada
a55d95c9a3a4538c37a599b8ae468041,RELATOR,0,La figura del “relator” que Pedro Sánchez ha ofrecido a separatistas catalanes ha sido diseñada de la mano de PNV y con las miras puestas en aceptar que negociaciones con determinadas regiones pueden equiparar a las que se mantiene entre países soberanos. https://t.co/ndfInqb2fj,es,0,0,1,0,0,0,0,2,0,la figura del relator que pedro sánchez ha ofrecido a separatistas catalanes ha sido diseñada de la mano de pnv y con las miras puestas en aceptar que negociaciones con determinadas regiones pueden equiparar a las que se mantiene entre países soberanos [url]
10e94d533b160c4a9f14a987dd286106,RELATOR,0,¿El relator como error de Sánchez? https://t.co/2SBDPpLvDz,es,0,2,0,0,0,0,0,0,0,el relator como error de sánchez [url]
257e3c74aeef64855dfe2fdec7016c9b,RELATOR,0,"#FelizFinde El relator"" para cambiar el relato según el gusto de la #IzMierda💩 y demás enemigos de #España",es,0,0,0,1,0,0,0,1,0,felizfinde el relator para cambiar el relato según el gusto de la izmierda caca_con_ojos y demás enemigos de españa
e4aa983bd53f6f7df940dea274e27f6e,RELATOR,0,"@ArgeliaQueralt Una mesa de partidos en la que sólo estarán los soberanistas y el socialista, sin los partidos más votados en Cataluña y en España, no puede ser una solución. Hay instituciones adecuadas para ese diálogo: https://t.co/1uMmkhUQBK",es,0,0,0,0,0,2,0,0,0,[user] una mesa de partidos en la que sólo estarán los soberanistas y el socialista sin los partidos más votados en cataluña y en españa no puede ser una solución hay instituciones adecuadas para ese diálogo [url]
d28c8bc3760bba6f76f5dea2f1b08982,RELATOR,0,Grave maniobra de Sánchez o estrategia ganadora con la figura del relator vía @cronicaglobal https://t.co/MtPQXpopwb,es,0,0,0,0,0,0,0,0,0,grave maniobra de sánchez o estrategia ganadora con la figura del relator vía [user] [url]
c4a2af366908eb213d79aaa6f011f0ff,RELATOR,0,El 'pequeño Nicolás' se ofrece como relator en Cataluña y su abogada renuncia a su defensa https://t.co/ZtRQVkKrgt vía @laSextaTV,es,0,0,0,0,0,0,0,2,0,el pequeño nicolás se ofrece como relator en cataluña y su abogada renuncia a su defensa [url] vía [user]
edee30b19d1b3daf9a79faccac8e8552,RELATOR,0,"Sanchez destruye las instituciones y la credibilidad de su partido y su gobierno con un solo objetivo: Él.

El único relator que se necesita es el que le “relate” a él el manual de cómo dimitir. https://t.co/mIZVFdCMXi",es,0,0,0,0,0,0,0,2,0,sanchez destruye las instituciones y la credibilidad de su partido y su gobierno con un solo objetivo él el único relator que se necesita es el que le relate a él el manual de cómo dimitir [url]
258cf8f63dff61db0dafff97ce7dad1c,RELATOR,0,"En plena crisis del relator y tras posponerla dos veces por la bronca desatada por el anuncio de Errejón de sumarse a la candidatura de Carmena

Sánchez e Iglesias se reúnen para intentar desbloquear su acuerdo presupuestario

https://t.co/3dUYh70RiN https://t.co/q4ZO4v9KJo",es,0,0,0,0,0,0,0,0,0,en plena crisis del relator y tras posponerla dos veces por la bronca desatada por el anuncio de errejón de sumarse a la candidatura de carmena sánchez e iglesias se reúnen para intentar desbloquear su acuerdo presupuestario [url] [url]
bf0a2e51f10ed5b1977207a67247ea08,RELATOR,0,"Nuestros políticos no necesitan un relator sino a Supernanny para enseñarles a hablar sin insultarse,  a construir sin destruir,  a mirar al pueblo y no a sus ombligos,...  Pésimo modelo para luego pedir que la escuela lo arregle todo... No quiero políticos modelo tele5.",es,0,0,0,0,0,6,2,0,2,nuestros políticos no necesitan un relator sino a supernanny para enseñarles a hablar sin insultarse a construir sin destruir a mirar al pueblo y no a sus ombligos pésimo modelo para luego pedir que la escuela lo arregle todo no quiero políticos modelo tele5
76b57f69554bd98610b09ff8a2990fa2,RELATOR,0,"@odonelorza2011 @abarceloh25 Ese es el lado bueno y me congratulo de ello, pero hace pocos días Angels pidió elecciones generales por según ella la claudicación"" de Sánchez al independentismo por ""el relator"".Una de cal y otra de arena.Palo y zanahoria al burro.Ambigüedad. #YoNoVoy""",es,0,0,0,0,0,0,0,4,0,[user] [user] ese es el lado bueno y me congratulo de ello pero hace pocos días angels pidió elecciones generales por según ella la claudicación de sánchez al independentismo por el relator una de cal y otra de arena palo y zanahoria al burro ambigüedad yonovoy
fda9f8b513b641263a06dc4de0f89d00,RELATOR,0,Pero... ¿qué es un relator? https://t.co/iKbMVniljS via @Fundeu,es,0,2,0,0,0,0,1,0,1,pero qué es un relator [url] via [user]
b1d2c784651bfe3e5dc4a850936b0e91,RELATOR,0,"Unanimidad en la prensa española (‘El País’ incluido), contra el relator de Pedro Sánchez https://t.co/Lmu11hbnUx",es,0,0,0,0,0,0,0,2,0,unanimidad en la prensa española el país incluido contra el relator de pedro sánchez [url]
2f3ff588e52bea13653cc2aa8a15cf61,RELATOR,0,"El problema no ha sido el relator.

Ha sido el relato.",es,0,0,0,0,0,1,0,0,0,el problema no ha sido el relator ha sido el relato
029a2ce17d5152f55ca199a8229d28f0,RELATOR,0,Felipe González rechaza el relator y la mesa de partidos porque supone degradar el Parlament y el Congreso https://t.co/Uf84DMqAng,es,0,0,0,0,0,0,0,0,0,felipe gonzález rechaza el relator y la mesa de partidos porque supone degradar el parlament y el congreso [url]
4ecb805137785c5741569b30268efb0b,RELATOR,0,Barones contra barones en el PSOE por el “relator” para Cataluña  https://t.co/fCLEmP7juT vía @ecd_,es,0,0,1,0,0,0,0,2,0,barones contra barones en el psoe por el relator para cataluña [url] vía [user]
4b933e27b4861eec522d595a1710b71d,RELATOR,0,"Grave maniobra de Sánchez o estrategia ganadora con la figura del relator vía @cronicaglobal 
https://t.co/79AG70xETQ",es,0,0,0,0,0,0,0,0,0,grave maniobra de sánchez o estrategia ganadora con la figura del relator vía [user] [url]
d007d9754940929494bd6c342dedb2d1,RELATOR,0,Pedro Sánchez y el relator. FORJA 021 https://t.co/sakBEZ1Hrr vía @YouTube,es,0,0,1,0,0,0,0,0,0,pedro sánchez y el relator forja 021 [url] vía [user]
13168d52d95647bdc93fe53e26111b19,RELATOR,0,"El Gobierno quiere extender la figura del “relator” a las negociaciones con el País Vasco... 
https://t.co/bQoA62tdLu
...y ordena redefinir el “relator” como un “dinamizador de diálogos” https://t.co/zGEOIYbzYK",es,0,0,0,0,0,0,2,6,2,el gobierno quiere extender la figura del relator a las negociaciones con el país vasco [url] y ordena redefinir el relator como un dinamizador de diálogos [url]
45b76891f03a507f7a4b5f7eb2232313,RELATOR,0,"🔊 .@BelenHoyo justifica el tono de @pablocasado_, que llamó traidor"" a @sanchezcastejon por proponer la figura del ""relator""",es,0,0,0,1,0,0,0,3,0,altavoz_a_volumen_alto [user] justifica el tono de [user] que llamó traidor a [user] por proponer la figura del relator
623cb5f514db4213236e0a4f81a8ccac,RELATOR,0,@sanchezcastejon Josep Bou ¿Una mesa de partidos para negociar qué? Es inadmisible e inmoral que @sanchezcastejon ponga al Estado de Derecho en plano de igualdad con los separatistas. #Sanchez #BouBCN2019 #relator #mediador @susannagriso #EspejoPúblico https://t.co/K8vsvrZHug,es,0,2,0,0,0,0,0,0,0,[user] josep bou una mesa de partidos para negociar qué es inadmisible e inmoral que [user] ponga al estado de derecho en plano de igualdad con los separatistas sanchez boubcn2019 relator mediador [user] espejopúblico [url]
29949f2b5df457b70872b17e646a0378,RELATOR,0,"CCOO y UGT presionan a Sánchez: Preocupa más llegar a fin de mes que el relator"": https://t.co/EUjC02lAhC vía @Voz_Populi""",es,0,0,2,0,0,0,0,2,0,ccoo y ugt presionan a sánchez preocupa más llegar a fin de mes que el relator [url] vía [user]
620ad323349829b76716d4a38d6370c0,RELATOR,0,El relator y el relato ⁦@_ignaciomolina⁩ #JuntosSomosMas  https://t.co/cQcJ9m97fH,es,0,0,0,0,0,0,0,0,0,el relator y el relato [user] juntossomosmas [url]
b5b8dadc0705be16309bbf0991d0841a,RELATOR,0,"“Antes que un relator que salve el presupuesto, se necesita un relato coherente para renovar nuestra convivencia”",es,0,0,0,0,0,0,0,2,0,antes que un relator que salve el presupuesto se necesita un relato coherente para renovar nuestra convivencia
7e4c1b861a230e8b5bc583eb69e08af6,RELATOR,0,"El equipo de comunicación de Moncloa, incapaz de crear un discurso alineado sobre el ‘relator’ https://t.co/gYVY6RZHbY",es,0,0,0,0,0,0,0,2,0,el equipo de comunicación de moncloa incapaz de crear un discurso alineado sobre el relator [url]
10d626361b232492aa3e0d0474290d6b,RELATOR,0,"Para mí, el mejor relator es el Juez Pablo Llarena",es,0,0,0,0,0,0,0,0,0,para mí el mejor relator es el juez pablo llarena
171729a3d5c3c534dfa0dd8dbce1958d,RELATOR,0,https://t.co/KhbMetY1MN Una mirada distinta sobre el dichoso relator.,es,0,0,0,0,0,0,0,0,0,[url] una mirada distinta sobre el dichoso relator
ef50217b4d2853ac8f9fd57883fb0509,RELATOR,0,@ErnestoEkaizer Relator ni hostias. Este es tu relator mentecato. https://t.co/UMIg1pM6Kx,es,0,0,0,0,0,1,0,0,0,[user] relator ni hostias este es tu relator mentecato [url]
28fc5a77704aee8d50d398f2123fc8a5,RELATOR,0,"La derecha (y una parte de la izquierda anquilosada o temerosa de perder virreinatos) no se opone al relator. Lo que rechaza en realidad es el diálogo en sí. Saca demasiados réditos del conflicto catalán como para acabar con él. @luis_mauri_  @Opinion_EPC
https://t.co/veyMQ4eG1w",es,0,0,0,0,0,1,0,0,0,la derecha y una parte de la izquierda anquilosada o temerosa de perder virreinatos no se opone al relator lo que rechaza en realidad es el diálogo en sí saca demasiados réditos del conflicto catalán como para acabar con él [user] [user] [url]
b22a27f924b2b0e52678ca95636b3eaf,RELATOR,0,"Felipe González rechaza el relator y acusa a Sánchez de degradar las instituciones"" https://t.co/oQqazndJcj vía @diario_de_ibiza""",es,0,0,0,0,0,0,0,2,0,felipe gonzález rechaza el relator y acusa a sánchez de degradar las instituciones [url] vía [user]
096c84ced1b23bfb2f714429905b92b5,RELATOR,0,"Sánchez e Iglesias se reúnen en secreto para desbloquear la negociación de los Presupuestos. el miércoles por la mañana en Moncloa, en plena crisis"" después de q el Gobierno aceptara un relator en la mesa de partidos para Catalunya https://t.co/wbMq80WGaf #LaCafeteraElFelon""",es,0,0,0,0,0,0,0,2,0,sánchez e iglesias se reúnen en secreto para desbloquear la negociación de los presupuestos el miércoles por la mañana en moncloa en plena crisis después de q el gobierno aceptara un relator en la mesa de partidos para catalunya [url] lacafeteraelfelon
ce362b513c77e099e9970e3886ca990d,RELATOR,0,Ninguna mesa de partidos puede reemplazar al Parlament. La presencia de un relator aumenta la confusión. Su función puede ser sustituida por un funcionario. El trabalenguas de la Sra. Calvo no convence a nadie. La mesa de partidos no requiere la presencia de un notario.,es,0,0,0,0,0,4,0,0,0,ninguna mesa de partidos puede reemplazar al parlament la presencia de un relator aumenta la confusión su función puede ser sustituida por un funcionario el trabalenguas de la sra calvo no convence a nadie la mesa de partidos no requiere la presencia de un notario
28b1835293cce9d5c38f9c09219743da,RELATOR,0,"@J_Zaragoza_ Una cosa es dialogar y otra es vender un país siendo presidente con apoyos nunca vistos, que incluya esto del relator y las 20 ypico conficiones en su programa electoral, así sería realmente legitimo pero de este modo se está cargando el partido.",es,0,0,0,0,0,1,0,0,0,[user] una cosa es dialogar y otra es vender un país siendo presidente con apoyos nunca vistos que incluya esto del relator y las 20 ypico conficiones en su programa electoral así sería realmente legitimo pero de este modo se está cargando el partido
5e10c6f6c5ef5a7e8b26f2b65b9798ab,RELATOR,0,"La dignidad de @sanchezcastejon consiste en poner un relator, figura totalmente prescindible, a una mesa de negociación llamada de autodeterminación"".""",es,0,0,0,0,0,0,0,2,0,la dignidad de [user] consiste en poner un relator figura totalmente prescindible a una mesa de negociación llamada de autodeterminación
013d5079da10e99df3b42a6153edf1a4,RELATOR,0,Felipe González se suma a las críticas contra el relator de Pedro Sánchez https://t.co/gB1P8P2iun,es,0,0,0,0,0,0,0,0,0,felipe gonzález se suma a las críticas contra el relator de pedro sánchez [url]
e85a71dff5b8ddae01de66370ac31d59,RELATOR,0,"@publico_es @sanchezcastejon La izquierda sigue dividida por individuos como el, si a Rajoy se le hubiera ocurrido la camándula del relator, no diría nada el muy hipocrita",es,0,0,0,0,0,2,0,0,0,[user] [user] la izquierda sigue dividida por individuos como el si a rajoy se le hubiera ocurrido la camándula del relator no diría nada el muy hipocrita
daa46f786817f9de7928938a07352300,RELATOR,0,El PDECat advierte a Sánchez que el relator no es suficiente para aprobar los Presupuestos https://t.co/zEwM0Vj0Nu,es,0,0,0,0,0,1,0,0,0,el pdecat advierte a sánchez que el relator no es suficiente para aprobar los presupuestos [url]
a7e75601eb9c556c0de2a31786cc72af,RELATOR,0,"Àngels Barceló, acusada de 'traidora' por los 'indepes' por criticar al 'relator' vía @cronicaglobal https://t.co/VzFJhJnPtv",es,0,0,0,0,0,0,0,6,0,àngels barceló acusada de traidora por los indepes por criticar al relator vía [user] [url]
48b12fabf87ce6951241da48d6fc8e7e,RELATOR,0,"Ortuzar, sobre la polémica del relator: Estaban buscando una excusa para montar el lío en Madrid"" https://t.co/hMY7ae4MEp vía @Hora25""",es,0,0,0,0,0,0,0,2,0,ortuzar sobre la polémica del relator estaban buscando una excusa para montar el lío en madrid [url] vía [user]
5ce88b9fdf299bdf47463618171ecd6e,RELATOR,0,"El problema no es el #relator el problema ha sido el #relato, que no ha existido. 
Lo infumable no es el relator, es hacer #Politica de #Venezuela mientras se critica a los #venezolanos. 
¿Quien se autoproclamará el domingo...1, 2 o los 3?...y, ¿los reconocerá @realDonaldTrump?",es,0,4,0,0,0,3,2,0,2,el problema no es el relator el problema ha sido el relato que no ha existido lo infumable no es el relator es hacer politica de venezuela mientras se critica a los venezolanos quien se autoproclamará el domingo 1 2 o los 3 y los reconocerá [user]
af439ee4d5e8329ac3f90fce4c71156a,RELATOR,0,@iescolar La derecha racista solo piensa en la represion del pueblo catalan. Como se pone por una figura de relator q ha existido en España para conflictos menos dramaticos. 8 años de catalanes en la calle sin una palabra de gobierno español. A la derecha si se les atendera. Son esoañoles,es,0,0,0,0,0,1,0,0,0,[user] la derecha racista solo piensa en la represion del pueblo catalan como se pone por una figura de relator q ha existido en españa para conflictos menos dramaticos 8 años de catalanes en la calle sin una palabra de gobierno español a la derecha si se les atendera son esoañoles
8d9cc3d0d1e7c1f2f24cd51922682e75,RELATOR,0,"El “gran éxito”de La Vice Calvo(Carmen la de Cabra)en esta crisis del “relator”,es haber conseguido que la palabra de Elsa Artadi sea más creíble que la suya.",es,0,0,0,0,0,0,0,4,0,el gran éxito de la vice calvo carmen la de cabra en esta crisis del relator es haber conseguido que la palabra de elsa artadi sea más creíble que la suya
b6f1fa6a0a0f18cf8c963be3541ecdb1,RELATOR,0,El relator es lo de menos. Lo grave es pretender solucionar los problemas de Cataluña en una mesa de partidos en la que no estarán ni el partido más votado de España (PP) ni el más votado de Cataluña (C’s).,es,0,0,0,0,0,3,0,1,0,el relator es lo de menos lo grave es pretender solucionar los problemas de cataluña en una mesa de partidos en la que no estarán ni el partido más votado de españa pp ni el más votado de cataluña c s
929d71b72f2d2172ed78ca141db52b4f,RELATOR,0,El relator es la nueva Rosalía.,es,0,0,0,0,0,0,0,0,0,el relator es la nueva rosalía
498ead635bfefd9c3fe4a358bba7a622,RELATOR,0,Relator de ámbito internacional https://t.co/tTo6RQHHMT vía @elespanolcom,es,0,0,0,0,0,0,0,0,0,relator de ámbito internacional [url] vía [user]
e419bd0398598d3307d00a57c6be30b2,RELATOR,0,@sevillajordi @er_pllo @sanchezcastejon El tema de la mesa de negociación con relator tiene dos grandes errores. El primero comprar el argumentario indepe de que están negociando con un estado predemocratixo y franquista. El Segundo dar municion a Casado y Vox que pueden decir Sanchez se vende. ¿Lo pillas? Rectifiquen,es,0,2,0,0,0,0,0,0,0,[user] [user] [user] el tema de la mesa de negociación con relator tiene dos grandes errores el primero comprar el argumentario indepe de que están negociando con un estado predemocratixo y franquista el segundo dar municion a casado y vox que pueden decir sanchez se vende lo pillas rectifiquen
0c68dcbfe4392b4f977bbd71bc34bdff,RELATOR,0,Aquí me quedó mejor Artadi... Miquel Roca asegura que nadie en el Gobierno le ha ofrecido ser relator y que no lo aceptaría https://t.co/7qwo6h9oBT vía @elespanolcom,es,0,0,0,0,0,2,1,0,1,aquí me quedó mejor artadi miquel roca asegura que nadie en el gobierno le ha ofrecido ser relator y que no lo aceptaría [url] vía [user]
30b65b34cc609719cbad14d6578ed4b0,RELATOR,0,"PP, C's y Vox quieren convertir la marcha contra Sánchez en una «moción de censura en la calle» #Relator #Cataluña #DesafíoSecesionista #Independentistas #Secesionistas https://t.co/WOTL64Iv9d",es,0,0,0,0,0,0,0,3,0,pp c s y vox quieren convertir la marcha contra sánchez en una moción de censura en la calle relator cataluña desafíosecesionista independentistas secesionistas [url]
0f4eacfdaa6d079f23009b55ea66b34f,RELATOR,0,"La dura acusación de Felipe González a Sánchez por la figura del relator"" en Cataluña https://t.co/mO0Ol1s28b""",es,0,0,0,0,0,0,0,2,0,la dura acusación de felipe gonzález a sánchez por la figura del relator en cataluña [url]
d523f0dde37de54421408b6171db8b81,RELATOR,0,@desdelamoncloa @sanchezcastejon @coe Relator. Quién nos relatara las tonterías de Pedrito . Ah que ha sacado un libro diciéndonos como aguantar en el poder a costa de lo que sea... Como molas Pedrito. Maduro y tú quien convocará antes elecciones.? TIC TAC tic tac. Ninguno. Los dos igual de dictadores.,es,0,1,2,0,0,1,1,0,1,[user] [user] [user] relator quién nos relatara las tonterías de pedrito ah que ha sacado un libro diciéndonos como aguantar en el poder a costa de lo que sea como molas pedrito maduro y tú quien convocará antes elecciones tic tac tic tac ninguno los dos igual de dictadores
a3b77e1a71bdf95a977a9a209c050152,RELATOR,0,"@eldiarioes @iescolar Si, pedazo de basura, lo del relator es mucho más grave",es,0,0,0,0,0,0,0,0,0,[user] [user] si pedazo de basura lo del relator es mucho más grave
4bef952298fffd95622f5e2a8323718c,RELATOR,0,"Este tipejo de la turba lo llama “coordinador” al “relator”/“mediador”. El PSOE jamás ha tenido sentido de estado, JAMÁS.

Con delincuentes NO SE NEGOCIA. https://t.co/QggECFA1dM",es,0,0,3,0,0,3,0,6,0,este tipejo de la turba lo llama coordinador al relator mediador el psoe jamás ha tenido sentido de estado jamás con delincuentes no se negocia [url]
d43da0efa6d8ffe9c52776362cf85e73,RELATOR,0,"Todo el mundo discutiendo sobre el “error”del Relator. Pues a mi me parece que el gran error de Pedro Sánchez es no llevar al BOE el acuerdo alcanzado con los sindicatos para revertir la reforma laboral y de Seguridad Social del PP. Además, supondria un giro a la agenda política",es,0,0,1,0,0,1,0,2,0,todo el mundo discutiendo sobre el error del relator pues a mi me parece que el gran error de pedro sánchez es no llevar al boe el acuerdo alcanzado con los sindicatos para revertir la reforma laboral y de seguridad social del pp además supondria un giro a la agenda política
9aaa00d7b325b5a0ea2840899d515610,RELATOR,0,"Pablo Casado: Lo del relator es lo más grave que ha sucedido en España desde el 23F"". https://t.co/EIbt2bocRS""",es,0,0,0,0,0,0,0,2,0,pablo casado lo del relator es lo más grave que ha sucedido en españa desde el 23f [url]
0cdfc62b7e2fcaf47c9f8cc7e3037292,RELATOR,0,"📻 @MelisaRguezCs Hay que empezar a hablar de España. Es intolerable lo que está pasando con la figura del relator o mediador"" en @radioclubSER""",es,0,0,0,1,0,0,0,2,0,radio [user] hay que empezar a hablar de españa es intolerable lo que está pasando con la figura del relator o mediador en [user]
27d35e7e9e64752febdee0220e2336e4,LIBROSÁNCHEZ,1,Qué Pedro Sánchez saca libro. Con toda la pinta de ser apasionante #ironía. Vía @lhermoso_ https://t.co/7yWU5Cmf7Q,es,0,0,0,0,0,0,0,0,0,qué pedro sánchez saca libro con toda la pinta de ser apasionante ironía vía [user] [url]
c6903d1a8bc017127bd446214785131e,LIBROSÁNCHEZ,1,@AlvarVillalobos @sanchezcastejon @Servimedia Podría escribir un libro incluyendo la letra de la canción del Dúo Dinámico “ Resistiré “.,es,0,0,0,0,0,0,0,2,0,[user] [user] [user] podría escribir un libro incluyendo la letra de la canción del dúo dinámico resistiré
8ecb888eda00557ac7a725e49152f74e,LIBROSÁNCHEZ,1,"Fan del impresentable de Mr. President @sanchezcastejon. 
Tiene los huevos lo suficientemente gordos como para publicar un libro titulado Manual de Resistencia cuando lleva atrincherado en la presidencia meses. Pactando con cualquiera para mantener el puesto. Eres un grande.",es,0,0,0,0,0,0,0,0,0,fan del impresentable de mr president [user] tiene los huevos lo suficientemente gordos como para publicar un libro titulado manual de resistencia cuando lleva atrincherado en la presidencia meses pactando con cualquiera para mantener el puesto eres un grande
a3c80a5f39294517ec8138c17e6018fe,LIBROSÁNCHEZ,1,"@sanchezcastejon Tu nuevo #libro, Manual De Cara de Cemento"" #PSOE""",es,0,0,1,0,0,0,0,2,0,[user] tu nuevo libro manual de cara de cemento psoe
5651b2bbd005e92900505c0eaf805bd5,LIBROSÁNCHEZ,1,Aquí tienen...el nuevo libro de @sanchezcastejon ...en tus mejores peluquerías!!! En él encontrarás los mejores trucos para llegar a algo en la vida sin doblar el lomo...#PedroSanchez #LibrosRecomendados https://t.co/6obCYen00E,es,3,0,0,0,0,1,4,0,3,aquí tienen el nuevo libro de [user] en tus mejores peluquerías en él encontrarás los mejores trucos para llegar a algo en la vida sin doblar el lomo pedrosanchez librosrecomendados [url]
90b13e97a29432480d0ffb67eb08b41a,LIBROSÁNCHEZ,1,"“Plantar un Falcon, escribir un árbol y montar un libro” 

Las 3 tareas q @sanchezcastejon tiene q hace para ser Presidente 

@NARANCO28 @ldpsincomplejos @gli3615 @MonsieurSansFoy @FrayJosepho @JorgeBustos1 @jorge22094625 @marubimo @marodriguezb @eltivipata @Anonymus_ES",es,0,0,0,0,0,0,0,2,0,plantar un falcon escribir un árbol y montar un libro las 3 tareas q [user] tiene q hace para ser presidente [user] [user] [user] [user] [user] [user] [user] [user] [user] [user] [user]
aff0460cb326b79b4675f304b95734dc,LIBROSÁNCHEZ,1,"@FrayJosepho Pues yo pensaba leerme el libro de @sanchezcastejon, pero después pensé que a lo largo de estos años ya me he visto la pinicula",es,0,0,0,0,0,0,0,0,0,[user] pues yo pensaba leerme el libro de [user] pero después pensé que a lo largo de estos años ya me he visto la pinicula
55c3acb5a7ef813dde70e813ac8ff241,LIBROSÁNCHEZ,1,"@MAQUIAVELA3 @sanchezcastejon Anda que el nombre que ha escogido para el libro, será porque aguanta sin convocar elecciones #EleccionesYa",es,0,0,0,0,0,1,0,0,0,[user] [user] anda que el nombre que ha escogido para el libro será porque aguanta sin convocar elecciones eleccionesya
ac378cf5ad7e2cf010a862ea707c41d3,LIBROSÁNCHEZ,1,@cultrun @sanchezcastejon Con la tesis debió contratar un pack de tesis y libro.,es,0,0,0,0,0,0,0,0,0,[user] [user] con la tesis debió contratar un pack de tesis y libro
f05dd78e597af0a805f1949b83809dcf,LIBROSÁNCHEZ,1,@sanchezcastejon Has escrito un libro? Yo voy a esperar a la película... vete ya zorote,es,0,1,0,0,0,0,1,0,1,[user] has escrito un libro yo voy a esperar a la película vete ya zorote
56315ffed6fd7c37ed26d31ac88c8614,LIBROSÁNCHEZ,1,"A ver si piensan ustedes que en tan solo 6 meses, después de asistir a conciertos, viaje va viaje viene con el Falcon y escribir un libro a @sanchezcastejon le da tiempo para gobernar,...¡¡es que lo quieren todo, joder!!",es,4,0,0,0,0,0,1,0,1,a ver si piensan ustedes que en tan solo 6 meses después de asistir a conciertos viaje va viaje viene con el falcon y escribir un libro a [user] le da tiempo para gobernar es que lo quieren todo joder
b6cee9a57c48292e4b908d41da2ce687,LIBROSÁNCHEZ,1,@cultrun @sanchezcastejon Es un libro de autoayuda o que?,es,0,1,0,0,0,0,0,0,0,[user] [user] es un libro de autoayuda o que
e573e92b26747ca75f1f4ff3278bbd48,LIBROSÁNCHEZ,1,el sabado  19:00 horas @sanchezcastejon  firmara ejemplares de su libro en corte Ingles,es,0,0,0,0,0,0,0,0,0,el sabado 19 00 horas [user] firmara ejemplares de su libro en corte ingles
e94ad41c2d72abae6f2fba81c51cb985,LIBROSÁNCHEZ,1,"Voy corriendo a comprarlo. Sr @sanchezcastejon, relata usted en su libro el verdadero pacto con todos los separatistas? No será otra tesis?  Pedro Sánchez, primer presidente en publicar un libro durante su mandato seis meses después de llegar a la Moncloa https://t.co/Y377pBlf5L",es,0,2,0,0,0,1,0,0,0,voy corriendo a comprarlo sr [user] relata usted en su libro el verdadero pacto con todos los separatistas no será otra tesis pedro sánchez primer presidente en publicar un libro durante su mandato seis meses después de llegar a la moncloa [url]
409b4602c5a4c5a84e705a648f63694d,LIBROSÁNCHEZ,1,"@NicolasMaduro saca el oro de #Venezuela.. y @sanchezcastejon saca un libro... en ambos casos, preparando su futuro... #ManualdeResistencia. https://t.co/sw0DmR59ua",es,0,0,0,0,0,0,2,0,2,[user] saca el oro de venezuela y [user] saca un libro en ambos casos preparando su futuro manualderesistencia [url]
54ffb560438a1afd2f4127009b848a7c,LIBROSÁNCHEZ,1,NOTICIA: @sanchezcastejon plagia un libro. Perdón firma el libro que otro le ha escrito. Perdón,es,0,0,1,0,0,0,0,0,0,noticia [user] plagia un libro perdón firma el libro que otro le ha escrito perdón
0aabb01000312b127942d5bce596d7b2,LIBROSÁNCHEZ,1,"@VidalQuadras @sanchezcastejon lo mismo escribe una tesis, que unos presupuestos que un libro de autoayuda.",es,0,0,0,0,0,0,0,0,0,[user] [user] lo mismo escribe una tesis que unos presupuestos que un libro de autoayuda
605a73e1eb5e51ab50db08f8e3e8e097,LIBROSÁNCHEZ,1,"Le he puesto banda sonora al libro de @sanchezcastejon 
Espero que os guste! #RESISTIRE
1/2🎼🎼
Resistiré, erguido frente al #Falcón
Me volveré de #Bildu para endurecer la piel
Y aunque los #gritos de la #gente #suenen fuerte
Soy como #mierda que se #quema
Pero sigue sin #arder⬇️ https://t.co/8OTWL79Ren",es,1,0,1,3,0,1,0,0,0,le he puesto banda sonora al libro de [user] espero que os guste resistire 1 2 pentagrama pentagrama resistiré erguido frente al falcón me volveré de bildu para endurecer la piel y aunque los gritos de la gente suenen fuerte soy como mierda que se quema pero sigue sin arder flecha_hacia_abajo [url]
2312428c20650697c069d720c163e0d4,LIBROSÁNCHEZ,1,"Al #DoctorFraude @sanchezcastejon estando en activo"" como presidente le sobra tiempo como para escribir un libro.",es,0,0,0,0,0,0,0,1,0,al doctorfraude [user] estando en activo como presidente le sobra tiempo como para escribir un libro
44342510d3fd6f22d6138515044c7fd4,LIBROSÁNCHEZ,1,"@RABAGOISABEL Ah! Me olvidaba @sanchezcastejon ya tiene el título de su libro:  “ pa aquí, palla” . Creo que se lo ha copiado a Esperanza Aguirre. Va a ser un bombazo!",es,2,0,1,0,0,0,0,2,0,[user] ah me olvidaba [user] ya tiene el título de su libro pa aquí palla creo que se lo ha copiado a esperanza aguirre va a ser un bombazo
8b319bcae8306eae343cd2f218e438cd,LIBROSÁNCHEZ,1,Si cundirán los viajes en Falcon que a @sanchezcastejon le ha dado tiempo hasta a escribir un libro.,es,0,0,0,0,0,0,0,0,0,si cundirán los viajes en falcon que a [user] le ha dado tiempo hasta a escribir un libro
3dfbd793f308454f147b93b165417491,LIBROSÁNCHEZ,1,"@el_pais @Mazzinguerzett1 @sanchezcastejon Habra que pasarle el antiplagio al libro,no? Vistos los antecedentes.......",es,0,1,0,0,0,1,1,0,2,[user] [user] [user] habra que pasarle el antiplagio al libro no vistos los antecedentes
8b42225e9855c2bb383b16663acd67b0,LIBROSÁNCHEZ,1,Nuevo libro del doctor @sanchezcastejon Manual de Resistencia ¿lo habrá copiado de aquí? https://t.co/qL1RwU7Yew,es,0,2,0,0,0,0,0,0,0,nuevo libro del doctor [user] manual de resistencia lo habrá copiado de aquí [url]
ff27cc8a6631afe9e7111a17d4eeb4c7,LIBROSÁNCHEZ,1,@JorgeBustos1 El Libro de @sanchezcastejon lo han escrito entre Ocaña y Miguel Sebastián.,es,0,0,0,0,0,0,0,0,0,[user] el libro de [user] lo han escrito entre ocaña y miguel sebastián
f701b0b495c47b07f21104d74cc2bfbd,LIBROSÁNCHEZ,1,"@JorgeBustos1 Vamoh a ver, si no le pone un negro planeta para el libro cómo diantres va a conseguir @sanchezcastejon el #PREMIONOBEL que es lo que él realmente desea?? Es que hay que explicároslo todooooo 😁😁😁",es,0,2,1,3,0,1,2,0,0,[user] vamoh a ver si no le pone un negro planeta para el libro cómo diantres va a conseguir [user] el premionobel que es lo que él realmente desea es que hay que explicároslo todoo cara_radiante_con_ojos_sonrientes cara_radiante_con_ojos_sonrientes cara_radiante_con_ojos_sonrientes
eefc1a425a02385d897a601edff1b5ce,LIBROSÁNCHEZ,1,@FroilLannister @sanchezcastejon #noeresmipresidente #dictador firmará ejemplares de su libro en el Falcón en su presentación.  #LaSilenciosaCat https://t.co/gPBTf41Szm,es,0,0,0,0,0,0,0,0,0,[user] [user] noeresmipresidente dictador firmará ejemplares de su libro en el falcón en su presentación lasilenciosacat [url]
06fb7740ceaff6393b631b57480e9dd7,LIBROSÁNCHEZ,1,@Belenspdfr @sanchezcastejon @LoDeCultura Un libro de qué? Científico? Efectos del Jet Lagg entre los mamíferos superiores,es,0,2,0,0,0,0,0,0,0,[user] [user] [user] un libro de qué científico efectos del jet lagg entre los mamíferos superiores
7a016029c0145751d76965fc11739e0b,LIBROSÁNCHEZ,1,"@sanchezcastejon pública un libro ......No me hace falta leerlo ya se lo que pone .....  mi recorrido vital lo comiendo con el Falcón en ..... "" y así todo ! https://t.co/0ZqNiaGg0U""",es,1,0,0,0,0,1,3,2,4,[user] pública un libro no me hace falta leerlo ya se lo que pone mi recorrido vital lo comiendo con el falcón en y así todo [url]
04917398aa78a84b02fef3d616525315,LIBROSÁNCHEZ,1,"Con 8 meses en el poder @sanchezcastejon pública un libro Manual de Resistencia"" no sea que no llegue al año de mandato""",es,0,0,0,0,0,2,0,2,0,con 8 meses en el poder [user] pública un libro manual de resistencia no sea que no llegue al año de mandato
189365c2f2560bc37243ff67c0be3488,LIBROSÁNCHEZ,1,"Esperamos ansiosamente su Vuelta al mundo en Falcon"" como guía de viaje definitiva.",es,0,0,0,0,0,0,0,1,0,esperamos ansiosamente su vuelta al mundo en falcon como guía de viaje definitiva
a0939ad11050490afbd5de2239a781f1,LIBROSÁNCHEZ,1,"Manual de indecencia, el nuevo libro de Pedro Sánchez. @sanchezcastejon https://t.co/513ljcK9Hp",es,0,0,0,0,0,0,0,0,0,manual de indecencia el nuevo libro de pedro sánchez [user] [url]
6b5345ffa5e73b07979b76924f142880,LIBROSÁNCHEZ,1,"@PSOE #PaquiPallaSL ¿esa es la editorial que va a publicar el libro de @sanchezcastejon ? faltó poner en el nombre en Falcon""""",es,0,2,1,0,0,0,0,2,0,[user] paquipallasl esa es la editorial que va a publicar el libro de [user] faltó poner en el nombre en falcon
f8292356fbd4c1a4f7e6c44eb073268d,LIBROSÁNCHEZ,1,"@GalaRomani @sanchezcastejon Yo también libro...los jueves; como dicen los ingleses yes I book"". Que majos""",es,0,0,0,0,0,0,1,2,1,[user] [user] yo también libro los jueves como dicen los ingleses yes i book que majos
39fd1981592e1c5fb42d5e52531c7fee,LIBROSÁNCHEZ,1,🤔🤔¿Habrá escrito el libro de @sanchezcastejon “Manual de Resistencia” el mismo negro que se lo escribió a Ana Rosa Quintana?,es,0,2,0,2,0,0,0,2,0,cara_pensativa cara_pensativa habrá escrito el libro de [user] manual de resistencia el mismo negro que se lo escribió a ana rosa quintana
27ffdcca48e817ed9a4df626472ea17c,LIBROSÁNCHEZ,1,"@cultrun @sanchezcastejon Falta por conocer si el libro lo ha escrito Pedro Sánchez, el Presidente Sánchez o el Doctor"" Sánchez... Cada uno de estos personajes tiene la ""habilidad"" de poder defender argumentos antagónicos. https://t.co/8c3prr0sqU""",es,0,0,0,0,0,0,1,4,1,[user] [user] falta por conocer si el libro lo ha escrito pedro sánchez el presidente sánchez o el doctor sánchez cada uno de estos personajes tiene la habilidad de poder defender argumentos antagónicos [url]
c098b25cafc117eb214a148182e50169,LIBROSÁNCHEZ,1,@FroilLannister @sanchezcastejon ¿pero usted sabe escribir? ¿Has plagiado el libro?,es,0,4,0,0,0,0,0,0,0,[user] [user] pero usted sabe escribir has plagiado el libro
69291b6c165c2405dd6db820ede50761,LIBROSÁNCHEZ,1,Pedro @sanchezcastejon firmará su libro “Manual de la Resistencia” este domingo de 14:00 a 20:00 horas en El Valle de los Caídos.,es,0,0,0,0,0,0,0,2,0,pedro [user] firmará su libro manual de la resistencia este domingo de 14 00 a 20 00 horas en el valle de los caídos
26cd95d8a794924e7e1a691030e2b580,LIBROSÁNCHEZ,1,"Ahora, la gran duda: ¿pago los 20,50€ que cuesta el libro de @sanchezcastejon o espero a que @NetflixES estrene la versión docufilm de Spielberg? 🤔",es,0,2,0,1,0,0,0,0,0,ahora la gran duda pago los 20 50 que cuesta el libro de [user] o espero a que [user] estrene la versión docufilm de spielberg cara_pensativa
9c62fb4751a2182d9165c5e4a94c051a,LIBROSÁNCHEZ,1,"Es increíble, lleva 2 días en el gobierno, le quedan otros 2 y ya ha escrito un libro (o se lo han escrito) y nombrado a su mujer Embajadora de África"".",es,0,0,0,0,0,0,0,1,0,es increíble lleva 2 días en el gobierno le quedan otros 2 y ya ha escrito un libro o se lo han escrito y nombrado a su mujer embajadora de áfrica
49829cfa08fc534ccc6f1c4a6f5a4a56,LIBROSÁNCHEZ,1,Colas en la Casa del Libro de Gijón para comprar “Manual de Resistencia” de @sanchezcastejon https://t.co/goiTOtUpWy,es,0,0,0,0,0,0,0,2,0,colas en la casa del libro de gijón para comprar manual de resistencia de [user] [url]
e79c3a9ace283318bdd26d7a93ea2248,LIBROSÁNCHEZ,1,"Pues no le pone a su libro el nombre de Manual de Resistencia""... @sanchezcastejon ?? De cómo resistir cuando no te quiere ni tu perro y no te ha votado ni una sola alma. Es un payaso.""",es,0,2,0,0,0,5,1,2,1,pues no le pone a su libro el nombre de manual de resistencia [user] de cómo resistir cuando no te quiere ni tu perro y no te ha votado ni una sola alma es un payaso
83b68034eff13737a6e04666fc46edbf,LIBROSÁNCHEZ,1,".@sanchezcastejon con tanto tiempo libre viajando ha tenido tiempo hasta de escribir un libro, escribir o mandar a q se lo escriban... Menudo fichaje...",es,0,0,0,0,0,0,2,0,2,[user] con tanto tiempo libre viajando ha tenido tiempo hasta de escribir un libro escribir o mandar a q se lo escriban menudo fichaje
6de62935a664b687eacb90c75601c6f8,LIBROSÁNCHEZ,1,"Ya tenemos lectura para esos momentos que pasamos en el WC...
👇👇👇👇👇
Pedro @sanchezcastejon publica el libro '#ManualdeResistencia' que ha concluido en la Moncloa https://t.co/iQprfmEW3d
#ManualdeFalconeti",es,0,0,0,5,0,0,2,2,1,ya tenemos lectura para esos momentos que pasamos en el wc dorso_de_mano_con_índice_hacia_abajo dorso_de_mano_con_índice_hacia_abajo dorso_de_mano_con_índice_hacia_abajo dorso_de_mano_con_índice_hacia_abajo dorso_de_mano_con_índice_hacia_abajo pedro [user] publica el libro manualderesistencia que ha concluido en la moncloa [url] manualdefalconeti
a6099e7e73e73f3a4dc7d019473e6df9,LIBROSÁNCHEZ,1,"@cultrun @sanchezcastejon Seguro que ha escrito él el libro,como la tesis😂🤣",es,0,0,0,2,0,0,0,0,0,[user] [user] seguro que ha escrito él el libro como la tesis cara_llorando_de_risa cara_revolviéndose_de_la_risa
f0d61c27bf52af2298d22d85b3a37247,LIBROSÁNCHEZ,1,"@CiudadanaMartaR Si juntas todos los tuits de @Albert_Rivera te da para 700 páginas, de bazofia, pero tampoco digo que el libro de @sanchezcastejon sea bueno!",es,1,0,0,0,0,1,0,0,0,[user] si juntas todos los tuits de [user] te da para 700 páginas de bazofia pero tampoco digo que el libro de [user] sea bueno
d16523b6e9573ada5bdcff5a8e22b0d2,LIBROSÁNCHEZ,1,"Pedro Sánchez @sanchezcastejon publica ‘Manual de resistencia’, el primer libro de un presidente en ejercicio | España | EL País....Y la 2a parte se llamará #ManualDelOkupa. Qué prodigio de capacidad, amigos del @PSOE. https://t.co/OvIEklGA2F",es,0,0,1,0,0,0,1,2,1,pedro sánchez [user] publica manual de resistencia el primer libro de un presidente en ejercicio españa el país y la 2a parte se llamará manualdelokupa qué prodigio de capacidad amigos del [user] [url]
721fa7ad5301770a11e0635a54c76513,LIBROSÁNCHEZ,1,"@cultrun @sanchezcastejon A pesar de todas las tareas y responsabilidades que supone dirigir el gobierno de su país,@sanchezcastejon se da tiempo para escribir un libro,increíble!",es,1,0,0,0,0,0,0,0,0,[user] [user] a pesar de todas las tareas y responsabilidades que supone dirigir el gobierno de su país [user] se da tiempo para escribir un libro increíble
94c81fb92010eb425a405c59b7b8d635,LIBROSÁNCHEZ,1,"Señores escritores ¿cuanto tiempo cuesta escribir, corregir, imprimir...publicar, un libro?
El dinero del libro del Señor @sanchezcastejon ¿Lo donará a llenar de combustible el Falcón?

@edit_planeta @Planetadelibros",es,0,4,0,0,0,0,1,0,1,señores escritores cuanto tiempo cuesta escribir corregir imprimir publicar un libro el dinero del libro del señor [user] lo donará a llenar de combustible el falcón [user] [user]
1871c863aa5cc42895267232c0fe5b01,LIBROSÁNCHEZ,1,".@sanchezcastejon ya está trabajando en su segundo libro: Modo avión"".""",es,0,0,0,0,0,0,0,2,0,[user] ya está trabajando en su segundo libro modo avión
3c53f11537f39341fb4913873be49aac,LIBROSÁNCHEZ,1,"@cultrun @sanchezcastejon Tiene el ego tan Grande que dudo que le quepa en un libro,va a necesitar una enciclopedia.",es,0,0,0,0,0,0,0,0,0,[user] [user] tiene el ego tan grande que dudo que le quepa en un libro va a necesitar una enciclopedia
95b7f5dfe64bd04bf8dfc84b4a3bf804,LIBROSÁNCHEZ,1,@cultrun @Madg1411 @sanchezcastejon ¿ Quien le habrá escrito el libro? ¿ El mismo que el de la tesis?,es,0,4,0,0,0,0,0,0,0,[user] [user] [user] quien le habrá escrito el libro el mismo que el de la tesis
efe15a522d79ad3df68b43ff20dfd3d5,LIBROSÁNCHEZ,1,@cultrun @sanchezcastejon El libro está escrito por las mismas personas que le hicieron la tesis. 😇,es,0,0,0,1,0,0,0,0,0,[user] [user] el libro está escrito por las mismas personas que le hicieron la tesis cara_sonriendo_con_aureola
f116660b8f3b691f1a9818e1e4a830e2,LIBROSÁNCHEZ,1,"Se me acabo el papel del culo, el super me pilla lejos, pero tengo cerca una libreria, voy a ver si tengo suerte y no se agoto el libro de @sanchezcastejon 🤣🤣🤣",es,0,0,0,3,0,1,1,0,0,se me acabo el papel del culo el super me pilla lejos pero tengo cerca una libreria voy a ver si tengo suerte y no se agoto el libro de [user] cara_revolviéndose_de_la_risa cara_revolviéndose_de_la_risa cara_revolviéndose_de_la_risa
ae1ea569111c06e4388fbf49bf86a78f,LIBROSÁNCHEZ,1,@enlafronteratv @publico_es @sanchezcastejon @desdelamoncloa Ahora que Casado publique un libro sobre decencia.,es,0,0,0,0,0,0,0,0,0,[user] [user] [user] [user] ahora que casado publique un libro sobre decencia
6affa5120e2627fa50d819f2016baea0,LIBROSÁNCHEZ,1,"Manual de Resistencia es el libro que podríamos escribir muchos españoles tras soportar a ZP, @marianorajoy y al Victor @sanchezcastejon . 
Vaya tropa",es,0,0,0,0,0,0,0,0,0,manual de resistencia es el libro que podríamos escribir muchos españoles tras soportar a zp [user] y al victor [user] vaya tropa
ef49a42609ec60f6cc3ab03191a7b054,LIBROSÁNCHEZ,1,"@cultrun @DemagogiaVs @sanchezcastejon Es un libro de como vender o cambiar cosas hasta conseguir un avión, ahora cambio el país por un taxi aéreo.",es,0,0,0,0,0,0,0,0,0,[user] [user] [user] es un libro de como vender o cambiar cosas hasta conseguir un avión ahora cambio el país por un taxi aéreo
5ddd1a7cc0c98cf92f111ce64104c520,LIBROSÁNCHEZ,1,"@pacomarhuenda @sanchezcastejon Pedro Sánchez nos cuenta en su libro Manual de Resistencia"" sus viajes y aventuras en un Falcon para estar lo menos posible soportando presiones.""",es,0,0,0,0,0,0,0,2,0,[user] [user] pedro sánchez nos cuenta en su libro manual de resistencia sus viajes y aventuras en un falcon para estar lo menos posible soportando presiones
7513bef62bd3a73fc249f8f9627a8798,LIBROSÁNCHEZ,1,"@pacomarhuenda @sanchezcastejon @pablocasado_ debería contratacar y sacar un libro de: Cómo aprobar un máster"". O @EsperanzAguirre un manual de conducir y buenas prácticas en general.""",es,0,0,0,0,0,0,0,2,0,[user] [user] [user] debería contratacar y sacar un libro de cómo aprobar un máster o [user] un manual de conducir y buenas prácticas en general
3f2a2b01967a09a4b8c3f8ab87dfb0d4,LIBROSÁNCHEZ,1,Título muy apropiado Sr @sanchezcastejon para su libro porque para ud lo de mantenerse en el sillón sea al precio q sea lo lleva a bandera #yocondlp  #sosprisiones #NosotrosLosSoldados mientras tanto sin atender a sus reivindicaciones ni necesidades  https://t.co/JTvr5g3cuP,es,0,0,0,0,0,2,0,0,0,título muy apropiado sr [user] para su libro porque para ud lo de mantenerse en el sillón sea al precio q sea lo lleva a bandera yocondlp sosprisiones nosotroslossoldados mientras tanto sin atender a sus reivindicaciones ni necesidades [url]
034a620b5204c4a14c84245f29781563,LIBROSÁNCHEZ,1,"@cultrun @sanchezcastejon Es verdad ese libro? Con ese título? Es verdad todo esto? Madre mía del amor hermoso, vamos a tener falconeti por años.",es,0,3,0,0,0,0,0,0,0,[user] [user] es verdad ese libro con ese título es verdad todo esto madre mía del amor hermoso vamos a tener falconeti por años
79e375d12df579e41469725372c36b1c,LIBROSÁNCHEZ,1,"🔴El primer libro que escribe @sanchezcastejon y habla de...él mismo...

Una biografía del 'estadista' #PedroSanchez que, al lado de Churchill, deja a este como un -mindundi- 😅

“El ego no es jefe en su propio hogar”
Sigmund Freud https://t.co/qmrW1jkPQ1",es,0,0,0,2,0,1,2,4,2,círculo_rojo el primer libro que escribe [user] y habla de él mismo una biografía del estadista pedrosanchez que al lado de churchill deja a este como un mindundi cara_sonriendo_con_sudor_frío el ego no es jefe en su propio hogar sigmund freud [url]
266fd29130d592ec4f72c71df318fcf9,LIBROSÁNCHEZ,1,¿El libro que va a publicar @sanchezcastejon  lo ha escrito el o también se lo han escrito como hicieron con su tesis? Que alguien me saque de dudas😂😂😂,es,0,2,0,3,0,0,1,0,0,el libro que va a publicar [user] lo ha escrito el o también se lo han escrito como hicieron con su tesis que alguien me saque de dudas cara_llorando_de_risa cara_llorando_de_risa cara_llorando_de_risa
b50aaae45ac725af8151f03cf39f43db,LIBROSÁNCHEZ,1,Pincho de tortilla y caña a que el libro de @sanchezcastejon cae en el comentario de texto de selectividad.,es,0,0,0,0,0,0,0,0,0,pincho de tortilla y caña a que el libro de [user] cae en el comentario de texto de selectividad
37164f8434e80cd4d35a90a8d31032f6,LIBROSÁNCHEZ,1,@curandero_el @MariaTabarnia Se me acabó el papel higiénico. ¿Dónde puedo comprar el libro del nuevo Cervantes @sanchezcastejon ?,es,0,2,0,0,0,0,0,0,0,[user] [user] se me acabó el papel higiénico dónde puedo comprar el libro del nuevo cervantes [user]
59837b846330c2194ef6963c6a7b200c,LIBROSÁNCHEZ,1,Ahora ⁦@sanchezcastejon⁩ sólo necesita ‘plagiar’ un mapa mental para presentar su libro ‘Manual de Resistencia’. https://t.co/0MbAufMTNQ,es,0,0,0,0,0,0,0,4,0,ahora [user] sólo necesita plagiar un mapa mental para presentar su libro manual de resistencia [url]
9ddc3237eedcb8160fd58cec8ff49d06,LIBROSÁNCHEZ,1,Acabamos de ver que @sanchezcastejon ha publicado un libro y teniendo en cuenta que somos la única librería del mundo especializada en humor creemos que lo tiene que presentar aquí.,es,0,0,0,0,0,0,0,0,0,acabamos de ver que [user] ha publicado un libro y teniendo en cuenta que somos la única librería del mundo especializada en humor creemos que lo tiene que presentar aquí
7f89ab39ddd42e91467d185d63a4333b,LIBROSÁNCHEZ,1,¿Tanto tiempo tiene entre avión y avión? -&gt; @Sanchezcastejon 'ficha' por Planeta: primer presidente en Moncloa que escribe un libro https://t.co/RCDLMwxifQ,es,0,2,0,0,0,0,0,2,0,tanto tiempo tiene entre avión y avión gt [user] ficha por planeta primer presidente en moncloa que escribe un libro [url]
79a5fea3dd4e067d6e13793bbd972dad,LIBROSÁNCHEZ,1,@cultrun @Mancenido_MaR @sanchezcastejon Pero un libro o su tesis doctoral,es,0,0,0,0,0,0,0,0,0,[user] [user] [user] pero un libro o su tesis doctoral
d327948a1eb43e33e81bdd2b80ac9410,LIBROSÁNCHEZ,1,"🔴«Manual de Resistencia», del presidente @sanchezcastejon, se sitúa ya como segundo libro más vendido del mundo según un estudio publicado por el CIS. https://t.co/a9OMyA3oue",es,0,0,1,1,0,0,0,2,0,círculo_rojo manual de resistencia del presidente [user] se sitúa ya como segundo libro más vendido del mundo según un estudio publicado por el cis [url]
5131f51e0fbd61d8c25de1541246a84e,LIBROSÁNCHEZ,1,"Así que @sanchezcastejon ha ¿escrito? Un libro llamado “Manual de Resistencia”. 
Tranquilo, Pdr, tranquilo. Tú no convocarás elecciones, pero nosotros te resistiremos.",es,0,2,0,0,0,1,0,2,0,así que [user] ha escrito un libro llamado manual de resistencia tranquilo pdr tranquilo tú no convocarás elecciones pero nosotros te resistiremos
34d3c14a80086d2ab31efddf8a2f096d,LIBROSÁNCHEZ,1,@cultrun @sanchezcastejon El Gran Libro de las Pedradas..,es,0,0,0,0,0,0,0,0,0,[user] [user] el gran libro de las pedradas
f67eae3fe4e6a5bf44ae6a4f685a0aad,LIBROSÁNCHEZ,1,"@angelhernanz @sanchezcastejon ¿ Ha escrito un libro de verdad ? A ver si va a ser tan exacto como la ley de divorcio que según él es de Psoe, como lo de la 1ª alcaldesa de Zaragoza también de Psoe y así...",es,0,2,0,0,0,0,1,0,1,[user] [user] ha escrito un libro de verdad a ver si va a ser tan exacto como la ley de divorcio que según él es de psoe como lo de la 1ª alcaldesa de zaragoza también de psoe y así
61e7e267bd4ea9fbe42cdccd16be467b,LIBROSÁNCHEZ,1,"@pacomarhuenda @sanchezcastejon @LaResistencia han hecho un libro en vuestro honor, próximamente en Teseo.",es,0,0,0,0,0,0,0,0,0,[user] [user] [user] han hecho un libro en vuestro honor próximamente en teseo
fe206e5cc99689e1e70cff8d38982e9d,LIBROSÁNCHEZ,1,"Que dice @sanchezcastejon que va a escribir un libro. Este es capaz de decirle al Ministerio de Cultura que los compre todos para que luego el CIS publique que vende más que García Márquez.

@hermanntertsch @GuajeSalvaje @perezreverte @dollyypau @monasterioR",es,0,0,1,0,0,0,0,0,0,que dice [user] que va a escribir un libro este es capaz de decirle al ministerio de cultura que los compre todos para que luego el cis publique que vende más que garcía márquez [user] [user] [user] [user] [user]
2f3a4107ad474ed7ae5913e076b43675,LIBROSÁNCHEZ,1,"@cultrun @sanchezcastejon @sanchezcastejon  su ego no le cabe en ese libro como su avión en la plaza de garaje, que gustillo le ha cogido a la Moncloa y a su pensión vitalicia. Mucho quejarse de @susanadiaz pero a ella por lo menos la eligieron.",es,0,0,0,0,0,1,0,0,0,[user] [user] [user] su ego no le cabe en ese libro como su avión en la plaza de garaje que gustillo le ha cogido a la moncloa y a su pensión vitalicia mucho quejarse de [user] pero a ella por lo menos la eligieron
a8ea3ac3fcb838e5c22e87bc0f3decda,LIBROSÁNCHEZ,1,"He venido aquí a hablar de mi libro"" ha declarado @sanchezcastejon""",es,0,0,0,0,0,0,0,2,0,he venido aquí a hablar de mi libro ha declarado [user]
576e1bc755e6e0ca7cd30956f2b19df6,LIBROSÁNCHEZ,1,"@sanchezcastejon no convocará elecciones si no compramos su libro. Si lo compramos, tampoco.",es,0,0,0,0,0,3,0,0,0,[user] no convocará elecciones si no compramos su libro si lo compramos tampoco
97268f2c4114506f56a50360baca9e3f,LIBROSÁNCHEZ,1,"@sanchezcastejon no tenía una foto más grande para la portada de su libro?
Que ego tiene este hombre, Nerón no era nadie a su lado...",es,0,1,0,0,0,3,1,0,1,[user] no tenía una foto más grande para la portada de su libro que ego tiene este hombre nerón no era nadie a su lado
abe3caead629d65229cee61c03c7fba3,LIBROSÁNCHEZ,1,"@sanchezcastejon en este libro os indico cómo aferrarse al sillón a toda costa, si hay que pactar con indeseables, se pacta, si hay que chupar culos, se chupan, etc...es todo lo que he aprendido en siete meses. https://t.co/HlOobZQXUr",es,0,0,0,0,0,0,1,0,1,[user] en este libro os indico cómo aferrarse al sillón a toda costa si hay que pactar con indeseables se pacta si hay que chupar culos se chupan etc es todo lo que he aprendido en siete meses [url]
b1b7ce41c463a858f5ea1d4b92293f8b,LIBROSÁNCHEZ,1,"@sanchezcastejon Pedro Sánchez ha podido escribir el libro con el tiempo que se ha ahorrado viajando en el Falcon. Bueno, a lo mejor su mujer le ha echado una mano en su tiempo libre en la empresa en la que trabaja y en la que gana 9000 €/mes. https://t.co/GZQQ65iTEa",es,0,0,0,0,0,0,1,0,0,[user] pedro sánchez ha podido escribir el libro con el tiempo que se ha ahorrado viajando en el falcon bueno a lo mejor su mujer le ha echado una mano en su tiempo libre en la empresa en la que trabaja y en la que gana 900 mes [url]
29f161c1226645e91ec22a4aed46683f,LIBROSÁNCHEZ,1,@pacomarhuenda @sanchezcastejon Huy! Cómo le cunde el tiempo! No para de recorrer el mundo y encima se toma el tiempo para escribir èse libro? Y el título es muy sugerente de su propia trayectoria para resistir en Moncloa!,es,3,1,0,0,0,1,0,0,0,[user] [user] huy cómo le cunde el tiempo no para de recorrer el mundo y encima se toma el tiempo para escribir èse libro y el título es muy sugerente de su propia trayectoria para resistir en moncloa
26d8d03a22fe7174a3b277e026a11bea,LIBROSÁNCHEZ,1,"Lo raro es que el señor, doctor, escritor, okupa, presidente @sanchezcastejon entre tanto viaje haya sacado tiempo para escribir un libro, pero no para acudir al senado y hablar de su Tesis, raro, raro, raro.",es,0,0,0,0,0,1,0,0,0,lo raro es que el señor doctor escritor okupa presidente [user] entre tanto viaje haya sacado tiempo para escribir un libro pero no para acudir al senado y hablar de su tesis raro raro raro
80be4dcc4c5f31065428e8eb8161a8a8,LIBROSÁNCHEZ,1,@desdelamoncloa @sanchezcastejon @Congreso_Es Otro libro con esas manitas,es,0,0,0,0,0,0,0,0,0,[user] [user] [user] otro libro con esas manitas
f14d8de17042ca76bf3a2f7c9bad4d53,LIBROSÁNCHEZ,1,"Si os gusta la literatura y la ciencia ficción hoy tengo dos recomendaciones:

- El libro de @sanchezcastejon
- Los Presupuestos Generales del Estado.

BONUS TRACK: La tesis del doctor Falcon. https://t.co/LZrW2QT7CI",es,0,0,2,0,0,0,0,0,0,si os gusta la literatura y la ciencia ficción hoy tengo dos recomendaciones el libro de [user] los presupuestos generales del estado bonus track la tesis del doctor falcon [url]
2baa8abb4af5a36955778d4d072031ea,LIBROSÁNCHEZ,1,"@Couto_14 Perdona, no he visti esto porque estaba ocupado leyendo el libro de @sanchezcastejon",es,0,0,0,0,0,1,0,0,0,[user] perdona no he visti esto porque estaba ocupado leyendo el libro de [user]
48bf3d839765079f39152a5fe6b01e03,LIBROSÁNCHEZ,1,"Ya sabemos a que se dedica @sanchezcastejon tanto tiempo en el Falcón...

https://t.co/7D2fZ3XDlG",es,0,0,0,0,0,0,1,0,1,ya sabemos a que se dedica [user] tanto tiempo en el falcón [url]
07a1855e2d4ef9cff8ed2e29d21b0d62,LIBROSÁNCHEZ,1,@toniroldanm @elmundotoday Ansioso por descubrir si el libro trata de la ética de la resistencia o de LA RESISTENCIA A LA ÉTICA POLÍTICA. Aunque creo que el propio @sanchezcastejon hace spoiler un día sí y otro también... https://t.co/lQDTvDtiee,es,0,0,3,0,0,0,1,0,1,[user] [user] ansioso por descubrir si el libro trata de la ética de la resistencia o de la resistencia a la ética política aunque creo que el propio [user] hace spoiler un día sí y otro también [url]
3abaebd83bfa14fbe5abd7421f47ae9b,LIBROSÁNCHEZ,1,@sanchezcastejon ¿De qué cojones hablas en tu libro si llevas seis meses viajando? ¿De gastronomía internacional? 🤣🤣🤣🤣🤣🤣🤣🤣🤣,es,0,4,0,9,0,0,1,0,0,[user] de qué cojones hablas en tu libro si llevas seis meses viajando de gastronomía internacional cara_revolviéndose_de_la_risa cara_revolviéndose_de_la_risa cara_revolviéndose_de_la_risa cara_revolviéndose_de_la_risa cara_revolviéndose_de_la_risa cara_revolviéndose_de_la_risa cara_revolviéndose_de_la_risa cara_revolviéndose_de_la_risa cara_revolviéndose_de_la_risa
2d6083d5f56541c44e9476d82dd1ca6d,LIBROSÁNCHEZ,1,"@cultrun @sanchezcastejon NO ES FAKE? Increible pero va aser cierto!
Pack descuento Tesis+Libro? No se... este señor es un experto en eso de la Resistencia: a convocar #EleccionesGeneralesYa , a viajar sin su Falcon, a salir de la casa okupa...  Sin acritud, eh? 😉👍🏻",es,1,3,1,3,0,4,2,0,2,[user] [user] no es fake increible pero va aser cierto pack descuento tesis libro no se este señor es un experto en eso de la resistencia a convocar eleccionesgeneralesya a viajar sin su falcon a salir de la casa okupa sin acritud eh cara_guiñando_el_ojo pulgar_hacia_arriba_tono_de_piel_claro
5f7ef6bbbb50eda324ae3b76e5615140,LIBROSÁNCHEZ,1,"Queriada Amiga, compartirte que el libro es de @sanchezcastejon, no del Presidente del Gobierno. Pregunta sobre eso a la Portavoz del Gobierno.  Eso lo dijo Sánchez no  el presidente. Pues eso otro caso del fantástico mundo  de ellos. Manda huevos https://t.co/qOBuevexEc",es,0,0,0,0,0,2,0,0,0,queriada amiga compartirte que el libro es de [user] no del presidente del gobierno pregunta sobre eso a la portavoz del gobierno eso lo dijo sánchez no el presidente pues eso otro caso del fantástico mundo de ellos manda huevos [url]
6941182c84e7b6f264e460c3522adc08,LIBROSÁNCHEZ,1,"@sanchezcastejon el único que saca un libro después de montarse diferentes películas, manda huevos.",es,0,0,0,0,0,0,0,0,0,[user] el único que saca un libro después de montarse diferentes películas manda huevos
50ac3fdcc0498ccef3d6d1c223a76fa8,LIBROSÁNCHEZ,1,"Pedro sanchez ha sido de los primeros en ir a la librería a comprar su libro:

Estoy ansioso por saber de que va""",es,0,0,0,0,0,0,0,1,0,pedro sanchez ha sido de los primeros en ir a la librería a comprar su libro estoy ansioso por saber de que va
160afa0fd857c9467e246eeb9f6ca704,LIBROSÁNCHEZ,1,"Lo del libro de @sanchezcastejon a sus seis meses de presidencia me tiene loco. 

Solo es superado por Justin Bieber que lleva dos libros de memorias con 18 años. https://t.co/JBbg92JzTL",es,0,0,0,0,0,0,0,0,0,lo del libro de [user] a sus seis meses de presidencia me tiene loco solo es superado por justin bieber que lleva dos libros de memorias con 18 años [url]
7fe43eb70fa384ade177ef6a32da7008,LIBROSÁNCHEZ,1,"@enlafronteratv @sanchezcastejon @desdelamoncloa entre viajes, vacaciones y escribir el libro, ¿cuando gobierna? ah no que el libro se lo habra escrito otro claro",es,0,2,0,0,0,1,0,0,0,[user] [user] [user] entre viajes vacaciones y escribir el libro cuando gobierna ah no que el libro se lo habra escrito otro claro
e4e5f2b413e686b680e310155ecb3d95,LIBROSÁNCHEZ,1,Fenómeno extraño: No me ha entrado todavía ningún tuit con la encuesta ¿Te vas a leer el libro de @sanchezcastejon “Manual de Resistencia”?,es,0,2,0,0,0,2,0,2,0,fenómeno extraño no me ha entrado todavía ningún tuit con la encuesta te vas a leer el libro de [user] manual de resistencia
ae08b94c556cd010acad0f0df624a3fc,LIBROSÁNCHEZ,1,Alguien se cree que @sanchezcastejon haya escrito un libro? En serio? #ManualDeResistencia,es,0,2,0,0,0,0,0,0,0,alguien se cree que [user] haya escrito un libro en serio manualderesistencia
394e8bbf6190f0c85c32cf8dd7500bd3,LIBROSÁNCHEZ,1,"El presidente @sanchezcastejon no deja de sorprender. En uno de los momentos más críticos de su breve gestión publica el libro Manual de Resistencia"". ¿Tendrá que actualizarlo en breve? https://t.co/6793ohDSdD""",es,0,2,0,0,0,1,0,2,0,el presidente [user] no deja de sorprender en uno de los momentos más críticos de su breve gestión publica el libro manual de resistencia tendrá que actualizarlo en breve [url]
2c4a66ed4d5869596c53bea58ab89c15,LIBROSÁNCHEZ,1,El libro “Manual de Resistencia” de @sanchezcastejon merecería tener una tapa realizada por @orue_s . https://t.co/IQCTZaU7gP,es,0,0,0,0,0,0,0,2,0,el libro manual de resistencia de [user] merecería tener una tapa realizada por [user] [url]
5b0d5d019f5a3b22a4f2bc4fdb718101,LIBROSÁNCHEZ,1,"Ahora ya sabéis por qué @sanchezcastejon lleva 6 meses sin gobernar

Porque estaba mirando como le escribían un libro",es,0,0,0,0,0,1,0,0,0,ahora ya sabéis por qué [user] lleva 6 meses sin gobernar porque estaba mirando como le escribían un libro
35865cb717f19e0e893d24364580ebcd,LIBROSÁNCHEZ,1,"En mi libro, Manual de resistencia hablo de lo que he aprendido sobre instalaciones eléctricas.",es,0,0,0,0,0,0,0,0,0,en mi libro manual de resistencia hablo de lo que he aprendido sobre instalaciones eléctricas
c15d727bf676c0324531905701e9ae91,LIBROSÁNCHEZ,1,"En breve, Kunta Kinte firmando el libro de @sanchezcastejon en El Corte Inglés.",es,0,0,0,0,0,0,0,0,0,en breve kunta kinte firmando el libro de [user] en el corte inglés
18f709c759e50326f7400fe82447a2df,LIBROSÁNCHEZ,1,"@sanchezcastejon Como dice que se llama tu libro, Mein kampf?. 🤔🤔🤔🤔",es,0,1,0,4,0,0,1,0,0,[user] como dice que se llama tu libro mein kampf cara_pensativa cara_pensativa cara_pensativa cara_pensativa
87d8196b4a2f00a07c20f041ed4152e5,LIBROSÁNCHEZ,1,"@AbeInfanzon @abc_es Bah eso es para que @sanchezcastejon haga otro libro. Título :
España se me resiste.",es,0,0,0,0,0,0,0,0,0,[user] [user] bah eso es para que [user] haga otro libro título españa se me resiste
852000c4ceedc56f9c2cc142cb4db0eb,LIBROSÁNCHEZ,1,"@carlossegovia_ Ya me estoy imaginando a @sanchezcastejon en la Feria del Libro... «Y en la caseta 243 firma nuestro presidente, mientras, de la 102 a la 190, hoy no firma nadie porque hay un Falcon aparcado»...",es,0,0,0,0,0,2,2,2,2,[user] ya me estoy imaginando a [user] en la feria del libro y en la caseta 243 firma nuestro presidente mientras de la 102 a la 190 hoy no firma nadie porque hay un falcon aparcado
36f291e3483ade12def1c26b03b9bfb4,LIBROSÁNCHEZ,1,"@AlfonsoAznar @sanchezcastejon Me ha dejado ohm nibulado tu libro, tiene mucha intensidad y tensión.",es,0,0,0,0,0,0,0,0,0,[user] [user] me ha dejado ohm nibulado tu libro tiene mucha intensidad y tensión
a4c34a8b091199bd744f8b8826239a85,LIBROSÁNCHEZ,1,"@JosPastr Jajaja , @sanchezcastejon antes me compro el libro gordo de Petete !!",es,2,0,0,0,0,0,0,0,0,[user] jajaja [user] antes me compro el libro gordo de petete
21c49ec7be1a4bca5149552e6969daac,LIBROSÁNCHEZ,1,"Hola @sanchezcastejon , es verdad que las tapas del libro que te han escrito tiene las tapas igual de duras que tú cara? #Sancheztraidor #Sanchezcumfraude #Sanchezocupa",es,0,1,0,0,0,0,0,0,0,hola [user] es verdad que las tapas del libro que te han escrito tiene las tapas igual de duras que tú cara sancheztraidor sanchezcumfraude sanchezocupa
88c3b1e34b7f2873d10335065e3656c9,LIBROSÁNCHEZ,1,@pacomarhuenda @sanchezcastejon Un libro muy Maduro,es,0,0,0,0,0,0,0,0,0,[user] [user] un libro muy maduro
a3ceea015298d42923866bf016aff2f7,LIBROSÁNCHEZ,1,@sanchezcastejon no tiene ideas para cambiar la Constitución va a tener ideas para escribir un libro #Manualderesistencia https://t.co/RBBpKaWRI6,es,0,0,0,0,0,1,0,0,0,[user] no tiene ideas para cambiar la constitución va a tener ideas para escribir un libro manualderesistencia [url]
a42a29bbba94d0b35f8bb9b0b3280df7,LIBROSÁNCHEZ,1,"@cultrun @sanchezcastejon La duda es si es si entre @sanchezcastejon o el Presidente, alguno de los dos habrá leído el libro.",es,0,0,0,0,0,0,0,0,0,[user] [user] la duda es si es si entre [user] o el presidente alguno de los dos habrá leído el libro
d30b57d12c01a77390114d13ec98dd19,LIBROSÁNCHEZ,1,@cultrun @MIGUELAZA01 @sanchezcastejon guuaaau! ahora mismo voy a la librería y compro...cualquier libro menos ese😂😂😂,es,1,0,0,3,0,0,3,0,1,[user] [user] [user] guuaau ahora mismo voy a la librería y compro cualquier libro menos ese cara_llorando_de_risa cara_llorando_de_risa cara_llorando_de_risa
ec756b59c9cd2546edd2d151d0d74d86,LIBROSÁNCHEZ,1,"Informo que el próximo sábado estaré firmando el libro de @sanchezcastejon  en el Corte Inglés de Callao. Tiene el mismo sentido que si lo firmara él, tampoco lo ha escrito #Manualderesistencia",es,0,0,0,0,0,1,0,0,0,informo que el próximo sábado estaré firmando el libro de [user] en el corte inglés de callao tiene el mismo sentido que si lo firmara él tampoco lo ha escrito manualderesistencia
67f059e998bf5f59cdd248625cddfce1,LIBROSÁNCHEZ,1,Lo del libro de @sanchezcastejon es para tapar el de @protestona1,es,0,0,0,0,0,0,0,0,0,lo del libro de [user] es para tapar el de [user]
313a5fadc2a7e7e4371c61c40669bed9,LIBROSÁNCHEZ,1,"@cultrun @tuiteroderechas @sanchezcastejon Ahora entiendo muchas cosas, no le ha quedado tiempo para gobernar con tanto libro...",es,0,0,0,0,0,1,1,0,1,[user] [user] [user] ahora entiendo muchas cosas no le ha quedado tiempo para gobernar con tanto libro
5a34e0c35396369d9be3ee860e50849c,LIBROSÁNCHEZ,1,"@sanchezcastejon Notamos mucho esto en  Servicios Sociales, qué no dan cita, y sólo dan ayuda a los refugiados! Vaya labor tan buena la suya. Los españoles durmiendo en las calles y comiendo en comedores sociales; claro es imposible escribir un libro si se está por las necesidades del ciudadano!",es,2,0,0,0,0,1,0,0,0,[user] notamos mucho esto en servicios sociales qué no dan cita y sólo dan ayuda a los refugiados vaya labor tan buena la suya los españoles durmiendo en las calles y comiendo en comedores sociales claro es imposible escribir un libro si se está por las necesidades del ciudadano
c5c4b9fb4bf1d6efb6b7979a8069e8dd,LIBROSÁNCHEZ,1,"@sanchezcastejon ha escrito un libro o ha publicado un libro? En el caso de Pedro Sánchez, es importante este matiz.",es,0,1,0,0,0,0,0,0,0,[user] ha escrito un libro o ha publicado un libro en el caso de pedro sánchez es importante este matiz
792dd94bf3d4a4c62feef5f9e2439989,LIBROSÁNCHEZ,1,"@okdiario Espero que el libro de @sanchezcastejon se edite con hojas de papel suave y Perico me regale unos ejemplares, que el papel higiénico está caro. Por supuesto de comprarlo ni loco lo haría.",es,0,0,0,0,0,1,0,0,0,[user] espero que el libro de [user] se edite con hojas de papel suave y perico me regale unos ejemplares que el papel higiénico está caro por supuesto de comprarlo ni loco lo haría
b9e7c051a3cea68371c668c09e284eec,LIBROSÁNCHEZ,1,"@okdiario ¿A quién plagiará @sanchezcastejon  el libro? Si comienza En un lugar de La Mancha de cuyo nombre no....."" será que Cervantes se ha afiliado al @PSOE .""",es,0,2,1,0,0,1,1,2,1,[user] a quién plagiará [user] el libro si comienza en un lugar de la mancha de cuyo nombre no será que cervantes se ha afiliado al [user]
b585a2b29f4b2292894307e04774c84a,LIBROSÁNCHEZ,1,@Xuxipc @sanchezcastejon @protestona1 Ya se le llama libro a cualquier cosa.,es,0,0,0,0,0,0,0,0,0,[user] [user] [user] ya se le llama libro a cualquier cosa
29bf8d3b409d15dbf26eadbaf100cb04,LIBROSÁNCHEZ,1,"@JosPastr Qué pena que Paquipalla, S.L. le haya quitado protagonismo al libro de @sanchezcastejon
O no te has enterado???? #homeporfavo",es,0,4,0,0,0,1,1,0,0,[user] qué pena que paquipalla s l le haya quitado protagonismo al libro de [user] o no te has enterado homeporfavo
a28bdcc3d9f71f214addd350ca5a0057,LIBROSÁNCHEZ,1,"Redacta su tesis en sólo un año
Publica libro en sólo 6 meses
Recorre 16 países en sólo 20 semanas

Alarga acción Gobierno al 2030
Atrasa convocatoria elecciones a 2020
Tarda 8 días en reconocer a Guaidó

El Presidente @SanchezCastejon: rápido para lo suyo, lento para los demás.",es,0,0,0,0,0,0,0,0,0,redacta su tesis en sólo un año publica libro en sólo 6 meses recorre 16 países en sólo 20 semanas alarga acción gobierno al 2030 atrasa convocatoria elecciones a 2020 tarda 8 días en reconocer a guaidó el presidente [user] rápido para lo suyo lento para los demás
07bd867efb6bb89e440bed1c963664e1,LIBROSÁNCHEZ,1,"A ver si lo he entendido bien, @sanchezcastejon pone un delator para negociar no se q con una comunidad autónoma q le tiene cogido pornlos huevos a la vez q publica un libro suyo?? No me digáis q no es encantador. SUDAPOLLISMO NIVEL DIOS.",es,0,2,3,0,0,3,0,0,0,a ver si lo he entendido bien [user] pone un delator para negociar no se q con una comunidad autónoma q le tiene cogido pornlos huevos a la vez q publica un libro suyo no me digáis q no es encantador sudapollismo nivel dios
17a3ae56b8d0f817533d784581c47a03,LIBROSÁNCHEZ,1,@EsterMunoz85 @PSOE Lo importante ahora es el libro 📚 de @sanchezcastejon 🤦‍♀️🤦‍♀️🤦‍♀️,es,0,0,1,7,0,0,0,0,0,[user] [user] lo importante ahora es el libro libros de [user] mujer_con_la_mano_en_la_frente mujer_con_la_mano_en_la_frente mujer_con_la_mano_en_la_frente
0ad934f1e29a6e43280ea86c514576a5,LIBROSÁNCHEZ,1,"Qué ganas tengo de que se publique la versión electrónica del libro de @sanchezcastejon, para poder ignorar semejante bazofia por partida doble: analógica y digital.
#ManualDeResistencia https://t.co/HMb73ycJBe",es,0,0,0,0,0,0,0,0,0,qué ganas tengo de que se publique la versión electrónica del libro de [user] para poder ignorar semejante bazofia por partida doble analógica y digital manualderesistencia [url]
79e5fc481496ff68a31aa1d986c7004c,LIBROSÁNCHEZ,1,"He decidido que no voy a leer el libro de @sanchezcastejon, voy a esperar a ver si hacen la película.",es,0,0,0,0,0,1,0,0,0,he decidido que no voy a leer el libro de [user] voy a esperar a ver si hacen la película
6fc51acb32114fecb7d8f3c33d7930ff,LIBROSÁNCHEZ,1,"#LeerEsMiPlan #LibrosRecomendados #LecturaRecomendada ¿ Qué #libro tendrá más #éxitoEmpresarial : el #ManualDeResistencia #ManualDeFalconeti @SanchezCastejon o La gran traición en Amazón de @enriquedediegov, editorial https://t.co/31O62zoVwB ?",es,0,2,0,0,0,0,0,0,0,leeresmiplan librosrecomendados lecturarecomendada qué libro tendrá más éxitoempresarial el manualderesistencia manualdefalconeti [user] o la gran traición en amazón de [user] editorial [url]
e669ad2e859adddee32028a8f62d0294,LIBROSÁNCHEZ,1,"@sanchezcastejon Por cierto Pedro, ¿me puedes enviar tu libro en ePub o formato digital?. Es que no tengo para comprarlo y cree una biblioteca digital. #HuelgaDeHambre #UnDíaMás #UnaNocheMás #VaXVos #TrabajoDigno #VidaDigna",es,0,2,0,0,0,1,0,0,0,[user] por cierto pedro me puedes enviar tu libro en epub o formato digital es que no tengo para comprarlo y cree una biblioteca digital huelgadehambre undíamás unanochemás vaxvos trabajodigno vidadigna
81c7fe410e52377eea3b21142fd75f96,LIBROSÁNCHEZ,1,"@sanchezcastejon Hola cucaracha Sánchez.
He visto que has sacado un libro en el que cuentas lo resistente que eres a las adversidades.
Si llevas un año en la Moncloa y no te han echado ni con cucal debe ser verdad.",es,0,0,0,0,0,2,0,0,0,[user] hola cucaracha sánchez he visto que has sacado un libro en el que cuentas lo resistente que eres a las adversidades si llevas un año en la moncloa y no te han echado ni con cucal debe ser verdad
2d5c5301d7f3ddaa8f61b20dbb3fdf1c,LIBROSÁNCHEZ,1,"@Alvisepf @sanchezcastejon -Señor Sánchez, ¿Podría hacernos un resumen de su libro?

-En cuanto lo lea se lo haré.",es,0,2,0,0,0,0,0,0,0,[user] [user] señor sánchez podría hacernos un resumen de su libro en cuanto lo lea se lo haré
7d65310a6f91d9f7dae0f6ab203ddbd5,LIBROSÁNCHEZ,1,El q copió una tesis y tuvo años para hacerla dice que ha escrito un libro en 6 meses 🤔🤔 @sanchezcastejon @sanchezcasrejon https://t.co/pm6zsewzal,es,0,0,0,2,0,0,0,0,0,el q copió una tesis y tuvo años para hacerla dice que ha escrito un libro en 6 meses cara_pensativa cara_pensativa [user] [user] [url]
8f7a28faa1deb6f8855b880f9ed0be8d,LIBROSÁNCHEZ,1,Pedro Sánchez @sanchezcastejon ha escrito el libro en los ratitos libres mientras viaja en el Falcon. https://t.co/tMzwNNIfiD,es,0,0,0,0,0,0,0,0,0,pedro sánchez [user] ha escrito el libro en los ratitos libres mientras viaja en el falcon [url]
335367014626894e575858f5ca5f5173,LIBROSÁNCHEZ,1,"@cultrun @sanchezcastejon Si ha tenido tiempo de escribir un libro, en tan sólo seis siete meses... mucho no ha currado no...",es,0,0,0,0,0,2,2,0,2,[user] [user] si ha tenido tiempo de escribir un libro en tan sólo seis siete meses mucho no ha currado no
0d4cb9429f6428dd3bf9fee30842ba2c,LIBROSÁNCHEZ,1,El libro de Pedro @sanchezcastejon me parece la inocentada de este año en versión anticipada 👏🏻,es,0,0,0,2,0,0,0,0,0,el libro de pedro [user] me parece la inocentada de este año en versión anticipada manos_aplaudiendo_tono_de_piel_claro
53451d7060c0f1137465219476c36f2c,LIBROSÁNCHEZ,1,"Me comentan que  @sanchezcastejon se inspiró en el Falcón para escribir su libro. con tantas horas de vuelo seguro  llegaran nuevas ediciones, entre líneas algo del conteo de nubes del ilustre @JoseLui44623095 podra encontrarse. Cosas de sociatas",es,0,0,0,0,0,0,0,0,0,me comentan que [user] se inspiró en el falcón para escribir su libro con tantas horas de vuelo seguro llegaran nuevas ediciones entre líneas algo del conteo de nubes del ilustre [user] podra encontrarse cosas de sociatas
e83140dcfa140ea2d7a428d7023b012b,LIBROSÁNCHEZ,1,"@el_messi Sin leer el libro, el título adecuado sería
“Pedro Sánchez: Onanismo En El Falcon”",es,0,0,0,0,0,1,0,2,0,[user] sin leer el libro el título adecuado sería pedro sánchez onanismo en el falcon
9b876138bfc44c8b7844be3be55aecd5,LIBROSÁNCHEZ,1,"Este viernes, en la rueda de prensa tras el consejo de ministros, Isabel Celaaaaaaá presentará el libro de Pedro Sánchez.",es,0,0,0,0,0,0,1,0,0,este viernes en la rueda de prensa tras el consejo de ministros isabel celaaá presentará el libro de pedro sánchez
6441094d7d86fbbf38115ccf60b869e9,LIBROSÁNCHEZ,1,¿Señor @sanchezcastejon esto significa que ya se retira usted con la publicación de su libro? https://t.co/FI5Yhh1Ezb,es,0,2,0,0,0,0,0,0,0,señor [user] esto significa que ya se retira usted con la publicación de su libro [url]
7220587c067b46ecd31d77d790fd0ef3,LIBROSÁNCHEZ,1,Mofas en el PSOE con el libro de Sánchez: “Lo habrá escrito en el Falcon” ✈️✈️✈️ https://t.co/eCrdnZNx7N,es,0,0,1,3,0,0,1,2,0,mofas en el psoe con el libro de sánchez lo habrá escrito en el falcon avión avión avión [url]
56607968fff6641c6b709eccf48f0f9b,LIBROSÁNCHEZ,1,"@sanchezcastejon Una encuesta reciente del CIS sitúa al Libro del Dr. Sánchez como el más vendido superando a El Quijote de la Mancha escrito también por Don Pedro. Por la compra del libro un mutímetro para medir la resistencia, los ohmios esos. https://t.co/4auLvH0pm5",es,0,0,1,0,0,0,0,0,0,[user] una encuesta reciente del cis sitúa al libro del dr sánchez como el más vendido superando a el quijote de la mancha escrito también por don pedro por la compra del libro un mutímetro para medir la resistencia los ohmios esos [url]
965d24f84447e5ffca5d1a406b1a8dfa,LIBROSÁNCHEZ,1,"Vista la TESIS, yo voy a esperar a que al LIBRO de PEDRO SÁNCHEZ le pasen el programa que detecta los PLAGIOS, por si ya lo tengo. https://t.co/lFzQKK76Yu",es,0,0,5,0,0,0,0,0,0,vista la tesis yo voy a esperar a que al libro de pedro sánchez le pasen el programa que detecta los plagios por si ya lo tengo [url]
51ec453ff7e1818fad2b2ad4a09b6e0e,LIBROSÁNCHEZ,1,"Rafael Hernando dice que Pedro Sánchez utiliza para su libro el mismo 'negro'"" que le hizo la tesis https://t.co/aSdUEKz6VX""",es,0,0,0,0,0,0,0,4,0,rafael hernando dice que pedro sánchez utiliza para su libro el mismo negro que le hizo la tesis [url]
86b9d5d0d3abae0a60b77eefa6068d4e,LIBROSÁNCHEZ,1,"@sanchezcastejon Lo malo de tu libro no creo que sea su contenido (si lo tiene) sino la inoportunidad de publicarlo siendo presidente del Gobierno (Con perdón) lo que supone una total y absoluta falta de ética política. 
Del contenido hablaré cuando conozca a su autor.
#SanchezDimision",es,0,0,0,0,0,2,0,0,0,[user] lo malo de tu libro no creo que sea su contenido si lo tiene sino la inoportunidad de publicarlo siendo presidente del gobierno con perdón lo que supone una total y absoluta falta de ética política del contenido hablaré cuando conozca a su autor sanchezdimision
baf6037d0ca63181e09710d7a1933ff4,LIBROSÁNCHEZ,1,"@sanchezcastejon Acabas de hacerte un spoiler al libro si vas x ahí contando el final venderas menos libros y ganas menos dinero.resístete a contar el final, aguanta.sino puedes habla de Franco y ya está",es,0,0,0,0,0,1,0,0,0,[user] acabas de hacerte un spoiler al libro si vas x ahí contando el final venderas menos libros y ganas menos dinero resístete a contar el final aguanta sino puedes habla de franco y ya está
d008ed6dddc8449c4605bb3890035e42,LIBROSÁNCHEZ,1,"@sanchezcastejon 😂😂😂Si es que eres un libro abierto, Cum Fraude 😂😂😂",es,0,0,0,6,0,0,2,0,0,[user] cara_llorando_de_risa cara_llorando_de_risa cara_llorando_de_risa si es que eres un libro abierto cum fraude cara_llorando_de_risa cara_llorando_de_risa cara_llorando_de_risa
86d54680961efa227dfe3416b07f45a2,LIBROSÁNCHEZ,1,Pero entonces el libro de Pedro Sánchez de qué va? En plan rollo historia de superación o algo así?,es,0,2,0,0,0,0,0,0,0,pero entonces el libro de pedro sánchez de qué va en plan rollo historia de superación o algo así
8b324a998d3a77a76460ff52fe565793,LIBROSÁNCHEZ,1,@sanchezcastejon Pedro Sanchez ha escrito un libro pero aún no se lo ha leído.,es,0,0,0,0,0,1,0,0,0,[user] pedro sanchez ha escrito un libro pero aún no se lo ha leído
36d8290f106b991dfe2a813136915ba4,LIBROSÁNCHEZ,1,"#ManualDeResistencia de @sanchezcastejon me huele a plagio. No será el libro gordo de petete?
#EleccionesGeneralesYa",es,0,1,0,0,0,1,0,0,0,manualderesistencia de [user] me huele a plagio no será el libro gordo de petete eleccionesgeneralesya
3f04d1f59dfe5958ea31b47cfcdb941a,LIBROSÁNCHEZ,1,"No sé qué cojones queréis que haga @@sanchezcastejon, una tesis doctoral en tiempo récord, escribe un libro, vuela más que una cigüeña, va a conciertos, coloca a la mujer, al hermano, a los amigos, regala España, y aún queréis que gobierne, hijoputas",es,0,0,0,0,0,1,0,0,0,no sé qué cojones queréis que haga [user] una tesis doctoral en tiempo récord escribe un libro vuela más que una cigüeña va a conciertos coloca a la mujer al hermano a los amigos regala españa y aún queréis que gobierne hijoputas
5d6969d11218f2f7f881878f6ee1fbae,LIBROSÁNCHEZ,1,"Antoñito, llégate en un salto a la librería y me traes el libro de Pedro Sánchez, que la mesa de mi despacho está coja. https://t.co/OgUT1dHQWX",es,0,0,0,0,0,0,0,0,0,antoñito llégate en un salto a la librería y me traes el libro de pedro sánchez que la mesa de mi despacho está coja [url]
0458e1f98317dc17e494f3c18f0fb3be,LIBROSÁNCHEZ,1,@cultrun @sanchezcastejon Pedro!!!! Al negro también le hemos pagado todos los españoles o por el precio de la tesis te ha incluído el libro?,es,4,1,0,0,0,0,1,0,0,[user] [user] pedro al negro también le hemos pagado todos los españoles o por el precio de la tesis te ha incluído el libro
21fbe454b169072e29b60cfff86b3ea4,LIBROSÁNCHEZ,1,@sanchezcastejon Espero que en tu libro haya tildes.,es,0,0,0,0,0,0,0,0,0,[user] espero que en tu libro haya tildes
faaf9b9d2d88d86ee48b01bfc0baa789,LIBROSÁNCHEZ,1,"@JOTAINVICTUS Cierto. Sufriremos las diez plagas de Egipto y un libro de Pedro Sánchez.
Terrible!!!",es,3,0,1,0,0,0,1,0,0,[user] cierto sufriremos las diez plagas de egipto y un libro de pedro sánchez terrible
cec5edaf80ec95380eebf11ea29f5b7c,LIBROSÁNCHEZ,1,Qué nervioso debe estar Pedro Sánchez! Esperando impaciente a que salga su libro para poder leerlo.,es,1,0,0,0,0,0,0,0,0,qué nervioso debe estar pedro sánchez esperando impaciente a que salga su libro para poder leerlo
361ae0904e4a42c358a353f195e6ed85,LIBROSÁNCHEZ,1,"¿Alguien me puede explicar de dónde saca Pedro Sánchez tiempo para escribir un libro en seis meses que lleva de gobierno?  Ah, claro. En el avión. Ahí se ha tirado 4 de los 6 meses.",es,0,2,0,0,0,0,0,0,0,alguien me puede explicar de dónde saca pedro sánchez tiempo para escribir un libro en seis meses que lleva de gobierno ah claro en el avión ahí se ha tirado 4 de los 6 meses
599c697da6c672882e66b75b4b770e08,LIBROSÁNCHEZ,1,Estoy deseando escuchar a Pedro Sánchez en el Congreso decir: “he venido a hablar de mi libro”,es,0,0,0,0,0,0,0,2,0,estoy deseando escuchar a pedro sánchez en el congreso decir he venido a hablar de mi libro
fabcdf3234a38e434b1b51b9077c005b,LIBROSÁNCHEZ,1,Última hora: el próximo libro de Pedro Sánchez será prologado por Carles Puigdemont. (En catalán of course),es,0,0,0,0,0,0,0,0,0,última hora el próximo libro de pedro sánchez será prologado por carles puigdemont en catalán of course
7834a895137d905ac33bd31a30a4136d,LIBROSÁNCHEZ,1,"@cultrun @sanchezcastejon No es un libro, es una amenaza :(",es,0,0,0,0,0,1,0,0,0,[user] [user] no es un libro es una amenaza
542cf97095e826fd908f3f032969f24f,LIBROSÁNCHEZ,1,ganas de saber la opinión de @perezreverte sobre el libro de @sanchezcastejon. ¿Será coherente y habrá utilizado lenguake inclusivo?,es,0,2,0,0,0,0,0,0,0,ganas de saber la opinión de [user] sobre el libro de [user] será coherente y habrá utilizado lenguake inclusivo
7bf5ee63163c00e3b330e3ca0f4478c5,LIBROSÁNCHEZ,1,@CiudadanaMartaR De verdad que pensaba que era una broma lo del libro de @sanchezcastejon ...que Es? Una guía de viajes?,es,0,2,0,0,0,0,1,0,1,[user] de verdad que pensaba que era una broma lo del libro de [user] que es una guía de viajes
4c2ab0484a8a32630e135bbb16327d88,LIBROSÁNCHEZ,1,"Mañana, cuando cojas un taxi en Madrid, te regalan el libro de Pedro Sanchez",es,0,0,0,0,0,0,0,0,0,mañana cuando cojas un taxi en madrid te regalan el libro de pedro sanchez
5ce92e0ac5dfc7977e2716f31aaa9618,LIBROSÁNCHEZ,1,¡#Extra! ¡#Extra! ¡La mano negra del “libro de @sanchezcastejon ha aparecido! Pensaba que #Planeta publicaba libros con caché... estaba equivocada 🖐🏿 https://t.co/d6FbWl84rC,es,6,0,0,2,0,0,1,1,1,extra extra la mano negra del libro de [user] ha aparecido pensaba que planeta publicaba libros con caché estaba equivocada mano_abierta_tono_de_piel_oscuro [url]
ed5d9e2af5af37052256f38c4ebb4555,LIBROSÁNCHEZ,1,"@progrestonaa Que dice el CIS que después de la Biblia, el segundo libro más vendido de la historia es el de Pedro Sánchez",es,0,0,1,0,0,0,0,0,0,[user] que dice el cis que después de la biblia el segundo libro más vendido de la historia es el de pedro sánchez
7d90905974bab911f35b85f3bd255821,LIBROSÁNCHEZ,0,@amarlos71 @sanchezcastejon Un libro para eso? Indignidad y desvergüenza.... ya tá😆,es,0,1,0,1,0,0,1,0,1,[user] [user] un libro para eso indignidad y desvergüenza ya tá cara_sonriendo_con_los_ojos_cerrados
ee3b69fca8b39d298c2591107146f8ef,LIBROSÁNCHEZ,0,"Pedro Sánchez saca libro el 19 de febrero: 'Manual de resistencia' https://t.co/yLlylDnKLR

Seguro que su contenido no dejará indiferente a nadie, así es @sanchezcastejon, valiente, luchador y por encima de todo una persona que ha demostrado defender su dignidad x encima de todo.",es,0,0,0,0,0,2,0,2,0,pedro sánchez saca libro el 19 de febrero manual de resistencia [url] seguro que su contenido no dejará indiferente a nadie así es [user] valiente luchador y por encima de todo una persona que ha demostrado defender su dignidad x encima de todo
477f8ac2d3888dc4abe5a35f1b782c0e,LIBROSÁNCHEZ,0,.@sanchezcastejon publicará a final de mes Manual de Resistencia un libro sobre su vida en @desdelamoncloa con una gran editorial.,es,0,0,0,0,0,0,0,0,0,[user] publicará a final de mes manual de resistencia un libro sobre su vida en [user] con una gran editorial
c69817ad7e25a13451f6dd81b3f2a4f9,LIBROSÁNCHEZ,0,@enlafronteratv @publico_es @sanchezcastejon @desdelamoncloa Pues me parece que yo em su lugar tendría ganas 0 de publicar ese libro porque no podría contar lo esencial de la realidad.,es,0,0,0,0,0,1,0,0,0,[user] [user] [user] [user] pues me parece que yo em su lugar tendría ganas 0 de publicar ese libro porque no podría contar lo esencial de la realidad
988c07d2895945131f3884f6826b19a8,LIBROSÁNCHEZ,0,"Que la mierda de libro Manual de Resistencia"" del okupa @sanchezcastejon es idea de @thewarroomblog",es,0,0,0,0,0,0,0,1,0,que la mierda de libro manual de resistencia del okupa [user] es idea de [user]
430668c40f34ca701661670f97cd771d,LIBROSÁNCHEZ,0,"@isabeldelatorr8 @sanchezcastejon @vox_es No lo sé,pero sacar un libro cuando estás en activo,es de ser muy bobo.Según como está el país y promocionandose como si fuera una estrella de rock.Está mal de la cabeza,si eso lo hace uno de derechas..😢",es,0,0,0,1,0,1,0,0,0,[user] [user] [user] no lo sé pero sacar un libro cuando estás en activo es de ser muy bobo según como está el país y promocionandose como si fuera una estrella de rock está mal de la cabeza si eso lo hace uno de derechas cara_llorando
2b6af4d5d8ced66e586670632be989ad,LIBROSÁNCHEZ,0,"Pensé que era broma pero no, @sanchezcastejon se cree Gary Cooper

Pedro Sánchez publica un libro después del escándalo de su tesis doctoral https://t.co/z1TWaOlh7Q vía @LoDeCultura",es,0,0,0,0,0,1,0,0,0,pensé que era broma pero no [user] se cree gary cooper pedro sánchez publica un libro después del escándalo de su tesis doctoral [url] vía [user]
764c95225070c217477018c3b184dbf0,LIBROSÁNCHEZ,0,"El doctor @sanchezcastejon explica cómo piensa resistir en La Moncloa 

https://t.co/RyK1Mj1k7n 

@ed_peninsula @libertaddigital @eslatarde https://t.co/8DqcfPuBVd",es,0,0,0,0,0,0,0,0,0,el doctor [user] explica cómo piensa resistir en la moncloa [url] [user] [user] [user] [url]
62d85aa318c4a85a5e411ebc9633b7e7,LIBROSÁNCHEZ,0,@cultrun @sanchezcastejon El cargo de presidente del gobierno es para servir a la sociedad o generar negocio con un libro? Cuanto cobra?,es,0,2,0,0,0,0,0,0,0,[user] [user] el cargo de presidente del gobierno es para servir a la sociedad o generar negocio con un libro cuanto cobra
c99410b97a509ac7a784c1ad42f2604d,LIBROSÁNCHEZ,0,"Sánchez publica ‘Manual de resistencia’, el primer libro de un presidente en ejercicio https://t.co/AF07arTz7M vía @elpais_espana @sanchezcastejon #El Fresco Egocentrico""
1092810394614288384""",es,0,0,0,0,0,0,0,4,0,sánchez publica manual de resistencia el primer libro de un presidente en ejercicio [url] vía [user] [user] el fresco egocentrico 1092810394614288384
a72e2d0bde3cc2942b6c0816198d6ed6,LIBROSÁNCHEZ,0,"La definitiva traición a la patria del fraudulento @sanchezcastejon . Y todo por cuatro viajes, una vajilla nueva y un libro de autobombo. Narcisismo puro y duro mezclado con una desfachatez sin límites. ¡Adiós España! #fb https://t.co/eu949ceiNn",es,2,0,0,0,0,1,0,0,0,la definitiva traición a la patria del fraudulento [user] y todo por cuatro viajes una vajilla nueva y un libro de autobombo narcisismo puro y duro mezclado con una desfachatez sin límites adiós españa fb [url]
71f09cb5efca05855644e347a3f01e18,LIBROSÁNCHEZ,0,@elmundoes @sanchezcastejon Lo que faltaba... Más vale que trabajes un poco. Seguro que has plagiado el libro o te lo ha escrito alguien... Manda huevos con este tipejo,es,0,0,0,0,0,0,2,0,2,[user] [user] lo que faltaba más vale que trabajes un poco seguro que has plagiado el libro o te lo ha escrito alguien manda huevos con este tipejo
741295bd4f16b7c674003671ea30d202,LIBROSÁNCHEZ,0,"Oye .@sanchezcastejon ¿esto quién lo paga?: Sánchez publica un libro durante su mandato, el primero en hacerlo en democracia https://t.co/V4d5G4NnFr vía @voz_populi",es,0,2,0,0,0,0,0,0,0,oye [user] esto quién lo paga sánchez publica un libro durante su mandato el primero en hacerlo en democracia [url] vía [user]
6e01221fc9c213fe4d5d5dac9819b450,LIBROSÁNCHEZ,0,"@larazon_es ESTE OCUPA @sanchezcastejon , ES UN INÚTIL Y HA DEMOSTRADO CON EL TÍTULO DE SU LIBRO,  QUE SABE Y DEMUESTRA QUE ESPAÑA NO LO QUIERE Y QUE CON UNAS ELECCIONES JAMÁS LE LLEVARÍA A GOBERNAR....",es,0,0,20,0,0,2,1,0,1,[user] este ocupa [user] es un inútil y ha demostrado con el título de su libro que sabe y demuestra que españa no lo quiere y que con unas elecciones jamás le llevaría a gobernar
120bbbfccc2eedb1e03cd149abb76a6e,LIBROSÁNCHEZ,0,"Escandaloso... El día en que se anuncia el título del libro de @sanchezcastejon Manual de Resistencia"". https://t.co/0SenSoLQHy""",es,0,0,0,0,0,0,1,2,1,escandaloso el día en que se anuncia el título del libro de [user] manual de resistencia [url]
b66df84fc7ad0a01990f1443f93bf945,LIBROSÁNCHEZ,0,@CiudadanaMartaR Sois miserables !! Tampoco puede @sanchezcastejon publicar un libro? Sois pura purita alcantarilla.,es,2,1,0,0,0,1,0,0,0,[user] sois miserables tampoco puede [user] publicar un libro sois pura purita alcantarilla
0f11b14e9400e5c952e5fab670e05a0c,LIBROSÁNCHEZ,0,"De verdad, esto de criticar a @sanchezcastejon hasta por sacar un libro aburre y mucho. Opinad cuanto queráis y sobre lo que queráis pero con un poco de sentido común, no os pongáis en evidencia.",es,0,0,0,0,0,1,0,0,0,de verdad esto de criticar a [user] hasta por sacar un libro aburre y mucho opinad cuanto queráis y sobre lo que queráis pero con un poco de sentido común no os pongáis en evidencia
1a55537f152783be1a210127a4b59983,LIBROSÁNCHEZ,0,@gar_manchon @sanchezcastejon Ni regalao leo el libro,es,0,0,0,0,0,1,0,0,0,[user] [user] ni regalao leo el libro
e7d9699866c744ef927171ae1b3e7b10,LIBROSÁNCHEZ,0,"La consecución de un acoso constante de la derecha. 
La salida al mercado del libro de @sanchezcastejon es una oda al trabajo y la lucha de un líder por continuar aferrado al poder como sea. https://t.co/vNloglw4dC",es,0,0,0,0,0,0,0,0,0,la consecución de un acoso constante de la derecha la salida al mercado del libro de [user] es una oda al trabajo y la lucha de un líder por continuar aferrado al poder como sea [url]
382eafa520a733eafc2e8733d30e89db,LIBROSÁNCHEZ,0,@desdelamoncloa @sanchezcastejon Y el tonto pollas del okupa les ha firmado también su libro...?🤔🤔 https://t.co/sG8s21VBPl,es,0,1,0,2,0,0,1,0,1,[user] [user] y el tonto pollas del okupa les ha firmado también su libro cara_pensativa cara_pensativa [url]
28eca2c9209402fcb9ccec7e182845d8,LIBROSÁNCHEZ,0,"@sanchezcastejon va hacer algo en España aparte d saquear las arcas del Estado?si hay crisis d un sector le pasa la pelota a la CC.AA,si hay q reconocer un presidente a la UE, para contentar a los golpistas a un mediador,para escribir un libro a un escritor,q lo incapaciten ya!!!",es,3,1,0,0,0,0,1,0,0,[user] va hacer algo en españa aparte d saquear las arcas del estado si hay crisis d un sector le pasa la pelota a la cc aa si hay q reconocer un presidente a la ue para contentar a los golpistas a un mediador para escribir un libro a un escritor q lo incapaciten ya
6734e1bcdfe6169c7ff28427ab83fbbd,LIBROSÁNCHEZ,0,El tiempo que ha invertido en escribir el libro es justo el que necesitaba para dar una solución REAL E INMEDIATA a lo que pasa en Catalunya @sanchezcastejon https://t.co/yb2klXxFea,es,0,0,2,0,0,0,0,0,0,el tiempo que ha invertido en escribir el libro es justo el que necesitaba para dar una solución real e inmediata a lo que pasa en catalunya [user] [url]
ac039e8ad3702bf5543958b61f89e5d0,LIBROSÁNCHEZ,0,"@sanchezcastejon , #SanchezCumFraude, alias #Falconeti, unas preguntas:
▶️¿Quién es el autor de ese libro?
▶️¿Es un plagio?
▶️¿Explica cómo resistir en #Moncloa, mintiendo porque no convoca #EleccionesGeneralesYa , como dijo el 1 de junio?
Cc:
@PSOE 
@desdelamoncloa https://t.co/G1uok9XpLc",es,0,6,1,3,0,1,0,0,0,[user] sanchezcumfraude alias falconeti unas preguntas reproducir quién es el autor de ese libro reproducir es un plagio reproducir explica cómo resistir en moncloa mintiendo porque no convoca eleccionesgeneralesya como dijo el 1 de junio cc [user] [user] [url]
3085e534c5de3f54d17a5462af05d333,LIBROSÁNCHEZ,0,En @elconfidencial: Pedro Sánchez (@sanchezcastejon)  'ficha' por Planeta (@Planetadelibros): primer presidente en Moncloa que escribe un libro https://t.co/s9cwb3wjpH por @JuanmaRomero y @mendezrafael #libros,es,0,0,0,0,0,0,0,2,0,en [user] pedro sánchez [user] ficha por planeta [user] primer presidente en moncloa que escribe un libro [url] por [user] y [user] libros
f340e626b5071b5db7ce9072e5727a01,LIBROSÁNCHEZ,0,".@SanchezCastejon, primer presidente que publica un libro durante su mandato https://t.co/cQFvPr2GIp",es,0,0,0,0,0,0,0,0,0,[user] primer presidente que publica un libro durante su mandato [url]
1a00bc1a819709928cc6f16fb5880294,LIBROSÁNCHEZ,0,"Para alguien como @sanchezcastejon que sufre un caso de narcisismo agudo, con la necesidad imperativa de ser el centro de atención, no podía haber otra portada. #PedroSánchez #libro https://t.co/kR2rrmV84L",es,0,0,0,0,0,1,0,0,0,para alguien como [user] que sufre un caso de narcisismo agudo con la necesidad imperativa de ser el centro de atención no podía haber otra portada pedrosánchez libro [url]
a19a696585278b2e9d13a41d44dab2ea,LIBROSÁNCHEZ,0,"@Rafa_Hernando @sanchezcastejon pública libro y a vosotros los #Tribunales os publican vuestra #Corrupcion y delincuencia en sentencias judiciales en las q describen al @PPopular como banda organizada para delinquir, lo q sois Rafita.
#PP debe ser ilegalizado.
#PPilegalYA",es,0,0,0,0,0,0,0,0,0,[user] [user] pública libro y a vosotros los tribunales os publican vuestra corrupcion y delincuencia en sentencias judiciales en las q describen al [user] como banda organizada para delinquir lo q sois rafita pp debe ser ilegalizado ppilegalya
c3f271e6d14eb0f4f9c286cbc227457c,LIBROSÁNCHEZ,0,"Cómo puede ser que @sanchezcastejon le dé tiempo a escribir Manual de resistencia?
.- O no da un palo al agua como Presidente 
.- O alguien le ha escrito el libro. Las dos opciones son creíbles, la 1 porque este hombre vive en un Falcon y porque no fue capaz de escribir su Tesis https://t.co/VlD3dqx0W9",es,0,1,0,0,0,2,0,0,0,cómo puede ser que [user] le dé tiempo a escribir manual de resistencia o no da un palo al agua como presidente o alguien le ha escrito el libro las dos opciones son creíbles la 1 porque este hombre vive en un falcon y porque no fue capaz de escribir su tesis [url]
f8f6dca92579b68fe7b3d68953343ad5,LIBROSÁNCHEZ,0,"@sanchezcastejon publica ‘Manual de resistencia’, el primer libro de un presidente en ejercicio https://t.co/RprgJ49M1D vía @elpais_espana @santicl",es,0,0,0,0,0,0,0,2,0,[user] publica manual de resistencia el primer libro de un presidente en ejercicio [url] vía [user] [user]
405847f086f15f2a5519a8371c02cef3,LIBROSÁNCHEZ,0,El facherío rabiando por Twitter porque @sanchezcastejon ha escrito un libro. Es lo que peor llevan. Los libros. #ManualdeResistencia,es,0,0,0,0,0,0,0,0,0,el facherío rabiando por twitter porque [user] ha escrito un libro es lo que peor llevan los libros manualderesistencia
ef7fe18804bf28fe8c648d222674f407,LIBROSÁNCHEZ,0,@cultrun @sanchezcastejon #Sánchezcastejon va a aprovechar su estancia en la Moncloa tanto como del cerdo se aprovecha en la matanza. Qué oportunismo tan vergonzoso. Un narcisismo de libro que debería hacerse mirar.,es,0,0,0,0,0,0,0,0,0,[user] [user] sánchezcastejon va a aprovechar su estancia en la moncloa tanto como del cerdo se aprovecha en la matanza qué oportunismo tan vergonzoso un narcisismo de libro que debería hacerse mirar
e0aba02909fc928c80ba6ec8b103caed,LIBROSÁNCHEZ,0,"@sanchezcastejon le publica @Planetadelibros un libro llamado “Resistencia” 😳Pero, ¿es legal que el Presidente del Gob firme contratos con empresas privadas, en este caso una Editorial Catalana como Planeta?🤔",es,0,2,0,2,0,0,0,2,0,[user] le publica [user] un libro llamado resistencia cara_sonrojada pero es legal que el presidente del gob firme contratos con empresas privadas en este caso una editorial catalana como planeta cara_pensativa
ef15f356752ae4befd8de5e9014eda66,LIBROSÁNCHEZ,0,No conozco a nadie más egocéntrico ni con más cara dura Sr @sanchezcastejon         En @elconfidencial: Pedro Sánchez 'ficha' por Planeta: primer presidente en Moncloa que escribe un libro https://t.co/4j2ci9BimN,es,0,0,0,0,0,3,1,2,0,no conozco a nadie más egocéntrico ni con más cara dura sr [user] en [user] pedro sánchez ficha por planeta primer presidente en moncloa que escribe un libro [url]
5fef636cf7bc5003248458346ff5274f,LIBROSÁNCHEZ,0,"Las RRSS arden hoy con un hecho histórico en el mundo editorial. El Presidente del Gobierno, @sanchezcastejon publicará su libro de memorias, Manual de Resistencia, el 19 de febrero. Polémico o no, @LibreBalmes lo tendrá en su escaparate. Resérvalo ya si lo quieres. https://t.co/lNqDaZDWpC",es,0,0,1,0,0,1,0,0,0,las rrss arden hoy con un hecho histórico en el mundo editorial el presidente del gobierno [user] publicará su libro de memorias manual de resistencia el 19 de febrero polémico o no [user] lo tendrá en su escaparate resérvalo ya si lo quieres [url]
1e56c62343922eff8e89d8b8b81e6513,LIBROSÁNCHEZ,0,"📖 @sanchezcastejon publica ‘Manual de resistencia’, el primer libro de un Presidente en ejercicio 👇 https://t.co/V8uOpz2Qmj vía @elpais_espana",es,0,0,0,2,0,0,0,2,0,libro_abierto [user] publica manual de resistencia el primer libro de un presidente en ejercicio dorso_de_mano_con_índice_hacia_abajo [url] vía [user]
5374c473fae0dc7f02697987c79884e7,LIBROSÁNCHEZ,0,"Pedro Sánchez @sanchezcastejon publica ‘Manual de resistencia’, el primer libro de un presidente en ejercicio | España | EL PAÍS https://t.co/UdTlUzxMys",es,0,0,1,0,0,0,0,2,0,pedro sánchez [user] publica manual de resistencia el primer libro de un presidente en ejercicio españa el país [url]
ea1a7b357544e8a8bea10c3e776b1bf4,LIBROSÁNCHEZ,0,"Que el Sr. @sanchezcastejon  ha escrito un libro es señal, o bien de que no gobierna, o de que pasa demasiado tiempo en el Falcon. O a lo mejor, y sin animo de faltar, que se lo han escrito, vamos. Y sin ser mal pensado, que lo tenía escrito y guardado para cuando interesara.",es,0,0,0,0,0,3,0,0,0,que el sr [user] ha escrito un libro es señal o bien de que no gobierna o de que pasa demasiado tiempo en el falcon o a lo mejor y sin animo de faltar que se lo han escrito vamos y sin ser mal pensado que lo tenía escrito y guardado para cuando interesara
cf34f1495a3a1a1d10958f8eab2ae33f,LIBROSÁNCHEZ,0,@sanchezcastejon Quien te ha escrito tu nuevo libro Pedro ????,es,0,4,0,0,0,0,1,0,0,[user] quien te ha escrito tu nuevo libro pedro
2c2baf578f7aea378499f948bd4f40f8,LIBROSÁNCHEZ,0,@cultrun @sanchezcastejon Mi opinión del libro y del protagonista https://t.co/UZwaCNNyZZ,es,0,0,0,0,0,0,0,0,0,[user] [user] mi opinión del libro y del protagonista [url]
1a134abd38e0eed7b708cfd16cf5eeec,LIBROSÁNCHEZ,0,"Lo último de uno de los personajes más nefastos en la historia de la democracia. Pedro @sanchezcastejon 'El ocurrencias' sigue haciendo de las suyas. Se chotea de todo el mundo
https://t.co/Glo5irFCjE",es,0,0,0,0,0,0,0,2,0,lo último de uno de los personajes más nefastos en la historia de la democracia pedro [user] el ocurrencias sigue haciendo de las suyas se chotea de todo el mundo [url]
001dbcb09473c063e030922ad6864f04,LIBROSÁNCHEZ,0,"Dos preguntas que me vienen a la cabeza, así de entrada. ¿Qué clase de loser compraría un libro de @sanchezcastejon? ¿Por qué Planeta publicaría un libro de un señor que ha plagiado, parcialmente, su tesis? https://t.co/HPlxKf5iCN",es,0,4,0,0,0,0,0,0,0,dos preguntas que me vienen a la cabeza así de entrada qué clase de loser compraría un libro de [user] por qué planeta publicaría un libro de un señor que ha plagiado parcialmente su tesis [url]
fa21535c63dc3100d783d20bab931a25,LIBROSÁNCHEZ,0,Madre mía. @sanchezcastejon escribe un libro estando en el poder ?!?! Pero que es esto ? Que hace un presidente lucrándose de ello ? Que tiempo ha tenido el presidente estos meses para poder escribir un libro ? O es un libro por encargo ? Típico suyo ...,es,2,6,0,0,0,0,1,0,1,madre mía [user] escribe un libro estando en el poder pero que es esto que hace un presidente lucrándose de ello que tiempo ha tenido el presidente estos meses para poder escribir un libro o es un libro por encargo típico suyo
3b9ea40838aa64acf8f556c29d6e8a0d,LIBROSÁNCHEZ,0,"Entre viajes en avión por todo el mundo y España , escribir el libro ... Cuanto tiempo le dedica el Dr.Sánchez a ejercer sus obligaciones como presidente ?Y exactamente que quiere decir el título  que sabe más de resistencia ,  que de gobernar ?@sanchezcastejon https://t.co/NKsb36yRvD",es,0,2,0,0,0,0,1,0,1,entre viajes en avión por todo el mundo y españa escribir el libro cuanto tiempo le dedica el dr sánchez a ejercer sus obligaciones como presidente y exactamente que quiere decir el título que sabe más de resistencia que de gobernar [user] [url]
e422ab9188830e02618482fc36ee2621,LIBROSÁNCHEZ,0,"@sanchezcastejon dice haber escrito un libro, tanto tiempo libre tiene siendo el peor presidente de España superando a @zapatero ,algo impensable. Que poco le importa España. https://t.co/aPQ73nA98U",es,0,0,0,0,0,0,0,0,0,[user] dice haber escrito un libro tanto tiempo libre tiene siendo el peor presidente de españa superando a [user] algo impensable que poco le importa españa [url]
c7d5e061e0569d306b52c30cc24b1946,LIBROSÁNCHEZ,0,@sanchezcastejon pregunten también. ¿quién le escribió el libro y si se inspiró en Mi lucha?,es,0,2,0,0,0,0,0,0,0,[user] pregunten también quién le escribió el libro y si se inspiró en mi lucha
0052ae7fc388bcaeeeab911359610c55,LIBROSÁNCHEZ,0,"¿Se puede ser más patético y lamentable que el vanidoso, ególatra y narcisista del doctorcito @sanchezcastejon?
🤣🤣🤣
El tipo ¿escribe? un libro durante su corta presidencia y coloca su jeta en la portada..
¿Pero por qué cojones no lo ha titulado Encantado de haberme conocido?""""",es,0,6,0,3,0,1,1,2,0,se puede ser más patético y lamentable que el vanidoso ególatra y narcisista del doctorcito [user] cara_revolviéndose_de_la_risa cara_revolviéndose_de_la_risa cara_revolviéndose_de_la_risa el tipo escribe un libro durante su corta presidencia y coloca su jeta en la portada pero por qué cojones no lo ha titulado encantado de haberme conocido
0e6cf58a099b9cae8241c986497d53de,LIBROSÁNCHEZ,0,"A ver, ?a los que tanto critican, que @sanchezcastejon haya publicado un libro, siendo Presodente, no se les ha ocurrido pensar que lo hubiera escrito antes o que lo tuviera a medias? Es igual, también le critican que se rasque",es,0,2,0,0,0,1,0,0,0,a ver a los que tanto critican que [user] haya publicado un libro siendo presodente no se les ha ocurrido pensar que lo hubiera escrito antes o que lo tuviera a medias es igual también le critican que se rasque
3626159f5336bf7d0ffb79b9d8055f4e,LIBROSÁNCHEZ,0,"@rosadiezglez @sanchezcastejon haga lo que le exige a gobiernos extranjeros y convoque elecciones
Su sumisión ante el independentismo es de vergüenza y asqueroso
Y encima ahora un libro
PATÉTICO",es,0,0,1,0,0,0,0,0,0,[user] [user] haga lo que le exige a gobiernos extranjeros y convoque elecciones su sumisión ante el independentismo es de vergüenza y asqueroso y encima ahora un libro patético
0fb7cf5e6cc641102387200e9511b696,LIBROSÁNCHEZ,0,"@Bcnisnotcat_ @sanchezcastejon Publicar un libro estable un contrato mercantil o comercial con la editorial. ¿Tiene alguna incompatibilidad el cargo de #presidente del #gobierno?
Por favor, ¿puede aclarar @ldpsincomplejos ?",es,0,4,0,0,0,0,0,0,0,[user] [user] publicar un libro estable un contrato mercantil o comercial con la editorial tiene alguna incompatibilidad el cargo de presidente del gobierno por favor puede aclarar [user]
c634e3d5c52f24bd7a00e72e59280583,LIBROSÁNCHEZ,0,"Foto de @sanchezcastejon trabajando en su libro  manual de resistencia"" https://t.co/45Riq5fKP0""",es,0,0,0,0,0,0,0,2,0,foto de [user] trabajando en su libro manual de resistencia [url]
52674232c204ac65ee4544de66918aa1,LIBROSÁNCHEZ,0,El cumfraude @sanchezcastejon publica un libro. Quien se lo habrá hecho? De dónde habrá copiado?,es,0,2,0,0,0,0,0,0,0,el cumfraude [user] publica un libro quien se lo habrá hecho de dónde habrá copiado
d5d8f9b7aaad20b2b271aad2d04e27f3,LIBROSÁNCHEZ,0,"@sanchezcastejon 🤣🤣🤣🤣🤣 cachondo, okupa, pero el libro lo has escrito tú o como la tesis?",es,0,1,0,5,0,0,1,0,0,[user] cara_revolviéndose_de_la_risa cara_revolviéndose_de_la_risa cara_revolviéndose_de_la_risa cara_revolviéndose_de_la_risa cara_revolviéndose_de_la_risa cachondo okupa pero el libro lo has escrito tú o como la tesis
41260a8a3407465be3df95983da83f4f,LIBROSÁNCHEZ,0,"Si en este país fueramos medianamente serio, nadie compraría un sólo libro de @sanchezcastejon, primer presidente en la historia publicando siendo Presidente, conflicto de intereses claro...vaya mafia es el @PSOE #mafia #eleccionesya",es,0,0,1,0,0,1,1,0,1,si en este país fueramos medianamente serio nadie compraría un sólo libro de [user] primer presidente en la historia publicando siendo presidente conflicto de intereses claro vaya mafia es el [user] mafia eleccionesya
504012187cd761c9a317c15dcc47e59d,LIBROSÁNCHEZ,0,"@COPE @linternacope @bilbainos @sanchezcastejon Claro, como sabe que sus días en Moncloa están contados y se le acaba el chollo, ahora intenta hacer caja con un libro que se va a comprar su P*** madre.
#EleccionesYa
#VotaVox
#AbascalPresidente",es,0,0,1,0,0,0,1,0,0,[user] [user] [user] [user] claro como sabe que sus días en moncloa están contados y se le acaba el chollo ahora intenta hacer caja con un libro que se va a comprar su p madre eleccionesya votavox abascalpresidente
3621a40ee30baf82271881643318573d,LIBROSÁNCHEZ,0,"@sanchezcastejon Cada día que pasa , haces que la gente esté más en contra tuya ,  tienes cada vez a más gente en contra tuya , tardes más o menos , terminarás fuera , el libro que públicas lo has escrito tú ???.",es,0,3,0,0,0,0,1,0,0,[user] cada día que pasa haces que la gente esté más en contra tuya tienes cada vez a más gente en contra tuya tardes más o menos terminarás fuera el libro que públicas lo has escrito tú
5c68b76166d4f7d41214cdf07cec7e0e,LIBROSÁNCHEZ,0,"@cultrun @sanchezcastejon No ha aclarado lo de la tesis y ahora saca libro. Quien se lo escribió? Porque si no da para hacer una tesis sin plagiarla, dudo de la autoria del panfleto de la meretriz. https://t.co/dmLqdN9lZ1",es,0,1,0,0,0,3,0,0,0,[user] [user] no ha aclarado lo de la tesis y ahora saca libro quien se lo escribió porque si no da para hacer una tesis sin plagiarla dudo de la autoria del panfleto de la meretriz [url]
cacd50408e8596637e6bd4db350cb7d7,LIBROSÁNCHEZ,0,"@usuariocastilla Yo no sé cómo @sanchezcastejon de @PSOE , tiene tiempo para hacer todas estas cosas si se lleva más tiempo viajando que en España y para colmo ahora ha escrito un libro, tenía que ser ahora porque si espera lo mismo no se lo publica nadie",es,0,0,1,0,0,3,0,0,0,[user] yo no sé cómo [user] de [user] tiene tiempo para hacer todas estas cosas si se lleva más tiempo viajando que en españa y para colmo ahora ha escrito un libro tenía que ser ahora porque si espera lo mismo no se lo publica nadie
993655db11196dea3de0e9130392b857,LIBROSÁNCHEZ,0,"@sanchezcastejon, convoca elecciones de una vez y déjate de tanto libro. ¿Éste te lo han escrito también, como la tesis?",es,0,2,0,0,0,0,0,0,0,[user] convoca elecciones de una vez y déjate de tanto libro éste te lo han escrito también como la tesis
1d4507d36fea9a329213d896897c6037,LIBROSÁNCHEZ,0,"@Paquirri74 @sanchezcastejon El libro se lo han escrito porque inteligencia para hacerlo el, no tiene y dedicarle a España?Si entre viaje y viaje en el Falcón,     redecorar Moncloa, renovar l  Falcón y darle todos a las catalanes, que hace este Sr por el país?",es,0,2,0,0,0,1,1,0,0,[user] [user] el libro se lo han escrito porque inteligencia para hacerlo el no tiene y dedicarle a españa si entre viaje y viaje en el falcón redecorar moncloa renovar l falcón y darle todos a las catalanes que hace este sr por el país
289834f2d726901498e75717cae5c701,LIBROSÁNCHEZ,0,"@sanchezcastejon @PSOE Vengaaaaa....tu ego es el que te ha llevado al sillón, el primer presidente que escribe un libro estado en el cargo.....pero si llevas menos de un año....y espero que no te dejen más tiempo las urnas.",es,0,0,1,0,0,1,4,0,3,[user] [user] vengaa tu ego es el que te ha llevado al sillón el primer presidente que escribe un libro estado en el cargo pero si llevas menos de un año y espero que no te dejen más tiempo las urnas
0ec53660388c24c34caed1f71240eafe,LIBROSÁNCHEZ,0,🇪🇸NACIONAL | Pedro @SanchezCastejon se convierte en el primer presidente de la Democracia española que saca un libro estando en La Moncloa. Se titula 'Manual de resistencia' y estará en las librerías el 19 de febrero https://t.co/DWvkTnvWCi,es,0,0,1,0,0,0,0,2,0,bandera_españa nacional pedro [user] se convierte en el primer presidente de la democracia española que saca un libro estando en la moncloa se titula manual de resistencia y estará en las librerías el 19 de febrero [url]
e3bc72fb05e58edb094845b5604ccf3c,LIBROSÁNCHEZ,0,@Xuxipc @protestona1 @sanchezcastejon Qué coñazo das con tu libro,es,0,0,0,0,0,0,0,0,0,[user] [user] [user] qué coñazo das con tu libro
be8d5685aa647a28cd9bc41b17d95881,LIBROSÁNCHEZ,0,"Nuestro presidente, @sanchezcastejon, va a publicar un libro que se llama Manual de Resistencia"".",es,0,0,0,0,0,0,0,1,0,nuestro presidente [user] va a publicar un libro que se llama manual de resistencia
3df7171123f36e8cb634ad7ac3bb5739,LIBROSÁNCHEZ,0,"@COPE @bilbainos @linternacope @sanchezcastejon Y...¿publicar un libro siendo Presidente, no es competencia desleal?.",es,0,2,1,0,0,1,1,0,1,[user] [user] [user] [user] y publicar un libro siendo presidente no es competencia desleal
3c20682683cebd42264d0977229e446f,LIBROSÁNCHEZ,0,@sanchezcastejon pero ha escrito tú el libro o has copiado como la tesis imaginaria ???,es,0,3,0,0,0,0,1,0,0,[user] pero ha escrito tú el libro o has copiado como la tesis imaginaria
762e1a8d83f164d56b3b2b64cef50c63,LIBROSÁNCHEZ,0,"@abcdesevilla @sanchezcastejon Lo ha escrito en el escusado, por eso seguramente será un excremento de libro",es,0,0,0,0,0,0,0,0,0,[user] [user] lo ha escrito en el escusado por eso seguramente será un excremento de libro
de5c50bd19eaaf87d9f351aab2ef4253,LIBROSÁNCHEZ,0,@carlossegovia_ @AbeInfanzon No pienso leer ni comprar el libro de @sanchezcastejon,es,0,0,0,0,0,2,0,0,0,[user] [user] no pienso leer ni comprar el libro de [user]
f0edb306694af2236bb798c0bd481397,LIBROSÁNCHEZ,0,@sanchezcastejon Usa su obligación como catapulta y escaparate de la venta de su libro. ¡ ya está bien !,es,2,0,0,0,0,0,0,0,0,[user] usa su obligación como catapulta y escaparate de la venta de su libro ya está bien
fda4d0cd3325f47c296265760f1376ab,LIBROSÁNCHEZ,0,@sanchezcastejon El título de su los libro parece de un terrorista. Se lo habrá realizado un negro o será un plagio mas. Okupa!!!,es,3,0,0,0,0,0,1,0,0,[user] el título de su los libro parece de un terrorista se lo habrá realizado un negro o será un plagio mas okupa
83a9b5b821fd6dd48b0437b5f80025f1,LIBROSÁNCHEZ,0,"Sacar el libro MANUAL DE RESISTENCIA el mismo día que el gobierno anuncia que asume la mediación de un RELATOR en el conflicto es como poco , otra muestra mas de INCOHERENCIA de @sanchezcastejon https://t.co/P8NclkX3Ol",es,0,0,4,0,0,0,0,0,0,sacar el libro manual de resistencia el mismo día que el gobierno anuncia que asume la mediación de un relator en el conflicto es como poco otra muestra mas de incoherencia de [user] [url]
38757170b07be73840b2c524efe3a5cf,LIBROSÁNCHEZ,0,"@sanchezcastejon . No has esperado a irte para escribir un libro. Ese divismo egocéntrico es enfermizo, es de psicólogo. Y la editorial, que lo pague.",es,0,0,0,0,0,1,0,0,0,[user] no has esperado a irte para escribir un libro ese divismo egocéntrico es enfermizo es de psicólogo y la editorial que lo pague
bb139850ef2a0d12c51be4c4fee1f97e,LIBROSÁNCHEZ,0,"@sanchezcastejon pasándose el código ético de su partido por los...

#Sanchezdimision
#EleccionesGeneralesYa
Sánchez vulnera con su libro el Código Ético del PSOE que exige plena dedicación al servicio público"" https://t.co/qgxKsIzKsJ""",es,0,0,1,0,0,0,1,2,1,[user] pasándose el código ético de su partido por los sanchezdimision eleccionesgeneralesya sánchez vulnera con su libro el código ético del psoe que exige plena dedicación al servicio público [url]
3a0cb0b2e84998743651c5ddb7950b7f,LIBROSÁNCHEZ,0,"@Jimmy34214567 @pepm91 @sanchezcastejon @pabloharour @mejoreszasca Pero el libro en cuestión, será otro plagio ??? El Doctor Sánchez es capaz de eso y mucho más … agárrame el cubata !!! @HerreraenCOPE @eslamananadeFJL",es,3,3,0,0,0,0,2,0,1,[user] [user] [user] [user] [user] pero el libro en cuestión será otro plagio el doctor sánchez es capaz de eso y mucho más agárrame el cubata [user] [user]
d323b3898ee413d4e22ee322c89018a3,LIBROSÁNCHEZ,0,Pedro Sánchez publica en febrero un libro que ha terminado de escribir en La Moncloa https://t.co/CgmnnBBk31 vía @ABCespana,es,0,0,0,0,0,0,0,0,0,pedro sánchez publica en febrero un libro que ha terminado de escribir en la moncloa [url] vía [user]
75dee0bf39b3106cc653ac20de4d1201,LIBROSÁNCHEZ,0,"@sanchezcastejon Donde está la dedicación exclusiva que le exige el cargo? 
Si no ha sido capaz de hacer una Tesis sin fraude, nos quiere hacer creer que es capaz de escribir un libro? 
Usted es un fraude, se mire por donde se mire",es,0,2,0,0,0,2,0,0,0,[user] donde está la dedicación exclusiva que le exige el cargo si no ha sido capaz de hacer una tesis sin fraude nos quiere hacer creer que es capaz de escribir un libro usted es un fraude se mire por donde se mire
937d787e6f7f50560600d73d99916fb7,LIBROSÁNCHEZ,0,"Hernando dice que Sánchez utiliza para su libro el mismo 'negro'"" que le hizo la tesis https://t.co/76cLkWUKW4""",es,0,0,0,0,0,0,0,4,0,hernando dice que sánchez utiliza para su libro el mismo negro que le hizo la tesis [url]
67f847e8fcb166ac4142303b612d7e63,LIBROSÁNCHEZ,0,"@AlejandroCancho @sanchezcastejon Pues hombre, juzgar un libro por la portada... Para decir si es bueno, malo, regular, verídico, o interesante, primero hay que leerlo.",es,0,0,0,0,0,0,1,0,1,[user] [user] pues hombre juzgar un libro por la portada para decir si es bueno malo regular verídico o interesante primero hay que leerlo
8c42cf9c245e5daa9b7103303de0a5c5,LIBROSÁNCHEZ,0,"Rafael Hernando dice que Pedro Sánchez utiliza para su libro el mismo 'negro'"" que le hizo la tesis https://t.co/3xnMOfMclD""",es,0,0,0,0,0,0,0,4,0,rafael hernando dice que pedro sánchez utiliza para su libro el mismo negro que le hizo la tesis [url]
3bc3988eb454ee22aa7a07f8fbf9c22e,LIBROSÁNCHEZ,0,"@sanchezcastejon Si en 8 meses has escrito un libro tenemos tres opciones; 

- Un mal libro
- Un mal gobierno
- Ambas.",es,0,0,0,0,0,0,0,0,0,[user] si en 8 meses has escrito un libro tenemos tres opciones un mal libro un mal gobierno ambas
f25b5c4ce95f2342772a8ca77bcaf82f,LIBROSÁNCHEZ,0,"@AlfonsoRojoPD No puede decidir el apoyo a los independentistas, los ciudadanos tenemos DERECHO a decidir, y este DICTADOR @sanchezcastejon , es un vividor que se dedica a viajar, a vivir como los ricos, a utilizar el CIS GRATIS, a escribir un libro cuando NO hace nada por España",es,0,0,4,0,0,3,0,0,0,[user] no puede decidir el apoyo a los independentistas los ciudadanos tenemos derecho a decidir y este dictador [user] es un vividor que se dedica a viajar a vivir como los ricos a utilizar el cis gratis a escribir un libro cuando no hace nada por españa
d118516f2df92ae55c524b304d3e9c0d,LIBROSÁNCHEZ,0,@sanchezcastejon ni en la portada del libro se te quita la cara de falso,es,0,0,0,0,0,1,0,0,0,[user] ni en la portada del libro se te quita la cara de falso
2eda205100c6b4d478b2c59bf2947de4,LIBROSÁNCHEZ,0,"@abonillaz No he prejuzgado nada. He visto tu TL y, mientras no hay nada del tema político del día, un caso gravísimo de corrupción confirmado por la Guardia Civil... pues veo hostias a Pedro Sánchez por el uso del avión oficial y por un libro.

Y me llama la atención dónde se pone el foco.",es,0,0,0,0,0,4,1,0,1,[user] no he prejuzgado nada he visto tu tl y mientras no hay nada del tema político del día un caso gravísimo de corrupción confirmado por la guardia civil pues veo hostias a pedro sánchez por el uso del avión oficial y por un libro y me llama la atención dónde se pone el foco
bd1f822d74152c0a342f47fae7da354c,LIBROSÁNCHEZ,0,"Pedro Sanchez primer presidente en publicar un libro durante su mandato. 
Y no puedo por menos que pensar que en realidad, es el segundo. O de la “tesis” no se acuerda nadie ya? 🙈",es,0,1,0,1,0,3,0,2,0,pedro sanchez primer presidente en publicar un libro durante su mandato y no puedo por menos que pensar que en realidad es el segundo o de la tesis no se acuerda nadie ya mono_con_los_ojos_tapados
72f1f0c0ddb636d25549009f6298db3c,LIBROSÁNCHEZ,0,Rafael Hernando pierde los nervios por el libro de Pedro Sánchez https://t.co/D8OTJDTe1Q,es,0,0,0,0,0,0,0,0,0,rafael hernando pierde los nervios por el libro de pedro sánchez [url]
3a9006fc1237359c9775611645422b03,LIBROSÁNCHEZ,0,"Ante las dudas que suscita la autoría y el sentido de Manual de Resistencia, el libro publicado por Pedro Sánchez, me he permitido hacer algunas pertinentes modificaciones en su portada #ElCascabel5F https://t.co/Z46qH1GfZC",es,0,0,0,0,0,0,0,0,0,ante las dudas que suscita la autoría y el sentido de manual de resistencia el libro publicado por pedro sánchez me he permitido hacer algunas pertinentes modificaciones en su portada elcascabel5f [url]
0746537a4071df809f7669e25021dcd0,LIBROSÁNCHEZ,0,Crees que Pedro Sánchez ha escrito él su libro,es,0,0,0,0,0,0,0,0,0,crees que pedro sánchez ha escrito él su libro
c34660431a3eaa2d4c20eee39c56ef5d,LIBROSÁNCHEZ,0,@sanchezcastejon en su libro nos cuenta cómo renunciar a cualquier tipo de principio o la más mínima integridad moral con tal de conseguir tus objetivos personales. Lo que viene siendo el paradigma de la izquierda del siglo XXI https://t.co/xzqsKmBT4J,es,0,0,1,0,0,0,0,0,0,[user] en su libro nos cuenta cómo renunciar a cualquier tipo de principio o la más mínima integridad moral con tal de conseguir tus objetivos personales lo que viene siendo el paradigma de la izquierda del siglo xxi [url]
c19386f91f61828d7ae174e33a6d7880,LIBROSÁNCHEZ,0,Pocas personas me causan tanto rechazo como Pedro Sánchez. De verdad. Sigo flipando con la contraportada de su nuevo libro. ¿Cómo se pueden tener ese ego y esa soberbia?,es,0,2,0,0,0,0,0,0,0,pocas personas me causan tanto rechazo como pedro sánchez de verdad sigo flipando con la contraportada de su nuevo libro cómo se pueden tener ese ego y esa soberbia
b72c782d61bd09c5b4b24b73c77468a4,LIBROSÁNCHEZ,0,@sanchezcastejon Se confirma... no eres más Gilipo..as porque no te diste más golpes en la cabeza hijo de mi vida. Tu próximo libro tendrá que hablar de cómo te libraste de prision porque cuando VOX llegue al congreso te van a denunciar por alta traiccion a España que es lo que estás haciendo.,es,0,0,1,0,0,2,1,0,1,[user] se confirma no eres más gilipo as porque no te diste más golpes en la cabeza hijo de mi vida tu próximo libro tendrá que hablar de cómo te libraste de prision porque cuando vox llegue al congreso te van a denunciar por alta traiccion a españa que es lo que estás haciendo
19d0f9413378e34d533317d53f9caa53,LIBROSÁNCHEZ,0,"Manual de resistencia, por @cristina_pardo https://t.co/01u4OIPdbu vía @elperiodico",es,0,0,0,0,0,0,0,0,0,manual de resistencia por [user] [url] vía [user]
2f147b4e1a60f5184c292fa4c36e7aeb,FRANCO,1,"El juez que paraliza la exhumación de Franco dice que no hay urgencia: Lleva allí más de 44 años"" | Valle de los Caídos https://t.co/OXioko5ga0""",es,0,0,0,0,0,1,0,2,0,el juez que paraliza la exhumación de franco dice que no hay urgencia lleva allí más de 44 años valle de los caídos [url]
d52d0485525c2d4b71fbbbc86628c093,FRANCO,1,"Hoy volveremos a oir las risotadas de los fascistas
OPINIÓN | Franco ha muerto, el franquismo no tanto, por Ignacio Escolar, @iescolar https://t.co/M36ny6yZa4",es,0,0,1,0,0,1,0,0,0,hoy volveremos a oir las risotadas de los fascistas opinión franco ha muerto el franquismo no tanto por ignacio escolar [user] [url]
9053550039177706e19790747d95c521,FRANCO,1,"Un juez franquista frenando la exhumación del dictador Franco. 
España 2019.",es,0,0,0,0,0,0,0,0,0,un juez franquista frenando la exhumación del dictador franco españa 2019
d70b6d89e7a8db96eda28d7440a2525c,FRANCO,1,El juez dice que puede ser peligroso para los operarios la exhumacion de Franco.  No dice nada de lo peligroso que fue para los que construyeron el valle de los caidos,es,0,0,0,0,0,2,0,0,0,el juez dice que puede ser peligroso para los operarios la exhumacion de franco no dice nada de lo peligroso que fue para los que construyeron el valle de los caidos
9b8bac4c559cbc1d1439aa5dcb4526f2,FRANCO,1,"Most #viral News Now: Yusty, el juez que paraliza la exhumación de Franco: ¡Viva España!"" https://t.co/zw2Sl47qOR""",es,2,0,0,0,0,0,0,2,0,most viral news now yusty el juez que paraliza la exhumación de franco viva españa [url]
67121bbc1e5b1f6bd3bb9eea8b60c394,FRANCO,1,La Justicia suspende la exhumación de Franco por deficiencias en el cerebro del Gobierno https://t.co/TZ2IjFKYOr vía @ABCespana,es,0,0,0,0,0,0,0,0,0,la justicia suspende la exhumación de franco por deficiencias en el cerebro del gobierno [url] vía [user]
fe19f45494d0eb9f43eb8d575879cf0a,FRANCO,1,La justicia paraliza de forma cautelar la #exhumación de #Franco.  Menos mal que #Sánchez  dijo que lo haría en escasas semanas. 🤣,es,0,0,0,1,0,0,0,0,0,la justicia paraliza de forma cautelar la exhumación de franco menos mal que sánchez dijo que lo haría en escasas semanas cara_revolviéndose_de_la_risa
18e47f63b3f67d616966d6175e27f727,FRANCO,1,¿A lo de la exhumación de Franco se le puede llamar cortina de humo ya? ¿o aún no? Ya han entretenido bastante a la derecha?,es,0,5,0,0,0,1,0,0,0,a lo de la exhumación de franco se le puede llamar cortina de humo ya o aún no ya han entretenido bastante a la derecha
b37392270d3d66f302958295cf1cd7d1,FRANCO,1,"Justicia independiente y tal... 
Catalunya y la Memoria Histórica: las batallas del juez que trata de evitar la exhumación de Franco https://t.co/m4oisj3qa2 vía @eldiarioes",es,0,0,0,0,0,0,1,0,1,justicia independiente y tal catalunya y la memoria histórica las batallas del juez que trata de evitar la exhumación de franco [url] vía [user]
0094bebcc998ff544c5cd84c3e29db7e,FRANCO,1,"Yusty Basterreche se basa en un informe de 2 arquitectos de la Fundación Francisco Franco para determinar que las obras ponen en peligro la vida"".",es,0,0,0,0,0,0,0,1,0,yusty basterreche se basa en un informe de 2 arquitectos de la fundación francisco franco para determinar que las obras ponen en peligro la vida
1331eb384254694d2a01defa672df665,FRANCO,1,La única losa que impide la exhumación de Franco es la del Reino de España que lleva polvo franquista en todos sus poderes. https://t.co/dVoIxrEYGN,es,0,0,0,0,0,0,0,0,0,la única losa que impide la exhumación de franco es la del reino de españa que lleva polvo franquista en todos sus poderes [url]
5a1cd4ef8417a07cfcbdbe5a1d69e98b,FRANCO,1,"Leyendo titulares, no tengo claro si estamos en 2019 y la democracia lleva 42 años en España, o en 1973 y sigue mandando la familia Franco: Qué broma es esta? Decenas de denuncias coordinadas usan un informe de la Fundación Franco para frenar la exhumación https://t.co/qORMmO49H4",es,0,1,0,0,0,1,0,0,0,leyendo titulares no tengo claro si estamos en 2019 y la democracia lleva 42 años en españa o en 1973 y sigue mandando la familia franco qué broma es esta decenas de denuncias coordinadas usan un informe de la fundación franco para frenar la exhumación [url]
60a66a6483462c0aabaa7c8f2ff631fd,FRANCO,1,"Yo creo que lo podemos ir llamando el Brexit de Franco.
Parece que se va a ir, pero luego no. https://t.co/wKDB00tudS",es,0,0,0,0,0,1,0,0,0,yo creo que lo podemos ir llamando el brexit de franco parece que se va a ir pero luego no [url]
d7e37be94410a1c27a1bad43b7afc542,FRANCO,1,"@estherpalomera diciendo que es un juzgado de instrucción el que ha paralizado la exhumación de Franco, @anarosaq diciendo que no hay permiso de obra, Arcadi Espada diciendo que se opone a exhumar a Franco.

Es todo una maravilla.",es,0,0,0,0,0,1,0,0,0,[user] diciendo que es un juzgado de instrucción el que ha paralizado la exhumación de franco [user] diciendo que no hay permiso de obra arcadi espada diciendo que se opone a exhumar a franco es todo una maravilla
628a9bf2486a8c55c948add6a9215127,FRANCO,1,"Un juez franquista, hijo de un general franquista, paraliza la exhumación del enano dictador en base a un informe hecho por dos arquitectos de la sociedad Francisco Franco. Todo en orden.",es,0,0,0,0,0,0,0,0,0,un juez franquista hijo de un general franquista paraliza la exhumación del enano dictador en base a un informe hecho por dos arquitectos de la sociedad francisco franco todo en orden
ed2696cddd189c691c3cdb6333f6792c,FRANCO,1,"El gobierno de Pedro Sánchez será recordado como el gobierno ninini (ni presupuestos, ni exhumación del dictador Franco ni retirada de medallas al torturador Billy el niño).",es,0,0,0,0,0,3,0,0,0,el gobierno de pedro sánchez será recordado como el gobierno ninini ni presupuestos ni exhumación del dictador franco ni retirada de medallas al torturador billy el niño
d5573cc8012d4c6a0c34238f3908d094,FRANCO,1,Exhumación de Franco… paquí-pallá? https://t.co/lY7T4ovmBL,es,0,1,0,0,0,0,0,0,1,exhumación de franco paquí pallá [url]
12742808444a2ec2a569dfd14958787c,FRANCO,1,"A mí lo que más me preocupa es que logren levantar la lápida y se escuche “¡cuánto sus habéis retrasau, cabrones!”.
https://t.co/WyvtPbrWMW https://t.co/WyvtPbrWMW",es,2,0,0,0,0,0,0,2,0,a mí lo que más me preocupa es que logren levantar la lápida y se escuche cuánto sus habéis retrasau cabrones [url] [url]
c8de44a288b0b651b5c6b4af86d28d19,FRANCO,1,Los Franco 2 - Sánchez 0: La Justicia deja con el culo al aire al Gobierno socialista y suspende la exhumación de la momia por deficiencias en el proyecto https://t.co/QZo4dFCcch,es,0,0,0,0,0,0,1,0,0,los franco 2 sánchez 0 la justicia deja con el culo al aire al gobierno socialista y suspende la exhumación de la momia por deficiencias en el proyecto [url]
a39b4d43f4b5ab1d8bc4dff9abe45707,FRANCO,1,"El juez paraliza la exhumación de Franco alegando peligro para los operarios. Pues me parece muy bien, porque con las ratas hay que ser muy precavidos, contagian muchas enfermedades. https://t.co/dwN1sVd4pv",es,0,0,0,0,0,0,0,0,0,el juez paraliza la exhumación de franco alegando peligro para los operarios pues me parece muy bien porque con las ratas hay que ser muy precavidos contagian muchas enfermedades [url]
97626e5db306f5baba1b0cd7c660af0f,FRANCO,1,"Se paraliza la exhumación de Franco, hoy no como del disgusto tan grande.

Aun no sabemos el impacto tan gigantesco que tendrá en el día a día de la clase trabajadora.

Algunos cientificos apuntan ya que podría ser cero.",es,0,0,0,0,0,2,0,0,0,se paraliza la exhumación de franco hoy no como del disgusto tan grande aun no sabemos el impacto tan gigantesco que tendrá en el día a día de la clase trabajadora algunos cientificos apuntan ya que podría ser cero
2bbfb886725a1a81e326df8960ce453e,FRANCO,1,"La justicia suspende cautelarmente la exhumación de Franco.

SOR PRE SA.",es,0,0,2,0,0,0,0,0,0,la justicia suspende cautelarmente la exhumación de franco sor pre sa
778145d6c53f645bde61f8db7c387434,FRANCO,1,"@okdiario Lo que pasa Rufián,es que paralizaron la exhumación de Franco,para exhumarte a ti primero,del congreso 😂😂",es,0,0,0,2,0,0,0,0,0,[user] lo que pasa rufián es que paralizaron la exhumación de franco para exhumarte a ti primero del congreso cara_llorando_de_risa cara_llorando_de_risa
bd9aa43d2c0e24a23beb7441bd19642e,FRANCO,1,¡FRANCO VUELVE A GANAR A LOS ROJOS HASTA DESPUÉS DE MUERTO! LA JUSTICIA SUSPENDE LA EXHUMACIÓN DEL... https://t.co/mYTvcLsCUq https://t.co/clTgMJnuIq,es,2,0,12,0,0,0,1,0,1,franco vuelve a ganar a los rojos hasta después de muerto la justicia suspende la exhumación del [url] [url]
8122e249e87bb1cbd0cdeb92986658bf,FRANCO,1,Que tiquismiquis están ahora los fachas con la exhumación de Franco......cuando llenaron las cunetas de muertos no les molesto tanto.,es,0,0,0,0,0,1,1,0,2,que tiquismiquis están ahora los fachas con la exhumación de franco cuando llenaron las cunetas de muertos no les molesto tanto
1caf3b9da21943462a576c7b53c11e63,FRANCO,1,"Un juez ha paralizado la exhumación de Franco.
¿Y ahora qué hacemos? Esto es gravísimo. 
A los parados españoles les ha debido de caer una losa encima, con esta decisión.",es,0,2,0,0,0,0,0,0,0,un juez ha paralizado la exhumación de franco y ahora qué hacemos esto es gravísimo a los parados españoles les ha debido de caer una losa encima con esta decisión
a86fbb4d9f2ed6aa67600ddef45cfec2,FRANCO,1,"Seguro, que el Juez, que paraliza la exhumación de Franco, es demócrata, yo lo dudo muy mucho, hace falta un remodelación de los Poder Judicial",es,0,0,0,0,0,0,0,0,0,seguro que el juez que paraliza la exhumación de franco es demócrata yo lo dudo muy mucho hace falta un remodelación de los poder judicial
bd174058770fa491f34f53740ac368b4,FRANCO,1,"Franco 1 Dr Fraude ZPS 0
Si a Franco le hubieran dicho que en pleno S XXI, iba a salir más en los periódicos que en su tiempo gracias a las ordas de izquierda, le hubiera dado un ataque de risa que se lo hubiera llevado antes al otro barrio https://t.co/6bmY6qhrai",es,0,0,2,0,0,0,0,0,0,franco 1 dr fraude zps 0 si a franco le hubieran dicho que en pleno s xxi iba a salir más en los periódicos que en su tiempo gracias a las ordas de izquierda le hubiera dado un ataque de risa que se lo hubiera llevado antes al otro barrio [url]
78f440ea19260427b639fdc7b91bf012,FRANCO,1,"Sobre la exhumación de Franco.
Sería una verdadera locura sacarlo.
Recordemos q está dentro de una basílica, 5 toneladas de peso q levantar y sacar.
Esto puede acarrear el derrumbe y por consiguiente muertes.
Entonces lo llamarán la maldición de Franco.
Como con Tutankamón.",es,0,0,0,0,0,0,0,0,0,sobre la exhumación de franco sería una verdadera locura sacarlo recordemos q está dentro de una basílica 5 toneladas de peso q levantar y sacar esto puede acarrear el derrumbe y por consiguiente muertes entonces lo llamarán la maldición de franco como con tutankamón
e3519923a80314c524f132fe765ea331,FRANCO,1,Quizás sería de gran ayuda al juez José Yusty Basterreche y a los arquitectos José Ismael de la Barba y Enrique Porto Rey consultar al equipo técnico que se encargó de la exhumación de Salvador Dalí para así poder llevar a término la exhumación de Franco con presteza y seguridad. https://t.co/MKCaYa0Cip,es,0,0,0,0,0,0,0,0,0,quizás sería de gran ayuda al juez josé yusty basterreche y a los arquitectos josé ismael de la barba y enrique porto rey consultar al equipo técnico que se encargó de la exhumación de salvador dalí para así poder llevar a término la exhumación de franco con presteza y seguridad [url]
112646ae104bdc25e3bd33bc1f704323,FRANCO,1,Vinicius falla más que la exhumación de Franco.,es,0,0,0,0,0,0,0,0,0,vinicius falla más que la exhumación de franco
98088c96c30ee2e0d81cf4aaf48979d4,FRANCO,1,La galería del ninot del Rey en Arco quiere que se queme el día de la exhumación de Franco - https://t.co/AfK2sQ69jd,es,0,0,0,0,0,0,0,0,0,la galería del ninot del rey en arco quiere que se queme el día de la exhumación de franco [url]
955fbddcd391c07751874e139aa1ab95,FRANCO,1,"@davideldezuli @quinsqllons @Carsahi79 @ClubMitjanit Ah x cierto. Un juez hijo y nieto de franquistas a parado la exhumacion de franco. Lo digo x eso q dices de la justicia y tal 👍

Todo en orden, circulen!",es,1,0,0,1,0,0,0,0,0,[user] [user] [user] [user] ah x cierto un juez hijo y nieto de franquistas a parado la exhumacion de franco lo digo x eso q dices de la justicia y tal pulgar_hacia_arriba todo en orden circulen
8bc9e76fed354dcf555c3af0bd6616f2,FRANCO,1,"José Yusty Bastarreche, Juez de padre general de Franco, el que la bandera con el águila es la Constitucional, el que la memoria histórica es maldad de Zapatero y ahora la exhumación del dictador no es segura!! VALLA SE USTED A LA MIERDA PUTO FACHA, ESO SI CON CARIÑO. https://t.co/0rqSinbHmX",es,2,0,8,0,0,1,0,0,0,josé yusty bastarreche juez de padre general de franco el que la bandera con el águila es la constitucional el que la memoria histórica es maldad de zapatero y ahora la exhumación del dictador no es segura valla se usted a la mierda puto facha eso si con cariño [url]
dd97eac330ec514d9cd543f2627c5aa3,FRANCO,1,Los Franco 2 - Sánchez 0: La Justicia deja con el culo al aire al Gobierno socialista y suspende la exhumación de la momia por deficiencias en el proyecto https://t.co/DxWmhkiSlL,es,0,0,0,0,0,0,0,0,0,los franco 2 sánchez 0 la justicia deja con el culo al aire al gobierno socialista y suspende la exhumación de la momia por deficiencias en el proyecto [url]
bfadda429d2686e98633ec806e496025,FRANCO,1,"#VÍDEO | La exhumación de Franco, ¿la gran losa del Gobierno? https://t.co/We6RrtZhO2",es,0,2,1,0,0,0,0,0,0,vídeo la exhumación de franco la gran losa del gobierno [url]
e14a5ae5047354843e3b145b70f10e8e,FRANCO,1,"@JaimeFideoBeca @ALevySoler Toponimia en lenguas vernáculas, en Cataluña y Vascongadas, ¡escandaloso! A ver si con lo de la exhumación podemos clonar a Franco y pone un poco de orden con los rojos, masones y separatistas...",es,2,0,0,0,0,0,1,0,1,[user] [user] toponimia en lenguas vernáculas en cataluña y vascongadas escandaloso a ver si con lo de la exhumación podemos clonar a franco y pone un poco de orden con los rojos masones y separatistas
15d1b40422abe13dc78e7627ab135b3c,FRANCO,1,El único peligro que puede entrañar la exhumación de los restos del criminal Franco es que su pestilencia intoxique a los operarios.,es,0,0,0,0,0,0,0,0,0,el único peligro que puede entrañar la exhumación de los restos del criminal franco es que su pestilencia intoxique a los operarios
c22f78e74e97b331fcde7e4db186d905,FRANCO,1,"@Pombeitor @eldiarioes Lo de llamar “socialnacionalismo” a la izquierda, para vincular a las VICTIMAS de NAZIS y FRANQUISTAS, CON SUS PROPIOS ASESINOS, le ha quedado “bordado” al juez que paralizó la exhumacion del dictador Franco 🙄

De lo “mejor” desde que Espe dijo que “franco era socialista” https://t.co/ren48z7nyv",es,0,0,7,1,0,0,0,8,0,[user] [user] lo de llamar socialnacionalismo a la izquierda para vincular a las victimas de nazis y franquistas con sus propios asesinos le ha quedado bordado al juez que paralizó la exhumacion del dictador franco cara_con_ojos_en_blanco de lo mejor desde que espe dijo que franco era socialista [url]
c10b88057abeb2584d78964bf57ff16f,FRANCO,1,"Cachis, a Falconeti le va a caer la Cruz encima.
✝️
✝️
✝️
 
Que aprobeche la Semana Santa para disimular.
.
.
.

Exhumación Franco: Estrasburgo obligará a Sánchez a demostrar que la exhumación de Franco no es abuso de poder"" https://t.co/kuLYaZRhiG""",es,0,0,0,3,0,1,0,2,0,cachis a falconeti le va a caer la cruz encima cruz_latina cruz_latina cruz_latina que aprobeche la semana santa para disimular exhumación franco estrasburgo obligará a sánchez a demostrar que la exhumación de franco no es abuso de poder [url]
26088c4c2740309d4692b2fb7b5c5e02,FRANCO,1,"Me acabo de enterar que la de Franco es una lápida de carga.
https://t.co/LzM3kAJE2r",es,0,0,0,0,0,0,0,0,0,me acabo de enterar que la de franco es una lápida de carga [url]
563a4b284c43486137aae04681cf880f,FRANCO,1,"Fracaso tras fracaso de PEDRO EL BREVE el Presidente OCUPA de la Moncloa
Sánchez se queda sin su política estrella: Paralizada por orden... https://t.co/jFTENg2LY5",es,0,0,3,0,0,1,1,0,1,fracaso tras fracaso de pedro el breve el presidente ocupa de la moncloa sánchez se queda sin su política estrella paralizada por orden [url]
3d3c25958559f3cfabea737f1f7eef84,FRANCO,1,"Pepe gotera i Otilio xapuces a domicilio! 
EXCLUSIVA | Un segundo juez rechaza suspender la licencia para exhumar a Franco: La actuación urbanística no implica lesión"" https://t.co/c8y2j2ZpY2 via @eldiarioes""",es,1,0,1,0,0,1,0,2,0,pepe gotera i otilio xapuces a domicilio exclusiva un segundo juez rechaza suspender la licencia para exhumar a franco la actuación urbanística no implica lesión [url] via [user]
856160842c933b69f92ddc5a7216afd2,FRANCO,1,"Un juez suspender la exhumación de Franco del Valle de los Caídos. 

Qué sorpresa. La misma justicia que no permite juzgar a los criminales franquistas, mantiene al dictador en su mausoleo. 

Todo bien atado o, más bien, todos bien maniatados.

https://t.co/zhmqOW2van",es,0,0,0,0,0,1,0,0,0,un juez suspender la exhumación de franco del valle de los caídos qué sorpresa la misma justicia que no permite juzgar a los criminales franquistas mantiene al dictador en su mausoleo todo bien atado o más bien todos bien maniatados [url]
fa83eae71d828090ee0d834e956ec213,FRANCO,1,"¡¡A TRABAJAR!!
Vamos, que el sueldo del juez que criticó la ley de memoria histórica y ha paralizado la exhumación de los restos de Franco por no garantizar la seguridad de los lo vayan a realizar, pero que está tan contento con la de los que lo construyeron, no se paga solo.",es,4,0,1,0,0,2,0,0,0,a trabajar vamos que el sueldo del juez que criticó la ley de memoria histórica y ha paralizado la exhumación de los restos de franco por no garantizar la seguridad de los lo vayan a realizar pero que está tan contento con la de los que lo construyeron no se paga solo
0c99f2a8a8afdc1c868148d918fdc7bf,FRANCO,1,"Muchos lo dijimos. Sale antes Zeta Pedro de Moncloa que Franco del Valle de los Caídos
😂😂😂😂😂😂😂😂😂😂😂
https://t.co/nruzIPLQ7x",es,0,0,0,11,0,0,1,0,0,muchos lo dijimos sale antes zeta pedro de moncloa que franco del valle de los caídos cara_llorando_de_risa cara_llorando_de_risa cara_llorando_de_risa cara_llorando_de_risa cara_llorando_de_risa cara_llorando_de_risa cara_llorando_de_risa cara_llorando_de_risa cara_llorando_de_risa cara_llorando_de_risa cara_llorando_de_risa [url]
09562cded2c9c740ccb9aa72a20ed637,FRANCO,1,"@iescolar seguid defendiendo la chapuza jurídica de la exhumación de Franco, que vais bien...
😂😂😂😂",es,0,0,0,4,0,0,2,0,1,[user] seguid defendiendo la chapuza jurídica de la exhumación de franco que vais bien cara_llorando_de_risa cara_llorando_de_risa cara_llorando_de_risa cara_llorando_de_risa
4f0064bc1408ecd8fa94ae96cabfa475,FRANCO,1,Grandes medidas de nuestro presi. Planea crear más funcionarios y exibe el intento de exhumación de Franco. ¿No os recuerda cuando Zapatero regalo 400€ por persona y así comprar unas elecciones? Recordad también como término el país con el mentor de Sánchez. #FelizMiercoles,es,0,2,0,0,0,1,0,0,0,grandes medidas de nuestro presi planea crear más funcionarios y exibe el intento de exhumación de franco no os recuerda cuando zapatero regalo 400 por persona y así comprar unas elecciones recordad también como término el país con el mentor de sánchez felizmiercoles
455336cdef954212c416802beab3d70d,FRANCO,1,"Dos maneras de Inf... manipular lo mismo.

Al final cojo pico y pala....... https://t.co/2xMkbZgC9v",es,0,0,0,0,0,0,2,0,3,dos maneras de inf manipular lo mismo al final cojo pico y pala [url]
12d4e8e2efac9d3ef9e178095fef1fc1,FRANCO,1,"Infinita sabiduría, la de la ley constitucional y quien la erigió como grante de nuestras libertades. Visión real querido @eugenionarbaiza y no es nada desatinada. Esto va a ser la tumba del socialismo y no la exhumacion de Franco... https://t.co/fV1i0I2IB0 vía @ElDiestro_",es,0,0,0,0,0,3,1,0,1,infinita sabiduría la de la ley constitucional y quien la erigió como grante de nuestras libertades visión real querido [user] y no es nada desatinada esto va a ser la tumba del socialismo y no la exhumacion de franco [url] vía [user]
672797bd8763320033d6ab5d16794f08,FRANCO,1,Ya es mala suerte que el recurso sobre la exhumación de Franco caiga en un juzgado de un señor al que no le gusta la legislación sobre Memoria Histórica https://t.co/U5K9UhTsFq,es,0,0,0,0,0,1,0,0,0,ya es mala suerte que el recurso sobre la exhumación de franco caiga en un juzgado de un señor al que no le gusta la legislación sobre memoria histórica [url]
7990dcff70930724c5d80027ee61b9dc,FRANCO,0,"Y saca sus jueces a ladrar, porque no hay justicia, hay jueces, y están al servicio de los medios que sirven a los partidos y a los lobbies. https://t.co/C6DmQ1vHWV",es,0,0,0,0,0,1,0,0,0,y saca sus jueces a ladrar porque no hay justicia hay jueces y están al servicio de los medios que sirven a los partidos y a los lobbies [url]
049d5d96b35f5f812a27f03eb1934d46,FRANCO,0,"Menudo dineral con la exhumación de franco, si se aplicase a otros fines seria mas util i guess",es,0,0,0,0,0,0,0,0,0,menudo dineral con la exhumación de franco si se aplicase a otros fines seria mas util i guess
02f18e41873108a6545dbf2f5f8c5b1f,FRANCO,0,"Una justicia #franquista solo se tiene en España. Este es el resultado 

Un segundo juez no impide la exhumación de Franco ni anula el informe administrativo https://t.co/DsVhTE4Y41",es,0,0,0,0,0,2,0,0,0,una justicia franquista solo se tiene en españa este es el resultado un segundo juez no impide la exhumación de franco ni anula el informe administrativo [url]
0e6dd40a39274164f957af6333a5fd79,FRANCO,0,"¿Por qué será que no me sorprende? ¿Y a vosotros? ... Un exalto cargo de Esperanza Aguirre, detrás de la suspensión de la exhumación de Franco. https://t.co/0zyOwH6bzb",es,0,4,0,0,0,1,1,0,1,por qué será que no me sorprende y a vosotros un exalto cargo de esperanza aguirre detrás de la suspensión de la exhumación de franco [url]
c47abb0386199e543c2efa6f6814b5f0,FRANCO,0,Un juez que atacó la ley de Memoria Histórica suspende el visto bueno urbanístico para exhumar a Franco https://t.co/AuFQZ1lpVb vía @eldiarioes,es,0,0,0,0,0,0,0,0,0,un juez que atacó la ley de memoria histórica suspende el visto bueno urbanístico para exhumar a franco [url] vía [user]
ef32812abec454fa227396322680936e,FRANCO,0,"!!! Un segundo juez rechaza suspender la licencia para exhumar a Franco: La actuación urbanística no implica lesión"". Una exclusiva de @irecr https://t.co/VJizTsojxr""",es,3,0,0,0,0,1,1,2,0,un segundo juez rechaza suspender la licencia para exhumar a franco la actuación urbanística no implica lesión una exclusiva de [user] [url]
689508f0336545d21045e81674577af7,FRANCO,0,"Franco ha muerto, el franquismo no tanto, por @iescolar. https://t.co/HLBusE0TTR",es,0,0,0,0,0,1,0,0,0,franco ha muerto el franquismo no tanto por [user] [url]
3a7a877c1e70a05cc24fd1e4dbf9f442,FRANCO,0,"Un segundo juez rechaza suspender la licencia para exhumar a Franco: La actuación urbanística no implica lesión""",es,0,0,0,0,0,1,0,1,0,un segundo juez rechaza suspender la licencia para exhumar a franco la actuación urbanística no implica lesión
b3fed236cd7d4d4aa602e0b9cd7846b4,FRANCO,0,"▪ La Justicia suspende de forma cautelar la exhumación de Franco

▪ Sánchez afirma que el expediente continúa con absoluta normalidad""",es,0,0,0,2,0,0,0,1,0,cuadrado_negro_pequeño la justicia suspende de forma cautelar la exhumación de franco cuadrado_negro_pequeño sánchez afirma que el expediente continúa con absoluta normalidad
358e81654e4018b1f7a8506f1b77cd4f,FRANCO,0,"Decenas d denuncias coordinadas usan un informe d la Fundación Franco para frenar la exhumación
Los recursos contra el informe urbanístico se calcan unos a otros e incluyen un análisis sobre un supuesto peligro d derrumbes encargado por la Fundación Franco
https://t.co/QSaUUQgcpe",es,0,0,0,0,0,0,0,0,0,decenas d denuncias coordinadas usan un informe d la fundación franco para frenar la exhumación los recursos contra el informe urbanístico se calcan unos a otros e incluyen un análisis sobre un supuesto peligro d derrumbes encargado por la fundación franco [url]
d7651478a347145057cf27e8f8a67da9,FRANCO,0,"La memoria histórica es una maldad de Zapatero y el socialnacionalismo"" y otras nueve frases controvertidas del juez que torpedea la exhumación de Franco https://t.co/1mIkEjLGMY via @eldiarioes""",es,0,0,0,0,0,0,0,2,0,la memoria histórica es una maldad de zapatero y el socialnacionalismo y otras nueve frases controvertidas del juez que torpedea la exhumación de franco [url] via [user]
6c9d72b959658fcb31f641f6f29a3ad2,FRANCO,0,"Estrasburgo obligará a Pedro Sánchez a demostrar que la exhumación de Franco no es abuso de poder"" https://t.co/O78MC40G3c""",es,0,0,0,0,0,1,0,2,0,estrasburgo obligará a pedro sánchez a demostrar que la exhumación de franco no es abuso de poder [url]
8826a3f02ff3b5467c30e1d5c9a2ff9e,FRANCO,0,Frenar la exhumación de Franco. @mariapuntoes https://t.co/wuESbqKu1J,es,0,0,0,0,0,0,0,0,0,frenar la exhumación de franco [user] [url]
32087d6a105749cd91e55c326e392e35,FRANCO,0,► ¿Suspenden exhumación de Francisco Franco? El caso da un giro inesperado https://t.co/LaOsjUlO5V https://t.co/7FVpezt8Pu,es,0,2,0,0,0,0,0,0,0,suspenden exhumación de francisco franco el caso da un giro inesperado [url] [url]
8f9cd0e003a2f24385971555ff5476e6,FRANCO,0,"👉🏼 No ha quedado justificado de qué manera sería irreparable -desde el punto de vista urbanístico- la decisión de retirar la lápida""",es,0,0,0,2,0,1,0,1,0,dorso_de_mano_con_índice_a_la_derecha_tono_de_piel_claro_medio no ha quedado justificado de qué manera sería irreparable desde el punto de vista urbanístico la decisión de retirar la lápida
9aacbbc5decae6ff133965b6830fce58,FRANCO,0,Portada de LA RAZÓN | Otro ridículo más de Pedro Sánchez: “Sánchez se queda sin Franco al frenar un juez la exhumación” via @larazon_es https://t.co/8zc5rmEeUA,es,0,0,1,0,0,1,0,2,0,portada de la razón otro ridículo más de pedro sánchez sánchez se queda sin franco al frenar un juez la exhumación via [user] [url]
c43547ffc4f40d0251d10e7df5272e61,FRANCO,0,"Al contrario de lo que  ha hecho el juez franquista, un segundo juez rechaza suspender la licencia para exhumar a Franco: La actuación urbanística no implica lesión"". https://t.co/UeBDaUEO3B""",es,0,0,0,0,0,1,0,2,0,al contrario de lo que ha hecho el juez franquista un segundo juez rechaza suspender la licencia para exhumar a franco la actuación urbanística no implica lesión [url]
8e8e6f4e75f3850c10d38073570494e0,FRANCO,0,Un juez que atacó la ley de Memoria Histórica suspende el visto bueno urbanístico para exhumar a Franco https://t.co/pXcSH9tIeT,es,0,0,0,0,0,0,0,0,0,un juez que atacó la ley de memoria histórica suspende el visto bueno urbanístico para exhumar a franco [url]
bafa5769bb3ff191f893d582363d60de,FRANCO,0,"Portadas de los 'mass media', hoy:
-May acepta aplazar el Brexit @el_pais
-Sánchez envía a Borrell a Estrasburgo y el separatismo lo jalea @elmundoes
-Rafa Nadal: España es un buen país @abc_es
-Sánchez se queda sin Franco porque un juez frena la exhumación @larazon_es https://t.co/dijP71gLk5",es,0,0,0,0,0,1,0,2,0,portadas de los mass media hoy may acepta aplazar el brexit [user] sánchez envía a borrell a estrasburgo y el separatismo lo jalea [user] rafa nadal españa es un buen país [user] sánchez se queda sin franco porque un juez frena la exhumación [user] [url]
a5ce6debb103883889f52aef7eb3798f,FRANCO,0,Catalunya y la Memoria Histórica: las batallas del juez que trata de evitar la exhumación de Franco https://t.co/j1HUNBrphm via @eldiarioes,es,0,0,0,0,0,0,0,0,0,catalunya y la memoria histórica las batallas del juez que trata de evitar la exhumación de franco [url] via [user]
c0d4c287b31653dd684aa2d1ad8e54fb,FRANCO,0,"👏👏👏 Queremos mostrar nuestro apoyo y dar la ENHORABUENA a #YustyBastarreche, el juez que ayer paralizó la #exhumación de #Franco.

👀 Síguenos también en #Facebook: 👇
https://t.co/Cke5tPvwoD https://t.co/fnUuCN9Yq8",es,0,0,1,5,0,0,1,0,0,manos_aplaudiendo manos_aplaudiendo manos_aplaudiendo queremos mostrar nuestro apoyo y dar la enhorabuena a yustybastarreche el juez que ayer paralizó la exhumación de franco ojos síguenos también en facebook dorso_de_mano_con_índice_hacia_abajo [url] [url]
b4cd2b5cc5042e15b2dfb9ceea875abe,FRANCO,0,"Hoy, en #EspañaAlas8:
▪ Más de 240 testigos citados en el juicio del procés. Hoy turno de Rajoy, Saenz de Santamaría o Mas
▪ Última sesión de control al Gobierno a dos meses de las generales
▪ Paralizada de forma cautelar la exhumación de Franco

La portada de @Meritxell_78 👇 https://t.co/ECBKhZ48le",es,0,0,0,4,0,0,0,0,0,hoy en españaalas8 cuadrado_negro_pequeño más de 240 testigos citados en el juicio del procés hoy turno de rajoy saenz de santamaría o mas cuadrado_negro_pequeño última sesión de control al gobierno a dos meses de las generales cuadrado_negro_pequeño paralizada de forma cautelar la exhumación de franco la portada de [user] dorso_de_mano_con_índice_hacia_abajo [url]
5915e2de1a7f2747021601bf10dc70dd,FRANCO,0,"#Franco

PSOE: Moncloa acusa de obstruccionismo"" al juez que ha suspendido la licencia para la exhumación de Franco https://t.co/pfao0qlo0a""",es,0,0,1,0,0,0,0,2,0,franco psoe moncloa acusa de obstruccionismo al juez que ha suspendido la licencia para la exhumación de franco [url]
19f2d8543b8d147d6d41a82de3049fae,FRANCO,0,¡GRANDE MI GENERAL ! NI MUERTO LE DEJAN ESOS HIJOS DE PUTACurrently reading https://t.co/XKdiOcquYE,es,2,0,6,0,0,1,0,0,0,grande mi general ni muerto le dejan esos hijos de putacurrently reading [url]
d0212546a4c121bb4776a37dde905a04,FRANCO,0,Sánchez envía al Valle a cargos de Patrimonio tras frenar la Justicia la exhumación de Franco https://t.co/s7n76rILgi vía @okdiario,es,0,0,0,0,0,0,0,0,0,sánchez envía al valle a cargos de patrimonio tras frenar la justicia la exhumación de franco [url] vía [user]
c624fd9627bacf624bc4272073ba91bf,FRANCO,0,Así es como decenas de denuncias coordinadas usan un informe de la Fundación Franco para frenar la exhumación: https://t.co/PgwLRdTlPa vía @ElDiarioes,es,0,0,0,0,0,0,0,0,0,así es como decenas de denuncias coordinadas usan un informe de la fundación franco para frenar la exhumación [url] vía [user]
3595085e25991bff378e0e3458b9cb7e,FRANCO,0,"@sanchezcastejon Como ya se dijo en su día, saldrás tú antes de la Moncloa, que Franco del Valle de los Caídos.
Te has empecinado y has hecho de esto una cuestión de honor, y lo vas a pagar.
 https://t.co/cCvqgDkXXP",es,0,0,0,0,0,0,0,0,0,[user] como ya se dijo en su día saldrás tú antes de la moncloa que franco del valle de los caídos te has empecinado y has hecho de esto una cuestión de honor y lo vas a pagar [url]
3297dacb0f0bb8b5ce726f535f55a3c1,FRANCO,0,¡FRANCO VUELVE A GANAR A LOS ROJOS HASTA DESPUÉS DE MUERTO! LA JUSTICIA SUSPENDE LA EXHUMACIÓN DEL  ... - https://t.co/Ljkzno4vAO - por admin,es,2,0,12,0,0,0,1,0,1,franco vuelve a ganar a los rojos hasta después de muerto la justicia suspende la exhumación del [url] por admin
40f5f9cbebc4f2634dcc1becaae66c78,FRANCO,0,El Vaticano subraya que no se opone a la exhumación de Franco https://t.co/J7u55urAEn,es,0,0,0,0,0,1,0,0,0,el vaticano subraya que no se opone a la exhumación de franco [url]
543abd8bccf3dd0dc835d93b0b42209e,FRANCO,0,"@MujerEspa DE cacaballero nada y de agradecidomenos ,escupió la mano de quien le situó ahÍ a el ya su padre el EMÉRITO y ni han parpadeado para defender la no exhumación del GENERAL FRANCO ¡ASCO!",es,2,0,4,0,0,3,0,0,0,[user] de cacaballero nada y de agradecidomenos escupió la mano de quien le situó ahí a el ya su padre el emérito y ni han parpadeado para defender la no exhumación del general franco asco
f19b1374e8108e1b3bc40ca9404978e9,FRANCO,0,"El Gran Wyoming habla en @MVTARDE sobre los insultos que le lanzó 'El Bigotes', sobre la campaña electoral y sobre la exhumación de Franco. https://t.co/vjx9ctfxLE",es,0,0,1,0,0,0,0,2,0,el gran wyoming habla en [user] sobre los insultos que le lanzó el bigotes sobre la campaña electoral y sobre la exhumación de franco [url]
48900078fe8250eb61794c9cfc038630,FRANCO,0,@ra_nr35 @Lailoken__ @ForRevolucion @ahorapodemos @PSOE @Irene_Montero_ @psoe_m Por Antonio Maestre Si el gobierno se encuentra trabas en la exhumación de Franco se debe única y exclusivamente a que no ha sido nunca lo suficientemente valiente. Ve a por el patrimonio expoliado d todas ls familias dl régimen y verás cómo sacar a Franco lo acepta hasta el ABC.,es,0,0,2,0,0,2,0,0,0,[user] [user] [user] [user] [user] [user] [user] por antonio maestre si el gobierno se encuentra trabas en la exhumación de franco se debe única y exclusivamente a que no ha sido nunca lo suficientemente valiente ve a por el patrimonio expoliado d todas ls familias dl régimen y verás cómo sacar a franco lo acepta hasta el abc
1a50d42603ad58d8f818838abe070ec5,FRANCO,0,"Madre mía...que locura por los inutiles de gobernantes que tenemos...EXCLUSIVA | Un segundo juez rechaza suspender la licencia para exhumar a Franco: La actuación urbanística no implica lesión"" https://t.co/atAAs6DroV vía @eldiarioes""",es,0,0,1,0,0,1,2,2,2,madre mía que locura por los inutiles de gobernantes que tenemos exclusiva un segundo juez rechaza suspender la licencia para exhumar a franco la actuación urbanística no implica lesión [url] vía [user]
503844b154430d4a9a9185daf029e46c,FRANCO,0,"@AntonioMaestre O quizá el problema es que a la mayoría de españoles nos da igual la exhumación de Franco, como si lo hacen carne picada de hamburguesas. Prefiero que dediquen sus esfuerzos en educación, sanidad y pobreza infantil que en desenterrar a una momia",es,0,0,0,0,0,0,0,0,0,[user] o quizá el problema es que a la mayoría de españoles nos da igual la exhumación de franco como si lo hacen carne picada de hamburguesas prefiero que dediquen sus esfuerzos en educación sanidad y pobreza infantil que en desenterrar a una momia
45cbf416d9d33a8ee40170eb89adf990,FRANCO,0,"La izquierda sectaria se rasga las vestiduras por la suspensión de la exhumación de Franco. Ahora acusan a este juez que criticó la infame ley de memoria histérica"". Lo habitual la izmierda solo acepta a la justicia si se benefician.🤚🏻🇪🇸 #elvallenosetoca",es,0,0,0,2,0,0,0,1,0,la izquierda sectaria se rasga las vestiduras por la suspensión de la exhumación de franco ahora acusan a este juez que criticó la infame ley de memoria histérica lo habitual la izmierda solo acepta a la justicia si se benefician dorso_de_la_mano_tono_de_piel_claro bandera_españa elvallenosetoca
55f96527612850f7457e3ea98848573a,FRANCO,0,"@jpurias Como que no actua?
Y la derogación de la reforma laboral?
Y la publicación de la lista de evasores?
Y la derogación de la ley mordaza?
Y la exhumación de Franco?
Todo esto no cuenta?
Que lo quereis todo, YA!!!",es,3,6,0,0,0,2,1,0,0,[user] como que no actua y la derogación de la reforma laboral y la publicación de la lista de evasores y la derogación de la ley mordaza y la exhumación de franco todo esto no cuenta que lo quereis todo ya
ddf7c25efb68fbce74e583ee6557fac0,FRANCO,0,El Gobierno culpa de la suspensión de la exhumación al «obstruccionismo del entorno de Franco» https://t.co/Txn0MwEA3f vía @ABCespana,es,0,0,0,0,0,0,0,2,0,el gobierno culpa de la suspensión de la exhumación al obstruccionismo del entorno de franco [url] vía [user]
46ab4988cc50fb2662128bf87be6a0a2,FRANCO,0,"🔴Suspendió un acto a favor del referendum catalán q estaba autorizado
🔴Firmante del manifiesto de Libres e Iguales contra el independentismo
🔴Se opuso a la ley de Menoria Histórica

Este es el juez que ha paralizado la exhumación de Franco https://t.co/BshPt3K0nS",es,0,0,0,3,0,0,0,0,0,círculo_rojo suspendió un acto a favor del referendum catalán q estaba autorizado círculo_rojo firmante del manifiesto de libres e iguales contra el independentismo círculo_rojo se opuso a la ley de menoria histórica este es el juez que ha paralizado la exhumación de franco [url]
9085e4b30088840f67e54faf118dba81,FRANCO,0,El Juzgado de lo Contencioso-Administrativo 3 de Madrid ha suspendido de forma provisional el informe del Ayto de San Lorenzo de El Escorial q concedía la licencia urbanística para llevar a cabo la exhumación del dictador Franco.https://t.co/zNyr4v4Vvm vía @publico_es,es,0,0,0,0,0,0,0,0,0,el juzgado de lo contencioso administrativo 3 de madrid ha suspendido de forma provisional el informe del ayto de san lorenzo de el escorial q concedía la licencia urbanística para llevar a cabo la exhumación del dictador franco [url] vía [user]
fb294c1761708717184a46572e228784,FRANCO,0,Quien juzga a los jueces? A quien tienen que dar cuenta de sus errores o tropelías? No debe actuar el CGPJ en casos como el del #JuezYusty?  #Franco              https://t.co/eNXwt0QA4u                                     https://t.co/QIQyNByei9,es,0,3,1,0,0,1,2,0,0,quien juzga a los jueces a quien tienen que dar cuenta de sus errores o tropelías no debe actuar el cgpj en casos como el del juezyusty franco [url] [url]
d13287e44eb33b67bd8cfb9821cc6a19,FRANCO,0,"El juez paraliza el permiso urbanístico para la exhumación de Franco apoyándose en el informe de 2 arquitectos, según el cual falta un riguroso análisis de la seguridad estabilidad e instalaciones subterráneas que pudieran existir bajo la sepultura"" https://t.co/iiyFEbWBkE""",es,0,0,0,0,0,0,0,2,0,el juez paraliza el permiso urbanístico para la exhumación de franco apoyándose en el informe de 2 arquitectos según el cual falta un riguroso análisis de la seguridad estabilidad e instalaciones subterráneas que pudieran existir bajo la sepultura [url]
a47c219936f160da1949f7afc57a943e,FRANCO,0,"Franco ha muerto, el franquismo no tanto - Se ve que les fueron muy bien las cosas por esas épocas y mientras la gran mayoría trabajaban como bueyes y vivían en la miseria. https://t.co/LIjYgRVqzl",es,0,0,0,0,0,1,0,0,0,franco ha muerto el franquismo no tanto se ve que les fueron muy bien las cosas por esas épocas y mientras la gran mayoría trabajaban como bueyes y vivían en la miseria [url]
d801a1a3bbd1b2905b9582459a57bb12,FRANCO,0,"Un Juzgado de lo Contencioso-Administrativo ha suspendido el informe del Ayuntamiento que concedía la licencia para llevar a cabo la exhumación de Franco. El juez lo justifica por el riesgo evidente de caída o rotura y daño a las personas” https://t.co/MzMuROFjHz""",es,0,0,0,0,0,0,0,2,0,un juzgado de lo contencioso administrativo ha suspendido el informe del ayuntamiento que concedía la licencia para llevar a cabo la exhumación de franco el juez lo justifica por el riesgo evidente de caída o rotura y daño a las personas [url]
9bb47c5e61164d3a92c2ad10cfdaaab3,FRANCO,0,Decenas de denuncias coordinadas usan un informe de la Fundación Franco para frenar la exhumación https://t.co/lUmCwKB0he,es,0,0,0,0,0,0,0,0,0,decenas de denuncias coordinadas usan un informe de la fundación franco para frenar la exhumación [url]
eae3d675ac4bd85c5e0c24463448b401,FRANCO,0,@Pdro_Snchz abronca de malas maneras al juez que ha denegado la exhumación de Franco. #28AbrilYoDecido #28A https://t.co/uH4Ivl4oEK,es,0,0,0,0,0,0,0,0,0,[user] abronca de malas maneras al juez que ha denegado la exhumación de franco 28abrilyodecido 28a [url]
7c4458a91b8d3c7c75516507e3d68f5c,FRANCO,0,Un juez suspende la licencia urbanística para exhumar a Franco https://t.co/sPMde78dtc,es,0,0,0,0,0,0,0,0,0,un juez suspende la licencia urbanística para exhumar a franco [url]
4da39fcdafaaae42c4f627733d70c7ad,FRANCO,0,"EXCLUSIVA | Un segundo juez rechaza suspender la licencia para exhumar a Franco: La actuación urbanística no implica lesión"" https://t.co/RPDBiYVGSr vía @eldiarioes""",es,0,0,1,0,0,1,0,2,0,exclusiva un segundo juez rechaza suspender la licencia para exhumar a franco la actuación urbanística no implica lesión [url] vía [user]
d0ee1cd11580587744d3d6a38ce1e98a,FRANCO,0,"OPINIÓN | Franco ha muerto, el franquismo no tanto, por Ignacio Escolar, @iescolar https://t.co/duhgNtviQX",es,0,0,1,0,0,1,0,0,0,opinión franco ha muerto el franquismo no tanto por ignacio escolar [user] [url]
bfed9e2142d4ca81007493f1193294f8,FRANCO,0,"Franco ha muerto, el franquismo no tanto https://t.co/fT9qXwul4C",es,0,0,0,0,0,1,0,0,0,franco ha muerto el franquismo no tanto [url]
8377a44d9765eff817034661f628bb76,FRANCO,0,Un juzgado de Madrid suspende la exhumación de Franco por falta de seguridad  https://t.co/7DKAyuas9X,es,0,0,0,0,0,0,0,0,0,un juzgado de madrid suspende la exhumación de franco por falta de seguridad [url]
4f2f661dabb5d4be966b1347ff62f081,FRANCO,0,"VÍDEO:Delgado dice que la exhumación de Franco se intenta hacer de manera impecable"" y estudiará suspensión de licencia  https://t.co/rvpSUpiUJT""",es,0,0,1,0,0,0,0,2,0,vídeo delgado dice que la exhumación de franco se intenta hacer de manera impecable y estudiará suspensión de licencia [url]
6a4e8cc092543dd8cf7f2a5326d13af6,FRANCO,0,"Denuncias coordinadas usan un informe de la Fundación Franco para frenar la exhumación

Los recursos contra el informe urbanístico se calcan unos a otros e incluyen un análisis sobre peligro de derrumbes encargado por la Fundación Franco

https://t.co/AfSnKl5ZSA
#FelizMiércoles https://t.co/RuumaxwoRO",es,0,0,0,0,0,0,0,0,0,denuncias coordinadas usan un informe de la fundación franco para frenar la exhumación los recursos contra el informe urbanístico se calcan unos a otros e incluyen un análisis sobre peligro de derrumbes encargado por la fundación franco [url] felizmiércoles [url]
b2f3aba1e793335bc043e5a1882a5d39,FRANCO,0,Un juez conservador frena la exhumación de Franco https://t.co/vrpDyZDYPk vía @periodicoaragon,es,0,0,0,0,0,0,0,0,0,un juez conservador frena la exhumación de franco [url] vía [user]
42dab181ba08f585a239bab32c00438e,FRANCO,0,"La memoria histórica es una maldad de Zapatero y el socialnacionalismo"" y otras nueve frases controvertidas del juez que torpedea la exhumación de Franco https://t.co/Nlcks1C2zD""",es,0,0,0,0,0,0,0,2,0,la memoria histórica es una maldad de zapatero y el socialnacionalismo y otras nueve frases controvertidas del juez que torpedea la exhumación de franco [url]
6028b8460f08da639cf0be23e317e688,FRANCO,0,Catalunya y la Memoria Histórica: las batallas del juez que trata de evitar la exhumación de Franco https://t.co/JhL2MSzuZl,es,0,0,0,0,0,0,0,0,0,catalunya y la memoria histórica las batallas del juez que trata de evitar la exhumación de franco [url]
36cd1b30db37e9aa933228343cc0b96d,FRANCO,0,"Un segundo juez rechaza suspender la licencia para exhumar a Franco: La actuación urbanística no implica lesión"" https://t.co/v3wA0lqowC""",es,0,0,0,0,0,1,0,2,0,un segundo juez rechaza suspender la licencia para exhumar a franco la actuación urbanística no implica lesión [url]
5a213b364e5017632dd22516d984a8ae,FRANCO,0,"En @elconfidencial: Yusti, el juez que paraliza la exhumación de Franco: ¡Viva España!"" https://t.co/0juPFH88fC",es,2,0,0,0,0,0,0,1,0,en [user] yusti el juez que paraliza la exhumación de franco viva españa [url]
8c6f2b7d0b19e94d282ac318da4d4eb9,FRANCO,0,"Franco murió pero sus herederos nos siguen dando por el culo En @elconfidencial: Yusti, el juez que paraliza la exhumación de Franco: ¡Viva España!"" https://t.co/8xUga0ZovD""",es,2,0,0,0,0,0,0,2,0,franco murió pero sus herederos nos siguen dando por el culo en [user] yusti el juez que paraliza la exhumación de franco viva españa [url]
6f176038de27b29ca91fad4703ef8179,FRANCO,0,El Gobierno asume que la suspensión de la licencia puede retrasar su plan para exhumar a Franco https://t.co/8timOyoFFn,es,0,0,0,0,0,0,0,0,0,el gobierno asume que la suspensión de la licencia puede retrasar su plan para exhumar a franco [url]
004679bc389ad2947ba515cdb26f933e,FRANCO,0,Un juez que atacó la ley de Memoria Histórica suspende el visto bueno urbanístico para exhumar a Franco https://t.co/tEPFqIZqTc,es,0,0,0,0,0,0,0,0,0,un juez que atacó la ley de memoria histórica suspende el visto bueno urbanístico para exhumar a franco [url]
2b41675b5a0485981d39cd49b9377ad4,FRANCO,0,"OPINIÓN | Franco ha muerto, el franquismo no tanto, por Ignacio Escolar, @iescolar https://t.co/hKEiCK6x1R",es,0,0,1,0,0,1,0,0,0,opinión franco ha muerto el franquismo no tanto por ignacio escolar [user] [url]
87b68f1d8e778c8a1b6ff887376a3208,FRANCO,0,La justicia paraliza la exhumación de Franco hasta que el Gobierno llame a Iñaki Perurena.,es,0,0,0,0,0,0,0,0,0,la justicia paraliza la exhumación de franco hasta que el gobierno llame a iñaki perurena
fd0fac15d6fbfe051c4dd3561909c921,FRANCO,0,"OPINIÓN | Franco ha muerto, el franquismo no tanto, por Ignacio Escolar, @iescolar https://t.co/YCu2CRlv0O",es,0,0,1,0,0,1,0,0,0,opinión franco ha muerto el franquismo no tanto por ignacio escolar [user] [url]
3a31b05213c0d48f27d79318060c1cb1,FRANCO,0,"Un juez que atacó la ley de Memoria Histórica suspende el visto bueno urbanístico para exhumar a Franco https://t.co/LgutgN8tVe mientras halla franquistas con toga, con micrófono y con sotana, no habrá democracia",es,0,0,0,0,0,1,0,0,0,un juez que atacó la ley de memoria histórica suspende el visto bueno urbanístico para exhumar a franco [url] mientras halla franquistas con toga con micrófono y con sotana no habrá democracia
b3b785c73f2c3a680e9cd763fcf47a6e,FRANCO,0,Decenas de denuncias coordinadas usan un informe de la Fundación Franco para frenar la exhumación https://t.co/ZIWHkIaKWC via @eldiarioes,es,0,0,0,0,0,0,0,0,0,decenas de denuncias coordinadas usan un informe de la fundación franco para frenar la exhumación [url] via [user]
f979b2d9db5a480a23d0c671085ae2fb,FRANCO,0,Catalunya y la Memoria Histórica: las batallas del juez que trata de evitar la exhumación de Franco https://t.co/LjRDu7l3dX via @eldiarioes,es,0,0,0,0,0,0,0,0,0,catalunya y la memoria histórica las batallas del juez que trata de evitar la exhumación de franco [url] via [user]
a7c48c023914a356862637a5f36caeb2,FRANCO,0,"OPINIÓN | Franco ha muerto, el franquismo no tanto, por Ignacio Escolar, @iescolar https://t.co/rS9H70KEdp",es,0,0,1,0,0,1,0,0,0,opinión franco ha muerto el franquismo no tanto por ignacio escolar [user] [url]
a0b47a3785a98bb5c1a0ddd33dd0ef2b,FRANCO,0,"En @elconfidencial: Yusty, el juez que paraliza la exhumación de Franco: ¡Viva España!"" https://t.co/uKpkrhIuJJ""",es,2,0,0,0,0,0,0,2,0,en [user] yusty el juez que paraliza la exhumación de franco viva españa [url]
e50d73be9ab90fe3814f30820db4fdbf,FRANCO,0,"La única losa que impide la exhumación de Franco es la de algunos jueces que llevan polvo franquista bajo sus togas.
https://t.co/r8kVvqWxGm",es,0,0,0,0,0,0,0,0,0,la única losa que impide la exhumación de franco es la de algunos jueces que llevan polvo franquista bajo sus togas [url]
c495b003f9fc75f8f9cc999f462c5491,FRANCO,0,"OPINIÓN | Franco ha muerto, el franquismo no tanto, por Ignacio Escolar, @iescolar https://t.co/BZ20ce5Chc",es,0,0,1,0,0,1,0,0,0,opinión franco ha muerto el franquismo no tanto por ignacio escolar [user] [url]
aa747c8cf53ad28fd7b81bba9f859a91,FRANCO,0,"Y Franco resiste en el Valle: la exhumación, nuevamente suspendida por la justicia https://t.co/5PMJZIJ1n1 https://t.co/lPOrGOPy8Y",es,0,0,0,0,0,0,0,0,0,y franco resiste en el valle la exhumación nuevamente suspendida por la justicia [url] [url]
c84708c10df1beb424d0fa8f71194f7c,FRANCO,0,Por falta de seguridad en el proceso de la exhumación; el Juzgado de lo Contencioso-Administrativo número 3 de Madrid ha suspendido de forma... https://t.co/5PMJZIJ1n1,es,0,0,0,0,0,0,1,0,1,por falta de seguridad en el proceso de la exhumación el juzgado de lo contencioso administrativo número 3 de madrid ha suspendido de forma [url]
670980afbfd67f572f66b901f93bad6f,FRANCO,0,"No soy franquista, soy de derechas y lo de paralizar la exhumación por un informe de la Fundación Francisco Franco donde se habla de riesgo arquitectónico"" por levantar la losa es una soberana idiotez. Las leyes se cumplen nos gusten o no""",es,0,0,0,0,0,2,0,2,0,no soy franquista soy de derechas y lo de paralizar la exhumación por un informe de la fundación francisco franco donde se habla de riesgo arquitectónico por levantar la losa es una soberana idiotez las leyes se cumplen nos gusten o no
3413b81c4342a3ecca4d9234fe2aa481,FRANCO,0,"En @elconfidencial: Yusty, el juez que paraliza la exhumación de Franco: ¡Viva España!"" https://t.co/fv8u9upYqF""",es,2,0,0,0,0,0,0,2,0,en [user] yusty el juez que paraliza la exhumación de franco viva españa [url]
62f94c95ee9ee36ee047b23164a6af6d,FRANCO,0,"EXCLUSIVA | Un segundo juez rechaza suspender la licencia para exhumar a Franco: La actuación urbanística no implica lesión"" https://t.co/sSNWA86ipU vía @eldiarioes""",es,0,0,1,0,0,1,0,2,0,exclusiva un segundo juez rechaza suspender la licencia para exhumar a franco la actuación urbanística no implica lesión [url] vía [user]
f0c070e73fd9faf16d4576d7a8eb276d,FRANCO,0,"Un segundo juez rechaza suspender la licencia para exhumar a Franco: La actuación urbanística no implica lesión"" https://t.co/gzrcFJLifd""",es,0,0,0,0,0,1,0,2,0,un segundo juez rechaza suspender la licencia para exhumar a franco la actuación urbanística no implica lesión [url]
d4c41d6c7d496b77080fab2b8121292f,FRANCO,0,"EN EL BLOG: Franco ha muerto, el franquismo no tanto https://t.co/khcggKagyE",es,0,0,1,0,0,1,0,0,0,en el blog franco ha muerto el franquismo no tanto [url]
4f65461b0913b53075b865327836ad32,FRANCO,0,"La memoria histórica es una maldad de Zapatero y el socialnacionalismo"" y otras nueve frases controvertidas del juez que torpedea la exhumación de Franco https://t.co/EaG7O0MzI8 vía @raulrejon @eldiarioes""",es,0,0,0,0,0,0,0,2,0,la memoria histórica es una maldad de zapatero y el socialnacionalismo y otras nueve frases controvertidas del juez que torpedea la exhumación de franco [url] vía [user] [user]
9fa2d919fe0635982640d6e0c6a154a4,FRANCO,0,El Vaticano forzará al Valle de los Caídos a permitir la exhumación de Franco https://t.co/gpFBh2oJHs(Compartir desde Armorfly Browser),es,0,0,0,0,0,0,0,0,0,el vaticano forzará al valle de los caídos a permitir la exhumación de franco [url] desde armorfly browser
3675d34b68fa2c1cc8f24ffd194f1035,FRANCO,0,"OPINIÓN | Franco ha muerto, el franquismo no tanto, por Ignacio Escolar, @iescolar https://t.co/D5fL2ijW4g",es,0,0,1,0,0,1,0,0,0,opinión franco ha muerto el franquismo no tanto por ignacio escolar [user] [url]
048131acbf86cbc9e98ac02df8cf7de3,FRANCO,0,"La memoria histórica es una maldad de Zapatero y el socialnacionalismo"" y otras nueve frases controvertidas del juez que torpedea la exhumación de Franco https://t.co/BDabKRWCuL vía @eldiarioes""",es,0,0,0,0,0,0,0,2,0,la memoria histórica es una maldad de zapatero y el socialnacionalismo y otras nueve frases controvertidas del juez que torpedea la exhumación de franco [url] vía [user]
a5fc70d13b1abf074ad3041cf91e1602,FRANCO,0,El juez que ha suspendido la licencia urbanística para exhumar al dictador basa su decisión en un informe encargado por la Fundación Franco a dos arquitectos https://t.co/jgERF41ZhB vía @eldiarioes,es,0,0,0,0,0,0,0,0,0,el juez que ha suspendido la licencia urbanística para exhumar al dictador basa su decisión en un informe encargado por la fundación franco a dos arquitectos [url] vía [user]
04702c7bbefc5390de770e33881d2030,FRANCO,0,"POLÍTICA | Un juez significado contra la memoria histórica ha suspendido un informe del Ayuntamiento de El Escorial para permitir levantar la lápida dando por bueno un dictamen de la fundación Francisco Franco
https://t.co/CQuKVgjf6B",es,0,0,1,0,0,0,0,0,0,política un juez significado contra la memoria histórica ha suspendido un informe del ayuntamiento de el escorial para permitir levantar la lápida dando por bueno un dictamen de la fundación francisco franco [url]
b123793904fa21ff024efe36bd0a4e52,FRANCO,0,"Un juez franquista suspende la exhumación de #Franco en base a un informe de la Fundación Francisco Franco y se pasa por el arco el mandato del Congreso sin un voto en contra. Definitivamente este país y el poder judicial en particular, necesita un meneo. https://t.co/gFrRslqNdx",es,0,0,0,0,0,1,0,0,0,un juez franquista suspende la exhumación de franco en base a un informe de la fundación francisco franco y se pasa por el arco el mandato del congreso sin un voto en contra definitivamente este país y el poder judicial en particular necesita un meneo [url]
9671001f49b4c34978b0acabfb750322,FRANCO,0,"OPINIÓN | Franco ha muerto, el franquismo no tanto, por Ignacio Escolar, @iescolar https://t.co/cSLWAJ1lLj",es,0,0,1,0,0,1,0,0,0,opinión franco ha muerto el franquismo no tanto por ignacio escolar [user] [url]
646b6fad54df5c6e08173fdcebbf9390,FRANCO,0,"El Congreso aprueba sacar los restos de Franco del Valle de los Caídos. Y un juez frena la exhumación contra la soberanía nacional?.🤔, mal vamos 🤦‍♂️ https://t.co/WVUPbL3kM7 vía @elpais_espana",es,0,1,0,3,0,0,0,0,0,el congreso aprueba sacar los restos de franco del valle de los caídos y un juez frena la exhumación contra la soberanía nacional cara_pensativa mal vamos hombre_con_la_mano_en_la_frente [url] vía [user]
3a284bfab3b6473e95805f3c2be26ab8,FRANCO,0,"Franco ha muerto, el franquismo no tanto https://t.co/QhcLyXkYs8",es,0,0,0,0,0,1,0,0,0,franco ha muerto el franquismo no tanto [url]
d08064daf5e7ec71f166c89eab4c2763,FRANCO,0,"El juez que ha suspendido la exhumación de Franco, muy crítico con la Ley de Memoria Histórica... la ley de memoria histórica debería datarse desde 1931, para que la gente conozca la historia real, los motivos y sus consecuencias

https://t.co/51m7JuIz5H

Enviado desde @updayESP",es,0,0,0,0,0,0,1,0,1,el juez que ha suspendido la exhumación de franco muy crítico con la ley de memoria histórica la ley de memoria histórica debería datarse desde 1931 para que la gente conozca la historia real los motivos y sus consecuencias [url] enviado desde [user]
fed4e2f334ff9ad496773421cee6f4ed,FRANCO,0,La Justicia suspende la exhumación de Franco por deficiencias en el proyecto del Gobierno https://t.co/yKdzn4W9TU https://t.co/pQodB21bKm,es,0,0,0,0,0,0,0,0,0,la justicia suspende la exhumación de franco por deficiencias en el proyecto del gobierno [url] [url]
13dd61261886d169418ae7067191666b,FRANCO,0,Catalunya y la Memoria Histórica: las batallas del juez que trata de evitar la exhumación de Franco https://t.co/qhPs74m8xY,es,0,0,0,0,0,0,0,0,0,catalunya y la memoria histórica las batallas del juez que trata de evitar la exhumación de franco [url]
f23fc869c9be0e4ca09a68d44466f90d,FRANCO,0,Decenas de denuncias coordinadas usan un informe de la Fundación Franco para frenar la exhumación https://t.co/nnX4vpnaLX,es,0,0,0,0,0,0,0,0,0,decenas de denuncias coordinadas usan un informe de la fundación franco para frenar la exhumación [url]
8b904bb24202e052191e0cd6fd5d33ff,FRANCO,0,"Un segundo juez rechaza suspender la licencia para exhumar a Franco: La actuación urbanística no implica lesión"" https://t.co/aXZ9lyhLRl""",es,0,0,0,0,0,1,0,2,0,un segundo juez rechaza suspender la licencia para exhumar a franco la actuación urbanística no implica lesión [url]
a08ec1452051a229aa7ac329cff5ef8a,FRANCO,0,"Un segundo juez no impide la exhumación de Franco ni anula el informe administrativo https://t.co/uttnCO7NcQ

Varios juzgados de Madrid han recibido una oleada de demandas para intentar evitar que el Gobierno saque la momia del dictador del Valle de los Caídos.

Según detalla ‘…",es,0,0,0,0,0,2,0,1,1,un segundo juez no impide la exhumación de franco ni anula el informe administrativo [url] varios juzgados de madrid han recibido una oleada de demandas para intentar evitar que el gobierno saque la momia del dictador del valle de los caídos según detalla
bea09ca71099867dba4fb8d5ca32dca0,FRANCO,0,"OPINIÓN | Franco ha muerto, el franquismo no tanto, por Ignacio Escolar, @iescolar https://t.co/JvetD4zsmo",es,0,0,1,0,0,1,0,0,0,opinión franco ha muerto el franquismo no tanto por ignacio escolar [user] [url]
4e08d8c7caaf76290d5c911006cd90d7,FRANCO,0,"Un segundo juez rechaza suspender la licencia para exhumar a Franco: La actuación urbanística no implica lesión"" https://t.co/yIXKOcWaNC""",es,0,0,0,0,0,1,0,2,0,un segundo juez rechaza suspender la licencia para exhumar a franco la actuación urbanística no implica lesión [url]
4a2943e285a67a30dcf3efc758f84614,FRANCO,0,"Han presentado demandas idénticas en varios juzgados. Hasta ahora, solo lo ha aceptado un juez. Otros lo han rechazado. ¿Se puede presentar la misma demanda en varios juzgados hasta q 1 te dé la razón? ¿Esto es legal? https://t.co/CxGzP7fltz vía @eldiarioes",es,0,4,0,0,0,0,0,0,0,han presentado demandas idénticas en varios juzgados hasta ahora solo lo ha aceptado un juez otros lo han rechazado se puede presentar la misma demanda en varios juzgados hasta q 1 te dé la razón esto es legal [url] vía [user]
13db435f05983bc2d70723e87c4f7297,FRANCO,0,"OPINIÓN | Franco ha muerto, el franquismo no tanto, por Ignacio Escolar, @iescolar https://t.co/GPlRnroOcj",es,0,0,1,0,0,1,0,0,0,opinión franco ha muerto el franquismo no tanto por ignacio escolar [user] [url]
0d130b8f1b2bc64630a756cc7e5cd35b,FRANCO,0,"OPINIÓN | Franco ha muerto, el franquismo no tanto, por Ignacio Escolar, @iescolar https://t.co/Elv3JLely3",es,0,0,1,0,0,1,0,0,0,opinión franco ha muerto el franquismo no tanto por ignacio escolar [user] [url]
11c61aad8259a9ccd2e4c4910e21d23b,FRANCO,0,"EXCLUSIVA | Un segundo juez rechaza suspender la licencia para exhumar a Franco: La actuación urbanística no implica lesión"" https://t.co/pl8I33ompf via @eldiarioes""",es,0,0,1,0,0,1,0,2,0,exclusiva un segundo juez rechaza suspender la licencia para exhumar a franco la actuación urbanística no implica lesión [url] via [user]
0fe39c1dd51498888020b39be2be5bf8,FRANCO,0,"OPINIÓN | Franco ha muerto, el franquismo no tanto, por Ignacio Escolar, @iescolar https://t.co/B06dNybrHf",es,0,0,1,0,0,1,0,0,0,opinión franco ha muerto el franquismo no tanto por ignacio escolar [user] [url]
52fc2bff81a9cf3e1e37146045734565,FRANCO,0,Catalunya y la Memoria Histórica: las batallas del juez que trata de evitar la exhumación de Franco https://t.co/WujcIkLdXk,es,0,0,0,0,0,0,0,0,0,catalunya y la memoria histórica las batallas del juez que trata de evitar la exhumación de franco [url]
7ae1b7525c1c702814d110dca41c4976,FRANCO,0,Catalunya y la Memoria Histórica: las batallas del juez que trata de evitar la exhumación de Franco https://t.co/CcuftDu7Rg via @eldiarioes,es,0,0,0,0,0,0,0,0,0,catalunya y la memoria histórica las batallas del juez que trata de evitar la exhumación de franco [url] via [user]
a3f7677acaa41934f6b406fbc6d78509,FRANCO,0,"El juez que ha frenado la exhumación de Franco, contrario a la memoria histórica y al derecho a decidir https://t.co/J6kFmEA9r9",es,0,0,0,0,0,0,0,0,0,el juez que ha frenado la exhumación de franco contrario a la memoria histórica y al derecho a decidir [url]
d908d07b90201d902d6208009bb84b38,FRANCO,0,"Franco ha muerto, el franquismo no tanto https://t.co/oZ7KRQLB2O",es,0,0,0,0,0,1,0,0,0,franco ha muerto el franquismo no tanto [url]
8c94368ec9e658ddf1e225270403c9c1,FRANCO,0,"EXCLUSIVA | Un segundo juez rechaza suspender la licencia para exhumar a Franco: La actuación urbanística no implica lesión"" ¿Hasta cuando jueces y justicia franquista?...https://t.co/51yBThypeN vía @eldiarioes""",es,0,2,1,0,0,1,1,2,1,exclusiva un segundo juez rechaza suspender la licencia para exhumar a franco la actuación urbanística no implica lesión hasta cuando jueces y justicia franquista [url] vía [user]
cc5e791d67f403765239e30cfcde1bbd,FRANCO,0,"OPINIÓN | Franco ha muerto, el franquismo no tanto, por Ignacio Escolar, @iescolar https://t.co/mFS1oXv7Yj",es,0,0,1,0,0,1,0,0,0,opinión franco ha muerto el franquismo no tanto por ignacio escolar [user] [url]
7af96db470c937508c14a0fee1846748,FRANCO,0,"EXCLUSIVA | Un segundo juez rechaza suspender la licencia para exhumar a Franco: La actuación urbanística no implica lesión"" https://t.co/8auQuVShmm vía @eldiarioes""",es,0,0,1,0,0,1,0,2,0,exclusiva un segundo juez rechaza suspender la licencia para exhumar a franco la actuación urbanística no implica lesión [url] vía [user]
d8d6cbf290902c8c6acd6b10d181706a,FRANCO,0,"OPINIÓN | Franco ha muerto, el franquismo no tanto, por Ignacio Escolar, @iescolar https://t.co/KidvY7cyJr",es,0,0,1,0,0,1,0,0,0,opinión franco ha muerto el franquismo no tanto por ignacio escolar [user] [url]
d9be2a5c3dba73840a55aaf13c35fba6,FRANCO,0,"Hoy 27 de febrero, la actualidad pasa por la sentencia de la Gürtel y su cerebro, el juez José Ricardo de Prada, y por la exhumación de Franco y la petición de Estrasburgo al Gobierno de demostrar que no es “abuso de poder”.",es,0,0,0,0,0,1,0,2,0,hoy 27 de febrero la actualidad pasa por la sentencia de la gürtel y su cerebro el juez josé ricardo de prada y por la exhumación de franco y la petición de estrasburgo al gobierno de demostrar que no es abuso de poder
cf7d25dccdd665c02c25b22feca79c7e,FRANCO,0,"Esteban (PNV) cree que es un juez militante"" el que ha suspendido la exhumación de Franco y sus razones son ""políticas"" https://t.co/Ip8FgdDv9y""",es,0,0,1,0,0,0,0,4,0,esteban pnv cree que es un juez militante el que ha suspendido la exhumación de franco y sus razones son políticas [url]
a838489966833eee2ec4cce535f6aa9b,FRANCO,0,Decenas de denuncias coordinadas usan un informe de la Fundación Franco para frenar la exhumación https://t.co/PAEBm2AIZ1 vía @eldiarioes,es,0,0,0,0,0,0,0,0,0,decenas de denuncias coordinadas usan un informe de la fundación franco para frenar la exhumación [url] vía [user]
c66a4a31b59e4c7a8ce54be6a459eced,FRANCO,0,"¡Viva España!"" José Bastarreche Yusti el juez que paraliza la exhumación de Franco https://t.co/4C8UmcxNmb @elconfidencial #miercoles #FelizMiércoles""",es,2,0,0,0,0,0,0,2,0,viva españa josé bastarreche yusti el juez que paraliza la exhumación de franco [url] [user] miercoles felizmiércoles
0099489b8da38117412f073f9a13f8b0,FRANCO,0,Catalunya y la Memoria Histórica: las batallas del juez que trata de evitar la exhumación de Franco https://t.co/m1wa24asf1 vía @eldiarioes,es,0,0,0,0,0,0,0,0,0,catalunya y la memoria histórica las batallas del juez que trata de evitar la exhumación de franco [url] vía [user]
b194d3c77b09a19aaea0aac5cb6672ae,FRANCO,0,Un segundo juez no impide la exhumación de Franco ni anula el informe administrativo. “Dicha actuación urbanística no implica por sí misma una lesión al derecho fundamental del fallecido o sus familiares,es,0,0,0,0,0,3,0,1,0,un segundo juez no impide la exhumación de franco ni anula el informe administrativo dicha actuación urbanística no implica por sí misma una lesión al derecho fundamental del fallecido o sus familiares
a4d98ac079a614ab0150b67ecfa8d187,FRANCO,0,"¿Como se atreven los arquitectos franquistas? ¿Si el suelo resistió la operación de inhumación de Franco, con el cuerpo más pesado, como no va a resistir la exhumación hoy, con el cuerpo momificado? La losa es la misma.",es,0,4,0,0,0,1,0,0,0,como se atreven los arquitectos franquistas si el suelo resistió la operación de inhumación de franco con el cuerpo más pesado como no va a resistir la exhumación hoy con el cuerpo momificado la losa es la misma
cb59c329b18bdec6b687a271bb780241,FRANCO,0,Exhumación de Franco: el Gobierno no difundirá íntegra la carta que le envió el Vaticano porque contradice su ver https://t.co/QhIek6YpDG,es,0,0,0,0,0,1,0,0,0,exhumación de franco el gobierno no difundirá íntegra la carta que le envió el vaticano porque contradice su ver [url]
b92cdcaddc80871019bdf0f588ff29ce,FRANCO,0,"Franco ha muerto, el franquismo no tanto https://t.co/QsXGosUT0n",es,0,0,0,0,0,1,0,0,0,franco ha muerto el franquismo no tanto [url]
e8414b67ba28b8726267b49a32d829bf,FRANCO,0,"RT forumlibertas Exhumación de Franco: el Gobierno no difundirá íntegra la carta que le envió el Vaticano porque contradice su ver https://t.co/4rTG9MjKOI"" forumlibertas""",es,0,0,0,0,0,1,0,2,0,rt forumlibertas exhumación de franco el gobierno no difundirá íntegra la carta que le envió el vaticano porque contradice su ver [url] forumlibertas
811313088b6067326937100fddd43ee7,FRANCO,0,"OPINIÓN | Franco ha muerto, el franquismo no tanto, por Ignacio Escolar, @iescolar https://t.co/4O7sqaEofo",es,0,0,1,0,0,1,0,0,0,opinión franco ha muerto el franquismo no tanto por ignacio escolar [user] [url]
da56ad5a02bfac92a654e77336d745b8,FRANCO,0,"Franco ha muerto, el franquismo no tanto https://t.co/97LIzTx7sy",es,0,0,0,0,0,1,0,0,0,franco ha muerto el franquismo no tanto [url]
1bfe295816cb48ce03b47d4c708093e4,FRANCO,0,Decenas de denuncias coordinadas usan un informe de la Fundación Franco para frenar la exhumación https://t.co/PmUvF42gJ3 https://t.co/CUj447AYnT,es,0,0,0,0,0,0,0,0,0,decenas de denuncias coordinadas usan un informe de la fundación franco para frenar la exhumación [url] [url]
25d8fcf4a720559281bb4ebb3b37cf09,FRANCO,0,"En @elconfidencial: Yusty, el juez que paraliza la exhumación de Franco: ¡Viva España!"" https://t.co/EQSTcvyHeK""",es,2,0,0,0,0,0,0,2,0,en [user] yusty el juez que paraliza la exhumación de franco viva españa [url]
e139bdfa6b2172ea77223408c8de5ad7,FRANCO,0,Estrasburgo obligará a Sánchez a demostrar que la exhumación de Franco “no es abuso de poder”. El Tribunal Europeo de Derechos Humanos avisa de que una exhumación no puede ser resultado del “abuso de poder” de ningún Gobierno de turno. https://t.co/WF0gWJkgmQ,es,0,0,0,0,0,3,0,4,0,estrasburgo obligará a sánchez a demostrar que la exhumación de franco no es abuso de poder el tribunal europeo de derechos humanos avisa de que una exhumación no puede ser resultado del abuso de poder de ningún gobierno de turno [url]
ba87e3b15fa5e5a44095639e01ec8020,FRANCO,0,"EXCLUSIVA | Un segundo juez rechaza suspender la licencia para exhumar a Franco: La actuación urbanística no implica lesión"" https://t.co/sK4cthQacJ vía @eldiarioes""",es,0,0,1,0,0,1,0,2,0,exclusiva un segundo juez rechaza suspender la licencia para exhumar a franco la actuación urbanística no implica lesión [url] vía [user]
2f9b9e9d8f29cd7a310e9eb43d7d4b00,FRANCO,0,"Yusty, el juez que paraliza la exhumación de Franco: ¡Viva España!"" https://t.co/DyF1WcAnH6""",es,2,0,0,0,0,0,0,2,0,yusty el juez que paraliza la exhumación de franco viva españa [url]
b1a5d7dc8c9df976e282b7e212f5da2f,FRANCO,0,"EXCLUSIVA | Un segundo juez rechaza suspender la licencia para exhumar a Franco: La actuación urbanística no implica lesión"" https://t.co/Ojl0qJ3SWI vía @eldiarioes""",es,0,0,1,0,0,1,0,2,0,exclusiva un segundo juez rechaza suspender la licencia para exhumar a franco la actuación urbanística no implica lesión [url] vía [user]
aa75bc7fe83b3f0eb28e64dc47f36c3b,FRANCO,0,Estrasburgo obligará a Sánchez a demostrar que la exhumación de Franco “no es abuso de poder” https://t.co/ZHWhj46NfQ https://t.co/qIHTUlOirM,es,0,0,0,0,0,1,0,2,0,estrasburgo obligará a sánchez a demostrar que la exhumación de franco no es abuso de poder [url] [url]
28e0653727688c77f92e0bc19e18908c,FRANCO,0,"OPINIÓN | Franco ha muerto, el franquismo no tanto, por Ignacio Escolar, @iescolar https://t.co/fOxPPe4gJN",es,0,0,1,0,0,1,0,0,0,opinión franco ha muerto el franquismo no tanto por ignacio escolar [user] [url]
452809a3b058a2969d616acc27641c33,FRANCO,0,"Estrasburgo obligará a Pedro Sánchez a demostrar que la exhumación de Franco no es abuso de poder"" https://t.co/PSsDetjZke""",es,0,0,0,0,0,1,0,2,0,estrasburgo obligará a pedro sánchez a demostrar que la exhumación de franco no es abuso de poder [url]
f45669203274ab6d776e2069efe3fed9,FRANCO,0,"El franquismo, como gato panzarriba...

Catalunya y la Memoria Histórica: las batallas del juez que trata de evitar la exhumación de Franco https://t.co/NlJR3Aq1cx vía @eldiarioes",es,0,0,0,0,0,0,1,0,1,el franquismo como gato panzarriba catalunya y la memoria histórica las batallas del juez que trata de evitar la exhumación de franco [url] vía [user]
8da4a8a394ee22eaf5d1c4770c6ff82b,FRANCO,0,"La exhumación de #Franco no será tan rápida como pretendía Sánchez:

➡El Ayuntamiento de San Lorenzo de El Escorial tiene tres días para presentar alegaciones
➡El Gobierno defiende que el expediente sigue su curso https://t.co/PiIPFM2hMg",es,0,0,0,2,0,1,0,0,0,la exhumación de franco no será tan rápida como pretendía sánchez flecha_hacia_la_derecha el ayuntamiento de san lorenzo de el escorial tiene tres días para presentar alegaciones flecha_hacia_la_derecha el gobierno defiende que el expediente sigue su curso [url]
2783ca04bbc9eb9e2a498997cd4c64de,FRANCO,0,Sánchez envía al Valle a cargos de Patrimonio tras frenar la Justicia la exhumación de Franco https://t.co/8CtbB84I8t https://t.co/H9Rcla36rw,es,0,0,0,0,0,0,0,0,0,sánchez envía al valle a cargos de patrimonio tras frenar la justicia la exhumación de franco [url] [url]
6a3e208998f224945735cf3893335ae9,FRANCO,0,"EXCLUSIVA | Un segundo juez rechaza suspender la licencia para exhumar a Franco: La actuación urbanística no implica lesión"" https://t.co/CB7GYmdfKr vía @eldiarioes.""",es,0,0,1,0,0,1,0,2,0,exclusiva un segundo juez rechaza suspender la licencia para exhumar a franco la actuación urbanística no implica lesión [url] vía [user]
d1c7ab82fd6ab066beef8ba977004ed4,FRANCO,0,"Los herederos de los crimínales frentepopulistas no se cansan de hostigar a los monjes del Valle y de saltarse las decisiones judiciales que no les gustan. Este gobierno en pleno merece la cárcel y el PSOE su ilegalización

https://t.co/4QQg6EID3O",es,0,0,1,0,0,2,0,0,0,los herederos de los crimínales frentepopulistas no se cansan de hostigar a los monjes del valle y de saltarse las decisiones judiciales que no les gustan este gobierno en pleno merece la cárcel y el psoe su ilegalización [url]
19428e1c90bc8de46b7216fa62638fe5,FRANCO,0,"Sánchez envía al Valle a cargos de Patrimonio tras frenar la Justicia la exhumación de Franco https://t.co/IdEt34wbqQ

¡¡¡ Vaya perra, que tiene este botarate con Franco,..¿Hay tan pocas luces, que se aferra a esto como campaña electoral..?",es,3,2,0,0,0,0,1,0,0,sánchez envía al valle a cargos de patrimonio tras frenar la justicia la exhumación de franco [url] vaya perra que tiene este botarate con franco hay tan pocas luces que se aferra a esto como campaña electoral
00d5525a528d86ee154e7e1e949fafb4,FRANCO,0,"Lo Diarioes hace TT, de nuevo, a la Fundación Franco por la exhumación de Franco.

Han sido 8 meses de escándalos diarios de cada uno de los ministros de Sánchez y del propio Sánchez y se ve la desesperación por desviar la atención a 1975.",es,0,0,0,0,0,0,0,0,0,lo diarioes hace tt de nuevo a la fundación franco por la exhumación de franco han sido 8 meses de escándalos diarios de cada uno de los ministros de sánchez y del propio sánchez y se ve la desesperación por desviar la atención a 1975
ab877a350163dc1ea2a9b6e9acc4fde8,FRANCO,0,"Aprovecho el TT Fundación Franco

«La otra exhumación de Franco: el rescate de los papeles del dictador» 

Ninguno de los Gobiernos en democracia ha reclamado los cerca de 27.500 documentos sobre la actividad política que generó el dictador🧐 

https://t.co/JI99vKYObF",es,0,0,0,1,0,1,0,2,0,aprovecho el tt fundación franco la otra exhumación de franco el rescate de los papeles del dictador ninguno de los gobiernos en democracia ha reclamado los cerca de 27 500 documentos sobre la actividad política que generó el dictador cara_con_monóculo [url]
320358e749c07b6fd7e2518803c7c2dc,FRANCO,0,"Irene Montero lamenta la torpeza"" y ""poca seriedad"" del Gobierno en la exhumación de los restos de Franco  https://t.co/k0y28wFB8U""",es,0,0,0,0,0,0,0,4,0,irene montero lamenta la torpeza y poca seriedad del gobierno en la exhumación de los restos de franco [url]
5fdcdef6ee5b685ab5cf3f08cd82799d,FRANCO,0,"Franco ha muerto, el franquismo no tanto, por @iescolar 
Mover losas de 1x2,3 m es algo que se hace de forma cotidiana y sin peligro alguno en todos los cementerios.
Y luego nos dirán que no queda franquismo en la judicatura y en la sociedad. No, qué va.
https://t.co/c2P3vWwANi",es,0,0,0,0,0,4,0,0,0,franco ha muerto el franquismo no tanto por [user] mover losas de 1x2 3 m es algo que se hace de forma cotidiana y sin peligro alguno en todos los cementerios y luego nos dirán que no queda franquismo en la judicatura y en la sociedad no qué va [url]
660f7d7f7301116a1b32e465adad037f,FRANCO,0,Moncloa admite que la salida de Franco se retrasará https://t.co/IybN6LGQGF,es,0,0,0,0,0,0,0,0,0,moncloa admite que la salida de franco se retrasará [url]
895639cd7d4d88d667ae3229fa05878b,FRANCO,0,El entorno de la fundación del dictador lanza una campaña de demandas individuales para frenar la exhumación de la momia. Este sábado en @SextaNocheTV  https://t.co/IGQdpsQmgD,es,0,0,0,0,0,0,0,0,0,el entorno de la fundación del dictador lanza una campaña de demandas individuales para frenar la exhumación de la momia este sábado en [user] [url]
a4b17a6c98d5c8e78f2f94098a3c0a6f,FRANCO,0,"De momento, Franco no se mueve https://t.co/RVxHUFogdt",es,0,0,0,0,0,1,0,0,0,de momento franco no se mueve [url]
a7b4313f31c39deb1deca48af062bfae,FRANCO,0,Vea  lo que tienen planeado respecto a la exhumación de Francisco Franco https://t.co/sI8WLWDLuJ https://t.co/hn6aCOkQQG,es,0,0,0,0,0,0,0,0,0,vea lo que tienen planeado respecto a la exhumación de francisco franco [url] [url]
dd03acab8dc7036821ec1a580e96602f,FRANCO,0,"Por y segun L. Sela y M. Jamardo: PSOE: Moncloa acusa de obstruccionismo"" al juez que ha suspendido la licencia para la exhumación de Franco: https://t.co/ekINxsi3RH""",es,0,0,1,0,0,0,0,2,0,por y segun l sela y m jamardo psoe moncloa acusa de obstruccionismo al juez que ha suspendido la licencia para la exhumación de franco [url]
ff8a53d1b0ab21b5ad2695c962261319,FRANCO,0,"Una cosa parece estar muy clara y es que, todos aquellos que agasajan y ponen pegas a la exhumación del golpista traidor y genocida, tienen concomitancias comparables a aquel aunque no lleven al cinto ni el sable ni la pistola.
  
Fundación Franco""""",es,0,0,0,0,0,3,0,2,0,una cosa parece estar muy clara y es que todos aquellos que agasajan y ponen pegas a la exhumación del golpista traidor y genocida tienen concomitancias comparables a aquel aunque no lleven al cinto ni el sable ni la pistola fundación franco
ffc99694463d4f932656c97754989545,FRANCO,0,"OPINIÓN: País de derecho? Legislativo=Judicial / Franco ha muerto, el franquismo no tanto, por Ignacio Escolar, @iescolar https://t.co/NZa0Z2PUND",es,0,1,1,0,0,1,0,0,0,opinión país de derecho legislativo judicial franco ha muerto el franquismo no tanto por ignacio escolar [user] [url]
5fcaea58c9ee9cdc3bfd9388788e85f9,FRANCO,0,"España, más España que nunca. 🤷‍♂️🤦🏻‍♂️

Yusti, el juez que paraliza la exhumación de Franco: ¡Viva España!"" https://t.co/fajDaJ4od0""",es,2,0,0,5,0,1,0,2,0,españa más españa que nunca hombre_encogido_de_hombros hombre_con_la_mano_en_la_frente_tono_de_piel_claro yusti el juez que paraliza la exhumación de franco viva españa [url]
a736dde5749ac7c1d32b72fd4e2b4fc2,FRANCO,0,Después de sacar a Franco habría que seguir por conseguir una justicia realmente libre y demócrata. Resulta peligroso que en la judicatura de este país haya franquistas https://t.co/qtr9wQrUpS,es,0,0,0,0,0,0,0,0,0,después de sacar a franco habría que seguir por conseguir una justicia realmente libre y demócrata resulta peligroso que en la judicatura de este país haya franquistas [url]
51e3ada4e9f355a81f70fe338924aae4,FRANCO,0,"•Denuncias en masa puestas de manera coordinada.
•Un juez 'patriota' que tacha a la Memoria Histórica de 'maldad'.
•Un informe de la Fundación Franco alertando del riesgo de derrumbe.

Así evita el fascismo la exhumación de Franco. Vergonzoso e infame.
https://t.co/GjgXEiyOEC",es,0,0,0,0,0,0,0,4,0,denuncias en masa puestas de manera coordinada un juez patriota que tacha a la memoria histórica de maldad un informe de la fundación franco alertando del riesgo de derrumbe así evita el fascismo la exhumación de franco vergonzoso e infame [url]
78c37c7c57221ed2edc03e6aa7ac8d64,FRANCO,0,la jauria mediatica de @eldiarioes contra el juez que impide la exhumacion de franco lmientras sinpatizan con las dictaduras asesinas del chavismo y el castrismo. Y encima dan lecciones de demcracia y le dicen a los jueces lo que tienen que juzgar.,es,0,0,0,0,0,0,0,0,0,la jauria mediatica de [user] contra el juez que impide la exhumacion de franco lmientras sinpatizan con las dictaduras asesinas del chavismo y el castrismo y encima dan lecciones de demcracia y le dicen a los jueces lo que tienen que juzgar
f61a514ebd1bc4aa9dd1866e4850ecc8,FRANCO,0,#Titulares Justicia española suspendió exhumación de restos de dictador Francisco Franco #27Feb https://t.co/FznDtnDi6R,es,0,0,0,0,0,0,0,0,0,titulares justicia española suspendió exhumación de restos de dictador francisco franco 27feb [url]
6cb501c0c00f05fc377b57f8091b652c,FRANCO,0,"Recordemos que hay un juez que ha parado L exhumación de Franco porque según él España no tiene capacidad técnica para mover una lápida.

Si esto no es prevaricación con mayúscula yo ya no sé. https://t.co/qiK1oe6omQ",es,0,0,0,0,0,3,0,0,0,recordemos que hay un juez que ha parado l exhumación de franco porque según él españa no tiene capacidad técnica para mover una lápida si esto no es prevaricación con mayúscula yo ya no sé [url]
e115bb75e1d46bf2e5908d9de97fc06e,FRANCO,0,"A exhumar lo y punto y luego se bombardea el cadáver.

EXCLUSIVA | Un segundo juez rechaza suspender la licencia para exhumar a Franco: La actuación urbanística no implica lesión"" https://t.co/dTrJjHRTxu vía @eldiarioes""",es,0,0,1,0,0,1,0,2,0,a exhumar lo y punto y luego se bombardea el cadáver exclusiva un segundo juez rechaza suspender la licencia para exhumar a franco la actuación urbanística no implica lesión [url] vía [user]
6a4b32d9f3a4a10c59f8d2807fd470f9,FRANCO,0,"Sabíamos de Justicia"" patriarcal. Ahora también de ""Justicia"" franquista https://t.co/wmfya9Dgc4 vía @publico_es""",es,0,0,0,0,0,0,0,4,0,sabíamos de justicia patriarcal ahora también de justicia franquista [url] vía [user]
a8d53c619e424b11fee298facff1753b,FRANCO,0,La exhumación de Franco constituiría un Golpe al Estado de Derecho. Miguel Bernad (Manos Limpias) advierte que se trata de mucho más que una profanación - La Tribuna de España https://t.co/QsLIw0L0tJ,es,0,0,0,0,0,0,0,0,0,la exhumación de franco constituiría un golpe al estado de derecho miguel bernad manos limpias advierte que se trata de mucho más que una profanación la tribuna de españa [url]
90504190b07d20f49e3bf6778564537a,FRANCO,0,"Filibusterismo franquista

Decenas de denuncias coordinadas usan un informe de la Fundación Franco para frenar la exhumación https://t.co/yGr6xUgkKM vía @eldiarioes",es,0,0,0,0,0,0,0,0,0,filibusterismo franquista decenas de denuncias coordinadas usan un informe de la fundación franco para frenar la exhumación [url] vía [user]
fe737bc4107d6c86726178bd53de30d6,FRANCO,0,ERC critica la decisión judicial de parar la exhumación de Franco: Nos retrotrae a tiempos muy osc... https://t.co/oH8d47PfKI,es,0,0,1,0,0,0,1,0,1,erc critica la decisión judicial de parar la exhumación de franco nos retrotrae a tiempos muy osc [url]
0c7103b694bbc1d336c535fb7d6b283a,FRANCO,0,"A Franco hay que sacarlo del Valle,
al franquismo, de bastante más sitios.

#RégimenODemocracia

https://t.co/dE3BTtkXqh",es,0,0,0,0,0,0,0,0,0,a franco hay que sacarlo del valle al franquismo de bastante más sitios régimenodemocracia [url]
173ab06627277fe1d40f92988a77ce99,FRANCO,0,Los memorialistas piden recusar al juez por paralizar la exhumación de Franco - https://t.co/ONq6DJQnXI - https://t.co/VOk8aUtfgi https://t.co/VOk8aUtfgi,es,0,0,0,0,0,0,0,0,0,los memorialistas piden recusar al juez por paralizar la exhumación de franco [url] [url] [url]
d6398aa27e5333292e356a36aca8ec20,FRANCO,0,"¿Viva España? Vaya extremista, oiga.
Repugnante noticia de El confidencial.

En @elconfidencial: Yusti, el juez que paraliza la exhumación de Franco: ¡Viva España!"" https://t.co/dw6cybAKQJ""",es,2,2,0,0,0,0,0,2,0,viva españa vaya extremista oiga repugnante noticia de el confidencial en [user] yusti el juez que paraliza la exhumación de franco viva españa [url]
482d3ddd5a89c35c12171830cf4f699e,FRANCO,0,"Y lo más interesante queda por venir; si no se realiza la exhumación por éste gobierno y llega a gobernar de nuevo el PP, Franco NO SALDRÁ DEL VALLE DE LOS CAÍDOS.",es,0,0,5,0,0,2,0,0,0,y lo más interesante queda por venir si no se realiza la exhumación por éste gobierno y llega a gobernar de nuevo el pp franco no saldrá del valle de los caídos
81d4de49a9a89e6ee902be15ec178c9b,FRANCO,0,El Gobierno no ve en peligro la exhumación de Franco pese al varapalo judicial https://t.co/Mv6asfhNyk,es,0,0,0,0,0,1,0,0,0,el gobierno no ve en peligro la exhumación de franco pese al varapalo judicial [url]
737c9b0a2102dc19abd41f7adc005e1e,FRANCO,0,"Si es que la paralización de la retirada de la momia del dictador es un auténtico disparate (fascista)... Un segundo juez rechaza suspender la licencia para exhumar a Franco: La actuación urbanística no implica lesión"" https://t.co/hK7QtGpVOE vía @eldiarioes""",es,0,0,0,0,0,1,1,2,1,si es que la paralización de la retirada de la momia del dictador es un auténtico disparate fascista un segundo juez rechaza suspender la licencia para exhumar a franco la actuación urbanística no implica lesión [url] vía [user]
9bc2f2d6af42f019bb4e03747848dba6,FRANCO,0,"NO FUÍSTEIS CAPACES DE GANARLE  DE VIVO, NI LE GANAREIS DE MUERTO. LO ESTAIS HACIENDO INMORTAL... https://t.co/8EUbANOK3Q",es,0,0,9,0,0,2,1,0,1,no fuísteis capaces de ganarle de vivo ni le ganareis de muerto lo estais haciendo inmortal [url]
4fe4ba6f2cd1f9cd657422bf3f9aff86,FRANCO,0,A propósito del derecho al honor (o no) de una sepultura pública y de la exhumación de Franco (1). https://t.co/h43w3H5EYT,es,0,0,0,0,0,1,0,0,0,a propósito del derecho al honor o no de una sepultura pública y de la exhumación de franco 1 [url]
71e53698f17acb16d2e9a4425385a767,FRANCO,0,Martín Pallín critica el auto que frena la exhumación de Franco: 'Hay una gravísima negligencia' https://t.co/fDbLjoSe62 vía @DebatAlRojoVivo,es,0,0,0,0,0,0,0,2,0,martín pallín critica el auto que frena la exhumación de franco hay una gravísima negligencia [url] vía [user]
859bd07ef5e3adcbb479f1577017384e,FRANCO,0,"Escandaloso es remover la historia, pactar con terroristas y golpistas y hechos de Andalucía. 🤔🇪🇸 #elecciones2019votoderechas  El Gobierno dice que la exhumación de Franco sigue su curso"" y ve ""escandalosa"" la actuación de la familia - Libertad Digital https://t.co/Dl4rTlncKK""",es,0,0,0,1,0,0,0,4,0,escandaloso es remover la historia pactar con terroristas y golpistas y hechos de andalucía cara_pensativa bandera_españa elecciones2019votoderechas el gobierno dice que la exhumación de franco sigue su curso y ve escandalosa la actuación de la familia libertad digital [url]
37b86e0513458eba69d89e1a08a83424,FRANCO,0,"¿Tiene autoridad el prior para negarse, pregunto?
El prior del Valle de los Caídos acatará la decisión de los tribunales y no del Gobierno sobre la exhumación de Franco https://t.co/6soQdYXVt5 vía @laSextaTV",es,0,2,0,0,0,1,0,0,0,tiene autoridad el prior para negarse pregunto el prior del valle de los caídos acatará la decisión de los tribunales y no del gobierno sobre la exhumación de franco [url] vía [user]
2b7eff753af622e52ee112ae24172524,FRANCO,0,"Esta mas que oscuro, es obstuso, que probablemente no sepa ni lo que es!
#SiguemeYTeSigoVOX
#EsHoraDeVox
Exhumación Franco: Gabriel Rufián cree que la decisión de paralizar la exhumación nos retrotrae a tiempos muy oscuros"" https://t.co/xywdRdYlH9""",es,1,0,0,0,0,2,0,2,0,esta mas que oscuro es obstuso que probablemente no sepa ni lo que es siguemeytesigovox eshoradevox exhumación franco gabriel rufián cree que la decisión de paralizar la exhumación nos retrotrae a tiempos muy oscuros [url]
8099e8358c3a9971a12d7fbd2a49b4a4,FRANCO,0,"Un juez que dice textualmente que la verdadera bandera de España es la bandera franquista, dice que la exhumación de Franco ahora no procede.",es,0,0,0,0,0,1,0,0,0,un juez que dice textualmente que la verdadera bandera de españa es la bandera franquista dice que la exhumación de franco ahora no procede
09d0848a7425a481cc1071ad7f3e2b05,FRANCO,0,El TSJM decidirá sobre la cascada de denuncias que pide frenar la exhumación de Franco https://t.co/O7PoWm7Qck,es,0,0,1,0,0,0,0,0,0,el tsjm decidirá sobre la cascada de denuncias que pide frenar la exhumación de franco [url]
822c20e89a04465041bdd4dde453df20,FRANCO,0,Sánchez se queda sin su política estrella: Paralizada por orden judicial la exhumación de Franco https://t.co/dxGyeHJ5g1 vía @Gaceta_es,es,0,0,0,0,0,1,0,0,0,sánchez se queda sin su política estrella paralizada por orden judicial la exhumación de franco [url] vía [user]
da811a095d7eae69c5618550e65c9783,FRANCO,0,@FuensantaLM Delgado como Sánchez están obcecados con la exhumación de Franco. Espero que no lo consigan,es,0,0,0,0,0,1,0,0,0,[user] delgado como sánchez están obcecados con la exhumación de franco espero que no lo consigan
e5e11c7ea654de87387904d247ca323c,FRANCO,0,"@sanchezcastejon Preparate que vienen curvas, porque si estas abusando de poder al exhumar a un muerto https://t.co/JHWKWoReNb",es,0,0,0,0,0,0,0,0,0,[user] preparate que vienen curvas porque si estas abusando de poder al exhumar a un muerto [url]
362425a1c83eb8584100e6fdee6e96f1,FRANCO,0,Freno a la exhumación de Franco https://t.co/Kgipx88dCs,es,0,0,0,0,0,0,0,0,0,freno a la exhumación de franco [url]
50aeda66c8e68d42ab58a3d4d9cf1c9d,FRANCO,0,"Los detalles del auto del patético juez franquista (¿uno de muchos?) que ha parado exhumar al dictador.

Se le nota demasiado que quiere dar el golpe de efecto de ser el defensor de Franco"".",es,0,2,0,0,0,0,0,1,0,los detalles del auto del patético juez franquista uno de muchos que ha parado exhumar al dictador se le nota demasiado que quiere dar el golpe de efecto de ser el defensor de franco
236e830fe10a9df8f30d18ed5b173368,FRANCO,0,"Que la misma demanda redactada tal cual sea presentada 17 veces ¿no es indiciario de algo irregular? Cómo poco ¿de un abuso del sistema judicial que no conlleva coste ni pena? ¿Cómo es eso posible? Ahí el CGPJ y Justicia deberían actuar. 

https://t.co/gN49RVd9vo",es,0,6,1,0,0,3,0,0,0,que la misma demanda redactada tal cual sea presentada 17 veces no es indiciario de algo irregular cómo poco de un abuso del sistema judicial que no conlleva coste ni pena cómo es eso posible ahí el cgpj y justicia deberían actuar [url]
23e7c5b9d1bc07f60e1a2526c222ad99,FRANCO,0,"Mi botella de champán, cada vez mas cerca. Un segundo juez rechaza suspender la licencia para exhumar a Franco: La actuación urbanística no implica lesión"" - https://t.co/QgQEbMQSD3""",es,0,0,0,0,0,1,0,2,0,mi botella de champán cada vez mas cerca un segundo juez rechaza suspender la licencia para exhumar a franco la actuación urbanística no implica lesión [url]
1df56ac627911444bb873ab79eb2bd65,FRANCO,0,"Los que están contentos porque un juez ha paralizado el permiso municipal para la exhumacion de Franco, de qué exactamente están tan contentos?",es,0,1,0,0,0,0,0,0,0,los que están contentos porque un juez ha paralizado el permiso municipal para la exhumacion de franco de qué exactamente están tan contentos
5cda8f5f82b9ee850535c40a297dcd2a,FRANCO,0,"Un exalto cargo de Aguirre, detrás de la suspensión de la exhumación de Franco https://t.co/tvXSpvZALE",es,0,0,0,0,0,0,0,0,0,un exalto cargo de aguirre detrás de la suspensión de la exhumación de franco [url]
45a8dc4ee30e11f17d9108f2ab316cdf,FRANCO,0,El último capítulo en el proceso de exhumación de Franco del Valle de los Caídos tiene visos de complicarse https://t.co/GQgq6x7kX8,es,0,0,0,0,0,0,0,0,0,el último capítulo en el proceso de exhumación de franco del valle de los caídos tiene visos de complicarse [url]
277b89338ba74d6de835773e30af2e39,FRANCO,0,► ¿Suspenden exhumación de Francisco Franco? El caso da un giro inesperado https://t.co/LaOsjUlO5V https://t.co/5rOxGA4fcs,es,0,2,0,0,0,0,0,0,0,suspenden exhumación de francisco franco el caso da un giro inesperado [url] [url]
18f9a8347cfc57fa865535e828707e58,FRANCO,0,"La PSOE, y potemos Unidos o partidos, les mola el puto dictador Maduro.y quieren la exhumación de Franco",es,0,0,1,0,0,0,0,0,0,la psoe y potemos unidos o partidos les mola el puto dictador maduro y quieren la exhumación de franco
250c10d1ba89d76b048b8351e118cc65,FRANCO,0,"Un gran hilo.

Altamente recomendable.

#franco #exhumación https://t.co/blnipyXgGN",es,0,0,0,0,0,0,0,0,0,un gran hilo altamente recomendable franco exhumación [url]
d1e514bd5dd2295a8791aebc82ee80ea,FRANCO,0,"Consideraciones a la pretensión de exhumación de Francisco Franco 

https://t.co/V4T5zJ9vzq vía @ElDiestro_",es,0,0,0,0,0,0,0,0,0,consideraciones a la pretensión de exhumación de francisco franco [url] vía [user]
9cc56ae14ae1d9c171ef4340a47a2f59,FRANCO,0,"Luego dicen q no añoran el franquismo,  lo llevan en la sangre.
Un exalto cargo de Aguirre, detrás de la suspensión de la exhumación de Franco https://t.co/8CK0NKxEQJ",es,0,0,0,0,0,1,0,0,0,luego dicen q no añoran el franquismo lo llevan en la sangre un exalto cargo de aguirre detrás de la suspensión de la exhumación de franco [url]
640f845a01e8cc87e89685a8cb0a7e6e,FRANCO,0,"Cómo se puede perder tanto tiempo en esta causa. Estamos hablando de de un dictador, o no?
El Tribunal Superior de Justicia de Madrid decidirá sobre la cascada de denuncias que pide frenar la exhumación de Franco https://t.co/uQCfqUqo4G vía @eldiario_Madrid",es,0,1,0,0,0,1,0,0,0,cómo se puede perder tanto tiempo en esta causa estamos hablando de de un dictador o no el tribunal superior de justicia de madrid decidirá sobre la cascada de denuncias que pide frenar la exhumación de franco [url] vía [user]
6fd8073fdd7ec931396e85b630e7d4e8,FRANCO,0,"@sanchezcastejon @lopez_vallet @Congreso_Es Pues vas a llevar razón.
Uniendo como tú gobierno hace:
Aceptando el documento de los 21 puntos, no he dicho que lo hayas pactado, con solo cogerlo ya estabas separando españoles.
Con la chapuza de la exhumación de Franco, no he dicho que no se deba sacar.
Con admitir los votos..",es,0,0,0,0,0,3,0,0,0,[user] [user] [user] pues vas a llevar razón uniendo como tú gobierno hace aceptando el documento de los 21 puntos no he dicho que lo hayas pactado con solo cogerlo ya estabas separando españoles con la chapuza de la exhumación de franco no he dicho que no se deba sacar con admitir los votos
40dcb3193a84ff32387900647be626f4,FRANCO,0,"Para detener la exhumación de Franco, el fachonalismo ha probado en 17 tribunales. Hasta que uno ha dicho que sí. Si esto no es abuso de derecho...",es,0,0,0,0,0,1,1,0,1,para detener la exhumación de franco el fachonalismo ha probado en 17 tribunales hasta que uno ha dicho que sí si esto no es abuso de derecho
a7cf4d1ebebc751b989cc50ddc68c7de,FRANCO,0,¿Qué pasará al final? 🤔👩‍⚖️ Tres jueces han rechazado en 15 autos suspender la licencia de obra para la exhumación de #Franco https://t.co/6Q29SfsGxw,es,0,2,0,3,0,0,0,0,0,qué pasará al final cara_pensativa fiscal_mujer tres jueces han rechazado en 15 autos suspender la licencia de obra para la exhumación de franco [url]
bb4ff8357e12161263d27280974cf2da,FRANCO,0,¿No te llama la atención la cantidad de garantías que tiene del Estado la familia Franco en el proceso de exhumación del dictador y la inexistencia de apoyo a las víctimas de la dictadura que buscan a sus seres queridos desaparecidos?,es,0,2,0,0,0,1,0,0,0,no te llama la atención la cantidad de garantías que tiene del estado la familia franco en el proceso de exhumación del dictador y la inexistencia de apoyo a las víctimas de la dictadura que buscan a sus seres queridos desaparecidos
a3d16e9591786dcef13ce9f63b43ce92,FRANCO,0,"El Ayuntamiento de San Lorenzo de El Escorial, molesto por enterarse por la prensa de la suspensión del informe sobre la exhumación de Franco https://t.co/AVNnUCFMPW https://t.co/hGSAn2v8v9",es,0,0,0,0,0,0,0,0,0,el ayuntamiento de san lorenzo de el escorial molesto por enterarse por la prensa de la suspensión del informe sobre la exhumación de franco [url] [url]
a4d2cdab11c5a3af4d0724ab6e6f1ec3,FRANCO,0,El TSJ de Madrid informa: los Juzgados de lo contencioso-administrativo de Madrid están tramitando hasta ¡17! procedimientos en los que se demanda la suspensión cautelar de la licencia administrativa para la exhumación de los restos mortales de Franco en el Valle de los Caídos.,es,2,0,1,0,0,0,0,0,0,el tsj de madrid informa los juzgados de lo contencioso administrativo de madrid están tramitando hasta 17 procedimientos en los que se demanda la suspensión cautelar de la licencia administrativa para la exhumación de los restos mortales de franco en el valle de los caídos
499fdb4ce5129606fc537d67c9d14548,FRANCO,0,"EXCLUSIVA | Un segundo juez rechaza suspender la licencia para exhumar a Franco: La actuación urbanística no implica lesión"" https://t.co/9SnqUhPGYR vía @eldiarioes""",es,0,0,1,0,0,1,0,2,0,exclusiva un segundo juez rechaza suspender la licencia para exhumar a franco la actuación urbanística no implica lesión [url] vía [user]
6a6e97cffe398a42185e0b8ca22b750b,FRANCO,0,Ahora resulta que el retraso de la exhumación  de Franco es de @sanchezcastejon  según  Irene Montero.....manda webs...así mal vamos.,es,0,0,0,0,0,0,2,0,2,ahora resulta que el retraso de la exhumación de franco es de [user] según irene montero manda webs así mal vamos
76129da65362dd1392851bd48cb29956,FRANCO,0,"Así es el juez Bastarreche, que ha paralizado la exhumación de Franco: hijo de franquista, conocido por sus... https://t.co/PMUjegfGFE",es,0,0,0,0,0,0,1,0,1,así es el juez bastarreche que ha paralizado la exhumación de franco hijo de franquista conocido por sus [url]
617627f23bfc314ad7414c0bf3c3a900,FRANCO,0,El TSJM decidirá sobre la cascada de denuncias que pide frenar la exhumación de Franco https://t.co/FSEl3c9Bz6 vía @eldiarioes https://t.co/iK515eDdmR,es,0,0,1,0,0,0,0,0,0,el tsjm decidirá sobre la cascada de denuncias que pide frenar la exhumación de franco [url] vía [user] [url]
5896b1869eaa37993333490985da8c33,FRANCO,0,"Exhumación Franco: Estrasburgo obligará a Sánchez a demostrar que la exhumación de Franco no es abuso de poder"" https://t.co/FypJxaHIdA""",es,0,0,0,0,0,1,0,2,0,exhumación franco estrasburgo obligará a sánchez a demostrar que la exhumación de franco no es abuso de poder [url]
eec8edaa2fd45eeb7563282692ca8b69,FRANCO,0,"Irene #Montero lamenta la torpeza"" y ""poca seriedad"" del Gobierno en la exhumación de los restos de #Franco https://t.co/B0Ooebv9zz https://t.co/Dcwtb6C9vL""",es,0,0,0,0,0,0,0,4,0,irene montero lamenta la torpeza y poca seriedad del gobierno en la exhumación de los restos de franco [url] [url]
91c8e2bdfacfe7999d1da70d53bb0d4f,FRANCO,0,Decenas de denuncias coordinadas usan un informe de la Fundación Franco para frenar la exhumación https://t.co/ieVJeQF1OG Vía @eldiarioes,es,0,0,0,0,0,0,0,0,0,decenas de denuncias coordinadas usan un informe de la fundación franco para frenar la exhumación [url] vía [user]
14c526bed7cb948afb87f78807af1157,FRANCO,0,El TSJM decidirá sobre la cascada de denuncias que pide frenar la exhumación de Franco https://t.co/ANjS6ZkqcK,es,0,0,1,0,0,0,0,0,0,el tsjm decidirá sobre la cascada de denuncias que pide frenar la exhumación de franco [url]
adb2575a9824ae11bcd03f4027045165,FRANCO,0,"Un segundo juez rechaza suspender la licencia para exhumar a Franco: La actuación urbanística no implica lesión"" https://t.co/CelDzNenrN""",es,0,0,0,0,0,1,0,2,0,un segundo juez rechaza suspender la licencia para exhumar a franco la actuación urbanística no implica lesión [url]
367f21e37c8468f0945f26a2a7723976,FRANCO,0,Vea  lo que tienen planeado respecto a la exhumación de Francisco Franco https://t.co/sI8WLWDLuJ https://t.co/XttqCO0NCm,es,0,0,0,0,0,0,0,0,0,vea lo que tienen planeado respecto a la exhumación de francisco franco [url] [url]
f2abe03c1964238bda6e6743bd351659,FRANCO,0,"El juez deja constancia en su auto que, a día de hoy, «no se aprecia especial urgencia» en el caso de la exhumación de Franco, ya que lleva enterrado en el Valle de los Caídos más de 43 años.»

https://t.co/YMSmrSudK3",es,0,0,0,0,0,1,0,3,0,el juez deja constancia en su auto que a día de hoy no se aprecia especial urgencia en el caso de la exhumación de franco ya que lleva enterrado en el valle de los caídos más de 43 años [url]
dd8f2d1730e614d3f45a75c5b8ccc477,FRANCO,0,"Un segundo juez rechaza suspender la licencia para exhumar a Franco: La actuación urbanística no implica lesión"" https://t.co/DalmC15kwe""",es,0,0,0,0,0,1,0,2,0,un segundo juez rechaza suspender la licencia para exhumar a franco la actuación urbanística no implica lesión [url]
ee5e1943e8dca9fd8a8978300d3e3ba5,FRANCO,0,► ¿Suspenden exhumación de Francisco Franco? El caso da un giro inesperado https://t.co/LaOsjUlO5V https://t.co/ULP8F00doD,es,0,2,0,0,0,0,0,0,0,suspenden exhumación de francisco franco el caso da un giro inesperado [url] [url]
9dd74b1141bb13c292db65aef9aeee99,FRANCO,0,"OPINIÓN | Franco ha muerto, el franquismo no tanto, por Ignacio Escolar, @iescolar https://t.co/EoYEWCvd67",es,0,0,1,0,0,1,0,0,0,opinión franco ha muerto el franquismo no tanto por ignacio escolar [user] [url]
df4f882a7359b4af792e41b79f68d5d7,FRANCO,0,"Franco ha muerto, el franquismo no tanto https://t.co/TcHdueq81L",es,0,0,0,0,0,1,0,0,0,franco ha muerto el franquismo no tanto [url]
94cb9b34b2c9271e3729f2121fd2316f,FRANCO,0,"Un segundo juez rechaza suspender la licencia para exhumar a Franco: La actuación urbanística no implica lesión""      https://t.co/OpUqZKsNkM""",es,0,0,0,0,0,1,1,2,0,un segundo juez rechaza suspender la licencia para exhumar a franco la actuación urbanística no implica lesión [url]
5be8c7e16929b00e38a7395786034dd2,FRANCO,0,La Justicia suspende la exhumación de Franco por deficiencias en el proyecto del Gobierno https://t.co/Nnfxuk6blN vía @ABCespana,es,0,0,0,0,0,0,0,0,0,la justicia suspende la exhumación de franco por deficiencias en el proyecto del gobierno [url] vía [user]
63c65e5ae2021fa689cfef330caa8d13,FRANCO,0,Sánchez se queda sin su política estrella: Paralizada por orden judicial la exhumación de Franco https://t.co/1Vp71QSJR4 via @Gaceta_es,es,0,0,0,0,0,1,0,0,0,sánchez se queda sin su política estrella paralizada por orden judicial la exhumación de franco [url] via [user]
214bbc1f12bda4674eca48f1628334bf,FRANCO,0,"Sánchez siguen con la exhumación de Franco, lo que sería imposible si el Capón de Pontevedra hubiese derogado la Memoria Hca
Pedir cojones al pp es pedir peras al olmo, se cagan como mirlos
Los males de España son fruto de la cobardía pepera
@marianorajoy @zoidoJI @Rafael_belgom https://t.co/1nC5W4HBYf",es,0,0,0,0,0,0,0,0,0,sánchez siguen con la exhumación de franco lo que sería imposible si el capón de pontevedra hubiese derogado la memoria hca pedir cojones al pp es pedir peras al olmo se cagan como mirlos los males de españa son fruto de la cobardía pepera [user] [user] [user] [url]
8d1e05c7cba1bb602e42af76941f5b6d,FRANCO,0,Sánchez se queda sin su política estrellada: Paralizada por orden judicial la exhumación de Franco https://t.co/1Vp71QSJR4 via @Gaceta_es,es,0,0,0,0,0,1,0,0,0,sánchez se queda sin su política estrellada paralizada por orden judicial la exhumación de franco [url] via [user]
4e56b023eca7bc35417d2209242d972a,FRANCO,0,"Así es el juez Bastarreche, que ha paralizado la exhumación de Franco: hijo de franquista, conocido por sus actos contra la ley de Memoria Histórica https://t.co/zBr6PSDCdE",es,0,0,0,0,0,0,0,0,0,así es el juez bastarreche que ha paralizado la exhumación de franco hijo de franquista conocido por sus actos contra la ley de memoria histórica [url]
8f57c06449af3970b58f9dd2cac5375e,FRANCO,0,El TSJM decidirá sobre la cascada de denuncias que pide frenar la exhumación de Franco https://t.co/QkkumI8gGi vía @eldiarioes https://t.co/41dCTP65ul,es,0,0,1,0,0,0,0,0,0,el tsjm decidirá sobre la cascada de denuncias que pide frenar la exhumación de franco [url] vía [user] [url]
0bd8dcbdc838efae087726e04df3f918,FRANCO,0,"Yusty, el juez que paraliza la exhumación de Franco: ¡Viva España!"" https://t.co/4rpYSSEng2""",es,2,0,0,0,0,0,0,2,0,yusty el juez que paraliza la exhumación de franco viva españa [url]
9853563bcec9446f9c82fe16b3e3eff5,FRANCO,0,Juzgados madrileños tramitan 17 procedimientos por la exhumación de Franco https://t.co/gnweGEXUks vía @eldiarioes,es,0,0,0,0,0,0,0,0,0,juzgados madrileños tramitan 17 procedimientos por la exhumación de franco [url] vía [user]
5fcdf7c490eb5ba2398252faf52b7482,FRANCO,0,"En @elconfidencial: Yusti, el juez que paraliza la exhumación de Franco: ¡Viva España!"" https://t.co/wVzBZAvQTT UN PAÍS PARA... LLORAR...! QUÉ PENA...! QUÉ TRISTEZA...! QUÉ ASCO...!""",es,6,0,9,0,0,0,5,2,5,en [user] yusti el juez que paraliza la exhumación de franco viva españa [url] un país para llorar qué pena qué tristeza qué asco
6a9baddff8be1417a770457607b9ca4d,FRANCO,0,Un juez paraliza la exhumación de Franco... ¡por fallos en la licencia de obras! https://t.co/fx2GMQofQk vía @ReligionDigit,es,2,0,0,0,0,0,1,0,1,un juez paraliza la exhumación de franco por fallos en la licencia de obras [url] vía [user]
e484c6528b65b55c1d3cd82992d0c228,FRANCO,0,El TSJM decidirá sobre la cascada de denuncias que pide frenar la exhumación de Franco https://t.co/w6pLXNDI3k,es,0,0,1,0,0,0,0,0,0,el tsjm decidirá sobre la cascada de denuncias que pide frenar la exhumación de franco [url]
1265e7512a71c31dc27a25437bf6e2de,FRANCO,0,Un juez paraliza las obras de exhumación de Franco https://t.co/igqyL6tAkn https://t.co/AUmutZnQNl,es,0,0,0,0,0,0,0,0,0,un juez paraliza las obras de exhumación de franco [url] [url]
5ea6bc522cb86893cee877e6d512284f,FRANCO,0,La familia Franco lanza una avalancha de demandas para bloquear la exhumación https://t.co/erG9phcLHy,es,0,0,0,0,0,0,0,0,0,la familia franco lanza una avalancha de demandas para bloquear la exhumación [url]
a7ed7bba8c678aaac0734491661248fe,FRANCO,0,El juez Yusti Bastarreche suspende la exhumación del genocida Franco. Independientemente de un sucio fascista e hijo de un miserable militar franquista. Es Gilipollas nato; tal y como demuestran sus alegaciones.,es,0,0,0,0,0,0,0,0,0,el juez yusti bastarreche suspende la exhumación del genocida franco independientemente de un sucio fascista e hijo de un miserable militar franquista es gilipollas nato tal y como demuestran sus alegaciones
e971b2d48cb9fa48fd3159a962321dad,FRANCO,0,"En @elconfidencial: Yusti, el juez que paraliza la exhumación de Franco: ¡Viva España!"" https://t.co/NefxjRFrL7""",es,2,0,0,0,0,0,0,2,0,en [user] yusti el juez que paraliza la exhumación de franco viva españa [url]
fee7919030eb327ea352602a7eff92ae,FRANCO,0,"Estrasburgo obligará a Sánchez a demostrar que la exhumación de Franco no es abuso de poder"" https://t.co/uGkE4idWdx""",es,0,0,0,0,0,1,0,2,0,estrasburgo obligará a sánchez a demostrar que la exhumación de franco no es abuso de poder [url]
300ebbcce57531bbee8b5cba3a8f9a42,FRANCO,0,El Tribunal Superior de Justicia de Madrid decidirá sobre la cascada de denuncias que pide frenar la exhumación de Franco https://t.co/iDvDm9evtK vía @eldiario_Madrid,es,0,0,0,0,0,0,0,0,0,el tribunal superior de justicia de madrid decidirá sobre la cascada de denuncias que pide frenar la exhumación de franco [url] vía [user]
a5c0c3f202950dc27a74def0e6d85663,FRANCO,0,El Gobierno sigue adelante con la exhumación de Franco pese a las trabas judiciales https://t.co/cBl2e51U7V https://t.co/sjq589ctye,es,0,0,0,0,0,0,0,0,0,el gobierno sigue adelante con la exhumación de franco pese a las trabas judiciales [url] [url]
8a0d0eb402ada8fbae01629ec4729261,FRANCO,0,"En @elconfidencial: Yusti, el juez que paraliza la exhumación de Franco: ¡Viva España!"" https://t.co/g9cthwHLiQ""",es,2,0,0,0,0,0,0,2,0,en [user] yusti el juez que paraliza la exhumación de franco viva españa [url]
ee96cfad4f77491b13f9fcb84735064e,FRANCO,0,"De muy poco va a servir la exhumación de los restos del genocida #Franco, si no son para tirarlos al océano, para que ese fascismo español empeñado en la broma de autodenominarse democrático constitucional, no tenga donde ir a cometer el repugnante hecho de honrar a tal criminal",es,0,0,0,0,0,2,0,0,0,de muy poco va a servir la exhumación de los restos del genocida franco si no son para tirarlos al océano para que ese fascismo español empeñado en la broma de autodenominarse democrático constitucional no tenga donde ir a cometer el repugnante hecho de honrar a tal criminal
709e7715e77b0f8462a8c4077a30aeb1,FRANCO,0,Catalunya y la Memoria Histórica: las batallas del juez que trata de evitar la exhumación de Franco https://t.co/jJQmtjVxuW,es,0,0,0,0,0,0,0,0,0,catalunya y la memoria histórica las batallas del juez que trata de evitar la exhumación de franco [url]
9c7c9a0db953ae8c0e5b66d7b6a3a2d1,FRANCO,0,"En @elconfidencial: Yusti, el juez que paraliza la exhumación de Franco: ¡Viva España!"" https://t.co/fOWMJ4tGog🇪🇸🇪🇸🇪🇸""",es,2,0,0,0,0,0,0,2,0,en [user] yusti el juez que paraliza la exhumación de franco viva españa [url]
a682c85f8a18df96bffff3b27d377c35,FRANCO,0,Decenas de denuncias coordinadas usan un informe de la Fundación Franco para frenar la exhumación https://t.co/u1JfTo86Oe vía @eldiarioes,es,0,0,0,0,0,0,0,0,0,decenas de denuncias coordinadas usan un informe de la fundación franco para frenar la exhumación [url] vía [user]
d8cecb97ef19b4e9429c408235e51690,FRANCO,0,"EXCLUSIVA | Un segundo juez rechaza suspender la licencia para exhumar a Franco: La actuación urbanística no implica lesión"" https://t.co/DjRzqlzxMj vía @eldiarioes""",es,0,0,1,0,0,1,0,2,0,exclusiva un segundo juez rechaza suspender la licencia para exhumar a franco la actuación urbanística no implica lesión [url] vía [user]
eed07f5ee28c74327e6312d8e7fe210b,FRANCO,0,"Oir la palabra PATRIA pronunciada por algunos,me eriza la piel.
El juez que ha suspendido la exhumación de Franco escribió un artículo muy crítico con la Ley de Memoria Histórica https://t.co/oW5DH1a7XA vía @20m",es,0,0,1,0,0,0,0,0,0,oir la palabra patria pronunciada por algunos me eriza la piel el juez que ha suspendido la exhumación de franco escribió un artículo muy crítico con la ley de memoria histórica [url] vía [user]
e908fb985e195aabda122a4d5a980425,FRANCO,0,"Podemos lamenta la torpeza"" y ""poca seriedad"" del Gobierno en la exhumación de Franco https://t.co/lqx7Jh26e2""",es,0,0,0,0,0,0,0,4,0,podemos lamenta la torpeza y poca seriedad del gobierno en la exhumación de franco [url]
3746a3fdfca8f032b6b5753f0ea07926,FRANCO,0,"Exhumación Franco: Estrasburgo obligará a Sánchez a demostrar que la exhumación de Franco no es abuso de poder"" https://t.co/9hJDlsBob0""",es,0,0,0,0,0,1,0,2,0,exhumación franco estrasburgo obligará a sánchez a demostrar que la exhumación de franco no es abuso de poder [url]
af18721d70366d2f392f86284cb6d345,FRANCO,0,"La memoria histórica es una maldad de Zapatero y el socialnacionalismo"" y otras nueve frases controvertidas del juez que torpedea la exhumación de Franco https://t.co/tkjUwSQ53n vía @eldiarioes""",es,0,0,0,0,0,0,0,2,0,la memoria histórica es una maldad de zapatero y el socialnacionalismo y otras nueve frases controvertidas del juez que torpedea la exhumación de franco [url] vía [user]
4bafcb79d4626d08b6349a4cd392361a,FRANCO,0,"OPINIÓN | Franco ha muerto, el franquismo no tanto, por Ignacio Escolar, @iescolar https://t.co/leX0NtGsln",es,0,0,1,0,0,1,0,0,0,opinión franco ha muerto el franquismo no tanto por ignacio escolar [user] [url]
b699313ba2f872728cdf4e93c43f7d19,FRANCO,0,"EXCLUSIVA | Un segundo juez rechaza suspender la licencia para exhumar a Franco: La actuación urbanística no implica lesión"" https://t.co/nLHoKcsNpt vía @eldiarioes""",es,0,0,1,0,0,1,0,2,0,exclusiva un segundo juez rechaza suspender la licencia para exhumar a franco la actuación urbanística no implica lesión [url] vía [user]
f8f654df42a8e095df72690b6dd21f24,GREZZI,1,"@AlbiesN @Made_in_Pego @Franxapa @valenciaenbici @monicaoltra Cierto, dígale a su amigo Grezzi que proponga eliminar las fallas por contaminantes. 
Y ahora la frase “no hay huevos”",es,0,0,0,0,0,1,0,2,0,[user] [user] [user] [user] [user] cierto dígale a su amigo grezzi que proponga eliminar las fallas por contaminantes y ahora la frase no hay huevos
b20bbfb25b55ccc8cb5b434bed2312f2,GREZZI,1,@progresia @Made_in_Pego @Franxapa @valenciaenbici @monicaoltra ¡¡Grezzi estaría tan bien arreglando Nápoles!! Nos ha traído todo el caos napolitano pero sin encanto.,es,4,0,0,0,0,1,0,0,0,[user] [user] [user] [user] [user] grezzi estaría tan bien arreglando nápoles nos ha traído todo el caos napolitano pero sin encanto
6c1e1ce39687efe0c957f36a9cb41a3c,GREZZI,1,"@AbdonMesado @ArtCheca @Tonicanto1 @lasprovincias Vale campeon....valencia esta superbien,los carriles bici....superguay....y  grezzi....súper molón",es,0,0,0,0,0,0,4,0,4,[user] [user] [user] [user] vale campeon valencia esta superbien los carriles bici superguay y grezzi súper molón
1b2c86da45017e887938033fbe0be4c8,GREZZI,1,@Barchinodea @giuseppegrezzi Cada vez tengo más claro que el fin último del dimoni Grezzi es acabar con la civilización occidental. ¡Cuánta razón tiene Las Provincias!,es,2,0,0,0,0,0,0,0,0,[user] [user] cada vez tengo más claro que el fin último del dimoni grezzi es acabar con la civilización occidental cuánta razón tiene las provincias
238bcc68d76921510d913068ab367e45,GREZZI,1,@biciesvida @Inma_Cervera @Eipoch @bufanada @putababilonia @JaumeICastigaor @giuseppegrezzi El trasporte público en Valencia es todo menos eficiente. Y Grezzi se vanagloria de haber hecho que haya muchos más atascos y la gente tarde el doble q antes en hacer el mismo trayecto con coche privado,es,0,0,0,0,0,0,0,0,0,[user] [user] [user] [user] [user] [user] [user] el trasporte público en valencia es todo menos eficiente y grezzi se vanagloria de haber hecho que haya muchos más atascos y la gente tarde el doble q antes en hacer el mismo trayecto con coche privado
c3be0250ec21dafc4f7e2cd6fc8763fa,GREZZI,1,@Fginer Déjale un velodromo a @giuseppegrezzi y te lo convertirá en un Jurassic Park.. Déjale #Valencia a @giuseppegrezzi y a martillazos y ratoneras te la destrozara. #26DeMayoGameOver 👉🚪 #Grezzi al salir cierra la puerta y no vuelvas. Gracie mile 👋👋,es,0,0,0,4,0,1,0,0,0,[user] déjale un velodromo a [user] y te lo convertirá en un jurassic park déjale valencia a [user] y a martillazos y ratoneras te la destrozara 26demayogameover dorso_de_mano_con_índice_a_la_derecha puerta grezzi al salir cierra la puerta y no vuelvas gracie mile mano_saludando mano_saludando
c41da101b42ecddc6a0792b5d4bb21b7,GREZZI,1,"El hilo⬇️

GREZZI  el creador de la #InmovilidadInsosrenible https://t.co/bffttZLUQl",es,0,0,1,1,0,0,0,0,0,el hilo flecha_hacia_abajo grezzi el creador de la inmovilidadinsosrenible [url]
bca0a292f96d0794ba7dcfac3c08872a,GREZZI,1,@ValenciaEscucha Grezzi no escucha,es,0,0,0,0,0,1,0,0,0,[user] grezzi no escucha
10be699d300e5c39d9438673ad367cd5,GREZZI,1,"Los señores Ribò y Grezzi quieren que vuelvan los caballos a Valencia o los carros, todo menos ir en coche.👇🏻👇🏻👇🏻👇🏻👇🏻👇🏻 https://t.co/B0AJxFjcwU",es,0,0,0,12,0,0,0,0,0,los señores ribò y grezzi quieren que vuelvan los caballos a valencia o los carros todo menos ir en coche dorso_de_mano_con_índice_hacia_abajo_tono_de_piel_claro dorso_de_mano_con_índice_hacia_abajo_tono_de_piel_claro dorso_de_mano_con_índice_hacia_abajo_tono_de_piel_claro dorso_de_mano_con_índice_hacia_abajo_tono_de_piel_claro dorso_de_mano_con_índice_hacia_abajo_tono_de_piel_claro dorso_de_mano_con_índice_hacia_abajo_tono_de_piel_claro [url]
bbef9867d3a73e4331bf82b43e337640,GREZZI,1,Un ciudadano de Ruzafa recoge firmas para darle a @giuseppegrezzi una pensión vitalicia si se vuelve a Italia https://t.co/iEL61QrVI4 @rselfa66 @change_es @compromis @AjuntamentVLC,es,0,0,0,0,0,0,0,0,0,un ciudadano de ruzafa recoge firmas para darle a [user] una pensión vitalicia si se vuelve a italia [url] [user] [user] [user] [user]
973eeacd9520b10e04a61fa379970b93,GREZZI,1,"@ValenciaEscucha Se puede ser un inútil, un muy inútil, un muy muy inútil y Grezzi. Diossss hay que librarse de estos pajarracos",es,0,0,0,0,0,0,1,0,0,[user] se puede ser un inútil un muy inútil un muy muy inútil y grezzi dioss hay que librarse de estos pajarracos
b63eabed8d62726a75b5f7db2b2ef963,GREZZI,1,"@EbikeGranada @josepbartual @levante_emv La actividad portuaria no deja de crecer década tras década en Valencia. Más actividad = más buques = más contenedores = más camiones = más contaminación. Pero la culpa es de Grezzi, vale. https://t.co/icAEiLiFwt",es,0,0,0,0,0,1,0,0,0,[user] [user] [user] la actividad portuaria no deja de crecer década tras década en valencia más actividad más buques más contenedores más camiones más contaminación pero la culpa es de grezzi vale [url]
4e345569812ddf7c1058e5f90eb0b10a,GREZZI,1,Recogen firmas para darle a Grezzi una pensión vitalicia si se vuelve a Italia - ESdiario. https://t.co/mEcLhQfL8F,es,0,0,0,0,0,0,0,0,0,recogen firmas para darle a grezzi una pensión vitalicia si se vuelve a italia esdiario [url]
9781a0de355e84f2517c7d4193ca5147,GREZZI,1,"@Atzucac2 La demencia será contagiosa o quizá Grezzi levanta pasiones, seguro que ya te habrás dado cuenta",es,0,0,0,0,0,0,0,0,0,[user] la demencia será contagiosa o quizá grezzi levanta pasiones seguro que ya te habrás dado cuenta
5419eade895975e79c97df3fa4cae35d,GREZZI,1,"@HOchoa_ @A_Segura_ @Bicicleto_ZGZ @ZGZenbici @azuvemp @AceraPeatonal @MiguelSastref @zgzciudadana @Zgzenlaonda @PedaleaZaragoza @BiciSinEdadZgz @LaCicleria Sin una masa crítica, es difícil convencer a políticos para que hagan mucho. Y más viendo lo particularmente antibici que son bastantes estratos de la población de zgz.

O eso, o un Grezzi.",es,0,0,0,0,0,1,0,0,0,[user] [user] [user] [user] [user] [user] [user] [user] [user] [user] [user] [user] sin una masa crítica es difícil convencer a políticos para que hagan mucho y más viendo lo particularmente antibici que son bastantes estratos de la población de zgz o eso o un grezzi
3d468716c2de41c3afffed1bf30a74e9,GREZZI,1,¿Una hora antes? Una fórmula válida solo para desfaenaos y Grezzi https://t.co/Jd4QXUCILa,es,0,2,0,0,0,0,0,0,0,una hora antes una fórmula válida solo para desfaenaos y grezzi [url]
dfcb9bc2cb0f51bf3b226fcb664227ec,GREZZI,1,"Tenemos que hacer algo con los carritos de supermercado abandonados. No podemos permitirlo. Grezzi, parking y carril para ellos? https://t.co/nJ3POY92YS",es,0,1,0,0,0,1,0,0,0,tenemos que hacer algo con los carritos de supermercado abandonados no podemos permitirlo grezzi parking y carril para ellos [url]
d5b222a685d2487b2fe9b42eaa3a4a6c,GREZZI,1,@Elies_IbdAm @giuseppegrezzi ¿Quién te dice que yo sea valenciano? ¡Qué mal lleváis que os corrijan! Al final resultará que Grezzi escribe bien...,es,2,2,0,0,0,0,1,0,1,[user] [user] quién te dice que yo sea valenciano qué mal lleváis que os corrijan al final resultará que grezzi escribe bien
7bde52e2a9898436ffcf7e4f17a2da79,GREZZI,1,"Peppino Grezzi impondrá una antelación de 1 hora para la contratación de los VTC.
¿Qué ciudad española va a ser la próxima en quedarse sin servicio VTC? Adivinen.... https://t.co/O9jf8yPgp8",es,0,2,2,0,0,1,1,0,1,peppino grezzi impondrá una antelación de 1 hora para la contratación de los vtc qué ciudad española va a ser la próxima en quedarse sin servicio vtc adivinen [url]
813d86b36982b05b4d37a83a80974ea2,GREZZI,1,"Maldito Grezzi, que nos cerró la puerta a Hogwarts para ciclistas. ¿Ahora cómo vamos al colegio a aprender magia? https://t.co/TMHhbay0SH",es,0,2,0,0,0,0,0,0,0,maldito grezzi que nos cerró la puerta a hogwarts para ciclistas ahora cómo vamos al colegio a aprender magia [url]
214e6eb8c994605ae667b66c70ec896d,GREZZI,1,"🚕 @giuseppegrezzi #Valencia acuerda con el taxi fijar UNA HORA de PRECONTRATACIÓN para los VTC 🚕
👉 Menos mal #Grezzi que NO te ponen a dirigir el AEROPUERTO ✈️ Nos haces ir 3 DÍAS antes del VUELO.
👇👇
#TripartitoRuinaValenciana 👎
#SoyGrezziConDos🥚🥚
#26DeMayoGameOver 👉🚪 https://t.co/nV5EmWtCKD",es,0,0,7,11,0,1,0,0,0,taxi [user] valencia acuerda con el taxi fijar una hora de precontratación para los vtc taxi dorso_de_mano_con_índice_a_la_derecha menos mal grezzi que no te ponen a dirigir el aeropuerto avión nos haces ir 3 días antes del vuelo dorso_de_mano_con_índice_hacia_abajo dorso_de_mano_con_índice_hacia_abajo tripartitoruinavalenciana pulgar_hacia_abajo soygrezzicondos huevo huevo 26demayogameover dorso_de_mano_con_índice_a_la_derecha puerta [url]
f2dfecdf80347394937ed0de2f150eec,GREZZI,1,@elmundocv Grezzi se va a llevar una buena demanda de Uber y va a tener que vender su bici con motor para pagarla,es,0,0,0,0,0,0,0,0,0,[user] grezzi se va a llevar una buena demanda de uber y va a tener que vender su bici con motor para pagarla
cd62a798170803569da54f17bc36be7d,GREZZI,1,@vicentsempere Tal vez tenga yo mala suerte y me encuentre a diario en atascos que antes no existían. Tal vez todos los que estamos ahí parados lo imaginamos. Tal vez Grezzi es un genio y nosotros nos lo inventamos.,es,0,0,0,0,0,1,0,0,0,[user] tal vez tenga yo mala suerte y me encuentre a diario en atascos que antes no existían tal vez todos los que estamos ahí parados lo imaginamos tal vez grezzi es un genio y nosotros nos lo inventamos
94b7575ffde31d59b503fb5d8a68a746,GREZZI,1,"@joseplmarin Ya, yo he pasado a las 5 de la mañana y tampoco había atasco. Grezzi ha acertado, una vez más.",es,0,0,0,0,0,1,0,0,0,[user] ya yo he pasado a las 5 de la mañana y tampoco había atasco grezzi ha acertado una vez más
2d44028addfba62952a4ff7278647ffe,GREZZI,1,¡Gracias Ribó y Grezzi por abocarnos a ser una ciudad del siglo pasado! https://t.co/V1MskGIFRS,es,2,0,0,0,0,0,0,0,0,gracias ribó y grezzi por abocarnos a ser una ciudad del siglo pasado [url]
dfeaf1cd206585061a25d018f780a3eb,GREZZI,1,A Joan Ribó: Envío de Grezzi de vuelta a Italia https://t.co/9sOBEfzydv vía @change_es,es,0,0,0,0,0,0,0,0,0,a joan ribó envío de grezzi de vuelta a italia [url] vía [user]
d6263ffa38f87c55c15c53b6a11e5018,GREZZI,1,Recogen firmas para darle a Grezzi una pensión vitalicia si se vuelve a Italia https://t.co/XLDwmCbLZy,es,0,0,0,0,0,0,0,0,0,recogen firmas para darle a grezzi una pensión vitalicia si se vuelve a italia [url]
8bd5acc410595b2630e46bdc96e90f43,GREZZI,1,"Hora punta, 8:30 carril Grezzi de Juan XXIII, no caben más bicis. 

Necesario! https://t.co/Gav8BqQpGc",es,1,0,1,0,0,1,1,0,0,hora punta 8 30 carril grezzi de juan xxii no caben más bicis necesario [url]
c8f337912d0b834e09a92cdefe6e161e,GREZZI,1,@radaresvalencia Y porqué no dirigen este twitt directamente al fabuloso e infalible Giuseppe Grezzi?,es,0,1,0,0,0,1,0,0,0,[user] y porqué no dirigen este twitt directamente al fabuloso e infalible giuseppe grezzi
eaf6663f2acdcc00db55d7fe2abb2774,GREZZI,1,Grezzi por favor. Pírate a Nápoles y no vuelvas nunca. https://t.co/rTuh3qC0xY,es,0,0,0,0,0,2,0,0,0,grezzi por favor pírate a nápoles y no vuelvas nunca [url]
9f248a1813bfcec66806891da7762df0,GREZZI,1,"@angelick1979 @HispanoVe Adivina adivinanza; ¿Que tienen en común a punt y los carriles Grezzi?
Fácil, que ambos son igual de inútiles, caros y que sólo los utiliza un 1% de las población. 🤣🤣🤣🤣🤣.
Qué grande este tripartito gestionando el dinero y necesidades de los valencianos 😒😒",es,0,2,0,7,0,0,1,0,0,[user] [user] adivina adivinanza que tienen en común a punt y los carriles grezzi fácil que ambos son igual de inútiles caros y que sólo los utiliza un 1 de las población cara_revolviéndose_de_la_risa cara_revolviéndose_de_la_risa cara_revolviéndose_de_la_risa cara_revolviéndose_de_la_risa cara_revolviéndose_de_la_risa qué grande este tripartito gestionando el dinero y necesidades de los valencianos cara_de_desaprobación cara_de_desaprobación
624edcdcb607ba9a14b4b94f192b31a8,GREZZI,1,@garbellar @giuseppegrezzi @aridols9 Que guay. Tu padre contento y los que vivimos en el centro nos acordamos del padre de Grezzi.,es,0,0,0,0,0,0,0,0,0,[user] [user] [user] que guay tu padre contento y los que vivimos en el centro nos acordamos del padre de grezzi
6138391c5d21ab20c02762ede25a84d0,GREZZI,1,"Si haces un acontecimiento multitudinario, lo lógico es que refuerce el transporte público Ribo y Grezzi, no un metro cad 20 minutos. Eso si en bici seguro que han ido comodamente",es,0,0,0,0,0,1,0,0,0,si haces un acontecimiento multitudinario lo lógico es que refuerce el transporte público ribo y grezzi no un metro cad 20 minutos eso si en bici seguro que han ido comodamente
fbef1b92541b573677fe7bf28a9dada4,GREZZI,1,@nicasta_nirasta @lasprovincias @monicaoltra Los estudios psicológicos a Grezzi también son públicos ?,es,0,1,0,0,0,0,0,0,0,[user] [user] [user] los estudios psicológicos a grezzi también son públicos
1b995e67f53e53fb46bde09db2f80861,GREZZI,1,".@joanribo y @ximopuig en #CridaFalles19 con la boca cerrada mientras se canta el Himno. O no se lo saben o no les gusta... o las dos cosas.
Madre mía ¿no han podido aprenderlo? Si se lo sabe hasta Grezzi 😄 https://t.co/6WQj96PGjm",es,0,2,0,1,0,3,1,0,1,[user] y [user] en cridafalles19 con la boca cerrada mientras se canta el himno o no se lo saben o no les gusta o las dos cosas madre mía no han podido aprenderlo si se lo sabe hasta grezzi cara_sonriendo_con_ojos_sonrientes [url]
597ee3574d95a9f73942ba54c0519215,GREZZI,1,"@Tonicanto1 Con más contaminación, atascos y caos. Así ha dejado  Grezzi Valéncia. Bravo ya se parece más a su Nápoles natal.",es,0,0,0,0,0,0,0,0,0,[user] con más contaminación atascos y caos así ha dejado grezzi valéncia bravo ya se parece más a su nápoles natal
c55a898e2e08cd45a9dede8e858d58d3,GREZZI,1,"No es un escalextric ni un puzzle, es como ha dejado Grezzi la calle General San Martín con calle Castellón... a ver si ustedes se aclaran. 
#Valencia 
https://t.co/UOlBDc2cal @quiqueval está Valencia y es de traca, como los Hot wheels https://t.co/HoH7ecHALj",es,0,0,0,0,0,2,1,0,1,no es un escalextric ni un puzzle es como ha dejado grezzi la calle general san martín con calle castellón a ver si ustedes se aclaran valencia [url] [user] está valencia y es de traca como los hot wheels [url]
831701f6a3382008565eb2853b6b2e0b,GREZZI,1,Grezzi se lo está pasando pirata con Valencia. https://t.co/h581GKOK6k,es,0,0,0,0,0,0,0,0,0,grezzi se lo está pasando pirata con valencia [url]
03ab03b99b932cf02406990dd28d9ac5,GREZZI,1,@ValenciaEscucha Y todo por quitar el estacionamiento de coches que había en el centro. Grande Grezzi!!!!!!!,es,7,0,0,0,0,0,1,0,0,[user] y todo por quitar el estacionamiento de coches que había en el centro grande grezzi
7c8a56b005271a83323b29c8e49f8e4c,GREZZI,1,Grezzi debería dejar las drogas. X suerte y si Dios quiere a está pesadilla le queda 3 meses https://t.co/InWzUZ9E7x,es,0,0,0,0,0,0,0,0,0,grezzi debería dejar las drogas x suerte y si dios quiere a está pesadilla le queda 3 meses [url]
42744b512e34ea2af7c686b05c75cf01,GREZZI,1,Este Grezzi no piensa en nada ni nadie porque la única neurona que tiene debe estar en algún carril bici perdida https://t.co/qVWgq138UT,es,0,0,0,0,0,4,0,0,0,este grezzi no piensa en nada ni nadie porque la única neurona que tiene debe estar en algún carril bici perdida [url]
fcc704b25b9f2487562cf670695215f3,GREZZI,1,@ropavella @toninhoamunt @manolocatala Será por pintura... Grezzi o es accionista o tiene empresa de pinturas fijo,es,0,0,0,0,0,0,1,0,1,[user] [user] [user] será por pintura grezzi o es accionista o tiene empresa de pinturas fijo
37dfa3a878114367a5ea782d90e80fae,GREZZI,1,"@Mariadelosgatos Sí, es que Grezzi es de la época del tetris",es,0,0,0,0,0,0,0,0,0,[user] sí es que grezzi es de la época del tetris
76b6294e8a635e530beaac4f7a3b880c,GREZZI,1,"@iphonero76 Lo he dicho mil veces esta noche, pero no me cansaré de decirlo, creo que Grezzi debe tener acciones en fábrica de pintura, otra explicación no le veo",es,0,0,0,0,0,2,0,0,0,[user] lo he dicho mil veces esta noche pero no me cansaré de decirlo creo que grezzi debe tener acciones en fábrica de pintura otra explicación no le veo
5d8f2842c139c0a19f1e42faaba345dc,GREZZI,1,@radaresvalencia No les des ideas que tras el ciclismo militante vendrá el nudismo y eso NO NOS CONVIENE. Imagina a Grezzi en bolas montando en bici delante de ti.,es,0,0,2,0,0,2,0,0,0,[user] no les des ideas que tras el ciclismo militante vendrá el nudismo y eso no nos conviene imagina a grezzi en bolas montando en bici delante de ti
c5a0c2c93347e60c3a3430e4794c74ac,GREZZI,1,@Pableraso para qué andar por las aceras si se puede tomar un atajo? es la rabieta de Grezzi porque no le han dejado convertir en peatonal y para bicis toda esa zona,es,0,1,0,0,0,1,0,0,0,[user] para qué andar por las aceras si se puede tomar un atajo es la rabieta de grezzi porque no le han dejado convertir en peatonal y para bicis toda esa zona
6c494569124cb0e8bfe0535384d4a215,GREZZI,1,"@las_colonias Se ha visto a Grezzi en compañía de Mónica Oltra comprando camisetas, para tener buen surtido a partir de las elecciones de abril https://t.co/j2wo9lEEGG",es,0,0,0,0,0,0,0,0,0,[user] se ha visto a grezzi en compañía de mónica oltra comprando camisetas para tener buen surtido a partir de las elecciones de abril [url]
c4d6eb3f4d819cd683c7bd2b41534efd,GREZZI,1,"No diga carril bici, diga carril grezzi. 
La red de alcaldes segregadores, acerabiceroa, ciclopopulistas, toca techo. https://t.co/rUpy8vyq7j",es,0,0,0,0,0,1,0,0,0,no diga carril bici diga carril grezzi la red de alcaldes segregadores acerabiceroa ciclopopulistas toca techo [url]
53ee91c372cb9c31c94993df140c6347,GREZZI,1,"¡Buenos días! Esta es nuestra #PortadaLP para este jueves 28 de febrero. El laberinto de Grezzi, tema del día. Para más información: https://t.co/faSQs35AmJ https://t.co/wt1RfbBkO1",es,2,0,0,0,0,0,0,0,0,buenos días esta es nuestra portadalp para este jueves 28 de febrero el laberinto de grezzi tema del día para más información [url] [url]
a920ddc0f5f9d1b31503eb334daf1ae3,GREZZI,1,@ValenCicleta Si hasta Grezzi se ha estampado en esos carrilesbici...,es,0,0,0,0,0,0,1,0,1,[user] si hasta grezzi se ha estampado en esos carrilesbici
14f1fa9064e05d9032320b29a39f4107,GREZZI,1,Maldito Grezzi que consigue premios para València cuando antes sólo se conseguían citaciones en juzgados.,es,0,0,0,0,0,0,0,0,0,maldito grezzi que consigue premios para valència cuando antes sólo se conseguían citaciones en juzgados
edc5ff5d6256582f264fdde5db2f6384,GREZZI,1,"@AjuntamentVLC @TransitValencia @RedCiudadesBici @bilbao_udala @VlcMobilitat @agenciabiciVLC Que curioso, siempre salen turistas extranjeros y además tenéis que colgar la Foto de uno cometiendo una infracción utilizando el móvil mientras circula en bici, para dar ejemplo como hacía Grezzi vamos... de vergüenza.",es,0,0,0,0,0,0,1,0,1,[user] [user] [user] [user] [user] [user] que curioso siempre salen turistas extranjeros y además tenéis que colgar la foto de uno cometiendo una infracción utilizando el móvil mientras circula en bici para dar ejemplo como hacía grezzi vamos de vergüenza
cafe1ad240ba9b00b87021e89501bbb4,GREZZI,1,"@tianherdez @aldidac73 @giuseppegrezzi @valenciaenbici Yo pasé ayer a las 14:30 aproximadamente y tan tranquilos. Ya le vale a Grezzi, yo quería un poco de atasquito, y nada.",es,0,0,0,0,0,1,0,0,0,[user] [user] [user] [user] yo pasé ayer a las 14 30 aproximadamente y tan tranquilos ya le vale a grezzi yo quería un poco de atasquito y nada
29cc98857125b5c730d8cd0b17741af4,GREZZI,1,"El Ayto de Valencia, orgulloso de hacer la vida imposible a todo aquélf que circule en coche, saca pecho de su carril bici con una estupenda Foto de una ciclista cometiendo una infracción, utilizando el móvil mientras conduce 👏🏼 Igualito que Grezzi. Supéralo. https://t.co/MdRnRroyxr",es,0,0,0,2,0,0,0,0,0,el ayto de valencia orgulloso de hacer la vida imposible a todo aquélf que circule en coche saca pecho de su carril bici con una estupenda foto de una ciclista cometiendo una infracción utilizando el móvil mientras conduce manos_aplaudiendo_tono_de_piel_claro_medio igualito que grezzi supéralo [url]
669dd8445c8a714079aa97dc88356fc5,GREZZI,0,"@PasMolla Usted sabe d todo no? Como es profesor...  el acoso a la iglesia, el carril bici d su qeridisimo Grezzi, qererse cargar ls colegios concertados... y lo dl hospital es asi xq tengo amigs trabajando alli y lo ratifican. Yo no soy populistac LOS SUYOS SI",es,0,1,2,0,0,2,2,0,2,[user] usted sabe d todo no como es profesor el acoso a la iglesia el carril bici d su qeridisimo grezzi qererse cargar ls colegios concertados y lo dl hospital es asi xq tengo amigs trabajando alli y lo ratifican yo no soy populistac los suyos si
66ca0774a738df66b5c89a49bf52b9ee,GREZZI,0,"@ValenciaEscucha dice Grezzi que no usemos el coche y nos movamos con transportes alternativos, lo que aumenta la demanda, pero si surgen alternativas para atender esta demanda como Uber y Cabify, se las carga",es,0,0,0,0,0,1,0,0,0,[user] dice grezzi que no usemos el coche y nos movamos con transportes alternativos lo que aumenta la demanda pero si surgen alternativas para atender esta demanda como uber y cabify se las carga
3986f09df04c9df3ffa55128852f1542,GREZZI,0,"Otra de Grezzi. Igual si lo piensa, se da cuenta que no hay que copiar de otras comunidades, por muy amigos suyos que sean. Puede ser q el usuario  le gusten los VTC. Podemos expande su normativa anti VTC a Valencia y eleva la alarma en Uber y Cabify https://t.co/jJAMmzHcHM",es,0,0,2,0,0,1,0,0,0,otra de grezzi igual si lo piensa se da cuenta que no hay que copiar de otras comunidades por muy amigos suyos que sean puede ser q el usuario le gusten los vtc podemos expande su normativa anti vtc a valencia y eleva la alarma en uber y cabify [url]
80d64b196df452c2b23a21b9e1153a47,GREZZI,0,"27 minutos de espera el 40. Gracias Grezzi. Gracias @emtvalencia , gracias @AjuntamentVLC (si, Grezzi me tiene bloqueada y no lo verá) https://t.co/WS66qNYKB3",es,0,0,0,0,0,1,0,0,0,27 minutos de espera el 40 gracias grezzi gracias [user] gracias [user] si grezzi me tiene bloqueada y no lo verá [url]
09c06296c815ed737e309ffc51952a3b,GREZZI,0,"Esto lo debemos todo al nuestro caro amigo Grezzi y a su gran amico Señor Alcalde Ribò.
Os dais cuenta que hay calles que no cabe el carril bici??
Os habéis planteado lo que pasará en estas fallas??
Habéis pensado en... https://t.co/ZS9lCUrMaA",es,0,4,0,0,0,1,1,0,1,esto lo debemos todo al nuestro caro amigo grezzi y a su gran amico señor alcalde ribò os dais cuenta que hay calles que no cabe el carril bici os habéis planteado lo que pasará en estas fallas habéis pensado en [url]
09ddb3e635308ae7a0b82bf878187601,GREZZI,0,"El desconcejal de movilidad de Valencia propone que pillemos el bus.Línea 11 desviada sin aviso y línea 10 con frecuencia de paso de más de 15 minutos un sábado tarde. Grezzi, te pagaría una paga para que no volvieras nunca a pisar este ayuntamiento. #GrezziVeteYa #FueraCompromis",es,0,0,0,0,0,3,0,0,0,el desconcejal de movilidad de valencia propone que pillemos el bus línea 11 desviada sin aviso y línea 10 con frecuencia de paso de más de 15 minutos un sábado tarde grezzi te pagaría una paga para que no volvieras nunca a pisar este ayuntamiento grezziveteya fueracompromis
7e6cd4a8f25047125925abad4b43210e,GREZZI,0,@kike_mateu @lasprovincias @fachesdeValencia El carril bici de Grezzi galardonado como el mejor de España.  https://t.co/533bE8d2SI,es,0,0,0,0,0,0,0,0,0,[user] [user] [user] el carril bici de grezzi galardonado como el mejor de españa [url]
69dc99a0e52c362bfed6709191c1e073,GREZZI,0,"@lasprovincias Grezzi?!?
Mejor hablar de ratas de alcantarilla.",es,1,2,0,0,0,0,0,0,0,[user] grezzi mejor hablar de ratas de alcantarilla
0866cd705e4ca246c441f6979f208b6f,GREZZI,0,"@biciutat ¿? Esperemos a que Grezzi se ponga la medalla y lo aclare. No veo más que un titular, sin más chicha.",es,0,2,0,0,0,2,0,0,0,[user] esperemos a que grezzi se ponga la medalla y lo aclare no veo más que un titular sin más chicha
e4ff6691be4a8cf712e468fc76eb58fa,GREZZI,0,"Grezzi: Compromís es la fuerza ecologista de la Comunitat Valenciana"" https://t.co/LLR4GL47fU""",es,0,0,0,0,0,0,0,2,0,grezzi compromís es la fuerza ecologista de la comunitat valenciana [url]
d12d31dfe4805d44f32fddf193bcdd1f,GREZZI,0,"@carlosgaliana @giuseppegrezzi Cesar a grezzi ??😂😂😂😂
Viva Franco y arriba España
Vaya tela 
Q nivel",es,0,2,0,4,0,0,1,0,0,[user] [user] cesar a grezzi cara_llorando_de_risa cara_llorando_de_risa cara_llorando_de_risa cara_llorando_de_risa viva franco y arriba españa vaya tela q nivel
ffe74ff5802cfb39a7d1b147e5c9aa3e,GREZZI,0,Grezzi llena Valencia de carril bicis en sitios que casi no van bicis . Y mientras bomberos y ambulancias pierden la  posibilidad de llegar a una urgencia . Vete ya https://t.co/rjh4oIXmC2,es,0,0,0,0,0,1,0,0,0,grezzi llena valencia de carril bicis en sitios que casi no van bicis y mientras bomberos y ambulancias pierden la posibilidad de llegar a una urgencia vete ya [url]
91bbced7461e30a8d432837e2badddcd,GREZZI,0,"@Inma_Cervera @bufanada @putababilonia @JaumeICastigaor @giuseppegrezzi No hay peor sordo que el que no quiere oír. No vas a concederla de nada q no sea lo que ya piensa. Muchos estamos igual de cabreados q tú con grezzi, empezando por los conductores de la EMT. Yo no voy a votar a quien respalde a grezzi y sus políticas",es,0,0,1,0,0,6,0,0,0,[user] [user] [user] [user] [user] no hay peor sordo que el que no quiere oír no vas a concederla de nada q no sea lo que ya piensa muchos estamos igual de cabreados q tú con grezzi empezando por los conductores de la emt yo no voy a votar a quien respalde a grezzi y sus políticas
0db3850634cf0120d6242ff31b3520da,GREZZI,0,A Grezzi le importa tres pitos lo que digan los vecinos de la calle Alicante una y otra vez. Él ha dejado la calle en un sólo carril generando un buen tapón. Alguien que ‘gobierna’ a la contra de los ciudadanos. https://t.co/EM2Choo6vr,es,0,0,0,0,0,0,0,2,0,a grezzi le importa tres pitos lo que digan los vecinos de la calle alicante una y otra vez él ha dejado la calle en un sólo carril generando un buen tapón alguien que gobierna a la contra de los ciudadanos [url]
4b24efe5a945d0ebc2a174bce9beb39e,GREZZI,0,Cuando va a dejar de dar por culo grezzi a valencia.. joder cada vez peor ni se puede aparcar ni circular por valencia la madre que lo pario que agusto se queso la santa señora.,es,0,0,0,0,0,2,0,0,0,cuando va a dejar de dar por culo grezzi a valencia joder cada vez peor ni se puede aparcar ni circular por valencia la madre que lo pario que agusto se queso la santa señora
2055f63b513e07ac50c8cb457cfe9458,GREZZI,0,"@ValenciaEscucha @FranPomier Para Grezzi, todos esos vecinos son unos fascistas. ¿Qué esperabas?",es,0,2,0,0,0,0,0,0,0,[user] [user] para grezzi todos esos vecinos son unos fascistas qué esperabas
6432cfe183aafc4c12a063ac2b491e9a,GREZZI,0,@valenciaenbici Como buenos apesebrados de Grezzi no os queda otra que manifestaros. Tenéis que agradecerle los contratitos a dedo de la Semana de la Movilidad. Venga chicos a lamer un poco más sus posaderas napolitanas. Que poquito os queda de mangoneo. Asco!!.,es,2,0,0,0,0,1,0,0,0,[user] como buenos apesebrados de grezzi no os queda otra que manifestaros tenéis que agradecerle los contratitos a dedo de la semana de la movilidad venga chicos a lamer un poco más sus posaderas napolitanas que poquito os queda de mangoneo asco
ea05d3d26b72204173e28c8edc195d05,GREZZI,0,@carlosgaliana @giuseppegrezzi GREZZI hundirá a Compromiso. Una lástima..,es,0,0,1,0,0,0,0,0,0,[user] [user] grezzi hundirá a compromiso una lástima
47e986395592f88a15aefbdceb3f9aff,GREZZI,0,"@bufanada @Inma_Cervera @putababilonia @JaumeICastigaor @giuseppegrezzi Si quieres te enseño el título, tb soy licenciada en tecnología de alimentos, tengo un máster, un postgrado y me falta leer el doctorado. Y sé q se pueden hacer muchas políticas para reducir el tráfico en 1 ciudad sin aumentar la contaminación, y Grezzi prefiere hacerlo al revés.",es,0,0,0,0,0,1,0,0,0,[user] [user] [user] [user] [user] si quieres te enseño el título tb soy licenciada en tecnología de alimentos tengo un máster un postgrado y me falta leer el doctorado y sé q se pueden hacer muchas políticas para reducir el tráfico en 1 ciudad sin aumentar la contaminación y grezzi prefiere hacerlo al revés
bd205b384aab8f872dd8a318c753e08d,GREZZI,0,"▶ El carril bici de Grezzi en Reino de Valencia, convertido en parking nocturno https://t.co/lEp2xk15Ti  @AjuntamentVLC @PP_VAL @CsValencia_C @AlbertoMen2011 por @SergioAspas_ https://t.co/ZorxmvgohE",es,0,0,0,1,0,0,0,0,0,reproducir el carril bici de grezzi en reino de valencia convertido en parking nocturno [url] [user] [user] [user] [user] por [user] [url]
ea3026ac4bf98f262233a52ae8cc6b51,GREZZI,0,"Ojo al vídeo: El carril bici de Grezzi en Reino de Valencia, convertido en parking nocturno https://t.co/RTKvfHy57Z",es,0,0,0,0,0,0,0,0,0,ojo al vídeo el carril bici de grezzi en reino de valencia convertido en parking nocturno [url]
a903970dc87f2a1a03c483994ee78ed9,GREZZI,0,"📰Grezzi abre un nuevo eje ciclista para conectar dos barrios de Valencia. Los nuevos carriles bidireccionales suponen la conexión del centro de la ciudad hacia el sur y viceversa.
https://t.co/TFesSpumKE
@giuseppegrezzi @VerdsEquo_ @AjuntamentVLC https://t.co/ennGa3f4n0",es,0,0,0,1,0,0,0,0,0,periódico grezzi abre un nuevo eje ciclista para conectar dos barrios de valencia los nuevos carriles bidireccionales suponen la conexión del centro de la ciudad hacia el sur y viceversa [url] [user] [user] [user] [url]
a2a3136b461d0c2e62a54c1c13d7c5ca,GREZZI,0,Esto es surrealista: el carril bici de Reino de #Valencia convertido en un aparcamiento el sábado noche. Quizá lo que necesitan los vecinos es más plazas de aparcamiento en lugar de un carril mal planificado que ha convertido la avenida en una ratonera...pero a Grezzi le da igual https://t.co/B7NqhVyaIn,es,0,0,0,0,0,0,1,0,1,esto es surrealista el carril bici de reino de valencia convertido en un aparcamiento el sábado noche quizá lo que necesitan los vecinos es más plazas de aparcamiento en lugar de un carril mal planificado que ha convertido la avenida en una ratonera pero a grezzi le da igual [url]
29e804668158e6e58553497d85777550,GREZZI,0,"@pratseva @CiudadanosCs Yo soy fan de los YOMUS desde que los pancas vieneron a dar por culo y los fundieron.
Pero si somos anti algo es anti-Grezzi.",es,0,0,1,0,0,0,0,0,0,[user] [user] yo soy fan de los yomus desde que los pancas vieneron a dar por culo y los fundieron pero si somos anti algo es anti grezzi
53bce783e11802c3e869d03f6712ec0f,GREZZI,0,"Esto es lo que no puede ser, hacer las cosas al estilo Cabezota de Grezzi, al final acabamos pagándolo los ciudadanos. #CarrilBiciSiconCabeza https://t.co/uoXIz93AXn",es,0,0,0,0,0,1,0,0,0,esto es lo que no puede ser hacer las cosas al estilo cabezota de grezzi al final acabamos pagándolo los ciudadanos carrilbicisiconcabeza [url]
e2b56d91466eeaaf12924258f7c886d1,GREZZI,0,@JaumeMayor @giuseppegrezzi @Ciclorutes1 @franferri_ @JCGallart @sergipitarch @FerranVGarcia @isa_barrajon @monicaoltra @joanribo @CandiBarroso Que alguien le explique que si ella entrara Grezzi ya no sería regidor. Menos mal que eso no va a pasar... 😉,es,0,0,0,1,0,2,1,0,1,[user] [user] [user] [user] [user] [user] [user] [user] [user] [user] [user] que alguien le explique que si ella entrara grezzi ya no sería regidor menos mal que eso no va a pasar cara_guiñando_el_ojo
3b0a38ab002ad699d650ff71cf836278,GREZZI,0,¿Alguien me puede explicar que cojones de desastre están haciendo Grezzi con Valencia y por qué nadie investiga si hay un 3% por ahí para dar tanto por culo con los carriles bici?,es,0,2,0,0,0,1,0,0,0,alguien me puede explicar que cojones de desastre están haciendo grezzi con valencia y por qué nadie investiga si hay un 3 por ahí para dar tanto por culo con los carriles bici
a963c1f24f0e173f9330b17ce4da2a48,GREZZI,0,"Seguimos con el caos buscado por Grezzi. Enhorabuena Lo habéis conseguido.

Ahora en la calle Ruzafa. Mismos coches para un solo carril

La  #inmovilidadInsostenible total

#GraciasGrezzi
#GraciasRibó

@radaresvalencia https://t.co/LdF6YQN0Kk",es,0,0,0,0,0,0,0,0,0,seguimos con el caos buscado por grezzi enhorabuena lo habéis conseguido ahora en la calle ruzafa mismos coches para un solo carril la inmovilidadinsostenible total graciasgrezzi graciasribó [user] [url]
73336611eceb45c9d06e65cdb8697fe6,GREZZI,0,"Camión de bomberos se para en Reino de #Valencia. Como Grezzi ha dejado sólo un carril, automáticamente la avenida se convierte en un tapón. Transformar avenidas en ratoneras, la política de ‘desmovilidad’ de Grezzi y Ribó. https://t.co/65FiK0FTrj",es,0,0,0,0,0,0,0,2,0,camión de bomberos se para en reino de valencia como grezzi ha dejado sólo un carril automáticamente la avenida se convierte en un tapón transformar avenidas en ratoneras la política de desmovilidad de grezzi y ribó [url]
793ee33b1c8d33cf0517fea7bd7df5df,GREZZI,0,@lasprovincias La cuestión es dar cerita a Grezzi,es,0,0,0,0,0,0,0,0,0,[user] la cuestión es dar cerita a grezzi
96d99da2f518b1ba76b9200d85619418,GREZZI,0,@lasprovincias Grezzi dimisión,es,0,0,0,0,0,0,0,0,0,[user] grezzi dimisión
4ad6e211e6c53ba8bb78ec54c9692134,GREZZI,0,A Joan Ribó: Envío de Grezzi de vuelta a Italia - ¡Firma la petición! https://t.co/tdVJbmlamV vía @change_es,es,2,0,0,0,0,0,0,0,0,a joan ribó envío de grezzi de vuelta a italia firma la petición [url] vía [user]
a7beb951f86d3ea2fd77c9df3f73f729,GREZZI,0,"“En Valencia ha habido un antes y un después” (Giuseppe Grezzi),

El Concejal de Movilidad de Valencia se presenta a las primarias de Compromís para volver a ir en las listas del Ayuntamiento. Grezzi hace balance de sus cuatro años al frente de unas polí… https://t.co/bPIqHJqh84 https://t.co/TCP3c9AiUe",es,0,0,0,0,0,0,0,2,1,en valencia ha habido un antes y un después giuseppe grezzi el concejal de movilidad de valencia se presenta a las primarias de compromís para volver a ir en las listas del ayuntamiento grezzi hace balance de sus cuatro años al frente de unas polí [url] [url]
4c64856641cc3d7cd8e4f4d84bc05d13,GREZZI,0,Sigue la sinrazón de los carriles bicis de Grezzi con el silencio cómplice de Sandra Gomez y la sonrisa de medio lado del alcalde Ribó. https://t.co/oAIb65eXpL,es,0,0,0,0,0,0,0,0,0,sigue la sinrazón de los carriles bicis de grezzi con el silencio cómplice de sandra gomez y la sonrisa de medio lado del alcalde ribó [url]
828b9d256393a44d8a7965677a0ebf93,GREZZI,0,"@Inma_Cervera @bufanada @JaumeICastigaor @giuseppegrezzi https://t.co/j6dT5CcFUG mira, parece q las medidas de Grezzi van dando resultados y tu discurso se queda sin argumentos,....",es,0,0,0,0,0,1,1,0,1,[user] [user] [user] [user] [url] mira parece q las medidas de grezzi van dando resultados y tu discurso se queda sin argumentos
05a19f549b8dc44d116cc63a5131f5c7,GREZZI,0,"Que vergüenza
Quedrá Grezzi @joanribo que los 🚲🚲🚲🚲🚲 se estrelle ante la basura y los contenedores?
 A ver si se estrella el Grezzi..
Vaya mierda con tanto carril bici, cobrar impuesto y seguro por circular y paguen las obras y rebaje el impuesto a vehículos de motor. https://t.co/dTgf2lhxIK",es,0,1,0,5,0,0,1,0,0,que vergüenza quedrá grezzi [user] que los bicicleta bicicleta bicicleta bicicleta bicicleta se estrelle ante la basura y los contenedores a ver si se estrella el grezzi vaya mierda con tanto carril bici cobrar impuesto y seguro por circular y paguen las obras y rebaje el impuesto a vehículos de motor [url]
06a4bd9179df3044c33da603704107c7,GREZZI,0,@josocxe @joanribo Reinas magas??? Ayudas a entidades catalanistas?? Carril bici?? Valencia llena de manteros?? Grezzi??,es,0,11,0,0,0,0,1,0,0,[user] [user] reinas magas ayudas a entidades catalanistas carril bici valencia llena de manteros grezzi
3502565ee84571bae34d208cb279d64f,GREZZI,0,"@giuseppegrezzi @soyconcupiscent @CrisEsteMari @ValenciaEscucha qué cara que tienes Grezzi respondiendo así, increíble",es,0,0,0,0,0,0,0,0,0,[user] [user] [user] [user] qué cara que tienes grezzi respondiendo así increíble
c20fd940e33a7a87cea2881d543b22df,GREZZI,0,"19/02, 18'00hrs.  Bus atascado en el cruce C/Ruzafa-GV Marqués del Turia. Gracias Grezzi!!! https://t.co/59tanL7Gul",es,3,0,0,0,0,0,1,1,0,19 02 18 00hrs bus atascado en el cruce c ruzafa gv marqués del turia gracias grezzi [url]
b49be317cff438af6a9a0c53315ae202,GREZZI,0,"Grezzi utiliza Transporte Público, que no gratis, o sólo la bici? https://t.co/xd9xhV5KE9",es,0,1,0,0,0,1,0,0,0,grezzi utiliza transporte público que no gratis o sólo la bici [url]
da2bd38fc84c6c488c271c8c999fdc35,GREZZI,0,⛔️Esta es la gestión de Ribó y Giusseppe Grezzi: Carril bici atascado de contenedores https://t.co/oY18JUxdae,es,0,0,0,1,0,0,0,0,0,dirección_prohibida esta es la gestión de ribó y giusseppe grezzi carril bici atascado de contenedores [url]
2c31d65d73feb22e0696af015d443eff,GREZZI,0,Grezzi ha convertido Valencia en un atasco permanente.,es,0,0,0,0,0,0,0,0,0,grezzi ha convertido valencia en un atasco permanente
ca19e29aed5a76905e5a89c47f377f7f,GREZZI,0,"Buen Trabajo y buenos resultados.

@giuseppegrezzi

Y

@danicabezas1

“En Valencia ha habido un antes y un después” (Giuseppe Grezzi) https://t.co/COpZLH0hRT",es,0,0,0,0,0,0,0,2,0,buen trabajo y buenos resultados [user] y [user] en valencia ha habido un antes y un después giuseppe grezzi [url]
1f2097f83c52d526fd7929801a6f44e4,GREZZI,0,"@rselfa66 @Jlcanoves @ESdiarioCV @giuseppegrezzi @change_es @compromis @AjuntamentVLC No te quedes con la manipulación infame de la foto del carril bici que hizo Rita y que hemos puesto para la ilustrar la noticia de Grezzi, que para màs inri es quién lo ha solucionado.",es,0,0,0,0,0,1,0,0,0,[user] [user] [user] [user] [user] [user] [user] no te quedes con la manipulación infame de la foto del carril bici que hizo rita y que hemos puesto para la ilustrar la noticia de grezzi que para màs inri es quién lo ha solucionado
55d55155ae952eb2f7c35f747574e1fc,GREZZI,0,"@Inma_Cervera @bufanada @JaumeICastigaor @giuseppegrezzi Más coches en el area metropolitana, no tiene nada q ver con las medidas de Grezzi, los culpables, los coches.",es,0,0,0,0,0,2,0,0,0,[user] [user] [user] [user] más coches en el area metropolitana no tiene nada q ver con las medidas de grezzi los culpables los coches
d400f42017259295201001d072bfee86,GREZZI,0,@Som_Valencians Que burro que eres Grezzi,es,0,0,0,0,0,0,0,0,0,[user] que burro que eres grezzi
e717b2818149dbfa6f8bcb2e60779959,GREZZI,0,Me encanta porque ponen una foto de la entrada a Hogwarts para ciclistas que hizo Rita (que más de uno se tragó) y Grezzi arregló. https://t.co/aZfTbqXgeq,es,0,0,0,0,0,0,0,0,0,me encanta porque ponen una foto de la entrada a hogwarts para ciclistas que hizo rita que más de uno se tragó y grezzi arregló [url]
cbcd81f4538f7b9753f4ab0189bcdf71,GREZZI,0,@CleliaVirginiaR @cvalvi @monicaoltra @compromis @CayetanoPort @malcarazramos @CompromisALC @Elenetcc @AitanaMas @CompromisElx @CompromisOri @Rafa_Climentg @CiudadanosCs @ppcv Y el carril bici y el destrozo de la Ciudad del amigo Grezzi - Ribó lo peor que me ha pasado a esta ciudad en años. Muy hartitos de la dictadura de la bici. A ver si os enteráis de que hay gente que trabaja con el coche.,es,0,0,0,0,0,0,0,0,0,[user] [user] [user] [user] [user] [user] [user] [user] [user] [user] [user] [user] [user] [user] y el carril bici y el destrozo de la ciudad del amigo grezzi ribó lo peor que me ha pasado a esta ciudad en años muy hartitos de la dictadura de la bici a ver si os enteráis de que hay gente que trabaja con el coche
9398a26a3d4758bd7788547adef343f2,GREZZI,0,"El concejal de Movilidad Sostenible, Giuseppe Grezzi, se ha reunido con una representación de la Asociación Española de Movilidad Urbana Sostenible (AEMUS), entidad formada por... https://t.co/hyDxULK3rI",es,0,0,1,0,0,0,1,0,1,el concejal de movilidad sostenible giuseppe grezzi se ha reunido con una representación de la asociación española de movilidad urbana sostenible aemus entidad formada por [url]
b0bc500c4764f2e52e8b0d610636988e,GREZZI,0,Grezzi hijodeputa,es,0,0,0,0,0,0,0,0,0,grezzi hijodeputa
940fb30b5c3cde93e2317589f6cc71dc,GREZZI,0,"Grezzi ha convertido en ratonera:
👉 Av Constitución
👉 Reino de #Valencia
👉 Av Burjassot
👉 Calle Alicante
Y ahora le toca el turno a la calle Ruzafa, que se queda en un carril.

Y mientras sube el tráfico y la contaminación ¿qué hace el tripartito? Discutir entre ellos. https://t.co/9xBXYtvkP4",es,0,2,0,4,0,0,0,0,0,grezzi ha convertido en ratonera dorso_de_mano_con_índice_a_la_derecha av constitución dorso_de_mano_con_índice_a_la_derecha reino de valencia dorso_de_mano_con_índice_a_la_derecha av burjassot dorso_de_mano_con_índice_a_la_derecha calle alicante y ahora le toca el turno a la calle ruzafa que se queda en un carril y mientras sube el tráfico y la contaminación qué hace el tripartito discutir entre ellos [url]
a1be38668b03d2507c73ac2b399afef8,GREZZI,0,Obras y atascos contra otro carril bici de Grezzi. El verdadero problema es la pertinaz y endémica segregación. Uso político. https://t.co/7HzmzXGilv,es,0,0,0,0,0,0,0,0,0,obras y atascos contra otro carril bici de grezzi el verdadero problema es la pertinaz y endémica segregación uso político [url]
8d04f317ce83949695a828ebd921c7a0,GREZZI,0,Con Grezzi llevamos atascados desde que tomó posesión del cargo: Los atascos se agravan en el Ensanche con el tripartito dividido por la ordenanza https://t.co/pa6pvoIOob,es,0,0,0,0,0,0,0,0,0,con grezzi llevamos atascados desde que tomó posesión del cargo los atascos se agravan en el ensanche con el tripartito dividido por la ordenanza [url]
c6b5937e5f899550ed5ea3eb54a9f51b,GREZZI,0,"@radaresvalencia Dios me libre de defender yo a Grezzi, pero me gustaría aclarar que el carril Bici de la foto no fue obra suya. Se hizo en la anterior legislatura. En la actualidad el carril gira a la izquierda y baja a la calzada.",es,0,0,0,0,0,1,0,0,0,[user] dios me libre de defender yo a grezzi pero me gustaría aclarar que el carril bici de la foto no fue obra suya se hizo en la anterior legislatura en la actualidad el carril gira a la izquierda y baja a la calzada
b725f47a5d31b17915248f8096cc27c2,GREZZI,0,"Siempre es un placer charlar con @giuseppegrezzi, concejal de movilidad del Ayuntamiento de #Valencia, sobre política, bicicletas... y lo que surja. https://t.co/lk002yYRVw @ActibiciVlc @valenciaenbici @compromis @ciclosfera",es,0,0,0,0,0,0,1,0,1,siempre es un placer charlar con [user] concejal de movilidad del ayuntamiento de valencia sobre política bicicletas y lo que surja [url] [user] [user] [user] [user]
2ef8fd6eaa559b263a20b0d90e761994,GREZZI,0,"@radaresvalencia Grezzi no es santo de mi devoción pero la foto es de como estaba ese carril bici con el anterior ayuntamiento y concejal actualmente esa foto no se puede tomar.
A cada uno lo suyo.",es,0,0,0,0,0,2,0,0,0,[user] grezzi no es santo de mi devoción pero la foto es de como estaba ese carril bici con el anterior ayuntamiento y concejal actualmente esa foto no se puede tomar a cada uno lo suyo
c6ffda93203ff5c1b61566675eaff7b3,GREZZI,0,@ActibiciVlc encarrila a los chavales desde los 16 a votar por Grezzi. Activismo de partido. https://t.co/BX90A3tsEN,es,0,0,0,0,0,0,0,0,0,[user] encarrila a los chavales desde los 16 a votar por grezzi activismo de partido [url]
f18c33bc8731f5ac6f4a5dd248bfc277,GREZZI,0,"@ValenciaEscucha @VOX_VLC_Ciudad Lo mismo está pasando en la Avda. Consitución, la MERMA @CompromisVLC con @joanribo JUAN Ribó y su LACAYO giuseppe grezzi a la cabeza, estrechando una gran AVENIDA de entrada a VALENCIA, lo que me preocupa Y MUCHO, ES EL SILENCIO del @mjosecatala y SOBRETODO EL DE @VOX_VLC_Ciudad",es,0,0,8,0,0,0,0,0,0,[user] [user] lo mismo está pasando en la avda consitución la merma [user] con [user] juan ribó y su lacayo giuseppe grezzi a la cabeza estrechando una gran avenida de entrada a valencia lo que me preocupa y mucho es el silencio del [user] y sobretodo el de [user]
4508cc1cee2d4626b7959225acb219ca,GREZZI,0,"Vota por Grezzi, ciclista y patinetero. https://t.co/CIioeTAmB9",es,0,0,0,0,0,0,0,0,0,vota por grezzi ciclista y patinetero [url]
6d81198bc94b192fdc2161c599079edc,GREZZI,0,"@Kperussa @Powon @lasprovincias Y esos datos son de matriculación entre otros. Si fueras realista lo admitirías, pero debes de estar tan enfermo como Grezzi. Vas a venir tú a llevarnos en bici a los q tenemos padres y familia q no puede ir a los sitios andando ?",es,0,1,0,0,0,1,0,0,0,[user] [user] [user] y esos datos son de matriculación entre otros si fueras realista lo admitirías pero debes de estar tan enfermo como grezzi vas a venir tú a llevarnos en bici a los q tenemos padres y familia q no puede ir a los sitios andando
410c6e54efa7d7dc2586f1e177f69a2f,GREZZI,0,@ValenciaEscucha Grezzi vete ya !! Grazzi veta ya !! Greeeeezzi veeete yaaaaa!!🎶🎶🎵🎵,es,6,0,0,4,0,0,3,0,0,[user] grezzi vete ya grazzi veta ya greezzi veete yaa notas_musicales notas_musicales nota_musical nota_musical
33ab1f62bbddfc7539610e372a0213c0,GREZZI,0,Grezzi rectifica a Ribó y anuncia que València sí endurecerá las condiciones de los VTC. Se aumentará a una hora el tiempo mínimo de precontratación https://t.co/F7WbOnsA4F,es,0,0,1,0,0,0,0,0,0,grezzi rectifica a ribó y anuncia que valència sí endurecerá las condiciones de los vtc se aumentará a una hora el tiempo mínimo de precontratación [url]
4348701f745bac887b7aa3074a0ceb69,GREZZI,0,Grezzi castiga a las VTC con una hora de espera https://t.co/x84VyqP6PZ https://t.co/nmF1eCTi5B,es,0,0,1,0,0,0,0,0,0,grezzi castiga a las vtc con una hora de espera [url] [url]
bea945e4f19e0bb0d635626670b2438c,GREZZI,0,GREZZI EXPRESA LA VOLUNTAD DEL AYUNTAMIENTO DE AMPLIAR A UNA HORA EL TIEMPO DE PRE-CONTRATACIÓN DE VEHÍCULOS VTC https://t.co/9OT85mlrB5 #Valencia,es,0,0,13,0,0,0,0,0,0,grezzi expresa la voluntad del ayuntamiento de ampliar a una hora el tiempo de pre contratación de vehículos vtc [url] valencia
31c52c2b9dca20210147b7c1adce70ec,GREZZI,0,".@giuseppegrezzi cree que se llegará pronto a un acuerdo con los sindicatos de la #EMT
https://t.co/EREzKDYQEr
#parosEMT",es,0,0,1,0,0,0,0,0,0,[user] cree que se llegará pronto a un acuerdo con los sindicatos de la emt [url] parosemt
4c1f5e040fa8f64abff3837adcf2c2a2,GREZZI,0,@CristinaSegui_ @giuseppegrezzi Espero que se vayan fuera. Valencia en movilidad es una castaña. Somos muchos valencianos q estamos hasta los huevos de Grezzi y el señor pancatalanista,es,0,0,0,0,0,0,0,0,0,[user] [user] espero que se vayan fuera valencia en movilidad es una castaña somos muchos valencianos q estamos hasta los huevos de grezzi y el señor pancatalanista
21e3b113707827b0633d77506d665b7f,GREZZI,0,"EN QUE MOMENTO GARRIDO SE VA DAR CUENTA QUE EL ES EL ÚNICO TONTO. 

El concejal de Movilidad, Giuseppe Grezzi, anuncia el acuerdo tras reunirse con los representantes del sector del taxi https://t.co/6mWtZ3Ebum",es,0,0,8,0,0,0,0,0,0,en que momento garrido se va dar cuenta que el es el único tonto el concejal de movilidad giuseppe grezzi anuncia el acuerdo tras reunirse con los representantes del sector del taxi [url]
63630270517293fc5fb5431f24b7f338,GREZZI,0,"UGT responde a Grezzi: La EMT rechaza reunirse con los empleados"" para acabar con la huelga https://t.co/LhkGHY1a07""",es,0,0,2,0,0,0,0,2,0,ugt responde a grezzi la emt rechaza reunirse con los empleados para acabar con la huelga [url]
ee0d8c1774b3d15c553125300d888fab,GREZZI,0,"CUPromís y el PSPV-PSOE (no olvidemos que el alcalde catalán, Joan Ribó y el concejal italiano Giuseppe Grezzi, están ahí gracias al Partit Socialista del país valencià)
están transformando Valencia en un caos total.
¡¡EL QUE NO QUIERA COCHES QUE SE VAYA AL CAMPO!! 🤪 https://t.co/CwdjfcTy44",es,4,0,8,1,0,2,0,0,0,cupromís y el pspv psoe no olvidemos que el alcalde catalán joan ribó y el concejal italiano giuseppe grezzi están ahí gracias al partit socialista del país valencià están transformando valencia en un caos total el que no quiera coches que se vaya al campo cara_de_loco [url]
b567a087911b11191a21b957b3fa5d0c,GREZZI,0,"@ValenciaEscucha Es horrible lo que está haciendo #grezzi, y le da igual todo, no lee, no escucha , se ha cargado Valencia y pierden mi voto, me da pena pero ya está bien #compromis",es,0,0,0,0,0,2,0,0,0,[user] es horrible lo que está haciendo grezzi y le da igual todo no lee no escucha se ha cargado valencia y pierden mi voto me da pena pero ya está bien compromis
65433e2f9635c66e97d9f76feb61444b,GREZZI,0,"El concejal de Movilidad Sostenible de València, Giuseppe Grezzi, ha asegurado que existe buena sintonía"" para poder avanzar en los desacuerdos que existen... https://t.co/IfqW8KRfRV""",es,0,0,0,0,0,0,1,2,1,el concejal de movilidad sostenible de valència giuseppe grezzi ha asegurado que existe buena sintonía para poder avanzar en los desacuerdos que existen [url]
5b06e10e7da20ea90f683224573d6b69,GREZZI,0,"Grezzi cree que se llegará pronto a un acuerdo con los sindicatos de la EMT
 https://t.co/UKIJg8h723",es,0,0,1,0,0,0,0,0,0,grezzi cree que se llegará pronto a un acuerdo con los sindicatos de la emt [url]
1dbd76ac93fe9bd0647569d4816acdc6,GREZZI,0,"@afuentes561n @unautovtc @giuseppegrezzi El Sr grezzi no se va a dejar intimidar por el chantaje y la extorsión de algunos personajes,cuyo único interés es defender su especulación con licencias vtc y multinacionales con sede en paraísos fiscales",es,0,0,0,0,0,1,0,0,0,[user] [user] [user] el sr grezzi no se va a dejar intimidar por el chantaje y la extorsión de algunos personajes cuyo único interés es defender su especulación con licencias vtc y multinacionales con sede en paraísos fiscales
d31d74c79488d71484df34d4f4c559e0,GREZZI,0,"#València - El concejal de Movilidad Sostenible, Grezzi, se ha reunido con representantes de AEMUS (empresas de movilidad compartida). Debatieron sobre los pasos que el Servicio Municipal hace para que estas u otras empresas puedan operar en la ciudad. https://t.co/lW6v4CNXWy https://t.co/cXM7n5u38t",es,0,0,1,0,0,0,0,0,0,valència el concejal de movilidad sostenible grezzi se ha reunido con representantes de aemus empresas de movilidad compartida debatieron sobre los pasos que el servicio municipal hace para que estas u otras empresas puedan operar en la ciudad [url] [url]
cc8effd65a5f3ac5e204ad367dd21f29,GREZZI,0,"@vicentsempere No presenta el programa de deportes en a punt? Correcto sea apolítico.
 Sobre grezzi. No es manipulación. Es la realidad. Pero respeto su opinión.
Claro q es libre de llamar rancio a quien sea. Pero no viene a cuento.Y repito sin malos rollos. Es diversidad d opinión.",es,0,1,0,0,0,4,0,0,0,[user] no presenta el programa de deportes en a punt correcto sea apolítico sobre grezzi no es manipulación es la realidad pero respeto su opinión claro q es libre de llamar rancio a quien sea pero no viene a cuento y repito sin malos rollos es diversidad d opinión
d2cf9b7cc52cc2b81f8006f7e0ea4a92,GREZZI,0,"Hasta los seguidores del Celtic de Glasgow se indignan con el carril bici del spaguetti con bigote de Grezzi , y muestran su rechazo !!!! @compromis @monicaoltra 😝 https://t.co/B0U7H2VNcX",es,4,0,0,1,0,0,1,0,0,hasta los seguidores del celtic de glasgow se indignan con el carril bici del spaguetti con bigote de grezzi y muestran su rechazo [user] [user] cara_con_ojos_cerrados_y_lengua_fuera [url]
bfb676f343763c29545b6ad9b1f01fb4,GREZZI,0,@CruzMilana @vicentsempere Porque criticar a Grezzi es apoyar al PP...La realidad es que el bus se queda atascado y con carriles segregados se puede evitar Y para mí eso es apostar por un servicio público y ni lo hizo el PP ni lo ha hecho Compromis Pero claro criticar a unos por lo que se ve no se puede,es,0,0,0,0,0,3,1,0,1,[user] [user] porque criticar a grezzi es apoyar al pp la realidad es que el bus se queda atascado y con carriles segregados se puede evitar y para mí eso es apostar por un servicio público y ni lo hizo el pp ni lo ha hecho compromis pero claro criticar a unos por lo que se ve no se puede
792d12ac9073437cee9b759a1635281c,GREZZI,0,"@afuentes561n @unautovtc @giuseppegrezzi El dinero no lo puede todo@unautovtc@giusebppegrezzi@afuentes561n. La dignidad no se compra, la integridad tampoco el taxi tampoco. Giuseppe Grezzi vela por sus ciudadanos, por haber confiado en él y ayuda a todo el servicio público de su ciudad apostando por el bienestar social",es,0,0,0,0,0,4,0,0,0,[user] [user] [user] el dinero no lo puede todo[user][user][user] la dignidad no se compra la integridad tampoco el taxi tampoco giuseppe grezzi vela por sus ciudadanos por haber confiado en él y ayuda a todo el servicio público de su ciudad apostando por el bienestar social
af0b9a3dd4432fc4879e828fa989c6b4,GREZZI,0,Grezzi castiga a las VTC con una hora de espera / https://t.co/mHZLLK3w2R … https://t.co/WynvVbfOjl,es,0,0,1,0,0,0,0,0,1,grezzi castiga a las vtc con una hora de espera [url] [url]
d0af3377493e888b9a6f8492c429b66e,GREZZI,0,"No es una buena noticia para #Valencia.
Perjudica a los usuarios e impide artificialmente la competencia.

https://t.co/BxHCHcovH8 via @levante_emv",es,0,0,0,0,0,1,0,0,0,no es una buena noticia para valencia perjudica a los usuarios e impide artificialmente la competencia [url] via [user]
176148a9d616a3f6a193f39f1edc5da6,GREZZI,0,Grezzi cree que se llegará pronto a un acuerdo con los sindicatos de la EMT - Valencia Noticias - https://t.co/DmOrPAmYO2 @vlcnoticias #Valencia #noticias https://t.co/KdD85EnTia,es,0,0,1,0,0,0,0,0,0,grezzi cree que se llegará pronto a un acuerdo con los sindicatos de la emt valencia noticias [url] [user] valencia noticias [url]
796bb2b2e51b58b5d3a5ead290f3c6eb,GREZZI,0,Las VTC amenazan con denunciar a Grezzi si impone una hora de reserva https://t.co/45jO0BPzp0 por @_ctoledo_ https://t.co/XPJ1Yyx4W3,es,0,0,1,0,0,0,0,0,0,las vtc amenazan con denunciar a grezzi si impone una hora de reserva [url] por [user] [url]
c7747d109a9494c183fb57edb78bd3e4,GREZZI,0,"@danielgabarda @giuseppegrezzi Te podrá caer mejor o peor Giuseppe grezzi,pero es de los pocos políticos que he conocido que lleva a cabo su programa y q si te promete algo lo hace",es,0,0,0,0,0,0,0,0,0,[user] [user] te podrá caer mejor o peor giuseppe grezzi pero es de los pocos políticos que he conocido que lleva a cabo su programa y q si te promete algo lo hace
e932bed0d84b679add39d1cbf54e511c,GREZZI,0,"@ValenciaEscucha Que se pare en el carril bici, que sirve para todo. Menuda ratonera que ha hecho Grezzi.",es,0,0,0,0,0,0,0,0,0,[user] que se pare en el carril bici que sirve para todo menuda ratonera que ha hecho grezzi
0c45828a2729b8195f072af322d62f59,GREZZI,0,"Y Donde está el derecho a decidir se los ciudadanos? El inútil Grezzi se está cargando una ciudad que hasta que llegó el era transitable"" y ahora se quiere cargar mi derecho a seleccionar transporte....Sr. Grezzi tiene hasta mayo para seguir efectuando aberraciones... https://t.co/v9PFRaaKkY""",es,0,1,0,0,0,0,2,2,2,y donde está el derecho a decidir se los ciudadanos el inútil grezzi se está cargando una ciudad que hasta que llegó el era transitable y ahora se quiere cargar mi derecho a seleccionar transporte sr grezzi tiene hasta mayo para seguir efectuando aberraciones [url]
1ebf656e34ac98a32fe2d9cf760006f7,GREZZI,0,"Hola @unautovtc
Esto es imparable 🤘😆
Grezzi se muestra a favor de aumentar a una hora el margen de contratación de las VTC https://t.co/QUGuCEgTgA vía @hortanoticias",es,0,0,1,2,0,0,0,0,0,hola [user] esto es imparable mano_haciendo_el_signo_de_cuernos cara_sonriendo_con_los_ojos_cerrados grezzi se muestra a favor de aumentar a una hora el margen de contratación de las vtc [url] vía [user]
b3d0c69a879631c80bebb0dfc8411c02,GREZZI,0,@tutaxidedia @GVAhabitatge @ximopuig @mjsalvadorubert @SignesFrancesc @domingo_carsol @PSOE @SocialistesVal Todo nuestro apoyo desde la Asociación EliteTaxi @giuseppegrezzi #Movilidad gracias por regular a Uber y Cabify y ampliar a una hora el tiempo de pre-contratación de vehículos VTC #VtcNoEsTaxi @policialocalvlc  https://t.co/64pO1O3Ett vía @vlccomunica @EliteTaxiVlc #Taxienlucha,es,0,0,2,0,0,0,0,0,0,[user] [user] [user] [user] [user] [user] [user] [user] todo nuestro apoyo desde la asociación elitetaxi [user] movilidad gracias por regular a uber y cabify y ampliar a una hora el tiempo de pre contratación de vehículos vtc vtcnoestaxi [user] [url] vía [user] [user] taxienlucha
2a091300acef5d4dac05a0c7dae636bc,GREZZI,0,"📰Grezzi amplía a una hora de espera la contratación de los VTC. Pensamos que el plazo de 15 minutos no es suficiente para hacer un control efectivo del servicio discrecional que prestan"".",es,0,0,1,1,0,1,0,1,0,periódico grezzi amplía a una hora de espera la contratación de los vtc pensamos que el plazo de 15 minutos no es suficiente para hacer un control efectivo del servicio discrecional que prestan
d976bcb3ac8e2da3c252ae6167d9bf36,GREZZI,0,.@giuseppegrezzi (@compromis) imita a @AdaColau en las contrataciones de las #VTC https://t.co/RBPd4K2Fb3 @Uber_ES @cabify_espana @unautovtc @AjuntamentVLC,es,0,0,1,0,0,0,0,0,0,[user] [user] imita a [user] en las contrataciones de las vtc [url] [user] [user] [user] [user]
94d59cd7c016e43f8cda479ee4b4f5d2,GREZZI,0,@Barchinodea @angelick1979 @ValenciaEscucha Pero si Grezzi ha hecho los carriles bici con 50 votos de los vecinos teniendo en contra a miles. A ver si asumes que el PP no gobierna hace 4 años y aprende a asumir alguna responsabilidad. Los cuentos a quien se los crea chato,es,0,0,0,0,0,1,0,0,0,[user] [user] [user] pero si grezzi ha hecho los carriles bici con 50 votos de los vecinos teniendo en contra a miles a ver si asumes que el pp no gobierna hace 4 años y aprende a asumir alguna responsabilidad los cuentos a quien se los crea chato
77f56d81ec2e26b2a104a87588324b67,GREZZI,0,"@Tonicanto1 @Juliof_Artillo @compromis Opino igual. Mi voto lo tienes en la Generalitat... en la ciudad de Valencia sólo espero que Giner proponga en su programa electoral, eliminar todas las barbaridades de tráfico que han hecho los de la bicicleta, Grezzi y Ribó.",es,0,0,0,0,0,0,1,0,1,[user] [user] [user] opino igual mi voto lo tienes en la generalitat en la ciudad de valencia sólo espero que giner proponga en su programa electoral eliminar todas las barbaridades de tráfico que han hecho los de la bicicleta grezzi y ribó
73c4f166915399ea888fec0adecc7273,GREZZI,0,"@CompromisVLC @giuseppegrezzi @compromis Pensando más en las personas que conviven en su ciudad que en los lobbys, donde sólo buscan un beneficio económico a costa de precarizar el empleo. Valiente Grezzi",es,0,0,0,0,0,0,0,0,0,[user] [user] [user] pensando más en las personas que conviven en su ciudad que en los lobbys donde sólo buscan un beneficio económico a costa de precarizar el empleo valiente grezzi
85b481e1dfd2ef0833726ee533d552d1,GREZZI,0,Ya está Grezzi atacando a los emprendedores https://t.co/UfnX5MFbQR,es,0,0,0,0,0,0,0,0,0,ya está grezzi atacando a los emprendedores [url]
7e79e20d6c9071fb15e3296190e20244,GREZZI,0,"@levante_emv Grezzi vuélvete a Italia o deja la ciudad en paz... somos ya ej. de ridiculo ambulancias,  caos movilidad , más polución x atascos, accidentes a peatones ancianos(as) , y ahora de carcas promonopolio frente a los jóvenes y turistas q son los que usan Uber",es,0,0,0,0,0,0,1,0,1,[user] grezzi vuélvete a italia o deja la ciudad en paz somos ya ej de ridiculo ambulancias caos movilidad más polución x atascos accidentes a peatones ancianos as y ahora de carcas promonopolio frente a los jóvenes y turistas q son los que usan uber
88f30c78ee203a0ca274677e3baa290a,GREZZI,0,"📻 @NarcisoEstelles Me preocupa que a Ribó y Grezzi todo lo que tiene que ver con modernidad les desborde"" @977radio""",es,0,0,0,1,0,0,0,2,0,radio [user] me preocupa que a ribó y grezzi todo lo que tiene que ver con modernidad les desborde [user]
44a0fc4fad1d4cfb4148440850c44ea4,GREZZI,0,"@CsValencia_C @NarcisoEstelles @CsCValenciana @Fginer @Tonicanto1 @amparopicoCS @M_Camarasa @nachoprendes @MCsanchezCs @toniroldanm @FranHervias @jmespejosaav Este tripartito a mentido y ocultado datos a todo el mundo. Con Grezzi a la cabeza de los mentirosos, maleducados y tramposos. Menos mal que se van a ir pronto.",es,0,0,0,0,0,0,0,0,0,[user] [user] [user] [user] [user] [user] [user] [user] [user] [user] [user] [user] este tripartito a mentido y ocultado datos a todo el mundo con grezzi a la cabeza de los mentirosos maleducados y tramposos menos mal que se van a ir pronto
9df207440536e6068e91cec3e3f841ee,GREZZI,0,"@radaresvalencia Si el único fin de ese radar fuera recaudatorio, estaría más escondido y no habría una señal anunciándolo 200 metros antes... Pero hay que malmeter como sea contra Grezzi y los pancatalanistas con su maldito carril bici 😂",es,0,0,0,1,0,1,1,0,1,[user] si el único fin de ese radar fuera recaudatorio estaría más escondido y no habría una señal anunciándolo 200 metros antes pero hay que malmeter como sea contra grezzi y los pancatalanistas con su maldito carril bici cara_llorando_de_risa
e1985c75f370d81c8f341fa9384ecd0b,GREZZI,0,"📡@Tonicanto1 Hemos dicho clarísimamente que no vamos a pactar con un PSOE que prefiere pactar con Otegi y ERC o con Marzà y Grezzi aquí en la Comunidad Valenciana"" #ActualidadCs https://t.co/HBbV60vMMG""",es,0,0,2,1,0,1,0,2,0,antena_de_satélite [user] hemos dicho clarísimamente que no vamos a pactar con un psoe que prefiere pactar con otegi y erc o con marzà y grezzi aquí en la comunidad valenciana actualidadcs [url]
973402d3dd2ca0e36f9df94cec4edbd1,GREZZI,0,"En Valencia Giuseppe grezzi se mueve en bicicleta y da ejemplo,aquí se mueven en coche oficial y mientras se sacan la foto lo tienen en marcha para q este fresquito. https://t.co/PVxavVjwhr",es,0,0,0,0,0,0,0,0,0,en valencia giuseppe grezzi se mueve en bicicleta y da ejemplo aquí se mueven en coche oficial y mientras se sacan la foto lo tienen en marcha para q este fresquito [url]
3f990c7504f000670bb864552924c5a0,GREZZI,0,"@ValenCicleta @juanitopez @MADciclista Es -casi- imposible que vayas por la calzada libre en Valencia. Apenas tienes derecho a ello, tras la Ordenanza de Grezzi. Y, en Madrid, sentimos no poder ponerte un carril bici en cada calle. Pide ayuda a Segregaman, que lo lleva @PDiazAlejo https://t.co/MvDvVmeOiT",es,0,0,0,0,0,1,0,0,0,[user] [user] [user] es casi imposible que vayas por la calzada libre en valencia apenas tienes derecho a ello tras la ordenanza de grezzi y en madrid sentimos no poder ponerte un carril bici en cada calle pide ayuda a segregaman que lo lleva [user] [url]
b55cb19cc210f605df4366c3b26d2090,GREZZI,0,@undosytess Grezzi dimisión,es,0,0,0,0,0,0,0,0,0,[user] grezzi dimisión
4f0b8f3aba8461890e979f27c4ee15ca,GREZZI,0,"@cansinako @manumanyes @AjuntamentVLC @giuseppegrezzi @VlcMobilitat @TransitValencia @TaxiFedeVLC @antaxi_ofi @FPtaxiMadrid Es cuestión de acostumbrarse, creo que es difícil de entender pero Grezzi busca el bien para nuestra ciudad. Darle un voto de confianza",es,0,0,0,0,0,0,0,0,0,[user] [user] [user] [user] [user] [user] [user] [user] [user] es cuestión de acostumbrarse creo que es difícil de entender pero grezzi busca el bien para nuestra ciudad darle un voto de confianza
578f62376880abe139c4e53edb53ba65,GREZZI,0,@jordi_27 @joanribo A grezzi es al que no teneis que poner,es,0,0,0,0,0,1,0,0,0,[user] [user] a grezzi es al que no teneis que poner
89b99d717bb019834c0ed8067fa66497,GREZZI,0,"“Apostar por la #bicicleta es un win-win.” @giuseppegrezzi
 https://t.co/x2ec8zRWJq via @ciclosfera

#bici #bicis #carrilbici",es,0,0,0,0,0,0,0,2,0,apostar por la bicicleta es un win win [user] [url] via [user] bici bicis carrilbici
19cc7281aedb44d0fd47ed6f62d004cc,GREZZI,0,"@CsValencia_C Carril bici si, pero con cabezota uno como lo hace el cabezota de Grezzi . Las formas de hacer las cosas son importantes 🧐",es,0,0,0,1,0,0,0,0,0,[user] carril bici si pero con cabezota uno como lo hace el cabezota de grezzi las formas de hacer las cosas son importantes cara_con_monóculo
b91a2800427d6fd45617c2d49ede06d8,GREZZI,0,@valenciaplaza Grezzi expulsión del planeta,es,0,0,0,0,0,0,0,0,0,[user] grezzi expulsión del planeta
8dddc6506db0829f3eebfdd039a53cdf,GREZZI,0,El PP insiste en cambiar la Ordenanza de Movilidad de Grezzi por el ninguneo a la Policía Local https://t.co/6XIDBGbqEL https://t.co/gVNW9S7EQS,es,0,0,0,0,0,0,0,0,0,el pp insiste en cambiar la ordenanza de movilidad de grezzi por el ninguneo a la policía local [url] [url]
4a792c7909d6f0caa699c63e86c78b25,GREZZI,0,"El caos instalado el la ciudad de #València gracias a @joanribo @sergicampillo_  y el impresentable de #Grezzi.
#AVerSiHaySuerte y en las próximas elecciones os vais a montar en patinete a Alaska. https://t.co/S9l6crNorW",es,0,0,0,0,0,0,0,0,0,el caos instalado el la ciudad de valència gracias a [user] [user] y el impresentable de grezzi aversihaysuerte y en las próximas elecciones os vais a montar en patinete a alaska [url]
3b277acaf9bb0fc14d17db289dd04467,GREZZI,0,"@ValenciaEscucha @giuseppegrezzi @joanribo @SocialistesVal @Fginer @SanGomezLopez @compromis de verdad, ¿creéis que esto es normal? Paradle las manos a Grezzi. Actúa sin estudios y consideraciones previas!!!!",es,4,2,0,0,0,1,1,0,0,[user] [user] [user] [user] [user] [user] [user] de verdad creéis que esto es normal paradle las manos a grezzi actúa sin estudios y consideraciones previas
f679449ab7d4c7d5a2f136c9fbab0be1,GREZZI,0,"@ActibiciVlc @coletassoft @MADciclista Bueno, tu libro, es la Segregación. Recurres con frecuencia a Amsterdam, como tu modelo ciclista, que no ciudadano. ¿Crees que con las medidas de Grezzi, con su Ordenanza, vas a conseguir emular esa centenaria Cultura? ¿Con bidireccionales? Dime.",es,0,4,0,0,0,1,0,0,0,[user] [user] [user] bueno tu libro es la segregación recurres con frecuencia a amsterdam como tu modelo ciclista que no ciudadano crees que con las medidas de grezzi con su ordenanza vas a conseguir emular esa centenaria cultura con bidireccionales dime
5a067704c96c07214019bf8fa9dc906a,GREZZI,0,El PP insiste en cambiar la Ordenanza de Movilidad de Grezzi por el ninguneo a la Policía Local https://t.co/6XIDBGbqEL https://t.co/oVIJJLGvtK,es,0,0,0,0,0,0,0,0,0,el pp insiste en cambiar la ordenanza de movilidad de grezzi por el ninguneo a la policía local [url] [url]
8e5c4558f920933ba953aee5b91a57cc,GREZZI,0,"El @PPVLC @mjosecatala propone cambiar Ordenanza Movilidad Grezzi por ninguneo a Policía Local: no circular por zonas peatonales ni en sentido contrario, acceso personas movilidad reducida, aparcar en carril bus por noche...

 https://t.co/Z0KyOBpnvj  @valenciaplaza @MJCalcaldesa",es,0,0,1,0,0,2,1,0,1,el [user] [user] propone cambiar ordenanza movilidad grezzi por ninguneo a policía local no circular por zonas peatonales ni en sentido contrario acceso personas movilidad reducida aparcar en carril bus por noche [url] [user] [user]
9834ba2c0b6b2e0a01c79e317c07bdba,GREZZI,0,"Hay que mandar a tantos a la calle: a la bachiller Ada Colau, a la abuelita feroz de Carmena, al trepa de Sánchez, al kichi, al napolitano Grezzi en Valencia....que no se si es suficiente unas elecciones para enviarlos a todos a sus cavernas atapuerquensis! #VOXSaleaGanar",es,1,0,0,0,0,1,1,0,1,hay que mandar a tantos a la calle a la bachiller ada colau a la abuelita feroz de carmena al trepa de sánchez al kichi al napolitano grezzi en valencia que no se si es suficiente unas elecciones para enviarlos a todos a sus cavernas atapuerquensis voxsaleaganar
c13edfa16ec89e178f270c25da5ec9ca,GREZZI,0,"Hay que mandar a la calle al macho alfa: Iglesias de nuevo a Vallecas a que busque la oficina de empleo, al Argentino de Echenique a ver si en su país dice lo mismo, a Grezzi a Nápoles a ver si en esa ciudad del caos pone tanta bici....#VOXSaleaGanar",es,0,0,0,0,0,0,1,0,1,hay que mandar a la calle al macho alfa iglesias de nuevo a vallecas a que busque la oficina de empleo al argentino de echenique a ver si en su país dice lo mismo a grezzi a nápoles a ver si en esa ciudad del caos pone tanta bici voxsaleaganar
b6f8f7af2fa9a9853304e25ec2d45323,GREZZI,0,"Hay que mandar a tantos a la calle: A Echenique a su país , Argentina, a ver si allí da tantos planes o le falta sillita y ruedas para salir pitando, A Iglesias: del casoplon a que busque la oficina de empleo en Vallecas, al Grezzi a Nápoles   #VOXSaleaGanar",es,0,0,0,0,0,0,1,0,0,hay que mandar a tantos a la calle a echenique a su país argentina a ver si allí da tantos planes o le falta sillita y ruedas para salir pitando a iglesias del casoplon a que busque la oficina de empleo en vallecas al grezzi a nápoles voxsaleaganar
118c396da07a775ac6e6efa586c5d578,GREZZI,0,"Hay que tirar a tanta gente: al Giuseppe Grezzi concejal de compromis en Valencia a su Nápoles natal a ver si le falta pedal y bici para correr allí, a la abuelita Carmina feroz con los lobitos disfrazados de cordero a vez a acogen en la manada....#VOXSaleaGanar",es,0,0,0,0,0,0,1,0,1,hay que tirar a tanta gente al giuseppe grezzi concejal de compromis en valencia a su nápoles natal a ver si le falta pedal y bici para correr allí a la abuelita carmina feroz con los lobitos disfrazados de cordero a vez a acogen en la manada voxsaleaganar
51597cf665ce621c8925456eed431d66,GREZZI,0,La que está liando Grezzi https://t.co/azb1pSOdue,es,0,0,0,0,0,0,0,0,0,la que está liando grezzi [url]
c2990b86541c90acd9447283d2b99c86,GREZZI,0,"@perefuset @pilarsorianocxv @sergicampillo_ @gtellocompany @giuseppegrezzi @isalozanovlc @carlosgaliana @consolcastillo @Fesord @COCEMFEValencia @AjuntamentVLC Tú todo ok, lastima que tenéis a Grezzi en el equipo.",es,0,0,0,0,0,0,0,0,0,[user] [user] [user] [user] [user] [user] [user] [user] [user] [user] [user] tú todo ok lastima que tenéis a grezzi en el equipo
58d81e0c35b69b81f1abd4f2133739c9,GREZZI,0,@ThE_KoP_V @lasprovincias @monicaoltra Yo más a Grezzi ! Lo malo es q pagaremos nuevamente por revertir su patología enfermiza.,es,1,0,0,0,0,0,0,0,0,[user] [user] [user] yo más a grezzi lo malo es q pagaremos nuevamente por revertir su patología enfermiza
d935ae5a7be0f413bd76bfa59d1acd1b,GREZZI,0,Maldito seas Grezzi el ornitorrinco https://t.co/4qlhKWGII5,es,0,0,0,0,0,0,0,0,0,maldito seas grezzi el ornitorrinco [url]
83fde1be346035ca1e3f470f5a051e88,GREZZI,0,"@ValenCicleta @ValenciaEscucha @joanribo Che ya esta aqui otra vez el d las bicicletas! A ver q yo soy Valenciano, pero sino tuiteo en Valenciano, es precisamente para q el resto de españoles me puedan entender! Y mas cuando estoy denunciando las barbaries de Ribo y d Grezzi! 🤑 #SiguemeYTeSigoVOX #VoxExtremaNecesidad",es,3,0,0,1,0,1,0,0,0,[user] [user] [user] che ya esta aqui otra vez el d las bicicletas a ver q yo soy valenciano pero sino tuiteo en valenciano es precisamente para q el resto de españoles me puedan entender y mas cuando estoy denunciando las barbaries de ribo y d grezzi cara_con_lengua_de_dinero siguemeytesigovox voxextremanecesidad
7553e47e21e6903458bfc7a8776ad6a8,GREZZI,0,"En Abril-Mayo a que tirar a mucho dirigente a su país a ver allí como mandan: A Monica Oltra a Alemania, a Joan Ribo a Cataluña, a Echenique a Argentina y...esto lo dejó para el final: a Giuseppe Grezzi a Italia a ver si le falta allí pedal y bici para correr #VOXSaleaGanar",es,0,0,0,0,0,0,1,0,1,en abril mayo a que tirar a mucho dirigente a su país a ver allí como mandan a monica oltra a alemania a joan ribo a cataluña a echenique a argentina y esto lo dejó para el final a giuseppe grezzi a italia a ver si le falta allí pedal y bici para correr voxsaleaganar
f170f0b7a08d80cb67f831db8cf16f69,GREZZI,0,"#Podcast La #noticiaeconomica de la #semana con @VicenteMontaez: propuesta de #Grezzi a la catalana para las #VTC y estancamiento del #Turismo. Escúchanos los #viernes a las 17 h., en @junglaradiovlc, 101.9 fm. https://t.co/AKX9YcSF65",es,0,0,1,0,0,0,0,0,0,podcast la noticiaeconomica de la semana con [user] propuesta de grezzi a la catalana para las vtc y estancamiento del turismo escúchanos los viernes a las 17 h en [user] 101 9 fm [url]
4a359b1ae75977308640dadaa394f378,GREZZI,0,"🔴 Valencia: 
La Policía Local están más que hastiados de que tengan que pagar los platos rotos y el enfado ciudadano, por la mala gestión de Grezzi y el despotismo de Ribó. https://t.co/CqJkBT04P2",es,0,0,0,1,0,0,0,0,0,círculo_rojo valencia la policía local están más que hastiados de que tengan que pagar los platos rotos y el enfado ciudadano por la mala gestión de grezzi y el despotismo de ribó [url]
669845d336b148e0aca0e7ef6057a1ff,GREZZI,0,"@EslaTardeVLC Buenas tardes, querido Joseca, hablas de las calles cortadas en fallas, ¿Y la calles cortadas por la estupidez de Grezzi? paso todos los días por la Avda. Constitución, una calle con mucho trafico, por cierto, don de vive un familiar de Avalos, la calle, un embudo.",es,0,2,0,0,0,0,0,0,0,[user] buenas tardes querido joseca hablas de las calles cortadas en fallas y la calles cortadas por la estupidez de grezzi paso todos los días por la avda constitución una calle con mucho trafico por cierto don de vive un familiar de avalos la calle un embudo
42f00988c61d94d3d321f147e5ad12c3,GREZZI,0,@ValenciaEscucha 5 policias locales para dirigir el desastre de tráfico que ha causado Grezzi para 200m de la calle Ruzafa https://t.co/hJNODIOhCe,es,0,0,0,0,0,0,0,0,0,[user] 5 policias locales para dirigir el desastre de tráfico que ha causado grezzi para 200m de la calle ruzafa [url]
400b49953095f105a40850b071917038,GREZZI,0,@AjuntamentVLC un consejo para el alcalde: hay días que es bueno leer la prensa para no repetir errores. Pero con el @Compromis de Grezzi y Ribo todo es posible. https://t.co/hNFyU14SGk,es,0,0,0,0,0,1,0,0,0,[user] un consejo para el alcalde hay días que es bueno leer la prensa para no repetir errores pero con el [user] de grezzi y ribo todo es posible [url]
c123ac63b579cc13f6b28fa0bd6df67a,GREZZI,0,"#NowPlaying Ahora sonando en Radio Malva: Malva-rosapop (1h04m)
Malva-rosapop 414
Hoy está conmigo Giuseppe Grezzi que nos trae música cantada por mujeres y nos habla de la actualidad(...)
Escúchalo en el 104.9FM, en https://t.co/GR54rDpbIW o en podcast: https://t.co/TyJQQKvM5x",es,0,0,0,0,0,0,1,0,1,nowplaying ahora sonando en radio malva malva rosapop 1h04m malva rosapop 414 hoy está conmigo giuseppe grezzi que nos trae música cantada por mujeres y nos habla de la actualidad escúchalo en el 104 9fm en [url] o en podcast [url]
4965a4a486dc6ef03d2cbc9a9d6e01eb,GREZZI,0,"El AMPA acude a la comisión de urbanismo y movilidad ante Grezzi y al peno del Ayuntamiento de este Jueves para exigir una solución al problema del carril BUS de Jacinto Benavente.
https://t.co/KRbAoD5cWT https://t.co/WyiCnEeiVQ",es,0,0,2,0,0,0,0,0,0,el ampa acude a la comisión de urbanismo y movilidad ante grezzi y al peno del ayuntamiento de este jueves para exigir una solución al problema del carril bus de jacinto benavente [url] [url]
bc970686d43a0ed02c34a5130dd67d15,GREZZI,0,"Catalá: Soy una milenial y creo en las bicis pero no en la dictadura"" de Grezzi - Levante-EMV ... y yo no soy del PP y suscribo cada palabra de Catalán. #noescuestiondepartidospoliticos https://t.co/LarTmmZOmc""",es,0,0,1,0,0,2,1,2,1,catalá soy una milenial y creo en las bicis pero no en la dictadura de grezzi levante emv y yo no soy del pp y suscribo cada palabra de catalán noescuestiondepartidospoliticos [url]
66418fa8a27692714f51b7b0e949dbaa,GREZZI,0,@Tonicanto1 Que siga así el sr Grezzi que nos está haciendo la campaña,es,0,0,0,0,0,0,0,0,0,[user] que siga así el sr grezzi que nos está haciendo la campaña
f5f61586c041792a7a4101e101bdc4b9,GREZZI,0,@Tonicanto1 La foto es real!! Grezzi y sus ocurrencias sin límites.,es,2,0,0,0,0,1,0,0,0,[user] la foto es real grezzi y sus ocurrencias sin límites
747c998bc9ece1796401c77fb974eaef,GREZZI,0,"@ValenciaEscucha Grezzi está destrozando Valencia. El carril bici colapsa el centro de la ciudad. Atascos monumentales, ambulancias atrapadas, calles cortadas por bus averiado, calles que directamente anulan para reconvertirlas en carri bici... Y suma y sigue....",es,0,0,0,0,0,0,2,0,2,[user] grezzi está destrozando valencia el carril bici colapsa el centro de la ciudad atascos monumentales ambulancias atrapadas calles cortadas por bus averiado calles que directamente anulan para reconvertirlas en carri bici y suma y sigue
3838cc0713c735de2512ef64d8c1e4b5,GREZZI,0,@ValenciaEscucha Éste Grezzi nos va a volver locos a todos. Igual es lo que quiere...,es,0,0,0,0,0,0,1,0,1,[user] éste grezzi nos va a volver locos a todos igual es lo que quiere
13db52b61c2cad845f127ac165e19e94,GREZZI,0,@ActibiciVlc @DNavass @fixovalle @olafdosmilonce @make_bike @wheels_the_one @EMTmadrid @AhoraMadrid @BiciMAD Los quitamos y paga Grezzi la famosa red de Pedalencerrao. https://t.co/oSRlw2r86j,es,0,0,0,0,0,0,0,0,0,[user] [user] [user] [user] [user] [user] [user] [user] [user] los quitamos y paga grezzi la famosa red de pedalencerrao [url]
fbe74ecd4562563e4fe7ab67c9fe88a6,GREZZI,0,@ActibiciVlc @DNavass @fixovalle @olafdosmilonce @make_bike @wheels_the_one @EMTmadrid @AhoraMadrid @BiciMAD ¿Te parecen pocos?¿Cuantos kms y cuantos como yo necesitas para saber que el cuento de Grezzi no cuela en Madrid?¿Mil?,es,0,6,0,0,0,1,0,0,0,[user] [user] [user] [user] [user] [user] [user] [user] [user] te parecen pocos cuantos kms y cuantos como yo necesitas para saber que el cuento de grezzi no cuela en madrid mil
354f3271be5c5a4d94c7418d8e9758b4,GREZZI,0,"@DNavass @ActibiciVlc @olafdosmilonce @fixovalle @make_bike @wheels_the_one @EMTmadrid @AhoraMadrid @BiciMAD El PP quitará dos o tres para marcar su territorio. El plan era suyo, y Grezzi se lo ha quitado. ¿Sospechoso vuestro PP de ser ser pro-bici?",es,0,2,0,0,0,0,0,0,0,[user] [user] [user] [user] [user] [user] [user] [user] [user] el pp quitará dos o tres para marcar su territorio el plan era suyo y grezzi se lo ha quitado sospechoso vuestro pp de ser ser pro bici
fe0e57abb4ac03c513fd0f31e2c8e44b,GREZZI,0,"@ActibiciVlc @DNavass @olafdosmilonce @fixovalle @make_bike @wheels_the_one @EMTmadrid @AhoraMadrid @BiciMAD ¿O de renunciar, en nombre de Grezzi, al derecho a usar la calzada libre de Valencia? ¿Eh?",es,0,4,0,0,0,0,0,0,0,[user] [user] [user] [user] [user] [user] [user] [user] [user] o de renunciar en nombre de grezzi al derecho a usar la calzada libre de valencia eh
72f2ace66e02862697d35ff45da0a069,GREZZI,0,@pacolonso La culpa es de Ribó y Grezzi 😂😂😂,es,0,0,0,3,0,0,1,0,0,[user] la culpa es de ribó y grezzi cara_llorando_de_risa cara_llorando_de_risa cara_llorando_de_risa
ed779334443960a2ee42a0d4a303cbe6,GREZZI,0,@CheNFureci2 Grezzi es tonto,es,0,0,0,0,0,0,0,0,0,[user] grezzi es tonto
d61fab5c457875f84f5d9e2d0f74bc62,GREZZI,0,"@sergicampillo_ @Alex34019315 @GVAparcs @generalitat @AjuntamentVLC @DevesaAlbufera @Elenetcc @joanribo @monicaoltra @mjsalvadorubert Perdona no es de TODO el gobierno municipal es de TU compañero de partido Grezzi , que las cagadas de tus compañeros las Asumáis vosotros no los demás",es,0,0,1,0,0,2,0,0,0,[user] [user] [user] [user] [user] [user] [user] [user] [user] [user] perdona no es de todo el gobierno municipal es de tu compañero de partido grezzi que las cagadas de tus compañeros las asumáis vosotros no los demás
5d65dfe4c767492bb4c92b95f0a3ce40,GREZZI,0,@ValenciaEscucha Que gran problema tiene el @AjuntamentVLC con Ribo y Grezzi. Que gran problema es @compromis https://t.co/lzQoNab3ke,es,0,0,0,0,0,0,0,0,0,[user] que gran problema tiene el [user] con ribo y grezzi que gran problema es [user] [url]
bde51a0cb1daa142c7dc92cbe8ec84c0,GREZZI,0,grezzi mas tontopollas no puede ser... https://t.co/aDDVm0xCZs,es,0,0,0,0,0,1,1,0,1,grezzi mas tontopollas no puede ser [url]
ee1015ae33ed17cc42734cad7b087d40,GREZZI,0,Si se compromete a quitar el carril bici abusivo de Grezzí tiene mi voto https://t.co/6bV4vgG8hc,es,0,0,0,0,0,0,0,0,0,si se compromete a quitar el carril bici abusivo de grezzí tiene mi voto [url]
96d2856dea2ab31152b056a3e6ea32a9,GREZZI,0,"@mjosecatala @levante_emv Que en una ciudad de 800.000 personas se haga un carril bici en Reino de Valencia porque lo han votado 66 personas, y no se ha preguntado al barrio, es una tomadura de pelo. Bici sí, y patinete, pero con cabeza y sentido común, y no como Grezzi",es,0,0,0,0,0,2,1,0,0,[user] [user] que en una ciudad de 800 00 personas se haga un carril bici en reino de valencia porque lo han votado 66 personas y no se ha preguntado al barrio es una tomadura de pelo bici sí y patinete pero con cabeza y sentido común y no como grezzi
3511faab1463c27ce427fa648de3a868,GREZZI,0,"@ActibiciVlc @sergicampillo_ @Alex34019315 @GVAparcs @generalitat @AjuntamentVLC @DevesaAlbufera @Elenetcc @joanribo @monicaoltra @mjsalvadorubert Como Grezzi , que no ha tenido tiempo de hacer el reglamento de movilidad y lo hace a última hora , Grezzi se esconde en las faldas de Ribó y hace mal.",es,0,0,0,0,0,1,0,0,0,[user] [user] [user] [user] [user] [user] [user] [user] [user] [user] [user] como grezzi que no ha tenido tiempo de hacer el reglamento de movilidad y lo hace a última hora grezzi se esconde en las faldas de ribó y hace mal
61263881a26b41fb2fcc900cd0282aac,GREZZI,0,"@Tonicanto1 Así engañan todos: @CompromisVLC @compromis cuando llegó, dijo q gobernaria x y para el pueblo, y para erradicar los caprichos y egoísmos políticos...Aquí tienen la ciudad q le sale d los huevos a @giuseppegrezzi #grezzi #giuseppegrezzi (q no sé para q lo mnciono si me tiene ❎)",es,0,0,0,1,0,1,1,0,1,[user] así engañan todos [user] [user] cuando llegó dijo q gobernaria x y para el pueblo y para erradicar los caprichos y egoísmos políticos aquí tienen la ciudad q le sale d los huevos a [user] grezzi giuseppegrezzi q no sé para q lo mnciono si me tiene botón_con_marca_de_cruz
29080b256a17f29e79cf6a6a7f2dff8f,GREZZI,0,"@ValenciaEscucha Escalofriante documento del carril bici muy necesario"" en Juan XXIII a las 11am d hoy",es,0,0,1,0,0,0,1,1,0,[user] escalofriante documento del carril bici muy necesario en juan xxii a las 11am d hoy
2dc59107d1126c242e8ca4f26a5be45d,GREZZI,0,"@Pableraso Y grezzi hoy diciendo que lo que pasa es los atascos es por  que hay un exceso de automoción en Valencia.
Mayor incompetente no nos podía haber caído.",es,0,0,0,0,0,1,0,0,0,[user] y grezzi hoy diciendo que lo que pasa es los atascos es por que hay un exceso de automoción en valencia mayor incompetente no nos podía haber caído
7ba51737e4ab4a02d29b5bdec9615e00,GREZZI,0,"@JoaquinQuinta12 @Gallato7 @joanribo @giuseppegrezzi @Fginer @VicenteTen @NarcisoEstelles @Tonicanto1 @CaballeroElche @PepeTurpin @jgimenocs @mamen_peris @JOSECRUZA149 @rosariomarco1 Acabas de definir a Ribó, Grezzi y Compromís en general.",es,0,0,0,0,0,0,0,0,0,[user] [user] [user] [user] [user] [user] [user] [user] [user] [user] [user] [user] [user] [user] acabas de definir a ribó grezzi y compromís en general
af5966e7e60223da2dced61cb5cf8972,GREZZI,0,"@PSOEValencia @borsanro Amigo @borsanro a tu gobierno ya le queda poco ,para estar en el Ayuntamiento de Valencia ,al igual que el señor grezzi ,panda de incompetentes ,sólo queréis colapsar valencia ,i queréis lo peor para la ciudad a la vista está.",es,0,0,0,0,0,0,0,0,0,[user] [user] amigo [user] a tu gobierno ya le queda poco para estar en el ayuntamiento de valencia al igual que el señor grezzi panda de incompetentes sólo queréis colapsar valencia i queréis lo peor para la ciudad a la vista está
6267806de3bf287048e081ecb43e0132,GREZZI,0,Grezzi... déjanos en paz. https://t.co/aWCVZcIkxv,es,0,0,0,0,0,0,1,0,1,grezzi déjanos en paz [url]
06cc66302f0886b4c7f3f222870f9233,GREZZI,0,"Señor #Grezzi . La climatología de Valencia siempre  es la misma. La contaminación de ahora , se debe al cambio de semaforos, al carril bici (que ha quitado muchos carriles de conducir). Y a todas las pantochadas que está haciendo con la circulación",es,0,0,0,0,0,0,0,0,0,señor grezzi la climatología de valencia siempre es la misma la contaminación de ahora se debe al cambio de semaforos al carril bici que ha quitado muchos carriles de conducir y a todas las pantochadas que está haciendo con la circulación
d298bacc1d6f8a9bb7edd9ab6688236f,GREZZI,0,"@ActibiciVlc @wheels_the_one @vic_melch @DNavass @olafdosmilonce @fixovalle @make_bike @EMTmadrid @AhoraMadrid @BiciMAD Aquí, tampoco. En realidad, el ocultismo de la accidentalidad ciclista de Valencia es otra virtud de Grezzi.",es,0,0,0,0,0,1,0,0,0,[user] [user] [user] [user] [user] [user] [user] [user] [user] [user] aquí tampoco en realidad el ocultismo de la accidentalidad ciclista de valencia es otra virtud de grezzi
ca8a82bf169b71b4c4782772d0e9f749,GREZZI,0,"Vaya destroza está haciendo Grezzi en Manuel Candela ¿era ncesario cargarse árboles y destrozar la mediana para hacer un carril bici?
#Valencia https://t.co/hQd6bmYkTG",es,0,2,0,0,0,0,0,0,0,vaya destroza está haciendo grezzi en manuel candela era ncesario cargarse árboles y destrozar la mediana para hacer un carril bici valencia [url]
b033774d7bf51bc6084475810b69f10f,GREZZI,0,"@DNavass @ActibiciVlc @wheels_the_one @vic_melch @olafdosmilonce @fixovalle @make_bike @EMTmadrid @AhoraMadrid @BiciMAD Noooo, de derechos ciudadanos ciclistas en contraposición al privilegio absoluto de dominar la calzada urbana por parte del coche. Uno, es listo, por algo.
Vamos, que Grezzi es un mamporrero del lobby. Resumiendo.",es,0,0,0,0,0,0,1,0,0,[user] [user] [user] [user] [user] [user] [user] [user] [user] [user] noo de derechos ciudadanos ciclistas en contraposición al privilegio absoluto de dominar la calzada urbana por parte del coche uno es listo por algo vamos que grezzi es un mamporrero del lobby resumiendo
e61db0aae4b9c7250e40f15c0e18a8e7,GREZZI,0,@DNavass @ActibiciVlc @wheels_the_one @vic_melch @olafdosmilonce @fixovalle @make_bike @EMTmadrid @AhoraMadrid @BiciMAD Suerte que tiene Grezzi de que viva en Madrid.,es,0,0,0,0,0,0,0,0,0,[user] [user] [user] [user] [user] [user] [user] [user] [user] [user] suerte que tiene grezzi de que viva en madrid
1d30313ec366d41d0eccf493a9621174,GREZZI,0,Sr @joanribo se lo digo a usted ya que el sr Grezzi me tiene bloqueada pq no les gustan las críticas y quejas.A ver si en vez de tanta ratonera con el carril bici nos dedicamos a arreglar los pasos para personas con movilidad reducida. Mi madre ha estado a punto de besar el suelo,es,0,0,0,0,0,1,0,0,0,sr [user] se lo digo a usted ya que el sr grezzi me tiene bloqueada pq no les gustan las críticas y quejas a ver si en vez de tanta ratonera con el carril bici nos dedicamos a arreglar los pasos para personas con movilidad reducida mi madre ha estado a punto de besar el suelo
fac49949aec1ffe74c2a9417392f0dfc,GREZZI,0,"Qué es lo q pretenden! Entre eso y los pitidos, por los atascos delimpuesto carril bici, es para ir bajo las ventanas de Ribo y Grezzi, a amenizarles! Eso si, cada día más incomodar al residente. Nos iremos al área metropolitana y cada vez tendrán menos dinero para la ciudad.",es,2,0,0,0,0,0,0,0,0,qué es lo q pretenden entre eso y los pitidos por los atascos delimpuesto carril bici es para ir bajo las ventanas de ribo y grezzi a amenizarles eso si cada día más incomodar al residente nos iremos al área metropolitana y cada vez tendrán menos dinero para la ciudad
ea73ec0ed39721f8080478962937ebab,GREZZI,0,El concejal de Movilidad segrega un carril bus a la entrada del Colegio Loreto para que los padres no puedan para a dejar y recoger a los niños. Nos... https://t.co/Wzj9eInGe8,es,0,0,0,0,0,1,1,0,1,el concejal de movilidad segrega un carril bus a la entrada del colegio loreto para que los padres no puedan para a dejar y recoger a los niños nos [url]
0939a0fd9afe6f35d20f36b83c1d75ad,GREZZI,0,"@TransitValencia @emtvalencia @VlcMobilitat @AjuntamentVLC @agenciabiciVLC ¿Más amable para los viandantes? Desde que hay calles con carril bici, caminar por las aceras de esas calles es un peligro para los peatones. Por mucho que el concejal Grezzi diga lo contrario.",es,0,2,0,0,0,0,0,0,0,[user] [user] [user] [user] [user] más amable para los viandantes desde que hay calles con carril bici caminar por las aceras de esas calles es un peligro para los peatones por mucho que el concejal grezzi diga lo contrario
7f0a1e66758dc532fca759b2e1f4198e,GREZZI,0,Grezzi tendrá que explicar ante Fiscalía una presunta prevaricación denunciada por C’s https://t.co/v3N8GK6toO,es,0,0,0,0,0,0,0,1,0,grezzi tendrá que explicar ante fiscalía una presunta prevaricación denunciada por c s [url]
aa09139e5f1155e76e2b20745fca2441,GREZZI,0,El carril bici de Grezzi galardonado como el mejor de España https://t.co/SMbQDbQ7oV https://t.co/RZ3mcGKSgO,es,0,0,0,0,0,0,0,0,0,el carril bici de grezzi galardonado como el mejor de españa [url] [url]
f9f7d0b2b7092538eef0aaa59d191ae3,GREZZI,0,"🔴Valencia: 
“GREZZI PONE EN PELIGRO LA SEGURIDAD DE LOS NIÑOS DEL COLEGIO LORETO” https://t.co/7l6U8XeQKC @popularesVLC https://t.co/wzuPW6paFP",es,0,0,9,1,0,0,0,2,0,círculo_rojo valencia grezzi pone en peligro la seguridad de los niños del colegio loreto [url] [user] [url]
5a5fb67ddd2464aa6ae4ca4280ae6f34,GREZZI,0,El cabezota de Grezzi @giuseppegrezzi haciendo de las suyas. Podríamos pedir la opinión a los vecinos antes de hacer esto antes de Fallas? 🧐 https://t.co/kcTxYJD0nO,es,0,1,0,1,0,0,0,0,0,el cabezota de grezzi [user] haciendo de las suyas podríamos pedir la opinión a los vecinos antes de hacer esto antes de fallas cara_con_monóculo [url]
37ebc78f6306ec3afb68ec45acb8f926,GREZZI,0,"Pero los q viven en el Cap y Casal están anestesiado? No hay nadie q a Grezzi lo ponga mirando al mar haber si así le reviene el cerebro? Que vergüenza de mi Valencia, espero y deseo q el 26M la patada en els collos sea monumental, x cierto, vienen las fallas ¡Vixca Valencia! https://t.co/Uf1BaUC3Sv",es,2,2,0,0,0,2,0,0,0,pero los q viven en el cap y casal están anestesiado no hay nadie q a grezzi lo ponga mirando al mar haber si así le reviene el cerebro que vergüenza de mi valencia espero y deseo q el 26m la patada en els collos sea monumental x cierto vienen las fallas vixca valencia [url]
5f840a57a5e8a38127fdf4fc1f08beac,GREZZI,0,@ValenciaEscucha Grezzi dimisión,es,0,0,0,0,0,0,0,0,0,[user] grezzi dimisión
c23ff72102d77a1cdd57da385e15e0d6,GREZZI,0,@PabloAdriaB @TransitValencia @emtvalencia @VlcMobilitat @AjuntamentVLC @agenciabiciVLC @policialocalvlc Desgraciadamente las bicis y los patinetes siguen yendo por donde les parece porque el ayuntamiento no quiere multar. No multan a NADIE.     Grezzi les ampara porque vive en su nube y al resto que les den.,es,0,0,1,0,0,3,1,0,0,[user] [user] [user] [user] [user] [user] [user] desgraciadamente las bicis y los patinetes siguen yendo por donde les parece porque el ayuntamiento no quiere multar no multan a nadie grezzi les ampara porque vive en su nube y al resto que les den
f0f2e06d6a67212bb9d11a701d9e3600,GREZZI,0,@Marivi_29 A Grezzi le van a parar las elecciones. Espero!,es,1,0,0,0,0,0,0,0,0,[user] a grezzi le van a parar las elecciones espero
40b2c87de7e034589a9f15f28727e9ff,GREZZI,0,"El carril bici no es de Grezzi, es de todos. Él solo es un empleado de los valencianos https://t.co/cuBtQaoq6G",es,0,0,0,0,0,1,0,0,0,el carril bici no es de grezzi es de todos él solo es un empleado de los valencianos [url]
9e72601fab727bcd972622f388c641aa,GREZZI,0,"@bicimensajeros Una Ordenanza con la q Grezzi regala lo que hay fuera del carril bici a los motorizados, a los q convierte en acosadores legales de los ciudadanos ciclistas. Ni siquiera especifica x dónde circular en calzada libre.O carril bici, o latigazo. Y estorbas, si eres lento. Deleznable.",es,0,0,0,0,0,1,0,0,0,[user] una ordenanza con la q grezzi regala lo que hay fuera del carril bici a los motorizados a los q convierte en acosadores legales de los ciudadanos ciclistas ni siquiera especifica x dónde circular en calzada libre o carril bici o latigazo y estorbas si eres lento deleznable
aad2dacb376f86b0d39cc5780242044d,GREZZI,0,"Pues Grezzi es de EQUO.

Al final tendré razón cuando digo que ningún gobernante actual sirve.

Esto es desolador 😡 https://t.co/MtxHCLeWDU",es,0,0,1,1,0,1,0,0,0,pues grezzi es de equo al final tendré razón cuando digo que ningún gobernante actual sirve esto es desolador cara_cabreada [url]
b0a98ba996145845d37be7cbff8df270,GREZZI,0,Oleadas de bilis en la redacción de Las Provincias XP https://t.co/aQ3KG2hNTC,es,0,0,0,0,0,0,0,0,0,oleadas de bilis en la redacción de las provincias xp [url]
0861da6cecbefb91f1aae295d139a16d,GREZZI,0,"Señor Grezzi, esto es fomentar el uso del transporte público. https://t.co/IQQ1Rpx4mV",es,0,0,0,0,0,0,0,0,0,señor grezzi esto es fomentar el uso del transporte público [url]
7c450115b2bf0c6f75b6ad1bc41aed58,GREZZI,0,"@ValenCicleta @EbikeGranada ¿Por dónde circula en la calzada?¿Y si eres lento, a criterio del automovilista?¿Y si, hay carril bisi, al carril bisi? Yo, ya la habría denunciado. Es una obligación a usar el cb en diferido. Desinformación y desprotección. Os lo mereceis, con vuestro seguidismo a Grezzi.(1)",es,0,6,0,0,0,0,0,0,0,[user] [user] por dónde circula en la calzada y si eres lento a criterio del automovilista y si hay carril bisi al carril bisi yo ya la habría denunciado es una obligación a usar el cb en diferido desinformación y desprotección os lo mereceis con vuestro seguidismo a grezzi 1
e9f25a80a4b1d70f5579c844b6858eb6,GREZZI,0,"@Fginer Vergonzoso, y Ribo  q ha suspendido las ayudas a entidades que se encargan de realizar estas labores tan importantes.  El dinero para el catalanismo y los desastres de grezzi.",es,0,0,0,0,0,0,0,0,0,[user] vergonzoso y ribo q ha suspendido las ayudas a entidades que se encargan de realizar estas labores tan importantes el dinero para el catalanismo y los desastres de grezzi
47e0a64913ff0c9f23378fa364ffe0f2,GREZZI,0,"@Marivi_29 Grezzi y ribo, fuera de Valencia yaaaa",es,0,0,0,0,0,0,1,0,0,[user] grezzi y ribo fuera de valencia yaa
93444a92cf8ab45ba92db42807f10a16,GREZZI,0,"@ValenCicleta @EbikeGranada Eso no quita que, aparte de los ciclistas, haya más ciudadanos y tengan que respetarse sus derechos. ¿O no?¿Sucursal? Cuando se pire Grezzi comprobarás el resultado. Fuegos artificiales. Las Fallas ciclistas.",es,0,4,0,0,0,2,0,0,0,[user] [user] eso no quita que aparte de los ciclistas haya más ciudadanos y tengan que respetarse sus derechos o no sucursal cuando se pire grezzi comprobarás el resultado fuegos artificiales las fallas ciclistas
40fa9d66b50f6afb624097079690bfb1,GREZZI,0,"@joanribo echa al imbécil de Grezzi ya!!! Inútil, a ver si así lo entiendes... https://t.co/ZGAVqyhy5M",es,3,0,0,0,0,0,2,0,1,[user] echa al imbécil de grezzi ya inútil a ver si así lo entiendes [url]
107ccb76863d67abbe4ce5032fc1f208,GREZZI,0,"@giuseppegrezzi @levante_emv Dejadlos, Grezzi, dejadlos que se retratan solos. Cuanto más visibles sean sus ideas, más se alejará la gente de los partidos que los representan. A los que hay que temer son a las aguas mansas y a los que van de tapadillo, no al que va a cara descubierta.",es,0,0,0,0,0,1,0,0,0,[user] [user] dejadlos grezzi dejadlos que se retratan solos cuanto más visibles sean sus ideas más se alejará la gente de los partidos que los representan a los que hay que temer son a las aguas mansas y a los que van de tapadillo no al que va a cara descubierta
f84123fd4b96de3acd2b0cf6ffe956a6,GREZZI,0,"@aldidac73 Una lástima que no le explote la cabeza a Grezzi. El premio lo ha dado una federación de bicicletas, verdad? Que pregunten a la de automovilistas. 😊",es,0,1,0,1,0,1,0,0,0,[user] una lástima que no le explote la cabeza a grezzi el premio lo ha dado una federación de bicicletas verdad que pregunten a la de automovilistas cara_feliz_con_ojos_sonrientes
eb7d33f9b4648ca48e3d3b37b2af0290,GREZZI,0,"Ni @mjosecatala (@ppcv) ni @Fginer (@CiudadanosCs) habrían hecho algo así nunca. Se debe reconocer la labor de este consistorio y de Grezzi en este tema, pese a quien pese. https://t.co/VEfrUnkgFV",es,0,0,0,0,0,3,0,0,0,ni [user] [user] ni [user] [user] habrían hecho algo así nunca se debe reconocer la labor de este consistorio y de grezzi en este tema pese a quien pese [url]
c9bf7efbf7879bd71b7a29f7b8603fed,SEMÁFOROSA5,1,"Y todo eso pintado en una noche.....luego para sellar una alcantarilla cierran el carril tres semanas....
#semaforosA5 
#antimovilidad 
@AhoraMadrid eres un artista de las chapuzas!! https://t.co/BZkMeAwFyg",es,2,0,0,0,0,0,2,0,2,y todo eso pintado en una noche luego para sellar una alcantarilla cierran el carril tres semanas semaforosa5 antimovilidad [user] eres un artista de las chapuzas [url]
7d0807770e03c68751f521c9f1780118,SEMÁFOROSA5,1,The Walking Dead ya prefijo los #semaforosA5 https://t.co/WvEbmXq3cm,es,0,0,0,0,0,0,0,0,0,the walking dead ya prefijo los semaforosa5 [url]
cc1e3a155a1935ccb6cce3ab6563642e,SEMÁFOROSA5,1,"Sí en La A5 juntamos el accidentazo  qué hay ahora + los 🚦 + el nuevo carril bus taxi se convierte en un nuevo sitio para hacer amigos, gracias @MADRID y @ManuelaCarmena por fomentar la amistad, echo de menos un carril patinete también. #quehorror #semaforosA5",es,0,0,1,1,0,0,0,0,0,sí en la a5 juntamos el accidentazo qué hay ahora los semáforo el nuevo carril bus taxi se convierte en un nuevo sitio para hacer amigos gracias [user] y [user] por fomentar la amistad echo de menos un carril patinete también quehorror semaforosa5
845e235cd26bb59655743c0c174f988d,SEMÁFOROSA5,1,"Queridos vecinos del sur de #Madrid, @josemanuel_co concejal de #Carmena tiene un mensaje para vosotros: os estáis inventando los atascos. Los atascos no existe en #Carmenolandia.
 #semaforosa5 https://t.co/EmpkSPSxJl",es,0,0,0,0,0,1,0,0,0,queridos vecinos del sur de madrid [user] concejal de carmena tiene un mensaje para vosotros os estáis inventando los atascos los atascos no existe en carmenolandia semaforosa5 [url]
d022ec641163f84b2ee5f57e08e05bdc,SEMÁFOROSA5,1,"Que gran idea la de Carmena poner #SemáforosA5 en la autovía de Extremadura, absolutamente genial, te da tiempo a hacer amigos mientras vas al trabajo!",es,1,0,0,0,0,0,0,0,0,que gran idea la de carmena poner semáforosa5 en la autovía de extremadura absolutamente genial te da tiempo a hacer amigos mientras vas al trabajo
2476d0ee3a0c3501b311f94d82db1f98,SEMÁFOROSA5,1,"Pasa que lo de los #SemaforosA5 ha sido TT por un súper atascazo en la #A5ViaUrbana, en Madrid... No te pasa, que cuanto más conoces a las personas, más te gustan los coches? https://t.co/2eF4lGENfX",es,0,1,0,0,0,1,1,0,1,pasa que lo de los semaforosa5 ha sido tt por un súper atascazo en la a5viaurbana en madrid no te pasa que cuanto más conoces a las personas más te gustan los coches [url]
06267d9dde246286aebffea4b491dcc9,SEMÁFOROSA5,1,"Parece que va viento en popa el tema de #semaforosA5. Los poderosos y acaudalados vecinos de Mostoles, Alcorcon y cía que se levantan a las 7 para reprimir a obreros y usar su fascismo se quedan en la A5 atascados para que los obreros puedan trabajar tranquilos #GraciasCarmena",es,0,0,0,0,0,0,0,0,0,parece que va viento en popa el tema de semaforosa5 los poderosos y acaudalados vecinos de mostoles alcorcon y cía que se levantan a las 7 para reprimir a obreros y usar su fascismo se quedan en la a5 atascados para que los obreros puedan trabajar tranquilos graciascarmena
4d86543911bd08dec77322afda575be9,SEMÁFOROSA5,1,"Nos dicen que fomenta el transporte publico. No sabia que ahora en Madrid teníamos autobuses voladores , porque el atasco de la A5 así te lo comes igual #semaforosA5 https://t.co/zZKZ3Dx950",es,0,0,0,0,0,1,0,0,0,nos dicen que fomenta el transporte publico no sabia que ahora en madrid teníamos autobuses voladores porque el atasco de la a5 así te lo comes igual semaforosa5 [url]
49d7b7502e416f3dcdff0cb92f8ba323,SEMÁFOROSA5,1,"No son atascos, a una congregación tumultuosa de personas, en sus vehículos, -sin aparente unión- en un mismo lugar y tiempo.
#semaforosA5",es,0,0,0,0,0,2,0,0,0,no son atascos a una congregación tumultuosa de personas en sus vehículos sin aparente unión en un mismo lugar y tiempo semaforosa5
573443357792c9c2929e5043c4561690,SEMÁFOROSA5,1,"Menudo atasquito chulo había hoy en #campamento, limitando a 50km, con #semaforosA5 y el protocolo contaminación activado....ir comprando mascarillas para el humo #A5ViaUrbana eres una grande @ManuelaCarmena estas dejando #madrid de lujo🤮 https://t.co/7DHBMBBJFP",es,0,0,0,1,0,0,1,0,1,menudo atasquito chulo había hoy en campamento limitando a 50km con semaforosa5 y el protocolo contaminación activado ir comprando mascarillas para el humo a5viaurbana eres una grande [user] estas dejando madrid de lujo cara_vomitando [url]
dbf024ff1e0c6fca63733e36a9a8ab6b,SEMÁFOROSA5,1,"La política de Ahora Madrid se podría resumir en q el centro es para los vecinos de centro y Madrid en general para los madrileños... q coño es eso de querer ganarte la vida viniendo a currar aquí desde Móstoles, Alcorcón, etc???
#semaforosA5",es,0,3,0,0,0,0,2,0,1,la política de ahora madrid se podría resumir en q el centro es para los vecinos de centro y madrid en general para los madrileños q coño es eso de querer ganarte la vida viniendo a currar aquí desde móstoles alcorcón etc semaforosa5
55747c02daea3ab43d2e9346b878dce1,SEMÁFOROSA5,1,"La alcaldesa @ManuelaCarmena dirá que se han formado unos atascos muy bonitos"" gracias a los #semaforosA5""",es,0,0,0,0,0,0,0,2,0,la alcaldesa [user] dirá que se han formado unos atascos muy bonitos gracias a los semaforosa5
7b3ea4f3ce0e3791a3ba5f2e2ca8c8a9,SEMÁFOROSA5,1,"Hoy ha quedado demostrado que los  #semaforosA5 son un puto fracaso, pero no os preocupéis que #carmena no lo va a reconocer, se la sudan.. Y ahora hacemos una preguntas bonitas sobre el carnaval?",es,0,1,0,0,0,2,0,0,0,hoy ha quedado demostrado que los semaforosa5 son un puto fracaso pero no os preocupéis que carmena no lo va a reconocer se la sudan y ahora hacemos una preguntas bonitas sobre el carnaval
3ea55253a565064d4bec0f31020b79f5,SEMÁFOROSA5,1,"Hoy es el primer día que pierdes una hora de estar con tu familia para estar en un atasco, gracias a los #SemaforosA5 de Carmena.

La buena noticia es que queda un día menos para que, con tu voto, pongas fin a las Carmenadas. https://t.co/j37V6oGmVD",es,0,0,0,0,0,0,0,0,0,hoy es el primer día que pierdes una hora de estar con tu familia para estar en un atasco gracias a los semaforosa5 de carmena la buena noticia es que queda un día menos para que con tu voto pongas fin a las carmenadas [url]
97b09f6f6f8872e3bb0d7ab5fed9e40d,SEMÁFOROSA5,1,"Hola @isabanes tenéis una cámara en la #A5 estropeada pero no os preocupéis que las cámaras de la #DGT muestran el tráfico. oh Wait!!
NO a #semáforosA5 https://t.co/0vd119XuV5",es,2,0,1,0,0,2,0,0,0,hola [user] tenéis una cámara en la a5 estropeada pero no os preocupéis que las cámaras de la dgt muestran el tráfico oh wait no a semáforosa5 [url]
993bbf046d803814797dc2185794bd06,SEMÁFOROSA5,1,"Habéis utilizado los votos de los barrios para hacer carriles bici, impedirnos el acceso al centro o ponernos a los madrileños del sur está tortura de  #semaforosA5 que se añade al desastroso estado del asfaltado. Estaréis encantados.",es,0,0,0,0,0,0,0,0,0,habéis utilizado los votos de los barrios para hacer carriles bici impedirnos el acceso al centro o ponernos a los madrileños del sur está tortura de semaforosa5 que se añade al desastroso estado del asfaltado estaréis encantados
a5e666028a4c15e72f5c8e9582a835e6,SEMÁFOROSA5,1,"Gracias Carmena, ahora volver a Madrid después de ver a mi abuela va a ser más fácil si doy la vuelta por Toledo y Ávila que si voy por la A5. 

Castigar a los vecinos del sur de Madrid es una vergüenza y los costaleros del PSOE callados

#semaforosA5 @AtascoMadrid",es,0,0,1,0,0,0,0,0,0,gracias carmena ahora volver a madrid después de ver a mi abuela va a ser más fácil si doy la vuelta por toledo y ávila que si voy por la a5 castigar a los vecinos del sur de madrid es una vergüenza y los costaleros del psoe callados semaforosa5 [user]
8f8becc9b4d36e57ab3faa8f9bc40786,SEMÁFOROSA5,1,Gracias #ManuelaCarmena por facilitarme la conciliación familiar y trabajo con los #semaforosA5 algunos necesitamos del vehículo para entrar madrid y CONTINUAR trabajando sin esta herramienta no podríamos trabajar el atasco de entrada de hoy ha sido monumental @ManuelaCarmena,es,0,0,1,0,0,2,0,0,0,gracias manuelacarmena por facilitarme la conciliación familiar y trabajo con los semaforosa5 algunos necesitamos del vehículo para entrar madrid y continuar trabajando sin esta herramienta no podríamos trabajar el atasco de entrada de hoy ha sido monumental [user]
b01e94c930d950337ae5f996771ff40d,SEMÁFOROSA5,1,"Gracias #Carmena
#semaforosA5 
😖😖😖😖😖😡😡😡😠
#madrid https://t.co/4c5S4eA0In",es,0,0,0,9,0,0,2,0,0,gracias carmena semaforosa5 cara_de_frustración cara_de_frustración cara_de_frustración cara_de_frustración cara_de_frustración cara_cabreada cara_cabreada cara_cabreada cara_enfadada madrid [url]
abd9a171f2dce6a2439be9cc499dc597,SEMÁFOROSA5,1,Gracias @MADRID por los #semaforosA5 después de levantarme a las 5 de la mañana para ir a trabajar lo que mas me apetece es llegar a mi casa 45 minutos más tarde de los normal!👏👏 Mil gracias! #verguenza https://t.co/sPD7QF2A0B,es,2,0,1,2,0,0,0,0,0,gracias [user] por los semaforosa5 después de levantarme a las 5 de la mañana para ir a trabajar lo que mas me apetece es llegar a mi casa 45 minutos más tarde de los normal manos_aplaudiendo manos_aplaudiendo mil gracias verguenza [url]
88432c903d3df14b21cfea166033cdd1,SEMÁFOROSA5,1,Google es facha!!  #semaforosA5 https://t.co/fKrt69nzHB,es,2,0,0,0,0,0,0,0,0,google es facha semaforosa5 [url]
fda430dfa477b538ff1099c23fdc67db,SEMÁFOROSA5,1,Esto va a ser así todos los días ?? Tienes razón @ManuelaCarmena @MADRID no iba a haber más atasco. Vivan los #semaforosA5 https://t.co/VLUUAQD7GU,es,0,2,1,0,0,1,0,0,0,esto va a ser así todos los días tienes razón [user] [user] no iba a haber más atasco vivan los semaforosa5 [url]
e6554629e2fbf384ef6dea386bc72cf4,SEMÁFOROSA5,1,Enhorabuena @ManuelaCarmena has conseguido sumar 5km más de atasco. Si te lo propones al final conseguirás que nadie quiera ir a  @Madrid #semaforosA5 https://t.co/3saRxy1f4x,es,0,0,0,0,0,1,0,0,0,enhorabuena [user] has conseguido sumar 5km más de atasco si te lo propones al final conseguirás que nadie quiera ir a [user] semaforosa5 [url]
339ff8ac2f8fa00935efd01395e1e044,SEMÁFOROSA5,1,"En aquel tiempo, dijo Juan a #Jesus: «Maestro, hemos visto a uno que echaba demonios en Tu Nombre, y se lo hemos querido impedir, porque no es de los nuestros».
...
Marcos 9,38-40

Por sus obras los conoceréis.

#FelizMiercoles #27Feb #RMClasico #RMCopa #Pleno #semaforosa5 https://t.co/JN0L6HAZgy",es,0,0,0,0,0,1,1,2,1,en aquel tiempo dijo juan a jesus maestro hemos visto a uno que echaba demonios en tu nombre y se lo hemos querido impedir porque no es de los nuestros marcos 9 38 40 por sus obras los conoceréis felizmiercoles 27feb rmclasico rmcopa pleno semaforosa5 [url]
67089dc43215b7afce08cc37644a5f49,SEMÁFOROSA5,1,"El problema de la #A5 no son los semáforos... es que vais todos a la vez a comprar la nueva PIRULETA ZERO!! 🚦🚗🚙🚚🚕

#mételeFIESTA #semaforosA5 #mételeFIESTAalatasco https://t.co/soX6g3ZuKC",es,2,0,2,5,0,1,1,0,1,el problema de la a5 no son los semáforos es que vais todos a la vez a comprar la nueva piruleta zero semáforo coche vehículo_deportivo_utilitario camión_de_reparto taxi mételefiesta semaforosa5 mételefiestaalatasco [url]
817f09ce090059151d628325ff52b36f,SEMÁFOROSA5,1,El ayuntamiento ha puesto un servicio de magdalenas gratis para todos los que están en el gigantesco atasco causado por @ManuelaCarmena y los perroflautas de @AhoraMadrid #semaforosA5 https://t.co/MVcXt1Nu3h,es,0,0,0,0,0,0,0,0,0,el ayuntamiento ha puesto un servicio de magdalenas gratis para todos los que están en el gigantesco atasco causado por [user] y los perroflautas de [user] semaforosa5 [url]
ea8d27f883053a8d82053ce8ae9af14b,SEMÁFOROSA5,1,"Con la tontería de los #semaforosA5 y el pitote que se ha montado, vais a conseguir que el tren de Extremadura a Madrid sea ahora la Alta Velocidad para llegar a la capital",es,0,0,0,0,0,0,0,0,0,con la tontería de los semaforosa5 y el pitote que se ha montado vais a conseguir que el tren de extremadura a madrid sea ahora la alta velocidad para llegar a la capital
a05880eb8d548cff35e3780a562e2ce3,SEMÁFOROSA5,1,"Con esto nuestra alcaldesa mejora nuestras vidas!! Semáforo aquí, semáforo allá, pagas aquí y pagas allá...#semaforosA5 https://t.co/w4DfRiQ6WD",es,2,0,0,0,0,0,1,0,1,con esto nuestra alcaldesa mejora nuestras vidas semáforo aquí semáforo allá pagas aquí y pagas allá semaforosa5 [url]
6c444580b2e5d199d10741e57af8edd7,SEMÁFOROSA5,1,"Carmena, Podemos vais a triunfar en las elecciones 😂😂😂😂😂😂😂😂😂😂😂😂#semaforosA5",es,0,0,0,12,0,0,1,0,0,carmena podemos vais a triunfar en las elecciones cara_llorando_de_risa cara_llorando_de_risa cara_llorando_de_risa cara_llorando_de_risa cara_llorando_de_risa cara_llorando_de_risa cara_llorando_de_risa cara_llorando_de_risa cara_llorando_de_risa cara_llorando_de_risa cara_llorando_de_risa cara_llorando_de_risa semaforosa5
b156ae5038637399cd4200c3b2fb96a5,SEMÁFOROSA5,1,"Carmena hija, disfruta.

#semaforosA5",es,0,0,0,0,0,0,0,0,0,carmena hija disfruta semaforosa5
adfb7520b71318b8a9fb9ed9e3642058,SEMÁFOROSA5,1,"Carmena ha dejado una A5 preciosa

#SemáforosA5",es,0,0,0,0,0,0,0,0,0,carmena ha dejado una a5 preciosa semáforosa5
faaf905190d4e26bf42c0012250ba44d,SEMÁFOROSA5,1,"Carmena anuncia su medida estrella en caso de que salga elegida alcaldesa de nuevo: todas las mañanas irá a la A5 y, aprovechando el atasco provocado por los #semaforosA5, hará arder los coches con su lanzallamas ecológico, alimentado con magdalenas con guindilla. https://t.co/J7JveNf3qX",es,0,0,0,0,0,0,0,0,0,carmena anuncia su medida estrella en caso de que salga elegida alcaldesa de nuevo todas las mañanas irá a la a5 y aprovechando el atasco provocado por los semaforosa5 hará arder los coches con su lanzallamas ecológico alimentado con magdalenas con guindilla [url]
fe15052146e826c0bebc83633ee53557,SEMÁFOROSA5,1,"Ah, nada como respirar el aire puro de un atasco de kilómetros gracias a los #semaforosA5. Otro gran avance a favor del medio ambiente gracias a Carmena. Esto sólo lo mejora poniendo barreras de neumáticos ardiendo en las entradas de Madrid cada mañana. https://t.co/KC7oeETiBb",es,0,0,0,0,0,1,0,0,0,ah nada como respirar el aire puro de un atasco de kilómetros gracias a los semaforosa5 otro gran avance a favor del medio ambiente gracias a carmena esto sólo lo mejora poniendo barreras de neumáticos ardiendo en las entradas de madrid cada mañana [url]
f711beaef71a9002b546eb6c65699b84,SEMÁFOROSA5,1,A ver si Con un poco de suerte al q ideó lo de los #semaforosA5 le salen un par de almorranas del tamaño de un semáforo y se le explotan esperando a q uno se ponga en verde.... #sinrencor,es,0,0,0,0,0,0,1,0,1,a ver si con un poco de suerte al q ideó lo de los semaforosa5 le salen un par de almorranas del tamaño de un semáforo y se le explotan esperando a q uno se ponga en verde sinrencor
1b719e6ddc1de0be8ec80f7090302664,SEMÁFOROSA5,1,"A los graciosos,simpaticos y muy muy listos q dicen q utilicemos metro o tren de cercanías, recordaros q hay vida después de Mostoles..... #denada #semaforosA5",es,0,0,0,0,0,0,1,0,1,a los graciosos simpaticos y muy muy listos q dicen q utilicemos metro o tren de cercanías recordaros q hay vida después de mostoles denada semaforosa5
f7e1c0c259eceede65fa75ccad892426,SEMÁFOROSA5,1,"📢 Gracias @ManuelaCarmena, empieza la fiesta, a partir de hoy, así van a ser nuestras mañanas #semaforosA5 

❌ Más de 1.000.000 vecinos del sur afectados #Alcorcón https://t.co/u6WKKiDFRh",es,0,0,0,2,0,0,2,0,0,altavoz_de_mano gracias [user] empieza la fiesta a partir de hoy así van a ser nuestras mañanas semaforosa5 marca_de_cruz más de 1 00 00 vecinos del sur afectados alcorcón [url]
90d76ad162a6f04a2f412a1e66ebe0e6,SEMÁFOROSA5,1,✈️ Menos mal que Pedro y yo tenemos Falcon y helicóptero porque si no ¿cómo nos íbamos a apañar con tanto atasco por los #SemáforosA5? 🤷🏻‍♀️,es,0,2,0,4,0,1,0,0,0,avión menos mal que pedro y yo tenemos falcon y helicóptero porque si no cómo nos íbamos a apañar con tanto atasco por los semáforosa5 mujer_encogida_de_hombros_tono_de_piel_claro
ba9c31a30a20059f1aadca6f17f27b4a,SEMÁFOROSA5,1,"#semaforosa5 Seguramente Manuela los instalo por la noche,solo por joder,no se va a fiar de los profesionales,los monta y decide ella misma.",es,0,0,0,0,0,1,0,0,0,semaforosa5 seguramente manuela los instalo por la noche solo por joder no se va a fiar de los profesionales los monta y decide ella misma
8cc343a622fc341bd0e5db17d5b76696,SEMÁFOROSA5,1,#semaforosA5 hoy he descubierto que los atascos los provocan los semáforos y no los coches.,es,0,0,0,0,0,1,0,0,0,semaforosa5 hoy he descubierto que los atascos los provocan los semáforos y no los coches
e1805e4c6265ac12f264851c3c184d74,SEMÁFOROSA5,1,"#semaforosA5  Muchas gracias, Ayuntamiento de Madrid, por hacerme la vida imposible. Como trabajador que soy, no me merezco otra cosa.",es,0,0,0,0,0,1,0,0,0,semaforosa5 muchas gracias ayuntamiento de madrid por hacerme la vida imposible como trabajador que soy no me merezco otra cosa
f00daa47c792831ecaadb4de8062ccd6,SEMÁFOROSA5,1,"#Bienvenidos a #Carmenolandia. Ciudad del #Atasco perpetuo.
#A5tascazopodemitA5  #SemáforosA5 https://t.co/Y5eWwCDseu",es,0,0,0,0,0,0,0,0,0,bienvenidos a carmenolandia ciudad del atasco perpetuo a5tascazopodemita5 semáforosa5 [url]
18066e2d8bf01630a2bf2b39712b797f,SEMÁFOROSA5,1,"@sergio_gfp @policia @policiademadrid @guardiacivil @DGTes Parado en los semáforos, dios mio......si quieres te hacemos un dibujo #semaforosA5 #antimovilidad #losApañosDeLaYaya",es,0,0,0,0,0,0,1,0,2,[user] [user] [user] [user] [user] parado en los semáforos dios mio si quieres te hacemos un dibujo semaforosa5 antimovilidad losapañosdelayaya
0c91e1fcfaf902357307c3adb643ca6b,SEMÁFOROSA5,1,"@ppmostoles @Mostoles_Cs_ @PSOEMostoles @Noelia_posse @ManuelaCarmena Gracias, hoy he tardado 1:30 minutos en ir a trabajar en autobús gracias a tus #semaforosA5 recorrido que antes se hacía en la mitad de tiempo. @isabanes",es,0,0,0,0,0,0,0,0,0,[user] [user] [user] [user] [user] gracias hoy he tardado 1 30 minutos en ir a trabajar en autobús gracias a tus semaforosa5 recorrido que antes se hacía en la mitad de tiempo [user]
8d83eb3c49d4f6cb6684b6b8f35dbcdc,SEMÁFOROSA5,1,"@NoReluce @LoboRoberBandit Es verdad!!! Que tontos son los habitantes de Arroyo molinos,  Parque Coimbra, Navalcarnero...que no cogen el tren o el metro y deciden ir en bus a Madrid. Todo el mundo sabe que los autobuses no sufren los atascos ni tienen que parar en los #semaforosA5",es,3,0,0,0,0,3,2,0,1,[user] [user] es verdad que tontos son los habitantes de arroyo molinos parque coimbra navalcarnero que no cogen el tren o el metro y deciden ir en bus a madrid todo el mundo sabe que los autobuses no sufren los atascos ni tienen que parar en los semaforosa5
cf8597f8ea2c9d488fbae533c2355a02,SEMÁFOROSA5,1,@ManuelaCarmena te hemos encontrado una residencia adecuada a ti.. @resi_mayores .Como se te ocurre poner un put_ semáforo en medio de una carretera como es #A5 #paseodeextremadura #semaforosA5 ..por tu culpa me han puesto una falta grave en mi trabajo por llegar 1h tarde...,es,0,0,0,0,0,0,1,0,1,[user] te hemos encontrado una residencia adecuada a ti [user] como se te ocurre poner un put_ semáforo en medio de una carretera como es a5 paseodeextremadura semaforosa5 por tu culpa me han puesto una falta grave en mi trabajo por llegar 1h tarde
66558068bff976c6f0b8d464bae6adbc,SEMÁFOROSA5,1,@ManuelaCarmena @MasMadrid__ 👍👏 gracias por hacer la vida imposible a los trabajadores con tu idea de los semáforos de la A-5. Te has lucido 😡#semaforosA5,es,0,0,0,3,0,0,0,0,0,[user] [user] pulgar_hacia_arriba manos_aplaudiendo gracias por hacer la vida imposible a los trabajadores con tu idea de los semáforos de la a 5 te has lucido cara_cabreada semaforosa5
c7d063dda059265113ea9540eee3e58e,SEMÁFOROSA5,1,"@maintxu Perfectamente se podría interpolar que la máxima polucion se va a dar ahí hoy. Miles de coches parados emitiendo gases. Pero vaya, es solo una idea loca...
#semaforosA5",es,0,0,0,0,0,0,1,0,1,[user] perfectamente se podría interpolar que la máxima polucion se va a dar ahí hoy miles de coches parados emitiendo gases pero vaya es solo una idea loca semaforosa5
b34d52ba0a4e9d3193cf5d22c5d3c08c,SEMÁFOROSA5,1,"@madridprotcivil Tranquilos que no olvidamos las chapuzas del ayto @MADRID, nos hace una gracia a todos que flipas.....#A5ViaUrbana #semaforosA5 🚦
#GranPitada",es,0,0,1,1,0,1,1,0,1,[user] tranquilos que no olvidamos las chapuzas del ayto [user] nos hace una gracia a todos que flipas a5viaurbana semaforosa5 semáforo granpitada
19f7f2ca8e914d66f72ce3adaf49f118,SEMÁFOROSA5,0,"Todo tiene consecuencias, pero también una solución: a partir del 26 de mayo se acabaron los #SemáforosA5. Carmena ha conseguido que se tarde más de 45 minutos en recorrer un trayecto de 15 kilómetros. https://t.co/yvDtz7gy7j",es,0,0,0,0,0,0,0,0,0,todo tiene consecuencias pero también una solución a partir del 26 de mayo se acabaron los semáforosa5 carmena ha conseguido que se tarde más de 45 minutos en recorrer un trayecto de 15 kilómetros [url]
d681c22f7f13871fa9d9b80b378d6bca,SEMÁFOROSA5,0,"Recuerda cuando vayas a votar que todas las medidas que se adoptan en el #Madrid de #Carmena son gracias al @PSOE de Pedro Sánchez

#SemáforosA5 https://t.co/kEK3Ldz1lh",es,0,0,1,0,0,0,0,0,0,recuerda cuando vayas a votar que todas las medidas que se adoptan en el madrid de carmena son gracias al [user] de pedro sánchez semáforosa5 [url]
2e8ee02f4cfdf4ef604f599e3ff8e0c7,SEMÁFOROSA5,0,"Que dejéis vuestros coches de mierda en casa hostia que estáis jodiendo todo‼️
Qué ascazo joder 🤮🤮🤮🤮🤮🤮🤮🤮🤮🤮🤮 
#semaforosA5",es,0,0,0,12,0,0,1,0,0,que dejéis vuestros coches de mierda en casa hostia que estáis jodiendo todo exclamación_doble qué ascazo joder cara_vomitando cara_vomitando cara_vomitando cara_vomitando cara_vomitando cara_vomitando cara_vomitando cara_vomitando cara_vomitando cara_vomitando cara_vomitando semaforosa5
6fe559a0f74c29b7f96576164480875b,SEMÁFOROSA5,0,"Pues no sé si será por los que están atrapados en los #semaforosA5 o por ser final de mes, pero hoy se notaba mucho menos tráfico 🤔",es,0,0,0,1,0,1,0,0,0,pues no sé si será por los que están atrapados en los semaforosa5 o por ser final de mes pero hoy se notaba mucho menos tráfico cara_pensativa
e64ab4dd5915c64df95c21ad5cdfb6b6,SEMÁFOROSA5,0,"Por el trasporte público de calidad,por la recuperación de espacios para zonas verdes, equipamientos, dotaciones. Apostamos por un distrito de calidad al servicio de las personas.
#semaforosA5",es,0,0,0,0,0,0,0,0,0,por el trasporte público de calidad por la recuperación de espacios para zonas verdes equipamientos dotaciones apostamos por un distrito de calidad al servicio de las personas semaforosa5
a7dc69b019ba6f28b2633f74199e29a0,SEMÁFOROSA5,0,"Pero cómo pueden entender Sres. de @MADRID, que instalar #semaforosA5 en plena autopista, va a reducir contaminación? Los vehículos obligados a detenerse y a reiniciar la marcha = el atascazo mundial al inicio y final de la jornada + humos. Que fluya el tráfico. #Madrid #Alcorcón https://t.co/o0w2pjuqBo",es,0,1,1,0,0,0,0,0,0,pero cómo pueden entender sres de [user] que instalar semaforosa5 en plena autopista va a reducir contaminación los vehículos obligados a detenerse y a reiniciar la marcha el atascazo mundial al inicio y final de la jornada humos que fluya el tráfico madrid alcorcón [url]
082ac1e4a3a6dd8aba97f64a0db1f724,SEMÁFOROSA5,0,Los que han montado el hastag #semaforosA5 deberian haber puesto odio a Carmena haga lo que haga....vaya campaña le estais haciendo al PP....,es,0,0,0,0,0,0,2,0,2,los que han montado el hastag semaforosa5 deberian haber puesto odio a carmena haga lo que haga vaya campaña le estais haciendo al pp
d3c5625d13b780b20c03b4833eb83783,SEMÁFOROSA5,0,"Los autobuses, que son transporte público (por si se le ha olvidado a alguna cabeza pensante de las que toman estas decisiones) también sufren los #semaforosA5.",es,0,0,0,0,0,0,0,0,0,los autobuses que son transporte público por si se le ha olvidado a alguna cabeza pensante de las que toman estas decisiones también sufren los semaforosa5
20d2592d4515a867385c40dfee0c8ebd,SEMÁFOROSA5,0,Gracias a Ahora Madrid y el PSOE por poner los #semaforosA5 voy a llegar al menos 20 minutos más tarde cada día. Somos centenares de miles de trabajadores de la periferia sur los que os votaremos contra la izquierda giliprogre,es,0,0,1,0,0,0,0,0,0,gracias a ahora madrid y el psoe por poner los semaforosa5 voy a llegar al menos 20 minutos más tarde cada día somos centenares de miles de trabajadores de la periferia sur los que os votaremos contra la izquierda giliprogre
b7e8a4b71a10f96bd79b18b1808caa1d,SEMÁFOROSA5,0,"Ánimo, queda un día menos para aguantar a la carmena #semaforosA5",es,0,0,0,0,0,0,0,0,0,ánimo queda un día menos para aguantar a la carmena semaforosa5
0131c366faa71dbc71e195bc137e0238,SEMÁFOROSA5,0,"Ahora que tenemos nuestros queridos #semaforosA5  y una #A5ViaUrbana viable para un@s y desastrosa para otr@s, @ComunidadMadrid @MADRID ¿transporte público adecuado para asumir la nueva situación para cuando?",es,0,2,1,0,0,0,0,0,0,ahora que tenemos nuestros queridos semaforosa5 y una a5viaurbana viable para un[user] y desastrosa para otr[user] [user] [user] transporte público adecuado para asumir la nueva situación para cuando
5a88b85dc1b1c0d18acf639709ba6d02,SEMÁFOROSA5,0,"#semaforosA5 Ya saben lo que vende el comunismo, ahora vuelves y los botas 😜 https://t.co/eDFbs7IelK",es,0,0,0,1,0,0,0,0,0,semaforosa5 ya saben lo que vende el comunismo ahora vuelves y los botas cara_sacando_la_lengua_y_guiñando_un_ojo [url]
69d09ae0b19d217c1d9c3afc65f50807,SEMÁFOROSA5,0,#SemáforosA5 con horas de retenciones por antojo de Carmena,es,0,0,0,0,0,0,0,0,0,semáforosa5 con horas de retenciones por antojo de carmena
355f730e66b489fe8921c228fa84578b,SEMÁFOROSA5,0,"Ya se tardaban 50 minutos en bus (transporte público) desde el PAU sur de Móstoles sin #semaforosA5. ¿Cuánto se tardará ahora? Y no me vale el carril bus solo delimitado con pintura y que no empieza desde Móstoles, desde donde sí empieza el atasco",es,0,2,1,0,0,3,0,0,0,ya se tardaban 50 minutos en bus transporte público desde el pau sur de móstoles sin semaforosa5 cuánto se tardará ahora y no me vale el carril bus solo delimitado con pintura y que no empieza desde móstoles desde donde sí empieza el atasco
68ca1e97ff6c43de0167a9f3901e8f16,SEMÁFOROSA5,0,Y esto por qué será?? #semaforosA5 https://t.co/P4PrgqN50M,es,0,2,0,0,0,0,0,0,0,y esto por qué será semaforosa5 [url]
01bba509c4527018a0b3f8cdefb2ce56,SEMÁFOROSA5,0,"Y ¿qué pasaría si pusieran los semáforos en las otras nacionales A1, A6, A2... o ¿sólo es para los que vivimos en el sur y trabajamos en Madrid? ¿Y esos coches parados no contaminan más a los que viven en Batán y Camapamento? #atascoA5 #semaforosA5 https://t.co/sIJJpOvK2A",es,0,5,0,0,0,1,1,0,1,y qué pasaría si pusieran los semáforos en las otras nacionales a1 a6 a2 o sólo es para los que vivimos en el sur y trabajamos en madrid y esos coches parados no contaminan más a los que viven en batán y camapamento atascoa5 semaforosa5 [url]
c31dd70a48703148ac2317148cc25cc6,SEMÁFOROSA5,0,"Video de #A5VíaUrbana nadie nos va a silenciar #SemaforosA5 

Solos víctimas de 50 años de abandono ... No tenemos culpa de que el resto seáis rehenes de la especulación inmobiliaria y de la falta de inversión en transporte público por parte de la @ComunidadMadrid https://t.co/gh4ZazgZds",es,0,0,0,0,0,2,1,0,1,video de a5víaurbana nadie nos va a silenciar semaforosa5 solos víctimas de 50 años de abandono no tenemos culpa de que el resto seáis rehenes de la especulación inmobiliaria y de la falta de inversión en transporte público por parte de la [user] [url]
c8b1fa2564796b8d5a24a71e31d75702,SEMÁFOROSA5,0,Vergüenza de una política de izquierdas que perjudica a las zonas humildes del sur. Semáforos en la A5 #semaforosA5 @ManuelaCarmena #pitadaA5 @MADRID,es,0,0,1,0,0,0,0,0,0,vergüenza de una política de izquierdas que perjudica a las zonas humildes del sur semáforos en la a5 semaforosa5 [user] pitadaa5 [user]
e15e015800f4a44a6941c2d28ef040c5,SEMÁFOROSA5,0,Una patrulla de movilidad con lo que parece un radar en la A5 sentido salida. Atasco de entrada y radar de salida. #semaforosA5 https://t.co/0E0A3kAtfs,es,0,0,0,0,0,0,0,0,0,una patrulla de movilidad con lo que parece un radar en la a5 sentido salida atasco de entrada y radar de salida semaforosa5 [url]
0879cdd2257a5d59db5693bce738fb7c,SEMÁFOROSA5,0,"Trayecto Arroyomolinos - Plaza España. Más del doble de tiempo de lo que se tardaría sin atascos.

El récord en media maratón está apenas a 5 minutos, eso sí, corriendo!!! 

No a los #SemáforosA5 https://t.co/jgKZTvU305",es,3,0,0,0,0,2,1,0,0,trayecto arroyomolinos plaza españa más del doble de tiempo de lo que se tardaría sin atascos el récord en media maratón está apenas a 5 minutos eso sí corriendo no a los semáforosa5 [url]
d91164956a084b9c08efc50a40f96b62,SEMÁFOROSA5,0,Tráfico #SemáforosA5 https://t.co/ECBSxdh3bM atascos a primera h gana el bus https://t.co/Wmle4vODjO pierden las ciudades vecinas https://t.co/PmKJmO1hXd,es,0,0,0,0,0,0,0,0,0,tráfico semáforosa5 [url] atascos a primera h gana el bus [url] pierden las ciudades vecinas [url]
7e5d9a45296cb44337351873eb5eb469,SEMÁFOROSA5,0,"Tiene narices q el presentador de @BuenosDiasTM diga que el atasco en la A-5 sea el mismo q todos los días véngase usted para acá y se lo demuestro.
#semaforosA5 #granpitadaA5",es,0,0,0,0,0,0,0,0,0,tiene narices q el presentador de [user] diga que el atasco en la a 5 sea el mismo q todos los días véngase usted para acá y se lo demuestro semaforosa5 granpitadaa5
4d97e478333634f4173a3955d3fe4684,SEMÁFOROSA5,0,Tercer día  #SemáforosA5  y más #atascoenlaA5,es,0,0,0,0,0,0,0,0,0,tercer día semáforosa5 y más atascoenlaa5
bd39f146a35cde06f3adba92533d0bbe,SEMÁFOROSA5,0,"Tanto hablar de contaminación y, por si no se sabe, los atascos contaminan. ¿Desde cuando unos semáforos se ponen en las autovías? #semaforosA5  @MADRID",es,0,2,1,0,0,1,0,0,0,tanto hablar de contaminación y por si no se sabe los atascos contaminan desde cuando unos semáforos se ponen en las autovías semaforosa5 [user]
e33755f9e1882291b94b3ba33587a01a,SEMÁFOROSA5,0,Soy vecino del dtto. La Latina &lt;Alto de Extremadura&gt; y las imágenes que estáis subiendo son pura demagogia. Son los atascos que se producen desde hace años por la utilización del vehículo privado. Cuando la salud está en juego no importa lo impopular de la medida. #SemáforosA5 SÍ,es,0,0,0,0,0,1,0,0,0,soy vecino del dtto la latina lt alto de extremadura gt y las imágenes que estáis subiendo son pura demagogia son los atascos que se producen desde hace años por la utilización del vehículo privado cuando la salud está en juego no importa lo impopular de la medida semáforosa5 sí
05ac1975e5cd3401d852abeb31654a74,SEMÁFOROSA5,0,"Soy de #Alcorcón y apoyo al 100% la #A5viaUrbana y sus #SemaforosA5

¡Usa transporte público, exige un transporte público de calidad!",es,2,0,0,0,0,0,0,0,0,soy de alcorcón y apoyo al 100 la a5viaurbana y sus semaforosa5 usa transporte público exige un transporte público de calidad
5de2b80a265aaccdf0bd74ac06d7ee53,SEMÁFOROSA5,0,Sin #radares #protocolocontaminación #Madridcentral #semaforosA5 https://t.co/rpLFFKALCO,es,0,0,0,0,0,1,0,0,0,sin radares protocolocontaminación madridcentral semaforosa5 [url]
9c7db423e26cf5f529efe0da1feac16a,SEMÁFOROSA5,0,Siempre me pareció una idea nefasta lo de #semaforosA5. Una vía de entrada a Madrid para una zona con tanta población dentro y fuera de la ciudad no puede regirse por una lógica “urbana”. Menos cuando no hay margen para mejorar las infraestructuras viarias de la zona.,es,0,0,0,0,0,2,0,2,0,siempre me pareció una idea nefasta lo de semaforosa5 una vía de entrada a madrid para una zona con tanta población dentro y fuera de la ciudad no puede regirse por una lógica urbana menos cuando no hay margen para mejorar las infraestructuras viarias de la zona
20285076eaf7ff63f65b5189d345c03c,SEMÁFOROSA5,0,Semáforos de @ManuelaCarmena @ppmadrid #semaforosa5 @AtascoMadrid @Hardcorcon https://t.co/GnPE26dBw0,es,0,0,0,0,0,0,0,0,0,semáforos de [user] [user] semaforosa5 [user] [user] [url]
28f75674075a5d2bc78d857d06350bfc,SEMÁFOROSA5,0,"Seguid, seguid sonriendo a la comunista Carmena y su política de magdalenas.. 
Caos #SemáforosA5 https://t.co/zkGWu7bvoa",es,0,0,0,0,0,0,0,0,0,seguid seguid sonriendo a la comunista carmena y su política de magdalenas caos semáforosa5 [url]
9c511ccbf2c85231e5ef512f2295407e,SEMÁFOROSA5,0,Se han salido con la suya. Ya tenemos semáforos. Un problema más donde no lo habia. #semaforosA5,es,0,0,0,0,0,1,0,0,0,se han salido con la suya ya tenemos semáforos un problema más donde no lo habia semaforosa5
9c07462359f78ec6cee571171bf6a44d,SEMÁFOROSA5,0,"Salir a las 6:15 de la mañanade casa, coger el primer autobús para nada. Estamos parados en Cuatro Vientos #semaforosA5",es,0,0,0,0,0,1,0,0,0,salir a las 6 15 de la mañanade casa coger el primer autobús para nada estamos parados en cuatro vientos semaforosa5
cec870498d1ab448c79c4a5036a74b83,SEMÁFOROSA5,0,Que vergüenza #semaforosA5 fuera https://t.co/GK8aTc6WRU,es,0,0,0,0,0,0,0,0,0,que vergüenza semaforosa5 fuera [url]
265f76e2a7c6cd599d87aaf19bfdf8c8,SEMÁFOROSA5,0,"Que pagen nuestro vecinos del sur el túnel para soterrar la A-5 y así se libren de semáforos unos y de ruidos otros. ¿¿os parece @AytoMostoles, @AytoAlcorcon, @AytoFuenlabrada, etc?? #semaforosA5",es,0,4,0,0,0,0,0,0,0,que pagen nuestro vecinos del sur el túnel para soterrar la a 5 y así se libren de semáforos unos y de ruidos otros os parece [user] [user] [user] etc semaforosa5
ade15e868ebcb8bc2dbcde433e152c35,SEMÁFOROSA5,0,"Que manía tienen los podemitas y socialistas de meterse en la vida de los madrileños. Si te pueden fastidiar la vida, no te preocupes, harán todo lo posible para conseguirlo. Y esta barbaridad de los #SemáforosA5 es una más de la izquierda intervencionista. Lamentable! https://t.co/3iG24pQjRm",es,1,0,0,0,0,1,0,0,0,que manía tienen los podemitas y socialistas de meterse en la vida de los madrileños si te pueden fastidiar la vida no te preocupes harán todo lo posible para conseguirlo y esta barbaridad de los semáforosa5 es una más de la izquierda intervencionista lamentable [url]
b0d763309361a9a5fd7b57e4c0bc0c69,SEMÁFOROSA5,0,"Qué alguien del @MADRID o del equipo de @ManuelaCarmena me explique xq ahora hay menos contaminación y ruido en la A-5 reteniendo el tráfico con semáforos, esto es de locos, el atasco es supino.
#semaforosA5",es,0,0,1,0,0,0,0,0,0,qué alguien del [user] o del equipo de [user] me explique xq ahora hay menos contaminación y ruido en la a 5 reteniendo el tráfico con semáforos esto es de locos el atasco es supino semaforosa5
6c75219cb7f7e3771a7186cd4529ab7d,SEMÁFOROSA5,0,"Propongo tocar el claxon al pasar por los #semaforosA5 y el #radar de tramo de la #A5 como protesta...
Nos lo venden como lucha contra la contaminación y hay + atascos y + contaminación...
Al sur le machacan, la carrrtera de acceso a la 2ª ciudad más poblada ...SIN ALTERNATIVAS",es,0,0,2,0,0,1,4,0,3,propongo tocar el claxon al pasar por los semaforosa5 y el radar de tramo de la a5 como protesta nos lo venden como lucha contra la contaminación y hay atascos y contaminación al sur le machacan la carrtera de acceso a la 2ª ciudad más poblada sin alternativas
6fd9030b867ce46172a8506b8932e91f,SEMÁFOROSA5,0,"Propongo que cuando se llegue a la zona urbana todos los conductores toquen el claxon , a ver si los vecinos están encantados de los semáforos. #semaforosA5 https://t.co/Qe6GT5qDTd",es,0,0,0,0,0,0,0,0,0,propongo que cuando se llegue a la zona urbana todos los conductores toquen el claxon a ver si los vecinos están encantados de los semáforos semaforosa5 [url]
60f02e47c7d38ad5ed944440af3f757f,SEMÁFOROSA5,0,"Pregunta a los expertos de @ComunidadMadrid, @MADRID, @RACE_es o @DGTes: que los coches estén permanentemente parando y acelerando, como pasa ahora con esos semáforos, impacta más o menos que mantener una velocidad constante de 70km/h? #a5 #SemaforosA5 https://t.co/wKkitcYG8q",es,0,1,1,0,0,0,0,0,0,pregunta a los expertos de [user] [user] [user] o [user] que los coches estén permanentemente parando y acelerando como pasa ahora con esos semáforos impacta más o menos que mantener una velocidad constante de 70km h a5 semaforosa5 [url]
1eed4d84c6eafb3355ecf07d9a989eb5,SEMÁFOROSA5,0,"Porque la realidad de los #semaforosA5 es muy distinta, se están construyendo nuevas viviendas y se quiere reactivar la operación campamento (más de 11.000 viviendas).

Pura especulación del capitalismo a costa de la clase trabajadora que se desplaza por necesidad, no por gusto.",es,0,0,0,0,0,1,1,0,0,porque la realidad de los semaforosa5 es muy distinta se están construyendo nuevas viviendas y se quiere reactivar la operación campamento más de 11 00 viviendas pura especulación del capitalismo a costa de la clase trabajadora que se desplaza por necesidad no por gusto
811996619d3ab82ee8f59fb1a8d99c7d,SEMÁFOROSA5,0,"Por el capricho de #carmena y cuatro vecinos de campamento un millón de personas se van a tener que comer esto todos los días y levantarse una hora antes..  #semaforosA5.. Y la próxima #semaforosA42.. Getafe, Parla, Toledo.. Preparados? https://t.co/sQjBNZA4bQ",es,0,1,0,0,0,0,0,0,0,por el capricho de carmena y cuatro vecinos de campamento un millón de personas se van a tener que comer esto todos los días y levantarse una hora antes semaforosa5 y la próxima semaforosa42 getafe parla toledo preparados [url]
f1f50e881a6dee25020323096bae3552,SEMÁFOROSA5,0,"Poco se está hablando de los #semaforosA5, una medida clasista que únicamente afecta a la clase obrera de municipios obreros del sur de Madrid.

Pero bueno, ya sabemos como funciona esta izquierda"" que prefiere hablar de respuestas que sorprendan sobre el Carnaval.""",es,0,0,0,0,0,0,0,2,0,poco se está hablando de los semaforosa5 una medida clasista que únicamente afecta a la clase obrera de municipios obreros del sur de madrid pero bueno ya sabemos como funciona esta izquierda que prefiere hablar de respuestas que sorprendan sobre el carnaval
3d6b144db34cfd44b0f80c9fc569409f,SEMÁFOROSA5,0,Pero esta mierda qué es @ManuelaCarmena semáforo en la A5? Pero usted ya delira completamente?? Váyase a un asilo. #SemáforosA5 https://t.co/mZ57M8xdRC,es,0,3,0,0,0,0,0,0,0,pero esta mierda qué es [user] semáforo en la a5 pero usted ya delira completamente váyase a un asilo semáforosa5 [url]
730a39d721324e735533ef8ce9f0cc6e,SEMÁFOROSA5,0,Parece que los vecinos lo ven de otra manera y parece que en vídeo no es como lo contáis https://t.co/MV12xztYyV #semaforosA5 #A5VíaUrbana https://t.co/0bo1JFrlEy,es,0,0,0,0,0,1,0,0,0,parece que los vecinos lo ven de otra manera y parece que en vídeo no es como lo contáis [url] semaforosa5 a5víaurbana [url]
012f1f5ff074aae453e860e6d505fc14,SEMÁFOROSA5,0,Parados en el atasco por los #SemáforosA5 https://t.co/KXoEVBHPP5,es,0,0,0,0,0,0,0,0,0,parados en el atasco por los semáforosa5 [url]
85b62aabc2c48f0f1a297cebd38484f1,SEMÁFOROSA5,0,Otra vez tenemos al @AytoAlcorcon y a su alcalde más preocupado de un #semaforosA5 que de las muchas familias que son desahuciadas en #Alcorcon y se quedan en la calle por la falta de alquileres sociales,es,0,0,0,0,0,0,0,0,0,otra vez tenemos al [user] y a su alcalde más preocupado de un semaforosa5 que de las muchas familias que son desahuciadas en alcorcon y se quedan en la calle por la falta de alquileres sociales
151c5f4760a3e9e6c68b2db088418323,SEMÁFOROSA5,0,Normalmente a esta hora no había atascos en la A5...ahora todo colapsado por los #semaforosA5 y los autobuses de la EMT también están afectados. No pueden secuestrar el sur de Madrid #busvao ya https://t.co/eoVHwqTbuC,es,0,0,1,0,0,2,1,0,1,normalmente a esta hora no había atascos en la a5 ahora todo colapsado por los semaforosa5 y los autobuses de la emt también están afectados no pueden secuestrar el sur de madrid busvao ya [url]
bd046b8ba430f004b34bbe37c6452b57,SEMÁFOROSA5,0,"No solo te lo digo yo, @ManuelaCarmena @GanemosMadrid la tecnología sirve para muchas cositas, aunque vaya en bus sigo tardando más que antes mucho más, desprecio por los pueblos más humildes de la periferia de Madrid, sois muy clasistas.
#semaforosA5 https://t.co/7fmwHSqvma",es,0,0,0,0,0,1,0,0,0,no solo te lo digo yo [user] [user] la tecnología sirve para muchas cositas aunque vaya en bus sigo tardando más que antes mucho más desprecio por los pueblos más humildes de la periferia de madrid sois muy clasistas semaforosa5 [url]
6c3ce9a93ff60cb54289cc57d3062fd3,SEMÁFOROSA5,0,"No he pasado nunca por  #semaforosA5 Hulio, de hecho no voy a Madrid desde hace 7 meses pero ¡me cago en Carmena mil veces! (Todo sea por ayudar en el hagstag)",es,2,0,0,0,0,3,0,0,0,no he pasado nunca por semaforosa5 hulio de hecho no voy a madrid desde hace 7 meses pero me cago en carmena mil veces todo sea por ayudar en el hagstag
ec8a20b06b1e383835a1c8c0de980a99,SEMÁFOROSA5,0,"No hay derecho a que Carmena secuestre la movilidad de los madrileños por puro capricho ideológico. Recordemos que esta medida es también del @psoe_m. 

¡No a los #SemáforosA5! https://t.co/DwcCL4UNUl",es,2,0,0,0,0,2,0,0,0,no hay derecho a que carmena secuestre la movilidad de los madrileños por puro capricho ideológico recordemos que esta medida es también del [user] no a los semáforosa5 [url]
6e9373b0887ce2fb25d8a92227c9d598,SEMÁFOROSA5,0,"No hay derecho a que #Carmena secuestre una parte de la ciudad y dificulte el acceso que quienes viene a  trabajar.
No a los #semaforosA5 https://t.co/1H0xh9X9IU",es,0,0,0,0,0,2,0,0,0,no hay derecho a que carmena secuestre una parte de la ciudad y dificulte el acceso que quienes viene a trabajar no a los semaforosa5 [url]
e4966a6ba4182cda1b3d35b404c2f8f6,SEMÁFOROSA5,0,"No hay derecho a que #Carmena secuestre una parte de la ciudad y a los trabajadores. #Carmena contra la gente trabajadora. Carretera Boadilla Carabanchel, ahora @AtascoMadrid #SemáforosA5 https://t.co/dt1eHUqr83",es,0,0,0,0,0,1,0,0,0,no hay derecho a que carmena secuestre una parte de la ciudad y a los trabajadores carmena contra la gente trabajadora carretera boadilla carabanchel ahora [user] semáforosa5 [url]
2d2dccd5366f91add104ca4136b2056a,SEMÁFOROSA5,0,No hay derecho a que #Carmena secuestre la movilidad de más de 1 millón de habitantes de la zona sur de Madrid. No a los #SemáforosA5 https://t.co/qLAnZBipJp,es,0,0,0,0,0,2,0,0,0,no hay derecho a que carmena secuestre la movilidad de más de 1 millón de habitantes de la zona sur de madrid no a los semáforosa5 [url]
963b01d8857b49c6d3c73871e4995c1f,SEMÁFOROSA5,0,No creo q sea una buena solución !!!!#semaforosA5 https://t.co/6QLuyLigDS,es,4,0,0,0,0,1,1,0,0,no creo q sea una buena solución semaforosa5 [url]
e3c4cc1e70dfc4b2783cc5ad7ff4c74a,SEMÁFOROSA5,0,No a los #SemáforosA5 https://t.co/yJ1kDzq7EK,es,0,0,0,0,0,1,0,0,0,no a los semáforosa5 [url]
2eb160b67bebeb52db28bf8cec434aec,SEMÁFOROSA5,0,NO a #semaforosA5 NO a @MasMadrid__ NO al @PSOE https://t.co/YEFOZCoCRi,es,0,0,1,0,0,3,0,0,0,no a semaforosa5 no a [user] no al [user] [url]
d827a8ee730a68a3a6595a24de089e10,SEMÁFOROSA5,0,NO a #semaforosA5 No a @MasMadrid__ No al @PSOE Contra los madrileños del sur de Madrid. NO a #viaurbanaA5 @ppmadrid,es,0,0,1,0,0,4,0,0,0,no a semaforosa5 no a [user] no al [user] contra los madrileños del sur de madrid no a viaurbanaa5 [user]
9835f9368e7b8e0497531c9335994f77,SEMÁFOROSA5,0,NO a #SemáforosA5 NO a @ahorapodemos NO a @PSOE NO a @MasMadridCM NO a @MasMadrid__ #libertadparalosMadrileños https://t.co/BXhnVS9H1v,es,0,0,1,0,0,5,0,0,0,no a semáforosa5 no a [user] no a [user] no a [user] no a [user] libertadparalosmadrileños [url]
b45a0cd49e34e765f74c41db96af58b4,SEMÁFOROSA5,0,"No #podemitas, aquí no se puede poner un semáforo. En la #A5 #SemaforosA5 tampoco #podemosatascamadrid https://t.co/78GtXpPn9X",es,0,0,0,0,0,3,0,0,0,no podemitas aquí no se puede poner un semáforo en la a5 semaforosa5 tampoco podemosatascamadrid [url]
b21b3248f239694316fcdfdce3c372f8,SEMÁFOROSA5,0,"Muchos cogemos el puto coche porque no tenemos otra forma de llegar al trabajo y además poder conciliar con la vida familiar. Luego dirán que son los defensores de la conciliación... Eso sí, si no vives en el sur de Madrid. #semaforosA5 Qué manera de joder la vida a la gente!! https://t.co/E8X41TGYD3",es,2,0,0,0,0,2,1,0,1,muchos cogemos el puto coche porque no tenemos otra forma de llegar al trabajo y además poder conciliar con la vida familiar luego dirán que son los defensores de la conciliación eso sí si no vives en el sur de madrid semaforosa5 qué manera de joder la vida a la gente [url]
f212eab70a17ae112e59e89f11b9435b,SEMÁFOROSA5,0,"Millones de afectados del oeste de Madrid por los atascos de la A5.
Y es que la gradiosa idea del PP de #MadridCentral ahora nos pasa factura a todos en la región a base de semáforos en autovías. 
#VoxPozuelo #Pozuelo #PozueloDeAlarcon #A5 #semaforosA5 https://t.co/k1RrhDoD7q",es,0,0,0,0,0,0,0,0,0,millones de afectados del oeste de madrid por los atascos de la a5 y es que la gradiosa idea del pp de madridcentral ahora nos pasa factura a todos en la región a base de semáforos en autovías voxpozuelo pozuelo pozuelodealarcon a5 semaforosa5 [url]
ea299a320f573e0591897756eee16f2c,SEMÁFOROSA5,0,Mierda de #semaforosa5 vaya atasco. Joder que mal.,es,0,0,0,0,0,0,0,0,0,mierda de semaforosa5 vaya atasco joder que mal
406d781af8d7dd52baf09b685a425d99,SEMÁFOROSA5,0,"Mi segundo día de los #SemaforosA5 y el mismo panorama de ayer. Atascados desde Alcorcón, me planteo seriamente cambiar de ruta... No ayudan!!",es,2,0,0,0,0,1,1,0,1,mi segundo día de los semaforosa5 y el mismo panorama de ayer atascados desde alcorcón me planteo seriamente cambiar de ruta no ayudan
65c0e2dbfc07ddddae0e998f57f7b185,SEMÁFOROSA5,0,"Menos mal que queda poco para el 26 de mayo, los #semaforosA5 son una vergüenza, mirad el atasco que han producido esta mañana 👇👇#GraciasCarmena https://t.co/ECHb3BudH6",es,0,0,0,2,0,0,0,0,0,menos mal que queda poco para el 26 de mayo los semaforosa5 son una vergüenza mirad el atasco que han producido esta mañana dorso_de_mano_con_índice_hacia_abajo dorso_de_mano_con_índice_hacia_abajo graciascarmena [url]
5f805540b899c4a4a87aac6dcb40ca5e,SEMÁFOROSA5,0,"Menos mal que en mayo vais a tomar por culo fuera del Ayuntamiento.

#SemáforosA5.",es,0,0,0,0,0,0,0,0,0,menos mal que en mayo vais a tomar por culo fuera del ayuntamiento semáforosa5
fe38109e01f1bad6a8e6f053679db0db,SEMÁFOROSA5,0,Menos coche y más transporte público. Hay que valorar si de verdad es necesario usarlo para ir a trabajar. Conciencia. #semaforosA5,es,0,0,0,0,0,0,0,0,0,menos coche y más transporte público hay que valorar si de verdad es necesario usarlo para ir a trabajar conciencia semaforosa5
0390174d507f4cf810f1d24e5277de22,SEMÁFOROSA5,0,Más atasco de lo normal en la entrada de la A5. Primer día con semáforos en hora punta. #semaforosA5 https://t.co/YmseB5p2E9,es,0,0,0,0,0,0,0,0,0,más atasco de lo normal en la entrada de la a5 primer día con semáforos en hora punta semaforosa5 [url]
1da39b52cbf90293e334698c3f53a307,SEMÁFOROSA5,0,"madre mia que atascazo ¿va a ser así todos los días?, SI #FelizMiercoles ,#semaforosA5 https://t.co/4klozF1qdS",es,0,2,0,0,0,0,0,0,0,madre mia que atascazo va a ser así todos los días si felizmiercoles semaforosa5 [url]
224108cc53e54f9caf132bd78052ab0d,SEMÁFOROSA5,0,"Madre mía @ManuelaCarmena, ¿pero usted de verdad conoce Madrid? No me extrañaría que la idea de los semáforos la hubiera sacado de un desayuno con @AdaColau, otro cuadro de salón como usted. En fin.  
#semaforosA5",es,0,2,0,0,0,1,0,0,0,madre mía [user] pero usted de verdad conoce madrid no me extrañaría que la idea de los semáforos la hubiera sacado de un desayuno con [user] otro cuadro de salón como usted en fin semaforosa5
bdd12f8ffd20320872074ea7f23d2dee,SEMÁFOROSA5,0,"Los vecinos de la zona sur tendrán que levantarse mínimo 1h antes para sufrir atascos, que además van a provocar más contaminación.
#SemáforosA5
El Ayto de Madrid activa los semáforos de la A-5  https://t.co/zDbAWz30uR",es,0,0,0,0,0,0,0,0,0,los vecinos de la zona sur tendrán que levantarse mínimo 1h antes para sufrir atascos que además van a provocar más contaminación semáforosa5 el ayto de madrid activa los semáforos de la a 5 [url]
1b61db6467681b814f5ab468357843e1,SEMÁFOROSA5,0,"Los semáforos de la A5 no solo van a perjudicar a más de un millón de vecinos del sur de Madrid, sino también a los vecinos de los distritos de Madrid @davidperez #SemáforosA5 https://t.co/Zq7z5D8bhF",es,0,0,0,0,0,2,0,0,0,los semáforos de la a5 no solo van a perjudicar a más de un millón de vecinos del sur de madrid sino también a los vecinos de los distritos de madrid [user] semáforosa5 [url]
3771cfbea7cf472f7bb1f2e7b1159959,SEMÁFOROSA5,0,Los semáforos de la A-5 se estrenan con múltiples atascos e incluso un accidente #semaforosA5 #a5 #paseoextremadura #ayuntamiento #madrid #atascos https://t.co/RDDckhZPWY https://t.co/8MaPrgPIGU,es,0,0,0,0,0,0,0,0,0,los semáforos de la a 5 se estrenan con múltiples atascos e incluso un accidente semaforosa5 a5 paseoextremadura ayuntamiento madrid atascos [url] [url]
25ceadfea36c2e91eebf47673bb9b6d1,SEMÁFOROSA5,0,Los semáforos de la A-5 extienden la contaminación hasta la Casa de Campo #semaforosA5 #atascoA5 #contaminacionA5 @larazon_es https://t.co/1HjAIksIAL,es,0,0,0,0,0,0,0,0,0,los semáforos de la a 5 extienden la contaminación hasta la casa de campo semaforosa5 atascoa5 contaminaciona5 [user] [url]
7084ed1289f136a4b46d52cc4ceea5b2,SEMÁFOROSA5,0,"Los semáforos 🚦 de @ManuelaCarmena que ha puesto en la #A5, hacen que lleguen las retenciones hasta el siguiente municipio, Alcorcón. 
#SemáforosA5",es,0,0,0,1,0,0,0,0,0,los semáforos semáforo de [user] que ha puesto en la a5 hacen que lleguen las retenciones hasta el siguiente municipio alcorcón semáforosa5
2dc81bbde9192b2a33d053b9a77f96d4,SEMÁFOROSA5,0,"Los que os quejáis de los #semaforosA5, ya sabéis lo que tenéis que hacer en las próximas elecciones...",es,0,0,0,0,0,0,1,0,1,los que os quejáis de los semaforosa5 ya sabéis lo que tenéis que hacer en las próximas elecciones
a417f5d4c692bec9afbeb30020883919,SEMÁFOROSA5,0,"Los que hablais de los #semaforosA5 Siempre ha habido atascos a cualquier hora, es un acceso imposible, La culpa no es de un semáforo o un carril. Hay que dejar los coches en casa y usar el transporte público. La contaminación nos mata y no podemos más",es,0,0,0,0,0,2,0,0,0,los que hablais de los semaforosa5 siempre ha habido atascos a cualquier hora es un acceso imposible la culpa no es de un semáforo o un carril hay que dejar los coches en casa y usar el transporte público la contaminación nos mata y no podemos más
85c02595e22368cf053cb644c54325c9,SEMÁFOROSA5,0,"Los nuevos semáforos de la A5 de @manuelacarmenac están provocando grandes atascos y altos índices de contaminación. Medida claramente ineficaz. 
#semaforosA5. Todos somos #ayusers #IlusiónPorMadrid 
💪🇪🇦💙 https://t.co/Fmaa1wcaJo",es,0,0,0,2,0,0,0,0,0,los nuevos semáforos de la a5 de [user] están provocando grandes atascos y altos índices de contaminación medida claramente ineficaz semaforosa5 todos somos ayusers ilusiónpormadrid bíceps_flexionado bandera_ceuta_y_melilla corazón_azul [url]
f6bd11f8a17f1ffb6ece57fbfe80150e,SEMÁFOROSA5,0,Los extremeños debemos saber que a partir de hoy llegar a #Madrid es un poco más difícil gracias a los #SemáforosA5 que #Carmena ha puesto en la carretera de #Extremadura https://t.co/yw7YOjCDHX,es,0,0,0,0,0,0,0,0,0,los extremeños debemos saber que a partir de hoy llegar a madrid es un poco más difícil gracias a los semáforosa5 que carmena ha puesto en la carretera de extremadura [url]
0cf7904d51064e16e936d95975859925,SEMÁFOROSA5,0,"Los conductores de la A-5: Poner estos semáforos es de no tener mucha cabeza"" https://t.co/hedWNYB0Cl  #semáforosA5""",es,0,0,0,0,0,1,0,2,0,los conductores de la a 5 poner estos semáforos es de no tener mucha cabeza [url] semáforosa5
4d53172fe287b62ceb05fc67738325b8,SEMÁFOROSA5,0,"Los caprichos ideológicos no solo van afectar a los vecinos del sur de Madrid, sino a todos los madrileños. No es justo, ¡no a los #SemáforosA5! @davidperez @AtascoMadrid https://t.co/nPFfs8Cl0j",es,2,0,0,0,0,4,0,0,0,los caprichos ideológicos no solo van afectar a los vecinos del sur de madrid sino a todos los madrileños no es justo no a los semáforosa5 [user] [user] [url]
079cd99bbb146b8bc018067be4a9d612,SEMÁFOROSA5,0,Los atascos se trasladan a la M-40 tras el estreno de la nueva A-5: «No sabemos a qué velocidad ir» https://t.co/7kvCkGQAUc @ABC_Madrid #semáforosA5,es,0,0,0,0,0,1,0,2,0,los atascos se trasladan a la m 40 tras el estreno de la nueva a 5 no sabemos a qué velocidad ir [url] [user] semáforosa5
dcd9c6c01b320e362b928f40d773135f,SEMÁFOROSA5,0,"Los alcaldes de Móstoles, Getafe o Fuenlabrada no tienen nada que decir de los atascos que sus vecinos van a sufrir gracias a Carmena y sus compañeros del PSOE de la ciudad de Madrid #semáforosA5 https://t.co/2mOtC9zjXg",es,0,0,1,0,0,2,0,0,0,los alcaldes de móstoles getafe o fuenlabrada no tienen nada que decir de los atascos que sus vecinos van a sufrir gracias a carmena y sus compañeros del psoe de la ciudad de madrid semáforosa5 [url]
86e1a1718043e2342185e926f9d9859d,SEMÁFOROSA5,0,"Los #semáforosA5 provocan atascos hasta #Arroyomolinos y el enfado de los conductores. #A5tascazopodemitA5 
 https://t.co/YbD6jDk363",es,0,0,0,0,0,0,0,0,0,los semáforosa5 provocan atascos hasta arroyomolinos y el enfado de los conductores a5tascazopodemita5 [url]
795d810a3e4678a781f35b51817c1678,SEMÁFOROSA5,0,Los #semaforosA5 no van a reducir el tráfico y no van a reducir la contaminación. Los caprichos ideológicos y las decisiones unilaterales del Gobierno de Carmena no tienen ni pies ni cabeza 👇🏻#semaforosA5 https://t.co/1Hu3tUFX4L,es,0,0,0,2,0,5,0,0,0,los semaforosa5 no van a reducir el tráfico y no van a reducir la contaminación los caprichos ideológicos y las decisiones unilaterales del gobierno de carmena no tienen ni pies ni cabeza dorso_de_mano_con_índice_hacia_abajo_tono_de_piel_claro semaforosa5 [url]
5e7fd2da9c4bef9e168b9a728dd82451,SEMÁFOROSA5,0,Los #semaforosA5 no van a reducir el tráfico y no van a reducir la contaminación. Los caprichos ideológicos y las decisiones unilaterales del Gobierno de Carmena no tienen ni pies ni cabeza 👇🏻 @AtascoMadrid https://t.co/DmSzEP2SyY,es,0,0,0,2,0,5,0,0,0,los semaforosa5 no van a reducir el tráfico y no van a reducir la contaminación los caprichos ideológicos y las decisiones unilaterales del gobierno de carmena no tienen ni pies ni cabeza dorso_de_mano_con_índice_hacia_abajo_tono_de_piel_claro [user] [url]
fbc7e60b4fd2f906acd219dac83edfab,SEMÁFOROSA5,0,Los #semaforosA5 no van a reducir el tráfico y no van a reducir la contaminación. Los caprichos ideológicos y las decisiones unilaterales del Gobierno de Carmena no tienen ni pies ni cabeza 👇🏻 @AtascoMadrid https://t.co/AeFFd9HlOQ,es,0,0,0,2,0,5,0,0,0,los semaforosa5 no van a reducir el tráfico y no van a reducir la contaminación los caprichos ideológicos y las decisiones unilaterales del gobierno de carmena no tienen ni pies ni cabeza dorso_de_mano_con_índice_hacia_abajo_tono_de_piel_claro [user] [url]
2d923f2d1e93f24bf2ff00fd62d15c89,SEMÁFOROSA5,0,"Llegas tarde.
No concilias. 
Pierdes tiempo y dinero.

Hay un ATASCO tremendo hoy en la A5 por la genialidad de Carmena de poner semáforos en una autovía. #SemaforosA5 https://t.co/Rzn8Um1pEn",es,0,0,1,0,0,1,0,0,0,llegas tarde no concilias pierdes tiempo y dinero hay un atasco tremendo hoy en la a5 por la genialidad de carmena de poner semáforos en una autovía semaforosa5 [url]
47c9813fa15d516376d0c8716a765076,SEMÁFOROSA5,0,La única actuación necesaria sobre la A5 es extenderla hasta Setúbal #semaforosA5,es,0,0,0,0,0,0,0,0,0,la única actuación necesaria sobre la a5 es extenderla hasta setúbal semaforosa5
d841a3b7fe1bf212051d465f4835cc89,SEMÁFOROSA5,0,"La tibieza de la alcaldesa Noelia Posse (PSOE) con sus socios de gobierno, perjudica la movilidad de los mostoleños. https://t.co/gDK3QDAOsX #mostoles #a5 #semaforosA5 @ppmostoles @ppmadrid @AytoMostoles",es,0,0,1,0,0,0,0,0,0,la tibieza de la alcaldesa noelia posse psoe con sus socios de gobierno perjudica la movilidad de los mostoleños [url] mostoles a5 semaforosa5 [user] [user] [user]
f2394ad90ed8ec30088e133e12ce4b23,SEMÁFOROSA5,0,La reducción a 70 km/h en la #M30 y los #semaforosA5 es de juzgado de guardia...,es,0,0,0,0,0,0,1,0,1,la reducción a 70 km h en la m30 y los semaforosa5 es de juzgado de guardia
f12c63ee61ae2d6d390050bf1d6b284e,SEMÁFOROSA5,0,"La intervención de @AlmeidaPP_ es sumamente oportuna y suscita que se tenga muy presente. El disparate, porque lo es, de los #SemáforosA5 no tuvo la oposición de C´s, con su capitana Villacís a la cabeza. Se abstuvieron ante lo que era, como ahora se comprueba, un disparate. https://t.co/YjtpTYPkYB",es,0,0,0,0,0,1,0,0,0,la intervención de [user] es sumamente oportuna y suscita que se tenga muy presente el disparate porque lo es de los semáforosa5 no tuvo la oposición de c s con su capitana villacís a la cabeza se abstuvieron ante lo que era como ahora se comprueba un disparate [url]
ba5c87e60929c9e60caa7ecce0b6e0ef,SEMÁFOROSA5,0,La gente diciendo en #semaforosA5 que nunca ha habido atascos cuando lleva habiendo todas las mañanas desde hace 25 años,es,0,0,0,0,0,1,0,0,0,la gente diciendo en semaforosa5 que nunca ha habido atascos cuando lleva habiendo todas las mañanas desde hace 25 años
cad074c4837b5098b5b3501c0016d1f3,SEMÁFOROSA5,0,La fotografía que ilustra los #SemáforosA5 https://t.co/qKLXgr6jJF,es,0,0,0,0,0,0,0,0,0,la fotografía que ilustra los semáforosa5 [url]
44bb88a9411a1cb5023fb95c42767b67,SEMÁFOROSA5,0,La contaminación daña igual que el tabaco #SemaforosA5 #atascoA5 #contaminacionA5 #ATuSalud @larazon_es https://t.co/LE2wYEAqso,es,0,0,0,0,0,0,0,0,0,la contaminación daña igual que el tabaco semaforosa5 atascoa5 contaminaciona5 atusalud [user] [url]
63f49ea717518930f4710c75e3f4d472,SEMÁFOROSA5,0,"La alcaldesa de Madrid @ManuelaCarmena reniega d los pueblos más humildes del suroeste q no podemos vivir en el centro d Madrid y nos condena a gastar más recursos para llegar a nuestro trabajo, estos son los del cambio y trabajar x los débiles, me siento humillado.#semaforosA5",es,0,0,0,0,0,1,0,0,0,la alcaldesa de madrid [user] reniega d los pueblos más humildes del suroeste q no podemos vivir en el centro d madrid y nos condena a gastar más recursos para llegar a nuestro trabajo estos son los del cambio y trabajar x los débiles me siento humillado semaforosa5
0f966cf7043f7c08e2c87a701de1f770,SEMÁFOROSA5,0,La A5 completamente colapsadla debido a los semáforos. Los atascos generan el triple de contaminación que el tráfico fluido. Muy mala idea #semaforosA5,es,0,0,0,0,0,0,0,0,0,la a5 completamente colapsadla debido a los semáforos los atascos generan el triple de contaminación que el tráfico fluido muy mala idea semaforosa5
5875c6842f45dbaee7f7b768af2d0022,SEMÁFOROSA5,0,Joder con los #semaforosA5 y esto es para bajar la boina....Madre mia...,es,0,0,0,0,0,0,2,0,2,joder con los semaforosa5 y esto es para bajar la boina madre mia
3fa6677e10b2fde50a2876476b07474e,SEMÁFOROSA5,0,Hoy atasco tremendo en la A5 gracias a la última ocurrencia de Carmena de poner semáforos en una autovía. Indignación entre los conductores #semaforosA5,es,0,0,0,0,0,0,0,0,0,hoy atasco tremendo en la a5 gracias a la última ocurrencia de carmena de poner semáforos en una autovía indignación entre los conductores semaforosa5
6b51e55e393eb4c50616b67a950f3053,SEMÁFOROSA5,0,"Hola? @isabanes 

Los #semáforosA5 extienden la contaminación hasta la Casa de Campo. #A5tascazopodemitA5
 https://t.co/5wNCX6MBrD",es,0,1,0,0,0,0,0,0,0,hola [user] los semáforosa5 extienden la contaminación hasta la casa de campo a5tascazopodemita5 [url]
0fdddadc98a8f9603b3e635255b76a6d,SEMÁFOROSA5,0,"Hay que tener poca vergüenza para reírse de la gente así. Su brillante idea de los #semaforosA5  ha provocado esta imagen señor @josemanuel_co. El atasco llega hasta Arroyomolinos ¿Le hace gracia? A los que lo han sufrido ni pizca. Siga bromeando con el «apocalipsis», siga. https://t.co/SlCnFEav16",es,0,2,0,0,0,1,0,2,0,hay que tener poca vergüenza para reírse de la gente así su brillante idea de los semaforosa5 ha provocado esta imagen señor [user] el atasco llega hasta arroyomolinos le hace gracia a los que lo han sufrido ni pizca siga bromeando con el apocalipsis siga [url]
574354de78d556c226177d17772407a4,SEMÁFOROSA5,0,Han secuestrado a todos los municipios de Madrid sur que utilizan el autobús para acceder a Madrid triplicando el tiempo de trayecto #semaforosA5 por lo menos hagan un carril busVao @isabanes,es,0,0,0,0,0,0,0,0,0,han secuestrado a todos los municipios de madrid sur que utilizan el autobús para acceder a madrid triplicando el tiempo de trayecto semaforosa5 por lo menos hagan un carril busvao [user]
4478561c7a79e007e39eb85b154280dc,SEMÁFOROSA5,0,"Esto son soluciones caras @ManuelaCarmena pero son soluciones de verdad, no chapuzas como los #semaforosA5.😍😍 https://t.co/ziJIZzMh9Z",es,0,0,0,2,0,1,0,0,0,esto son soluciones caras [user] pero son soluciones de verdad no chapuzas como los semaforosa5 cara_sonriendo_con_ojos_de_corazón cara_sonriendo_con_ojos_de_corazón [url]
e162002743f000aefe9788347e26fac2,SEMÁFOROSA5,0,Esta mañana me di una vuelta por Campamento y los nuevos #semaforosA5 salió esto: https://t.co/Cok46gyrEh,es,0,0,0,0,0,0,0,0,0,esta mañana me di una vuelta por campamento y los nuevos semaforosa5 salió esto [url]
1444eecb77fb495ffdb817d961ee28d4,SEMÁFOROSA5,0,Esta fue la posición del #Ciudadanos en el pleno del ayuntamiento del 25 de mayo de 2016 sobre convertir la autovía de Extremadura (A-5) en “una avenida urbana” #SemaforosA5  #A5tascazopodemitA5 https://t.co/cXrmv4yZ3F,es,0,0,0,0,0,0,0,2,0,esta fue la posición del ciudadanos en el pleno del ayuntamiento del 25 de mayo de 2016 sobre convertir la autovía de extremadura a 5 en una avenida urbana semaforosa5 a5tascazopodemita5 [url]
7eb9a3c2e4b59a9e8fc8e1fa9f1f3478,SEMÁFOROSA5,0,"esta es la realidad, pero ni Carmena, ni Sabanes viven por esas zonas #FelizMiercóles, #semaforosA5 https://t.co/HccAIGx1uQ",es,0,0,0,0,0,2,0,0,0,esta es la realidad pero ni carmena ni sabanes viven por esas zonas felizmiercóles semaforosa5 [url]
5e8d6f37dd555b3111ce09d4d5801ead,SEMÁFOROSA5,0,Está claro que los #semaforosA5 no reducen la contaminación. Todo el mundo sabe que un coche q para y arranca continuamente contamina más que circulando. Es todo una cuestión disuasoria para que la gente busque otras rutas. La A42 en Plaza Elíptica será lo siguiente,es,0,0,0,0,0,1,0,0,0,está claro que los semaforosa5 no reducen la contaminación todo el mundo sabe que un coche q para y arranca continuamente contamina más que circulando es todo una cuestión disuasoria para que la gente busque otras rutas la a42 en plaza elíptica será lo siguiente
45d7b9fe44ff57ba18d00895b4042ae7,SEMÁFOROSA5,0,Está Carmena de q va miles de personas. Paradas. No le da vergüenza no los vamos a callar. Cómo tú no está hay  tu política reírte de los madrileños.  #semaforosA5,es,0,0,0,0,0,3,0,0,0,está carmena de q va miles de personas paradas no le da vergüenza no los vamos a callar cómo tú no está hay tu política reírte de los madrileños semaforosa5
89e9c790f71d830cd10184125ad2d38e,SEMÁFOROSA5,0,"Esa gente que en relación a lo de los #SemaforosA5 le dice a los vecinos de la zona que ya sabían donde se compraban sus pisos, esa gente",es,0,0,0,0,0,0,0,0,0,esa gente que en relación a lo de los semaforosa5 le dice a los vecinos de la zona que ya sabían donde se compraban sus pisos esa gente
7a59f26fa49ecc122f890e3f794993e3,SEMÁFOROSA5,0,"Es una vergüenza como viven los vecinos de la A5 y ese tramo de autopista se tiene que acabar convirtiendo en calle, pero no tengo nada claro que #semaforosA5 sea buena medida. Cosas veredes,  prefiero la opción de soterrar que defiende C's.",es,0,0,0,0,0,2,0,1,0,es una vergüenza como viven los vecinos de la a5 y ese tramo de autopista se tiene que acabar convirtiendo en calle pero no tengo nada claro que semaforosa5 sea buena medida cosas veredes prefiero la opción de soterrar que defiende c s
d561781d802b3556fe211ec9a4a474e3,SEMÁFOROSA5,0,"Es increíble cómo algo tan sencillo como sacar al genocida Franco de su mausoleo está costando tanto trabajo, y todo gracias a PPCsV0X. 
Un país que se dice demócrata no puede tener monumentos fascistas. 
#FelizMiércoles #LaCafeteraVatileaks
Fundación Franco #semaforosA5",es,0,0,0,0,0,1,0,0,0,es increíble cómo algo tan sencillo como sacar al genocida franco de su mausoleo está costando tanto trabajo y todo gracias a ppcsv0x un país que se dice demócrata no puede tener monumentos fascistas felizmiércoles lacafeteravatileaks fundación franco semaforosa5
c54414b1876505826b7a7e18e3dff2cc,SEMÁFOROSA5,0,"Encuesta de #Telemadrid. 
¿Apoyas la instalación de semáforos en la A-5?  
➡️ 89,3% NO los apoya. No a los #SemáforosA5
 #a5tascazopodemita5 https://t.co/7bqNALlJya",es,0,2,0,1,0,2,0,0,0,encuesta de telemadrid apoyas la instalación de semáforos en la a 5 flecha_hacia_la_derecha 89 3 no los apoya no a los semáforosa5 a5tascazopodemita5 [url]
a7c8063e22c4e5b3c264e7e186870999,SEMÁFOROSA5,0,"En lo de los #semaforosa5 tienes razón, pero igual la gente de Alcorcón no te aprecian mucho tampoco @davidperez el bloqueador"" https://t.co/8qrtqFS7az""",es,0,0,0,0,0,2,0,2,0,en lo de los semaforosa5 tienes razón pero igual la gente de alcorcón no te aprecian mucho tampoco [user] el bloqueador [url]
e591fb3f8a621e47380b04a62e46d7ce,SEMÁFOROSA5,0,"En la #A5VíaUrbana se habla de los #semáforosA5 y los subterráneos por donde pasan las personas

Pero nunca se habla de sus aceras y pasos de cebra..

Por ello dentro hilo",es,0,0,0,0,0,1,0,0,0,en la a5víaurbana se habla de los semáforosa5 y los subterráneos por donde pasan las personas pero nunca se habla de sus aceras y pasos de cebra por ello dentro hilo
7e2261bff9f816d31f00e22ef5111717,SEMÁFOROSA5,0,El tuit con más repercusión de la Tendencia #semaforosA5 fue de @maintxu: https://t.co/TCir3q13mm (17 RTs) #trndnl,es,0,0,0,0,0,0,0,0,0,el tuit con más repercusión de la tendencia semaforosa5 fue de [user] [url] 17 rts trndnl
39732e367c74829293e8d07136116e26,SEMÁFOROSA5,0,"El sur de Madrid es una ratonera, es insufrible y con esto más #SemaforosA5",es,0,0,0,0,0,0,0,0,0,el sur de madrid es una ratonera es insufrible y con esto más semaforosa5
12a4f3e310ee869f8a8c1db5a5cd0d40,SEMÁFOROSA5,0,"El caos está servido, PSOE y Podemos atascan #Madrid.

🔴 NO a los #SemáforosA5 https://t.co/HIhRC8Mv5O",es,0,0,1,1,0,1,0,0,0,el caos está servido psoe y podemos atascan madrid círculo_rojo no a los semáforosa5 [url]
0ed656a52be549acd8262ad028e2f6c0,SEMÁFOROSA5,0,"El Ayuntamiento de #Carmena no descarta convertir también en vía urbana la A-42. #SemáforosA5 #SemáforosA42 #A5tascazopodemitA5
https://t.co/S5zFoV4TPp",es,0,0,0,0,0,1,0,0,0,el ayuntamiento de carmena no descarta convertir también en vía urbana la a 42 semáforosa5 semáforosa42 a5tascazopodemita5 [url]
7fc979d32971f303371f52c32110c39e,SEMÁFOROSA5,0,"El atasco para entrar a Madrid llegaba esta mañana hasta Arroyomolinos. Móstoles y Alcorcón, totalmente colapsadas con más de una hora de atasco. Los #semáforosA5 son una auténtica marcianada. https://t.co/TPHAAfci0J",es,0,0,0,0,0,0,0,0,0,el atasco para entrar a madrid llegaba esta mañana hasta arroyomolinos móstoles y alcorcón totalmente colapsadas con más de una hora de atasco los semáforosa5 son una auténtica marcianada [url]
ffd3ff185bd433ffc013170f8e85e251,SEMÁFOROSA5,0,El atascazo por los #semáforosA5 llega ya hasta los semáforos de María de Molina con Príncipe de Vergara 😱 https://t.co/uRAXbscnAl,es,0,0,0,1,0,0,0,0,0,el atascazo por los semáforosa5 llega ya hasta los semáforos de maría de molina con príncipe de vergara cara_gritando_de_miedo [url]
9fde7721a26a3cb2a89126a82b007624,SEMÁFOROSA5,0,"el  #semaforosA5 crea un problema donde no lo había.  He tardado el doble en ir a trabajar!!!!!, joder!!. 
Que quereis solucionar poniendo un #semaforosA5 en medio de la A5!!??
@isabanes @ManuelaCarmena",es,9,2,0,0,0,1,1,0,0,el semaforosa5 crea un problema donde no lo había he tardado el doble en ir a trabajar joder que quereis solucionar poniendo un semaforosa5 en medio de la a5 [user] [user]
8af99f22fe673068ad6fdd2266826cfb,SEMÁFOROSA5,0,Después de joder con los #semaforosA5 ahora Carmena amenaza con la A42,es,0,0,0,0,0,0,0,0,0,después de joder con los semaforosa5 ahora carmena amenaza con la a42
52c1241fbb86e2f885fa6a07efe7c6f8,SEMÁFOROSA5,0,"Del tema de los #semáforosA5, este powerpoint del Ayto explica lo que se ha hecho y para qué, además de las cosas que se quieren hacer en el futuro (esto es solo la primera fase) https://t.co/1zqjmzfMzg",es,0,0,0,0,0,0,0,0,0,del tema de los semáforosa5 este powerpoint del ayto explica lo que se ha hecho y para qué además de las cosas que se quieren hacer en el futuro esto es solo la primera fase [url]
188bf08645aef4da2f6e6e94d8c678f2,SEMÁFOROSA5,0,Cuando la demagogia y el populismo patinan la realidad les caga encima. No han dejado de incrementar los atascos restringiendo el acceso y aumentando la contaminacion Vaya gestion mas desastrosa de la ciudad mierda por todos los sitios #semaforosA5 https://t.co/TKIUEfbe24,es,0,0,0,0,0,1,0,0,0,cuando la demagogia y el populismo patinan la realidad les caga encima no han dejado de incrementar los atascos restringiendo el acceso y aumentando la contaminacion vaya gestion mas desastrosa de la ciudad mierda por todos los sitios semaforosa5 [url]
d3b8b2826b18874fc4b1b173f625ef3d,SEMÁFOROSA5,0,"Cuando estéis en la #A5 cabreados por el #SemaforosA5 recordad en las elecciones que #Vox NUNCA pondría un semáforo para perjudicaros. Gracias por vuestra confianza. 😘

#YoVotoVox #VoxExtremaNecesidad #SiguemeYTeSigoVOX 

Más de un millón de votos de los afectados para #Vox. 😂 https://t.co/ntlztEZCZr",es,0,0,1,2,0,1,0,0,0,cuando estéis en la a5 cabreados por el semaforosa5 recordad en las elecciones que vox nunca pondría un semáforo para perjudicaros gracias por vuestra confianza cara_lanzando_un_beso yovotovox voxextremanecesidad siguemeytesigovox más de un millón de votos de los afectados para vox cara_llorando_de_risa [url]
1b0fcb1296e53e63372923aa3e2413e9,SEMÁFOROSA5,0,"Contaminación en Madrid. 
CDR en Barcelona. 
Liadas con los taxis en ambas ciudades.
Y hoy, jaleos con los #SemáforosA5 en Madrid. 

¿Os tengo que volver a decir que en Zamora no hay ni uno sólo de esos problemas?

Ea, vénganse para acá que hay sitio",es,0,2,1,0,0,2,0,0,0,contaminación en madrid cdr en barcelona liadas con los taxis en ambas ciudades y hoy jaleos con los semáforosa5 en madrid os tengo que volver a decir que en zamora no hay ni uno sólo de esos problemas ea vénganse para acá que hay sitio
b9caa5a935572c9301bb077ee0dae861,SEMÁFOROSA5,0,"Cómo los usuarios del autobús tardamos 3 veces más en llegar a Madrid por culpa de #semaforosA5, la mayoría está optando por dejar de usar el bus y coger el coche para poder salir más temprano de casa. @ManuelaCarmena no quería caldo? Pues toma! Dos tazas",es,1,1,0,0,0,1,0,0,0,cómo los usuarios del autobús tardamos 3 veces más en llegar a madrid por culpa de semaforosa5 la mayoría está optando por dejar de usar el bus y coger el coche para poder salir más temprano de casa [user] no quería caldo pues toma dos tazas
578d76eaad53cd9f7199fc5c7d4012b9,SEMÁFOROSA5,0,Coches atascados = más contaminación y más ruido. La salud de los vecinos de Latina y Carabanchel perjudicada. A #Carmena sólo le interesa la salud en el Centro #GraciasCarmena #CarmenaContraMadrid #SemáforosA5 https://t.co/FX0AvqYA8h,es,0,0,0,0,0,0,0,0,0,coches atascados más contaminación y más ruido la salud de los vecinos de latina y carabanchel perjudicada a carmena sólo le interesa la salud en el centro graciascarmena carmenacontramadrid semáforosa5 [url]
35f28a58f2285d0dfffc961b4a69edb7,SEMÁFOROSA5,0,Ciudades que según ellos nos tenemos que joder #a5NOViaurbana #fueraSemaforos #semaforosA5 #movilidadSI #dejarDeMentiryMaquillar https://t.co/xZILRANAtK,es,0,0,0,0,0,0,0,0,0,ciudades que según ellos nos tenemos que joder a5noviaurbana fuerasemaforos semaforosa5 movilidadsi dejardementirymaquillar [url]
6782b4a29b87caab39ca658533aa89a2,SEMÁFOROSA5,0,Casualmente toda la gentuza que defiende los #semaforosA5 no hace ese trayecto en hora punta.,es,0,0,0,0,0,1,0,0,0,casualmente toda la gentuza que defiende los semaforosa5 no hace ese trayecto en hora punta
81cdf7138cf2ab5238f4406ca9c0e473,SEMÁFOROSA5,0,"Carta abierta al usuario

https://t.co/drsRMKJpS1

#MWC19 #MWC2019 #Barcelona #MobileWorldCongress #MobileWorldCongress2019 #MWC #AMB #FelizMiercoles #Carta #CABIFY #Uber #VTC #SmartCity #Spain #España #Catalunya #semaforosA5 #GSMA #smartphone #bcn #USA #news #BREAKING #5G",es,0,0,7,0,0,0,0,0,0,carta abierta al usuario [url] mwc19 mwc2019 barcelona mobileworldcongress mobileworldcongress2019 mwc amb felizmiercoles carta cabify uber vtc smartcity spain españa catalunya semaforosa5 gsma smartphone bcn usa news breaking 5g
e511476e0a8b3e746f33f36956087c9b,SEMÁFOROSA5,0,"Carmena, hoja de ruta.

#semaforosA5",es,0,0,0,0,0,0,0,0,0,carmena hoja de ruta semaforosa5
cb4a90844979e74ddc2e78a05d5e2c0d,SEMÁFOROSA5,0,"Carmena, @ahorapodemos, @MasMadrid__ en contra de los trabajadores que quieren acceder a Madrid todos los días  por la A-5 . Con los semáforos más atasco, más contaminación y más horas perdidas por los currantes que quieren acceder a la ciudad. El 26 de mayo hablamos #semaforosA5",es,0,0,0,0,0,0,0,0,0,carmena [user] [user] en contra de los trabajadores que quieren acceder a madrid todos los días por la a 5 con los semáforos más atasco más contaminación y más horas perdidas por los currantes que quieren acceder a la ciudad el 26 de mayo hablamos semaforosa5
5c160d52bdfc77a986be11cff448155b,SEMÁFOROSA5,0,"Carmena y sus Maestres continúan blindando el aire donde reside la Alcaldesa, impidiendo la utilización de aquello por lo que se paga impuestos pero no se puede usar Mientas el resto de pueblos y barrios de Madrid sufren ese tapón con atascos y contaminación TicTac #semaforosA5 https://t.co/oJ43cCKtMz",es,0,0,0,0,0,1,0,0,0,carmena y sus maestres continúan blindando el aire donde reside la alcaldesa impidiendo la utilización de aquello por lo que se paga impuestos pero no se puede usar mientas el resto de pueblos y barrios de madrid sufren ese tapón con atascos y contaminación tictac semaforosa5 [url]
695cad162caa2f27fe757165a55e547e,SEMÁFOROSA5,0,"Carmena regala a #Vox 1.000.000 de votos con su idea de poner el #semaforosA5. Pensadlo cuando vayáis por las mañanas a vuestro trabajo y os calentéis con los #podemierdas. 😂😂😂😂😂😂😂😂😂😂😂😂

#YoVotoVox #VoxExtremaNecesidad 
https://t.co/jrJjqg4XQd",es,0,0,0,12,0,0,3,0,0,carmena regala a vox 1 00 00 de votos con su idea de poner el semaforosa5 pensadlo cuando vayáis por las mañanas a vuestro trabajo y os calentéis con los podemierdas cara_llorando_de_risa cara_llorando_de_risa cara_llorando_de_risa cara_llorando_de_risa cara_llorando_de_risa cara_llorando_de_risa cara_llorando_de_risa cara_llorando_de_risa cara_llorando_de_risa cara_llorando_de_risa cara_llorando_de_risa cara_llorando_de_risa yovotovox voxextremanecesidad [url]
255092904bdaa5b1b686ad6739c6f746,SEMÁFOROSA5,0,Carmena debe tener algún tipo de trauma con los coches porque está manía persecutoria no es normal y por la contaminación no puede ser porque nos mantiene atascados y contaminando más #semaforosA5 https://t.co/aH5wyU4qYt,es,0,0,0,0,0,2,0,0,0,carmena debe tener algún tipo de trauma con los coches porque está manía persecutoria no es normal y por la contaminación no puede ser porque nos mantiene atascados y contaminando más semaforosa5 [url]
b0c2e529ef64494628cfb4fb8816428f,SEMÁFOROSA5,0,"Carmena atuda a la conciliación laboral con su invento de los #semaforosA5

40 minutos de vida perdidos de mas a partir de ahora.

Lo peor es que los que lo sufrimos no votamos alcalde en Madrid. Creo que lo hace por eso. Le da igual todo menos su poltrona. https://t.co/NGvHJxoC7c",es,0,0,0,0,0,1,0,0,0,carmena atuda a la conciliación laboral con su invento de los semaforosa5 40 minutos de vida perdidos de mas a partir de ahora lo peor es que los que lo sufrimos no votamos alcalde en madrid creo que lo hace por eso le da igual todo menos su poltrona [url]
db8729ef0c976e8d226bacb5dfd8879a,SEMÁFOROSA5,0,Carmena acaba de ACTIVAR https://t.co/J4oGFGfhrB los #semáforosA5 Este es https://t.co/90OC5e7AGR el resultado ForoCoches https://t.co/SUjQGS0wy6,es,0,0,1,0,0,0,0,0,0,carmena acaba de activar [url] los semáforosa5 este es [url] el resultado forocoches [url]
8f798a7f7b8cd274531112182cb4222a,SEMÁFOROSA5,0,Buenos días y #FelizJueves  a todos menos a #Carmena y #Sabanes. #A5tascazopodemitA5 #SemáforosA5 https://t.co/wTildJwtJe,es,0,0,0,0,0,0,0,0,0,buenos días y felizjueves a todos menos a carmena y sabanes a5tascazopodemita5 semáforosa5 [url]
7ed5871c0af5d74a2b2d8115b5b31867,SEMÁFOROSA5,0,Ayuso alcaldes y ediles del PP se concentran https://t.co/Qd1XXrRFTG contra #semáforosA5 https://t.co/vg9lGl8dpi imposición ideológica que bloquea el sur https://t.co/dTRRkNMX8A,es,0,0,0,0,0,0,0,0,0,ayuso alcaldes y ediles del pp se concentran [url] contra semáforosa5 [url] imposición ideológica que bloquea el sur [url]
4d0b78a0973f6097df17a0ebcc5581d4,SEMÁFOROSA5,0,"Ayer los podemitas nos mandaron a tres personas para intentar reventar nuestra protesta por los #semáforosA5. Hoy se demuestra que tenemos razón.

No lo olviden: PSOE y Podemos atascan Madrid. https://t.co/TmW2USDOFb",es,0,0,1,0,0,1,0,0,0,ayer los podemitas nos mandaron a tres personas para intentar reventar nuestra protesta por los semáforosa5 hoy se demuestra que tenemos razón no lo olviden psoe y podemos atascan madrid [url]
337efc676ca443350457eb3883e85aa3,SEMÁFOROSA5,0,Ayer escuché que quieren copiar la medida de  #semaforosA5 en la Carretera de Toledo. Cualquiera que haya entrado a Madrid por ahí sabe que es una locura.,es,0,0,0,0,0,0,0,0,0,ayer escuché que quieren copiar la medida de semaforosa5 en la carretera de toledo cualquiera que haya entrado a madrid por ahí sabe que es una locura
fe535c08decfc91d4fc222277a7d3629,SEMÁFOROSA5,0,"Atención a lo que algún mente lúcida del @MADRID , cagó, en algún momento👇
🧠OFF
#semaforosA5 
#A5ViaUrbana https://t.co/nhYynphNRq",es,0,0,2,2,0,0,0,0,0,atención a lo que algún mente lúcida del [user] cagó en algún momento dorso_de_mano_con_índice_hacia_abajo cerebro off semaforosa5 a5viaurbana [url]
07dbb0a516da9d4b1214c0bb960f7bf5,SEMÁFOROSA5,0,"Atascos kilométricos en Madrid gracias a la gestión de Carmena.

Los #semaforosA5 son una medida impulsada por el PSOE y ejecutada por Carmena.

Según informes del Ayuntamiento de Madrid, la medida aumenta el ruido y la contaminación en zona…. Eso a Carmena le da igual. https://t.co/g3BPFB1v7N",es,0,0,1,0,0,0,0,0,1,atascos kilométricos en madrid gracias a la gestión de carmena los semaforosa5 son una medida impulsada por el psoe y ejecutada por carmena según informes del ayuntamiento de madrid la medida aumenta el ruido y la contaminación en zona eso a carmena le da igual [url]
bdcf4a94a8e19ba278a1811750fa21c0,SEMÁFOROSA5,0,"Atascos en A5 y Paseo de Extremadura por los #semaforosA5 .
+
Madrid Central
=
Más contaminación.

Algo no funciona bien... https://t.co/L2DYZ0zwAs",es,0,0,0,0,0,1,1,0,1,atascos en a5 y paseo de extremadura por los semaforosa5 madrid central más contaminación algo no funciona bien [url]
ba41ab72f4e6182186cfef11f8eddf59,SEMÁFOROSA5,0,"Así luce la A-5 a las 9:15 de la mañana debido a los #semaforosA5 , esta mañana era mucho más. Transporte privado y lo que es peor público se ven afectados por una mala gestión de movilidad. https://t.co/l3UyhTX3mJ",es,0,0,0,0,0,0,0,0,0,así luce la a 5 a las 9 15 de la mañana debido a los semaforosa5 esta mañana era mucho más transporte privado y lo que es peor público se ven afectados por una mala gestión de movilidad [url]
8b5bc9481ae1c012ffa7fd2669cf37bc,SEMÁFOROSA5,0,Así es como se hacen las cosas pensando en el bienestar de los Madrileños y el medio ambiente y no como la 🐺 de #Carmena que trata de imponer su ideología haciendo el mayor daño posible..  Bravo @AlmeidaPP_ 👏👏👏 #semaforosA5 https://t.co/EPkVr1V8nX,es,0,0,0,4,0,1,1,0,0,así es como se hacen las cosas pensando en el bienestar de los madrileños y el medio ambiente y no como la lobo de carmena que trata de imponer su ideología haciendo el mayor daño posible bravo [user] manos_aplaudiendo manos_aplaudiendo manos_aplaudiendo semaforosa5 [url]
aaff722960e6f6f4cdffd8073bc35621,SEMÁFOROSA5,0,así es #semaforosA5 #FelizMiercoles https://t.co/V9JsD0yn3V,es,0,0,0,0,0,0,0,0,0,así es semaforosa5 felizmiercoles [url]
88aa417c995d9f2e35891e49e0e5ccac,SEMÁFOROSA5,0,"Aquí, un concejal mintiendo. #semaforosA5 https://t.co/Lp0j9fLqvs",es,0,0,0,0,0,0,0,0,0,aquí un concejal mintiendo semaforosa5 [url]
e3f810143ddb69176f6899e36566512c,SEMÁFOROSA5,0,"Ánimo a todos los conductores afectados a pitar en esos #semaforosA5 cuando estén en rojo, solo gritándoles nos escucharán.",es,0,0,0,0,0,0,0,0,0,ánimo a todos los conductores afectados a pitar en esos semaforosa5 cuando estén en rojo solo gritándoles nos escucharán
cbb141e194c4a74f99f7059bcafe7cca,SEMÁFOROSA5,0,"Almeida soterrará casi cuatro kilómetros de la A-5 y creará un gran pasillo verde peatonal. Soluciones contra #A5tascazopodemitA5  #SemáforosA5.
https://t.co/qS4Zoqg6wr",es,0,0,0,0,0,0,0,0,0,almeida soterrará casi cuatro kilómetros de la a 5 y creará un gran pasillo verde peatonal soluciones contra a5tascazopodemita5 semáforosa5 [url]
a67abe0d633c5d75d45eb71e7d5c9df9,SEMÁFOROSA5,0,Almeida soterrará casi cuatro kilómetros de la A-5 y creará un gran pasillo verde peatonal. #SemáforosA5  https://t.co/qS4Zoqg6wr @tatianagrivas @ABC_Madrid,es,0,0,0,0,0,0,0,0,0,almeida soterrará casi cuatro kilómetros de la a 5 y creará un gran pasillo verde peatonal semáforosa5 [url] [user] [user]
515eeeac0792299d1207034c2581482f,SEMÁFOROSA5,0,Almeida eliminará https://t.co/3peuh3QKf2 #semáforosA5 si llega a la Alcaldía https://t.co/VNL3QCe16p por ser absolutamente inútil https://t.co/f3cDdi7Wh6,es,0,0,0,0,0,0,0,0,0,almeida eliminará [url] semáforosa5 si llega a la alcaldía [url] por ser absolutamente inútil [url]
38141f429e880af03be5d7d93ad80080,SEMÁFOROSA5,0,"Algún ciudadano “independiente” nos acusaba ayer de mentir y que los #SemáforosA5 no traían atascos, solo beneficios. Pues nada chico, hoy se lo cuentas a los vecinos de #Arroyomolinos. https://t.co/HG8hOEBZTH",es,0,0,0,0,0,2,0,2,0,algún ciudadano independiente nos acusaba ayer de mentir y que los semáforosa5 no traían atascos solo beneficios pues nada chico hoy se lo cuentas a los vecinos de arroyomolinos [url]
5467fc3b6008412634d188405c6c9edc,SEMÁFOROSA5,0,Absurdo que haya atasco aquí a las SIETE de la tarde de un miércoles. #A5VíaUrbana #SemáforosA5 https://t.co/ecDdR3WUEJ,es,0,0,1,0,0,0,0,0,0,absurdo que haya atasco aquí a las siete de la tarde de un miércoles a5víaurbana semáforosa5 [url]
f0e39ced949a1e8e3758af32332f06b3,SEMÁFOROSA5,0,"A-5 en Cuatro Vientos a las 10:30...la interminable hora punta de la A-5 gracias a #Carmena

#SemáforosA5 https://t.co/ipzvVuVuFn",es,0,0,0,0,0,0,1,0,1,a 5 en cuatro vientos a las 10 30 la interminable hora punta de la a 5 gracias a carmena semáforosa5 [url]
3cc183be70e5f8927e5cef85be2d2c44,SEMÁFOROSA5,0,"A todos los ciudadanos del sur de Madrid, impulsar la iniciativa #GranPitada cada vez que nos paremos en un semáforo, somos muchos los perjudicados por el Ayto. @MADRID hagamos una gran contaminación acústica #semaforosA5 https://t.co/trc9ybqdkk",es,0,0,1,0,0,0,0,0,0,a todos los ciudadanos del sur de madrid impulsar la iniciativa granpitada cada vez que nos paremos en un semáforo somos muchos los perjudicados por el ayto [user] hagamos una gran contaminación acústica semaforosa5 [url]
0149021bbdbc8b65d195abc7bc24a137,SEMÁFOROSA5,0,"A partir del 26 de mayo, con el #PartidoPopular en el Ayuntamiento y en la #ComunidadDeMadrid se acabaran los #semáforosA5. #A5tascazopodemitA5 https://t.co/oXw7G1u2T9",es,0,0,0,0,0,0,0,0,0,a partir del 26 de mayo con el partidopopular en el ayuntamiento y en la comunidaddemadrid se acabaran los semáforosa5 a5tascazopodemita5 [url]
ce981f2998603360042973a7c16ee819,SEMÁFOROSA5,0,A partir del 26 de mayo se acabaron los #SemáforosA5 y #Carmena #a5tascazopodemita5 #26M https://t.co/tFccGb7D6V,es,0,0,0,0,0,0,0,0,0,a partir del 26 de mayo se acabaron los semáforosa5 y carmena a5tascazopodemita5 26m [url]
db44244a00800a0deacd7e842780b2f6,SEMÁFOROSA5,0,A las 8:48 de la mañana del día 28 de febrero recuerda que estás regalando 9 min de tu tiempo a @ManuelaCarmena ¡No lo olvides! NO #semaforosA5 😤 https://t.co/afTGhtrVZD,es,2,0,0,1,0,2,0,0,0,a las 8 48 de la mañana del día 28 de febrero recuerda que estás regalando 9 min de tu tiempo a [user] no lo olvides no semaforosa5 cara_resoplando [url]
d3ae14dae8ebc809c3c7f502ee8f41fa,SEMÁFOROSA5,0,"09:31  y la vía de servicio de Cuatro Vientos atascada. Esto nunca había ocurrido.

@ManuelaCarmena, dedíquese a las magdalenas y déjenos es paz.

#semaforosA5 https://t.co/LudniTOH9P",es,0,0,0,0,0,1,0,0,0,09 31 y la vía de servicio de cuatro vientos atascada esto nunca había ocurrido [user] dedíquese a las magdalenas y déjenos es paz semaforosa5 [url]
331ebff1f8f411c15ef0ba11610df354,SEMÁFOROSA5,0,🚨 Carmena y los #SemaforosA5 una historia que jamás debió suceder 😡 https://t.co/5TqLe6GYJ8,es,0,0,0,2,0,1,0,0,0,luces_de_policía carmena y los semaforosa5 una historia que jamás debió suceder cara_cabreada [url]
19583f93963430d8e8a0fb69b37fc7b9,SEMÁFOROSA5,0,"🚦#Vota: ¿Estás de acuerdo con los nuevos semáforos de la A-5?

#Madrid #A5 #PaseoDeExtremadura #SemaforosA5 #A5ViaUrbana
https://t.co/QHIx4igo1q",es,0,2,0,1,0,0,0,0,0,semáforo vota estás de acuerdo con los nuevos semáforos de la a 5 madrid a5 paseodeextremadura semaforosa5 a5viaurbana [url]
3804d25f8d85c8c4b9bd3e36e62d5cc4,SEMÁFOROSA5,0,"🚗 Carmena mantiene túneles cerrados y ahora instala los #SemáforosA5 causando aún más atascos.
Luego aplica el protocolo anti-contaminación y se piensa que así se arregla todo 🤔",es,0,0,0,2,0,0,0,0,0,coche carmena mantiene túneles cerrados y ahora instala los semáforosa5 causando aún más atascos luego aplica el protocolo anti contaminación y se piensa que así se arregla todo cara_pensativa
1b6f21bdd3def96df0b902a4aa6fdcf5,SEMÁFOROSA5,0,"😡¿Quién puede seguir creyendo que el gobierno de #Carmena se preocupa por la salud de los madrileños?. 
👇👇
Los #semáforosA5 extienden la contaminación hasta la Casa de Campo. #a5tascazopodemita5 https://t.co/wRPmBGtI50",es,0,2,0,3,0,0,0,0,0,cara_cabreada quién puede seguir creyendo que el gobierno de carmena se preocupa por la salud de los madrileños dorso_de_mano_con_índice_hacia_abajo dorso_de_mano_con_índice_hacia_abajo los semáforosa5 extienden la contaminación hasta la casa de campo a5tascazopodemita5 [url]
fe1794d18092aa63ff3e34f93230c49b,SEMÁFOROSA5,0,"🤣🤣🤣 A veces es lo que tiene que el  uso del #sentidocomún no esté de moda 😉 hoy dicen que los #semaforosA5 pasaron más tiempo en verde que en rojo, ¿por qué?... #menosprotestas #Elecciones2019 https://t.co/LmzFni1194",es,0,2,0,4,0,1,2,0,1,cara_revolviéndose_de_la_risa cara_revolviéndose_de_la_risa cara_revolviéndose_de_la_risa a veces es lo que tiene que el uso del sentidocomún no esté de moda cara_guiñando_el_ojo hoy dicen que los semaforosa5 pasaron más tiempo en verde que en rojo por qué menosprotestas elecciones2019 [url]
5be3c8a6a329ac2f16354d417db3a092,SEMÁFOROSA5,0,"🤔¿Quién va a devolver el tiempo perdido a los miles de madrileños que quedan atrapados en los #SemáforosA5? 
 #A5tascazopodemitA5 https://t.co/T3rFR5gA3P",es,0,2,0,1,0,0,0,0,0,cara_pensativa quién va a devolver el tiempo perdido a los miles de madrileños que quedan atrapados en los semáforosa5 a5tascazopodemita5 [url]
f5cfc0ebdd7969272bb2bb258c054fb0,SEMÁFOROSA5,0,🔵 @AlmeidaPP_: Todos los madrileños saben que Manuela Carmena ha fracasado en la lucha contra la contaminación. #SemáforosA5 https://t.co/L58uTz6lnn,es,0,0,0,1,0,0,0,0,0,círculo_azul [user] todos los madrileños saben que manuela carmena ha fracasado en la lucha contra la contaminación semáforosa5 [url]
e2582fe8ecf2027fea5bd569a16e2255,SEMÁFOROSA5,0,🔵 @AlmeidaPP_: El soterramiento de la A5 es la mejor solución para los vecinos y para la movilidad de todos los madrileños. #SemáforosA5 https://t.co/byuHx7fkWb,es,0,0,0,1,0,0,0,0,0,círculo_azul [user] el soterramiento de la a5 es la mejor solución para los vecinos y para la movilidad de todos los madrileños semáforosa5 [url]
372e9c7b63b8ef128802d9788bd3aa58,SEMÁFOROSA5,0,"🔵 @AlmeidaPP_: Ciudadanos no se opuso a los #SemáforosA5, solo aciertan cuando rectifican. Villacís tiene que dar explicaciones, ¿Por qué hace 2 años se abstuvo? https://t.co/Ds2tRbq4B1",es,0,2,0,1,0,1,0,0,0,círculo_azul [user] ciudadanos no se opuso a los semáforosa5 solo aciertan cuando rectifican villacís tiene que dar explicaciones por qué hace 2 años se abstuvo [url]
e65ffde517d26aae18c81e0d6c656da4,SEMÁFOROSA5,0,"🔴ÚLTIMA HORA #MADRID | Colapso total en la A-5 a causa de los #semaforosA5 instalados recientemente 
@MADRID https://t.co/mioydjjz6v",es,0,0,4,1,0,0,0,0,0,círculo_rojo última hora madrid colapso total en la a 5 a causa de los semaforosa5 instalados recientemente [user] [url]
901101fcbb389d0b54b6babd3296ac7b,SEMÁFOROSA5,0,"🔴 No se puede gobernar a golpe de ocurrencia. Carmena ha generado más tráfico, más tapón y más contaminación con los #semáforosA5 🚥

Desde @CiudadanosCs proponemos el soterramiento de esta vía 👇
https://t.co/cn7l388CqH",es,0,0,0,3,0,1,0,0,0,círculo_rojo no se puede gobernar a golpe de ocurrencia carmena ha generado más tráfico más tapón y más contaminación con los semáforosa5 semáforo_horizontal desde [user] proponemos el soterramiento de esta vía dorso_de_mano_con_índice_hacia_abajo [url]
4da7da374c01fb842f5146d9add20fa0,SEMÁFOROSA5,0,🔴 MADRID | Los #semaforosA5 provocan actualmente una retención de +20 minutos https://t.co/LYpqQGf7kE,es,0,0,1,1,0,0,0,0,0,círculo_rojo madrid los semaforosa5 provocan actualmente una retención de 20 minutos [url]
44db91ed475ff6411b29d19db32590c1,SEMÁFOROSA5,0,"📢 Madrid activa los nuevos semáforos en la A-5 con polémica, por Iria Galego Castro (@Iria_Galego)
🔗 https://t.co/YaBxorxPOZ
#LaHoraDigital #26Feb #Madrid #A5 #semaforosA5 | @ManuelaCarmena @MADRID @AytoAlcorcon",es,0,0,1,2,0,0,0,0,0,altavoz_de_mano madrid activa los nuevos semáforos en la a 5 con polémica por iria galego castro [user] eslabón [url] lahoradigital 26feb madrid a5 semaforosa5 [user] [user] [user]
93e5034f7cafca27668ac55c1c6b523c,SEMÁFOROSA5,0,"▶️ Ya lo dijo @anamillanpp: los #SemáforosA5 sólo traen pérdidas de tiempo a todos los vecinos de Arroyomolinos. Aún así, PSOE, Podemos y acólitos siguen negando la evidencia. ¡Dentro vídeo! https://t.co/NtisxtsW28",es,2,0,1,1,0,0,0,0,0,reproducir ya lo dijo [user] los semáforosa5 sólo traen pérdidas de tiempo a todos los vecinos de arroyomolinos aún así psoe podemos y acólitos siguen negando la evidencia dentro vídeo [url]
487e87fe44a9a1d63d8f77472284671c,SEMÁFOROSA5,0,"#TocaElClaxonEnLaA5 
Protesta pacífica y sonora 
#AsiNo #semaforosA5",es,0,0,0,0,0,0,0,0,0,tocaelclaxonenlaa5 protesta pacífica y sonora asino semaforosa5
280d9047d755613bfcd1fc1bf5071c7d,SEMÁFOROSA5,0,#semaforosA5. Vamos. Carmela que como tú coges el Falcón Sánchez a ti esto te da igual pero vamos si te pillan te sientan en medio de la A5 @AtascoMadrid  hasta el izquierda reconoce lo incompetentes que sois 😠😠😠😠😠 https://t.co/sOFBwxFXyw,es,0,0,0,5,0,0,1,0,0,semaforosa5 vamos carmela que como tú coges el falcón sánchez a ti esto te da igual pero vamos si te pillan te sientan en medio de la a5 [user] hasta el izquierda reconoce lo incompetentes que sois cara_enfadada cara_enfadada cara_enfadada cara_enfadada cara_enfadada [url]
616e563adc123afd61f1861ac1b26334,SEMÁFOROSA5,0,"#semáforosA5. Mismo trayecto todos los miércoles durante 5 años a las 10.00 de la mañana. Alcorcon - castellana 143. Últimos 6 meses 20-25 min, hoy 47 min. consumo últimos 6 meses 5.0-5.4 l, hoy 6.8 l.",es,0,0,0,0,0,0,0,0,0,semáforosa5 mismo trayecto todos los miércoles durante 5 años a las 10 00 de la mañana alcorcon castellana 143 últimos 6 meses 20 25 min hoy 47 min consumo últimos 6 meses 5 0 5 4 l hoy 6 8 l
3cfa12c8fc85fb1f05a16f26a8fd9952,SEMÁFOROSA5,0,#semaforosA5 RECURSO ANTE LOS TRIBUNALES - PARALIZACION DE LOS SEMAFOROS YA https://t.co/ofF3jL4Sr7,es,0,0,7,0,0,0,0,0,0,semaforosa5 recurso ante los tribunales paralizacion de los semaforos ya [url]
91bd7fcfa626f225b97b961b77407b02,SEMÁFOROSA5,0,#semaforosA5 Por favor en las próximas elecciones municipales voten a quien quieran menos a Carmena. Es una vergüenza lo de los semáforos.  Que me expliquen como se mejora la calidad del aire con los atascos,es,0,0,0,0,0,0,0,0,0,semaforosa5 por favor en las próximas elecciones municipales voten a quien quieran menos a carmena es una vergüenza lo de los semáforos que me expliquen como se mejora la calidad del aire con los atascos
765777ca7c031da750c6118380bc5aea,SEMÁFOROSA5,0,#semaforosA5 para aquellos que pensaban que lo de ayer fue algo puntual... https://t.co/qDcLJFHgIv,es,0,0,0,0,0,0,1,0,1,semaforosa5 para aquellos que pensaban que lo de ayer fue algo puntual [url]
eb51b561a326e81bf82a4276b10a12df,SEMÁFOROSA5,0,#semaforosA5 nefasto para quienes vivimos en el sur. Parados en la A5 avanzando a 5km/hora.,es,0,0,0,0,0,0,0,0,0,semaforosa5 nefasto para quienes vivimos en el sur parados en la a5 avanzando a 5km hora
d8e917295bfd48bff7486d84e67e2870,SEMÁFOROSA5,0,"#semaforosA5 Menuda cagada. En tema de seguridad vial y contaminación me apunto a lo mejor, pero con esto habrá más atascos y más contaminación. Esto te quitará votos @ManuelaCarmena , que el mío ya no lo tienes por el tema farolas atraviesan la calle peatonal estrecha.",es,0,0,0,0,0,1,0,0,0,semaforosa5 menuda cagada en tema de seguridad vial y contaminación me apunto a lo mejor pero con esto habrá más atascos y más contaminación esto te quitará votos [user] que el mío ya no lo tienes por el tema farolas atraviesan la calle peatonal estrecha
8898e8ca04722fef557c0e8879d3c48d,SEMÁFOROSA5,0,#semaforosA5 luchemos con lo únicoque podemos #GranPitada,es,0,0,0,0,0,0,0,0,0,semaforosa5 luchemos con lo únicoque podemos granpitada
ca11f66aa8bf1c3615940edba5582088,SEMÁFOROSA5,0,#semaforosA5 los de móstoles alcorcón que sois de móstoles y alcorcón que vais a madrid con coche llorando porque no pueden cruzar el barrio de campamento a 100 km/h  Pues los de campamento deciden y no los de mostoles,es,0,0,0,0,0,2,0,0,0,semaforosa5 los de móstoles alcorcón que sois de móstoles y alcorcón que vais a madrid con coche llorando porque no pueden cruzar el barrio de campamento a 100 km h pues los de campamento deciden y no los de mostoles
0c46fca1634e8f267998b7ec1d51352f,SEMÁFOROSA5,0,"#semaforosA5 es una medida sin cabeza alguna. Más atasco, más contaminación. Los que vivimos en los pueblos del sur estamos atrapados. No dan soluciones. No mejoran el transporte. Soterrar la autovía beneficiaría a todos. Las medidas radicales como esta NO funcionan.",es,0,0,0,0,0,4,0,0,0,semaforosa5 es una medida sin cabeza alguna más atasco más contaminación los que vivimos en los pueblos del sur estamos atrapados no dan soluciones no mejoran el transporte soterrar la autovía beneficiaría a todos las medidas radicales como esta no funcionan
1743c9488bd257f587af9d16f4398e6d,SEMÁFOROSA5,0,#semaforosA5 campañita por unos semáforos. Por semáforos!!! No tienen nada contra Carmena y la tienen que atacar por unos semáforos!!! Qué nivel...,es,6,0,0,0,0,2,3,0,1,semaforosa5 campañita por unos semáforos por semáforos no tienen nada contra carmena y la tienen que atacar por unos semáforos qué nivel
605a0b61a219c73fc5dfa74320e89f70,SEMÁFOROSA5,0,#semaforosA5 6: 35 en cuatro vientos.... https://t.co/mTVJ0zopMt,es,0,0,0,0,0,0,1,0,1,semaforosa5 6 35 en cuatro vientos [url]
8a9bd46d6736ac2ea79b988acf888c1d,SEMÁFOROSA5,0,"#SemáforosA5 #multas #prohibiciones... En esto se fundamenta la gestión de #Carmena

El Ayuntamiento multará en Madrid Central desde el 15 de marzo https://t.co/JwQPWVnSB6",es,0,0,0,0,0,0,1,0,1,semáforosa5 multas prohibiciones en esto se fundamenta la gestión de carmena el ayuntamiento multará en madrid central desde el 15 de marzo [url]
d0f66d7787391e21ee544e438899a17e,SEMÁFOROSA5,0,"#semaforosA5 #A5ViaUrbana Los atascos no son por los semáforos, se producen por la reducción 4 carriles a 2 a la altura de Aviación Española.Antes eran 3, pero uno ha sido convertido en carril bus. Estaría bien extender el carril bus hasta Navalcarnero qdice la @ComunidadMadrid https://t.co/Zeibn6tCjQ",es,0,0,0,0,0,1,0,0,0,semaforosa5 a5viaurbana los atascos no son por los semáforos se producen por la reducción 4 carriles a 2 a la altura de aviación española antes eran 3 pero uno ha sido convertido en carril bus estaría bien extender el carril bus hasta navalcarnero qdice la [user] [url]
9e05d687a1bc32baf98150e84bc455be,SEMÁFOROSA5,0,"#semaforosA5 ,#FelizMiercoles https://t.co/uTE4Nqr1rQ",es,0,0,0,0,0,0,0,0,0,semaforosa5 felizmiercoles [url]
d99428d17010deb448f38a40c7e03d87,SEMÁFOROSA5,0,"#semaforosA5 , que no decaiga esta tendencia, que se entere Carmena que no estamos de acuerdo los de la zona sur #FelizMiércoles",es,0,0,0,0,0,2,0,0,0,semaforosa5 que no decaiga esta tendencia que se entere carmena que no estamos de acuerdo los de la zona sur felizmiércoles
18338ffaa3b9418dc6fdd092fd150a96,SEMÁFOROSA5,0,#semaforosA5  7:52 De la mañana atascazo. https://t.co/nVNv9ZSpiY,es,0,0,0,0,0,0,0,0,0,semaforosa5 7 52 de la mañana atascazo [url]
85de318e32c9a5e45cb85dc33cc37903,SEMÁFOROSA5,0,#ProtocoloContaminación @ManuelaCarmena Cual es la excusa a parte de intentar ocultar lo de los #semaforosA5? https://t.co/YF5ORhxArB,es,0,1,0,0,0,0,0,0,0,protocolocontaminación [user] cual es la excusa a parte de intentar ocultar lo de los semaforosa5 [url]
0e7075b98bb6a2c3d28b7d80a3101978,SEMÁFOROSA5,0,"#NoLoOlvides #Ciudadanos no se opuso a los #SemáforosA5, hace 2 años se abstuvo.
#A5tascazopodemitA5 https://t.co/LSqvA7WCv0",es,0,0,0,0,0,1,0,0,0,noloolvides ciudadanos no se opuso a los semáforosa5 hace 2 años se abstuvo a5tascazopodemita5 [url]
493803d702ce30f050bee40b817d7ffc,SEMÁFOROSA5,0,"#NOaLosSemáforosDeLaA5 #MásAtascos #MásContaminación #CaosCirculatorio #SemáforosA5 #MomentosPlenosNavalcarnero #DefiendeTuMunicipio #Navalcarnero

NAVALCARNERO: EL MUNICIPIO MÁS PERJUDICADO POR LOS... https://t.co/Y1iyxSSvYf",es,0,0,6,0,0,0,1,0,1,noalossemáforosdelaa5 másatascos máscontaminación caoscirculatorio semáforosa5 momentosplenosnavalcarnero defiendetumunicipio navalcarnero navalcarnero el municipio más perjudicado por los [url]
4aa61cd719d59fa8a0c3ef8468fc82b6,SEMÁFOROSA5,0,#myhyv #FelizMiercoles #semaforosA5 #LaCafeteraVatileaks #GHDUO27F #GHDÚOLímite7 #GH #Oscars #ElClasico #VamosTigres @YleniaGandiaSh https://t.co/nLiypzgoMV,es,0,0,0,0,0,0,0,0,0,myhyv felizmiercoles semaforosa5 lacafeteravatileaks ghduo27f ghdúolímite7 gh oscars elclasico vamostigres [user] [url]
a996c2e416e2bbe3b3f196dcbabb42c8,SEMÁFOROSA5,0,"#MWC19 #FelizMiércoles #GHDUO27F #LaCafeteraVatileaks #JAnuario2019MAD
#semaforosA5 
¿Nos dan miedo los ascensores?
La claustrofobia se puede superar, siempre y cuando no sea a la vida https://t.co/toO2JgE4qJ",es,0,2,0,0,0,1,0,0,0,mwc19 felizmiércoles ghduo27f lacafeteravatileaks januario2019mad semaforosa5 nos dan miedo los ascensores la claustrofobia se puede superar siempre y cuando no sea a la vida [url]
b28f0ae9a12ca298db83734620f067ee,SEMÁFOROSA5,0,"#granpitadaelmartes 
#granpitadaelmartes 
#granpitadaelmartes 
#granpitadaelmartes 
#semaforosA5 
#A5VíaUrbana @Vox_Alcorcon 
@madrid_vox 
@Vox_Mostoles AYUDARNOS",es,0,0,1,0,0,0,0,0,0,granpitadaelmartes granpitadaelmartes granpitadaelmartes granpitadaelmartes semaforosa5 a5víaurbana [user] [user] [user] ayudarnos
496b8bc3c0b337502882321a7f5115ff,SEMÁFOROSA5,0,"#GranPitada el martes 26/02. NO a la #antimovilidad de Carmena
NO a los #semaforosA5 
Todos el martes pitando con nuestros claxon
#GranPitada
@AytoMostoles @aytogetafe
@AytoFuenlabrada
@AytoAlcorcon
@AytoArroyoMad
https://t.co/7Y0JbCS6jw",es,0,0,0,0,0,2,0,0,0,granpitada el martes 26 02 no a la antimovilidad de carmena no a los semaforosa5 todos el martes pitando con nuestros claxon granpitada [user] [user] [user] [user] [user] [url]
ce5f43c326ae92e59ce7080b9797f1df,SEMÁFOROSA5,0,"#GramPitada el martes 26/02. NO a la #antimovilidad de Carmena
NO a los #semaforosA5 
Todos el martes pitando con nuestros claxon
#GranPitada https://t.co/7Y0JbCS6jw",es,0,0,0,0,0,2,0,0,0,grampitada el martes 26 02 no a la antimovilidad de carmena no a los semaforosa5 todos el martes pitando con nuestros claxon granpitada [url]
58a216bbf516a0351ae1ca01a9449762,SEMÁFOROSA5,0,"#AvisoImportante #Tráfico #EntradaEnVigor #SemáforosA5 #CarrilesBusA5 #Navalcarnero

LA ENTRADA A MADRID POR LA A-5 ESTRENA HOY MARTES SEMÁFOROS Y DOS CARRILES BUS.

- La polémica transformación de la... https://t.co/Fqh2gx1wER",es,0,0,10,0,0,0,1,0,1,avisoimportante tráfico entradaenvigor semáforosa5 carrilesbusa5 navalcarnero la entrada a madrid por la a 5 estrena hoy martes semáforos y dos carriles bus la polémica transformación de la [url]
f9be0ac89437e36348b0c16a3477edc9,SEMÁFOROSA5,0,"#atasco #madrid #a5 #semáforosa5 medidas populistas de los impresentables de #carmena y sus secuaces. en Madrid, Spain https://t.co/akdT2St9rA",es,0,0,0,0,0,0,0,0,0,atasco madrid a5 semáforosa5 medidas populistas de los impresentables de carmena y sus secuaces en madrid spain [url]
051e0495315a088a01978242d8fe2807,SEMÁFOROSA5,0,#a5NOViaurbana #fueraSemaforos #semaforosA5 #movilidadSI #dejarDeMentiryMaquillar https://t.co/NVJNOatAfM,es,0,0,0,0,0,0,0,0,0,a5noviaurbana fuerasemaforos semaforosa5 movilidadsi dejardementirymaquillar [url]
d739a03a8d0a152a51f3ffbf32040118,SEMÁFOROSA5,0,#a5NOViaurbana #fueraSemaforos #semaforosA5 #movilidadSI #dejarDeMentiryMaquillar https://t.co/aUGitAnZZR,es,0,0,0,0,0,0,0,0,0,a5noviaurbana fuerasemaforos semaforosa5 movilidadsi dejardementirymaquillar [url]
a19e4f07596b060f16f18d56138bdbc5,SEMÁFOROSA5,0,"@wiflyvirr @AtascoMadrid Asómate ahora, las 20:10, que el atasco llega a la Ciudad de la Imagen, advertido además por la comunicación de la DGT #SemáforosA5",es,0,0,1,0,0,0,0,0,0,[user] [user] asómate ahora las 20 10 que el atasco llega a la ciudad de la imagen advertido además por la comunicación de la dgt semáforosa5
8f33966e683e29d1fce52a9e4f883611,SEMÁFOROSA5,0,"@vivival5 @MADRID @ManuelaCarmena @carlosherreracr @HerreraenCOPE @RBRTwiter @sergio_gfp @adri_fc dejar ya de mentir. Hasta la semana pasada, la ruta más corta y rápida era #a5 y #m30. #a5NOViaurbana #semaforosA5 #madridgueto",es,0,0,1,0,0,0,0,0,0,[user] [user] [user] [user] [user] [user] [user] [user] dejar ya de mentir hasta la semana pasada la ruta más corta y rápida era a5 y m30 a5noviaurbana semaforosa5 madridgueto
a7bfd90dd8a0c151d863bf4cf67aa1e3,SEMÁFOROSA5,0,"@UPYD_MadridCiud Y tienen la cara dura de decir que todo ha ido bien, prensa, asociaciones, personajes... #a5NOViaurbana #fueraSemaforos #semaforosA5 Incluso dicen que es mejor que hagamos 20kms más...",es,0,0,0,0,0,0,2,0,2,[user] y tienen la cara dura de decir que todo ha ido bien prensa asociaciones personajes a5noviaurbana fuerasemaforos semaforosa5 incluso dicen que es mejor que hagamos 20kms más
5e249384278510cec4e849a56575e920,SEMÁFOROSA5,0,@thorqaz @metalian2001 @MADRID @Lineamadrid Madre mía pero que es esto? No hay que ser muy listo para ver la que se va a montar con los #semaforosa5 vais a joder a muchos obreros que os votan y a muchas familias que llevan a sus hijos al cole.,es,0,1,1,0,0,1,0,0,0,[user] [user] [user] [user] madre mía pero que es esto no hay que ser muy listo para ver la que se va a montar con los semaforosa5 vais a joder a muchos obreros que os votan y a muchas familias que llevan a sus hijos al cole
b80e21490b08f54da3baf056f7a0f1f1,SEMÁFOROSA5,0,@sergio_gfp @PodemosCarabLat @adri_fc @campamento_si @CorredorEcoSur @enbicipormadrid @eQuoBICIS @FRAVM Estas son las fotos de la vergüenza.....cuanta demagogia y que poco civismo #semaforosA5 #A5ViaUrbana https://t.co/8xUJTBOIn1,es,0,0,1,0,0,0,1,0,1,[user] [user] [user] [user] [user] [user] [user] [user] estas son las fotos de la vergüenza cuanta demagogia y que poco civismo semaforosa5 a5viaurbana [url]
ba5209573971446e31925a8c3f8bb42b,SEMÁFOROSA5,0,@sergio_gfp @madridgarcia5 @CorredorEcoSur @campamento_si @Gacetinmadrid @abc_madrid @el_pais_madrid @InformativosTM @Madridenlaonda Y ahora qué? iluminados... el atasco llega hasta Móstoles... Quitaré el start&amp;stop para proteger mi motor y que así disfruten de nuestros malos humos #pitadaA5 #semaforosA5 https://t.co/iKjilcTSa3 https://t.co/9ZlcFmQdd9,es,0,1,0,0,0,0,2,0,2,[user] [user] [user] [user] [user] [user] [user] [user] [user] y ahora qué iluminados el atasco llega hasta móstoles quitaré el start amp stop para proteger mi motor y que así disfruten de nuestros malos humos pitadaa5 semaforosa5 [url] [url]
e8c2b17281f703aece50d0b011e6099b,SEMÁFOROSA5,0,@sergio_gfp @madridgarcia5 @CorredorEcoSur @campamento_si @Gacetinmadrid @abc_madrid @el_pais_madrid @InformativosTM @Madridenlaonda Vas a echar una mano a las personas de los 3 accidentes que casualmente hay en el tramo afectado por los #semaforosA5 ? Quizá no sea casualidad y sea una CONSECUENCIA ... https://t.co/zwh6RhbVmZ,es,0,1,1,0,0,1,1,0,1,[user] [user] [user] [user] [user] [user] [user] [user] [user] vas a echar una mano a las personas de los 3 accidentes que casualmente hay en el tramo afectado por los semaforosa5 quizá no sea casualidad y sea una consecuencia [url]
74e42350b8b073830f8c275a58be8899,SEMÁFOROSA5,0,"@sergio_gfp @madridgarcia5 @CorredorEcoSur @campamento_si @Gacetinmadrid @abc_madrid @el_pais_madrid @InformativosTM @Madridenlaonda Claro, como tienes la verdad absuluta sabes que ha sido porque van con el móvil... lo mismo ha sido porque han dado la vuelta a la cinta de cassette... 🤦🏻‍♂️ pues simplemente los #semaforosA5 son una mala decisión que sólo traerán problemas para TODOS, así de simple.",es,0,0,1,3,0,0,2,0,2,[user] [user] [user] [user] [user] [user] [user] [user] [user] claro como tienes la verdad absuluta sabes que ha sido porque van con el móvil lo mismo ha sido porque han dado la vuelta a la cinta de cassette hombre_con_la_mano_en_la_frente_tono_de_piel_claro pues simplemente los semaforosa5 son una mala decisión que sólo traerán problemas para todos así de simple
28456ee3973a8ae7dc5ef76fd9b861c2,SEMÁFOROSA5,0,"@sergio_gfp @ComunidadMadrid Como dijo una persona esta mañana, y aunque no os lo creáis, hay vida más allá de Móstoles. Y no llega el metro ni el autobús, .......
#semaforosA5",es,0,0,0,0,0,3,1,0,2,[user] [user] como dijo una persona esta mañana y aunque no os lo creáis hay vida más allá de móstoles y no llega el metro ni el autobús semaforosa5
efc6417fe1d68a275e68fbdb8a4fd4e4,SEMÁFOROSA5,0,"@sergio_gfp @avvelbatan @NacionRotonda Ejemplo de cómo se puede convertir en calle una autopista.

#A5ViaUrbana 
#semaforosA5 https://t.co/a3UD3ftwTN",es,0,0,0,0,0,0,0,0,0,[user] [user] [user] ejemplo de cómo se puede convertir en calle una autopista a5viaurbana semaforosa5 [url]
aea2377880840d51aeb853164037d5e7,SEMÁFOROSA5,0,@salasalon1 Es cierto que cierto que se esta organizando una gran pitada por los #semaforosA5 a la altura de campamento @AtascoMadrid ?,es,0,1,0,0,0,0,0,0,0,[user] es cierto que cierto que se esta organizando una gran pitada por los semaforosa5 a la altura de campamento [user]
663effaed03140e69c192802abafe3f2,TIERRAPLANISTAS,1,Lo que pasa aquí es que el de la izquierda defiende que la tierra es plana y el de la derecha defiende que es redonda. https://t.co/0gLMZJ6T0e,es,0,0,0,0,0,0,0,0,0,lo que pasa aquí es que el de la izquierda defiende que la tierra es plana y el de la derecha defiende que es redonda [url]
698febf8039bb94f2f73d8ec395249f4,TIERRAPLANISTAS,1,¿Tú no qué? ¿Sin sexo o que no piensas que la tierra es plana? 😂🤣 https://t.co/IR4CGVa5ew,es,0,4,0,2,0,3,0,0,0,tú no qué sin sexo o que no piensas que la tierra es plana cara_llorando_de_risa cara_revolviéndose_de_la_risa [url]
0f7c9766843a9f3ac350a0614a08cfe6,TIERRAPLANISTAS,1,"Hola @GoogleES, ¿para cuándo un Google Earth para tierraplanistas?",es,0,2,0,0,0,0,0,0,0,hola [user] para cuándo un google earth para tierraplanistas
266e5d8701f79f41dc03dbb2523dfc94,TIERRAPLANISTAS,1,@COOPERMENDI Eso del cambio climatico son patochas la tierra es plana xd,es,0,0,1,0,1,0,0,0,0,[user] eso del cambio climatico son patochas la tierra es plana xd
e358f2b28962e1aae0964085e1bba827,TIERRAPLANISTAS,1,@BeatrizTalegon La Tierra es plana. Rajoy dixit.,es,0,0,0,0,0,0,0,0,0,[user] la tierra es plana rajoy dixit
cd5060fcb461105153e52ff2532dc598,TIERRAPLANISTAS,1,Arrimadas yendo a la Basílica de la Santa Cruz de Florencia a decirle a Galileo que la tierra es plana.,es,0,0,0,0,0,0,0,0,0,arrimadas yendo a la basílica de la santa cruz de florencia a decirle a galileo que la tierra es plana
b1a079fec20382242eb36c317f57e971,TIERRAPLANISTAS,1,"@elpetitcatala Es fácil: vas hasta el límite de la tierra plana, te asomas al borde y lo preguntas a la tortuga que hay debajo, sosteniendo al mundo.",es,0,0,0,0,0,0,0,0,0,[user] es fácil vas hasta el límite de la tierra plana te asomas al borde y lo preguntas a la tortuga que hay debajo sosteniendo al mundo
54a559a80aff2f6c120f731b76055619,TIERRAPLANISTAS,1,@Cerdido_ Todo el planeta sabe que lo de Pepe es roja. Todo menos un pequeño reducto de tierraplanistas.,es,0,0,0,0,0,0,0,0,0,[user] todo el planeta sabe que lo de pepe es roja todo menos un pequeño reducto de tierraplanistas
e16c167e54dbc8bf0aca06ca69fbeb81,TIERRAPLANISTAS,1,@AuroGnzlz @elnitz23 Yo si ademas decretan que la tierra es hueca y plana..les voto.,es,0,0,0,0,0,0,0,0,0,[user] [user] yo si ademas decretan que la tierra es hueca y plana les voto
38be61fd2adc17db7c721ced37e4b8ae,TIERRAPLANISTAS,1,"@jorgecagiaoycon @deferrocolat @ferrancererols Cuando se den cuenta que la tierra es plana en dos dimensiones, esferica en 3 y una hyper esfera en 4...",es,0,0,0,0,0,0,1,0,1,[user] [user] [user] cuando se den cuenta que la tierra es plana en dos dimensiones esferica en 3 y una hyper esfera en 4
7f05d67ae7f86d43d803d07bab1d9fce,TIERRAPLANISTAS,1,"Por ejemplo, uno podría creer en tonterías como la tierra plana o la brecha de género. Eso es motivo para que no pase la entrevista.",es,0,0,0,0,0,1,0,0,0,por ejemplo uno podría creer en tonterías como la tierra plana o la brecha de género eso es motivo para que no pase la entrevista
42aa17b4a359767fd3e2c4907dcaedbf,TIERRAPLANISTAS,1,"Una vez leí el contraargumento para terraplanistas que si la Tierra fuera plana, los gatos ya lo habrian tirado todo por el borde... https://t.co/RiMZvRLUwF",es,0,0,0,0,0,0,1,0,1,una vez leí el contraargumento para terraplanistas que si la tierra fuera plana los gatos ya lo habrian tirado todo por el borde [url]
71f4afda2c1afea3c39b8472ea95f801,TIERRAPLANISTAS,1,"@borjamar Todo el mundo sabe que la tierra es plana y se sostiene sobre cuatro elefantes a lomos de una tortuga. 

Esperemos que nos toque arriba cuando decida aparearse.... https://t.co/9YewkYudtb",es,0,0,0,0,0,0,1,0,1,[user] todo el mundo sabe que la tierra es plana y se sostiene sobre cuatro elefantes a lomos de una tortuga esperemos que nos toque arriba cuando decida aparearse [url]
a50865361bea3f3c039b08ff141c9cd2,TIERRAPLANISTAS,1,"El mejor ejemplo d q la tierra es plana está en q no existe una foto d pie y boca abajo d los q están en el hemisferio sur.
Ahí lo dejo!
#LaTierraEsPlana",es,1,0,0,0,0,1,0,0,0,el mejor ejemplo d q la tierra es plana está en q no existe una foto d pie y boca abajo d los q están en el hemisferio sur ahí lo dejo latierraesplana
fdd8319107ec61828a98996a4192b230,TIERRAPLANISTAS,1,"Otra evidencia d q la tierra es plana es q no hay rios en el hemisferio sur q suban para arriba.
#LaTierraEsPlana",es,0,0,0,0,0,1,0,0,0,otra evidencia d q la tierra es plana es q no hay rios en el hemisferio sur q suban para arriba latierraesplana
66cec1516074dbe27228ca145a610b03,TIERRAPLANISTAS,1,"Como la gente se crea esto, va a ser peor que creerse que la tierra era plana https://t.co/pGwMl1Rz3C",es,0,0,0,0,0,0,0,0,0,como la gente se crea esto va a ser peor que creerse que la tierra era plana [url]
9eaa7b102310382bbfe2eaeed59d7bde,TIERRAPLANISTAS,1,"Alguien me dice que la tierra es plana y que la redonda es un invento capitalista y no me va a extrañar, lo juro.",es,0,0,0,0,0,1,0,0,0,alguien me dice que la tierra es plana y que la redonda es un invento capitalista y no me va a extrañar lo juro
7b5461c26adeb2cc8a7ba6da7a95e387,TIERRAPLANISTAS,1,no nos vengas con la excusa del materialismo ni marxismo ni mierdas q tengo capturas tuyas afirmando la existencia de l… — vale me has pillado la tierra es plana y una simulación ya está lo he dicho detenganme pinches furros https://t.co/ZQHfbRS3E1,es,0,0,0,0,0,3,0,0,1,no nos vengas con la excusa del materialismo ni marxismo ni mierdas q tengo capturas tuyas afirmando la existencia de l vale me has pillado la tierra es plana y una simulación ya está lo he dicho detenganme pinches furros [url]
f660f410cdef3271ed67d3ffb54c9b16,TIERRAPLANISTAS,1,"- Señora Sáenz, la Tierra es plana o triangular?
+ Mire, la Tierra es redonda.
- Señoría, es que la testigo no quiere contestar a mis preguntas JOOOOOOOOO
Y así han estado un rato. Ahora además el testigo es gallego...Nos vamos a reír.",es,0,1,1,0,0,1,2,0,1,señora sáenz la tierra es plana o triangular mire la tierra es redonda señoría es que la testigo no quiere contestar a mis preguntas joo y así han estado un rato ahora además el testigo es gallego nos vamos a reír
47cdf5dc26e3de3be24b5aa803b67071,TIERRAPLANISTAS,1,"Por favor, q vuelva el Santo Oficio y queme al q afirme q la tierra es plana, jahahahaha",es,0,0,0,0,0,0,0,0,0,por favor q vuelva el santo oficio y queme al q afirme q la tierra es plana jahahahaha
bdb5ed05be1bb98271d33df009cc9739,TIERRAPLANISTAS,1,Entre el documental de la tierra plana y el día que he tenido hoy en el trabajo de verdad que voy a acabar con una embolia fruto del enfado.,es,0,0,0,0,0,0,0,0,0,entre el documental de la tierra plana y el día que he tenido hoy en el trabajo de verdad que voy a acabar con una embolia fruto del enfado
55e18bd01051012007097ca69b3e98d4,TIERRAPLANISTAS,1,"Los políticos del “pruses” son al derecho, lo que los tierraplanistas a la ciencia. De tan absurdo, no se puede ni rebatir.",es,0,0,0,0,0,2,0,2,0,los políticos del pruses son al derecho lo que los tierraplanistas a la ciencia de tan absurdo no se puede ni rebatir
2add0ea42c27fd9741039bf77a6fcb10,TIERRAPLANISTAS,1,"¿Seguro que @InesArrimadas sabe que la tierra no es plana @leirediezpas, no es un concepto demasiado moderno para una mujer del Siglo XII? https://t.co/cfIIYos1j6",es,0,2,1,0,0,2,0,0,0,seguro que [user] sabe que la tierra no es plana [user] no es un concepto demasiado moderno para una mujer del siglo xii [url]
eb49bb9fb05e4f260f699126df2207b7,TIERRAPLANISTAS,1,"@cosmicdatabase @mary_boleyn La luna no existe, es una conspiración de la nasa para que nos olvidemos de que la Tierra es plana😂😂😂😂😂😂",es,0,0,0,6,0,1,1,0,0,[user] [user] la luna no existe es una conspiración de la nasa para que nos olvidemos de que la tierra es plana cara_llorando_de_risa cara_llorando_de_risa cara_llorando_de_risa cara_llorando_de_risa cara_llorando_de_risa cara_llorando_de_risa
f0020b1fb3e2e4d4c8503cf6cd8290a2,TIERRAPLANISTAS,1,"@allan05 @pilar_diz Tranquilo, todo es más fácil, la tierra es plana
https://t.co/KlK6z4jNEZ",es,0,0,0,0,0,0,0,0,0,[user] [user] tranquilo todo es más fácil la tierra es plana [url]
68310ec0156bc2035f8517ac132a24f0,TIERRAPLANISTAS,1,@JosepBorrellF La tierra es plana. La tierra es plana. La tierra es plana. La tierra es plana. La tierra es plana. La tierra es plana. Son flatearthers. Somos una democracia. Somos una democracia. Somos una democracia. Somos una democracia. Somos una democracia. Son españoles.,es,0,0,0,0,0,0,0,0,0,[user] la tierra es plana la tierra es plana la tierra es plana la tierra es plana la tierra es plana la tierra es plana son flatearthers somos una democracia somos una democracia somos una democracia somos una democracia somos una democracia son españoles
451ebe4d3e182269175b7a352d528f06,TIERRAPLANISTAS,1,"Pues nada, resulta que hay gente que cree que Australia no existe y que es una invención de la CIA para ocultar que la tierra es plana. Yo la verdad es que ya no se que pensar🤣",es,0,0,1,1,0,3,0,0,0,pues nada resulta que hay gente que cree que australia no existe y que es una invención de la cia para ocultar que la tierra es plana yo la verdad es que ya no se que pensar cara_revolviéndose_de_la_risa
bc54bbe3f5f2661e274178cc37be07e5,TIERRAPLANISTAS,1,La mayor prueba de que la tierra no es plana es que los terraplanistas aún no se han caído por el borde,es,0,0,0,0,0,2,0,0,0,la mayor prueba de que la tierra no es plana es que los terraplanistas aún no se han caído por el borde
d00f58f1b2a7b28436713b8bed218603,TIERRAPLANISTAS,1,"Gente en 1900: En el año 2000 habrá coches voladores 
Gente en 2019: La tierra es plana",es,0,0,0,0,0,0,1,0,0,gente en 1900 en el año 200 habrá coches voladores gente en 2019 la tierra es plana
80c249082eb6160cee5d341f1971b305,TIERRAPLANISTAS,1,"@ahorapodemos El primo de Rajoy era todo un negacionista, seguro que pensaba que la Tierra es Plana.
Y Rajoy, decía:
eso es como el agua que cae del cielo sin que se sepa exactamente por qué""",es,0,0,0,0,0,1,0,1,0,[user] el primo de rajoy era todo un negacionista seguro que pensaba que la tierra es plana y rajoy decía eso es como el agua que cae del cielo sin que se sepa exactamente por qué
0ad863c9224dedc66efc1b749df4fe24,TIERRAPLANISTAS,1,"Después de ver el documental de @NetflixES de La tierra es plana"" me pregunto... Por que a esta gente no se les encierra? Pero en una biblioteca me refiero.""",es,0,1,0,0,0,1,1,2,1,después de ver el documental de [user] de la tierra es plana me pregunto por que a esta gente no se les encierra pero en una biblioteca me refiero
8503ad2736c862584e43626eaad7822f,TIERRAPLANISTAS,1,"@DatoAsombroso La tierra es plana, lo dijo @IkerCasillas",es,0,0,0,0,0,0,0,0,0,[user] la tierra es plana lo dijo [user]
9c85eab531834fbd1bf5a1c3599cb905,TIERRAPLANISTAS,1,"Coño, si se gana dinero en youtube diciendo que la tierra es plana",es,0,0,0,0,0,0,0,0,0,coño si se gana dinero en youtube diciendo que la tierra es plana
6429b291c44c41e6c8a98cfc03200787,TIERRAPLANISTAS,1,"@JMdezOficial @unchinodechina @diostuitero ha dicho Hice la Tierra redonda porque si la hubiese hecho plana sois tan tontos que os habríais caído por el borde."" con lo cual se invalida vuestra idea de que la tierra sea plana.""",es,0,0,0,0,0,0,0,2,0,[user] [user] [user] ha dicho hice la tierra redonda porque si la hubiese hecho plana sois tan tontos que os habríais caído por el borde con lo cual se invalida vuestra idea de que la tierra sea plana
9b9d9ebc69b5ab2a878c8f2f68724a29,TIERRAPLANISTAS,1,"#MVTRajoyDeclara en su línea...no hubo referendum...la tierra es plana...y elvis vive en santa pola , donde el registra no se qué a no se quién... https://t.co/aSqB2Y61Ev",es,0,0,0,0,0,3,4,0,4,mvtrajoydeclara en su línea no hubo referendum la tierra es plana y elvis vive en santa pola donde el registra no se qué a no se quién [url]
5f1113a36c81f447ddf318e4d21afe47,TIERRAPLANISTAS,1,Qué se fuma la gente que cree que la Tierra es plana? Yo quiero un poco,es,0,1,0,0,0,0,0,0,0,qué se fuma la gente que cree que la tierra es plana yo quiero un poco
0392c405de225eff22f6ceb352cc1ee3,TIERRAPLANISTAS,1,"@MayteGeo Yo ya sabéis que soy firme defensor del platanismo que crearon los Monty Phyton. Ni hueca ni plana, nuestra Tierra es un plátano🍌, que por algo tiene tanto potasio 😂😂",es,0,0,0,3,0,2,0,0,0,[user] yo ya sabéis que soy firme defensor del platanismo que crearon los monty phyton ni hueca ni plana nuestra tierra es un plátano plátano que por algo tiene tanto potasio cara_llorando_de_risa cara_llorando_de_risa
295b09809c1706447f259b28df2f1a32,TIERRAPLANISTAS,1,"Me veo en la obligación de informarles que la tierra no es plana. Encontrarán a otros como ustedes más al norte, y también al S , al E y al O. 
#ApuntaMiNombreV0X",es,0,0,0,0,0,1,0,0,0,me veo en la obligación de informarles que la tierra no es plana encontrarán a otros como ustedes más al norte y también al s al e y al o apuntaminombrev0x
872c5a17108976447693fce31f1d2401,TIERRAPLANISTAS,1,@pglaron Claro. La tierra es plana y lis chimpancés verdes,es,0,0,0,0,0,0,0,0,0,[user] claro la tierra es plana y lis chimpancés verdes
adb15ef95755e9b4830ca00764eec142,TIERRAPLANISTAS,1,@el_pais Estos seguro que piensan que la Tierra es plana ... https://t.co/z4iS9ytVG1,es,0,0,0,0,0,0,1,0,1,[user] estos seguro que piensan que la tierra es plana [url]
940483b2d193d9a623eb1b055134cf47,TIERRAPLANISTAS,1,@AstridBarrio Politologa y profesora universitaria..  Y haces este tuit? La tierra es plana Astrid y Dios creó al hombre con un trozo de barro. Tómate dos copas más.,es,0,1,0,0,0,0,0,0,0,[user] politologa y profesora universitaria y haces este tuit la tierra es plana astrid y dios creó al hombre con un trozo de barro tómate dos copas más
c52926a6df6fcf618f87a7b86389d5f8,TIERRAPLANISTAS,1,Si la tierra fuera plana se habría caído con el lado de la mantequilla hacia abajo,es,0,0,0,0,0,0,0,0,0,si la tierra fuera plana se habría caído con el lado de la mantequilla hacia abajo
d810a4898775bbe4856181a00aafbed0,TIERRAPLANISTAS,1,"@sergicooper @OscarJugon @24h_tve Ya, y la tierra es plana.",es,0,0,0,0,0,0,0,0,0,[user] [user] [user] ya y la tierra es plana
e9ec2a8254cf5f2f9a059ba70158daaa,TIERRAPLANISTAS,1,"@Aqui_laBlanqui si tienes Netflix te recomiendo la tierra es plana"" explica muchas cosas sobre el éxito del independentismo""",es,0,0,0,0,0,0,0,2,0,[user] si tienes netflix te recomiendo la tierra es plana explica muchas cosas sobre el éxito del independentismo
1004e9683fcffcddda0b1433937ba8d0,TIERRAPLANISTAS,1,"¿Sigue siendo la Tierra Plana, @NetflixES? Porque me encantaría saber cómo emitís desde el satélite
https://t.co/EmeSiraVQU",es,0,2,0,0,0,0,0,0,0,sigue siendo la tierra plana [user] porque me encantaría saber cómo emitís desde el satélite [url]
cf966449171c53a6c6b0f0197c009a0e,TIERRAPLANISTAS,1,"¿Veis? Un divulgador científico serio reconociendo POR FIN que la tierra es plana... Porque algo redondo es algo plano. Queda confirmado... ¡que el que tiene boca se equivoca! (Grande, Alex, sigue así, que se aprende mucho de ti... ¡y perdona la broma!). https://t.co/Vsnq6SoJ7m",es,4,2,2,0,0,0,3,0,3,veis un divulgador científico serio reconociendo por fin que la tierra es plana porque algo redondo es algo plano queda confirmado que el que tiene boca se equivoca grande alex sigue así que se aprende mucho de ti y perdona la broma [url]
30884f8bda5f8630f28decf1f08d4997,TIERRAPLANISTAS,1,"La Tierra no puede ser plana, porque los que viven en los bordes no mandan fotos.",es,0,0,0,0,0,2,0,0,0,la tierra no puede ser plana porque los que viven en los bordes no mandan fotos
5cb68469a4520d0e2ebe29e83cc8bc95,TIERRAPLANISTAS,1,Cuándo te dicen que la Tierra es plana y la lejía es buena https://t.co/BaKi0dZWRF,es,0,0,0,0,0,0,0,0,0,cuándo te dicen que la tierra es plana y la lejía es buena [url]
87567cdad49241cd4e78362ae8637821,TIERRAPLANISTAS,1,Vosotros creeis que Sergio Ramos y Carvajal son tierraplanistas?,es,0,1,0,0,0,0,0,0,0,vosotros creeis que sergio ramos y carvajal son tierraplanistas
7ef328523fbd11ade17934c9781851f1,TIERRAPLANISTAS,1,"@SuperFalete @violencevintage La tierra no es plana, tiene forma de puro",es,0,0,0,0,0,1,0,0,0,[user] [user] la tierra no es plana tiene forma de puro
9d304ca5658570464aabdef089c03aff,TIERRAPLANISTAS,1,"Yo a veces creo que los magufos del mundo tienen la misión intrínseca de hacernos reír:

- Azúcar que cura
- La Tierra es plana y/o hueca
- Mercados solos se auto-ajustan
- Hay inmateriales por ahí
- Hitler no se suicidó y vivía en Brasil
- El alunizaje fue grabado por Kubrick",es,0,0,0,0,0,1,0,0,0,yo a veces creo que los magufos del mundo tienen la misión intrínseca de hacernos reír azúcar que cura la tierra es plana y o hueca mercados solos se auto ajustan hay inmateriales por ahí hitler no se suicidó y vivía en brasil el alunizaje fue grabado por kubrick
cde590700e738913dfea7c30b75b287b,TIERRAPLANISTAS,1,Madridistas que se quejan del calendario. A estos borregos les dices que la tierra es plana y lo defienden a capa y espada. https://t.co/nKhimEEE4v,es,0,0,0,0,0,0,1,0,0,madridistas que se quejan del calendario a estos borregos les dices que la tierra es plana y lo defienden a capa y espada [url]
f2952d2d30997b6e79f52992782b352f,TIERRAPLANISTAS,1,Si lo ponéis en horizontal os daréis cuenta de que efectivamente La Tierra es plana https://t.co/5DKTwYTOrs,es,0,0,0,0,0,0,0,0,0,si lo ponéis en horizontal os daréis cuenta de que efectivamente la tierra es plana [url]
958742e0c92c9f7cd549048beebc9de5,TIERRAPLANISTAS,1,"@danimateria Parece más lista que Talegón, que está al borde de creer que la Tierra es plana.",es,0,0,0,0,0,0,0,0,0,[user] parece más lista que talegón que está al borde de creer que la tierra es plana
a4a2188be024ca803ded76a06728d417,TIERRAPLANISTAS,1,"Me estoy viendo la la tierra es plana"" y estoy como cuando vi el primer capítulo de The Office",es,0,0,0,0,0,0,0,1,0,me estoy viendo la la tierra es plana y estoy como cuando vi el primer capítulo de the office
d3ba2102dc0dc4713ed221dabb1375e9,TIERRAPLANISTAS,1,"Todo el mundo sabe que la tierra es redonda y que gira alrededor del Sol. Bueno, casi todo el mundo.

https://t.co/Ryme5lc5F2 https://t.co/o7svJP5R1r",es,0,0,0,0,0,0,0,0,0,todo el mundo sabe que la tierra es redonda y que gira alrededor del sol bueno casi todo el mundo [url] [url]
15f478eee5e362b45de710e5a63eb8cb,TIERRAPLANISTAS,1,"@shurnorkel @juanitopez Pero son los únicos inteligentes del mundo. Solo ellos ven las bondades del modelo Madrid. Los demás somos imbéciles, parece ser. Y la ciencia. Y la realidad. Todos van contra el modelo Madrid, el único que de verdad te hace libre. Y la Tierra es plana y la homeopatía funciona",es,0,0,0,0,0,0,0,0,0,[user] [user] pero son los únicos inteligentes del mundo solo ellos ven las bondades del modelo madrid los demás somos imbéciles parece ser y la ciencia y la realidad todos van contra el modelo madrid el único que de verdad te hace libre y la tierra es plana y la homeopatía funciona
db8d729817d488fdeae4cfbe0de49808,TIERRAPLANISTAS,1,"@juanitopez Porque, aunque solo sea en tu imaginación, esa gente existe. Las bicis son las reinas de Madrid. La homeopatía funciona. Ya Tierra es plana. Que nadie te convenza de lo contrario",es,0,0,0,0,0,1,0,0,0,[user] porque aunque solo sea en tu imaginación esa gente existe las bicis son las reinas de madrid la homeopatía funciona ya tierra es plana que nadie te convenza de lo contrario
93763b9f15b7b09e3c85eb808dd04520,TIERRAPLANISTAS,1,"@TuMemeCristiano @J0aquinPA Ahora todo tiene sentido, la Tierra tiene que ser plana porque diosito siempre mira desde arriba",es,0,0,0,0,0,0,0,0,0,[user] [user] ahora todo tiene sentido la tierra tiene que ser plana porque diosito siempre mira desde arriba
f52b7a22ce59d4deb78ee2db50a8d7f8,TIERRAPLANISTAS,1,"Hace poco vi el documental de Netflix que dice que las endodoncias son malas y que el circonio no es un metal 😂.
Hoy es el turno de los tierraplanistas. 🤦🏼‍♀️🤦🏼‍♀️🤦🏼‍♀️🤦🏼‍♀️",es,0,0,0,13,0,1,0,0,0,hace poco vi el documental de netflix que dice que las endodoncias son malas y que el circonio no es un metal cara_llorando_de_risa hoy es el turno de los tierraplanistas mujer_con_la_mano_en_la_frente_tono_de_piel_claro_medio mujer_con_la_mano_en_la_frente_tono_de_piel_claro_medio mujer_con_la_mano_en_la_frente_tono_de_piel_claro_medio mujer_con_la_mano_en_la_frente_tono_de_piel_claro_medio
c8bdef78055e50062391274691d169a0,TIERRAPLANISTAS,1,"@el_pais Y los aviones nos fumigan, y la tierra es plana, y las vacunas no sirven...",es,0,0,0,0,0,1,1,0,1,[user] y los aviones nos fumigan y la tierra es plana y las vacunas no sirven
bfafebbb533535dc6a42cdfa77869e8e,TIERRAPLANISTAS,1,"Gracias a los que van a fletar un crucero para demostrar que la tierra es  plana, y al renacer de los anti-vacunas, a Thanos no le va a quedar mucho trabajo por hacer aquí. https://t.co/gNL7PRAjwc",es,0,0,0,0,0,1,0,0,0,gracias a los que van a fletar un crucero para demostrar que la tierra es plana y al renacer de los anti vacunas a thanos no le va a quedar mucho trabajo por hacer aquí [url]
678ab23986e195b9c733e8dbcd7fab19,TIERRAPLANISTAS,1,Llevo 10 minutos del documental de los tierraplanistas y aún no se como me siento,es,0,0,0,0,0,1,0,0,0,llevo 10 minutos del documental de los tierraplanistas y aún no se como me siento
db0035995bee6dccfadfe93e59a507f6,TIERRAPLANISTAS,1,"@EnJarras @Noee__cc @sanz_ismael @ComunidadMadrid Que unicoos cobra de la CAM"" es mentira. Y la tierra no es plana.",es,0,0,1,0,0,1,0,1,0,[user] [user] [user] [user] que unicoos cobra de la cam es mentira y la tierra no es plana
bfccdadf10391d3543c1d16db8bc7584,TIERRAPLANISTAS,1,"@pirineista1979 @alex_riveiro @LordBender300 @amolinach2013 Y la tierra es plana, putas conspiraciones",es,0,0,0,0,0,0,0,0,0,[user] [user] [user] [user] y la tierra es plana putas conspiraciones
737977909b767d8e2bdf24780edc6aea,TIERRAPLANISTAS,1,@NTelevisa_com Porsupuesto que la Tierra es Plana y no Gira. Punto.,es,0,0,0,0,0,1,0,0,0,[user] porsupuesto que la tierra es plana y no gira punto
9037f4da8fa294de1bf33c0fcbd44084,TIERRAPLANISTAS,1,"@peterbrownnie @electricsun78 @sanchezcastejon @pasa_electrico @SA_Diego_ Si, y la tierra es plana",es,0,0,0,0,0,0,0,0,0,[user] [user] [user] [user] [user] si y la tierra es plana
5b9db936e472c15cb55f77c40f7ccc10,TIERRAPLANISTAS,1,"2011, una primavera estupenda. 2015, una primavera estupenda. 2019, una primavera estupenda por adelantado. ¿Por qué siempre que hay elecciones en primavera hace buen tiempo? Seguro que los tierraplanistas tienen respuesta. Los políticos aumentan la potencia de la bombilla solar.",es,0,2,0,0,0,0,0,0,0,2011 una primavera estupenda 2015 una primavera estupenda 2019 una primavera estupenda por adelantado por qué siempre que hay elecciones en primavera hace buen tiempo seguro que los tierraplanistas tienen respuesta los políticos aumentan la potencia de la bombilla solar
2bdff1b7aafac48cb4479339c53e257b,TIERRAPLANISTAS,1,Estoy viendo el documental de #netflix : La Tierra es plana. QUE MALOS CHOIS LOS CHIENTIFICOS (voz de Broncano).,es,0,0,5,0,0,0,0,0,0,estoy viendo el documental de netflix la tierra es plana que malos chois los chientificos voz de broncano
41bb6898c2205552005a6cd1e4b4cd7e,TIERRAPLANISTAS,1,"@avdlp11 Por esa regla de tres, yo creo que la Tierra es plana",es,0,0,0,0,0,0,0,0,0,[user] por esa regla de tres yo creo que la tierra es plana
27f0d9e5ac23ee77b6f3b2f8a4b24b6a,TIERRAPLANISTAS,1,@Rubiii_8 @Melguizo22 Y eso que la tierra es plana jaja,es,0,0,0,0,1,0,1,0,0,[user] [user] y eso que la tierra es plana jaja
b638f2051893151c4d67d0bc595a899b,TIERRAPLANISTAS,1,"@jazabalizabali Creo que ha sido generalizado. No sé, alguien habrá tocado algo y ha subido el nivel de dificultad. Al final será cierto que la Tierra es plana... y va a lomos de cuatro elefantes sobre una tortuga.",es,0,0,0,0,0,1,1,0,1,[user] creo que ha sido generalizado no sé alguien habrá tocado algo y ha subido el nivel de dificultad al final será cierto que la tierra es plana y va a lomos de cuatro elefantes sobre una tortuga
a4964d2747ccafde2115a5f4feda3627,TIERRAPLANISTAS,1,"@LibPorcupine ¿Qué circunferencia?
La Tierra es plana y Eratóstenes un camelista",es,0,2,0,0,0,0,0,0,0,[user] qué circunferencia la tierra es plana y eratóstenes un camelista
2276f6dbd33d1890d2b40ecbcc2c1c43,TIERRAPLANISTAS,1,Si estan buscando algo cómico en netflix: Behind the curve. Un documental sobre gente que piensa que la tierra es plana.,es,0,0,0,0,0,0,0,0,0,si estan buscando algo cómico en netflix behind the curve un documental sobre gente que piensa que la tierra es plana
e351a9c17b11923789e63419eb65bcbd,TIERRAPLANISTAS,1,"Lo malo de pedir un par de días libres es que acabas viendo El Padrino otra vez, y un documental en Netflix sobre los que creen que la Tierra es plana... y acabas deseando llamar a Luca Brasi. https://t.co/SauKljICex",es,0,0,0,0,0,0,1,0,1,lo malo de pedir un par de días libres es que acabas viendo el padrino otra vez y un documental en netflix sobre los que creen que la tierra es plana y acabas deseando llamar a luca brasi [url]
95b02d909af8483df6f1d259af528b8a,TIERRAPLANISTAS,1,"@LuisOmarPG @allan05 Y la tierra es plana, y somos el centro del universo y Dios existe.😂😂😂",es,0,0,0,3,0,0,1,0,0,[user] [user] y la tierra es plana y somos el centro del universo y dios existe cara_llorando_de_risa cara_llorando_de_risa cara_llorando_de_risa
71240373adb0cadbde4e3a6e25b8317f,TIERRAPLANISTAS,1,He terminado de ver un documental sobre los tierraplanistas y lo cierto es que me ha hecho cambiar de opinión. Ahora pienso fehacientemente que la gente es GILIPOLLAS.,es,0,0,1,0,0,0,0,0,0,he terminado de ver un documental sobre los tierraplanistas y lo cierto es que me ha hecho cambiar de opinión ahora pienso fehacientemente que la gente es gilipollas
997c668907a3bd63c80f1030de4c8faa,TIERRAPLANISTAS,1,"No me negaréis que la campaña electoral de Pedro Sánchez le está saliendo redonda. Da igual que su libro sea una mierda, o que sólo diga idioteces. Existe una fuerte correlación entre que hablen de ti y ser votado, y ya puedes decir que la Tierra es plana.",es,0,0,0,0,0,1,0,0,0,no me negaréis que la campaña electoral de pedro sánchez le está saliendo redonda da igual que su libro sea una mierda o que sólo diga idioteces existe una fuerte correlación entre que hablen de ti y ser votado y ya puedes decir que la tierra es plana
8eac02116c00c950e2e1f3558a601b62,TIERRAPLANISTAS,1,"@FerranFaRun @paisnotanpetit @diego_ribes @batmanvcf2005 @kike_mateu País Valencià, lengua Valenciana es catalán, la república catalana, presos politicos... no pretenderás que se te tome en serio con todo lo que pones... lo siguiente es que vivimos en Matrix o que la tierra es plana... o que todos descendemos de un catalán https://t.co/BkrdoIyo9Q",es,0,0,0,0,0,1,3,0,3,[user] [user] [user] [user] [user] país valencià lengua valenciana es catalán la república catalana presos politicos no pretenderás que se te tome en serio con todo lo que pones lo siguiente es que vivimos en matrix o que la tierra es plana o que todos descendemos de un catalán [url]
9dbd57176165ff487d501755c9a08848,TIERRAPLANISTAS,1,"A ver, partimos de la base de que todavía hay gente defendiendo que la Tierra es plana. No sé por qué os sigue sorprendiendo cualquier ápice de involución en nuestra especie.",es,0,0,0,0,0,1,0,0,0,a ver partimos de la base de que todavía hay gente defendiendo que la tierra es plana no sé por qué os sigue sorprendiendo cualquier ápice de involución en nuestra especie
4ff59bbc64b6b4fd246b17be5a7500cc,TIERRAPLANISTAS,1,Empezamos haciendo campaña contra las vacunas y acabamos creyendo que la tierra es plana y votando a Vox.,es,0,0,0,0,0,0,0,0,0,empezamos haciendo campaña contra las vacunas y acabamos creyendo que la tierra es plana y votando a vox
356a6ab7b52b51ad1f3fc4a6c5104914,TIERRAPLANISTAS,1,"@nerearuiz_00 En verdad los científicos y astrónomos tienen poco que hacer, el tema es gente como Trump que de los creadores de la tierra es plana"" llega ""el cambio climático no existe"".""",es,0,0,0,0,0,1,0,4,0,[user] en verdad los científicos y astrónomos tienen poco que hacer el tema es gente como trump que de los creadores de la tierra es plana llega el cambio climático no existe
792789ede0bfbf89aa11268f1fb52712,TIERRAPLANISTAS,1,Algún día tengo que leerme las PRUEBAS IRREFUTABLES de porque la tierra es plana o porque las vacunas son malas,es,0,0,2,0,0,0,0,0,0,algún día tengo que leerme las pruebas irrefutables de porque la tierra es plana o porque las vacunas son malas
f3a7adba12558fefd5cb5eb18f8b92ac,TIERRAPLANISTAS,1,"“Unos ven la tierra plana y otros la ven redonda, es que cada mente comprende según su forma.”",es,0,0,0,0,0,0,0,2,0,unos ven la tierra plana y otros la ven redonda es que cada mente comprende según su forma
a5f7c1c0d91e10a3a3e55fe66ce68063,TIERRAPLANISTAS,1,La Tierra era plana pero está operada.,es,0,0,0,0,0,0,0,0,0,la tierra era plana pero está operada
45f171d985f451c6faf57fe6b2faa43f,TIERRAPLANISTAS,1,negar que el Madrid ha jugado mejor es como afirmar que la tierra es plana,es,0,0,0,0,0,0,0,0,0,negar que el madrid ha jugado mejor es como afirmar que la tierra es plana
3042e9ed089baf66a9c7b5a1eee7567e,TIERRAPLANISTAS,0,Aquí hay un artículo infumable de un listo muy tonto que ha visto el docu de La Tierra es Plana y NO HA ENTENDIDO NADA. https://t.co/021K9RSdpX,es,0,0,2,0,0,2,0,0,0,aquí hay un artículo infumable de un listo muy tonto que ha visto el docu de la tierra es plana y no ha entendido nada [url]
b18382c9cffd274229c3b0aba1b976ef,TIERRAPLANISTAS,0,"El final del documental La tierra es plana"" en Netflix es brutal 🤣""",es,0,0,0,1,0,0,0,2,0,el final del documental la tierra es plana en netflix es brutal cara_revolviéndose_de_la_risa
ed0702178e2a2420e542c1ccf182c888,TIERRAPLANISTAS,0,"@magnateUSA Pues cuando le cuente q en USA todavía hay gente que creé q la tierra es plana, le da un yuyu.",es,0,0,1,0,0,0,0,0,0,[user] pues cuando le cuente q en usa todavía hay gente que creé q la tierra es plana le da un yuyu
ce63792d2f0429c79eb3d7f2d3594962,TIERRAPLANISTAS,0,El documental de los tierraplanistas de Netflix es antológico,es,0,0,0,0,0,0,0,0,0,el documental de los tierraplanistas de netflix es antológico
1b91d61228898184adc3f6e706803b28,TIERRAPLANISTAS,0,en netflix hay un documental sobre tierraplanistas voy a ingerirlo que flipas,es,0,0,0,0,0,0,0,0,0,en netflix hay un documental sobre tierraplanistas voy a ingerirlo que flipas
2062b36c6ac31447c2e344b1ab6b1abd,TIERRAPLANISTAS,0,"@fereme8 Son los mismos que dicen que la Tierra es plana, ¿no? 😂",es,0,2,0,1,0,1,0,0,0,[user] son los mismos que dicen que la tierra es plana no cara_llorando_de_risa
385ce03d9743f89e7829382495cd7a23,TIERRAPLANISTAS,0,@LibPorcupine @kroostirador Y dice que la tierra es plana,es,0,0,0,0,0,0,0,0,0,[user] [user] y dice que la tierra es plana
7a5007901891210a2f15238f38767cce,TIERRAPLANISTAS,0,"@_prezart Ay, Diosas, que creo que para el tío de la tierra plana, deGrasse Tyson es Voldemort o algo!!! (no puedo agradecerte lo suficiente el que me hayas descubierto esta joya!) https://t.co/Wa3uplAEaO",es,4,0,0,0,0,1,1,0,0,[user] ay diosas que creo que para el tío de la tierra plana degrasse tyson es voldemort o algo no puedo agradecerte lo suficiente el que me hayas descubierto esta joya [url]
f2879d4db7801794f094993c9f29ddb2,TIERRAPLANISTAS,0,Terraplanista descubriendo que la tierra no es plana: “Interesante” https://t.co/fo53toeQrJ https://t.co/b3JarHPlV4,es,0,0,0,0,0,1,0,2,0,terraplanista descubriendo que la tierra no es plana interesante [url] [url]
d853b4aef6eb9ccd6feda98cf6b20a71,TIERRAPLANISTAS,0,'La Tierra es plana': el documental sobre los terraplanistas es un deleznable ejercicio de humillación https://t.co/Fba2vJ2lhy https://t.co/xx8bZ7FrIl,es,0,0,0,0,0,0,0,2,0,la tierra es plana el documental sobre los terraplanistas es un deleznable ejercicio de humillación [url] [url]
7f8914e65b1933cfd1b8b89b56d1936b,TIERRAPLANISTAS,0,Cómo humillar a un terraplanista: 'La Tierra es plana' de Netflix es una oportunidad perdida para entender el problema https://t.co/6V3xFkGPUF,es,0,0,0,0,0,0,0,2,0,cómo humillar a un terraplanista la tierra es plana de netflix es una oportunidad perdida para entender el problema [url]
6eb2a34c323ef72b964507e8e47b7f7a,TIERRAPLANISTAS,0,"@fernandomacia complejo camino la de la regulación.. suguiente: la tierra plana,  homeopatía...no sería mejor más labor pedagógica",es,0,0,0,0,0,1,1,0,1,[user] complejo camino la de la regulación suguiente la tierra plana homeopatía no sería mejor más labor pedagógica
8aea76c8c7a432ffb5120569683652a3,TIERRAPLANISTAS,0,LA TIERRA ES PLANA https://t.co/OUrYcluhEH,es,0,0,2,0,0,0,0,0,0,la tierra es plana [url]
52fe1992a5042059fbae7f577218699a,TIERRAPLANISTAS,0,@rukkiabudy No es solo decir “esto no me gusta” es ya defender una postura de “la tierra es plana” cuando esta claro que es completamente erronea pero ellos por dar por saco dicen que no. A ese nivel estamos,es,0,0,0,0,0,3,0,4,0,[user] no es solo decir esto no me gusta es ya defender una postura de la tierra es plana cuando esta claro que es completamente erronea pero ellos por dar por saco dicen que no a ese nivel estamos
1ba5b0918d4e1d9a93ecc7ffe3dcd268,TIERRAPLANISTAS,0,De verdad que los tierraplanistas me encantan,es,0,0,0,0,0,0,0,0,0,de verdad que los tierraplanistas me encantan
cfde363a35cbbebbd9e29a02b51ea1d1,TIERRAPLANISTAS,0,"@OriolMD @JredondoK @QuimTorraiPla @KRLS Mire si vamos a discutir si la Tierra es plana y el Sol gira alrededor de ella, nos vamos al plano de los dogmas de fe, el dogmatismo no me interesa, suelo analizar la realidad de la forma más objetiva posible y lo que usted me dice es puro dogmatismo no basado en realidad alguna",es,0,0,1,0,0,2,0,0,0,[user] [user] [user] [user] mire si vamos a discutir si la tierra es plana y el sol gira alrededor de ella nos vamos al plano de los dogmas de fe el dogmatismo no me interesa suelo analizar la realidad de la forma más objetiva posible y lo que usted me dice es puro dogmatismo no basado en realidad alguna
07dbd8f201c7034bf751837cbf1e95ff,TIERRAPLANISTAS,0,@DanisuarezL Dani que dices? Cómo puedes decir que la tierra no es plana? Ya hablaremos de esto.,es,0,2,0,0,0,1,0,0,0,[user] dani que dices cómo puedes decir que la tierra no es plana ya hablaremos de esto
fa6bde5b0f8a86a4c4daa24d353ebd2b,TIERRAPLANISTAS,0,@SenyorRequena Tierraplanistas,es,0,0,0,0,0,0,0,0,0,[user] tierraplanistas
73c9a2eebce36d275772e13edc66a638,TIERRAPLANISTAS,0,"Me parece impresionante que estemos en el año 2019 y hay gente que dice que la tierra es plana. Y que niega la gravedad. Chicos los científicos fueron perseguidos por decir la verdad y ustedes vienen con estas pelotudeces, paren un rato de querer llamar la atención.",es,0,0,0,0,0,0,0,0,0,me parece impresionante que estemos en el año 2019 y hay gente que dice que la tierra es plana y que niega la gravedad chicos los científicos fueron perseguidos por decir la verdad y ustedes vienen con estas pelotudeces paren un rato de querer llamar la atención
dad5e1efad66829a5841ed0dc691b5c9,TIERRAPLANISTAS,0,"@sebingomez1 @jcb142 @DaniAsensio14 @Argumentamelo @gabrielrufian Puedes deducir lo que quieras, que si te lo explican y sigues pensando lo que te dé la gana puedes hasta creer que la tierra es plana. Te he explicado que en ningún sitio Torra dice lo que tú piensas, pero sigues enrocado. Allá tú.",es,0,0,0,0,0,1,0,0,0,[user] [user] [user] [user] [user] puedes deducir lo que quieras que si te lo explican y sigues pensando lo que te dé la gana puedes hasta creer que la tierra es plana te he explicado que en ningún sitio torra dice lo que tú piensas pero sigues enrocado allá tú
a9f46dfe12507735c1062faa5b6eedf6,TIERRAPLANISTAS,0,"Abro paraguas pero Irving no es un líder, un tío que hace de actor en sus tiempos libres, piensa que la Tierra es plana y que entrena a chavales en una pachanga. Por no hablar del zorreo que se va a traer en FA.",es,0,0,0,0,0,2,0,0,0,abro paraguas pero irving no es un líder un tío que hace de actor en sus tiempos libres piensa que la tierra es plana y que entrena a chavales en una pachanga por no hablar del zorreo que se va a traer en fa
d0eab0072538e7cbde9d6822e85f6998,TIERRAPLANISTAS,0,@PaznmP Bueno lo que te digo es cierto. Aunque la Tierra fuera plana (que no lo es XD) la luz no sería perceptible a una distancia infinita.,es,0,0,0,0,1,2,0,0,0,[user] bueno lo que te digo es cierto aunque la tierra fuera plana que no lo es xd la luz no sería perceptible a una distancia infinita
cc1b096e8886307503de32fac22c956e,TIERRAPLANISTAS,0,@PaznmP Si la Tierra fuera plana solo se me ocurre que la propia luz se curvara por la fuerza de gravedad y por eso al aumentar la distancia hay que aumentar la altura del faro.,es,0,0,0,0,0,0,0,0,0,[user] si la tierra fuera plana solo se me ocurre que la propia luz se curvara por la fuerza de gravedad y por eso al aumentar la distancia hay que aumentar la altura del faro
9bd8d70cb82dc19f48060e601bd90ffa,TIERRAPLANISTAS,0,@m_revoltosa @diostuitero Mentiras en vuestro universo burbuja. Los tierraplanistas también piensan que hay una conspiración contra ellos.,es,0,0,0,0,0,0,0,0,0,[user] [user] mentiras en vuestro universo burbuja los tierraplanistas también piensan que hay una conspiración contra ellos
a8b6b716023b919747e183f86abd849c,TIERRAPLANISTAS,0,"Los que tengáis Netflix, echadle un ojo al documental La tierra es plana""",es,0,0,0,0,0,0,0,1,0,los que tengáis netflix echadle un ojo al documental la tierra es plana
3cdb382154a6dea1a164646cd0aee271,TIERRAPLANISTAS,0,Cinco sencillas formas de demostrar que la Tierra no es plana - https://t.co/fttVSkeC8H,es,0,0,0,0,0,1,0,0,0,cinco sencillas formas de demostrar que la tierra no es plana [url]
1e8bf516edd0cb8e08cd22009e07989f,TIERRAPLANISTAS,0,5 SENCILLOS EXPERIMENTOS PARA COMPROBAR que la TIERRA NO es PLANA https://t.co/FG81lwrFuZ https://t.co/EEMaU1SV1u,es,0,0,6,0,0,1,0,0,0,5 sencillos experimentos para comprobar que la tierra no es plana [url] [url]
5b5a5d8e8e25867d3eac68ff3666dbe5,TIERRAPLANISTAS,0,'La Tierra es plana': el documental sobre los terraplanistas es un deleznable ejercicio de humillación https://t.co/2hAUzf8fkx https://t.co/P5zpxqHYjj,es,0,0,0,0,0,0,0,2,0,la tierra es plana el documental sobre los terraplanistas es un deleznable ejercicio de humillación [url] [url]
fbd381c67118f582fb029e92838ebe9e,TIERRAPLANISTAS,0,'La Tierra es plana': el documental sobre los terraplanistas que ha llegado a Netflix es un deleznable ejercicio de humillación  https://t.co/YSEoSRwD2W,es,0,0,0,0,0,0,0,2,0,la tierra es plana el documental sobre los terraplanistas que ha llegado a netflix es un deleznable ejercicio de humillación [url]
2d7ee275119ae206c34030f423b08f42,TIERRAPLANISTAS,0,Cómo humillar a un terraplanista: 'La Tierra es plana' de Netflix es una oportunidad perdida para entender el problema https://t.co/HJRE8nqLth,es,0,0,0,0,0,0,0,2,0,cómo humillar a un terraplanista la tierra es plana de netflix es una oportunidad perdida para entender el problema [url]
1705ca0505d345f317784b58aa810e58,TIERRAPLANISTAS,0,Cómo humillar a un terraplanista: 'La Tierra es plana' de Netflix es una oportunidad perdida para entender el problema  https://t.co/HJRE8nqLth https://t.co/T1mqddna00,es,0,0,0,0,0,0,0,2,0,cómo humillar a un terraplanista la tierra es plana de netflix es una oportunidad perdida para entender el problema [url] [url]
8bf8cbd3985b3f11f8d5a67155c16e86,TIERRAPLANISTAS,0,"@Zway1968 Si, para algunos la tierra sigue siendo plana! 😉",es,1,0,0,1,0,0,0,0,0,[user] si para algunos la tierra sigue siendo plana cara_guiñando_el_ojo
c00f95b6e3e9c7756f64e6b55fc6fde7,TIERRAPLANISTAS,0,@Gayllem @couso1_ana Sería como intentar debatir la opinión de que la tierra es plana.,es,0,0,0,0,0,0,0,0,0,[user] [user] sería como intentar debatir la opinión de que la tierra es plana
df47316fff5f88d08a6422723f3d39cc,TIERRAPLANISTAS,0,"Ayer vi Behind the Curve"" (La Tierra es plana) en Netflix. Alucinante que aún haya gente que lo crea. Me hizo gracia ver cómo intentan ponerle seriedad con experimentos ""científicos"" y luego reniegan de los resultados",es,0,0,0,0,0,0,0,3,0,ayer vi behind the curve la tierra es plana en netflix alucinante que aún haya gente que lo crea me hizo gracia ver cómo intentan ponerle seriedad con experimentos científicos y luego reniegan de los resultados
3042f47e9f58b669b9ac43a6fcfe0264,TIERRAPLANISTAS,0,@francescd @Jordi_Strummer El día que no quede un puto rey en el planeta se habrá dado un paso en la historia como cuando descubrimos que la tierra no era plana.,es,0,0,0,0,0,2,0,0,0,[user] [user] el día que no quede un puto rey en el planeta se habrá dado un paso en la historia como cuando descubrimos que la tierra no era plana
bc8f6b1d41acfa60ca2ba0ca269067b5,TIERRAPLANISTAS,0,Hay un documental en @NetflixES que se llama: La Tierra es Plana. El mundo se termina mañana.,es,0,0,0,0,0,0,0,0,0,hay un documental en [user] que se llama la tierra es plana el mundo se termina mañana
361b8917103c6e7df80f765fe265a5b0,TIERRAPLANISTAS,0,@IUCiencia Me parece increíble que en 2019 haya que hacer hilos en Twitter para explicar que la tierra no es plana y que existen las ondas no ionizantes. https://t.co/J3tjCWn8PY,es,0,0,0,0,0,2,0,0,0,[user] me parece increíble que en 2019 haya que hacer hilos en twitter para explicar que la tierra no es plana y que existen las ondas no ionizantes [url]
68db0e4959879c8eb751f6504dd384c3,TIERRAPLANISTAS,0,"Y luego habrá quien diga que el cambio climático es un cuento chino, pero vamos habiendo gente que aún cree que la tierra es plana! #CambioClimático #DesarrolloPersonal #CrecimientoPersonal #autoconocimiento #Felicidad https://t.co/drsnr7iDVU",es,1,0,0,0,0,0,0,0,0,y luego habrá quien diga que el cambio climático es un cuento chino pero vamos habiendo gente que aún cree que la tierra es plana cambioclimático desarrollopersonal crecimientopersonal autoconocimiento felicidad [url]
8e6c33266be71c03623615a63d838a51,TIERRAPLANISTAS,0,Apunto a su cabeza y atravieso la manzana si os puse a girar la tierra pero la preferí plana,es,0,0,0,0,0,0,0,0,0,apunto a su cabeza y atravieso la manzana si os puse a girar la tierra pero la preferí plana
b0da1cfff9ccdf7b35ce2e58afdab5d8,TIERRAPLANISTAS,0,'La Tierra es plana': el documental sobre los terraplanistas que ha llegado a Netflix es un deleznable ejercicio de humillación - https://t.co/Ho4BvPpdOe https://t.co/S6inEV1Gmk,es,0,0,0,0,0,0,0,2,0,la tierra es plana el documental sobre los terraplanistas que ha llegado a netflix es un deleznable ejercicio de humillación [url] [url]
e412c2ee6b2964052149e5b046626565,TIERRAPLANISTAS,0,Cómo humillar a un terraplanista: 'La Tierra es plana' de Netflix es una oportunidad perdida para entender el problema - https://t.co/uV1a7gFrnc https://t.co/ZlkRmiU9jY,es,0,0,0,0,0,0,0,2,0,cómo humillar a un terraplanista la tierra es plana de netflix es una oportunidad perdida para entender el problema [url] [url]
2498bb6f19a8e71c3901eddb7181928f,TIERRAPLANISTAS,0,@100cia_ De mientras en Netflix un documental serio sobre la tierra plana. Hay que joderse,es,0,0,0,0,0,0,0,0,0,[user] de mientras en netflix un documental serio sobre la tierra plana hay que joderse
2a9704b59408b4b7448a8207ba792e17,TIERRAPLANISTAS,0,NUEVAS EVIDENCIAS (FRAUDE ESPACIAL) TIERRA PLANA https://t.co/EynYnw0D8a vía @YouTube,es,0,0,6,0,0,0,0,0,0,nuevas evidencias fraude espacial tierra plana [url] vía [user]
52091af6df5fb9140e3817ed0fd38970,TIERRAPLANISTAS,0,‘La Tierra es plana’: el documental sobre los terraplanistas que ha llegado a Netflix es un deleznable ejercicio de humillación https://t.co/PwusROYOIo https://t.co/Cf5FjdF1zn,es,0,0,0,0,0,0,0,2,0,la tierra es plana el documental sobre los terraplanistas que ha llegado a netflix es un deleznable ejercicio de humillación [url] [url]
08019cec8dc0fa2fb4ac46485bee953c,TIERRAPLANISTAS,0,@Mippcivzla @jorgerpsuv prefieren decir que la tierra es plana antes de asumir su culpa,es,0,0,0,0,0,0,0,0,0,[user] [user] prefieren decir que la tierra es plana antes de asumir su culpa
c05e2059f6e0779f7fba19cf3e0508fb,TIERRAPLANISTAS,0,"Bueno, pues al final me he animado y me he puesto el documental de LA TIERRA ES PLANA. Adelante con las risas, el asco y la vergüenza ajena.",es,0,0,2,0,0,0,0,0,0,bueno pues al final me he animado y me he puesto el documental de la tierra es plana adelante con las risas el asco y la vergüenza ajena
92cdb8fb6da3e76c0773da98d7c025d8,TIERRAPLANISTAS,0,"11. La Tierra es plana (2018). Todo son risas hasta que de repente te ves empatizando con los terraplanistas.

Muy buen documental, tanto para descojonarse como para reflexionar. https://t.co/Ixk3R7de35",es,0,0,0,0,0,0,0,0,0,11 la tierra es plana 2018 todo son risas hasta que de repente te ves empatizando con los terraplanistas muy buen documental tanto para descojonarse como para reflexionar [url]
a2ada59f8cdef8d5e60d341a4bc7673e,TIERRAPLANISTAS,0,En serio no veáis el documental De netflix sobre la tierra plana... 🤔🤔 solo he visto 20 minutos y me he quedado con las ganas de ver cómo lo justifican... #showdetruman #FlatEarth https://t.co/5VcAbTJfXB,es,0,0,0,2,0,1,2,0,2,en serio no veáis el documental de netflix sobre la tierra plana cara_pensativa cara_pensativa solo he visto 20 minutos y me he quedado con las ganas de ver cómo lo justifican showdetruman flatearth [url]
4dc848339742708ceb0a4f17d5db9893,TIERRAPLANISTAS,0,@KikeGarciaNBA Conspiraciones referentes a que la tierra es plana.,es,0,0,0,0,0,0,0,0,0,[user] conspiraciones referentes a que la tierra es plana
10f2d48677b908c71cf3399c637abd25,TIERRAPLANISTAS,0,"El documental La Tierra es plana"" debe ser un visionado obligatorio para mucha gente. No es la risa o el miedo que provoque sino la prueba de la completa deformación de la realidad. La individualización ya no hace que el centro sea el Sol tampoco la Tierra sino uno mismo y-""",es,0,0,0,0,0,5,0,2,0,el documental la tierra es plana debe ser un visionado obligatorio para mucha gente no es la risa o el miedo que provoque sino la prueba de la completa deformación de la realidad la individualización ya no hace que el centro sea el sol tampoco la tierra sino uno mismo y
411701e298fbd456b14deeb40b55a28f,TIERRAPLANISTAS,0,'La Tierra es plana': el documental sobre los terraplanistas que ha llegado a Netflix es un deleznable ejercicio de humillación  https://t.co/1z9pe3F4z8,es,0,0,0,0,0,0,0,2,0,la tierra es plana el documental sobre los terraplanistas que ha llegado a netflix es un deleznable ejercicio de humillación [url]
627b359a0e0a696805665846f2ada070,TIERRAPLANISTAS,0,Cómo humillar a un terraplanista: 'La Tierra es plana' de Netflix es una oportunidad perdida para entender el problema https://t.co/Fjn2TnFmL7,es,0,0,0,0,0,0,0,2,0,cómo humillar a un terraplanista la tierra es plana de netflix es una oportunidad perdida para entender el problema [url]
a31fed972ea8b758095ed8a2bc3cbc53,TIERRAPLANISTAS,0,Profesores diciendo que no creen en la pedagogía. Es mas o menos como afirmar que la tierra es plana. Luego dirán que hay que estudiar para no ser unos incultos.,es,0,0,0,0,0,2,0,0,0,profesores diciendo que no creen en la pedagogía es mas o menos como afirmar que la tierra es plana luego dirán que hay que estudiar para no ser unos incultos
0335bfc2b2c18c4ee28390c75c12ccdf,TIERRAPLANISTAS,0,Por lo visto aún hay gente que piensa que la tierra es plana 🤷🏻‍♀️🙈 #Tierraplanistas 🤦🏻‍♀️ https://t.co/2HKNh0qu3w vía @Gizmodo_ES,es,0,0,0,7,0,0,0,0,0,por lo visto aún hay gente que piensa que la tierra es plana mujer_encogida_de_hombros_tono_de_piel_claro mono_con_los_ojos_tapados tierraplanistas mujer_con_la_mano_en_la_frente_tono_de_piel_claro [url] vía [user]
425a269354bc06fb9609c2be1e9dfa36,TIERRAPLANISTAS,0,"@FancyAppleMac Claro, y la Tierra es plana. Entérese: Jordi Sánchez ha reconocido hoy en el juicio los destrozos en esos 6 coches, y ha rechazado la violencia ejercida por los zombies manifestantes (demasiado tarde) https://t.co/YZ09AETYZ0",es,0,0,0,0,0,0,0,0,0,[user] claro y la tierra es plana entérese jordi sánchez ha reconocido hoy en el juicio los destrozos en esos 6 coches y ha rechazado la violencia ejercida por los zombies manifestantes demasiado tarde [url]
dd1e6782d1ac1e9330c592346d6bb97e,TIERRAPLANISTAS,0,BBC News Mundo - 5 sencillos experimentos para comprobar que la Tierra no es plana https://t.co/59PCtKHqRQ,es,0,0,1,0,0,1,0,0,0,bbc news mundo 5 sencillos experimentos para comprobar que la tierra no es plana [url]
e2bd3e76f61ebb5c1bd121446afe52f7,TIERRAPLANISTAS,0,"El documental 'La tierra es plana' de @NetflixES es una risa, y como es habitual en mí, da para varios paralelismos.
La parte de obviar unos resultados porque no son los que cuadran con tu postura, por ejemplo.
Que la verdad no os estropee una 'bonita' historia.",es,0,0,0,0,0,2,0,4,0,el documental la tierra es plana de [user] es una risa y como es habitual en mí da para varios paralelismos la parte de obviar unos resultados porque no son los que cuadran con tu postura por ejemplo que la verdad no os estropee una bonita historia
9465d74c69e74b2a8b7fc17c15ba2e0e,TIERRAPLANISTAS,0,"@DalesomHS @xaviergarciagar @SpThenas @L0RD_ZER0 @KuentinLoL Porque para que entiendas las figuras las tienes que estudiar y en Twitter no da. Tú, en resumen, estás diciendo que la tierra es plana y que las vacunas causan autismo. Por mucho que te lo explique no lo vas a entender así que chao.",es,0,0,0,0,0,2,0,0,0,[user] [user] [user] [user] [user] porque para que entiendas las figuras las tienes que estudiar y en twitter no da tú en resumen estás diciendo que la tierra es plana y que las vacunas causan autismo por mucho que te lo explique no lo vas a entender así que chao
fd1f829f92b79567ca681d5368c2fe1e,TIERRAPLANISTAS,0,@DalesomHS @xaviergarciagar @SpThenas @L0RD_ZER0 @KuentinLoL Pues deja de opinar que la tierra es plana.,es,0,0,0,0,0,0,0,0,0,[user] [user] [user] [user] [user] pues deja de opinar que la tierra es plana
f1f3bc51872f4b5611b0a2b1deb6be61,TIERRAPLANISTAS,0,"Por cierto, si podéis, echadle un ojo al documental de @NetflixES sobre los terraplanistas La Tierra es plana"". Es para flipar :/""",es,0,0,0,0,0,0,0,2,0,por cierto si podéis echadle un ojo al documental de [user] sobre los terraplanistas la tierra es plana es para flipar
a744bafbf6fa8f5b1eb6c37585b977c9,TIERRAPLANISTAS,0,#OpiniónVP La Tierra es plana https://t.co/M4OFJWn87W,es,0,0,0,0,0,0,0,0,0,opiniónvp la tierra es plana [url]
ad55d27420d3377a4b77bfa1caab9e52,TIERRAPLANISTAS,0,"La verdad oculta ¿la tierra es plana?
https://t.co/KlK6z4jNEZ https://t.co/eKGxzDhf4Z",es,0,2,0,0,0,0,0,0,0,la verdad oculta la tierra es plana [url] [url]
5a7067b8f54f5dc93f844801a032b3d9,TIERRAPLANISTAS,0,"@JVSantacreu @ActualidadRT Yo ya me he unido al movimiento, tiene bastante lógica, recomiendo que le deis una oportunidad, el video que pongo en la entrada es genial. Saludos!
https://t.co/KlK6z4jNEZ",es,1,0,0,0,0,0,0,0,0,[user] [user] yo ya me he unido al movimiento tiene bastante lógica recomiendo que le deis una oportunidad el video que pongo en la entrada es genial saludos [url]
8c1da3544ca9f19724f219838b1cc8c4,TIERRAPLANISTAS,0,"@despotaverde Hoy me han insultado a mí por la entrada en mi blog de la tierra plana, yo que sé, hay gente que se enfada por todo",es,0,0,0,0,0,0,0,0,0,[user] hoy me han insultado a mí por la entrada en mi blog de la tierra plana yo que sé hay gente que se enfada por todo
cc0a02a041b9e138c98858f91f8445be,TIERRAPLANISTAS,0,"@MauryMolinaC hey! dsd mi humilde opinión, si es plana podemos pues ver el everest o el k2 dsd desde cualquier punto de la tierra?
hay quien opina que lo de la tierra plana es para distraernos y encasillarnos en una teoria inverosímil que constata q l@s teóric@s de la conspiración estan loc@s",es,1,1,0,0,0,0,0,0,0,[user] hey dsd mi humilde opinión si es plana podemos pues ver el everest o el k2 dsd desde cualquier punto de la tierra hay quien opina que lo de la tierra plana es para distraernos y encasillarnos en una teoria inverosímil que constata q l[user] teóric[user] de la conspiración estan loc[user]
2b7fb207c2dabc4dfee1d8bb2706d80b,TIERRAPLANISTAS,0,"@Acoruxadenavia @35metros @pnique Un sujeto que defiende que la tierra es plana,  y que las idea de que es un globo ha sido impuesta por la NASA para engañarnos.  Busque en youtube, busque",es,0,0,1,0,0,0,0,0,0,[user] [user] [user] un sujeto que defiende que la tierra es plana y que las idea de que es un globo ha sido impuesta por la nasa para engañarnos busque en youtube busque
92c3b671e1a3e71e88b9e6ddd742d205,TIERRAPLANISTAS,0,"@Alex60115841 @DavidJaimeGonza @Oliver_Youtube @YouTube La foto circumpolar y las constelaciones varían dependiendo del hemisferio, si la tierra fuera plana esto no sería así.",es,0,0,0,0,0,1,0,0,0,[user] [user] [user] [user] la foto circumpolar y las constelaciones varían dependiendo del hemisferio si la tierra fuera plana esto no sería así
efcb6904127f77282a56baa95a5ad833,TIERRAPLANISTAS,0,"Que esta tierra no es plana, plana es la gente que está",es,0,0,0,0,0,1,0,0,0,que esta tierra no es plana plana es la gente que está
ddd4d34f89ba1b48f2cd793e05a49afb,TIERRAPLANISTAS,0,"@soportedetwiter A ver,por favor,explícame porque crees que la tierra es plana",es,0,0,0,0,0,0,0,0,0,[user] a ver por favor explícame porque crees que la tierra es plana
ee626439af5f341088c4a834e6c2565b,TIERRAPLANISTAS,0,@PueblaCityNews @PartidoPACMA @ONUMedioAmb En Netflix también hay otro documental sobre los que aún defienden que la Tierra es plana. ¿A que “investigadores” sigo como si fuera una secta?,es,0,2,0,0,0,0,0,2,0,[user] [user] [user] en netflix también hay otro documental sobre los que aún defienden que la tierra es plana a que investigadores sigo como si fuera una secta
26e01549d7043f0fe8542300e70d9f89,TIERRAPLANISTAS,0,"Os avisamos, no lo es. Pero bueno quizá algunos quieran seguir elucubrando... Esta es toda la tecnología que necesitas para demostrar si la Tierra es o no plana https://t.co/yoA5ZMWl53",es,0,0,0,0,0,2,1,0,1,os avisamos no lo es pero bueno quizá algunos quieran seguir elucubrando esta es toda la tecnología que necesitas para demostrar si la tierra es o no plana [url]
2ec5c67414a5464e48a9da4537729233,TIERRAPLANISTAS,0,"@ecobufon @UmmoW @paradigmasXXI @jeycituit Querido @ecobufon si algunos de ellos creen en la tierra plana y que el holocausto no existió... es normal. Hoy solo los desinformados o los interesados, defienden el origen extraterrestre de UMMO. Hay montones de casos interesantes que merecen ser investigados. UMMO ya lo fue.",es,0,0,2,0,0,1,1,0,1,[user] [user] [user] [user] querido [user] si algunos de ellos creen en la tierra plana y que el holocausto no existió es normal hoy solo los desinformados o los interesados defienden el origen extraterrestre de ummo hay montones de casos interesantes que merecen ser investigados ummo ya lo fue
a48925119f058386d36aac6925d52d55,TIERRAPLANISTAS,0,"@paradigmasXXI @ignatiuskdick Claro que no¡¡¡. Estoy dispuesto a aceptar q todo es verdad y q Dei98 era un ET de WOLF424, como que Anne Germain es medium y la tierra es plana.. pero joder, necesitaré algo muy sólido para rebatir todo lo quesabemos. Igual que para tumbar la sentencia de un juez en ese crimen.",es,3,0,0,0,0,1,1,0,0,[user] [user] claro que no estoy dispuesto a aceptar q todo es verdad y q dei98 era un et de wolf424 como que anne germain es medium y la tierra es plana pero joder necesitaré algo muy sólido para rebatir todo lo quesabemos igual que para tumbar la sentencia de un juez en ese crimen
952ad0ade3195a2d1f17ad4c7f2c9fbc,TIERRAPLANISTAS,0,Decir que Messi no es mejor el mejor del mundo es peor que decir que la tierra es plana,es,0,0,0,0,0,1,0,0,0,decir que messi no es mejor el mejor del mundo es peor que decir que la tierra es plana
23d429a8ac52a9575c33f1cd5be6f6db,TIERRAPLANISTAS,0,@soportedetwiter Le informo de que es un poco imbécil por fumar y encima pensar que la tierra es plana pero todo correcto,es,0,0,0,0,0,0,0,0,0,[user] le informo de que es un poco imbécil por fumar y encima pensar que la tierra es plana pero todo correcto
3465124204ab0061e03b25bd75300ef6,TIERRAPLANISTAS,0,Cinco sencillas formas de demostrar que la Tierra no es plana https://t.co/6fyLIU6XOZ #misterios #ciencia https://t.co/q8q6efpAvf,es,0,0,0,0,0,1,0,0,0,cinco sencillas formas de demostrar que la tierra no es plana [url] misterios ciencia [url]
27af264482e06d32a2583aaa02dbd0dc,TIERRAPLANISTAS,0,Cinco sencillas formas de demostrar que la Tierra no es plana - https://t.co/SOY73Cs8DI,es,0,0,0,0,0,1,0,0,0,cinco sencillas formas de demostrar que la tierra no es plana [url]
c170367ece8cb6877fe0af3e78a1e863,TIERRAPLANISTAS,0,"Estoy viendo el documental La Tierra es Plana"" en Netflix y alucino (bueno alucinan más los terraplanistas) Dicen: ""a la ciencia le está costando enfrentarse con nosotros"" y abominan de divulgadores científicos como Neil desgrasar Tyson: ""El que no debería ser nombrado"" #Magufos""",es,0,0,0,0,0,1,0,6,0,estoy viendo el documental la tierra es plana en netflix y alucino bueno alucinan más los terraplanistas dicen a la ciencia le está costando enfrentarse con nosotros y abominan de divulgadores científicos como neil desgrasar tyson el que no debería ser nombrado magufos
b9d0ea27d75828f36d431fae7ec858d8,TIERRAPLANISTAS,0,"@cjnuezn Claro, señora; porque la oración no es de cuando creíamos que la Tierra es plana y nos inventábamos amigos imaginarios para explicar"" hechos del mundo que no entendíamos. Pero el ""primitivo"" soy yo. 🤦🏻‍♂️""",es,0,0,0,3,0,2,0,4,0,[user] claro señora porque la oración no es de cuando creíamos que la tierra es plana y nos inventábamos amigos imaginarios para explicar hechos del mundo que no entendíamos pero el primitivo soy yo hombre_con_la_mano_en_la_frente_tono_de_piel_claro
b39930e0f618910055c508087c3ac8f6,TIERRAPLANISTAS,0,"-¿Hay algún científico que defienda la idea de la tierra plana?
-No, no pueden: Cuando llegas a cierto nivel de educación el sistema educativo te posee, no puedes hacer ciertas cosas. Piensa en los profesores, ¡Los profesores deben sacarse un máster! #Terraplanistas #Ignorantes",es,2,2,0,0,0,3,0,0,0,hay algún científico que defienda la idea de la tierra plana no no pueden cuando llegas a cierto nivel de educación el sistema educativo te posee no puedes hacer ciertas cosas piensa en los profesores los profesores deben sacarse un máster terraplanistas ignorantes
6cd1ea7c0aadc339a824f0ef2b8c16d4,TIERRAPLANISTAS,0,"¿Cómo es posible que haya gente que piense que la Tierra es plana, que las pirámides fueron construidas por alienígenas y que el cáncer se puede curar con cloro?... https://t.co/NLlderPth6",es,0,2,0,0,0,0,1,0,1,cómo es posible que haya gente que piense que la tierra es plana que las pirámides fueron construidas por alienígenas y que el cáncer se puede curar con cloro [url]
5921ee5fe6709d5ebaf0e11e80283bc6,TIERRAPLANISTAS,0,"@bholivares ahahaha, y la tierra es plana también si no lo reconoce el estado. La ley no crea realidades, las monedas existieron antes que el ordenamiento jurídico actual. XD crezca, y aprenda.",es,0,0,0,0,1,2,0,0,0,[user] ahahaha y la tierra es plana también si no lo reconoce el estado la ley no crea realidades las monedas existieron antes que el ordenamiento jurídico actual xd crezca y aprenda
ce5158219fe7d6aa117573d4f0f3c6a5,TIERRAPLANISTAS,0,"@xriusenoticies Nada de nada, todo es nulo de pleno derecho, como si hubiesen declarado que la tierra es plana.",es,0,0,0,0,0,2,0,0,0,[user] nada de nada todo es nulo de pleno derecho como si hubiesen declarado que la tierra es plana
865da39d87abef4503d6b3a61f91c83c,TIERRAPLANISTAS,0,Estoy viendo el documental este de los tierraplanistas de Netflix y me estoy poniendo muy nerviosa porque no me pueden escuchar cada vez que les grito la respuesta a su argumento inválido.,es,0,0,0,0,0,1,0,0,0,estoy viendo el documental este de los tierraplanistas de netflix y me estoy poniendo muy nerviosa porque no me pueden escuchar cada vez que les grito la respuesta a su argumento inválido
6a7ead3bd6fa42c41160d331aae3aea7,TIERRAPLANISTAS,0,Lo mejor del documental de Netflix sobre los tierraplanistas ocurre en estos dos últimos y surrealistas minutos https://t.co/8w4zL4iJWO,es,0,0,0,0,0,0,0,0,0,lo mejor del documental de netflix sobre los tierraplanistas ocurre en estos dos últimos y surrealistas minutos [url]
a3faf6e3f03c77de8f66e50e14b47813,TIERRAPLANISTAS,0,'La Tierra es plana': el documental sobre los terraplanistas es un deleznable ejercicio de humillación https://t.co/WTFVIcgt7B,es,0,0,0,0,0,0,0,2,0,la tierra es plana el documental sobre los terraplanistas es un deleznable ejercicio de humillación [url]
c5c112d45284c35553e383bb34ad0553,TIERRAPLANISTAS,0,"@6thsense_videos tengo una prueba científica de que la tierra no es plana. No una sino dos fotos que demuestran una curva de 9.745 km. Espero tu respuesta.
@RedpresNoticias @FlatEarth_Spain",es,0,0,0,0,0,3,0,0,0,[user] tengo una prueba científica de que la tierra no es plana no una sino dos fotos que demuestran una curva de 9 745 km espero tu respuesta [user] [user]
f6fae200b07c0cf3bc610c4e4bcd5361,TIERRAPLANISTAS,0,Alguna gente necesita URGENTEMENTE clases intensivas de biología. También de astronomía: me los imagino creyendo que la Tierra es plana sin ningun problema.😇😇😇 https://t.co/M0pssLpL80,es,0,0,1,3,0,2,1,0,0,alguna gente necesita urgentemente clases intensivas de biología también de astronomía me los imagino creyendo que la tierra es plana sin ningun problema cara_sonriendo_con_aureola cara_sonriendo_con_aureola cara_sonriendo_con_aureola [url]
7aa09011409fa18cfc27d47826e331ae,TIERRAPLANISTAS,0,'La Tierra es plana': el documental sobre los terraplanistas es un deleznable ejercicio de humillación https://t.co/iMOgrreYPi vía @flipboard,es,0,0,0,0,0,0,0,2,0,la tierra es plana el documental sobre los terraplanistas es un deleznable ejercicio de humillación [url] vía [user]
e607e8fddccbcffade5ac6c6ec7e63e1,TIERRAPLANISTAS,0,Lo mejor del documental de Netflix sobre los tierraplanistas ocurre en estos dos últimos y surrealistas minutos - Gizmodo en Español https://t.co/xxSdYiGZHl #Netflix #TV #Internet #SocialMedia #Shows #Series #Peliculas,es,0,0,0,0,0,0,0,0,0,lo mejor del documental de netflix sobre los tierraplanistas ocurre en estos dos últimos y surrealistas minutos gizmodo en español [url] netflix tv internet socialmedia shows series peliculas
a52eb06bdb021c3ec84262f9cb2f39ad,TIERRAPLANISTAS,0,"@HistoriaEnFotos Lo de que la tierra es plana tiene que ser una trolleada a gran escala. Nadie es TAN obtuso. 

Y los antivaxers... bueno, diría selección natural en acción pero los pobres niños no deberían de pagar por la estupidez de sus padres 😔",es,0,0,1,1,0,2,1,0,1,[user] lo de que la tierra es plana tiene que ser una trolleada a gran escala nadie es tan obtuso y los antivaxers bueno diría selección natural en acción pero los pobres niños no deberían de pagar por la estupidez de sus padres cara_desanimada
abe86b83ac82973a58529d9a482528c3,TIERRAPLANISTAS,0,"Qué tristeza aquellos que defienden la Fundación Franco y que creen que Franco era un grande de España. Que viven anclados en el pasado. Qué no optan por la evolución de un país. 
Claro que son esas personas que creen que venimos de Adán y Eva y que la tierra es plana.",es,0,0,0,0,0,1,0,0,0,qué tristeza aquellos que defienden la fundación franco y que creen que franco era un grande de españa que viven anclados en el pasado qué no optan por la evolución de un país claro que son esas personas que creen que venimos de adán y eva y que la tierra es plana
d89bcfa15f768c43f9e29bde7998e1d7,TIERRAPLANISTAS,0,"@SevillaEscucha3 @alex_riveiro @Fran__Roman A mí también me parecía forzado, pero el documental La tierra es plana"" describe la complejidad del asunto:  está basada en una desconfianza total en la ciencia",es,0,0,0,0,0,0,0,1,0,[user] [user] [user] a mí también me parecía forzado pero el documental la tierra es plana describe la complejidad del asunto está basada en una desconfianza total en la ciencia
ef789d5b69e5dc38253762ba3bcc49fd,TIERRAPLANISTAS,0,"La Tierra es plana"" un documental acerca del terraplanismo en #Netflix #TierraPlana",es,0,0,0,0,0,0,0,1,0,la tierra es plana un documental acerca del terraplanismo en netflix tierraplana
a8a2d8675794ef32e73380c9a84f7363,TIERRAPLANISTAS,0,'La Tierra es plana': el documental sobre los terraplanistas que ha llegado a Netflix es un deleznable ejercicio de humillación  https://t.co/2tP38HCyPa https://t.co/lum2eTFLmk,es,0,0,0,0,0,0,0,2,0,la tierra es plana el documental sobre los terraplanistas que ha llegado a netflix es un deleznable ejercicio de humillación [url] [url]
165024d1358c6d630b80b7ae86d0371f,TIERRAPLANISTAS,0,#Turismografia 'La Tierra es plana': el documental sobre los terraplanistas que ha llegado a Netflix es un deleznable ejercicio de humillación https://t.co/jxTm2F4FNc https://t.co/8Rtgf0fVjX by @futurobloguero,es,0,0,0,0,0,0,0,2,0,turismografia la tierra es plana el documental sobre los terraplanistas que ha llegado a netflix es un deleznable ejercicio de humillación [url] [url] by [user]
7548652f451f6665e54593ec45f79577,TIERRAPLANISTAS,0,Si la tierra fuera plana...🤔 https://t.co/GRBfGaDcr9,es,0,0,0,1,0,0,1,0,1,si la tierra fuera plana cara_pensativa [url]
6b9a1460525b7a286b793ec6d404f7d0,TIERRAPLANISTAS,0,@iconoclasta Si no muestran nada es para que no veamos las bases lunares que hay ni la tecnología q tenemos y probablemente la Tierra sea más grande de lo que nos han mostrado y hasta pueda haber un continente por ahí q no nos quieren mostrar.. pero no creo que sea xq la Tierra es plana..,es,0,0,0,0,0,6,0,0,0,[user] si no muestran nada es para que no veamos las bases lunares que hay ni la tecnología q tenemos y probablemente la tierra sea más grande de lo que nos han mostrado y hasta pueda haber un continente por ahí q no nos quieren mostrar pero no creo que sea xq la tierra es plana
80fadd0c1b2954160fd2938712856ba1,TIERRAPLANISTAS,0,Comprueba TÚ mismo que la Tierra NO es plana https://t.co/LjWBhqHCsK,es,0,0,0,0,0,1,0,0,0,comprueba tú mismo que la tierra no es plana [url]
c2446f1bd873c6ca09d1bcfd0c8393c5,TIERRAPLANISTAS,0,"Aviso a navegantes. En Netflix hay un documental titulado «La Tierra es plana». No conozco a nadie que lo haya visto y todavía no hay críticas en filmaffinity, pero si lo veis me gustaría saber vuestra opinión. Me interesa saber qué enfoque tiene para ver si merece la pena",es,0,0,0,0,0,3,0,2,0,aviso a navegantes en netflix hay un documental titulado la tierra es plana no conozco a nadie que lo haya visto y todavía no hay críticas en filmaffinity pero si lo veis me gustaría saber vuestra opinión me interesa saber qué enfoque tiene para ver si merece la pena
4a137889d09a1de33291f03f9fc1eff3,TIERRAPLANISTAS,0,Cómo humillar a un terraplanista: 'La Tierra es plana' de Netflix es una oportunidad perdida para entender el problema https://t.co/FOyYMfys72 https://t.co/MELTJhRWai,es,0,0,0,0,0,0,0,2,0,cómo humillar a un terraplanista la tierra es plana de netflix es una oportunidad perdida para entender el problema [url] [url]
e46e0b089f6e31fc15b4317ae645e9ec,TIERRAPLANISTAS,0,'La Tierra es plana': el documental sobre los terraplanistas que ha llegado a Netflix es un deleznable ejercicio de humillación https://t.co/8k7WVMuWaj,es,0,0,0,0,0,0,0,2,0,la tierra es plana el documental sobre los terraplanistas que ha llegado a netflix es un deleznable ejercicio de humillación [url]
50990957265b36c828e3fedcbf506cfe,TIERRAPLANISTAS,0,"@DanTorrGonz @miguel09__ @DrHier @peesege Claro que estas en tu derecho, tambien puedes pensar que la tierra es plana, por ende no quiere decir que lo sea. Si Cristiano hubiera vestido la camiseta del Barcelona y llevara los goles que llevase no lo dirias ni de coña.",es,0,0,0,0,0,3,0,0,0,[user] [user] [user] [user] claro que estas en tu derecho tambien puedes pensar que la tierra es plana por ende no quiere decir que lo sea si cristiano hubiera vestido la camiseta del barcelona y llevara los goles que llevase no lo dirias ni de coña
42c905a165426c8780ce82b0be1a143c,TIERRAPLANISTAS,0,"@scheweitzer @stevjaler @NyarlathReturns Es un blog de una persona que fácilmente podría defender que la tierra es plana, pero bueno. Se explica fácil con que la madre podría tener descendencia blanca, y simplemente salio ese gen por azar del destino. Además, el color de la piel no depende de un único gen.",es,0,0,0,0,0,1,0,0,0,[user] [user] [user] es un blog de una persona que fácilmente podría defender que la tierra es plana pero bueno se explica fácil con que la madre podría tener descendencia blanca y simplemente salio ese gen por azar del destino además el color de la piel no depende de un único gen
6f63df05a0ecba79ad20e021276fa409,TIERRAPLANISTAS,0,"@IkoKnight Si sus ideas son diferentes pero no oprimen ni condenan a nadie, como si creyera que la tierra es plana, seguiría consumiendo su obra. Pero si oprimen o degradan a otras personas no consumiria mas su obra.",es,0,0,0,0,0,4,0,0,0,[user] si sus ideas son diferentes pero no oprimen ni condenan a nadie como si creyera que la tierra es plana seguiría consumiendo su obra pero si oprimen o degradan a otras personas no consumiria mas su obra
cae9fa227dab769cfe9e1f0dc03c0c2d,TIERRAPLANISTAS,0,'La Tierra es plana': el documental sobre los terraplanistas que ha llegado a Netflix es un deleznable ejercicio de humillación https://t.co/MLlGFWVUEG https://t.co/3QciaZpLJb,es,0,0,0,0,0,0,0,2,0,la tierra es plana el documental sobre los terraplanistas que ha llegado a netflix es un deleznable ejercicio de humillación [url] [url]
f454b09782eb91dc131d314211b405b3,TIERRAPLANISTAS,0,'La Tierra es plana': el documental sobre los terraplanistas que ha llegado a Netflix es un deleznable ejercicio de humillación https://t.co/MLlGFWVUEG,es,0,0,0,0,0,0,0,2,0,la tierra es plana el documental sobre los terraplanistas que ha llegado a netflix es un deleznable ejercicio de humillación [url]
80e42289188e231747cd8f6ac3aeeaed,TIERRAPLANISTAS,0,Cómo humillar a un terraplanista: 'La Tierra es plana' de Netflix es una oportunidad perdida para entender el problema https://t.co/7daiYY68bP https://t.co/r5vsmWXMT5,es,0,0,0,0,0,0,0,2,0,cómo humillar a un terraplanista la tierra es plana de netflix es una oportunidad perdida para entender el problema [url] [url]
4d0fbd547a23c0672830d697e205557a,TIERRAPLANISTAS,0,"@commlinkcom @alex_riveiro Yo no creo en la tierra plana, ni tampoco en los que sale en youtube hablando de Ufologia""""",es,0,0,0,0,0,3,0,2,0,[user] [user] yo no creo en la tierra plana ni tampoco en los que sale en youtube hablando de ufologia
d9bcd1928371fee8ce6df253391b7c46,TIERRAPLANISTAS,0,"@Victorj31688830 @Cotilleos_UGR Te planteo una cosa. Si miras al cielo por la noche en un lado del globo y tomas varias fotos a lo largo de esta, verás que las estrellas “rotan” entorno a un punto hacia un lado. Si haces lo mismo, estas lo hacen hacia el contrario. Cómo es esto posible si la tierra es plana?",es,0,1,0,0,0,0,1,2,0,[user] [user] te planteo una cosa si miras al cielo por la noche en un lado del globo y tomas varias fotos a lo largo de esta verás que las estrellas rotan entorno a un punto hacia un lado si haces lo mismo estas lo hacen hacia el contrario cómo es esto posible si la tierra es plana
ad95ab99f033645b1f0dde2c3833ff08,TIERRAPLANISTAS,0,"@Victorj31688830 @Cotilleos_UGR Tú mismo has dicho antes que la física es una farsa para proteger la teoría de la tierra plana... A ver, y por qué se supone que está manipulado?",es,0,1,0,0,0,0,2,0,1,[user] [user] tú mismo has dicho antes que la física es una farsa para proteger la teoría de la tierra plana a ver y por qué se supone que está manipulado
9e063b6ad09413c3d5286f563195e0c4,TIERRAPLANISTAS,0,"@Irene_Montero_ Al final todo este discurso me recuerda al de los terraplanistas... La Tierra es Plana.
MÁS CRIMINOLOGÍA Y MENOS IDEOLOGÍA, o sea más ciencia.",es,0,0,4,0,0,0,1,0,1,[user] al final todo este discurso me recuerda al de los terraplanistas la tierra es plana más criminología y menos ideología o sea más ciencia
3ed2cbd7854cf40af8d094b06fc2e741,TIERRAPLANISTAS,0,"@ramonlobo @2004Eneko El votante de Derecha en España está acostumbrado al hedor pocilga , exige más bien poco . Únicamente pide odio y violencia de Estado contra todo lo equivalente a “ la tierra no es plana ...”",es,0,0,0,0,0,1,1,2,1,[user] [user] el votante de derecha en españa está acostumbrado al hedor pocilga exige más bien poco únicamente pide odio y violencia de estado contra todo lo equivalente a la tierra no es plana
4a5bf12deedfecb28b4f893d0b851569,TIERRAPLANISTAS,0,"@rorintv Hombre, creer en la tierra plana implica ignorar tantas cosas que tonto"" es bastante certero.""",es,0,0,0,0,0,0,0,2,0,[user] hombre creer en la tierra plana implica ignorar tantas cosas que tonto es bastante certero
683e0a952b1f6e70299b5a7553ba548f,TIERRAPLANISTAS,0,"@LibPorcupine El que con toda la información que hay no se vuelve vegano es aquel que hace siglos pensaba que la Tierra era plana porque es lo que se ha dicho siempre "". No mezcles el veganismo con cosas que no tienen nada que ver de ninguna forma.  A no ser que lo hagas para que te aplaudan""",es,0,0,0,0,0,6,0,2,0,[user] el que con toda la información que hay no se vuelve vegano es aquel que hace siglos pensaba que la tierra era plana porque es lo que se ha dicho siempre no mezcles el veganismo con cosas que no tienen nada que ver de ninguna forma a no ser que lo hagas para que te aplaudan
6e82eabc81f05849b143e9a27c3f3f67,TIERRAPLANISTAS,0,"Cerca de ti porque lejos no hay nada, la Tierra es plana y en el borde las piernas colgadas.",es,0,0,0,0,0,2,0,0,0,cerca de ti porque lejos no hay nada la tierra es plana y en el borde las piernas colgadas
94caaa28a5fd2bd15487c6e953d17d56,TIERRAPLANISTAS,0,Cinco sencillas formas de demostrar que la Tierra no es plana https://t.co/iwO9IYReIr,es,0,0,0,0,0,1,0,0,0,cinco sencillas formas de demostrar que la tierra no es plana [url]
ff82524e1ec9a7ff0400fab71c39ac7e,TIERRAPLANISTAS,0,"#Noticia Parece ser que últimamente esta muy demoda los que opinan que la Tierra no es plana. Quizás con este artículo, logremos aclarar alguna dudas ...

https://t.co/FUVpIVehmZ https://t.co/zNDeLQjEEk",es,0,0,0,0,0,1,1,0,1,noticia parece ser que últimamente esta muy demoda los que opinan que la tierra no es plana quizás con este artículo logremos aclarar alguna dudas [url] [url]
8737d7371d238a350573b68ad8079632,TIERRAPLANISTAS,0,"Viendo La tierra es plana"" en @NetflixES. Hablan de conspiraciones. Tenemos al enemigo en casa. https://t.co/t7Re0MgrrQ""",es,0,0,0,0,0,0,0,2,0,viendo la tierra es plana en [user] hablan de conspiraciones tenemos al enemigo en casa [url]
9ac2fd4967f81611ecb4ef3a506681c4,TIERRAPLANISTAS,0,"Los tierraplanistas, el movimiento para el que Copérnico fue un gran impostor
https://t.co/igikEaII5M https://t.co/CVtDpQfWjK",es,0,0,0,0,0,0,0,0,0,los tierraplanistas el movimiento para el que copérnico fue un gran impostor [url] [url]
17db009d2959e21d463c49c2a904c2f8,TIERRAPLANISTAS,0,Cómo humillar a un terraplanista: 'La Tierra es plana' de Netflix es una oportunidad perdida para entender el problema /investigacion/como-humillar-a-terraplanista-tierra-plana-netflix-oportunidad-perdida-para-entender-problema,es,0,0,0,0,0,0,0,2,0,cómo humillar a un terraplanista la tierra es plana de netflix es una oportunidad perdida para entender el problema investigacion como humillar a terraplanista tierra plana netflix oportunidad perdida para entender problema
6fe7794086eeedacaee64afe43b64111,TIERRAPLANISTAS,0,"Acabo de escribir un post sobre el documental La Tierra es plana"" de @NetflixES ¿Os parece bien si lo subo y lo leéis o paso del asunto y me dedico a otra cosa?""",es,0,2,0,0,0,0,0,2,0,acabo de escribir un post sobre el documental la tierra es plana de [user] os parece bien si lo subo y lo leéis o paso del asunto y me dedico a otra cosa
a9e995fc4f011d1fb5e7c6924e9a241d,TIERRAPLANISTAS,0,@HistoriaEnFotos Que la Tierra es plana es un tema actual?,es,0,1,0,0,0,0,0,0,0,[user] que la tierra es plana es un tema actual
906ab9e5ea94339f7fa5b61c2623b3c6,TIERRAPLANISTAS,0,"Viendo “La Tierra es Plana” en Netflix para investigar el alcance de la teoría terraplanista y descubro que la gran mayoría de ellos también comparten ideas contra las vacunas, las escuelas públicas...etc. ¿Dónde estará el origen de tal excesiva desconfianza pública?",es,0,2,0,0,0,0,1,2,1,viendo la tierra es plana en netflix para investigar el alcance de la teoría terraplanista y descubro que la gran mayoría de ellos también comparten ideas contra las vacunas las escuelas públicas etc dónde estará el origen de tal excesiva desconfianza pública
b16b036f830728233a4823801c3f53ff,TIERRAPLANISTAS,0,'La Tierra es plana': el documental sobre los terraplanistas que ha llegado a Netflix es un deleznable ejercicio de humillación  https://t.co/hetvj1vCBf,es,0,0,0,0,0,0,0,2,0,la tierra es plana el documental sobre los terraplanistas que ha llegado a netflix es un deleznable ejercicio de humillación [url]
32d2e593c7a26b27b7dceee11157b1a6,TIERRAPLANISTAS,0,@jotajotabr Una prueba mas de que la tierra es plana,es,0,0,0,0,0,0,0,0,0,[user] una prueba mas de que la tierra es plana
18ec3bca2b502df27917d0daf043cc81,TIERRAPLANISTAS,0,Las feminazis carecen de ideas.Lo que habría que hacer es buscar a quien conduce la cuerda que sale de su collar.Para ellas y ellos la tierra ni es plana ni redonda es montecular y vaginal!.#SiguemeYTeSigoVOX .#EspañaViva .#VOXSaleaGanar . https://t.co/vfVbZBqViG,es,1,0,0,0,0,2,0,0,0,las feminazis carecen de ideas lo que habría que hacer es buscar a quien conduce la cuerda que sale de su collar para ellas y ellos la tierra ni es plana ni redonda es montecular y vaginal siguemeytesigovox españaviva voxsaleaganar [url]
4a7bd5da90218b2783e87e020a502235,TIERRAPLANISTAS,0,Por mucho que está porquería de televisión controlada por la ultraizquierda insista en que la tierra es plana....#SiguemeYTeSigoVOX .#VOXSaleaGanar .#VoxExtremaNecesidad .#EspañaViva https://t.co/dUFfawFIw5,es,0,0,0,0,0,0,1,0,1,por mucho que está porquería de televisión controlada por la ultraizquierda insista en que la tierra es plana siguemeytesigovox voxsaleaganar voxextremanecesidad españaviva [url]
2d2bc98687bbbae4046187176edf6c07,TIERRAPLANISTAS,0,"@CastigadorY Es un sin sentido.
Es como ir a un congreso sobre la Tierra plana y decirles que no, que la Tierra es redonda. No hace falta ir a nada, pues eso se demuestra simplemente con los hechos, y si quieren seguir creyendo en que es plana ya es cosa de cada uno.",es,0,0,0,0,0,4,0,0,0,[user] es un sin sentido es como ir a un congreso sobre la tierra plana y decirles que no que la tierra es redonda no hace falta ir a nada pues eso se demuestra simplemente con los hechos y si quieren seguir creyendo en que es plana ya es cosa de cada uno
599d206e4e1e8339932d1c50534de852,TIERRAPLANISTAS,0,"No te pierdas La Tierra es plana"" en Netflix @Oliver_Youtube",es,0,0,0,0,0,1,0,1,0,no te pierdas la tierra es plana en netflix [user]
1e3b4da0c94956d5c5969fb2bce57a28,TIERRAPLANISTAS,0,"@QuantumFracture No te pierdas La Tierra es plana"" en Netflix",es,0,0,0,0,0,1,0,1,0,[user] no te pierdas la tierra es plana en netflix
46b0baecb760d6f856226cf34584482b,TIERRAPLANISTAS,0,Cinco sencillas formas de demostrar que la Tierra no es plana https://t.co/1zpAt1T04A https://t.co/6Rtj927SuN,es,0,0,0,0,0,1,0,0,0,cinco sencillas formas de demostrar que la tierra no es plana [url] [url]
717837cc0eb50356499860a125265d29,TIERRAPLANISTAS,0,'La Tierra es plana': el documental sobre los terraplanistas es un deleznable ejercicio de humillación https://t.co/8TfnrRK2oG,es,0,0,0,0,0,0,0,2,0,la tierra es plana el documental sobre los terraplanistas es un deleznable ejercicio de humillación [url]
5ee00bd3652894045545bbc809ebd5f8,TIERRAPLANISTAS,0,cristobal colon no murió pa que ahora 3 tontos pongan entredicho que la tierra es redonda y no plana,es,0,0,0,0,0,2,0,0,0,cristobal colon no murió pa que ahora 3 tontos pongan entredicho que la tierra es redonda y no plana
c888c2cd8c338ce95071acf1a8abc633,TIERRAPLANISTAS,0,@CdeCiencia Esto es un poquito tierra plana vs tierra esférica eh? Lo que hay que leer,es,0,1,0,0,0,0,0,0,0,[user] esto es un poquito tierra plana vs tierra esférica eh lo que hay que leer
9c42a59d70dd5705cffb2813146d8fe1,TIERRAPLANISTAS,0,"¿Por ironizar con los lunafarol y tierraplanistas?
Reverte bloquea a @JVSantacreu por este tuit.
¡ @perezreverte A ver si van a tener razón los ""Lunafarol"" primos hermanos de los imbéciles ""Tierraplanistas"". Ya son un regimiento",es,1,2,0,0,0,0,0,4,0,por ironizar con los lunafarol y tierraplanistas reverte bloquea a [user] por este tuit [user] a ver si van a tener razón los lunafarol primos hermanos de los imbéciles tierraplanistas ya son un regimiento
59279d98726bfd07cea5a97ba9a4de9b,TIERRAPLANISTAS,0,"@RM_Nalapa @mrwhite939 @AgainJairo Claro y la tierra es plana porque lo dice Vox. Menuda panda de fanáticos, hooligans futboleros...",es,0,0,0,0,0,0,1,0,1,[user] [user] [user] claro y la tierra es plana porque lo dice vox menuda panda de fanáticos hooligans futboleros
fed491f68717b314e858edf2541fc37d,TIERRAPLANISTAS,0,De sostener que la Tierra es plana al Negacionismo del Holocausto no hay muchos pasos,es,0,0,0,0,0,1,0,0,0,de sostener que la tierra es plana al negacionismo del holocausto no hay muchos pasos
6498730d1f8edd397910bde8a7efeb9e,TIERRAPLANISTAS,0,Cinco sencillas formas de demostrar que la Tierra no es plana https://t.co/DLz6d9uXPX,es,0,0,0,0,0,1,0,0,0,cinco sencillas formas de demostrar que la tierra no es plana [url]
3c0348e4bfbdc856184fc2e5f21f099d,TIERRAPLANISTAS,0,Cinco sencillas formas de demostrar que la Tierra no es plana https://t.co/rmAa8nfdh1 vía @20m,es,0,0,0,0,0,1,0,0,0,cinco sencillas formas de demostrar que la tierra no es plana [url] vía [user]
f9eb5468548ba16f10fdd4d77d18f051,TIERRAPLANISTAS,0,@EbikeGranada @AhoraMadrid Luego se mofó del proyecto #tropomi_science diciendo que era un mapa de calor inventado o no sé qué. Estoy esperando a lo siguiente que me diga y no espero menos que la homeopatía funciona o que la Tierra es plana.,es,0,0,0,0,0,2,0,0,0,[user] [user] luego se mofó del proyecto tropomi_science diciendo que era un mapa de calor inventado o no sé qué estoy esperando a lo siguiente que me diga y no espero menos que la homeopatía funciona o que la tierra es plana
4a38690f43c131132fc1c16b3f7c53f2,TIERRAPLANISTAS,0,"Veamos por qué se hacen sonar la teoría de la tierra plana, los anti-vacunas, etc... el irracionalismo. https://t.co/Se25MD99hV",es,0,0,0,0,0,0,1,0,1,veamos por qué se hacen sonar la teoría de la tierra plana los anti vacunas etc el irracionalismo [url]
ed38189670ff8e5f052b6f678edb5336,TIERRAPLANISTAS,0,@gadrinotgabri La tierra es plana dentro de una bóveda artificial. En el centro hay un súper mástil con una barra arriba (a modo de t) del que cuelgan dos focos (sol y luna)... Pfff ... Me vi ayer el documental de Netflix,es,0,0,0,0,0,0,3,0,2,[user] la tierra es plana dentro de una bóveda artificial en el centro hay un súper mástil con una barra arriba a modo de t del que cuelgan dos focos sol y luna pff me vi ayer el documental de netflix
01393c07cd6a4368c9068eab1dc3d897,TIERRAPLANISTAS,0,Y algunos todavía piensan que la Tierra es plana 🤨🤨🤪 https://t.co/z8NXoGywfu,es,0,0,0,3,0,0,0,0,0,y algunos todavía piensan que la tierra es plana cara_con_ceja_alzada cara_con_ceja_alzada cara_de_loco [url]
829bcb71413bf4902a486cddfc45a767,TIERRAPLANISTAS,0,'La Tierra es plana': el documental sobre los terraplanistas es un deleznable ejercicio de humillación https://t.co/rFmQQAo8wg,es,0,0,0,0,0,0,0,2,0,la tierra es plana el documental sobre los terraplanistas es un deleznable ejercicio de humillación [url]
578f175069d181582ca0eb37c5283510,TIERRAPLANISTAS,0,'La Tierra es plana': el documental sobre los terraplanistas es un deleznable ejercicio de humillación https://t.co/a2o97o7qDJ #cine #movies https://t.co/rFJ0QGYYiE,es,0,0,0,0,0,0,0,2,0,la tierra es plana el documental sobre los terraplanistas es un deleznable ejercicio de humillación [url] cine movies [url]
e497a258ad44ae74cff315f9c7923a1a,TIERRAPLANISTAS,0,'La Tierra es plana': el documental sobre los terraplanistas es un deleznable ejercicio de humillación https://t.co/WDyLeJF7QZ Síguenos en Facebook https://t.co/hNz2aw8wvA https://t.co/cHWWCnkaHL,es,0,0,0,0,0,0,0,2,0,la tierra es plana el documental sobre los terraplanistas es un deleznable ejercicio de humillación [url] síguenos en facebook [url] [url]
6d05b5ba040b26f3dccb6b285fd789b7,TIERRAPLANISTAS,0,"@avgm__ @FizMen @marinavelasco_ No eres solo simple. Eres corta, simple, ignorante, atrevida y sin sentido alguno del ridículo. Acabaste la educación obligatoria? Porque solo me falta leerte que la tierra es plana...",es,0,1,0,0,0,2,1,0,1,[user] [user] [user] no eres solo simple eres corta simple ignorante atrevida y sin sentido alguno del ridículo acabaste la educación obligatoria porque solo me falta leerte que la tierra es plana
9c9c3f2643a7e3fe0eb79d2d6540c9ca,TIERRAPLANISTAS,0,En el próximo congreso de #Vox se discutirá si aceptar que la tierra no es plana puede dañar a #España y su concepto universal e imperial.,es,0,0,0,0,0,1,0,0,0,en el próximo congreso de vox se discutirá si aceptar que la tierra no es plana puede dañar a españa y su concepto universal e imperial
e70b9c8caebbc1cb6d322662d235f78d,TIERRAPLANISTAS,0,'La Tierra es plana': el documental sobre los terraplanistas que ha llegado a Netflix es un deleznable ejercicio de humillación  https://t.co/5TW2dsdhGG,es,0,0,0,0,0,0,0,2,0,la tierra es plana el documental sobre los terraplanistas que ha llegado a netflix es un deleznable ejercicio de humillación [url]
7ca44071a2e84f2d27e7337b4fdebc7e,TIERRAPLANISTAS,0,@odelamata ¿Tú también has visto el documental de los tierraplanistas?,es,0,2,0,0,0,0,0,0,0,[user] tú también has visto el documental de los tierraplanistas
c4e8c255365fb18bf1d9bb9a5ac761b1,TIERRAPLANISTAS,0,Cómo humillar a un terraplanista: 'La Tierra es plana' de Netflix es una oportunidad perdida para entender el problema https://t.co/P3lmRrAMNm,es,0,0,0,0,0,0,0,2,0,cómo humillar a un terraplanista la tierra es plana de netflix es una oportunidad perdida para entender el problema [url]
c0d84e94f0fa59e3b528ca4397f031a5,TIERRAPLANISTAS,0,"Gente que cree que la tierra es plana, que no vacuna a sus hijos, que prefiere dar a luz en casa sin asistencia sanitaria... Deben estar haciendo un remake de la prehistoria, porque otra explicación no le veo.",es,0,0,0,0,0,3,1,0,1,gente que cree que la tierra es plana que no vacuna a sus hijos que prefiere dar a luz en casa sin asistencia sanitaria deben estar haciendo un remake de la prehistoria porque otra explicación no le veo
687a5fcf5f0d7655c91fa30ddc5eeb8d,TIERRAPLANISTAS,0,Y las teorías de que La Tierra es plana llegaron a Netflix en forma de documental. Curioso. https://t.co/qA8GFDu1RB,es,0,0,0,0,0,0,0,0,0,y las teorías de que la tierra es plana llegaron a netflix en forma de documental curioso [url]
022ce0e6d72b3fcfc71c3deafe85f016,TIERRAPLANISTAS,0,"@astro_duque Es curioso que las redes sociales han servido para difundir corrientes totalmente disparatadas como que la Tierra es plana o que vacunarse es malo, dos temas trillados y que con un poco de cultura están superados. ¿Tal vez no funciona el sistema educativo? Yo no lo sé.",es,0,2,0,0,0,2,0,0,0,[user] es curioso que las redes sociales han servido para difundir corrientes totalmente disparatadas como que la tierra es plana o que vacunarse es malo dos temas trillados y que con un poco de cultura están superados tal vez no funciona el sistema educativo yo no lo sé
453850dcf6f9e11da3e3a4a18515acea,TIERRAPLANISTAS,0,"@CesarDavid90 Pues a mí me han llegado a soltar decir que no hay vida extraterrestre es como decir que la Tierra es plana"". Literalmente.""",es,0,0,0,0,0,1,0,2,0,[user] pues a mí me han llegado a soltar decir que no hay vida extraterrestre es como decir que la tierra es plana literalmente
9347b72fcc765a1175a7d30ec8f958d6,TIERRAPLANISTAS,0,"@edu_Skate_loco Lee el dichoso hilo. Creer que la Tierra es plana es, literalmente, no entender cómo funciona el mundo.",es,0,0,0,0,0,1,0,0,0,[user] lee el dichoso hilo creer que la tierra es plana es literalmente no entender cómo funciona el mundo
9b54543ced2a73d031621c7ff5a53f01,TIERRAPLANISTAS,0,"@youuuuhhh @JaslSantanita @RoquitoArtg ¿Ves? La primera foto de la Tierra desde el espacio es muy anterior. Es de 1946, con un cohete alemán, V2, que posteriormente se convirtió en el modelo base del cohete Saturno V. Pero quién te quiere hacer creer que la Tierra es plana, lógicamente, no te contará eso. https://t.co/KRYrfaGDGe",es,0,2,0,0,0,1,2,0,0,[user] [user] [user] ves la primera foto de la tierra desde el espacio es muy anterior es de 1946 con un cohete alemán v2 que posteriormente se convirtió en el modelo base del cohete saturno v pero quién te quiere hacer creer que la tierra es plana lógicamente no te contará eso [url]
e13e5eda7c596c2fdd31cd5b20a56d8a,TIERRAPLANISTAS,0,"@JaslSantanita @youuuuhhh @RoquitoArtg ¿Es plana? ¿Puedes explicar cuál es el marco de leyes por el que Júpiter y el resto de planetas son esféricos, pero la Tierra no? Y no vale un no lo sabemos"":""",es,0,4,0,0,0,3,2,2,0,[user] [user] [user] es plana puedes explicar cuál es el marco de leyes por el que júpiter y el resto de planetas son esféricos pero la tierra no y no vale un no lo sabemos
0ea8663a2092f034a68008135f13a4c6,TIERRAPLANISTAS,0,#Geek #Tecnología 'La Tierra es plana': el documental sobre los terraplanistas que ha llegado a Netflix es un deleznable ejercicio de humillación  https://t.co/Ua16eljK5f,es,0,0,0,0,0,0,0,2,0,geek tecnología la tierra es plana el documental sobre los terraplanistas que ha llegado a netflix es un deleznable ejercicio de humillación [url]
a91165a7edcd6621660b0e8d02d81b82,TIERRAPLANISTAS,0,#Geek #Tecnología Cómo humillar a un terraplanista: 'La Tierra es plana' de Netflix es una oportunidad perdida para entender el problema https://t.co/tRoPzwOyvs,es,0,0,0,0,0,0,0,2,0,geek tecnología cómo humillar a un terraplanista la tierra es plana de netflix es una oportunidad perdida para entender el problema [url]
e2b79676bb2555d47d414c3e870f737b,TIERRAPLANISTAS,0,#Viajes 'La Tierra es plana': el documental sobre los terraplanistas que ha llegado a Netflix es un deleznable ejercicio de humillación  https://t.co/xhUXL9zWvf,es,0,0,0,0,0,0,0,2,0,viajes la tierra es plana el documental sobre los terraplanistas que ha llegado a netflix es un deleznable ejercicio de humillación [url]
eb5947c3ffccbfb7db2e8f09db92ca36,TIERRAPLANISTAS,0,@golorico No sé cuantos son pero creer que la Tierra es plana no modifica la realidad y darán vueltas y más vueltas en ella buscando el borde.,es,0,0,0,0,0,2,0,0,0,[user] no sé cuantos son pero creer que la tierra es plana no modifica la realidad y darán vueltas y más vueltas en ella buscando el borde
debc2cad18157cbcc3b129c3b9f95cda,TIERRAPLANISTAS,0,"Terminado el documental de La Tierra es Plana de Netflix. Admito que como movimiento me parece una obra maestra para ganar pasta. Convencer a miles de personas de algo, montar conferencias llenas de merch que se venden como churros. Magistral, vamos.",es,0,0,0,0,0,0,0,0,0,terminado el documental de la tierra es plana de netflix admito que como movimiento me parece una obra maestra para ganar pasta convencer a miles de personas de algo montar conferencias llenas de merch que se venden como churros magistral vamos
7b19c9a5564cec7dc25ec1acd27c3425,TIERRAPLANISTAS,0,Lo mejor del documental de Netflix sobre los tierraplanistas ocurre en estos dos últimos y surrealistas minutos via @gizmodoES https://t.co/QStixZfD2z https://t.co/rlQnLu4CpL,es,0,0,0,0,0,0,0,0,0,lo mejor del documental de netflix sobre los tierraplanistas ocurre en estos dos últimos y surrealistas minutos via [user] [url] [url]
ff7d0c7a3713512d323aba8c1c8d5464,TIERRAPLANISTAS,0,"@bbraro @tecleandor Vale, que igual ahí enlazamos con la Tierra Hueca, pero plana sí que no es!",es,1,0,0,0,0,1,0,0,0,[user] [user] vale que igual ahí enlazamos con la tierra hueca pero plana sí que no es
d36338382f707dba56fa609d69974860,TIERRAPLANISTAS,0,‘La tierra es plana’ (2019) crítica: deleznable ejercicio de humillación en Netflix https://t.co/okDao2FyRr,es,0,0,0,0,0,0,0,2,0,la tierra es plana 2019 crítica deleznable ejercicio de humillación en netflix [url]
fadf74297f44d3e7afad2fde040b08ef,TIERRAPLANISTAS,0,'La Tierra es plana': el documental sobre los terraplanistas que ha llegado a Netflix es un deleznable ejercicio de humillación https://t.co/ttEUJ7Jf88 vía @espinof_com,es,0,0,0,0,0,0,0,2,0,la tierra es plana el documental sobre los terraplanistas que ha llegado a netflix es un deleznable ejercicio de humillación [url] vía [user]
fbcecde00567c689ded42b472fb68890,TIERRAPLANISTAS,0,"@KIRONYT @KIRONYT si la Tierra fuera plana, habría un fin del mundo. Y ninguna personas ha demostrado estos años que existe. La vida es cruda pero hay que aceptar las cosas como son, amigo mío",es,0,0,2,0,0,1,0,0,0,[user] [user] si la tierra fuera plana habría un fin del mundo y ninguna personas ha demostrado estos años que existe la vida es cruda pero hay que aceptar las cosas como son amigo mío
c7fc4e1b02eebdd971974c1284dc7e92,TIERRAPLANISTAS,0,Cinco sencillas formas de demostrar que la Tierra no es plana https://t.co/Z9ao2scrjY,es,0,0,0,0,0,1,0,0,0,cinco sencillas formas de demostrar que la tierra no es plana [url]
7243dad326d8e2b0a684b7c17647f5b5,TIERRAPLANISTAS,0,Cinco sencillas formas de demostrar que la Tierra no es plana https://t.co/sRbtBhHVbQ https://t.co/hbtrnIMh2x,es,0,0,0,0,0,1,0,0,0,cinco sencillas formas de demostrar que la tierra no es plana [url] [url]
11c4b3b490cbe2e2d375dd6a5c404039,TIERRAPLANISTAS,0,He empezado enfadado a ver el documental de La Tierra Plana pensando que me iba a indignar un montón y ahora estoy shippeando a dos terraplanistas? #netflix #Tierraplana https://t.co/A1SjRGsdZA,es,0,1,0,0,0,0,0,0,0,he empezado enfadado a ver el documental de la tierra plana pensando que me iba a indignar un montón y ahora estoy shippeando a dos terraplanistas netflix tierraplana [url]
87cdeb43ca6e5b02030135f6c150f8de,TIERRAPLANISTAS,0,@SchrodingerGata Teniendo en cuenta que muchos le ven sentido a la tierra plana en 2019 con la cantidad de evidencias que hay de que no es así...todo lo demás es posible,es,0,0,0,0,0,1,1,0,1,[user] teniendo en cuenta que muchos le ven sentido a la tierra plana en 2019 con la cantidad de evidencias que hay de que no es así todo lo demás es posible
4e671740aa60858f1dc6b28f82217fa5,TIERRAPLANISTAS,0,No me puedo creer que aún hay gente que dicen que la tierra es plana. 🌍,es,0,0,0,1,0,1,0,0,0,no me puedo creer que aún hay gente que dicen que la tierra es plana globo_terráqueo_mostrando_europa_y_áfrica
7ca2c9728ef487f80ba299f2c52cf018,TIERRAPLANISTAS,0,#OpiniónVP La Tierra es plana https://t.co/Zzu70Mtrlc,es,0,0,0,0,0,0,0,0,0,opiniónvp la tierra es plana [url]
030728c1172ac9c4b7de89881843f088,TIERRAPLANISTAS,0,#OpiniónVP La Tierra es plana https://t.co/Zzu70Mtrlc https://t.co/qxQBQPyqM2,es,0,0,0,0,0,0,0,0,0,opiniónvp la tierra es plana [url] [url]
ca4f21ec0002dde1a05555e253e4b135,TIERRAPLANISTAS,0,Los nostálgicos puretas dais un poco de pereza cuando os ponéis a sentar cátedra y la verdad que al final dais la sensación de que no sabéis como funciona el mundo y que seguís pensando que la tierra es plana,es,0,0,0,0,0,1,0,0,0,los nostálgicos puretas dais un poco de pereza cuando os ponéis a sentar cátedra y la verdad que al final dais la sensación de que no sabéis como funciona el mundo y que seguís pensando que la tierra es plana
24e851e11265440798acc47d719c0fed,TIERRAPLANISTAS,0,"Os recomiendo este documental de @NetflixES. Te ayuda a entender muchas cosas sobre la mente humana. Tierraplanistas, anti vacunas, negacionistas del cambio climático, homeópatas,etc. Es muy extrapolable a la política. Gente acomplejada que busca soluciones milagrosas para ya. https://t.co/P7JjBrKhWQ",es,0,0,0,0,0,0,0,0,0,os recomiendo este documental de [user] te ayuda a entender muchas cosas sobre la mente humana tierraplanistas anti vacunas negacionistas del cambio climático homeópatas etc es muy extrapolable a la política gente acomplejada que busca soluciones milagrosas para ya [url]
c4a2f5a37bb99837ce15f3bc25834e49,TIERRAPLANISTAS,0,'La Tierra es plana': el documental sobre los terraplanistas es un deleznable ejercicio de humillación https://t.co/gCnZ1MbgVs https://t.co/g8AqNhiP0m,es,0,0,0,0,0,0,0,2,0,la tierra es plana el documental sobre los terraplanistas es un deleznable ejercicio de humillación [url] [url]
dde40a94051cf3d11810ef45037fed96,TIERRAPLANISTAS,0,"@Fuerahipocrita1 @Zeildoux @xxxAZOGxxx Y yo te pregunto.Crees que la sociedad en la que vivimos está totalmente preparada para elegir a un buen representante? Visto el panorama...
La opinión de la mayoría no siempre significa que sea la mejor (de echo casi nunca). En la E Media la mayoría creía en la tierra plana...",es,0,1,0,0,0,2,4,0,2,[user] [user] [user] y yo te pregunto crees que la sociedad en la que vivimos está totalmente preparada para elegir a un buen representante visto el panorama la opinión de la mayoría no siempre significa que sea la mejor de echo casi nunca en la e media la mayoría creía en la tierra plana
aaf0331733ba148ee7fe08475567fe94,TIERRAPLANISTAS,0,Estoy viendo un documental en el Netflix sobre la tierra plana y los terraplanistas. De momento he llegado a una conclusión...¡vaya panda flipaos!,es,2,0,0,0,0,0,1,0,1,estoy viendo un documental en el netflix sobre la tierra plana y los terraplanistas de momento he llegado a una conclusión vaya panda flipaos
262ce47a21dbc64106dab66c2781de10,TIERRAPLANISTAS,0,ayer vi el documental que hay en netflix sobre la tierra plana.,es,0,0,0,0,0,0,0,0,0,ayer vi el documental que hay en netflix sobre la tierra plana
6138dc31cc9c79ca9b4da1c0f8f3f690,TIERRAPLANISTAS,0,'La Tierra es plana': el documental sobre los terraplanistas que ha llegado a Netflix es un deleznable ejercicio de humillación https://t.co/ZmGiB8Mfi8 vía @espinof_com,es,0,0,0,0,0,0,0,2,0,la tierra es plana el documental sobre los terraplanistas que ha llegado a netflix es un deleznable ejercicio de humillación [url] vía [user]
27b122bca9204f1dbbaaa621f5f76642,TIERRAPLANISTAS,0,Flipando con la panda de frikis tronchados del docu La Tierra Es Plana que está en Netflix.,es,0,0,0,0,0,0,0,0,0,flipando con la panda de frikis tronchados del docu la tierra es plana que está en netflix
de7ec83dc01b1dff5916e87b54b937d1,TIERRAPLANISTAS,0,@NetflixES ¿ahora dais voz a los subnormales que a pesar de todo lo q la ciencia ha descubierto siguen creyendo que la tierra es plana?,es,0,2,0,0,0,0,0,0,0,[user] ahora dais voz a los subnormales que a pesar de todo lo q la ciencia ha descubierto siguen creyendo que la tierra es plana
7c90e3c4dc9924e3ec9d477cc4208db0,TIERRAPLANISTAS,0,Cinco sencillas formas de demostrar que la Tierra no es plana https://t.co/bxBexzUJam https://t.co/TErnPH1NhT,es,0,0,0,0,0,1,0,0,0,cinco sencillas formas de demostrar que la tierra no es plana [url] [url]
cd8151a1a701dd2112dd2c6a25198ce0,TIERRAPLANISTAS,0,@Turcobandido ✅Vídeos de porque la tierra es plana,es,0,0,0,1,0,0,0,0,0,[user] botón_de_marca_de_verificación vídeos de porque la tierra es plana
44a77e8180b50f63a8bd7bf0e22111a0,TIERRAPLANISTAS,0,'La Tierra es plana': el documental sobre los terraplanistas que ha llegado a Netflix es un deleznable ejercicio de humillación https://t.co/IW85XApg58 https://t.co/O3yPfncgWf,es,0,0,0,0,0,0,0,2,0,la tierra es plana el documental sobre los terraplanistas que ha llegado a netflix es un deleznable ejercicio de humillación [url] [url]
b0bf3f1720906fada6c24c4aba77e251,TIERRAPLANISTAS,0,"Youtube tiene la culpa de que tanta gente crea que la Tierra es plana, según estudios https://t.co/zliBFqwzEA vía @Omicrono https://t.co/igs10sV7eR",es,0,0,0,0,0,0,0,0,0,youtube tiene la culpa de que tanta gente crea que la tierra es plana según estudios [url] vía [user] [url]
3dc6be156f81ae59db5fd87f4c67701e,TIERRAPLANISTAS,0,"@Alcione78 UtiliZas de nuevo conceptos religiosos “concepción”, respetables, pero esos son  dogmas para ti, pero no son reales ni científicos ni tienen soporte en Derecjo alguno. Repito, un feto NO ES UN BEBÉ. Ni la tierra es plana ni los fetos son bebés https://t.co/m3VGHs4pis #RosaVientos",es,0,0,1,0,0,6,0,2,0,[user] utilizas de nuevo conceptos religiosos concepción respetables pero esos son dogmas para ti pero no son reales ni científicos ni tienen soporte en derecjo alguno repito un feto no es un bebé ni la tierra es plana ni los fetos son bebés [url] rosavientos
5f0dc5faa9939586d9ab3f1dbd565d4c,TIERRAPLANISTAS,0,"Esto es la tierra es plana"" de los filósofos. Es una hipótesis que se encuentra actualmente refutada y lógicamente es insostenible no os creáis estás cosas por favor. https://t.co/7J4R6QfsBJ""",es,0,0,0,0,0,1,0,2,0,esto es la tierra es plana de los filósofos es una hipótesis que se encuentra actualmente refutada y lógicamente es insostenible no os creáis estás cosas por favor [url]
80ece807af2410f0a307e48d8bc493c0,VENACENAR,1,¿Alguien le ha tomado el pulso a Patricia para comprobar que sigue viva? #VenACenar289,es,0,2,0,0,0,0,0,0,0,alguien le ha tomado el pulso a patricia para comprobar que sigue viva venacenar289
1ba0093bf10b63febdd799a9f4738b05,VENACENAR,1,¿El postre también es dieta paleo? ¿Los neandertales machacaban galletitas para ponerlas debajo de un coulis de arándanos ? #VenACenar289,es,0,4,0,0,0,0,0,0,0,el postre también es dieta paleo los neandertales machacaban galletitas para ponerlas debajo de un coulis de arándanos venacenar289
24c8d08e1a5cfa34b204d4e76e69fe1f,VENACENAR,1,¿El Sensodyne es recomendable antes o después del fornicio? #venacenar289,es,0,2,0,0,0,0,0,0,0,el sensodyne es recomendable antes o después del fornicio venacenar289
b8639ba56040bf8a2727ac0fa41766ba,VENACENAR,1,¿Ha dicho pan salvaje? ¿Como se hace el pan salvaje? ¿El panadero hace el pan en una hoguera en medio del campo? #VenACenar289 https://t.co/on3pQesl8A,es,0,6,0,0,0,0,0,0,0,ha dicho pan salvaje como se hace el pan salvaje el panadero hace el pan en una hoguera en medio del campo venacenar289 [url]
cc0375fca2276baf86ce61585c231018,VENACENAR,1,¿Pan salvaje? ¿Que lo cazan por el monte? La madre que lo parió #VenACenar289,es,0,4,0,0,0,0,0,0,0,pan salvaje que lo cazan por el monte la madre que lo parió venacenar289
70286c9a94146ffa18525c0d2177bf5b,VENACENAR,1,"¿Qué mierdas dice de agua de mar?¿Agua salada+ excrementos de peces? Que ponga sal y ya, ¿no? #venacenar289",es,0,6,0,0,0,1,0,0,0,qué mierdas dice de agua de mar agua salada excrementos de peces que ponga sal y ya no venacenar289
6515582582459cfb722d3c3ab82ed37d,VENACENAR,1,@VenACenarTV ¿El agua de mar no es para la sinusitis? #VenACenar289,es,0,2,0,0,0,1,0,0,0,[user] el agua de mar no es para la sinusitis venacenar289
d4bee869d9091b4494dee36aeb227cbf,VENACENAR,1,"@VenACenarTV A mi la carne cruda sólo la de hombre.
La de animales muy hecha
😂
#venacenar289",es,0,0,0,1,0,0,0,0,0,[user] a mi la carne cruda sólo la de hombre la de animales muy hecha cara_llorando_de_risa venacenar289
967788d3e4b514dca8360ba63b07afd1,VENACENAR,1,#VenACenar289 ¿esto es ven a cenar o 8 apellidos vascos?,es,0,2,0,0,0,0,0,0,0,venacenar289 esto es ven a cenar o 8 apellidos vascos
a5e4bb100ff98cf05dfbdc1712af389c,VENACENAR,1,"#VenACenar289 ¿tomate salvaje? ¿se ha peleado con los otros tomates para llegar el primero al plato? 

Este hombre tiene mucha boca y de cualquier mierda te monta una pelicula.",es,0,4,0,0,0,0,0,0,0,venacenar289 tomate salvaje se ha peleado con los otros tomates para llegar el primero al plato este hombre tiene mucha boca y de cualquier mierda te monta una pelicula
b8e2207c4a7f9077abc53596150e81b4,VENACENAR,1,#VenACenar289 ahora entiendo como los neardentales desaparecieron comiendo esas guarradas https://t.co/lnrZOdjj2U,es,0,0,0,0,0,0,0,0,0,venacenar289 ahora entiendo como los neardentales desaparecieron comiendo esas guarradas [url]
6536be3bcd5f617b653b202bb4071895,VENACENAR,1,#VenACenar289 ahora puntuación salvaje 😁,es,0,0,0,1,0,0,0,0,0,venacenar289 ahora puntuación salvaje cara_radiante_con_ojos_sonrientes
204c19370d28eb2c0fd11fda784da848,VENACENAR,1,#venacenar289 Al pan salvaje que le echan pa' cazarlo?,es,0,1,0,0,0,0,0,1,0,venacenar289 al pan salvaje que le echan pa cazarlo
a1fd71d069e516f2ec711f7f0c8b2a46,VENACENAR,1,#venacenar289 Al pobretico vasco van y le ponen un ortiga para comer. No hay derecho¡¡¡¡¡ https://t.co/vacyWHHs6m,es,5,0,0,0,0,1,1,0,0,venacenar289 al pobretico vasco van y le ponen un ortiga para comer no hay derecho [url]
b5b0055c1e2f436e7990df28a8203402,VENACENAR,1,#venacenar289 Al postre no le pone agua de mar???,es,0,3,0,0,0,1,1,0,0,venacenar289 al postre no le pone agua de mar
1463815b10013cadd17f47ba5974c932,VENACENAR,1,"#VenACenar289 animal salvaje que vuela...pato.. Pues vale, si lo dice el peluquero de pelo pues no hay discusión que valga 🤐",es,0,0,0,1,0,1,1,0,1,venacenar289 animal salvaje que vuela pato pues vale si lo dice el peluquero de pelo pues no hay discusión que valga cara_con_la_boca_cerrada_con_cremallera
37fad61f18467194d2a3a99142481a64,VENACENAR,1,#VenACenar289 caída salvaje jajajajaja,es,0,0,0,0,0,0,0,0,0,venacenar289 caída salvaje jajajajaja
511755d2d9226d97b426f92a7b5fa349,VENACENAR,1,#VenACenar289 conozco vascos normales eh! Este es precocinado.,es,1,0,0,0,0,0,0,0,0,venacenar289 conozco vascos normales eh este es precocinado
2089b0c8f8483855c60f79291cc59284,VENACENAR,1,#VenACenar289 Contamos las veces que dice que es vasco??,es,0,2,0,0,0,0,0,0,0,venacenar289 contamos las veces que dice que es vasco
69bdad744c97348c4bb0ad2115c06770,VENACENAR,1,"#VenACenar289 Cosas novedosas ese patinete? Productos que nadie ha probado unos cachos de queso y unas ortigas? Debes vivir en Burundi o por ahí, por que eso tiene más años que la orilla del río",es,0,2,0,0,0,1,0,0,0,venacenar289 cosas novedosas ese patinete productos que nadie ha probado unos cachos de queso y unas ortigas debes vivir en burundi o por ahí por que eso tiene más años que la orilla del río
9491bbb5493db5bf0ce89eb4de00e9f8,VENACENAR,1,#VenACenar289 deporte de riesgo 🤣🤣🤣,es,0,0,0,3,0,0,1,0,0,venacenar289 deporte de riesgo cara_revolviéndose_de_la_risa cara_revolviéndose_de_la_risa cara_revolviéndose_de_la_risa
5a85f8be8bf27c1d16717b4441aae07d,VENACENAR,1,#VenACenar289 el fin de fiesta será salvaje??,es,0,2,0,0,0,0,0,0,0,venacenar289 el fin de fiesta será salvaje
559aba14f7af611b3f9fe6b387981f70,VENACENAR,1,"#venacenar289 El vasco ha dicho vasco 35874 veces, y el ortiga ha dicho salvaje 45872 veces¡¡¡¡ https://t.co/uMnB9QrCiE",es,4,0,0,0,0,0,1,0,0,venacenar289 el vasco ha dicho vasco 35874 veces y el ortiga ha dicho salvaje 45872 veces [url]
9a14ff7b204d4e3b3ff04478f710a2a6,VENACENAR,1,#VenACenar289 En qué momento de tu vida piensas que es buena idea comer ortiga? el peluquero de pelos es un avanzado a nuestra era,es,0,1,0,0,0,0,0,0,0,venacenar289 en qué momento de tu vida piensas que es buena idea comer ortiga el peluquero de pelos es un avanzado a nuestra era
d50b9bf6ba14d49b3bcc49e0084b639b,VENACENAR,1,#VenACenar289 Encima es reincidente con la ortiga asesina¡¡¡ https://t.co/lULKXzQVbw,es,3,0,0,0,0,0,1,0,0,venacenar289 encima es reincidente con la ortiga asesina [url]
825b06aac55ba1c7b62c5b2583f77bad,VENACENAR,1,"#venacenar289 Esta gente son actores, verdad?",es,0,1,0,0,0,0,0,0,0,venacenar289 esta gente son actores verdad
b6e2452e7669bd7ac73a6cd7ed41b039,VENACENAR,1,#VenACenar289 este a la clase de presentación de platos hizo pellas,es,0,0,0,0,0,0,0,0,0,venacenar289 este a la clase de presentación de platos hizo pellas
7cd5961c1813158204031495df72ab48,VENACENAR,1,#VenACenar289 este hombre es más salvaje que orzowei,es,0,0,0,0,0,0,0,0,0,venacenar289 este hombre es más salvaje que orzowei
714920825caa21fbf903120d469fc618,VENACENAR,1,#VenACenar289 hasta mañana cocinillas 😘,es,0,0,0,1,0,0,0,0,0,venacenar289 hasta mañana cocinillas cara_lanzando_un_beso
4804d3f62c2cadf891076b68c8ea747c,VENACENAR,1,"#VenACenar289 la denominación chic de las cosas se nos está yendo de las manos, pan salvaje 🤦🏻‍♂️",es,0,0,0,3,0,0,0,0,0,venacenar289 la denominación chic de las cosas se nos está yendo de las manos pan salvaje hombre_con_la_mano_en_la_frente_tono_de_piel_claro
d20d14085dbfd9906c203c35a57cffb0,VENACENAR,1,#venacenar289 La tortilla francesa que me acabo de comer es también salvaje?,es,0,1,0,0,0,0,0,0,0,venacenar289 la tortilla francesa que me acabo de comer es también salvaje
053b9f7fe2a5a60711c18224ea68184e,VENACENAR,1,#venacenar289 Lo del agua de mar lo ha tenido que decir en italiano porque queda como..más salvaje,es,0,0,0,0,0,0,0,0,0,venacenar289 lo del agua de mar lo ha tenido que decir en italiano porque queda como más salvaje
e2d3abb1575e9491f9b0eabc639268d1,VENACENAR,1,#VenACenar289 los cubiertos son salvajes o no? https://t.co/104c4s92oo,es,0,1,0,0,0,1,0,0,0,venacenar289 los cubiertos son salvajes o no [url]
bbba8946b332e2a734a0e59bed19f7a1,VENACENAR,1,#VenACenar289 mi macho salvaje 😂😂😂😂😂 https://t.co/P1tExhu3GQ,es,0,0,0,5,0,0,1,0,0,venacenar289 mi macho salvaje cara_llorando_de_risa cara_llorando_de_risa cara_llorando_de_risa cara_llorando_de_risa cara_llorando_de_risa [url]
1e61b93480996d8115505d0a581ad749,VENACENAR,1,"#venacenar289 os ha puesto panga con anisaquis salvajes, ya veréis que bueno  😆",es,0,0,0,1,0,0,0,0,0,venacenar289 os ha puesto panga con anisaquis salvajes ya veréis que bueno cara_sonriendo_con_los_ojos_cerrados
12ae9c134a057d2c1f0ea9bca62c78ec,VENACENAR,1,"#VenACenar289 postre salvaje, porque ha tenido que ir a cazar los frutos al bosque",es,0,0,0,0,0,0,0,0,0,venacenar289 postre salvaje porque ha tenido que ir a cazar los frutos al bosque
d84d26f4f327e9ab2dd069fd070393e2,VENACENAR,1,"#VenACenar289 pues nada, aquí viendo la tercera parte de 8 apellidos vascos",es,0,0,0,0,0,1,0,0,0,venacenar289 pues nada aquí viendo la tercera parte de 8 apellidos vascos
f01c5c3e179fae7922799b946f6b633c,VENACENAR,1,"#VenACenar289 pues yo de obsequio habría dado Fa, con limones salvajes del Caribe",es,0,0,0,0,0,0,0,0,0,venacenar289 pues yo de obsequio habría dado fa con limones salvajes del caribe
edf6c88bf0adf5569761bffb7f2e0999,VENACENAR,1,#VenACenar289 que gran conversador el anfitrión....,es,0,0,0,0,0,0,1,0,1,venacenar289 que gran conversador el anfitrión
2421f0722d8818484931d9eabe993f4c,VENACENAR,1,"#venacenar289 Qué salvajismo hay en esa cocina, macho.",es,0,0,0,0,0,0,0,0,0,venacenar289 qué salvajismo hay en esa cocina macho
4f02c08f645d51a98b4b9b47765a4e2f,VENACENAR,1,#venacenar289 Que verbo más agil que tienen los concursantes de esta semana https://t.co/cIE4c4bvo1,es,0,0,0,0,0,0,0,0,0,venacenar289 que verbo más agil que tienen los concursantes de esta semana [url]
6d9013c117358de588e938133798cdcf,VENACENAR,1,#venacenar289 Quien será esta semana el intolerante a la lactosa --- https://t.co/014PxnAtLo,es,0,0,0,0,0,0,1,0,0,venacenar289 quien será esta semana el intolerante a la lactosa [url]
bb425304b2c31b5c69ee166f83881b14,VENACENAR,1,#VenACenar289 salvaje sería que apareciera Revilla 🤣🤣🤣,es,0,0,0,3,0,0,1,0,0,venacenar289 salvaje sería que apareciera revilla cara_revolviéndose_de_la_risa cara_revolviéndose_de_la_risa cara_revolviéndose_de_la_risa
f15035cf3ccfad766f60327cb50634ab,VENACENAR,1,#VenACenar289 Se puede ser vasco pero no vasco vasco? pregunta seria https://t.co/se7uz8wIpW,es,0,1,0,0,0,1,0,0,0,venacenar289 se puede ser vasco pero no vasco vasco pregunta seria [url]
327b54dc3586b8a111db961bbfeba58f,VENACENAR,1,#VenACenar289 si Bernabé está acostumbrado a comer chuletones de kg lo va a pasar mal,es,0,0,0,0,0,0,0,0,0,venacenar289 si bernabé está acostumbrado a comer chuletones de kg lo va a pasar mal
b5c5ae805441b72bc26d43f5efe28c27,VENACENAR,1,#VenACenar289 silvestres salvajes de Sicilia,es,0,0,0,0,0,0,0,0,0,venacenar289 silvestres salvajes de sicilia
3aa7a75c5180ce24deea77f752bb345d,VENACENAR,1,#venacenar289 Todo es salvaje excepto el anfitrión que es paleto paleo¡¡¡¡ https://t.co/q2rPuoGDnH,es,4,0,0,0,0,0,1,0,0,venacenar289 todo es salvaje excepto el anfitrión que es paleto paleo [url]
a477d3648f9d70b0e756659f9386a77e,VENACENAR,1,#VenACenar289 una mierda salvaje de fin de fiesta,es,0,0,0,0,0,0,0,0,0,venacenar289 una mierda salvaje de fin de fiesta
8cda669422a232ef7a6d54a69a841bc8,VENACENAR,1,#VenACenar289 vasito de queso con galletas del paleolítico....,es,0,0,0,0,0,0,1,0,1,venacenar289 vasito de queso con galletas del paleolítico
4b780a6674b89624ba7e04074cfa1e77,VENACENAR,1,#venacenar289 Yo al pescatero: Ponme un machote para cenar https://t.co/WAe93m5NYr,es,0,0,0,0,0,0,0,0,0,venacenar289 yo al pescatero ponme un machote para cenar [url]
1bf569012901a4de6c1fa9a67a3c670b,VENACENAR,1,#VenACenar289 yo no he probado nunca el machote... https://t.co/IziSvoIE4m,es,0,0,0,0,0,2,1,0,1,venacenar289 yo no he probado nunca el machote [url]
e743d16d1ca75560570907f222878057,VENACENAR,1,#VenACenar289. Enga ya con la publicidad que se nos enfrían las ortigas,es,0,0,0,0,0,0,0,0,0,venacenar289 enga ya con la publicidad que se nos enfrían las ortigas
76b3532420f093ca88d9ea1ac2a906b7,VENACENAR,1,8 apellidos vascos en la cena #VenACenar289,es,0,0,0,0,0,0,0,0,0,8 apellidos vascos en la cena venacenar289
dcb302165bec416bbfbd07337f39f348,VENACENAR,1,A bernabe le cueces una piedra y se la come..... #venacenar289,es,0,0,0,0,0,0,1,0,1,a bernabe le cueces una piedra y se la come venacenar289
3a7cdc9db271d67ded86dd092d20771b,VENACENAR,1,A la de la Meryl Streep la dices que te cuente la película de Torrente y te cuenta la de Harry el sucio  #Venacenar289,es,0,0,0,0,0,0,0,0,0,a la de la meryl streep la dices que te cuente la película de torrente y te cuenta la de harry el sucio venacenar289
7ec15a1cc61336fd4867733ccb16dc44,VENACENAR,1,"A ver, la dificultad culinaria de los platos de hoy está a la altura de una criatura de 10 años tirando por lo alto.
#VenACenar289",es,0,0,0,0,0,0,0,0,0,a ver la dificultad culinaria de los platos de hoy está a la altura de una criatura de 10 años tirando por lo alto venacenar289
19f382c51e034fb9343e2f204a3c5930,VENACENAR,1,"Acostumbrados al aguacate y las carrilleras, la cena del peluquero es delicatessen!!!! #VenACenar289",es,4,0,0,0,0,0,1,0,0,acostumbrados al aguacate y las carrilleras la cena del peluquero es delicatessen venacenar289
3947b18f48859f52b2a4ca62282fab69,VENACENAR,1,Ahora tendrá que sacar atado al machote salvaje #Venacenar289,es,0,0,0,0,0,0,0,0,0,ahora tendrá que sacar atado al machote salvaje venacenar289
a7feae88848d693055ed11fb927e8e77,VENACENAR,1,Al anfitrión solo le ha faltado decir el nombre del dueño del pato y la fecha de nacimiento de las anchoas. Qué agobio de hombre    #VenACenar289 https://t.co/kMevBqRhyS,es,0,0,0,0,0,0,1,0,0,al anfitrión solo le ha faltado decir el nombre del dueño del pato y la fecha de nacimiento de las anchoas qué agobio de hombre venacenar289 [url]
d0177bcf53b783ec5bb63a43aa7b7d54,VENACENAR,1,Al vasco no le va un poco ajustada la camisa? #VenACenar289,es,0,1,0,0,0,1,0,0,0,al vasco no le va un poco ajustada la camisa venacenar289
86b69308962d5c745ed29c5aaaed8745,VENACENAR,1,Algun traumatólogo en la sala para el fin de fiesta?🙄#VenACenar289 https://t.co/oBb5oPyyEk,es,0,1,0,1,0,0,0,0,0,algun traumatólogo en la sala para el fin de fiesta cara_con_ojos_en_blanco venacenar289 [url]
6e92b87ba6cb9f2369d3bdcf4187e76e,VENACENAR,1,"Anda como el de Zara. Amancio Ortiga.

#VenACenar289",es,0,0,0,0,0,0,0,0,0,anda como el de zara amancio ortiga venacenar289
04dc16f9fb1216b9b62477063ec51c33,VENACENAR,1,Anda hijo k te has lucido con el postre!!!#VenACenar289,es,3,0,0,0,0,0,1,0,0,anda hijo k te has lucido con el postre venacenar289
65c7be7c7458dc661bc9b04cae9b3888,VENACENAR,1,"Anda la hostia! En vez de Berbabe deberia llamarse Iñaki, oyes! #venacenar289",es,2,0,0,0,0,0,0,0,0,anda la hostia en vez de berbabe deberia llamarse iñaki oyes venacenar289
d0f755730a65cd1bd4586e9809de8da2,VENACENAR,1,Antes de terminar la cena se irán tirando por la ventana de a uno 😂😂😂😂#VenACenar289,es,0,0,0,4,0,0,1,0,0,antes de terminar la cena se irán tirando por la ventana de a uno cara_llorando_de_risa cara_llorando_de_risa cara_llorando_de_risa cara_llorando_de_risa venacenar289
77a2cf72c656d0e021ec36950db3e88e,VENACENAR,1,"Arándanos naturales, jajaja no pon artificiales no te jode #venacenar289",es,0,0,0,0,0,2,0,0,0,arándanos naturales jajaja no pon artificiales no te jode venacenar289
64c9f331ff68b5633f974e72ef0f73fd,VENACENAR,1,Así sin mirar mucho quiero que gane el perro 😂 #VenACenar289,es,0,0,0,1,0,1,0,0,0,así sin mirar mucho quiero que gane el perro cara_llorando_de_risa venacenar289
7ebce659ea156908a6ac43b9739ec51d,VENACENAR,1,Bernabe acercate a la mesa para comer jaajaja #VenACenar289,es,0,0,0,0,0,0,0,0,0,bernabe acercate a la mesa para comer jaajaja venacenar289
c3be284f31ce993d914b95898aeada20,VENACENAR,1,Bernabé nunca ha probado con un machote #venacenar289 https://t.co/xMG1GsUPK2,es,0,0,0,0,0,1,0,0,0,bernabé nunca ha probado con un machote venacenar289 [url]
54e488916f3024c683e5b20ba9a2f98a,VENACENAR,1,"Bernabe parece sacado de la película 8 apellidos vascos así que le queda como el Anillo al dedo la banda sonora

xDDDDDDD  #VenACenar289",es,0,0,0,0,1,0,1,0,0,bernabe parece sacado de la película 8 apellidos vascos así que le queda como el anillo al dedo la banda sonora xdd venacenar289
247c8cf9e645066d17ecbbeb1006e12f,VENACENAR,1,Bernabé va del Vasco de 5 apellidos vascos o me lo parece a mi? #VenACenar289,es,0,1,0,0,0,0,0,0,0,bernabé va del vasco de 5 apellidos vascos o me lo parece a mi venacenar289
9378d69a0590e10cb2cc97169677c3bf,VENACENAR,1,César abre el marcador semanal con 21 puntos salvajes. ¡Mañana cenamos con Patricia! #VenACenar289 https://t.co/8bKXt49Yje https://t.co/I5XSmnVCXJ,es,2,0,0,0,0,0,0,0,0,césar abre el marcador semanal con 21 puntos salvajes mañana cenamos con patricia venacenar289 [url] [url]
9aafe80321d9450d70162e6f839116ef,VENACENAR,1,"César adora todo lo salvaje. De hecho en su principal, todo, hasta el plato, es salvaje #VenACenar289 https://t.co/8bKXt49Yje https://t.co/wXUNWELqjK",es,0,0,0,0,0,0,0,0,0,césar adora todo lo salvaje de hecho en su principal todo hasta el plato es salvaje venacenar289 [url] [url]
a77aa0e24dda97a714770336cf77deb8,VENACENAR,1,César me ha caído salvajemente mal. #venacenar289,es,0,0,0,0,0,0,0,0,0,césar me ha caído salvajemente mal venacenar289
04dd9140a377da9a9e722c089137ae67,VENACENAR,1,"César no solo es cuidadoso cuando se trata de trabajar. En la cocina también se considera meticuloso y preocupado por el orden. Así que hoy, SEGURO, primero irá el entrante, después el principal y acabaremos por el postre #VenACenar289 https://t.co/8bKXt49Yje https://t.co/aVpi5EF4jD",es,0,0,1,0,0,1,0,0,0,césar no solo es cuidadoso cuando se trata de trabajar en la cocina también se considera meticuloso y preocupado por el orden así que hoy seguro primero irá el entrante después el principal y acabaremos por el postre venacenar289 [url] [url]
fb891444a2ce8d8ffacc7b73e61dfbba,VENACENAR,1,Claro sin termomix no se puede cocinar #VenACenar289,es,0,0,0,0,0,2,0,0,0,claro sin termomix no se puede cocinar venacenar289
7c1fe3ea168f31098a2ec0b1eae61a71,VENACENAR,1,Cocina con agua de mar te ahorra echar sal ?  #VenACenar289,es,0,1,0,0,0,0,0,0,0,cocina con agua de mar te ahorra echar sal venacenar289
06d29afb1621de0ab8c4d413015f99c0,VENACENAR,1,Como cocinero soy natural... #VenACenar289 https://t.co/HVGx980Hx7,es,0,0,0,0,0,0,1,0,1,como cocinero soy natural venacenar289 [url]
9544fcdaed0cc0ca1b762ac6d80433e2,VENACENAR,1,"Como diga salvaje otra vez más, entró en crisis #VenACenar289 https://t.co/KwRvg2S6li",es,0,0,0,0,0,0,0,0,0,como diga salvaje otra vez más entró en crisis venacenar289 [url]
4b321d0fbd0d3e5725155ce8f0400249,VENACENAR,1,Confieso que me he ido a buscar el machote a Google #VenACenar289,es,0,0,0,0,0,0,0,0,0,confieso que me he ido a buscar el machote a google venacenar289
ed7ad80cc5822e81f67cf2484a1aaf73,VENACENAR,1,Cuando el ganador es el perro en  #VenACenar289,es,0,0,0,0,0,0,0,0,0,cuando el ganador es el perro en venacenar289
1a779ee92582f0973bc1ac95597f2806,VENACENAR,1,Cuando vengan de los anuncios el cocinero se nos a asalvajado como el machote y los tomates #Venacenar289,es,0,0,0,0,0,0,0,0,0,cuando vengan de los anuncios el cocinero se nos a asalvajado como el machote y los tomates venacenar289
7c85d48c990145ff044e511d3377ba9d,VENACENAR,1,De fin de fiesta con tanto salvaje me espero mínimo un León #venacenar289 https://t.co/SZxkzu20yN,es,0,0,0,0,0,0,0,0,0,de fin de fiesta con tanto salvaje me espero mínimo un león venacenar289 [url]
cff26d697b6327064b6bd5573082e492,VENACENAR,1,De fin de fiesta los pondrá la canción de Orzowey #Venacenar289,es,0,0,0,0,0,0,0,0,0,de fin de fiesta los pondrá la canción de orzowey venacenar289
5cb6371da283288eeaa5c4d4bf1d9e31,VENACENAR,1,De qué equipo de fútbol es forofo el vasco? Es que no m’ha quedao claro... #VenACenar289,es,0,1,0,0,0,1,1,1,1,de qué equipo de fútbol es forofo el vasco es que no m ha quedao claro venacenar289
93060f95b18de4b587238a8275b49c1c,VENACENAR,1,Demasiado salvaje #VenACenar289 https://t.co/p8X8Sp0PHZ,es,0,0,0,0,0,0,0,0,0,demasiado salvaje venacenar289 [url]
14869cf0a993e46de672fdffe41d5309,VENACENAR,1,"¡Baja ese rifle, que ese pan salvaje es mío! #venacenar289 https://t.co/UH0poPxRs4",es,2,0,0,0,0,0,0,0,0,baja ese rifle que ese pan salvaje es mío venacenar289 [url]
58f00c20c6349c31e46efa0637ca2392,VENACENAR,1,¡Resulta que el entrante de César también era salvaje! #VenACenar289 https://t.co/8bKXt49Yje https://t.co/bM5YchdurR,es,2,0,0,0,0,0,0,0,0,resulta que el entrante de césar también era salvaje venacenar289 [url] [url]
407d4b890c0fd817ccada051b7911995,VENACENAR,1,"¿¿¿Ha dicho el otro que es vasco??? 
#venacenar289",es,0,6,0,0,0,0,2,0,0,ha dicho el otro que es vasco venacenar289
484233b46338089f76ac4dbb8376b2b1,VENACENAR,1,¿Por qué tiene que cantar?¿Por qué?La madre que me parió... #VenACenar289,es,0,4,0,0,0,0,1,0,1,por qué tiene que cantar por qué la madre que me parió venacenar289
6c6b625295ce3f477946b5c0bfb2594e,VENACENAR,1,"''EL menú tan salvaje'' PUAJAJAJA

Rosa tiene matices de Queen #VenACenar289",es,0,0,1,0,0,0,0,4,0,el menú tan salvaje puajajaja rosa tiene matices de queen venacenar289
e3fef7a1f52da5dbdd6d5990775a8a4d,VENACENAR,0,¡Ya estamos con las estrategias! ¿Provocar cuatro accidentes EN LUNES no canta demasiado? #VenACenar289 https://t.co/8bKXt49Yje https://t.co/XWjvTqgR0G,es,2,2,1,0,0,1,0,0,0,ya estamos con las estrategias provocar cuatro accidentes en lunes no canta demasiado venacenar289 [url] [url]
a79ccff9bd572ed2b395416c4865e394,VENACENAR,0,"¿Será una semana que promete? 🤔

#VenACenar289",es,0,2,0,1,0,0,0,0,0,será una semana que promete cara_pensativa venacenar289
db5f4efd85a3a92922eb85b9860f1038,VENACENAR,0,"#VenACenar289 La que quiere ser artista ya está un poco cuajadita,",es,0,0,0,0,0,0,0,0,0,venacenar289 la que quiere ser artista ya está un poco cuajadita
e5cd21af9061a00f0dca40e70d488dfa,VENACENAR,0,#venacenar289 No dicen que es de mala educación sentarse a la mesa con la gorra puesta,es,0,0,0,0,0,1,0,0,0,venacenar289 no dicen que es de mala educación sentarse a la mesa con la gorra puesta
2453bb1e66934072512d54d4f1037eca,VENACENAR,0,"- Que te ha parecido la fusión?
- Todavía estoy dando arcadas
#VenACenar289 https://t.co/zOdTPyh4gl",es,0,1,0,0,0,0,0,0,0,que te ha parecido la fusión todavía estoy dando arcadas venacenar289 [url]
9a1beea5d961c18c2a8b1299ec091fc0,VENACENAR,0,¡¡¡Machote!!! #VenACenar289,es,6,0,0,0,0,0,2,0,0,machote venacenar289
5045af83f907617379e7549e32c9d0c9,VENACENAR,0,"¡¡Oyeeee!! No olvidéis que HOY estrenamos semana en @VenACenarTV.
¡¡A las 20:30h, todos a la mesa!! En @cuatro.
🍽🍷
#VenACenar289 https://t.co/8yccHKmvH6",es,8,0,1,2,0,1,1,0,0,oyee no olvidéis que hoy estrenamos semana en [user] a las 20 30h todos a la mesa en [user] cuchillo_y_tenedor_con_un_plato copa_de_vino venacenar289 [url]
2cdceb8293daea87551616737287afaf,VENACENAR,0,¡Bienvenidos a Cantabria! Hoy cenamos con César. ¡Comienza #VenACenar289! https://t.co/8bKXt49Yje https://t.co/b4a1Rg3UbE,es,4,0,0,0,0,0,0,0,0,bienvenidos a cantabria hoy cenamos con césar comienza venacenar289 [url] [url]
5026f263347fd5992139696521045278,VENACENAR,0,¡Oh! ¡El queso del entrante de César tiene forma de sol! #VenACenar289 https://t.co/8bKXt49Yje,es,4,0,0,0,0,0,0,0,0,oh el queso del entrante de césar tiene forma de sol venacenar289 [url]
27a0c610e9174f6caf7145a72bac39c9,VENACENAR,0,¡Una hora y nos vamos a cenar con César! ¡Bienvenidos a Cantabria! #VenACenar289 https://t.co/7U7Trukiuw,es,4,0,0,0,0,0,0,0,0,una hora y nos vamos a cenar con césar bienvenidos a cantabria venacenar289 [url]
bdad09a51451120a56b75b82a9e30a00,VENACENAR,0,¿Alguien más da por hecho que Rosa no se lo va a poner fácil a nadie esta semana? ¡Arrea las críticas que da gusto! #VenACenar289 https://t.co/8bKXt49Yje https://t.co/SzNfBXEHm9,es,2,2,0,0,0,2,0,0,0,alguien más da por hecho que rosa no se lo va a poner fácil a nadie esta semana arrea las críticas que da gusto venacenar289 [url] [url]
2473bae7201110f6b25e97e6722d4c31,VENACENAR,0,¿Cuántas veces piensa decir el pesado este que es vasco? #VenACenar289,es,0,2,0,0,0,0,0,0,0,cuántas veces piensa decir el pesado este que es vasco venacenar289
3857b029ba6abc125a8e1a88712e82a9,VENACENAR,0,"“¿No te quitas la txapela?”. Y al de la gorra no le dice ni mu. Claro que sí, Rosa. #VenACenar289",es,0,2,0,0,0,3,0,2,0,no te quitas la txapela y al de la gorra no le dice ni mu claro que sí rosa venacenar289
4e00128577cd7df70af65f19f2f334fa,VENACENAR,0,"“Lo primero que puede decir la gente de mí, este tio tiene una pedrada” 😂😂😂😂 Quiá. Bernabé en #VenACenar289 https://t.co/BSbSHZFnJX",es,0,0,0,4,0,0,1,2,0,lo primero que puede decir la gente de mí este tio tiene una pedrada cara_llorando_de_risa cara_llorando_de_risa cara_llorando_de_risa cara_llorando_de_risa quiá bernabé en venacenar289 [url]
3bee5e289d2c5f48151144d2a3b0eda4,VENACENAR,0,"@anxanadiru El agua marina es agua salada con cositas como cagarrutas (que según tú las quitan). Fin. 
Pagar más por algo que no vale nada es de gilipijos. #venacenar289",es,0,0,0,0,0,2,0,0,0,[user] el agua marina es agua salada con cositas como cagarrutas que según tú las quitan fin pagar más por algo que no vale nada es de gilipijos venacenar289
e13b35a902e5369d0962bcd3e5698e04,VENACENAR,0,@anxanadiru Estupenda como el agua con sal. Agua cara para quien se deje engañar. #venacenar289,es,0,0,0,0,0,0,0,0,0,[user] estupenda como el agua con sal agua cara para quien se deje engañar venacenar289
c7877e0f9c106153c31296a7089b4c57,VENACENAR,0,@anxanadiru Un puto pejcao' con el ajo cortado más grueso que mi dedo. Llámale como quieras. #venacenar289,es,0,0,0,0,0,0,0,1,0,[user] un puto pejcao con el ajo cortado más grueso que mi dedo llámale como quieras venacenar289
b2cf1acd82ff56d8299210e2aa9a311f,VENACENAR,0,"@DKfreespirit Pues yo no le aguantaría, qué tío más cargante #venacenar289",es,0,0,0,0,0,1,0,0,0,[user] pues yo no le aguantaría qué tío más cargante venacenar289
d24dfc82389335ad9dee628cf6bc4942,VENACENAR,0,"@LuisLarrodera @VenACenarTV @cuatro Jajajajaja Luis, escóndete bien, que te pillan!!!! #VenACenar289 q",es,4,0,0,0,0,0,1,0,0,[user] [user] [user] jajajajaja luis escóndete bien que te pillan venacenar289 q
1f5c92e4a2bcbe488ab174c02930a035,VENACENAR,0,@LuisLarrodera la 1ª mención de #VenACenar289 aparece en tu TL. ¡Ahora es Tendencia en España! #trndnl,es,2,0,0,0,0,0,0,0,0,[user] la 1ª mención de venacenar289 aparece en tu tl ahora es tendencia en españa trndnl
e7d4ba284fbc5d232f66f128e932a238,VENACENAR,0,"@todos_los_dias_ @VenACenarTV ...😇
#VenACenar289",es,0,0,0,1,0,0,1,0,1,[user] [user] cara_sonriendo_con_aureola venacenar289
d89098d771bf3e10d27a8eef293de95f,VENACENAR,0,@trufa0995 Holaaaaaaaaaaa! 👋👋 #VenACenar289,es,1,0,0,2,0,0,1,0,0,[user] holaa mano_saludando mano_saludando venacenar289
1ab9a0026cb61049933f5d56c2e76413,VENACENAR,0,"@VenACenarTV Muy guapa Meryl Streep en esa peli

#venacenar289 https://t.co/nZz65JWVSI",es,0,0,0,0,0,0,0,0,0,[user] muy guapa meryl streep en esa peli venacenar289 [url]
f50027fac0bb79355336ecd5746b43d9,VENACENAR,0,#firstdates852 me voy pasando a las CITAS a ver si nos reimos un pocooo...  #venacenar289 Buenas noches a los que llegan! 👋👋👋😘😘😘 https://t.co/8zjI2VVugU,es,1,0,1,6,0,0,4,0,1,firstdates852 me voy pasando a las citas a ver si nos reimos un pocoo venacenar289 buenas noches a los que llegan mano_saludando mano_saludando mano_saludando cara_lanzando_un_beso cara_lanzando_un_beso cara_lanzando_un_beso [url]
d475e54b82b5f99df313b20fbb8306c9,VENACENAR,0,"#VenACenar289
Abro la puerta y me aparece uno rapeando y... https://t.co/ZZJnTCKpHr",es,0,0,0,0,0,0,1,0,1,venacenar289 abro la puerta y me aparece uno rapeando y [url]
d16cc7410ff79038e9a19c9fd543a08f,VENACENAR,0,"#VenACenar289
Acaba de empezar la semana y he llegado a la conclusión , de que Bernabé , me carga demasiado.",es,0,0,0,0,0,0,0,0,0,venacenar289 acaba de empezar la semana y he llegado a la conclusión de que bernabé me carga demasiado
317ced52fe9ce552e15a6802ab83a5fc,VENACENAR,0,"#VenACenar289
El sábado tengo carrillera en una cena.
¡¡Prometo foto!!
@VenACenarTV @LuisLarrodera 
😂😂😂",es,4,0,0,3,0,0,1,0,0,venacenar289 el sábado tengo carrillera en una cena prometo foto [user] [user] cara_llorando_de_risa cara_llorando_de_risa cara_llorando_de_risa
35011d0a20041df9b381a69dfe4f3872,VENACENAR,0,"#VenACenar289
Hola comensales.",es,0,0,0,0,0,0,0,0,0,venacenar289 hola comensales
1d3d1a642efc3c76a3b7f7d9559fa8c6,VENACENAR,0,"#venacenar289
Joder el vasco ....lleva 5 minutos y ya me tiene saturada con su sobreactuación 🤮🤮🤮",es,0,0,0,3,0,0,2,0,1,venacenar289 joder el vasco lleva 5 minutos y ya me tiene saturada con su sobreactuación cara_vomitando cara_vomitando cara_vomitando
dbf7a9120911ed6c7f6c191de625a52e,VENACENAR,0,"#VenACenar289
Llamad al tío la vara a ver si le pega un palo salvaje en las costillas y le quita la tontería de encima
😂😂😂😂 https://t.co/0LxYVT3Xyc",es,0,0,0,4,0,0,1,0,0,venacenar289 llamad al tío la vara a ver si le pega un palo salvaje en las costillas y le quita la tontería de encima cara_llorando_de_risa cara_llorando_de_risa cara_llorando_de_risa cara_llorando_de_risa [url]
8b0ce154d5dcf5fac420eab49e2995f3,VENACENAR,0,"#VenACenar289
Los pelillos salvajes de la cocinera https://t.co/OPPGDAb0kw",es,0,0,0,0,0,0,0,0,0,venacenar289 los pelillos salvajes de la cocinera [url]
1e069ad155def44985da2b7f76cdc778,VENACENAR,0,"#VenACenar289
Luego todos unas cagaleras salvajes con mojones desestructurados https://t.co/DG2xINmrSt",es,0,0,0,0,0,0,0,0,0,venacenar289 luego todos unas cagaleras salvajes con mojones desestructurados [url]
b39d5900647637323988ba01caafcb9b,VENACENAR,0,"#VenACenar289
Mi puntuación para la Hostia con el Patín es de ... https://t.co/pteX6Kgphf",es,0,0,0,0,0,0,1,0,1,venacenar289 mi puntuación para la hostia con el patín es de [url]
1ee248a97d0ae548bf28c63453fe996c,VENACENAR,0,"#VenACenar289
Os propongo otro machote para vosotros https://t.co/puYzEPaUzj",es,0,0,0,0,0,0,0,0,0,venacenar289 os propongo otro machote para vosotros [url]
fcc390eeb14072039da55404a2cb7a1a,VENACENAR,0,"#VenACenar289
Qué cojones es eso???
Ortigas???
Cagoendió!! https://t.co/22YQXK3tOx",es,2,6,0,0,0,0,2,0,0,venacenar289 qué cojones es eso ortigas cagoendió [url]
fc5be2293ced2c911f4bb5cc15e487e0,VENACENAR,0,"#VenACenar289
Que no vuelva a aparecer Miguel Angel Revilla...

¡¡Lo suplico!! https://t.co/7VT7ybPntK",es,4,0,0,0,0,1,1,0,1,venacenar289 que no vuelva a aparecer miguel angel revilla lo suplico [url]
2f355ae808841c6bd5505fb1a35dc45c,VENACENAR,0,"#VenACenar289
Rosa la quejica de la semana.",es,0,0,0,0,0,0,0,0,0,venacenar289 rosa la quejica de la semana
dec1f302d17f4715097635a4977dba17,VENACENAR,0,"#VenACenar289
Si alguien ha entendido el timbre...",es,0,0,0,0,0,0,1,0,1,venacenar289 si alguien ha entendido el timbre
8a804514d778a7f3e169e31520a62229,VENACENAR,0,"#VenACenar289
Soy decoradora""",es,0,0,0,0,0,0,0,1,0,venacenar289 soy decoradora
0a6dd7044b339bf28bf26e8e6bc9527e,VENACENAR,0,"#venacenar289 A los pescados se les domestica?, bueno esta la aberración esa de los delfinarios pero que yo sepa a los atunes, doradas, rapes, etc. como mucho se les pesca a los pobres bichos.",es,0,1,0,0,0,0,0,0,0,venacenar289 a los pescados se les domestica bueno esta la aberración esa de los delfinarios pero que yo sepa a los atunes doradas rapes etc como mucho se les pesca a los pobres bichos
9f84e3ec2ba7e6dfe23845eac97ce57f,VENACENAR,0,#VenACenar289 acaba de convertirse en TT ocupando la 9ª posición en España. Más en https://t.co/K5DFqqcseW https://t.co/3pmj5tLGNG,es,0,0,0,0,0,0,0,0,0,venacenar289 acaba de convertirse en tt ocupando la 9ª posición en españa más en [url] [url]
262178b0598a91c28084ca2a10ff2c03,VENACENAR,0,"#VenACenar289 Acho tú, qué puto pesao el vasco, enserio",es,0,0,0,0,0,0,0,0,0,venacenar289 acho tú qué puto pesao el vasco enserio
f40b46a6199bc63b425e257a6f783dbc,VENACENAR,0,#VenACenar289 bernabe ... cuando salga de la cena https://t.co/BawuW3WPM7,es,0,0,0,0,0,0,1,0,1,venacenar289 bernabe cuando salga de la cena [url]
46c1b94ae5adec83be75a6a5a2fcdf64,VENACENAR,0,"#venacenar289 Bernabe sera pesado;pero a mi me resulta más pesado,aquellos que no hablan.
Bernabe es natural exagerado",es,0,0,0,0,0,1,0,0,0,venacenar289 bernabe sera pesado pero a mi me resulta más pesado aquellos que no hablan bernabe es natural exagerado
2dd057979eb9fa2fef9726f255fb4a17,VENACENAR,0,"#VenACenar289 Buenas noches compañeros, con lo que acabo de ver ya me he cansado esta semana, menudo petardo el vasco vasco https://t.co/n5xOGttVw4",es,0,0,0,0,0,0,0,0,0,venacenar289 buenas noches compañeros con lo que acabo de ver ya me he cansado esta semana menudo petardo el vasco vasco [url]
fa360be8f60714960d30f232b866b1b3,VENACENAR,0,#VenACenar289 Buenas noches familia! Vamos para Cantabria! 👋🏻 https://t.co/DZILJA7xbq,es,2,0,0,2,0,0,0,0,0,venacenar289 buenas noches familia vamos para cantabria mano_saludando_tono_de_piel_claro [url]
1904191c5bcab5c6648dd5a087769d3a,VENACENAR,0,"#VenACenar289 Buenass que casi no llego, a ver estos cántabros qué nos cocinan, y cómo critican, vamoss!",es,1,0,0,0,0,1,0,0,0,venacenar289 buenass que casi no llego a ver estos cántabros qué nos cocinan y cómo critican vamoss
a281f110eb711c3c5df19f4bb3eb845a,VENACENAR,0,#VenACenar289 coño! Macario,es,1,0,0,0,0,0,0,0,0,venacenar289 coño macario
0feb31581973112f9a4928bafd8bdea6,VENACENAR,0,"#VenACenar289 debe ser incómodo comer con una cámara grabando, no?",es,0,1,0,0,0,1,0,0,0,venacenar289 debe ser incómodo comer con una cámara grabando no
c2e1d33ab237e88c0c1054c377144303,VENACENAR,0,#VenACenar289 el agua de mar lleva escupitajos de peces o cómo va eso? https://t.co/hwh0F2SUC5,es,0,1,0,0,0,0,0,0,0,venacenar289 el agua de mar lleva escupitajos de peces o cómo va eso [url]
2aefc4937ec9e3d3fd10cb2587f0a7d0,VENACENAR,0,#venacenar289 El peluquero es un repipi.,es,0,0,0,0,0,0,0,0,0,venacenar289 el peluquero es un repipi
a3577012b9d923d76c50c76c319d1333,VENACENAR,0,"#VenACenar289 el plato no me parece mal, pero que se calle un poco el anfitrión que dice demasiadas tonterías...",es,0,0,0,0,0,1,1,0,1,venacenar289 el plato no me parece mal pero que se calle un poco el anfitrión que dice demasiadas tonterías
3124bf69cf714aee9e7e33b2dbd68a91,VENACENAR,0,"#VenACenar289 El postre salvaje es una puta mierda, ale, ya lo he dicho, qué bien me he quedao https://t.co/QoFL6dyHm0",es,0,0,0,0,0,0,0,0,0,venacenar289 el postre salvaje es una puta mierda ale ya lo he dicho qué bien me he quedao [url]
cac5ed5806735e29fe40a71c856b1367,VENACENAR,0,"#VenACenar289 el Vasco cansa, da igual cuando  leas esto",es,0,0,0,0,0,0,0,0,0,venacenar289 el vasco cansa da igual cuando leas esto
8e0868fec9a708de92aa92f0f7700838,VENACENAR,0,#VenACenar289 el vasco habla por todos,es,0,0,0,0,0,0,0,0,0,venacenar289 el vasco habla por todos
efb34c60932ecc99d72f93c7bb30d517,VENACENAR,0,#VenACenar289 el vasco me tiene... https://t.co/HzwF0ITp94,es,0,0,0,0,0,0,1,0,1,venacenar289 el vasco me tiene [url]
f8ca3b0096b970dec8181d1872705570,VENACENAR,0,#VenACenar289 el vasco sale silbando hoy,es,0,0,0,0,0,0,0,0,0,venacenar289 el vasco sale silbando hoy
44b37b0c620311bb04bc0a622fff04be,VENACENAR,0,"#VenACenar289 El Vasco va de gracioso, y no se quita la chapela ni para ir al baño",es,0,0,0,0,0,2,0,0,0,venacenar289 el vasco va de gracioso y no se quita la chapela ni para ir al baño
90dfd4de6417e93020fcd06a5e87db14,VENACENAR,0,#Venacenar289 en Santander! Q conozco a un participante. 😂😂,es,1,0,0,2,0,0,0,0,0,venacenar289 en santander q conozco a un participante cara_llorando_de_risa cara_llorando_de_risa
63e81bd3e88452b8bab4b9a819fb3335,VENACENAR,0,#venacenar289 Entre el soseras del anfitrión y el sobreactuado del vasco no sé cuál me gusta menos. https://t.co/7G8RuaC6a6,es,0,0,0,0,0,1,0,0,0,venacenar289 entre el soseras del anfitrión y el sobreactuado del vasco no sé cuál me gusta menos [url]
572a286078d487711e1208fd6d7f41bb,VENACENAR,0,#VenACenar289 es un pecado no ver pan en la mesa,es,0,0,0,0,0,1,0,0,0,venacenar289 es un pecado no ver pan en la mesa
e69ccf904a9dc2fe64956fd0b40f7442,VENACENAR,0,#VenACenar289 ese postre es más viejo que el hilo negro,es,0,0,0,0,0,0,0,0,0,venacenar289 ese postre es más viejo que el hilo negro
26d376519d78eecad62898ac0c926727,VENACENAR,0,"#venacenar289 Esta semana algún comensal se traerá a Miguel Angel Revilla, es un clásico https://t.co/piDbKsBLbM",es,0,0,0,0,0,0,0,0,0,venacenar289 esta semana algún comensal se traerá a miguel angel revilla es un clásico [url]
ff07b64091ca1b3308c6430488c91c6c,VENACENAR,0,#VenACenar289 esta semana estamos de autopromoción... https://t.co/hGOQk0nMVM,es,0,0,0,0,0,0,1,0,1,venacenar289 esta semana estamos de autopromoción [url]
ba3815ff017af499e125fe2373e049f1,VENACENAR,0,#VenACenar289 fin de fiesta de sa matao paco de libro... https://t.co/4LDSgqEOZJ,es,0,0,0,0,0,0,1,0,1,venacenar289 fin de fiesta de sa matao paco de libro [url]
5fc5fdfb781ac657d0dc96eb87960ea8,VENACENAR,0,#VenACenar289 hay mucho gañán hoy?🤔,es,0,1,0,1,0,0,0,0,0,venacenar289 hay mucho gañán hoy cara_pensativa
feb52f243c4f5d2dd8b6b11663665b3b,VENACENAR,0,#VenACenar289 Hola a todos!,es,1,0,0,0,0,0,0,0,0,venacenar289 hola a todos
b215ebd09a0b608aa8d9799adc161b5a,VENACENAR,0,#VenACenar289 Hola colegitas al.lio,es,0,0,0,0,0,0,0,0,0,venacenar289 hola colegitas al lio
7be229ed85bc007d9eaf47ce015951b9,VENACENAR,0,"#venacenar289 Hola, de lunes¡¡¡¡¡ https://t.co/uFJXUbQgch",es,5,0,0,0,0,0,1,0,0,venacenar289 hola de lunes [url]
b2355834458c44e0e2a4a412777c920b,VENACENAR,0,#VenACenar289 holaaa,es,0,0,0,0,0,0,1,0,0,venacenar289 holaa
bc1a73e04b92e8daac3b053752b63da9,VENACENAR,0,#venacenar289 jajajajajaja como le pusieron las CEJAS. jajajajajajaja 😂😂😂😂😂😂😂,es,0,0,1,7,0,0,1,0,0,venacenar289 jajajajajaja como le pusieron las cejas jajajajajajaja cara_llorando_de_risa cara_llorando_de_risa cara_llorando_de_risa cara_llorando_de_risa cara_llorando_de_risa cara_llorando_de_risa cara_llorando_de_risa
1f4ade338f7e8282a3392ef7e3567ace,VENACENAR,0,#VenACenar289 JAJAJAJAJAJAJAJAJAJA tanto vacilar y se ha pegado el hostion,es,0,0,1,0,0,0,0,0,0,venacenar289 jajajajajajajajajaja tanto vacilar y se ha pegado el hostion
34bcd2de4b91695f9c81a54c27404c60,VENACENAR,0,#venacenar289 La cena de hoy .... https://t.co/1SVTfmqj55,es,0,0,0,0,0,0,1,0,1,venacenar289 la cena de hoy [url]
6ff96d6df3a215cb02830d92672a89c7,VENACENAR,0,"#VenACenar289 la clásica tiquismiquis es Rosa ,y la pija la veterinaria,",es,0,0,0,0,0,0,0,0,0,venacenar289 la clásica tiquismiquis es rosa y la pija la veterinaria
48a67fdb044d8c7cf8dc1a7a77b2c2c4,VENACENAR,0,#VenACenar289 Luis el.rapero tiene más hambreeee,es,0,0,0,0,0,0,1,0,0,venacenar289 luis el rapero tiene más hambree
8f43219e0986a8098df60a9a660b2b65,VENACENAR,0,#VenACenar289 madre del amor hermoso que PESADO es el vasco,es,0,0,1,0,0,0,0,0,0,venacenar289 madre del amor hermoso que pesado es el vasco
9878565082e8d97a686dbbffa976a39c,VENACENAR,0,"#VenACenar289 madre mía, que sosedad",es,0,0,0,0,0,0,0,0,0,venacenar289 madre mía que sosedad
fba2489d87c2048d5e2a00f095cfdd7d,VENACENAR,0,#VenACenar289 Me estoy sintiendo yo incómoda con tanto silencio.,es,0,0,0,0,0,0,0,0,0,venacenar289 me estoy sintiendo yo incómoda con tanto silencio
09093cb2614096bd2eda620ea45c4d84,VENACENAR,0,#venacenar289 Me temo que el vasco va a ser muy intenso.,es,0,0,0,0,0,0,0,0,0,venacenar289 me temo que el vasco va a ser muy intenso
01917b7b82cde1198cf48365a7760f4e,VENACENAR,0,"#venacenar289 No llego ni al final, lo siento pero son soporiferos, Buenas noches https://t.co/0XLwmoLfSa",es,0,0,0,0,0,2,0,0,0,venacenar289 no llego ni al final lo siento pero son soporiferos buenas noches [url]
a9972bcc334286025f1b90449738fcce,VENACENAR,0,"#venacenar289 No me tireis piedras pero a mí las cenas esta temporada me aburren mucho, quiero que vuelvan los hoteles",es,0,0,0,0,0,1,0,0,0,venacenar289 no me tireis piedras pero a mí las cenas esta temporada me aburren mucho quiero que vuelvan los hoteles
4e7739317810eb2c42b734a5bc730dfd,VENACENAR,0,"#VenACenar289 no soporto a la gente que habla como Cesar, es un pedante absurdo, que ni sabe lo que dice. https://t.co/jQ6ubP0sCr",es,0,0,0,0,0,2,0,0,0,venacenar289 no soporto a la gente que habla como cesar es un pedante absurdo que ni sabe lo que dice [url]
7d1a3154f118d517886cf3e075f25c14,VENACENAR,0,#venacenar289 Patricia la veterinaria tiene pinta de pija pero mona y agradable.,es,0,0,0,0,0,0,0,0,0,venacenar289 patricia la veterinaria tiene pinta de pija pero mona y agradable
d3b186207e512849b588d2b89518dacd,VENACENAR,0,#VenACenar289 pero eso qué fin de fiesta es? XDD PATÉTRICO,es,0,1,2,0,1,0,0,0,0,venacenar289 pero eso qué fin de fiesta es xdd patétrico
053507bcf3bb4c24b901de62bfa8228b,VENACENAR,0,#VenACenar289 pero y ese queso cortado en cachitos...vaya postre mas cutre,es,0,0,0,0,0,0,1,0,1,venacenar289 pero y ese queso cortado en cachitos vaya postre mas cutre
f65ac6ee1e5d241191a1a868c776a7f0,VENACENAR,0,#venacenar289 Podemos pasar de hacer la cena y la tontería de cotillear la casa y empezar la cena directamente que es lo único entretenido de esta programa.,es,0,0,0,0,0,0,0,0,0,venacenar289 podemos pasar de hacer la cena y la tontería de cotillear la casa y empezar la cena directamente que es lo único entretenido de esta programa
d530dd068d6ea345b37b1c06c3592bc2,VENACENAR,0,#VenACenar289 pues a mi me pone ese primer plato y se lo estampo en la cara.,es,0,0,0,0,0,0,0,0,0,venacenar289 pues a mi me pone ese primer plato y se lo estampo en la cara
4104083db8b14f24ce4fd54e345c5480,VENACENAR,0,#venacenar289 Que buenos los sobaos y cuanto me gusta Cantabria.,es,0,0,0,0,0,0,0,0,0,venacenar289 que buenos los sobaos y cuanto me gusta cantabria
237d5d5c092df2f878c75cc6a2697b6f,VENACENAR,0,"#venacenar289 Qué horror, me estoy sintiendo incómoda hasta yo...",es,0,0,0,0,0,0,1,0,1,venacenar289 qué horror me estoy sintiendo incómoda hasta yo
34599160380f7612f35bd832824ef0b6,VENACENAR,0,#VenACenar289 que personaje Bernabé 🤗,es,0,0,0,1,0,0,0,0,0,venacenar289 que personaje bernabé cara_con_manos_abrazando
d048c20e7839880c528e5ac2006914df,VENACENAR,0,"#VenACenar289 que pesado Cesar, che, es un pescado y ya.",es,0,0,0,0,0,0,0,0,0,venacenar289 que pesado cesar che es un pescado y ya
3841828c0137e3774628ba5f30426cda,VENACENAR,0,#VenACenar289 que se cuece por aquí hoy?😁 Hola hola,es,0,1,0,1,0,0,0,0,0,venacenar289 que se cuece por aquí hoy cara_radiante_con_ojos_sonrientes hola hola
a8395375c416889651c57d6020f81f38,VENACENAR,0,#VenACenar289 que tal? Bien y tu? Cesar. Me ha matado,es,0,2,0,0,0,0,0,0,0,venacenar289 que tal bien y tu cesar me ha matado
504e42a27b0e1f1eeff0eecfaf1cf047,VENACENAR,0,"#venacenar289 que tonteria.. de fin de fiesta.. poco cerebro.. para ocurrirsele semejante estupidez, para que alguien se rompa un hueso.. 👎👎👎",es,0,0,0,3,0,0,1,0,0,venacenar289 que tonteria de fin de fiesta poco cerebro para ocurrirsele semejante estupidez para que alguien se rompa un hueso pulgar_hacia_abajo pulgar_hacia_abajo pulgar_hacia_abajo
bce6d219f422e1c66b01b742742ce2c5,VENACENAR,0,#venacenar289 semana en Cantabria.. a ver que se cuece por alli!! buenas noches para toooodoos! 👋👋👋👋😘😘😘😘😘 https://t.co/Wwmchoe9VM,es,3,0,0,9,0,0,3,0,0,venacenar289 semana en cantabria a ver que se cuece por alli buenas noches para toodoos mano_saludando mano_saludando mano_saludando mano_saludando cara_lanzando_un_beso cara_lanzando_un_beso cara_lanzando_un_beso cara_lanzando_un_beso cara_lanzando_un_beso [url]
ef64331dd7d5850c38c8c7eea7980d08,VENACENAR,0,#VenACenar289 si cenaran en mi casa les arranco la boina y la gorra.....,es,0,0,0,0,0,0,1,0,1,venacenar289 si cenaran en mi casa les arranco la boina y la gorra
d95db8ac10d50ca3cd3c0b346199f61f,VENACENAR,0,#VenACenar289 sin casco?🤔🧐,es,0,1,0,2,0,1,0,0,0,venacenar289 sin casco cara_pensativa cara_con_monóculo
71fce2ea5645e1503bda4ef864bb7393,VENACENAR,0,#VenACenar289 solo por la caída ha merecido la pena jajaja,es,0,0,0,0,0,0,0,0,0,venacenar289 solo por la caída ha merecido la pena jajaja
9d658ab72c806788e81c35f1bf5cfd99,VENACENAR,0,#VenACenar289 un poco absorbente el vasco 🤦🏻‍♂️,es,0,0,0,3,0,0,0,0,0,venacenar289 un poco absorbente el vasco hombre_con_la_mano_en_la_frente_tono_de_piel_claro
87aa83e289f8c25fc26b00042e00bd23,VENACENAR,0,#venacenar289 Vaya Hostias van a darse!,es,1,0,0,0,0,0,0,0,0,venacenar289 vaya hostias van a darse
9ff1bd5c6672c4118ce2a7f32fcc87ad,VENACENAR,0,"#venacenar289 Vaya mierda de cena salvaje, pero al menos me estoy riendo un rato https://t.co/pIKWEghdOZ",es,0,0,0,0,0,0,0,0,0,venacenar289 vaya mierda de cena salvaje pero al menos me estoy riendo un rato [url]
8d12ee16edc32efa19c6c6a0778d9643,VENACENAR,0,"#venacenar289 Y lo mal que decora la gente sus casas, veamos chicos menos es más"" lo juro por ... https://t.co/5gFPb9JVzP""",es,0,0,0,0,0,0,1,2,1,venacenar289 y lo mal que decora la gente sus casas veamos chicos menos es más lo juro por [url]
f4f64a17b1136b6ff2d55f3ec960a232,VENACENAR,0,#VenACenar289 yastoi por aquí https://t.co/fM3wRAVvOr,es,0,0,0,0,0,0,0,0,0,venacenar289 yastoi por aquí [url]
d776cb6ce906cb00e7d9b30a3da375d6,VENACENAR,0,15min de horno... poco me parece #VenACenar289,es,0,0,0,0,0,0,1,0,1,15min de horno poco me parece venacenar289
850d69303d162075cc129558161a959a,VENACENAR,0,"A Bernabé le van a gustar todas las cenas, y él va a hacer una mierda pinchada en un palo riéndose en su cara. Tiempo al tiempo. #VenACenar289",es,0,0,0,0,0,0,0,0,0,a bernabé le van a gustar todas las cenas y él va a hacer una mierda pinchada en un palo riéndose en su cara tiempo al tiempo venacenar289
2255e1af3baff188120bd1183181d313,VENACENAR,0,A mi me pone esa mierda de postre y le va de sombrero! #VenACenar289,es,1,0,0,0,0,0,0,0,0,a mi me pone esa mierda de postre y le va de sombrero venacenar289
97eb65404535c681503cfdc42cd50f65,VENACENAR,0,A Rosa no le gusta el vino rosado porque le hacen chistes o por tontería? #VenACenar289,es,0,1,0,0,0,1,0,0,0,a rosa no le gusta el vino rosado porque le hacen chistes o por tontería venacenar289
eafcf96c5881e45922539410b4526083,VENACENAR,0,"A ver, como lo digo lo más tranquila posible.... ¡GORRAS, CHAPELAS Y DEMÁS SE QUITAN  EN LA MESA PARA COMER! #VenACenar289 https://t.co/00rHicYCLL",es,2,0,7,0,0,0,1,0,1,a ver como lo digo lo más tranquila posible gorras chapelas y demás se quitan en la mesa para comer venacenar289 [url]
b1b625b9f1f66c31af18c3a9d1649cdb,VENACENAR,0,Acaba de empezar y ya el vasco me tiene agotada.... #VenACenar289 https://t.co/XdHMh2luOT,es,0,0,0,0,0,0,1,0,1,acaba de empezar y ya el vasco me tiene agotada venacenar289 [url]
48d23d015798850c797df9fc5d713f70,VENACENAR,0,Acabo de llegar y no doy crédito #VenACenar289 https://t.co/QwBynr9Uzc,es,0,0,0,0,0,1,0,0,0,acabo de llegar y no doy crédito venacenar289 [url]
a331acdc905d9e8f09fceb823c40a40a,VENACENAR,0,Ahí tenéis al de las cervezas #VenACenar289 https://t.co/mSgMuSuEy1,es,0,0,0,0,0,0,0,0,0,ahí tenéis al de las cervezas venacenar289 [url]
ac5b24a92f01e5a54ac69d2f36f371e4,VENACENAR,0,"Aviso, spoiler: esta semana, Bernabé (un habitual de programas y concursos de Etb), va a dar que hablar. La que avisa, no es traidora, es avisadora. #VenACenar289",es,0,0,0,0,0,1,0,0,0,aviso spoiler esta semana bernabé un habitual de programas y concursos de etb va a dar que hablar la que avisa no es traidora es avisadora venacenar289
8a6d6c17f0391efd6bfcfddc1bf66d8a,VENACENAR,0,Bernabé 😂😂🤣#VenACenar289,es,0,0,0,3,0,0,0,0,0,bernabé cara_llorando_de_risa cara_llorando_de_risa cara_revolviéndose_de_la_risa venacenar289
bf1d9aee752783ba41a42197b757a7ad,YOCONALBERT,1,#YoConAlbert iba antes... https://t.co/u0ajnodyMO,es,0,0,0,0,0,0,1,0,1,yoconalbert iba antes [url]
5447f99be098671dd96dd81fe73edc0d,YOCONALBERT,1,Soy camello y  #YoConAlbert. Pocos clientes tengo tan buenos.,es,0,0,0,0,0,0,0,0,0,soy camello y yoconalbert pocos clientes tengo tan buenos
e38257a7f193955eaa418693b71a4083,YOCONALBERT,1,"#YoConAlbert para dar el impulso que necesita la extrema derecha?

No, gracias",es,0,1,0,0,0,1,0,0,0,yoconalbert para dar el impulso que necesita la extrema derecha no gracias
5384f20e3d844d7a4055ee715d79651f,YOCONALBERT,1,#YoConAlbert para que disuelva la soberanía española entre los burrocratas europeos que es lo que le mola,es,0,0,0,0,0,0,0,0,0,yoconalbert para que disuelva la soberanía española entre los burrocratas europeos que es lo que le mola
515135acbbd86f0d07f653a471ad2b23,YOCONALBERT,1,#YoConAlbert Einstein,es,0,0,0,0,0,0,0,0,0,yoconalbert einstein
708fc546f6d9704136e5d948ee36eb97,YOCONALBERT,1,#YoConAlbert CAMUS. https://t.co/HtgxBM81Oa,es,0,0,1,0,0,0,0,0,0,yoconalbert camus [url]
62c7d158ed1695b57d07da487dbc8dd6,YOCONALBERT,1,"#YoConAlbert 🤔??? Noooo, yo voy con la ultraderecha"" ""fachas"" sin complejos. Saludos de un EX votante de Ciudadanos de siempre 😌 https://t.co/SFFPtHJgX4""",es,0,3,0,2,0,1,2,4,0,yoconalbert cara_pensativa noo yo voy con la ultraderecha fachas sin complejos saludos de un ex votante de ciudadanos de siempre cara_de_alivio [url]
15b0537de87705e0d37ab876eb579a9e,YOCONALBERT,1,Antes si!!. Las Veletas no dan confianza #YoConAlbert,es,2,0,0,0,0,1,0,0,0,antes si las veletas no dan confianza yoconalbert
f698973aa89e9f005ad722a5ac157c29,YOCONALBERT,1,#YoConAlbert... Albert Primo de Rivera. https://t.co/mPrsWw6CTO,es,0,0,0,0,0,0,1,0,1,yoconalbert albert primo de rivera [url]
8a60d3772718bd4c58202be5781c4bed,YOCONALBERT,1,"#YoConAlbert y el IBEX35 también ...

#FelizDomingo 
gif de @orto1941 https://t.co/02J12jDBM3",es,0,0,0,0,0,0,1,0,1,yoconalbert y el ibex35 también felizdomingo gif de [user] [url]
894e3e8679537d6b43d749cb73392adc,YOCONALBERT,1,#YoConAlbert porque me voy al Fabrik,es,0,0,0,0,0,0,0,0,0,yoconalbert porque me voy al fabrik
4ab9df41054c806ac1253404fc8d5365,YOCONALBERT,1,"#YoConAlbert y sus mentiras del 10 de junio de 2015 

 hemos pactado con el PSOE en Andalucía para acabar con la corrupción"".",es,0,0,1,0,0,0,0,1,0,yoconalbert y sus mentiras del 10 de junio de 2015 hemos pactado con el psoe en andalucía para acabar con la corrupción
014ebe631ae83c6785c81a86d1101004,YOCONALBERT,1,"Hombre antes que #YoConAlbert. yo iría con el IBEX 35, para que andar con medias tintas.",es,0,0,1,0,0,0,0,0,0,hombre antes que yoconalbert yo iría con el ibex 35 para que andar con medias tintas
421c5c3e610d01da26e1f8e159a96085,YOCONALBERT,1,Ya nadie se fía de #YoConAlbert Rivera https://t.co/VZdhSxp1AB,es,0,0,0,0,0,1,0,0,0,ya nadie se fía de yoconalbert rivera [url]
101c67e66a793d568361743a27a331a2,YOCONALBERT,1,#YoConAlbert Einstein y el método científico. Al otro lo confunde la noche. https://t.co/L6dXhHn1m3,es,0,0,0,0,0,0,0,0,0,yoconalbert einstein y el método científico al otro lo confunde la noche [url]
13352f1cfe4cb0821f32db76ed5c12b4,YOCONALBERT,1,#YoConAlbert me iría a cagar i me limpiaria el culo en su cara,es,0,0,0,0,0,0,0,0,0,yoconalbert me iría a cagar i me limpiaria el culo en su cara
4400e382a3422fd7481f5a8871bc74d9,YOCONALBERT,1,"#YoConAlbert que prometió no  apoyar a MpuntoRajoy en su investidura x ser un corrupto,ni a Cifuentes,ni Susana Diaz;que nunca pactaria con la extrema derecha,que no había pedido ser Vicepresidente en su pacto con Sánchez.
Yo contento con cada mentira,soy la nariz de Pinocho.",es,0,0,0,0,0,5,0,0,0,yoconalbert que prometió no apoyar a mpuntorajoy en su investidura x ser un corrupto ni a cifuentes ni susana diaz que nunca pactaria con la extrema derecha que no había pedido ser vicepresidente en su pacto con sánchez yo contento con cada mentira soy la nariz de pinocho
64e648c5bee1a2c4280bbe3750fef020,YOCONALBERT,1,Buffff esa Fariña debe de ser alucinógena🤪 #YoConAlbert,es,0,0,0,1,0,0,1,0,0,buff esa fariña debe de ser alucinógena cara_de_loco yoconalbert
1d3cd4cb52d9f69eaa6d69282555cba9,YOCONALBERT,1,#YoConAlbert y iel IBEX35 tambien https://t.co/ccOouOCcrO,es,0,0,0,0,0,0,0,0,0,yoconalbert y iel ibex35 tambien [url]
1a94c4f85405d8e073fe771e7267342c,YOCONALBERT,1,#YoConAlbert #YoConAlbertito,es,0,0,0,0,0,0,0,0,0,yoconalbert yoconalbertito
910e13ed63219cdaade7318f80b48769,YOCONALBERT,1,"#YoConAlbert mejor a ninguna parte, no sabes hasta dónde te puede conducir. 😂😂",es,0,0,0,2,0,2,0,0,0,yoconalbert mejor a ninguna parte no sabes hasta dónde te puede conducir cara_llorando_de_risa cara_llorando_de_risa
789914004773556bc6bab80f61b7814e,YOCONALBERT,1,#YoConAlbert vomito.🤮,es,0,0,0,1,0,0,0,0,0,yoconalbert vomito cara_vomitando
0ba405525cc9ed41da772fb89e526013,YOCONALBERT,1,"#YoConAlbert,para jartarme reir https://t.co/jcjM1dijwi",es,0,0,0,0,0,0,0,0,0,yoconalbert para jartarme reir [url]
cf068151c345df2304d53c49b2b10ad1,YOCONALBERT,1,#YoConAlbert y Albert con la farlopa,es,0,0,0,0,0,0,0,0,0,yoconalbert y albert con la farlopa
9ff5ac77b8b2d0d63aa8d0692bdc4714,YOCONALBERT,1,"La hostia que se va a llevar Casado está garantizada, pero los de ciudadanos con el rollo liberal que llevan tampoco creo que vayan a ningún sitio. De los fachas sólo va a subir VOX. #YoConAlbert",es,0,0,1,0,0,2,0,0,0,la hostia que se va a llevar casado está garantizada pero los de ciudadanos con el rollo liberal que llevan tampoco creo que vayan a ningún sitio de los fachas sólo va a subir vox yoconalbert
05bc313ed4186354f1192bbd52000b97,YOCONALBERT,1,#YoConAlbert a Castilla y León para que me expliquen el puto circo que tienen montado.,es,0,0,0,0,0,0,0,0,0,yoconalbert a castilla y león para que me expliquen el puto circo que tienen montado
3f521385259791e4db9e988b7754e11a,YOCONALBERT,1,Marchando un puchero a la mesa regeneradora y sensata. #YoConAlbert https://t.co/3qZpe3yrdy,es,0,0,0,0,0,0,0,0,0,marchando un puchero a la mesa regeneradora y sensata yoconalbert [url]
119e23288025eda325a9435a2ddd1452,YOCONALBERT,1,#YoConAlbert y todos los camellos https://t.co/Bi7KVT5IEL,es,0,0,0,0,0,0,0,0,0,yoconalbert y todos los camellos [url]
ab60904b8d484d96b3c7f1c4b22505f6,YOCONALBERT,1,"En Ciudadanos, según sople el aire, la veleta naranja se pone a dar bandazos. Putos amos, cocinan los resultados mejor que Tezanos.

https://t.co/RiTGcUb5br

#YoConAlbert",es,0,0,0,0,0,0,0,0,0,en ciudadanos según sople el aire la veleta naranja se pone a dar bandazos putos amos cocinan los resultados mejor que tezanos [url] yoconalbert
7a92497f91ef67c5947ed6782083ad2c,YOCONALBERT,1,"#YoConAlbert Y Que viva España, Viva el Rey, Y,Y,Y, el Orden y la Ley https://t.co/EkjyKbuxWs",es,0,0,0,0,0,0,0,0,0,yoconalbert y que viva españa viva el rey y y y el orden y la ley [url]
d16f9616e1aae0686e44d6b95650bba9,YOCONALBERT,1,#YoConAlbert El cambio sensato😂😂😂 https://t.co/0NKgp6DhSL,es,0,0,0,3,0,0,1,0,0,yoconalbert el cambio sensato cara_llorando_de_risa cara_llorando_de_risa cara_llorando_de_risa [url]
fe4f5b8b4fbcd1593befd02dec9f7cf3,YOCONALBERT,1,"Ha llegado el PRIVATIZADOR, privatizamos hospitales, escuelas, electricas, guarderias, suministros d agua potable, pensiones... Rcde, #YoConAlbert, EL PRIVATIZADOR naranja!!",es,2,0,2,0,0,0,1,0,1,ha llegado el privatizador privatizamos hospitales escuelas electricas guarderias suministros d agua potable pensiones rcde yoconalbert el privatizador naranja
b3738d9c59c2254d8ab410047d4e544e,YOCONALBERT,1,#yoconalbert Pla,es,0,0,0,0,0,0,0,0,0,yoconalbert pla
c3a2b89e2ad1f88e791536e88377a2fc,YOCONALBERT,1,#YoConAlbert y el FASCISMO Español!!!! https://t.co/u6QGE0PAS6,es,4,0,1,0,0,0,1,0,0,yoconalbert y el fascismo español [url]
4afb592a3086dcbd2fc001cb04f5b069,YOCONALBERT,1,#YoConAlbert Y Albert con Santi,es,0,0,0,0,0,0,0,0,0,yoconalbert y albert con santi
a9a9175482b3751918b3a997eafd85a4,YOCONALBERT,1,#YoConAlbert; más concretamente con Albert Ventura 💪💪💪💚🖤💚 https://t.co/nLk0UKd2iC,es,0,0,0,6,0,0,1,0,0,yoconalbert más concretamente con albert ventura bíceps_flexionado bíceps_flexionado bíceps_flexionado corazón_verde corazón_negro corazón_verde [url]
450f53d2b458fb90998cff349bafe359,YOCONALBERT,1,#YoConAlbert las primarias las ganan los que diga Alberto... https://t.co/t6BczKUIlE,es,0,0,0,0,0,0,1,0,1,yoconalbert las primarias las ganan los que diga alberto [url]
730728220da82caf8f1f228a6e92f6d1,YOCONALBERT,1,#YoConAlbert me drogo,es,0,0,0,0,0,0,0,0,0,yoconalbert me drogo
d6130d2ef1c8e90d1c99b33333826f19,YOCONALBERT,1,#YoConAlbert Pla,es,0,0,0,0,0,0,0,0,0,yoconalbert pla
f4ec3ed504f69924688bc862d8ed7bca,YOCONALBERT,1,"Vaya, que para llevar el recuento de votos también hay que saber contar 😂😂 de todas formas por la cantidad de votos emitidos con los dedos les vale 😉 #FelizDomingo
#YoConAlbert 
 https://t.co/7i7rT0OHwo",es,0,0,0,3,0,0,0,0,0,vaya que para llevar el recuento de votos también hay que saber contar cara_llorando_de_risa cara_llorando_de_risa de todas formas por la cantidad de votos emitidos con los dedos les vale cara_guiñando_el_ojo felizdomingo yoconalbert [url]
e4bca87dd823a17cbe82ea6ccb6bb402,YOCONALBERT,1,"Estimado #Cuñao, si tnes dudas d #YoConAlbert ya tnes la App TRIFACHO para aclarar cual es tu opción entre los tres d Colón, entendemos q es dificil decidir x cual dl #Trifachito, Rcda q pensar es d Progres, DESCARGATELA https://t.co/TZcLJKawxl",es,0,0,2,0,0,0,0,0,0,estimado cuñao si tnes dudas d yoconalbert ya tnes la app trifacho para aclarar cual es tu opción entre los tres d colón entendemos q es dificil decidir x cual dl trifachito rcda q pensar es d progres descargatela [url]
e8d2164684ad90fb3fbd14de66bd05f3,YOCONALBERT,1,#YoConAlbert A quien vas a votar en las siguientes elecciones?,es,0,1,0,0,0,0,0,0,0,yoconalbert a quien vas a votar en las siguientes elecciones
a6e25fff3911cf1fad127dbee0ca5ccd,YOCONALBERT,1,#YoConAlbert Hammond https://t.co/mzbernZfBX,es,0,0,0,0,0,0,0,0,0,yoconalbert hammond [url]
b082436259caf9550582fbf2757f02f8,YOCONALBERT,1,#YoConAlbert y con harina a donde queráis 👃👃 https://t.co/npRCSi98yf,es,0,0,0,2,0,0,0,0,0,yoconalbert y con harina a donde queráis nariz nariz [url]
ac77943db725ba2aa226370b2cfe0235,YOCONALBERT,1,"Cuando prometió no pactar con Rajoy pactó con Rajoy, cuando prometió no pactar con Susana pactó con Susana, cuento prometió no pactar con la extrema derecha pactó con la extrema derecha, cuando promete no pactar con Pedro Sánchez... Que hará?  #YoConAlbert",es,0,1,0,0,0,4,1,0,1,cuando prometió no pactar con rajoy pactó con rajoy cuando prometió no pactar con susana pactó con susana cuento prometió no pactar con la extrema derecha pactó con la extrema derecha cuando promete no pactar con pedro sánchez que hará yoconalbert
df9049f89103c61597ec803ad39bb03c,YOCONALBERT,1,Cuando quiero CoCa #YoConAlbert https://t.co/aEn6mxERNF,es,0,0,0,0,0,0,0,0,0,cuando quiero coca yoconalbert [url]
713257caf40e453d2d2bb41aa4a0840c,YOCONALBERT,1,"#YoConAlbert nada, que se mete toda la coca https://t.co/WVvArdkPWB",es,0,0,0,0,0,1,0,0,0,yoconalbert nada que se mete toda la coca [url]
edf644144ee9c19f1f04029635429b54,YOCONALBERT,1,🎃Regeneración LIBERAL 🎃 #YoConAlbert  https://t.co/PqF3YwDvZ4,es,0,0,1,2,0,0,0,0,0,calabaza_de_halloween regeneración liberal calabaza_de_halloween yoconalbert [url]
3f2be3ca023ed88ebae86c66ec5d6bad,YOCONALBERT,1,Ver Albert ribera hablando  de regeneración y de cambio mientras pacta con PP y Vox no tiene precio  #YoConAlbert https://t.co/ZoCXbthLMz,es,0,0,0,0,0,1,0,0,0,ver albert ribera hablando de regeneración y de cambio mientras pacta con pp y vox no tiene precio yoconalbert [url]
e412361ba236c4a50463c04472e215b4,YOCONALBERT,1,#YoConAlbert punset,es,0,0,0,0,0,0,0,0,0,yoconalbert punset
847cd773c434faed6d861894c493b0c9,YOCONALBERT,1,"#YoConAlbert me meo:

-Pásame algo
-No me queda
-Gnñññs https://t.co/DdnvM9tbOO",es,0,0,0,0,0,1,1,0,0,yoconalbert me meo pásame algo no me queda gnññs [url]
5e0e5edca328f5de45a0ef36c56398c6,YOCONALBERT,1,Miro el hashtag #YoConAlbert y no hay nadie con Albert 🤦‍♂️,es,0,0,0,2,0,2,0,0,0,miro el hashtag yoconalbert y no hay nadie con albert hombre_con_la_mano_en_la_frente
8f514d419313997934f8ad1ce403f5b2,YOCONALBERT,1,#YoConAlbert para recordar los destrozos de la derecha. #Trifachito https://t.co/jh1uOjRjr4,es,0,0,0,0,0,0,0,0,0,yoconalbert para recordar los destrozos de la derecha trifachito [url]
613324441e6561c4232603519d70d336,YOCONALBERT,1,#YoConAlbert es este el hilo que habla de la droga y los corruptos??,es,0,2,0,0,0,0,0,0,0,yoconalbert es este el hilo que habla de la droga y los corruptos
430d1121a4ac51275d2160ae10a4a46b,YOCONALBERT,1,Busca las diferencias #YoConAlbert https://t.co/6k88B8FH7Z,es,0,0,0,0,0,0,0,0,0,busca las diferencias yoconalbert [url]
128b7aeb2c83a93b2faee92d7e778f39,YOCONALBERT,0,"España ya está rota, quebrada por los banqueros usureros amos de la UE.
#YoConAlbert lo que haría es meterlo en un paquete y devolvérselo a Soros. https://t.co/1mCLIGzPra",es,0,0,0,0,0,0,0,0,0,españa ya está rota quebrada por los banqueros usureros amos de la ue yoconalbert lo que haría es meterlo en un paquete y devolvérselo a soros [url]
02b4e72c764b07d19f6aa0dbd38aa701,YOCONALBERT,0,#YoConAlbert estoy como casi todos vosotros: BLOQUEADO. https://t.co/cETPxfvX1n,es,0,0,1,0,0,0,0,0,0,yoconalbert estoy como casi todos vosotros bloqueado [url]
ca72cfa0943d58a7c9c7022f5af8c3b2,YOCONALBERT,0,"#YoConAlbert

Piensan que es de centro y se encuentra a la derecha de la ultraderecha, pero a sus votantes no les importa, pues vienen del Partido Popular. 

Piensan que es feminista, pero no se atreve a posicionarse y ha inventado el liberal-feminismo"" que ni él sabe precisar.""",es,0,0,0,0,0,3,0,2,0,yoconalbert piensan que es de centro y se encuentra a la derecha de la ultraderecha pero a sus votantes no les importa pues vienen del partido popular piensan que es feminista pero no se atreve a posicionarse y ha inventado el liberal feminismo que ni él sabe precisar
c74f3292261c2f0b525f612d76660139,YOCONALBERT,0,#YoConAlbert y con @begonavillacis que se le llena la boca para pedir la dimisión de militantes de PSOE y UnidosPodemos por muchísimo menos de lo que ella tiene. Es una defraudadora y no es la única estáis hasta arriba de mierda. #SoisUnFraude,es,0,0,1,0,0,1,0,0,0,yoconalbert y con [user] que se le llena la boca para pedir la dimisión de militantes de psoe y unidospodemos por muchísimo menos de lo que ella tiene es una defraudadora y no es la única estáis hasta arriba de mierda soisunfraude
1861e1a54e0d53c0a3fcf0999f63d0a9,YOCONALBERT,0,"Me alegro de la campaña electoral vaya a ser larga, porque así veremos a los naranjitos y a los peperos decir cómo piensan desmantelar los servicios públicos. Toni Cantó ya está hablando de eso.   #YoConAlbert",es,0,0,0,0,0,0,1,0,0,me alegro de la campaña electoral vaya a ser larga porque así veremos a los naranjitos y a los peperos decir cómo piensan desmantelar los servicios públicos toni cantó ya está hablando de eso yoconalbert
47e1bc92b7e7a7ae2b1434a32e95a435,YOCONALBERT,0,"Inés Arrimadas siempre ha sido una demagoga, igual que su jefe. Por eso quieren mejorar su electorado aumentando la crispación, saben que por discurso ya han llegado a su tope. Por ahí sólo pueden bajar. #YoConAlbert",es,0,0,0,0,0,0,0,0,0,inés arrimadas siempre ha sido una demagoga igual que su jefe por eso quieren mejorar su electorado aumentando la crispación saben que por discurso ya han llegado a su tope por ahí sólo pueden bajar yoconalbert
dd3b33c127a246dac25471c177f5dfe0,YOCONALBERT,0,Votar a C’s es votar al PSOE  #YoConAlbert,es,0,0,1,0,0,0,0,1,0,votar a c s es votar al psoe yoconalbert
5da62d9499dec6d02a3699fa5a8e3749,YOCONALBERT,0,#YoConAlbert Se escapan las ratas a VOX https://t.co/GGJWGbcM8g,es,0,0,1,0,0,0,0,0,0,yoconalbert se escapan las ratas a vox [url]
b91055b3112ee1b5a54561c03cce8031,YOCONALBERT,0,"TIC, TAC, TIC, TAC, seguimos esperando que C,s sea coherente con sus estatutos y pida, no mejor,exija, la dimisión de @begonavillacis el tiempo corre @Albert_Rivera
#YoConAlbert
#FelizDomingo https://t.co/kaXeiLGeTp",es,0,0,4,0,0,1,0,0,0,tic tac tic tac seguimos esperando que c s sea coherente con sus estatutos y pida no mejor exija la dimisión de [user] el tiempo corre [user] yoconalbert felizdomingo [url]
7d544c443b96fcc4c6fde303f8428b3b,YOCONALBERT,0,"Alberto Carlos Rivera, qué poco queda para el hundimiento de tu partido  #YoConAlbert #VeletaNaranja #VOXSaleaGanar https://t.co/0DejoONIFF",es,0,0,0,0,0,0,0,0,0,alberto carlos rivera qué poco queda para el hundimiento de tu partido yoconalbert veletanaranja voxsaleaganar [url]
8296c5cd65ee5da6721b7df00d0136ed,YOCONALBERT,0,"En @CiudadanosCs se engañan hasta en la interna. Los datos de participación no coinciden con los resultados de los tres candidatos. https://t.co/gdaTKyd30b vía @elpais_espana
#FAKEpartido #YoConAlbert",es,0,0,0,0,0,1,0,0,0,en [user] se engañan hasta en la interna los datos de participación no coinciden con los resultados de los tres candidatos [url] vía [user] fakepartido yoconalbert
b6d05b7deca633ba0be555330a6d59c4,YOCONALBERT,0,"Una indemnización récord!
Si el Feminismo Liberal es despedir embarazadas y madres de baja maternal prefiero el feminismo de siempre  que las defienden!!!!
 #YoConAlbert https://t.co/hanXXjcsfY",es,5,0,0,0,0,0,1,0,0,una indemnización récord si el feminismo liberal es despedir embarazadas y madres de baja maternal prefiero el feminismo de siempre que las defienden yoconalbert [url]
b14db7a2e75ea9c154c2162f6ab49c8e,YOCONALBERT,0,No cabe duda de que @Albert_Rivera es el líder mejor preparado y con más sentido de Estado para gobernar España. Su equipo está a la altura y su proyecto es el más honesto e integrador. #YoConAlbert a ganar por el futuro de España 👍 https://t.co/SA3Py5ORpE,es,0,0,0,1,0,1,0,0,0,no cabe duda de que [user] es el líder mejor preparado y con más sentido de estado para gobernar españa su equipo está a la altura y su proyecto es el más honesto e integrador yoconalbert a ganar por el futuro de españa pulgar_hacia_arriba [url]
1d897514ff84b936de5acadd5768eba1,YOCONALBERT,0,"Ciudadanos representa el proyecto de centro, de libertad, unidad e igualdad para España. Un proyecto común para toda España, común para todas las comunidades, un proyecto de futuro y de progreso. 🍊🍊🍊
@CsNavalcarnero con Albert
#YoConAlbert https://t.co/7HrDCthK6R",es,0,0,0,3,0,0,1,0,0,ciudadanos representa el proyecto de centro de libertad unidad e igualdad para españa un proyecto común para toda españa común para todas las comunidades un proyecto de futuro y de progreso mandarina mandarina mandarina [user] con albert yoconalbert [url]
1986c21713235fcf16119bbe6df8b9cc,YOCONALBERT,0,"@ReinaSonia @CiudadanosCs @Albert_Rivera Fijaos cómo se cabrean los de @compromis cuando piensan que van a adoctrinar a sus hijos.
Que piense él ahora como nos sentimos los padres ante su campaña de adoctrinamiento
#NoNosCallarán
#YoConAlbert https://t.co/K4v8tbUDNk",es,0,0,0,0,0,0,0,0,0,[user] [user] [user] fijaos cómo se cabrean los de [user] cuando piensan que van a adoctrinar a sus hijos que piense él ahora como nos sentimos los padres ante su campaña de adoctrinamiento nonoscallarán yoconalbert [url]
a23924c9e1588de7f7abf870f19f5f23,YOCONALBERT,0,"España en marcha!👏🍊
Rivera PRESIDENTE 🇪🇺
#YoConAlbert 
@Albert_Rivera
@CiudadanosCs https://t.co/yTt5yR00Cb",es,1,0,1,2,0,0,0,0,0,españa en marcha manos_aplaudiendo mandarina rivera presidente bandera_unión_europea yoconalbert [user] [user] [url]
02242468aeb3dc0ffac77ccdfd253b6f,YOCONALBERT,0,"#YoConAlbert
Debemos, impulsar el crecimiento, el empleo y la modernidad de España mirar al futuro y menos a la tumba de Franco
Gastan sus pocas ideas en dividir con los lazis, en enfrentar hombres y mujeres con el feminazi radikal
No saben, pero se aprovechan de privilegios
Hilo https://t.co/2Xm3vHthDm",es,0,0,0,0,0,1,0,0,0,yoconalbert debemos impulsar el crecimiento el empleo y la modernidad de españa mirar al futuro y menos a la tumba de franco gastan sus pocas ideas en dividir con los lazis en enfrentar hombres y mujeres con el feminazi radikal no saben pero se aprovechan de privilegios hilo [url]
f22c3725e17ce6b4c17e4b143b31564a,YOCONALBERT,0,"#YoConAlbert, porque queremos una España de ciudadanos libres e iguales🍊🍊🍊🍊👍👍👍👍 https://t.co/e473C0xBx3",es,0,0,0,8,0,0,2,0,0,yoconalbert porque queremos una españa de ciudadanos libres e iguales mandarina mandarina mandarina mandarina pulgar_hacia_arriba pulgar_hacia_arriba pulgar_hacia_arriba pulgar_hacia_arriba [url]
91ae70e1b57e6a2ba2968e7357918b3f,YOCONALBERT,0,"📸 @Albert_Rivera se compromete cuando sea presiente de España a 👇🏼

1.Frenar en seco a los separatistas respetando la ley.

2. Crear el gobierno de los mejores.

3. Poner en marcha las grandes reformas que necesita España.

#YoConAlbert https://t.co/9rilP9ulXZ",es,0,0,0,3,0,0,0,0,0,cámara_con_flash [user] se compromete cuando sea presiente de españa a dorso_de_mano_con_índice_hacia_abajo_tono_de_piel_claro_medio 1 frenar en seco a los separatistas respetando la ley 2 crear el gobierno de los mejores 3 poner en marcha las grandes reformas que necesita españa yoconalbert [url]
e40ff94c907b660558a3d7a2f077c75b,YOCONALBERT,0,"#YoConAlbert alias El Veleta"" no iba ni a sacar billetes de 20 € al banco.""",es,0,0,0,0,0,2,0,2,0,yoconalbert alias el veleta no iba ni a sacar billetes de 20 al banco
4e0600ec7eebc0776543c3b7a8366dbf,YOCONALBERT,0,#YoConAlbert 👏👏👏 porque quiero una España de ciudadanos libres e iguales. 🍊🍊🍊🍊🍊 Cs un proyecto que une. 👍👍👍,es,0,0,0,11,0,0,3,0,0,yoconalbert manos_aplaudiendo manos_aplaudiendo manos_aplaudiendo porque quiero una españa de ciudadanos libres e iguales mandarina mandarina mandarina mandarina mandarina cs un proyecto que une pulgar_hacia_arriba pulgar_hacia_arriba pulgar_hacia_arriba
9247678f215f9daf6cc8e6ea45dd755d,YOCONALBERT,0,"#YoConAlbert
Debemos, impulsar el crecimiento, el empleo y la modernidad de España mirar al futuro y menos a la tumba de Franco
Gastan sus pocas ideas en dividir con los lazis, en enfrentar hombres y mujeres con... https://t.co/2eBaAHxAyZ",es,0,0,0,0,0,0,1,0,1,yoconalbert debemos impulsar el crecimiento el empleo y la modernidad de españa mirar al futuro y menos a la tumba de franco gastan sus pocas ideas en dividir con los lazis en enfrentar hombres y mujeres con [url]
b0484e2ab0cccc78acc7dc7b3c36fe8d,YOCONALBERT,0,#YoConAlbert...dicen los tránsugas que pululan por ahí. Cambiachaquetas de  PP y PSOE buscando una poltrona sin ningún rubor.,es,0,0,1,0,0,2,1,0,1,yoconalbert dicen los tránsugas que pululan por ahí cambiachaquetas de pp y psoe buscando una poltrona sin ningún rubor
d6738b0930e80ea91ba23bc5f20f3bc1,YOCONALBERT,0,"Por supuesto que si!! #YoConAlbert 🍊🍊🍊🍊😎
Presidente! En clave naranja https://t.co/iSub3iHrtN",es,3,0,0,5,0,0,1,0,0,por supuesto que si yoconalbert mandarina mandarina mandarina mandarina cara_sonriendo_con_gafas_de_sol presidente en clave naranja [url]
b4f1217af19b10fa07fb92abe98bc0df,YOCONALBERT,0,"Albert Rivera solo es un teleñeco. Un tupo de trapo, cara bonita y cuerpo de gimnasio, sin ideología bi capacidad, para engañarnos igual que un anuncio.
Decir #YoConAlbert es como decir yo con Paqui Palla S.L."" o ""yo con el Spinner"".""",es,0,0,0,0,0,1,0,4,0,albert rivera solo es un teleñeco un tupo de trapo cara bonita y cuerpo de gimnasio sin ideología bi capacidad para engañarnos igual que un anuncio decir yoconalbert es como decir yo con paqui palla s l o yo con el spinner
03d78a122e4176266be3b02444ff2e27,YOCONALBERT,0,"Si no tienen decencia en su vida privada, qué esperamos que hagan cuando obtengan poder? ... pues lo primero, subirse bien el sueldo
 #YoConAlbert https://t.co/mcpoPjO07q",es,0,1,0,0,0,1,1,0,1,si no tienen decencia en su vida privada qué esperamos que hagan cuando obtengan poder pues lo primero subirse bien el sueldo yoconalbert [url]
62c42fc3389f90ec366b9a1e89581fff,YOCONALBERT,0,"#YoConAlbert no voy ni a coger billetes de 500 euros. Un señor que va de la mano de la extrema derecha  de V🤮X por más que intente evitar hacerse la foto con ellos, es un señor en el que no se puede confiar.",es,0,0,0,1,0,3,0,0,0,yoconalbert no voy ni a coger billetes de 500 euros un señor que va de la mano de la extrema derecha de v cara_vomitando x por más que intente evitar hacerse la foto con ellos es un señor en el que no se puede confiar
c33b5311fd2cc9aeb621c4f7e7bf999f,YOCONALBERT,0,#YoConAlbert  💪🍊 https://t.co/VT46BJ3wjy,es,0,0,0,2,0,0,0,0,0,yoconalbert bíceps_flexionado mandarina [url]
fef2d2425c70776de0400958747b987d,YOCONALBERT,0,"#YoConAlbert Entiendo el hype por ser la primera carrera del año, pero no sabía que Arenas tuviese fans como para hacer el 3r TT de España #Moto3",es,0,0,0,0,0,1,0,0,0,yoconalbert entiendo el hype por ser la primera carrera del año pero no sabía que arenas tuviese fans como para hacer el 3r tt de españa moto3
0ab3db714d8b792bdb5fdbc50536e7e8,YOCONALBERT,0,#YoConAlbert no voy ni a heredar https://t.co/8sy8GN06Bs,es,0,0,0,0,0,2,0,0,0,yoconalbert no voy ni a heredar [url]
559013aa7af0e56d7454b118890f8eab,YOCONALBERT,0,"Ufff va a ser que no. No quiero privatizar ni salud ni medicina...no todo es liberal, no todo es negocio. Y he estudiado en privado, y no he pisado la sanidad publica. Prefiero ser SOLIDARIO con los que no tienen opcion. #YoConAlbert",es,0,0,1,0,0,8,2,0,1,uff va a ser que no no quiero privatizar ni salud ni medicina no todo es liberal no todo es negocio y he estudiado en privado y no he pisado la sanidad publica prefiero ser solidario con los que no tienen opcion yoconalbert
a8ed7a744a4f7b05f163a4a42ee8dbb5,YOCONALBERT,0,"#YoConAlbert NO VOY ni a atropar duros... la clase trabajadora es la clase trabajadora... 

Además exigimos una ley de dependencia digna, medidas eficaces que acaben con la desproteccion de las mujeres que sufren violencia machista, guarderías públicas de 0 a 3 años... https://t.co/KN2O0We3fC",es,0,0,1,0,0,2,3,0,3,yoconalbert no voy ni a atropar duros la clase trabajadora es la clase trabajadora además exigimos una ley de dependencia digna medidas eficaces que acaben con la desproteccion de las mujeres que sufren violencia machista guarderías públicas de 0 a 3 años [url]
bc30698cf6dc219cd751fc1ed54f07f5,YOCONALBERT,0,"En este lugar @edugalan  #YoConAlbert tenéis material que si se le hubiera dedicado su TIEMPO Y NO OCULTADO como ha hecho @laSextaTV a esta GENTUZA MENTIROSA no LOS VOTARÍA NADIE !! En internet lo ponen TODO , faltaría mas !!! Pero en TV NO SALE NADA ! Los que no tienen INTERNET?",es,6,1,11,0,0,6,1,0,0,en este lugar [user] yoconalbert tenéis material que si se le hubiera dedicado su tiempo y no ocultado como ha hecho [user] a esta gentuza mentirosa no los votaría nadie en internet lo ponen todo faltaría mas pero en tv no sale nada los que no tienen internet
a22e72c69465dfcbd2b803ce1f21853b,YOCONALBERT,0,Y yo  #YoConAlbert https://t.co/5QvbS79uaq,es,0,0,0,0,0,0,0,0,0,y yo yoconalbert [url]
7f7f9dea9da6884033b5ebd0fc3a36ba,YOCONALBERT,0,#YoConAlbert ni a cobrar una herencia. https://t.co/z8wN3PbvlT,es,0,0,0,0,0,1,0,0,0,yoconalbert ni a cobrar una herencia [url]
465b5741f96c11143d44eca68df9f85c,YOCONALBERT,0,"🇪🇸España no se merece seguir paralizada, necesita un proyecto que una a todos los españoles. Por eso, @CiudadanosCs formará un gobierno con los mejores. Ha llegado nuestro momento #YoConAlbert 💪🍊 https://t.co/goV6r8j6M3",es,0,0,0,2,0,1,0,0,0,bandera_españa españa no se merece seguir paralizada necesita un proyecto que una a todos los españoles por eso [user] formará un gobierno con los mejores ha llegado nuestro momento yoconalbert bíceps_flexionado mandarina [url]
ce727dffeedc31d87a322078d191e33b,YOCONALBERT,0,"#YoConAlbert la Veleta charlatana, a ninguna parte...
by @el_griego82 https://t.co/wlNkpl2Q6f",es,0,0,0,0,0,1,1,0,1,yoconalbert la veleta charlatana a ninguna parte by [user] [url]
2cf82e98034d7bb2e4495f45ecde6194,YOCONALBERT,0,"#YoConAlbert ni a la vuelta de la esquina
MA
MA
RRA
CHO",es,0,0,2,0,0,1,0,0,0,yoconalbert ni a la vuelta de la esquina ma ma rra cho
596685068a28304e29a40f77cd5b9ffa,YOCONALBERT,0,#YoConAlbert ni a la esquina.,es,0,0,0,0,0,1,0,0,0,yoconalbert ni a la esquina
6477c2e777a460040460aa7b99c517db,YOCONALBERT,0,"Esta mañana con @CsMeco en la presentación de  @Albert_Rivera como candidato a la presidencia del Gobierno de España 🍊 “Porque si @CiudadanosCs gana las elecciones, también gana España” 💪 🇪🇸 #YoConAlbert https://t.co/YS2h9Nuz61",es,0,0,0,2,0,0,0,2,0,esta mañana con [user] en la presentación de [user] como candidato a la presidencia del gobierno de españa mandarina porque si [user] gana las elecciones también gana españa bíceps_flexionado bandera_españa yoconalbert [url]
350dbb916c3c5db86ee2f455a13b1016,YOCONALBERT,0,"Los compañeros de @CsMadBarajas hemos asistido a la presentación de @Albert_Rivera como candidatos de @CiudadanosCs  a las elecciones generales. 

¡Salimos a ganar! #YoConAlbert https://t.co/uJia3BxOMu",es,2,0,0,0,0,0,0,0,0,los compañeros de [user] hemos asistido a la presentación de [user] como candidatos de [user] a las elecciones generales salimos a ganar yoconalbert [url]
4d842ed5b10afe12ce5ead6897a0dca0,YOCONALBERT,0,@McMomir #YoConAlbert ni a heredar. https://t.co/3QDVSGFr9r,es,0,0,0,0,0,1,0,0,0,[user] yoconalbert ni a heredar [url]
1f2d909939f361b0b2fbdb9f4f2dfc02,YOCONALBERT,0,Grandes @Albert_Rivera @InesArrimadas y @CiudadanoVille hoy en el acto de Madrid. El cual da el pistoletazo de salida para llegar a la Moncloa y a todos los ayuntamientos del país. Con vosotros teñiremos España de naranja #YoConAlbert #28A 🍊🍊💪💪🧡🧡🇪🇸🇪🇸 https://t.co/TjqAlh74Af,es,0,0,0,6,0,0,0,0,0,grandes [user] [user] y [user] hoy en el acto de madrid el cual da el pistoletazo de salida para llegar a la moncloa y a todos los ayuntamientos del país con vosotros teñiremos españa de naranja yoconalbert 28a mandarina mandarina bíceps_flexionado bíceps_flexionado corazón_naranja corazón_naranja bandera_españa bandera_españa [url]
a14f690b80eb2c2e08862caf1107bc5b,YOCONALBERT,0,"@InesArrimadas @elmundoes Grande Ines junto con @Albert_Rivera hoy habéis estado enormes! 
Una España unida, a la cabeza de Europa y como eje vertebrador con América latina 
Bravo 👏🏻👏🏻👏🏻
#YoConAlbert https://t.co/wPiFyFKaO7",es,1,0,0,6,0,0,0,0,0,[user] [user] grande ines junto con [user] hoy habéis estado enormes una españa unida a la cabeza de europa y como eje vertebrador con américa latina bravo manos_aplaudiendo_tono_de_piel_claro manos_aplaudiendo_tono_de_piel_claro manos_aplaudiendo_tono_de_piel_claro yoconalbert [url]
a0c55eb5850f98ff801cd8ae6b1400d4,YOCONALBERT,0,"🍊 @InesArrimadas ¿Qué mejor partido que este para defender la igualdad? La igualdad sin distinción de sexos sin distinción de territorios sin distinción de ideologías. Este es el partido de la igualdad"" #YoConAlbert https://t.co/q1keg1NvGs""",es,0,2,0,1,0,3,0,2,0,mandarina [user] qué mejor partido que este para defender la igualdad la igualdad sin distinción de sexos sin distinción de territorios sin distinción de ideologías este es el partido de la igualdad yoconalbert [url]
0bdd2bb415b094350cd0d602250c0d8a,YOCONALBERT,0,#YoConAlbert  El mejor presidente para España https://t.co/FrjnR2f5hQ,es,0,0,0,0,0,0,0,0,0,yoconalbert el mejor presidente para españa [url]
eb61be1e17381cfe12d784587e383b9c,YOCONALBERT,0,"Porque hace falta un cambio sensato, consensuado, pero serio y de raíz. Hay que limpiar la maquinaria, no repetir consignas. Para que tengamos un país “de ciudadanos libres e iguales” en todas partes. #YoConAlbert https://t.co/fREP00cL8d",es,0,0,0,0,0,1,0,2,0,porque hace falta un cambio sensato consensuado pero serio y de raíz hay que limpiar la maquinaria no repetir consignas para que tengamos un país de ciudadanos libres e iguales en todas partes yoconalbert [url]
a138cd22bb5a06d763c4c1735115c41b,YOCONALBERT,0,"🗣️ @Albert_Rivera En las próximas citas electorales nos jugamos el futuro de este país y en Cs estamos más preparados que nunca para afrontar esta etapa""",es,0,0,0,1,0,1,0,1,0,cabeza_parlante [user] en las próximas citas electorales nos jugamos el futuro de este país y en cs estamos más preparados que nunca para afrontar esta etapa
a5fcf2d46b65c78961f0937602714b53,YOCONALBERT,0,#YoConAlbert ni a coger monedas de 20 duros,es,0,0,0,0,0,1,0,0,0,yoconalbert ni a coger monedas de 20 duros
a9a13736874097a931abc2c96b862526,YOCONALBERT,0,"Grande @InesArrimadas “la más preparada y la más valiente, la mejor mujer de la política española” y la mejor Vicepresidenta del Gobierno que #España puede tener #YoConAlbert @CiudadanosCs @CsMeco https://t.co/uNuNosodgr",es,0,0,0,0,0,0,0,2,0,grande [user] la más preparada y la más valiente la mejor mujer de la política española y la mejor vicepresidenta del gobierno que españa puede tener yoconalbert [user] [user] [url]
3379e025e4ce087c50a8d8f95f179e3a,YOCONALBERT,0,"A Ciudadanos, después de demostrar lo poco que le importamos pactando con Vox y PP, no le queda más que pagar posicionamiento de hashtag en Twitter...
 #YoConAlbert no voy ni a por agua!",es,1,0,0,0,0,3,1,0,1,a ciudadanos después de demostrar lo poco que le importamos pactando con vox y pp no le queda más que pagar posicionamiento de hashtag en twitter yoconalbert no voy ni a por agua
72c4b4da5a4d374110742823056d8f0e,YOCONALBERT,0,#YoConAlbert NO coincido: https://t.co/xvTPqcpRmg,es,0,0,0,0,0,1,0,0,0,yoconalbert no coincido [url]
e9b89ed7848532c4f3f9894d00756705,YOCONALBERT,0,"Esto de #YoConAlbert no será para tratar de ocultar que a Albertito en sus primarias, de un censo de unos 25.000 votantes, le han votado aprox 7.000, no??? #CiudadanosFraudeLiberal",es,0,3,0,0,0,2,3,0,0,esto de yoconalbert no será para tratar de ocultar que a albertito en sus primarias de un censo de unos 25 00 votantes le han votado aprox 7 00 no ciudadanosfraudeliberal
ef3e855d983d69d6fb25a9ae52512169,YOCONALBERT,0,"Esta mañana con @CsMeco en la presentación de  @Albert_Rivera como candidato a la presidencia del Gobierno de España 🍊 “Porque si @CiudadanosCs gana las elecciones, también gana España” 💪 🇪🇸 #YoConAlbert https://t.co/mcIfsS01EM",es,0,0,0,2,0,0,0,2,0,esta mañana con [user] en la presentación de [user] como candidato a la presidencia del gobierno de españa mandarina porque si [user] gana las elecciones también gana españa bíceps_flexionado bandera_españa yoconalbert [url]
f2ff8b06c44779a4cf35bf4ab3bade6f,YOCONALBERT,0,"Un video increible, emocionante y vital que representa perfectamente la gran cualificacion de nuestro candidato @Albert_Rivera a gobernar este país.  Por una España unida #YoConAlbert #españa #FelizDomingo https://t.co/V74NlebGjD",es,0,0,0,0,0,0,0,0,0,un video increible emocionante y vital que representa perfectamente la gran cualificacion de nuestro candidato [user] a gobernar este país por una españa unida yoconalbert españa felizdomingo [url]
b9b098d2b94684ff05d4170e682a2916,YOCONALBERT,0,"La escasa participación como signo de castigo en las primarias de Cs
- #YoConAlbert Rivera gana, pero con un 32% de participación.
- Arrimadas gana en Barcelona, pero con un 19% de participación.
- María Muñoz (uno de los fichajes) gana en Valencia con un 28% de participación.",es,0,0,0,0,0,0,0,0,0,la escasa participación como signo de castigo en las primarias de cs yoconalbert rivera gana pero con un 32 de participación arrimadas gana en barcelona pero con un 19 de participación maría muñoz uno de los fichajes gana en valencia con un 28 de participación
824dda2af0748e111fb932b34b658f46,YOCONALBERT,0,"Vete a follarte a la analfabeta de Malu.
 #YoConAlbert ni a la esquina",es,0,0,0,0,0,1,0,0,0,vete a follarte a la analfabeta de malu yoconalbert ni a la esquina
a1209eace2e5d0af656824df52713ba0,YOCONALBERT,0,"-Que Canal Sur tenga mas presupuesto que Antena 3
-Que el PSOE cene con terroristas
-Que Pedro Sánchez vaya en avión a un concierto
-Que el PSOE pacten con comunistas y terroristas

#FelizDomingo #GHDUO10M
#YoConAlbert #AhoraSiCiudadanos
Alba Carrillo",es,0,0,2,0,0,0,0,0,0,que canal sur tenga mas presupuesto que antena 3 que el psoe cene con terroristas que pedro sánchez vaya en avión a un concierto que el psoe pacten con comunistas y terroristas felizdomingo ghduo10m yoconalbert ahorasiciudadanos alba carrillo
e4f483a055bee4d5e7e1753554d9f25a,YOCONALBERT,0,"Desde 2006 como cargo orgánico o público, con menos cotizaciones a la SS que mi gato.
#YoConAlbert Camus. https://t.co/9MsPROd2gE",es,0,0,0,0,0,0,0,0,0,desde 2006 como cargo orgánico o público con menos cotizaciones a la ss que mi gato yoconalbert camus [url]
59af8a5d76ce8ffa1c15519f27dfaaf7,YOCONALBERT,0,Hoy he asistido a la presentacion de la marca @Albert_Rivera para su candidatura a las elecciones generales. Una marca que representa la unidad de #España #YoConAlbert https://t.co/PN8WOzBatI,es,0,0,0,0,0,0,0,0,0,hoy he asistido a la presentacion de la marca [user] para su candidatura a las elecciones generales una marca que representa la unidad de españa yoconalbert [url]
2a70b6b4d162b2b6385732be722d70ad,YOCONALBERT,0,#YoConAlbert no voy ni a recoger billetes de quinientos euros,es,0,0,0,0,0,2,0,0,0,yoconalbert no voy ni a recoger billetes de quinientos euros
2f3eb47e99b773084de40181fc9ebf6f,YOCONALBERT,0,"🇪🇸 Por una España de ciudadanos libres e iguales. 
Por la unión dentro de la diversidad. 
Por un futuro mejor. Por recuperar la esperanza y la ilusión. Por una alianza fuerte para derrotar al nacionalismo y al populismo. 
Por todo esto #YoConAlbert https://t.co/Uz28SmVay9",es,0,0,0,0,0,0,0,0,0,bandera_españa por una españa de ciudadanos libres e iguales por la unión dentro de la diversidad por un futuro mejor por recuperar la esperanza y la ilusión por una alianza fuerte para derrotar al nacionalismo y al populismo por todo esto yoconalbert [url]
159c5f06508cf43bb1ca425fb540b69a,YOCONALBERT,0,"Porque mi país merece un Presidente que piense en todos los españoles. 
Porque mi país es una tierra de oportunidades fuerte.
Porque ha llegado el momento de gobernar España.
#YoConAlbert
https://t.co/4qV7i82g7Z",es,0,0,0,0,0,0,0,0,0,porque mi país merece un presidente que piense en todos los españoles porque mi país es una tierra de oportunidades fuerte porque ha llegado el momento de gobernar españa yoconalbert [url]
1823e0d9926ea579a98bee2b1d4e03cb,YOCONALBERT,0,"#YoConAlbert ni dos segundos, son la contradicción política en estado puro!! https://t.co/UPrHIYd1MX",es,2,0,0,0,0,1,0,0,0,yoconalbert ni dos segundos son la contradicción política en estado puro [url]
c58deba2c58323b6b61ea0de89ac02d3,YOCONALBERT,0,#YoConAlbert me puedes explicar esto? Porque me decepciona bastante @Albert_Rivera @CiudadanosCs https://t.co/GH7IZcmIJ9,es,0,1,0,0,0,0,0,0,0,yoconalbert me puedes explicar esto porque me decepciona bastante [user] [user] [url]
f40264c111c645ab7a816bbe164e9ab3,YOCONALBERT,0,"🍊 @CsCarabanchel presente en el acto de presentación del candidato de @CiudadanosCs a las  elecciones generales: @Albert_Rivera, futuro Presidente de España 🇪🇸 #YoConAlbert https://t.co/PBWshwXp4O",es,0,0,0,1,0,0,0,0,0,mandarina [user] presente en el acto de presentación del candidato de [user] a las elecciones generales [user] futuro presidente de españa bandera_españa yoconalbert [url]
397f325367a589d10517be92a7e21a63,YOCONALBERT,0,"🍊 @Albert_Rivera Quiero una España en la que se escuche y luego se decida"" #YoConAlbert https://t.co/WT1TbPd1Mt""",es,0,0,0,1,0,0,0,2,0,mandarina [user] quiero una españa en la que se escuche y luego se decida yoconalbert [url]
e5f8d3dc1c6586353eda25b682740ea5,YOCONALBERT,0,Lo peor de todo es que habrá gente que se creerá que lo de #LeyDeMaternidad será verdad y  los #YoConAlbert pensarán que van a cumplir lo que se promete en campaña...,es,0,0,0,0,0,0,1,0,1,lo peor de todo es que habrá gente que se creerá que lo de leydematernidad será verdad y los yoconalbert pensarán que van a cumplir lo que se promete en campaña
bc710a0b46edca8aaaedc87e35004fdf,YOCONALBERT,0,#YoConAlbert ni a recoger billetes https://t.co/Co6E7tFLN6,es,0,0,0,0,0,1,0,0,0,yoconalbert ni a recoger billetes [url]
553af1af956977bbe6fb8f31965eb69e,YOCONALBERT,0,"Se hace llamar liberal, solo es un fachilla #YoConAlbert https://t.co/4Iw9fXA5N9",es,0,0,0,0,0,0,0,0,0,se hace llamar liberal solo es un fachilla yoconalbert [url]
a1b6505dc94e409adafba22bef6a0e0a,YOCONALBERT,0,"Esta es la España en la que creemos y la que vamos a conseguir el #28Abril , un país de ciudadanos libres, iguales, sin populismos, donde contará el talento, #YoConAlbert https://t.co/jBs0ShaNtp",es,0,0,0,0,0,1,0,0,0,esta es la españa en la que creemos y la que vamos a conseguir el 28abril un país de ciudadanos libres iguales sin populismos donde contará el talento yoconalbert [url]
12e1983fec9de08b0cf7bc9a2e4bc41e,YOCONALBERT,0,"#YoConAlbert, un tipo sin palabra, no voy ni a la esquina. Ahora, con Rosa Díez (con su propuesta política) ha ido mi voto durante ocho años. Y volvería a ir. Porque haría lo que ella afirma en esta entrevista: Empezaría de nuevo"". https://t.co/CQ52miX8Oh""",es,0,0,0,0,0,3,0,2,0,yoconalbert un tipo sin palabra no voy ni a la esquina ahora con rosa díez con su propuesta política ha ido mi voto durante ocho años y volvería a ir porque haría lo que ella afirma en esta entrevista empezaría de nuevo [url]
c8bcee82a6397d9a8eff213d4a62533f,YOCONALBERT,0,"#YoConAlbert ni a comprar el pan. Una vergüenza de partido. Provocadores, aprovechados y mentirosos. TODOS! Una vergüenza para España y para el mundo.",es,1,0,1,0,0,1,0,0,0,yoconalbert ni a comprar el pan una vergüenza de partido provocadores aprovechados y mentirosos todos una vergüenza para españa y para el mundo
3f249df00fe831818cd8603eeff0feed,YOCONALBERT,0,#YoConAlbert es todo Catalunya Catalunya. Está claro que esta peña no tienen ni puta idea de lo que pas en el resto de España. ¿Cómo puede alguien votarles?,es,0,2,0,0,0,2,0,0,0,yoconalbert es todo catalunya catalunya está claro que esta peña no tienen ni puta idea de lo que pas en el resto de españa cómo puede alguien votarles
8f681609556139bd3825258c346d2949,YOCONALBERT,0,"Por supuesto #YoConAlbert porque en los tiempos que corren con el extremismo, yo prefiero CS.",es,0,0,0,0,0,0,0,0,0,por supuesto yoconalbert porque en los tiempos que corren con el extremismo yo prefiero cs
bebc297c02c869d42ab787d468c2b0c8,YOCONALBERT,0,"Pues hasta aquí ha llegado “mi experimento” del tiempo en que “alguien” tardaría en comenzar a insultar por no tener una opinión acorde a la suya. No ha tardado mucho y estas son sus respuestas. 
Y así andamos. Abro hilo con el tuit original #HuelgaFeminista2019 #YoConAlbert #8M https://t.co/iKmWOk7emK",es,0,0,0,0,0,2,0,4,0,pues hasta aquí ha llegado mi experimento del tiempo en que alguien tardaría en comenzar a insultar por no tener una opinión acorde a la suya no ha tardado mucho y estas son sus respuestas y así andamos abro hilo con el tuit original huelgafeminista2019 yoconalbert 8m [url]
2d7fd0121fe33bbd3ac12f7bb0b4848b,YOCONALBERT,0,"Decir #YoConAlbert es decir que vas

-Con racistas.
-Con pederastas.
-Con corruptos.
-Con violadores de discapacitados.
-Con un demagogo que hará arder España por tener un minuto de poder.
-Con quien quitará los beneficios sociales que tanto costó obtener.

Felicidades.",es,0,0,0,0,0,0,0,0,0,decir yoconalbert es decir que vas con racistas con pederastas con corruptos con violadores de discapacitados con un demagogo que hará arder españa por tener un minuto de poder con quien quitará los beneficios sociales que tanto costó obtener felicidades
5251b926636b2afd3a018a7f82409afb,YOCONALBERT,0,"Proyecto de futuro, España en Marcha. #YoConAlbert https://t.co/11qlgkzNWp",es,0,0,0,0,0,0,0,0,0,proyecto de futuro españa en marcha yoconalbert [url]
b0f7a8b51657d131101ca117a4427d3b,YOCONALBERT,0,"🇪🇸 Porque queremos una España de ciudadanos libres e iguales.
Porque formaremos un gobierno con los mejores 🔝
Porque este país necesita un proyecto que una a todos los españoles 🤝
🍊 #YoConAlbert 🍊 https://t.co/JrZSm55jHa",es,0,0,0,4,0,0,0,0,0,bandera_españa porque queremos una españa de ciudadanos libres e iguales porque formaremos un gobierno con los mejores flecha_top porque este país necesita un proyecto que una a todos los españoles apretón_de_manos mandarina yoconalbert mandarina [url]
85ea6b78f7501b375b3a3cde25f74937,YOCONALBERT,0,#yoconalberto hashtag on Twitter #YoConAlbert https://t.co/EyJSXEIE5I,es,0,0,0,0,0,0,0,0,0,yoconalberto hashtag on twitter yoconalbert [url]
adc058210b4128676e9651a8ebeacc1e,YOCONALBERT,0,"@PSOE @oscar_puente_ @sanchezcastejon Oscar Puente fue pillado por ocultar dinero... luego P.Sanchez va dando lecciones. 🤔

#YoConAlbert #FelizDomingo
#GHDUO10M Alba Carillo

https://t.co/qbbubXVAx2",es,0,0,1,1,0,0,1,0,1,[user] [user] [user] oscar puente fue pillado por ocultar dinero luego p sanchez va dando lecciones cara_pensativa yoconalbert felizdomingo ghduo10m alba carillo [url]
4d73947e4d7b19d23d05854aa5b9d5a2,YOCONALBERT,0,#YoConAlbert NO.,es,0,0,0,0,0,1,0,0,0,yoconalbert no
eaa2bf2bf7a7490161978797721bcb74,YOCONALBERT,0,"@CiudadanosCs @Albert_Rivera Un cambio político es necesario, porque la política útil, profesional, y sin ningún miembro procesado (recordemos que deben dar ejemplo) debe suceder para que nuestro país avance con paso firme
#YoConAlbert",es,0,0,0,0,0,2,0,0,0,[user] [user] un cambio político es necesario porque la política útil profesional y sin ningún miembro procesado recordemos que deben dar ejemplo debe suceder para que nuestro país avance con paso firme yoconalbert
05fa51d1d905a36d503253bbcb009811,YOCONALBERT,0,#YoConAlbert ni a bajar la basura https://t.co/TRaRMKwe8N,es,0,0,0,0,0,1,0,0,0,yoconalbert ni a bajar la basura [url]
3e38891c3dc39f706e65d817ccb38cd3,YOCONALBERT,0,"@CiudadanosCs @Albert_Rivera Ojalá se del cambio que necesita nuestro país para avanzar con paso firme y sin política enjuiciada, de forma profesional y clara, hacia un futuro europeo, en el que seamos una pieza fundamental y profesional y no un país de políticas bananeras""",es,0,0,0,0,0,2,0,1,0,[user] [user] ojalá se del cambio que necesita nuestro país para avanzar con paso firme y sin política enjuiciada de forma profesional y clara hacia un futuro europeo en el que seamos una pieza fundamental y profesional y no un país de políticas bananeras
5beff0222bbe2b9fdc0c1e0226f1918a,YOCONALBERT,0,#YoConAlbert ni de coña que este pactará con la @PSOE,es,0,0,1,0,0,1,0,0,0,yoconalbert ni de coña que este pactará con la [user]
804cbc4887f153948061aa2b98001da0,YOCONALBERT,0,"@CiudadanosCs @Albert_Rivera O tengo mala memoria o no recuerdo nunca haber oído esto a un candidato a Presidente del Gobierno en España
La nueva forma de hacer política útil de Ciudadanos ha quedado de manifiesto durante estos 4 últimos años a través del trabajo de @CsMadridCiudad y @Cs_Madrid
#YoConAlbert https://t.co/CGFnTX9WVP",es,0,0,0,0,0,2,0,0,0,[user] [user] o tengo mala memoria o no recuerdo nunca haber oído esto a un candidato a presidente del gobierno en españa la nueva forma de hacer política útil de ciudadanos ha quedado de manifiesto durante estos 4 últimos años a través del trabajo de [user] y [user] yoconalbert [url]
607ad51a9abbd0a54aae3f9a98c535f5,YOCONALBERT,0,#YoConAlbert  Que coño tenéis liado . https://t.co/5mYjHiyptM,es,0,0,0,0,0,0,0,0,0,yoconalbert que coño tenéis liado [url]
46b0baf2750e66d41fcc30111a1c8e2c,YOCONALBERT,0,"#YoConAlbert
Yo no, paso de veletas. https://t.co/mnwjLq19WW",es,0,0,0,0,0,1,0,0,0,yoconalbert yo no paso de veletas [url]
484f3e5cf39103aa9ec3d705445f3768,YOCONALBERT,0,"#YoConAlbert y con el acoso a su jefa de Prensa embarazada a la que tuvo que pagar 153.000 euros para evitar un juicio por acoso.
Del documento falso de Begoña Villacís y su sociedad para ocultar 2 millones de euros en patrimonio ya te lo cuenta Ferreras. https://t.co/hq2JjRv1Hd",es,0,0,0,0,0,0,1,0,0,yoconalbert y con el acoso a su jefa de prensa embarazada a la que tuvo que pagar 153 00 euros para evitar un juicio por acoso del documento falso de begoña villacís y su sociedad para ocultar 2 millones de euros en patrimonio ya te lo cuenta ferreras [url]
945d47b9093094d66664781f6594f699,YOCONALBERT,0,#YoConAlbert #YoContra Albert...@CiudadanosCs  Estáis siendo conscientes de la mayoría de los tuits van contra vuestro partido? Ascopenica,es,0,1,0,0,0,0,1,0,1,yoconalbert yocontra albert [user] estáis siendo conscientes de la mayoría de los tuits van contra vuestro partido ascopenica
4af880d80d019da7a50c082a5769c20a,YOCONALBERT,0,"#YoConAlbert
Paso. Quiero a gente con principios y valores. Por eso #VOXAvanza https://t.co/Cqxo3YNvu0",es,0,0,0,0,0,0,0,0,0,yoconalbert paso quiero a gente con principios y valores por eso voxavanza [url]
19a6f215c54d2754a12285ebfa866c7b,YOCONALBERT,0,"Un placer asistir hoy con @CsMeco a la presentación de @Albert_Rivera, nuestro próximo Presidente del Gobierno. Me he quedado con las ganas de saludar a @InesArrimadas, mujer valiente que representa el feminismo en el que creo. Con este equipo vamos a por todo #YoConAlbert https://t.co/Oup12QQPs7",es,0,0,0,0,0,0,0,0,0,un placer asistir hoy con [user] a la presentación de [user] nuestro próximo presidente del gobierno me he quedado con las ganas de saludar a [user] mujer valiente que representa el feminismo en el que creo con este equipo vamos a por todo yoconalbert [url]
41d95fd057ad8a71e8de1880385712ac,YOCONALBERT,0,Votar @CiudadanosCs es votar @PSOE #YoConAlbert ni de coña,es,0,0,1,0,0,1,0,0,0,votar [user] es votar [user] yoconalbert ni de coña
e0beaa3760c9163ae7d427ef1b810028,YOCONALBERT,0,"#YoConAlbert , ni a la vuelta de la esquina. https://t.co/IxC3bQGGwO",es,0,0,0,0,0,1,0,0,0,yoconalbert ni a la vuelta de la esquina [url]
240405c7344cf8a7448de273bde8131d,YOCONALBERT,0,#YoConAlbert Un mojón pa tí https://t.co/zJLLsbjbZa,es,0,0,0,0,0,0,0,0,0,yoconalbert un mojón pa tí [url]
fa9cb8c0fc7943204c67ff474fcb2813,YOCONALBERT,0,"#YoConAlbert ni a la vuelta de la esquina. Los del libre mercado,  que su dios es el dinero te venden a ti y a su madre por cuatro duros por norma. https://t.co/C1bwsBlJus",es,0,0,0,0,0,1,0,0,0,yoconalbert ni a la vuelta de la esquina los del libre mercado que su dios es el dinero te venden a ti y a su madre por cuatro duros por norma [url]
25b0b9897eded678690ab9c8badda15e,YOCONALBERT,0,"🍊 @InesArrimadas “Muchos de nosotros hemos llegado a una conclusión en Cataluña, para que la libertad y la democracia lleguen a nuestra tierra tenemos que gobernar en España” #YoConAlbert https://t.co/mDMFfeFDAa",es,0,0,0,1,0,0,0,2,0,mandarina [user] muchos de nosotros hemos llegado a una conclusión en cataluña para que la libertad y la democracia lleguen a nuestra tierra tenemos que gobernar en españa yoconalbert [url]
49638b4edd34ab202f6007bcdc903048,YOCONALBERT,0,"@pablocasado_ @populares Encuesta de Invymark 10/3/2019 pone a @CiudadanosCs y @populares 
Prácticamente empatados.

#YoConAlbert #FelizDomingo #GHDUO10M Alba Carrillo https://t.co/9LTWZGyo8H",es,0,0,0,0,0,0,0,0,0,[user] [user] encuesta de invymark 10 3 2019 pone a [user] y [user] prácticamente empatados yoconalbert felizdomingo ghduo10m alba carrillo [url]
d72a8264ad07003326c466310550981b,YOCONALBERT,0,"#YoConAlbert Cada día mas gente y más mujeres, se dan cuenta de la gentuza que son C,s. https://t.co/WJy8bgsS8f",es,0,0,0,0,0,0,0,0,0,yoconalbert cada día mas gente y más mujeres se dan cuenta de la gentuza que son c s [url]
84ebb4bf0adb3e0f62c81785a77c3eab,YOCONALBERT,0,"@MazdaEspana me bloquea por pedir explicaciones!!, viva la #Libertad  #YoConAlbert https://t.co/ubJUM4ZtXt",es,2,0,0,0,0,0,0,0,0,[user] me bloquea por pedir explicaciones viva la libertad yoconalbert [url]
16097d1ee37242a07e4a2c7c3376a4dc,YOCONALBERT,0,"#YoConAlbert y V🤮X también ... votar Ciudadanos o PP es colocar al fascismo en las instituciones y darles poder de decisión sobre nuestras vidas.

Toni Cantó se muestra partidario de repetir el pacto andaluz en la Generalitat Valenciana
https://t.co/Ij2a4NQAXZ
#FelizDomingo",es,0,0,0,1,0,0,1,0,1,yoconalbert y v cara_vomitando x también votar ciudadanos o pp es colocar al fascismo en las instituciones y darles poder de decisión sobre nuestras vidas toni cantó se muestra partidario de repetir el pacto andaluz en la generalitat valenciana [url] felizdomingo
388223809631b673623fa9368606e369,YOCONALBERT,0,#YoConAlbert la gran estafa política... https://t.co/2wrXnyXavT,es,0,0,0,0,0,0,1,0,1,yoconalbert la gran estafa política [url]
25b0376f184e657cee6db26105e5189d,YOCONALBERT,0,"La candidatura oficialista de Rivera en CyL, fiel al estilo de #YoConAlbert on https://t.co/60wPN6Gm21",es,0,0,0,0,0,0,0,0,0,la candidatura oficialista de rivera en cyl fiel al estilo de yoconalbert on [url]
bed3c48c8e56c3623b1466f4a9ec3fa7,YOCONALBERT,0,"🍊 Los separatistas que apoyan a Pedro Sánchez, cierran los Parlamentos

#YoConAlbert https://t.co/qS9EooRWR5",es,0,0,0,1,0,0,0,0,0,mandarina los separatistas que apoyan a pedro sánchez cierran los parlamentos yoconalbert [url]
9cf7bd3f423038b614e64873682f954c,YOCONALBERT,0,"En #Madrid con @Albert_Rivera:

✅ Parar los pies a los partidos separatistas
✅ Gobernar con los mejores
✅ Impulsar un gran diálogo nacional 
🇪🇸 Y me comprometo a que España recupere una posición de liderazgo en Europa y en Iberoamérica""",es,0,0,0,3,0,0,0,1,0,en madrid con [user] botón_de_marca_de_verificación parar los pies a los partidos separatistas botón_de_marca_de_verificación gobernar con los mejores botón_de_marca_de_verificación impulsar un gran diálogo nacional bandera_españa y me comprometo a que españa recupere una posición de liderazgo en europa y en iberoamérica
c5b526dd98b22d38551bd39f088e36a3,YOCONALBERT,0,"📽️ @Albert_Rivera Me comprometo a un diálogo nacional con la sociedad civil sobre los asuntos de Estado que han estado guardados en un cajón""",es,0,0,0,1,0,0,0,1,0,proyector_de_cine [user] me comprometo a un diálogo nacional con la sociedad civil sobre los asuntos de estado que han estado guardados en un cajón
c5b19ff7ae2ef98ec8d86ccfdaed6a6a,YOCONALBERT,0,#YoConAlbert ni a la vuelta de la esquina,es,0,0,0,0,0,1,0,0,0,yoconalbert ni a la vuelta de la esquina
55563dba26d0733ba2e95ebda019ee23,YOCONALBERT,0,"#YoConAlbert
Rivera no tiene rivales pero su candidata gana por solo 35 votos el pulso en Castilla y León""",es,0,0,0,0,0,1,0,1,0,yoconalbert rivera no tiene rivales pero su candidata gana por solo 35 votos el pulso en castilla y león
4a405c9b7dc442fe7ba9a8e5af5ee3c4,YOCONALBERT,0,"#YoConAlbert me aburro mucho... 
Es q solo me habla d Cataluña y sus mierdas fantasiosas... 
Es muy pesao... 
Nada que paso de el. Si llama no le cojais q como empiece con sus paranoias no para y aun por encima se trae a la Inés, que es aun peor la tia con sus uteros de alquiler. https://t.co/xpnXKIjs5z",es,0,0,0,0,0,3,3,0,3,yoconalbert me aburro mucho es q solo me habla d cataluña y sus mierdas fantasiosas es muy pesao nada que paso de el si llama no le cojais q como empiece con sus paranoias no para y aun por encima se trae a la inés que es aun peor la tia con sus uteros de alquiler [url]
2eb5337ad32b2bcd978835cde7d5fa05,YOCONALBERT,0,"👩🏽‍⚕️👨🏼‍🏫👩🏻‍✈️ En @CiudadanosCs estamos abiertos al talento, porque creemos en el gobierno de los mejores.

👉🏼 Defendemos un proyecto basado en la libertad y la igualdad, que vuelva a unir a los españoles. #YoConAlbert https://t.co/kKzJATTxNx",es,0,0,0,11,0,0,0,0,0,profesional_sanitario_mujer_tono_de_piel_medio docente_hombre_tono_de_piel_claro_medio piloto_mujer_tono_de_piel_claro en [user] estamos abiertos al talento porque creemos en el gobierno de los mejores dorso_de_mano_con_índice_a_la_derecha_tono_de_piel_claro_medio defendemos un proyecto basado en la libertad y la igualdad que vuelva a unir a los españoles yoconalbert [url]
b57c4ea2728859d9387a0c54b0e50505,YOCONALBERT,0,Como pasa el tiempo!!!#YoConAlbert https://t.co/hlSgPGw3Y5,es,3,0,0,0,0,0,1,0,0,como pasa el tiempo yoconalbert [url]
957f743c1406bca21bc5ecd7453d0793,YOCONALBERT,0,"👥 Ciudadanos nació en 2006, para defender con las herramientas de la Democracia la igualdad de todos🍊

#YoConAlbert https://t.co/OsjPW4BXww",es,0,0,0,2,0,0,0,0,0,dos_siluetas_de_bustos ciudadanos nació en 2006 para defender con las herramientas de la democracia la igualdad de todos mandarina yoconalbert [url]
b1a7c30f27e066ba21bcf4ae467c66e6,YOCONALBERT,0,"🎥 @Albert_Rivera Mi primer compromiso es frenar en seco a los políticos separatistas"".",es,0,0,0,1,0,0,0,1,0,cámara_de_cine [user] mi primer compromiso es frenar en seco a los políticos separatistas
dd73cbaed4280d2fd133aa55b93f7f5f,YOCONALBERT,0,#YoConAlbert ni a pedir limosna. Los farsantes no son buenos compañeros de viaje.,es,0,0,0,0,0,2,0,0,0,yoconalbert ni a pedir limosna los farsantes no son buenos compañeros de viaje
b568695579c5ca437ad96ab9467f3ff1,YOCONALBERT,0,#YoConAlbert la gran estafa política.... https://t.co/1j2Az7E0hW,es,0,0,0,0,0,0,1,0,1,yoconalbert la gran estafa política [url]
746a0689edf721530868206ee858f5c3,YOCONALBERT,0,"⛔ Ciudadanos, no va a permitir simulacros de referéndum como hizo el Partido Popular, provocando la ruptura de la sociedad

#YoConAlbert https://t.co/JA73Tvp5BU",es,0,0,0,1,0,1,0,0,0,dirección_prohibida ciudadanos no va a permitir simulacros de referéndum como hizo el partido popular provocando la ruptura de la sociedad yoconalbert [url]
ea697767fb375cc99a58ccca4287bc01,YOCONALBERT,0,#YoConAlbert no voy ni a la vuelta de la esquina,es,0,0,0,0,0,2,0,0,0,yoconalbert no voy ni a la vuelta de la esquina
f6b05c447f648a946db43f6e177ca74b,YOCONALBERT,0,"🎥 @InesArrimadas Ciudadanos no va a permitir simulacros como ha hecho el Pp en Cataluña""",es,0,0,0,1,0,1,0,1,0,cámara_de_cine [user] ciudadanos no va a permitir simulacros como ha hecho el pp en cataluña
940f80810aafef7231d1d2718b24ac27,YOCONALBERT,0,"#YoConAlbert lo que los grandes medios de comunicación secuestrados por él IBEX-35 ocultan, su desastroso proyecto económico, lógicamente sólo hablan de banderas y Cataluña..... https://t.co/VQ6aDMBgdm",es,0,0,1,0,0,0,1,0,1,yoconalbert lo que los grandes medios de comunicación secuestrados por él ibex 35 ocultan su desastroso proyecto económico lógicamente sólo hablan de banderas y cataluña [url]
f6e9d657283ac3e09c862f07eac6a5fc,YOCONALBERT,0,"🎥 @Albert_Rivera Me comprometo a formar un gobierno con los mejores"".",es,0,0,0,1,0,0,0,1,0,cámara_de_cine [user] me comprometo a formar un gobierno con los mejores
cdde48e2ed50cb5ca69dd14e6ec8ef43,YOCONALBERT,0,🍊 @Albert_Rivera Prometo transparencia,es,0,0,0,1,0,0,0,0,0,mandarina [user] prometo transparencia
101292452202303d9b4c032c09a20eb0,YOCONALBERT,0,"🎥 @Albert_Rivera Me comprometo a poner en marcha las grandes reformas que necesita este país.""",es,0,0,0,1,0,0,0,1,0,cámara_de_cine [user] me comprometo a poner en marcha las grandes reformas que necesita este país
7bd727f0b34e1592c36b288abec36d29,YOCONALBERT,0,"🛑 El Nacionalismo, se está contagiando a otras Comunidades Autónomas, @CiudadanosCs no lo va a consentir

#YoConAlbert https://t.co/fxvwtQhMmq",es,0,0,0,1,0,1,0,0,0,señal_de_stop el nacionalismo se está contagiando a otras comunidades autónomas [user] no lo va a consentir yoconalbert [url]
85be41fa52eb5ec6426733cd0fcbd75e,YOCONALBERT,0,#YoConAlbert no voy ni a la vuelta de la esquina.,es,0,0,0,0,0,2,0,0,0,yoconalbert no voy ni a la vuelta de la esquina
1ae70d44227d3316fb35774acde23e22,YOCONALBERT,0,"🇪🇸Cambiemos esta España paralizada, por la España en marcha, la España que viene, la España próspera, la España que pide cambio

🍊 Este país necesita un proyecto moderno y transversal que una a todos los españoles; que será posible gracias a @Albert_Rivera 
#YoConAlbert https://t.co/MNt8Swrpxq",es,0,0,0,1,0,0,0,0,0,bandera_españa cambiemos esta españa paralizada por la españa en marcha la españa que viene la españa próspera la españa que pide cambio mandarina este país necesita un proyecto moderno y transversal que una a todos los españoles que será posible gracias a [user] yoconalbert [url]
316207aca5bd8fb8dd7907547f39aa6d,YOCONALBERT,0,#YoConAlbert NO!! https://t.co/Pr4hGbIsb0,es,2,0,0,0,0,1,0,0,0,yoconalbert no [url]
3cff2952a2c59be25751d4c9d8eebd14,YOCONALBERT,0,"#YoConAlbert 
Porque con este vídeo sobran las palabras. https://t.co/VvGzdo2bpK",es,0,0,0,0,0,0,0,0,0,yoconalbert porque con este vídeo sobran las palabras [url]
c60d59972e6c099f512ab403d91790fd,YOCONALBERT,0,#YoConAlbert fascismo https://t.co/iiwsh4tBdX,es,0,0,0,0,0,0,0,0,0,yoconalbert fascismo [url]
52979a1765959624e1a473555dafde0a,YOCONALBERT,0,#YoConAlbert el maniquí del IBEX-35... https://t.co/jfeKD3HbTK,es,0,0,1,0,0,0,1,0,1,yoconalbert el maniquí del ibex 35 [url]
fec8d724a693b9c3b47b1ee767eaeace,YOCONALBERT,0,🍊 @Albert_Rivera Quiero que la clase media trabajadora vuelva a soñar con España,es,0,0,0,1,0,0,0,0,0,mandarina [user] quiero que la clase media trabajadora vuelva a soñar con españa
8357bcc0a65eca7d2e89124d103741b7,YOCONALBERT,0,"#YoConAlbert
Yo voy con quien sea menos con Pablo Iglesias y Pedro Sánchez",es,0,0,0,0,0,0,0,0,0,yoconalbert yo voy con quien sea menos con pablo iglesias y pedro sánchez
aa66c3040a673c8a65f3a99528adce7d,YOCONALBERT,0,"El mejor pucherazo castellano-leonés: con chorizo de Cs, al estilo #YoConAlbert https://t.co/spGiqcRW91",es,0,0,0,0,0,0,0,0,0,el mejor pucherazo castellano leonés con chorizo de cs al estilo yoconalbert [url]
907aff8567d5d223a60cc80ac60ae911,YOCONALBERT,0,@CervantesFAQs Feminismo no es ver a la mujer como una papeleta andante con las siglas de PSOE y Podemos. Utilizar a la mujer con fines electoralistas es lo contrario al feminismo. #YoConAlbert https://t.co/sn6cF0udo7,es,0,0,1,0,0,1,0,0,0,[user] feminismo no es ver a la mujer como una papeleta andante con las siglas de psoe y podemos utilizar a la mujer con fines electoralistas es lo contrario al feminismo yoconalbert [url]
f1936c5b2aaade899ba248510c8aabfe,YOCONALBERT,0,"👩 En @CiudadanosCs, defendemos la igualdad sin distinción de sexos ni ideologías
⛔ No aceptamos que nadie nos dé carnés de Feminismo

#YoConAlbert https://t.co/MG0BJyTBRL",es,0,0,0,2,0,4,0,0,0,mujer en [user] defendemos la igualdad sin distinción de sexos ni ideologías dirección_prohibida no aceptamos que nadie nos dé carnés de feminismo yoconalbert [url]
d0da50d48d26e2d21b1a1809a5ac78ac,YOCONALBERT,0,"@CervantesFAQs @Santi_ABASCAL No queremos extremismos verdes y morados ni sempiternas disputas entre rojos y azules. La España moderna y europeísta actual es NARANJA. Por eso, #YoConAlbert",es,0,0,1,0,0,2,0,0,0,[user] [user] no queremos extremismos verdes y morados ni sempiternas disputas entre rojos y azules la españa moderna y europeísta actual es naranja por eso yoconalbert
fb3d0fc471fa82ac74ea6f39554d4f18,YOCONALBERT,0,"#yoconalbert no voy a ningún lado hasta que no empiece a respetar el Art. 14 de nuestra Constitución.

#FelizDiaDeLaMujer #IgualdadReal #CiudadanosNoEsLiberal",es,0,0,0,0,0,3,0,0,0,yoconalbert no voy a ningún lado hasta que no empiece a respetar el art 14 de nuestra constitución felizdiadelamujer igualdadreal ciudadanosnoesliberal
1ac9baca3a4d42ef7db4e6d0b66fcfa1,YOCONALBERT,0,#YoConAlbert ni a coger billetes de 500.,es,0,0,0,0,0,1,0,0,0,yoconalbert ni a coger billetes de 500
68e16fa110c5360d03c3d96f0359831e,YOCONALBERT,0,#YoConAlbert no voy ni loca... capaz de hacer lo contrario de lo que dijo qie haría... vendería a cualquiera por un sillon azul...,es,0,0,0,0,0,2,3,0,3,yoconalbert no voy ni loca capaz de hacer lo contrario de lo que dijo qie haría vendería a cualquiera por un sillon azul
c99f6ceabeea25a83a18bd2be928cd55,YOCONALBERT,0,"El liberalismo es el peor sistema económico que ha conocido el mundo moderno 
#YoConAlbert https://t.co/v0aGvB9sYm",es,0,0,0,0,0,0,0,0,0,el liberalismo es el peor sistema económico que ha conocido el mundo moderno yoconalbert [url]
99ef0135c524fdba98eaf660c02a13f7,YOCONALBERT,0,"🇪🇺 El proyecto de @CiudadanosCs, es Moderno y Europeista
👥 Un proyecto que garantiza la Igualdad, la Democracia, la Solidaridad y la Libertad

#YoConAlbert https://t.co/ucaARDlKvD",es,0,0,0,1,0,0,0,0,0,bandera_unión_europea el proyecto de [user] es moderno y europeista dos_siluetas_de_bustos un proyecto que garantiza la igualdad la democracia la solidaridad y la libertad yoconalbert [url]
95a9e51cafdd25240975237433da40f2,YOCONALBERT,0,🍊 @InesArrimadas “Somos la voz de millones de mujeres y de hombres que quieren la igualdad entre hombres y mujeres” #YoConAlbert https://t.co/nxQ6k8Q07E,es,0,0,0,1,0,0,0,2,0,mandarina [user] somos la voz de millones de mujeres y de hombres que quieren la igualdad entre hombres y mujeres yoconalbert [url]
7d29c6ab2e3f8d64b996637f912839f0,YOCONALBERT,0,Los que van con Albert espero que tengáis dinero para pagaros una sanidad y una educación privada. Luego no vengáis llorando diciendo que no podéis pagar un tratamiento o qué vuestros hijos se quedan sin beca y sin estudiar #YoConAlbert https://t.co/yOVOFAtCpG,es,0,0,0,0,0,4,0,0,0,los que van con albert espero que tengáis dinero para pagaros una sanidad y una educación privada luego no vengáis llorando diciendo que no podéis pagar un tratamiento o qué vuestros hijos se quedan sin beca y sin estudiar yoconalbert [url]
44934ce5a8336dbe06160c66e2f764df,YOCONALBERT,0,"#YoConAlbert denuncian pucherazo en Castilla y León para colocar a la candidata de Rivera Silvia Clemente
https://t.co/HS2IlJWYqL",es,0,0,0,0,0,0,0,0,0,yoconalbert denuncian pucherazo en castilla y león para colocar a la candidata de rivera silvia clemente [url]
7a926747a16238125ef91551a5d80e85,YOCONALBERT,0,Pensaba que era Camus. Pero es el soplagaitas neofacha. Cansino. #YoConAlbert https://t.co/91WODGfKr3,es,0,0,0,0,0,0,0,0,0,pensaba que era camus pero es el soplagaitas neofacha cansino yoconalbert [url]
477d340c6cfb7eb48e7b3fd37b65e37a,YOCONALBERT,0,@_AlbertParis #YoConAlbert #ConElParis me voy de cañas 😉,es,0,0,0,1,0,0,0,0,0,[user] yoconalbert conelparis me voy de cañas cara_guiñando_el_ojo
4ade79a6073e9e385647ececee40d1ab,YOCONALBERT,0,"Un posible 'pucherazo' obliga a paralizar las primarias de Ciudadanos en Castilla y León
#YoConAlbert https://t.co/EHZkEBe1x8",es,0,0,0,0,0,0,0,2,0,un posible pucherazo obliga a paralizar las primarias de ciudadanos en castilla y león yoconalbert [url]
e7447e86e45497d071dd683bd23ac912,YOCONALBERT,0,"Un posible 'pucherazo' obliga a paralizar las primarias de Ciudadanos en Castilla y León.

No encajan los votos emitidos y la suma de los de cada candidato.

Llevan las trampas en los genes.

#PucherazoSensato #YoConAlbert
https://t.co/NvtW5yjgbQ",es,0,0,0,0,0,1,0,2,0,un posible pucherazo obliga a paralizar las primarias de ciudadanos en castilla y león no encajan los votos emitidos y la suma de los de cada candidato llevan las trampas en los genes pucherazosensato yoconalbert [url]
7d45878ecc954faddb031017a149cc66,YOCONALBERT,0,"🎥 @CiudadanoVille Hoy tengo claro que estamos mejor preparados que nunca para afrontar la cita electoral del #28A""",es,0,0,0,1,0,1,0,1,0,cámara_de_cine [user] hoy tengo claro que estamos mejor preparados que nunca para afrontar la cita electoral del 28a
0bfc05615b1f2d77d07cf278e45cae42,YOCONALBERT,0,"🍊 Los tres compromisos de @Albert_Rivera con España:
✅ Parar los pies a los partidos separatistas
✅ Gobernar con los mejores
✅ Impulsar un gran diálogo nacional 
 #YoConAlbert https://t.co/nQKAhYmUsn",es,0,0,0,4,0,0,0,0,0,mandarina los tres compromisos de [user] con españa botón_de_marca_de_verificación parar los pies a los partidos separatistas botón_de_marca_de_verificación gobernar con los mejores botón_de_marca_de_verificación impulsar un gran diálogo nacional yoconalbert [url]
30cd641dd4f122e215c991de0d13fddf,PAÑALESIGLESIAS,1,"@gallifantes @Pablo_Iglesias_ @AdaColau Es cuestión de matemáticas,
hipoteca kingsize,
+ pañales por duplicado
+ necesidades básicas míniMax
+ mutuas privadas
+ moneyvolumen
+ igliesitas/montero en camino
=
+ Moderación externa
+ Pérdida d principios si lo hubo
+ radicalización interna
...
Total una casta nueva.",es,0,0,0,0,0,0,1,0,1,[user] [user] [user] es cuestión de matemáticas hipoteca kingsize pañales por duplicado necesidades básicas mínimax mutuas privadas moneyvolumen igliesitas montero en camino moderación externa pérdida d principios si lo hubo radicalización interna total una casta nueva
bab8a5aebd1d22d01f6d7b105bafc455,PAÑALESIGLESIAS,1,@SergioLujambio @Silvi_ta @Pablo_Iglesias_ El Hombre que Cambió Pañales,es,0,0,0,0,0,0,0,0,0,[user] [user] [user] el hombre que cambió pañales
05503256c049e94ff640a6a058dffde6,PAÑALESIGLESIAS,1,"@MinstDeLaVerdad @Pablo_Iglesias_ Calla, que está preparando la vuELta. No vayas a distraerLE.Que lLEva unos meses y ya es un experto cambiandoLE los pañales a su progenie.",es,0,0,0,0,0,1,0,0,0,[user] [user] calla que está preparando la vuelta no vayas a distraerle que lleva unos meses y ya es un experto cambiandole los pañales a su progenie
3f5d7aef578506236a88dfd07862193f,PAÑALESIGLESIAS,1,@DTrolera @Pablo_Iglesias_ ¿Aparecerán sus vídeos cambiando pañales y dando papillas en breve? El ibex treinta y cinco en vilo. Los publicistas también.,es,0,2,0,0,0,0,0,0,0,[user] [user] aparecerán sus vídeos cambiando pañales y dando papillas en breve el ibex treinta y cinco en vilo los publicistas también
6f508f8921323db94841ac7a5b5c9cc2,PAÑALESIGLESIAS,1,"@ahorapodemos @Pablo_Iglesias_ Ya puedo morir tranquilo, ha vuelto EL. Este dia pasara a la historia y sera recordado. Tras dos meses cambiando pañales vuELve!!!",es,3,0,0,0,0,0,1,0,0,[user] [user] ya puedo morir tranquilo ha vuelto el este dia pasara a la historia y sera recordado tras dos meses cambiando pañales vuelve
fce1219287480f7642436f07c508cdf5,PAÑALESIGLESIAS,1,@Pablo_Iglesias_  estará limpiando culos y cambiando pañales mañana en la @Fnac_ESP,es,0,0,0,0,0,0,0,0,0,[user] estará limpiando culos y cambiando pañales mañana en la [user]
922b3010e089377b55b658e83288a04f,PAÑALESIGLESIAS,1,"@CristinaSegui_ @Pablo_Iglesias_ Tengo una duda, los panales que usan son de usar y tirar? O reutilizables? Por lo del cambio climatico y eso.",es,0,2,0,0,0,0,0,0,0,[user] [user] tengo una duda los panales que usan son de usar y tirar o reutilizables por lo del cambio climatico y eso
522a03de70a91d3f5234bbb5bcd0136d,PAÑALESIGLESIAS,1,@harryelsocio @ChemaVILLAMUERA @hermanntertsch Ha sido duro para @Pablo_Iglesias_ eso de cambiar pañales a pares. 😝😝😝,es,0,0,0,3,0,0,1,0,0,[user] [user] [user] ha sido duro para [user] eso de cambiar pañales a pares cara_con_ojos_cerrados_y_lengua_fuera cara_con_ojos_cerrados_y_lengua_fuera cara_con_ojos_cerrados_y_lengua_fuera
aa71659376c557fcb2bd07d94940ddd9,PAÑALESIGLESIAS,1,"@CristinaSegui_ @Pablo_Iglesias_ Incluirá el el currículum el haber cambiado pañales y limpiado culetes.
Como si el resto de madres y padres, no lo hubiésemos hecho.
El nivel de ridículo siempre es superable.",es,0,0,0,0,0,1,0,0,0,[user] [user] incluirá el el currículum el haber cambiado pañales y limpiado culetes como si el resto de madres y padres no lo hubiésemos hecho el nivel de ridículo siempre es superable
ee43a694d3bff5ad3e2a1c9bff77edb1,PAÑALESIGLESIAS,1,"@CristinaSegui_ @Pablo_Iglesias_ Vaya demagogo. El lunes voy a decir en el trabajo que, como le he limpiado el culo a mis crías y he cambiado los pañales, me siento mas capacitado para realizar mi trabajo. Como si hubiese adquirido un superpoder. 😂😂😂",es,0,0,0,3,0,0,1,0,0,[user] [user] vaya demagogo el lunes voy a decir en el trabajo que como le he limpiado el culo a mis crías y he cambiado los pañales me siento mas capacitado para realizar mi trabajo como si hubiese adquirido un superpoder cara_llorando_de_risa cara_llorando_de_risa cara_llorando_de_risa
efe341f074ad9705b0f2f88c17f5371c,PAÑALESIGLESIAS,1,"@CristinaSegui_ @Pablo_Iglesias_ Entrevista laboral:

-Hábleme de sus cualidades
-Limpio culos y pongo pañales
-Durante cuanto tiempo ha ejercido?
-3 meses
-No se hable más. Contratado",es,0,1,0,0,0,1,0,0,0,[user] [user] entrevista laboral hábleme de sus cualidades limpio culos y pongo pañales durante cuanto tiempo ha ejercido 3 meses no se hable más contratado
1e5f2a67025beca9bb90b02fef0a7817,PAÑALESIGLESIAS,1,"@CristinaSegui_ @Pablo_Iglesias_ Jaajaja si no lo veo no lo creo.
Preparado para presidir un país porque ha cambiado los cuatro pañales que no ha cambiado la chacha. Y porque sabrá lo que es tener que apretarse el cinturón cuando hay un gasto más con los 15m€/mes que se llevarán.",es,0,0,0,0,0,3,0,0,0,[user] [user] jaajaja si no lo veo no lo creo preparado para presidir un país porque ha cambiado los cuatro pañales que no ha cambiado la chacha y porque sabrá lo que es tener que apretarse el cinturón cuando hay un gasto más con los 15m mes que se llevarán
0bd233dc845fe867b4d50c24121d527d,PAÑALESIGLESIAS,1,"@CristinaSegui_ @Pablo_Iglesias_ He cambiado pañales a mi hija a mi hijo , ahora a dos nietas , estoy preparadisimo para gobernar España , atentos mis siglas son PYP",es,0,0,1,0,0,0,0,0,0,[user] [user] he cambiado pañales a mi hija a mi hijo ahora a dos nietas estoy preparadisimo para gobernar españa atentos mis siglas son pyp
135271f3cfd459034e07ef029ecee760,PAÑALESIGLESIAS,1,"@CristinaSegui_ @Pablo_Iglesias_ Que héroe han cambiado pañales,  todos conmigo, presidente,  presidente.",es,0,0,0,0,0,0,0,0,0,[user] [user] que héroe han cambiado pañales todos conmigo presidente presidente
718708044eb29753d575b8854380f02f,PAÑALESIGLESIAS,1,@CristinaSegui_ @Pablo_Iglesias_ Viene de cambiar pañales. Es un auténtico héroe! Ha sido como el regreso del Cid tras la batalla de Alcocer.,es,1,0,0,0,0,0,0,0,0,[user] [user] viene de cambiar pañales es un auténtico héroe ha sido como el regreso del cid tras la batalla de alcocer
56eb09ff8e6ac843bf32b180f55945e6,PAÑALESIGLESIAS,1,"😂😂😂😂 Claro!!! No hace falta nada más para gobernar España!!! Sólo limpiar culos y cambiar pañales. Eso no lo hace nadie, ¿eh! Mi enhorabuena @Pablo_Iglesias_ Sigue limpiando culos, anda, que se te da mejor. ¡Con amoooooór!! 🥰🥰🥰 🇪🇦🇪🇦🇪🇦🇪🇦🇪🇦
https://t.co/fxokRlOffa",es,10,1,0,7,0,4,5,0,0,cara_llorando_de_risa cara_llorando_de_risa cara_llorando_de_risa cara_llorando_de_risa claro no hace falta nada más para gobernar españa sólo limpiar culos y cambiar pañales eso no lo hace nadie eh mi enhorabuena [user] sigue limpiando culos anda que se te da mejor con amooór cara_sonriendo_con_corazones cara_sonriendo_con_corazones cara_sonriendo_con_corazones bandera_ceuta_y_melilla bandera_ceuta_y_melilla bandera_ceuta_y_melilla bandera_ceuta_y_melilla bandera_ceuta_y_melilla [url]
19e7c07666c728ef2a64ea75eff0c200,PAÑALESIGLESIAS,1,"@CristinaSegui_ @Pablo_Iglesias_ Aquí tenemos al hipócrita Iglesias, el único padre que cambia pañales. Muy feminista él sí.",es,0,0,0,0,0,0,0,0,0,[user] [user] aquí tenemos al hipócrita iglesias el único padre que cambia pañales muy feminista él sí
003f1d0fa6d14a8737ccc77f3459818f,PAÑALESIGLESIAS,1,@CristinaSegui_ @Pablo_Iglesias_ Doctorado en cambiar pañales.....,es,0,0,0,0,0,0,1,0,1,[user] [user] doctorado en cambiar pañales
6457dad1206c54f2cbf359650b6b55ba,PAÑALESIGLESIAS,1,"@katalamo @Pablo_Iglesias_ Se le nota contento. Es consciente de que, por fin, ha hecho una cosa positiva: cambiar pañales y dar el biberón.",es,0,0,0,0,0,0,0,0,0,[user] [user] se le nota contento es consciente de que por fin ha hecho una cosa positiva cambiar pañales y dar el biberón
bc59868a2e9d00d333e32188f716fca0,PAÑALESIGLESIAS,1,"@Pablo_Iglesias_ lo mismo podría decir el que limpiaba el culo a @pnique y no consiguió ni contrato legal, pregunta al usurero Echenique por si necesita limpiador

Iglesias:”Después de tres meses limpiando culos y pañales estoy más preparado para gobernar https://t.co/TdG3MjPJXm""",es,0,0,0,0,0,2,0,2,0,[user] lo mismo podría decir el que limpiaba el culo a [user] y no consiguió ni contrato legal pregunta al usurero echenique por si necesita limpiador iglesias después de tres meses limpiando culos y pañales estoy más preparado para gobernar [url]
631f24cc95375e3d5e5630d0da5a8f0c,PAÑALESIGLESIAS,1,@ahorapodemos @Pablo_Iglesias_ Yo también he tenido 3 hijos y cambiado muchos pañales. Nunca se me habría ocurrido ponerlo en mi currículum vitae en el apartado de cursos postgrado. Visto que prepara para ser presidente del gobierno voy a ver si a mí me sirve para aspirar a ministra de sanidad.,es,0,0,0,0,0,1,0,0,0,[user] [user] yo también he tenido 3 hijos y cambiado muchos pañales nunca se me habría ocurrido ponerlo en mi currículum vitae en el apartado de cursos postgrado visto que prepara para ser presidente del gobierno voy a ver si a mí me sirve para aspirar a ministra de sanidad
590c5da57225ae3964957edeb6089203,PAÑALESIGLESIAS,1,"Que alguien le explique a @Pablo_Iglesias_ que despues de limpiar culos y pañales, uno puede asearse. 😎😎😎 https://t.co/jjmQk5EGG0",es,0,0,0,3,0,0,1,0,0,que alguien le explique a [user] que despues de limpiar culos y pañales uno puede asearse cara_sonriendo_con_gafas_de_sol cara_sonriendo_con_gafas_de_sol cara_sonriendo_con_gafas_de_sol [url]
dcecb0c9ff8d42e473ff915426dddfec,PAÑALESIGLESIAS,1,"@Pablo_Iglesias_ @Fernandits80 Eres un héroe, tres meses cambiando pañales.",es,0,0,0,0,0,0,0,0,0,[user] [user] eres un héroe tres meses cambiando pañales
b04a2b9d6e7f8fd206932dc5e04e5535,PAÑALESIGLESIAS,1,"@CristinaSegui_ @Pablo_Iglesias_ Solo le falta grabar un tutorial sobre cambiar pañales. O mejor, llevar a los niños al hemiciclo y cambiarles el pañal en la mesa de los taquígrafos. ¡Qué poca vergüenza!",es,2,0,0,0,0,0,0,0,0,[user] [user] solo le falta grabar un tutorial sobre cambiar pañales o mejor llevar a los niños al hemiciclo y cambiarles el pañal en la mesa de los taquígrafos qué poca vergüenza
534b5be5f3515f1700bb42a0dd22068f,PAÑALESIGLESIAS,1,"Yo he cambiado pañales durante 5 años seguidos, según @Pablo_Iglesias_ estoy preparado para dirigir el universo",es,0,0,0,0,0,0,0,0,0,yo he cambiado pañales durante 5 años seguidos según [user] estoy preparado para dirigir el universo
1f500ec1a9f8ec1418457768e42c15c2,PAÑALESIGLESIAS,1,"Veo en su currículum que ha cambiado pañales, @Pablo_Iglesias_. Ya le llamaremos.",es,0,0,0,0,0,0,0,0,0,veo en su currículum que ha cambiado pañales [user] ya le llamaremos
caf9c07caced3b83eaa419ed74391977,PAÑALESIGLESIAS,1,@CristinaSegui_ @Pablo_Iglesias_ Ahora podrá seguir limpiando el culo a Pedro Sánchez y cambiando los pañales a Carmena...,es,0,0,0,0,0,0,1,0,1,[user] [user] ahora podrá seguir limpiando el culo a pedro sánchez y cambiando los pañales a carmena
476d9e3f780b5e89b173c44ee66801af,PAÑALESIGLESIAS,1,@ionebelarra @Pablo_Iglesias_ @ahorapodemos Nos va a tener que enseñar a cambiar pañales,es,0,0,0,0,0,0,0,0,0,[user] [user] [user] nos va a tener que enseñar a cambiar pañales
61f5e66de6d2561a4b1e2b8fca6f8ebf,PAÑALESIGLESIAS,1,"@CristinaSegui_ @Pablo_Iglesias_ En eso resume lo de ser padre, limpiar culos y cambiar pañales.

Como si viniera de hacer la mili, y con ese tono.
- estuve toda la mili limpiando letrinas y haciendo flexiones.",es,0,0,0,0,0,0,0,0,0,[user] [user] en eso resume lo de ser padre limpiar culos y cambiar pañales como si viniera de hacer la mili y con ese tono estuve toda la mili limpiando letrinas y haciendo flexiones
9704aaa00ada0e7878e7df41868a5c5a,PAÑALESIGLESIAS,1,"Lo que no me queda claro es si @Pablo_Iglesias_ habla de sus hijos, o si el culo que ha limpiado es el de @sanchezcastejon y los pañales que ha cambiado son los de los presos golpistas encarcelados. https://t.co/rtoCTOotRp",es,0,0,0,0,0,1,0,0,0,lo que no me queda claro es si [user] habla de sus hijos o si el culo que ha limpiado es el de [user] y los pañales que ha cambiado son los de los presos golpistas encarcelados [url]
0c31a87e9c0dcdcd9cab60af0f289a19,PAÑALESIGLESIAS,1,@CristinaSegui_ @Pablo_Iglesias_ Llevo casi 4 años limpiando culos y cambiando pañales puesto q tengo dos hijos con poca diferencia de edad y hoy gracias a tí me siento preparado para ser presidente de los Estados Unidos q cosas y yo sin pensarlo.,es,0,0,0,0,0,1,0,0,0,[user] [user] llevo casi 4 años limpiando culos y cambiando pañales puesto q tengo dos hijos con poca diferencia de edad y hoy gracias a tí me siento preparado para ser presidente de los estados unidos q cosas y yo sin pensarlo
034418e094174eea7836334021c32993,PAÑALESIGLESIAS,1,"@danivillacastin @Pablo_Iglesias_ Qué maravilla, un padre cambiando pañales!! Jamás vi una cosa igual, el marqués es digno de todo elogio 😝😝",es,2,0,0,2,0,1,0,0,0,[user] [user] qué maravilla un padre cambiando pañales jamás vi una cosa igual el marqués es digno de todo elogio cara_con_ojos_cerrados_y_lengua_fuera cara_con_ojos_cerrados_y_lengua_fuera
84b488922717d77b248d1fa6112ea47a,PAÑALESIGLESIAS,1,"Una pregunta, Coletas, @Pablo_Iglesias_: Yo cambié pañales a mis dos hijos durante bastante más de 3 meses. Y sin casoplón ni servicio"". ¿Crees que puedo presentarme para Presidente del Gobierno con garantías de éxito? ¡Qué pregunta...Si ha llegado el OKUPA puedo llegar yo! https://t.co/ZHrbMvnnjD""",es,2,2,1,0,0,2,1,2,1,una pregunta coletas [user] yo cambié pañales a mis dos hijos durante bastante más de 3 meses y sin casoplón ni servicio crees que puedo presentarme para presidente del gobierno con garantías de éxito qué pregunta si ha llegado el okupa puedo llegar yo [url]
590963ac423650e2400ac22e5d22594f,PAÑALESIGLESIAS,1,"He criado a tres hijos y jamás se me ocurrió poner lo de los pañales en el currículum.
Y eso que el primero llevaba picos y gasas que había que lavar, por una alergia rara...
Gracias por ampliar mis horizontes, @Pablo_Iglesias_",es,0,0,0,0,0,1,1,0,1,he criado a tres hijos y jamás se me ocurrió poner lo de los pañales en el currículum y eso que el primero llevaba picos y gasas que había que lavar por una alergia rara gracias por ampliar mis horizontes [user]
a6bbdeafe46b82f469d58c97c74c64b0,PAÑALESIGLESIAS,1,@Miotroyo2parte @Pablo_Iglesias_ @sanchezcastejon Dudo mucho que el marqués de Galapagar haya cambiado muchos pañales.,es,0,0,0,0,0,0,0,0,0,[user] [user] [user] dudo mucho que el marqués de galapagar haya cambiado muchos pañales
cae73ca8dfd6293b0673cdf9833ed62e,PAÑALESIGLESIAS,1,"Hasta que @Pablo_Iglesias_ no fue padre, los culos de los niños se dejaban llenos de mierda y los pañales se les dejaban puestos hasta que se caían solos, cual fruta madura. Menos mal que llegó ÉL, oh gran visionario!!!!",es,4,0,0,0,0,1,1,0,0,hasta que [user] no fue padre los culos de los niños se dejaban llenos de mierda y los pañales se les dejaban puestos hasta que se caían solos cual fruta madura menos mal que llegó él oh gran visionario
b15ff91d6d08ffc6cb75a5ca4f18a553,PAÑALESIGLESIAS,1,"@Pablo_Iglesias_ Y en breve otra baja por la niña....hala....oye, cuéntanos como es lo de limpiar pañales, los pones a remojo? La mierda la quitas en caliente o esperas a que se enfrie ....",es,0,1,0,0,0,0,3,0,3,[user] y en breve otra baja por la niña hala oye cuéntanos como es lo de limpiar pañales los pones a remojo la mierda la quitas en caliente o esperas a que se enfrie
09d30c240a394dbf13f0a0f46a7e5db5,PAÑALESIGLESIAS,1,@CristinaSegui_ @Pablo_Iglesias_ Bueno ya sabéis cuál es el requisito fundamental y la prueba de fuego para ser presidente del gobierno. Limpiar culos y poner pañales. Os queda claro?,es,0,1,0,0,0,0,0,0,0,[user] [user] bueno ya sabéis cuál es el requisito fundamental y la prueba de fuego para ser presidente del gobierno limpiar culos y poner pañales os queda claro
744a68a51e70f46aaa03fd67ed13268e,PAÑALESIGLESIAS,1,"- Así que viene usted a por el puesto de trabajo, no? 
- Sí
- Ha traído su currículum? 
- No, pero he estado tres meses limpiando culos y cambiando pañales al cuadrado, tengo dos criaturas 
- No se hable más, contratado, bienvenido a Dodot @Pablo_Iglesias_ 
#UnidasPodemos",es,0,2,0,0,0,3,0,0,0,así que viene usted a por el puesto de trabajo no sí ha traído su currículum no pero he estado tres meses limpiando culos y cambiando pañales al cuadrado tengo dos criaturas no se hable más contratado bienvenido a dodot [user] unidaspodemos
bcf86cdfc1893632acdaf3972a3e6f6d,PAÑALESIGLESIAS,1,"@CristinaSegui_ @Pablo_Iglesias_ Chicos de hoy en día... no hagáis masters, cn 3 meses d cambio d pañales y liempieza d culos  vais sobrados en preparación, tanto como para dirigir un país!! Tremendo",es,2,0,0,0,0,1,1,0,1,[user] [user] chicos de hoy en día no hagáis masters cn 3 meses d cambio d pañales y liempieza d culos vais sobrados en preparación tanto como para dirigir un país tremendo
77fa1ff11560a186fa6ceb4ea61b647e,PAÑALESIGLESIAS,1,Desde aquí mi más sincera felicitación a @Pablo_Iglesias_ por haber cambiado pañales 👏🏻👏🏻👏🏻 no le habrá dado por llevar las bolsas de la compra... detesto al hombre blandengue #pablohero #vergüenzaajena,es,0,0,0,6,0,1,1,0,1,desde aquí mi más sincera felicitación a [user] por haber cambiado pañales manos_aplaudiendo_tono_de_piel_claro manos_aplaudiendo_tono_de_piel_claro manos_aplaudiendo_tono_de_piel_claro no le habrá dado por llevar las bolsas de la compra detesto al hombre blandengue pablohero vergüenzaajena
7f7f1238334bf2438ea5611c80486d61,PAÑALESIGLESIAS,1,"@CristinaSegui_ @Pablo_Iglesias_ Y además muchos trabajando y sin vivir en un casoplón, pero me quedo mas tranquilo si asi están ya preparados para ser Presidentes de Gobierno, no estudien señores, señoras, cambien pañales y llegarán",es,0,0,0,0,0,2,0,0,0,[user] [user] y además muchos trabajando y sin vivir en un casoplón pero me quedo mas tranquilo si asi están ya preparados para ser presidentes de gobierno no estudien señores señoras cambien pañales y llegarán
f4b22ca399986940b6a53dbc52df425b,PAÑALESIGLESIAS,1,"@Pablo_Iglesias_ dice que se siente más preparado para la presidencia por haber estado cambiando pañales durante 3 meses. 
Así está el nivel político en España.
Por esa regla de tres, yo estoy súper preparadísimo para vivir del cuento. Cuánto tiempo he perdido, ostras.",es,0,0,0,0,0,0,0,0,0,[user] dice que se siente más preparado para la presidencia por haber estado cambiando pañales durante 3 meses así está el nivel político en españa por esa regla de tres yo estoy súper preparadísimo para vivir del cuento cuánto tiempo he perdido ostras
2258a7e6eb26d12cc728d50e28369acc,PAÑALESIGLESIAS,1,"@Pablo_Iglesias_ los pañales a tus hijos se los has cambiado o te los has comido? Ya tienes la panza y el chalet, ahora por el puro y los tirantes. Que grande sois los comunistas. https://t.co/qtWgqDSPxn",es,0,1,0,0,0,0,0,0,0,[user] los pañales a tus hijos se los has cambiado o te los has comido ya tienes la panza y el chalet ahora por el puro y los tirantes que grande sois los comunistas [url]
99187ebbe42c517e841ec43ebd08bc68,PAÑALESIGLESIAS,1,"A los de #DerechasODerechos, que le pregunteis a @sanchezcastejon si ha cambiado pañales, que por lo visto @Pablo_Iglesias_ dice que ahora que lo ha hecho se siente mas preparado para ser presidente...",es,0,0,0,0,0,0,1,0,1,a los de derechasoderechos que le pregunteis a [user] si ha cambiado pañales que por lo visto [user] dice que ahora que lo ha hecho se siente mas preparado para ser presidente
5cd8a603a966246b26782e5e83d040d7,PAÑALESIGLESIAS,1,"Currículum vitae de @Pablo_Iglesias_ : machoalfa, azote de las derechas, cambio pañales, limpio culos, arruino países, asesoro a tiranos, mayorista, no limpio pescado https://t.co/uJUG4BZMmS",es,0,0,0,0,0,1,0,0,0,currículum vitae de [user] machoalfa azote de las derechas cambio pañales limpio culos arruino países asesoro a tiranos mayorista no limpio pescado [url]
8f1ec5472faac3e96f7eb4cc43b5dd27,PAÑALESIGLESIAS,1,"@CristinaSegui_ @Pablo_Iglesias_ Atención!!! Padres, madres, abuelos/ellas,  titas y titos,  cuidadores de toda índole:  A más pañales cambiados, mejor currículum. Y cuánto más grande sea el pañal y más kakurrias, mejor puntuados. Ya podemos postularnos para presidentes del gobierno de España..",es,3,0,0,0,0,0,1,0,0,[user] [user] atención padres madres abuelos ellas titas y titos cuidadores de toda índole a más pañales cambiados mejor currículum y cuánto más grande sea el pañal y más kakurrias mejor puntuados ya podemos postularnos para presidentes del gobierno de españa
50479bfe964a2ab783ad9d938cb277f0,PAÑALESIGLESIAS,1,@svaldesfa @Miotroyo2parte @Pablo_Iglesias_ @sanchezcastejon Sabes con mirar la cara si alguien ha cambiado pañales? Eres el nuevo Rappel? Un aire ya tienes...,es,0,2,0,0,0,0,1,0,1,[user] [user] [user] [user] sabes con mirar la cara si alguien ha cambiado pañales eres el nuevo rappel un aire ya tienes
82cf6f42972083dee0ebd839b59723d2,PAÑALESIGLESIAS,1,"@Pablo_Iglesias_ Yo ya sabiendo que cambias los pañales he decido que te voy a votar, ya eres digno de ser presidente",es,0,0,0,0,0,0,0,0,0,[user] yo ya sabiendo que cambias los pañales he decido que te voy a votar ya eres digno de ser presidente
fd8ac92b2de928a7c17ed250491b4904,PAÑALESIGLESIAS,1,@CristinaSegui_ @Pablo_Iglesias_ Es un poco machista como ha hecho lo de limpiar culos y cambiar pañales Puede ser Presidente Es decir que un matrimonio que no tenga hijos y quieran presentarse el o ella a presidente como no limpia culos no cambian pañales no están preparados,es,0,0,0,0,0,4,0,0,0,[user] [user] es un poco machista como ha hecho lo de limpiar culos y cambiar pañales puede ser presidente es decir que un matrimonio que no tenga hijos y quieran presentarse el o ella a presidente como no limpia culos no cambian pañales no están preparados
ea2d9ad880b2d0a0bdf64332eebe0d1e,PAÑALESIGLESIAS,1,"@Pablo_Iglesias_ El 28 la historia la va a escribir VOX.
Pero Bueno, ahora que has estado cambiando pañales 3 meses, ya estás capacitado para trabajar e ir cotizando algo.
Ánimo......se puede.",es,0,0,1,0,0,0,1,0,2,[user] el 28 la historia la va a escribir vox pero bueno ahora que has estado cambiando pañales 3 meses ya estás capacitado para trabajar e ir cotizando algo ánimo se puede
880cd6326b147e5b365eab7195bf7c62,PAÑALESIGLESIAS,1,"Si por cambiar pañales puedes ser presidente del gobierno, ¿¿¿ yo debería ser la emperatriz del Universo conocido por recoger toda la casa eh @Pablo_Iglesias_ ???. 
Si dices más gilipolleces, te regalo una caja de toallitas para el culo.",es,0,6,0,0,0,0,2,0,0,si por cambiar pañales puedes ser presidente del gobierno yo debería ser la emperatriz del universo conocido por recoger toda la casa eh [user] si dices más gilipolleces te regalo una caja de toallitas para el culo
7b8108c03d9ec46ceaec8006a3d2e530,PAÑALESIGLESIAS,1,"@nobilecervus Después de que dijera @Pablo_Iglesias_ que por limpiar culos y pañales está preparado para ser presidente he pensado que yo he tirado mi vida a la basura. Tres hijos, cambiando pañales y limpiando culos y ni un puto ministerio me han dado.",es,0,0,0,0,0,1,0,0,0,[user] después de que dijera [user] que por limpiar culos y pañales está preparado para ser presidente he pensado que yo he tirado mi vida a la basura tres hijos cambiando pañales y limpiando culos y ni un puto ministerio me han dado
f59e4b842c55307b618d277d5fd4c6d1,PAÑALESIGLESIAS,1,Esperando el tweet de Ada Colau diciendo que ella ha limpiado más culos y ha cambiado más pañales que @Pablo_Iglesias_,es,0,0,0,0,0,0,0,0,0,esperando el tweet de ada colau diciendo que ella ha limpiado más culos y ha cambiado más pañales que [user]
74fd90ee782ed0f0e2309f7814a9d59d,PAÑALESIGLESIAS,1,"@Pablo_Iglesias_ el ser que se volvió Todopoderoso cambiando pañales, puede ser? #MarvelStudios https://t.co/bYYDp07tMa",es,0,1,0,0,0,0,0,0,0,[user] el ser que se volvió todopoderoso cambiando pañales puede ser marvelstudios [url]
ef70111f5977d06be6db4fd7e3cd3f0f,PAÑALESIGLESIAS,1,"@canete707 Menudos estadistas que tenemos en la izquierda de este País: @Pablo_Iglesias_ cambiando pañales y limpiando culos, lo que le da una preparación para ser presidente; y @sanchezcastejon tomando decisiones de Estado cómo elegir el colchón con su mujer.
#Mediocres",es,0,0,0,0,0,0,0,0,0,[user] menudos estadistas que tenemos en la izquierda de este país [user] cambiando pañales y limpiando culos lo que le da una preparación para ser presidente y [user] tomando decisiones de estado cómo elegir el colchón con su mujer mediocres
5626f7d96732a409ce1b3d68a023a02f,PAÑALESIGLESIAS,1,@Pablo_Iglesias_ debe ser el único macho español que ha limpiado culos y cambiado pañales. Si eso no os sirve para hacerle presidente plenipotenciario yo ya no sé.,es,0,0,0,0,0,2,0,0,0,[user] debe ser el único macho español que ha limpiado culos y cambiado pañales si eso no os sirve para hacerle presidente plenipotenciario yo ya no sé
ab88079242ef4b37047594970ab65b9d,PAÑALESIGLESIAS,1,@CristinaSegui_ @Dr_Hackenbush @Pablo_Iglesias_ Expone su gran mérito para ser presidente: lavar culos y cambiar pañales. Toda una proeza.,es,0,0,0,0,0,0,0,0,0,[user] [user] [user] expone su gran mérito para ser presidente lavar culos y cambiar pañales toda una proeza
ccd1956d211e071c31ea69760821fb52,PAÑALESIGLESIAS,1,"Si @Pablo_Iglesias_ ha estado limpiando mierda y cambiando pañales durante estos meses, qué ha estado haciendo la chacha?🤨",es,0,1,0,1,0,0,0,0,0,si [user] ha estado limpiando mierda y cambiando pañales durante estos meses qué ha estado haciendo la chacha cara_con_ceja_alzada
cb60580b91d7bcc005b38257c7485d1b,PAÑALESIGLESIAS,1,@canete707 ¿Pondrán el cambio de pañales como asignatura de ciencias políticas en la complu? ¿ Lo propondrá @Pablo_Iglesias_ ?,es,0,4,0,0,0,0,0,0,0,[user] pondrán el cambio de pañales como asignatura de ciencias políticas en la complu lo propondrá [user]
dc16fbe96c7decc693014c9bac612851,PAÑALESIGLESIAS,1,"@madrid13nadamas @Pablo_Iglesias_ Hace 25 que empecé a cambiar pañales. Tres hijos después sigo sin ser presidente del gobierno, no pase de ser presidente de mi comunidad de vecinos y fue por que corrió el turno. Ainsssssss",es,0,0,0,0,0,2,1,0,0,[user] [user] hace 25 que empecé a cambiar pañales tres hijos después sigo sin ser presidente del gobierno no pase de ser presidente de mi comunidad de vecinos y fue por que corrió el turno ainss
2a8639650892ffc651f0daca5637c99d,PAÑALESIGLESIAS,1,"@RuyDiazII @CeliaChavero @CastigadorY @Pablo_Iglesias_ @AFANMADRID Yo he cambiado más pañales que todos vosotros juntos, y no solo de niños, de abuelitos. ¿Dónde me tengo que apuntar para que me paguen cien mil al año por decir gilipolleces?",es,0,2,1,0,0,1,0,0,0,[user] [user] [user] [user] [user] yo he cambiado más pañales que todos vosotros juntos y no solo de niños de abuelitos dónde me tengo que apuntar para que me paguen cien mil al año por decir gilipolleces
1af887545095b04843eae5345a170b18,PAÑALESIGLESIAS,1,"@CristinaSegui_ @Pablo_Iglesias_ Lo q hay q ver es la preparación que tenía, si limpiar culos y poner pañales hacen q ahora este preparado",es,0,0,0,0,0,0,0,0,0,[user] [user] lo q hay q ver es la preparación que tenía si limpiar culos y poner pañales hacen q ahora este preparado
1f931db84a5687ccbe339f4f4f6d6870,PAÑALESIGLESIAS,1,"Me sorprende muchísimo el recibimiento del proletariado a @Pablo_Iglesias_. Parece que viene de la batalla, de encontrar la cura contra el SIDA, de vencer a gigantes... no, llega de cambiar pañales, lo que hemos hecho muchos, y cobrando un salario bestial (como político).",es,0,0,1,0,0,1,1,0,1,me sorprende muchísimo el recibimiento del proletariado a [user] parece que viene de la batalla de encontrar la cura contra el sida de vencer a gigantes no llega de cambiar pañales lo que hemos hecho muchos y cobrando un salario bestial como político
b77b6f20ff181bedd247a6ff712e793d,PAÑALESIGLESIAS,1,"@gabrielrufian Ea, ea, ea, ya pasó. @Pablo_Iglesias_ ven a cambiarle los pañales a Gabriel Rufián.",es,0,0,0,0,0,0,0,0,0,[user] ea ea ea ya pasó [user] ven a cambiarle los pañales a gabriel rufián
78573d19b327d20b7b899a9a78a89740,PAÑALESIGLESIAS,1,Molaría que @Pablo_Iglesias_ pidiera en los debates electorales una competición de cambio de pañales,es,0,0,0,0,0,0,0,0,0,molaría que [user] pidiera en los debates electorales una competición de cambio de pañales
8a2b47694a0d233fbbb1fb706c791372,PAÑALESIGLESIAS,1,"@FranCabce @EmiliaLaura @AinaDiazV @Pablo_Iglesias_ Entonces no podemos escoger representamtes femeninas, porque podría pillarles una cumbre limpiando pañales, si claro, todo muy lógico.",es,0,0,0,0,0,1,0,0,0,[user] [user] [user] [user] entonces no podemos escoger representamtes femeninas porque podría pillarles una cumbre limpiando pañales si claro todo muy lógico
f9617e38c96879b5891e08a3472912cc,PAÑALESIGLESIAS,1,@Nanchinho @Pablo_Iglesias_ lo que ocurre con  PABLO IGLESIAS es que NO tiene el ADN para ser empresario obviamente NO está en su ideología porque odia el capitalismo y el progreso en ESPAÑA por eso se ha doctorado en cambiar pañales en su permiso de paternidad podemista,es,0,0,4,0,0,2,0,0,0,[user] [user] lo que ocurre con pablo iglesias es que no tiene el adn para ser empresario obviamente no está en su ideología porque odia el capitalismo y el progreso en españa por eso se ha doctorado en cambiar pañales en su permiso de paternidad podemista
af2c01436ad858f6133cb56c4b0f9fe7,PAÑALESIGLESIAS,1,"@_Chule_74 @Pablo_Iglesias_ En Venezuela con tener el carnet de conducir y saber en qué paradas tienes que recoger gente con el autobús que conduces puedes llegar a ser dictador. Con ese nivel, lógico que el nieto del chekista aspira a Presi solo cambiando pañales.",es,0,0,0,0,0,0,0,0,0,[user] [user] en venezuela con tener el carnet de conducir y saber en qué paradas tienes que recoger gente con el autobús que conduces puedes llegar a ser dictador con ese nivel lógico que el nieto del chekista aspira a presi solo cambiando pañales
3e26f974b2a76889a036b99a2bdf30af,PAÑALESIGLESIAS,1,@TatilloMc @Pablo_Iglesias_ A ver... q el pobre viene de tres meses limpiando culos y cambiando pañales... 😂😂😂,es,0,0,0,3,0,0,3,0,2,[user] [user] a ver q el pobre viene de tres meses limpiando culos y cambiando pañales cara_llorando_de_risa cara_llorando_de_risa cara_llorando_de_risa
d5296932b4ca1dd794491f49d10c553e,PAÑALESIGLESIAS,1,@Pablo_Iglesias_ @Irene_Montero_ El 28 de abril vas a cambiar los pañales a vuestros votos....,es,0,0,0,0,0,0,1,0,1,[user] [user] el 28 de abril vas a cambiar los pañales a vuestros votos
37b68d5bd6cb27fe0070f34e9ff65369,PAÑALESIGLESIAS,1,"@maxpradera @Pablo_Iglesias_ Lo he visto 3 veces y no he encontrado la agresividad d @hilariopino x ningún lado.... 🤷🏼‍♂️🤷🏼‍♂️🤷🏼‍♂️ eso si, agresividad el #MachoAlfa tiene a raudales...,  perdón quería decir al primer hombre q  limpia culos y pañales en 🇪🇸, algo q le ha convertido en Churchill #LaHistoriaLaEscribesTú",es,0,0,0,9,0,2,2,0,2,[user] [user] lo he visto 3 veces y no he encontrado la agresividad d [user] x ningún lado hombre_encogido_de_hombros_tono_de_piel_claro_medio hombre_encogido_de_hombros_tono_de_piel_claro_medio hombre_encogido_de_hombros_tono_de_piel_claro_medio eso si agresividad el machoalfa tiene a raudales perdón quería decir al primer hombre q limpia culos y pañales en bandera_españa algo q le ha convertido en churchill lahistorialaescribestú
e798ea3db0f1588980d9d85b7a26ef76,PAÑALESIGLESIAS,1,@RubenRuben2112 @Pablo_Iglesias_ @Irene_Montero_ @agarzon Veo a la próxima generación sabiendo cambiar pañales y sin estudios secundarios,es,0,0,0,0,0,1,0,0,0,[user] [user] [user] [user] veo a la próxima generación sabiendo cambiar pañales y sin estudios secundarios
29d7f2e61e4cfe9bd2853eca6a1fb9b7,PAÑALESIGLESIAS,1,"@CristinaSegui_ @Pablo_Iglesias_ 😂😂😂😂😂😂😂😂😂😂ha hecho un Máster de limpiar culos y cambiar pañales requisito indispensable para ser presidente del gobierno. 😂😂😂😂lo mejor, la cara de lerdo cuando lo ha dicho.",es,0,0,0,14,0,0,2,0,0,[user] [user] cara_llorando_de_risa cara_llorando_de_risa cara_llorando_de_risa cara_llorando_de_risa cara_llorando_de_risa cara_llorando_de_risa cara_llorando_de_risa cara_llorando_de_risa cara_llorando_de_risa cara_llorando_de_risa ha hecho un máster de limpiar culos y cambiar pañales requisito indispensable para ser presidente del gobierno cara_llorando_de_risa cara_llorando_de_risa cara_llorando_de_risa cara_llorando_de_risa lo mejor la cara de lerdo cuando lo ha dicho
6d2888c00c0fb9dc9be039780f4ac23c,PAÑALESIGLESIAS,1,"@Pablo_Iglesias_  dice que sabe cambiar pañales, pero sigue siendo incapaz de arreglarse antes de aparecer ante las cámaras.",es,0,0,0,0,0,0,0,0,0,[user] dice que sabe cambiar pañales pero sigue siendo incapaz de arreglarse antes de aparecer ante las cámaras
4cfbe3b4db23b7ca5858995152040b2b,PAÑALESIGLESIAS,1,"@currusquita @NBAMaria38 @Pablo_Iglesias_ Ya mismo me voy a Bruselas, voy a dar la campanada.
Más pañales que yo..... habrá pocos.",es,0,0,0,0,0,0,1,0,1,[user] [user] [user] ya mismo me voy a bruselas voy a dar la campanada más pañales que yo habrá pocos
82167672c3a907397853552cc6fbf9ca,PAÑALESIGLESIAS,1,"@ahorapodemos @Pablo_Iglesias_ O quien está capacitado para dirigir un país porque cambia pañales.
A saber. 🤔",es,0,0,0,1,0,0,0,0,0,[user] [user] o quien está capacitado para dirigir un país porque cambia pañales a saber cara_pensativa
7cdc9faaa6e0205b3efc61f6de7e41f8,PAÑALESIGLESIAS,1,@HeiwaPaz @Pablo_Iglesias_ @ahorapodemos Y desde que limpia culos y quita pañales mucho mejor ¡,es,1,0,0,0,0,0,0,0,0,[user] [user] [user] y desde que limpia culos y quita pañales mucho mejor
4ed8f925195c02e2d07937f673942c6f,PAÑALESIGLESIAS,1,A ver si @Pablo_Iglesias_ es el primer y único español q cambia pañales y no nos hemos enterado!!!!! https://t.co/2gfyxck4uR,es,5,0,0,0,0,1,1,0,0,a ver si [user] es el primer y único español q cambia pañales y no nos hemos enterado [url]
34e8dc220653f4ddfa1967ad1238988c,PAÑALESIGLESIAS,1,"@Pablo_Iglesias_ @Pablo_Iglesias_ he cambiado pañales y limpiado culos durante años, AÑOS!!.
Creo que puedo ir de numero 2 por Madrid en tú partido.",es,2,0,1,0,0,0,0,0,0,[user] [user] he cambiado pañales y limpiado culos durante años años creo que puedo ir de numero 2 por madrid en tú partido
0f74458dc38fa72b5d7c5326f33e5937,PAÑALESIGLESIAS,1,"@CiudadanaMartaR Marta pero que te has pensado? No le quites méritos a @Pablo_Iglesias_ , el primer hombre en cambiar pañales.💪🏻",es,0,1,0,2,0,1,0,0,0,[user] marta pero que te has pensado no le quites méritos a [user] el primer hombre en cambiar pañales bíceps_flexionado_tono_de_piel_claro
8d1d77edb6fe25f27a2d5edd62d1b5a8,PAÑALESIGLESIAS,1,@_Chule_74 @Pablo_Iglesias_ Podríamos añadir este detalle a nuestro CV. “Experta limpiadora de culos con mención cum laude en cambiadora de pañales” https://t.co/qikTYGSCTU,es,0,0,0,0,0,0,0,2,0,[user] [user] podríamos añadir este detalle a nuestro cv experta limpiadora de culos con mención cum laude en cambiadora de pañales [url]
285d9033885d0b996b62ffe0e5c271a2,PAÑALESIGLESIAS,1,"@Santi_ABASCAL @Pablo_Iglesias_ cada día que asa eres más impresentable; vete a cambiar pañales, por favor, y si es a Venezuela mejor; ahhhh que allí ya no hay ni pañales pero tú mirando para otro lado",es,0,0,0,0,0,2,1,0,0,[user] [user] cada día que asa eres más impresentable vete a cambiar pañales por favor y si es a venezuela mejor ahh que allí ya no hay ni pañales pero tú mirando para otro lado
67ea92ca830d03ce1ca4dea253163e1e,PAÑALESIGLESIAS,1,"Recuerdo haberme hartado de cambiarle los pañales y limpiarles el culo a mis dos hijos, pero no recuerdo haberme sentido mas capacitado para ser presidente del gobierno por ello. También he dicho muchísimas estupideces en mi vida, eso si tengo en común con @Pablo_Iglesias_",es,0,0,0,0,0,1,0,0,0,recuerdo haberme hartado de cambiarle los pañales y limpiarles el culo a mis dos hijos pero no recuerdo haberme sentido mas capacitado para ser presidente del gobierno por ello también he dicho muchísimas estupideces en mi vida eso si tengo en común con [user]
7f1c42cbac9ec65b72c4ada2f8604d72,PAÑALESIGLESIAS,1,"@pnique Contrátalo a @Pablo_Iglesias_ que ya tiene experiencia en limpiar culos y cambiar pañales. Y como es colega, no tienes que pagarle los seguros sociales, ni nada.",es,0,0,0,0,0,3,0,0,0,[user] contrátalo a [user] que ya tiene experiencia en limpiar culos y cambiar pañales y como es colega no tienes que pagarle los seguros sociales ni nada
9b6329349542da4d6e45b34afd6717dc,PAÑALESIGLESIAS,1,@CristinaSegui_ @Pablo_Iglesias_ Es que cambiar pañales imprime carácter 😂😂😂😂😂,es,0,0,0,5,0,0,1,0,0,[user] [user] es que cambiar pañales imprime carácter cara_llorando_de_risa cara_llorando_de_risa cara_llorando_de_risa cara_llorando_de_risa cara_llorando_de_risa
ce80317364d912ed3d915a97783e7f58,PAÑALESIGLESIAS,1,"Yo no tengo hijos,pero si sobri...Y estoy muy muy ilusionada!!Ya puedo ser presidenta del gobierno como @Pablo_Iglesias_ por qué yo tb he cambiado pañales!!yuhuuu...Lo de tener estudios ,ser honrada,responsable,trabajar por el bienestar de España etc...lo dejo para otro día?🤔",es,4,1,0,1,0,1,4,0,3,yo no tengo hijos pero si sobri y estoy muy muy ilusionada ya puedo ser presidenta del gobierno como [user] por qué yo tb he cambiado pañales yuhuu lo de tener estudios ser honrada responsable trabajar por el bienestar de españa etc lo dejo para otro día cara_pensativa
4caf8bdc8a30b28fcd003cf5295f7190,PAÑALESIGLESIAS,1,"@Miotroyo2parte @Pablo_Iglesias_ @sanchezcastejon De ahora en adelante tenemos q incluir en los CV, el título d cambiador d pañales, es importante esa experiencia para conseguir trabajos y ascender los q ya lo tenemos.",es,0,0,0,0,0,0,0,0,0,[user] [user] [user] de ahora en adelante tenemos q incluir en los cv el título d cambiador d pañales es importante esa experiencia para conseguir trabajos y ascender los q ya lo tenemos
e475e4d7144996ae272620fb52ac3527,PAÑALESIGLESIAS,1,"@nachoalvarez_ @Pablo_Iglesias_ @Pablo_Iglesias_, te vas a tirar más tiempo limpiando pañales que dirigiendo Unidxs podemxs.",es,0,0,0,0,0,0,0,0,0,[user] [user] [user] te vas a tirar más tiempo limpiando pañales que dirigiendo unidxs podemxs
8340d0436a0043d2bf6c634be303d59a,PAÑALESIGLESIAS,1,#SalvadosProcés; la segunda venida de @Pablo_Iglesias_ se ha resumido en que ahora cambia pañales en su casoplón... Por fin ha hecho algo de provecho en su vida. https://t.co/MznD99Vou7,es,0,0,0,0,0,0,1,0,1,salvadosprocés la segunda venida de [user] se ha resumido en que ahora cambia pañales en su casoplón por fin ha hecho algo de provecho en su vida [url]
a27e6eb1b03ebf8c00a3f2232e1f40c7,PAÑALESIGLESIAS,1,"@claega_clara @ahorapodemos @Pablo_Iglesias_ Por cierto, ¿el de la vuelta de Irene no lo tienen? O uno de Pablo cambiando pañales, calentando el bibe, jugando a cucutras...
Nunca en la historia de la humanidad unos padres habían cuidado de sus hijos. Estamos anonadados",es,0,2,0,0,0,2,1,0,1,[user] [user] [user] por cierto el de la vuelta de irene no lo tienen o uno de pablo cambiando pañales calentando el bibe jugando a cucutras nunca en la historia de la humanidad unos padres habían cuidado de sus hijos estamos anonadados
c2349e1cb8856e04007be5b0b5a2b319,PAÑALESIGLESIAS,1,"@Pablo_Iglesias_ Dónde se puede convalidar el título de Limpiaculismo?
Dejé de hacerlo hace 3 años cuando mi segunda hija dejó de usar pañales. Estoy todavía a tiempo de poder ser mejor profesional o llegó fuera de plazo?",es,0,2,0,0,0,0,0,0,0,[user] dónde se puede convalidar el título de limpiaculismo dejé de hacerlo hace 3 años cuando mi segunda hija dejó de usar pañales estoy todavía a tiempo de poder ser mejor profesional o llegó fuera de plazo
490ed2f9f617d1d802daa34c8e648062,PAÑALESIGLESIAS,1,"Hola @AdaColau . Y a ti, cambiar pañales, no te ha hecho sentirte mejor preparada para ser alcaldesa, como a @Pablo_Iglesias_ ?",es,0,1,0,0,0,1,0,0,0,hola [user] y a ti cambiar pañales no te ha hecho sentirte mejor preparada para ser alcaldesa como a [user]
ccd352ff7134975bb1546996c39f1ca1,PAÑALESIGLESIAS,1,"@Santi_ABASCAL 😂😂🤣¡Que estupidez + grande dice @Pablo_Iglesias_  Si por limpiar culos y cambiar pañales 3meses te ves más preparado para ser “Presidente” cualquier madre d España podría serlo también, debe ser que cambiar pañales te da mucha experiencia política y te prepara para ese cargo🤔",es,1,0,0,4,0,0,0,2,0,[user] cara_llorando_de_risa cara_llorando_de_risa cara_revolviéndose_de_la_risa que estupidez grande dice [user] si por limpiar culos y cambiar pañales 3meses te ves más preparado para ser presidente cualquier madre d españa podría serlo también debe ser que cambiar pañales te da mucha experiencia política y te prepara para ese cargo cara_pensativa
d30c6386fae9f5d8f155f7fc921d678c,PAÑALESIGLESIAS,1,"@pasandoeldia1 @Pablo_Iglesias_ @pnique Iglesias:”Después de tres meses limpiando culos y pañales estoy más preparado para gobernar... Aunque sigo oliendo a mierda por todos lados... Quíén coño se ha cagao ahora?""",es,0,1,0,0,0,0,2,2,2,[user] [user] [user] iglesias después de tres meses limpiando culos y pañales estoy más preparado para gobernar aunque sigo oliendo a mierda por todos lados quíén coño se ha cagao ahora
dcadde6b9bd61227917fba92ec654fe6,PAÑALESIGLESIAS,1,"Dice mi prima, forofa de @GranHermanoHD , que una tal Sofía dice que su madre está preparada para ser presidenta de España. Como según @Pablo_Iglesias_ cambiar pañales nos hace aptos para acceder a tal puesto, tras el descalabro de su partido, quizás hasta le convenga ficharla.",es,0,0,0,0,0,0,0,0,0,dice mi prima forofa de [user] que una tal sofía dice que su madre está preparada para ser presidenta de españa como según [user] cambiar pañales nos hace aptos para acceder a tal puesto tras el descalabro de su partido quizás hasta le convenga ficharla
115ee9faa227719640a7e1713efb8739,PAÑALESIGLESIAS,1,@ahorapodemos @Pablo_Iglesias_ Uy! tengo pañales que cambiar. Estoy entrenando para ser un gran presidente de gobierno,es,1,0,0,0,0,0,0,0,0,[user] [user] uy tengo pañales que cambiar estoy entrenando para ser un gran presidente de gobierno
40c6b107271cd3105d926ce114834052,PAÑALESIGLESIAS,1,"@canete707 Me hallo pensando que si @Pablo_Iglesias_  está más preparado para ser Presidente después de 3 meses limpiando 🍑 y cambiando pañales, entonces yo que llevo 4 años estoy lista para La Casablanca! https://t.co/rr5Xe79Fmz",es,1,0,0,1,0,0,0,0,0,[user] me hallo pensando que si [user] está más preparado para ser presidente después de 3 meses limpiando melocotón y cambiando pañales entonces yo que llevo 4 años estoy lista para la casablanca [url]
87fc4c5a1c9562c4cbaca10201ac28a5,PAÑALESIGLESIAS,1,"Si @Pablo_Iglesias_ se siente mejor preparado por cambiar pañales a dos bebés, yo puedo ser Emperador",es,0,0,0,0,0,0,0,0,0,si [user] se siente mejor preparado por cambiar pañales a dos bebés yo puedo ser emperador
b2cc5ce3667bc6d447f5a870a538a9ef,PAÑALESIGLESIAS,1,"Yo como @Pablo_Iglesias_ he cambiado pañales. Dado que eso cuenta en el CV para ser Presidente,  hay algún número 1 en alguna lista? El sueldo podemos hablarlo.",es,0,1,0,0,0,0,0,0,0,yo como [user] he cambiado pañales dado que eso cuenta en el cv para ser presidente hay algún número 1 en alguna lista el sueldo podemos hablarlo
db3009cd2a45c80cb70a1dcd26c74eb1,PAÑALESIGLESIAS,1,@ahorapodemos @Pablo_Iglesias_ @NetflixES deberia sacar una serie sobre sus tres heroicos meses cambiado pañales. Algo inaudito.,es,0,0,0,0,0,0,0,0,0,[user] [user] [user] deberia sacar una serie sobre sus tres heroicos meses cambiado pañales algo inaudito
be7bf825eb15fe3fb5f64ac2dd6b28bd,PAÑALESIGLESIAS,1,"Feliz lunes @Pablo_Iglesias_ no te quiero amargar la semana,pero sabes que te quedan en el mejor de los casos 2 años de cambiar pañales ?",es,0,1,0,0,0,1,0,0,0,feliz lunes [user] no te quiero amargar la semana pero sabes que te quedan en el mejor de los casos 2 años de cambiar pañales
b491d72b34a0bcfba3fb4aa2dfc57ada,PAÑALESIGLESIAS,1,@RafaelCasadoVOX @Pablo_Iglesias_ @Irene_Montero_ Bueno ya que va a pique y sabe cambiar pañales que use el chalé de guardería!!! Así se recicla 🤣🤣🤣🤣,es,3,0,0,4,0,0,2,0,0,[user] [user] [user] bueno ya que va a pique y sabe cambiar pañales que use el chalé de guardería así se recicla cara_revolviéndose_de_la_risa cara_revolviéndose_de_la_risa cara_revolviéndose_de_la_risa cara_revolviéndose_de_la_risa
f4771d56f0c745b038e53a71945ee082,PAÑALESIGLESIAS,1,@Pablo_Iglesias_  después de limpiar culos y cambiar pañales no se está preparado para ser presidente. Eso dijo Maduro en Venezuela después de ser chófer de autobús.,es,0,0,0,0,0,1,0,0,0,[user] después de limpiar culos y cambiar pañales no se está preparado para ser presidente eso dijo maduro en venezuela después de ser chófer de autobús
0d13d748983379cfc60bde60ca19e741,PAÑALESIGLESIAS,1,@europapress Pues resulta que @Pablo_Iglesias_ es el primer papa que cambia pañales,es,0,0,0,0,0,0,0,0,0,[user] pues resulta que [user] es el primer papa que cambia pañales
3b8bd594b438abb35dd71fb6d60a03c7,PAÑALESIGLESIAS,1,"@CristinaSegui_ @Pablo_Iglesias_ Nunca he conocido a un hombre de verdad que le haya cambiado los pañales a sus hijos.
Un hombre no hace eso.
Eso lo hace normalmente el Espíritu Santo, que como es paloma, no es ni hombre ni masculino.
Merece la Presidencia del Gobierno, sin necesidad de elecciones.
Un héroe !!!",es,3,0,0,0,0,6,1,0,0,[user] [user] nunca he conocido a un hombre de verdad que le haya cambiado los pañales a sus hijos un hombre no hace eso eso lo hace normalmente el espíritu santo que como es paloma no es ni hombre ni masculino merece la presidencia del gobierno sin necesidad de elecciones un héroe
04df5100c39afc04b07b13842ecac670,PAÑALESIGLESIAS,1,"No entiendo que tiene de malo que @Pablo_Iglesias_ presuma de poner y quitar pañales.

Cuando yo tenia 21 años y conseguí mi primer trabajo serio tambien presumia de eso.

@ahorapodemos",es,0,0,0,0,0,1,0,0,0,no entiendo que tiene de malo que [user] presuma de poner y quitar pañales cuando yo tenia 21 años y conseguí mi primer trabajo serio tambien presumia de eso [user]
bae849a37823217a461c784ecbbda291,PAÑALESIGLESIAS,1,Que tranquilidad me da saber que @Pablo_Iglesias_ después de 4 meses de baja paternal cambiando los pañales de sus melizos y mellizas ya está preparado para ser el presidente de España. Así se forjan los grandes estadistas;como debemos ser unos cuantos MM ponte a la cola majete https://t.co/CFvgoGc0xM,es,0,0,0,0,0,0,0,0,0,que tranquilidad me da saber que [user] después de 4 meses de baja paternal cambiando los pañales de sus melizos y mellizas ya está preparado para ser el presidente de españa así se forjan los grandes estadistas como debemos ser unos cuantos mm ponte a la cola majete [url]
b23947261cc6e494f8f9357eb8c2dd4d,PAÑALESIGLESIAS,0,"@sedlr_ @Pablo_Iglesias_ calladito se puede chupar de poltrona... no sabes bien el dineral que cuesta mantener un casoplón con tanto empleado, por no hablar de los pañales, que son carísimos...
tu dices que eres de izquierdas?
😂😂😂😂😂😂😂😂😂",es,0,1,0,9,0,2,3,0,2,[user] [user] calladito se puede chupar de poltrona no sabes bien el dineral que cuesta mantener un casoplón con tanto empleado por no hablar de los pañales que son carísimos tu dices que eres de izquierdas cara_llorando_de_risa cara_llorando_de_risa cara_llorando_de_risa cara_llorando_de_risa cara_llorando_de_risa cara_llorando_de_risa cara_llorando_de_risa cara_llorando_de_risa cara_llorando_de_risa
b8396f81dff7fed63cb5960d9f5a794d,PAÑALESIGLESIAS,0,@ahorapodemos @Pablo_Iglesias_ No has hecho mucho cho en este tiempo cambiando pañales Pablito. Dices las mismas chorradas baratas.,es,0,0,0,0,0,1,0,0,0,[user] [user] no has hecho mucho cho en este tiempo cambiando pañales pablito dices las mismas chorradas baratas
76335d1dcc9f26e9202fae3d2f9e4195,PAÑALESIGLESIAS,0,"@Pablo_Iglesias_  la acabas de cagar refiriéndote al cuidado de tus hijos como limpiando culos y cambiando pañales"". Vaya cagada primo.. @SextaNocheTV""",es,0,0,0,0,0,0,0,2,0,[user] la acabas de cagar refiriéndote al cuidado de tus hijos como limpiando culos y cambiando pañales vaya cagada primo [user]
8d1bca65be1d1409886a6e78655344b2,PAÑALESIGLESIAS,0,"La rata @Pablo_Iglesias_  dice que  limpiar culos y cambiar pañales""  le ha ayudado a ser mejor líder.",es,0,0,0,0,0,0,0,1,0,la rata [user] dice que limpiar culos y cambiar pañales le ha ayudado a ser mejor líder
525b02bb28359bd6471398453a5d69d3,PAÑALESIGLESIAS,0,@ahorapodemos @Pablo_Iglesias_ @SextaNocheTV 🤔🤔🤔🤣🤣🤣 Pero si todas la teles van pa la izquierda colega!!!! Y lo de limpiar culos y cambiar pañales te ha quedaoooo fetén 👌🤦🏻‍♂️🙋🏽‍♂️ciaoooo populista barato,es,4,0,0,13,0,0,5,0,0,[user] [user] [user] cara_pensativa cara_pensativa cara_pensativa cara_revolviéndose_de_la_risa cara_revolviéndose_de_la_risa cara_revolviéndose_de_la_risa pero si todas la teles van pa la izquierda colega y lo de limpiar culos y cambiar pañales te ha quedaoo fetén señal_de_aprobación_con_la_mano hombre_con_la_mano_en_la_frente_tono_de_piel_claro hombre_con_la_mano_levantada_tono_de_piel_medio ciaoo populista barato
ce20e5185185795e414f9908676384ae,PAÑALESIGLESIAS,0,"Sinceramente creo q a @Pablo_Iglesias_ le va a ir mejor limpiando culos y cambiado pañales...

#L6Npabloiglesias",es,0,0,0,0,0,0,1,0,1,sinceramente creo q a [user] le va a ir mejor limpiando culos y cambiado pañales l6npabloiglesias
f542a2816bd72eb332caa6716445c885,PAÑALESIGLESIAS,0,"@SextaNocheTV @Pablo_Iglesias_ El concepto de hacer de padre de @Pablo_Iglesias_   es  limpiar culos y cambiar pañales"" .  Pobre Pablo!!!!  Cómo ha tenido que rebajarse!!!!!!!""",es,11,0,0,0,0,0,3,2,0,[user] [user] el concepto de hacer de padre de [user] es limpiar culos y cambiar pañales pobre pablo cómo ha tenido que rebajarse
a3143ae63d1fc7b8fef67a79e7b0f8ad,PAÑALESIGLESIAS,0,"@ionebelarra @Pablo_Iglesias_ @ahorapodemos Pues yo lo único que he visto es a un exaltado que se cree poseedor de la verdad absoluta. Y que se cree mejor presidente por haberle cambiado pañales a sus hijos, como si fuese el único padre que lo ha hecho .... en fin 🙄",es,0,0,0,1,0,0,1,0,1,[user] [user] [user] pues yo lo único que he visto es a un exaltado que se cree poseedor de la verdad absoluta y que se cree mejor presidente por haberle cambiado pañales a sus hijos como si fuese el único padre que lo ha hecho en fin cara_con_ojos_en_blanco
b03acc55dbc44d9e6347788ef664c97e,PAÑALESIGLESIAS,0,@CristinaSegui_ @Pablo_Iglesias_ Se debe creerse el ombligo del mundo y hay muchos padres q cambian pañales..q pena q a su edad se de cuenta de esa realidad.,es,0,0,0,0,0,0,0,0,0,[user] [user] se debe creerse el ombligo del mundo y hay muchos padres q cambian pañales q pena q a su edad se de cuenta de esa realidad
71ce0694e4775b79791160509666b009,PAÑALESIGLESIAS,0,"@CristinaSegui_ @Pablo_Iglesias_ Este tío es imbécil?
Acaso cree que hasta que no ha llegado él, el resto de padres no han limpiado culos ni cambiado pañales? 
Este ni bedel, simplemete un chupatintas barriobajero.",es,0,2,0,0,0,4,0,0,0,[user] [user] este tío es imbécil acaso cree que hasta que no ha llegado él el resto de padres no han limpiado culos ni cambiado pañales este ni bedel simplemete un chupatintas barriobajero
e7e67397a0d22e7b5de46d2d706e29b2,PAÑALESIGLESIAS,0,@ahorapodemos @Pablo_Iglesias_ Vaya tío más plasta... @Pablo_Iglesias_ haznos un favor y vuELve a tu casita con jardin y piscina a limpiar culos y cambiar pañales (como tu dices) y deja de engañar a la sociedad. Demagogo.,es,0,0,0,0,0,0,1,0,1,[user] [user] vaya tío más plasta [user] haznos un favor y vuelve a tu casita con jardin y piscina a limpiar culos y cambiar pañales como tu dices y deja de engañar a la sociedad demagogo
85b39dd846f95c09872de27f0ada7d48,PAÑALESIGLESIAS,0,@CristinaSegui_ @Pablo_Iglesias_ Vuelve como un héroe después de un permiso de paternidad y parece que hay que ponerle una medalla por cambiar pañales.A este paso si ponemos al coletas en el Gobierno habría que agradecerle que asista al congreso y a los consejos de ministros.,es,0,0,0,0,0,0,0,0,0,[user] [user] vuelve como un héroe después de un permiso de paternidad y parece que hay que ponerle una medalla por cambiar pañales a este paso si ponemos al coletas en el gobierno habría que agradecerle que asista al congreso y a los consejos de ministros
d46bc714a32a586fa22c1dbe0753f068,PAÑALESIGLESIAS,0,"en serio ha dicho @Pablo_Iglesias_  que cambiar pañales le prepara para ser presidente?nada excepcional y que todo el mundo hace,por mucho que haga,este tio sigue siendo un machista de mierda",es,0,1,0,0,0,1,0,0,0,en serio ha dicho [user] que cambiar pañales le prepara para ser presidente nada excepcional y que todo el mundo hace por mucho que haga este tio sigue siendo un machista de mierda
8d3b3011095125cba445005ad76a4486,PAÑALESIGLESIAS,0,"Hoy en Madrid de recibe como héroe a @Pablo_Iglesias_ por estar unas semanas cambiando pañales. Hace unos días, también en Madrid se negó un homenaje a los últimos de filipinas. España es diferente. @ExpositoCOPE @carlosherreracr @rosadiezglez @pepeonet",es,0,0,0,0,0,0,0,0,0,hoy en madrid de recibe como héroe a [user] por estar unas semanas cambiando pañales hace unos días también en madrid se negó un homenaje a los últimos de filipinas españa es diferente [user] [user] [user] [user]
06b8c7bb275a1f0c417b10ffafdb1377,PAÑALESIGLESIAS,0,"@CristinaSegui_ @Pablo_Iglesias_ “Después de pasarme 3 meses limpiando culos y cambiando pañales, ya estoy preparado para ser un buen presidente”.

Trabajadores de geriátricos, preséntense a presidente del gobierno. Lo harán infinitamente mejor que el comunista.",es,0,0,0,0,0,0,0,2,0,[user] [user] después de pasarme 3 meses limpiando culos y cambiando pañales ya estoy preparado para ser un buen presidente trabajadores de geriátricos preséntense a presidente del gobierno lo harán infinitamente mejor que el comunista
3e9e545b45c6a8ef14c6d9e0772ae82e,PAÑALESIGLESIAS,0,"@CristinaSegui_ @Pablo_Iglesias_ ¡ Ay, madre! Limpiar culos y cambiar pañales prepara para ser mejor presidente. 😂😂😂😂😂😂😂😂",es,2,0,0,8,0,0,1,0,0,[user] [user] ay madre limpiar culos y cambiar pañales prepara para ser mejor presidente cara_llorando_de_risa cara_llorando_de_risa cara_llorando_de_risa cara_llorando_de_risa cara_llorando_de_risa cara_llorando_de_risa cara_llorando_de_risa cara_llorando_de_risa
459736352d0be7da3611df523fda2d8a,PAÑALESIGLESIAS,0,"@jemayfe @CristinaSegui_ @Pablo_Iglesias_ A mi me resulta de muy mal gusto hablar de esa forma. “He estado limpiando culos y cambiando pañales”, coño! que son sus hijos! Parece como si estuviese mostrando cierto asco por haber hecho eso. Cualquiera que haya tenido hijos no lo dice así de esa manera tan ordinaria!",es,3,0,0,0,0,1,0,2,0,[user] [user] [user] a mi me resulta de muy mal gusto hablar de esa forma he estado limpiando culos y cambiando pañales coño que son sus hijos parece como si estuviese mostrando cierto asco por haber hecho eso cualquiera que haya tenido hijos no lo dice así de esa manera tan ordinaria
398de989d51fc1f0ce2fd51184c1730a,PAÑALESIGLESIAS,0,"@CristinaSegui_ @Pablo_Iglesias_ Limpiar culos y cambiar pañales es tu preparación ... oído cocina! Por eso quieres ser presidente, para no seguir haciéndolo no? 😂😂😂 después del 28A vas a tener todo el tiempo del mundo para seguir con tus hijos.",es,1,1,0,3,0,2,2,0,1,[user] [user] limpiar culos y cambiar pañales es tu preparación oído cocina por eso quieres ser presidente para no seguir haciéndolo no cara_llorando_de_risa cara_llorando_de_risa cara_llorando_de_risa después del 28a vas a tener todo el tiempo del mundo para seguir con tus hijos
e8a083a040bbb01b65fa978bd01482d3,PAÑALESIGLESIAS,0,"@24h_tve @Pablo_Iglesias_ En esos tres meses ha limpiado culos y cambiado pañales, pero instruirse poco, sigue con lo mismo de siempre pero ahora con menos amigos",es,0,0,0,0,0,0,0,0,0,[user] [user] en esos tres meses ha limpiado culos y cambiado pañales pero instruirse poco sigue con lo mismo de siempre pero ahora con menos amigos
7bce75e6cb837ae1600d2ec4bcad9f8e,PAÑALESIGLESIAS,0,@CristinaSegui_ @Pablo_Iglesias_ Limpiando culos y poniendo pañales no te lo crees ni harto de vino.,es,0,0,0,0,0,2,0,0,0,[user] [user] limpiando culos y poniendo pañales no te lo crees ni harto de vino
976ac6e715bcc7cc0de72a22a30c8c33,PAÑALESIGLESIAS,0,"@ahorapodemos @Pablo_Iglesias_ Como un héroe de la guerra,  viene él, de cambiar pañales.  Vomitivo",es,0,0,0,0,0,0,0,0,0,[user] [user] como un héroe de la guerra viene él de cambiar pañales vomitivo
4f63d480c0e073e502272c4b08bb146d,PAÑALESIGLESIAS,0,"@CristinaSegui_ @Pablo_Iglesias_ Bastante despectivo a la hora de hablar del cuidado de sus hijos, no? Si es verdad que limpió culos y cambió pañales, no lo diga como si fuera algo de otro mundo. O es que a usted no se los cambiaron? Huele que apesta su comentario.",es,0,2,0,0,0,3,0,0,0,[user] [user] bastante despectivo a la hora de hablar del cuidado de sus hijos no si es verdad que limpió culos y cambió pañales no lo diga como si fuera algo de otro mundo o es que a usted no se los cambiaron huele que apesta su comentario
48e9deaacb83d16499af7c0342920ffb,PAÑALESIGLESIAS,0,@CristinaSegui_ @Pablo_Iglesias_ Después de la baja ya no va a cambiar más pañales???,es,0,3,0,0,0,1,1,0,0,[user] [user] después de la baja ya no va a cambiar más pañales
d75354c768a9fd080629feb15ab6d3d6,PAÑALESIGLESIAS,0,"@ahorapodemos @Pablo_Iglesias_ El problema de este país es que hay mucha gente que no llega a fin de mes...

PORQUE OTROS COBRAN CANTIDADES INDECENTES DE DINERO POR CAMBIAR PAÑALES Y LIMPIAR CULOS

PORQUE OTROS IBAN A COBRAR 1800€/MES Y YA PIDEN 2800 CUANDO DEJEN LA POLTRONA

porque sois embusteros,como todos",es,0,0,20,0,0,1,1,0,1,[user] [user] el problema de este país es que hay mucha gente que no llega a fin de mes porque otros cobran cantidades indecentes de dinero por cambiar pañales y limpiar culos porque otros iban a cobrar 1800 mes y ya piden 2800 cuando dejen la poltrona porque sois embusteros como todos
796573863b3fcd08986ef60b82bbf47f,PAÑALESIGLESIAS,0,@CristinaSegui_ @Pablo_Iglesias_ Tiene todas las frases ensayadísimas. Esta de los pañales estaba claro que iba a ser utilizada.,es,0,0,0,0,0,0,0,0,0,[user] [user] tiene todas las frases ensayadísimas esta de los pañales estaba claro que iba a ser utilizada
f52212983e6f6152b245dafe9a357911,PAÑALESIGLESIAS,0,"@Pablo_Iglesias_ tuvo ayer la oportunidad en @laSextaTV en el programa de @_InakiLopez_ de responder a @hilariopino que en no era fundamental su vuelta por el gran equipo que tiene y por su confianza en ellos, sin embargo su soberbia se lo impidio y se enredo entre pañales...",es,0,0,0,0,0,2,1,0,1,[user] tuvo ayer la oportunidad en [user] en el programa de [user] de responder a [user] que en no era fundamental su vuelta por el gran equipo que tiene y por su confianza en ellos sin embargo su soberbia se lo impidio y se enredo entre pañales
63b3c7365cf696535f2214de91788daf,PAÑALESIGLESIAS,0,"@CristinaSegui_ @Pablo_Iglesias_ Vaya idiotez que ha dicho este @Pablo_Iglesias_ , debe creer que es el único padre que ha cambiado pañales a sus hijos. Usted presidente?  Que Dios nos coja  confesados si llegase a serlo, clon de Chávez.",es,0,1,0,0,0,0,0,0,0,[user] [user] vaya idiotez que ha dicho este [user] debe creer que es el único padre que ha cambiado pañales a sus hijos usted presidente que dios nos coja confesados si llegase a serlo clon de chávez
66e98106bee607e9281db05c94ef84b5,PAÑALESIGLESIAS,0,"@azorka13 @LoCreo2 @jemayfe @CristinaSegui_ @Pablo_Iglesias_ Es un auténtico gilipollas. Yo llevo 18 años cuidando de mis hijas, he cambiado pañales, he dormido en hospitales, mi mujer y yo hemos pasado noches en vela, sacrificándonos para darles lo mejor, como la mayoría de los padres. Ahora viene este mermado a darnos lecciones????",es,0,4,0,0,0,0,1,0,0,[user] [user] [user] [user] [user] es un auténtico gilipollas yo llevo 18 años cuidando de mis hijas he cambiado pañales he dormido en hospitales mi mujer y yo hemos pasado noches en vela sacrificándonos para darles lo mejor como la mayoría de los padres ahora viene este mermado a darnos lecciones
1c63dc76b38dc89d26dd8822604c6515,PAÑALESIGLESIAS,0,@Pablo_Iglesias_ sobra “tres meses limpiando culos y cambiado pañales...” esa no es la única tarea que hace una madre en su baja maternal ni con los cuidados de sus hijos 😡 Creo que has cogido la baja por un tema de imagen y no de responsabilidad y corazón https://t.co/IWC2f8wSls,es,0,0,0,1,0,3,1,2,1,[user] sobra tres meses limpiando culos y cambiado pañales esa no es la única tarea que hace una madre en su baja maternal ni con los cuidados de sus hijos cara_cabreada creo que has cogido la baja por un tema de imagen y no de responsabilidad y corazón [url]
d1cbc4c8bc99fc0f4e0bb4b51d5089c5,PAÑALESIGLESIAS,0,@brromm @jemayfe @CristinaSegui_ @Pablo_Iglesias_ Yo es que sigo dudando de que cambiara pañales. Digo yo que alguien habrá tenido que preparar las propuestas para las elecciones.,es,0,0,0,0,0,0,0,0,0,[user] [user] [user] [user] yo es que sigo dudando de que cambiara pañales digo yo que alguien habrá tenido que preparar las propuestas para las elecciones
58f15888c311c62078039be3b5ef943c,PAÑALESIGLESIAS,0,Que @Pablo_Iglesias_ ha cambiado cuatro pañales y ha aprovechado la baja de paternidad para ver series a saco lo saben hasta los chinos.,es,0,0,0,0,0,0,0,0,0,que [user] ha cambiado cuatro pañales y ha aprovechado la baja de paternidad para ver series a saco lo saben hasta los chinos
583a483b482b1dd8263b03d0141a281b,PAÑALESIGLESIAS,0,"@Pablo_Iglesias_ Coletas, estaremos pendientes del ostión que te llevarás el 28 de abril, te viene mejor dedicarte a cambiar pañales en tu casoplón, hablas y hablas pero el casoplón ilegal ahí lo mantienes, das asco Coletas, eres una vergüenza para tu partido.",es,0,0,0,0,0,0,0,0,0,[user] coletas estaremos pendientes del ostión que te llevarás el 28 de abril te viene mejor dedicarte a cambiar pañales en tu casoplón hablas y hablas pero el casoplón ilegal ahí lo mantienes das asco coletas eres una vergüenza para tu partido
e52b0a9ab1a31d2156d38c2d7b765ceb,PAÑALESIGLESIAS,0,"Los tuits virales sobre la reaparición de @Pablo_Iglesias_ en @SextaNocheTV , con @Amartinbeaumont, @_anapastor_ y @AntonioRNaranjo 
https://t.co/55Z7eL2OJO",es,0,0,0,0,0,0,0,0,0,los tuits virales sobre la reaparición de [user] en [user] con [user] [user] y [user] [url]
3e9ecf8c16b1e4e7fda1efbfe184227d,PAÑALESIGLESIAS,0,"@CristinaSegui_ @marialilb @Pablo_Iglesias_ Cambiar pañales, limpiar bebés ¿sólo eso te convierte en padre, o madre? 
¿Qué hay de los abrazos, de las caricias, de los masajistos para mover las tripas cuando lo necesitan, o para arrancar les una sonrisa, de las nanas cantadas un tono más bajo y desafinado...?",es,0,4,0,0,0,0,1,0,1,[user] [user] [user] cambiar pañales limpiar bebés sólo eso te convierte en padre o madre qué hay de los abrazos de las caricias de los masajistos para mover las tripas cuando lo necesitan o para arrancar les una sonrisa de las nanas cantadas un tono más bajo y desafinado
a092de42f4e459116fa4eb96d50a53e1,PAÑALESIGLESIAS,0,"@DiegoItxela @EmiliaLaura @AinaDiazV @Pablo_Iglesias_ A la hora de negociar por Gibraltar o cumbres internacionales no enviamos al presidente por estar cambiando pañales, es una teoría absurda, e ir a negociar no le hace mal padre o madre si fuera el caso.",es,0,0,0,0,0,2,0,0,0,[user] [user] [user] [user] a la hora de negociar por gibraltar o cumbres internacionales no enviamos al presidente por estar cambiando pañales es una teoría absurda e ir a negociar no le hace mal padre o madre si fuera el caso
677503fc426e94e090ac92ce3b6a397b,PAÑALESIGLESIAS,0,"@elespanolcom El puro comentario deja en evidencia que @Pablo_Iglesias_ no puede gobernar ni la papelera en la que desechó los pañales... ¿Qué clase de comparación idiota es esa?... ¿Es que españa es un pañal cagado, y los españoles la mierda que lo ensucia? El tipo es un perfecto imbécil!!!",es,3,4,0,0,0,2,3,0,2,[user] el puro comentario deja en evidencia que [user] no puede gobernar ni la papelera en la que desechó los pañales qué clase de comparación idiota es esa es que españa es un pañal cagado y los españoles la mierda que lo ensucia el tipo es un perfecto imbécil
d25b3e24a20fd3962011610c8a4d2871,PAÑALESIGLESIAS,0,"@jinksenfadao @ahorapodemos @Pablo_Iglesias_ @SextaNocheTV Lo que es una memez es afirmar que se está más preparado para ser presidente por cambiar pañales, la política se ha vuelto un circo.",es,0,0,0,0,0,0,0,0,0,[user] [user] [user] [user] lo que es una memez es afirmar que se está más preparado para ser presidente por cambiar pañales la política se ha vuelto un circo
571608dffd7b71aee0f294f07585e3fc,PAÑALESIGLESIAS,0,"Cómo estará el asunto, @Pablo_Iglesias_, q yo he cambiado tantos pañales como mi mujer, y habré hecho el doble de biberones, hago la colada todos los días, me plancho mi ropa, hago comida y/o cena a medias y es la primera vez q me jacto de ello para demostrarte q das vergüenza. https://t.co/SxBqWZ3FBQ",es,0,0,0,0,0,0,0,0,0,cómo estará el asunto [user] q yo he cambiado tantos pañales como mi mujer y habré hecho el doble de biberones hago la colada todos los días me plancho mi ropa hago comida y o cena a medias y es la primera vez q me jacto de ello para demostrarte q das vergüenza [url]
86ccbbb682af5eac7509ee9fe59a184c,PAÑALESIGLESIAS,0,@jomaesbi1968 @MargaPallas @LovelyMrPitiful @Pablo_Iglesias_ @hjaceituno O los hombres y mujeres que trabajan en residencias o atendiendo a personas mayores que tienen que limpiar culos y poner pañales por un sueldo de miseria o gratis total.Hay que ser imbécil.,es,0,0,0,0,0,0,0,0,0,[user] [user] [user] [user] [user] o los hombres y mujeres que trabajan en residencias o atendiendo a personas mayores que tienen que limpiar culos y poner pañales por un sueldo de miseria o gratis total hay que ser imbécil
882aec0765cde525a7168258ad365218,PAÑALESIGLESIAS,0,@Jasafella @Pablo_Iglesias_ Mi marido ha cambiado más pañales que yo.,es,0,0,0,0,0,0,0,0,0,[user] [user] mi marido ha cambiado más pañales que yo
39f0dcbff8d9b844f3dae45235744e6a,PAÑALESIGLESIAS,0,"@Jasafella @Pablo_Iglesias_ Pablo Iglesias ha cambiado supuestamente pañales (si no lo ha hecho la canguro de los niños), gracias a una baja de paternidad pagada.",es,0,0,0,0,0,1,0,0,0,[user] [user] pablo iglesias ha cambiado supuestamente pañales si no lo ha hecho la canguro de los niños gracias a una baja de paternidad pagada
07bec67788e738d869834d5e9d75ee95,PAÑALESIGLESIAS,0,"@Jasafella @Pablo_Iglesias_ @Irene_Montero_ Venía de limpiar culos y cambiar pañales. Los nuevos méritos de este individuo para ser presidente, según él!!!!!",es,5,0,0,0,0,0,1,0,0,[user] [user] [user] venía de limpiar culos y cambiar pañales los nuevos méritos de este individuo para ser presidente según él
2904ebf5de0408669b49afc3c28e5f13,PAÑALESIGLESIAS,0,"@GuajeSalvaje @Pablo_Iglesias_ tienes las manos y el cerebro lleno de mierda, así no puedes aspirar a influir en nadie para ser alguien en la política española. Sigue con tus pañales y deja de perjudicar a España.",es,0,0,0,0,0,2,0,0,0,[user] [user] tienes las manos y el cerebro lleno de mierda así no puedes aspirar a influir en nadie para ser alguien en la política española sigue con tus pañales y deja de perjudicar a españa
6e1f9870cd19a026ed24447ea70cdce9,PAÑALESIGLESIAS,0,"@antoniorossi Pues parece que lo de cambiar pañales le ha cambiado la vida!
Joer, que él cree que es el ejemplo de hombre comprometido con las tareas del hogar.
Siento decirle que mi padre hace 45 años ya hacía eso y más. Con 6 hijos y sin ayuda externa.
Cómo te quedas, @Pablo_Iglesias_  ?",es,1,1,0,0,0,1,0,0,0,[user] pues parece que lo de cambiar pañales le ha cambiado la vida joer que él cree que es el ejemplo de hombre comprometido con las tareas del hogar siento decirle que mi padre hace 45 años ya hacía eso y más con 6 hijos y sin ayuda externa cómo te quedas [user]
6d16ab7986e5030d3a27b9ceaee930cb,PAÑALESIGLESIAS,0,@ArturoCorazonDe @dhgcorrecaminos Yo he cambiado más pañales que él y a la vez trabajando y ayudando a mi mujer en casa. ¿Qué coño se cree el gilipollas de @Pablo_Iglesias_ que ha inventado?,es,0,2,0,0,0,0,0,0,0,[user] [user] yo he cambiado más pañales que él y a la vez trabajando y ayudando a mi mujer en casa qué coño se cree el gilipollas de [user] que ha inventado
1caa05cf67c40dd9e298d20a66c0b809,PAÑALESIGLESIAS,0,"@CristinaSegui_ @Pablo_Iglesias_ Menudo gilipollas yo después de dar bibes cambiar pañales y sacar al perro le daba el relevo a mi mujer y me iba a descargar camiones y sin dar discursitos que mis compañeros tenían familiares minusválidos o en el paro y yo era el que tenía más suerte, puto payaso..",es,0,0,0,0,0,1,0,0,0,[user] [user] menudo gilipollas yo después de dar bibes cambiar pañales y sacar al perro le daba el relevo a mi mujer y me iba a descargar camiones y sin dar discursitos que mis compañeros tenían familiares minusválidos o en el paro y yo era el que tenía más suerte puto payaso
45d0b93178c8efeeecf152859a46a631,PAÑALESIGLESIAS,0,"@xiscogalvez @MargaPallas @LovelyMrPitiful @Pablo_Iglesias_ @Saramurcia @hjaceituno Está muy bien que los hombres también le deis pal pelo. Ninguna mujer hace este tipo de declaraciones. Lo suyo parece una especie de supremacismo. Hombre blanco, hetero y cambiando pañales.",es,0,0,0,0,0,1,0,0,0,[user] [user] [user] [user] [user] [user] está muy bien que los hombres también le deis pal pelo ninguna mujer hace este tipo de declaraciones lo suyo parece una especie de supremacismo hombre blanco hetero y cambiando pañales
9a50c60538785403d7536506444cd456,PAÑALESIGLESIAS,0,"Sí. Tu partido en crisis y tú te qedas en casita a cambiar pañales. Como para confiar en ti, @Pablo_Iglesias_ https://t.co/w2UC3jEgMI",es,0,0,0,0,0,0,0,0,0,sí tu partido en crisis y tú te qedas en casita a cambiar pañales como para confiar en ti [user] [url]
1fe402a88d1dfac36b2e392d54375a68,PAÑALESIGLESIAS,0,"@Pablo_Iglesias_ Eso, es tu momento, compra pañales de tela para el culo de tus hijos, y friegalos tú para que aprendas, casposo.",es,0,0,0,0,0,0,0,0,0,[user] eso es tu momento compra pañales de tela para el culo de tus hijos y friegalos tú para que aprendas casposo
f49f872ab588b73af26a5d9662cf89e7,PAÑALESIGLESIAS,0,@ropbarVoX @CristinaSegui_ @Pablo_Iglesias_ pero que decís? no tenéis nada mejor para atacarlo que lose cambiar pañales? vaya novelón...,es,0,2,0,0,0,2,1,0,1,[user] [user] [user] pero que decís no tenéis nada mejor para atacarlo que lose cambiar pañales vaya novelón
db38cf85151d40934a867943418ebf6a,PAÑALESIGLESIAS,0,"@CristinaSegui_ @Pablo_Iglesias_ Tres meses sin aparecer, y ahora parece, como bien dice Hilario, que sea el primer padre que ha cambiado pañales....",es,0,0,0,0,0,1,1,0,1,[user] [user] tres meses sin aparecer y ahora parece como bien dice hilario que sea el primer padre que ha cambiado pañales
19969fd6565843925743a8216acc5f8f,PAÑALESIGLESIAS,0,"@jorgepsanz @Pablo_Iglesias_ Lo ha dicho él, ha dicho que se siente más preparado después de pasar tres meses limpiando culos y cambiando pañales""""",es,0,0,0,0,0,0,0,2,0,[user] [user] lo ha dicho él ha dicho que se siente más preparado después de pasar tres meses limpiando culos y cambiando pañales
39b8fa78dba687859b0066585348a56e,PAÑALESIGLESIAS,0,@CristinaSegui_ @Pablo_Iglesias_ Quién no está hecho a las bragas las costuras le hacen llagas. Cambiar pañales no es ninguna heroicidad . A ver cuánto cuesta un paquete de pañales? Tener para pagarlos es lo importante.,es,0,1,0,0,0,3,0,0,0,[user] [user] quién no está hecho a las bragas las costuras le hacen llagas cambiar pañales no es ninguna heroicidad a ver cuánto cuesta un paquete de pañales tener para pagarlos es lo importante
774026bfcbbf7acbfe6625d0c1570f1f,PAÑALESIGLESIAS,0,"@Jasafella @Martadpp @Pablo_Iglesias_ Conozco un par de ellos que han cambiado más pañales que las, respectivas, madres. Al punto, que creo, saben hasta la temperatura de las heces de sus hijos. Hijos que a día de hoy pasan de los veinte con largo. Ésos hombres estarían para ser presidentes del mundo?",es,0,1,0,0,0,0,0,0,0,[user] [user] [user] conozco un par de ellos que han cambiado más pañales que las respectivas madres al punto que creo saben hasta la temperatura de las heces de sus hijos hijos que a día de hoy pasan de los veinte con largo ésos hombres estarían para ser presidentes del mundo
20c012b53d3f0319c57b1453b837310c,PAÑALESIGLESIAS,0,"@fernardas @Pablo_Iglesias_ Algo así.  Ahora lo llaman pañales ecológicos. Intentan ponerlos de moda desde hace años, pero dan mucho trabajo. https://t.co/uwduRTSaeh",es,0,0,0,0,0,0,0,0,0,[user] [user] algo así ahora lo llaman pañales ecológicos intentan ponerlos de moda desde hace años pero dan mucho trabajo [url]
00e5289c2d3d712d3084fb4305d5b4e1,PAÑALESIGLESIAS,0,"@GuajeSalvaje Se cree que es el primero en cambiar pañales, pobre iluso, y así todo... @Pablo_Iglesias_",es,0,0,0,0,0,0,1,0,1,[user] se cree que es el primero en cambiar pañales pobre iluso y así todo [user]
0ecc6618e2523642523a81e4c2f8cbfc,PAÑALESIGLESIAS,0,"Ni limpiar culos y cambiar pañales te hace más apto ni no hacerlo te hace menos @Pablo_Iglesias_ . Has estado cuidando de tus hijos, no has estado en la guerra. Has ejercido de padre, ni más ni menos. Q parece q ahora te has convertido en un Mesías....",es,0,0,0,0,0,6,1,0,1,ni limpiar culos y cambiar pañales te hace más apto ni no hacerlo te hace menos [user] has estado cuidando de tus hijos no has estado en la guerra has ejercido de padre ni más ni menos q parece q ahora te has convertido en un mesías
eb0b3cb165913655caef6492ecc43e29,PAÑALESIGLESIAS,0,"Como autónomo, sin haber disfrutado prácticamente de días de baja cuando nacieron mis hijos, y habiendo cambiado muchos más pañales que tú, te digo: eres tonto @Pablo_Iglesias_ https://t.co/LMxwQJGnaP",es,0,0,0,0,0,1,0,0,0,como autónomo sin haber disfrutado prácticamente de días de baja cuando nacieron mis hijos y habiendo cambiado muchos más pañales que tú te digo eres tonto [user] [url]
29fa37f29900d5923c2db815001fae66,PAÑALESIGLESIAS,0,Si @Pablo_Iglesias_  considera que limpiar culos y cambiar pañales es lo que te prepara para presidir un Gobierno que se haga a un lado y ponga en todas las candidaturas a trabajadores de hospitales y residencias que no dedican tres meses sino una vida hacer eso...,es,0,0,0,0,0,2,1,0,1,si [user] considera que limpiar culos y cambiar pañales es lo que te prepara para presidir un gobierno que se haga a un lado y ponga en todas las candidaturas a trabajadores de hospitales y residencias que no dedican tres meses sino una vida hacer eso
58d48d3fdbee2357c78586d6bdd48220,PAÑALESIGLESIAS,0,"Que el señor @Pablo_Iglesias_  saque pecho porque ha cambiado pañales es de fantasma máximo.
Yo tengo 3 hijos, 6-5 años y otro de 11 meses, y les he cambiado, dado la comida... Combinando con mi trabajo y con mi mujer, y nunca me he creído un súper héroe, sino algo normal..",es,0,0,0,0,0,2,1,0,1,que el señor [user] saque pecho porque ha cambiado pañales es de fantasma máximo yo tengo 3 hijos 6 5 años y otro de 11 meses y les he cambiado dado la comida combinando con mi trabajo y con mi mujer y nunca me he creído un súper héroe sino algo normal
24692a01cb0f54f5f52ac9b9fb68c7cd,PAÑALESIGLESIAS,0,"Un héroe no es @Pablo_Iglesias_ cambiando pañales por muy cargados de 💩💩 que estén, un héroe es, por ejemplo, Ignacio Echeverría que dio su vida por otros o nuestras FCSE que velan por nosotros. Un héroe no necesita ir proclamando sus gestas.
#elecciones2019votoderechas https://t.co/RnMu7cZF2v",es,0,0,1,2,0,2,0,0,0,un héroe no es [user] cambiando pañales por muy cargados de caca_con_ojos caca_con_ojos que estén un héroe es por ejemplo ignacio echeverría que dio su vida por otros o nuestras fcse que velan por nosotros un héroe no necesita ir proclamando sus gestas elecciones2019votoderechas [url]
e26ab952de9a3b1f665e646df134c22e,PAÑALESIGLESIAS,0,".@Pablo_Iglesias_ : “Después de tres meses limpiando culos y pañales estoy más preparado para gobernar https://t.co/8fPX1rjVaE""",es,0,0,0,0,0,0,0,2,0,[user] después de tres meses limpiando culos y pañales estoy más preparado para gobernar [url]
7f5498c67f8018001c4b252788ca0b84,PAÑALESIGLESIAS,0,@CristinaSegui_ @Pablo_Iglesias_ Por cambiar pañales estás preparado para ser presidente 🙈 entonces están preparadas millones y millones de mujeres antes q usted su batacazo será enorme es usted un payaso 🤡,es,0,0,0,2,0,0,0,0,0,[user] [user] por cambiar pañales estás preparado para ser presidente mono_con_los_ojos_tapados entonces están preparadas millones y millones de mujeres antes q usted su batacazo será enorme es usted un payaso cara_de_payaso
529b35f2f6a9854a202dcb01f21dbc24,PAÑALESIGLESIAS,0,"Y digo yo. Si @pablo_iglesias_ y su adorable señora, @Irene_Montero_ ganan sus buenos sueldos y viven en una casa más que amplia.
¿Porqué no han contratado una nanny como hacen las familias bien?
Nos hubiera ahorrado el ridículo momento de los pañales y los culos, ¿no?",es,0,4,0,0,0,2,0,0,0,y digo yo si [user] y su adorable señora [user] ganan sus buenos sueldos y viven en una casa más que amplia porqué no han contratado una nanny como hacen las familias bien nos hubiera ahorrado el ridículo momento de los pañales y los culos no
d321dc3e5bb195c5bf7717f1412fdcad,PAÑALESIGLESIAS,0,"@Alvisepf @Pablo_Iglesias_ @Irene_Montero_ @ierrejon Alvise, yo con 42 años y trabajando desde los 24, no es que tenga mucha más experiencia que ellos tres juntos, es que les triplico. Y si, he limpiado y cambiado los pañales de 2 niñas. Jamás creería, que estaría lo suficientemente preparado, para ser un servidor público.",es,0,0,0,0,0,2,0,0,0,[user] [user] [user] [user] alvise yo con 42 años y trabajando desde los 24 no es que tenga mucha más experiencia que ellos tres juntos es que les triplico y si he limpiado y cambiado los pañales de 2 niñas jamás creería que estaría lo suficientemente preparado para ser un servidor público
e90929d17f6094c16c8dc72b14c0c29f,PAÑALESIGLESIAS,0,@Miotroyo2parte @Pablo_Iglesias_ @sanchezcastejon Si ha limpiado culos y cambiando pañales no ha fregado suelos ni cortado el cespeded. Este es otro como la otra que le dio el pecho al niño en el congreso. Solo una vez.,es,0,0,0,0,0,2,0,0,0,[user] [user] [user] si ha limpiado culos y cambiando pañales no ha fregado suelos ni cortado el cespeded este es otro como la otra que le dio el pecho al niño en el congreso solo una vez
c6b24dd59fb12521a0ea4c9d60fd5b28,PAÑALESIGLESIAS,0,"Pues qué queréis que os diga, a mí ayer @Pablo_Iglesias_ me ganó del todo cuando dijo que, después de cambiar pañales, se siente más preparado para ser presidente. Siempre he considerado un absurdo que se diga que una persona puede dirigir un país pero no gobernar su casa.",es,0,0,0,0,0,1,0,0,0,pues qué queréis que os diga a mí ayer [user] me ganó del todo cuando dijo que después de cambiar pañales se siente más preparado para ser presidente siempre he considerado un absurdo que se diga que una persona puede dirigir un país pero no gobernar su casa
4017787a8d2e9f120b7c86da75654bfe,PAÑALESIGLESIAS,0,"Lo que faltaba por escuchar.. @Pablo_Iglesias_ tù no vales ni para estar escondido
https://t.co/9SNjSZ0q2L",es,0,0,0,0,0,2,0,0,0,lo que faltaba por escuchar [user] tù no vales ni para estar escondido [url]
183693a82d9024ed1c3a6e99e6ae26dc,PAÑALESIGLESIAS,0,"@maxpradera @Pablo_Iglesias_ Si si. Lo de “limpiar culos y cambiar pañales” ha sido muy bonito y ha puesto en valor el trabajo que hacen las mujeres en sus bajas de maternidad, en sus reducciones de jornada y en sus renuncias a sus profesiones. Vete a la M @Pablo_Iglesias_ 😡😡😡😡😡",es,0,0,0,5,0,0,1,2,0,[user] [user] si si lo de limpiar culos y cambiar pañales ha sido muy bonito y ha puesto en valor el trabajo que hacen las mujeres en sus bajas de maternidad en sus reducciones de jornada y en sus renuncias a sus profesiones vete a la m [user] cara_cabreada cara_cabreada cara_cabreada cara_cabreada cara_cabreada
92e40b95d585d1fb7182ddb232c9a802,PAÑALESIGLESIAS,0,"@laSextaTV @Pablo_Iglesias_ @SextaNocheTV A ver Pablo, no tienes un cargo público, eres un POLÍTICO, y líder de una formación importante, no puedes desapárecer para cambiar pañales, para eso haber seguido en la universidad, tus simpatizantes, tus votantes, necesitan oírte y verte.
No eres un simple funcionario.....",es,0,0,1,0,0,3,1,0,1,[user] [user] [user] a ver pablo no tienes un cargo público eres un político y líder de una formación importante no puedes desapárecer para cambiar pañales para eso haber seguido en la universidad tus simpatizantes tus votantes necesitan oírte y verte no eres un simple funcionario
6da3944fc06d8435a0ebfffb18d31d92,PAÑALESIGLESIAS,0,"El PRESIDENTE del GOBIERNO a partir de ahora será el que más pañales haya cambiado
#CambioPañales

Cuantos?
@pablocasado_ 
@Albert_Rivera 
@sanchezcastejon 
@Pablo_Iglesias_ 
@Santi_ABASCAL 

#SiguemeYTeSigoVOX  #VotaVox #VoxAvanza #100MedidasVox  #VOXSaleAGanar #30deMarzoYoVoy https://t.co/VyYEaQWuAf",es,0,1,2,0,0,0,0,0,0,el presidente del gobierno a partir de ahora será el que más pañales haya cambiado cambiopañales cuantos [user] [user] [user] [user] [user] siguemeytesigovox votavox voxavanza 100medidasvox voxsaleaganar 30demarzoyovoy [url]
856a76c704b4c88030b2b04cd0a179e8,PAÑALESIGLESIAS,0,"@ahorapodemos @Pablo_Iglesias_ Perdon, pero ha hecho lo que le corresponde ni mas ni menos. Que se sienta más preparado para ser presi por cambiar pañales y limpiar culos.. ejem.. entonces las MUJERES debiéramos dominar el mundo. Dar tanto bombo a esto le quita la naturalidad al acto en si",es,0,0,1,0,0,2,0,0,0,[user] [user] perdon pero ha hecho lo que le corresponde ni mas ni menos que se sienta más preparado para ser presi por cambiar pañales y limpiar culos ejem entonces las mujeres debiéramos dominar el mundo dar tanto bombo a esto le quita la naturalidad al acto en si
35bcc172022d1103f31f0c37deb9c796,PAÑALESIGLESIAS,0,"@canete707 Como mujer y madre te agradezco que hayas pasado tres meses ayudando a tu mujer a limpiarle el culo y a cambiarle los pañales a vuestros crios. Pero no @Pablo_Iglesias_ , eso no te hará un mejor presidente. Dirigir España no es cambiar un pañal. Lo siento.",es,0,0,0,0,0,3,0,0,0,[user] como mujer y madre te agradezco que hayas pasado tres meses ayudando a tu mujer a limpiarle el culo y a cambiarle los pañales a vuestros crios pero no [user] eso no te hará un mejor presidente dirigir españa no es cambiar un pañal lo siento
bb61c28e7787296a12ff7319978fb288,PAÑALESIGLESIAS,0,"@Pablo_Iglesias_ Deja de trabajar, y a cambiar pañales que se te da bien",es,0,0,0,0,0,0,0,0,0,[user] deja de trabajar y a cambiar pañales que se te da bien
f80848b4af3665aadeafc9b90c7d1527,PAÑALESIGLESIAS,0,@trouroblaugrana @bertrandmyd @Irene_Montero_ Eso digo yo...3 meses solo? Primero que no me creo ni esos 3....y segundo que uno limpia culos desde el día que nacen....hasta tiempo despues de dejar los pañales.... que comentario mas ridículo @Pablo_Iglesias_,es,0,1,0,0,0,2,4,0,4,[user] [user] [user] eso digo yo 3 meses solo primero que no me creo ni esos 3 y segundo que uno limpia culos desde el día que nacen hasta tiempo despues de dejar los pañales que comentario mas ridículo [user]
8b53de173a2bb355cd473384b60c65a5,PAÑALESIGLESIAS,0,"@CristinaSegui_ @Pablo_Iglesias_ Menudo pedazo gilipollas, espera que le hacemos una estatua por cambiar pañales, pedazo mermao.",es,0,0,0,0,0,0,0,0,0,[user] [user] menudo pedazo gilipollas espera que le hacemos una estatua por cambiar pañales pedazo mermao
c3911ebc8a826c4781abd24e7a986241,PAÑALESIGLESIAS,0,"ES PATÉTICO EL AYATOLÀ DE GALAPAGAR, UNA AUTÉNTICA ESTAFA DE POLÍTICO...HA ESTADO CAMBIANDO PAÑALES, AHORA SÍ ES UN AUTÉNTICO MACHIRULO... ENHORABUENA @Pablo_Iglesias_ 👏👏👏
#CastígaleConTuVoto
#SENTIDOCOMÚNVOX 🇪🇸
#VOXÚTIL 🇪🇸
#ESPAÑAVIVA 🇪🇸
#VOXSALEAGANAR 🇪🇸
#FUERZAVOX 💪 🇪🇦 https://t.co/JmpOzG46F6",es,0,0,18,4,0,0,3,0,2,es patético el ayatolà de galapagar una auténtica estafa de político ha estado cambiando pañales ahora sí es un auténtico machirulo enhorabuena [user] manos_aplaudiendo manos_aplaudiendo manos_aplaudiendo castígalecontuvoto sentidocomúnvox bandera_españa voxútil bandera_españa españaviva bandera_españa voxsaleaganar bandera_españa fuerzavox bíceps_flexionado bandera_ceuta_y_melilla [url]
c910730aa8f62563dde61d5198b7c90f,PAÑALESIGLESIAS,0,"@Pablo_Iglesias_  yo he cambiado miles de pañales y dado biberones, y eso no me hace mejor candidata la alcaldía de mi pueblo; tan experto que eres limpiando culos, ¿hacia dónde arrastras el papel?.. (igual sigues siendo un novato, pero tu ego no te deja darte cuenta)",es,0,2,0,0,0,2,0,0,0,[user] yo he cambiado miles de pañales y dado biberones y eso no me hace mejor candidata la alcaldía de mi pueblo tan experto que eres limpiando culos hacia dónde arrastras el papel igual sigues siendo un novato pero tu ego no te deja darte cuenta
cf6aef455fe9a4a801f5102ae2e7042c,PAÑALESIGLESIAS,0,"Todo el mundo hablando de los pañales, pero nadie menciona que @Pablo_Iglesias_ dijo ayer que en España hay presos políticos",es,0,0,0,0,0,1,0,0,0,todo el mundo hablando de los pañales pero nadie menciona que [user] dijo ayer que en españa hay presos políticos
ab3d4f351830cda5b130eb4e80a7ffb2,PAÑALESIGLESIAS,0,"Tres meses limpiando culos y cambiado pañales. Llevo yo VEINTITRÉS AÑOS CRIANDO, @Pablo_Iglesias_ ¿a qué quieres que te gane?",es,0,2,3,0,0,0,0,0,0,tres meses limpiando culos y cambiado pañales llevo yo veintitrés años criando [user] a qué quieres que te gane
0c537e7e402178c2e006e714e9d0ca8a,PAÑALESIGLESIAS,0,@Pablo_Iglesias_ Cual es la razón x la q después de cambiar pañales se siente más preparado para ser presidente del gobierno?? Q habilidad o competencia le ha desarrollado? No logro extraer la conclusión. Gracias!!,es,2,3,0,0,0,1,0,0,0,[user] cual es la razón x la q después de cambiar pañales se siente más preparado para ser presidente del gobierno q habilidad o competencia le ha desarrollado no logro extraer la conclusión gracias
357fe8b38ac55317c5d6b2d870034f7e,PAÑALESIGLESIAS,0,@Pablo_Iglesias_ 🏡 aprende a cambiar pañales y fuego  Todo un referente para las #8M2019 MUJERES 3 meses de baja cobrando para decir k está preparado para Presidente 🤣🤣🤣 Pablito nunca es tarde si la dicha es buena.. @PratSandberg @anarosaq @susannagriso @pepeonet @JcMQuer https://t.co/1H7U4TnplP,es,0,0,1,4,0,1,1,0,0,[user] casa_con_jardín aprende a cambiar pañales y fuego todo un referente para las 8m2019 mujeres 3 meses de baja cobrando para decir k está preparado para presidente cara_revolviéndose_de_la_risa cara_revolviéndose_de_la_risa cara_revolviéndose_de_la_risa pablito nunca es tarde si la dicha es buena [user] [user] [user] [user] [user] [url]
8b2b4793e41fd1870b6370b6f7f3ffa1,PAÑALESIGLESIAS,0,"@CristinaSegui_ @Pablo_Iglesias_ Entonces yo que he estado limpiándole a mi padre con demencia durante más de tres años cada vez que se lo hacía encima sin ayuda alguna y denegada, a qué debería aspiarar a ser??? Este #PabloIglesias es un mísero que no ha trabajado en su vida!!! Todo por cambiar pañales! Payaso!",es,5,3,0,0,0,2,2,0,0,[user] [user] entonces yo que he estado limpiándole a mi padre con demencia durante más de tres años cada vez que se lo hacía encima sin ayuda alguna y denegada a qué debería aspiarar a ser este pabloiglesias es un mísero que no ha trabajado en su vida todo por cambiar pañales payaso
565d8d97161b3c7b8c3ce5fd2db4c717,PAÑALESIGLESIAS,0,@canete707 llevo cambiando pañales años y no voy fardando @Pablo_Iglesias_ vete a Caracas,es,0,0,0,0,0,1,0,0,0,[user] llevo cambiando pañales años y no voy fardando [user] vete a caracas
5bf278fe75c8040fd489db801fa032f6,PAÑALESIGLESIAS,0,"@MelissaBernald @canete707 @Pablo_Iglesias_ Cambiar pañales no es estar ayudando a su mujer ,cambiar pañales es una tarea compartida.",es,0,0,0,0,0,1,0,0,0,[user] [user] [user] cambiar pañales no es estar ayudando a su mujer cambiar pañales es una tarea compartida
95e300885d435e30742d8fbe9d29fdd1,PAÑALESIGLESIAS,0,"@Evapm13 @Pablo_Iglesias_ Cuidado que ha estado limpiando culos y cambiando pañales..ha descubierto Mercurio éste pedante.Este tio sólo engaña a los de siempre y le síguen los que se creen su rollo. No ha trabajado en su vida y piensa que lecciones de política? Es tonto pero no para un rato,pa"" siempre.""",es,0,1,0,0,0,2,0,2,0,[user] [user] cuidado que ha estado limpiando culos y cambiando pañales ha descubierto mercurio éste pedante este tio sólo engaña a los de siempre y le síguen los que se creen su rollo no ha trabajado en su vida y piensa que lecciones de política es tonto pero no para un rato pa siempre
12d329610b0603edfc8e6035be32ed6a,PAÑALESIGLESIAS,0,"@ionebelarra @Pablo_Iglesias_ @ahorapodemos El coletas presidente??😵😵😵😵....que dice, que ya sabe quitar pañales y eso le ha dado mucha experiencia para poder gobernar 😂😂😂😂😂",es,0,2,0,9,0,0,3,0,1,[user] [user] [user] el coletas presidente cara_mareada cara_mareada cara_mareada cara_mareada que dice que ya sabe quitar pañales y eso le ha dado mucha experiencia para poder gobernar cara_llorando_de_risa cara_llorando_de_risa cara_llorando_de_risa cara_llorando_de_risa cara_llorando_de_risa
24ffab1ed6ebb3fa3a4d7c704416cf7b,PAÑALESIGLESIAS,0,"@Jasafella @OSilenciosa @Pablo_Iglesias_ Yo, a un político, que hasta que no ha cambiado pañales no se sentía seguro de valer para ser Presidente, no le votaré en la vida. Su comentario sólo desvela su falta de seguridad, madurez y que toda su ideología es pura teoría sin aplicar. A experimentar a tu pueblo.",es,0,0,0,0,0,4,0,0,0,[user] [user] [user] yo a un político que hasta que no ha cambiado pañales no se sentía seguro de valer para ser presidente no le votaré en la vida su comentario sólo desvela su falta de seguridad madurez y que toda su ideología es pura teoría sin aplicar a experimentar a tu pueblo
1c72b65491665444bf2a44af30aea903,PAÑALESIGLESIAS,0,"@Jasafella @Pablo_Iglesias_ Cambiar pañales te prepara para gobernar.
Si ya gobiernas no requieres cambiar pañales.

Acaso Iglesias no gobierna ni en su propia casa??",es,0,2,0,0,0,3,0,0,0,[user] [user] cambiar pañales te prepara para gobernar si ya gobiernas no requieres cambiar pañales acaso iglesias no gobierna ni en su propia casa
b200f4da12f63684766a46b1fe83af6d,PAÑALESIGLESIAS,0,".@ahorapodemos el #28A. 
Después de semejante hostia, igual @Pablo_Iglesias_  debe de quedarse “limpiando culos y cambiando pañales” de por vida. https://t.co/jJJVcFBloz",es,0,0,0,0,0,0,1,2,0,[user] el 28a después de semejante hostia igual [user] debe de quedarse limpiando culos y cambiando pañales de por vida [url]
6fd4da0d1e8e4b46483e9d193b924df1,PAÑALESIGLESIAS,0,Y @Pablo_Iglesias_ 🏡 pretende ser PRESIDENTE con este discurso #machista Chico 3 meses d baja cobrando y sólo has aprendido a cambiar pañales?? Dónde están no sé ven las mujeres del #8M2019 La definición RIDÍCULO @susannagriso @anarosaq @jesusmarana @BelenEstebanM @maria_patino https://t.co/65SI4h47s5,es,0,2,2,1,0,1,0,0,0,y [user] casa_con_jardín pretende ser presidente con este discurso machista chico 3 meses d baja cobrando y sólo has aprendido a cambiar pañales dónde están no sé ven las mujeres del 8m2019 la definición ridículo [user] [user] [user] [user] [user] [url]
6f6ab3a7b95f72d7d603bab6709a8ef5,PAÑALESIGLESIAS,0,"El asesor de comunicación de @Pablo_Iglesias_ debería aconsejarle mejor.

Todos los padres, cuando somos primerizos, pasamos por la misma ‘experiencia’ de limpiar culos y cambiar pañales.

La afirmación de Pablo Iglesias es, en cierto punto, machista.

https://t.co/fnhhzqwx7M",es,0,0,0,0,0,0,0,2,0,el asesor de comunicación de [user] debería aconsejarle mejor todos los padres cuando somos primerizos pasamos por la misma experiencia de limpiar culos y cambiar pañales la afirmación de pablo iglesias es en cierto punto machista [url]
eb0ddf82def39cf2d2a05db4fb0ba898,PAÑALESIGLESIAS,0,"Ha bueno, según el criterio de @Pablo_Iglesias_  para ser un buen presidente hay que cambiar pañales. Con razón cuando llegan al poder estos resentidos sociales, acaban con todo. https://t.co/fdGM30eJTN",es,0,0,0,0,0,0,0,0,0,ha bueno según el criterio de [user] para ser un buen presidente hay que cambiar pañales con razón cuando llegan al poder estos resentidos sociales acaban con todo [url]
ed6319fc874793445661f51a4d4469a9,PAÑALESIGLESIAS,0,@dmartinezbel @Pablo_Iglesias_ Como todos. Soy hombre y también he cambiado pañales a mis hijos y a mis padres.,es,0,0,0,0,0,0,0,0,0,[user] [user] como todos soy hombre y también he cambiado pañales a mis hijos y a mis padres
2c65f4507d23a60ae24d6cd8ae79da90,PAÑALESIGLESIAS,0,@Jasafella @migelino @Pablo_Iglesias_ No sólo cambiar pañales.... salía a las 7 de la tarde para llegar y poder bañar a mis hijas y de lo que disfrutaba con ellas ..... mi mujer y yo nos impusimos criar a nuestras hijas y no tener abuelos esclavos ....,es,0,0,0,0,0,2,3,0,3,[user] [user] [user] no sólo cambiar pañales salía a las 7 de la tarde para llegar y poder bañar a mis hijas y de lo que disfrutaba con ellas mi mujer y yo nos impusimos criar a nuestras hijas y no tener abuelos esclavos
1b506e21387cf94f6ae66a1e9c0e7c66,PAÑALESIGLESIAS,0,"@CiudadanaMartaR Podre sujeto, deja en evidencia la nula atención que recibió de su padre, hasta ahora se entera q los papás también cambiamos pañales, alimentamos y cubrimos las necesidades emocionales y materiales de nuestros hijos @Pablo_Iglesias_ @Irene_Montero_ @ahorapodemos 100%resentidos",es,0,0,0,0,0,0,0,0,0,[user] podre sujeto deja en evidencia la nula atención que recibió de su padre hasta ahora se entera q los papás también cambiamos pañales alimentamos y cubrimos las necesidades emocionales y materiales de nuestros hijos [user] [user] [user] 100 resentidos
711d7ec75c4dffb52c706bd6533bc123,PAÑALESIGLESIAS,0,No me puedo creer que se critique a @Pablo_Iglesias_  por limpiar culos y cambiar pañales.,es,0,0,0,0,0,1,0,0,0,no me puedo creer que se critique a [user] por limpiar culos y cambiar pañales
f7a0ee39187ae5d9b310105e6a230131,PAÑALESIGLESIAS,0,"Después de tres meses limpiado culos y pañales (yo los pañales los tiro, no los limpio) es ese todo tu argumento en política para España? @Pablo_Iglesias_ home oh!!! Vete a cáscara, inútil. https://t.co/Bo6P6gwdLJ",es,3,1,0,0,0,1,1,0,0,después de tres meses limpiado culos y pañales yo los pañales los tiro no los limpio es ese todo tu argumento en política para españa [user] home oh vete a cáscara inútil [url]
ecdb2d118d2840a8a57b43a3ff9079ee,PAÑALESIGLESIAS,0,"@IronikaMente @CristinaSegui_ @Pablo_Iglesias_ Mi hermano es bedel, no veo la ofensa en el post, mi hermano viste mejor que este perroflauta, ha cambiado pañales y no aspira a la presidencia del gobierno .",es,0,0,0,0,0,2,0,0,0,[user] [user] [user] mi hermano es bedel no veo la ofensa en el post mi hermano viste mejor que este perroflauta ha cambiado pañales y no aspira a la presidencia del gobierno
c7d8c96599d6bb80f5a20b7745247ce3,PAÑALESIGLESIAS,0,"Si @Pablo_Iglesias_  está preparado para ser presidente porque ha estado cambiando pañales, creo que todos estamos preparados para la Democracia Directa, en la que las leyes lo son en el sentido aristotélico. No vivimos en una Democracia. Si hay partidos, no lo es. #WHYDEMOCRACY",es,0,0,1,0,0,2,0,0,0,si [user] está preparado para ser presidente porque ha estado cambiando pañales creo que todos estamos preparados para la democracia directa en la que las leyes lo son en el sentido aristotélico no vivimos en una democracia si hay partidos no lo es whydemocracy
0b02956bf2e807712d878915f2e30391,PAÑALESIGLESIAS,0,"La soberbia de @Pablo_Iglesias_ no tiene límites... Que está más preparado para ser presidente del gobierno por haber limpiado culos y cambiar pañales. Y ahora quién lo hace mientras tú y tu señora estáis en campaña?
Pues eso calamar, deja de vender humo.",es,0,1,0,0,0,1,1,0,1,la soberbia de [user] no tiene límites que está más preparado para ser presidente del gobierno por haber limpiado culos y cambiar pañales y ahora quién lo hace mientras tú y tu señora estáis en campaña pues eso calamar deja de vender humo
c54463386b8e7f957428f4bc52a69cde,PAÑALESIGLESIAS,0,"@Pablo_Iglesias_ dice que lleva tres meses cambiando pañales y ya merece ser presidente. Alardea de ser feminista, precisamente el feminismo pretende repartir las tareas por igual entre hombres y mujeres. Bastante machista sería elogiar a un hombre por el mero hecho de hacerlas",es,0,0,0,0,0,0,0,0,0,[user] dice que lleva tres meses cambiando pañales y ya merece ser presidente alardea de ser feminista precisamente el feminismo pretende repartir las tareas por igual entre hombres y mujeres bastante machista sería elogiar a un hombre por el mero hecho de hacerlas
082a73375a735a5c53f88a64146d2799,PAÑALESIGLESIAS,0,"@CristinaSegui_ @Pablo_Iglesias_ Yo cambié pañales desde el primer día y luego me iba a trabajar. Este tío presume de haber cambiado pañales durante 3 meses y se cree un héroe, realmente vive en otro mundo.",es,0,0,0,0,0,0,0,0,0,[user] [user] yo cambié pañales desde el primer día y luego me iba a trabajar este tío presume de haber cambiado pañales durante 3 meses y se cree un héroe realmente vive en otro mundo
73fa4d829d976828eb31d11235c902e0,PAÑALESIGLESIAS,0,@Pablo_Iglesias_ Tu a tus pañales ese debe ser tu objetivo.,es,0,0,0,0,0,0,0,0,0,[user] tu a tus pañales ese debe ser tu objetivo
