ID,TOPIC,IS_IRONIC,MESSAGE,VARIANTE,n_exc,n_int,n_may,n_emo,n_ris,n_neg,n_elo,n_com,n_pun,MESSAGE_CLEAN
4fdfed6e794a4c1c1550a2996803ba6e,"TELEVISIÓN DIGITAL, CAJAS DECODIFICADORAS, TELEVISIÓN CUBANA, AUDIOVISUALES",1,magnifico,cu,0,0,0,0,0,0,0,0,0,magnifico
64dc97da772a5d70b62c2c124e12705d,"TELEVISIÓN DIGITAL, CAJAS DECODIFICADORAS, TELEVISIÓN CUBANA, AUDIOVISUALES",1,VIVA EL PAQUETE. Mas pelis clásicas por favor. Besos a todos los que queremos INTERNET YAAAAAAAAA.,cu,0,0,4,0,0,0,1,0,0,vivir el paquete mas peli clásico por favor beso a todo el que querer internet yaa
d66fc3e9a7353a1495a889f34e6371af,"TELEVISIÓN DIGITAL, CAJAS DECODIFICADORAS, TELEVISIÓN CUBANA, AUDIOVISUALES",1,"gracias una y mil veces por la programación de la TV nacional, digo, el paquete semanal jejeje",cu,0,0,0,0,0,0,0,0,0,gracias uno y mil vez por el programación de el tv nacional decir el paquete semanal jejejar
7b303e9eeb0c1ca5c2ec80047dff519b,"TELEVISIÓN DIGITAL, CAJAS DECODIFICADORAS, TELEVISIÓN CUBANA, AUDIOVISUALES",1,LA TV DIGITAL ESTA SIENDO MUY EFICIENTE.,cu,0,0,5,0,0,0,0,0,0,el tv digital este ser mucho eficiente
fd8a327fe8d642851db4b702069df1f0,"TELEVISIÓN DIGITAL, CAJAS DECODIFICADORAS, TELEVISIÓN CUBANA, AUDIOVISUALES",1,"O sea que los trabajadores de salario medio, les toca la cajita simple, o sea, la de palo, que cuando el hombre se esta rompiendo el lomo no puede dejar que le grabe un programa para verlos después.",cu,0,0,0,0,0,1,0,0,0,o sea que el trabajador de salario medio él tocar el cajita simple o ser el de palo que cuando el hombre él este romper el lomo no poder dejar que él grabir uno programa para ver él después
754398b804ff5057fbeafdfb866265d9,"TELEVISIÓN DIGITAL, CAJAS DECODIFICADORAS, TELEVISIÓN CUBANA, AUDIOVISUALES",1,"Concuerdo con Squall ¿Una tesis para analizar el paquete semanal? dioss ya el nivel de infladera da para un globo aerostático jajajaja, en ves de estar analizando los problemas que nos afectan y no lo que nos entretiene XD",cu,0,2,0,0,1,1,0,0,0,concuerdo con squall uno tesis para analizar el paquete semanal dioss ya el nivel de infladera dar para uno globo aerostático jajajaja en ves de estar analizar el problema que yo afectar y no él que yo entretener xd
7eab51a15787553f3ecc2ed5ed65e141,"TELEVISIÓN DIGITAL, CAJAS DECODIFICADORAS, TELEVISIÓN CUBANA, AUDIOVISUALES",1,"aahhh sii q buena idea, vendan bastante cajitas decodificadoras, abran bastante canales para ver lo mismo en todos... Jajajajja",cu,0,0,0,0,0,0,2,0,1,aahh sii q buen idea vender bastante cajita decodificadora abran bastante canal para ver él mismo en todo jajajajja
e6b0f8b24f2925874d767b894fbcd36c,"TELEVISIÓN DIGITAL, CAJAS DECODIFICADORAS, TELEVISIÓN CUBANA, AUDIOVISUALES",1,Es que esa noticia es para la gente que tiene antena jajajaja,cu,0,0,0,0,0,0,0,0,0,ser que ese noticia ser para el gente que tener antena jajajajo
c5c1e800b23fe2814e30bbeb5acba5b2,"TELEVISIÓN DIGITAL, CAJAS DECODIFICADORAS, TELEVISIÓN CUBANA, AUDIOVISUALES",1,"Hace unos meses me tope con un socio en la calle y le pregunto en que esta trabajando. Me dijo: Na ahí PAQUETEANDO.
PAQUETEAR: Según la RALCC (Real Academia de la Lengua Cubana Callera): Acción de vender el PAQUETE.
PAQUETE: Uno de los pocos entretenimientos de la población cubana.",cu,0,0,5,0,0,0,0,0,0,hacer uno mes yo tope con uno socio en el calle y él preguntar en que este trabajar yo decir no ahí paquetear paquetear según el ralcc real academia de el lengua cubano callera acción de vender el paquete paquete uno de el poco entretenimiento de el población cubano
f4c65dc1fa19c27e3a2faf033f3def6b,"TELEVISIÓN DIGITAL, CAJAS DECODIFICADORAS, TELEVISIÓN CUBANA, AUDIOVISUALES",1,".entonces la tv cubana ¿PAGA los derechos?
!VIVA EL pqt!!!!!!!!!!!!!!!!!!!!!!!",cu,24,2,2,0,0,0,1,0,0,entonces el tv cubano pagar el derecho vivo el pqt
ab2fca40eeb4023b70c4d644766352c1,"TELEVISIÓN DIGITAL, CAJAS DECODIFICADORAS, TELEVISIÓN CUBANA, AUDIOVISUALES",1,"contra! acabo de darme cuenta de que con el paquete no veo TV nacional. No tengo la menor idea de qué programas usted habla. Yo solo veo Mulltivisión y el paquete. Alguna que otra mesa redonda. Las noicias las leo , porque ya ni Telesur veo, que ese está peor que la TV cubana",cu,1,0,0,0,0,3,0,0,0,contra acabo de dar yo cuenta de que con el paquete no ver tv nacional no tener el menor idea de qué programa usted hablar yo solo ver mulltivisión y el paquete alguno que otro mesa redondo el noicia el leo porque ya ni telesur ver que ese estar peor que el tv cubana
ca24518a40b3e78139d349546eb4b099,"TELEVISIÓN DIGITAL, CAJAS DECODIFICADORAS, TELEVISIÓN CUBANA, AUDIOVISUALES",1,"REALMENTE YA CASI TODO ESTA DICHO, MUY POBRE LA TELEVISION CUBANA, ESTAMOS VIENDO LA 8VA TEMPORADA DE TIERRA BRAVA VIMOS LA 10MA DE LA ROCA DE ORA Y LA NO SE CUAL DE SALIR DE NOCHE, SOLO VEMOS LO MISMO CON LO MISMO Y LUEGO ESO MISMO POR OTRO CANAL, COMO PASA AHORA MISMO CON LA ESCLAVA ISAURA ",cu,0,0,38,0,0,1,0,0,0,realmente ya casi todo este dicho mucho pobre el television cubano estar ver el 8va temporada de tierra brava ver el 10ma de el roca de ora y el no él cual de salir de noche solo ver él mismo con él mismo y luego ese mismo por otro canal como pasar ahora mismo con el esclava isaura
ae4892c322b868acf06faf5019ccd4f3,"TELEVISIÓN DIGITAL, CAJAS DECODIFICADORAS, TELEVISIÓN CUBANA, AUDIOVISUALES",1,Viva nuestra TV ENTRETENIDA y VARIADA. Abajo el PAQUETEEEE,cu,0,0,3,0,0,0,1,0,0,vivir nuestro tv entretenido y variado abajo el paquetee
c81d68bcc6a17327da5565010057d41d,"TELEVISIÓN DIGITAL, CAJAS DECODIFICADORAS, TELEVISIÓN CUBANA, AUDIOVISUALES",1,"Coño Barbanegra, yo queria agregar algo pero despues de ti no se me ocurre nada mas, me quedo en patron de pruebas. Tuiiiiiiiiiiiiiiiiiiiiiiiiiiiiiiiiiiiiiiiiiiiiiiiiiii Slds.",cu,0,0,0,0,0,2,1,0,0,coño barbanegro yo querio agregar algo pero despues de tú no él yo ocurrir nada mas yo quedar en patron de prueba tuii slds
6fc7526b02b44990b5b1d003e75db3b9,"TELEVISIÓN DIGITAL, CAJAS DECODIFICADORAS, TELEVISIÓN CUBANA, AUDIOVISUALES",1,"Si amigo pero no lo contestan, me estoy rompiendo el coco en una antena para esto para mi familia y el ancho de banda es inversamente proporcional a la ganancia en el diseño de una antena, uffff",cu,0,0,0,0,0,1,1,0,0,si amiguir pero no él contestar yo estar romper el coco en uno antena para este para mi familia y el ancho de banda ser inversamente proporcional a el ganancia en el diseño de uno antena uff
7fc54de0c5c1dd1e09d933b7dde24cd8,"TELEVISIÓN DIGITAL, CAJAS DECODIFICADORAS, TELEVISIÓN CUBANA, AUDIOVISUALES",1,"no sé tú, pero ese paquete le resuelve el problema de entretenimiento televisivo que tiene nuestro país desde hace (""poco tiempo""), sin dejar de resaltar que hasta la televisión cubana transmite muchas cosas que vemos en el paquete.",cu,0,0,0,0,0,2,0,2,0,no saber tú pero ese paquete él resolver el problema de entretenimiento televisivo que tener nuestro país desde hacer poco tiempo sin dejar de resaltar que hasta el televisión cubano transmitir mucho cosa que ver en el paquete
4e38313c0fde01035ef5f4d14dc2b85d,"TELEVISIÓN DIGITAL, CAJAS DECODIFICADORAS, TELEVISIÓN CUBANA, AUDIOVISUALES",1,"el PAKETE SEMANAL como le decimos es un fruto del bendito aire, que bueno que se dan cuenta que el PAKETE no es el enemigo de la TVC, sino su competencia.
Pero como siempre, aquí en Cubita la Bella nos damos cuenta tarde pero requete tarde de las cosas",cu,0,0,4,0,0,2,0,0,0,el pakete semanal como él decir ser uno fruto del bendito aire que bueno que él dar cuenta que el pakete no ser el enemigo de el tvc sino su competencia pero como siempre aquí en cubitar el bello yo dar cuenta tarde pero requetir tarde de el cosa
c48a86be10a7e74ca9b2bd69df0c04c1,"TELEVISIÓN DIGITAL, CAJAS DECODIFICADORAS, TELEVISIÓN CUBANA, AUDIOVISUALES",1,"Para nada queridos foristas, las cajitas las encuentro muy buenas, y estan baratas solo 47.35 cuc, ya es hora de sacrificarnos por el desarrollo y una calidad de imagen superior.",cu,0,0,0,0,0,1,0,0,0,para nada querido forista el cajita él encuentro mucho buena y estar barato solo 47 35 cuc ya ser hora de sacrificarno por el desarrollo y uno calidad de imagen superior
76ffcb28974f67543ecac3165bfe20a2,"TELEVISIÓN DIGITAL, CAJAS DECODIFICADORAS, TELEVISIÓN CUBANA, AUDIOVISUALES",1,"TODO BIEN, QUE VENGA EL DESARROLLO, PERO ME DA RISA, UN TV EN LA TIENDA 399 CUC EL MÁS BARATO 9975 PESOS, Y LA CAJITA 49.95 CUC, 1225 PESOS.TOTAL 448 CUC 11 200 PESOS CUBANOS , SIN DUDA BARATICO BARATICO, AL ALCANCE DE CUALQUIERA, ESO ES LO PRIMERO QUE TIENE QUE CAMBIAR",cu,0,0,31,0,0,1,0,0,0,todo bien que venir el desarrollo pero yo dar risa uno tv en el tienda 399 cuc el más barato 9975 peso y el cajita 49 95 cuc 1225 pesos total 448 cuc 11 200 pesos cubano sin duda baratico baratico al alcance de cualquiera ese ser él primero que tener que cambiar
a50914a115065f583fc2018cc1feba0b,"TELEVISIÓN DIGITAL, CAJAS DECODIFICADORAS, TELEVISIÓN CUBANA, AUDIOVISUALES",1,jajaja debo estar flipando ¿Una tesis para analizar el paquete semanal? XD,cu,0,2,0,0,1,0,0,0,0,jajajar deber estar flipar uno tesis para analizar el paquete semanal xd
bc6076693c92a144b601c21a96e2a4b3,"TELEVISIÓN DIGITAL, CAJAS DECODIFICADORAS, TELEVISIÓN CUBANA, AUDIOVISUALES",1,Cubavisión: El canal de la familia cubana!!!!!!!!,cu,8,0,0,0,0,0,1,0,0,cubavisión el canal de el familia cubano
4a26addf74bad9efe4071df0e67d37e9,"TELEVISIÓN DIGITAL, CAJAS DECODIFICADORAS, TELEVISIÓN CUBANA, AUDIOVISUALES",1,"Creo que te equivocas bastante. Mucho del contenido del paquete, posiblemente mas de la mitad, se graba desde los programas que transmiten las televisoras y nos llega a nosotros por las famosas antenas, bueno el que tiene :-).",cu,0,0,0,0,0,0,0,0,0,creer que tú equivocar bastante mucho del contenido del paquete posiblemente mas de el mitad él grar desde el programa que transmitir el televisora y yo llegar a yo por el famoso antena bueno el que tener
ba5ea2b3ed57e0ac8b512f68890519e3,"TELEVISIÓN DIGITAL, CAJAS DECODIFICADORAS, TELEVISIÓN CUBANA, AUDIOVISUALES",1,"las antenas de 14cuc sin ningún tipo de elemento activo es un abuso, imaginen las antenas exteriores cuestan la mitad de mi salario, me da miedo ponerla por lo que me costó si la pierdo me da un infarto.",cu,0,0,0,0,0,2,0,0,0,el antena de 14cuc sin ninguno tipo de elemento activo ser uno abuso imaginir el antena exterior costar el mitad de mi salario yo dar miedo poner él por él que yo costar si el pierdo yo dar uno infarto
3278bf00c9dddf0a5237cde0ce73f80e,"TELEVISIÓN DIGITAL, CAJAS DECODIFICADORAS, TELEVISIÓN CUBANA, AUDIOVISUALES",1,Y nosotros de bestiasssss esas balas no me sirven,cu,0,0,0,0,0,1,1,0,0,y yo de bestiass ese bala no yo servir
ab81327bebfdd5c1a0e9e0815abbeeeb,"TELEVISIÓN DIGITAL, CAJAS DECODIFICADORAS, TELEVISIÓN CUBANA, AUDIOVISUALES",1,Ese en camiseta ensambla electronicos o corta caña?,cu,0,1,0,0,0,0,0,0,0,ese en camiseta ensambla electronico o corto caña
d6142282abf04b4c3c7a69b86c7037d1,"TELEVISIÓN DIGITAL, CAJAS DECODIFICADORAS, TELEVISIÓN CUBANA, AUDIOVISUALES",1,"Critiquemos algo cuando tengamos con qué contrarestarlo.
VIVA EL USB CHANNEL!!!!!",cu,5,0,3,0,0,0,1,0,0,critiquer algo cuando tener con qué contrarestar él viva el usb channel
3ab4078db2b939b9407fd788ff5d1914,"TELEVISIÓN DIGITAL, CAJAS DECODIFICADORAS, TELEVISIÓN CUBANA, AUDIOVISUALES",1,"Erickus ¿una vez mas se enriquecen las personas equivocadas?, ¿y según tu cuales son las personas que deberían enriquecerse?, además los que trabajan en lo del paquete no he conocido a ninguno que sea rico´´, seguro que tu tienes internet a full, o si no estás luchando el PANDA.",cu,0,4,1,0,0,3,0,0,0,erickus uno vez mas él enriquecer el persona equivocado y según tu cual ser el persona que deber enriquecer él además el que trabajar en él del paquete no haber conocer a ninguno que ser rico seguro que tu tener internet a full o si no estar luchar el panda
b5611a82e91ec5829f47c000dd7ba227,"TELEVISIÓN DIGITAL, CAJAS DECODIFICADORAS, TELEVISIÓN CUBANA, AUDIOVISUALES",1,El ICRT Y LA TVC SON LOS QUE INVENTARON EL PAQUETE. AHÍ ESTÁ LA RESPUESTA.,cu,0,0,10,0,0,0,0,0,0,el icrt y él tvc ser el que inventar el paquete ahí estar el respuesta
f097597949f943db7e214e3c1eb86f7b,"TELEVISIÓN DIGITAL, CAJAS DECODIFICADORAS, TELEVISIÓN CUBANA, AUDIOVISUALES",1,"ha porque ahora estos periodistas no saben que el paquete se baja en los puntos de acceso a internet de alta velociad, eso lo sabe mi hermano de 5 años, bamos loma abajo libre y sin freno.",cu,0,0,0,0,0,2,0,0,0,haber porque ahora este periodista no saber que el paquete él bajar en el punto de acceso a internet de alta velociad ese él saber mi hermano de 5 año bamos lomar abajo libre y sin freno
ac5c6018a5140ed776125360bb144624,"TELEVISIÓN DIGITAL, CAJAS DECODIFICADORAS, TELEVISIÓN CUBANA, AUDIOVISUALES",1,OYEEE!!!! Estas cajitas están baraticas baraticas!!!!!,cu,9,0,1,0,0,0,3,0,0,oyear este cajita estar baratica baratica
09e5cd7bba3a80e5159ea37f140392b4,"TELEVISIÓN DIGITAL, CAJAS DECODIFICADORAS, TELEVISIÓN CUBANA, AUDIOVISUALES",1,"Ja, ja, el origen es un misterio Claro!!!, porque como todos tenemos conexión de banda ancha y el flujo de datos no se monitorea aún cuando sea en grandes cantidades es muy difícil encontrar a los proveedores. Buena tesis, muy  algo.",cu,3,0,0,0,0,1,1,0,0,ja ja el origen ser uno misterio claro porque como todo tener conexión de banda ancho y el flujo de dato no él monitorear aún cuando ser en grande cantidad ser mucho difícil encontrar a el proveedor buen tesis mucho algo
76383b349ab1d70f980fefbdfdcdaf03,"TELEVISIÓN DIGITAL, CAJAS DECODIFICADORAS, TELEVISIÓN CUBANA, AUDIOVISUALES",1,MUY BUENAS LAS TRES PELÍCULAS DEL DOMINGO.,cu,0,0,7,0,0,0,0,0,0,mucho buena el tres película del domingo
0444cfe9e6bc25f183e93ae72691da54,"TELEVISIÓN DIGITAL, CAJAS DECODIFICADORAS, TELEVISIÓN CUBANA, AUDIOVISUALES",1,"lo irónico de todo esto es que la gente coge las cajitas de TV digital, ya no para ver la maltrecha señal y programación digital sino para utilizar el puerto USB para ver cosas del PAQUETE. Curioso no?",cu,0,1,2,0,0,3,0,0,0,él irónico de todo este ser que el gente coger el cajita de tv digital ya no para ver el maltrecho señal y programación digital sino para utilizar el puerto usb para ver cosa del paquete curioso no
c364551cc857743fe425e88edf5c3fc2,"TELEVISIÓN DIGITAL, CAJAS DECODIFICADORAS, TELEVISIÓN CUBANA, AUDIOVISUALES",1,"muy bien por el gobiernos, me parece genial q vendan las cajas decodificadoras ensambladas en el país a un costo mayor q las importadas es q siempre piensan en el ""bienestar del pueblo"".",cu,0,0,0,0,0,0,0,2,0,mucho bien por el gobierno yo parecer genial q vendar el caja decodificadora ensamblada en el país a uno costo mayor q el importado ser q siempre pensar en el bienestar del pueblo
d26e7dbc6dd05e9a17af8f2fd3437720,"TELEVISIÓN DIGITAL, CAJAS DECODIFICADORAS, TELEVISIÓN CUBANA, AUDIOVISUALES",1,"Ese pkete si esta bueno, deben cuidarse los de la TV, Ja JA",cu,0,0,0,0,0,0,0,0,0,ese pkete si este bueno deber cuidar él el de el tv ja jo
57ffdee9234ee11906aa916faf7631c9,"TELEVISIÓN DIGITAL, CAJAS DECODIFICADORAS, TELEVISIÓN CUBANA, AUDIOVISUALES",1,esa es buena deberian poner un impuesto por su distribucion y para los que se dejan lavar el cerebro con el paquete buen trabajo politico a nivel de cuadra,cu,0,0,0,0,0,0,0,0,0,ese ser buen deberiar poner uno impuesto por su distribucion y para el que él dejar lavar el cerebro con el paquete buen trabajo politico a nivel de cuadra
7b9a9c24a256c8cd504fea7fa181513f,"TELEVISIÓN DIGITAL, CAJAS DECODIFICADORAS, TELEVISIÓN CUBANA, AUDIOVISUALES",1,"Haa  usted tiene un crin o un tv caribe o usted pertenece a la brigada que tapa el sol con el dedo, la tv cubana anda en un estado caotico, mal, super mala, se necesitan tiempos nuevos, nuevos aires, con talento, ojala y Consuelo Vidal estuviera viva, una verdadera locutora, animadora etc",cu,0,0,0,0,0,0,0,0,0,haa usted tener uno crin o uno tv caribe o usted pertenecer a el brigada que tapa el sol con el dedo el tv cubana andar en uno estado caotico mal super malo él necesitar tiempo nuevo nuevo aire con talento ojala y consuelo vidal estar vivir uno verdadero locutora animadoro etc
98c5dda699b36c9d58d8b486bc944645,"TELEVISIÓN DIGITAL, CAJAS DECODIFICADORAS, TELEVISIÓN CUBANA, AUDIOVISUALES",1,y el Canal de los Deportes en Cuba?????YouTube estás fallando mi herma.,cu,0,5,0,0,0,0,1,0,0,y el canal de el deporte en cuba youtube estar fallar mi herma
cf4f4ee6dbb54e519d124f60d6617395,"TELEVISIÓN DIGITAL, CAJAS DECODIFICADORAS, TELEVISIÓN CUBANA, AUDIOVISUALES",1,No me preocupan las cajitas pues aun no tengo TV. Tendré que ver que invento hago para comprarme el TV y luego la cajita.,cu,0,0,0,0,0,2,0,0,0,no yo preocupar el cajita pues aun no tener tv tendré que ver que invento hacer para comprar yo el tv y luego el cajita
c09f2300cef5ac80928ebbc7b79f2370,"TELEVISIÓN DIGITAL, CAJAS DECODIFICADORAS, TELEVISIÓN CUBANA, AUDIOVISUALES",1,"yo_aqui dijo:
 gracias a esa brillante idea del gobierno somos más civilizado 
¡Acabo de caerme de la silla! Honestamente o no; mejor aún: ¡sin comentarios!",cu,4,0,0,0,0,2,0,0,0,yo_aqui decir gracias a ese brillante idea del gobierno ser más civilizado acabo de caerme de el silla honestamente o no mejor aún sin comentario
e460ab96e4c7af61062bc4979e5eaab6,"TELEVISIÓN DIGITAL, CAJAS DECODIFICADORAS, TELEVISIÓN CUBANA, AUDIOVISUALES",1,"!!!Promoción gratis!!!!
La Red Minorista de Merolicos y Revendedores de Cárdenas tienen en oferta el famoso Mando Universal que aparece en este articulo y que se vienen anunciando desde hace algun tiempo, por el módico precio de 15.00 CUC nada mas, o sea, 10 CUC mas que el precio informado ",cu,7,0,2,0,0,1,2,0,0,promoción gratis el red minorista de merolico y revendedor de cárdena tener en oferta el famoso mando universal que aparecer en este articulo y que él venir anunciar desde hacer algun tiempo por el módico precio de 15 00 cuc nada mas o ser 10 cuc mas que el precio informado
acf20ee8744711d371094debd96e1d0d,"TELEVISIÓN DIGITAL, CAJAS DECODIFICADORAS, TELEVISIÓN CUBANA, AUDIOVISUALES",1,"el paquete SOLO se consume en el 39% de los hogares capitalinos
ah casi nada 269 mil 479 casas que representan 821 mil 397 personas apróximadamente solamente que detalle estadístico.",cu,0,0,1,0,0,1,0,0,0,el paquete solo él consumir en el 39 de el hogar capitalino ah casi nada 269 mil 479 casa que representar 821 mil 397 persona apróximadamente solamente que detalle estadístico
4d7c6fd9796b6a5ebf040e7fcb769886,"TELEVISIÓN DIGITAL, CAJAS DECODIFICADORAS, TELEVISIÓN CUBANA, AUDIOVISUALES",1,COÑOOOOOOOOOOOO que es esto probemos a lo cubano y enganchemos le la hornilla eléctrica al panda y saquemos resultados no olviden que los cubanos somos de por si innovadores hasta con el salario,cu,0,0,1,0,0,1,1,0,0,coñoo que ser este prober a él cubano y enganchaber él el hornilla eléctrico al panda y saquemos resultado no olvidir que el cubano ser de por si innovador hasta con el salario
530f084a583e691dbde336d96f50f1af,"TELEVISIÓN DIGITAL, CAJAS DECODIFICADORAS, TELEVISIÓN CUBANA, AUDIOVISUALES",1,Si reúno Des pa ci to pasito a pasito tal vez para cumpla los 50 pueda tener TV personal y HD jaaaaa,cu,0,0,0,0,0,0,1,0,0,si reúno des pa ci  to pasito a pasito tal vez para cumpla el 50 poder tener tv personal y hd  jaar
c6ed08683beb44af6e9c664b16b065d3,"TELEVISIÓN DIGITAL, CAJAS DECODIFICADORAS, TELEVISIÓN CUBANA, AUDIOVISUALES",1,"Estimado Manuel Mercado, los instantes eran 17, lo otro que usted pide en su escrito solo se va a lograr cuando el ICRT sea una cooperativa de produccion no agropecuaria. gracias.",cu,0,0,1,0,0,1,0,0,0,estimado manuel mercado el instante ser 17 él otro que usted pedir en su escrito solo él ir a lograr cuando el icrt ser uno cooperativa de produccion no agropecuariar gracias
3bd3306a3fa6ec615e867de7f9e164f1,"TELEVISIÓN DIGITAL, CAJAS DECODIFICADORAS, TELEVISIÓN CUBANA, AUDIOVISUALES",1,"gracias San Paquete deberían hacerte una calle a tu nombre jajaja leí en la primera parte q mencionaban algo de q si hubiera internet (buena) se acabaría el paquete, no concuerdo, sinceramente creo q bajaría el auge pero no sería algo inmediato",cu,0,0,0,0,0,2,0,0,0,gracias san paquete deber hacertir uno calle a tu nombre jajaja leer en el primero parte q mencionar algo de q si haber internet buen él acabar el paquete no concuerdo sinceramente creer q bajar el auge pero no ser algo inmediato
988bf1549230c85f8ea8758fa75bfac2,"TELEVISIÓN DIGITAL, CAJAS DECODIFICADORAS, TELEVISIÓN CUBANA, AUDIOVISUALES",1,"Solución al problemita del paquete, internet en cada hogar cubano y listo ese negocio se acaba porque es de ahí de donde lo están sacando ciertos y determinados personajes que tienen acceso a por lo menos fibra óptica directa para descargar cosas tan pasadas en gb..mientras tanto viva el paquete!!!",cu,3,0,0,0,0,0,1,0,0,solución al problemita del paquete internet en cada hogar cubano y listo ese negocio él acabar porque ser de ahí de donde él estar sacar cierto y determinado personaje que tener acceso a por él menos fibra óptico directo para descargar cosa tanto pasado en gb mientras tanto vivir el paquete
8435259c172a101f2ad3b0b68b23065a,"TELEVISIÓN DIGITAL, CAJAS DECODIFICADORAS, TELEVISIÓN CUBANA, AUDIOVISUALES",1,menos mal que lo que comercializan son cajas decodificadoras y no comida,cu,0,0,0,0,0,1,0,0,0,menos mal que él que comercializar ser caja decodificadora y no comida
fd6fbd69e5e439ad64e956417dc1fc3d,"TELEVISIÓN DIGITAL, CAJAS DECODIFICADORAS, TELEVISIÓN CUBANA, AUDIOVISUALES",1,"Con bajante coaxial, que no se afecta con la lluvia. Cuando la cinta se moja, las perdidas en UHF se elevan estratosféricamente. Por supuesto, la antena también tiene que ver, que es televisión digital, no magia.",cu,0,0,1,0,0,2,0,0,0,con bajante coaxial que no él afectar con el lluvia cuando el cinta él moja el perdida en uhf él elevar estratosféricamente por supuesto el antena también tener que ver que ser televisión digital no magiar
47eab3be66f0ab86c54f6a48441a3d13,"TELEVISIÓN DIGITAL, CAJAS DECODIFICADORAS, TELEVISIÓN CUBANA, AUDIOVISUALES",1,YO ME VOY A AHORRAR EL DINERITO DE LA CAJITA PUES MI PANDA SOLO ESTA CONECTADO AL PAQUETE JJJA,cu,0,0,11,0,0,0,1,0,0,yo yo ir a ahorrar el dinerito de el cajita pues mi panda solo este conectado al paquete jja
1449b55fb51e2ebbf79673ef22f2e051,"TELEVISIÓN DIGITAL, CAJAS DECODIFICADORAS, TELEVISIÓN CUBANA, AUDIOVISUALES",1,"Es un fenómeno con mucha fuerza, y muy bueno por cierto. Conozco personas que no ven la tv, o que rara vez ven algo, pero lo que no les puede faltar son las novelas, las series o las películas..en fin, el paquete.
¿Paquete quiero? para verte mejor",cu,0,2,0,0,0,2,0,0,0,ser uno fenómeno con mucho fuerza y mucho bueno por cierto conocer persona que no ver el tv o que rara vez ver algo pero él que no él poder faltar ser el novela el serie o el película en fin el paquete paquete quiero para verte mejor
3a55e9e62cc6f2e5f12aec455f77e94d,"TELEVISIÓN DIGITAL, CAJAS DECODIFICADORAS, TELEVISIÓN CUBANA, AUDIOVISUALES",1,"el paquete en estos momento se ha ganado el show de los televidentes cubanos, el otro pakete de la TV nuestra está en estado de merma como vianda del Agromercado,solo les digo como taladri haga usted sus propia concluciones,ahh el también le gusta el paquete es fan de los channel ,national geografic",cu,0,0,0,0,0,0,0,0,0,el paquete en este momento él haber ganar el show de el televidente cubano el otro pakete de el tv nuestro estar en estado de merma como vianda del agromercado solo él decir como taladri hacer usted su propio conclución ahh el también él gustar el paquete ser fan de el channel national geografic
563ebb8ac7ddc7745c89c2700d5b06d0,"TELEVISIÓN DIGITAL, CAJAS DECODIFICADORAS, TELEVISIÓN CUBANA, AUDIOVISUALES",1,"QUE VIVA EL PAQUETE, GRACIAS PAQUETE, GRACIAS POR ENTRETENERME PAQUETE, TE QUIERO PAQUETE, ERES MI VIDA PAQUETE, NO ME ABANDONES PAQUETE, BIENVENIDO PAQUETE.",cu,0,0,18,0,0,1,0,0,0,que vivir el paquete gracias paquete gracias por entretener yo paquete tú querer paquete ser mi vida paquete no yo abandón paquete bienvenido paquete
dc8f719fcd9e78ca58e57ec6865d2924,"TELEVISIÓN DIGITAL, CAJAS DECODIFICADORAS, TELEVISIÓN CUBANA, AUDIOVISUALES",1,"Todo está muy bonito. Pero parece que al menos yo me voy a quedar definitivamente sin TV por los próximos 30 años. Según las leyes de mi salario, o me visto, o como (poco y malo), o me echo un desodorante, o guardo mi salario durante unos cuantos años",cu,0,0,0,0,0,1,0,0,0,todo estar mucho bonito pero parecer que al menos yo yo ir a quedar definitivamente sin tv por el próximo 30 año según el ley de mi salario o yo vestir o como poco y malo o yo echar uno desodorante o guardar mi salario durante uno cuanto año
82f3cef16f4b36acee78d33852b2a003,"TELEVISIÓN DIGITAL, CAJAS DECODIFICADORAS, TELEVISIÓN CUBANA, AUDIOVISUALES",1,"mi no entender, que ser youtube?",cu,0,1,0,0,0,1,0,0,0,mi no entender que ser youtubar
eaf90d87514347d98b5d1fdd9ac85926,"TELEVISIÓN DIGITAL, CAJAS DECODIFICADORAS, TELEVISIÓN CUBANA, AUDIOVISUALES",1,Lo que realmente es un paquete es la programación de la TV cubana.,cu,0,0,0,0,0,0,0,0,0,él que realmente ser uno paquete ser el programación de el tv cubana
c34d907b3e911a42ddfc6da83bcbb73b,"TELEVISIÓN DIGITAL, CAJAS DECODIFICADORAS, TELEVISIÓN CUBANA, AUDIOVISUALES",1,"Gracias al pkt, porque la TV Cubana cada dia MEJOR.",cu,0,0,1,0,0,0,0,0,0,gracias al pkt porque el tv cubano cada dia mejor
42d49b6d86a7683fd25f8be669d9cf0a,"TELEVISIÓN DIGITAL, CAJAS DECODIFICADORAS, TELEVISIÓN CUBANA, AUDIOVISUALES",1,"No mi hermano la televion cubana no es un clavo porque el clavo tiene cabeaz y al menos lo puedes quitar, es una puntilla.",cu,0,0,0,0,0,2,0,0,0,no mi hermano el televion cubano no ser uno clavo porque el clavo tener cabeaz y al menos él poder quitar ser uno puntilla
b0452e0259351b9907db0602317a6973,"TELEVISIÓN DIGITAL, CAJAS DECODIFICADORAS, TELEVISIÓN CUBANA, AUDIOVISUALES",1,"Me parece que estoy en una realidad alternativa, o a lo mejor es que se me han olvidado conceptos como respeto, ley, responsabilidad, oficial, dejame revisar el diccionario otra vez a ver si es que cambió y no me he enterado. ",cu,0,0,0,0,0,1,0,0,0,yo parecer que estar en uno realidad alternativo o a él mejor ser que él yo haber olvidar concepto como respeto ley responsabilidad oficial dejame revisar el diccionario otro vez a ver si ser que cambiar y no yo haber enterar
64788093bee6bb247fca053c2e1088c5,"TELEVISIÓN DIGITAL, CAJAS DECODIFICADORAS, TELEVISIÓN CUBANA, AUDIOVISUALES",1,Los inventores del paquete deben recibir el premio novel de la paz,cu,0,0,0,0,0,0,0,0,0,el inventor del paquete deber recibir el premio novel de el paz
c12c4cafbbf99edbd8f589931c96e9e9,"TELEVISIÓN DIGITAL, CAJAS DECODIFICADORAS, TELEVISIÓN CUBANA, AUDIOVISUALES",1,"El paquete semanal esta berriao es más relleno que otra cosa ahora lo que se lleva es el world of warcraft :cataclismo, lish king ,pandaria , draenor jajajajaj,..",cu,0,0,0,0,0,0,0,0,0,el paquete semanal este berriao ser más relleno que otro cosa ahora él que él llevar ser el world of warcraft cataclismo lish king pandario draenor jajajajaj
a4526c8f2ca8a8604f24a025b39e2bec,"TELEVISIÓN DIGITAL, CAJAS DECODIFICADORAS, TELEVISIÓN CUBANA, AUDIOVISUALES",1,"ahora tenemos que agarrar los paquetes para poder ver la MLB,ya que nuestra querida nave especial ICRT o la TV cubana no se esfuerzan por colocar los juegos de pelotas más recientes ,ahhhhh si tienen cubanos,ej:céspedes los pasan por los filtros para no ponerlos ",cu,0,0,2,0,0,2,1,0,0,ahora tener que agarrar el paquete para poder ver el mlb ya que nuestro querido nave especial icrt o el tv cubano no él esforzar por colocar el juego de pelota más reciente ahh si tener cubano ej césped él pasar por el filtro para no ponerlo
adeaef0adf4f4719f05d8a8acd4e7b6b,"TELEVISIÓN DIGITAL, CAJAS DECODIFICADORAS, TELEVISIÓN CUBANA, AUDIOVISUALES",1,La programación del domingo me deprime sobre todo la de la noche por eso el lunes no quiero trabajar jejejejej.,cu,0,0,0,0,0,1,0,0,0,el programación del domingo yo deprimir sobre todo el de el noche por ese el lunes no querer trabajar jejejejej
fe98f436f2848083a304dc5464b9f47c,"TELEVISIÓN DIGITAL, CAJAS DECODIFICADORAS, TELEVISIÓN CUBANA, AUDIOVISUALES",1,"Lo peor del caso es que cuando reunamos el dinero para comprar la cajita, debe haber pasado el tiempo suficiente como para que el televisor se haya roto de viejo. Entonces ¿cuando nos pondremos al día en esto? quien sabe. !Ah si!,. cuando bajen los precios.",cu,2,2,0,0,0,0,0,0,0,él peor del caso ser que cuando reunir el dinero para comprar el cajita deber haber pasar el tiempo suficiente como para que el televisor él haber romper de viejo entonces cuando yo poner al día en este quien saber ah si cuando bajar el precio
252015cd5f20b597789455989fa55aa3,"TELEVISIÓN DIGITAL, CAJAS DECODIFICADORAS, TELEVISIÓN CUBANA, AUDIOVISUALES",1,Muy buena esta oferta!!!! A partir de hoy todos los cubanos podrán ver la TV digital!!!!! JJJJ,cu,9,0,1,0,0,0,3,0,0,mucho buen este oferta a partir de hoy todo el cubano poder ver el tv digital jj
fdc00a27def982baaed6f196b7a80231,"TELEVISIÓN DIGITAL, CAJAS DECODIFICADORAS, TELEVISIÓN CUBANA, AUDIOVISUALES",1,"¿Quiénes y dónde bajan los contenidos? Lamentablemente gracias al bloqueo, podemos olvidarnos del idealismo del copyright pero, ¿quién de los particulares tiene los medios técnicos (antenas y banda ANCHÍSIMA) necesarios para hacer esto. Ahí es donde tiene que estar el fallo LEGAL de la cadena.",cu,0,3,2,0,0,0,0,0,0,quién y dónde bajar el contenido lamentablemente gracias al bloqueo poder olvidar yo del idealismo del copyright pero quién de el particular tener el medio técnico antena y banda anchísima necesario para hacer este ahí ser donde tener que estar el fallo legal de el cadena
b2c8862148d884a02627f71d444619f5,"TELEVISIÓN DIGITAL, CAJAS DECODIFICADORAS, TELEVISIÓN CUBANA, AUDIOVISUALES",1,"A mi lo q me preocupa compay, es q me van a apagar la analógica y me voy a quedar sin ninguna porque no me veo en los planos, mapitas y proyecciones futuras por ninguna parte ¿Se acordará alguien de los guajiros de Jobabo compay?",cu,0,2,0,0,0,4,0,0,0,a mi él q yo preocupar compay ser q yo ir a apagar el analógica y yo ir a quedar sin ninguno porque no yo ver en el plano mapita y proyección futuro por ninguno parte él acordar alguien de el guajiro de jobabo compay
9910cc07f250d7b6ddaec3e4ac944ee4,"TELEVISIÓN DIGITAL, CAJAS DECODIFICADORAS, TELEVISIÓN CUBANA, AUDIOVISUALES",1,"muy buena la tv, uffff, que viva el Pakete",cu,0,0,0,0,0,0,1,0,0,mucho buen el tv uff que vivir el pakete
51b8a9b034a519d2c058f35cde2d315e,"TELEVISIÓN DIGITAL, CAJAS DECODIFICADORAS, TELEVISIÓN CUBANA, AUDIOVISUALES",1,"Si cada vez que sacan un canal nuevo hay que comprar nuevas cajitas y mas caras, un micro almacen de cajas decoficadoras en nuestros hogares hagamos entonces nuestros propios museos digitales, muy bueno el avance porque por suerte o desgracia tenemos que caminar a la par con el",cu,0,0,0,0,0,0,0,0,0,si cada vez que sacar uno canal nuevo haber que comprar nuevo cajita y mos cara uno micro almacir de caja decoficadora en nuestro hogar hacer entonces nuestro propio museo digital mucho bueno el avance porque por suerte o desgracia tener que caminar a el par con el
d7866a5762f75276710b78ab8b987e5a,"TELEVISIÓN DIGITAL, CAJAS DECODIFICADORAS, TELEVISIÓN CUBANA, AUDIOVISUALES",1,"Esto es Cuba compay, aquí el windows es pirata, los sofwares son crackeaos, la música la copiamos entre memorias, aki nadie compra discos, no hay paypal, ni visa, ni USDs. Hay bloqueo y con eso nos justificamos hasta el cansancio. ",cu,0,0,0,0,0,4,0,0,0,este ser cuba compay aquí el windows ser pirata el sofwar ser crackeao el música él copiamos entre memoria aki nadie comprar disco no haber paypal ni visa ni usds haber bloqueo y con ese yo justificar hasta el cansancio
4734e18c94a75d964b59e9f2d219a81c,"TELEVISIÓN DIGITAL, CAJAS DECODIFICADORAS, TELEVISIÓN CUBANA, AUDIOVISUALES",1,Oro todo los dias a Dios por el paquete. Reprendo en el nombre de Jesus todos los malos ojos que se han puesto para el y declaro palabra positiva: Larga vida al paquete,cu,0,0,0,0,0,0,0,0,0,oro todo el dia a dio por el paquete reprendo en el nombre de jesus todo el malo ojo que él haber poner para el y declaro palabra positivo largo vida al paquete
47dc05b209a41490920437870e8a012b,"TELEVISIÓN DIGITAL, CAJAS DECODIFICADORAS, TELEVISIÓN CUBANA, AUDIOVISUALES",1,"Temo,temo por la vida y la seguridad del paquete.A lo mejor soy yo,pero sus días están contados.Con las salas de videojuegos y Cines 3D tambien se escucho la consigna De no se busca prohibir y ya vieron cual fue su final.",cu,0,0,0,0,0,1,0,0,0,temo temer por el vida y el seguridad del paquete a él mejor ser yo pero su día estar contado con el sala de videojuego y cine 3d tambien él escuchar el consigna de no él buscar prohibir y ya ver cual ser su final
1dccbe6749c1789b8675d733878d3273,"TELEVISIÓN DIGITAL, CAJAS DECODIFICADORAS, TELEVISIÓN CUBANA, AUDIOVISUALES",1,"hace un par de meses, doné mi tv",cu,0,0,0,0,0,0,0,0,0,hacer uno par de mes doné mi tv
5875f4ac3dc4dcf4be777ea0223d1c86,"TELEVISIÓN DIGITAL, CAJAS DECODIFICADORAS, TELEVISIÓN CUBANA, AUDIOVISUALES",1,"Vikktor, segun lo que dices tambien se deberia mantener por siempre el transporte privado con sus asequibles precios ya que ellos tambien se estan ganado la vida, y la solucion no deberia ser mejorar el transporte publico.",cu,0,0,0,0,0,1,0,0,0,vikktor segun él que diz tambien él deberiar mantener por siempre el transporte privado con su asequible precio ya que él tambien él estir ganar el vida y el solucion no deberio ser mejorar el transporte publico
41c3eac61b21b90fb7f28cb0383a1111,"TELEVISIÓN DIGITAL, CAJAS DECODIFICADORAS, TELEVISIÓN CUBANA, AUDIOVISUALES",1,"Cuando el amor no alcanza vs. Homeland
Tv Nacional vs. Pakete
Ven la diferencia.",cu,0,0,0,0,0,1,1,0,0,cuando el amor no alcanzar vs homeland tv nacional vs pakete ver el diferencia
3b803f77a51022f36fbf6c30693aba4a,"TELEVISIÓN DIGITAL, CAJAS DECODIFICADORAS, TELEVISIÓN CUBANA, AUDIOVISUALES",1,"Bueno, podrían sancionar a Cuba, por ejemplo con un bloqueo comercial prohibiéndole exportar a los USA, o comprar casi todo en estos, o prohibir a los ciudadanos viajar a CubaEH, YA LO ESTÁN HACIENDO",cu,0,0,3,0,0,0,0,0,0,bueno poder sancionar a cuba por ejemplo con uno bloqueo comercial prohibir él exportar a el usa o comprar casi todo en este o prohibir a el ciudadano viajar a cuba eh ya él estar hacer
1dd23787077a636c33c64dace55a8441,"TELEVISIÓN DIGITAL, CAJAS DECODIFICADORAS, TELEVISIÓN CUBANA, AUDIOVISUALES",1,si me quitan el paquete me suicido,cu,0,0,0,0,0,0,0,0,0,si yo quitar el paquete yo suicido
d330f3441f3b093af5d24599aaba0765,"TELEVISIÓN DIGITAL, CAJAS DECODIFICADORAS, TELEVISIÓN CUBANA, AUDIOVISUALES",1,"no se preocupe tanto que el dia que eso llegue, va a ser el mismo día que tendremos internest de banda ancha disponible para todos",cu,0,0,0,0,0,1,0,0,0,no él preocupar tanto que el dia que ese llegar ir a ser el mismo día que tener internest de banda ancho disponible para todo
9ba95627d7099d62c058f7f558f491a3,"TELEVISIÓN DIGITAL, CAJAS DECODIFICADORAS, TELEVISIÓN CUBANA, AUDIOVISUALES",1,PONGAN EL PAQUETE POR LA LIBRETA Y YAAAAA PA QUE VEAN!!!!,cu,4,0,7,0,0,0,2,0,0,pongar el paquete por el libreta y yaa pa que ver
75f2c398e4801f846349d769d1edfffa,"TELEVISIÓN DIGITAL, CAJAS DECODIFICADORAS, TELEVISIÓN CUBANA, AUDIOVISUALES",1,"buenos dias, todo eso de la señal digital esta muy bonito pero una cosa es cierta en el interior del pais la señal es pesima, los precios ni hablar de ellos para el acceso a todos los accesorios. la TV deberia llamarse repetivision. porque como dice el niño mio: eso ya lo vi esta mañana.",cu,0,0,0,0,0,1,0,0,0,buen dia todo ese de el señal digital este mucho bonito pero uno cosa ser cierto en el interior del pais el señal ser pesimo el precio ni hablar de él para el acceso a todo el accesorio el tv deberio llamar él repetivision porque como decir el niño mio ese ya él ver este mañana
572cb3b3c94cffd7030a5352c08fe05d,"TELEVISIÓN DIGITAL, CAJAS DECODIFICADORAS, TELEVISIÓN CUBANA, AUDIOVISUALES",1,"Antenas: Por que tan BARATAS?, de qué está hechas??solamente son un pedazo de metal!!, no se pueden producir en cuba?, estos precios de los equipamientos son sin recaudación?, no lo creo porque son bien altos.",cu,2,5,1,0,0,3,0,0,0,antena por que tanto barato de qué estar hecho solamente ser uno pedazo de metal no él poder producir en cuba este precio de el equipamiento ser sin recaudación no él creer porque ser bien alto
f8d8bc184ba5cfc0e324499c88de31e7,"TELEVISIÓN DIGITAL, CAJAS DECODIFICADORAS, TELEVISIÓN CUBANA, AUDIOVISUALES",1,"No al Paquete, jajajajaja, cual programacion nacional???",cu,0,3,0,0,0,1,1,0,0,no al paquete jajajajajar cual programacion nacional
3a7a6531de87ebafe9080805d130687f,"TELEVISIÓN DIGITAL, CAJAS DECODIFICADORAS, TELEVISIÓN CUBANA, AUDIOVISUALES",1,"NOSOTROS LOS CUBANOS CRITICAMOS EL PAQUETE, CRITICAMOS LA TV CUBANA, EN FIN EL CUBANO SE RIE DE SU PROPIA DESGRACIA, SOMOS UNICOS EN ESTE PLANETA.",cu,0,0,16,0,0,0,0,0,0,yo el cubano criticar el paquete criticar el tv cubano en fin el cubano él riar de su propio desgracia ser unico en este planeta
8be35cd6ede69b265efd4caf55614e92,"TELEVISIÓN DIGITAL, CAJAS DECODIFICADORAS, TELEVISIÓN CUBANA, AUDIOVISUALES",1,cuando se dice donadas se refieren a regalado o vendidas a casi 40 CUC,cu,0,0,1,0,0,0,0,0,0,cuando él decir donada él referir a regalado o vendido a casi 40 cuc
838f71bc263b0c3097afc2adee87505d,"TELEVISIÓN DIGITAL, CAJAS DECODIFICADORAS, TELEVISIÓN CUBANA, AUDIOVISUALES",1,dejemos tranquilo al SAN-PAKETE como le decimos algunos pues por el momento es lo único bueno que tenemos para entretenernos y oremos por ese alto Cuadro que nos provee el paquete que tenga buena salud y nos dure muchos años mas jajaja,cu,0,0,2,0,0,0,0,0,0,dejar tranquilo al san pakete como él decir alguno pues por el momento ser él único bueno que tener para entretener yo y orer por ese alto cuadro que yo proveer el paquete que tener buen salud y yo durar mucho año mas jajajar
860552c6b7e90b08f15e17173232cffd,"TELEVISIÓN DIGITAL, CAJAS DECODIFICADORAS, TELEVISIÓN CUBANA, AUDIOVISUALES",1,"me parece magnífico que se hayan empezado a vender las famosas cajitas decodificadoras, ""absequibles para toda la poblacion"", porque con estos precios no pensamos para nada en nuestros abuelos jubilados, o nuetras madres solteras, no se realmente en quien pensamos.",cu,0,0,0,0,0,3,0,2,0,yo parecer magnífico que él haber empezar a vender el famoso cajita decodificadora absequibl para todo el poblacion porque con este precio no pensar para nada en nuestro abuelo jubilado o nuetra madre soltera no él realmente en quien pensar
1bd2f1ed12974261e5501be83d59153e,"TELEVISIÓN DIGITAL, CAJAS DECODIFICADORAS, TELEVISIÓN CUBANA, AUDIOVISUALES",1,"yo pienso que en un futuro gran parte del paquete vendrá en bloc de notas, con las direcciones de descarga para las aplicaciones, juegos y demás, ya que contaríamos con adsl en nuestras casas y las novelas y demás serían descargadas desde un futuro sitio, elpaquete.com jajaja",cu,0,0,0,0,0,0,0,0,0,yo pensar que en uno futuro gran parte del paquete venir en bloc de nota con el dirección de descarga para el aplicación juegos y demá ya que contaríir con adsl en nuestro casa y el novela y demá ser descargar desde uno futuro sitio elpaquete com jajaja
921ae24a96b3b588165950cc35100a9a,"TELEVISIÓN DIGITAL, CAJAS DECODIFICADORAS, TELEVISIÓN CUBANA, AUDIOVISUALES",1,"Estas cajitas, me parece que vienen de MARTE!!!JAJAJA",cu,3,0,2,0,0,0,1,0,0,este cajita yo parecer que venir de marte jajaja
401e07819d521cf129f6b8a7fde1272e,"TELEVISIÓN DIGITAL, CAJAS DECODIFICADORAS, TELEVISIÓN CUBANA, AUDIOVISUALES",1,"Si la compraste, te jodiste mi hermano !!!",cu,3,0,0,0,0,0,1,0,0,si el compraste tú jodistir mi hermano
31f99fba15880847c472ddfa51af8d01,"TELEVISIÓN DIGITAL, CAJAS DECODIFICADORAS, TELEVISIÓN CUBANA, AUDIOVISUALES",1,"Muy bien que el Estado pudiera tener a alguien responsable de conformar el paquete, ponerlo en algún sitio para que todos los Cubanos podamos desacargarlo, o que nos lo vendan en algun punto de venta a precio módico jajaja.",cu,0,0,0,0,0,0,0,0,0,mucho bien que el estado poder tener a alguien responsable de conformar el paquete poner él en alguno sitio para que todo el cubano poder desacargar él o que yo él vendar en algun punto de venta a precio módico jajajar
93b121633be8f8f5607c6f79370123c1,"TELEVISIÓN DIGITAL, CAJAS DECODIFICADORAS, TELEVISIÓN CUBANA, AUDIOVISUALES",1,"COPEXTEL, la empresa comercializadora en este caso de los TV LED que ensambla la Industria Electrónica, aplica un precio de $445 cuc, obteniendo una ganancia del 55%, mucho mas que el que los produce. Como es posible que una entidad  no productiva obtenga semejante utilidad.",cu,0,0,2,0,0,1,0,0,0,copextel el empresa comercializadoro en este caso de el tv led que ensamblar el industria electrónico aplicar uno precio de 445 cuc obtener uno ganancia del 55 mucho mas que el que él producir como ser posible que uno entidad no productivo obtenga semejante utilidad
cc14cd2f23df518b67b65ca7cf0912a7,"TELEVISIÓN DIGITAL, CAJAS DECODIFICADORAS, TELEVISIÓN CUBANA, AUDIOVISUALES",1,"efectivamente, sin lugar a dudas es un gran reto para la economía doméstica de la mayoría de hogares reunir casi 50 CUC para comprar una cajita y todo eso sin dejar de comer, de asearse y de vestirse.",cu,0,0,1,0,0,2,0,0,0,efectivamente sin lugar a duda ser uno gran reto para el economía doméstico de el mayoría de hogar reunir casi 50 cuc para comprar uno cajita y todo ese sin dejar de comer de asear él y de vestir él
37b18a99fc2aa9493dc346c6aadeb0a7,"TELEVISIÓN DIGITAL, CAJAS DECODIFICADORAS, TELEVISIÓN CUBANA, AUDIOVISUALES",1,por favor quisiera saber si mi modesta cajita de 20 cuc me sirve en el futuro,cu,0,0,0,0,0,0,0,0,0,por favor quisiera saber si mi modesto cajito de 20 cuc yo servir en el futuro
173eabd206df06dbdf8d1288484772fb,"TELEVISIÓN DIGITAL, CAJAS DECODIFICADORAS, TELEVISIÓN CUBANA, AUDIOVISUALES",1,"Mientras sigan con el discurso de Tenemos que, Vamos a, Debemos de, cada día que pase las personas seguirán optando por el paquete de la semana y no por el paquete de la programación de la TV Cubana.",cu,0,0,0,0,0,1,0,0,0,mientras seguir con el discurso de tener que ir a deber de cada día que pasar el persona seguir optar por el paquete de el semana y no por el paquete de el programación de el tv cubana
a323a8d1125bccbb991a03294767682d,"TELEVISIÓN DIGITAL, CAJAS DECODIFICADORAS, TELEVISIÓN CUBANA, AUDIOVISUALES",1,EN OCTIEMBRE DEL AÑO QUE NIEVE LA TENDRAS. ESOERA Y NO TE DESESPERES QUE FALTA POCO. HHAIHAIA,cu,0,0,12,0,0,1,0,0,0,en octiembre del año que nievir el tendra esoero y no tú desesperes que faltar poco hhaihaia
b8d2fef26e5bbcfc3b576f6e0822d659,"TELEVISIÓN DIGITAL, CAJAS DECODIFICADORAS, TELEVISIÓN CUBANA, AUDIOVISUALES",1,yo trabajo con yunior y es mentira el que responde las preguntas soy yoooooooo.,cu,0,0,0,0,0,0,1,0,0,yo trabajar con yunior y ser mentira el que responder el pregunta ser yoo
31f2ae2c74927539a772b85cdf078f07,"TELEVISIÓN DIGITAL, CAJAS DECODIFICADORAS, TELEVISIÓN CUBANA, AUDIOVISUALES",1,"Tremendo negocio este de la TV digital a vender cajitas y cada vez que uno compra una sale otra y otra es como obligarnos a hablar en chino y cobrar por las clases de idioma ademas, los techos y azoteas comienzan a parecer erizos.",cu,0,0,0,0,0,0,0,0,0,tremendo negocio este de el tv digital a vender cajita y cada vez que uno comprar uno salir otro y otro ser como obligarno a hablar en chino y cobrar por el clase de idioma adema el techo y azoteas comenzar a parecer erizos
13c3613fa36990b0fab1aa3890bce37c,"TELEVISIÓN DIGITAL, CAJAS DECODIFICADORAS, TELEVISIÓN CUBANA, AUDIOVISUALES",1,Bravo por nuestros medios y sus magnificas ideas!!! Salgan con una camara en mano y preguntenle al puebloque creen de la Tv Cubanay verás mucha opinión.,cu,3,0,0,0,0,0,1,0,0,bravo por nuestro medio y su magnifica idea salgar con uno camara en mano y preguntenlir al pueblo que creer de el tv cubano y verás mucho opinión
aa52442863aa65e00adb56d82f61c0d1,"TELEVISIÓN DIGITAL, CAJAS DECODIFICADORAS, TELEVISIÓN CUBANA, AUDIOVISUALES",1,"y para los cuenta propistas nada de nada, vamos bien?",cu,0,1,0,0,0,2,0,0,0,y para el cuenta propista nada de nada ir bien
4a5630a12632fd14d7e8c2e6a4cce5c3,"TELEVISIÓN DIGITAL, CAJAS DECODIFICADORAS, TELEVISIÓN CUBANA, AUDIOVISUALES",1,La civilizacion antes del paquete y después del paquetegracias a esa brillante idea del gobierno somos más civilizadoque viva por muchos años más esta forma de conocimiento para los cubanosYa se le hará en su debido tiempo un monumento al PAQUETE como el impulsor del conocimiento de los cubanos,cu,0,0,1,0,0,0,0,0,0,el civilizacion antes del paquete y después del paquete gracias a ese brillante idea del gobierno ser más civilizado que vivir por mucho año más este forma de conocimiento para el cubano ya él él hacer en su debido tiempo uno monumento al paquete como el impulsor del conocimiento de el cubano
26883b66c9aa7c279025ae355b59d25c,"TELEVISIÓN DIGITAL, CAJAS DECODIFICADORAS, TELEVISIÓN CUBANA, AUDIOVISUALES",1,pero si nos vamos a poner así..como hay que hacer tesis en cuba !!!!!,cu,5,0,0,0,0,0,1,0,0,pero si yo ir a poner así como haber que hacer tesis en cuba
281e04ee16b0ee101dcbea7ab8887318,"TELEVISIÓN DIGITAL, CAJAS DECODIFICADORAS, TELEVISIÓN CUBANA, AUDIOVISUALES",1,"Una cosa que me llama la atención que nadie comentase, es que en el esquemita donde se refleja la distribución del Paquete todo el mundo habla de la internet de Banda Ancha, pero nadie habla de la Antena (canal 3 para muchos) que sale al lado del iconito de descarga???. Eh, eh, eeehhhhh???",cu,0,6,0,0,0,2,4,0,0,uno cosa que yo llamar el atención que nadie comentar ser que en el esquemita donde él reflejar el distribución del paquete todo el mundo hablar de el internet de banda ancho pero nadie hablar de el antena canal 3 para mucho que salir al lado del iconito de descarga eh eh eehh
4abd2269804cbe54471dca39e267a77e,"TELEVISIÓN DIGITAL, CAJAS DECODIFICADORAS, TELEVISIÓN CUBANA, AUDIOVISUALES",1,La television que viene ¿Y la que está???,cu,0,4,0,0,0,0,1,0,0,el television que venir y el que estar
ecf9e315ccb6d40f4cc382d31fb3f411,"TELEVISIÓN DIGITAL, CAJAS DECODIFICADORAS, TELEVISIÓN CUBANA, AUDIOVISUALES",1,Blablablablabla y más bla me dió sueño leer esta crap!,cu,1,0,0,0,0,0,0,0,0,blablablablablo y más bla yo deír sueño leer este crap
c69142953cba1879d3c27b75b1fad7f8,"TELEVISIÓN DIGITAL, CAJAS DECODIFICADORAS, TELEVISIÓN CUBANA, AUDIOVISUALES",1,QUE BUENO A SEGUIR GASTANDO DINERO DEL CUAL NO NOS PAGAN.,cu,0,0,9,0,0,1,0,0,0,que bueno a seguir gastar dinero del cual no yo pagar
068115592eaf886e34ef90d6c1876412,"TELEVISIÓN DIGITAL, CAJAS DECODIFICADORAS, TELEVISIÓN CUBANA, AUDIOVISUALES",1,El estado de la TV es uno de los caldos de cultivo del PAQUETE. Desgraciadamente la TV CUBANA no está SONANDO EN CUBA !SAQUENLA DEL APURO!,cu,2,0,7,0,0,1,0,0,0,el estado de el tv ser uno de el caldo de cultivo del paquete desgraciadamente el tv cubano no estar sonar en cuba saquenla del apuro
c5746f9519b820448e95484aa3b7377b,"TELEVISIÓN DIGITAL, CAJAS DECODIFICADORAS, TELEVISIÓN CUBANA, AUDIOVISUALES",1,Y nosotros a pie ???,cu,0,3,0,0,0,0,1,0,0,y yo a pie
85a049b2bef49a2ffe0ea9fe76ee1a21,"TELEVISIÓN DIGITAL, CAJAS DECODIFICADORAS, TELEVISIÓN CUBANA, AUDIOVISUALES",1,"es verdad porque lo he visto, y a la dos semana ponen la pelicula en la TV, (muy bueno el trabajo de nuestra TV) y es mejor que sigan asi porque si no a ver pelicula mala y a sufrir.",cu,0,0,0,0,0,1,0,0,0,ser verdad porque él haber ver y a el dos semana poner el pelicula en el tv mucho bueno el trabajo de nuestro tv y ser mejor que seguir asi porque si no a ver pelicula malo y a sufrir
97c6aad29022e6263d02821c778a5f65,"TELEVISIÓN DIGITAL, CAJAS DECODIFICADORAS, TELEVISIÓN CUBANA, AUDIOVISUALES",1,"Bueno, no dudo que detrás de este PAQUETE (que llena algunas RELATIVAS carencias) este el ESTIMULO Y ALIENTO de cierta conocida y A VECES sutil OREJA PELUDA",cu,0,0,7,0,0,1,0,0,0,bueno no dudar que detrás de este paquete que llenar alguno relativo carencia este el estimulo y aliento de cierta conocido y a vez sutil oreja peluda
9146d6821e7b5af763aef7fca550c2b5,"TELEVISIÓN DIGITAL, CAJAS DECODIFICADORAS, TELEVISIÓN CUBANA, AUDIOVISUALES",1,"Revisen a los directivos de la programación de la la TV cubana los espacios menos malos lo dan por la madrugada. ¿Para Quién?,!!! que viva el paquete!!!",cu,6,2,0,0,0,0,2,0,0,revisen a el directivo de el programación de el el tv cubano el espacio menos malo él dar por el madrugada para quién que vivir el paquete
2f17a9ff1dcda0674f1f8520251fc271,"TELEVISIÓN DIGITAL, CAJAS DECODIFICADORAS, TELEVISIÓN CUBANA, AUDIOVISUALES",1,ahh si AHORA MISMO VOY PA LA TIENDA Y ME COMPRO UNA!!!! Y no como este mes.,cu,4,0,6,0,0,1,1,0,0,ahh si ahora mismo ir pa el tienda y yo compro uno y no como este mes
730fe97d75d2ff068a8ed09fc5ab0a6b,"TELEVISIÓN DIGITAL, CAJAS DECODIFICADORAS, TELEVISIÓN CUBANA, AUDIOVISUALES",1,"Realmente el PKT es una ventaja para quienes lo aprovechamos para aprender y disfrutar. Así que por favor, queridos intelectuales y culturosos de nuestro país, dejen de juzgar y criticar el PKT y dedíquense a hacer su trabajo, si es que se puede llamar así.",cu,0,0,2,0,0,0,0,0,0,realmente el pkt ser uno ventaja para quien él aprovechar para aprender y disfrutar así que por favor querido intelectual y culturoso de nuestro país dejar de juzgar y criticar el pkt y dediquen él a hacer su trabajo si ser que él poder llamar así
42121a743a758b657b967bdf2ddd533f,"TELEVISIÓN DIGITAL, CAJAS DECODIFICADORAS, TELEVISIÓN CUBANA, AUDIOVISUALES",1,"Usted realmente cree que con nuestro estrecho de banda podriamos descargar esa cantidad de contenidos, seguro no tardariamos semanas sino meses jajajaja",cu,0,0,0,0,0,2,0,0,0,usted realmente creer que con nuestro estrecho de banda podriar descargar ese cantidad de contenido seguro no tardariar semana sino mes jajajajar
02a5f72e4fa45d8be97af323f45f107e,"TELEVISIÓN DIGITAL, CAJAS DECODIFICADORAS, TELEVISIÓN CUBANA, AUDIOVISUALES",1,"!CONCLUYO EL FORO DEBATE! Y NADIE DE LOS QUE ESTUVIERON EN LA MESA REDONDA CONTESTO LA DUDA DE LA MAYORIA DEL PUEBLO, ¿CUANTO COSTARAN LAS CAJITAS, LAS ANTENAS, EL CABLE COAXIAL Y COMO LOS COSTEAREMOS CON NUESTROS MISEROS SALARIOS!!!
ESTAMOS MUY AGRADECIDOS, MUCHAS GRACIAS",cu,5,1,34,0,0,1,1,0,0,concluyo  el foro debate y nadie de el que estar en el mesa redondo contesto el duda de el mayoria del pueblo cuanto costarar el cajita el antena el cable coaxial y como él costearer con nuestro misero salario estar mucho agradecido mucho gracia
40d77913da59ed3c0cd41a7a42c88df1,"TELEVISIÓN DIGITAL, CAJAS DECODIFICADORAS, TELEVISIÓN CUBANA, AUDIOVISUALES",1,Con la DECODIFICADORA DIGITAL descubrí una cosa TERRIBLE para cualquier EMISORA DE TV. Resulta que como ahora tengo la opción de OIR SOLO EL AUDIO de la TV DIGITAL sin necesidad de tener ENCENDIDO EL TV he descubierto que la MAYORIA DE LOS PROGRAMAS usted NO TIENE NECESIDAD DE VERLOS (TV pagado).,cu,0,0,15,0,0,2,0,0,0,con el decodificadora digital descubrí uno cosa terrible para cualquiera emisora de tv resultar que como ahora tener el opción de oir solo el audio de el tv digital sin necesidad de tener encendido el tv haber descubrir que el mayoria de el programa usted no tener necesidad de verlo tv pagado
ec9b2bdda6f495a9db0805273ee9ad3d,"TELEVISIÓN DIGITAL, CAJAS DECODIFICADORAS, TELEVISIÓN CUBANA, AUDIOVISUALES",1,"Ya se le hará en su debido tiempo un monumento al PAQUETE como el impulsor del conocimiento de los cubanos
mmm, no me parece y si es asi, muy mal andamos
una cosa es informacion y otra muy distinta el conocimiento y la cultura
",cu,0,0,1,0,0,1,1,0,0,ya él él hacer en su debido tiempo uno monumento al paquete como el impulsor del conocimiento de el cubano mm no yo parecer y si ser asi mucho mal andir uno cosa ser informacion y otro mucho distinto el conocimiento y el cultura
6c23d50bcf2aad51bfa8f24b4c5d991d,"TELEVISIÓN DIGITAL, CAJAS DECODIFICADORAS, TELEVISIÓN CUBANA, AUDIOVISUALES",1,"delen ADSL a las personas en su casa para que vean como se acaba el paquete, pero creo que la TV cubana tambien jajaja",cu,0,0,1,0,0,0,0,0,0,delen adsl a el persona en su casa para que ver como él acabar el paquete pero creer que el tv cubana tambien jajaja
f136233ddb619493c74338e276ee5dba,"TELEVISIÓN DIGITAL, CAJAS DECODIFICADORAS, TELEVISIÓN CUBANA, AUDIOVISUALES",1,"El colmo es que me pidan también que pida un crédito al banco. Por cierto, para saber: la donación que hizo China también nos la están cobrando?",cu,0,1,0,0,0,0,0,0,0,el colmo ser que yo pedir también que pedir uno crédito al banco por cierto para saber el donación que hacer chino también yo él estar cobrar
554f6a7533763d035166b7f2e2a98c7e,"TELEVISIÓN DIGITAL, CAJAS DECODIFICADORAS, TELEVISIÓN CUBANA, AUDIOVISUALES",1,"Pero me he dado cuenta q siempre hablamos de lo mismo lo q se hizo, lo q se incrementó, etc, etc, etcPero d las formas de ayudar al cubano q anda a pie no se refieren y cuando preguntamos por los precios o las vías de adquirir la tecnología o los productos..ENSEGUIDA VIENE EL ESQUINAZO!!!!!",cu,5,0,3,0,0,1,1,0,0,pero yo haber dar cuenta q siempre hablar de él mismo él q él hacer él q él incrementar etc etc etc pero d el forma de ayudar al cubano q andar a pie no él referir y cuando preguntar por el precio o el vía de adquirir el tecnología o el producto enseguida venir el esquinazo
0e378d82d2909eed4bbb640cb6f13ddc,"TELEVISIÓN DIGITAL, CAJAS DECODIFICADORAS, TELEVISIÓN CUBANA, AUDIOVISUALES",1,llevo sin mando pa mi ATEC-HAIER hace 5 años y en las tiendas aqui nunca hayveremos si cuando llegue este mando los revendedores me dan un chancesitoporque la verdad me resolveria un problemon,cu,0,0,2,0,0,2,0,0,0,llevar sin mando pa mi atec haier hacer 5 año y en el tienda aqui nunca haber ver si cuando llegar este mando el revendedor yo dar uno chancesito porque el verdad yo resolveriar uno problemon
30d9765bb6aeeb0404085005671f5913,"TELEVISIÓN DIGITAL, CAJAS DECODIFICADORAS, TELEVISIÓN CUBANA, AUDIOVISUALES",1,"si tuviese netflix, pandora, vudu movies, youtube, facebook, twitter y un cablecito modesto o tal vez una antenita de directv en mi casa, puedo asegurar que no compraria el paquete todas las semanas",cu,0,0,0,0,0,1,0,0,0,si tener netflix pandora vudu movies youtube facebook twitter y uno cablecito modesto o tal vez uno antenita de directv en mi casa poder asegurar que no comprariar el paquete todo el semana
3b7dc2aab8db61f1c27866cfbc402ac2,"TELEVISIÓN DIGITAL, CAJAS DECODIFICADORAS, TELEVISIÓN CUBANA, AUDIOVISUALES",1,"Sencillo hermano, no podrás ver televisión digital.",cu,0,0,0,0,0,1,0,0,0,sencillo hermano no podrás ver televisión digital
d1e5f0ddf614cc2a23118b092849c44c,"TELEVISIÓN DIGITAL, CAJAS DECODIFICADORAS, TELEVISIÓN CUBANA, AUDIOVISUALES",1,Muy buen comentario el de Carlos. Lo cito y subrayo con énfasis: ¨ciertamente hay implicaciones ideológico-culturales fuertes en el tema¨ (fin de la cita) Por eso lo de la SOSPECHA que tuve en el comentario de ayer sobre CIERTA OREJA PELUDA que se aprovecha de algunos vacios,cu,0,0,4,0,0,0,0,0,0,mucho buen comentario el de carlos él cito y subrayo con énfasis ciertamente haber implicación ideológico cultural fuerte en el tema fin de el cita por ese él de el sospecha que tener en el comentario de ayer sobre cierto orejo peluda que él aprovechar de alguno vacio
e3703430abca0be360cb84fd0b95b481,"TELEVISIÓN DIGITAL, CAJAS DECODIFICADORAS, TELEVISIÓN CUBANA, AUDIOVISUALES",1,y el Canal de los Deportes en Cuba¿?YouTube estás fallando mi herma.,cu,0,2,0,0,0,0,0,0,0,y el canal de el deporte en cuba youtube estar fallar mi herma
879607157bdb54ed3b4188a748f5ba0f,"TELEVISIÓN DIGITAL, CAJAS DECODIFICADORAS, TELEVISIÓN CUBANA, AUDIOVISUALES",1,"Todo muy bien ilustrado y todo muy bonito, pero la realidad es que los precios de las cajitas decodificadoras siguen estando muy por encima del nivel adquisitivo del cubano de a pie, sin mencionar que para captar la señal de prueba HD en muchas localidades hay que ser mago.",cu,0,0,0,0,0,1,0,0,0,todo mucho bien ilustrado y todo mucho bonito pero el realidad ser que el precio de el cajita decodificadora seguir estar mucho por encima del nivel adquisitivo del cubano de a pie sin mencionar que para captar el señal de prueba hd en mucho localidad haber que ser mago
105a9bc6f0ac38c6c853f0860d7ac122,"TELEVISIÓN DIGITAL, CAJAS DECODIFICADORAS, TELEVISIÓN CUBANA, AUDIOVISUALES",1,por qué será que existen tantos comentarios respecto a este tema???,cu,0,3,0,0,0,0,1,0,0,por qué ser que existir tanto comentario respecto a este tema
d6a830b3ba911bb6f5f01d023eaf6ae2,"TELEVISIÓN DIGITAL, CAJAS DECODIFICADORAS, TELEVISIÓN CUBANA, AUDIOVISUALES",1,"¿ dijo:
por favor quisiera saber si mi modesta cajita de 20 cuc me sirve en el futuro",cu,0,1,0,0,0,0,0,0,0,decir por favor querer saber si mi modesto cajito de 20 cuc yo servir en el futuro
d9fbd433909c4e7ff8171906d52bb28e,"TELEVISIÓN DIGITAL, CAJAS DECODIFICADORAS, TELEVISIÓN CUBANA, AUDIOVISUALES",1,"Muy bien, por la señal digital yo la tengo en casa, no presento problemas veo el HD de maravillas esos juegos de futboll me cautivan, pero que mas puedo ver? tantos canales y pocas opciones buenas, se repite tanto lo mismo que uno se cansa.",cu,0,1,0,0,0,1,0,0,0,mucho bien por el señal digital yo él tener en casa no presento problema ver el hd de maravilla ese juego de futboll yo cautivar pero que mas poder ver tanto canal y poco opción buena él repetir tanto él mismo que uno él cansar
747b72d5f91de3e35858dc9b1d91cd3e,"TELEVISIÓN DIGITAL, CAJAS DECODIFICADORAS, TELEVISIÓN CUBANA, AUDIOVISUALES",1,"Asi que muchachos,como en el TITANIC,cojan sus violines y empiecen a tocar que yo por mi parte,me tomaré unas copas en honor al PAQUETCH.",cu,0,0,2,0,0,0,0,0,0,asi que muchacho como en el titanic coger su violín y empiecen a tocar que yo por mi parte yo tomar uno copa en honor al paquetch
980ab7a99a60cfc31fbfbd21e7788984,"TELEVISIÓN DIGITAL, CAJAS DECODIFICADORAS, TELEVISIÓN CUBANA, AUDIOVISUALES",1,¿las cajitas son de oro? Porque por lo que valen parece que sí,cu,0,2,0,0,0,0,0,0,0,el cajita ser de oro porque por él que valer parecer que sí
742cf10d022a428152677a2e23553fb0,"TELEVISIÓN DIGITAL, CAJAS DECODIFICADORAS, TELEVISIÓN CUBANA, AUDIOVISUALES",1,"¡Nunca me imaginé que yo pagaba $ 50.00 pesos cubanos semanalmente por no ver la Televisión Cubana!, le ronca el mango que yo pague tanto por el PAQUETE que me endilgan y arriba de eso tenga que pagar la corriente eléctrica también",cu,2,0,1,0,0,2,0,0,0,nunca yo imaginé que yo pagar 50 00 pesos cubano semanalmente por no ver el televisión cubano él roncar el mango que yo pagar tanto por el paquete que yo endilguir y arriba de ese tener que pagar el corriente eléctrico también
04168bd5c1cc2943255a31160f6c85c6,"TELEVISIÓN DIGITAL, CAJAS DECODIFICADORAS, TELEVISIÓN CUBANA, AUDIOVISUALES",1,¨LA TELEVISIÓN QUE VIENE¨ y el salario que viene para poder comprar la televisión qué?,cu,0,1,3,0,0,0,0,0,0,el televisión que venir y el salario que venir para poder comprar el televisión qué
75c381c7a71323b5e9ae34a9ee4da0e6,"TELEVISIÓN DIGITAL, CAJAS DECODIFICADORAS, TELEVISIÓN CUBANA, AUDIOVISUALES",1,"tiene mucha razón javier.comer, asearse y vestirse ah si.. claro las necesidades básicas. nada de ir a un hotel, ni de viajar, ni de nada supervivencia pura. Este es el MAYOR RETO de la sociedad cubana !!!",cu,3,0,2,0,0,4,1,0,0,tener mucho razón javier comer asear él y vestir él ah si claro el necesidad básico nada de ir a uno hotel ni de viajar ni de nada supervivencia puro este ser el mayor reto de el sociedad cubano
354a6d085b879b95a71c66209de39c4f,"TELEVISIÓN DIGITAL, CAJAS DECODIFICADORAS, TELEVISIÓN CUBANA, AUDIOVISUALES",1,y los mejor de la TVun programa que se llama Cine en FamiliaA LAS 3 DE LA MADRUGADA !!!,cu,3,0,2,0,0,0,1,0,0,y el mejor de el tv uno programa que él llamar cine en familia a el 3 de el madrugada
34047bc51bcb5a3ac778434b04912473,"TELEVISIÓN DIGITAL, CAJAS DECODIFICADORAS, TELEVISIÓN CUBANA, AUDIOVISUALES",1,"Lo que tienen que hacer es bajar el precio de estos dispositivos, ¿que se va a hacer el cubano de a pie cuando llegue el apagòn analògico, con los precios tan altos de la famosa cajita?",cu,0,2,0,0,0,0,0,0,0,él que tener que hacer ser bajar el precio de este dispositivo que él ir a hacer el cubano de a pie cuando llegar el apagòn analògico con el precio tanto alto de el famoso cajita
559095d8851d67b8ba8ee96b7585944c,"TELEVISIÓN DIGITAL, CAJAS DECODIFICADORAS, TELEVISIÓN CUBANA, AUDIOVISUALES",1,"EL PAQUETE BRINDA MUCHOS MATERIALES DE INTERES HASTA PROFESIONAL COMO LOS DOCUMENTALES DISCOVERY QUE NUESTRA PEQUEÑA PANTALLA OMITE DISCULPEN CREO QUE LEI O INTERPRETE MAL LO ESCRITO EN EL ARTICULO SOBRE paquete semanal, que no logra el alcance de la pequeña pantalla",cu,0,0,25,0,0,1,0,0,0,el paquete brindar mucho material de inter hasta profesional como el documental discovery que nuestro pequeño pantalla omite disculpen creer que lei o interprete mal él escrito en el articulo sobre paquete semanal que no lograr el alcance de el pequeño pantalla
c8769c025112d7bb3582f22da9d93b74,"TELEVISIÓN DIGITAL, CAJAS DECODIFICADORAS, TELEVISIÓN CUBANA, AUDIOVISUALES",1,Televicion cubana por favor hasme feliz cuando llegue de trabajar y valla para donde tu estas. que hace mucho tiempo que no me haces feliz,cu,0,0,0,0,0,1,0,0,0,televicion cubano por favor hasme feliz cuando llegar de trabajar y valla para donde tu este que hacer mucho tiempo que no yo hacer feliz
9b9f283172b356f04ad6148d53eb949a,"TELEVISIÓN DIGITAL, CAJAS DECODIFICADORAS, TELEVISIÓN CUBANA, AUDIOVISUALES",0,Cuando felizmente nos quiten el Bloqueo todo lo que queramos ver lo tendremos que pagar.,cu,0,0,0,0,0,0,0,0,0,cuando felizmente yo quitar el bloqueo todo él que querar ver él tener que pagar
207e9f46f82e1635b8027fbef4bb0bf5,"TELEVISIÓN DIGITAL, CAJAS DECODIFICADORAS, TELEVISIÓN CUBANA, AUDIOVISUALES",0,"Viva el paquete o mochila. Ale el transportador sigue así. Metele mas películas clásicas.
saludos,",cu,0,0,0,0,0,0,0,0,0,vivir el paquete o mochilo alar el transportador seguir así metelir mas película clásico saludo
f9878155c7e27be6d64b47ce168751f9,"TELEVISIÓN DIGITAL, CAJAS DECODIFICADORAS, TELEVISIÓN CUBANA, AUDIOVISUALES",0,"Buenas a todos, yo solo quiero saber porque en mi Municipio Aguada de Pasajeros, de Cienfuegos, hay tan mala señal y no llega la señal HD la TV digital aqui es un problema y un dolor de cabeza, uno pierde las ganas de ver algo cuando tiene que parar y virar la antena cada 5 minutos",cu,0,0,0,0,0,1,0,0,0,buena a todo yo solo querer saber porque en mi municipio aguado de pasajero de cienfuego haber tanto malo señal y no llegar el señal hd el tv digital aqui ser uno problema y uno dolor de cabeza uno perder el gana de ver algo cuando tener que parar y virar el antena cada 5 minuto
c70281195db9f52250656eadba7eb513,"TELEVISIÓN DIGITAL, CAJAS DECODIFICADORAS, TELEVISIÓN CUBANA, AUDIOVISUALES",0,porque no se da credito como con los equipos de cocina y cuanto paga el gobierno en dolares por las cajitas a china si se estan comprando miles es un buen negocio para los chinos quisieramos saber el precio en dolares puestas en tiendas en la habana para un trabajador es un sueño poder comprarse una,cu,0,0,0,0,0,1,0,0,0,porque no él dar credito como con el equipo de cocina y cuanto pagar el gobierno en dolar por el cajita a china si él estir comprar mil ser uno buen negocio para el chino quisierar saber el precio en dolar puesto en tienda en el habana para uno trabajador ser uno sueño poder comprar él uno
f555eb869bfd8c49d79a4846617706a2,"TELEVISIÓN DIGITAL, CAJAS DECODIFICADORAS, TELEVISIÓN CUBANA, AUDIOVISUALES",0,Proveedores: Administradores de redes estatales que descargan las cosas a traves de las redes de sus emrpesas.ja.,cu,0,0,0,0,0,0,0,0,0,proveedor administrador de red estatal que descarguir el cosa a trav de el red de su emrpesa ja
ab11f32db4d3e27654554b4261693c45,"TELEVISIÓN DIGITAL, CAJAS DECODIFICADORAS, TELEVISIÓN CUBANA, AUDIOVISUALES",0,amigo eso pasa con muchos mas articulos electrodomésticos.,cu,0,0,0,0,0,0,0,0,0,amigo ese pasar con mucho mas articulo electrodoméstico
8b8842b4b5fb53322f25f1310803701f,"TELEVISIÓN DIGITAL, CAJAS DECODIFICADORAS, TELEVISIÓN CUBANA, AUDIOVISUALES",0,"Si es alta definición debe ser LCD o LED, además debe tener entrada HDMI, revise en el panel del TV debe estar marcado como HDMI1 o similar. En este caso le recomendamos el empleo de una caja de alta definición cuando salgan a la venta en 2015.",cu,0,0,3,0,0,0,0,0,0,si ser alto definición deber ser lcd o led además deber tener entrada hdmi revise en el panel del tv deber estar marcado como hdmi1 o similar en este caso él recomendar el empleo de uno caja de alto definición cuando salir a el venta en 2015
549ba3f8ac697f33e2e5922f7b61e476,"TELEVISIÓN DIGITAL, CAJAS DECODIFICADORAS, TELEVISIÓN CUBANA, AUDIOVISUALES",0,"El paquete trae 100 gegas de variados programas hay muchos mediocres pero hay muchísimos muy interesantes, por ejemplo a mi me gusta el boxeo profesional y la única forma de verlo es en el paquete.",cu,0,0,0,0,0,0,0,0,0,el paquete traer 100 gega de variado programa haber mucho mediocr pero haber muchísimos mucho interesante por ejemplo a mi yo gustar el boxeo profesional y el único forma de ver él ser en el paquete
005abbad063ff0cd53f47673e5c76eeb,"TELEVISIÓN DIGITAL, CAJAS DECODIFICADORAS, TELEVISIÓN CUBANA, AUDIOVISUALES",0,"Seguro que el Windows de su PC está Crackeado, y eso también es una ilegalidad en todas partes del mundo y unrobo a la propiedad intelectual´´, menos aqui porque el Windows se paga y seguro que usted no lo hace, asi que deje de hacerse el artista´´ sabroso y deje a SAN PAQUETE en paz.",cu,0,0,2,0,0,1,0,0,0,seguro que el windows de su pc estar crackeado y ese también ser uno ilegalidad en todo parte del mundo y uno robo a el propiedad intelectual menos aqui porque el windows él pagar y seguro que usted no él hacer asi que dejar de hacer él el artista sabroso y deje a san paquete en paz
0bfe33b3d589b25ec0f2801b66d6bdd4,"TELEVISIÓN DIGITAL, CAJAS DECODIFICADORAS, TELEVISIÓN CUBANA, AUDIOVISUALES",0,"Quisiera saber ¿Cómo con una Caja decodificadora GELECT HD-HL1209, puedo ver la televisión digital, aunque no se pueda reproducir video?",cu,0,2,1,0,0,1,0,0,0,quisierar saber cómo con uno caja decodificadoro gelect hd hl1209 poder ver el televisión digital aunque no él poder reproducir video
c467d134bbecc5e6cea12c9be112d1bd,"TELEVISIÓN DIGITAL, CAJAS DECODIFICADORAS, TELEVISIÓN CUBANA, AUDIOVISUALES",0,"He visto varios programas sobre tv digital para Cuba y habian informado el precio asequible a todos nosotros, los trabajadores que no tenemos mas entrada, y ahora se tiran con el astronomico precio de las famosas cajitas, es una falta de respeto al obrero y al trabajador honesto.",cu,0,0,0,0,0,1,0,0,0,haber ver varios programa sobre tv digital para cuba y habiar informado el precio asequible a todo yo el trabajador que no tener mas entrada y ahora él tirar con el astronomico precio de el famoso cajita ser uno falta de respeto al obrero y al trabajador honesto
73152935fc1faaf6ef3d9ba36fe364dd,"TELEVISIÓN DIGITAL, CAJAS DECODIFICADORAS, TELEVISIÓN CUBANA, AUDIOVISUALES",0,"señores, dejen que la gente vea y consuma lo que quiera, ese es el principal problema, que siempre quieren imponer cosas, yo soy libre, consumo lo que quiero, no me obligues, por que entonces no creo en ti, porque yo sé que tú consumes lo que quires igual",cu,0,0,0,0,0,2,0,0,0,señor dejar que el gente vea y consumar él que querer ese ser el principal problema que siempre querer imponer cosa yo ser libre consumo él que querer no yo obligues por que entonces no creer en tú porque yo saber que tú consum él que quir igual
896cbe4da3b57af7bf434dc69acd448a,"TELEVISIÓN DIGITAL, CAJAS DECODIFICADORAS, TELEVISIÓN CUBANA, AUDIOVISUALES",0,"Todo el mundo está analizando el pakete desde el punto de vista de entretenimiento. Sería bueno también que lo enfocarán como uno de los mejores medios para promover el trabajo artístico de los jóvenes creadores, que carecen de un espacio para divulgar su obra. ",cu,0,0,0,0,0,0,0,0,0,todo el mundo estar analizar el pakete desde el punto de vista de entretenimiento ser bueno también que él enfocar como uno de el mejor medio para promover el trabajo artístico de el joven creador que carecer de uno espacio para divulgar su obra
744d4d639387793b0ecca9694cc82061,"TELEVISIÓN DIGITAL, CAJAS DECODIFICADORAS, TELEVISIÓN CUBANA, AUDIOVISUALES",0,"Digan lo que digan,con el Paquete soy Feliz.",cu,0,0,0,0,0,0,0,0,0,decir él que decir con el paquete ser feliz
6370a4b02c3617b68b9fa9576d00637d,"TELEVISIÓN DIGITAL, CAJAS DECODIFICADORAS, TELEVISIÓN CUBANA, AUDIOVISUALES",0,Cuantas cajitas se pueden pasar x la aduana sin costo?,cu,0,1,0,0,0,1,0,0,0,cuanta cajita él poder pasar x el aduana sin costo
aca0c8da01c70e8e9f9163bea16cf6d7,"TELEVISIÓN DIGITAL, CAJAS DECODIFICADORAS, TELEVISIÓN CUBANA, AUDIOVISUALES",0,"Aunque se vea muy bien, la programación es muy mala. Ni hablar de la cantidad de veces que se repiten programas, películas, etc. Ya me se de memoria los videos del canal clave",cu,0,0,0,0,0,1,0,0,0,aunque él ver mucho bien el programación ser mucho malo ni hablar de el cantidad de vez que él repitar programa película etc ya yo él de memorio el video del canal clave
e5bbc597348998837f1b2fa8b88be6b2,"TELEVISIÓN DIGITAL, CAJAS DECODIFICADORAS, TELEVISIÓN CUBANA, AUDIOVISUALES",0,estoy de acuerdo con Rafael y lo mismo pasara con los sistemas operativos etc,cu,0,0,0,0,0,0,0,0,0,estar de acuerdo con rafael y él mismo pasar con el sistema operativo etc
1f65b4d30d7d87c5054b3c0e4c8ec7cf,"TELEVISIÓN DIGITAL, CAJAS DECODIFICADORAS, TELEVISIÓN CUBANA, AUDIOVISUALES",0,Solo una aclaración: en ambos televisores vería el mismo programa.,cu,0,0,0,0,0,0,0,0,0,solo uno aclaración en ambos televisor ver el mismo programa
df7922250460bb0b92cb0dc727db3e70,"TELEVISIÓN DIGITAL, CAJAS DECODIFICADORAS, TELEVISIÓN CUBANA, AUDIOVISUALES",0,Horacio Hasta cuando con tus errores tienes buena imaginacion porque lo que tu quieres se demora y bastante.,cu,0,0,0,0,0,0,0,0,0,horacio hasta cuando con tu error tener buen imaginacion porque él que tu quier él demorar y bastante
3a8491d706748bd36026a77294e6fd5c,"TELEVISIÓN DIGITAL, CAJAS DECODIFICADORAS, TELEVISIÓN CUBANA, AUDIOVISUALES",0,"Buenos días, en el caso de que se quiera adquirir una cajita de TVD en el exterior para usar en Cuba ¿Solamente con decir que es norma DTMB bastaría o necesita especificarse algún tipo de parámetro adicional?.",cu,0,2,2,0,0,0,0,0,0,buen día en el caso de que él querer adquirir uno cajita de tvd en el exterior para usar en cuba solamente con decir que ser norma dtmb bastaría o necesitar especificar él alguno tipo de parámetro adicional
7d4eff6816cbc21a6fe450a5c60cf415,"TELEVISIÓN DIGITAL, CAJAS DECODIFICADORAS, TELEVISIÓN CUBANA, AUDIOVISUALES",0,"No creo que el paquete llegó para quedarse, será sustituido alguna vez por la tv satelital y la tv por cable.",cu,0,0,0,0,0,1,0,0,0,no creer que el paquete llegar para quedar él ser sustituir alguno vez por el tv satelital y el tv por cable
7db784e661c73707820571366e76c3e5,"TELEVISIÓN DIGITAL, CAJAS DECODIFICADORAS, TELEVISIÓN CUBANA, AUDIOVISUALES",0,yo quiero saber si es obligatorio comprarla si es necesario para un futuro porque de no ser así yo sigo con lo mismo,cu,0,0,0,0,0,1,0,0,0,yo querer saber si ser obligatorio comprar él si ser necesario para uno futuro porque de no ser así yo seguir con él mismo
30f765aae59dcd266032af9f0d14f18a,"TELEVISIÓN DIGITAL, CAJAS DECODIFICADORAS, TELEVISIÓN CUBANA, AUDIOVISUALES",0,viva cuba,cu,0,0,0,0,0,0,0,0,0,vivo cuba
fa69dc5b64e6729de7305f6f56e1f2ea,"TELEVISIÓN DIGITAL, CAJAS DECODIFICADORAS, TELEVISIÓN CUBANA, AUDIOVISUALES",0,"me referia a igual nivel del volumen donde se generan las señales, no en la caja, eso como usted dice, parece que a alguien se le ocurrio la idea, buena por cierto, que el nivel del audio en la caja no fuera el mismo para todos los canales y asi contrarrestar lo primero que dije.",cu,0,0,0,0,0,2,0,0,0,yo referiar a igual nivel del volumen donde él generar el señal no en el caja ese como usted decir parecer que a alguien él él ocurrir el idea buen por cierto que el nivel del audio en el caja no ser el mismo para todo el canal y asi contrarrestar él primero que decir
f675079d431b7d070938f0c365d277a4,"TELEVISIÓN DIGITAL, CAJAS DECODIFICADORAS, TELEVISIÓN CUBANA, AUDIOVISUALES",0,buenos dias quiero saber si aun estan comercializando la caja decodificadora konka HD y cuan es la tienda en playa donde dijeron ayer en la mesa redonda que es donde mas surten las cajitas,cu,0,0,0,0,0,0,0,0,0,buen dia querer saber si aun estar comercializar el caja decodificadoro konko hd y cuan ser el tienda en playa donde decir ayer en el mesa redondo que ser donde mas surtar el cajita
efa23321f0882f042852af26adcc7431,"TELEVISIÓN DIGITAL, CAJAS DECODIFICADORAS, TELEVISIÓN CUBANA, AUDIOVISUALES",0,"Todo muy bueno pero algunos programas son lo mismo, tienen que cambiar la programacion.",cu,0,0,0,0,0,0,0,0,0,todo mucho bueno pero alguno programa ser él mismo tener que cambiar el programacion
93a6dc0040d36c7694e44cb66f8909bd,"TELEVISIÓN DIGITAL, CAJAS DECODIFICADORAS, TELEVISIÓN CUBANA, AUDIOVISUALES",0,"Cuanro siento que no se haya matado, ese es igual que el gato tiene 7 vidas, vamos a ver cuando le va a llegar el momento de acabar de desaparecerlo del planeta ese asesino terrorista y todas su camarilla. tenía que verse matado, muy pocas personas en e mundo lo ibana sentir.",cu,0,0,0,0,0,1,0,0,0,cuanro sentir que no él haber matar ese ser igual que el gato tener 7 vida ir a ver cuando él ir a llegar el momento de acabar de desaparecer él del planeta ese asesino terrorista y todo su camarilla tener que ver él matado mucho poco persona en e mundo él ibanar sentir
227be7bf258ea4f8f7b3a1ac4fc80cb0,"TELEVISIÓN DIGITAL, CAJAS DECODIFICADORAS, TELEVISIÓN CUBANA, AUDIOVISUALES",0,"el pakete llegó para kedarse gracias a las carencias de nuestro sistema y de nuestra televisión. es bueno porke se puede acceder a información de muy variada índole, y a veces se tiene la oportunidad de escoger ké kiere uno.",cu,0,0,0,0,0,0,0,0,0,el pakete llegar para kedar él gracias a el carencia de nuestro sistema y de nuestro televisión ser bueno porke él poder acceder a información de mucho variado indo él y a veces él tener el oportunidad de escoger ké kiere uno
7b5927702b51b2c88b3f591f78616b9c,"TELEVISIÓN DIGITAL, CAJAS DECODIFICADORAS, TELEVISIÓN CUBANA, AUDIOVISUALES",0,"Me gustaría saber por que no se ve el canal HD en provincias como por ejemplo Holguín,¿Es un problema de infraestructura ?",cu,0,2,0,0,0,1,0,0,0,yo gustar saber por que no él ver el canal hd en provincia como por ejemplo holguín ser uno problema de infraestructura
42971d846459a68e8eb0015d202610f1,"TELEVISIÓN DIGITAL, CAJAS DECODIFICADORAS, TELEVISIÓN CUBANA, AUDIOVISUALES",0,El gran Problema es que el la TV siempre da lo mismo con lo mismo,cu,0,0,0,0,0,0,0,0,0,el gran problema ser que el el tv siempre dar él mismo con él mismo
8054bb3fb3ebda9e00a9c465d867fa5b,"TELEVISIÓN DIGITAL, CAJAS DECODIFICADORAS, TELEVISIÓN CUBANA, AUDIOVISUALES",0,"Estimados Frank y Regino,
Actualmente están transmitiendo en el centro de Jacán TDT SD por el canal 45 y por el canal 20. Por el canal 51 se está transmitiendo la TDT HD. Les ofrecemos nuestras disculpas por el cambio del número del canal en el caso de la HD.",cu,0,0,2,0,0,0,0,0,0,estimado frank y regino actualmente estar transmitir en el centro de jacán tdt sd por el canal 45 y por el canal 20 por el canal 51 él estar transmitir el tdtir hd él ofrecer nuestro disculpa por el cambio del número del canal en el caso de el hd
215900cd87584cb8b7b2ed43ec9c0eb6,"TELEVISIÓN DIGITAL, CAJAS DECODIFICADORAS, TELEVISIÓN CUBANA, AUDIOVISUALES",0,La TVC tiene programas mediocre y de mal gusto,cu,0,0,1,0,0,0,0,0,0,el tvc tener programa mediocre y de mal gusto
fc64eb2d96022a7eac5e9b9fef8fc34b,"TELEVISIÓN DIGITAL, CAJAS DECODIFICADORAS, TELEVISIÓN CUBANA, AUDIOVISUALES",0,"Tengo una cajita hd Haier, vivo en lawton y no puedo ver el HD2 y si el HD1; ¿es problema técnico o de transmisión?",cu,0,2,0,0,0,1,0,0,0,tener uno cajita hd haier vivo en lawton y no poder ver el hd2 y si el hd1 ser problema técnico o de transmisión
f465eb4788166b1edab02f85c7657026,"TELEVISIÓN DIGITAL, CAJAS DECODIFICADORAS, TELEVISIÓN CUBANA, AUDIOVISUALES",0,Para mi el paquete semanal es una forma de despeje y gose para disfrutar la televisión,cu,0,0,0,0,0,0,0,0,0,para mi el paquete semanal ser uno forma de despeje y go él para disfrutar el televisión
bf3558ebbf2ff4e3f9f7fa4ae26af79c,"TELEVISIÓN DIGITAL, CAJAS DECODIFICADORAS, TELEVISIÓN CUBANA, AUDIOVISUALES",0,"es necesario tener en cuenta que no hay disponibilidad en el mercado de cable coaxial y sus aditamentos- tomas y adptadores- y en muncipios que la señal llega con dificultad como Placetas, Villa Clara es necesario sustituir las cintas.",cu,0,0,0,0,0,1,0,0,0,ser necesario tener en cuenta que no haber disponibilidad en el mercado de cable coaxial y su aditamento toma y adptador y en muncipio que el señal llegar con dificultad como placeta villa claro ser necesario sustituir el cinta
2904074045646b4b21081989a9ded680,"TELEVISIÓN DIGITAL, CAJAS DECODIFICADORAS, TELEVISIÓN CUBANA, AUDIOVISUALES",0,He tenido problemas con la hora de los programas pues a la hora de grabar o no se me graba el inicio o no tengo el final.,cu,0,0,0,0,0,2,0,0,0,haber tener problema con el hora de el programa pues a el hora de grabar o no él yo grar el inicio o no tener el final
324277aaab74d10442e9cafe81ae2468,"TELEVISIÓN DIGITAL, CAJAS DECODIFICADORAS, TELEVISIÓN CUBANA, AUDIOVISUALES",0,Por favor dejen los comentarios en la prensa sobre el paquete que cuando aquí la cogen con algo hasta que no desaparece no están tranquilos ojala no liguen jamás el paquete con la ideología pq lo que le queda no será nada.,cu,0,0,0,0,0,6,0,0,0,por favor dejar el comentario en el prensa sobre el paquete que cuando aquí el coger con algo hasta que no desaparecer no estar tranquilo ojala no ligar jamás el paquete con el ideología pq él que él quedar no ser nada
877313729a27be5d4b0325d10b8052a3,"TELEVISIÓN DIGITAL, CAJAS DECODIFICADORAS, TELEVISIÓN CUBANA, AUDIOVISUALES",0,"Excelente reportaje el mejor que he visto sobre este tema.
Este fenómeno ocurre en todo el mundo, en los otros países muchas personas no ven la TV, descargar lo que quieren de la internet, en Cuba la ven del paquete, vivimos otra época, la de la tecnología, cada día algo nuevo.",cu,0,0,0,0,0,1,0,0,0,excelente reportaje el mejor que haber ver sobre este tema este fenómeno ocurrir en todo el mundo en el otro país mucho persona no ver el tv descargar él que querer de el internet en cuba él ver del paquete vivir otro época el de el tecnología cada día algo nuevo
4623f047d7e176f231e81d3dabb2bb5a,"TELEVISIÓN DIGITAL, CAJAS DECODIFICADORAS, TELEVISIÓN CUBANA, AUDIOVISUALES",0,"hola
esa es la tv que viene, ya en europa comenzaron a decir adios las radios con FM.
si no te adaptas, feneces.
saludos cordiales ",cu,0,0,0,0,0,1,0,0,0,holar ese ser el tv que venir ya en europa comenzar a decir adio el radio con fm si no tú adaptar fenez saludo cordial
87188121212fdd5b2f81a69aa310d527,"TELEVISIÓN DIGITAL, CAJAS DECODIFICADORAS, TELEVISIÓN CUBANA, AUDIOVISUALES",0,Porque se queda sin señal tantas veces el transmisor de Bayamo. Esto es probado en varias casas con diferentes cajistas.,cu,0,0,0,0,0,1,0,0,0,porque él quedar sin señal tanto vez el transmisor de bayamo este ser probar en varios casa con diferente cajista
9269002099c4579be9d02bc52d10b6d0,"TELEVISIÓN DIGITAL, CAJAS DECODIFICADORAS, TELEVISIÓN CUBANA, AUDIOVISUALES",0,Tienen tremenda calidad pero cuando hay mal tiempo la señal se pierde espero que mejoren esto con los nuevos implementos y que no se hagan colas o cuando sacan el producto se termina o se agota despues que uno reune poco a poco ect.,cu,0,0,0,0,0,1,0,0,0,tener tremendo calidad pero cuando haber mal tiempo el señal él perder esperar que mejorar este con el nuevo implemento y que no él hacer cola o cuando sacar el producto él terminar o él agotar despues que uno reune poco a poco ect
62a71eb22127d6f1dabdd8ddbbc8e960,"TELEVISIÓN DIGITAL, CAJAS DECODIFICADORAS, TELEVISIÓN CUBANA, AUDIOVISUALES",0,"LOS QUE TENEMOD TV HIBRIDO ATEC TENEMOS ACTUALIZACIÓN, PUES NO SE DICE SI LA CAJA DECODIFICADORA QUE POSEEN SON SOYEA O KONKA",cu,0,0,16,0,0,1,0,0,0,el que tenemod tv hibrido atec tener actualización pues no él decir si el caja decodificadoro que poseer ser soyeo o konka
5fe4cb169ce8fbbcadd9f2b4cde48047,"TELEVISIÓN DIGITAL, CAJAS DECODIFICADORAS, TELEVISIÓN CUBANA, AUDIOVISUALES",0,"Aqui se entregan gratis los decodificadores en Argentina a..jubilados ,escuela y gente de bajos recursos y la imagen full HD y de sonido increible. manuelcoop",cu,0,0,0,0,0,0,0,0,0,aqui él entregar gratis el decodificador en argentina a jubilado escuela y gente de bajo recurso y el imagen full hd y de sonido increible manuelcoop
1926bca7142b4e363483374dffc10cbd,"TELEVISIÓN DIGITAL, CAJAS DECODIFICADORAS, TELEVISIÓN CUBANA, AUDIOVISUALES",0,"hace dos dias que me pone histerica ver la TV con el falleteo amen de la desinformación de la guía, y que para dejar grabando algo es a suerte y verdad A mi me gusta una serie un poco tonta, Los restauradores y llevan 2 jueves anunciandolo y luego trasmitiendo más monos, cocodriloso Suricatos!",cu,1,0,0,0,0,0,0,0,0,hacer dos dia que yo poner histerico ver el tv con el falleteo amen de el desinformación de el guía y que para dejar grabar algo ser a suerte y verdad a mi yo gustar uno serie uno poco tontar el restaurador y llevar 2 jueves anunciar él y luego trasmitir más mono cocodrilo o suricato
49fe7a1632aaef5193753a116d11efc9,"TELEVISIÓN DIGITAL, CAJAS DECODIFICADORAS, TELEVISIÓN CUBANA, AUDIOVISUALES",0,El paquete es una opción genial para aquellos que no disfrutan de la televisión nacional como todos los que conosco,cu,0,0,0,0,0,1,0,0,0,el paquete ser uno opción genial para aquel que no disfrutar de el televisión nacional como todo el que conoscir
7eaf61dcf1986c79c7ae01215c71d3f5,"TELEVISIÓN DIGITAL, CAJAS DECODIFICADORAS, TELEVISIÓN CUBANA, AUDIOVISUALES",0,y palante con la reformas la modernizacion de nuestro pais. y con la union monetaria,cu,0,0,0,0,0,0,0,0,0,y palante con el reforma el modernizacion de nuestro pais y con el union monetario
34830b4caec617c2b900e1007e4004fc,"TELEVISIÓN DIGITAL, CAJAS DECODIFICADORAS, TELEVISIÓN CUBANA, AUDIOVISUALES",0,"El menu y las explicaciones dejan mucho que desear. La descarga de datos es inestable, el diseño es feo, las letras a veces tan grandes que no caben en lo recuadros y dejan las sinopsis sin terminar. Deben hacer ya un firmware que mejore todo esto y ponerlo a disposición por los diversos canales.",cu,0,0,0,0,0,2,0,0,0,el menu y el explicación dejar mucho que desear el descarga de dato ser inestable el diseño ser feo el letra a veces tanto grande que no caber en él recuadro y dejar el sinopsis sin terminar deber hacer ya uno firmware que mejorar todo este y poner él a disposición por el diverso canal
76239d7c4aa8799f327091d49d140217,"TELEVISIÓN DIGITAL, CAJAS DECODIFICADORAS, TELEVISIÓN CUBANA, AUDIOVISUALES",0,"Muy, muy buen articulo, objetivo, realista, medido en sus afirmacionesy muy revolucionarioque bueno, felicidades Cubadebate.!!!!!!!!!",cu,9,0,0,0,0,0,2,0,0,mucho mucho buen articulo objetivo realista medido en su afirmación y mucho revolucionario que bueno felicidad cubadebate
4d8f072a074b6da5301f8624f0c2a0a9,"TELEVISIÓN DIGITAL, CAJAS DECODIFICADORAS, TELEVISIÓN CUBANA, AUDIOVISUALES",0,"Compadre Barbanegra, me es imposible estar más de acuerdo contigo! Coincido al 100%. El famoso paquete es una de las violaciones de propiedad intelectual más grandes que hay.",cu,1,0,0,0,0,0,0,0,0,compadre barbanegra yo ser imposible estar más de acuerdo contigo coincido al 100 el famoso paquete ser uno de el violación de propiedad intelectual más grande que haber
19ac1badee3ee28705bf04618fadcba1,"TELEVISIÓN DIGITAL, CAJAS DECODIFICADORAS, TELEVISIÓN CUBANA, AUDIOVISUALES",0,No todos tenemos acceso a los paquetes semanales por lo que deberia de existir en algún momento la accesibilidad a todos los programas dados por la televisión internacional porque sino deberá de no existir la tv cubana porque no hay nada q interese,cu,0,0,0,0,0,5,0,0,0,no todo tener acceso a el paquete semanal por él que deberiar de existir en alguno momento el accesibilidad a todo el programa dado por el televisión internacional porque sino deber de no existir el tv cubano porque no haber nada q interese
a398850e0d28b850c171f8f571f5345c,"TELEVISIÓN DIGITAL, CAJAS DECODIFICADORAS, TELEVISIÓN CUBANA, AUDIOVISUALES",0,"Buenos días,
Me gustaría saber cuando llega el canal de HD a la ciudad de Pinar del Río, en que fase se encuentra este proyecto?",cu,0,1,0,0,0,0,0,0,0,buen día yo gustar saber cuando llegar el canal de hd a el ciudad de pinar del río en que far él encontrar este proyecto
f88eac7e376e2612cff0fcc1feee2770,"TELEVISIÓN DIGITAL, CAJAS DECODIFICADORAS, TELEVISIÓN CUBANA, AUDIOVISUALES",0,Yo tengo una duda al respecto por que no se puede amplificar la señal digital de una cajita a dos televisores a la vez,cu,0,0,0,0,0,1,0,0,0,yo tener uno duda al respecto por que no él poder amplificar el señal digital de uno cajita a dos televisor a el vez
12329c5f14a43b73f9c717f10a324657,"TELEVISIÓN DIGITAL, CAJAS DECODIFICADORAS, TELEVISIÓN CUBANA, AUDIOVISUALES",0,"Hola tengo un TV Samsung de 43 pulgadas y tengo que comprar la cajita porque el TV lee las Frecuencias 7Mhz y 8 Mhz y aquí solo se trasmite por 6Mhz. Mi pregunta es la siguiente porque si las cajitas adquiridas en China son para 6,7 y 8 Mhz Cuba tiene que utilizar una sola ? ",cu,0,1,0,0,0,0,0,0,0,hola tener uno tv samsung de 43 pulgada y tener que comprar el cajita porque el tv leer el frecuencia 7mhz y 8 mhz y aquí solo él trasmitar por 6mhz mi pregunta ser el siguiente porque si el cajita adquirido en china ser para 6 7 y 8 mhz cuba tener que utilizar uno solo
825a35be8da0ca6f8d67d2a126efc0c6,"TELEVISIÓN DIGITAL, CAJAS DECODIFICADORAS, TELEVISIÓN CUBANA, AUDIOVISUALES",0,¿cuando esta previsto que empiece a funcionar el repetir de Salon para la señal de HD?,cu,0,2,0,0,0,0,0,0,0,cuando este previsto que empezar a funcionar el repetir de salon para el señal de hd
9387f8144d8fad2453acd58d66affb7d,"TELEVISIÓN DIGITAL, CAJAS DECODIFICADORAS, TELEVISIÓN CUBANA, AUDIOVISUALES",0,"De acuerdo con u forista que dice algo asi como vamos a, hay que ?? la pregunta es Quien le pone el cascabel al gato???? .",cu,0,6,0,0,0,0,1,0,0,de acuerdo con u forista que decir algo asi como ir a haber que el pregunta ser quien él poner el cascabel al gato
bb6b43a57adb66a96b5bb27b212bfaf4,"TELEVISIÓN DIGITAL, CAJAS DECODIFICADORAS, TELEVISIÓN CUBANA, AUDIOVISUALES",0,"Todo el menu de la programación deja mucho que desear, su diseño, explicaciones de programas inconclusas, faltan letras, en fin. hay que trabajar en un firmware para mejorar todo eso y ponerlo a disposición para mejorar esos errores.",cu,0,0,0,0,0,0,0,0,0,todo el menu de el programación dejar mucho que desear su diseño explicación de programa inconclusa faltar letra en fin haber que trabajar en uno firmware para mejorar todo ese y poner él a disposición para mejorar ese error
a2c395bafd4c4b19b476a2e9031a4515,"TELEVISIÓN DIGITAL, CAJAS DECODIFICADORAS, TELEVISIÓN CUBANA, AUDIOVISUALES",0,"El país debería hacer un esfuerzo por traer a Cuba Direct TV u otra compañía de televisión por cable y así se acabarían los inventos de las cajitas , el paquete u otros, Los Cubanos en cunato a Televisión estamos muy atrasados",cu,0,0,0,0,0,0,0,0,0,el país deber hacer uno esfuerzo por traer a cuba direct tv u otro compañía de televisión por cable y así él acabar el invento de el cajita el paquete u otro el cubano en cunato a televisión estar mucho atrasado
10f39dbc8f4337e2411b195febc0288c,"TELEVISIÓN DIGITAL, CAJAS DECODIFICADORAS, TELEVISIÓN CUBANA, AUDIOVISUALES",0,"concuerdo con lolo, ojalá, ojalá que nunca nunca lo quiten",cu,0,0,0,0,0,2,0,0,0,concuerdo con lolo ojalá ojalá que nunca nunca él quitar
872560fcbee599c1752b3637809133ac,"TELEVISIÓN DIGITAL, CAJAS DECODIFICADORAS, TELEVISIÓN CUBANA, AUDIOVISUALES",0,Realmente la noticia me sorprendió porque para nada tiene que ver con nosotros.,cu,0,0,0,0,0,1,0,0,0,realmente el noticia yo sorprender porque para nada tener que ver con yo
9e8facd766fe1642c135a3d028d57c7b,"TELEVISIÓN DIGITAL, CAJAS DECODIFICADORAS, TELEVISIÓN CUBANA, AUDIOVISUALES",0,"Creo que es un comentario interesante, es mala la ignorancia, seguro lo dices porque no recibes el paquete.",cu,0,0,0,0,0,1,0,0,0,creer que ser uno comentario interesante ser malo el ignorancia seguro él decir porque no recibir el paquete
44d9fddea8a875d10c4f4bba64810385,"TELEVISIÓN DIGITAL, CAJAS DECODIFICADORAS, TELEVISIÓN CUBANA, AUDIOVISUALES",0,¿A QUE PRECIO TRD LE COMPRA LA CAJITA A LA FABRICA? DEBEN DECIRLO EN LA MESA REDONDA,cu,0,2,10,0,0,0,0,0,0,a que precio trd él comprar el cajita a el fabrica deber decir él en el mesa redondo
0131af7d0ef583d86776741f366f89e8,"TELEVISIÓN DIGITAL, CAJAS DECODIFICADORAS, TELEVISIÓN CUBANA, AUDIOVISUALES",0,Buena pregunta!,cu,1,0,0,0,0,0,0,0,0,buen pregunta
8b05ad009ccb6a0446d655442e544f83,"TELEVISIÓN DIGITAL, CAJAS DECODIFICADORAS, TELEVISIÓN CUBANA, AUDIOVISUALES",0,"Me parece muy esnobista el comentario de que para aquellos que prefieren Hollywood, una película de Ulrich Seidl es sólo un momento de aburrimiento. Quizás usted no sepa que Hollywood es más que Fast and Furious: hay tanto talento en el gigante californiano como en la Zentropa de Lars von Trier",cu,0,0,0,0,0,1,0,0,0,yo parecer mucho esnobista el comentario de que para aquel que preferir hollywood uno película de ulrich seidl ser sólo uno momento de aburrimiento quizás usted no sepa que hollywood ser más que fast and furious haber tanto talento en el gigante californiano como en el zentropa de lars von trier
da26127c24680ac1fb411efdf789a7cf,"TELEVISIÓN DIGITAL, CAJAS DECODIFICADORAS, TELEVISIÓN CUBANA, AUDIOVISUALES",0,"El precio de las cajas descodificadoras no está bien para el pueblo, al menos para los trabajadores estatales, cuyo salario es limitado y como todos sabemos no alcanza ni para la comida",cu,0,0,0,0,0,3,0,0,0,el precio de el caja descodificadora no estar bien para el pueblo al menos para el trabajador estatal cuyo salario ser limitado y como todo saber no alcanzar ni para el comida
81d18302f20a4b0aaf5b17e69dd88588,"TELEVISIÓN DIGITAL, CAJAS DECODIFICADORAS, TELEVISIÓN CUBANA, AUDIOVISUALES",0,"hace unos dias se me rompio mi disco externo de un TB que me costo 110 CUC. estoy tan triste que parece que perdi a un familiar querido, sin dejar de decir que ahora ya no puedo ni sacar los tiques de almuerzo de mi trabajo. pues mi busqueda de 20 o 25 CUP semanal se me jodio. Huuuu Huuuu.",cu,0,0,2,0,0,3,2,0,0,hacer uno dia él yo romper mi disco externo de uno tb que yo costar 110 cuc estar tanto triste que parecer que perdi a uno familiar querido sin dejar de decir que ahora ya no poder ni sacar el tiqu de almuerzo de mi trabajo pues mi busqueda de 20 o 25 cup semanal él yo jodar huu huu
4381359ec2c4d796a38837bf6d7abda1,"TELEVISIÓN DIGITAL, CAJAS DECODIFICADORAS, TELEVISIÓN CUBANA, AUDIOVISUALES",0,jajaja ese fue el efecto que me causo este artículo,cu,0,0,0,0,0,0,0,0,0,jajaja ese ser el efecto que yo causo este artículo
5547c8c64a1e43010d23bc0e4f995eab,"TELEVISIÓN DIGITAL, CAJAS DECODIFICADORAS, TELEVISIÓN CUBANA, AUDIOVISUALES",0,"La peticion no es que no lo quiten, sino, que se masifique el uso de internet para que el paquete ya no sea necesario.",cu,0,0,0,0,0,4,0,0,0,el peticion no ser que no él quitar sino que él masificar el uso de internet para que el paquete ya no ser necesario
64e0e2b528383ad2c491f71a4a2187f1,"TELEVISIÓN DIGITAL, CAJAS DECODIFICADORAS, TELEVISIÓN CUBANA, AUDIOVISUALES",0,Y asi comienza la caceria de brujas por el PAQUETE,cu,0,0,1,0,0,0,0,0,0,y asi comenzar el caceria de bruja por el paquete
bfba773ecfa1843e86cd9b8d545857da,"TELEVISIÓN DIGITAL, CAJAS DECODIFICADORAS, TELEVISIÓN CUBANA, AUDIOVISUALES",0,"La TV cubana no es comercias, sí genera propaganda pero no propagandas comerciales.",cu,0,0,0,0,0,2,0,0,0,el tv cubano no ser comercia sí generar propaganda pero no propaganda comercial
28ba10793d091fa4b31e87e496f352a8,"TELEVISIÓN DIGITAL, CAJAS DECODIFICADORAS, TELEVISIÓN CUBANA, AUDIOVISUALES",0,"Para grabar y un tera by de programas de canales de TV semanal se necesita mucha, mucha, mucha tecnología, ¿ de donde sale el famoso paquete?.
.. y aquí en Cuba esta prohibido por el ministerio de comunicaciones recibir señales de TV por satélite???????",cu,0,9,0,0,0,0,1,0,0,para grabar y uno tera by de programa de canal de tv semanal él necesitar mucho mucho mucho tecnología de donde salir el famoso paquete y aquí en cuba este prohibido por el ministerio de comunicación recibir señal de tv por satélite
caf709561173ffd0bb08112d93335726,"TELEVISIÓN DIGITAL, CAJAS DECODIFICADORAS, TELEVISIÓN CUBANA, AUDIOVISUALES",0,"Felicitaciones por el trabajo, esperamos nos complazcan pronto con un aumento de horas de transmisión en el canal experimental HD, por mucho lo mejor ahora mismo en la TV cubana.",cu,0,0,0,0,0,0,0,0,0,felicitación por el trabajo esperar yo complazcar pronto con uno aumento de hora de transmisión en el canal experimental hd por mucho él mejor ahora mismo en el tv cubana
e60b475f92e4867f459956f99e5ab2d8,"TELEVISIÓN DIGITAL, CAJAS DECODIFICADORAS, TELEVISIÓN CUBANA, AUDIOVISUALES",0,"Para la distribucion de las cajitas en las diferentes zonas que tengan ya la señal de TV digital, es un trabajo conjunto entre la empresa RADIOCUBA y las cadenas comercializadoras TRD y CIMEX.",cu,0,0,3,0,0,0,0,0,0,para el distribucion de el cajita en el diferente zona que tener ya el señal de tv digital ser uno trabajo conjunto entre el empresa radiocuba y el cadena comercializadora trd y cimex
347cb7f05761ed6572159e6288c8d1a7,"TELEVISIÓN DIGITAL, CAJAS DECODIFICADORAS, TELEVISIÓN CUBANA, AUDIOVISUALES",0,"para los de la habana, en 5ta y 42 existe una tienda especializada en el tema de la television digital, en la cual en estos momentos hay existencia de casi todo lo que se hablo en la mesa redonda y en 3ra y 70 hay cajitas runch HD en estos momentos tambien",cu,0,0,0,0,0,0,0,0,0,para el de el habana en 5ta y 42 existir uno tiendo especializado en el tema de el television digital en el cual en este momento haber existencia de casi todo él que él hablar en el mesa redondo y en 3ra y 70 haber cajita runch hd en este momento tambien
6f23634d9c344f3101ecf0b9594fe93a,"TELEVISIÓN DIGITAL, CAJAS DECODIFICADORAS, TELEVISIÓN CUBANA, AUDIOVISUALES",0,"Y el que no tenga economía para acceder a una cajita como popularmente se le llama, no podrá ver la televisión?????, esos precios no están acorde con el salario de un trabajador cubano.",cu,0,5,0,0,0,3,1,0,0,y el que no tener economía para acceder a uno cajita como popularmente él él llamar no poder ver el televisión ese precio no estar acorde con el salario de uno trabajador cubano
041d2e291affb961dd1b73b67c446829,"TELEVISIÓN DIGITAL, CAJAS DECODIFICADORAS, TELEVISIÓN CUBANA, AUDIOVISUALES",0,san paquete desaparecera el dia que la Tv sirva de todo un poco,cu,0,0,0,0,0,0,0,0,0,san paquete desaparecerar el dia que el tv servir de todo uno poco
a1df982f62ebc2c95ef16f8688e83ff5,"TELEVISIÓN DIGITAL, CAJAS DECODIFICADORAS, TELEVISIÓN CUBANA, AUDIOVISUALES",0,"Saludos y gracias por el programa, quisiera conocer que perspectivas existen con la televisión en alta definición que comenzó las primeras incursiones en La Habana. Gracias!!!",cu,3,0,0,0,0,0,1,0,0,saludo y gracia por el programa querer conocer que perspectiva existir con el televisión en alto definición que comenzar el primero incursión en el habana gracias
888d66e1228383d668e3af6e722b9477,"TELEVISIÓN DIGITAL, CAJAS DECODIFICADORAS, TELEVISIÓN CUBANA, AUDIOVISUALES",0,"No soy adipta al paquete, pero de ves en cuanto recurro a él, al menos el domingo poder ver algo y disfrutarlo, porque para nadie es un secreto la pésima programación de la TV cubana, y si es ese primer día de la semana, mucho peor, es para no apagar la TV y ahorrar electricidad.",cu,0,0,0,0,0,3,0,0,0,no ser adipta al paquete pero de ves en cuanto recurro a él al menos el domingo poder ver algo y disfrutar él porque para nadie ser uno secreto el pésimo programación de el tv cubano y si ser ese primero día de el semana mucho peor ser para no apagar el tv y ahorrar electricidad
db20b0379cecaf49389fd4c0eedb4724,"TELEVISIÓN DIGITAL, CAJAS DECODIFICADORAS, TELEVISIÓN CUBANA, AUDIOVISUALES",0,"y Pinar del Río seguirá siendo la cenicienta, ni siquiera se ha realizado el cambio de los TV de 29¨Haier por los LCD 32¨ en las escuelas del territorio pinero.",cu,0,0,1,0,0,1,0,0,0,y pinar del río seguir ser el cenicienta ni siquiera él haber realizar el cambio de el tv de 29 haier por el lcd 32 en el escuela del territorio pinero
e3898808baa9392f43269c40451ece7b,"TELEVISIÓN DIGITAL, CAJAS DECODIFICADORAS, TELEVISIÓN CUBANA, AUDIOVISUALES",0,con el salario del pueblo cubano no alcanza casi ni para necesidades basicas con que pretenden vamos a comprar la cajita y la TV digital,cu,0,0,0,0,0,2,0,0,0,con el salario del pueblo cubano no alcanzar casi ni para necesidad basica con que pretender ir a comprar el cajita y el tv digital
dc0041212ea17d38b4365a7270765921,"TELEVISIÓN DIGITAL, CAJAS DECODIFICADORAS, TELEVISIÓN CUBANA, AUDIOVISUALES",0,creen que el MIC importe tarjetas chinas PCI capturadoras de TV Digital para poder ver y grabar nuestra TV en nuestras computadoras por un 30% del costo actual del decoder? gracias por informar.,cu,0,1,2,0,0,0,0,0,0,creer que el mic importir tarjeta chino pci capturadora de tv digital para poder ver y grabar nuestro tv en nuestro computadora por uno 30 del costo actual del decoder gracia por informar
c895624834a867bd6e4e2d4ad189dddc,"TELEVISIÓN DIGITAL, CAJAS DECODIFICADORAS, TELEVISIÓN CUBANA, AUDIOVISUALES",0,"Prohibir y censurar son callejones sin salidas. Aun recuerdo el tema de los cines 3D y las salas de video juegos, ya que no entiendo porque no se flexibilizó y se prohibió.",cu,0,0,0,0,0,3,0,0,0,prohibir y censurar ser callejón sin salida aun recordar el tema de el cine 3d y el sala de video juegos ya que no entender porque no él flexibilizar y él prohibir
15f8a35c25d55636d46ec3fdd8ba4cae,"TELEVISIÓN DIGITAL, CAJAS DECODIFICADORAS, TELEVISIÓN CUBANA, AUDIOVISUALES",0,"El paquete tiene muchos paquetes pero somos libres de escoger segun nuestros intereses y gustos. Es solo una alternativa, cuando, en el canal de la familia cubana a las 8.30, debemos elegir entre una entrevista un acto politico cultural o un concierto",cu,0,0,0,0,0,0,0,0,0,el paquete tener mucho paquete pero ser libre de escoger segun nuestro interés y gusto ser solo uno alternativa cuando en el canal de el familia cubano a el 8 30 deber elegir entre uno entrevista uno acto politico cultural o uno concierto
56f3015f93e0d2289226ecf2147f402a,"TELEVISIÓN DIGITAL, CAJAS DECODIFICADORAS, TELEVISIÓN CUBANA, AUDIOVISUALES",0,Muchos en Cuba quedarán sin acceso a la TV cuando llegue el apagón analógico producto que el dinero no les alcanza ni para alimentarse medianamente regular mucho menos para acceder a las tecnologías con sus precios es la triste realidad.,cu,0,0,0,0,0,3,0,0,0,mucho en cuba quedar sin acceso a el tv cuando llegar el apagón analógico producto que el dinero no él alcanzar ni para alimentar él medianamente regular mucho menos para acceder a el tecnología con su precio ser el triste realidad
12e4899e76f53a876fdbc155e4831f69,"TELEVISIÓN DIGITAL, CAJAS DECODIFICADORAS, TELEVISIÓN CUBANA, AUDIOVISUALES",0,yo estoy de acuerdo con el paquete pero en lo que no estoy de acuerdo que cada vez que yo quiera ver algo tengo que pagar 5$ en CUP no es todo el mundo que el que puede,cu,0,0,1,0,0,2,0,0,0,yo estar de acuerdo con el paquete pero en él que no estar de acuerdo que cada vez que yo querer ver algo tener que pagar 5 en cup no ser todo el mundo que el que poder
11fca4025aeef27ea62293693d9b96fe,"TELEVISIÓN DIGITAL, CAJAS DECODIFICADORAS, TELEVISIÓN CUBANA, AUDIOVISUALES",0,"YO QUISIERA SABER SI SE HA PENSADO EN TENER RESPUESTO PARA ESTAS CAJITAS DECODIFICADORA, PORQUE LAMENTABLEMENTE NOSOTROS LOS CUBANOS DESPUES DE IMPLARTAR ALGUNA TECNOLOGIA SIEMPRE TENEMOS PROBLEMAS CON LOS RESPUESTOS",cu,0,0,24,0,0,0,0,0,0,yo querer saber si él haber pensar en tener respuesto para este cajita decodificadoro porque lamentablemente yo el cubano despu de implartar alguno tecnologia siempre tener problema con el respuesto
17cb32c815278881376aedf0c92db235,"TELEVISIÓN DIGITAL, CAJAS DECODIFICADORAS, TELEVISIÓN CUBANA, AUDIOVISUALES",0,¿La marca ATEC-PANDA está incluida en nuevo mando universal? Tengo dudas porque hay televisores Panda y Atec-Panda y no se si es lo mismo.,cu,0,2,2,0,0,1,0,0,0,el marca atec panda estar incluir en nuevo mando universal tener duda porque haber televisor panda y atec panda y no él si ser él mismo
651dc9579eac9b05855773a172565f5d,"TELEVISIÓN DIGITAL, CAJAS DECODIFICADORAS, TELEVISIÓN CUBANA, AUDIOVISUALES",0,"piensan aumentar la opcion de los canales, o es decir piensan poner mas canales por la digital, que no sean esos 8 ke salen",cu,0,0,0,0,0,1,0,0,0,pensar aumentar el opcion de el canal o es decir pensar poner mas canal por el digital que no ser ese 8 ke salir
15289ae4c8c66db4005e90b9874340de,"TELEVISIÓN DIGITAL, CAJAS DECODIFICADORAS, TELEVISIÓN CUBANA, AUDIOVISUALES",0,"Yo pregunto ¿Que gusto formó nuestros productos culturales de TV Cubana? ¿ Que enseñan los críticos? En fin, muchas tesis y opiniones sobre el paquete pero muy pocas sobre la TV.",cu,0,4,0,0,0,0,0,0,0,yo preguntar que gusto formar nuestro producto cultural de tv cubano que enseñar el crítico en fin mucho tesis y opinión sobre el paquete pero mucho poco sobre el tv
48b23a2b94e3989d9211468dbee19c6e,"TELEVISIÓN DIGITAL, CAJAS DECODIFICADORAS, TELEVISIÓN CUBANA, AUDIOVISUALES",0,Cable coaxial.dónde está???????????,cu,0,11,0,0,0,0,1,0,0,cable coaxial dónde estar
964ac6ecc00242ecfcf5cdd7364e9457,"TELEVISIÓN DIGITAL, CAJAS DECODIFICADORAS, TELEVISIÓN CUBANA, AUDIOVISUALES",0,si los canales hd no pueden tener una programación estable porque no poner el canal cubamax que es cubano y ofrece una programación 24 horas hasta tanto puedan contar con los recursos necesarios para su puesta en marcha,cu,0,0,0,0,0,2,0,0,0,si el canal hd no poder tener uno programación estable porque no poner el canal cubamax que ser cubano y ofrecer uno programación 24 hora hasta tanto poder contar con el recurso necesario para su puesta en marcha
4d0f986fcdf93d057521dcd8b631cd83,"TELEVISIÓN DIGITAL, CAJAS DECODIFICADORAS, TELEVISIÓN CUBANA, AUDIOVISUALES",0,El paquete es basura contaminante que se ha colado en nuestros hogares por la propia ineficiencia y pérdida de calidad de nuestra TV. Mejoremos nuestra programación y hagamos nuevos programas de calidad y el paquete irá perdiendo importancia.,cu,0,0,0,0,0,0,0,0,0,el paquete ser basura contaminante que él haber colar en nuestro hogar por el propio ineficiencia y pérdida de calidad de nuestro tv mejorer nuestro programación y hacer nuevo programa de calidad y el paquete ir perder importancia
6eea4a63202a2e11475bcd0297665f0f,"TELEVISIÓN DIGITAL, CAJAS DECODIFICADORAS, TELEVISIÓN CUBANA, AUDIOVISUALES",0,"Esta claro que la programación simpre debe dar cambios para estar a tono con los gustos los publicos, la progración que produce RTVC, que es una empresa del ICRT, es parte de esos cambios.",cu,0,0,2,0,0,0,0,0,0,este claro que el programación simpre deber dar cambio para estar a tono con el gusto el publico el progración que producir rtvc que ser uno empresa del icrt ser parte de ese cambio
8c473089293b3bc546d1b1e67f643c35,"TELEVISIÓN DIGITAL, CAJAS DECODIFICADORAS, TELEVISIÓN CUBANA, AUDIOVISUALES",0,"En estos momentos tengo el manual de instrucciones de mi TV Westpoint en frente de mí, pero no encuentro en que parte del manual me de la información de que tipo de norma utiliza este TV y si soporta 6Mhz.",cu,0,0,0,0,0,1,0,0,0,en este momento tener el manual de instrucción de mi tv westpoint en frente de yo pero no encontrar en que parte del manual yo de el información de que tipo de norma utilizar este tv y si soportar 6mhz
9aac694cc80631520505c22c9d2baef6,"TELEVISIÓN DIGITAL, CAJAS DECODIFICADORAS, TELEVISIÓN CUBANA, AUDIOVISUALES",0,"NO EXISTE NADA MEJOR QUE EL PAQUETE, DIOS QUIERA QUE AL GOBIERNO CUBANO NUNCA SE LES META EN LA CABEZA BLOQUEAR EL PAQUETE, PORQUE DE VERDAD QUE ASI SI NOS EMBARCAN. ESO DE INVENTAR UN PAQUETE CUBANO ESO NO VA A SERVIR, ME IMAGINO LA CALIDAD DEL PAQUETE CUBANO.",cu,0,0,33,0,0,4,0,0,0,no existir nada mejor que el paquete dios querer que al gobierno cubano nunca él él meter en el cabeza bloquear el paquete porque de verdad que asi si yo embarcar ese de inventar uno paquete cubano ese no ir a servir yo imaginar el calidad del paquete cubano
d2f39be7a5d519900b786d04810d1aeb,"TELEVISIÓN DIGITAL, CAJAS DECODIFICADORAS, TELEVISIÓN CUBANA, AUDIOVISUALES",0,Los transmisores cumplen con los estándares de calidad establecidos para la norma. No existen tales problemas en la señal que es transmitida.,cu,0,0,0,0,0,1,0,0,0,el transmisor cumplir con el estándar de calidad establecido para el norma no existir tal problema en el señal que ser transmitir
374abe869d7d41003f8dbf1ba67a2c68,"TELEVISIÓN DIGITAL, CAJAS DECODIFICADORAS, TELEVISIÓN CUBANA, AUDIOVISUALES",0,"Creo que es una maravilla este adelanto para nosotros, solo le sugiero que den una explicación sobre la actualización de las cajas por USB.",cu,0,0,1,0,0,0,0,0,0,creer que ser uno maravilla este adelanto para yo solo él sugerir que dar uno explicación sobre el actualización de el caja por usb
6693b4d004ac3c55826d90d2474870ab,"TELEVISIÓN DIGITAL, CAJAS DECODIFICADORAS, TELEVISIÓN CUBANA, AUDIOVISUALES",0,me parece una alternativa bastante ingeniosa para aquellos q les apasiona todo lo referente a las tecnologias y las series de television. A mi solo me gustan las peliculas y los programas informaticos,cu,0,0,0,0,0,0,0,0,0,yo parecer uno alternativa bastante ingeniós para aquel q él apasionar todo él referente a el tecnologia y el serie de television a mi solo yo gustar el pelicula y el programa informatico
3b27d6f75a15adbe87b45cddfb3784aa,"TELEVISIÓN DIGITAL, CAJAS DECODIFICADORAS, TELEVISIÓN CUBANA, AUDIOVISUALES",0,hay personas que gana poco y alguno no tiene que quien lo ayuden como la persona que son jubilado y depende de su salario como van a comprar esa cajista con que se queda analicen vine buenochao,cu,0,0,0,0,0,1,0,0,0,haber persona que ganar poco y alguno no tener que quien él ayudar como el persona que ser jubilado y depender de su salario como ir a comprar ese cajista con que él quedar analicir venir bueno chao
78107c62847d35bb950d100b00ed05dc,"TELEVISIÓN DIGITAL, CAJAS DECODIFICADORAS, TELEVISIÓN CUBANA, AUDIOVISUALES",0,"Cómo es posible que se hayan expedido en nuestra red de tiendas, unas cajas descodificadoras que ahora no sirvan para ver las señal de TV en HD?",cu,0,1,0,0,0,1,0,0,0,cómo ser posible que él haber expedir en nuestro red de tienda uno caja descodificadora que ahora no servir para ver el señal de tv en hd
b29f9837b88d07c32aef401f54c7ece6,"TELEVISIÓN DIGITAL, CAJAS DECODIFICADORAS, TELEVISIÓN CUBANA, AUDIOVISUALES",0,compañeros llamen al 6832814 es lacetel hay un comp que esta explicando sld,cu,0,0,0,0,0,0,0,0,0,compañero llamar al 6832814 ser lacetel haber uno comp que este explicar sld
288adb0838ad78cae3e295c34547f844,"TELEVISIÓN DIGITAL, CAJAS DECODIFICADORAS, TELEVISIÓN CUBANA, AUDIOVISUALES",0,"buenas tardes, como se puedes acceder al paquete semanal?, saludos para todos.",cu,0,1,0,0,0,0,0,0,0,buena tarde como él poder acceder al paquete semanal saludo para todo
eb7738118b770b15a2c7c6dfd3549bd0,"TELEVISIÓN DIGITAL, CAJAS DECODIFICADORAS, TELEVISIÓN CUBANA, AUDIOVISUALES",0,"Yo tengo una cajista soyea sdp160 y quisiera saber si en algún momento podre ver canales en hd sin que la cajista sea hd u obligatoriamente tengo que comprar la cajista hd?.
Muy interesante programa felicidades a todos.",cu,0,1,0,0,0,1,0,0,0,yo tener uno cajista soyea sdp160 y querer saber si en alguno momento podre ver canal en hd sin que el cajista ser hd u obligatoriamente tener que comprar el cajista hd mucho interesante programa felicidad a todo
ac2c6c369c22b181f7fe0abad238dbbc,"TELEVISIÓN DIGITAL, CAJAS DECODIFICADORAS, TELEVISIÓN CUBANA, AUDIOVISUALES",0,CUANDO SE PORODUZCA EL APÀGON ANALOGICO ¿QUE PASARA CON ESTAS CAJITAS? LOS TELEVISORES DIGITAL TIENEN UN PRECIO NO ACCECIBLE PARA LA MAYORIA DE LOS CUBANOS,cu,0,2,18,0,0,1,0,0,0,cuando él poroducir el apàgon analogico que pasar con este cajita el televisor digital tener uno precio no accecible para el mayoria de el cubano
b48dda8b726790464c0d7b3111361f5a,"TELEVISIÓN DIGITAL, CAJAS DECODIFICADORAS, TELEVISIÓN CUBANA, AUDIOVISUALES",0,"creo q el paquete es un buen sustituto del internet hoy día, y cada vez son mayores los sectores en los q actúa, antes se reducía a shows, pelis y series, hoy ya está con documentales, aplicaciones, revistas, cosas d cocina, etc. Buen invento, lol",cu,0,0,0,0,1,0,0,0,0,creer q el paquete ser uno buen sustituto del internet hoy día y cada vez ser mayor el sector en el q actuar antes él reducir a show peli y seriser hoy ya estar con documental aplicación revista cosas d cocina etc buen invento lol
8996bc2dee54390d7a1d16dfc763623c,"TELEVISIÓN DIGITAL, CAJAS DECODIFICADORAS, TELEVISIÓN CUBANA, AUDIOVISUALES",0,"no hay nadie del icrt en el foro¿¿ por que no transmiten canales como cctv, y RT que estan en todas las plataformas hoteleras del pais, aumenten mas canales y mejoren los que hay, las transmisiones de los canales en HD es extremadamente escasa",cu,0,2,0,0,0,3,0,0,0,no haber nadie del icrt en el foro por que no transmitar canal como cctv y rt que estir en todo el plataforma hotelera del pais aumentar mas canal y mejoren el que haber el transmisión de el canal en hd ser extremadamente escaso
34d5e16b9180e45b5a5b472fee89072d,"TELEVISIÓN DIGITAL, CAJAS DECODIFICADORAS, TELEVISIÓN CUBANA, AUDIOVISUALES",0,"saludos no se si alguien pregntó por que es mucho, pero me gustaría saber si las cajitas que no dicen HD pueden coger este tipo se señal, si no es así la pregunta es si no se hará una actualización que permita hacer uso del servicio sin tener que volver a comprar.",cu,0,0,0,0,0,5,0,0,0,saludo no él si alguien pregntar por que ser mucho pero yo gustar saber si el cajita que no decir hd poder coger este tipo él señal si no ser así el pregunta ser si no él hacer uno actualización que permitir hacer uso del servicio sin tener que volver a comprar
bc70d6756e769d119c3ffa803dda857d,"TELEVISIÓN DIGITAL, CAJAS DECODIFICADORAS, TELEVISIÓN CUBANA, AUDIOVISUALES",0,"Creo que fue muy bueno lo de la explicación de como funciona toda esa cadena para adquirir el paquete (eso sería para los que no tienen internet), lo mejor sería que tuviesemos acceso.",cu,0,0,0,0,0,1,0,0,0,creer que ser mucho bueno él de el explicación de como funcionar todo ese cadena para adquirir el paquete ese ser para el que no tener internet él mejor ser que tuvies acceso
d5e7a08e8e1117321b3dffa1315be3df,"TELEVISIÓN DIGITAL, CAJAS DECODIFICADORAS, TELEVISIÓN CUBANA, AUDIOVISUALES",0,"La existencia del paquete es vergonzoso porque parte de los organismos del estado con Internet con un buen ancho de banda para bajar de todo y rápido, es un enriquecimiento ilícito desde las mismas bases del estado y nadie lo ve, es una corrupción de quienes lo permiten y se nutren de ello.",cu,0,0,0,0,0,1,0,0,0,el existencia del paquete ser vergonzoso porque parte de el organismo del estado con internet con uno buen ancho de banda para bajar de todo y rápido ser uno enriquecimiento ilícito desde el mismo base del estado y nadie él ver ser uno corrupción de quien él permitir y él nutrir de él
a2a566a17ba9a1e750f65851369f8db4,"TELEVISIÓN DIGITAL, CAJAS DECODIFICADORAS, TELEVISIÓN CUBANA, AUDIOVISUALES",0,"Por mi parte sigo sin entender los precios de las cajitas y los televisores, los precios estan desfasados del salario medio del país, y no es posible que una produccion nacionals ea mas cara que una importada.",cu,0,0,0,0,0,2,0,0,0,por mi parte seguir sin entender el precio de el cajita y el televisor el precio estar desfasado del salario medio del país y no ser posible que uno produccion nacionals ear mas cara que uno importado
857e9a56d39a4b319eb893add72ca67b,"TELEVISIÓN DIGITAL, CAJAS DECODIFICADORAS, TELEVISIÓN CUBANA, AUDIOVISUALES",0,Cuando se tendra la señal de alta definicion en Cienfuegos,cu,0,0,0,0,0,0,0,0,0,cuando él tendrar el señal de alto definicion en cienfuego
5e880f5540181093b3b61ed7468bfb6d,"TELEVISIÓN DIGITAL, CAJAS DECODIFICADORAS, TELEVISIÓN CUBANA, AUDIOVISUALES",0,Por dios que disparate.,cu,0,0,0,0,0,0,1,0,0,por dio que disparatar
f9b1b25967257db7af4c2ebc8c21e087,"TELEVISIÓN DIGITAL, CAJAS DECODIFICADORAS, TELEVISIÓN CUBANA, AUDIOVISUALES",0,!!!Por 35 dólares al mes!!! eso aqui solo es 24 míseras y de mala calidad horas de internet. Que barbaro.,cu,6,0,0,0,0,0,2,0,0,por 35 dólares al mes ese aqui solo ser 24 mísera y de malo calidad hora de internet que barbaro
ea5639c43f74366665a3d2c33cc19c85,"TELEVISIÓN DIGITAL, CAJAS DECODIFICADORAS, TELEVISIÓN CUBANA, AUDIOVISUALES",0,"José , yo a la mejor estoy atontada, sino es así acláramelo , creo que el Estado no puede robarse la cosas de Internet y luego venderlas",cu,0,0,0,0,0,2,0,0,0,josé yo a el mejor estar atontado sino ser así acláramelo creer que el estado no poder robar él el cosa de internet y luego venderla
6d99d6582e7501f0457282793b3a2ab9,"TELEVISIÓN DIGITAL, CAJAS DECODIFICADORAS, TELEVISIÓN CUBANA, AUDIOVISUALES",0,"Espero que antes de apagar cualquier canal analógico deben garantizar que la señal digital llegue a todos los rincones del pais con la calidad deseada ya que en estos momentos la calidad e intensidad de la señal es baja en muchas zonas, ejemplo en los municipios Guane y Sandino de Pinar del Rio.",cu,0,0,0,0,0,0,0,0,0,esperar que antes de apagar cualquiera canal analógico deber garantizar que el señal digital llegar a todo el rincón del pais con el calidad deseado ya que en este momento el calidad e intensidad de el señal ser baja en mucho zona ejemplo en el municipio guane y sandino de pinar del rio
f0a87fa02c59eb31e3867c8b4c87506b,"TELEVISIÓN DIGITAL, CAJAS DECODIFICADORAS, TELEVISIÓN CUBANA, AUDIOVISUALES",0,La verdad q esta muy bien detallado de como funciona el paquete así es como se debe hacer el periodismo,cu,0,0,0,0,0,0,0,0,0,el verdad q este mucho bien detallado de como funcionar el paquete así ser como él deber hacer el periodismo
cf8119de9b934b793f3c9d9e83299a0d,"TELEVISIÓN DIGITAL, CAJAS DECODIFICADORAS, TELEVISIÓN CUBANA, AUDIOVISUALES",0,"Con sus televisores solo podrá ver SD. o HD degradada a SD. Esta última opción se ve bien en un Panda, aunque sin todo el detalle posible en un TV HD.",cu,0,0,0,0,0,1,0,0,0,con su televisor solo poder ver sd o hd degradado a sd este último opción él ver bien en uno panda aunque sin todo el detalle posible en uno tv hd
f5c1db28b8777000fdffd9d196469a8b,"TELEVISIÓN DIGITAL, CAJAS DECODIFICADORAS, TELEVISIÓN CUBANA, AUDIOVISUALES",0,"Cuando uno no sabe de algo lo mejor es mantenerse callado, busque mas información sobre el tema.",cu,0,0,0,0,0,1,0,0,0,cuando uno no saber de algo él mejor ser mantener él callado buscar mas información sobre el tema
673f86be2d6e23d6d95b994079ff0e29,"TELEVISIÓN DIGITAL, CAJAS DECODIFICADORAS, TELEVISIÓN CUBANA, AUDIOVISUALES",0,"Un saludo, yo poseo un TV Konka híbrido de 32, me he dado cuenta que el dispositivo que traen incluido tiene una imagen muy oscura y hay que hacerle muchos ajustes en el menú, he comprobado con cajas de HD y televisores de otros modelos y eso no sucede",cu,0,0,0,0,0,1,0,0,0,uno saludo yo poseo uno tv konka híbrido de 32 yo haber dar cuenta que el dispositivo que traer incluido tener uno imagen mucho oscuro y haber que hacer él mucho ajuste en el menú haber comprobar con caja de hd y televisor de otro modelo y ese no suceder
cf670aa95ac1713a8917e82f40cd5b2e,"TELEVISIÓN DIGITAL, CAJAS DECODIFICADORAS, TELEVISIÓN CUBANA, AUDIOVISUALES",0,"Guillermo, el problema que Ud. describe le ocurre principalmente al modelo SDP160 de SOYEA, si es su caso puede visitar nuestro sitio web",cu,0,0,1,0,0,0,0,0,0,guillermo el problema que ud describir él ocurrir principalmente al modelo sdp160 de soyea si ser su caso poder visitar nuestro sitio web
adc75af4114a21bac74d814bc56afe45,"TELEVISIÓN DIGITAL, CAJAS DECODIFICADORAS, TELEVISIÓN CUBANA, AUDIOVISUALES",0,lo mejor que se a inventado es el paquete semana. por favor no lo quiten,cu,0,0,0,0,0,1,0,0,0,él mejor que él a inventado ser el paquete semana por favor no él quitar
a873448bee5e05b8ba80cb774aa47767,"TELEVISIÓN DIGITAL, CAJAS DECODIFICADORAS, TELEVISIÓN CUBANA, AUDIOVISUALES",0,"Cuando se establezca la televisión digital,aumentaran los canales o se mantendrán los mismos",cu,0,0,0,0,0,0,0,0,0,cuando él establecer el televisión digital aumentar el canal o él mantener el mismo
fa97f9f3ba805dafb0c2e63a37e2b105,"TELEVISIÓN DIGITAL, CAJAS DECODIFICADORAS, TELEVISIÓN CUBANA, AUDIOVISUALES",0,"el paquete sólo se consume en el 39% de los hogares capitalinos
Un poquito de respeto a los lectores!!!! De donde se sacó esta estadística!!! Eso no se lo cree nadie. Hasta en el medio de la Sierra Maestra hay personas que consumen productos del paquete así que por favor",cu,7,0,0,0,0,2,2,0,0,el paquete sólo él consumir en el 39 de el hogar capitalino uno poquito de respeto a el lector de donde él sacar este estadístico ese no él él creer nadie hasta en el medio de el sierra maestro haber persona que consumir producto del paquete así que por favor
cb77b5a9e77d5307aece52726de4a64b,"TELEVISIÓN DIGITAL, CAJAS DECODIFICADORAS, TELEVISIÓN CUBANA, AUDIOVISUALES",0,"aclaro que yo solo soy un consumidor, no lucro con EL PAQUETE y soy consciente de que existe algo llamado Propiedad Intelectual, pero por favor no coma más catibía y deje de tirarle piedras al PAQUETE",cu,0,0,2,0,0,2,0,0,0,aclaro que yo solo ser uno consumidor no lucro con el paquete y ser consciente de que existir algo llamado propiedad intelectual pero por favor no coma más catibío y deje de tirar él piedra al paquete
8955116e3c3720d548c301ecc2d2b52f,"TELEVISIÓN DIGITAL, CAJAS DECODIFICADORAS, TELEVISIÓN CUBANA, AUDIOVISUALES",0,Saludos al Colectivo de CUBADEBATE. Para mayor información deberían decir en que tienda de TRD o CIMEX estan vendiendo las cajitas.,cu,0,0,3,0,0,0,0,0,0,saludo al colectivo de cubadebate para mayor información deber decir en que tiendar de trd o cimex estar vender el cajita
8f703112054b47d9e87143a5502a1385,"TELEVISIÓN DIGITAL, CAJAS DECODIFICADORAS, TELEVISIÓN CUBANA, AUDIOVISUALES",0,"Muy, muy, muy buen artículo. felicidades. Así se debe desarrollar el periodismo",cu,0,0,0,0,0,0,0,0,0,mucho mucho mucho buen artículo felicidad así él deber desarrollar el periodismo
2f04a5bdce5dcda62a259260e2a0cfdc,"TELEVISIÓN DIGITAL, CAJAS DECODIFICADORAS, TELEVISIÓN CUBANA, AUDIOVISUALES",0,"La información que se brinda es muy abarcadora y esclarece muchas dudas que puedan existir en el pueblo. Yo al menos me esclarecí de las que tenía, gracias a este magnífico editorial.",cu,0,0,0,0,0,0,0,0,0,el información que él brindar ser mucho abarcadoro y esclarecer mucho duda que poder existir en el pueblo yo al menos yo esclarecer de el que tener gracias a este magnífico editorial
0ace301eafc72301d657dd770914cf0b,"TELEVISIÓN DIGITAL, CAJAS DECODIFICADORAS, TELEVISIÓN CUBANA, AUDIOVISUALES",0,"De todo tiene el paquete, para todos los gustos, algo q llego para quedarse.",cu,0,0,0,0,0,0,0,0,0,de todo tener el paquete para todo el gusto algo q llego para quedar él
d4de0fe6b3219d72fced459e66deab25,"TELEVISIÓN DIGITAL, CAJAS DECODIFICADORAS, TELEVISIÓN CUBANA, AUDIOVISUALES",0,"Buenos días, dos preguntas que deso me contesten:
-¿El televisor analógico queda sin utilidad cuando se culmine el proceso de digitalización, aún cuando se cuenta con caja decodificadora?
-Con la caja normal (no HD) ¿no se puede ver el canal experimental de HD?",cu,0,4,0,0,0,3,0,0,0,buen día dos pregunta que deso yo contestar el televisor analógico quedar sin utilidad cuando él culminar el proceso de digitalización aún cuando él contar con caja decodificadoro con el caja normal no hd no él poder ver el canal experimental de hd
9c749bf1e1d4e2ec716837b300c37f68,"TELEVISIÓN DIGITAL, CAJAS DECODIFICADORAS, TELEVISIÓN CUBANA, AUDIOVISUALES",0,"Con todo respeto, la norma en EEUU no es 110v, es 127v. Por cierto en Cuba tampoco es 110v, es 115 +/-10%.
Perdone, pero si sus criterios sobre televisión parten de un dominio similar al que tiene del tema energético 
¿Cuál es su especialidad?
No es por nada, solo para saber ",cu,0,2,1,0,0,4,0,0,0,con todo respeto el norma en eeuu no ser 110v ser 127v por cierto en cuba tampoco ser 110v ser 115 10 perdonir pero si su criterio sobre televisión partir de uno dominio similar al que tener del tema energético cuál ser su especialidad no ser por nada solo para saber
db021f94e3fc1aac5f7ed4b3623df8cd,"TELEVISIÓN DIGITAL, CAJAS DECODIFICADORAS, TELEVISIÓN CUBANA, AUDIOVISUALES",0,"El paquete es un producto 100% del bloqueo economico,producto de la gran icomunicacion que hemos tenido todos estos años y quiero decirle nosotros los cubanos somos un pueblo bien informado a pesar de los pesares.. .",cu,0,0,0,0,0,0,0,0,0,el paquete ser uno producto 100 del bloqueo economico producto de el gran icomunicacion que haber tener todo este año y querer decir él yo el cubano ser uno pueblo bien informado a pesar de el pesar
08ca48f37734e2c646e9b77f42aa7494,"TELEVISIÓN DIGITAL, CAJAS DECODIFICADORAS, TELEVISIÓN CUBANA, AUDIOVISUALES",0,"Con el paquete también llegan e-boocks y revistas, gracias a el tengo a mano BIODIVERSIDAD EN CUBA, librito que no está en venta y cuando salió l comercializaron a masde 20 cuc, tambien tengo acceso a revistas que jamás podría encontrar en ningún estanquillo.",cu,0,0,2,0,0,3,0,0,0,con el paquete también llegar e boocks y revista gracias a el tengo a mano biodiversidad en cuba librito que no estar en venta y cuando salir l comercializar a masde 20 cuc tambien tener acceso a revista que jamás poder encontrar en ninguno estanquillo
e48e169de4fe3c64c2d3127a70898096,"TELEVISIÓN DIGITAL, CAJAS DECODIFICADORAS, TELEVISIÓN CUBANA, AUDIOVISUALES",0,"Rectifico: quise decir 2035 o 2037, pero por la premura de escribir cometí errores!!",cu,2,0,0,0,0,0,0,0,0,rectifico querer decir 2035 o 2037 pero por el premura de escribir cometi  error
c26a673c65223fe6140bdb87122eb525,"TELEVISIÓN DIGITAL, CAJAS DECODIFICADORAS, TELEVISIÓN CUBANA, AUDIOVISUALES",0,"Cuando van nuevamente a vender en las tiendas las cajitas codificadora, pues hace varios meses en mi provincia Granma y en especial municipio Media Luna no hay y cuando entran ya las dependientas de las tiendas, las tienen comprometidas a otros clientes.Este producto no debe de faltar en las tiendas",cu,0,0,0,0,0,2,0,0,0,cuando ir nuevamente a vender en el tienda el cajita codificadoro pues hacer varios mes en mi provincia granmo y en especial municipio medio luna no haber y cuando entrar ya el dependienta de el tienda él tener comprometida a otro cliente este producto no deber de faltar en el tienda
7ecf0933cea1b9554bff8d1a1483eb4d,"TELEVISIÓN DIGITAL, CAJAS DECODIFICADORAS, TELEVISIÓN CUBANA, AUDIOVISUALES",0,"Una pregunta:
Alguien sabe cuando llegará la señal de HD a la provincia de Holguín?",cu,0,1,0,0,0,0,0,0,0,uno pregunta alguien saber cuando llegar el señal de hd a el provincia de holguín
4c96931fc75ca68eb7b41ce8cfb95c99,"TELEVISIÓN DIGITAL, CAJAS DECODIFICADORAS, TELEVISIÓN CUBANA, AUDIOVISUALES",0,"Si y mientras tanto yo para bajar un codigo o una libreria son 3 horas y casi siempre falla la descarga.Pero no pasa na, la prioridad es que el que no produce ningun servicio ni ningun bien se entretenga en su casa con el paquetico.Yo te digo a ti que no se yo.",cu,0,0,0,0,0,6,0,0,0,si y mientras tanto yo para bajar uno codigo o uno libreria ser 3 hora y casi siempre fallar el descarga pero no pasar na el prioridad ser que el que no producir ningun  servicio ni ningun bien él entretener en su casa con el paquetico yo tú decir a tú que no él yo
7184846457aa5088039ea336ab18e59c,"TELEVISIÓN DIGITAL, CAJAS DECODIFICADORAS, TELEVISIÓN CUBANA, AUDIOVISUALES",0,Hace falta que LACETEL coloque en su sitio varios diseños de antenas para la población poder fabricarlas,cu,0,0,1,0,0,0,0,0,0,hacer falta que lacetel colocar en su sitio varios diseño de antena para el población poder fabricarla
e3fa6dcdb802bf59af94c37788705079,"TELEVISIÓN DIGITAL, CAJAS DECODIFICADORAS, TELEVISIÓN CUBANA, AUDIOVISUALES",0,"la solución desde mi punto de vista debe ser regular con un cuerpo jurídico la actividad de los paquetes y promover opciones de recreación nacionales de calidad, este paquete llegó para quedarse, depende de nosotros convertirlo en un fenómeno positivo o negativo para el país.",cu,0,0,0,0,0,0,0,0,0,el solución desde mi punto de vista deber ser regular con uno cuerpo jurídico el actividad de el paquete y promover opción de recreación nacional de calidad este paquete llegar para quedar él depender de yo convertir él en uno fenómeno positivo o negativo para el país
212801ebdf3b17636105e74ad57ad8cd,"TELEVISIÓN DIGITAL, CAJAS DECODIFICADORAS, TELEVISIÓN CUBANA, AUDIOVISUALES",0,El paquete es como Netflix o Hulu . son solo alternativas a acceder a contenidos y verlos cuando a uno les de la gana  deberian repensarse muchas cosas  sobre todo la formacion de nuevos directores  quemar todos esos barcos del pasado ..acaso en Cuba no hay una escuela de Cine y TV?,cu,0,1,0,0,0,1,0,0,0,el paquete ser como netflix o hulu ser solo alternativo a acceder a contenido y ver él cuando a uno él de el gana deberiar repensar él mucho cosa sobre todo el formacion de nuevo director quemar todo ese barco del pasado acaso en cuba no haber uno escuela de cine y tv
dfac14626319a6ce7028ed04a0269baf,"TELEVISIÓN DIGITAL, CAJAS DECODIFICADORAS, TELEVISIÓN CUBANA, AUDIOVISUALES",0,"El tema del nivel de audio diferente es un asunto complicado en tanto no se ejecuten las inversiones del icrt, sin embargo hemos encontrado una solucion tecnica para este asunto, la cual estara imp`lementada para el primer trimestre del 2016.",cu,0,0,0,0,0,2,0,0,0,el tema del nivel de audio diferente ser uno asunto complicado en tanto no él ejecutir el inversión del icrt sin embargo haber encontrar uno solucion tecnico para este asunto el cual estarar imp lementado para el primero trimestre del 2016
b44ef09fc8c94e4d68b3c2693895bb4d,"TELEVISIÓN DIGITAL, CAJAS DECODIFICADORAS, TELEVISIÓN CUBANA, AUDIOVISUALES",0,¿Hay alguien participando en este foro que pertenezca al ICRT y que responda por las inquietudes que tienen que ver con ellos?,cu,0,2,1,0,0,0,0,0,0,haber alguien participar en este foro que pertenecer al icrt y que responder por el inquietud que tener que ver con él
253e4bdc48a9c174d5f2e1f5dee30257,"TELEVISIÓN DIGITAL, CAJAS DECODIFICADORAS, TELEVISIÓN CUBANA, AUDIOVISUALES",0,"Compañeros de LACETEL: La mayor dificultad que veo en las Cajitas (yo la uso hace 1 año), es la dificultad para conectar un DVD al TV, ya que antes se debe desconectar la Cajita. Favor ayudarme con este consulta que para mi es una gran molestia. Que alternativa puede ayudar en solucionar esto?",cu,0,1,2,0,0,0,0,0,0,compañero de lacetel el mayor dificultad que ver en el cajita yo el uso hacer 1 año ser el dificultad para conectar uno dvd al tv ya que antes él deber desconectar el cajita favor ayudar yo con este consulta que para mi ser uno gran molestia que alternativa poder ayudar en solucionar este
e6ff7cb7abfa63c91fb30b9dbbbee60e,"TELEVISIÓN DIGITAL, CAJAS DECODIFICADORAS, TELEVISIÓN CUBANA, AUDIOVISUALES",0,"solo comentaré esta vez que la reflexión sobre este tema cotidiano ya es un paso en la dirección correcta. es necesario precisamente escribir, debatir sobre ello, no porque sea malo o bueno per se, sino porque existe y es importante.",cu,0,0,0,0,0,2,0,0,0,solo comentar este vez que el reflexión sobre este tema cotidiano ya ser uno paso en el dirección correcto ser necesario precisamente escribir debatir sobre él no porque ser malo o bueno per él sino porque existir y ser importante
06e36072d4a643fff31673e7dc185d1e,"TELEVISIÓN DIGITAL, CAJAS DECODIFICADORAS, TELEVISIÓN CUBANA, AUDIOVISUALES",0,Cuanto será el costo de la nueva caja codificadora con sistema android,cu,0,0,0,0,0,0,0,0,0,cuanto ser el costo de el nuevo caja codificadoro con sistema android
3c2aaeb42f00657e36af8089533c2f2f,"TELEVISIÓN DIGITAL, CAJAS DECODIFICADORAS, TELEVISIÓN CUBANA, AUDIOVISUALES",0,"los precios de los equipos no son asequibles para el 85 por ciento de la poblacionque medidas tomaran al respecto ?
y otra pregunta porque no incorporan los telecentros en la cartelera de todo el pais, que un televidente de guantanamo pueda ver la programacion de pinar del rio .",cu,0,1,0,0,0,2,0,0,0,el precio de el equipo no ser asequible para el 85 por ciento de el poblacion que medida tomar al respecto y otro pregunta porque no incorporar el telecentro en el cartelera de todo el pais que uno televidente de guantanamo poder ver el programacion de pinar del rio
2a880ce32377410e5b14679587bb2d74,"TELEVISIÓN DIGITAL, CAJAS DECODIFICADORAS, TELEVISIÓN CUBANA, AUDIOVISUALES",0,"He leido cada uno de los comentarios, interesantes todos, sin embargo solo leo en las respuestas que emite lacetel que habrá apagó analógico siempre y cuando haya en cada hogar una caja decodificadora, ¿se estima aproximadamente para qué año será eso, con el costos de la cajita?",cu,0,2,0,0,0,1,0,0,0,haber leer cada uno de el comentario interesante todo sin embargo solo leo en el respuesta que emitir lacetel que haber apagar analógico siempre y cuando haber en cada hogar uno caja decodificadoro él estimar aproximadamente para qué año ser ese con el costo de el cajita
09a6ba880081c31f56008548cf1d56b3,"TELEVISIÓN DIGITAL, CAJAS DECODIFICADORAS, TELEVISIÓN CUBANA, AUDIOVISUALES",0,"Pinareno, cuando te mudes para la habana vieja al area experimental de internet , podras usar la caja androide que es precisamente para señal wifi",cu,0,0,0,0,0,0,0,0,0,pinareno cuando tú mudser para el habana viejo al area experimental de internet podra usar el caja androidir que ser precisamente para señal wifi
b3071cc8850e509df35650746441783b,"TELEVISIÓN DIGITAL, CAJAS DECODIFICADORAS, TELEVISIÓN CUBANA, AUDIOVISUALES",0,"LOS TV LED PLANOS,SOLOS PUEDEN RECIBIR LA SEÑAL DIGITAL,SIN CAJA????",cu,0,4,10,0,0,1,1,0,0,el tv led plano solo poder recibir el señal digital sin caja
7574f6eb798e710a55ab9009cf1b47b5,"TELEVISIÓN DIGITAL, CAJAS DECODIFICADORAS, TELEVISIÓN CUBANA, AUDIOVISUALES",0,"Este es un metodo unico, es una pirateria valida pero yo creo que se permite porque la INTERNET cubana es escasa y lenta y aun asi es cara, super cara, tanto cara como lenta, y te imaginaras descargar un tera de informacion, puffff!!!, es super lento.",cu,3,0,1,0,0,0,2,0,0,este ser uno metodo unico ser uno pirateria valido pero yo creer que él permitir porque el internet cubano ser escaso y lento y aun asi ser cara super cara tanto cara como lento y tú imaginarar descargar uno tera de informacion puff ser super lento
59cfe9ce5173ec3053238a28f22e1d9a,"TELEVISIÓN DIGITAL, CAJAS DECODIFICADORAS, TELEVISIÓN CUBANA, AUDIOVISUALES",0,"Muy de acuerdo, están hablando de mejoras para un servicio que es todavía en MUY costoso, para variar.",cu,0,0,1,0,0,0,0,0,0,mucho de acuerdo estar hablar de mejora para uno servicio que ser todavía en mucho costoso para variar
a4b21472e34e69a4a7ff3793a7c38f03,"TELEVISIÓN DIGITAL, CAJAS DECODIFICADORAS, TELEVISIÓN CUBANA, AUDIOVISUALES",0,"Pienso que las cajas estan caras, muy caras, pero sacan y se agotan rapidamente, esto dice que para algunas personas no es cara. Pero para las mayorias es como pienso MUY CARAS.",cu,0,0,2,0,0,1,0,0,0,pensar que el caja estar cara mucho cara pero sacar y él agotar rapidamente este decir que para alguno persona no ser cara pero para el mayoria ser como pensar mucho cara
4c648369521f228ea8e9a4ea7e5f7aa2,"TELEVISIÓN DIGITAL, CAJAS DECODIFICADORAS, TELEVISIÓN CUBANA, AUDIOVISUALES",0,da risa.es lo mismo y lo mismo y lo mismoo,cu,0,0,0,0,0,0,0,0,0,dar risa ser él mismo y él mismo y él mismoo
4cf643a1d3cd1ee3dcf10b15fb112dc0,"TELEVISIÓN DIGITAL, CAJAS DECODIFICADORAS, TELEVISIÓN CUBANA, AUDIOVISUALES",0,"no tengo nada q decir del paquete ,sin palabras",cu,0,0,0,0,0,3,0,0,0,no tener nada q decir del paquete sin palabra
128d56a43115a5b90cc1f228ed905bd3,"TELEVISIÓN DIGITAL, CAJAS DECODIFICADORAS, TELEVISIÓN CUBANA, AUDIOVISUALES",0,"Todo eso está muy bien y la TV Digital es lo mejor del Mundo, pero hacen falta antenas, o los aditamentos para poder conectarse y además que no se vaya la señal cuando hay mal tiempo, etc.",cu,0,0,0,0,0,1,0,0,0,todo ese estar mucho bien y el tv digital ser él mejor del mundo pero hacer falta antena o el aditamento para poder conectar él y además que no él ir el señal cuando haber mal tiempo etc
c275d59912177cfe951970137f393e4f,"TELEVISIÓN DIGITAL, CAJAS DECODIFICADORAS, TELEVISIÓN CUBANA, AUDIOVISUALES",0,"muchos de los filmes y series que pasa la tele nacional, tambien salen del paquete",cu,0,0,0,0,0,0,0,0,0,mucho de el film y serie que pasar el tele nacional tambien salir del paquete
2ed359e717f883bcc45b985d84e874ca,"TELEVISIÓN DIGITAL, CAJAS DECODIFICADORAS, TELEVISIÓN CUBANA, AUDIOVISUALES",0,"Existe la posiblidad de el mismo contenido de la trasmision en HD trasmitirla por SD simultaneamente???? todo tememos derecho a disfrutar la TV sea de una calidad u otra.
Mugras gracias.",cu,0,4,0,0,0,0,1,0,0,existir el posiblidad de el mismo contenido de el trasmision en hd trasmitir él por sd simultaneamente todo temer derecho a disfrutar el tv ser de uno calidad u otro mugra gracias
d103d8cbf099a5eac806adba52f01da4,"TELEVISIÓN DIGITAL, CAJAS DECODIFICADORAS, TELEVISIÓN CUBANA, AUDIOVISUALES",0,Hola. en Cuadro a Cuadro la película Godzilla que se transmitió fue una copia de cine.. esa es un ejemplo .,cu,0,0,0,0,0,0,0,0,0,holar en cuadro a cuadro el película godzilla que él transmitir ser uno copia de cine ese ser uno ejemplo
84a53ae7c2d8cff86837265fb688f13d,"TELEVISIÓN DIGITAL, CAJAS DECODIFICADORAS, TELEVISIÓN CUBANA, AUDIOVISUALES",0,"Deberían apresurar las cajas con salida HDMI, por otra parte es totalmente cierto que el precio de una cajita es más del salario promedio mensual de los que trabajamos en Cuba.",cu,0,0,1,0,0,0,0,0,0,deber apresurar el caja con salida hdmi por otro parte ser totalmente cierto que el precio de uno cajita ser más del salario promedio mensual de el que trabajar en cuba
14c59cdb93e73e2b3d618476333a1809,"TELEVISIÓN DIGITAL, CAJAS DECODIFICADORAS, TELEVISIÓN CUBANA, AUDIOVISUALES",0,QUE VA HA PASAR CON LAS FAMILIAS QUE NO HAN PODIDO NI PUEDEN POR EL MOMENTO COMPRAR LA CAJITA,cu,0,0,13,0,0,2,0,0,0,que ir haber pasar con el familia que no haber poder ni poder por el momento comprar el cajita
3af8fbdaf1f744ab0584f51a835e7087,"TELEVISIÓN DIGITAL, CAJAS DECODIFICADORAS, TELEVISIÓN CUBANA, AUDIOVISUALES",0,"Discúlpame, en el caso de la entrada HDMI en tu TV, tu cajita debiera ser HD. Estas cajitas HD deben salir más adelante a la venta.",cu,0,0,1,0,0,0,0,0,0,discúlpamir en el caso de el entrada hdmi en tu tv tu cajita deber ser hd este cajita hd deber salir más adelante a el venta
071f6625b7de07e786eeb862e86af370,"TELEVISIÓN DIGITAL, CAJAS DECODIFICADORAS, TELEVISIÓN CUBANA, AUDIOVISUALES",0,"Porque no venden televisores de otra marca por ejemplo Samsung, pues esas marcas que venden y porqueria es lo mismo??????????",cu,0,10,0,0,0,1,1,0,0,porque no vender televisor de otro marca por ejemplo samsung pues ese marca que vender y porquerio ser él mismo
bed7340758de32819a3e6f382b9df0a3,"TELEVISIÓN DIGITAL, CAJAS DECODIFICADORAS, TELEVISIÓN CUBANA, AUDIOVISUALES",0,"Usted lo llama incompetencia, yo diría que me están hurtando mi dinero.",cu,0,0,0,0,0,0,0,0,0,usted él llamar incompetencio yo decir que yo estar hurtar mi dinero
7d37345be6d51be6c2cdbd2586813477,"TELEVISIÓN DIGITAL, CAJAS DECODIFICADORAS, TELEVISIÓN CUBANA, AUDIOVISUALES",0,"Yo creo que es demaciado tarde para enganchar con la TV cubana, llevo mas de 5 años sin verla y ahora mucho menos, asi que no hay solución",cu,0,0,0,0,0,2,0,0,0,yo creer que ser demaciar tarde para enganchar con el tv cubana llevar mas de 5 año sin ver él y ahora mucho menos asi que no haber solución
b098450c17363cb940cf35b4507573f8,"TELEVISIÓN DIGITAL, CAJAS DECODIFICADORAS, TELEVISIÓN CUBANA, AUDIOVISUALES",0,"Buenos días, dígame una cosa porque en la Provincia Artemisa no se ve el canal HD2 o es en todo el país, otra pregunta porque no ponen paquetes de programación para uno escojer o acaso eso no se puede, ejemplo pueden poner La Mochila con acceso a la TV Digital, vuelvo a preguntar se puede hacer???",cu,0,3,0,0,0,3,1,0,0,buen día dígame uno cosa porque en el provincia artemís no él ver el canal hd2 o ser en todo el país otro pregunta porque no poner paquete de programación para uno escojer o acaso ese no él poder ejemplo poder poner el mochila con acceso a el tv digital vuelvo a preguntar él poder hacer
a1e434e284688139873cbf93e4395096,"TELEVISIÓN DIGITAL, CAJAS DECODIFICADORAS, TELEVISIÓN CUBANA, AUDIOVISUALES",0,suban el salrio y despues hablamos de cajita,cu,0,0,0,0,0,0,0,0,0,subir el salrio y despues  hablar de cajita
fb623de9bd246b438d946a2e25129eb2,"TELEVISIÓN DIGITAL, CAJAS DECODIFICADORAS, TELEVISIÓN CUBANA, AUDIOVISUALES",0,"esos que copian esos materiales no son mas que ""delicuentes ciberneticos"" que lucran con las pertenencia y propiedades ajenas a la vista de todas las autoridades. Los musicos, artistas y demas intelectuales afectados deberiamos protestar por semejante ataque a la propiedad intelectual.",cu,0,0,0,0,0,1,0,2,0,ese que copiar ese material no ser mas que delicuent cibernetico que lucrar con el pertenencia y propiedad ajeno a el vista de todo el autoridad el musico artista y dema intelectual afectado deberiam tú protestar por semejante ataque a el propiedad intelectual
0ce98ff9607764b21121f77f28a06d93,"TELEVISIÓN DIGITAL, CAJAS DECODIFICADORAS, TELEVISIÓN CUBANA, AUDIOVISUALES",0,"Pongan de todo. Realities, seies, mesa redondas, pelis grandiosas, mediocres; en fin Y DEJEN QUE LAS PERSONAS ESCOJAN LO QUE QUIERAN. NO IMPONGAN GUSTOS. Si un programa es bueno o no es una elcción personal. Lo que para mi puede ser maravilloso para otra persona puede ser una porquería y viceversa.",cu,0,0,9,0,0,2,0,0,0,poner de todo realiti seies més redondo peli grandioso mediocr en fin y dejen que el persona escoger él que querer no imponer gusto si uno programa ser bueno o no ser uno elcción personal él que para mi poder ser maravilloso para otro persona poder ser uno porquería y viceversar
c9dcdcb9b5281c50e7bf45551d7f7f1a,"TELEVISIÓN DIGITAL, CAJAS DECODIFICADORAS, TELEVISIÓN CUBANA, AUDIOVISUALES",0,Quisiera que se diera una explicación sobre la situación de los precios de las cajas es algo que está en boca de todos. Ahora que la población ya puede navegar en internet todos están viendo como esas mismas cajas se venden a precios muy inferiores ¿por qué son tan caras para los cubanos?,cu,0,2,0,0,0,0,0,0,0,quisierar que él dar uno explicación sobre el situación de el precio de el caja ser algo que estar en boca de todo ahora que el población ya poder navegar en internet todo estar ver como ese mismo caja él vender a precio mucho inferior por qué ser tanto caro para el cubano
2bb21c500923b076e0c9897c96f3a6be,"TELEVISIÓN DIGITAL, CAJAS DECODIFICADORAS, TELEVISIÓN CUBANA, AUDIOVISUALES",0,"Eso esta muy bien si todos los trabajadores pudieramos acceder a ese equipo tan desarrolado, no creo que con ese precio los que se lo merecen puedan obtenerlo, deberian de pensar en eso.",cu,0,0,0,0,0,1,0,0,0,ese este mucho bien si todo el trabajador pudierar acceder a ese equipo tanto desarrolado no creer que con ese precio el que él él merecer poder obtener él deberiar de pensar en ese
b4f3d7d773c81bfc1a2b65ecd2ffa91a,"TELEVISIÓN DIGITAL, CAJAS DECODIFICADORAS, TELEVISIÓN CUBANA, AUDIOVISUALES",0,"Las cajas estan caras, y para que el tiene los 49.95 para comprarla no hay en las tiendas con HD que es la que quiero cuando generalizaran la venta a todas las tiendas del pais?",cu,0,1,0,0,0,1,0,0,0,el caja estar cara y para que el tener el 49 95 para comprar él no haber en el tienda con hd que ser el que querer cuando generalizar el venta a todo el tienda del pais
2c0e78a3ca0f51ed52cdad7d9b698be3,"TELEVISIÓN DIGITAL, CAJAS DECODIFICADORAS, TELEVISIÓN CUBANA, AUDIOVISUALES",0,no sé porque razón si el interés es que todos cambien no dejan sacara créditos para la compra de las mismas,cu,0,0,0,0,0,2,0,0,0,no saber porque razón si el interés ser que todo cambiar no dejar sacar crédito para el compra de el mismo
5cd8024d28cc98acdb7b9d86f0035ff6,"TELEVISIÓN DIGITAL, CAJAS DECODIFICADORAS, TELEVISIÓN CUBANA, AUDIOVISUALES",0,deben reconsiderar un poco el precio para asi mayor cantidad de personas poder tener acceso a tentadora propuesta,cu,0,0,0,0,0,0,0,0,0,deber reconsiderar uno poco el precio para asi mayor cantidad de persona poder tener acceso a tentadoro propuesta
323e7f4b75d1e0bbea633a35c163047a,"TELEVISIÓN DIGITAL, CAJAS DECODIFICADORAS, TELEVISIÓN CUBANA, AUDIOVISUALES",0,"NO ENTIENDO UNA COSA MI MUNICIPIO ESTA EN LA ZONA DE COBERTURA DE LA TV DIGITAL Y TODAVIA NO LA RESIVIMOS QUE PASA, QUE ALGUIEN ME ESPLIQUE PORQUE NO ENTIENDO????????????????",cu,0,16,17,0,0,3,1,0,0,no entender uno cosa mi municipio este en el zona de cobertura de el tv digital y todavia no él resivimo que pasar que alguien yo esplicar porque no entender
8f9d358bb798d34c1693abc373bf3e6e,"TELEVISIÓN DIGITAL, CAJAS DECODIFICADORAS, TELEVISIÓN CUBANA, AUDIOVISUALES",0,¡NO por favor! comerciales no! que todavia recuerdo la TV cdo los ponían!!,cu,5,0,0,0,0,2,0,0,0,no por favor comercial no que todaviir recordar el tv cdo él poner
3e12cd14a202d7a09fa0130c12e948e3,"TELEVISIÓN DIGITAL, CAJAS DECODIFICADORAS, TELEVISIÓN CUBANA, AUDIOVISUALES",0,Espero que estas tecnologias nuevas sean para el total agrado y saticfaccion de la poblacion,cu,0,0,0,0,0,0,0,0,0,esperar que este tecnologia nuevo ser para el total agrado y saticfaccion de el poblacion
2a97c63667e3819b6b44ee42c6b1241c,"TELEVISIÓN DIGITAL, CAJAS DECODIFICADORAS, TELEVISIÓN CUBANA, AUDIOVISUALES",0,¿Dónde se pueden adquirir los componentes plasticos de las antenas para la reparación de las mismas en nuestras casas?,cu,0,2,0,0,0,0,0,0,0,dónde él poder adquirir el componente plastico de el antena para el reparación de el mismo en nuestro casa
7198513641f4ee2ec6a37e3331312727,"TELEVISIÓN DIGITAL, CAJAS DECODIFICADORAS, TELEVISIÓN CUBANA, AUDIOVISUALES",0,considero que es muy bueno el adelanto tecnologico pero quisiera que valoren la posibilidad de ofertar las cajita por la via de creditos par poder acceder a los mismos.,cu,0,0,0,0,0,0,0,0,0,considerar que ser mucho bueno el adelanto tecnologico pero quisierar que valorar el posibilidad de ofertar el cajita por el via de credito par poder acceder a el mismo
9ff8238c83bed105c2676a6a1582ca42,"TELEVISIÓN DIGITAL, CAJAS DECODIFICADORAS, TELEVISIÓN CUBANA, AUDIOVISUALES",0,"Cabe preguntarse cuando el país va a tomar acciones para satisfacer este mercado y prestar servicios de tv pagado o similares????? Por qué las personas no capasitadas para esto en ocaciones, lo hacen, y no lo puede hacer una empresa estatal con dichas funciones????",cu,0,9,0,0,0,2,2,0,0,caber preguntar él cuando el país ir a tomar acción para satisfacer este mercado y prestar servicio de tv pagado o similar por qué el persona no capasitada para este en ocación él hacer y no él poder hacer uno empresa estatal con dicho función
06483f9fc0bdc47c58e485e3e414d1e0,"TELEVISIÓN DIGITAL, CAJAS DECODIFICADORAS, TELEVISIÓN CUBANA, AUDIOVISUALES",0,"Interesantícima polémica. Sin dudas hay mucho que decir en relación a la recreación a traves de audiovisuales, eso nos da muchas erramientas para el trabajo del día a día a los educadores.",cu,0,0,0,0,0,1,0,0,0,interesantícimar polémica sin duda haber mucho que decir en relación a el recreación a traves de audiovisual ese yo dar mucho erramienta para el trabajo del día a día a el educador
00992c77fb2d417d99b95025768997a4,"TELEVISIÓN DIGITAL, CAJAS DECODIFICADORAS, TELEVISIÓN CUBANA, AUDIOVISUALES",0,"En analógica hay que perseguir a Teleavances, y así y todo, a la hora de los mameyes, la programación cambia.",cu,0,0,0,0,0,0,0,0,0,en analógica haber que perseguir a teleavanz y así y todo a el hora de el mamey el programación cambiar
baa770fe12d93787bbf5714f9c95df3f,"TELEVISIÓN DIGITAL, CAJAS DECODIFICADORAS, TELEVISIÓN CUBANA, AUDIOVISUALES",0,comentem en el foro s alguien sabe cuando sacaran a ala venta las cajas android,cu,0,0,0,0,0,0,0,0,0,comentem en el foro s alguien saber cuando sacar a ala venta el caja android
a1f8242f8030366fcf5168bc296821d1,"TELEVISIÓN DIGITAL, CAJAS DECODIFICADORAS, TELEVISIÓN CUBANA, AUDIOVISUALES",0,"esto desmuestra que la población está dispuesta a pagar por un servicio de TV de calidad, es hora del que el país tome acción en esto y se empiece aprestar este servicio.",cu,0,0,0,0,0,0,0,0,0,este desmuestrar que el población estar dispuesto a pagar por uno servicio de tv de calidad ser hora del que el país tomar acción en este y él empiecir aprestar este servicio
abbb5b744532e814b8fbb78c76405a7b,"TELEVISIÓN DIGITAL, CAJAS DECODIFICADORAS, TELEVISIÓN CUBANA, AUDIOVISUALES",0,"Coincido 100% con Abel Prieto conque el paquete no debe prohibirse ya que en mi caso particular veo series y novelas que a un número importante de personas le gusta, lo que si no comparto son los programas de participación , pero como dice el refrán : para gustos se han hecho los colores.",cu,0,0,0,0,0,2,0,0,0,coincido 100 con abel prieto concar el paquete no deber prohibir él ya que en mi caso particular ver serie y novela que a uno número importante de persona él gustar él que si no compartir ser el programa de participación pero como decir el refrán para gusto él haber hacer el color
edd12fb453ad026a632d958f0f91f8c1,"TELEVISIÓN DIGITAL, CAJAS DECODIFICADORAS, TELEVISIÓN CUBANA, AUDIOVISUALES",0,"No me parece que los precios sean los adecuados para poder disfrutar de la televisión digital. En comparación con los salarios de la media de cubanos, las cajitas tienen un costo de escandalo, luego de los proyectos de venderlas a 14 pesos en moneda nacional, cambiaron de idea? Otra vez nos alejamos del sueño anhelado de la tecnología.",cu,0,1,0,0,0,1,0,0,0,no yo parecer que el precio ser el adecuado para poder disfrutar de el televisión digital en comparación con el salario de el media de cubano el cajita tener uno costo de escandalo luego de el proyecto de venderla a 14 pesos en moneda nacional cambiar de idea otro vez yo alejar del sueño anhelado de el tecnología
99e33dccd963a16a975b16e0286cc4ae,"TELEVISIÓN DIGITAL, CAJAS DECODIFICADORAS, TELEVISIÓN CUBANA, AUDIOVISUALES",0,51 705 cajas decodificadoras donadas por el gobierno chino,cu,0,0,0,0,0,0,0,0,0,51 705 caja decodificadora donado por el gobierno chino
5413053f14e6a2050a0fb50c8a5a0796,"TELEVISIÓN DIGITAL, CAJAS DECODIFICADORAS, TELEVISIÓN CUBANA, AUDIOVISUALES",0,ME GUSTARIA SABER DONDE SE PUEDEN REPARAR LAS CAJITAS QUE YA ESTAN FUERA D ELA GARANTIA. GRACIAS DE ANTEMANO POR LA RESPUESTA,cu,0,0,16,0,0,0,0,0,0,yo gustario saber donde él poder reparar el cajita que ya estar fuera d ela garantiar gracia de antemano por el respuesta
8aa0b2f29108f476b6e9ec76a4348c30,"TELEVISIÓN DIGITAL, CAJAS DECODIFICADORAS, TELEVISIÓN CUBANA, AUDIOVISUALES",0,Y cuando es que comenzara a vender las cajitas androide Amigos de LACETEL,cu,0,0,1,0,0,0,0,0,0,y cuando ser que comenzar a vender el cajita androidir amigo de lacetel
ab2b9fedc9884f1a41dbb606b113ce9b,"TELEVISIÓN DIGITAL, CAJAS DECODIFICADORAS, TELEVISIÓN CUBANA, AUDIOVISUALES",0,"Que casualidad, ud cobra lo mismo que Lara.
No espere que le vayan a regalar nada, trabaje y ahorre como hacen en los demás países",cu,0,0,0,0,0,2,0,0,0,que casualidad ud cobrar él mismo que lar no esperar que él ir a regalar nada trabaje y ahorre como hacer en el demás país
4a38f5701ebc98d42e0da985519e0e73,"TELEVISIÓN DIGITAL, CAJAS DECODIFICADORAS, TELEVISIÓN CUBANA, AUDIOVISUALES",0,Es una opcion necesaria para el acceso al entretenimiento de todos los Cubanos con independencia de los gustos de cada cual.,cu,0,0,0,0,0,0,0,0,0,ser uno opcion necesario para el acceso al entretenimiento de todo el cubano con independencia de el gusto de cada cual
64daa43298af6f03fb22a426671ff327,"TELEVISIÓN DIGITAL, CAJAS DECODIFICADORAS, TELEVISIÓN CUBANA, AUDIOVISUALES",0,"Hasta cuando vamos a tener la doble moneda y con un valor de 25.00 pesos en CUP contra /1.00 CUC, muchas personas no pueden adquirir la caja decodificadora , entonces ellos no pueden ver la TV digital, y el precio de los mando de control universal no se encuentran en ese precio de 5.00 CUC en la TRD",cu,0,0,4,0,0,3,0,0,0,hasta cuando ir a tener el doble moneda y con uno valor de 25 00 pesos en cup contra 1 00 cuc mucho persona no poder adquirir el caja decodificadoro entonces él no poder ver el tv digital y el precio de el mando de control universal no él encontrar en ese precio de 5 00 cuc en el trd
d5bfb738c08a1f8d43b7ded53eda47c2,"TELEVISIÓN DIGITAL, CAJAS DECODIFICADORAS, TELEVISIÓN CUBANA, AUDIOVISUALES",0,"Las cajas decodificadoras poseen salidas en distintos tipos de interfaces (HDMI, A/V, YPbPr o RF en los canales 3 y 4) siempre y cuando la tarjeta de captura posea alguna entrada de los tipos mencionados, se debe poder grabar lo que recibe la caja.",cu,0,0,1,0,0,0,0,0,0,el caja decodificadora poseer salida en distinto tipo de interfaz hdmi a v ypbpr o rf en el canal 3 y 4 siempre y cuando el tarjeta de captura poseer alguno entrada de el tipo mencionado él deber poder grabar él que recibir el caja
a33db671d23082dd17ae0b30f74c0fe3,"TELEVISIÓN DIGITAL, CAJAS DECODIFICADORAS, TELEVISIÓN CUBANA, AUDIOVISUALES",0,"El paquete tiene de todo, para que hablar tanto, al cubano le gusta y ya lo han dicho: tenemos la posibilidad de escoger los programas que nos gusten. Es verdad que la mayoría es chatarra pero son 1000 GB, me parese que se puede elegir.",cu,0,0,0,0,0,0,1,0,0,el paquete tener de todo para que hablar tanto al cubano él gustar y ya él haber decir tener el posibilidad de escoger el programa que yo gustar ser verdad que el mayoría ser chatarra pero ser 100 gb yo paresir que él poder elegir
d3dfc738bbedc1d2439c94c43dab4875,"TELEVISIÓN DIGITAL, CAJAS DECODIFICADORAS, TELEVISIÓN CUBANA, AUDIOVISUALES",0,Pues tambien deben aumentar el salario de los cubanos porque es muy poco,cu,0,0,0,0,0,0,0,0,0,pues tambien deber aumentar el salario de el cubano porque ser mucho poco
fdc426ccf26b26d21238dede3a51f866,"TELEVISIÓN DIGITAL, CAJAS DECODIFICADORAS, TELEVISIÓN CUBANA, AUDIOVISUALES",0,"ehem, el paquete no es el unico paquete que anda por ahi.",cu,0,0,0,0,0,1,0,0,0,ehem el paquete no ser el unico paquete que andar por ahi
17b4850388718fdadf020b6b7acfa214,"TELEVISIÓN DIGITAL, CAJAS DECODIFICADORAS, TELEVISIÓN CUBANA, AUDIOVISUALES",0,Cuando se puede llevar una caja Konka para ver si la pueden reparar y no ser necesario el cambio total de placa. La mía la he llevado al taller de Holguín y no tengo respuesta,cu,0,0,0,0,0,2,0,0,0,cuando él poder llevar uno caja konko para ver si él poder reparar y no ser necesario el cambio total de placa el mía él haber llevar al taller de holguín y no tener respuesta
6317a74e1f33af240600338b6f97c0e0,"TELEVISIÓN DIGITAL, CAJAS DECODIFICADORAS, TELEVISIÓN CUBANA, AUDIOVISUALES",0,"MUY DE ACUERDO con lo que dice Rolando Perez Betancourt, muchas personas, piensan asi con lo que el plantea",cu,0,0,2,0,0,0,0,0,0,mucho de acuerdo con él que decir rolar perez betancourt mucho persona pensar asi con él que el plantear
914a91d3c3a4922ed12e1cb0593106e1,"TELEVISIÓN DIGITAL, CAJAS DECODIFICADORAS, TELEVISIÓN CUBANA, AUDIOVISUALES",0,Necesitamos saber cuándo en Granma específicamente el municipio Buey Arriba se podrá acceder a la TV digital.,cu,0,0,0,0,0,0,0,0,0,necesitar saber cuándo en granma específicamente el municipio buey arriba él poder acceder a el tv digital
4f99968648a7b5d2ecbac18b509d330a,"TELEVISIÓN DIGITAL, CAJAS DECODIFICADORAS, TELEVISIÓN CUBANA, AUDIOVISUALES",0,Solo espero que ahora no maten el mensajero como casi siempre pasa.,cu,0,0,0,0,0,1,0,0,0,solo esperar que ahora no matir el mensajero como casi siempre pasar
6f9402583d9a45585d748804bcd677a3,"TELEVISIÓN DIGITAL, CAJAS DECODIFICADORAS, TELEVISIÓN CUBANA, AUDIOVISUALES",0,"Que miedo a ke la gente vea, lea o escuche lo que le de su reverenda gana!!!! Internet, TV por cable, radio internacional y cuanto la gente desee..; porque alguien me tiene que decir que es lo que tngo o no tngo que ver; por favor estamos en el siglo XXI",cu,4,0,1,0,0,1,1,0,0,que miedo a ke el gente vea lea o escuche él que él de su reverenda ganar internet tv por cable radio internacional y cuanto el gente desear porque alguien yo tener que decir que ser él que tnguir o no tngo que ver por favor estar en el siglo xxi
b3b9dbc71df41f1138d8f7eb2098f291,"TELEVISIÓN DIGITAL, CAJAS DECODIFICADORAS, TELEVISIÓN CUBANA, AUDIOVISUALES",0,Imposible q no sepan la procedencia del dicho paquete solo tienen que buscar personas con acceso a internet de banda ancha pq un simple mortal con la wifi etecsa o otro acceso a internet de los comunes ni dos annos le alcanzan para descargar los teras de informacion q trae el paquete..,cu,0,0,0,0,0,2,0,0,0,imposible q no saber el procedencia del dicho paquete solo tener que buscar persona con acceso a internet de banda ancho pq uno simple mortal con el wifi etecsa o otro acceso a internet de el común ni dos anno él alcanzar para descargar el tera de informacion q traer el paquete
9cb1509f5c995b9a225dbecae881823b,"TELEVISIÓN DIGITAL, CAJAS DECODIFICADORAS, TELEVISIÓN CUBANA, AUDIOVISUALES",0,"Esta respuesta es muy general, seguimos sin tener la mas remota idea de cuando podremos tener señal digital de HD en Holguín y el resto del país, ni siquiera un estimado y esta iformacion es importante a la hora de dicidir el tipo de decodificador a comprar.",cu,0,0,0,0,0,2,0,0,0,este respuesta ser mucho general seguir sin tener el mas remoto idea de cuando poder tener señal digital de hd en holguín y el resto del país ni siquiera uno estimado y este iformacion ser importante a el hora de dicidir el tipo de decodificador a comprar
dd1efc130c8b204a2bc44f992c65262e,"TELEVISIÓN DIGITAL, CAJAS DECODIFICADORAS, TELEVISIÓN CUBANA, AUDIOVISUALES",0,"Hola, no se si empezó el foro debate ya, pero quisiera saber si hay varias cajas que son de producción nacional porque cuestan lo mismo que las de importación y no son mas baratas?",cu,0,1,0,0,0,2,0,0,0,holar no él si empezar el foro debate ya pero quisiera saber si haber varios caja que ser de producción nacional porque costar él mismo que el de importación y no ser mas barato
83987f8fc9fb0b08727de2e70eba0eb5,"TELEVISIÓN DIGITAL, CAJAS DECODIFICADORAS, TELEVISIÓN CUBANA, AUDIOVISUALES",0,"La antena que se observa es para acceso a Wi-Fi, es decir, es necesaria la conección de una antena para poder recibir la señal de la TV Digital.",cu,0,0,0,0,0,0,0,0,0,el antena que él observar ser para acceso a wi fi es decir ser necesario el conección de uno antena para poder recibir el señal de el tv digital
6a88bad538de2b30cec22ae449ca6f65,"TELEVISIÓN DIGITAL, CAJAS DECODIFICADORAS, TELEVISIÓN CUBANA, AUDIOVISUALES",0,VIVA EL PAQUETE SEMANAL QUE ES LO UNICO QUE SE PUEDE VER Y NOS RELAJA DESPUES DE UN DIA DE TRABAJO O ESTUDIO.ABAJO LOS CRITICONES QUE SON LOS PRIMEROS EN COPIAR PELICULITAS.,cu,0,0,23,0,0,0,0,0,0,vivir el paquete semanal que ser él unico que él poder ver y yo relajar despues de uno dia de trabajo o estudio abajo el criticón que ser el primero en copiar peliculita
24162fbc957c8c33e23e22f994cfc44d,"TELEVISIÓN DIGITAL, CAJAS DECODIFICADORAS, TELEVISIÓN CUBANA, AUDIOVISUALES",0,"Si se refiere a Arroyo Naranjo municipio de La Habana, la respuesta es afirmativa, como todos los municipios de la capital. ",cu,0,0,0,0,0,0,0,0,0,si él referir a arroyo naranjo municipio de el habana el respuesta ser afirmativo como todo el municipio de el capital
d2541963f6140fe80769c0fb7eb2525b,"TELEVISIÓN DIGITAL, CAJAS DECODIFICADORAS, TELEVISIÓN CUBANA, AUDIOVISUALES",0,"En la tv cubana, trasmiten por el canal multivisión casi todos los documentales que vienen cada semana en el famoso paquete, asi como las peliculas que contiene, lo cual hace que tambien la tv sea participe de esto",cu,0,0,0,0,0,0,0,0,0,en el tv cubana trasmitir por el canal multivisión casi todo el documental que venir cada semana en el famoso paquete asi como el pelicula que contener él cual hacer que tambien el tv ser participe de este
2e672ec39e1d71a6baf66290e119d615,"TELEVISIÓN DIGITAL, CAJAS DECODIFICADORAS, TELEVISIÓN CUBANA, AUDIOVISUALES",0,Pero.no entendí nada. Eso no es para Cuba. Para qué la noticia??????,cu,0,6,0,0,0,3,1,0,0,pero no entender nada ese no ser para cuba para qué el noticia
507d0a5718f4bbf18f63a24d76373bdd,"TELEVISIÓN DIGITAL, CAJAS DECODIFICADORAS, TELEVISIÓN CUBANA, AUDIOVISUALES",0,Un gran reto enfrentado por nuestra economía. Hago votos porque todos estos proyectos salgan muy bien para beneficio de todo el país y el pueblo en general.,cu,0,0,0,0,0,0,0,0,0,uno gran reto enfrentado por nuestro economía hacer voto porque todo este proyecto salir mucho bien para beneficio de todo el país y el pueblo en general
321a0c310401e346e1a23d9193b817b6,"TELEVISIÓN DIGITAL, CAJAS DECODIFICADORAS, TELEVISIÓN CUBANA, AUDIOVISUALES",0,si estamos luchando por unificar la moneda por qué todo tiene que ser en CUC y por qué no en moneda nacional y con un precio que podamos tener acceso los que vivimos de nuestro salario hasta cuando vamos a vivir ajenos al desarrollo por culpa de los precios,cu,0,0,1,0,0,1,0,0,0,si estar luchar por unificar el moneda por qué todo tener que ser en cuc y por qué no en moneda nacional y con uno precio que poder tener acceso el que vivir de nuestro salario hasta cuando ir a vivir ajeno al desarrollo por culpa de el precio
243158f85a69b2634205f8322957ca8b,"TELEVISIÓN DIGITAL, CAJAS DECODIFICADORAS, TELEVISIÓN CUBANA, AUDIOVISUALES",0,"quiero saber si eso sirve para todos los rptos de la capital, yo vivo en plaza, calle 42 entre 36 y ave zoologico N vedado",cu,0,0,0,0,0,0,0,0,0,querer saber si ese servir para todo el rpto de el capital yo vivo en plaza calle 42 entre 36 y ave zoologico n vedado
bee5c93eb6358adefeeadccc6c93b403,"TELEVISIÓN DIGITAL, CAJAS DECODIFICADORAS, TELEVISIÓN CUBANA, AUDIOVISUALES",0,Y se te olvido Internet!!!,cu,3,0,0,0,0,0,1,0,0,y él tú olvir internet
063d14507b8b9e93b7ff1a44455d28f0,"TELEVISIÓN DIGITAL, CAJAS DECODIFICADORAS, TELEVISIÓN CUBANA, AUDIOVISUALES",0,"Ultimamente parace que la TV Cubana también está consumiendo el paquete.
Ya van muchas ocasiones en que la pelicula del sábado, o cualquiera de la programación de madrugada ya la he visto gracias al paquete semanas antes. Es bastante frustante. ",cu,0,0,0,0,0,0,0,0,0,ultimamente paracir que el tv cubano también estar consumir el paquete ya ir mucho ocasión en que el pelicula del sábado o cualquiera de el programación de madrugada ya él haber ver gracias al paquete semana antes ser bastante frustante
54684e6bcf15b76e0242fc9adb69571e,"TELEVISIÓN DIGITAL, CAJAS DECODIFICADORAS, TELEVISIÓN CUBANA, AUDIOVISUALES",0,Donde se pueden adquirir las antenas para interiores y cual es el precio de las mismas,cu,0,0,0,0,0,0,0,0,0,donde él poder adquirir el antena para interior y cual ser el precio de el mismo
17db644e74aa792faee7a21ff10fe121,"TELEVISIÓN DIGITAL, CAJAS DECODIFICADORAS, TELEVISIÓN CUBANA, AUDIOVISUALES",0,un absurso comparar la red de redes con el paquete y mucho mas pensar que lo pueda sustituir pudiera ser el pensamiento de alguien que conoce a pocas lo que es Internet y sus bondades,cu,0,0,0,0,0,0,0,0,0,uno absurso comparar el red de red con el paquete y mucho mas pensar que él poder sustituir poder ser el pensamiento de alguien que conocer a pocas él que ser internet y su bondad
6575e51b4bfdb3ac02be92d4f2270dae,"TELEVISIÓN DIGITAL, CAJAS DECODIFICADORAS, TELEVISIÓN CUBANA, AUDIOVISUALES",0,"Gracias por la foto, pero al observar el frente de su estuche, no veo el DVD Kedeli o Parker, a menos que venga por detras. SAber si se preve que estos mandos pueden tener funsión de inserción de códigos para abarcar asi otros moldeos de DVD, TV y Cajita.",cu,0,0,2,0,0,1,0,0,0,gracia por el foto pero al observar el frente de su estuche no ver el dvd kedeli o parker a menos que venir por detras saber si él prevar que este mando poder tener funsión de inserción de código para abarcar asi otro moldeo de dvd tv y cajita
3a7f51a11daa780180f0cc93f9f7208e,"TELEVISIÓN DIGITAL, CAJAS DECODIFICADORAS, TELEVISIÓN CUBANA, AUDIOVISUALES",0,Deberían revisar que el servicio de internet de la Universidad de la Habana no se utilice por los proveedores para descargar material audiovisual. Es conocido que los estudiantes tienen constantes e inesplicables interrupciones en este servicio y esto da mucho de que pensar.,cu,0,0,0,0,0,1,0,0,0,deber revisar que el servicio de internet de el universidad de el habana no él utilizar por el proveedor para descargar material audiovisual ser conocer que el estudiante tener constante e inesplicabl interrupción en este servicio y este dar mucho de que pensar
6a4b29b1447e819a435c33c24ef86658,"TELEVISIÓN DIGITAL, CAJAS DECODIFICADORAS, TELEVISIÓN CUBANA, AUDIOVISUALES",0,"De acuerdo contigo, cuando mi conexión es lenta en la oficina me pregunto qué capitulo estarán descargando y de qué serie, en fin!",cu,1,0,0,0,0,0,0,0,0,de acuerdo tú cuando mi conexión ser lento en el oficina yo preguntar qué capitulo estar descargar y de qué serie en fin
69df474db2793f1973b552ef112a78a5,"TELEVISIÓN DIGITAL, CAJAS DECODIFICADORAS, TELEVISIÓN CUBANA, AUDIOVISUALES",0,"El paquete esta muy bueno,tienen que agregarle mas cosas interesante",cu,0,0,0,0,0,0,0,0,0,el paquete este mucho bueno tener que agregar él mos cosa interesante
f67b2b21a6125e6894c5421f67185edc,"TELEVISIÓN DIGITAL, CAJAS DECODIFICADORAS, TELEVISIÓN CUBANA, AUDIOVISUALES",0,"Anibal te falto decir que en el horario de madrugada ponen comedias y en los horarios diurnos son repetidas.
¿Por que no repiten las peliculas en ese horario y las ponen primero por el dia y horario de mas audiencia?
Es que hay mucho que decir.",cu,0,2,0,0,0,1,0,0,0,anibal tú faltar decir que en el horario de madrugada poner comedia y en el horario diurno ser repetir por que no repetir el pelicula en ese horario y él poner primero por el dia y horario de ma audiencia ser que haber mucho que decir
f655e2b087d5392e637503e82f0a3f57,"TELEVISIÓN DIGITAL, CAJAS DECODIFICADORAS, TELEVISIÓN CUBANA, AUDIOVISUALES",0,"Eso es lo que estaba esperando, que salieran a la venta las cajas de HD, ahora sí voy a comprarme mi cajita, por cierto esos mapas de cobertura están inexactos, razón, en el lugar donde vivo la tv digital se recepciona excelentemente, y en ese mapa aparece como que está fuera de cobertura de señal.",cu,0,0,0,0,0,0,0,0,0,ese ser él que estar esperar que salir a el venta el caja de hd ahora sí ir a comprar yo mi cajita por cierto ese mapa de cobertura estar inexacto razón en el lugar donde vivir el tv digital él recepcionar excelentemente y en ese mapa aparecer como que estar fuera de cobertura de señal
e373b9cbf6d0c9c88be888b060211339,"TELEVISIÓN DIGITAL, CAJAS DECODIFICADORAS, TELEVISIÓN CUBANA, AUDIOVISUALES",0,"Actualmente toda la capital cuenta con cobertura de TVD. En la zona que menciona debe recibirse con mayor intensidad el canal 48, que transmite desde el Habana Libre.",cu,0,0,1,0,0,0,0,0,0,actualmente todo el capital contar con cobertura de tvd en el zona que mencionar deber recibir él con mayor intensidad el canal 48 que transmitir desde el habana libre
3cc914036033de20acce825c284d32ee,"TELEVISIÓN DIGITAL, CAJAS DECODIFICADORAS, TELEVISIÓN CUBANA, AUDIOVISUALES",0,"mi herma si comprastes una caja HD y no trae el cable HDMI son dos cosas: o la caja no trase salida HDMI o se robaron el cable, reclama, saludos",cu,0,0,2,0,0,2,0,0,0,mi herma si comprast uno caja hd y no traer el cable hdmi ser dos cosa o el caja no trar salida hdmi o él robar el cable reclamar saludo
c8cf6a582728ca36cafe79ab70764c05,"TELEVISIÓN DIGITAL, CAJAS DECODIFICADORAS, TELEVISIÓN CUBANA, AUDIOVISUALES",0,"Nadie habla de que ningún trabajador cubano y mucho menos un jubilado puede ni tan siquiera soñar con comprar un TV que nadie se explica por que vale 400cuc!!!!, da lo mismo si viene de China o si se ensambló en Cuba.",cu,4,0,0,0,0,4,1,0,0,nadie hablar de que ninguno trabajador cubano y mucho menos uno jubilado poder ni tan siquiera soñar con comprar uno tv que nadie él explicar por qu e valer 400cuc dar él mismo si venir de china o si él ensamblar en cuba
0c45af526cace44143d98592913d73ab,"TELEVISIÓN DIGITAL, CAJAS DECODIFICADORAS, TELEVISIÓN CUBANA, AUDIOVISUALES",0,"¿Porque mi cajita decodificadora marca Runch (HD) no puede grabar un canal y transmitir otro canal a la vez, cuando la de un pariente mio lo puede hacer aunque es de otra marca pero tienen las mismas caracteristicas?, espero su pronta respuesta, gracias.",cu,0,2,0,0,0,1,0,0,0,porque mi cajita decodificadoro marca runch hd no poder grabar uno canal y transmitir otro canal a el vez cuando el de uno pariente mio él poder hacer aunque ser de otro marca pero tener el mismo caracteristica esperar su pronto respuesta gracias
a41a967529af2c6779b0d3a876118c20,"TELEVISIÓN DIGITAL, CAJAS DECODIFICADORAS, TELEVISIÓN CUBANA, AUDIOVISUALES",0,"Hablando de importacion como es posible que un televisor en china pantalla plana y de 32 pulgadas, cueste alrededor de 120 o 150 dolares y eso es informacion fresquita.",cu,0,0,0,0,0,0,0,0,0,hablar de importacion como ser posible que uno televisor en chino pantalla plano y de 32 pulgada cueste alrededor de 120 o 150 dolar y ese ser informacion fresquito
3da03130e14eb7162ac3415b79d54c3f,"TELEVISIÓN DIGITAL, CAJAS DECODIFICADORAS, TELEVISIÓN CUBANA, AUDIOVISUALES",0,El problema de la tv cubana es que en los horarios estelares de 6:00 pm a 10:00 pm uno por más que cambie el canal le resulta difícil encontrar algo atractivo que ver.,cu,0,0,0,0,0,0,0,0,0,el problema de el tv cubano ser que en el horario estelar de 6 00 pm a 10 00 pm uno por más que cambiar el canal él resultar difícil encontrar algo atractivo que ver
f3192065294878136b4bee13fbb5302d,"TELEVISIÓN DIGITAL, CAJAS DECODIFICADORAS, TELEVISIÓN CUBANA, AUDIOVISUALES",0,me parece todo bien solo quisiera saber si sera un precio accesible la nueva caja descodificadora.recuerden el salario de los consumidores.un saludo,cu,0,0,0,0,0,0,0,0,0,yo parecer todo bien solo querer saber si sera uno precio accesible el nuevo caja descodificadoro recuerdir el salario de el consumidor uno saludo
e8762f29b2a0fbc326278994522a7953,"TELEVISIÓN DIGITAL, CAJAS DECODIFICADORAS, TELEVISIÓN CUBANA, AUDIOVISUALES",0,ahora loque se lleva es el WoW,cu,0,0,0,0,0,0,0,0,0,ahora locar él llevar ser el wow
71a1ece28380e0db66d04e7a856372c2,"TELEVISIÓN DIGITAL, CAJAS DECODIFICADORAS, TELEVISIÓN CUBANA, AUDIOVISUALES",0,muchas gracias cubadebate por la informacion detallada que nos brindan a todos,cu,0,0,0,0,0,0,0,0,0,mucho gracia cubadebate por el informacion detallado que yo brindar a todo
e83131e0b63153c07468480bf807d3be,"TELEVISIÓN DIGITAL, CAJAS DECODIFICADORAS, TELEVISIÓN CUBANA, AUDIOVISUALES",0,La television cubana debe mejorar muchisimo sus ofertas para que pueda competir (que no creoque se logre) con el paquete.,cu,0,0,0,0,0,1,0,0,0,el television cubano deber mejorar muchisimo su oferta para que poder competir que no creocar él lograr con el paquete
c9dd49ced215c5eb6053f69a5b83e564,"TELEVISIÓN DIGITAL, CAJAS DECODIFICADORAS, TELEVISIÓN CUBANA, AUDIOVISUALES",0,"El gran problema es el altísimo costo de las dichosas cajitas, el precio es es inalcanzable para el que viva solamente de su salario, los que roban y andan en el invento y tienen familia en el extranjero no tendrán problemas para comprarlas.",cu,0,0,0,0,0,1,0,0,0,el gran problema ser el altísimo costo de el dichosa cajita el precio ser ser inalcanzable para el que vivir solamente de su salario el que robar y andar en el invento y tener familia en el extranjero no tener problema para comprar él
04b0b5d5cdcf6bc93947422f3301747f,"TELEVISIÓN DIGITAL, CAJAS DECODIFICADORAS, TELEVISIÓN CUBANA, AUDIOVISUALES",0,¿Qué pasó aquí?? ¡Aparece el tema de ETECSA y los comentarios viejos del famoso paquete!!!!,cu,5,3,1,0,0,0,1,0,0,qué pasar aquí aparecer el tema de etecsa y el comentario viejo del famoso paquete
ad78e5b3b58afe602afb189d80a08b68,"TELEVISIÓN DIGITAL, CAJAS DECODIFICADORAS, TELEVISIÓN CUBANA, AUDIOVISUALES",0,"El paquete es la herramienta mas eficaz que se ha inventado para hacer que las personas se alejen totalmente de la lectura de libros. A los que confeccionan el paquete, por favor, pudieran incluir audio-libros?.gracias.",cu,0,1,0,0,0,0,0,0,0,el paquete ser el herramienta mas eficaz que él haber inventar para hacer que el persona él alejir totalmente de el lectura de libro a el que confeccionar el paquete por favor poder incluir audio libro gracia
f2c745b436bb35fa0c725afe5c84bc86,"TELEVISIÓN DIGITAL, CAJAS DECODIFICADORAS, TELEVISIÓN CUBANA, AUDIOVISUALES",0,Mientras se mantengan las políticas estatales actuales poco se podrá hacer para hacerle competencia al paquete.,cu,0,0,0,0,0,0,0,0,0,mientras él mantener el política estatal actual poco él poder hacer para hacer él competencia al paquete
fb44191bd584a5e49b38f8dd0c557093,"TELEVISIÓN DIGITAL, CAJAS DECODIFICADORAS, TELEVISIÓN CUBANA, AUDIOVISUALES",0,"Sencillamente, otra falta de respeto a nuestro pueblo trabajador, hasta cuando?, a quien le importa?, son las preguntas que me hago todos los días cuando vivo esta sudorosa realidad! y ahí seguimos, resistiendo!",cu,2,2,0,0,0,0,0,0,0,sencillamente otro falta de respeto a nuestro pueblo trabajador hasta cuando a quien él importar ser el pregunta que yo hacer todo el día cuando vivir este sudorós realidad y ahí seguir resistir
b26a3f5c6785382a4f6e8fb8d01223a1,"TELEVISIÓN DIGITAL, CAJAS DECODIFICADORAS, TELEVISIÓN CUBANA, AUDIOVISUALES",0,Y díganme de la cajita famosa que cuesta 48 dólares para ver lo mismo con lo mismo y la señal hasta se cae.,cu,0,0,0,0,0,0,0,0,0,y díganme de el cajita famoso que costar 48 dólares para ver él mismo con él mismo y el señal hasta él caer
c75e71a4842aff28df6a996debd85682,"TELEVISIÓN DIGITAL, CAJAS DECODIFICADORAS, TELEVISIÓN CUBANA, AUDIOVISUALES",0,En LA CIUDAD Camagüey no se ve la transmisión de Tele-Camagüey,cu,0,0,1,0,0,1,0,0,0,en el ciudad camagüey no él ver el transmisión de tele camagüey
b3bca3cd95d720069c6cd3afe141021a,"TELEVISIÓN DIGITAL, CAJAS DECODIFICADORAS, TELEVISIÓN CUBANA, AUDIOVISUALES",0,"Por favor, alguien que pueda responder a esta pregunta:
Dónde puede actualizar el firmware de las cajitas decodificadoras y en especial de mi televisor ATEC 21d12d???",cu,0,3,1,0,0,0,1,0,0,por favor alguien que poder responder a este pregunta dónde poder actualizar el firmware de el cajita decodificadora y en especial de mi televisor atec 21d12d
10e6e6d0b01a20494ac298ee0b7e3803,"TELEVISIÓN DIGITAL, CAJAS DECODIFICADORAS, TELEVISIÓN CUBANA, AUDIOVISUALES",0,"cuando mejoren la television cubana entonces dejaremos de cojer el paquete ,,,muy pocas gente ya se entretiene con la tv cubana es que solo hay que verla un segundo y te mueres del aburrimientoojala alguien cambie eso",cu,0,0,0,0,0,0,1,0,0,cuando mejorar el television cubano entonces dejar de cojer el paquete mucho poco gente ya él entretener con el tv cubano ser que solo haber que ver él uno segundo y tú muer del aburrimiento ojalar alguien cambiar ese
56254521fd529e42ee6d3a8a3e8342b1,"TELEVISIÓN DIGITAL, CAJAS DECODIFICADORAS, TELEVISIÓN CUBANA, AUDIOVISUALES",0,Yo quiero internet.,cu,0,0,0,0,0,0,0,0,0,yo querer internet
bce72946678d64a29b5b9dc2b217d672,"TELEVISIÓN DIGITAL, CAJAS DECODIFICADORAS, TELEVISIÓN CUBANA, AUDIOVISUALES",0,"No se preocupele sugiero revise el comentario de la compañera Grisel, donde explica que no habra apagon analogico hasta que todo este aseguradoasi como otras variantes para los que no puedan adquirir la caja para cuando este programado el apagón en su region
Saludos",cu,0,0,0,0,0,3,0,0,0,no él preocupar él sugiero revisar el comentario de el compañera grisel donde explicar que no habrar apagon analogico hasta que todo este asegurado asi como otro variante para el que no poder adquirir el caja para cuando este programado el apagón en su region saludo
9ba40efc592554f2e01f9a94a38e2e82,"TELEVISIÓN DIGITAL, CAJAS DECODIFICADORAS, TELEVISIÓN CUBANA, AUDIOVISUALES",0,"Eso para que compares, que con 35 dolares tienes un paquete televisivo mensual de calidad, mientras con 35 dolares en cuba tienes 24 horas de internet lenta, y eso que cobramos en una moneda 25 veces inferior.",cu,0,0,0,0,0,0,0,0,0,ese para que compar que con 35 dolar tener uno paquete televisivo mensual de calidad mientras con 35 dolar en cuba tener 24 hora de internet lento y ese que cobrar en uno moneda 25 vez inferior
5a4ad7827e00a678bb3373de2a07cc35,"TELEVISIÓN DIGITAL, CAJAS DECODIFICADORAS, TELEVISIÓN CUBANA, AUDIOVISUALES",0,"Si se refiere al municipio Arroyo Naranjo de La Habana, puedo afirmarle que si hay cobertura. Si no es este el municipio al que te refieres entonces consulte la tabla que brindamos en nuestra web. ",cu,0,0,0,0,0,1,0,0,0,si él referir al municipio arroyo naranjo de el habana poder afirmar él que si haber cobertura si no ser este el municipio al que tú referir entonces consultir el tabla que brindamos en nuestro web
39c17e1aa54f7ffd04700d050359e256,"TELEVISIÓN DIGITAL, CAJAS DECODIFICADORAS, TELEVISIÓN CUBANA, AUDIOVISUALES",0,"Que usted quiere decir que hace 10 años casi, Sony nos robó cuando nos vendieron el PS3 original por 800 CAD sin cable HDMI?. Ya ni me acuerdo la respuesta que me dió Sony America cuando los llamé para preguntarles como era possible no viniera con cable HDMI?",cu,0,2,3,0,0,3,0,0,0,que usted querer decir que hacer 10 año casi sony yo robar cuando yo vendar el ps3 original por 800 cad sin cable hdmi ya ni yo acuerdo el respuesta que yo deír sony americo cuando el llamé para preguntarl como ser possible no venir con cable hdmi
d92b32ad31ac61d93553bc55d1c79ba2,"TELEVISIÓN DIGITAL, CAJAS DECODIFICADORAS, TELEVISIÓN CUBANA, AUDIOVISUALES",0,"POR FAVOR DIGAN HOY SI PUEDEN EL PRECIO DE COSTO DE LAS CAJITAS, DE AMBAS, Y DESPUES COMO DICE TALADRI SAQUEMOS NUESTRAS PROPIAS CONCLUSIONES",cu,0,0,18,0,0,0,0,0,0,por favor decir hoy si poder el precio de costo de el cajita de ambos y despu como decir taladri saquer nuestro propio conclusión
1233b5a46feb0595ec7bc0ac2e543b77,"TELEVISIÓN DIGITAL, CAJAS DECODIFICADORAS, TELEVISIÓN CUBANA, AUDIOVISUALES",0,"Lo que tienen que hacer es bajar los precios de los televisores, es abusivo e indignante",cu,0,0,0,0,0,0,0,0,0,él que tener que hacer ser bajar el precio de el televisor ser abusivo e indignante
85bb70020e93d6ef6ba29b554dc6df52,"TELEVISIÓN DIGITAL, CAJAS DECODIFICADORAS, TELEVISIÓN CUBANA, AUDIOVISUALES",0,Que condiciones o que parámetros tienen en cuenta para elegir los lugares donde instalan los transmisores,cu,0,0,0,0,0,0,0,0,0,que condición o que parámetro tener en cuenta para elegir el lugar donde instalar el transmisor
3a1255ae037eb845f30efee82ec12163,"TELEVISIÓN DIGITAL, CAJAS DECODIFICADORAS, TELEVISIÓN CUBANA, AUDIOVISUALES",0,"Exacto! Ud. lo ha dicho todo, hermano.",cu,1,0,0,0,0,0,0,0,0,exacto ud él haber decir todo hermano
5eee258d9930d0497273e1f7717190cc,"TELEVISIÓN DIGITAL, CAJAS DECODIFICADORAS, TELEVISIÓN CUBANA, AUDIOVISUALES",0,"ya estoy listo, abajo el paquete, pongamolos preocupados, las raices en mi son muy profundas",cu,0,0,0,0,0,0,0,0,0,ya estar listo abajo el paquete pongamolo preocupado el raiz en mi ser mucho profundo
99806e67ed519e12aa21616857b2b7dc,"TELEVISIÓN DIGITAL, CAJAS DECODIFICADORAS, TELEVISIÓN CUBANA, AUDIOVISUALES",0,"LACETEL dice que ellos no tienen nada que ver con la comercializacion de esos productos, entonces quien es el responzable de esto ?",cu,0,1,1,0,0,2,0,0,0,lacetel decir que él no tener nada que ver con el comercializacion de ese producto entonces quien ser el responzable de este
ef1bec2672e240565f63aa71c9256765,"TELEVISIÓN DIGITAL, CAJAS DECODIFICADORAS, TELEVISIÓN CUBANA, AUDIOVISUALES",0,"La piratería es considerada en el mundo entero como delincuencia, que a nadie se le olvide.
Aunque por supuesto, Cuba no forma parte de este mundo.",cu,0,0,0,0,0,2,0,0,0,el piratería ser considerar en el mundo entero como delincuencia que a nadie él él olvidar aunque por supuesto cuba no formar parte de este mundo
97f25c205be179e8879597b6342d6bec,"TELEVISIÓN DIGITAL, CAJAS DECODIFICADORAS, TELEVISIÓN CUBANA, AUDIOVISUALES",0,Cuál es el pronóstico para la señal HD en Holguín?,cu,0,1,0,0,0,0,0,0,0,cuál ser el pronóstico para el señal hd en holguín
5fd1a627d1d864d0e15a32f5ae6fd08f,"TELEVISIÓN DIGITAL, CAJAS DECODIFICADORAS, TELEVISIÓN CUBANA, AUDIOVISUALES",0,"Saludos, me gustaría que publicaran una guía de precios de todas las cajas codificadoras con sus caracteristicas. Pienso que antes de seguir avanzando priorizen que llegue la señal a todos lo rincones de Cuba.",cu,0,0,0,0,0,0,0,0,0,saludo yo gustar que publicarar uno guía de precio de todo el caja codificadora con su caracteristica pensar que antes de seguir avanzar priorizen que llegar el señal a todo él rincón de cuba
311b2227751ea05015cc1002269331ae,"TELEVISIÓN DIGITAL, CAJAS DECODIFICADORAS, TELEVISIÓN CUBANA, AUDIOVISUALES",0,"Brigido y demas los precios de costo no es del 223 %, la Soyea su costo osicla en 29,00 y la Konka en 35.00 solo su margen oscila en 1.31 %",cu,0,0,0,0,0,1,0,0,0,brigido y dema el precio de costo no ser del 223 el soyea su costo osiclar en 29 00 y el konka en 35 00 solo su margen oscilar en 1 31
670bd4a3f042e266167b04cb4b5276bf,"TELEVISIÓN DIGITAL, CAJAS DECODIFICADORAS, TELEVISIÓN CUBANA, AUDIOVISUALES",0,A los compañeros de LACETEL: Tendrán a mano un diseño de antena para el canal 33 con impedancia de 75 ohms?,cu,0,1,1,0,0,0,0,0,0,a el compañero de lacetel tener a mano uno diseño de antena para el canal 33 con impedancia de 75 ohms
bd7fcdf951fcbbbae7e3a880850a55a5,"TELEVISIÓN DIGITAL, CAJAS DECODIFICADORAS, TELEVISIÓN CUBANA, AUDIOVISUALES",0,"hasta que sigan existiendo algunas personas , como algunas que han escrito aqui, diciendo que el precio esta bien, que si ahorrar, eso no va a cambiar, el precio esta suuuper fuera de lugar, como muchas cosas pero esta es la del tema que nos comprende.",cu,0,0,0,0,0,1,1,0,0,hasta que seguir existir alguno persona como alguno que haber escribir aqui decir que el precio este bien que si ahorrar ese no ir a cambiar el precio este suuper fuera de lugar como mucho cosa pero este ser el del tema que yo comprender
a7911c596ce19e34d97901fc308c341d,"TELEVISIÓN DIGITAL, CAJAS DECODIFICADORAS, TELEVISIÓN CUBANA, AUDIOVISUALES",0,"Una duda que tengo porque las cajas decodificadoras de producción nacional tienen aproximadamente el mismo precio de las importadas, no entiendo eso, estoy seguro que el costo de producción de esas cajas es mucho menos que el 50% de lo que cuestan actualmente. ",cu,0,0,0,0,0,1,0,0,0,uno duda que tener porque el caja decodificadora de producción nacional tener aproximadamente el mismo precio de el importado no entender ese estar seguro que el costo de producción de ese caja ser mucho menos que el 50 de él que costar actualmente
44d9f8afd44705b03505ba8a31c21f12,"TELEVISIÓN DIGITAL, CAJAS DECODIFICADORAS, TELEVISIÓN CUBANA, AUDIOVISUALES",0,"NO SE QUEJEN NI CRITIQUEN MAS EL PAQUETE, APROVECHENLO,DISFRUTENLO MIENTRAS SE PUEDA, MIS RESPETO PARA LOS JOVENES ENCARGADOS DE CONFORMAR SEMEJANTE LABOR DEBERIAN DARLE UN RECONOCIMIENTO POR SU INTELIGENCIA , AUDAZIA Y VALOR. QUE VIVA EL PAQUETE!!!!!",cu,5,0,27,0,0,2,1,0,0,no él quejar ni critiquen mas el paquete aprovechenlo disfrutenlo mientras él poder mi respeto para el joven encargado de conformar semejante labor deberiar dar él uno reconocimiento por su inteligencia audazio y valor que vivir el paquete
94451c011e088ff201214bec8394383a,"TELEVISIÓN DIGITAL, CAJAS DECODIFICADORAS, TELEVISIÓN CUBANA, AUDIOVISUALES",0,"La hora de las emisoras locales no ha llegado, lo explicaba en otra respuesta.",cu,0,0,0,0,0,1,0,0,0,el hora de el emisora local no haber llegar él explicar en otro respuesta
84b180a972ed116f9d54bb6ed4eacacc,"TELEVISIÓN DIGITAL, CAJAS DECODIFICADORAS, TELEVISIÓN CUBANA, AUDIOVISUALES",0,"El verdadero seguro en la hermana Republica Bolivariana de Venezuela implementaron ese sistema y nada que a nadie le cobraron por este dispositivo aqui ,lo estamos cobrando y bien caro nada que cuarenta y pico treinta y pico son mas de 700 pesos en cada uno el salario mio de 2 meses y medio",cu,0,0,0,0,0,3,0,0,0,el verdadero seguro en el hermana republico bolivarián de venezuela implementar ese sistema y nada que a nadie él cobrar por este dispositivo aqui él estar cobrar y bien caro nada que cuarenta y pico treinta y pico ser ma de 700 pesos en cada uno el salario mio de 2 mes y medio
9ee94565fed10d7f7b66e83283cdfd57,"TELEVISIÓN DIGITAL, CAJAS DECODIFICADORAS, TELEVISIÓN CUBANA, AUDIOVISUALES",0,"no creo que haga daño si entretiene y tiene mucha variedad tiene casi todomucho deporte ,muchas peli, muchos documentales .muchos animados .hay quien lo puede pagar y otros no pero eso pasa con todo .",cu,0,0,0,0,0,2,0,0,0,no creer que hacer daño si entretener y tener mucho variedad tener casi todomucho deporte mucho peli mucho documental mucho animado haber quien él poder pagar y otro no pero ese pasar con todo
d68f86a9f03aaf511e289d5759c7fec4,"TELEVISIÓN DIGITAL, CAJAS DECODIFICADORAS, TELEVISIÓN CUBANA, AUDIOVISUALES",0,"el paquete llego para quedarse y seguro hasta lo exportamos. Para bajar una pelicula o un capitulo de una serie, en otro pais es bastante caro, si no se tiene banda ancha o wifi gratis.",cu,0,0,0,0,0,1,0,0,0,el paquete llego para quedar él y seguro hasta él exportamos para bajar uno pelicula o uno capitulo de uno serie en otro pais ser bastante caro si no él tener banda ancho o wifi gratis
6b4e4c6d65ccb8ee611408632b380ffb,"TELEVISIÓN DIGITAL, CAJAS DECODIFICADORAS, TELEVISIÓN CUBANA, AUDIOVISUALES",0,"Que bien que existe el paquete 100% de acuerdo da muchas posibilidades al divertimento, como todo en la vida hay cosas buenas , regulares y malas pero bienvenido sea el paquete semanal",cu,0,0,0,0,0,0,0,0,0,que bien que existir el paquete 100 de acuerdo dar mucho posibilidad al divertimento como todo en el vida haber cosa buena regular y mala pero bienvenido ser el paquete semanal
cad924d25f6488cb3ec00225739a95a4,"TELEVISIÓN DIGITAL, CAJAS DECODIFICADORAS, TELEVISIÓN CUBANA, AUDIOVISUALES",0,"Buenos dias ,necesito saber como los educadores podemos comprar un tv de 399.95 ,no se pueden dar creditos en el banco para esto ,son 10000 pesos que para reunirlos es algo fuerte ,cómo sera lo de Andriod en las cajitas o en la nuevas cajitas ?",cu,0,1,0,0,0,1,1,0,0,buen dias necesitar saber como el educador poder comprar uno tv de 399 95 no él poder dar credito en el banco para este ser 100 pesos que para reunir él ser algo fuerte cómo sera él de andriod en el cajita o en el nuevo cajita
f419070e4c7230aa97434ddc55fbafa5,"TELEVISIÓN DIGITAL, CAJAS DECODIFICADORAS, TELEVISIÓN CUBANA, AUDIOVISUALES",0,Los equipos KONKA MODELO KSDT863-M no vienen con el firmware actualizado? o es que el que ponen en la zona de descarga de su sitio es más actualizado que el que trae por defecto. si es así que mejoras trae esta nueva actualización. saludos y gracias a antemano..,cu,0,1,2,0,0,1,0,0,0,el equipo konka modelo ksdt863 m no venir con el firmware actualizado o ser que el que poner en el zona de descarga de su sitio ser más actualizado que el que traer por defecto si ser así que mejora traer este nuevo actualización saludo y gracias a antemano
f6669516799276321bc400d7ca599aae,"TELEVISIÓN DIGITAL, CAJAS DECODIFICADORAS, TELEVISIÓN CUBANA, AUDIOVISUALES",0,"Desde ase un año ya se viene ablando acerca de las cajitas con sistema androide, me interese por el tema pero asta hoy no se dice más nada de esto, yo quiero saber exactamente para cuando comenzará la comercialización de este producto",cu,0,0,0,0,0,2,0,0,0,desde ase uno año ya él venir ablar acerca de el cajita con sistema androidir yo interesar por el tema pero asta hoy no él decir más nada de este yo querer saber exactamente para cuando comenzar el comercialización de este producto
80cb689db880afd3b95a43468c81a43c,"TELEVISIÓN DIGITAL, CAJAS DECODIFICADORAS, TELEVISIÓN CUBANA, AUDIOVISUALES",0,"Cuando sea toda la señal en HD, y todos los que con ahorro, compramos las primeras cajitas. ¿Me la cambiaran como se hizo con los refrigeradores o tendré que ahorrar nuevamente para comprarme la más moderna y botar la vieja o la vieja va a seguir sirviendo?",cu,0,2,0,0,0,0,0,0,0,cuando ser todo el señal en hd y todo el que con ahorro comprar el primero cajita yo él cambiar como él hacer con el refrigerador o tendré que ahorrar nuevamente para comprarme el más moderno y botar el viejo o el viejo ir a seguir servir
0bef7c9997a6804154e4b0bdbe796ab1,"TELEVISIÓN DIGITAL, CAJAS DECODIFICADORAS, TELEVISIÓN CUBANA, AUDIOVISUALES",0,Y que pasa con Ciego de Avila????,cu,0,4,0,0,0,0,1,0,0,y que pasar con ciego de avila
aa654a1fc3640a9726ca30e2174c5802,"TELEVISIÓN DIGITAL, CAJAS DECODIFICADORAS, TELEVISIÓN CUBANA, AUDIOVISUALES",0,"No se ve en el Panda con la cajita SD porque esta no reproduce nada por encima de 720p. Pero la Haier HD se ve perfectamente en el Panda por la salida amarilla. Claro esta, 352×240, no es HD, pero se ve mejor que recibiendo SD. Al menos yo lo percibo claramente.",cu,0,0,0,0,0,4,0,0,0,no él ver en el panda con el cajita sd porque este no reproducir nada por encima de 720p pero el haier hd él ver perfectamente en el panda por el salida amarillo claro este 352 240 no ser hd pero él ver mejor que recibir sd al menos yo él percibir claramente
fa5339faa1c2c1dd3a37e595c6dec3d7,"TELEVISIÓN DIGITAL, CAJAS DECODIFICADORAS, TELEVISIÓN CUBANA, AUDIOVISUALES",0,son los mismos comentarios no importa el tema jaja.,cu,0,0,0,0,1,1,0,0,0,ser el mismo comentario no importar el tema jajar
85bbe2beebb110852b55b98569acf759,"TELEVISIÓN DIGITAL, CAJAS DECODIFICADORAS, TELEVISIÓN CUBANA, AUDIOVISUALES",0,"El paquete es un medio muy impiortante,no deberian quitarlo.",cu,0,0,0,0,0,1,0,0,0,el paquete ser uno medio mucho impiortante no deberiar quitar él
cfd37ee51a29e895bfd2f057e8da9757,"TELEVISIÓN DIGITAL, CAJAS DECODIFICADORAS, TELEVISIÓN CUBANA, AUDIOVISUALES",0,eso mismo me pregunto yo!!!,cu,3,0,0,0,0,0,1,0,0,ese mismo yo preguntar yo
420311f9be75a44325af16406502f465,"TELEVISIÓN DIGITAL, CAJAS DECODIFICADORAS, TELEVISIÓN CUBANA, AUDIOVISUALES",0,"solo una pregunta y si es posible me aclaren, como se ha expresado por otros colegas la mayoría de los TV en cuba son panda, cual de estas tres marcas mencionada anteriormente se ajusta más a esta tecnología",cu,0,0,0,0,0,0,0,0,0,solo uno pregunta y si ser posible yo aclarir como él haber expresar por otro colega el mayoría de el tv en cuba ser panda cual de este tres marca mencionado anteriormente él ajustar más a este tecnología
087777508dcb9d1d041ec6b0da19cffb,"TELEVISIÓN DIGITAL, CAJAS DECODIFICADORAS, TELEVISIÓN CUBANA, AUDIOVISUALES",0,"Los precios de las cajitas no van a bajar por el momento, el que pueda la comprara pero por favor que los dependientes de tienda no le suban el precio y que se informe las tiendas donde los estan vendiendo en estos momento",cu,0,0,0,0,0,2,0,0,0,el precio de el cajita no ir a bajar por el momento el que poder el comprara pero por favor que el dependient de tienda no él subir el precio y que él informir el tienda donde él estar vender en este momento
56784c6bb7f6d507945fde2c73a01191,"TELEVISIÓN DIGITAL, CAJAS DECODIFICADORAS, TELEVISIÓN CUBANA, AUDIOVISUALES",0,"Dios bendiga el PAKETE, mientras no se utilize para divulgar nada negativo, binvenido sea",cu,0,0,1,0,0,2,0,0,0,dio bendigar el pakete mientras no él utilize para divulgar nada negativo binvenido ser
5d47a245fd74b33d3d7d900278f9f7cd,"TELEVISIÓN DIGITAL, CAJAS DECODIFICADORAS, TELEVISIÓN CUBANA, AUDIOVISUALES",0,"Esta es una característica que depende de cada fabricante, no es de obligatorio cumplimiento para ser comercializado en Cuba. No obstante le haremos llegar su sugerencia a RUNCH (Comercializador extranjero) y al fabricante.",cu,0,0,1,0,0,2,0,0,0,este ser uno característica que depender de cada fabricante no ser de obligatorio cumplimiento para ser comercializado en cuba no obstante él hacer llegar su sugerencia a runch comercializador extranjero y al fabricante
5e1e19d9d5a069315d3b319b9324e399,"ESCÁNDALOS DEPORTIVOS, SERIE NACIONAL, FÚTBOL, BÉISBOL",1,Incomprenible y dudoso: ¿Por que Victor Victor corrió para el banco en vez de ir para primera base como a todo que se le da un deadball?,cu,0,2,0,0,0,0,0,0,0,incomprenible y dudoso por que victor victor correr para el banco en vez de ir para primero base como a todo que él él dar uno deadball
7c899b30c7be82f53860c784ba96125f,"ESCÁNDALOS DEPORTIVOS, SERIE NACIONAL, FÚTBOL, BÉISBOL",1,"Un Carazo en el bate, jaja, está bueno eso.",cu,0,0,0,0,1,0,0,0,0,uno carazo en el bate jaja estar bueno ese
75fd067d9ae0791ec906090da3872a5d,"ESCÁNDALOS DEPORTIVOS, SERIE NACIONAL, FÚTBOL, BÉISBOL",1,Por favor no suban más comentarios criticando a mi novia(o). Le dije que no pusiera su nombre cuando escribió el artículo por un problema de ética. jejejeje,cu,0,0,0,0,0,2,0,0,0,por favor no subir más comentario criticar a mi novia o él decir que no poner su nombre cuando escribir el artículo por uno problema de ética jejejeje
1c3fda9e65c2ea0601a61469b6032d8f,"ESCÁNDALOS DEPORTIVOS, SERIE NACIONAL, FÚTBOL, BÉISBOL",1,"?que lloren los azules y sus seguidores, no es la 1ra vez que ellos hace eso, o se les olvida la subseries que se dejaron barrer con la isla en el latinotiempo al tiempoviva el karma",cu,0,1,0,0,0,1,0,0,0,que llorar el azul y su seguidor no ser el 1ra vez que él hacer ese o él él olvidar el subseri que él dejar barrer con el isla en el latino tiempo al tiempo vivir el karma
352e478bb435feb464c756e896486def,"ESCÁNDALOS DEPORTIVOS, SERIE NACIONAL, FÚTBOL, BÉISBOL",1,"esto es el colmo, demis inocente, vote por demis para cosejal. periodista apretaste la entrevista del año",cu,0,0,0,0,0,0,0,0,0,este ser el colmo demis inocente votar por demis para cosejal periodista apretastar el entrevista del año
561e74122d11230cd2b99f842db0446d,"ESCÁNDALOS DEPORTIVOS, SERIE NACIONAL, FÚTBOL, BÉISBOL",1,"Está en su casa durmiendo la siesta, y no está detenido, las sanciones impuestas son las deportivas pero las judiciales, ¿no van?",cu,0,2,0,0,0,2,0,0,0,estar en su casa dormir el siesta y no estar detener el sanción impuesto ser el deportivo pero el judicial no ir
68f7bcc05ada83a9ebb90bd7de5e0c09,"ESCÁNDALOS DEPORTIVOS, SERIE NACIONAL, FÚTBOL, BÉISBOL",1,que mania chicho con los azulez tu si eres super FAN,cu,0,0,1,0,0,0,0,0,0,que maniar chicho con el azulez tu si ser super fan
47e386234293832d8e422adebc45aa39,"ESCÁNDALOS DEPORTIVOS, SERIE NACIONAL, FÚTBOL, BÉISBOL",1,"creo que es de mucha casualidad que la elección sea esta, dirige Industriales y es de la capital.. seguro no había
más nadie, jajajajaja es una burla esa desición",cu,0,0,0,0,0,2,0,0,0,creer que ser de mucho casualidad que el elección ser este dirigir industrial y ser de el capital seguro no haber más nadie jajajajajar ser uno burla ese desición
4016564b9743c6aeeb90b30e24f97f1a,"ESCÁNDALOS DEPORTIVOS, SERIE NACIONAL, FÚTBOL, BÉISBOL",1,¿Existe liga de béisbol en la prisión donde van a guardar a Demis Valdes alias El vengador?,cu,0,2,0,0,0,0,0,0,0,existir liga de béisbol en el prisión donde ir a guardar a demis vald alia el vengador
b95e613644fd988b0a1b5ce413a1ad7e,"ESCÁNDALOS DEPORTIVOS, SERIE NACIONAL, FÚTBOL, BÉISBOL",1,"Esta entrevista pudiera titularse las confesiones de un agresor Por favor todavía estamos a tiempo de parar un
injustita todos los que están en contra de la sanción de Fredy Asiel escriban hoy a la mesa redonda:
mesaredonda@tvc.icrt.cu",cu,0,0,0,0,0,0,0,0,0,este entrevista poder titular él el confesión de uno agresor por favor todavía estar a tiempo de parar uno injustita todo el que estar en contra de el sanción de fredy asiel escrir hoy a el mesa redondo mesaredonda[user ] icrt cu
cd9b2104a6eaa7f874354b51c7c7c7f2,"ESCÁNDALOS DEPORTIVOS, SERIE NACIONAL, FÚTBOL, BÉISBOL",1,Se esta trabajando para que en el 2030 Industriales gane la serie nacional,cu,0,0,0,0,0,0,0,0,0,él este trabajar para que en el 2030 industrial ganar el serie nacional
3076dc65806cbbca8b4e070e3e371c78,"ESCÁNDALOS DEPORTIVOS, SERIE NACIONAL, FÚTBOL, BÉISBOL",1,Que bien andamos! El Anglada poniendo condiciones contra la practica Internacional y contra la lógica y la CNB aceptandolas.. Y el cuerpo tecnico se llama La Banda de Rey y sus Amiguitos. Hasta cuando?,cu,1,1,1,0,0,0,0,0,0,que bien andir el anglada poner condición contra el practica internacional y contra el lógica y él cnb aceptandola y el cuerpo tecnico él llamar el banda de rey y su amiguito hasta cuando
bbea703cb35571876619026a96eaefb7,"ESCÁNDALOS DEPORTIVOS, SERIE NACIONAL, FÚTBOL, BÉISBOL",1,"?Azul es el cielo   Azul es el mar   Azul el trofeo   Del Campeón Nacional      Y si se fijan bien, el trofeo tiene una inscripción que dice Aniversario 500.",cu,0,1,0,0,0,0,4,0,0,azul ser el cielo azul ser el mar azul el trofeo del campeón nacional y si él fijar bien el trofeo tener uno inscripción que decir aniversario 500
39406c346158a4402f88868ba02e9545,"ESCÁNDALOS DEPORTIVOS, SERIE NACIONAL, FÚTBOL, BÉISBOL",1,"Tremenda entrevista al justiciero matancero, estaba dispuesto a matar a un ser humano por defender a su equipo,se le debe dar la medalla de cocodrilo del valor y lo mejor él es la victima ahora y hasta se fue injusto con él. Que falta de respeto publicar esto.",cu,0,0,0,0,0,0,0,0,0,tremendo entrevista al justiciero matancero estar dispuesto a matar a uno ser humano por defender a su equipo él él deber dar el medalla de cocodrilo del valor y él mejor él ser el victimo ahora y hasta él ser injusto con él que faltar de respeto publicar este
1ff911d3b58936c6983e9ecd270d0618,"ESCÁNDALOS DEPORTIVOS, SERIE NACIONAL, FÚTBOL, BÉISBOL",1,"Víctor no me lo había dicho, pero yo sabía que vendría a batear por Dainer Moreira. En ese momento me
preparaba para ir al cajón,
AHHHentonces el muchacho es adivino y salio para el cajon,pero
¿ cual cajon? se preparo y todo sin haberlo mandado a batearjajajajaja como riojajajajajajaj",cu,0,2,1,0,0,2,1,0,0,víctor no yo él haber decir pero yo saber que venir a batear por dainer moreira en ese momento yo preparar para ir al cajón ahh entonces el muchacho ser adivino y salio para el cajon pero cual cajon él preparo y todo sin haber él mandar a batear jajajajaja como rio jajajajajajaj
9db1ebff8bf6167fad178a9ded1c6839,"ESCÁNDALOS DEPORTIVOS, SERIE NACIONAL, FÚTBOL, BÉISBOL",1,"La comisión nacional de beisbol es inteligente,, muy inteligente,, a la población que hay que tener contenta y
complacida es la de la capital del país, con esta decisión cero críticas aseguradas.. Genial movimiento.",cu,0,0,0,0,0,0,0,0,0,el comisión nacional de beisbol ser inteligente mucho inteligente a el población que haber que tener contenta y complacido ser el de el capital del país con este decisión cero crítica asegurado genial movimiento
e1ff277c01a038f7b0d0d0238c9b39b6,"ESCÁNDALOS DEPORTIVOS, SERIE NACIONAL, FÚTBOL, BÉISBOL",1,bien por el capitan lunar coje todos los golpes del equipo de villa clara. lo de vladimir no fue nada comparado con eso,cu,0,0,0,0,0,2,0,0,0,bien por el capitar lunar coje todo el golpe del equipo de villa claro él de vladimir no ser nada comparado con ese
a36eefea4b27fcaa5f478c011d4b8866,"ESCÁNDALOS DEPORTIVOS, SERIE NACIONAL, FÚTBOL, BÉISBOL",1,"Isael Pantoja te falto mencionar los pitufos jajajajajajaja y ojo q si el Madrid gana la Champioh el 3 balón de Oro viene q se mata, porque por lo demás lo q hace Cristiano bueno solo Cristo y dios saben lo q digo.Saludos",cu,0,0,0,0,0,0,0,0,0,isael pantoja tú falto mencionar el pitufo jajajajajajaja y ojo q si el madrid ganar el champioh el 3 balón de oro venir q él matar porque por él demá él q hacer cristiano bueno solo cristo y dio saber él q decir saludo
dfde49ed058fe1dfd3b47d4a2d0e88d1,"ESCÁNDALOS DEPORTIVOS, SERIE NACIONAL, FÚTBOL, BÉISBOL",1,lagrimas de cocodrilo en fin,cu,0,0,0,0,0,0,0,0,0,lagrima de cocodrilo en fin
8251029386d933a0552f68631ab18fdf,"ESCÁNDALOS DEPORTIVOS, SERIE NACIONAL, FÚTBOL, BÉISBOL",1,a messi jamas le dieron un balon sin ganar nadaen todos los balones por lo menos un titulo gano aparte de ser el que mas goles tenia.pero y este sin ganar nada de nada..y estando messi leccionado gana ufffffffff el balon mas mal dado en la historiajajajajaj contentos de que estanjijijijijiji,cu,0,0,0,0,0,6,1,0,0,a messi jama él dar uno balon sin ganar nada en todo el balón por él menos uno titulo gano aparte de ser el que mas gol tenia pero y este sin ganar nada de nada y estar messi leccionado gana uff el balon mas mal dado en el historia jajajajaj contento de que estir jijijijijiji
a81b6c00cf541d900acf793ec1ff53c0,"ESCÁNDALOS DEPORTIVOS, SERIE NACIONAL, FÚTBOL, BÉISBOL",1,"Ya me puedo morir , ya lo VI todo en esta vida, Cuba abogando porque nuestros peloteros jueguen en grandes ligas, en ESA maquinaria desmoralizadora y exclavista, que hace del hombre Poco menos que una mercancia. PD : no son palabras mias",cu,0,0,1,0,0,1,0,0,0,ya yo poder morir ya él ver todo en este vida cuba abogar porque nuestro pelotero jugar en grande liga en ese maquinaria desmoralizador y exclavista que hacer del hombre poco menos que uno mercancia pd no ser palabra mia
f678c4e72f1471f63d07cf1dd1865954,"ESCÁNDALOS DEPORTIVOS, SERIE NACIONAL, FÚTBOL, BÉISBOL",1,?Las Tunas o una selección de peloteros con ese nombre?.en fínmi Felicitación a su mánager principalmente.,cu,0,2,0,0,0,0,0,0,0,el tuna o uno selección de pelotero con ese nombre en fín mi felicitación a su mánager principalmente
9757f9a1b89df5fcb8b89be6fc568536,"ESCÁNDALOS DEPORTIVOS, SERIE NACIONAL, FÚTBOL, BÉISBOL",1,"?Me voy pa Las Tunas a tomar cerveza! Eso sí, vestidito de azul..",cu,1,1,0,0,0,0,1,0,0,yo ir pa el tuna a tomar cerveza ese sí vestidito de azul
ddb99cf0fd134382b65bba31c24dcf7c,"ESCÁNDALOS DEPORTIVOS, SERIE NACIONAL, FÚTBOL, BÉISBOL",1,"Michel, te la comiste!! Sí, porque tu forma de escribir no la puedes esconder aunque no titularas el trabajo. Ya sé por qué nunca te vi vistiendo una pieza blanca en el Torneo Nacional de Softbol de la prensa, eres alérgico a ese color, jajajajaja.",cu,2,0,0,0,0,3,0,0,0,michel tú el comistar sí porque tu forma de escribir no el poder esconder aunque no titularar el trabajo ya saber por qué nunca tú ver vestir uno pieza blanco en el torneo nacional de softbol de el prensa ser alérgico a ese color jajajajajar
b2678b6f4eb5f8a4199ad57fc8d88974,"ESCÁNDALOS DEPORTIVOS, SERIE NACIONAL, FÚTBOL, BÉISBOL",1,"ya pa que ahora es tarde, nada mas le falta decir que si el arrepentimiento matara ahora estaria en el cielo. Miren como aclaro que nadie lo habia mandado, para mi aqui hay gato encocolidrado quien lo desencocodrile buen desencocolidrador sera jajaja.",cu,0,0,0,0,0,2,0,0,0,ya pa que ahora ser tarde nada mas él faltar decir que si el arrepentimiento matara ahora estario en el cielo mirar como aclaro que nadie él habiar mandado para mi aqui haber gato encocolidrado quien él desencocodrilar buen desencocolidrador sero jajaja
7702dd13fca547da09affa0191ee7127,"ESCÁNDALOS DEPORTIVOS, SERIE NACIONAL, FÚTBOL, BÉISBOL",1,"?Marvin amigo mio, no te ha llegado el mensaje del habanero que fue abducido por una nave extraterrestre?      Bueno socio aqui te lo dejo, dice que viajó hasta al año 2519 y para el aniversarió mil de la capital todavía Industriales no había ganado otro campeonato. Asi que ya tu sabes.",cu,0,2,0,0,0,2,1,0,0,marvin amigo mio no tú haber llegar el mensaje del habanero que ser abducir por uno nave extraterrestre bueno socio aqui tú él dejar decir que viajar hasta al año 2519 y para el aniversareír mil de el capital todavía industrial no haber ganar otro campeonato asi que ya tu sabes
aad61b77d7b0c72cdf3b664ca1f204b7,"ESCÁNDALOS DEPORTIVOS, SERIE NACIONAL, FÚTBOL, BÉISBOL",1,"Messi: Cristiano se merece el Balón de Oro
Cubadebate: ´´Cristiano no se merece el Balón de Oro´´
Tremendo!!!!!!!",cu,7,0,0,0,0,1,1,0,0,messi cristiano él merecer el balón de oro cubadebate cristiano no él merecer el balón de oro tremendo
ae2d51a5ea03bfdabe698348038f86f4,"ESCÁNDALOS DEPORTIVOS, SERIE NACIONAL, FÚTBOL, BÉISBOL",1,"Me quedo frio con la cantidad de jueces que hay aqui opinando, unos que si intento de asesinato, otros que intento de asesinato premeditado, tieso me han dejado todos, seguro que por eso hay tantos bandoleros en la calle.",cu,0,0,0,0,0,0,0,0,0,yo quedar frio con el cantidad de juez que haber aqui opinar uno que si intentar de asesinato otro que intento de asesinato premeditado tieso yo haber dejar todo seguro que por ese haber tanto bandolero en el calle
c574f18da183248dc35cf6412edd57ec,"ESCÁNDALOS DEPORTIVOS, SERIE NACIONAL, FÚTBOL, BÉISBOL",1,"Esto es lo último, que sigue?? una mesa redonda con todos los implicados. Si son ciertas las palabras de Demis ya tendrían que estarlo buscando en su casa los agentes de la PNR para procesarlo. Pero bueno, quiza el titular debería nombrarse El justiciero matancero siente pena por lo que hizo !!!!",cu,4,2,1,0,0,0,1,0,0,este ser él último que seguir uno mesa redondo con todo el implicado si ser cierto el palabra de demis ya tener que estar él buscar en su casa el agente de el pnr para procesar él pero bueno quizar el titular deber nombrar él el justiciero matancero sentir pena por él que hacer
043dff7797342eb2a52347184a285857,"ESCÁNDALOS DEPORTIVOS, SERIE NACIONAL, FÚTBOL, BÉISBOL",1,"ESTO ES UN ESTADIO DE PELOTA O UN CIRCO DE GLADIADORES DEL IMPERI ROMANO,JAJAJAJAJAJAJA.",cu,0,0,9,0,0,0,0,0,0,este ser uno estadio de pelota o uno circo de gladiador del imperi romano jajajajajajaja
49854c7efa7a598334ef46c1469ad34a,"ESCÁNDALOS DEPORTIVOS, SERIE NACIONAL, FÚTBOL, BÉISBOL",1,"Freddy Assiel el principal responsable???? Freddy Asiel actuó mal, claro que sí. Pero de ahí a ser el principala menos que haya aprendido a controlarle el cerebro a los demás y te haya manejado con el bate en la mano. Valdez, además de ser un mal pelotero usted no tiene un ripio de verguenza.",cu,0,4,0,0,0,1,1,0,0,freddy assiel el principal responsable freddy asiel actuar mal claro que sí pero de ahí a ser el principal a menos que haber aprender a controlar él el cerebro a el demá y tú haber manejar con el bate en el mano valdez además de ser uno mal pelotero usted no tener uno ripio de verguenza
4e0a1ff88a0a984d06495376a1a87d6a,"ESCÁNDALOS DEPORTIVOS, SERIE NACIONAL, FÚTBOL, BÉISBOL",1,Usted se llama Ruperto o se pasó los últimos 10 años en coma.,cu,0,0,0,0,0,0,0,0,0,usted él llamar ruperto o él pasar el último 10 año en coma
6c93952690be13427914dc992c72178a,"ESCÁNDALOS DEPORTIVOS, SERIE NACIONAL, FÚTBOL, BÉISBOL",1,Sera porq tu eres igual a Demis Bateman Valdes,cu,0,0,0,0,0,0,0,0,0,sero porq tu ser igual a demis bateman valdes
ce79bbe4f79ec8768303a35df0791603,"ESCÁNDALOS DEPORTIVOS, SERIE NACIONAL, FÚTBOL, BÉISBOL",1,"Ahora resulta que todos aquí son unos angelitos y nunca han respondido de manera agresiva ante una provocación
repetidaok, buen síntoma de que el mundo está mejorando no?",cu,0,1,0,0,0,2,0,0,0,ahora resultar que todo aquí ser uno angelito y nunca haber responder de manera agresivo ante uno provocación repetido ok buen síntoma de que el mundo estar mejorar no
a103ce82957f3d9b0d396142bb2543a5,"ESCÁNDALOS DEPORTIVOS, SERIE NACIONAL, FÚTBOL, BÉISBOL",1,"Y los del voleibol que han dicho en más de una ocasión que quieren participar por Cuba???? Y los peloteros Cubanos que juegan en otras organizaciones que no tienen que ver con la MLB, los que juegan en Japón por ejemplo??? Oscarito. que facil es pasar la bola al otro lado.",cu,0,7,1,0,0,1,2,0,0,y el del voleibol que haber decir en más de uno ocasión que querer participar por cuba y el pelotero cubano que jugar en otro organización que no tener que ver con el mlb el que jugar en japón por ejemplo oscarito que facil ser pasar el bola al otro lado
311e6832f36344abe44c6be219c14590,"ESCÁNDALOS DEPORTIVOS, SERIE NACIONAL, FÚTBOL, BÉISBOL",1,"ahora hacer un buen papel, porque no es malo cuando se pierde luchando eso es lo que inspira un buen DT como
Anglada perder pero luchando cada out, Ah !!! y sin ninguna mosca en el banquito.",cu,3,0,0,0,0,3,1,0,0,ahora hacer uno buen papel porque no ser malo cuando él perder luchar ese ser él que inspirar uno buen dt como anglada perder pero luchar cada out ah y sin ninguno mosca en el banquito
0ffc636e16003be4fe91c1a2dde20a4f,"ESCÁNDALOS DEPORTIVOS, SERIE NACIONAL, FÚTBOL, BÉISBOL",1,"que bueno nos salvamos con anglada y con zidane, cuba e industriales campeon, hala madrid",cu,0,0,0,0,0,0,0,0,0,que bueno yo salir con anglada y con zidane cuba e industrial campeon hala madrid
1b7bfbd5ad29cb3abc5d4c092f947e9e,"ESCÁNDALOS DEPORTIVOS, SERIE NACIONAL, FÚTBOL, BÉISBOL",1,!!¿¿¿ VEREMOS veremos VEREMOS !!!???,cu,5,6,2,0,0,0,3,0,0,ver ver ver
2c6552467507fa96f4acd8baddb4d7e3,"ESCÁNDALOS DEPORTIVOS, SERIE NACIONAL, FÚTBOL, BÉISBOL",1,El pobre estuvo esperando 4 años por el balon,cu,0,0,0,0,0,0,0,0,0,el pobre estar esperar 4 año por el balon
196d98a7724ccf4ea7507f33bba7870a,"ESCÁNDALOS DEPORTIVOS, SERIE NACIONAL, FÚTBOL, BÉISBOL",1,Una vez más se demuestra la falta de profesionalidad que Victor Mesa da como ejemplo a sus jugadores. Como va a permitir q su niñito no vaya para primera y si para donde está papito. Inconsebible. Hasta cuando.,cu,0,0,0,0,0,1,0,0,0,uno vez más él demostrar el falta de profesionalidad que victor mesa dar como ejemplo a su jugador como ir a permitir q su niñito no ir para primero y si para donde estar papito inconsebible hasta cuando
ec40fdc540cda0beb5d8a541cf6978dc,"ESCÁNDALOS DEPORTIVOS, SERIE NACIONAL, FÚTBOL, BÉISBOL",1,"¿El golpe a Ramón Lunar fue intencional?. No hombre, era para Fredy Asiel,lo que Lunar se metió, siento no
haberle dado con rabia. ¿Cómo es posible que el periodista hiciera esta pregunta?",cu,0,4,0,0,0,2,0,0,0,el golpe a ramón lunar ser intencional no hombre ser para fredy asiel él que lunar él meter siento no haber él dar con rabia cómo ser posible que el periodista hacer este pregunta
d817bedfc61b9b934bae7d22438f6842,"ESCÁNDALOS DEPORTIVOS, SERIE NACIONAL, FÚTBOL, BÉISBOL",1,"la realidad es que ese gorilon no tenia que hacer nada de eso ok todos tienen razon en eso pero que
coñoooooooooo hace fredy asiel dando tanto pelotasos siempre ha sido asi y eso no lo ven ustedes angelitos y
sabelotodos del beisbol. Baaaaaaaaaa",cu,0,0,0,0,0,3,2,0,0,el realidad ser que ese gorilon no tenia que hacer nada de ese ok todo tener razon en ese pero que coñoo hacer fredy asiel dar tanto pelotaso siempre haber ser asi y ese no él ver tú angelito y sabelotodo del beisbol baa
d7e5847f7cb4e1e842323922442bd4ac,"ESCÁNDALOS DEPORTIVOS, SERIE NACIONAL, FÚTBOL, BÉISBOL",1,"Lo estan matando ñooooo la envidia.
20? CARTULINA AMARILLA PARA LOÉ POR PATADA POR DETRÁS SOBRE CRISTIANO RONALDO",cu,0,1,11,0,0,0,1,0,0,él estar matar ñoo  el envidia 20 cartulina amarillo para loé por patado por detrás sobre cristiano ronaldo
8493be5137b7a421cac4295cc32328c6,"ESCÁNDALOS DEPORTIVOS, SERIE NACIONAL, FÚTBOL, BÉISBOL",1,"MUY ELOCUENTES LAS RESPUESTAS DE DEMIS VALDES. SIN DUDAS SON LAGRIMAS DE COCODRILO.
WILLIAM",cu,0,0,12,0,0,1,0,0,0,mucho elocuente el respuesta de demis vald sin duda ser lagrima de cocodrilo william
b6cf38ea3fc8d74080886940ca42344c,"ESCÁNDALOS DEPORTIVOS, SERIE NACIONAL, FÚTBOL, BÉISBOL",1,"Pensamiento de un arbitro de home.ñooooooo, que no me toque un juego en que pichee Vladimir contra Lunar porque si vuelve aparecer otro pelotazo voy a tener que tirame en home a llorarporque si lo expulso me botan a mi y si no lo expulso tambien me botan a mi",cu,0,0,0,0,0,2,1,0,0,pensamiento de uno arbitro de home ñoo que no yo tocar uno juego en que pichee vladimir contra lunar porque si volver aparecer otro pelotazo ir a tener que tiramar en home a llorar porque si él expulsar yo botar a mi y si no él expulsar tambien yo botar a mi
a7632a0f13eb5d0ae817bd7f0102fd70,"ESCÁNDALOS DEPORTIVOS, SERIE NACIONAL, FÚTBOL, BÉISBOL",1,"pero si Demis Váldes es ahora el vengador de Matanzas, el es inocente; ahora el homicida dice que fueron injustos con el, la sanción fue demaciado fuerte, !que barbaro chico!
Saludos
yoy",cu,2,0,0,0,0,0,0,0,0,pero si demis váld ser ahora el vengador de matanza el ser inocente ahora el homicida decir que ser injusto con el el sanción ser demaciar fuerte que barbaro chico saludo yoy
ba4e91920b914fe2c71673dc330871fa,"ESCÁNDALOS DEPORTIVOS, SERIE NACIONAL, FÚTBOL, BÉISBOL",1,?Felicidades a INDUSTRIALES por el campeonato de este año..   Ahhhh !!NO!!   Disculpen fue Las Tunas quien ganó.      ¿¿¿ Y QUIEN QUEDO 5to ???,cu,4,7,3,0,0,1,6,0,0,felicidad a industrial por el campeonato de este año ahh no disculpar ser el tuna quien ganar y quien quedo 5to
92159976db7d6bb8a5590995d2d8297a,"ESCÁNDALOS DEPORTIVOS, SERIE NACIONAL, FÚTBOL, BÉISBOL",1,"?Dejarán de sufrir los comentaristas cuando.algún día. si tienen suerte, porque calidad les está faltando hace mucho..ganen los Industriales. ¿Hay que ser adivino para eso? Na, me parece que no.",cu,0,3,0,0,0,1,0,0,0,dejar de sufrir el comentarista cuando alguno día si tener suerte porque calidad él estar faltar hacer mucho ganar el industrial haber que ser adivino para ese nar yo parecer que no
89227c04329b2b9821eac5572b80c01b,"ESCÁNDALOS DEPORTIVOS, SERIE NACIONAL, FÚTBOL, BÉISBOL",1,"Claro , y Anglada si gana el quinto lugar",cu,0,0,0,0,0,0,0,0,0,claro y anglado si ganar el quinto lugar
4ce27f7f37964219354b32bee6477d61,"ESCÁNDALOS DEPORTIVOS, SERIE NACIONAL, FÚTBOL, BÉISBOL",1,"Que comentario mas fuera de lugar, seguro que al autor le gusto mas la gala de los premios Lucas.",cu,0,0,0,0,0,0,0,0,0,que comentario mas fuera de lugar seguro que al autor él gustar mas el gala de el premio luca
d8cc61694cf3d93362a01eca74d10b0d,"ESCÁNDALOS DEPORTIVOS, SERIE NACIONAL, FÚTBOL, BÉISBOL",1,"Que ecuanimidad, cuanta modestia, que heroe.. esos son los que necesitamos para volver a la epoca de las cavernas, que falta de respeto publicar este artículo, debia estar preso, no durmiendo la siesta..el colmo",cu,0,0,0,0,0,1,0,0,0,que ecuanimidad cuanto modestia que heroar ese ser el que necesitar para volver a el epoca de el caverna que faltar de respeto publicar este artículo debia estar preso no dormir el siesta el colmo
4a83b8bdba2b66481a03b11ca165c5a8,"ESCÁNDALOS DEPORTIVOS, SERIE NACIONAL, FÚTBOL, BÉISBOL",1,"A todas las muchacchitas fanaticas a Cristi-ano lllllllloooooooooorrrrrrrrooooooooonnnnnnnnnaaaaaaaaa,",cu,0,0,0,0,0,0,6,0,0,a todo el muchacchita fanatica a cristi ano lloorroonnaa
88c03fe4b63d556a862e60eb78df7172,"ESCÁNDALOS DEPORTIVOS, SERIE NACIONAL, FÚTBOL, BÉISBOL",1,"Probecito, como se arrepientedespués de una defiguración de rostro.",cu,0,0,0,0,0,0,0,0,0,probecito como él arrepientar después de uno defiguración de rostro
b5222ad585c99b122109bfdefa468dea,"ESCÁNDALOS DEPORTIVOS, SERIE NACIONAL, FÚTBOL, BÉISBOL",1,"?Azul es el cielo, azul es el mar, azul es el llanto de la capital.buuuuuuuu",cu,0,1,0,0,0,0,1,0,0,azul ser el cielo azul ser el mar azul ser el llanto de el capital buu
d2dfcc54c2757d68887ce8bea4b8135a,"ESCÁNDALOS DEPORTIVOS, SERIE NACIONAL, FÚTBOL, BÉISBOL",1,"Y miren como la Rosa mira a medio metro del espectáculo y dice, este problema no es mío, que el batazo se lo lleve otro.",cu,0,0,0,0,0,1,0,0,0,y mirar como el rosa mirar a medio metro del espectáculo y decir este problema no ser mío que el batazo él él llevar otro
9fbed0bfed5232ef8ef3602a402c5ebe,"ESCÁNDALOS DEPORTIVOS, SERIE NACIONAL, FÚTBOL, BÉISBOL",1,"?Disculpen, pero no entiendo una cosa: porque ahora a la cobardia y falta de etica beisbolerase le llama ESTRATEGIA.",cu,0,1,1,0,0,1,0,0,0,disculpar pero no entender uno cosa porque ahora a el cobardia y falta de etica beisbolero él él llamar estrategia
dc9e184ae94e1f172b39ae1673c7a97a,"ESCÁNDALOS DEPORTIVOS, SERIE NACIONAL, FÚTBOL, BÉISBOL",1,"En mi mente no estaba hacerle daño a Lunar, ni a ningún otro atleta de Villa Clara. Salí a pegarle a Fredy Asiel(queno es de villa clara)y matarlo de un batazo por la rabia que sentía, al ver que nadie paraba eso. yo si pa el hospital con el",cu,0,0,0,0,0,4,0,0,0,en mi mente no estar hacer él daño a lunar ni a ninguno otro atleta de villa claro salí a pegar él a fredy asiel queno ser de villa claro y matar él de uno batazo por el rabia que sentir al ver que nadie parar ese yo si pa el hospital con el
fb39b44b2274f7c28434d09098922d22,"ESCÁNDALOS DEPORTIVOS, SERIE NACIONAL, FÚTBOL, BÉISBOL",1,Resulta inmensamente curioso que ahora los peloteros cubanos exiliados no pueden jugar por Cuba debido a impedimentos de la MLB. Mejor seamos sinceros y digamos: Estrategias coyunturales por no llamarlo de otra forma.,cu,0,0,1,0,0,2,0,0,0,resultar inmensamente curioso que ahora el pelotero cubano exiliado no poder jugar por cuba debido a impedimento de el mlb mejor ser sincero y decir estrategia coyuntural por no llamar él de otro forma
24cb09d21c2b08c9faa063d4ce218075,"ESCÁNDALOS DEPORTIVOS, SERIE NACIONAL, FÚTBOL, BÉISBOL",1,Felicidades!!! Donde está la preselección?,cu,3,1,0,0,0,0,1,0,0,felicidad donde estar el preselección
5dfbbc8716207fa64d0f2f1f993a45c4,"ESCÁNDALOS DEPORTIVOS, SERIE NACIONAL, FÚTBOL, BÉISBOL",1,"Eso demuestra una vez más,,,QUE LOS GOLES SON GOLES. Espero que no hagas mas evaluaciones Golisticas al respecto.
Saludos,",cu,0,0,5,0,0,1,1,0,0,ese demostrar uno vez más que el gol ser gol esperar que no hagar mas evaluación golistica al respecto saludo
ef8225192fba3eccc41cbe2a332a2131,"ESCÁNDALOS DEPORTIVOS, SERIE NACIONAL, FÚTBOL, BÉISBOL",1,"bueno demosle una palmadita y un ni;o eso no se hace, y preparemos a nuestros médicos para el mproximo
bataso, Si aquí huviera sentido común este hombre no tocaria no pisaria un estadio más nunca, pero el sentido común hace rato que no llega a la bodega.",cu,0,0,0,0,0,6,0,0,0,bueno demosle uno palmadita y uno ni o ese no él hacer y preparer a nuestro médico para el mproximo bataso si aquí huvierar sentido común este hombre no tocario no pisariar uno estadio más nunca pero el sentido común hacer rato que no llegar a el bodega
08af75f9c5cd4988e9497932fd6b89c3,"ESCÁNDALOS DEPORTIVOS, SERIE NACIONAL, FÚTBOL, BÉISBOL",1,?Industriales Campeón  A lo mejor para el año que viene ,cu,0,1,0,0,0,0,0,0,0,industrial campeón a él mejor para el año que venir
c700f354b7da5427d379dfe6076014d0,"ESCÁNDALOS DEPORTIVOS, SERIE NACIONAL, FÚTBOL, BÉISBOL",1,"Pero qué mala entrevista, por Dios, que pretendía el periodista ponerle un arito al ¨atacante¨, lo que el hizo además
de indisciplina es un acto de violencia, que pudo haberle costado la vida a un ser humano, así lo interpreto yo, y
creo que en este caso la defensa no está permitida",cu,0,0,0,0,0,1,0,0,0,pero qué malo entrevista por dio que pretender el periodista poner él uno arito al atacante él que el hacer además de indisciplina ser uno acto de violencia que poder haber él costado el vida a uno ser humano así él interpretar yo y creer que en este caso el defensa no estar permitido
fcb2a37b1108ab0ed878c44f3e4f9847,"ESCÁNDALOS DEPORTIVOS, SERIE NACIONAL, FÚTBOL, BÉISBOL",1,"Sip, ANGLADA, es el RESUMEN del Beisbol cubano: Corrupción , pérdida de calidad , sin resultados por más de una década, vejez, regionalismo, habanocentrismo. En fin..el mal.",cu,0,0,2,0,0,1,0,0,0,sip anglado ser el resumen del beisbol cubano corrupción pérdida de calidad sin resultado por más de uno década vejez regionalismo habanocentrismo en fin el mal
2f53704ed412e83f78c79145a5578828,"ESCÁNDALOS DEPORTIVOS, SERIE NACIONAL, FÚTBOL, BÉISBOL",1,"Hay que creerle que usted es madridista?? jajajaja, porque si lo fuera entonces tengo que decirle que es un VENDE-PATRIA jajajajaja.. No intente más hacernos pasar por tonto. Usted es más farcelonista que el propio Lionel Sissi!!",cu,2,2,2,0,0,1,0,0,0,haber que creer él que usted ser madridista jajajaja porque si él ser entonces tener que decir él que ser uno vender patria jajajajajar no intentar más hacer yo pasar por tonto usted ser más farcelonisto que el propio lionel sissi
f9ee01a9095c06e31c5374a00fc5fc25,"ESCÁNDALOS DEPORTIVOS, SERIE NACIONAL, FÚTBOL, BÉISBOL",1,"Robin Hood Iba a salir de emergente por Moreira y como Moreira no encontraba el machete, entonces él salio con
el bate.",cu,0,0,0,0,0,1,0,0,0,robin hood ir a salir de emergente por moreira y como moreira no encontrar el machete entonces él salio con el bate
5c4868583004aa2d86386f1528b01033,"ESCÁNDALOS DEPORTIVOS, SERIE NACIONAL, FÚTBOL, BÉISBOL",1,!!!!!!Y ESTE TIPO ESTA ARREPENTIDO!!!!!!!!!!!!!!!!,cu,22,0,4,0,0,0,2,0,0,y este tipo este arrepentido
f9475615ba978af049aebe42fab8d8e1,"ESCÁNDALOS DEPORTIVOS, SERIE NACIONAL, FÚTBOL, BÉISBOL",1,"Pues, noticia de última hora, eres un anormal que no sabe escribir.
Es LESIONARAN.",cu,0,0,1,0,0,1,0,0,0,pues noticia de último hora ser uno anormal que no saber escribir ser lesionar
99b1ac91ca6576cbce9f3c2c43c3328d,"ESCÁNDALOS DEPORTIVOS, SERIE NACIONAL, FÚTBOL, BÉISBOL",1,¿que pasará de aqui a dos años cuando se vuelvan a enfrentar Villa Clara Matanzas y lance Freddy y batee Demys?.¿? ¿? hummmmmmmm no quisiera ver ese acontecimiento.,cu,0,6,0,0,0,1,1,0,0,que pasar de aqui a dos año cuando él volver a enfrentar villa claro matanza y lance freddy y batee demys humm no querer ver ese acontecimiento
48d68e55bd87936f0d4a59a3a075ac3e,"ESCÁNDALOS DEPORTIVOS, SERIE NACIONAL, FÚTBOL, BÉISBOL",1,?Los equipos deben de ganar por su esfuerzo y no dejar que la clasificación dependa de otros.. lo siento todo el revuelo es por el equipo que es industriales.lo sentimos que el León descanse en paz,cu,0,1,0,0,0,1,0,0,0,el equipo deber de ganar por su esfuerzo y no dejar que el clasificación depender de otro él sentir todo el revuelo ser por el equipo que ser industrial él sentir que el león descanse en paz
3d03bd954eaf0f1c02a39a10702419ef,"ESCÁNDALOS DEPORTIVOS, SERIE NACIONAL, FÚTBOL, BÉISBOL",1,"?Mira que hay gente fanatica.   Si Cuando gano Granma: Sufren los comentaistas   Si Cuando gana CAV sufren los comentaristas   cuando gana las tunas igual   ..pobres comentaristas, cuando dejaran de sufrir",cu,0,1,1,0,0,0,4,0,0,mirar que haber gente fanatico si cuando gano granma sufrir el comentaista si cuando ganar cav sufrir el comentarista cuando ganar el tuna igual pobre comentarista cuando dejar de sufrir
01bc91505663782ac558b8efbb524998,"ESCÁNDALOS DEPORTIVOS, SERIE NACIONAL, FÚTBOL, BÉISBOL",1,"Durmiendo la siesta del mediodía2, como puede dormir, pero además decir que en su caso estuvo un poco fuerte la medida, por favor. El tipo no se arrepiente de nada, MENTIRA. Esta entrevista deja mucho que desear, saquen sus propias conclusiones diría Taladrid.",cu,0,0,1,0,0,2,0,0,0,dormir el siesta del mediodía2 como poder dormir pero además decir que en su caso estar uno poco fuerte el medida por favor el tipo no él arrepiente de nada mentira este entrevista dejar mucho que desear sacar su propio conclusión decir taladrid 
72a5dd197745c051c636a8626fb584f8,"ESCÁNDALOS DEPORTIVOS, SERIE NACIONAL, FÚTBOL, BÉISBOL",1,"Pobre muchacho, dejenlo jugar que aquí no ha pasado nada. Furon muy duros con el y flojos con FAA. Que es esto.
Se verán horrores, digo se publicarán horrores.",cu,0,0,1,0,0,2,0,0,0,pobre muchacho dejenlo jugar que aquí no haber pasar nada furon mucho duro con el y flojo con faa que ser este él ver horror decir él publicar horror
b5e92db9695a00be54f4bdb527a293b3,"ESCÁNDALOS DEPORTIVOS, SERIE NACIONAL, FÚTBOL, BÉISBOL",1,"no sabía que habían periodistas tan obsecionados(para mal) con un jugador, al parecer el premio no tiene credibilidad porque ganó CR7? se lo regalamos a Messi? o premiamos a Ribery por tener el mejor año de su vida?",cu,0,3,0,0,0,2,0,0,0,no saber que haber periodista tanto obsecionado para mal con uno jugador al parecer el premio no tener credibilidad porque ganar cr7 él él regalar a messi o premiar a ribery por tener el mejor año de su vida
04c9bab1bfec824862126d03f3c43854,"ESCÁNDALOS DEPORTIVOS, SERIE NACIONAL, FÚTBOL, BÉISBOL",1,"¨Táte quieto nague ,que tu eres tremendo descarado , fíjate si eres malo que le hiciste swing a la cara de Lunar y le diste en la boca vaya para la caña para ver si emparejamos en la zafra que viene",cu,0,0,0,0,0,0,0,0,0,táte quieto nagar que tu ser tremendo descarado fíjate si ser malo que él hiciste swing a el cara de lunar y él distir en el boca vaya para el caña para ver si emparejar en el zafra que venir
038d4f0deefa0750b0d76e2f603947e8,"ESCÁNDALOS DEPORTIVOS, SERIE NACIONAL, FÚTBOL, BÉISBOL",1,"Esto da pena, que cara más dura tiene. Vaya ¨justiciero¨, preso es lo que debe estar y no durmiendo pasivamente en su casa. Quiero aclarar que nadie me mandó a que saliera a agredir al lanzador Eso habría que verlo compay",cu,0,0,0,0,0,2,0,0,0,este dar pena que car más duro tener vaya justiciero preso ser él que deber estar y no dormir pasivamente en su casa querer aclarar que nadie yo mandar a que salir a agredir al lanzador ese haber que ver él compay
b8d3ca5499ac99620746ef2607c99861,"ESCÁNDALOS DEPORTIVOS, SERIE NACIONAL, FÚTBOL, BÉISBOL",1,"Que ntido el arrepentimiento y protegiendo al autor intelectual del batazo, realmente muy conmovedor",cu,0,0,0,0,0,0,0,0,0,que ntir el arrepentimiento y proteger al autor intelectual del batazo realmente mucho conmovedor
02177885d22960937739eb8b395693b0,"ESCÁNDALOS DEPORTIVOS, SERIE NACIONAL, FÚTBOL, BÉISBOL",1,"?jajajaj adivinastes compadre eso lo sabe riki mi perro,acuerdate que los juegos de aya nno son igualeas que aqui",cu,0,1,0,0,0,0,0,0,0,jajajaj adivinast compadre ese él saber riki mi perro acuerdate que el juegos de aya nno ser igualea que aqui
7c875f4575b956ae2cfd0d073ebc9861,"ESCÁNDALOS DEPORTIVOS, SERIE NACIONAL, FÚTBOL, BÉISBOL",1,Buena imitación se parece a Brad Pitt en Word Z,cu,0,0,0,0,0,0,0,0,0,buen imitación él parecer a brad pitt en word z
0cba6d4b50d55b3b8a3456ee889ad076,"ESCÁNDALOS DEPORTIVOS, SERIE NACIONAL, FÚTBOL, BÉISBOL",1,Solo son ninos con sus escopeticas de palo caballeros,cu,0,0,0,0,0,0,0,0,0,solo ser nino con su escopetica de palo caballeros
299b697b417f5e96e0169b97bd16ee9c,"ESCÁNDALOS DEPORTIVOS, SERIE NACIONAL, FÚTBOL, BÉISBOL",1,"Felicito al peridista que te realizó la entrevista, y a valdéz también por tener a alguen que esté enamorado de él y por esas palbras llenas de romanticismo, matanzas adelante que no hemos perdido a nadie.",cu,0,0,0,0,0,2,0,0,0,felicito al peridista que tú realizar el entrevista y a valdéz también por tener a alguen que estar enamorado de él y por ese palbra lleno de romanticismo matanza adelante que no haber perder a nadie
7208e319dc3428c5b866a3b405ba5c86,"ESCÁNDALOS DEPORTIVOS, SERIE NACIONAL, FÚTBOL, BÉISBOL",1,"el justiciero, ¿o mejor el criminal?, hay que ver, y si luego siente rabia con un chofer que no paró en la parada, o
con un médico que se equivocó en un diagnóstico, ¿volverá a hacer lo mismo?",cu,0,4,0,0,0,1,0,0,0,el justiciero o mejor el criminal haber que ver y si luego sentir rabio con uno chofer que no parar en el parada o con uno médico que él equivocar en uno diagnóstico volver a hacer él mismo
deca74ecee6d171faa30dea7a4dd9bdf,"ESCÁNDALOS DEPORTIVOS, SERIE NACIONAL, FÚTBOL, BÉISBOL",1,"donde esta daikel Ramos de gtmo, el zurdo primera base tuvo magnifico rendimiento y nunca ha ido ni a la  esquina OJO SON PA LA HABANA Y LOS ELEGIDOS . SON LOS MISMOS MUERTOS Y LOS E DEMAS QUE?",cu,0,1,12,0,0,2,0,0,0,donde este daikel ramo de gtmo el zurdo primero base tener magnifico rendimiento y nunca haber ir ni a el esquina ojo ser pa el habana y el elegido ser el mismo muerto y el e dema que
a7c55171d980724c5b73e7e976081530,"ESCÁNDALOS DEPORTIVOS, SERIE NACIONAL, FÚTBOL, BÉISBOL",1,"Felicidades Anglada, suerte en tus desiciones, y que de la vida de machado y pablo civil. no tuvieron cupo en el cuerpo tecnico o se van de mision.",cu,0,0,0,0,0,1,0,0,0,felicidad anglado suerte en tu desición y que de el vida de machado y pablo civil no tener cupo en el cuerpo tecnico o él ir de mision
cf7ec94b886826b256ff12033eef7c3a,"ESCÁNDALOS DEPORTIVOS, SERIE NACIONAL, FÚTBOL, BÉISBOL",1,"!Qué buen trabajo! Buenísimo. Lo imprimo y se lo llevo a mis compañeros en la Universidad para que vean lo que es gran periodismo. Ya sé que la objetividad y la imparcialidad son fraudes, pero esto es cuanto menos poco digno. ",cu,2,0,0,0,0,0,0,0,0,qué buen trabajo buenísimo él imprimo y él él llevar a mi compañero en el universidad para que ver él que ser gran periodismo ya saber que el objetividad y el imparcialidad ser fraude pero este ser cuanto menos poco digno
5fa471c404935cd67a067d86a0e724ac,"ESCÁNDALOS DEPORTIVOS, SERIE NACIONAL, FÚTBOL, BÉISBOL",1,"agustin . En que planeta vives nada justifica el accionar de Denis. Creo que la sanción fue muy benévola.
Tenían que haberlo suspendido de por vida a ese samurai.",cu,0,0,0,0,0,1,0,0,0,agustin en que planetir viv nada justificar el accionar de denis creer que el sanción ser mucho benévola tener que haber él suspender de por vida a ese samurai
e1991a6e7a6c3fa6dd44931a14fbff18,"ESCÁNDALOS DEPORTIVOS, SERIE NACIONAL, FÚTBOL, BÉISBOL",1,"Vamos la postalita (CR) cogió balón porque le mejor estaba lesionado pero en verdad el premio debió ser del francés y se rompio en llanto porque lleva la vida soñandoloooo, al fin, ya el se veía con bastón y sin balón, jajaja",cu,0,0,0,0,0,1,1,0,0,ir el postalita cr coger balón porque él mejor estar lesionado pero en verdad el premio deber ser del francés y él romper en llanto porque llevar el vida soñandoloo al fin ya el él ver con bastón y sin balón jajajar
7756612767260b945918403a64de5f3b,"ESCÁNDALOS DEPORTIVOS, SERIE NACIONAL, FÚTBOL, BÉISBOL",1,La violencia es el fracaso de la inteligencia que inteligente fuistes Dennis,cu,0,0,0,0,0,0,0,0,0,el violencia ser el fracaso de el inteligencia que inteligente fuist dennis
9e4c14393e81555d2e1e2751b565753f,"ESCÁNDALOS DEPORTIVOS, SERIE NACIONAL, FÚTBOL, BÉISBOL",1,"Tal pareciera que en el noticiero estuviesen presentando a el mesías de la pelota cubana, espero que el entusiasmo dure para rato y que se ganen los torneos porque si no, no sé en que siglo terminaré de reírme de los industralistas.",cu,0,0,0,0,0,2,0,0,0,tal pareciera que en el noticiero estar presentar a el mesía de el pelota cubano esperar que el entusiasmo durar para rato y que él ganar el torneo porque si no no saber en que siglo terminar de reir yo de el industralista
1f7f6ebc481c91992659c261c0a55ce5,"ESCÁNDALOS DEPORTIVOS, SERIE NACIONAL, FÚTBOL, BÉISBOL",1,"Wilian te faltaron algunos records
Lider en titulos (cerooooooooo)
Recordista en llanto (varios partidos, ante la prensa y ahora en la entrega del balón )
Sigue inventando numeros que dentro de poco le pones campeón del mundo con portugal jajajajajaja",cu,0,0,0,0,0,0,1,0,0,wiliar tú faltar alguno record lider en titulo ceroo recordista en llanto varios partido ante el prensa y ahora en el entrega del balón seguir inventar numero que dentro de poco él poner campeón del mundo con portugal jajajajajajo
d4d6f581be91fab08aa87307e7900ff9,"ESCÁNDALOS DEPORTIVOS, SERIE NACIONAL, FÚTBOL, BÉISBOL",1,"En verdad siento pena por demis valdes,el pobre solo queria defender a su equipo jejejejej que tipo mas cariduro
estoy al pensar que ademas de aplicarle una sancion contundente como eliminarlo de los terrenos de pelota
tambien deben atenderlo con un psicologo por problemas de retraso",cu,0,0,0,0,0,0,0,0,0,en verdad sentir pena por demis vald el pobre solo querio defender a su equipo jejejejej que tipo mas cariduro estar al pensar que adema de aplicar él uno sancion contundente como eliminar él de el terreno de pelota tambien deber atender él con uno psicologo por problema de retraso
4f359ec92a56fe60b23fb09857ce8407,"ESCÁNDALOS DEPORTIVOS, SERIE NACIONAL, FÚTBOL, BÉISBOL",1,WAOOOOOOO¡¡¡¡¡¡..soberbio artículo sincero y demoledor con la verdad sobre todo cuando nomnran a mi Heynckes DT del año por ganarlo todo y a continuación el Cristi sin ganar nada se lleva su balón lloroso.,cu,6,0,1,0,0,2,2,0,0,waoo soberbio artículo sincero y demoledor con el verdad sobre todo cuando nomnrar a mi heynckes dt del año por ganar él todo y a continuación el cristi sin ganar nada él llevar su balón lloroso
b5c547935f86309ea1feea682bcfe831,"ESCÁNDALOS DEPORTIVOS, SERIE NACIONAL, FÚTBOL, BÉISBOL",1,"MOOOONNNGGGOOOOOO, ESO ES UN PREMIO INDIVIDUUAAAAAAALLLLLLLLL.
¿QUÉ CLASE DE PERIODISMO RECIBISTE? (sin ofender a los buenos redactores), LA DEL MONGO INALÁMBRICO Ó LA DEL GUANAJO ACELERÁO",cu,0,2,14,0,0,1,6,0,0,moonnggoo ese ser uno premio individuuaall qué clase de periodismo recibistir sin ofender a el buen redactor el del mongo inalámbrico ó el del guanajo aceleráo
dfe2efcff2581071a47475d97f89da3d,"ESCÁNDALOS DEPORTIVOS, SERIE NACIONAL, FÚTBOL, BÉISBOL",1,"De pena esta entrevista, y mas de pena colgar esta entrevista en cualquier medio de comunicación. Dice el agresor Demis que la sanción en su caso es un poco fuerte, el pensó que hacia de David y Freddy de Goliat.. que falta de respeto. lo que tiene es que estar en la cárcel.",cu,0,0,0,0,0,0,0,0,0,de pena este entrevista y mas de pena colgar este entrevista en cualquiera medio de comunicación decir el agresor demis que el sanción en su caso ser uno poco fuerte el pensar que hacer de david y freddy de goliat que faltar de respeto él que tener ser que estar en el cárcel
df7601955a82e31308dc05f0f4afc4b1,"ESCÁNDALOS DEPORTIVOS, SERIE NACIONAL, FÚTBOL, BÉISBOL",1,"que lindo!!!!!!!!quein se traga esto ?????????voy a caerle a batazos a mi jefe y nadie me podra penalizar, despues le digo que me disculpe que el tuvo la culpa por decirme que llegue tarde delante de la gente y me senti herido y tuve que salir en defensa de los demas trabajadores.",cu,8,9,0,0,0,1,2,0,0,que lindar quein él tragar este ir a caer él a batazo a mi jefe y nadie yo podrar penalizar despu él decir que yo disculpar que el tener el culpa por decirmir que llegar tarde delante de el gente y yo senti herido y tener que salir en defensa de el demas trabajador
3acdc7c8cf25fa72e26e64fdd40db42d,"ESCÁNDALOS DEPORTIVOS, SERIE NACIONAL, FÚTBOL, BÉISBOL",1,"Que clase falta de respeto, el director del equipo que gano la serie nacional fuera no me lo creo jajajajajaja y ponen  a uno que llevaba 5 años fuera, esto es increíble jajajajajajajaja cada día le ponen más seriedad al asunto me maravillo",cu,0,0,0,0,0,1,0,0,0,que clase falta de respeto el director del equipo que ganar el serie nacional ser no yo él creer jajajajajaja y poner a uno que llevar 5 año ser este ser increíble jajajajajajajaja cada día él poner más seriedad al asunto yo maravillir
dadbc5d29cdbc81ff001fe59b0ca0c3d,"ESCÁNDALOS DEPORTIVOS, SERIE NACIONAL, FÚTBOL, BÉISBOL",1,"expliquenle tambien que ya se han visto los videos y que el no tenia el bate en la mano, el estaba sentado en el banco y cuando le dan el pelotazo a victor el lo coge y sale corriendo del banco al macheteeeee",cu,0,0,0,0,0,1,1,0,0,expliquenlir tambien que ya él haber ver el video y que el no tenia el bate en el mano el estar sentado en el banco y cuando él dar el pelotazo a victor el él coger y salir correr del banco al machetee
367fb65b076b3063069123a475b7ab2b,"ESCÁNDALOS DEPORTIVOS, SERIE NACIONAL, FÚTBOL, BÉISBOL",1,"Ahora es un santo, pobrecito!!!!, está bueno ya!!!, ESTÁ BUENO YAAAAAAA!!!!, PRISIÓN es lo que merece, Prisión para Demis Valdés, Está bueno ya de poner al VCL cómo el malo de la película, Vergüenza da nuestra contaminada y única COMISIÓN NACIONAL DE BÉISBOL, QUÉ VERGÜENZA!!!!",cu,15,0,10,0,0,0,5,0,0,ahora ser uno santo pobrecito estar bueno ya estar bueno yaa prisión ser él que merecer prisión para demis valdés estar bueno ya de poner al vcl cómo el malo de el película vergüenza dar nuestro contaminada y único comisión nacional de béisbol qué vergüenza
13e11c0d0662fbea78f8a5b52019bbd4,"ESCÁNDALOS DEPORTIVOS, SERIE NACIONAL, FÚTBOL, BÉISBOL",1,"un verdadero cocodrilo con lagrimas y todo
que descaro!!!!
este hombre debería estar preso y no durmiendo la siesta en casa de su mamá",cu,4,0,0,0,0,1,1,0,0,uno verdadero cocodrilo con lagrima y todo que descaro este hombre deber estar preso y no dormir el siesta en casa de su mamá
f2e2f7787b9b75f54421ae3ee1d32a08,"ESCÁNDALOS DEPORTIVOS, SERIE NACIONAL, FÚTBOL, BÉISBOL",1,"por favor que alguien suba o le mande el vídeo a DEMIS para que analice sus errores en el cajón de bateo a la
hora de batear un cuerpo humano en movimiento.",cu,0,0,1,0,0,0,0,0,0,por favor que alguien subir o él mandir el vídeo a demis para que analizar su error en el cajón de bateo a el hora de batear uno cuerpo humano en movimiento
78a15b5762e6ce61c7663a69c1dd2807,"ESCÁNDALOS DEPORTIVOS, SERIE NACIONAL, FÚTBOL, BÉISBOL",1,"jjjj cuidando a los biznietos, socio el equipo va a los panamericanos no a un juego de veteranos, jjjjjjjj",cu,0,0,0,0,0,1,2,0,0,jj cuidar a el biznieto socio el equipo ir a el panamericano no a uno juego de veterano jj
d0a8a29423fa602d47cc3bb5711fb064,"ESCÁNDALOS DEPORTIVOS, SERIE NACIONAL, FÚTBOL, BÉISBOL",1,"Bien por la elección de Anglada. A lo mejor si eligen un equipo Cuba H, para jugar contra Islandia, puede que lleven a Civil de director.
La elección de Anglada es otro reconocimiento para los Industriales, los verdaderos campeones..",cu,0,0,0,0,0,0,0,0,0,bien por el elección de anglada a él mejor si eligen uno equipo cuba h para jugar contra islandia poder que llevar a civil de director el elección de anglada ser otro reconocimiento para el industrial el verdadero campeón
f8b3282add4411da9ff8ecc523365618,"ESCÁNDALOS DEPORTIVOS, SERIE NACIONAL, FÚTBOL, BÉISBOL",1,"Siento pena por la pobreza defensiva de Demis Valdéz, quien es capaz de matar por su equipo y después dormir y
dialogar tranquilamente. Debería buscarse un trabajo que con tanta agresividad mejore la economía del país, como la agicultura y la construcción.",cu,0,0,0,0,0,0,0,0,0,sentir pena por el pobreza defensivo de demis valdéz quien ser capaz de matar por su equipo y después dormir y dialogar tranquilamente deber buscar él uno trabajo que con tanto agresividad mejorar el economía del país como el agicultura y el construcción
114cf3a46936360274e7353989e51395,"ESCÁNDALOS DEPORTIVOS, SERIE NACIONAL, FÚTBOL, BÉISBOL",1,"Bravo por Demis, con esa agresividad no quedaría marabú en Cuba",cu,0,0,0,0,0,1,0,0,0,bravo por demis con ese agresividad no quedar marabú en cuba
1172507beca700e2abb8d5e7e9b6fd78,"ESCÁNDALOS DEPORTIVOS, SERIE NACIONAL, FÚTBOL, BÉISBOL",1,"Messi, te pones de madre asere!!! jajaaja le diste un chance a CR7 y se puso a llorar, borther no lo hagas más.
Saludos ajajajajaa",cu,3,0,0,0,0,1,1,0,0,messi tú pón de madre asere jajaaja él distir uno chance a cr7 y él poner a llorar borther no él haga más saludo ajajajajaa
82ba92d7b54b8cde103a3f17f6ce6862,"ESCÁNDALOS DEPORTIVOS, SERIE NACIONAL, FÚTBOL, BÉISBOL",1,"Deberían de hacerle la entrevista a Lunar o a Freddy Asiel, seguro que no juegan pelota más nunca porque en cualquier momento pueden perder la vida y después el homicida se pasará un año durmiendo la siesta en su casa.",cu,0,0,0,0,0,2,0,0,0,deber de hacer él el entrevista a lunar o a freddy asiel seguro que no jugar pelota más nunca porque en cualquiera momento poder perder el vida y después el homicida él pasar uno año dormir el siesta en su casa
08a2a2c739e8752a323f73d172287a5a,"ESCÁNDALOS DEPORTIVOS, SERIE NACIONAL, FÚTBOL, BÉISBOL",1,todo eso esta muy bien Demis Valdés .. pero si le hubieses dado en la cabeza a Fredy Asiel le fracturas el cráneo y lo matas o le hubieses dejado alguna otra incapacidad  tu conciencia aguanta eso ¿¿¿ crees que hubiese sido injusta tu sanción ¿¿,cu,0,5,0,0,0,0,1,0,0,todo ese este mucho bien demis valdés pero si él hubieses dado en el cabeza a fredy asiel él fracturas el cráneo y él mata o él hubiesser dejar alguno otro incapacidad tu conciencia aguantar ese crees que haber ser injusta tu sanción
6553a8b19da291cc12e5a8d62776313d,"ESCÁNDALOS DEPORTIVOS, SERIE NACIONAL, FÚTBOL, BÉISBOL",1,"Que bonito, protegiendo al autor intelectual del batazo.",cu,0,0,0,0,0,0,0,0,0,que bonito proteger al autor intelectual del batazo
aad21e595c3da09335f96da1a5bb1ca1,"ESCÁNDALOS DEPORTIVOS, SERIE NACIONAL, FÚTBOL, BÉISBOL",0,"Sentira mucha pena el atleta Demis Valdéz, pero no miro el alcanze de sus actos, solamente pesa en él una medidad administrativa, el código penal tipifica ese hecho como un delito sujeto a una sanción penal, hechos como estos merecen que se aplique el DERECHO en toda su extensión.",cu,0,0,1,0,0,1,0,0,0,sentirar mucho pena el atleta demis valdéz pero no mirar el alcanze de su acto solamente pesar en él uno medidad administrativo el código penal tipifico ese hecho como uno delito sujeto a uno sanción penal hecho como este merecer que él aplicar el derecho en todo su extensión
4aa99485007fda625b87d50eb6bf5ab9,"ESCÁNDALOS DEPORTIVOS, SERIE NACIONAL, FÚTBOL, BÉISBOL",0,ViVA CR7.EL MEJOR JUGADOR DEL MUNDO.,cu,0,0,4,0,0,0,0,0,0,vivo cr7 el mejor jugador del mundo
f9b89dc2a852071655f55df79431118a,"ESCÁNDALOS DEPORTIVOS, SERIE NACIONAL, FÚTBOL, BÉISBOL",0,"Ke tipo mas cara de koko y no drilo precisamente. asi que con el fueron injustos y con los demas si se procedio bien. si tuviera verguenza de verdad, verguenza de hombre se desaparecia del mapa.",cu,0,0,0,0,0,1,0,0,0,ke tipo mas cara de koko y no drilo precisamente asi que con el ser injusto y con el dema si él proceder bien si tener verguenza de verdad verguenza de hombre él desaparecer del mapa
7bb9f5665135de1f0c259676e6c7e6ce,"ESCÁNDALOS DEPORTIVOS, SERIE NACIONAL, FÚTBOL, BÉISBOL",0,"Vengan las trabas de donde vengan, todos nos perderíamos un verdadero espectáculo donde de darse esa oportunidad, Cuba sería un hueso bien duro de roer y en definitiva ganaríamos todos, incluido nuestro béisbol. Todos debían pensarlo muy detenidamente sin asomo de temores.",cu,0,0,0,0,0,1,0,0,0,vengar el traba de donde vengar todo yo perderíar uno verdadero espectáculo donde de dar él ese oportunidad cuba ser uno hueso bien duro de roer y en definitiva ganaríar todo incluir nuestro béisbol todo deber pensar él mucho detenidamente sin asomo de temor
794e05a8284ab48884e4202ee7c93690,"ESCÁNDALOS DEPORTIVOS, SERIE NACIONAL, FÚTBOL, BÉISBOL",0,"Que hizo Anglada para merecer eso. Ahora por otra parte pueden llevar a Anglada Víctor mesa, martí a todos los
entrenadores juntos que aún así no ganan",cu,0,0,0,0,0,1,0,0,0,que hacer anglado para merecer ese ahora por otro parte poder llevar a anglada víctor mesa martí a todo el entrenador junto que aún así no ganar
e0b46cc5443e793db61c9ea0aa45ad63,"ESCÁNDALOS DEPORTIVOS, SERIE NACIONAL, FÚTBOL, BÉISBOL",0,De veras pienso que hay que rectifiar esta sancion,cu,0,0,0,0,0,0,0,0,0,de vera pensar que haber que rectifiar este sancion
d41eacb8815ca21f5a795beb44d3c3c5,"ESCÁNDALOS DEPORTIVOS, SERIE NACIONAL, FÚTBOL, BÉISBOL",0,"?que lastima me da ahora resulta que todos los que escriben son tuneros,verdad que jugaron bastante bien,pero con muchisimas impresiciones,no reo que los juegos del caribe ganen",cu,0,1,0,0,0,1,0,0,0,que lastima yo dar ahora resultar que todo el que escribir ser tunero verdad que jugar bastante bien pero con muchisimas impresición no reo que el juegos del caribe ganir
011d06c0e0468a0e69233ff9d1555bee,"ESCÁNDALOS DEPORTIVOS, SERIE NACIONAL, FÚTBOL, BÉISBOL",0,"Debia haberle preguntado tambien si le levantaron actuaciones policiales en su contra(lo dudo) ademas si no
hizo,la policia puede inculparlo porque es un delito de oficio y cuando las lesiones son leves es ha instancia de
partessaludos",cu,0,0,0,0,0,1,0,0,0,debiar haber él preguntado tambien si él levantar actuación policial en su contra él dudo adema si no hacer el policia poder inculpar él porque ser uno delito de oficio y cuando el lesión ser leve ser haber instancia de parte saludo
d56c4e51f6b44edb4347c8357bdbc63d,"ESCÁNDALOS DEPORTIVOS, SERIE NACIONAL, FÚTBOL, BÉISBOL",0,Lo que no se entiende siendo las tunas campeón solo aparecen en la preselección de 63 peloteros 5 de sus miembros y ni se diga de la ausencia de Civil en el cuerpo técnico.,cu,0,0,0,0,0,2,0,0,0,él que no él entender ser el tuna campeón solo aparecer en el preselección de 63 pelotero 5 de su miembro y ni él decir de el ausencia de civil en el cuerpo técnico
af03a227f2c4e36ad24ae20b5ab6b02a,"ESCÁNDALOS DEPORTIVOS, SERIE NACIONAL, FÚTBOL, BÉISBOL",0,"VAYA, ESTE ESCRITO SOBRE EL BALON DE ORO LO HA ESCRITO UN RETRASADO MENTAL KE NO SABE DE FUTBOL NI UN TIN ASI,APRENDE ALGO FRUSTRADITO NO SE PUEDE SER FANATICO A LA HORA DE REDACTAR ESTE TIPO DE COSAS",cu,0,0,24,0,0,3,0,0,0,vaya este escrito sobre el balon de oro él haber escribir uno retrasado mental ke no saber de futbol ni uno tin asi aprender algo frustradito no él poder ser fanatico a el hora de redactar este tipo de cosa
1f093e449ae8c28fb4e45e6835102c74,"ESCÁNDALOS DEPORTIVOS, SERIE NACIONAL, FÚTBOL, BÉISBOL",0,"Bravo el comentario,muy realista, abarcador y muy buenas comparaciones.",cu,0,0,0,0,0,0,0,0,0,bravo el comentario mucho realista abarcador y mucho buena comparación
48239eecd59b3d36adcfdc2da9e0e584,"ESCÁNDALOS DEPORTIVOS, SERIE NACIONAL, FÚTBOL, BÉISBOL",0,No estoy de acuerdo a que aquel que desertó buscando fama y dinero represente a Cuba en detrimento de los que siguen en el terruño a pesar de las escaseces. No es justo.,cu,0,0,0,0,0,2,0,0,0,no estar de acuerdo a que aquel que desertar buscar fama y dinero represente a cuba en detrimento de el que seguir en el terruño a pesar de el escasez no ser justo
6acd06125e87c353012ffd7797cce6c3,"ESCÁNDALOS DEPORTIVOS, SERIE NACIONAL, FÚTBOL, BÉISBOL",0,"El único Balón merecido de la gala fue el que le dieron a Pelé, el otro fue como diciendo: toma que te toca por la libreta que Messi estuvo lesionado, y Ribery(merecedor)no nos importa una mier..",cu,0,0,0,0,0,1,0,0,0,el único balón merecido de el gala ser el que él dar a pelar el otro ser como decir toma que tú tocar por el libreta que messi estar lesionado y ribery merecedor no yo importar uno mier
cafa15849e5ddfce0cde1c1748f24290,"ESCÁNDALOS DEPORTIVOS, SERIE NACIONAL, FÚTBOL, BÉISBOL",0,"Demis, además de un año fuera del beisból nacional, te mereces una condena penal por daños físicos. Mientras se continuen tomando medidas SUAVES para estos casos no se detendrán nunca estos actos de violencia en nuestro deporte.",cu,0,0,1,0,0,2,0,0,0,demis además de uno año fuera del beisból nacional tú merecer uno condena penal por daño físico mientras él continuar tomar medida suave para este caso no él detener nunca este acto de violencia en nuestro deporte
e8bcb3bf894a6afd3ee55230ed41194a,"ESCÁNDALOS DEPORTIVOS, SERIE NACIONAL, FÚTBOL, BÉISBOL",0,"?¡¡¡Muchas felicidades al equipo tunero!!! En verdad se ganaron el 1er lugar, sin embargo el diseño del premio está feísimo y para colmo es azul.",cu,6,1,0,0,0,1,2,0,0,mucho felicidad al equipo tunero en verdad él ganar el 1er lugar sin embargo el diseño del premio estar feísimo y para colmo ser azul
d382981aaf81356c34734ec2f499731a,"ESCÁNDALOS DEPORTIVOS, SERIE NACIONAL, FÚTBOL, BÉISBOL",0,"Buena esa amigo. Ese equipo de los no seleccionados puede ganarle a cualquier otro que hagan los
sabelotodos de la CNB. Se demuestra a sí la estrechez d emiras de lso qu edirigen el beisbol. Además
ignoran al pueblo al no explicar sus decisiones.",cu,0,0,1,0,0,2,0,0,0,buen ese amigo ese equipo de el no seleccionado poder ganar él a cualquiera otro que hacer el sabelotodo de el cnb él demostrar a él el estrechez d emiras de lso qu edirigen el beisbol además ignorar al pueblo al no explicar su decisión
2693282af0eba926bd160561a15aa0d9,"ESCÁNDALOS DEPORTIVOS, SERIE NACIONAL, FÚTBOL, BÉISBOL",0,"Que poca verguenza la este pelotero que en lo personal demostró ser un cobarde además de un tremendo chicharrón del jefe VM, mereció una sanción más severa.",cu,0,0,0,0,0,0,0,0,0,que poco verguenza el este pelotero que en él personal demostrar ser uno cobarde además de uno tremendo chicharrón del jefe vm merecer uno sanción más severo
6d60af1fe3e783231b8aacaede3354ae,"ESCÁNDALOS DEPORTIVOS, SERIE NACIONAL, FÚTBOL, BÉISBOL",0,"Lo que da es pena de esa entrevista, y que todavia el silencio de la famosa comision sirva de complice.Rectifiquen esas sanciones.",cu,0,0,0,0,0,0,0,0,0,él que dar ser pena de ese entrevista y que todaviir el silencio de el famoso comision servir de complice rectificar ese sanción
8d8fb191590fe1036a73372db7d6f845,"ESCÁNDALOS DEPORTIVOS, SERIE NACIONAL, FÚTBOL, BÉISBOL",0,"gloria, creo que te perdistes esto es de futbol no de pelota, tus comentarios esta fuera de articulo",cu,0,0,0,0,0,1,0,0,0,gloria creer que tú perdist este ser de futbol no de pelota tu comentario este fuera de articulo
dc73c9ff802e864952fc38460ce822f1,"ESCÁNDALOS DEPORTIVOS, SERIE NACIONAL, FÚTBOL, BÉISBOL",0,"MADRIDISTAS NI GANANDO EL BALON DE ORO SU FIGURIN ESTAN CONTENTOS PORQUE USTEDES SABEN QUE ES ALGO FICTICIO, QUE EN REALIDAD FUE UN REGALO DE MESSI.",cu,0,0,18,0,0,1,0,0,0,madridista ni ganar el balon de oro su figurin estar contento porque tú saber que ser algo ficticio que en realidad ser uno regalo de messi
fc1ab55a764457c17deb2b75acdee49d,"ESCÁNDALOS DEPORTIVOS, SERIE NACIONAL, FÚTBOL, BÉISBOL",0,Que silencio? Si ya ustedes lo anunciaron con la entrevista.Saludos.,cu,0,1,0,0,0,0,0,0,0,que silenciar si ya tú él anunciar con el entrevista saludo
e89ecfad2779784f2914eb00e80a7856,"ESCÁNDALOS DEPORTIVOS, SERIE NACIONAL, FÚTBOL, BÉISBOL",0,ese es el mejor del mundo ya que el balón de oro del 2014 sera para el,cu,0,0,0,0,0,0,0,0,0,ese ser el mejor del mundo ya que el balón de oro del 2014 sero para el
ad1b325874f983db9e8b76bbb9b4e46e,"ESCÁNDALOS DEPORTIVOS, SERIE NACIONAL, FÚTBOL, BÉISBOL",0,A que hora de Cuba juega el Barcelona..,cu,0,0,0,0,0,0,0,0,0,a que hora de cuba jugar el barcelona
40fafddcd4d957f3eabe13f0d8b7ad92,"ESCÁNDALOS DEPORTIVOS, SERIE NACIONAL, FÚTBOL, BÉISBOL",0,"Honestamente, creo que Cubadebate debe retirar este artículo de su portal. Es totalmente inaceptable, antiético y antieducativo desde todo punto de vista. Por favor, los editores reléanla y se darán cuenta que tienen que retirala.
No es posible seguir haciéndonos daño. Muchas gracias",cu,0,0,0,0,0,1,0,0,0,honestamente creer que cubadebate deber retirar este artículo de su portal ser totalmente inaceptable antiético y antieducativo desde todo punto de vista por favor el editor reléanla y él dar cuenta que tener que retiralar no ser posible seguir haciéndono daño mucho gracia
d3da96c7027f0c6b9f1a7f0be849b1ab,"ESCÁNDALOS DEPORTIVOS, SERIE NACIONAL, FÚTBOL, BÉISBOL",0,"Se hizo justicia, hoy por hoy es el mejor, te felicito Rey y que conste, soy santiaguero, pero honor a quién honor merece.",cu,0,0,0,0,0,0,0,0,0,él hacer justicia hoy por hoy ser el mejor tú felicito rey y que constar ser santiaguero pero honor a quién honor merecer
c6fc4bee6be0f4a7fd9f17c180e93fce,"ESCÁNDALOS DEPORTIVOS, SERIE NACIONAL, FÚTBOL, BÉISBOL",0,"Si el equipo de Cuba va a otro paiz y el pitcher le proporciona tres pelotazos seguido a un jugar,,¿que ahora el
equipo?,,,, ¿salir con un bate para caerle a batazos al pitcher? errorrrrrrr,,,
Algo que tenemos que aprender los cubanos es no dejarnos provocar.",cu,0,4,0,0,0,1,4,0,0,si el equipo de cuba ir a otro paiz y el pitcher él proporcionar tres pelotazo seguido a uno jugar que ahora el equipo salir con uno bate para caer él a batazo al pitcher errorr algo que tener que aprender el cubano ser no dejar yo provocar
9c7ad19624cd2fc422c68df7fb242e5e,"ESCÁNDALOS DEPORTIVOS, SERIE NACIONAL, FÚTBOL, BÉISBOL",0,"?Buena respuesta la de Jose Raul Delgado, todos estan doloridos por la eliminacion de Industriales. Dejen que sigan llorando y nosotros seguiremos gozando. Saludos",cu,0,1,0,0,0,0,0,0,0,buen respuesta el de jo él raul delgado todo estar dolorido por el eliminacion de industrial dejar que seguir llorar y yo seguir gozar saludo
860fb7979ef327348db818d50dc94c6b,"ESCÁNDALOS DEPORTIVOS, SERIE NACIONAL, FÚTBOL, BÉISBOL",0,Jugada populista de la cnb para evitar criticas. Se separa de todos los que antes dirigieron el Cuba recientemente.,cu,0,0,0,0,0,0,0,0,0,jugada populista de el cnb para evitar critica él separar de todo el que antes dirigir el cuba recientemente
ba13fd0e7f40c3a91fce3a3ff54850ad,"ESCÁNDALOS DEPORTIVOS, SERIE NACIONAL, FÚTBOL, BÉISBOL",0,"Aqui todos sabemos que aunque se diga que no hay regionalismo si existe en la pelota,visto esta que un
equipo que termina en quinto lugar tiene 6 integrantes en la preselección,estan comprometidos,pueden dar
mil explicaciones pero es asi",cu,0,0,0,0,0,1,0,0,0,aqui todo saber que aunque él decir que no haber regionalismo si existir en el pelota visto este que uno equipo que terminar en quinto lugar tener 6 integrante en el preselección estar comprometido poder dar mil explicación pero ser asi
39de170a3dd2846a5c90a373fa3b4448,"ESCÁNDALOS DEPORTIVOS, SERIE NACIONAL, FÚTBOL, BÉISBOL",0,"La parcialidad solo lo hace un periodista mediocre. Viva el fútbol, viva CR7",cu,0,0,0,0,0,0,0,0,0,el parcialidad solo él hacer uno periodista mediocre vivo el fútbol vivo cr7
00a26c8f4941ed7b4757d0cc38842931,"ESCÁNDALOS DEPORTIVOS, SERIE NACIONAL, FÚTBOL, BÉISBOL",0,"MILAGRO NADIE HABLA QUE UN PELOTAZO MAL DADO PUEDE PRODUCIR LA MUERTE.
CUAL ES EL PROBLEMA LA CARA DE LUNAR AQUI LA MEDICINA ES GRATUITA QUE LE PONGAN DIENTES POSTIZOS.",cu,0,0,21,0,0,1,0,0,0,milagro nadie hablar que uno pelotazo mal dado poder producir el muerte cual ser el problema el cara de lunar aqui el medicina ser gratuito que él poner diente postizo
0e8d18bc30a533e9141a8f0c04f98c45,"ESCÁNDALOS DEPORTIVOS, SERIE NACIONAL, FÚTBOL, BÉISBOL",0,"para el periodista ese pésimo:
por favor si no te gusto lo de cristiano CALLATE Y NO OPAQUES EL PERIODISMO CUBANO
lo Único que te quedó bien fue:
MESSI EL MEJOR DE LA HISTORIA
FELICIDADES A CRIS",cu,0,0,9,0,0,2,0,0,0,para el periodista ese pésimo por favor si no tú gusto él de cristiano callate y no opaquser el periodismo cubano él único que tú quedar bien ser messi el mejor de el historia felicidad a cri
43bb9e416c052cd4d0c8d700bcf6e5f3,"ESCÁNDALOS DEPORTIVOS, SERIE NACIONAL, FÚTBOL, BÉISBOL",0,?Se han pasado de largo con un pequeño detalle En serio van a mantener la misma estructura para la temporada que viene despues del papelazo que se ha hecho???,cu,0,4,0,0,0,0,1,0,0,él haber pasar de largo con uno pequeño detalle en serio ir a mantener el mismo estructura para el temporada que venir despu del papelazo que él haber hacer
476917594a48a5bccad5692b5f4b3475,"ESCÁNDALOS DEPORTIVOS, SERIE NACIONAL, FÚTBOL, BÉISBOL",0,"Creo que tantas personas no pueden estar equivocadas, este hombre salió a matar diga lo que diga y como tal tiene que ser su sanción, así se hace fuera del terreno y así tiene que ser dentro también, ser deportista no da carta blanca para agredir a nadie. animo Lunar en tu recuperación.",cu,0,0,0,0,0,3,0,0,0,creer que tanto persona no poder estar equivocado este hombre salir a matar decir él que decir y como tal tener que ser su sanción así él hacer fuera del terreno y así tener que ser dentro también ser deportista no dar carta blanco para agredir a nadie animo lunar en tu recuperación
bfff6d158f8b48ba843554dbb82a277f,"ESCÁNDALOS DEPORTIVOS, SERIE NACIONAL, FÚTBOL, BÉISBOL",0,Buena esa amigo. Ese equipo de los no seleccionados puede ganarle a cualquier otro que hagan los sabelotodos de la CNB. Se demuestra a sí la estrechez d emiras de lso qu edirigen el beisbol. Además ignoran al pueblo al no explicar sus decisiones.,cu,0,0,1,0,0,2,0,0,0,buen ese amigo ese equipo de el no seleccionado poder ganar él a cualquiera otro que hacer el sabelotodo de el cnb él demostrar a él el estrechez d emiras de lso qu edirigen el beisbol además ignorar al pueblo al no explicar su decisión
8dccdac603853b2666a484651f97011e,"ESCÁNDALOS DEPORTIVOS, SERIE NACIONAL, FÚTBOL, BÉISBOL",0,"Periodista, pongase del lado del agredido y no le de esa oportunidad a un probado delincuente por tentativa de homicidio y agresion, me sorprende su falta de etica. Su artículo me parece detestable.",cu,0,0,0,0,0,1,0,0,0,periodista pongar del lado del agredido y no él de ese oportunidad a uno probado delincuente por tentativa de homicidio y agresion yo sorprender su falta de etica su artículo yo parecer detestable
4df99752b71672f7ca0380f7bab0bbc5,"ESCÁNDALOS DEPORTIVOS, SERIE NACIONAL, FÚTBOL, BÉISBOL",0,No vale ni rectificacion ni arrepentimiento hay que sancionar la violencia en todas sus formas esos comportamientos salvajes no tienen justificacion las sanciones debieran ser mas duras,cu,0,0,0,0,0,4,0,0,0,no valer ni rectificacion ni arrepentimiento haber que sancionar el violencia en todo su forma ese comportamiento salvaje no tener justificacion el sanción debiser ser mas duro
04d7ef6f88b57f1caaa2aec508a501dd,"ESCÁNDALOS DEPORTIVOS, SERIE NACIONAL, FÚTBOL, BÉISBOL",0,"Preso es lo que lo debían de meter por agresivo y en una cárcel de villa clara los coterraneos de Lunar, para que vea como es la cosa por que no se fajo de caballero, a puñetazos como hacen la personas nobles y valientes.",cu,0,0,0,0,0,1,0,0,0,preso ser él que él deber de meter por agresivo y en uno cárcel de villa claro el coterraneo de lunar para que ver como ser el cosa por que no él fajo de caballero a puñetazo como hacer el persona noble y valiente
9f4af17d53d116bc12bee033025002b4,"ESCÁNDALOS DEPORTIVOS, SERIE NACIONAL, FÚTBOL, BÉISBOL",0,?CON RESPETO DE TODOS PERO LA PELOTA ES UN JUEGO DONDE SE QUIERE GANAR DE DIFERENTE FORMA AL FINAL TENEMOS QUE LOGRAR TENER UN EQUIPO CUBA CON TODO ESA PICARDIA QUE SE A PERDIDO EN LA PELOTA Y TRATAR DE LOGRAR UNA SERIE DEL CARIBE CON TRAQUIMAÑAS Y JUGADAS EBGAÑOSAS DENTRO DEL JUEGO,cu,0,1,38,0,0,0,0,0,0,con respeto de todo pero el pelota ser uno juego donde él querer ganar de diferente forma al final tener que lograr tener uno equipo cuba con todo ese picardia que él a perdido en el pelota y tratar de lograr uno serie del caribe con traquimaña y jugada ebgañosa dentro del juego
f100e4ed10a4a5488e04fd2f99f351ff,"ESCÁNDALOS DEPORTIVOS, SERIE NACIONAL, FÚTBOL, BÉISBOL",0,"SEGUNDAS PARTES NUNCA FUERON BUENAS. ADEMAS EL PROBLEMA DEL BEISBOL EN CUBA NO SE
RESUELVE CAMBIANDO EL DIRECTOR DEL TEAM CUBA, EL PROBLEMA ES MAS PROFUNDO Y DE FORMACION..",cu,0,0,20,0,0,2,0,0,0,segundo parte nunca ser buena adema el problema del beisbol en cuba no él resolver cambiar el director del team cuba el problema ser mas profundo y de formacion
d4f03d15d7e2a27a47bbedb119653151,"ESCÁNDALOS DEPORTIVOS, SERIE NACIONAL, FÚTBOL, BÉISBOL",0,"Parece que el temita este de cr7 y messi es bastante polémico para estas 266 personas que han planteado sus criterios. Para todos ellos les digo que no pierdan más su tiempo en el futbol. Pónganse a trabajar y vean más el béisbol. ABAJO EL FUTBOL CR7, MESSI Y RIBERY",cu,0,0,4,0,0,1,0,0,0,parecer que el temita este de cr7 y messi ser bastante polémico para este 266 persona que haber plantear su criterio para todo él él decir que no perder más su tiempo en el futbol pónganse a trabajar y vean más el béisbol abajo el futbol cr7 messi y ribery
da014ce048b4965c1adbc65007f7177c,"ESCÁNDALOS DEPORTIVOS, SERIE NACIONAL, FÚTBOL, BÉISBOL",0,"?Las Tunas jugo dos juegos con Industriales con el banco y ganaron si hubieran jugado con los regulares no habrían ganado esos juegos, entonces de que se quejan los hubieran eliminado antes",cu,0,1,0,0,0,1,0,0,0,el tuna jugo dos juego con industrial con el banco y ganar si haber jugar con el regular no haber ganar ese juego entonces de que él quejar él haber eliminar antes
20f4083ac216136118f2cb0c82a80d57,"ESCÁNDALOS DEPORTIVOS, SERIE NACIONAL, FÚTBOL, BÉISBOL",0,"Exelente designacion,..Una pata para el comicionado,lo que me preocupa de la pre es Guillermito Aviles de lo mejor
que tenemos en estos momentos en CUBA ,Pedro Leon, Torriente,Borroto, a si como Edilse Silva,,,,,, Por lo demas
OK sin mas LEONEL.",cu,0,0,2,0,0,1,1,0,0,exelente designacion uno pata para el comicionado él que yo preocupar de el pre ser guillermito avil de él mejor que tener en este momento en cuba pedro leon torriente borroto a si como edilse silva por él dema ok sin mas leonel
e69f7924e4c72091d18da2a25d20656e,"ESCÁNDALOS DEPORTIVOS, SERIE NACIONAL, FÚTBOL, BÉISBOL",0,"Siente Pena, pero no arrepentimiento, para nada este muchacho se ha dado cuenta que con su actitud podía haber desgraciado a alguién. Por favor que las autoridades del Inder en Matanzas lo lleven con un psicologo.",cu,0,0,0,0,0,2,0,0,0,sentir pena pero no arrepentimiento para nada este muchacho él haber dar cuenta que con su actitud poder haber desgraciar a alguién por favor que el autoridad del inder en matanza él llevar con uno psicologo
824a8c7fce7e9dc34b679ef1559ef248,"ESCÁNDALOS DEPORTIVOS, SERIE NACIONAL, FÚTBOL, BÉISBOL",0,"?Badboy, recuerda en en la serie del caribe no todos los del equpio Las Tunas irán, lo reforzarán con otros atletas de otras provincias,( las 2/3 partes del equipo actual) seleccionados por la Comisión Nacional. Si la formula no resulta no le achaques toda la culpa a los campeones y al mentor.",cu,0,1,0,0,0,3,0,0,0,badboy recordar en en el serie del caribe no todo el del equpio el tuna ir él reforzar con otro atleta de otro provincia el 2 3 parte del equipo actual seleccionado por el comisión nacional si el formula no resultar no él achaquser todo el culpa a el campeón y al mentor
9b22fdfae1f990f0404a704a64e58cc5,"ESCÁNDALOS DEPORTIVOS, SERIE NACIONAL, FÚTBOL, BÉISBOL",0,"?lo dijo el mismo Anglada: se perdieron juegos que no tenian que perderse.lo demás es hacer leña del árbol caídolas barridas consecurivas con Holguin y Villa Clara fueron fatalesademás señores, esta es la peor version de Industriales que he visto en mi vida y Anglada no es mago..",cu,0,1,0,0,0,2,0,0,0,él decir el mismo anglada él perder juego que no teniar que perder él él demá ser hacer leña del árbol caído el barrida consecuriva con holguin y villa claro ser fatal además señor este ser el peor version de industrial que haber ver en mi vida y anglado no ser mago
48200f4bcb0a33dc0c85c46b9aea30f9,"ESCÁNDALOS DEPORTIVOS, SERIE NACIONAL, FÚTBOL, BÉISBOL",0,"Cuanto esta el partido del Barcelona.
O juegan mañana . Plis la alineacion
Salu2",cu,0,0,0,0,0,0,0,0,0,cuanto este el partido del barcelona o jugar mañana pli el alineacion salu2
00d48b4416aab81a585fae2265812e78,"ESCÁNDALOS DEPORTIVOS, SERIE NACIONAL, FÚTBOL, BÉISBOL",0,"?Que dolor para los comentaristas deportivos cubanos, la comision nacional, los arbritos, pero somos los CAMPEONES, Felicidades Leñadores, muy buen anfitrion Villa Clara.",cu,0,1,1,0,0,0,0,0,0,que dolor para el comentarista deportivo cubano el comision nacional el arbrito pero ser el campeón felicidad leñador mucho buen anfitrion villa claro
a549f9ba6fc44a0106029e91c608dd89,"ESCÁNDALOS DEPORTIVOS, SERIE NACIONAL, FÚTBOL, BÉISBOL",0,ese premio si es merecido porque bastante que se esforzó para hacerce con el y eso es algo digno de aplausos por tratar siempre de ser el mejor en lo que hace,cu,0,0,0,0,0,0,0,0,0,ese premio si ser merecido porque bastante que él esforzar para hacerce con el y ese ser algo digno de aplauso por tratar siempre de ser el mejor en él que hacer
9f75375cf889e168cbceff23444b1f9b,"ESCÁNDALOS DEPORTIVOS, SERIE NACIONAL, FÚTBOL, BÉISBOL",0,"Donde quedó Civil amigos mios por dios ese hombre se merece estar en ese equipo,así dejando buenos mánager
fuera jamas lograremos grandes cosas",cu,0,0,0,0,0,1,0,0,0,donde quedar civil amigo mio por dio ese hombre él merecer estar en ese equipo así dejar buen mánager ser jamas lograr grande cosa
216daf0d881142c9f5aae6e5f02b2527,"ESCÁNDALOS DEPORTIVOS, SERIE NACIONAL, FÚTBOL, BÉISBOL",0,Al que le duela que sufra ahora todos saben quien es el mejor de el mundo sin duda por que el madrilista este año arazo le duplico los goles a messi y a riberi y cuidense este año por que el botin es mio y el balon tambien,cu,0,0,0,0,0,1,0,0,0,al que él duelar que sufrir ahora todo saber quien ser el mejor de el mundo sin duda por que el madrilista este año arazo él duplicar el gol a messi y a riberi y cuidense este año por que el botin ser mio y el balon tambien
8659734701d253c59e46288bf0232a30,"ESCÁNDALOS DEPORTIVOS, SERIE NACIONAL, FÚTBOL, BÉISBOL",0,¡LAGRIMAS DE COCODRILO!,cu,2,0,2,0,0,0,0,0,0,lagrima de cocodrilo
5ce238b3c1e04f81c8a66cc3076f95d0,"ESCÁNDALOS DEPORTIVOS, SERIE NACIONAL, FÚTBOL, BÉISBOL",0,"No acabo de discernir adónde se le atravesó CR-7 a Rubén Uría: será en la garganta o en el trasero?Al final, no importa..!Lo que si puedo asegurar es que a Rubén Uría le duele un universo!",cu,2,1,0,0,0,2,0,0,0,no acabar de discernir adónde él él atravesar cr 7 a rubén uría ser en el garganta o en el trasero al final no importar él que si poder asegurar ser que a rubén uer él doler uno universo
e874f47502bfaae0c2c21c14ca505a2f,"ESCÁNDALOS DEPORTIVOS, SERIE NACIONAL, FÚTBOL, BÉISBOL",0,"publiquen los horarios de los partidos de liga este fin, por favor",cu,0,0,0,0,0,0,0,0,0,publicar el horario de el partido de liga este fin por favor
afdc7f7e3fd315d574f5824d56b8f3a3,"ESCÁNDALOS DEPORTIVOS, SERIE NACIONAL, FÚTBOL, BÉISBOL",0,Tanta gente no pueden estar equivocados.Anglada es el hombre.lo felicito.veran el buen resultado.,cu,0,0,0,0,0,1,0,0,0,tanto gente no poder estar equivocado anglada ser el hombre él felicito verar el buen resultado
1d726c337b20c0494f06a203220e3b3b,"ESCÁNDALOS DEPORTIVOS, SERIE NACIONAL, FÚTBOL, BÉISBOL",0,esto no puede seguir pasando en nuestros terrenos hay que poner fin a las indisciplinas sea quien sea,cu,0,0,0,0,0,1,0,0,0,este no poder seguir pasar en nuestro terreno haber que poner fin a el indisciplina ser quien ser
72e1cfb3366fb81797f810d2bd53236a,"ESCÁNDALOS DEPORTIVOS, SERIE NACIONAL, FÚTBOL, BÉISBOL",0,los madrilistas son como los industrialistas RRREEEPUNANTES.MESI EL MEJOR,cu,0,0,3,0,0,0,2,0,0,el madrilista ser como el industrialista rreepunant mesi el mejor
5c68443a7c42ae24b01af779580d1980,"ESCÁNDALOS DEPORTIVOS, SERIE NACIONAL, FÚTBOL, BÉISBOL",0,"creo que fie una farta de madurez por parte de denis valdez,haber relizado ese hecho, a donde vamos a parar con conductas de esta tipo , a que maten a algien no ,no se puede permitir esto,creo que las meides fueron algo suabe tratandose de seres humanos",cu,0,0,0,0,0,2,0,0,0,creer que fie uno farta de madurez por parte de denis valdez haber relizar ese hecho a donde ir a parar con conducta de este tipo a que matar a algien no no él poder permitir este creer que el meid ser algo suabe tratar él de ser humano
ae80959573a94f36fd6f8d70e5362c44,"ESCÁNDALOS DEPORTIVOS, SERIE NACIONAL, FÚTBOL, BÉISBOL",0,?Toda la polémica esta en q los q escriben en la prensa son de la capital. Y su equipo una vez más no clasificó. No lo h8zo xq no gano los juegos q otros ganaron.   Lo otro es pura justificacion,cu,0,1,0,0,0,3,1,0,0,todo el polémica este en q el q escribir en el prensa ser de el capital y su equipo uno vez más no clasificar no él h8zo xq no ganar el juego q otro ganar él otro ser puro justificacion
697002662fcef65f48e951dc480b388c,"ESCÁNDALOS DEPORTIVOS, SERIE NACIONAL, FÚTBOL, BÉISBOL",0,Alguno de ellos seria titular en el barsa?,cu,0,1,0,0,0,0,0,0,0,alguno de él serio titular en el barsa
f53af9e3669542b288b28678a5f70af8,"ESCÁNDALOS DEPORTIVOS, SERIE NACIONAL, FÚTBOL, BÉISBOL",0,"?QUE COMENTARIO ES ESE,,USTED CREE Q LAS TUNAS NO JUGO CON INTENSIDAD TODA LA SERIE,,PORQUÉ SE MANTUVO TANTO TIEMPO COMO COMO LIDER DE LA SERIE Y CON VENTAJA,,TRAERA MEDALLA DE LA SERIE,,",cu,0,1,25,0,0,1,0,0,0,que comentario ser ese usted creer q el tuna no jugo con intensidad todo el serie porqué él mantener tanto tiempo como como lider de el serie y con ventaja traero medalla de el serie
570b85987323dbb940e667c762c2649c,"ESCÁNDALOS DEPORTIVOS, SERIE NACIONAL, FÚTBOL, BÉISBOL",0,Víctor no le dijo nada pero ya él sabía que iba a batear. Además de cobarde es adivino? Por favor que se haga justicia penalmente.,cu,0,1,0,0,0,2,0,0,0,víctor no él decir nada pero ya él saber que ir a batear además de cobarde ser adivino por favor que él hacer justicia penalmente
b4f16b132cdaae1450611fe49ce6bb5b,"ESCÁNDALOS DEPORTIVOS, SERIE NACIONAL, FÚTBOL, BÉISBOL",0,"Nadie del cuerpo de dirección del equipo campeón, no hay justicia Wilfredo Aroche está en la pre y Yunior Paumier
en holguín, saludos cuba campeón",cu,0,0,0,0,0,2,0,0,0,nadie del cuerpo de dirección del equipo campeón no haber justicia wilfredo aroche estar en el pre y yunior paumier en holguín saludo cuba campeón
bedaf142e562402673b2440a8a18ea98,"ESCÁNDALOS DEPORTIVOS, SERIE NACIONAL, FÚTBOL, BÉISBOL",0,"?Muy buen análisis, Boris, breve y equilibrado. Felicitaciones",cu,0,1,0,0,0,0,0,0,0,mucho buen análisis boris breve y equilibrado felicitación
2bafac21e9ab3e5e662850160723ef6b,"ESCÁNDALOS DEPORTIVOS, SERIE NACIONAL, FÚTBOL, BÉISBOL",0,"Pero verdad que hay que ser ciego y envidioso. Así que la TV cubana a favor de Industriales. Pa empezar na ma, no se a santo de que, si ninguno de los que dirige y casi ninguno de los que trabajan en la TV nacional son habaneros.",cu,0,0,0,0,0,3,0,0,0,pero verdad que haber que ser ciego y envidioso así que el tv cubano a favor de industrial pa empezar no ma no él a santo de que si ninguno de el que dirigir y casi ninguno de el que trabajar en el tv nacional ser habanero
a77522fa40d48993c715c2871f4f717f,"ESCÁNDALOS DEPORTIVOS, SERIE NACIONAL, FÚTBOL, BÉISBOL",0,"hola me llama la atencion como cambian los tiempos Benancio de vendedor en los 80 a DT en los 2000, casi por
unanimidad, ahora recuerdo que el pecado de Urquiola y Paret fue hablar",cu,0,0,0,0,0,0,1,0,0,hola yo llamar el atencion como cambiar el tiempo benancio de vendedor en el 80 a dt en el 200 casi por unanimidad ahora recordar que el pecado de urquiola y paret ser hablar
4a17c578b2a266e1b57519c29cc33a06,"ESCÁNDALOS DEPORTIVOS, SERIE NACIONAL, FÚTBOL, BÉISBOL",0,SEÑOR OPINION  DATO ESTO ES UN PREMIO INDIVIDUAL ADEMAS EL DEPORTE ES COMPETITIVO Y SE TRABAJA Y SE SUEÑA PORQUE SE PREMIEN SUS RESULTADOS.¿POR QUÉ NO?,cu,0,2,17,0,0,1,0,0,0,señor opinion dato este ser uno premio individual adema el deporte ser competitivo y él trabajar y él soñar porque él premien su resultado por qué no
5f283afb23eea3542b5dee0c060b0163,"ESCÁNDALOS DEPORTIVOS, SERIE NACIONAL, FÚTBOL, BÉISBOL",0,SI.SI,cu,0,0,0,0,0,0,0,0,0,si si
67d4b96549f94a0ca30096ad7f3ff526,"ESCÁNDALOS DEPORTIVOS, SERIE NACIONAL, FÚTBOL, BÉISBOL",0,"Bravo, Ronaldo, se hizo justicia (aunque Ribery también lo merecía). Y Messi, cambia esa cara de angustia y se un buen perdedor, que bastante ya lo has ganado y a veces sin merecerlo tanto.",cu,0,0,0,0,0,1,0,0,0,bravo ronaldo él hacer justicia aunque ribery también él merecer y messi cambiar ese cara de angustia y él uno buen perdedor que bastante ya él haber ganar y a veces sin merecer él tanto
72e4563aa77c40dcb94626768de87d72,"ESCÁNDALOS DEPORTIVOS, SERIE NACIONAL, FÚTBOL, BÉISBOL",0,"mire guillermo no quiera poner ahora a demys valdes como un santo y que se fue muy duro con el realmente para hacer un articulo tan parcializado mejor lo hubiera publicado en el Giron, no deberia jugar mas nunca pelota, total para lo que hace",cu,0,0,0,0,0,3,0,0,0,mire guillermo no querer poner ahora a demys vald como uno santo y que él ser mucho duro con el realmente para hacer uno articulo tanto parcializado mejor él haber publicar en el giron no deberio jugar mas nunca pelota total para él que hacer
8745d272acb800cbb4d92271ec8b487e,"ESCÁNDALOS DEPORTIVOS, SERIE NACIONAL, FÚTBOL, BÉISBOL",0,?No se preocupen los industrialistas ciego sera campeon le ganaremos a las tunas y villa clara y la serie que viene acabaremos de rematar a los industriales les daremos el tiro de gracia.,cu,0,1,0,0,0,1,0,0,0,no él preocupen el industrialista ciego sero campeon él ganar a el tuna y villa claro y el serie que venir acabar de rematar a el industrial él dar el tiro de gracia
d03fecf2b6c649a7c7070d3630093057,"ESCÁNDALOS DEPORTIVOS, SERIE NACIONAL, FÚTBOL, BÉISBOL",0,Cañón la jevita del CR7.,cu,0,0,0,0,0,0,0,0,0,cañón el jevita del cr7
4c7d48839fa483d111040747353e9ac6,"ESCÁNDALOS DEPORTIVOS, SERIE NACIONAL, FÚTBOL, BÉISBOL",0,"?Completamente de acuerdo con José Raúl Delgado, ese siempre fué mi criterio, cuando Las tunas jugó con el banco a Industriales se veia bien, ahora a hablar y me gustó lo planteado por Anglada es un caballero cojan ejemplo comentaristas.",cu,0,1,0,0,0,0,0,0,0,completamente de acuerdo con josé raúl delgado ese siempre fué mi criterio cuando el tuna jugar con el banco a industrial él veiar bien ahora a hablar y yo gustar él planteado por anglada ser uno caballero coger ejemplo comentarista
02848c9832aa1d572b11ba4e4a065b48,"ESCÁNDALOS DEPORTIVOS, SERIE NACIONAL, FÚTBOL, BÉISBOL",0,"me alegro por el balon de oro de cristiano se lo merecia y las lagrimas no son motivo de burla sino dignas de admiracion para un hombre que trabajo duro y tuvo meritos en el año como para ser el ganador
es un excelente jugador ,pero.
MESSI ES EL MEJOR DEL MUNDO Y EL MAS GRANDE DE TODOS LOS TIEMPOS",cu,0,0,9,0,0,2,0,0,0,yo alegrar por el balon de oro de cristiano él él merecia y el lagrima no ser motivo de burla sino digna de admiracion para uno hombre que trabajar duro y tener merito en el año como para ser el ganador ser uno excelente jugador pero messi ser el mejor del mundo y el mas grande de todo el tiempo
95889bcce5e6057d1d3f24ee0c2343b7,"ESCÁNDALOS DEPORTIVOS, SERIE NACIONAL, FÚTBOL, BÉISBOL",0,Mis respetos y confianza para Anglada y su equipo de trabajo. !Änimo para pensar y actuar!,cu,2,0,0,0,0,0,0,0,0,mi respeto y confianza para anglada y su equipo de trabajo änimo para pensar y actuar
2cbffaf93cbc0940f3daabed1a7d1b36,"ESCÁNDALOS DEPORTIVOS, SERIE NACIONAL, FÚTBOL, BÉISBOL",0,?Lo que quiso decir es que el campeonato no se había acabado y la prensa y directivos del béisbol ya daban a los gallos eliminados aquí se habla de ética y profesionalidad la de ellos era verde y un chivo se la comió y ahora tienes que rascarse porque la picazón es brava,cu,0,1,0,0,0,1,0,0,0,él que querer decir ser que el campeonato no él haber acabar y el prensa y directivo del béisbol ya dar a el gallo eliminado aquí él hablar de ética y profesionalidad el de él ser verde y uno chivo él él comer y ahora tener que rascar él porque el picazón ser brava
0059ac1f8efefae7d0f9bf1a0387c485,"ESCÁNDALOS DEPORTIVOS, SERIE NACIONAL, FÚTBOL, BÉISBOL",0,"biennn, a convocar yaaa!!!!,",cu,4,0,0,0,0,0,3,0,0,bienn a convocar yaa
a25b76e4c764c8da7bda022214fdf5b9,"ESCÁNDALOS DEPORTIVOS, SERIE NACIONAL, FÚTBOL, BÉISBOL",0,"Sin dudas actuó como un burdo delincuente y creo que merecía una sanción mayor , pero ojo eso no es agua
pasada , ahí tan nuevas indisciplinas de otros , casi en todas las series se dan hechos lamentables.",cu,0,0,0,0,0,2,0,0,0,sin duda actuar como uno burdo delincuente y creer que merecer uno sanción mayor pero ojo ese no ser agua pasado ahí tanto nuevo indisciplina de otro casi en todo el serie él dar hecho lamentable
728b646f3d1a775c38a723528eef2fc2,"ESCÁNDALOS DEPORTIVOS, SERIE NACIONAL, FÚTBOL, BÉISBOL",0,"el balon de oro es un premio individualqué importa que su equipo no haya ganado ningún trofeo. el muchacho se lo merecía, fue el mejor según los númerosy lleva mucho tiempo siendo el mejor lo que luchando por el premio. es una total muestra de perseverancia y de superación. Felicidades a CR7",cu,0,0,0,0,0,2,0,0,0,el balon de oro ser uno premio individual qué importar que su equipo no haber ganar ninguno trofeo el muchacho él él merecer ser el mejor según el número y llevar mucho tiempo ser el mejor él que luchar por el premio ser uno total muestra de perseverancia y de superación felicidad a cr7
e112ca302c9cf941f2ea1219eea31c39,"ESCÁNDALOS DEPORTIVOS, SERIE NACIONAL, FÚTBOL, BÉISBOL",0,"Este artículo, se nota, lo escribio Michel Contreras o uno de sus discípulos. Michel es un excelente periodista, pero como barcelonista fiel lo ciega el fanatismo",cu,0,0,0,0,0,0,0,0,0,este artículo él notar él escribio michel contrera o uno de su discípulo michel ser uno excelente periodista pero como barcelonista fiel él cegar el fanatismo
d0ae6d9977002f947c1fc2698422692c,"ESCÁNDALOS DEPORTIVOS, SERIE NACIONAL, FÚTBOL, BÉISBOL",0,"Ya comenzó mal la preselección. Sigue el regionalismo de los directores de equipo. Que hacen los dos picher de
industriales y el jardinero central en esa preselección.",cu,0,0,0,0,0,0,0,0,0,ya comenzar mal el preselección seguir el regionalismo de el director de equipo que hacer el dos picher de industrial y el jardinero central en ese preselección
0898f00e39c78fe245a9f07cc6a2a4d8,"ESCÁNDALOS DEPORTIVOS, SERIE NACIONAL, FÚTBOL, BÉISBOL",0,yo no se que le esta pasando ultimamente a la prensa y a los periodistas pero la impresion que me dan es que quieren disgustar a los lectores miren el titulo de este acticulo quieren justificar lo mal hecho,cu,0,0,0,0,0,1,0,0,0,yo no él que él este pasar ultimamente a el prensa y a el periodista pero el impresion que yo dar ser que querer disgustar a el lector mirar el titulo de este acticulo querer justificar él mal hacer
1f610ccb0d52705e5c9cba73ff8c0372,"ESCÁNDALOS DEPORTIVOS, SERIE NACIONAL, FÚTBOL, BÉISBOL",0,"?Violín esos equipos de beisbol que juega pelota de manigua tiene mejor balance de ganados y perdidos que tu super equipo que juega pelota de ciudad, no obstante respeta a esos equipos que se ganaron el derecho de estar ahí y nadie le regalo nada, somos de campo es verdad pero tenemos verguenza.",cu,0,1,0,0,0,3,0,0,0,violín ese equipo de beisbol que jugar pelota de manigua tener mejor balance de ganado y perdido que tu super equipo que jugar pelota de ciudad no obstante respetar a ese equipo que él ganar el derecho de estar ahí y nadie él regalar nada ser de campo ser verdad pero tener verguenza
c5f680e62e90921297bf6c58cda6e269,"ESCÁNDALOS DEPORTIVOS, SERIE NACIONAL, FÚTBOL, BÉISBOL",0,"AL periodista qué pésimo mijito, te la comiste, no hay que ser fanático ni nada de eso para darse cuenta que CR7 es sinónimo de perseverancia, exigencia, constancia, dignidad, seriedad y que se ganó ese balón, lo demás es cuento y maraña. No soy psicólogo para darme cuenta que le vas a Messi guarro.",cu,0,0,0,0,0,4,0,0,0,al periodista qué pésimo mijito tú él comiste no haber que ser fanático ni nada de ese para dar él cuenta que cr7 ser sinónimo de perseverancia exigencia constancia dignidad seriedad y que él ganar ese balón él demá ser cuento y maraña no ser psicólogo para dar yo cuenta que él ir a messi guarro
1e7b7f8af95ce679bd7d9f0b38d747a3,"ESCÁNDALOS DEPORTIVOS, SERIE NACIONAL, FÚTBOL, BÉISBOL",0,"Ya lo sabiamos hace semanas, con la preparacion artillera que hizo la prensa, era de esperar.",cu,0,0,0,0,0,0,0,0,0,ya él sabiar hacer semana con el preparacion artillerar que hacer el prensa ser de esperar
7187ecc9e3a9339bd0f26bb8c34948e9,"ESCÁNDALOS DEPORTIVOS, SERIE NACIONAL, FÚTBOL, BÉISBOL",0,"Hizo mucho por su equipo y lo aplaudo pero recuerda que una vez mas portugal esta en el mundial y fue por causa de un hombre, sin embargo Ribery tiene los titulos del año, pero aunque apoyo el solo no confirmo ese equipo",cu,0,0,0,0,0,2,0,0,0,hacer mucho por su equipo y él aplaudo pero recordar que uno vez mas portugal este en el mundial y ser por causa de uno hombre sin embargo ribery tener el titulo del año pero aunque apoyar el solo no confirmar ese equipo
748f794fa11bdd9d1281ab20e0e31c3c,"ESCÁNDALOS DEPORTIVOS, SERIE NACIONAL, FÚTBOL, BÉISBOL",0,?!!!!!!!!! Y dale Juana con la palangana !!!!!!!!!!!!.Hasta cuándo van a llorar por la Leche derramada. Pónganse las pilas y prepárense para el aniversario 501 que en el 500 no cogieron cajitas.,cu,21,1,0,0,0,1,2,0,0,y dale juán con el palangana hasta cuándo ir a llorar por el leche derramado póngansir el pila y prepárense para el aniversario 501 que en el 500 no coger cajita
05fe50c8ab6a07655962b840abb72a5c,"ESCÁNDALOS DEPORTIVOS, SERIE NACIONAL, FÚTBOL, BÉISBOL",0,"Aceptar eso, para el gobierno cubano, es aceptar la migración ilegal, como la que utilizaron la mayoría de los jugadores cubanos en las grandes ligas.",cu,0,0,0,0,0,0,0,0,0,aceptar ese para el gobierno cubano ser aceptar el migración ilegal como el que utilizar el mayoría de el jugador cubano en el grande liga
6626acb91ae96c1701e4b2984a54990d,"ESCÁNDALOS DEPORTIVOS, SERIE NACIONAL, FÚTBOL, BÉISBOL",0,"?Ahora les duele, pero ya no se acuerdan cuando hace unos años industriales ya estaba clasificado y le regaló el juego a la Isla de la Juventud, solo para que Pinar del Río no clasificará y así escoger el rival. En ese momento nadie lo crítico, entonces de que estamos hablando.",cu,0,1,0,0,0,3,0,0,0,ahora él doler pero ya no él acordar cuando hacer uno año industrial ya estar clasificado y él regalar el juego a el isla de el juventud solo para que pinar del río no clasificar y así escoger el rival en ese momento nadie él críticir entonces de que estar hablar
32c62c42f56c2dda5d5ae14dfee9df00,"ESCÁNDALOS DEPORTIVOS, SERIE NACIONAL, FÚTBOL, BÉISBOL",0,"No creo que debía haberse publicado esta entrevista, es mas ni debía haberse realizado, personajes como este no  deben ni tenerse en cuenta. Encuanto a si la acción que cometió estaba preparada o no, talvez nunca lo sabremos pero realmente parecio hasta ensayada",cu,0,0,0,0,0,6,0,0,0,no creer que deber haber él publicar este entrevista ser mas ni deber haber él realizar personaje como este no deber ni tener él en cuenta encuanto a si el acción que cometer estar preparado o no talvez nunca él saber pero realmente parecio hasta ensayado
9bcc57225fea82dcfe0e03fd39373ecd,"ESCÁNDALOS DEPORTIVOS, SERIE NACIONAL, FÚTBOL, BÉISBOL",0,"Quisiera saber que resultados a tenido Rey Vicente Anglada para obtener dicho merito.Con otros tantos otros que
se lo pudieron haber ganado.",cu,0,0,0,0,0,0,0,0,0,quisierar saber que resultado a tenido rey vicente anglado para obtener dicho merito con otro tanto otro que él él poder haber ganar
49cd4d4fefb1f57c2b4c3a34913dd8b5,"ESCÁNDALOS DEPORTIVOS, SERIE NACIONAL, FÚTBOL, BÉISBOL",0,"Lamento haber culpado a Michel Contreras de la autoría de este artículo. Michel es en mi opinión, de los mejores periodistas deportivos de Cuba. Sorry",cu,0,0,0,0,0,0,0,0,0,lamento haber culpar a michel contrera de el autoría de este artículo michel ser en mi opinión de el mejor periodista deportivo de cuba sorry
5abbd9aed8494b70f1d8634c7039030a,"ESCÁNDALOS DEPORTIVOS, SERIE NACIONAL, FÚTBOL, BÉISBOL",0,"Yo nada + digo, Victor Mesa es considerado como el mejor entrenador de CUBA y sin embargo, nunca ha ganado un campeonato no hablen más nada del balón de oro, CR7 es actualmente el mejor del mundoHALA MADRID",cu,0,0,3,0,0,5,0,0,0,yo nada decir victor mesa ser considerar como el mejor entrenador de cuba y sin embargo nunca haber ganar uno campeonato no hablar más nada del balón de oro cr7 ser actualmente el mejor del mundo hala madrid
dab6192522de83613b165b1d36b2585c,"ESCÁNDALOS DEPORTIVOS, SERIE NACIONAL, FÚTBOL, BÉISBOL",0,y nadie ha notado eso que dice con información de Eurosport Yahoo.com ? a ver a que periodista extranjero quieren crucificar,cu,0,1,0,0,0,1,0,0,0,y nadie haber notar ese que decir con información de eurosport yahoo com a ver a que periodista extranjero querer crucificar
4df4ce6048cf0a346cc56c69e6817bcd,"ESCÁNDALOS DEPORTIVOS, SERIE NACIONAL, FÚTBOL, BÉISBOL",0,"La verdad que V.Clara despues de su campeonato a tenido poca suerte en cosas positiva pero lo que hizo Valdes los esta sacando de paso ,el merece esa sanción y otra más.",cu,0,0,0,0,0,0,0,0,0,el verdad que v claro despu de su campeonato a tener poco suerte en cosa positivo pero él que hacer vald el este sacar de paso el merecer ese sanción y otro más
4d0a528d33565439fb60d55c031ef5b8,"ESCÁNDALOS DEPORTIVOS, SERIE NACIONAL, FÚTBOL, BÉISBOL",0,"(Del Blaón ya saben mi opinión) Hablando de otra cosa:
Alguien puede confirmarme si el barza juega hoy la vuelta de la copa?
Y a que hora?",cu,0,2,0,0,0,0,0,0,0,del blaón ya saber mi opinión hablar de otro cosa alguien poder confirmarme si el barza jugar hoy el vuelta de el copa y a que horar
0a773f15834dc79e0116d2dcb536150c,"ESCÁNDALOS DEPORTIVOS, SERIE NACIONAL, FÚTBOL, BÉISBOL",0,"da verguenza que un periodista de cubadebate sea tan mediocre y tan parcialista, primer y ultimo articulo que leo de Rubén Uría, me parece una perdida de tiempo",cu,0,0,0,0,0,0,0,0,0,dar verguenza que uno periodista de cubadebate ser tanto mediocre y tanto parcialista primero y ultimo articulo que leo de rubén uría yo parecer uno perdido de tiempo
fd0a5ebfb56300c75449eea4ff9bab80,"ESCÁNDALOS DEPORTIVOS, SERIE NACIONAL, FÚTBOL, BÉISBOL",0,"Basta ya tenemos que dejar al lado ciertas cosasssss y que vengas esos cubanos jugadores nacidos en la isla que se desempeñan en las Mayores.A ver si asi volvemos hacernos sentir ya basta ya de tanto palo por parte de los asiatico, hay que saber perder pero por favor perder con fuerza.",cu,0,0,0,0,0,0,1,0,0,bastar ya tener que dejar al lado cierto cosass y que vengar ese cubano jugador nacido en el isla que él desempeñar en el mayor a ver si asi volver hacer yo sentir ya bastar ya de tanto palo por parte de el asiatico haber que saber perder pero por favor perder con fuerza
a55e340e2cb8fc087e960194046e4d8b,"ESCÁNDALOS DEPORTIVOS, SERIE NACIONAL, FÚTBOL, BÉISBOL",0,Que bueno ya habia perdido la esperanza de ver a mi Cuba ganar un dia Bueno eso es si aseptamos a los nuestros coming back,cu,0,0,0,0,0,0,0,0,0,que bueno ya habia perdido el esperanza de ver a mi cuba ganar uno dia bueno ese ser si aseptar a el nuestro coming back
372903b10127cec89980aaf097088bff,"ESCÁNDALOS DEPORTIVOS, SERIE NACIONAL, FÚTBOL, BÉISBOL",0,"buen comentario, y al que le duela la verdad que llore igual que anglada, solo que seguro no tendra el
mismo premio",cu,0,0,0,0,0,1,0,0,0,buen comentario y al que él duelar el verdad que llorar igual que anglado solo que seguro no tendrar el mismo premio
109285775b454ce6d117f27584007b3c,"ESCÁNDALOS DEPORTIVOS, SERIE NACIONAL, FÚTBOL, BÉISBOL",0,"El Barca juaga a las 4:00 de Cuba, si alguien sabe la alineacion digamela please.",cu,0,0,0,0,0,0,0,0,0,el barca juagar a el 4 00 de cuba si alguien saber el alineacion digamela please
26019da22ce93771e1734a6b3834439a,"ESCÁNDALOS DEPORTIVOS, SERIE NACIONAL, FÚTBOL, BÉISBOL",0,"pienso que al inflador de Demis Valdes lo deberian dar un batazo igual que el que el le dio a Lunar para que vea que se siente. Lo de la sanción, fue poco, lo menos para él era separación de la SNB por la actitud que tuvo frente a un jugador.",cu,0,0,1,0,0,0,0,0,0,pensar que al inflador de demis vald él deberiar dar uno batazo igual que el que el él dar a lunar para que ver que él sentir él de el sanción ser poco él menos para él ser separación de el snb por el actitud que tener frente a uno jugador
aa06b5710e8478d435b0e060fc5ea393,"ESCÁNDALOS DEPORTIVOS, SERIE NACIONAL, FÚTBOL, BÉISBOL",0,"Neymar, esgince de tobillo, al menos 3 semanas de baja.",cu,0,0,0,0,0,0,0,0,0,neymar esgince de tobillo al menos 3 semana de bajo
8c6b7591eacdf3156383909f25412b1d,"ESCÁNDALOS DEPORTIVOS, SERIE NACIONAL, FÚTBOL, BÉISBOL",0,"?Muy justos los comentarios de Anglada, José Raúl y el redactor, esa es la gran realidad o otro es pura especulación.",cu,0,1,0,0,0,0,0,0,0,mucho justo el comentario de anglada josé raúl y el redactor ese ser el gran realidad o otro ser puro especulación
2219dce90a9aa4f51e88b6e1b2b7a5de,"ESCÁNDALOS DEPORTIVOS, SERIE NACIONAL, FÚTBOL, BÉISBOL",0,?lo que nadie reconoce tampoco es que el unico equipo que se le permitio cambiar todos los refuerzos fue a industriales y aun asi no ganaron cosa q no se debia haber hecho sino se le permitio a nadie mas,cu,0,1,0,0,0,6,0,0,0,él que nadie reconocer tampoco ser que el unico equipo que él él permitio cambiar todo el refuerzo ser a industrial y aun asi no ganar cosa q no él debiar haber hacer sino él él permitio a nadie mas
52085033b04c2500d400a7f5182984ae,"ESCÁNDALOS DEPORTIVOS, SERIE NACIONAL, FÚTBOL, BÉISBOL",0,La FIFA no se ha equivocado de jugador. CR7 ha sido el mejor jugador del 2013 aunque Ribery estuvo batallando hasta el final.Disfruta ese balón Cristiano te lo mereces.,cu,0,0,1,0,0,1,0,0,0,el fifa no él haber equivocar de jugador cr7 haber ser el mejor jugador del 2013 aunque ribery estar batallar hasta el final disfrutar ese balón cristiano tú él merez
524b5b5e5894d86bddded56676a8c881,"ESCÁNDALOS DEPORTIVOS, SERIE NACIONAL, FÚTBOL, BÉISBOL",0,"Pero que hizo Industriales para que Vicente Anglada sea el director del equipo Cuba, si es que no quedaron ente
los 4 mejores de este año, que se está premiendo, no entiendo",cu,0,0,0,0,0,2,0,0,0,pero que hacer industrial para que vicente anglada ser el director del equipo cuba si ser que no quedar ente el 4 mejor de este año que él estar premeir no entender
0303d255422453e407ade2668bf7f009,"ESCÁNDALOS DEPORTIVOS, SERIE NACIONAL, FÚTBOL, BÉISBOL",0,"?NO JUSTIFIQUEN MAS LA DERROTA DE INDUSTRIALES, CADA UNO JUEGA CON LOS QUE QUIERA.",cu,0,1,11,0,0,1,0,0,0,no justificar mas el derrota de industrial cada uno jugar con el que querer
6d32b4ae796962add8be707ab57caf98,"ESCÁNDALOS DEPORTIVOS, SERIE NACIONAL, FÚTBOL, BÉISBOL",0,"?Bravo Anglada, es usted muy profesional. Aunque no soy Industrialista, lo he admirado mucho por esas actitudes que asume. FELICIDADES y le deseo lo mejor del mundo.",cu,0,1,1,0,0,1,0,0,0,bravo anglado ser usted mucho profesional aunque no ser industrialista él haber admirar mucho por ese actitud que asumir felicidad y él desear él mejor del mundo
a8d3a3d906bb8d668e26c6a261a67999,"ESCÁNDALOS DEPORTIVOS, SERIE NACIONAL, FÚTBOL, BÉISBOL",0,Lo merece.,cu,0,0,0,0,0,0,0,0,0,él merecer
77c5357996635514ad319f7aab9fbe12,"ESCÁNDALOS DEPORTIVOS, SERIE NACIONAL, FÚTBOL, BÉISBOL",0,3er lugar en los panamericanos y no clasifica en el premier 12. Ya veran,cu,0,0,0,0,0,1,0,0,0,3er lugar en el panamericano y no clasificar en el premier 12 ya verar
cd065e6f85278c2a4d45bee416e5ee69,"ESCÁNDALOS DEPORTIVOS, SERIE NACIONAL, FÚTBOL, BÉISBOL",0,Ni digas nada es en vano,cu,0,0,0,0,0,2,0,0,0,ni diga nada ser en vano
dfaf4f25e274324cceb10b99235f521c,"ESCÁNDALOS DEPORTIVOS, SERIE NACIONAL, FÚTBOL, BÉISBOL",0,"roberto dice
que nuestro beisbol no ha muerto lo estamos matando ahora",cu,0,0,0,0,0,1,0,0,0,roberto decir que nuestro beisbol no haber morir él estar matar ahora
75110f42fa3e50356a83944f9b05017a,"ESCÁNDALOS DEPORTIVOS, SERIE NACIONAL, FÚTBOL, BÉISBOL",0,"muy buena noticia para el beisbol cubano ,ojala esto no quede solo en un conversacion y se concrete ,solo falta que cuba sea confirmado como miembro pleno de la serie del caribe .Estoy deceoso de viajar a la habana para ir al latino para presenciar un beisbol de alta calidad ,muy buen anoticia esta",cu,0,0,0,0,0,1,0,0,0,mucho buen noticia para el beisbol cubano ojala este no quedar solo en uno conversacion y él concretar solo falta que cuba ser confirmar como miembro pleno de el serie del caribe estar deceoso de viajar a el habana para ir al latino para presenciar uno beisbol de alto calidad mucho buen anoticia este
c7a47d7d47c67b16385ed8d625429e7c,"ESCÁNDALOS DEPORTIVOS, SERIE NACIONAL, FÚTBOL, BÉISBOL",0,Mijo tu eres sordo o ciego tu sabes lo q estas diciendo,cu,0,0,0,0,0,0,0,0,0,mijo tu eres sordo o ciego tu saber él q este decir
c7759676c68055f78e09cb3f3d269c00,"ESCÁNDALOS DEPORTIVOS, SERIE NACIONAL, FÚTBOL, BÉISBOL",0,"El equipo técnico es otro equipo, alguien me puede explicar para que llevan tanta gente.",cu,0,0,0,0,0,0,0,0,0,el equipo técnico ser otro equipo alguien yo poder explicar para que llevar tanto gente
9a567e6ccc7b14f94326b01e9e9ee0c9,"ESCÁNDALOS DEPORTIVOS, SERIE NACIONAL, FÚTBOL, BÉISBOL",0,es decir que no se arrepiente,cu,0,0,0,0,0,1,0,0,0,es decir que no él arrepientar
ba41145405651cc1abdea047b0a59912,"ESCÁNDALOS DEPORTIVOS, SERIE NACIONAL, FÚTBOL, BÉISBOL",0,"que falta de carácter para afrontar lo que hizo, un poco mas y el es la víctima.
Debe afrontar lo que hizo ante la justicia.
Saludos",cu,0,0,0,0,0,0,0,0,0,que faltar de carácter para afrontar él que hacer uno poco mas y el ser el víctima deber afrontar él que hacer ante el justicia saludo
474e206bc7f051f27ccf0f46bd44c7e4,"ESCÁNDALOS DEPORTIVOS, SERIE NACIONAL, FÚTBOL, BÉISBOL",0,los problemas se solucinan hablando ..si eso falla lo ultimo a hacer es coger un bate y salir delante todo el mundo yagredir a otro jugador desarmadocobarde!!.,cu,2,0,0,0,0,0,0,0,0,el problema él solucinar hablar si ese fallar él ultimo a hacer ser coger uno bate y salir delante todo el mundo yagredir a otro jugador desarmado cobarde
763b1c579609b72a66f75d995a238b5a,"ESCÁNDALOS DEPORTIVOS, SERIE NACIONAL, FÚTBOL, BÉISBOL",0,"No creo que con lo que ha dicho este pelotero esté muy arrepentido. Ahora toca preguntar si Victor lo mandó a
darle el batazo a Freddy Asiel.",cu,0,0,0,0,0,1,0,0,0,no creer que con él que haber decir este pelotero estar mucho arrepentido ahora tocar preguntar si victor él mandar a dar él el batazo a freddy asiel
f0badacfd64998680f41f672d68880a6,"ESCÁNDALOS DEPORTIVOS, SERIE NACIONAL, FÚTBOL, BÉISBOL",0,Denis debía ser castigado por la justicia por lo que cometió,cu,0,0,0,0,0,0,0,0,0,denis deber ser castigar por el justicia por él que cometer
3e6c750e3e6dd32d03c27cee376f9c2f,"ESCÁNDALOS DEPORTIVOS, SERIE NACIONAL, FÚTBOL, BÉISBOL",0,"demmis esta bien hecho ,bien por ti ese fredy asiel es un payaso y creo q peloteros como el no deben estar en un team cuba",cu,0,0,0,0,0,1,0,0,0,demmis este bien hecho bien por tú ese fredy asiel ser uno payaso y creer q pelotero como el no deber estar en uno team cuba
9e989533cb644630dea6c5f4892a7ad0,"ESCÁNDALOS DEPORTIVOS, SERIE NACIONAL, FÚTBOL, BÉISBOL",0,?Por el contrario aplausos sostenidos para Holguín por su ética y combatividad hasta el último out del campeonato!!!,cu,3,1,0,0,0,0,1,0,0,por el contrario aplauso sostenido para holguín por su ética y combatividad hasta el último out del campeonato
6fc6a0160aba66eb4e9da32d503cce25,"ESCÁNDALOS DEPORTIVOS, SERIE NACIONAL, FÚTBOL, BÉISBOL",0,"Grande CR!!! Ya eres mejor ser humano!!! Sigue cosechando exitos y ojala nunca mas malinterpreten tu espiritu de superación, de batalla y sobre todo de grandeza futbolistica que es lo que importa verdaderamente Gracias por nacer en estos Tiempo, no se si existio alguien tan completo tú.",cu,6,0,0,0,0,2,2,0,0,grande cr ya ser mejor ser humano seguir cosechar exito y ojala nunca mas malinterpretar tu espiritu de superación de batalla y sobre todo de grandeza futbolistico que ser él que importar verdaderamente gracias por nacer en este tiempo no él si existio alguien tanto completo tú
03aff10b88dd9c180204b7140445c7b6,"ESCÁNDALOS DEPORTIVOS, SERIE NACIONAL, FÚTBOL, BÉISBOL",0,"Que pena con el béisbol y la Comisión de ese deporte que no se respeta, ok hicieron todo lo que pidió Anglada para seleccionarlo, pusieron 8 jugadores del equipo Industriales,por solo 4 del Campeón, los técnicos todos del Occidente. ESPERO QUE GANEN ALGO.",cu,0,0,4,0,0,1,0,0,0,que penar con el béisbol y el comisión de ese deporte que no él respetar ok hacer todo él que pedir anglada para seleccionar él poner 8 jugador del equipo industrial por solo 4 del campeón el técnico todo del occidente esperar que ganar algo
c1a0b87b457f37ffcad3e96dbf9a40d7,"ESCÁNDALOS DEPORTIVOS, SERIE NACIONAL, FÚTBOL, BÉISBOL",0,"?Lucas, Anglada no dijo que Industriales no clasificara por otros. Fue muy valiente y honrado al decir: que perdió juegos que no debió perder. Nunca le echó la culpa a otros.",cu,0,1,0,0,0,4,0,0,0,luca anglado no decir que industrial no clasificar por otro ser mucho valiente y honrar al decir que perder juego que no deber perder nunca él echar el culpa a otro
fce1011876b6469717811919cde6aced,"ESCÁNDALOS DEPORTIVOS, SERIE NACIONAL, FÚTBOL, BÉISBOL",0,"Guillermo eres Periodista o Abogado, trastas de justificar un delito, Entrevista a la Familia de Freddy despues que casi lo pierde, entreviste a propìo lunar que este año ha recibido Varios Pelotasos este año y ahora un batazo de carambola",cu,0,0,0,0,0,0,0,0,0,guillermo ser periodista o abogado trasta de justificar uno delito entrevista a el familia de freddy despu que casi él perder entrevistir a propìo lunar que este año haber recibir varios pelotaso este año y ahora uno batazo de carambola
112148f6029628e7cee18fc649216159,"ESCÁNDALOS DEPORTIVOS, SERIE NACIONAL, FÚTBOL, BÉISBOL",0,"Sinceramente muchas Felicidades a Cristiano se lo merecia y alli demustra la clase de jugador que es  A pesar de seguir al Barcelona hay que reconocer que Cr es un gran Profesional . Pero que lo disfrute porque Leo estoy seguro que no va a dejar pasar otro año
Salu2",cu,0,0,0,0,0,1,0,0,0,sinceramente mucho felicidad a cristiano él él merecia y alli demostrar el clase de jugador que ser a pesar de seguir al barcelona haber que reconocer que cr ser uno gran profesional pero que él disfrutar porque leo estar seguro que no ir a dejar pasar otro año salu2
9567aeb319a3a178c2f28d0c2f051f10,"ESCÁNDALOS DEPORTIVOS, SERIE NACIONAL, FÚTBOL, BÉISBOL",0,"OYE PUBLICADOR DE ESTE ARTICULO MIJO DE DONDE TU SALISTE, O TU NO SABES NA DE FUTBOL O NO SABEN A QUIEN PONER TU NO SABES QUE ESO ES UN PREMIO INDIVIDUAL, POR LOS RESULTADO DE CADA JUGADOR Y NO POR LOS RESULTADO DE CADA EQUIPO, APRENDE A PUBLICAR QUE EL MEJOR ES CR7 22222",cu,0,0,31,0,0,4,1,0,0,oir publicador de este articulo mijo de donde tu saliste o tu no saber na de futbol o no saber a quien poner tú no saber que ese ser uno premio individual por el resultado de cada jugador y no por el resultado de cada equipo aprender a publicar que el mejor ser cr7 22
4fc96c8a4e25d6e1bc913ce96c1c9455,"ESCÁNDALOS DEPORTIVOS, SERIE NACIONAL, FÚTBOL, BÉISBOL",0,fanaticos,cu,0,0,0,0,0,0,0,0,0,fanatico
b921def11326fe61c6bc96a12526e5f1,"ESCÁNDALOS DEPORTIVOS, SERIE NACIONAL, FÚTBOL, BÉISBOL",0,se los dije que este año no hay pa nadie ni pal que viene tanpoco,cu,0,0,0,0,0,3,0,0,0,él él decir que este año no haber pa nadie ni pa l que venir tanpoco
504cedd3706b518d08ad19c0be58ec53,"ESCÁNDALOS DEPORTIVOS, SERIE NACIONAL, FÚTBOL, BÉISBOL",0,tronco de descarado es lo que es !!!,cu,3,0,0,0,0,0,1,0,0,tronco de descarado ser él que ser
6878c61e0a8a6552d0509b0d05e99531,"ESCÁNDALOS DEPORTIVOS, SERIE NACIONAL, FÚTBOL, BÉISBOL",0,"?Disculpen, se me olvidaba comentar que soy de los Vegueros, el unico que gano la serie del Caribe jajajaja",cu,0,1,0,0,0,0,0,0,0,disculpir él yo olvidar comentar que ser de el veguero el unico que ganar el serie del caribe jajajajar
c7c6579c8a20c936ff549e1efd88254a,"ESCÁNDALOS DEPORTIVOS, SERIE NACIONAL, FÚTBOL, BÉISBOL",0,"NADA JUSTIFICA LA VIOLENCIA. ASÍ QUE UN POCO FUERTE? LO QUE TIENE ES QUE PAGAR POR HABER COMETIDO, MÁS QUE UNA INDISCIPLINA ES UN DELITO. AUNQUE SU OBJETIVO NO ERA LUNAR, PERO AHORA QUEDA CLARO QUE TENÍA INTENCIÓN DE GOLPEAR Y PUDO HABER SIDO FATAL.",cu,0,1,35,0,0,2,0,0,0,nada justificar el violencia así que uno poco fuerte él que tener ser que pagar por haber cometer más que uno indisciplina ser uno delito aunque su objetivo no ser lunar pero ahora quedar claro que tener intención de golpear y poder haber ser fatal
d88f58e0a853ca2a65951a6ae9764293,"ESCÁNDALOS DEPORTIVOS, SERIE NACIONAL, FÚTBOL, BÉISBOL",0,"?Lo que es lamentable es que se haga articulos de eset tipo, ahora que es industriales.. cuando matanzas se dejo ganar para eliminar a ciego no lei nada en cubadebate",cu,0,1,0,0,0,2,0,0,0,él que ser lamentable ser que él hacer articulo de eset tipo ahora que ser industrial cuando matanza él dejo ganar para eliminar a ciego no lei nada en cubadebate
f98557a86e7a02659db0cd2a510c032e,"ESCÁNDALOS DEPORTIVOS, SERIE NACIONAL, FÚTBOL, BÉISBOL",0,?Una pregunta y ya iremos como un equipo oficial de la serie o seguimos de invitado ? Se que hay premios para los primeros lugares de este torneo ya Cuba los puede cobrar o no .saludos,cu,0,2,0,0,0,1,0,0,0,uno pregunta y ya ir como uno equipo oficial de el serie o seguir de invitado él que haber premio para el primero lugar de este torneo ya cuba él poder cobrar o no saludo
177931dc73fdcfadf3d22ea20885b666,"ESCÁNDALOS DEPORTIVOS, SERIE NACIONAL, FÚTBOL, BÉISBOL",0,"También pienso que es una burla al sentido común de los cubanos,el senor Civil tiene que estar en ese
equipo,de lo contrario nadie sentirá motivaciones para guiar un equipo a ningún lugar.menos a la serie
nacional..la comisión nacional y Anglada se equivocan en esta injusticia..",cu,0,0,0,0,0,2,0,0,0,también pensar que ser uno burla al sentido común de el cubano el senor civil tener que estar en ese equipo de él contrario nadie sentir motivación para guiar uno equipo a ninguno lugar menos a el serie nacional el comisión nacional y anglado él equivocar en este injusticia
2f42fd1f33735a3e8ca56afd37d6e08f,"ESCÁNDALOS DEPORTIVOS, SERIE NACIONAL, FÚTBOL, BÉISBOL",0,"9? DERRIBAN A CRISTIANO CUANDO SALÍA AL CONTRAGOLPE!!
7? TARJETA AMARILLA PARA ORIOL RIERA QUE PROTESTÓ EN EL BANQUILLO! SE CALIENTA EL PÚBLICO",cu,3,2,15,0,0,0,0,0,0,9 derrir a cristiano cuando salir al contragolpe 7 tarjeta amarillo para oriol riera que protestar en el banquillo él calentar el público
650de0a926c72267bb8c338aa019ea1b,"ESCÁNDALOS DEPORTIVOS, SERIE NACIONAL, FÚTBOL, BÉISBOL",0,Estoy muy emocionada porque Víctor Mesa dirigirá el equipo de beisbol contra el equipo de Tampa Bay Rays. Soy matancera y estoy muy orgullosa de nuestro director,cu,0,0,0,0,0,0,0,0,0,estar mucho emocionado porque víctor més dirigir el equipo de beisbol contra el equipo de tampa bay rays ser matancera y estar mucho orgulloso de nuestro director
13adde16c09cd62d2458ed4b770f39f7,"ESCÁNDALOS DEPORTIVOS, SERIE NACIONAL, FÚTBOL, BÉISBOL",0,que falta de respeto al deporte a sus compañeros y a la audiencia,cu,0,0,0,0,0,0,0,0,0,que faltar de respeto al deporte a su compañero y a el audiencia
9a95a1926c9687f704a91cac0e8eb91d,"ESCÁNDALOS DEPORTIVOS, SERIE NACIONAL, FÚTBOL, BÉISBOL",0,"?Se debe dejar elegir a Pablo Civil y su directivo, aunque el equipo de Las Tunas, que demostrò en el terreno ser el mejor, està bastante completo, solo le faltarìa fortalecer màs su picheo, tiene condiciones para ganar tambièn en la serie del caribe.3",cu,0,1,0,0,0,0,0,0,0,él deber dejar elegir a pablo civil y su directivo aunque el equipo de el tuna que demostrò en el terreno ser el mejor està bastante completo solo él faltarìa fortalecer màs su picheo tener condición para ganar tambièn en el serie del caribe 3
645055c523587c92054bff3d10ed88ed,"ESCÁNDALOS DEPORTIVOS, SERIE NACIONAL, FÚTBOL, BÉISBOL",0,LLoron eres el mejor lloron de la historia.jajajaja,cu,0,0,0,0,0,0,0,0,0,lloron ser el mejor lloron de el historia jajajajo
a9e500ef5d280ea675f160f71c22620a,"ESCÁNDALOS DEPORTIVOS, SERIE NACIONAL, FÚTBOL, BÉISBOL",0,"Violencia genera violencia, y más violento y déspota que VM32 no lo hay",cu,0,0,0,0,0,1,0,0,0,violencia generar violencia y más violento y déspoto que vm32 no él haber
fda1963316b439808d1133e6ba8e9c79,"ESCÁNDALOS DEPORTIVOS, SERIE NACIONAL, FÚTBOL, BÉISBOL",0,"Sin dudas actuó como un burdo delincuente y creo que merecía una sanción mayor , pero ojo eso no es agua pasada , ahí tan nuevas indisciplinas de otros , casi en todas las series se dan hechos lamentables.",cu,0,0,0,0,0,2,0,0,0,sin duda actuar como uno burdo delincuente y creer que merecer uno sanción mayor pero ojo ese no ser agua pasado ahí tanto nuevo indisciplina de otro casi en todo el serie él dar hecho lamentable
5e51b4cc67e859216ea06e2cd36b8965,"ESCÁNDALOS DEPORTIVOS, SERIE NACIONAL, FÚTBOL, BÉISBOL",0,"Baya publicación barata y penosa esta, deberia darle verguenza al que publico tal chapusería antiprofesional..",cu,0,0,0,0,0,0,0,0,0,bayar publicación barato y penoso este deberio dar él verguenza al que publico tal chapuseer antiprofesional
2d79466065d1a3eb80e8e0862b386317,"ESCÁNDALOS DEPORTIVOS, SERIE NACIONAL, FÚTBOL, BÉISBOL",0,hipocrita y mentiroso asi que fueron duro con el vaya increible y ni una mencion al estado de salud de rampn lunar ni preocupacion ni nada,cu,0,0,0,0,0,4,0,0,0,hipocrito y mentiroso asi que ser duro con el vaya increible y ni uno mencion al estado de salud de rampn lunar ni preocupacion ni nada
b119623a03335d3fef2c4e962e058c88,"ESCÁNDALOS DEPORTIVOS, SERIE NACIONAL, FÚTBOL, BÉISBOL",0,"?A ese equipo solo le falta una tercera base que pudiera ser Raúl Gonzáles o Yeferson el de matanzas, también le falta dos o tres pichers que tiren más de 90 millas y olvidarse de nombres. saludos",cu,0,1,0,0,0,0,0,0,0,a ese equipo solo él faltar uno tercero base que poder ser raúl gonzál o yeferson el de matanza también él faltar dos o tres picher que tirir más de 90 milla y olvidar él de nombre saludo
2545e4d99650a85257e73409b0d6c9a5,"ESCÁNDALOS DEPORTIVOS, SERIE NACIONAL, FÚTBOL, BÉISBOL",0,"con todo respeto profe, dirá q los q no saben de pelota, los q vieron pelota ayer, como usted, votarán en contra de esa decisión. Yo estoy feliz con Anglada, segura estoy de q Cuba hará un mejor papel.",cu,0,0,0,0,0,1,0,0,0,con todo respeto profe decir q el q no saber de pelota el q ver pelota ayer como usted votar en contra de ese decisión yo estar feliz con anglada seguro estar de q cuba hacer uno mejor papel
99a9d6bf3cafda23ce6e8d606fd9cbf6,"ESCÁNDALOS DEPORTIVOS, SERIE NACIONAL, FÚTBOL, BÉISBOL",0,concuerdo contigo 100%,cu,0,0,0,0,0,0,0,0,0,concuerdo contigo 100
eb59bf11461725b27b1161c8bedf988b,"ESCÁNDALOS DEPORTIVOS, SERIE NACIONAL, FÚTBOL, BÉISBOL",0,Clarence Seedorf acaba de ser nombrado nuevo entrenador del Milán,cu,0,0,0,0,0,0,0,0,0,clarence seedorf acabar de ser nombrar nuevo entrenador del milán
781bed669324f883ea008e6bbe677f88,"ESCÁNDALOS DEPORTIVOS, SERIE NACIONAL, FÚTBOL, BÉISBOL",0,"asesino es lo que eres, el culpable mayor es VM , engendro del mal.",cu,0,0,0,0,0,0,0,0,0,asesino ser él que ser el culpable mayor ser vm engendro del mal
b94a45a3524826b4b0f22a65348dd4b4,"ESCÁNDALOS DEPORTIVOS, SERIE NACIONAL, FÚTBOL, BÉISBOL",0,"Bueno y el director del equipo campeón donde está, ni siquiera invitado al colectivo técnico de los entrenadores,
aparecen nombres Victor Figueroa último lugar en este campeonato.entre otros nombres.",cu,0,0,0,0,0,1,2,0,0,bueno y el director del equipo campeón donde estar ni siquiera invitado al colectivo técnico de el entrenador aparecer nombre victor figueroa último lugar en este campeonato entre otro nombre
a5e524c87f1114f30899651e69d5e485,"ESCÁNDALOS DEPORTIVOS, SERIE NACIONAL, FÚTBOL, BÉISBOL",0,"?bueno fin de la sita, ya estan clasificados los q tenian q estar en la final., hay q reconocer el gran esfuerso de los azules por clasificar. pero bueno son un gran equipo pero no le fue suficiente las victorias sera para la proxima MARVIN.",cu,0,1,1,0,0,1,0,0,0,bueno fin de el sito ya estar clasificado el q teniar q estar en el final haber q reconocer el gran esfuerso de el azul por clasificar pero bueno ser uno gran equipo pero no él ser suficiente el victoria sero para el proximo marvin
f033a310e13ff3b23ef1c31dc58e882d,"ESCÁNDALOS DEPORTIVOS, SERIE NACIONAL, FÚTBOL, BÉISBOL",0,"Y todavia tiene la cara de decir que la medida fue un poco fuerte, no se como a los periodistas no les da pena
publicar esto.",cu,0,0,0,0,0,2,0,0,0,y todavia tener el cara de decir que el medida ser uno poco fuerte no él como a el periodista no él dar pena publicar este
493facd930939981e4cef7068cc304d2,"ESCÁNDALOS DEPORTIVOS, SERIE NACIONAL, FÚTBOL, BÉISBOL",0,"?Muchas felicidades a todo el balcón de oriente, muy merecido resultado, es un equipo contante en los últimos tiemposSoy de Holguín pero me enorgullezco de cualquiera de los equipos orientales.",cu,0,1,0,0,0,0,0,0,0,mucho felicidad a todo el balcón de oriente mucho merecido resultado ser uno equipo contante en el último tiempo ser de holguín pero yo enorgullezco de cualquiera de el equipo oriental
efdbb4049ff41baf3b309e52d0edc57c,"ESCÁNDALOS DEPORTIVOS, SERIE NACIONAL, FÚTBOL, BÉISBOL",0,"No entiendo que hacen los jugadores que juegan en Japon en la preselección de un equipo Cuba a unos
panamericanos. Acaso Dominicana, Puerto Rico, Venezuela, Mexico, EEUU, Canada, asistirán con sus peloteros
de Grandes Ligas. Por favor, hasta cuando el triunfalismo nos va a matar!!!!!!",cu,6,0,1,0,0,1,1,0,0,no entender que hacer el jugador que jugar en japon en el preselección de uno equipo cuba a uno panamericano acaso dominicano puerto rico venezuela mexico eeuu canado asistir con su pelotero de grande liga por favor hasta cuando el triunfalismo yo ir a matar
ca6590c11b7c789a1f7b4c52bbe61b3f,"ESCÁNDALOS DEPORTIVOS, SERIE NACIONAL, FÚTBOL, BÉISBOL",0,"Aqui todos sabemos que aunque se diga que no hay regionalismo si existe en la pelota,visto esta que un
equipo que termina en quinto lugar tiene 6 integrantes en la preselección,estan comprometidos,pueden dar mil explicaciones pero es asi",cu,0,0,0,0,0,1,0,0,0,aqui todo saber que aunque él decir que no haber regionalismo si existir en el pelota visto este que uno equipo que terminar en quinto lugar tener 6 integrante en el preselección estar comprometido poder dar mil explicación pero ser asi
e8c494251f29a17d6d299fc026826157,"ESCÁNDALOS DEPORTIVOS, SERIE NACIONAL, FÚTBOL, BÉISBOL",0,que jueguen con el cuerpo tecnico que tienen para hacer un equipo mejor.oyeee como hay gente ahí,cu,0,0,0,0,0,0,1,0,0,que jugar con el cuerpo tecnico que tener para hacer uno equipo mejor oyee como haber gente ahí
c7ebeea8e889c90e639312a20977fd14,"ESCÁNDALOS DEPORTIVOS, SERIE NACIONAL, FÚTBOL, BÉISBOL",0,eso no estuvo bien por denis valdez,cu,0,0,0,0,0,1,0,0,0,ese no estar bien por denis valdez
f070564140953af10d08e019f7bcb5c6,"ESCÁNDALOS DEPORTIVOS, SERIE NACIONAL, FÚTBOL, BÉISBOL",0,"Es evidente que este mamotreto de Eurosport es lo que hubiese querido expresar quien lo publica aquí.
Siempre están pegando artículos de este y As.com los sitios más mierderos.",cu,0,0,0,0,0,0,0,0,0,ser evidente que este mamotreto de eurosport ser él que haber querer expresar quien él publicar aquí siempre estar pegar artículo de este y os com el sitio más mierdero
1ae546084f38461ac25e1db265ab9da2,"ESCÁNDALOS DEPORTIVOS, SERIE NACIONAL, FÚTBOL, BÉISBOL",0,"A Cristi le dieron el balón para qu siga en la competencia con Messi porque si coge el 5to el animal que se ahorque, lloró porque al ver que era de él balón de oro formó un espectáculo para hacerse el sentimental, pero eso no hay quien se lo crea.
A parte tremendo gol de Ibrahimovic, otro crack.",cu,0,0,0,0,0,1,0,0,0,a cristi él dar el balón para qu seguir en el competencia con messi porque si coger el 5to el animal que él ahorcar llorar porque al ver que ser de él balón de oro formar uno espectáculo para hacer él el sentimental pero ese no haber quien él él creer a parte tremendo gol de ibrahimovic otro crack
c2ee5cd2a2d3b96a856a80d4a26ae078,"ESCÁNDALOS DEPORTIVOS, SERIE NACIONAL, FÚTBOL, BÉISBOL",0,"Demis, tú intentaste MATAR a Freddy y deberías estar preso. A Matanzas le estorba Freddy y a Víctor también.
Porque Víctor, tan exigente que es, no te cayó a piñasos y te sancionan de por vida, porque eres antideportivo, asesino y pendejo(hubieras ido sin bate. No mereces jugar más.",cu,0,0,1,0,0,3,0,0,0,demis tú intentastir matar a freddy y debería estar preso a matanza él estorbar freddy y a víctor también porque víctor tanto exigente que ser no tú caer a piñaso y tú sancionar de por vida porque ser antideportivo asesino y pendejo hubiera ir sin bate no merez jugar más
bb92149a66c5c422d7b7c0d2c79b6577,"ESCÁNDALOS DEPORTIVOS, SERIE NACIONAL, FÚTBOL, BÉISBOL",0,?Para los industrialistas digan de que ética presumen y les dire lo que les falla por eso es el no haber clasificado.,cu,0,1,0,0,0,1,0,0,0,para el industrialista decir de que ética presumar y él dirar él que él fallar por ese ser el no haber clasificar
719f6ada0c835b4bd93097f3a8ce9725,"ESCÁNDALOS DEPORTIVOS, SERIE NACIONAL, FÚTBOL, BÉISBOL",0,"?Lalalala Industriales para la tonga jajajaja Estoy feliz Bravo mi equipo Las Tunas, ahora a llevarse el campeonato Dale que tu si puedes Adelante mis bravos guerreros Las Tunas CAMPEÓN",cu,0,1,1,0,0,0,0,0,0,lalalala industrial para el tonga jajajajo estar feliz bravo mi equipo el tuna ahora a llevar él el campeonato dalar que tu si poder adelante mi bravo guerrero el tuna campeón
7be01c2ed79bfc3615da4f252b4ac173,"ESCÁNDALOS DEPORTIVOS, SERIE NACIONAL, FÚTBOL, BÉISBOL",0,"Al fin desperto el Comisionado Nacional de nuestro deporte nacional los DT que ganan por sus existos y saben
llevar un equipo con las deficiencias que tengan a jugar para ganar gracias de verdad que fuimos oidos",cu,0,0,0,0,0,0,0,0,0,al fin desperto el comisionado nacional de nuestro deporte nacional el dt que ganar por su existo y saber llevar uno equipo con el deficiencia que tener a jugar para ganar gracia de verdad que ir oido
cd25c463043899f46e951c352c372ed0,"ESCÁNDALOS DEPORTIVOS, SERIE NACIONAL, FÚTBOL, BÉISBOL",0,?Estaban jugando al suave en el juego de las villas vs ciego una falta de respeto,cu,0,1,0,0,0,0,0,0,0,estar jugar al suave en el juego de el villa vs ciego uno falta de respeto
ab508554ebfdf687db005c0dc8463299,"ESCÁNDALOS DEPORTIVOS, SERIE NACIONAL, FÚTBOL, BÉISBOL",0,sigan actualizando el partido del barcelona,cu,0,0,0,0,0,0,0,0,0,seguir actualizar el partido del barcelona
1905439d1a5527a8fbb9ff726ef8a53b,"ESCÁNDALOS DEPORTIVOS, SERIE NACIONAL, FÚTBOL, BÉISBOL",0,"El rival da lastima, esta Liaga da grima. Ayer fantastico gol de messi.",cu,0,0,0,0,0,0,0,0,0,el rival dar lastimo este liaga dar grimo ayer fantastico gol de messi
b3eb988e4b67004bcf07303cac75ca6e,"ESCÁNDALOS DEPORTIVOS, SERIE NACIONAL, FÚTBOL, BÉISBOL",0,?estoy de acuedo con lo que manifesto Jose raul ya que si hubiera otro equipo que no fuera industriales nadie tiria nada por eso pero como fue industriale los fanaticos de ese eqipo protestan,cu,0,1,0,0,0,3,0,0,0,estar de acuedo con él que manifesto jo él raul ya que si haber otro equipo que no ser industrial nadie tirio nada por ese pero como ser industrialar el fanatico de ese eqipo protestar
9f69f11460494daf360f807b4622c4d1,"ESCÁNDALOS DEPORTIVOS, SERIE NACIONAL, FÚTBOL, BÉISBOL",0,"?No hablen boberias que a todo el mundo le combenia que industriales no clasificara.Fue el mejor equipo en los octavos asi que a llorar para su casa,el año que viene nos cojemos.",cu,0,1,0,0,0,2,0,0,0,no hablar boberia que a todo el mundo él combenio que industrial no clasificar ser el mejor equipo en el octavo asi que a llorar para su casa el año que venir yo cojer
3f2bb51363e733ed95a8361ef83c3e29,"ESCÁNDALOS DEPORTIVOS, SERIE NACIONAL, FÚTBOL, BÉISBOL",0,Total falta de respeto..,cu,0,0,0,0,0,0,0,0,0,total falta de respeto
757f3df59e96e200eb8216d99565c746,"ESCÁNDALOS DEPORTIVOS, SERIE NACIONAL, FÚTBOL, BÉISBOL",0,HOLA POR QUE CRITICAR A FREDIASIEL PUES ESTOY SEGURO QUE EL NO LO GOLPIO A DRES,cu,0,0,11,0,0,1,0,0,0,holar por que criticar a frediasiel pues estar seguro que el no él golpear a dr
ef6a385708dcf7f6547ba31c2c448368,"ESCÁNDALOS DEPORTIVOS, SERIE NACIONAL, FÚTBOL, BÉISBOL",0,Si Yasser como yo se que no eres cuerdo y no analisas para que perder el tiempo contigo.,cu,0,0,0,0,0,2,0,0,0,si yasser como yo él que no ser cuerdo y no analisa para que perder el tiempo tú
1ea2f6b3c506514da75f4b3286ade52c,"ESCÁNDALOS DEPORTIVOS, SERIE NACIONAL, FÚTBOL, BÉISBOL",0,?Usted está equibocado hay Danel Castro para rato y preparece porque va tener muchas solpresas en la serie del Caribe,cu,0,1,0,0,0,0,0,0,0,usted estar equibocado haber danel castro para rato y preparecir porque ir tener mucho solpresa en el serie del caribe
6f5052621e46a7f9f2d5f53cb245b47e,"ESCÁNDALOS DEPORTIVOS, SERIE NACIONAL, FÚTBOL, BÉISBOL",0,y una mala noticia para Cuba.,cu,0,0,0,0,0,0,0,0,0,y uno malo noticia para cuba
22401778baf1afa1e32887de60478148,"ESCÁNDALOS DEPORTIVOS, SERIE NACIONAL, FÚTBOL, BÉISBOL",0,"deberian suspenderlo de por vida, es la antitesis del deporte",cu,0,0,0,0,0,0,0,0,0,deberiar suspender él de por vida ser el antitesis del deporte
e1013ee86520ea48d24ab329de3760fb,"ESCÁNDALOS DEPORTIVOS, SERIE NACIONAL, FÚTBOL, BÉISBOL",0,"Eso de Cristiano es tipico del Madrid, lloran mucho, sobre todo para ganar",cu,0,0,0,0,0,0,0,0,0,ese de cristiano ser tipico del madrid llorar mucho sobre todo para ganar
82ebd2adc74c860477188cfbbb577912,"ESCÁNDALOS DEPORTIVOS, SERIE NACIONAL, FÚTBOL, BÉISBOL",0,"bien dado esta cristiano se lo merece , y al fin ya no es messi que mas bien la gente esta obsecionado con el, el mas cheo de la gala que deberia de cambiar del barsa para ver que da , y de ver que hace con la seleccion ya que siempre queda mal con ella . felicidades ronaldo .",cu,0,0,0,0,0,1,0,0,0,bien dar este cristiano él él merecer y al fin ya no ser messi que mas bien el gente este obsecionado con el el ma cheo de el gala que deberio de cambiar del barsa para ver que dar y de ver que hacer con el seleccion ya que siempre quedar mal con él felicidad ronaldo
9419b1b0b8ab940892c9e0b747275542,"ESCÁNDALOS DEPORTIVOS, SERIE NACIONAL, FÚTBOL, BÉISBOL",0,que es estono lo puedo creer,cu,0,0,0,0,0,1,1,0,0,que ser este no él poder creer
19dc338e3a11ce4fd62361677757dbc1,"ESCÁNDALOS DEPORTIVOS, SERIE NACIONAL, FÚTBOL, BÉISBOL",0,"Gran artículo.
Obviamente una flagrante ofensa para las seguidoras de Cristiano (que no ven futbol obviamente)pero asi es la cosa: LA VERDAD DUELE.",cu,0,0,2,0,0,1,0,0,0,gran artículo obviamente uno flagrante ofensa para el seguidora de cristiano que no ver futbol obviamente pero asi ser el cosa el verdad doler
9a07a2591881bcebdb636d3690d34c9b,"ESCÁNDALOS DEPORTIVOS, SERIE NACIONAL, FÚTBOL, BÉISBOL",0,"?Estoy totalmente de acuerdo con el comentario que hizo Anglada al respecto, Industriales perdió algunos juegos que no debió perder, aunque no estoy de acuerdo con lo expresado por Delgado.",cu,0,1,0,0,0,2,0,0,0,estar totalmente de acuerdo con el comentario que hacer anglado al respecto industrial perder alguno juego que no deber perder aunque no estar de acuerdo con él expresado por delgado
cd9b27be3e58346d6972ffbe393f22d7,"ESCÁNDALOS DEPORTIVOS, SERIE NACIONAL, FÚTBOL, BÉISBOL",0,"Bueno si imitan a holliwood,es por que son los mejores a quien van a imitar a la seleccion de refuersos de cuba,verdad que siempre tienen que tirar sus tallas,buen premio para CR 7 no me gusta el soccer pero felicidades.",cu,0,0,0,0,0,1,0,0,0,bueno si imitar a holliwood ser por que ser el mejor a quien ir a imitar a el seleccion de refuerso de cuba verdad que siempre tener que tirar su talla buen premio para cr 7 no yo gustar el soccer pero felicidad
4804f8b2a40abb35ff415ea69794a32b,"ESCÁNDALOS DEPORTIVOS, SERIE NACIONAL, FÚTBOL, BÉISBOL",0,"Estoy de acuerdo con la participación de los peloteros cubanos que juegan en las mayores, pero me niego a la presencia de los Gurrieles por la forma en que se fueron.",cu,0,0,0,0,0,0,0,0,0,estar de acuerdo con el participación de el pelotero cubano que jugar en el mayor pero yo negar a el presencia de el gurriel por el forma en que él ser
3ba3ea63e547da44d4cf16fa9a1fe4a5,"ESCÁNDALOS DEPORTIVOS, SERIE NACIONAL, FÚTBOL, BÉISBOL",0,TREMENDA ESTAFA HABERLE DADO EL BALÓN DE ORO A LA YEGUA ESA DE CRISTIANO,cu,0,0,9,0,0,0,0,0,0,tremendo estafa haber él dar el balón de oro a el yegua ese de cristiano
55b823403528f14ffc5685cb4b279487,"ESCÁNDALOS DEPORTIVOS, SERIE NACIONAL, FÚTBOL, BÉISBOL",0,"Hay Verena, parece que en la vida nadie tiene derecho a equivocarse. no debió haberlo hecho pero me parece que tu inteligencia mental es mucho menos que la pobreza defensiva de él.
Por dDios mija",cu,0,0,0,0,0,2,0,0,0,haber verena parecer que en el vida nadie tener derecho a equivocar él no deber haber él hacer pero yo parecer que tu inteligencia mental ser mucho menos que el pobreza defensivo de él por ddio mijo
7b7d5f1e561baf71075f3ae83a5b94b7,"ESCÁNDALOS DEPORTIVOS, SERIE NACIONAL, FÚTBOL, BÉISBOL",0,?Creo deben aprovechar que el Latino no tiene juegos y arreglar sus banquetas. La higiene de los baños y pisos y valorar un poco las posibles ofertas y sus normas para la proxima temporada para hacerle honor Al Respetable Publico. Que bien se lo merece.,cu,0,1,0,0,0,1,0,0,0,creer deber aprovechar que el latino no tener juego y arreglar su banqueta el higiene de el baño y piso y valorar uno poco el posible oferta y su norma para el proximo temporada para hacer él honor al respetable publico que bien él él merecer
635177849a9c587c850a640814ad26e1,"ESCÁNDALOS DEPORTIVOS, SERIE NACIONAL, FÚTBOL, BÉISBOL",0,"parece, que desde hace 24 horas Cristiano es el mejor del mundo.
Que aproveche que el año que viene es poco probable que el mejor esté de nuevo lesionado.",cu,0,0,0,0,0,0,0,0,0,parecer que desde hacer 24 hora cristiano ser el mejor del mundo que aprovechar que el año que venir ser poco probable que el mejor estar de nuevo lesionado
89a7563e7bb123566913591bd2a2c9ff,"ESCÁNDALOS DEPORTIVOS, SERIE NACIONAL, FÚTBOL, BÉISBOL",0,"CR-7 es el mejor y bien merecido. Que ese periodista deje el bla, bla, bla que se lo ganó. Si el año que viene no es así está bien, pero este año no tiene discusión, que Ribery ni Ribery.",cu,0,0,0,0,0,3,0,0,0,cr 7 ser el mejor y bien merecido que ese periodista dejar el bla bla bla que él él ganar si el año que venir no ser así estar bien pero este año no tener discusión que ribery ni ribery
6d8d5cfffe24b61ca659051ad87d7e17,"ESCÁNDALOS DEPORTIVOS, SERIE NACIONAL, FÚTBOL, BÉISBOL",0,QUIERO UNA ENTREVISTA CON FREDDY ASSIELLLLLL!!!!!!!!!!!!,cu,12,0,6,0,0,0,2,0,0,querer uno entrevista con freddy assiell
25e12d0fe3728ac15abdee22c0f7b9d1,"ESCÁNDALOS DEPORTIVOS, SERIE NACIONAL, FÚTBOL, BÉISBOL",0,?Soy azul pero reconozco q industriales perdio su clasificacion por su mal comienzo en la 2da face y la cantida de estelares lesionados q al parecer sus lesiones desaparecieron cuando ya era tarde.Me disculpan por las dudas,cu,0,1,0,0,0,0,0,0,0,ser azul pero reconocer q industrial perdio su clasificacion por su mal comienzo en el 2da facir y el cantida de estelar lesionado q al parecer su lesión desaparecer cuando ya ser tarde yo disculpar por el duda
84398319b518db9bc654ac88cea00250,"ESCÁNDALOS DEPORTIVOS, SERIE NACIONAL, FÚTBOL, BÉISBOL",0,"Yo pienso que España iba a ganar , pero empezaron mal por eso no se pueden llevar la copa del mundo.Este mundial es de Brasil.",cu,0,0,0,0,0,1,0,0,0,yo pensar que españa ir a ganar pero empezar mal por ese no él poder llevar el copa del mundo este mundial ser de brasil
56cfe5774ccefb904368d77752d31cfa,"ESCÁNDALOS DEPORTIVOS, SERIE NACIONAL, FÚTBOL, BÉISBOL",0,"Liliana estupida, como siempre hablando y poniendo mierd.. tu sabes que jamas podran con messi y poniendo articulos del m.. de tomas roncero que todos sabe es el marido de cristina.estupida.",cu,0,0,0,0,0,1,1,0,0,lilián estupido como siempre hablar y poner mierd tu saber que jama podran con messi y poner articulo del m de toma roncero que todo saber ser el marido de cristina estupido
53e213d49d8390de9a52583ab2a1ab4a,"ESCÁNDALOS DEPORTIVOS, SERIE NACIONAL, FÚTBOL, BÉISBOL",0,"Existen todas esas trabas que el periodista menciona, pero hay peloteros cubanos de mucha calidad jugando en otros circuitos que no son la MLB, ¿acaso no podrían ellos ser candidatos a integrar nuestro equipo nacional si su rendimiento y calidad lo permitoiese?",cu,0,2,1,0,0,2,0,0,0,existir todo ese traba que el periodista mencionar pero haber pelotero cubano de mucho calidad jugar en otro circuito que no ser el mlb acaso no poder él ser candidato a integrar nuestro equipo nacional si su rendimiento y calidad él permitoeír
0d68aa40148a6194abc67039ed2b7af8,"ESCÁNDALOS DEPORTIVOS, SERIE NACIONAL, FÚTBOL, BÉISBOL",0,YO CREO QAUE ESA LLORADERA ES DE PAJARA,cu,0,0,5,0,0,0,0,0,0,yo creer qaue ese lloradera ser de pajara
2ff10708304e427b3310a9acf7cf72a4,"ESCÁNDALOS DEPORTIVOS, SERIE NACIONAL, FÚTBOL, BÉISBOL",0,"PERIQUITO MIJO CUANTAS VECES VICTOR QUEDO CAMPEON CON INDUSTRIALES ISO BUEN PAPEL SI PERO NO SE COMPARA CON ANGLADA QUE A SIDO CAMPEON CON UN SOLO EQUIPO
Y VICTOR CON TRES NO PUDO",cu,0,0,26,0,0,2,0,0,0,periquito mijo cuantas vez victor quedo campeon con industrial isir buen papel si pero no él compar con anglada que a ser campeon con uno solo equipo y victor con tres no poder
9efe548f726878fe062484410eaa2779,"ESCÁNDALOS DEPORTIVOS, SERIE NACIONAL, FÚTBOL, BÉISBOL",0,"Michel, Todo dicho. No es que Cristiano no sea de los mejores jugadores del mundo, es simplemente que el Balon de Oro se otorga por los resultados de un año y en el 2013 tanto Ribery como Messi tenian mas meritos que CR. Este Balon de Oro, otro show mediatico con sabor a diculpa de Blatter",cu,0,0,0,0,0,2,0,0,0,michel todo dicho no ser que cristiano no ser de el mejor jugador del mundo ser simplemente que el balon de oro él otorgar por el resultado de uno año y en el 2013 tanto ribery como messi teniar mas merito que cr este balon de oro otro show mediatico con sabor a diculpa de blatter
0661edf355ad4bb439b085e3560276f2,"ESCÁNDALOS DEPORTIVOS, SERIE NACIONAL, FÚTBOL, BÉISBOL",0,"Mejor se hubiera quedado callado, ahora después de su confesión deberían rectificar y sancionarlo por mas tiempo, debiera indemnizar a lunar y pagar una cuantiosa multa, se verán horrores",cu,0,0,0,0,0,0,0,0,0,mejor él haber quedar callado ahora después de su confesión deber rectificar y sancionar él por mas tiempo deber indemnizar a lunar y pagar uno cuantioso multa él ver horror
1a1cfa63ae85e5455fa9135c585d0130,"ESCÁNDALOS DEPORTIVOS, SERIE NACIONAL, FÚTBOL, BÉISBOL",0,"Nada justifica lo que hiso. pero Fredy Asiel tampoco es una victima, en realidad fue el quien provoco esto con su manera arrogante de lanzar, ojala ubiera tenido la misma guaperia en la serie del caribe",cu,0,0,0,0,0,2,0,0,0,nada justificar él que hisir pero fredy asiel tampoco ser uno victima en realidad ser el quien provoco este con su manera arrogante de lanzar ojala ubiero tener el mismo guaperia en el serie del caribe
e7e067a7bb6f2a2473a0f72d54ca9e89,"ESCÁNDALOS DEPORTIVOS, SERIE NACIONAL, FÚTBOL, BÉISBOL",0,"LO que te merecias es que no te permitieran pisar ua instalación deportiva en Cuba, en ningun deporte incluso como expectador, debes ver los deportes por TV. Homicida",cu,0,0,0,0,0,2,0,0,0,él que tú merecia ser que no tú permitir pisar ua instalación deportivo en cuba en ningun deporte incluso como expectador deber ver el deporte por tv homicida
6da017c14c6dc1c5c76625b1d7951f88,"ESCÁNDALOS DEPORTIVOS, SERIE NACIONAL, FÚTBOL, BÉISBOL",0,"es q no puedo seguir leyendo esto, por esto es q yo quería q ganara ribery, pq sabía q ¨ideotas¨ como el q escribió este artículo iba a ponerse a hablar cáscara de piña, sin más CR7 GRANDE TE LO MERECÍAS DESDE HACE MUCHO.",cu,0,0,5,0,0,2,0,0,0,ser q no poder seguir leer este por este ser q yo querer q ganara ribery pq saber q ideota como el q escribir este artículo ir a poner él a hablar cáscar de piña sin más cr7 grande te él mereciar desde hacer mucho
88a5ea2183aeea469093485b2ec3fec5,"ESCÁNDALOS DEPORTIVOS, SERIE NACIONAL, FÚTBOL, BÉISBOL",0,"soy seguidora de cristiano, y del real Madrid, pero no dejo de reconocer q messi si es un buen jugador, pero creo q ese articulo es una ofensa y una falta de ética criticando un programa un premio q aquí no somas capaces de realizar y pienso q cristiano si se merecía ese balón de oro.",cu,0,0,0,0,0,2,0,0,0,ser seguidora de cristiano y del real madrid pero no dejar de reconocer q messi si ser uno buen jugador pero creer q ese articulo ser uno ofensa y uno falta de ética criticar uno programa uno premio q aquí no somar capaz de realizar y pensar q  cristiano si él merecer ese balón de oro
ffed63b498d1a2919f1a3e7acf08a022,"ESCÁNDALOS DEPORTIVOS, SERIE NACIONAL, FÚTBOL, BÉISBOL",0,El que hizo este articulo fue el que le puso los precios a los carros un imbecil,cu,0,0,0,0,0,0,0,0,0,el que hacer este articulo ser el que él poner el precio a el carro uno imbecil
12158efcd8fbf359d3f260b8c7825ec0,"ESCÁNDALOS DEPORTIVOS, SERIE NACIONAL, FÚTBOL, BÉISBOL",0,"?Las Tunas Regaló los juegos, sabía que industriales era un rival difícil y no le convenía, incluso sento a sus regulares.",cu,0,1,0,0,0,1,0,0,0,el tuna regalar el juego saber que industrial ser uno rival difícil y no él convenir incluso sentir a su regular
c11d0684865741ce97958f3de161bc03,"ESCÁNDALOS DEPORTIVOS, SERIE NACIONAL, FÚTBOL, BÉISBOL",0,"Me parece correcto, solo Anglada ,Urquiola o Jorge Fuentes podrían cumplir esa difícil mision",cu,0,0,0,0,0,0,0,0,0,yo parecer correcto solo anglada urquiolo o jorge fuentes poder cumplir ese difícil mision
772e4a9386bef472da7880bb4cbac79a,"ESCÁNDALOS DEPORTIVOS, SERIE NACIONAL, FÚTBOL, BÉISBOL",0,"Siento pena por lo que hice, que falta de respeto publicar este articulo hasta cuando van a estar faltandole el
respecto a las personas, se ve que se trata de un pelotero de Matanzas, porque no han entrevistado a los del VC.",cu,0,0,0,0,0,1,0,0,0,sentir pena por él que hacer que faltar de respeto publicar este articulo hasta cuando ir a estar faltar él el respecto a el persona él ver que él tratar de uno pelotero de matanza porque no haber entrevistar a el del vc
abb8d8fab3bceba4af336d4d353d0ad4,"ESCÁNDALOS DEPORTIVOS, SERIE NACIONAL, FÚTBOL, BÉISBOL",0,"Violencia es violencia, de cualquier forma, de cualquier persona, a cualquier nivel y en cualquier escenario.",cu,0,0,0,0,0,0,0,0,0,violencia ser violencia de cualquiera forma de cualquiera persona a cualquiera nivel y en cualquiera escenario
4a8d071d4e6207c64c110300ddb8d4bd,"ESCÁNDALOS DEPORTIVOS, SERIE NACIONAL, FÚTBOL, BÉISBOL",0,"100% de acuerdo con tu simpático comentario, en base a qué resultados de ahora se elige a Anglada.
Debe ser con los mismos que el noticiero de televisión habla mayormente de la La Habana.
Se hace sentir a Cuba ,a través de los medios, que sólo importa la capital",cu,0,0,0,0,0,0,0,0,0,100 de acuerdo con tu simpático comentario en base a qué resultado de ahora él elegir a anglada deber ser con el mismo que el noticiero de televisión hablar mayormente de el el habana él hacer sentir a cuba a través de el medio que sólo importar el capital
9c7b8fb37bf1c0b4d33d07956de48fb4,"ESCÁNDALOS DEPORTIVOS, SERIE NACIONAL, FÚTBOL, BÉISBOL",0,Ahora cuando lo gana Cristiano es cuando dicen que el premio pierde validez.,cu,0,0,0,0,0,0,0,0,0,ahora cuando él ganar cristiano ser cuando decir que el premio perder validez
358b77eeadff3a28211870885d6ea5f7,"ESCÁNDALOS DEPORTIVOS, SERIE NACIONAL, FÚTBOL, BÉISBOL",0,"Quisiera que el autor de este artículo diera la cara, y como dices sería verdaderamente decepcionante que fuera de michel.",cu,0,0,0,0,0,0,0,0,0,quisierar que el autor de este artículo dar el cara y como diz ser verdaderamente decepcionante que fuera de michel
57d6da3aeb87d7c675e64fcfd15906fd,"ESCÁNDALOS DEPORTIVOS, SERIE NACIONAL, FÚTBOL, BÉISBOL",0,Podia haberlo matado ( a Lunar ) Era para haberlo suspendido de por vida.Gabriel Pierre terminó su carrera deportiva cuando agredió a un arbitro y el historial suyo era muchisimamente mejor que el de Valdés.,cu,0,0,0,0,0,0,0,0,0,podiar haber él matar a lunar ser para haber él suspender de por vida gabriel pierre terminar su carrera deportivo cuando agredir a uno arbitro y el historial suyo ser muchisimamente mejor que el de valdés
cfc6a408df1a070e822b0022b13c7631,"ESCÁNDALOS DEPORTIVOS, SERIE NACIONAL, FÚTBOL, BÉISBOL",0,"hola no entendí nada, Anglada q practicamente no estuvo en la SNB 2018-2019, ustedes sabrán, pero creo la aficción
necesita una explicación",cu,0,0,1,0,0,3,0,0,0,hola no entender nada anglado q practicamente no estar en el snb 2018 2019 tú saber pero creer el aficción necesitar uno explicación
c5348955c298f27521c12c1e8c0f9c5b,"ESCÁNDALOS DEPORTIVOS, SERIE NACIONAL, FÚTBOL, BÉISBOL",0,?No duden de que pongan unos cuantos de Industriales.,cu,0,1,0,0,0,1,0,0,0,no dudir de que poner uno cuanto de industrial
211aa5daeb29a62f4a581ec0724b63bb,"ESCÁNDALOS DEPORTIVOS, SERIE NACIONAL, FÚTBOL, BÉISBOL",0,"Le aconsejo que aguante sus impulsos, y que agradezca que es pelotero, porque si fuese carnicero o herrero el problema hubiese sido fatal. Pero, un error lo comete cualquiera, a levantarse y andar.",cu,0,0,0,0,0,0,0,0,0,él aconsejar que aguantar su impulso y que agradecer que ser pelotero porque si ser carnicero o herrero el problema haber ser fatal pero uno error él cometer cualquiera a levantar él y andar
77cb1d2b16d842e0f117ea27b7a26c0e,"ESCÁNDALOS DEPORTIVOS, SERIE NACIONAL, FÚTBOL, BÉISBOL",0,Un saludos a la peña Barca-Madrid 7-10.,cu,0,0,0,0,0,0,0,0,0,uno saludo a el peña barca madrid 7 10
3d1f310739a7418095ab330630570d91,"ESCÁNDALOS DEPORTIVOS, SERIE NACIONAL, FÚTBOL, BÉISBOL",0,Lo que tiene que hacer es meterlo preso por intento de homicidio,cu,0,0,0,0,0,0,0,0,0,él que tener que hacer ser meter él preso por intento de homicidio
386bb6465ad6102f0b8100bcf8865885,"ESCÁNDALOS DEPORTIVOS, SERIE NACIONAL, FÚTBOL, BÉISBOL",0,"?Felicidades tuneros, se merecían la victoria.   Gracias por reconocer la premiacion realizada por los villaclareños, pq . Allá en su potrero de estadio ummmm !!!! No hubiera sido tal lucida la premiacion.   Villa Clara es y seguirá siendo grande!!!!",cu,8,1,0,0,0,1,5,0,0,felicidad tunero él merecer el victoria gracia por reconocer el premiacion realizado por el villaclareño pq allá en su potrero de estadio umm no haber ser tal lucida el premiacion villa claro ser y seguir ser grande
ca890005ea20ca9fce16bf2a51a87718,"ESCÁNDALOS DEPORTIVOS, SERIE NACIONAL, FÚTBOL, BÉISBOL",0,"Y ahora que diran los dirigentes de el inder para el proximo clasico , porque si no llevamos nuestras estrellas es porque no queremos.",cu,0,0,0,0,0,2,0,0,0,y ahora que dirir el dirigente de el inder para el proximo clasico porque si no llevar nuestro estrella ser porque no querer
55d90fa1e7b8a2ad573d63335b606616,"ESCÁNDALOS DEPORTIVOS, SERIE NACIONAL, FÚTBOL, BÉISBOL",0,Y Gareth Bale tmb sobraahora..tal pareceq que Yaya no existe ni para la EUFA ni para la FIFAno es fácil.,cu,0,0,2,0,0,4,0,0,0,y gareth balir tmb sobrar ahora tal pareceq que yaya no existir ni para el eufa ni para el fifa no ser fácil
37880eb53b769335a275f1ea882ba829,"ESCÁNDALOS DEPORTIVOS, SERIE NACIONAL, FÚTBOL, BÉISBOL",0,"HIPOCRITA Y LLORON ES LO QUE ES CRISTIANOCUANTOS GOLES EN UN AÑO NARURAL 69???. MESSI METIO MAS DE 90. MADRIDSTAS USTEDES SABEN QUE ESTO FUE UN REGALO DE MESSI PARA MANTENER LA ILUSION QUE TIENE COMPETENCIA.
MESSI EL MEJOR DE LA HISTORIA.",cu,0,3,28,0,0,0,1,0,0,hipocrita y lloron ser él que ser cristiano cuanto gol en uno año narural 69 messi metio mas de 90 madridsta tú saber que este ser uno regalo de messi para mantener el ilusion que tener competencia messi el mejor de el historia
7eb533052b7ca6b7968ca3ea4433c430,"ETECSA,  CALIDAD, SERVICIOS",1,"?Esto de los precios es como una nave que acaba de despegar hacia Pluton, hay que esperar algunos añitoooooooooooooos a que llegue para ver si bajan los precios. Si no sabemos como estan en Pluton no sabemos si estamos mal o peor.",cu,0,1,0,0,0,2,1,0,0,este de el precio ser como uno nave que acabar de despegar hacia pluton haber que esperar alguno añitoos a que llegar para ver si bajar el precio si no saber como estar en pluton no saber si estar mal o peor
18a7d9c8ace25ec9fef4c2827fdcd7df,"ETECSA,  CALIDAD, SERVICIOS",1,"Si que no le den mas de largo a esta situacion y den un servicio para los demas, el timepo no se detiene tic tac tic tac por favor",cu,0,0,0,0,0,2,0,0,0,si que no él dar mas de largo a este situacion y den uno servicio para el dema el timepo no él detener tic tac tic tac por favor
39bd59fe120b89fb2e6b20fde942d6ec,"ETECSA,  CALIDAD, SERVICIOS",1,"bueno, esperemos que un futuro no muy lejano (3080)   tengamos un paquete completo de todos los servicios de etecsa. ",cu,0,0,0,0,0,1,1,0,0,bueno esperar que uno futuro no mucho lejano 3080 tener uno paquete completo de todo el servicio de etecsa
ff1c0228f0e89529a753f33b71808f7a,"ETECSA,  CALIDAD, SERVICIOS",1,Hasta que se seque el malecón.. jajaja,cu,0,0,0,0,0,0,0,0,0,hasta que él secar el malecón jajajar
687efcc0c1b3875f4a90ff4665c28f34,"ETECSA,  CALIDAD, SERVICIOS",1,"tarde como siempre ? Claro, porque a Cuba le es tan fácil conseguirlo todo en este mundo..el dinero nos sobra
Y ETECSA compra el equipamiento en el exterior en CUC y en CUP.


",cu,0,1,3,0,0,0,0,0,0,tarde como siempre claro porque a cuba él ser tanto fácil conseguir él todo en este mundo el dinero yo sobrar y etecso compra el equipamiento en el exterior en cuc y en cup
e20f43d7fbe487b5c143c9a1f5abded0,"ETECSA,  CALIDAD, SERVICIOS",1,Asi mismo con precios moderados porque ETECSA nuestro monopolio de las comunicaciones tiene precios altísimos.,cu,0,0,1,0,0,0,0,0,0,asi mismo con precio moderado porque etecsa nuestro monopolio de el comunicación tener precio altísir
9338375ff99eafe733fc7e7188cf9fb7,"ETECSA,  CALIDAD, SERVICIOS",1,"Si seguro, mira como han topado precios a particulares, seguro estos también los topan, para beneficiar al pueblo humilde y trabajador. Aunque no sé, quizás consideren que la internet es un lujo.",cu,0,0,0,0,0,1,0,0,0,si seguro mirar como haber topar precio a particular seguro este también él topan para beneficiar al pueblo humilde y trabajador aunque no saber quizás considerar que el internet ser uno lujo
b33d495c41b79678688c1966990f923f,"ETECSA,  CALIDAD, SERVICIOS",1,"?Muy de acuerdo con usted , vale decir de los errores de ETECSa que por arte de magia te dejan el saldo en miutos de 35.00 cuc a 0.75 centavos, caramba todavia no he dado con el human o que se equivoque a mi favor.",cu,0,1,0,0,0,1,0,0,0,mucho de acuerdo con usted valer decir de el error de etecsa que por arte de magia tú dejar el saldo en miuto de 35 00 cuc a 0 75 centavo carambo todavia no haber dar con el human o que él equivocar a mi favor
6489c9a68c72454564c287fc92ca1762,"ETECSA,  CALIDAD, SERVICIOS",1,"Verdad que es maravilloso ver estos comentarios .parece que usted no ha sacado esta cuenta simple.en una casa de 3, personas donde cada una por diferentes razones se conectara a internet 1 simple hora al dia serian 4.50 cuc esto en 20 días por no decirte un mes serían 90CUC.
",cu,0,0,0,0,0,2,0,0,0,verdad que ser maravilloso ver este comentario parecer que usted no haber sacar este cuenta simple en uno casa de 3 persona donde cada uno por diferente razón él conectar a internet 1 simple hora al dio seriar 4 50 cuc este en 20 día por no decir tú uno mes ser 90cuc
a9326684eb60065a4e69889f73c368c0,"ETECSA,  CALIDAD, SERVICIOS",1,Perfecto todo pero voy a decir lo que dicen la mayoria de las personas porque no bajan los precios estan pa llorar.,cu,0,0,0,0,0,1,0,0,0,perfecto todo pero ir a decir él que decir el mayoria de el persona porque no bajar el precio estar pa llorar
4de0742d64f195f735b808ade673f63d,"ETECSA,  CALIDAD, SERVICIOS",1,"Entendi ""perfectamente"" , más claro no pudieron ser. Que cosa es servicio de mensajeria ?? D",cu,0,2,0,0,0,1,0,2,0,entendi perfectamente más claro no poder ser que cosa ser servicio de mensajerio d
0dfc0dc48aadf8f7b2af3b284de5bf1d,"ETECSA,  CALIDAD, SERVICIOS",1,"Me sentaré a ver otros nuevos capitulos de nuestra novela diaria, veré como esa bonanza es para unos y no lo es para otros, entre lo q me cito, comenzaré a ver a los especuladores q si pueden, vivir de los bobos q no podemos y q tambien queremos y así hasta q se seque el Malecón",cu,0,0,0,0,0,2,0,0,0,yo sentar a ver otro nuevo capitulo de nuestro novela diario verar como ese bonanza ser para uno y no él ser para otro entre él q yo citar comenzar a ver a el especulador q si poder vivir de el bobo q no poder y q tambien querer y así hasta q él secar el malecón
35d370a917378e7312757e810065630a,"ETECSA,  CALIDAD, SERVICIOS",1,pobre hombre va a dejar de almorzar y merendar para pagar el mas barato de los servicios.,cu,0,0,0,0,0,0,0,0,0,pobre hombre ir a dejar de almorzar y merendar para pagar el mas barato de el servicio
4d3539ac25f1b0bcccfe15169a1ab787,"ETECSA,  CALIDAD, SERVICIOS",1,"prosiga etecsa con su tan lucrado negocio, la vida sigue igual. Y que decir de las ofertas que cada vez son mas cortas antes un menos dentro de poco no dan ni 15 dias, hasta cuando?",cu,0,1,0,0,0,2,0,0,0,prosigo etecsa con su tanto lucrado negocio el vida seguir igual y que decir de el oferta que cada vez ser mas corto antes uno menos dentro de poco no dar ni 15 dia hasta cuando
308a7cc4a137e33ab1e2238feef0d85a,"ETECSA,  CALIDAD, SERVICIOS",1,"Y cuales se suponen sean los precios?, por que nuestra querida empresa de telecomunicacions monopolica siempre se reserva la parte mas importante para los cubanos?",cu,0,2,0,0,0,0,0,0,0,y cual él suponer ser el precio por que nuestro querido empresa de telecomunicacions monopolica siempre él reservar el parte mas importante para el cubano
39a4fd361dd8bdd9793db6881ed17fc6,"ETECSA,  CALIDAD, SERVICIOS",1,"no se preocupen, que ya casi tenemos internet en la casa, .en el mes 13 y cuando la rana crie pelo.. Jjjjjj",cu,0,0,0,0,0,1,1,0,0,no él preocupen que ya casi tener internet en el casa en el mes 13 y cuando el rana crie pelo jjj
c147c62de39dabdd3e92fa1475de1e57,"ETECSA,  CALIDAD, SERVICIOS",1,"?Estamos embarcados los internautas del poblado de vueltas,entra una rebaja y se rompe la wifi.sera coincidencia o pura casualidad.",cu,0,1,0,0,0,0,0,0,0,estar embarcado el internauta del poblado de vuelta entrar uno rebaja y él romper el wifi sero coincidencia o puro casualidad
19e9856a12769075ca752f04dfb131c5,"ETECSA,  CALIDAD, SERVICIOS",1,"ETECSA nunca nos decepciona. Siempre está inventado cómo rebajar..(algunos dirían robar) el saldo. Si esto no es una oferta, por qué le ponen tiempo de expiración (30 días)hay que mandar mensajes, por gusto, para sentir que no perdemos el saldo???",cu,0,3,1,0,0,3,1,0,0,etecsa nunca yo decepcionar siempre estar inventado cómo rebajar alguno dirir robar el saldo si este no ser uno oferta por qué él poner tiempo de expiración 30 día haber que mandar mensaje por gusto para sentir que no perder el saldo
7ece04710d1e9ef6f702c40c97699f76,"ETECSA,  CALIDAD, SERVICIOS",1,"Acabo de realizar el proceso desde el móvil, y mas transparente  ni el agua. Alguien puede decir en qué consisten los servicios y el valor de los mismos.",cu,0,0,0,0,0,1,0,0,0,acabar de realizar el proceso desde el móvil y mas transparente ni el agua alguien poder decir en qué consistar el servicio y el valor de el mismo
90ce0615e4929b5802d3789f74c2de2a,"ETECSA,  CALIDAD, SERVICIOS",1,!!!!ayyy ETECSA !!!! SIEMPRE PENSANDO EN EL BIENESTAR DEL PUEBLO,cu,8,0,6,0,0,0,3,0,0,ayy etecsa siempre pensar en el bienestar del pueblo
3c284d5774d3c5fc5b91f0cf6cd2668b,"ETECSA,  CALIDAD, SERVICIOS",1,"¡Nadie me respondió lo de la TARIFA PLANA para todos los servicios de comunicaciones de ETECSA!. ¿Cuándo vamos a tener esto, queridos etecsianos?.",cu,2,2,3,0,0,1,0,0,0,nadie yo responder él de el tarifa plano para todo el servicio de comunicación de etecsa cuándo ir a tener este querido etecsiano
4f2ef34bbdf4eb302e2bd8d9f7e56ca1,"ETECSA,  CALIDAD, SERVICIOS",1,es como dice Marco Antonio Soliz.. a donde bamos a parar,cu,0,0,0,0,0,0,0,0,0,ser como decir marco antonio soliz a donde bamos a parar
64d3e7792ae6f6debee1754e693e1651,"ETECSA,  CALIDAD, SERVICIOS",1,claro que me refiero hasta el 31 del mes pasado jajajaj,cu,0,0,0,0,0,0,0,0,0,claro que yo referir hasta el 31 del mes pasado jajajaj
dca4e8a7e4d6a7fe1e47385cee857706,"ETECSA,  CALIDAD, SERVICIOS",1,"No es un secreto para nadie que el precio de Internet en las zonas Wifi o donde lo pongan esta por las nuves, es como si tubieras hambre y te pusieran el pan en un edificio de 5 plantas sin escaleras",cu,0,0,0,0,0,3,0,0,0,no ser uno secreto para nadie que el precio de internet en el zona wifi o donde él poner este por el nuv ser como si tubieras hambre y tú pusierar el pan en uno edificio de 5 planta sin escalera
a57ad0d6dfa883917c463bce5cadfa62,"ETECSA,  CALIDAD, SERVICIOS",1,Amen,cu,0,0,0,0,0,0,0,0,0,amar
b064e5157d63d7f4a7a1b1c7afffb419,"ETECSA,  CALIDAD, SERVICIOS",1,claro el 31 de enero del mes pasado jajajaj,cu,0,0,0,0,0,0,0,0,0,claro el 31 de enero del mes pasado jajajaj
5ef9030da0bda28a5ef54920e35c25a4,"ETECSA,  CALIDAD, SERVICIOS",1,Bueno ok la promocion muy buena y para cual 14 de febrero es..??? desde que comenzo no funciona a unos amigos y a mi nos pasa que no se aplica la tarifa especial es verdaderamente frustante que te engañen asi,cu,0,3,0,0,0,2,1,0,0,bueno ok el promocion mucho buen y para cual 14 de febrero ser desde que comenzo no funcionar a uno amigo y a mi yo pasar que no él aplicar el tarifa especial ser verdaderamente frustante que tú engañir asi
6236b33c1c594594803587719c4e98b2,"ETECSA,  CALIDAD, SERVICIOS",1,"Me maravilla lo bien que la empresa anuncia los nuevos servicios!!!!!!!!!!!!! NO EXPLICAN EL COSTO DE CADA SERVICIO!!!! QUE VENTAJAS TRAE SOBRE COMPRAR CADA UNO!!!! NO PONEN UNA SECCION DE FAQ o Preguntas Frecuentes!!!!!!
Me parece que debe informarse mejor para atraer a los clientes!!",cu,29,0,15,0,0,2,4,0,0,yo maravillar él bien que el empresa anunciar el nuevo servicio no explicar el costo de cada servicio que ventaja traer sobre comprar cada uno no poner uno seccion de faq o pregunta frecuente yo parecer que deber informar él mejor para atraer a el cliente
f7b864d02a18f35776042e4e58ff55dc,"ETECSA,  CALIDAD, SERVICIOS",1,"ETECSA evoluciona como la Matrix, ya no oferta tarjetas de recarga de 2 horas por 1cuc, les conviene mas promocionar la tarifa a 0.50 por tiempo limitado para que la tarjeta de recarga siga costando 2.00 cuc, nunca pierden, comportarse como un Monopolio no es robo a los usuarios??",cu,0,2,1,0,0,3,0,0,0,etecsa evolucionar como el matrix ya no ofertar tarjeta de recarga de 2 hora por 1cuc él convenir mas promocionar el tarifa a 0 50 por tiempo limitado para que el tarjeta de recarga seguir costar 2 00 cuc nunca perder comportar él como uno monopolio no ser robo a el usuario
b333956f4cca92d7b48db1a8404ff6df,"ETECSA,  CALIDAD, SERVICIOS",1,"Lazaro a que te refieres cuando dices,quiero felicitar el excelente trabajo de los compañeros de ETECSA por su buen servicio durante todos estos años, me parece que usted y el resto estamos hablando de diferentes ETECAS, y le diria a JAMMER que el premio no fue nacional fue mundial y del milenio,",cu,0,0,3,0,0,1,0,0,0,lazaro a que tú referir cuando diz querer felicitar el excelente trabajo de el compañero de etecsa por su buen servicio durante todo este año yo parecer que usted y el resto estar hablar de diferente eteca y él diria a jammer que el premio no ser nacional ser mundial y del milenio
394b17571da766120140475474bb1905,"ETECSA,  CALIDAD, SERVICIOS",1,"Gracias ETECSA!!!!
Yo trabajo para el Estado.
Cobro 400 pesos, entre 30 días. 13 pesos!!!!!!! Lo mismo que una hora de navegación contigo (en promoción)!!!!!! Gracias, de corazón. Sigues siendo lo mejor.",cu,17,0,1,0,0,0,3,0,0,gracias etecsa yo trabajar para el estado cobro 400 pesos entre 30 día 13 pesos él mismo que uno hora de navegación contigo en promoción gracia de corazón sigues ser él mejor
181c7ea165abf1054db36708ec13eeaf,"ETECSA,  CALIDAD, SERVICIOS",1,"Esto es ya un gran avance, aunque seguimos muy lejos detras de Haiti. ",cu,0,0,0,0,0,0,0,0,0,este ser ya uno gran avance aunque seguir mucho lejos detra de haiti
daf835037ae48a6532a1d8dec0289223,"ETECSA,  CALIDAD, SERVICIOS",1,"Jajajajaja Vaya Gallego con ADS y todo, saludos Ingeniero Rene.",cu,0,0,1,0,0,0,0,0,0,jajajajaja vaya gallego con ads y todo saludo ingeniero renir
6811a027c97e6a76f61a0c8127659da9,"ETECSA,  CALIDAD, SERVICIOS",1,"En serio, que motivan?",cu,0,1,0,0,0,0,0,0,0,en serio que motivar
7a999ea505c1b8dba0f621803eae3561,"ETECSA,  CALIDAD, SERVICIOS",1,DE TODAS MANERAS HABRÁ UNAS CUANTAS PERSONAS QUE PODRÁN PAGAR ESO..OTROS MILES NO..ESTOS ÚLTIMOS TENDREMOS QUE ESPERAR OTRO SIGLO MÁS.,cu,0,0,20,0,0,1,1,0,0,de todo manera haber uno cuanta persona que poder pagar ese otro mil no este último tener que esperar otro siglo más
8a62c45cedb985790c27540da9a355b1,"ETECSA,  CALIDAD, SERVICIOS",1,"Buenas tardes Miren eso un regalito de fin de año  a cuenta gotas pero llegó, ahora sin más dilaciones ke bajen el minuto y los sms, y que acabe de llegar la internet por DATOS bueno que vengan más gotas antes de que se acabe el año. Gracias",cu,0,0,1,0,0,1,0,0,0,buena tarde mirar ese uno regalito de fin de año a cuenta gota pero llegar ahora sin más dilación ke bajar el minuto y el sms y que acabar de llegar el internet por dato bueno que vengar más gota antes de que él acabar el año gracias
718637890d58eedac3cb50e7b75fcb6b,"ETECSA,  CALIDAD, SERVICIOS",1,"Soy médico, tengo dos especialidades, esposa y dos hijos a los que les encanta el internet, aparte que la necesito para mantenerme actualizadosi solo gano el equivalente a 60 CUC?Como C. pago ese servicio? ? le cobro a mis pacientes?",cu,0,4,1,0,0,0,0,0,0,ser médico tener dos especialidad espós y dos hijo a el que él encantar el internet aparte que él necesitar para mantener yo actualizado si solo gano el equivalente a 60 cuc como c pago ese servicio él cobrar a mi paciente
8c84388bca5d18517d33141e325a6720,"ETECSA,  CALIDAD, SERVICIOS",1,"Si llega la internet a mi casa con esos precios, ¿cómo hago para comer? aaaaa!!! ya se me como los 010101110001110010 que tienen mucha vitamina.",cu,3,2,0,0,0,0,5,0,0,si llegar el internet a mi casa con ese precio cómo hacer para comer aa ya él yo como el 010101100110010 que tener mucho vitamina
4799afb4c048ab4853ca85574b497ceb,"ETECSA,  CALIDAD, SERVICIOS",1,ADSL en la era del 4G en masa,cu,0,0,1,0,0,0,0,0,0,adsl en el era del 4 g en masa
1675e79086a71ff3d1d131c84e17441f,"ETECSA,  CALIDAD, SERVICIOS",1,LA INTERNET MAS CARA DEL MUNDO jejeje.y quieren q creamos q eso es supersi porq yo me chupo el dedo jeje,cu,0,0,5,0,1,0,0,0,0,el internet mas cara del mundo jejeje y querer q crear q ese ser super si porq yo yo chaber el dedo jejar
504af914f85d1e17985927d9976bc95c,"ETECSA,  CALIDAD, SERVICIOS",1,"Por lo que estoy viendo Etecsa es de los ricos, por los ricos y para los ricos.",cu,0,0,0,0,0,0,0,0,0,por él que estar ver etecsa ser de el rico por el rico y para el rico
0791b5ba87c69c47a024dbaaf7128955,"ETECSA,  CALIDAD, SERVICIOS",1,"jajajajesto es una camara oculta? no lo creo!!!,realmente se siguen burlando de nosotros cada vez que nos dicen ya podemos ir a hoteles,comprar carros,usar telefonia celular...Hasta cuando vamos a seguir viviendo del cuento?",cu,3,2,0,0,0,1,2,0,1,jajajaj este ser uno camara oculto no él creer realmente él seguir burlar de yo cada vez que yo decir ya poder ir a hotel comprar carro usar telefonia celular hasta cuando ir a seguir vivir del cuento
c0b91f865770779cc43ccf716ae22678,"ETECSA,  CALIDAD, SERVICIOS",1,"Por favor ETECSA, acaben de poner todos los servicios de una vez en la misma linea del movil. Entoces ahora yo tendria como cuatro saldos, el del telefono, el de la bolsa nauta, el de Inertnet y correo nauta, y ahora el del amensajeria de voz, hasta cuando son los exmanes de ETECSA.",cu,0,0,2,0,0,0,0,0,0,por favor etecsa acabar de poner todo el servicio de uno vez en el mismo linea del movil entoz ahora yo tendrio como cuatro saldo el del telefono el de el bolsa nauta el de inertnet y correo nauta y ahora el del amensajeria de voz hasta cuando ser el exmán de etecsa
c3148267956a4645a8de106176c6e9b8,"ETECSA,  CALIDAD, SERVICIOS",1,"para todos los que practican la meditación zen, viven en cuevas, y no comen, ni se bañan, ni nada más. o aquellos que tienen otros ingresos diferentes al de un salario estatal.",cu,0,0,0,0,0,4,0,0,0,para todo el que practicar el meditación zen vivir en cueva y no comen ni él bañar ni nada más o aquel que tener otro ingreso diferente al de uno salario estatal
299744406ca76b4a85f560803694eab8,"ETECSA,  CALIDAD, SERVICIOS",1,"Muy bueno por etecsa , por cierto donde han ido a parar las zonas wifi del malecón? La de la fuente de la juventud y otras q había en esa zona ? Se las llevó Irma? ",cu,0,3,0,0,0,0,0,0,0,mucho bueno por etecsa por cierto donde haber ir a parar el zona wifi del malecón el de el fuente de el juventud y otro q haber en ese zona él él llevar irma
28285701a3c8a8dd6cc871b369121e95,"ETECSA,  CALIDAD, SERVICIOS",1,"la internet de su empresa la paga usted de su bolsillo?? Eso es como que yo me ponga a verder frituras de Maiz a 100 pesos y le de el dinero a usted para que me la compre...por favor, aqui esta en debate el menudo del cubano de a pie y usted sale con ese chiste de que su empresa esta siendo avasallada",cu,0,2,0,0,0,0,1,0,1,el internet de su empresa el paga usted de su bolsillo ese ser como que yo yo poner a verder fritura de maiz a 100 pesos y él de el dinero a usted para que yo él comprar por favor aqui este en debate el menudo del cubano de a pie y usted salir con ese chiste de que su empresa este ser avasallar
af2e6aa470f40a22d8abfe91ba5db94f,"ETECSA,  CALIDAD, SERVICIOS",1,"Internet o comer , muy gracioso",cu,0,0,0,0,0,0,0,0,0,internet o comer mucho gracioso
ddb088157eb0f2788c07206617274de6,"ETECSA,  CALIDAD, SERVICIOS",1,Muy buena consigna: ETECSA: Crecer en servicios y en calidad. Lástima que faltó Y BAJAR LOS PRECIOS que siguen siendo leoninos,cu,0,0,4,0,0,0,0,0,0,mucho buen consignar etecso crecer en servicio y en calidad lástima que faltar y bajar el precio que seguir ser leonino
43c9c51e44bfd2f414a949b5674a1f14,"ETECSA,  CALIDAD, SERVICIOS",1,256KBps jajajajajaja.amigo esa velocidad no la tienes casi ni las univercidades con su fibra opticajajajajala van a tener obreros comunes en sus casas con una linea ADSL..nada que es imposible..ya sabes 256 kb/s.que es a lo que estamos acostumbrados,cu,0,0,1,0,0,3,0,0,0,256kbps jajajajajajar amigo ese velocidad no él tener casi ni el univercidad con su fibra optico jajajajar él ir a tener obrero común en su casa con uno linea adsl nada que ser imposible ya saber 256 kb s que ser a él que estar acostumbrado
0ed2fcf73c6c99402f6f3628f818aa87,"ETECSA,  CALIDAD, SERVICIOS",1,"Este es tan fino como el navegador web de una sala nauta de ETECSA, tan fino como los teclados sin letras de las salas de navegación de ETECSA, tan fino la velocidad de descarga de las salas de navegación de ETECSA, tan fino como el servicioi sanitario de las salas de navegación NAUTA de ETECSA.",cu,0,0,5,0,0,1,0,0,0,este ser tanto fino como el navegador web de uno sala nauto de etecsa tanto fino como el teclado sin letra de el sala de navegación de etecsa tanto fino el velocidad de descarga de el sala de navegación de etecsa tanto fino como el servicioi sanitario de el sala de navegación nauto de etecsa
47022e561acbd0dd824041f24cb4d103,"ETECSA,  CALIDAD, SERVICIOS",1,"Que falta de respeto al pueblo trabajador cubano con esos precios, comunicarnos con señales de humo es lo que merecemos.",cu,0,0,0,0,0,0,0,0,0,que faltar de respeto al pueblo trabajador cubano con ese precio comunicarno con señal de humo ser él que merecemo
0465b9372ce089b73ebfa1407df38b74,"ETECSA,  CALIDAD, SERVICIOS",1,jajajaaja :),cu,0,0,0,0,0,0,0,0,0,jajajaajar
9409dd1823ebe7e9417870932487769f,"ETECSA,  CALIDAD, SERVICIOS",1,"WOW QUE BONITA HISTORIA DE AMOR..MUY ROMÁNTICO TODO MENOS LOS 15 O 50 CUC POR 30 HORAS AL MES, A PARTIR DE ESE PÁRRAFO ES CUANDO LA HISTORIA PASA DE SER UNA HISTORIA ROMÁNTICA A UNA TRAGICOMEDIA",cu,0,0,26,0,0,0,1,0,0,wow que bonitar historia de amor mucho romántico todo menos el 15 o 50 cuc por 30 hora al mes a partir de ese párrafo ser cuando el historia pasar de ser uno historia romántico a uno tragicomedia
4bc6b471bc26602f2a5ad583564d5bbe,"ETECSA,  CALIDAD, SERVICIOS",1,EXELENTE SERVICIO DE ETECSA ESTAMOS MUY CONTENTOS CON LAS TARIFAS Y TODO. YO PROPONGO QUE SUBAN UN POQUITO LA TARIFA :),cu,0,0,15,0,0,0,0,0,0,exelente servicio de etecsa estar mucho contento con el tarifa y todo yo proponer que subir uno poquito el tarifa
03f78dd9365bbdccc41687e74cc58562,"ETECSA,  CALIDAD, SERVICIOS",1,"Asi mismo colega, con esa ortografía no se a donde vamos a parar.!!!",cu,3,0,0,0,0,1,1,0,0,asi mismo colega con ese ortografía no él a donde ir a parar
417356a5d5ba4ed7e58bbb74df282ba1,"ETECSA,  CALIDAD, SERVICIOS",1,"15cuc!!!!???? ,eso es una estafa, pero no se preocupen compañeros nada q el ingenio cubano no pueda resolver, unos cuantos cables y wifis y la cuadra entera se conecta por un modem.",cu,4,4,0,0,0,3,2,0,0,15cuc ese ser uno estafa pero no él preocupen compañero nada q el ingenio cubano no poder resolver uno cuanto cabl y wifis y el cuadra entero él conectar por uno modem
1bdc65bceef0b805cb2d29bfe3cc8f90,"ETECSA,  CALIDAD, SERVICIOS",1,"En pleno 2017 todavía se habla de cuando vamos a tener 3G en todo el país, cuando el mundo se habla del 5G seremos de este mundo o de otra galaxia primitiva, buena pregunta a los compañeros de ETECSA",cu,0,0,1,0,0,0,0,0,0,en pleno 2017 todavía él hablar de cuando ir a tener 3 g en todo el país cuando el mundo él hablar del 5 g serer de este mundo o de otro galaxia primitivo buen pregunta a el compañero de etecsa
57ccb00105c43402e8a9118c47ac925e,"ETECSA,  CALIDAD, SERVICIOS",1,"CALIDAD. Donde hace tres días los sms tiene problemas pero ETECSA no envía ningún mensaje a los usuarios, quienes están usando el servicio y por el cual están pagando sin embargo no llegan los sms al destinatario, me pregunto de que CALIDAD hablan si están cobrando un servicio deficiente",cu,0,0,3,0,0,4,0,0,0,calidad donde hacer tres día él sms tener problema pero etecsa no enviar ninguno mensaje a el usuario quien estar usar el servicio y por el cual estar pagar sin embargo no llegar el sms al destinatario yo preguntar de que calidad hablar si estar cobrar uno servicio deficiente
2952556f261cb314d1fd4333d9d5554d,"ETECSA,  CALIDAD, SERVICIOS",1,"Que falta de respeto para el Cubano , yo me pase un Tiempo en Quito y con la compañia Tevecable solo pagaba 20 doll al mes y la conexion era buenisima tv y internet nunca la e visto en este pais a esa velocidad pero bueno asi es la vida el que nace pa casabe ",cu,0,0,0,0,0,1,1,0,0,que faltar de respeto para el cubano yo yo pasar uno tiempo en quito y con el compañia tevecable solo pagar 20 doll al mes y el conexion ser buenisimo tv y internet nunca el e visto en este pais a ese velocidad pero bueno asi ser el vida el que nacer pa casabir
9c6c71100125f5b5ad2cb0a3eeb7c5b5,"ETECSA,  CALIDAD, SERVICIOS",1,"que suerte tienen, que suerte!!!!!!, bamos a ver cuando llega aca a oriente",cu,6,0,0,0,0,0,1,0,0,que suerte tener que suerte bamos a ver cuando llegar aco a oriente
e855c12165b33055e86739d7cf56799a,"ETECSA,  CALIDAD, SERVICIOS",1,Que buena noticia! GRACIAS ETECSA!!! AL FIN NOS DAS LAS MIGAJAS DE LO QUE SE USA EN EL TERCER MUNDO A PRECIOS DE PRIMER MUNDO!!! GRACIAS GRACIA GRACIAS1 ESTOY CONCIENTE QUE NO MERECEMOS TANTO. GRACIAS POR TU MAGNANIMA BONDAD,cu,7,0,25,0,0,1,2,0,0,que buen noticia gracias etecsa al fin yo dar el migaja de él que él usar en el tercer mundo a precio de primero mundo gracias gracia gracias1 estar conciente que no merec tanto gracia por tu magnanimo bondad
02980b305c252292f3422802a432a0d4,"ETECSA,  CALIDAD, SERVICIOS",1,"Seguimos en las mismas, que salario nos da para eso, buenos etecsa pensará que no es una obligación, eso es un gusto y el que reciba del mas allá podrá darse ese gusto, osea, segimos en el paleolítico pero cambiamos las ropas de pieles por camisas y pantalones",cu,0,0,0,0,0,1,0,0,0,seguir en el mismo que salario yo dar para ese buen etecsa pensar que no ser uno obligación ese ser uno gusto y el que recibir del mas allá poder dar él ese gusto oseo segir en el paleolítico pero cambiar el ropa de piel por camisa y pantalón
a480b6699c4d6f71ada53699569bd0f7,"ETECSA,  CALIDAD, SERVICIOS",1,Serian comparables a los de otros paises. Muy buenos.,cu,0,0,0,0,0,0,0,0,0,seriar comparable a el de otro país mucho buen
cba78c60494acc982b01643255868f97,"ETECSA,  CALIDAD, SERVICIOS",1,"Vaya hermano que cuenta has sacado? si con $172 piensas comer, para no contararte otras necesidades básicas te veo muy mal!!!",cu,3,1,0,0,0,1,1,0,0,vaya hermano que contar haber sacar si con 172 piensa comer para no contarartar otro necesidad básico tú ver mucho mal
1c870b21df7d803556204f5aba693ac3,"ETECSA,  CALIDAD, SERVICIOS",1,?Familia lo q si nadie puede entender es q solamente se puedan conectar los celulares q tengan 3g a 900mhz xd q tal parece q nos han puesto a Dios en frente y solamente estan haciendo lo q esta en todas partes del mundo hace mas de 30 años. Saludos Familia ha por cierto baratico baratico jajaja,cu,0,1,0,0,1,1,0,0,0,familia él q si nadie poder entender ser q solamente él poder conectar el celular q tener 3 g a 900mhz xd q tal parecer q yo haber poner a dio en frente y solamente estar hacer él q este en todo parte del mundo hacer mas de 30 año saludo familia haber por cierto baratico baratico jajajar
f0d2509d3d352dc83b7a61c161748138,"ETECSA,  CALIDAD, SERVICIOS",1,? que casualidad que es radio aficionado e ingeniero en telecomunicaciones? pura coincidencia jeje,cu,0,2,0,0,1,0,0,0,0,que casualidad que ser radio aficionado e ingeniero en telecomunicación puro coincidencia jeje
8da5f01d7c44c71b5697951d63338509,"ETECSA,  CALIDAD, SERVICIOS",1,"Sigo pensando que los precios de ETECSA( y por cierto Estamos Tratando de Establecer Comunicaciones Sin Apuro) son un robo a mano armada, y como dice Bibliotecaria, no hay opción, es la única de la que disponemos. A ver si me publican",cu,0,0,1,0,0,2,0,0,0,seguir pensar que el precio de etecsa y por cierto estar tratar de establecer comunicación sin apuro ser uno robo a mano armado y como decir bibliotecario no haber opción ser el único de el que disponer a ver si yo publicar
0539e071236c700094ac967ccb2be268,"ETECSA,  CALIDAD, SERVICIOS",1,"jajaja que lindos!!!! de 15 a 50 cuc mensuales jajajajajaja, es interesante como el Estado le pone el trabajo malo a los boteros porque cobran 20 pesos su servicio.",cu,4,0,0,0,0,0,1,0,0,jajaja que lindo de 15 a 50 cuc mensual jajajajajajo ser interesante como el estado él poner el trabajo malo a el botero porque cobrar 20 pesos su servicio
39f8b9d92c1df7db7a358a82e83d47f5,"ETECSA,  CALIDAD, SERVICIOS",1,50 CUC!!! solo 30 horas ??!! Buajajajajajaj ajajajaja ajajajajajajajajaja,cu,5,2,1,0,0,0,1,0,0,50 cuc solo 30 hora buajajajajajaj ajajajajo ajajajajajajajajaja
4d825bb888bca63100bfa92c6d803921,"ETECSA,  CALIDAD, SERVICIOS",1,"Para mi esto no es mas que: Para el año 2017 implementaremos x servicios o sea que aunque no sirva para nada cuanta como servicio, !!!cumplimos el plan!!!, saludos",cu,6,0,0,0,0,3,2,0,0,para mi este no ser mas que para el año 2017 implementarer x servicio o sea que aunque no servir para nada cuantar como servicio cumplir el plan saludo
c052222411aacff2c11041aabe11eaca,"ETECSA,  CALIDAD, SERVICIOS",1,"Pero dónde vive este señor Jorge ¿?!, habló por sio mismo, no por la mayoría Así que ahora si es asequible !? en Latinoamérica, para no ir lejos cuesta 30 usd todo el mes la wifi en la casa,,, y 12 usd el mes con 2 Gb en el móvil.",cu,2,3,0,0,0,2,1,0,0,pero dónde vivir este señor jorge hablar por sio mismo no por el mayoría así que ahora si ser asequible en latinoamérica para no ir lejos costar 30 usd todo el mes el wifi en el casa y 12 usd el mes con 2 gb en el móvil
8b712730bab84e68d78470936b3b206e,"ETECSA,  CALIDAD, SERVICIOS",1,"exterimentando con algo viejo ya en el mundo!!!???
o jugando con nosotros o entreteniendonos !!???",cu,5,6,0,0,0,0,3,0,0,exterimentar con algo viejo ya en el mundo o jugar con yo o entreteniendono
730254f031df8034c54216d4bf660ce5,"ETECSA,  CALIDAD, SERVICIOS",1,Esperemos que no sea tan caro pues si es así se merecen el PREMIO NACIONAL DE HUMORISMO!!!!!!!,cu,7,0,3,0,0,1,1,0,0,esperar que no ser tanto caro pues si ser así él merecer el premio nacional de humorismo
3b31b7674270c48fe0b1a0fce4e2c0fa,"ETECSA,  CALIDAD, SERVICIOS",1,"socio, seguro no te pagan más por tus faltas de ortografía!!!",cu,3,0,0,0,0,1,1,0,0,socio seguro no tú pagar más por tu falta de ortografía
7bcaa8ea065a184880147146fe671859,"ETECSA,  CALIDAD, SERVICIOS",1,"Entonces el René no comera en el mes, se lo gastara todo en el Nauta jajajaja mejor ni digo más nada",cu,0,0,0,0,0,3,0,0,0,entonces el rené no comerar en el mes él él gastarir todo en el nauta jajajajar mejor ni decir más nada
771582fb4f04eba3fda63465668aba04,"ETECSA,  CALIDAD, SERVICIOS",1,"crece en calidad? dudo esto, cada vez aprietan mas y mas y que decir de las promociones internacionales que hacen. Hasta cuando?",cu,0,2,0,0,0,0,0,0,0,crecer en calidad dudo este cada vez apretar mas y mas y que decir de el promoción internacional que hacer hasta cuando
9f88966c3cec4e9a19cacabf48ae082f,"ETECSA,  CALIDAD, SERVICIOS",1,"Así es muy fácil financiar el acceso universal a Salud y Educación, etc. Así es muy fácil.",cu,0,0,0,0,0,0,0,0,0,así ser mucho fácil financiar el acceso universal a salud y educación etc así ser mucho fácil
b7a227b59cb22e4612e91b06fefbb7d4,"ETECSA,  CALIDAD, SERVICIOS",1,"esos planes son un roboooooooooooooooooooooooooooooooooo, gracias",cu,0,0,0,0,0,0,1,0,0,ese plan ser uno roboo gracias
6f43b8b3b36923e4346b1b126730dfc0,"ETECSA,  CALIDAD, SERVICIOS",1,"Esos cálculos de Pedro German son el chiste del día en Internet, esto es para hablar del servicio de Etecsa, no para hacer reir, señor.",cu,0,0,0,0,0,1,0,0,0,ese cálculo de pedro german ser el chiste del día en internet este ser para hablar del servicio de etecsa no para hacer reir señor
4c7514fe09656f5ba8b693ca0ee90d04,"ETECSA,  CALIDAD, SERVICIOS",1,Tengo una duda !! esos precios son en cuc o en moneda nacional jajaa que pena que vergüenza que abuso con la población hasta cuando ETECSAAAAAAAAAA,cu,2,0,1,0,1,0,1,0,0,tener uno duda ese precio ser en cuc o en moneda nacional jajao que pena que vergüenza que abuso con el población hasta cuando etecsaar
49849468e408cdf5dea925592adbce7a,"ETECSA,  CALIDAD, SERVICIOS",1,"la internet de su empresa la paga usted de su bolsillo??? Eso es como que yo me ponga a verder frituras de Maiz a 100 pesos y le de el dinero a usted para que me la comprepor favor, aqui esta en debate el menudo del cubano de a pie y usted sale con ese chiste de que su empresa esta siendo avasallada",cu,0,3,0,0,0,0,1,0,0,el internet de su empresa el paga usted de su bolsillo ese ser como que yo yo poner a verder fritura de maiz a 100 pesos y él de el dinero a usted para que yo él comprar por favor aqui este en debate el menudo del cubano de a pie y usted salir con ese chiste de que su empresa este ser avasallar
63cff4566dcc37df6285ae59a7fc6cca,"ETECSA,  CALIDAD, SERVICIOS",1,"Excelente nota, cuales son los planes ????????",cu,0,8,0,0,0,0,1,0,0,excelente nota cual ser el plan
e0f26f7e26a9077ede1007b0fdaeaec0,"ETECSA,  CALIDAD, SERVICIOS",1,el ingeniero dejará de almorzar para poder conectarse en su casa?? estamos fritossss!!!,cu,3,2,0,0,0,0,2,0,0,el ingeniero dejar de almorzar para poder conectar él en su casa estar fritoss
8f788be0b8e95fa6e345a9fe73bfaca8,"ETECSA,  CALIDAD, SERVICIOS",1,Pobre Rene se va a quedar sin almuerzo hasta cuando etecsa.,cu,0,0,0,0,0,1,0,0,0,pobre renir él ir a quedar sin almuerzo hasta cuando etecsa
6aa539a25f9846cee72f1c7ee2bfb34f,"ETECSA,  CALIDAD, SERVICIOS",1,Pudieran poner los precios un poquito mas  ?,cu,0,1,0,0,0,0,1,0,0,poder poner el precio uno poquito mas
a19797cd21559eac46bf80e49a34f229,"ETECSA,  CALIDAD, SERVICIOS",1,"amigos que bueno eso de que no se comprometen y les preocupa lo de recoger dinero jajaj miren lo de la recarga ya no llega ni al mes en cualquier mmento sale
Recarga desde el 3 de febrero has ta el 5 de febrero con bonoficacion que dura hasta el 31 de enero",cu,0,0,0,0,0,3,0,0,0,amigo que bueno ese de que no él comprometer y él preocupar él de recoger dinero jajaj mirar él de el recarga ya no llegar ni al mes en cualquiera mmento salir recargar desde el 3 de febrero haber ta el 5 de febrero con bonoficacion que durar hasta el 31 de enero
6b6b540eb06bad148eba0b202f629322,"ETECSA,  CALIDAD, SERVICIOS",1,y el 5G en el horizonte,cu,0,0,0,0,0,0,0,0,0,y el 5 g en el horizonte
7b98e1ce0a8ec4ac637164ed5fd93d6c,"ETECSA,  CALIDAD, SERVICIOS",1,Bueno amigos que les puedo decir esto esta mejor que la comedia cilente esperaremos las proximas emicines,cu,0,0,0,0,0,0,0,0,0,bueno amigo que él poder decir este este mejor que el comedia cilente esperaremos el proxima emicín
75c3125ec32ca4bee9010d07be4bace7,"ETECSA,  CALIDAD, SERVICIOS",1,"Casi casi que seguimos en las mismas, o seguimos en las mismas, una linea telefonica fija en el hogar..!!? esa esta dura, acaben de soltar al 3G.. oe que todo es buchito a buchito, ahora se harán pruebas pilotos en el resto del pais¿? Bueno se Avanza.",cu,2,3,0,0,0,0,0,0,0,casi casi que seguir en el mismo o seguir en el mismo uno linea telefonico fijo en el hogar ese este duro acabar de soltar al 3 g oe que todo ser buchito a buchito ahora él hacer prueba piloto en el resto del pais bueno él avanzar
b38b6b68d239e3570aa15bfe46b21d6b,"ETECSA,  CALIDAD, SERVICIOS",1,!!!!!muyyy esclarecedora  la nota de prensa ... no creen!!!!!!,cu,11,0,0,0,0,1,4,0,1,muyy esclarecedorar el nota de prensa no creer
798b80635fab378ea19f595253f10ab6,"ETECSA,  CALIDAD, SERVICIOS",1,"?El servicio esta ESTELAR!!!! para etecsa, otra estafa mas. Y eso q el Estado hace la voluntad del pueblo trabajador segun la constitucion vigente.   No paguen el servicio veran q lo bajan de precio. No a la estafa!  ",cu,5,1,1,0,0,2,2,0,0,el servicio este estelar para etecsa otro estafa mas y ese q el estado hacer el voluntad del pueblo trabajador segun el constitucion vigente no pagar el servicio verar q él bajar de precio no a el estafa
0b6aef6c3b01061ccdcc18c2e1b7d9b5,"ETECSA,  CALIDAD, SERVICIOS",1,Sentimientos encontrados y muchas faltas de ortografía.,cu,0,0,0,0,0,0,0,0,0,sentimiento encontrado y mucho falta de ortografía
e04405e11ad6918924bf8dc5a7a877a1,"ETECSA,  CALIDAD, SERVICIOS",1,esto es una burla?????? se supone que estemos contento con eso???? que verguenza ETECSA!!!!!!!,cu,7,10,1,0,0,0,3,0,0,este ser uno burla él suponer que estar contento con ese que verguencer etecsa
7858cfbefcc15236cb7d2ddc77090dbd,"ETECSA,  CALIDAD, SERVICIOS",1,"el precio y tambien la localidad ,porque parece que cuba tiene un solo municipio,la habana.",cu,0,0,0,0,0,0,0,0,0,el precio y tambien el localidad porque parecer que cuba tener uno solo municipio el habana
754514633dbdcdf882d6961ee7fb3779,"ETECSA,  CALIDAD, SERVICIOS",1,"Por mi pueden eliminar totalmente la TV digital y poner Internet nada más, ¡¡¡por Internet podrán transmitir también la TV!!!",cu,6,0,0,0,0,1,2,0,0,por mi poder eliminar totalmente el tv digital y poner internet nada más por internet poder transmitir también el tv
6778993e1b20d1e0c82bef2dc8fd51ce,"ETECSA,  CALIDAD, SERVICIOS",1,"Al fin San ETECSA una buena. Ya esta mucho mas cerca del bolsillo como a 100 km pero más cerca. Seguro no me publican. Jajajaja. Saludos cubadebate, me encantan sus artículos.",cu,0,0,1,0,0,1,0,0,0,al fin sar etecsa uno buen ya este mucho mas cerca del bolsillo como a 100 km pero más cerca seguro no yo publicar jajajaja saludo cubadebate yo encantar su artículo
ac55865c102f02d7d90f2087ac097087,"ETECSA,  CALIDAD, SERVICIOS",1,"Waoo, ¿¿¿¿de 15 a 50 cuc???? pero ¿¿¿en qué planeta vivimos???? Eso sería casi prohibido para la mayoría de los cubanos. ",cu,0,15,0,0,0,0,4,0,0,waoo de 15 a 50 cuc pero en qué planeta vivir ese ser casi prohibido para el mayoría de el cubano
75475593b9fe70babb2239f8b30fd451,"ETECSA,  CALIDAD, SERVICIOS",1,asi que segun este señor con 256 KB de velocidad de conexion el servicio no tiene que ser inestable???este señor sabe lo que son 256 KB/s de navegacion??? al contrario habre facebook no se ni como,cu,0,6,0,0,0,3,2,0,0,asi que segun este señor con 256 kb de velocidad de conexion el servicio no tener que ser inestable este señor saber él que ser 256 kb s de navegacion al contrario habre facebook no él ni como
7bb7eca3d002ee33edbac5dc11f6d083,"ETECSA,  CALIDAD, SERVICIOS",1,"?Ahora hay que esperar a la vuelta de la esquina , para eso ,pero una de 50 cuadras de largo.",cu,0,1,0,0,0,0,0,0,0,ahora haber que esperar a el vuelta de el esquina para ese pero uno de 50 cuadra de largo
fc650df1e10a2c9f4ee6cec21111db1e,"ETECSA,  CALIDAD, SERVICIOS",1,En el futuro a Rene le va costar entre 15 a 50 cuc. No va poder afeitarse mas nunca para tener internet.,cu,0,0,0,0,0,2,0,0,0,en el futuro a rene él ir costar entre 15 a 50 cuc no ir poder afeitar él mas nunca para tener internet
451aa05d63277c020a0859635d046140,"ETECSA,  CALIDAD, SERVICIOS",0,"Como es posible que en el Telepunto de Pinar del Rio no se este configurando el servicio nauta para el celular supuestamente porque no hay conexión y que en la calle desde cualquier lugar cualquiera que sepa lo puede configurar, esto no puede suceder, no hay justificación",cu,0,0,0,0,0,4,0,0,0,como ser posible que en el telepunto de pinar del rio no él este configurar el servicio nauta para el celular supuestamente porque no haber conexión y que en el calle desde cualquiera lugar cualquiera que sepa él poder configurar este no poder suceder no haber justificación
dc754d073116c7cad91271a1b3486b27,"ETECSA,  CALIDAD, SERVICIOS",0,me da la ligera impresión que la nota de prensa esta un poco incompleta.. no creen?,cu,0,1,0,0,0,1,0,0,0,yo dar el ligero impresión que el nota de prensa este uno poco incompleta no creer
fc340ab83f620509ab30f4f8c9381333,"ETECSA,  CALIDAD, SERVICIOS",0,Como agua se nos va lo invertido a los servicios de etecsa. Y q podemos hacer.,cu,0,0,0,0,0,0,0,0,0,como agua él yo ir él invertido a el servicio de etecsa y q poder hacer
c42bcaeb03779dc0757a4ca034f6930c,"ETECSA,  CALIDAD, SERVICIOS",0,?realmente es una de las mejores ofertas q etecsa ha realizado,cu,0,1,0,0,0,0,0,0,0,realmente ser uno de el mejor oferta q etecsa haber realizar
896b89a08df1b96a6b20ceeaa335f5ac,"ETECSA,  CALIDAD, SERVICIOS",0,por la misma razon que te cobran el trafico de red que no te brindan te vas a conectar al correo nauta t el trafico de red te cobra el facebook google y otros sitios que se tratan de conectar pero etecsa no lo permite pero te lo cobra,cu,0,0,0,0,0,2,0,0,0,por el mismo razon que tú cobrar el trafico de red que no tú brindar tú ir a conectar al correo nauta t el trafico de red tú cobrar el facebook google y otro sitio que él tratar de conectar pero etecsa no él permitir pero tú él cobrar
d0785044190bfb5fb01b03c55424f398,"ETECSA,  CALIDAD, SERVICIOS",0,CUALES SON LAS TARIFAS PARA CADA PLAN. ???????????????,cu,0,15,7,0,0,0,1,0,0,cual ser el tarifa para cada plan
fa9d0967fbbc9fd2d13c6f10bf5149fc,"ETECSA,  CALIDAD, SERVICIOS",0,No se que me horroriza mas Que un anciano que trabaja tenga que dejar de almorzar para pagar internet o lo anticuado de la tecnologia que se pretende instalar,cu,0,0,0,0,0,1,0,0,0,no él que yo horrorizar mas que uno anciano que trabajar tener que dejar de almorzar para pagar internet o él anticuado de el tecnologia que él pretender instalar
4d804326c01a9b41369dfc337836eeff,"ETECSA,  CALIDAD, SERVICIOS",0,"Si, y se sabe del esfuerzo del gobierno para que ninguna compañía extranjera venga y brinde servicios de ese tipo y expandan el alcance y la calidad de los servicios, por eso ETECSA hace y deshace, filtra los números de los clientes, las fotos privadas de los usuarios de nautas y no pasa nada.",cu,0,0,1,0,0,3,0,0,0,si y él saber del esfuerzo del gobierno para que ninguno compañía extranjero vengo y brinde servicio de ese tipo y expandar el alcance y el calidad de el servicio por ese etecsa hacer y deshace filtra el número de el cliente el foto privado de el usuario de nautas y no pasar nada
4172c3d923047dae2b9054d02c5979ea,"ETECSA,  CALIDAD, SERVICIOS",0,Por qué se cobra la conexión Nauta Hogar por tiempo cuando en el mundo entero se cobra por ancho de banda?,cu,0,1,0,0,0,0,0,0,0,por qué él cobrar el conexión nauto hogar por tiempo cuando en el mundo entero él cobrar por ancho de banda
60462d961df6305c25d0f8f51a99c245,"ETECSA,  CALIDAD, SERVICIOS",0,"Después me explican cómo yo, siendo enfermero licenciado, podré pagar dicho servicio, y si estará a la altura del de Infomed. Gracias.",cu,0,0,0,0,0,0,0,0,0,después yo explicar cómo yo ser enfermero licenciado poder pagar dicho servicio y si estar a el altura del de infomed gracias
129064c7a04aea7cf2ec24ef5c0b49aa,"ETECSA,  CALIDAD, SERVICIOS",0,"ETECSA la empresa en el país que mas pide disculpas a sus clientes,Si las disculpas lo arreglasen todo, Para que existen las leyes y los policías ???",cu,0,3,1,0,0,0,1,0,0,etecsa el empresa en el país que mas pedir disculpa a su cliente si el disculpa él arreglasar todo para que existir el ley y el policía
09519b65e802a22dbab96580b8ef17be,"ETECSA,  CALIDAD, SERVICIOS",0,Sería bueno que este servicio se extendiera a todo el país aunque sigo pensando que el costo es elevadísimo para la mayoría de las personas que se ganan la vida honradamente,cu,0,0,0,0,0,0,0,0,0,ser bueno que este servicio él extender a todo el país aunque seguir pensar que el costo ser elevadísimo para el mayoría de el persona que él ganar el vida honradamente
a3a5c2e2105f0699ad02e797e178692c,"ETECSA,  CALIDAD, SERVICIOS",0,"lo mejor seria un2017 con grandes cambios y mejoras tecnoligicas, asi como rebaja en los servicios TODOS",cu,0,0,1,0,0,0,0,0,0,él mejor serio un2017 con grande cambio y mejora tecnoligica asi como rebaja en el servicio todo
0f736d42f47c12a5c16f1b1c523e13d5,"ETECSA,  CALIDAD, SERVICIOS",0,"La conexión después del tornado no es estable. A veces hay conexión y otras no. Las comunicaciones telefónicas por celular también tienen dificultad.
Desde q activaron internet a través de datos móviles estas dificultades no existian.",cu,0,0,0,0,0,3,0,0,0,el conexión después del tornado no ser estable a veces haber conexión y otro no el comunicación telefónico por celular también tener dificultad desde q activar internet a través de dato móvil este dificultad no existiar
6c04588964e795e4d8d7daaa18ac42df,"ETECSA,  CALIDAD, SERVICIOS",0,"Como dijera el gran filósofo Juanito:  mas de lo mismo. Difícilmente la mayoría pueda darse tamaño lujo, mientras la comida consuma casi por completo el presupuesto familiar.",cu,0,0,0,0,0,0,0,0,0,como decir el gran filósofo juanito mas de él mismo difícilmente el mayoría poder dar él tamaño lujo mientras el comida consumar casi por completo el presupuesto familiar
6fa7fa077bbdc6fb73a6fc757cf50fb6,"ETECSA,  CALIDAD, SERVICIOS",0,"Alejandra, más allá de la crónica excelente, quedan muchas preguntas sin respuestas.",cu,0,0,0,0,0,1,0,0,0,alejandra más allá de el crónica excelente quedar mucho pregunta sin respuesta
06a4226418b94f953c8ef2eb7a47a749,"ETECSA,  CALIDAD, SERVICIOS",0,"Pero señores hay cosas que no me quedan claras, dicen que los precios son altos porque si los ponen baratos muchas personas utilizarían el servicio y la red colapsaría. Luego por otro lado dicen que tienen planes de seguir incrementando el número de usuarios de líneasno entiendo nada.",cu,0,0,0,0,0,3,0,0,0,pero señor haber cosa que no yo quedar claro decir que el precio ser alto porque si él poner barato mucho persona utilizarir el servicio y el red colapsar luego por otro lado decir que tener plan de seguir incrementar el número de usuario de línea no entender nada
d7191fa5513106ee9eadea037d7041ae,"ETECSA,  CALIDAD, SERVICIOS",0,yo creo q deberian vajar los precios de las llamadas y q mejore la conexion plis,cu,0,0,0,0,0,0,0,0,0,yo creer q deberiar vajar el precio de el llamado y q mejorar el conexion plis
4db87ce3e6a73c4b9528d88e763a27a9,"ETECSA,  CALIDAD, SERVICIOS",0,Yo creo que esa rebaja es mas para que las personas utilicen ese dia mas wifi y no colapsar la red de datos móviles.,cu,0,0,0,0,0,1,0,0,0,yo creer que ese rebaja ser mas para que el persona utilizar ese dia mas wifi y no colapsar el red de dato móvil
f18abd071cfb7c5e5775c1a37acd2ae7,"ETECSA,  CALIDAD, SERVICIOS",0,"?Estoy de acuerdo que los precios están muy altos, creo que pueden bajar un poco. Pues con todo lo que recauda ETECSA se puede considerar estoy segura que así aumentarán los clientes.Por otra parte está muy buena la conexión por datos",cu,0,1,1,0,0,0,0,0,0,estar de acuerdo que el precio estar mucho alto creer que poder bajar uno poco pues con todo él que recaudar etecsa él poder considerar estar seguro que así aumentar el cliente por otro parte estar mucho buen el conexión por dato
dc952ce0493484baa8a6814dca21312b,"ETECSA,  CALIDAD, SERVICIOS",0,Pienso que ya es el momento de que etecsa baje a 0.50 CUC la hora de navegación,cu,0,0,1,0,0,0,0,0,0,pensar que ya ser el momento de que etecso baje a 0 50 cuc el hora de navegación
b176627e06618f61ac91302905d1f2fb,"ETECSA,  CALIDAD, SERVICIOS",0,"?ETECSA desvistió un santo para vestir otro, desde el dia que comenzó la conexión a internet por datos, yo no he podido mandar más mis correitos nautas y como yo conozco unos cuantos.",cu,0,1,1,0,0,1,0,0,0,etecsa desvestir uno santo para vestir otro desde el dia que comenzar el conexión a internet por dato yo no haber poder mandar más mi correito nauta y como yo conocer uno cuanto
622694c865280b6550d8e1590ead37b2,"ETECSA,  CALIDAD, SERVICIOS",0,seria saludable para ETECSA se fusionara (sin perder sus acciones como proveedor nacional) con alguna otra empresa que pudiese ayudar en la infraestuctura y ella solo enfocarse a proveer el servicio.,cu,0,0,1,0,0,1,0,0,0,serio saludable para etecsa él fusionar sin perder su acción como proveedor nacional con alguno otro empresa que poder ayudar en el infraestuctura y él solo enfocar él a proveer el servicio
1cb0f72d2dc12e98c3f3f12926982974,"ETECSA,  CALIDAD, SERVICIOS",0,"ese cálculo del nauta hogar no lo hiciste contando 24h todos los días verda? es solo una pregunta. Es que siempre he pensado en eso pero igual con esta tarifa me sale en 705cuc. Y si, no conocía el dato de las empresas WOW.",cu,0,1,1,0,0,2,0,0,0,ese cálculo del nauta hogar no él hiciste contar 24h todo el día verdo ser solo uno pregunta ser que siempre haber pensar en ese pero igual con este tarifa yo salir en 705cuc y si no conocer el dato de el empresa wow
9257a9f53f14c4af2970038c708f60bf,"ETECSA,  CALIDAD, SERVICIOS",0,Soy un adicto a la informacion no solo hobit sino por mi profesion soy medico y nesecito internet para seguir superandome y hoy es que me fue posible rebisar esta opcion digame amigo mio como lo puedo logra sino tengo la red de redes,cu,0,0,0,0,0,3,0,0,0,ser uno adicto a el informacion no solo hobit sino por mi profesion ser medico y nesecito internet para seguir superandome y hoy ser que yo ser posible rebisar este opcion digame amigo mio como él poder lograr sino tener el red de red
b77a1e61e05e0aa407321832d2ded852,"ETECSA,  CALIDAD, SERVICIOS",0,"esta todo muy bueno pero como sera su velocidad ,tendremos minutos perdidos cada vez q busquemos algo ,y q hay con los q no tienen telefono en casa como yo,como seria el servicio,creo q deberian de arreglar el precio tambien",cu,0,0,0,0,0,1,0,0,0,este todo mucho bueno pero como sera su velocidad tener minuto perdido cada vez q busquer algo y q haber con el q no tener telefono en casa como yo como serio el servicio creer q deberiar de arreglar el precio tambien
a5539f27eef0d28306e2f525cf8f7ec8,"ETECSA,  CALIDAD, SERVICIOS",0,"Acaso no se dan cuenta que a ETECSA no le interesa que los precios de los servicios bajen.? Son la única empresa de telecomunicasiones en Cuba y eso hace que siempre tengan ganancias aun cuando los precios sean elevados , teniendo en cuenta el ingreso promedio del cubano promedio..",cu,0,1,1,0,0,2,0,0,0,acaso no él dar cuenta que a etecsa no él interesar que el precio de el servicio bajen ser el único empresa de telecomunicasión en cuba y ese hacer que siempre tener ganancia aun cuando el precio ser elevado tener en cuenta el ingreso promedio del cubano promedio
675c5fc18c7fe506646bf9fce3b68e0c,"ETECSA,  CALIDAD, SERVICIOS",0,"Eso si es un dato curioso, entonces el costo del servicio telefónico en cuba que lo brinda ETECSA es impuesto por finanzas y precios, no acabo de entender las cosas de mi país. Pero quién presta el servicio, ETECSA o Finanzas y Precios??",cu,0,2,2,0,0,1,0,0,0,ese si ser uno dato curioso entonces el costo del servicio telefónico en cuba que él brindar etecsa ser imponer por finanza y precio no acabar de entender el cosa de mi país pero quién prestar el servicio etecsa o finanza y precio
b9e9af810f5a87130b2fe78cb6960890,"ETECSA,  CALIDAD, SERVICIOS",0,"Sabe UD. cuanto recauda etecsa en USD con la recargas desde el exterior, por cada recarga tienen 22 USD, saque cuentas.",cu,0,0,2,0,0,0,0,0,0,saber ud cuanto recaudar etecsa en usd con el recarga desde el exterior por cada recarga tener 22 usd sacar cuenta
6d26edfcef2cfedb9d5cb2ae47e4d283,"ETECSA,  CALIDAD, SERVICIOS",0,la velocidad i el tiempo tienen que mejorarlo,cu,0,0,0,0,0,0,0,0,0,el velocidad i el tiempo tener que mejorar él
ac73363cfa8afeb64a2c9d90c84d8764,"ETECSA,  CALIDAD, SERVICIOS",0,Y lo mas cómico de todo esto es que lo ven como un rotundo logro,cu,0,0,0,0,0,0,0,0,0,y él mas cómico de todo este ser que él ver como uno rotundo logro
fe0bfae51ac0e95d58fcf4db74d580eb,"ETECSA,  CALIDAD, SERVICIOS",0,"cada ves que se habla de precios protestamos y solo es que etecsa no tiene competencia por cuanto estamos obligados a comprar a sus precios y punto.
gracias.",cu,0,0,0,0,0,1,0,0,0,cada ves que él hablar de precio protestar y solo ser que etecsa no tener competencia por cuanto estar obligado a comprar a su precio y punto gracias
f5711203f8d498667ed28722adff949e,"ETECSA,  CALIDAD, SERVICIOS",0,"Senti pena y verguenza al leer este articulo. Un señor mayor, humilde y trabajador , destinando el dinero de su alimentacion para conectarse a unos miseros 128kbps , realmente increible Nada de que enorgulleserse compañeros de ETECSA",cu,0,0,1,0,0,1,0,0,0,senti pena y verguenza al leer este articulo uno señor mayor humilde y trabajador destinar el dinero de su alimentacion para conectar él a uno misero 128kbps realmente increible nada de que enorgulleser él compañero de etecsa
ee286b213d2bdae325f3fe1233e3264a,"ETECSA,  CALIDAD, SERVICIOS",0,?Me parece que ETECSA debería reconsiderar lo de consumir el paquete en solo treinta días. Disponer de planes más accesibles para las personas más humildes que también tienen derecho al servicio. Espero que las opiniones sean escuchadas y se tengan en cuenta. Gracias,cu,0,1,1,0,0,0,0,0,0,yo parecer que etecsa deber reconsiderar él de consumir el paquete en solo treinta día disponer de plan más accesibl para el persona más humilde que también tener derecho al servicio esperar que el opinión ser escuchar y él tener en cuenta gracia
dfe6f3d4b983a95118dca341124bd9b8,"ETECSA,  CALIDAD, SERVICIOS",0,mmm.. Robo también es sinónimo de estafa o abuso.. puede considerarse robo el cobrar a altos precios un servicio cuando este último no es todo lo eficiente que podría ser.,cu,0,0,0,0,0,1,1,0,0,mm robar también ser sinónimo de estafa o abuso poder considerar él robo el cobrar a alto precio uno servicio cuando este último no ser todo él eficiente que poder ser
bcd7885ac4591cf6e8c4275327199bf1,"ETECSA,  CALIDAD, SERVICIOS",0,La calle OFarril esta en La Vibora. OReilly es la que esta en La Habana Vieja,cu,0,0,0,0,0,0,0,0,0,el calle o farril este en el viboro oreilly ser el que este en el habana viejo
05337edd6e5249b7738e752438396fee,"ETECSA,  CALIDAD, SERVICIOS",0,"Buenos días. Quisiera saber para cuando se activará el servicio de Internet por saldo en los celulares. También quisiera saber por qué no ofertan las tarjetas para navegar en Internet por WIFI en bodegas, centros agentes, terminales, ect. Slds",cu,0,0,1,0,0,1,0,0,0,buen día querer saber para cuando él activar el servicio de internet por saldo en el celular también querer saber por qué no ofertar el tarjeta para navegar en internet por wifi en bodega centro agent terminal ect slds
58bd9a35b7556911aa1460d6891c2dd6,"ETECSA,  CALIDAD, SERVICIOS",0,"Si recargas con 5 CUC tu cuenta y decides usar todo el saldo el día 14 de febrero podrás navegar 10 horas ese día, en caso que solo utilices por ejemplo 2 CUC (4 horas) te quedarán 3 CUC de saldo que utilizándola después del 14 de febrero serán 3 horas y no 6.",cu,0,0,3,0,0,1,0,0,0,si recargar con 5 cuc tu cuenta y decidir usar todo el saldo el día 14 de febrero podrás navegar 10 hora ese día en caso que solo utiliz por ejemplo 2 cuc 4 hora tú quedar 3 cuc de saldo que utilizándolar después del 14 de febrero ser 3 hora y no 6
15ffb9251274a3975390caeec3a009ed,"ETECSA,  CALIDAD, SERVICIOS",0,"Recargue el 14 con una recarga de 2 hora y se están consumiendo igual que todas.asi que llame al *2266 y la explicación fue se te descuenta 4 horas aunque aparezca 2 horas ,pero se siguen consumemiendo igualitico las 2 horas..",cu,0,0,0,0,0,0,0,0,0,recarguir el 14 con uno recarga de 2 hora y él estar consumir igual que todo asi que llamar al 2266 y el explicación ser él tú descontar 4 hora aunque aparezca 2 hora pero él seguir consumemeir igualitico el 2 hora
70504e55790eb321a3e56c096384f76b,"ETECSA,  CALIDAD, SERVICIOS",0,"Yo creo que deben aclarar , por qué si la telefonía fija es tan costosa o más costosa , se están haciendo inversiones en ésta y no en telefonía celular ,",cu,0,0,0,0,0,1,0,0,0,yo creer que deber aclarar por qué si el telefonía fijo ser tanto costoso o más costoso él estar hacer inversión en este y no en telefonía celular
503dbfdf1c8d811120acd8c36b022652,"ETECSA,  CALIDAD, SERVICIOS",0,e / 345.00 cup y 1250.00 cup? realmente tiene que ser especulación,cu,0,1,0,0,0,0,0,0,0,e 345 00 cup y 1250 00 cup realmente tener que ser especulación
4f2fcabec8c0eac337bf0664cc3048d0,"ETECSA,  CALIDAD, SERVICIOS",0,"Espero que algun dia esa promocion se quede asi por un largo tiempo con eso estuviera de acuerdo,cccccuando van a bajar los precios eso es lo que el pueblo esta esperando.",cu,0,0,0,0,0,0,1,0,0,esperar que algun diar ese promocion él quedar asi por uno largo tiempo con ese estar de acuerdo ccuar ir a bajar el precio ese ser él que el pueblo este esperar
cf01899e4ca9d0d15b32a0f1184e6b05,"ETECSA,  CALIDAD, SERVICIOS",0,¿Qué hacen con los millones de dòlares que les entran mensualmente? ¿En qué los invierten?,cu,0,4,0,0,0,0,0,0,0,qué hacer con el millón de dòlar que él entrar mensualmente en qué él invertir
51561520ac741135645cfd85687c3567,"ETECSA,  CALIDAD, SERVICIOS",0,"si bajaran los precios de las llamdas hay personas que no pueden pagar a vecesCreo que hemos dado pasos, pero todavía no es suficiente, cómo es posoble",cu,0,0,0,0,0,2,0,0,0,si bajar el precio de el llamda haber persona que no poder pagar a vecescreo que haber dar paso pero todavía no ser suficiente cómo ser posoble
d7207630571849ac1f81509d7cedff76,"ETECSA,  CALIDAD, SERVICIOS",0,"muchas proyecciones para el 2017,por favor tienen que revisar todos los problemas que hay ahora como que los sms los mandas y no llegan y te lo descuentan de tu saldo,que no hay conexion al correo nauta,que los precios aun estan super alto para nosotros los mortales..bueno ojala que hoy den otras den otras respuestas.",cu,0,0,0,0,0,2,0,0,0,mucho proyección para el 2017 por favor tener que revisar todo el problema que haber ahora como que él sms el manda y no llegar y tú él descontar de tu saldo que no haber conexion al correo nauto que el precio aun estar super alto para yo el mortal bueno ojala que hoy dar otro dar otro respuesta
e63a9cfdd802afce786c961e1716d063,"ETECSA,  CALIDAD, SERVICIOS",0,"Me da verguenza leer eso, muy caro para solo 30 horas mesuales, y tengo certeza que la velocidad de conexion no va a ser muy buena que digamos,",cu,0,0,0,0,0,1,0,0,0,yo dar verguenza leer ese mucho caro para solo 30 hora mesual y tener certeza que el velocidad de conexion no ir a ser mucho buen que decir
952cc4f00da261f108cd226bc6f03319,"ETECSA,  CALIDAD, SERVICIOS",0,¿Y por qué no lo hacen por paquete de información en vez de por tiempo? Ejemplo: 800MB semanal ó 2GB mensual a un precio razonable que no sea la barbaridad de 15CUC.,cu,0,2,0,0,0,2,0,0,0,y por qué no él hacer por paquete de información en vez de por tiempo ejemplo 800 mb semanal ó 2 gb mensual a uno precio razonable que no ser el barbaridad de 15cuc
336d6db93200b12da1d0e95648ed6684,"ETECSA,  CALIDAD, SERVICIOS",0,Esperaré pacientemente el artículo de Cubadebate en que cuenta la historia de como René no puede conectarse nuevamente a internet por las tarifas de Etecsa.,cu,0,0,0,0,0,1,0,0,0,esperar pacientemente el artículo de cubadebate en que contar el historia de como rené no poder conectar él nuevamente a internet por el tarifa de etecsa
5263e24f525985a7564eb1dd2f7127c7,"ETECSA,  CALIDAD, SERVICIOS",0,le doy la razon ha lo que dijo juli confiemos q mas pronto q tarde podamos tener mejores servicio mas baratos y con muy buena calidad solo creo q hay q invertir mas en tecnologia para logar esto.,cu,0,0,0,0,0,0,0,0,0,él dar el razon haber él que decir juli confier q mas pronto q tarde poder tener mejor servicio mas barato y con mucho buen calidad solo creer q haber q invertir mas en tecnologia para logar este
da1cc93e7cf19bc09064bf3f8ee69440,"ETECSA,  CALIDAD, SERVICIOS",0,Es para dar la idea de que los pobres también tenemos derecho,cu,0,0,0,0,0,0,0,0,0,ser para dar el idea de que el pobre también tener derecho
91067271ea132aa7a2c3d45139211527,"ETECSA,  CALIDAD, SERVICIOS",0,"Shit!!! Y yo que gaste dos horas de conexion ayer!! O mejor dicho, hoy en la madrugada!!
Ya no me quedan horas :(",cu,7,0,0,0,0,1,1,0,0,shit y yo que gastar dos hora de conexion ayer o mejor dicho hoy en el madrugada ya no yo quedar hora
2eacda3c13d58f41f8c1977c952d80d1,"ETECSA,  CALIDAD, SERVICIOS",0,SI HAY UNA EMPRESA QUE RECAUDA ES ETECSA y en cuba hay mas de 4000000 de celulares saquen sus propias conclusionesse hacen muchos comentarios pero nadie da respuesta clara por parte de ETECSA todos es con lenguaje tecnico que la mayoria no entiende,cu,0,0,7,0,0,2,1,0,0,si haber uno empresa que recaudar ser etecsa y en cuba haber ma de 400 de celular sacar su propio conclusionesse hacer mucho comentario pero nadie dar respuesta claro por parte de etecsa todo ser con lenguaje tecnico que el mayoria no entender
6818305963211fd4aa31946e1e8c6731,"ETECSA,  CALIDAD, SERVICIOS",0,"cuando permitirán navegar a través de los datos móviles al menos en las redes sociales cuabanas, las prensas nacionales y otros sitios que podamos acceder como aquel quien dice Acostado desde mi cama. alguien puede decirme ?",cu,0,1,0,0,0,0,0,0,0,cuando permitir navegar a través de el dato móvil al menos en el red social cuabana el prensa nacional y otro sitio que poder acceder como aquel quien decir acostado desde mi cama alguien poder decir yo
d837ed6d895bf9f33ebe35b3a0a0ebc8,"ETECSA,  CALIDAD, SERVICIOS",0,Todavia es un debate los precios de la internet.,cu,0,0,0,0,0,0,0,0,0,todavio ser uno debate el precio de el internet
aa3eb52b08b379fb5910d5d8a5d26f55,"ETECSA,  CALIDAD, SERVICIOS",0,"Aprovecho el espacio para decir que si hay una oferta es muy injusto que teniendo bono todo se descuente del saldo principal, yo casi para que quiero un bono por grande que sea?? y por qué al mes se vencen los paquetes de internet??",cu,0,4,0,0,0,0,0,0,0,aprovechar el espacio para decir que si haber uno oferta ser mucho injusto que tener bonir todo él descuente del saldo principal yo casi para que querer uno bono por grande que ser y por qué al mes él vencer el paquete de internet
d1f897e996553da7ed63fe61281c4c10,"ETECSA,  CALIDAD, SERVICIOS",0,"Ahhh!!!, casi lo olvido, qué me dice Etecsa de la disminución de la vida útil de los bonos de recarga desde el exterior, este mes llegan hasta el 10 de febrero, si el cliente paga ¿por qué tiene que reducirle el tiempo? ¿Acaso no ganan ya suficiente con esta modalidad? Somos humanos!!! y cubanos!!",cu,8,4,0,0,0,1,3,0,0,ahh casi él olvido qué yo decir etecsa de el disminución de el vida útil de el bono de recarga desde el exterior este mes llegar hasta el 10 de febrero si el cliente pagar por qué tener que reducir él el tiempo acaso no ganar ya suficiente con este modalidad ser humano y cubano
9588e2e32e912183390312334e298e0f,"ETECSA,  CALIDAD, SERVICIOS",0,Muy buena la oferta pero también deberian haber priorizado el internet por datos móvil pues es bien caro y duro bien poco,cu,0,0,0,0,0,0,0,0,0,mucho buen el oferta pero también deberiar haber priorizar el internet por dato móvil pues ser bien caro y duro bien poco
7204b545bbe53e0f697084b375d751b8,"ETECSA,  CALIDAD, SERVICIOS",0,saludos cordiales para mi colega CL2RVA (Rene) de la CL2YAA,cu,0,0,0,0,0,0,0,0,0,saludo cordial para mi colega cl2rva renir de el cl2yaa
f73f9b9d7628873f10fb52fa226d7865,"ETECSA,  CALIDAD, SERVICIOS",0,"Respóndete tu mismo, parece mentira que a estas alturas no conozcas a ETECSA.",cu,0,0,1,0,0,1,0,0,0,respóndetir tu mismo parecer mentira que a este altura no conozca a etecsa
df3fe55c369969874b72a486bf0c6232,"ETECSA,  CALIDAD, SERVICIOS",0,"?Verguenza da q ni correo nauta hay, desde q supuestamente esta el internet activado no hay conexion para el correo nauta, esto es un desastre, etecsa no se da cuenta q no puede con tanto, el q mucho abarca poco aprieta.",cu,0,1,0,0,0,4,0,0,0,verguenza dar q ni correo nauta haber desde q supuestamente este el internet activado no haber conexion para el correo nauto este ser uno desastre etecsa no él dar cuenta q no poder con tanto el q mucho abarca poco apretar
2cef1990319eb2037431028fb1935ff1,"ETECSA,  CALIDAD, SERVICIOS",0,"Osea, el bono me seguira costando 2CUC, pero en vez de recargarme 2 horas, me pondra 4??",cu,0,2,0,0,0,0,0,0,0,osea el bono yo seguirar costar 2cuc pero en vez de recargarme 2 hora yo pondrar 4
4c01fd2a31086a8ff7705e73dece8f32,"ETECSA,  CALIDAD, SERVICIOS",0,Por que no se prueba el servicio nauta de internet por Datos Moviles ya q eso aumentaria considerablemente la cantidad de usuarios?,cu,0,1,0,0,0,1,0,0,0,por que no él probar el servicio nauta de internet por dato movil ya q ese aumentariar considerablemente el cantidad de usuario
2606ab8bfc06605806747070e9497590,"ETECSA,  CALIDAD, SERVICIOS",0,?Super bueno navega con buena velocidad y rapides solo que en el futuro esperemos que las tarifa bajen algo que aun para un salario normal no se puede mantener pero muy satisfecho,cu,0,1,0,0,0,1,0,0,0,super bueno navegar con buen velocidad y rapid solo que en el futuro esperar que el tarifa bajar algo que aun para uno salario normal no él poder mantener pero mucho satisfecho
c5393ac5471c4ec48dc2ec91616e5209,"ETECSA,  CALIDAD, SERVICIOS",0,?Si pusieran una sola moneda sería más fácil para todos.,cu,0,1,0,0,0,0,0,0,0,si pusierar uno solo moneda ser más fácil para todo
65e94d43ab767291d6cc43e30b494a82,"ETECSA,  CALIDAD, SERVICIOS",0,Que bien que se tomen medidas para incrementar y mejorar el servicio.,cu,0,0,0,0,0,0,0,0,0,que bien que él tomar medida para incrementar y mejorar el servicio
bdf94c9a9980fed499351f13c86dbdcf,"ETECSA,  CALIDAD, SERVICIOS",0,"El problema de las tildes se debe a la configuracion del telefono y varia segun el tipo y marca del terminal. Busca en la configuracion del teclado y cambia los parametros de introduccion de texto y puedes probar antes de enviar, introduciendo una palabra con tilde y observando que no aumenta la cantidad de caracteres. Saludos",cu,0,0,0,0,0,1,0,0,0,el problema de el tilde él deber a el configuracion del telefono y vario segun el tipo y marca del terminal buscar en el configuracion del teclado y cambiar el parametro de introduccion de texto y poder probar antes de enviar introducir uno palabra con tilde y observar que no aumentar el cantidad de caracter saludo
5f8fd6910db35a0bc81bfc69891c3350,"ETECSA,  CALIDAD, SERVICIOS",0,"Muchas gracias por sus cometarios, eso y otros temas los tenemos en cuenta para futura acciones.",cu,0,0,0,0,0,0,0,0,0,mucho gracia por su cometario ese y otro tema él tener en cuenta para futuro acción
b077c8069bc8e08a9d657670a2fa1a64,"ETECSA,  CALIDAD, SERVICIOS",0,"Y sobre todo respondan PQ si ayer compre un plan de 20 sms, solo he pasado 3 y me desconto 6. Lo acabo de revizar",cu,0,0,0,0,0,0,0,0,0,y sobre todo responder pq si ayer compre uno plan de 20 sms solo haber pasar 3 y yo descontar 6 él acabar de revizar
8588ca241c9adbd827160ecb67c04507,"ETECSA,  CALIDAD, SERVICIOS",0,A mi me da pena ver a ese hombre que es ingeniero y que tiene que pasar tanto trabajo para tener internet.,cu,0,0,0,0,0,0,0,0,0,a mi yo dar pena ver a ese hombre que ser ingeniero y que tener que pasar tanto trabajo para tener internet
180987f9c051a6676bcea7be5411e805,"ETECSA,  CALIDAD, SERVICIOS",0,Eso es la velocidad pico teorica de la conexion en este caso.,cu,0,0,0,0,0,0,0,0,0,ese ser el velocidad pico teorico de el conexion en este caso
0217ac5f6ef2f327d9e2950965199913,"ETECSA,  CALIDAD, SERVICIOS",0,"!Yo creo que muchos de los elegidos lo usamos con el mismo fin, el de mantener cerca a la familia!",cu,2,0,0,0,0,0,0,0,0,yo creer que mucho de el elegido él usamos con el mismo fin el de mantener cerca a el familia
e84c9394f9c34f94edaa4cb327ac4a9f,"ETECSA,  CALIDAD, SERVICIOS",0,"La única forma demostrada ya, de resolver los problemas de comunicaciones en Cuba es abrirse a la inversión extranjera y que las compañías de telecomunicaciones de otros países brinden servicio en nuestro país.",cu,0,0,0,0,0,0,0,0,0,el único forma demostrado ya de resolver el problema de comunicación en cuba ser abrir él a el inversión extranjero y que el compañía de telecomunicación de otro país brindir servicio en nuestro país
54cff282506202d97091732bccb606b4,"ETECSA,  CALIDAD, SERVICIOS",0,"Estamos tan atrasados que lo mejor seria huir hacia adelante, empezar por poner Internet a los teléfonos por Data y no por wifi, así no hace falta Internet en las casas, todo el que quiera la trae en el bolsillo.",cu,0,0,0,0,0,2,0,0,0,estar tanto atrasado que él mejor serio huir hacia adelante empezar por poner internet a el teléfono por data y no por wifi así no hacer falta internet en el casa todo el que querer el trae en el bolsillo
b66845543425ddfb76ef162864bbbd8e,"ETECSA,  CALIDAD, SERVICIOS",0,"Claro, y tú prefieres criticar en vez de recordar un montón de cosas. El dinero que hace ETECSA en cup y cuc no paga las inversiones. Pero si paga otros servicios que tú utilizas. Y por cierto, la inversión extranjera no lo resuelve todo.",cu,0,0,1,0,0,2,0,0,0,claro y tú prefier criticar en vez de recordar uno montón de cosa el dinero que hacer etecsa en cup y cuc no pagar el inversión pero si pagar otro servicio que tú utiliza y por cierto el inversión extranjero no él resolver todo
4220bae08139a263a503640f0eca7054,"ETECSA,  CALIDAD, SERVICIOS",0,Habrá que ver entonces cual es tu concepto de humildad.,cu,0,0,0,0,0,0,0,0,0,haber que ver entonces cual ser tu concepto de humildad
5f6efe0157d3eceff49066bc966898cf,"ETECSA,  CALIDAD, SERVICIOS",0,alejandra ellos son el numero uno en calidad pero al cobrarte jajajaja en eso si no tienen problemas no importa que no llegen los sms lo que si llega es la cuenta,cu,0,0,0,0,0,3,0,0,0,alejandro él ser el numero uno en calidad pero al cobrarte jajajajar en ese si no tener problema no importar que no llegen el sms él que si llegar ser el cuenta
f592c0ba4f818dbf61541b32ffc54e84,"ETECSA,  CALIDAD, SERVICIOS",0,"Gracias, me parece muy buena oferta",cu,0,0,0,0,0,0,0,0,0,gracia yo parecer mucho buen oferta
7262e26a1c43d621bba23e3f3d58608f,"ETECSA,  CALIDAD, SERVICIOS",0,"Gracias etecsa, estas aprendiendo hacer promociones que motivan",cu,0,0,0,0,0,0,0,0,0,gracias etecsa este aprender hacer promoción que motivar
3f9e90fe0c23530e88542148fcee331f,"ETECSA,  CALIDAD, SERVICIOS",0,"Antes que nada buenas tardes. Por favor DJ antes de hacer un comentario o planteamiento rectifica todas esas faltas de ortografias que tienes, que no vale de nada que viajes mucho.",cu,0,0,0,0,0,3,0,0,0,antes que nada buena tarde por favor dj antes de hacer uno comentario o planteamiento rectificir todo ese falta de ortografia que tener que no valer de nada que viaje mucho
0424af912252fc8754ca3da3370f297f,"ETECSA,  CALIDAD, SERVICIOS",0,ETECSA_Cuba lo que debería hacer es bajar ABSOLUTAMENTE TODOS LOS PRECIOS del Internet y la telefonía móvil en Cuba a un 50% del precio que tienen en la actualidad.dejarlo así para siempre y mejorar el servicio que muy malo que está.,cu,0,0,4,0,0,0,0,0,0,etecsa_cuba él que deber hacer ser bajar absolutamente todo el precio del internet y el telefonía móvil en cuba a uno 50 del precio que tener en el actualidad dejar él así para siempre y mejorar el servicio que mucho malo que estar
41dc30411cacac3a09c9bd65c2f081c8,"ETECSA,  CALIDAD, SERVICIOS",0,Puede conectarse des un área wifi o de una sala de navegación.,cu,0,0,0,0,0,0,0,0,0,poder conectar él des uno área wifi o de uno sala de navegación
f1868f9f3e3051e95d620311543f5b5f,"ETECSA,  CALIDAD, SERVICIOS",0,no entiendo,cu,0,0,0,0,0,1,0,0,0,no entender
a455fc6199bb3d4073d9994bf6f066de,"ETECSA,  CALIDAD, SERVICIOS",0,buenos dias a todos quisiera preguntar si en este ano se podra acceder a la internet a traves de la coneccion de datos moviles..seria posible..saludos,cu,0,0,0,0,0,0,0,0,0,buen dia a todo querer preguntar si en este ano él podrar acceder a el internet a traves de el coneccion de dato movil serio posible saludo
10704535672c3da36886e4f23249b619,"ETECSA,  CALIDAD, SERVICIOS",0,Ay René ! En un metro cuadrado cuánto artilugios para comunicarte tienes ! Lo más paradójico es que sin el ADSL y sin internet puedes comunicarte con los demás equipos con tu familia de afuera ¿ qué o quién te lo impide ?.,cu,2,2,1,0,0,2,0,0,0,ay renar en uno metro cuadrado cuánto artilugio para comunicar tú tener él más paradójico ser que sin el adsl y sin internet poder comunicar tú con el demás equipo con tu familia de afuera qué o quién tú él impedir
7df3ac4c2f121dd1552db1c8f2c27df4,"ETECSA,  CALIDAD, SERVICIOS",0,A los compañeros de ETECSA les pregunto por qué no dan detalles de los servicios o una noticia entendible y concreta.,cu,0,0,1,0,0,1,0,0,0,a el compañero de etecsa él preguntar por qué no dar detalle de el servicio o uno noticia entendible y concreto
4621c4d50c9a9e205bfe785e62f9a679,"ETECSA,  CALIDAD, SERVICIOS",0,Mi telefono no envia los mms sin que los datos esten abierto mientras que el anterior que tenia si los enviaba sin los datos abierto. Alguien me puede aclarar si es normal eso? Mi telefono es un Samsung J2PRIME. Saludos,cu,0,1,0,0,0,3,0,0,0,mi telefono no enviir el mms sin que el dato estir abierto mientras que el anterior que tener si él enviar sin el dato abierto alguien yo poder aclarar si ser normal ese mi telefono ser uno samsung j2prime saludo
81375e0a8a5b02eea033e56e060f224d,"ETECSA,  CALIDAD, SERVICIOS",0,"Esto es el huevo y la gallina, para una conexion adsl se requiere de un par telefonico, y en un articulo reciente de granma dijeron que casi ya no habian disponibles al menos en la habana, como siempre pendientes a inversiones que nunca ocurren y ellos siguen ingresando millones.",cu,0,0,0,0,0,2,0,0,0,este ser el huevo y el gallina para uno conexion adsl él requerir de uno par telefonico y en uno articulo reciente de granma decir que casi ya no habiar disponible al menos en el habana como siempre pendiente a inversión que nunca ocurrir y él seguir ingresar millón
dd9bcb748a99a33f54167e993404fc85,"ETECSA,  CALIDAD, SERVICIOS",0,y cuando tendremos internet en nuestros moviles???,cu,0,3,0,0,0,0,1,0,0,y cuando tener internet en nuestro movil
cc8fb2cea5e898d4c587d2330f47ff1a,"ETECSA,  CALIDAD, SERVICIOS",0,"Espero que la dirección del país, no le permita a ETECSA, seguir explotando a los cubanos, con tarifas solo alcanzadas por los que no viven solo del salario que se devenga de un trabajo honrrado.",cu,0,0,1,0,0,2,0,0,0,esperar que el dirección del país no él permitir a etecsa seguir explotar a el cubano con tarifa solo alcanzado por el que no vivir solo del salario que él devenir de uno trabajo honrrado
0c85b8d810b6d2be2a89258156cce729,"ETECSA,  CALIDAD, SERVICIOS",0,"cuando se acabaran las diferencias, hay que permitir a empresas Extranjeras invertir en el Internet en Cuba. etecsa no puede solo seguir abarcandolo todo.",cu,0,0,0,0,0,1,0,0,0,cuando él acabarir el diferencia haber que permitir a empresa extranjero invertir en el internet en cuba etecsa no poder solo seguir abarcandolo todo
bba227ae12ddb8513d4c7296d4a6fab2,"ETECSA,  CALIDAD, SERVICIOS",0,se ve que usted no es maestro ni al parecer tiene en su familia. hay profesionales que ni tomamos cristal ni fumamos ni tenemos nauta,cu,0,0,0,0,0,5,0,0,0,él ver que usted no ser maestro ni al parecer tener en su familia haber profesional que ni tomar cristal ni fumar ni tener nauto
74b89de863cb830026b1a4d5cf8aa460,"ETECSA,  CALIDAD, SERVICIOS",0,"?Mire la Internet en el mundo como usted dijo lo que vale son kilos,o todos en el mundo son millonarios ?porque todos o la gran mayoría tienen Internet",cu,0,2,0,0,0,0,0,0,0,mire el internet en el mundo como usted decir él que valer ser kilo o todo en el mundo ser millonario porque todo o el gran mayoría tener internet
fc8bc9b0eb127531fc249b6af22e8032,"ETECSA,  CALIDAD, SERVICIOS",0,"Pobre René va perder unas cuantas libras por estar conectado a internet, en vez de 60 años va a parentar 70 en un mes de internet.",cu,0,0,0,0,0,0,0,0,0,pobre rené ir perder uno cuanta libra por estar conectado a internet en vez de 60 año ir a parentar 70 en uno mes de internet
4c70e13c945b21de0ae327b1f3a8eace,"ETECSA,  CALIDAD, SERVICIOS",0,"Mi pregunta es si recargo mi cuenta ese día con 5 cuc que son 10 horas y no las termino de consumir en el mismo día, las pierdo?, o se me mantien el resto y pudo usarla en los siguientes días.",cu,0,1,0,0,0,1,0,0,0,mi pregunta ser si recarguir mi cuenta ese día con 5 cuc que ser 10 hora y no el termino de consumir en el mismo día el pierdo o él yo mantien el resto y poder usar él en el siguiente día
d9aa715035bb7e4d59a6561c6fa9ebee,"ETECSA,  CALIDAD, SERVICIOS",0,por que los particulares no tenemos derecho a tener una linea de postpago?,cu,0,1,0,0,0,1,0,0,0,por que el particular no tener derecho a tener uno linea de postpago
cbd0bca88567c01ac1a47884c4fef65c,"ETECSA,  CALIDAD, SERVICIOS",0,mmmm me podría aclarar alguien el costo de esos nuevos planes que te ofrecen y cuanto te cobran?,cu,0,1,0,0,0,0,1,0,0,mm yo poder aclarar alguien el costo de ese nuevo plan que tú ofrecer y cuanto tú cobrar
1d56582538bef8baed08588f009a7c74,"ETECSA,  CALIDAD, SERVICIOS",0,"Etecza sigue bajando los precios por favor, hay un pueblo sedimento de tecnología y comunicación, es tiempo que el pueblo crezca en conocimiento y desarrollo tecnológico y estás tarifas u ofertas que le dicen a un precio más barato que no sea solo por un día especial, que sea para siempre.",cu,0,0,0,0,0,1,0,0,0,etecza seguir bajar el precio por favor haber uno pueblo sedimento de tecnología y comunicación ser tiempo que el pueblo crecer en conocimiento y desarrollo tecnológico y estar tarifa u oferta que él decir a uno precio más barato que no ser solo por uno día especial que ser para siempre
f5a57123ff26e72f2fa87840b6a6e1d0,"ETECSA,  CALIDAD, SERVICIOS",0,"que falta de respeto, a veces pienso que esas personas que aplican esas tarifas no viven en este pais.",cu,0,0,0,0,0,1,0,0,0,que faltar de respeto a vez pensar que ese persona que aplicar ese tarifa no vivir en este pais
9f2fec3aa0779decc6873c4d3a1b838c,"ETECSA,  CALIDAD, SERVICIOS",0,todo esto nos hace mucha ilusión pero queremos saber fechas. es para que mes de este año? o par que año?,cu,0,2,0,0,0,0,0,0,0,todo este yo hacer mucho ilusión pero querer saber fecha ser para que mes de este año o par que año
7591803a88bf0918094aa1b00450739d,"ETECSA,  CALIDAD, SERVICIOS",0,"Yo quisiera saber porque hay tan pocas líneas de teléfonos fijos Nadie habla de esto, algo tan importante, por lo menos aqui en La Habana era para que todos tuvieran telefono es casa, que si no hay pares disponibles. que si no se puede en fin",cu,0,0,0,0,0,3,0,0,0,yo querer saber porque haber tanto poco línea de teléfono fijo nadie hablar de este algo tanto importante por él menos aqui en el habana ser para que todo tener telefono ser casa que si no haber par disponible que si no él poder en fin
ef9e1676b98e3c9ca0c8b7c5a03ecfb4,"ETECSA,  CALIDAD, SERVICIOS",0,"Ni escriban, hace días que envié un correo con algunas dudas y todavía estoy esperando respuestas. Parece que se están riendo de nosotros, por favor.",cu,0,0,0,0,0,1,0,0,0,ni escrir hacer día que enviar uno correo con alguno duda y todavía estar esperar respuesta parecer que él estar reir de yo por favor
928be9fac83929b45aa67177dcc82fd8,"ETECSA,  CALIDAD, SERVICIOS",0,muy bonito lo del INTERNET en las casas pero todabia la tarifa es cara pues a imaginate q el dinero no nos da para mantener la casa dime tu para mantener el INTERNET,cu,0,0,2,0,0,1,0,0,0,mucho bonito él del internet en el casa pero todabiar el tarifa ser cara pues a imaginate q el dinero no yo dar para mantener el casa dime tu para mantener el internet
8f66f172fb7aa13e6c629c05cf0337c9,"ETECSA,  CALIDAD, SERVICIOS",0,"No todos los teléfonos tienen coincidencia los #s con las letras, la marca Arcatel el 328# no es DATO, es REXV",cu,0,0,2,0,0,2,0,0,0,no todo el teléfono tener coincidencia el s con el letra el marca arcatel el 328 no ser dato ser rexv
2b02f32ab9136c907321bb9723f8859e,"ETECSA,  CALIDAD, SERVICIOS",0,"es una falta de respeto, su almuerzo para poder tener 30 horas al mes y al final un servicio PESIMO",cu,0,0,1,0,0,0,0,0,0,ser uno falta de respeto su almuerzo para poder tener 30 hora al mes y al final uno servicio pesimo
3dedb23f4ca3bbc84981407e1db2702d,"ETECSA,  CALIDAD, SERVICIOS",0,"27.95 al mes es caro?, yo te pregunto porque no sé.",cu,0,1,0,0,0,1,0,0,0,27 95 al mes ser caro yo tú preguntar porque no saber
bee98f0fb0837176da3981cf139ba3cf,"ETECSA,  CALIDAD, SERVICIOS",0,Todo está bien. Pero la conexión es muy difícil por qué sé carga mucho la conexión no es buena muchas gracias por ser tan amable lo necesitamos.sin más saludos a quien corresponda.,cu,0,0,0,0,0,2,0,0,0,todo estar bien pero el conexión ser mucho difícil por qué saber carga mucho el conexión no ser buen mucho gracia por ser tanto amable él necesitar sin más saludo a quien corresponder
bfffeddb2b0f801e01a6ed4f66bfb8eb,"ETECSA,  CALIDAD, SERVICIOS",0,"Hoy es 17 de marzo ¿alguna nueva noticia sobre este tema? Sería interesante dar seguimiento, cómo va el proceso, dónde se instala, los precios oficiales, etc. etc.",cu,0,2,0,0,0,0,0,0,0,hoy ser 17 de marzo alguno nuevo noticia sobre este tema ser interesante dar seguimiento cómo ir el proceso dónde él instalar el precio oficial etc etc
afe7eb9e4dacf8c32cafb7627f622b13,"ETECSA,  CALIDAD, SERVICIOS",0,"los priomeros ya los tienes solo que con la tecnologia que dispone ETECSA a través del servicio@nauta, tanto en salas de navegación como en el móvil en árreas públicas wifi y seguirá mejorando, no se desanime que todo llega al menos es la línea de deseo del país.",cu,0,0,1,0,0,1,0,0,0,el priomero ya él tener solo que con el tecnologia que disponer etecsa a través del servicio[user ] tanto en sala de navegación como en el móvil en árrea público wifi y seguir mejorar no él desanimir que todo llegar al menos ser el línea de deseo del país
4f1cff0b9cd2968cace5b054cb8ae480,"ETECSA,  CALIDAD, SERVICIOS",0,Volverán algún día las ofertas de 20 por 20 desde el exterior o como se hizo alguna vez nacional que se compra una tarjeta de 20 CUC y tenias 20 mas de saldo,cu,0,0,1,0,0,0,0,0,0,volver alguno día el oferta de 20 por 20 desde el exterior o como él hacer alguno vez nacional que él comprar uno tarjeta de 20 cuc y tenia 20 mas de saldo
db45877d2f44fe27fc205466d0484520,"ETECSA,  CALIDAD, SERVICIOS",0,"¿Qué se está haciendo para incrementar la telefonía fija? Una alternativa sería abaratar los precios de la telefonía móvil, pero eso parece que no es posible. A las personas que no tenemos telefono fijo se nos hace muy dificil comunicarnos",cu,0,2,0,0,0,2,0,0,0,qué él estar hacer para incrementar el telefonía fijo uno alternativa ser abaratar el precio de el telefonía móvil pero ese parecer que no ser posible a el persona que no tener telefono fijo él yo hacer mucho dificil comunicarno
54abccf15c2341be051163ab3ac988d7,"ETECSA,  CALIDAD, SERVICIOS",0,Te respondo: los leemos.,cu,0,0,0,0,0,0,0,0,0,tú respondo el leemo
979300198d2de70b7867a3637c27c9e5,"ETECSA,  CALIDAD, SERVICIOS",0,"miren que curioso: ETECSA pone precios infernales a todos sus servicios, y el Estado que hace? por que no les obliga a bajarlos??? por que no le pone multas a ETECSA por tener caro el internet, por las lineas del celular? el Estado si puede estafar al pueblo????",cu,0,9,2,0,0,2,2,0,0,mirar que curioso etecsa poner precio infernal a todo su servicio y el estado que hacer por que no él obligar a bajarlo por que no él poner multa a etecsa por tener caro el internet por el linea del celular el estado si poder estafar al pueblo
f8cd7d412f4bc2544900cf2e2195b57e,"ETECSA,  CALIDAD, SERVICIOS",0,es mejor q bajen el bono de recarga y no la tarifa,cu,0,0,0,0,0,1,0,0,0,ser mejor q bajen el bono de recarga y no el tarifa
f75a89654b329f9312c648f392cdb2e1,"ETECSA,  CALIDAD, SERVICIOS",0,Como siempre todo muy exagerado,cu,0,0,0,0,0,0,0,0,0,como siempre todo mucho exagerado
9009f24273fa7703d778b01e3236f1e5,"ETECSA,  CALIDAD, SERVICIOS",0,"Demasiado cara la navegación para el bolsillo del cubano, en una hora es muy difícil, no siempre tiene la misma velocidad",cu,0,0,0,0,0,1,0,0,0,demasiado caro el navegación para el bolsillo del cubano en uno hora ser mucho difícil no siempre tener el mismo velocidad
b743e30b30f7944c447ff9409225caec,"ETECSA,  CALIDAD, SERVICIOS",0,"Si se quedara sin comer solo ese mes, diríamos que iso un esfuerzo, no te das cuenta, que para pagar solo un mes tiene que pedir prestado, no sabe cuanto, porque no son tantos los que ganan para todas las necesidades el valos en MN de 30 ó 50 CUC",cu,0,0,1,0,0,4,0,0,0,si él quedar sin comer solo ese mes decir que iso uno esfuerzo no tú dar cuenta que para pagar solo uno mes tener que pedir prestado no saber cuanto porque no ser tanto el que ganar para todo el necesidad el valo en mn de 30 ó 50 cuc
3822980d7b6925275520b4c6d080f62f,"ETECSA,  CALIDAD, SERVICIOS",0,"ES bueno y necesario que el servicio se ponga en marcga lo antes posible y se extienda. Aunque el precio es parece ser selectivo, no todos podremos contratarlo, pero algo es algo. E.W",cu,0,0,0,0,0,1,0,0,0,ser bueno y necesario que el servicio él poner en marcga él antes posible y él extiendar aunque el precio ser parecer ser selectivo no todo poder contratar él pero algo ser algo e w
a98d17035ac76a3c8ad7f5d7f86e7b68,"ETECSA,  CALIDAD, SERVICIOS",0,mano que parte de que tiene un hijo en MIAMI no entendistes?,cu,0,1,1,0,0,1,0,0,0,mano que partir de que tener uno hijo en miami no entendist
bfc9d4568d9668a90829207b04c0cf4b,"ETECSA,  CALIDAD, SERVICIOS",0,?PREGUNTITA: Alguien me puede explicar q es lo q pasa por que no puedo usar ni mi Cubamessenger ni mms como antes. Aclaro lo q quiero saber es si para acerlo ahora tengo que activar alguno de estos servicios. Respondame alguien porfa.,cu,0,1,1,0,0,3,0,0,0,preguntitar alguien yo poder explicar q ser él q pasar por que no poder usar ni mi cubamessenger ni mms como antes aclaro él q querer saber ser si para acer él ahora tener que activar alguno de este servicio respondame alguien porfa
afc45db85986b8e898c71c207ffd634c,"ETECSA,  CALIDAD, SERVICIOS",0,"Perdón??? Cuándo me perdí este paso de ETECSA?? que ya funciona la 3G en toda Cuba?? Discúlpame pero en mi municipio por poner un ejemplo no funciona la 3G, es solo en las cabeceras provinciales. Si hay dudas entre a la página web de etecsa para que se informe.",cu,0,7,1,0,0,1,1,0,0,perdón cuándo yo perder este paso de etecsa que ya funcionar el 3 g en todo cuba discúlpamar pero en mi municipio por poner uno ejemplo no funcionar el 3 g ser solo en el cabecera provincial si haber duda entre a el página web de etecsa para que él informir
bc0bd5b477f5eeeb0844a326d47eeb1b,"ETECSA,  CALIDAD, SERVICIOS",0,finanzas y precio es quien le pone tarifa a todono etecsa..,cu,0,0,0,0,0,1,0,0,0,finanza y precio ser quien él poner tarifa a todo no etecsa
c3c05d5c985ec0256f002292aaccf1c6,"ETECSA,  CALIDAD, SERVICIOS",0,Internet llegará a todos cuando estén creadas las condiciones para que se sepa todo lo que haces y dices y con quién lo haces.Eso ya existe solo lo están perfeccionando.,cu,0,0,0,0,0,0,0,0,0,internet llegar a todo cuando estar crear el condición para que él separ todo él que hacer y diz y con quién él hacer ese ya existir solo él estar perfeccionar
8967b440e8be84f8be390f9f43de0ff0,"ETECSA,  CALIDAD, SERVICIOS",0,"Buenos días, desde el municipio de Guanajay en la provincia de Artemisa, me gustaría saber cuando autorizarán el servicio Nauta Hogar para todos, precio o estimado del paquete, o solo es para la Habana..? Gracias",cu,0,1,0,0,0,0,0,0,0,buen día desde el municipio de guanajay en el provincia de artemisa yo gustar saber cuando autorizar el servicio nauta hogar para todo precio o estimado del paquete o solo ser para el habana gracias
34b4c97e3295db232c293dc8da8d7d12,"ETECSA,  CALIDAD, SERVICIOS",0,"Saludos XD. Actualmente se realizan trabajos de inversiones altamente costosas en nuestra red. Hay que tener en cuenta que todos los elementos que componen la red ya sea fija o móvil se adquieren con proveedores internacionales, ninguno se fabrica en nuestro país.",cu,0,0,0,0,1,1,0,0,0,saludo xd actualmente él realizar trabajo de inversión altamente costoso en nuestro red haber que tener en cuenta que todo el elemento que componer el red ya ser fijo o móvil él adquirir con proveedor internacional ninguno él fabricar en nuestro país
3a3068ba21bc3ef5bb7b120411c34d7a,"ETECSA,  CALIDAD, SERVICIOS",0,eso me recuerda un artículo que salió a inicios de la furia de los puntos wifi en la que una mujer decía y se usó como título para el mismo: INTERNET o Comer.,cu,0,0,1,0,0,0,0,0,0,ese yo recordar uno artículo que salir a inicio de el furia de el punto wifi en el que uno mujer decir y él usar como título para el mismo internet o comer
0d9ae302b487909a4e572c7874c53057,"ETECSA,  CALIDAD, SERVICIOS",0,"Que vergüenza ,y lo peor es que se anuncia con bombos y platillos como si fuese un favor o algo para agradecer ,que pena me da esto no se si reír de esta payasada o llorar de la tristeza",cu,0,0,0,0,0,1,0,0,0,que vergüenza y él peor ser que él anunciar con bombo y platillo como si ser uno favor o algo para agradecer que pena yo dar este no él si reír de este payasada o llorar de el tristeza
914351b79c938f7988bad1efd836ed34,"ETECSA,  CALIDAD, SERVICIOS",0,"Ya que se habla de los servicios nauta para terceros, quisiera saber si es pcontrate con la ETECSA para que su negocio cuente con un punto wifi de Etecsa como una forma de hacer má atractivo su sitio y que a la vez funcione como centro agente con los los debidos contratos y facilidades.",cu,0,0,1,0,0,0,0,0,0,ya que él hablar de el servicio nauto para tercero querer saber si ser pcontrate con el etecsa para que su negocio contar con uno punto wifi de etecsa como uno forma de hacer má atractivo su sitio y que a el vez funcionar como centro agente con el el debido contrato y facilidad
8bd7323755f6d6a41d329b576fa98322,"ETECSA,  CALIDAD, SERVICIOS",0,y ultimamente ni el nauta se puede utilizar,cu,0,0,0,0,0,1,0,0,0,y ultimamente ni el nauta él poder utilizar
98323e609f28133b77820490215f05b6,"ETECSA,  CALIDAD, SERVICIOS",0,Por fin quieren o no quieren internet?,cu,0,1,0,0,0,1,0,0,0,por fin querer o no querer internet
3a3473735946daecc0a6c83eeec41a4e,"ETECSA,  CALIDAD, SERVICIOS",0,"Por favor, respétese, que con ese cuento llegaremos al 2030 sin lograrlo. Quiere una prueba de que funciona, vaya a cualquier lugar del mundo, no tendría que hacer ninguna prueba piloto.",cu,0,0,0,0,0,3,0,0,0,por favor respétese que con ese cuento llegarer al 2030 sin lograr él querer uno prueba de que funcionar ir a cualquiera lugar del mundo no tener que hacer ninguno prueba piloto
6244686b5f7954316b3928cf25cdb00c,"ETECSA,  CALIDAD, SERVICIOS",0,"SIGUE LA PREOCUPACIÓN DEL PUEBLO CON RESPECTO AL PRECIO DE LA SIM,ETECSA NO RESPONDE, NO HAN HECHO MAS OFERTAS DESDE QUE AUMENTARON LA VIDA UTIL DE LAS MISMAS. !NI SIQUIERA EN LOS FINES DE AÑOS!.",cu,2,0,25,0,0,3,0,0,0,seguir el preocupación del pueblo con respecto al precio de el sim etecsa no responder no haber hacer mas oferta desde que aumentar el vida util de el mismo ni siquiera en el fin de año
bdf3e70bc959cae4f9c2adb20605c4f2,"ETECSA,  CALIDAD, SERVICIOS",0,cuando le reclamas te dicen que es tu telefono el que tiene problemas que por eso es que no se conecta bien,cu,0,0,0,0,0,1,0,0,0,cuando él reclamar tú decir que ser tu telefono el que tener problema que por ese ser que no él conectar bien
99ea63cd2d97848ba6629cdae1bb58ee,"ETECSA,  CALIDAD, SERVICIOS",0,"Buenos dias, mire soy profesor de secundaria básica y tengo internet en mi casa por PAP pòr el serviodor de rimed. yo quisiera saber si cuando se ponga la tecnologia ADSL nos tienen en cuenta o sea si seguimos con la conetividad o si tendriamos que solicitar de nuevo el servicio al este pasar a Nauta.",cu,0,0,2,0,0,0,0,0,0,buen dias mire ser profesor de secundaria básico y tener internet en mi casa por pap pòr el serviodor de rimed yo querer saber si cuando él poner el tecnologia adsl yo tener en cuenta o sea si seguir con el conetividad o si tendriar que solicitar de nuevo el servicio al este pasar a nauta
a0ebe9c544fcaba667adb3dcf12b1400,"ETECSA,  CALIDAD, SERVICIOS",0,Quiero internet en mi casa!!!!!!!!!!!,cu,11,0,0,0,0,0,1,0,0,querer internet en mi casa
fd0d2a5026addcf9bf3576f16041ee10,"ETECSA,  CALIDAD, SERVICIOS",0,"Fernando la codificación de los sms si la memoria no me falla es en 7 bit y ASCII no es único estándar de codificación, pero seria justo que encontraran una solución mejor.",cu,0,0,1,0,0,2,0,0,0,fernando el codificación de el sms si el memoria no yo fallar ser en 7 bit y ascii no ser único estándar de codificación pero serio justo que encontrarar uno solución mejor
45aa7ee164ef7dd8359f39d21058a505,"ETECSA,  CALIDAD, SERVICIOS",0,Me acabaron de estafar. No se aplicó ningún descuento y recargue la cuenta permanente con 2 horas y dos horas me dieron. Pura estafa,cu,0,0,0,0,0,2,0,0,0,yo acabar de estafar no él aplicar ninguno descuento y recarguir el cuenta permanente con 2 hora y dos hora yo dar puro estafa
5a59760bac6601d3c0b05b9db20854d6,"ETECSA,  CALIDAD, SERVICIOS",0,"No tengo nada que decir, ud han dicho todo.. que pena que tengamos que no podamos estar a la par del mundo por una mala administracion",cu,0,0,0,0,0,3,0,0,0,no tener nada que decir ud haber decir todo que pena que tener que no poder estar a el par del mundo por uno malo administracion
06198dd041e9b96b5e12ae0416a62345,"ETECSA,  CALIDAD, SERVICIOS",0,"una cosa q hace años se usa en el mundo entero y aqui en pruebas y los precios q les van a poner no son nada amigables, como siempre el q trabaja se jode, saludos",cu,0,0,0,0,0,2,0,0,0,uno cosa q hacer año él usar en el mundo entero y aqui en prueba y el precio q él ir a poner no ser nada amigabl como siempre el q trabajar él jodar saludo
926f90406f2463d3ded4986bdec0901e,"ETECSA,  CALIDAD, SERVICIOS",0,Vuelvo y lo repito deben poner los precios del bendito Internet de acuerdo a lo q uno gana trabajandole al estado he leído arriba que esta entre 15 y 50 q cosa es esto de que estamos hablando entonses digo yo o comemos o navegamos en Internet.,cu,0,0,0,0,0,0,0,0,0,vuelvo y él repito deber poner el precio del bendito internet de acuerdo a él q uno ganar trabajar él al estado haber leer arriba que este entre 15 y 50 q cosa ser este de que estar hablar entons decir yo o comer o navegar en internet
43af68803c6ef13ec83b05a0b08b0aa8,"ETECSA,  CALIDAD, SERVICIOS",0,Todo esta muy bonito pero para tener internet hace falta telefono fijo y eso no se lo ponen a cualquiera q lo pida.Resumiendo en Cuba quitando los altos precios y la mala calidad de los servicios por ahora todos no tendremos internet,cu,0,0,0,0,0,2,0,0,0,todo este mucho bonito pero para tener internet hacer falto telefono fijo y ese no él él poner a cualquiera q él pedir resumir en cuba quitar el alto precio y el malo calidad de el servicio por ahora todo no tener internet
ec9d74576d462864f466ed7e98e410a5,"ETECSA,  CALIDAD, SERVICIOS",0,Ya casi viernes 5G con mínimo 100 mps,cu,0,0,0,0,0,0,0,0,0,ya casi viernes 5 g con mínimo 100 mps
c5006f14b9d90d7d9c21944145cd01d6,"ETECSA,  CALIDAD, SERVICIOS",0,"La falta de capacidad de trafico de la empresa la paga el pueblo con las altas tarifas para desestimular el numero de llamadas, la soga se rompe por el lado mas flaco.",cu,0,0,0,0,0,0,0,0,0,el falta de capacidad de trafico de el empresa él paga el pueblo con el alto tarifa para desestimular el numero de llamado el soga él romper por el lado mas flaco
42cd527ef9584ae6d4a10c5d2c0179ce,"ETECSA,  CALIDAD, SERVICIOS",0,"Saludos. Desde hace tiempo ya podemos recargar la línea por medio de un bono de recarga utilizando varias APK como aPlus Saldo, *99, etc. Ahora bien ¿No podrían hacer lo mismo para recargar la cuenta Nauta?",cu,0,2,1,0,0,1,0,0,0,saludo desde hacer tiempo ya poder recargar el línea por medio de uno bono de recarga utilizar varios apk como aplus saldo 99 etc ahora bien no poder hacer él mismo para recargar el cuenta nauto
c60a4d4e309d04f1906f652fdc810791,"ETECSA,  CALIDAD, SERVICIOS",0,Cuando bajarán las abusibas tarifas? Cuanto ingresa ETECSA? Como se planifican las inversiones?,cu,0,3,1,0,0,0,0,0,0,cuando bajar el abusiba tarifa cuanto ingresar etecsa como él planificar el inversión
5f9d2ace3a8cf0cae0a91fcede8473ba,"ETECSA,  CALIDAD, SERVICIOS",0,"XDS, todos queremos, ansiamos que se extienda pronto pero a precios moderados para todos los bolsillos, que cada cubano tenga la posibilidad de poder pagarlo como en cualquier otro país que el Internet no es tan caro y es asequible para todos.",cu,0,0,1,0,0,1,0,0,0,xd todo querer ansiar que él extiendar pronto pero a precio moderado para todo el bolsillo que cada cubano tener el posibilidad de poder pagar él como en cualquiera otro país que el internet no ser tanto caro y ser asequible para todo
b22f38a0cce5f38563a116ee5b79d4f6,"ETECSA,  CALIDAD, SERVICIOS",0,"Buenos Días Gonzalo: Estimo que el servicio se lo ofrece su institución y no ETECSA, si es así deberá preguntarle a su institución que política aplicaría para su caso, ETECSA solo definiría a las personas que posee contrato firmado con ella.",cu,0,0,2,0,0,1,0,0,0,buen día gonzalir estimo que el servicio él él ofrecer su institución y no etecsa si ser así deber preguntar él a su institución que política aplicar para su caso etecsa solo definiría a el persona que poseer contrato firmado con él
5a7ab17064d35d0e494a2f0576a7c06e,"ETECSA,  CALIDAD, SERVICIOS",0,"Hola Toni: Se estan buscando alternativas para facilitar el acceso a estos servicios, y no tener que memorizar cada uno de estos códigos. Gracias",cu,0,0,0,0,0,1,0,0,0,hola toni él estar buscar alternativa para facilitar el acceso a este servicio y no tener que memorizar cada uno de este código gracias
c5f54cdc50a5c90bd958e4dda8e3b1d9,"ETECSA,  CALIDAD, SERVICIOS",0,"Hola, todo este aumento es excelente para todos, pero la cuestión sería: ¿habrá suficiente ancho de banda para cubrirlos ? no vale la pena tener muchos ptos de wifi etc..si nos conectamos aún en modo tortuga o el en peor de los casos la conexión colapsa !!",cu,2,2,0,0,0,1,0,0,0,holar todo este aumento ser excelente para todo pero el cuestión ser haber suficiente ancho de banda para cubrirlo no valer el pena tener mucho pto de wifi etc si yo conectar aún en modo tortuga o el en peor de el caso el conexión colapsa
45de2ed0963fad0e280181cee9eeeaa6,"ETECSA,  CALIDAD, SERVICIOS",0,"Porque no hacen un ajuste en lo MB de lo datos móviles en los móvil. Si una persona compra un paquete de 600MB no puede ver un video porque se lo consume en menos de lo que canta un gallo. Eso lo digo porque hay lugares que no pueden conectarse a una WIFi
Que solo es por datos moviles",cu,0,0,0,0,0,3,0,0,0,porque no hacer uno ajuste en él mb de él dato móvil en el móvil si uno persona comprar uno paquete de 600 mb no poder ver uno video porque él él consumir en menos de él que cantar uno gallo ese él decir porque haber lugar que no poder conectar él a uno wifi que solo ser por dato movil
d9d22b12c54cbcf0eca249bafb148cb7,"ETECSA,  CALIDAD, SERVICIOS",0,Inclusive se puede rebajar un poco más.,cu,0,0,0,0,0,0,0,0,0,inclusivar él poder rebajar uno poco más
de5fa182b78ed730765706dda1084623,"ETECSA,  CALIDAD, SERVICIOS",0,Eso esta muy bueno,cu,0,0,0,0,0,0,0,0,0,ese este mucho bueno
c3698a2b8eb984b53efad4354105ff51,"ETECSA,  CALIDAD, SERVICIOS",0,Me gustaría saber cuáles son las posibilidades reales de la implementación y puesta en funcionamiento de la tecnología 3G por no decir una más avanzada. Y si tienen plazos definidos para ello.,cu,0,0,0,0,0,1,0,0,0,yo gustar saber cuál ser el posibilidad real de el implementación y puesto en funcionamiento de el tecnología 3 g por no decir uno más avanzado y si tener plazo definido para él
c925a6197a59b1aed50b1d8de0123886,"ETECSA,  CALIDAD, SERVICIOS",0,"Y las promociones para datos moviles pa cuando,etecsa eres una orca",cu,0,0,0,0,0,0,0,0,0,y el promoción para dato movil pa cuando etecsa ser uno orco
5fbb5a40e353ab810e89f21e9733c0bd,"ETECSA,  CALIDAD, SERVICIOS",0,"Quisiera que alguien me aclarara algo respecto a el mms, tengo un Sansumg J2 PRIME y para usar los mms tengo que abrir los datos en ves de que se envien sin los datos abiertos ; es normal eso?",cu,0,1,1,0,0,1,0,0,0,quisierar que alguien yo aclarar algo respecto a el mms tener uno sansumg j2 prime y para usar el mms tener que abrir el dato en ves de que él envien sin el dato abierto ser normal ese
c5586795b05dd28f5e996aebc1252ab0,"ETECSA,  CALIDAD, SERVICIOS",0,Ojalá los precios fueran como son en todo el planeta para que no tuvieras que hacer esto a tu edad y después de tantos años de trabajo.,cu,0,0,0,0,0,1,0,0,0,ojalá el precio ser como ser en todo el planeta para que no tuviera que hacer este a tu edad y después de tanto año de trabajo
5d4d3bccee5361eab4edb2c4c285ba89,"ETECSA,  CALIDAD, SERVICIOS",0,me pueden decir que pasa con los mms que son tan impresindibles para los usuarios nadie nunca me a dado una respuesta que aclare todas mis dudas,cu,0,0,0,0,0,2,0,0,0,yo poder decir que pasar con el mms que ser tanto impresindibl para el usuario nadie nunca yo a dado uno respuesta que aclarar todo mi duda
c5d56647a079521f8ff2bcfacc3cf1a6,"ETECSA,  CALIDAD, SERVICIOS",0,Esta muy buena la oferta felicidades a todas (o),cu,0,0,0,0,0,0,0,0,0,este mucho buen el oferta felicidad a todo o
adef5ef2ffc9a22bd9a6ebdb3e842fe7,"ETECSA,  CALIDAD, SERVICIOS",0,"yo no puedo creer que el precio sea ese? vaya no puedo ni imaginarmelo, q falta de respeto, no respetan al pueblo q se j@d3 tanto piensen y reflexionen x favor..",cu,0,1,0,0,0,4,0,0,0,yo no poder creer que el precio ser ese vaya no poder ni imaginarmelo q falta de respeto no respetar al pueblo q él j[user ] tanto pensar y reflexionen x favor
62400ea4c9a15531b0f8a72c85cf6410,"ETECSA,  CALIDAD, SERVICIOS",0,Buenos dias nuevamente he revisado y al parecer no me han constestado se que no es facil porque estan muchas personas conectadas pero quisiera que se me contestara,cu,0,0,0,0,0,2,0,0,0,buen dia nuevamente haber revisar y al parecer no yo haber constestar él que no ser facil porque estar mucho persona conectado pero querer que él yo contestarar
f8703f70747ace3c27f67257c52f9c51,"ETECSA,  CALIDAD, SERVICIOS",0,Ya es hora de rebajar de manera permanente la tarifa a ese precio 0.50,cu,0,0,0,0,0,0,0,0,0,ya ser hora de rebajar de manera permanente el tarifa a ese precio 0 50
79dee35522903e073c3ba316615a0188,"ETECSA,  CALIDAD, SERVICIOS",0,"tengo una duda etecsa, si solo tengo 20 centavos en mi cuenta nauta, con eso puedo navegar? o tengo que recargar?",cu,0,2,0,0,0,0,0,0,0,tener uno duda etecsa si solo tener 20 centavo en mi cuenta nauto con ese poder navegar o tener que recargar
72ccab4bc917a12df1810f61b4746d6b,"ETECSA,  CALIDAD, SERVICIOS",0,?ETECSA ME PUEDES EXPLICAR POR QUE DESDE EL 6 DE DICIEMBRE MI TELEFONO Q ESTA POR LA 2G NO ENVIA SMS NI SE CONECTA AL CORREO.CUANDO VAMOS A HACER LAS COSAS Q YA ESTAN HECHAS BIEEEENNNN,cu,0,1,22,0,0,2,2,0,0,etecsa yo poder explicar por que desde el 6 de diciembre mi telefono q este por el 2 g no envia sms ni él conectar al correo cuando ir a hacer el cosa q ya estar hecho bieenn
be9fed8302937a2f6435d4029c036a6a,"ETECSA,  CALIDAD, SERVICIOS",0,"No acabo de ver la ventaja de la Bolsa Nauta, ya que realmente consumo lo mismo con respecto a la cantidad de correos enviados que antes de instalar este servicio.",cu,0,0,0,0,0,1,0,0,0,no acabar de ver el ventaja de el bolsa nauta ya que realmente consumo él mismo con respecto a el cantidad de correo enviado que antes de instalar este servicio
3d9c550c87a4ecfcf9142a6989b24a24,"ETECSA,  CALIDAD, SERVICIOS",0,?Se les agradece lo tanto soñado por este pueblo pero como dice el viejo refran  de buenas intenciones estan llenos el camino del infierno Señores esos precios son abusivos  es el internet mas caro del mundo,cu,0,1,0,0,0,0,0,0,0,él él agradecer él tanto soñado por este pueblo pero como decir el viejo refrar de buena intención estar lleno el camino del infierno señor ese precio ser abusivo ser el internet mas caro del mundo
159578d3bcf4a4b6bc75b08b26ae77b3,"ETECSA,  CALIDAD, SERVICIOS",0,"Entre los planes de la empresa se encuentra sustituir los teléfonos fijos alternativos por telefonía fija, ya se han sustituido una cantidad apreciable y se continuará en la medida que las condiciones lo permitan.",cu,0,0,0,0,0,0,0,0,0,entre el plan de el empresa él encontrar sustituir el teléfono fijo alternativo por telefonía fijo ya él haber sustituir uno cantidad apreciable y él continuar en el medida que el condición él permitir
36c1940287e4cfb37cbc3c35c49bd4ce,"ETECSA,  CALIDAD, SERVICIOS",0,"Buenos dias ,puedo decir que hoy por hoy la sin de etecsa es la mas cara del mundo ,en haiti una sin 4G cuesta un USD ,hasta cuando ,el problema es que no tienen competencia",cu,0,0,1,0,0,3,0,0,0,buen dia poder decir que hoy por hoy el sin de etecsa ser el mas cara del mundo en haiti uno sin 4 g costar uno usd hasta cuando el problema ser que no tener competencia
913990af3e3d9d8c452ad0105b38b738,"ETECSA,  CALIDAD, SERVICIOS",0,Serian muy buen presio. Comparable con los de otras naciones,cu,0,0,0,0,0,0,0,0,0,seriar mucho buen presio comparable con el de otro nación
e66f859ac29e73f4865c1765bd6e13ea,"ETECSA,  CALIDAD, SERVICIOS",0,"Lo que necesitamos, ademas de la informacion oportuna, es calidad en los servicios, se nos esta desangrando el bolsillo, ahora mismo 10 minutos conectado a internet desde una sala de navegacion y no he podido conseguir nada, muy lenta la conexion. Ranchuelo. Villa Clara",cu,0,0,0,0,0,2,0,0,0,él que necesitar adema de el informacion oportuno ser calidad en el servicio él yo este desangrar el bolsillo ahora mismo 10 minuto conectado a internet desde uno sala de navegacion y no haber poder conseguir nada mucho lento el conexion ranchuelo villa claro
0063e52542086a4fa5fe9253a0fe592c,"ETECSA,  CALIDAD, SERVICIOS",0,"Bueno que lo pongan pero que lo cobren en cupo que es en la moneda que nos pagan ,porque yo a ese precio no puedo tengo otros gastos.",cu,0,0,0,0,0,1,0,0,0,bueno que él poner pero que él cobrir en cupo que ser en el moneda que yo pagar porque yo a ese precio no poder tener otro gasto
63b94e8bc9424a76e4345b730d988a0f,"ETECSA,  CALIDAD, SERVICIOS",0,Seria muy buen presio. Comparable con los de otras naciones,cu,0,0,0,0,0,0,0,0,0,serio mucho buen presio comparable con el de otro nación
d390b71edf07897a8a62260490ff22a5,"ETECSA,  CALIDAD, SERVICIOS",0,"por ETECSA plantea que la creacion de las zonas wifi tiene una alta inversion, si el presupuesto necesario para crear una zona wifi con el equipamiento que utilizan (huawei) no sobrepasa los 2000 cuc y unos 8000 pesos de CUP(pago popr fuerza de trabajo).",cu,0,0,2,0,0,1,2,0,0,por etecsa plantear que el creacion de el zona wifi tener uno alto inversion si el presupuesto necesario para crear uno zona wifi con el equipamiento que utilizar huawei no sobrepasar el 200 cuc y uno 800 pesos de cup pago popr fuerza de trabajo
a42430bbb8875320fbbc3d19badc553f,"ETECSA,  CALIDAD, SERVICIOS",0,"Ahhh!!!, casi lo olvido, qué me dice Etecsa de la disminución de la vida útil de los bonos de recarga desde el exterior, este mes llegan hasta el 10 de febrero, si el cliente paga ¿por qué tiene que reducirle el tiempo? ¿Acaso no ganan ya suficiente con esta modalidad? Somos humanos!!!y cubanos!!",cu,8,4,0,0,0,1,3,0,0,ahh casi él olvido qué yo decir etecsa de el disminución de el vida útil de el bono de recarga desde el exterior este mes llegar hasta el 10 de febrero si el cliente pagar por qué tener que reducir él el tiempo acaso no ganar ya suficiente con este modalidad ser humano y cubano
8da01dffb27522ff36af0e0ea1cff223,"ETECSA,  CALIDAD, SERVICIOS",0,Saludo buenas tardes los servicios de la WiFi en palma soriano son malos muy malos y las tarjetas nauta cuestan muy caras no se puede aprovechar el tiempo de conexión espero que se valore este comentarios y se solucionen los servicios de la población gracias,cu,0,0,0,0,0,1,0,0,0,saludar buena tarde el servicio de el wifi en palma soriano ser malo mucho malo y el tarjeta nauto costar mucho cara no él poder aprovechar el tiempo de conexión esperar que él valorar este comentario y él solucionar el servicio de el población gracias
626f04b0eb0e921904a9ba69f340e6c3,"ETECSA,  CALIDAD, SERVICIOS",0,"Que quiere decir con esto LACETEL_Nasiel , que ahora para desplegar la Internet móvil en Cuba hay que esperar por el apagón digital ? déjate de ABUSO",cu,0,1,1,0,0,0,0,0,0,que querer decir con este lacetel_nasiel que ahora para desplegar el internet móvil en cuba haber que esperar por el apagón digital déjate de abuso
a46b95f36f746e4ac3f8661434f6e2a2,"ETECSA,  CALIDAD, SERVICIOS",0,?Disculpa   Pero no funciona todavía no estamos preparados para esto   Desde el primer día m trato conectar y solo lo logro a las 2am.no m importa pagar solo quiero buena señal. Porque caro y malo no se vale.   Soy de 100fuegos y aquí ya no ponen el servicio nauta hogar   Que sale mucho mejor.   Saludos,cu,0,1,0,0,0,5,5,0,0,disculpa pero no funcionar todavía no estar preparado para este desde el primero día m trato conectar y solo él lograr a el 2 am no m importar pagar solo querer buen señal porque carir y malo no él valer ser de 100fuegos y aquí ya no poner el servicio nauta hogar que salir mucho mejor saludo
7cdddf38f93d3c9fd672e57bc2db05ac,"ETECSA,  CALIDAD, SERVICIOS",0,"Dime que persona humilde puede pagar 50 cuc por una conexion de 30 míseras horas, que digo 50 cuc, 15 cuc!!!!",cu,4,0,0,0,0,0,1,0,0,dimir que persona humilde poder pagar 50 cuc por uno conexion de 30 mísera hora que decir 50 cuc 15 cuc
ab66608c79267de1085dafad0e257773,"ETECSA,  CALIDAD, SERVICIOS",0,"Los costos de la telefonía móvil son escandalosos, abusivos, insoportables para cualquier trabajador cubano.",cu,0,0,0,0,0,0,0,0,0,el costo de el telefonía móvil ser escandaloso abusivo insoportable para cualquiera trabajador cubano
627fd18fd229ea0138a50090a4ff8835,"ETECSA,  CALIDAD, SERVICIOS",0,"¿Bueno termino no, o no termino la prueba???? ",cu,0,5,0,0,0,2,1,0,0,bueno termino no o no terminar el prueba
d81538e95814d9f2fe133ce627e128f6,"ETECSA,  CALIDAD, SERVICIOS",0,Igual no entiendo nada que debo comprar los SMS por ejemplo pero me los descuentan del saldo inicial pero si igual los envio sin necesidad de comprarlos nuevamente con el saldo que tengo serìan tan amables de explicar bien como es esto.,cu,0,0,1,0,0,3,0,0,0,igual no entender nada que deber comprar el sms por ejemplo pero yo él descontar del saldo inicial pero si igual el envio sin necesidad de comprarlo nuevamente con el saldo que tener serìan tanto amable de explicar bien como ser este
5b196ebdbc371894082942fbbbfcc72a,"ETECSA,  CALIDAD, SERVICIOS",0,TODO ESTA MUY BIEN LO QUE SE NECESITA QUE COMO ES LOGICO ETECSA BAJE LOS PRECIOS Y AUMENTEN LA CALIDAD DE LAS CONECTIVIDAD EN LAS LLAMADAS WIFI,cu,0,0,20,0,0,0,0,0,0,todo este mucho bien él que él necesitar que como ser logico etecsa bajar el precio y aumentar el calidad de el conectividad en el llamado wifi
edacc31157b56966deffd4d2dbf404b8,"ETECSA,  CALIDAD, SERVICIOS",0,?Cómo de costumbre está muy caro y hay problemas con las llamadas,cu,0,1,0,0,0,0,0,0,0,cómo de costumbre estar mucho caro y haber problema con el llamado
6eaf970dc944d1589ff139d7f2fce617,"ETECSA,  CALIDAD, SERVICIOS",0,Tengo una preocupacion y es simplemente que tengo la duda d si este sistema llegara a las provincias centrales este ano,cu,0,0,0,0,0,0,0,0,0,tener uno preocupacion y ser simplemente que tener el duda d si este sistema llegar a el provincia central este ano
b069218a19025fde8310cec2c1845401,"ETECSA,  CALIDAD, SERVICIOS",0,"y el dinero que hemos perdido todos enviando sms, quien nos los da??? o acaso se queda como siempre EXCEPTO UNA SOLA VEZ, que devolvieron el saldo por el mal servicio",cu,0,3,4,0,0,0,1,0,0,y el dinero que haber perder todo enviar sms quien yo él dar o acaso él quedar como siempre excepto uno solo vez que devolver el saldo por el mal servicio
1c74146e6e6268b5eda9936183f086ee,"ETECSA,  CALIDAD, SERVICIOS",0,"quisiera q en vez de poner mas servicio mejoraran la calidad de los q ya estan para q la poblacion no se queje mas y estar mas comodos a la hora de usar los servicios, saludos.",cu,0,0,0,0,0,1,0,0,0,querer q en vez de poner mos servicio mejorarir el calidad de el q ya estar para q el poblacion no él quejar mas y estar mas comodo a el hora de usar el servicio saludo
244ff4db62051d620ae04943c3c99650,"ETECSA,  CALIDAD, SERVICIOS",0,"Porque etecsa nunca piensa en los pobres mortales que no tienen a NADIE en el extranjero y tiene que pagar el servicio con su humilde salario, no han puesto nada aún y ya no estamos criticando",cu,0,0,1,0,0,6,0,0,0,porque etecsa nunca pensar en el pobre mortal que no tener a nadie en el extranjero y tener que pagar el servicio con su humilde salario no haber poner nada aún y ya no estar criticar
1194b89be2f7473be884b82dc22a79b8,"ETECSA,  CALIDAD, SERVICIOS",0,espero que de resultado la prueba que están haciendo del nauta en el hogar y que se extienda por toda Cuba.,cu,0,0,0,0,0,0,0,0,0,esperar que de resultado el prueba que estar hacer del nauta en el hogar y que él extender por todo cuba
0ce5d62c4b5f588d3a135e4d955436f2,"ETECSA,  CALIDAD, SERVICIOS",0,"estoy en stos momentos en la oficina comercial de carlos III y desde las 3 de la tarde no hay conxion y ya están a punto de cerrar o sa que la oferta no procede, todo es fantasia.",cu,0,0,1,0,0,2,1,0,0,estar en sto momento en el oficina comercial de carlos ii y desde el 3 de el tarde no haber conxion y ya estar a punto de cerrar o sa que el oferta no proceder todo ser fantasia
f8ef0b7518b299b65dfa0b59d8532480,"ETECSA,  CALIDAD, SERVICIOS",0,Alex el viejo Rene tiene un hijo en usa,cu,0,0,0,0,0,0,0,0,0,alex el viejo rene tener uno hijo en usar
cc847fc25f0d0ba8f0a6c91b2f083308,"ETECSA,  CALIDAD, SERVICIOS",0,Cada recarga que usted haga le extiende la vigencia a su cuenta 330 días más. Si no consume todas las horas el 14/2 le quedan días para usarlas.,cu,0,0,0,0,0,1,0,0,0,cada recarga que usted hacer él extender el vigencia a su cuenta 330 día más si no consumir todo el hora el 14 2 él quedar día para usar él
c6605df688a8c32cf5f2e7183a54d0df,"ETECSA,  CALIDAD, SERVICIOS",0,En base al salario no pondrá los precios no???,cu,0,3,0,0,0,2,1,0,0,en base al salario no poner el precio no
a96fd1a4a609a9819006e354e692c631,"ETECSA,  CALIDAD, SERVICIOS",0,"ETECSa está igual que la CNB, secretos y mas secretos, pero bueno, es que cuando se es monopolio, se hace lo que se viene en gana.",cu,0,0,1,0,0,0,0,0,0,etecsa estar igual que él cnb secreto y mas secreto pero bueno ser que cuando él ser monopolio él hacer él que él venir en gana
8e7b853bb346e0e884c4f4e44e967de8,"ETECSA,  CALIDAD, SERVICIOS",0,"Quisiera conocer cuando existirá un mayor ancho de banda para acceder con mayor velocidad a sitios de Internet, bajar grandes volúmenes de información y videos de Youtube y en el caso de la telefonía fija porqué no se amplía más su radio de acción.",cu,0,0,0,0,0,1,0,0,0,querer conocer cuando existir uno mayor ancho de banda para acceder con mayor velocidad a sitio de internet bajar grande volumen de información y video de youtube y en el caso de el telefonía fijo porqué no él ampliar más su radio de acción
8a060d660cbb2e80e0adbe240f06320d,"ETECSA,  CALIDAD, SERVICIOS",0,256KB/s es mas o menos 2Mb/s puede abrir facebook y ver youtube perfectamente.,cu,0,0,0,0,0,0,0,0,0,256 kb s ser mas o menos 2 mb s poder abrir facebook y ver youtubar perfectamente
e21ddbacd408431a363112bfa0091d62,"ETECSA,  CALIDAD, SERVICIOS",0,"¿En serio usted cree que tenemos muchas opciones para conectarnos al mundo? Por favor, la única opción de conexión en este país se llama nauta.",cu,0,2,0,0,0,0,0,0,0,en serio usted creer que tener mucho opción para conectarno al mundo por favor el único opción de conexión en este país él llamar nauto
042aab0a07d29b77cdd26bb3633c5de4,"ETECSA,  CALIDAD, SERVICIOS",0,HOLA BUEN DIA A TODOS MI PREGUNTA ES LA SIGUIENTE POR QUE ? PARA ETECSA TODO SE DEBE VENCER EL BONO; LA BOLSA Y EL NUMERO SIEMPRE ES 30 DIAS,cu,0,1,18,0,0,0,0,0,0,holar buen dia a todo mi pregunta ser el siguiente por que para etecsa  todo él deber vencer el bono el bolsa y el numero siempre ser 30 dia
8bfbeebf09390eec2ba56d1adf52439e,"ETECSA,  CALIDAD, SERVICIOS",0,Stoy muy d acuer2 con C Manuel. Para los precios q brinda ETECSA creo q se han pasa2 como 3 paradas..la calidad de los serv q presta dista mucho de lo q speramos los consumidores.,cu,0,0,1,0,0,0,0,0,0,stoy mucho d acuer2 con c manuel para el precio q brinda etecso creer q él haber pasa2 como 3 parada el calidad de el serv q prestar dista mucho de él q sperar el consumidor
0a21e49abeb47d031429893231fa3e4f,"ETECSA,  CALIDAD, SERVICIOS",0,"?Me gustaría mucho a mi y creo que al resto de los internautas, que se mantenga ese precio de los cupones de recarga, se que de seguro que están trabajando en esto y que pronto darán mejores precios al pueblo.Saludos a todo el equipo de ETECSA.",cu,0,1,1,0,0,0,0,0,0,yo gustar mucho a mi y creer que al resto de el internauta que él mantener ese precio de el cupón de recarga él que de seguro que estar trabajar en este y que pronto dar mejor precio al pueblo saludo a todo el equipo de etecsa
deea18712488aaefc5d5dedd184a82ab,"ETECSA,  CALIDAD, SERVICIOS",0,"Necesariamente no tienes que recargar la cuenta el día 14 de febrero, la cuenta puede tener dinero previamente, el 14 de febrero es que se va a aplicar la tarifa diferenciada de 0.50 centavos la hora en vez de 1 CUC la hora como es usual.",cu,0,0,1,0,0,1,0,0,0,necesariamente no tener que recargar el cuenta el día 14 de febrero el cuenta poder tener dinero previamente el 14 de febrero ser que él ir a aplicar el tarifa diferenciado de 0 50 centavo el hora en vez de 1 cuc el hora como ser usual
9fe1290e96a2fb3b6da9694aa6c29f08,"ETECSA,  CALIDAD, SERVICIOS",0,"Siempre hay un agradecido, no defienda, lo que está mal está mal. Y todos firmamos un contrato que no es respetado por parte de la empresa.",cu,0,0,0,0,0,2,0,0,0,siempre haber uno agradecido no defender él que estar mal estar mal y todo firmamos uno contrato que no ser respetar por parte de el empresa
5c9b4b48b0dd15fce6b5bdf985489b1d,"ETECSA,  CALIDAD, SERVICIOS",0,Compadre ya es lo ultimo con el etecsa ese jejje. reirse para no llorar. Aqui en usa yo pago 15 usd por 50mb de ancho de banda y tiempo ilimitado. Jejejeje.,cu,0,0,0,0,0,1,0,0,0,compadre ya ser él ultimo con el etecsa ese jejje reir él para no llorar aqui en usar yo pagar 15 usd por 50 mb de ancho de banda y tiempo ilimitado jejejejar
1f730faeef0b7bc70819f4e975138794,"ETECSA,  CALIDAD, SERVICIOS",0,"
Oye amigo tu si que eres 100% realSaludos",cu,0,0,0,0,0,0,0,0,0,oir amigo tu si que ser 100 real saludo
25223dcb16685e8632e2b887627b96ff,"ETECSA, INTERNET, DATOS MÓVILES",1,Hasta cuando etecsa la prueba fue pésima van de tres cero. Para tener internet en tu móvil que necesitas (paciencia ) concejo móvil,cu,0,0,0,0,0,0,0,0,0,hasta cuando etecsa el prueba ser pésima ir de tres cero para tener internet en tu móvil que necesitas paciencia concejo móvil
8714011ca6b9fd57633b1f535e506521,"ETECSA, INTERNET, DATOS MÓVILES",1,Na lo dejo. No me parece justo el precio. Felicidades a ETECSA.,cu,0,0,1,0,0,1,0,0,0,nar él dejar no yo parecer justo el precio felicidadser a etecsa
9921441ad938bf04db10283d18ccdf57,"ETECSA, INTERNET, DATOS MÓVILES",1,?propongo cambio del Título del Post a:      Etecsa: Más de millón y medio de personas han intentado participar en la tercera prueba      por mi parte 768 KB de peticiones 0 KB de Respuestas jajaja,cu,0,1,0,0,0,0,2,0,0,propongo cambio del título del post a etecsa más de millón y medio de persona haber intentar participar en el tercero prueba por mi parte 768 kb de petición 0 kb de respuesta jajajo
823bc6bba9e6a7d24fca755e4f975151,"ETECSA, INTERNET, DATOS MÓVILES",1,"Disculpen. NO había sacado bien la cuenta. CÓMO ALGUIEN VA A PENSAR QUE ESOS MEGAS (600) TE CUESTEN EN PAQUETE 7 CUC Y DE MANERA DIRECTA 60 CUC!!!! INCONCEBIBLE. No
se habrán equivocado en ETECSA, por favor!!!! Revisen eso Apretaron.",cu,8,0,14,0,0,2,2,0,0,disculpir no haber sacar bien el cuenta cómo alguien ir a pensar que ese megas 600 tú cuestir en paquete 7 cuc y de manera directo 60 cuc inconcebible no él haber equivocar en etecsa por favor revisen ese apretar
c15b8538548dbc3198f15916cff89bdb,"ETECSA, INTERNET, DATOS MÓVILES",1,"Grandes --AVANCES--  teniendo cobertura 2G, porque la 3G nunca la tengo, por lo menos en esa zona",cu,0,0,1,0,0,1,0,0,0,grande avance tener cobertura 2 g porque el 3 g nunca él tener por él menos en ese zona
8abce3bf196593bd0cf737fd31055d99,"ETECSA, INTERNET, DATOS MÓVILES",1,El pueblo tambien esta tranajando casi sin descanso para poder pagar y tener los BUENOS intentos de servicio de ETECSA.,cu,0,0,2,0,0,1,0,0,0,el pueblo tambien este tranajar casi sin descanso para poder pagar y tener el buen intento de servicio de etecsa
30492243a64728055e7929568acbf6ac,"ETECSA, INTERNET, DATOS MÓVILES",1,"Sí pero no entendí mucho el video, me dice algo del Servidor Proxy rechazando conexiones y cosas
así jejejeje",cu,0,0,0,0,0,1,0,0,0,sí pero no entender mucho el video yo decir algo del servidor proxy rechazar conexión y cosa así jejejejar
40aa2ab0650158c5cb6d95f44109dd5c,"ETECSA, INTERNET, DATOS MÓVILES",1,"¿oh, usted es cura o es adivino? claro que los precios van a frenar la demanda y veraz de que manera. hay mamita pa donde cojo.",cu,0,2,0,0,0,0,0,0,0,oh usted ser cura o ser adivino claro que el precio ir a frenar el demanda y veraz de que manera haber mamita pa donde cojo
ff43aff336c524684da94af66779830a,"ETECSA, INTERNET, DATOS MÓVILES",1,"prueba estelar ,  sigan asi... desde que concluyó la misma hoy hace una semana que no he podido acceder a datos móviles porque no hay conexión al menos en Cienfuegos..",cu,0,0,0,0,0,2,1,0,1,prueba estelar seguir asi desde que concluir el mismo hoy hacer uno semana que no haber poder acceder a dato móvil porque no haber conexión al menos en cienfuego
c9b2a68177bd00ac72c3d246b1284fe2,"ETECSA, INTERNET, DATOS MÓVILES",1,"Esto es una forma de dejar al pueblo sin salario entre la wifi, sms y la 3G. nos quedamos sin salario. No imagino
otra compañía.",cu,0,0,0,0,0,3,0,0,0,este ser uno forma de dejar al pueblo sin salario entre el wifi sms y el 3 g yo quedar sin salario no imagino otro compañía
cb44cd103ec579415e5818ef1ffeb353,"ETECSA, INTERNET, DATOS MÓVILES",1,"Brilla, la Luna, brilla el Sol",cu,0,0,0,0,0,0,0,0,0,brillar el luna brillar el sol
8f8b1822c7e1bf4a904c051d99bcf01b,"ETECSA, INTERNET, DATOS MÓVILES",1,"?Más de millón y medio de personas han participado en la tercera prueba.   NO LO CREOOOO, NO LO CREOOO, SI ME DICEN MAS DEMILLON Y MEDIO DE PERSONAS HAN COMPRADO EL PAQUETE LE CREOOO LE CREOOO, PERO QUE SE CONECTARON, ESO A OTRO CON ESE CUENTO.",cu,0,1,20,0,0,2,5,0,0,más de millón y medio de persona haber participar en el tercero prueba no él creoo no él creoir si yo decir mas demillon y medio de persona haber comprar el paquete él creoo él creoo pero que él conectar ese a otro con ese cuento
93d11b455c9e422ae1ba8fde0c210fb5,"ETECSA, INTERNET, DATOS MÓVILES",1,"Que aprendan TMovil, AT&T y Movistar como se brindan servicios de calidad, Tres viva para etecsa. ",cu,0,0,0,0,0,0,0,0,0,que aprender tmovil at t y movistar como él brindar servicio de calidad tres viva para etecsa
47132546c1e79f57c0bb86c64ef5408f,"ETECSA, INTERNET, DATOS MÓVILES",1,"Taquicardia, estrés, insomnio, mal humor, desesperación, deseos de tirar el móvil, etc, etc, etc. Como dice nuestro amigo Taladradrid: Saque usted sus propias conclusiones.",cu,0,0,0,0,0,0,0,0,0,taquicardio estrés insomnio mal humor desesperación deseo de tirar el móvil etc etc etc como decir nuestro amigo taladradrid sacar usted su propio conclusión
cf07da38ddd1a8152c9f0d5b8689615e,"ETECSA, INTERNET, DATOS MÓVILES",1,"Todo bien.. ni en la primera ,ni en la segunda ,menos en la tercera que acierto mejor que arreglen la wifi a como estaba antes..y no inventen mas..",cu,0,0,0,0,0,3,0,0,0,todo bien ni en el primero ni en el segundo menos en el tercero que acertar mejor que arreglir el wifi a como estar antes y no inventar mas
813996b4674e47b6cef1b97a3c92b5d7,"ETECSA, INTERNET, DATOS MÓVILES",1,"Ya tu sabes .. a llorar que se perdio el tete , era de esperarse , la verdad q no me sorprende tanto y mas por
ETECSA .. SE LA COMIERON DE VERDAD y todavia no se como dan eso por la TV para el mundo ..",cu,0,0,3,0,0,2,0,0,0,ya tu saber a llorar que él perdio el tete ser de esperar él el verdad q no yo sorprender tanto y mas por etecsa él él comer de verdad y todavia no él como dar ese por el tv para el mundo
3686ecdaf38425d928fe89648c63f9ab,"ETECSA, INTERNET, DATOS MÓVILES",1,Pero para q tiene ETECSA q comentar sobre la prueba si todo salió DE MARAVILLA todos nos pudimos CONECTAR yo hablé hasta el cansancio. Solo q en sueño. Jajaja,cu,0,0,3,0,0,0,0,0,0,pero para q tener etecsa q comentar sobre el prueba si todo salir de maravilla todo yo poder conectar yo hablé hasta el cansancio solo q en sueño jajaja
eec92da0b28022788a11cdbf5b28da41,"ETECSA, INTERNET, DATOS MÓVILES",1,"?POR FAVOR AYUDEN AL TRABAJADOR, EL QUE VIVE DE SU SALARIO NO PUEDE SEGUIRLE EL RITMO NI A LA INFORMATICA, NI A LA RED DIGITAL, COBRAMOS EN BALAS SALVAS PARA LUEGO TENER QUE ENFRENTARNOS A LAS TRAZADORAS, NO ES FACIL,SOS",cu,0,1,25,0,0,4,0,0,0,por favor ayudar al trabajador el que vivir de su salario no poder seguir él el ritmo ni a el informatica ni a el red digital cobrar en bala salvo para luego tener que enfrentar yo a el trazadora no ser facil so
37e20fe7ba16ff8359c5375efe5c303d,"ETECSA, INTERNET, DATOS MÓVILES",1,"la conexión muy rapida, tan rapida  que no pude hacer llamadas desde mi móvil y no pude ni enviar ni recibir mensajes",cu,0,0,0,0,0,4,0,0,0,el conexión mucho rapido tanto rapido que no poder hacer llamado desde mi móvil y no pude ni enviar ni recibir mensaje
90c5ddc3d6662d8fd3437f8d408cb256,"ETECSA, INTERNET, DATOS MÓVILES",1,"La calidad y rapidez a las que nos tienen acostumbrado nunca se ve afectada, de menera excepcional calcularon MAL la demanda y subestimaron su mercado para variar.",cu,0,0,1,0,0,1,0,0,0,el calidad y rapidez a el que yo tener acostumbrado nunca él ver afectado de menera excepcional calcular mal el demanda y subestimar su mercado para variar
2fb5cdcf57423a846f0b275cbe5ec8ad,"ETECSA, INTERNET, DATOS MÓVILES",1,"?Tienen que aprender a medir la vida, ya no es por tiempo, ahora es por espacio. (Diferencia entre minutos minutos y megas.",cu,0,1,0,0,0,1,0,0,0,tener que aprender a medir el vida ya no ser por tiempo ahora ser por espacio diferenciar entre minuto minuto y megar
7b706c09129798dfe916ffee5a591135,"ETECSA, INTERNET, DATOS MÓVILES",1,"Lo tienen to pensado para satisfacer el cliente, hasta paseos gratis para mantener la salud, tengo que ir un punto wifi para hablar o conectarme con los DATOSSSSSS...",cu,0,0,1,0,0,0,2,0,1,él tener to pensado para satisfacer el cliente hasta paseo gratis para mantener el salud tener que ir uno punto wifi para hablar o conectar yo con el datoss
192afccede58f9e47702f161cb2eb0eb,"ETECSA, INTERNET, DATOS MÓVILES",1,"En la segunda y tercera pregunta de la encuesta debe estar la opcióin NUNGUNO y NINGUNA, en la última pregunta debe estar la opxión 0 MB.",cu,0,0,2,0,0,1,0,0,0,en el segundo y tercero pregunta de el encuesta deber estar el opcióin nunguno y ninguno en el último pregunta deber estar el opxión 0 mb
999ff6ec418b669a435be15289b05dab,"ETECSA, INTERNET, DATOS MÓVILES",1,Referente a este tema puedo decir q en Santa Fe en el mncipio Playa la habana se hace muy muy FACIL la conexion por datos moviles en CUALQUIER horario del dia o la noche. Se GASTA DINERO el dinero y no se LOGRAN un resultado.,cu,0,0,5,0,0,1,0,0,0,referente a este tema poder decir q en santa fe en el mncipio playa el habana él hacer mucho mucho facil el conexion por dato movil en cualquiera horario del dia o el noche él gastar dinero el dinero y no él lograr uno resultado
33ac44517eecfcd64896c38a5929cf55,"ETECSA, INTERNET, DATOS MÓVILES",1,"Para conectarse una maravilla yo logre conectarme 3 veces en los tres dias y solo accedi a facebook y IMO solo estube conectado como 35 o 40 minutos y me chupe los 100mb si es asi cuando pongan el servicio hay que
irse pa la wifi.",cu,0,0,1,0,0,0,0,0,0,para conectar él uno maravilla yo logrir conectar yo 3 vez en el tres dia y solo accedi a facebook y imo solo estube conectado como 35 o 40 minuto y yo chupe el 100 mb si ser asi cuando poner el servicio haber que ir él pa el wifi
9bc4a68c1ccb505d2f06543b8b585836,"ETECSA, INTERNET, DATOS MÓVILES",1,"Rebajas es lo mas que  hacen  los servicios que ofertan, Al bosillo del pueblo trabajador.",cu,0,0,0,0,0,0,0,0,0,rebaja ser él ma que hacer el servicio que ofertar al bosillo del pueblo trabajador
ca3e5736ebcf47e27e38b5d33c1c7757,"ETECSA, INTERNET, DATOS MÓVILES",1,"Bueno mi experiencia fue maravillosa, como soy Batman solo esperaba a que fuera de madrugada y todos estuvieran durmiendo para yo poder navegar, gracias a que fue fin de semana, y no tenia que trabajar porque si lo hacen de lunes, martes y miércoles, me levantaba con mucho sueño.",cu,0,0,0,0,0,1,0,0,0,bueno mi experiencia ser maravilloso como soy batman solo esperar a que fuera de madrugada y todo estar dormir para yo poder navegar gracias a que ser fin de semana y no teniar que trabajar porque si él hacer de lunes martes y miércoles yo levantar con mucho sueño
4f3fb55fc93f218da838b8e40c7c54c2,"ETECSA, INTERNET, DATOS MÓVILES",1,"En Coco Solo, Marianao, es pésimo el servicio en cualquier horario incluyendo la madrugada. Eso supongo que es por la distancia a la radiobase (nos queda a menos de 100 m), nos estamos planteando una permuta para conectarnos.",cu,0,0,0,0,0,0,0,0,0,en coco solo marianao ser pésimo el servicio en cualquiera horario incluir el madrugada ese suponer que ser por el distancia a el radiobase yo quedar a menos de 100 m yo estar plantear uno permuta para conectarno
b5e816b9e98927efad60dbd10cf9079d,"ETECSA, INTERNET, DATOS MÓVILES",1,"Aunque no tuve afectaciones en otros servicios, no pude usar el nuevo servicio. Espero que la encuesta sirva para algo.",cu,0,0,0,0,0,2,0,0,0,aunque no tener afectación en otro servicio no poder usar el nuevo servicio esperar que el encuesta servir para algo
dbede8d7741158fd907a69c30309a8f2,"ETECSA, INTERNET, DATOS MÓVILES",1,"¡Qué lindo!!! Los precios baratos. Serán para ti porque no todos podremos darnos el lujo de pagar 175 CUP
por 600 MB de internet (el más económico) y después dejar a la familia muriendose de hambre y total a la
semana se acabaron los 600 MB. Que barbaridad. Parece que los $ te entran facilmente.",cu,4,0,1,0,0,1,1,0,0,qué lindo el precio barato ser para tú porque no todo poder dar yo el lujo de pagar 175 cup por 600 mb de internet el más económico y después dejar a el familia morir él de hambre y total a el semana él acabar el 600 mb que barbaridad parecer que el tú entrar facilmente
7d6ef0164390115bac17a76f4075039c,"ETECSA, INTERNET, DATOS MÓVILES",1,"SUMEN UNA 8VA RECOMENDACIÓN, 8. NO COMA Y NO PAGUE NADA EN UN MES PARA QUE PUEDA PAGAR LOS BARATISIMOS PKTS. ",cu,0,0,14,0,0,3,0,0,0,sumir uno 8va recomendación 8 no coma y no pagar nada en uno mes para que poder pagar el baratisimos pkt
90185cdfd2c389d5acd4c1fd2a38e762,"ETECSA, INTERNET, DATOS MÓVILES",1,"Muy rapido y  estable el... Servicio, hay que mejorar mucho",cu,0,0,0,0,0,0,1,0,1,mucho rapido y estable el servicio haber que mejorar mucho
18d00df27be59cc4eb65afd1dbdb215a,"ETECSA, INTERNET, DATOS MÓVILES",1,"que va caballeros.!!!si etecsa no cambia me voy a cambiar de compañia.!!jajaja.me voy para la
tmobile..o para cualquier otra!!jaja",cu,7,0,0,0,1,1,1,0,0,que ir caballero si etecsa no cambiar yo ir a cambiar de compañia jajaja yo ir para el tmobile o para cualquiera otro jaja
7e59aaf174771afb17b6173010fd2e11,"ETECSA, INTERNET, DATOS MÓVILES",1,"Consideró  que fue todo un ""exito"", no sólo se afectó el motivo de la prueba, también fue difícil los correos y la comunicación de voz. El teléfono por momento se bloqueaba y apenas pude consumir 1/3 del paquete gratuito. Trate conectar de
Alamar y de Miramar.   :-)",cu,0,0,0,0,0,1,1,2,0,considerar que ser todo uno exito no sólo él afectar el motivo de el prueba también ser difícil el correo y el comunicación de voz el teléfono por momento él bloquear y apenas poder consumir 1 3 del paquete gratuito trate conectar de alamar y de miramar
9e976d274f3619d0d89b2d9429602a93,"ETECSA, INTERNET, DATOS MÓVILES",1,socio deja q veas la rapidéz de la conexión q tenemos en Cuba!!! Te vas a arrepentir de haberte ido para USA.JAJAJJA,cu,3,0,2,0,0,0,1,0,0,socio dejar q vea el rapidéz de el conexión q tener en cuba tú ir a arrepentir de haberte ir para usar jajajjo
988c1d8259d319b8d28703fc1a068855,"ETECSA, INTERNET, DATOS MÓVILES",1,?contigo no llegamos ni a pionero si todos pensaaaramos como tu todavía fuéramos indios con taparrabos hay señor que cosa la costurera,cu,0,1,0,0,0,2,1,0,0,contigo no llegar ni a pionero si todo pensaarar como tu todavía fuser indio con taparrabo haber señor que cosar el costurera
2d4fafd050a81bab9ae9ff71a364fb9c,"ETECSA, INTERNET, DATOS MÓVILES",1,Con lo barato que es el servicio y nos quejamos porque no podemos conectranos en algunas horitas del dia.,cu,0,0,0,0,0,1,0,0,0,con él barato que ser el servicio y yo quejar porque no poder conectra yo en alguno horita del dia
54e93c59a87a279796099677853cc5fe,"ETECSA, INTERNET, DATOS MÓVILES",1,"Muy bien Etecsa como siempre confiamos en ustedes, para un servicio de calidad. ",cu,0,0,0,0,0,0,0,0,0,mucho bien etecsa como siempre confiamos en tú para uno servicio de calidad
22ddc70b45803a4e7f5d8988a0704d3b,"ETECSA, INTERNET, DATOS MÓVILES",1,"Querido amigo Etecsa pretende convertice en la empresa más rentable del mundo para 2020. A este paso
logrará en tiempo y forma. Pronto ya no necesitaremos turismo ni exportaciones. Así que no esperes
concesiones. Siga soñando, que eso sí que es gratis.",cu,0,0,0,0,0,3,0,0,0,querido amigo etecsa pretender convertice en el empresa más rentable del mundo para 2020 a este paso lograr en tiempo y formar pronto ya no necesitarer turismo ni exportación así que no esper concesión seguir soñar que ese sí que ser gratis
e4047938582364c92efefe20c28e8b31,"ETECSA, INTERNET, DATOS MÓVILES",1,?felicito a ETECSA con todos sus trabajadores por el esfuerzo sobrehumano realizado..tengo una duda..en cada prueba realizada las llamadas desde moviles es imposible da contantemente RED OCUPADAsalu2,cu,0,1,3,0,0,0,0,0,0,felicito a etecsa con todo su trabajador por el esfuerzo sobrehumano realizado tener uno duda en cada prueba realizado el llamada desde movil ser imposible dar contantemente red ocupado salu2
a3a9012f68bb56ecf5b4e08f91b54ca9,"ETECSA, INTERNET, DATOS MÓVILES",1,"Hombre no se preocupe por la 4G, si su provedor es etecsa no tenga ninguna inquietud, al final igual no se podra conectar.",cu,0,0,0,0,0,4,0,0,0,hombre no él preocupar por el 4 g si su provedor ser etecsa no tener ninguno inquietud al final igual no él podrar conectar
5bab7f5bc2cfad13af80bf3e18b25be7,"ETECSA, INTERNET, DATOS MÓVILES",1,"Que clase negocio el te ETECSA, redondo, redondo.",cu,0,0,1,0,0,0,0,0,0,que clase negocio el tú etecsa redondo redondo
7d3a9aad354c2ec71f76bcd99ead50d3,"ETECSA, INTERNET, DATOS MÓVILES",1,INTERNER EN CUBA??? Cuál?.. Dónde está?...Cómo es?.... Tú la conoces..?,cu,0,7,2,0,0,0,3,0,2,interner en cuba cuál dónde estar cómo ser tú el conoz
18773aa266bba90ad9154371ddcd2ce7,"ETECSA, INTERNET, DATOS MÓVILES",1,?Para Js Krlos   Mira hermano en las tiendas el papel sanitario es barato comprate un rollito ya sabras para que,cu,0,1,0,0,0,0,1,0,0,para js krlos mirar hermano en el tienda el papel sanitario ser barato compratir uno rollito ya sabra para que
fb4e14c85b3c412f12db9bbdffc1474c,"ETECSA, INTERNET, DATOS MÓVILES",1,No tengo ninguna preocupacion  en cuanto al precio ni a los megas de la oferta.  para un mes  necesito al menos 3 GB y estoy seguro q ETECSA q  es tan bondadosa  lo pondrá a  un precio asequible.  Que creen  : ),cu,0,0,1,0,0,3,0,0,0,no tener ninguno preocupacion en cuanto al precio ni a el mega de el oferta para uno mes necesitar al menos 3 gb y estar seguro q etecsa q ser tanto bondadós él poner a uno precio asequible que creer
b2f9531c39a2d9db2a51752d3939c2e5,"ETECSA, INTERNET, DATOS MÓVILES",1,"Eso esta muy lindo, los precios son los q no mucha gracia. Hablan del cuc como si hablaran del cup",cu,0,0,0,0,0,1,0,0,0,ese este mucho lindo el precio ser el q no mucho gracia hablar del cuc como si hablarar del cup
61d99667d4340c37bf0272467be20fef,"ETECSA, INTERNET, DATOS MÓVILES",1,"Hola Roly de Centro Habana. Preguntas. ¿Que puedes hacer para adquirir Nauta Hogar ?. Facil. Con tus
posibilidades lo mismo que hacen muchos en ese pais. COMPRARLO que seguro te lo venden. Bravo por tu
comentario.. jejejejejeje.",cu,0,2,1,0,0,0,0,0,0,holar roly de centro habán pregunta que poder hacer para adquirir nauto hogar facil con tu posibilidad él mismo que hacer mucho en ese pai comprar él que seguro tú él vender bravo por tu comentario jejejejejejar
73f974b1902c410ad1d5f005eeea12b1,"ETECSA, INTERNET, DATOS MÓVILES",1,la experiencia fue excelente  y relajantede verdad?,cu,0,1,0,0,0,0,0,0,0,el experiencia ser excelente y relajante de verdad
6a76080c155d6c6c334dee1a41955101,"ETECSA, INTERNET, DATOS MÓVILES",1,"La verdad que fue buenisimaestableyo no pude ni gastar los 50Mb. Y las llamadas se colapsaban, daba ocupado, los sms no se iban.",cu,0,0,0,0,0,3,0,0,0,el verdad que ser buenisimo estable yo no poder ni gastar el 50 mb y el llamada él colapsar dar ocupado el sms no él ir
259f7c42647ec613f9643da5023d22e1,"ETECSA, INTERNET, DATOS MÓVILES",1,"Eso mismo digo yo pur quá, pur quá.",cu,0,0,0,0,0,0,0,0,0,ese mismo decir yo pur quá pur quá
aff754d5195400ba56df0961e2af74f4,"ETECSA, INTERNET, DATOS MÓVILES",1,?Lo que tienen q hacer es INVERTIRRRRR!!!!en los equipos q lleva este sistema de datos móviles y dejar de inventar con 4 antenitas dind se necesitan 20,cu,4,1,1,0,0,0,2,0,0,él que tener q hacer ser invertirr en el equipo q llevar este sistema de dato móvil y dejar de inventar con 4 antenita dind él necesitar 20
ee101a9214ba5122d009e5289a8044a0,"ETECSA, INTERNET, DATOS MÓVILES",1,"?¿Informatización de la sociedad? Así le llaman ahora a la falta de respeto (precios) de esta nueva oferta que brinda de nuestra querida y única ETECSA, me quedo sin palabras..",cu,0,3,1,0,0,1,0,0,0,informatización de el sociedad así él llamar ahora a el falta de respeto precio de este nuevo oferta que brindar de nuestro querida y único etecsa yo quedar sin palabra
1c95bdeb6c8fb4a7682cbdd97053a2fc,"ETECSA, INTERNET, DATOS MÓVILES",1,disculpa colega con q decias q t conectaste con un movil o una antena personal x lo menos.jejejj muchas felicidades fue usted el ganador de todo el ancho de banda de su zona,cu,0,0,0,0,0,0,0,0,0,disculpa colega con q decia q t conectar con uno movil o uno antena personal x él menos jejejj mucho felicidad ser usted el ganador de todo el ancho de banda de su zona
d0e501ba85ea54dc20bb82c0e79cd228,"ETECSA, INTERNET, DATOS MÓVILES",1,"A llorar que se perdio el tete, digo el saldo",cu,0,0,0,0,0,0,0,0,0,a llorar que él perdio el tete decir el saldo
41ffdb1b6e16f72b69852aeeef8a77cd,"ETECSA, INTERNET, DATOS MÓVILES",1,"Creo que somos los del reparto buena vista uno de los mas afortunados, no nos podemos conectar de 10 de la mañana a 12 de la noche. Ahora si que se activa la vigilancia del CDR",cu,0,0,1,0,0,1,0,0,0,creer que ser el del reparto buen vista uno de el mas afortunado no yo poder conectar de 10 de el mañana a 12 de el noche ahora si que él activar el vigilancia del cdr
7518fce194c22b316835bee55a2d034b,"ETECSA, INTERNET, DATOS MÓVILES",1,"Pues no nos quemejos, el servicio se comporta de esa manera para que no derrochemos sin necesidad nuestro dinero. ",cu,0,0,0,0,0,3,0,0,0,pues no yo quemejos el servicio él comportar de ese manera para que no derrochaber sin necesidad nuestro dinero
f9fd92fafabc8236bf0e868d79c84de5,"ETECSA, INTERNET, DATOS MÓVILES",1,"Sencillamente estamos en una época donde o tienes internet por datos moviles o tienes mensajeria y llamadaso no tienes nada..! Vamos, q no todo se puede tener..! Y menos sino tienes las herramientas..!",cu,3,0,0,0,0,4,0,0,0,sencillamente estar en uno época donde o tener internet por dato movil o tener mensajerio y llamado o no tener nada ir q no todo él poder tener y menos sino tener el herramienta
868f2bbc6c32d651b1b6adeb51d9e4eb,"ETECSA, INTERNET, DATOS MÓVILES",1,"Sandra conexión, conexión",cu,0,0,0,0,0,0,0,0,0,sandro conexión conexión
c45ffd0ce9aa50f77fc755d9f5cb9654,"ETECSA, INTERNET, DATOS MÓVILES",1,"Hurra por el servicio de datos moviles, que comodidad, solo tengo que caminar dos kilometros desde mi casa para tener cobertura! Adelante!!!",cu,4,0,0,0,0,0,1,0,0,hurra por el servicio de dato movil que comodidad solo tener que caminar dos kilometro desde mi casa para tener cobertura adelante
0d82e7ad8b78c2c40b5610642a72c668,"ETECSA, INTERNET, DATOS MÓVILES",1,"Muy bien por ETECSA!!!! Bravo, los felicitoesta última prueba no pudo salir PEOOOORRR",cu,4,0,2,0,0,1,3,0,0,mucho bien por etecsa bravo el felicito este último prueba no poder salir peoorr
402e293e98a4aac8a0a2f3137cb96852,"ETECSA, INTERNET, DATOS MÓVILES",1,"aaahh sí..., aquí en Cuba todo es rápido. Sacar tu identificacióncualquier trámite legalla conexión de internet.SIMPLEMENTE TODO. JJJJJ",cu,0,0,3,0,0,0,3,0,1,aahh él aquí en cuba todo ser rápido sacar tu identificación cualquiera trámite legal el conexión de internet simplemente todo jj
c559ed707d060740f4530dfaebf505ac,"ETECSA, INTERNET, DATOS MÓVILES",1,"?Puede hacernos llegar todas sus inquietudes, en serio todas? que va me cansaria de escribir y usted de leer.",cu,0,2,0,0,0,0,0,0,0,poder hacer yo llegar todo su inquietud en serio todo que ir yo cansario de escribir y usted de leer
5843866adcb3589049d2631d30f06c0a,"ETECSA, INTERNET, DATOS MÓVILES",1,La MEJOR EXPERIENCIA DE MI VIDA  no pude llamar ni un solo día por teléfono!!!!!!! y tenía familiares en el hospital!!!!!!!,cu,14,0,3,0,0,2,2,0,0,el mejor experiencia de mi vida no poder llamar ni uno solo día por teléfono y tener familiar en el hospital
5c7de02aac3c3b6abe46eea48ee7fc8a,"ETECSA, INTERNET, DATOS MÓVILES",1,?Bueno las preguntas son infinitas y las respuestas son inexistentes,cu,0,1,0,0,0,0,0,0,0,bueno el pregunta ser infinito y el respuesta ser inexistente
55e98cc54e70e3da5fdbe54d7cda80bf,"ETECSA, INTERNET, DATOS MÓVILES",1,"Como se pueden quejar de la duracion de los paquetes, 30 dias es MUCHO tiempo, sino preguntele a un Aedes Aegypti ",cu,0,0,1,0,0,1,0,0,0,como él poder quejar de el duracion de el paquete 30 dia ser mucho tiempo sino preguntelir a uno aed aegypti
b81faff54b308ffedde961c07f83e065,"ETECSA, INTERNET, DATOS MÓVILES",1,"Gracias por cada prueba hecha yo estoy seguro que el resultado no depende del todo de ustedes, de hecho  depende completamente de ustedes, solo les exorto que sigan trabajando y los resultado seran satisfactorios pero hacerlo con amor",cu,0,0,0,0,0,1,0,0,0,gracias por cada prueba hecho yo estar seguro que el resultado no depender del todo de tú de hecho depender completamente de tú solo él exortir que seguir trabajar y el resultado seran satisfactorio pero hacer él con amor
3ef717ebd148b462683a71bcff98a155,"ETECSA, INTERNET, DATOS MÓVILES",1,"Es ETECSA la primera compañia que logra que la conexion por datos moviles en 2G sea mejor que la 3G, eureka!!!!",cu,4,0,1,0,0,0,1,0,0,ser etecsa el primero compañia que lograr que el conexion por dato movil en 2 g ser mejor que el 3 g eureka
fab52a6baee2f3d77e362d2c207fe8e0,"ETECSA, INTERNET, DATOS MÓVILES",1,?Jajaja lo de etecsa es poner precios para que la gente no use los servicios la tarifa plana es un sueño para el pueblo de cuba,cu,0,1,0,0,0,1,0,0,0,jajajar él de etecsa ser poner precio para que el gente no usar el servicio el tarifa plano ser uno sueño para el pueblo de cuba
2389045961c9a14a34a397659c00f05a,"ETECSA, INTERNET, DATOS MÓVILES",1,La conexión estuvo.Bueno me pude conectar pero pasaba trabajo para conectar con unos datos de 3G pero la verdad q cuando me conectaba se mantenía bastante,cu,0,0,0,0,0,0,0,0,0,el conexión estar bueno yo poder conectar pero pasar trabajo para conectar con uno dato de 3 g pero el verdad q cuando yo conectar él mantener bastante
c2b540dcf0d8585dbbc4f61a525dae6d,"ETECSA, INTERNET, DATOS MÓVILES",1,"Mi experiencia inmejorable y desde entonces mis datos móviles y mi correo nauta apenas puedo utilizarlos,  tuve q pasar un curso de CVP para comunicarme en las madrugadas solo en ese horario podia acceder a lnternet",cu,0,0,1,0,0,0,0,0,0,mi experiencia inmejorable y desde entonces mi dato móvil y mi correo nauta apenas poder utilizar él tener q pasar uno curso de cvp para comunicar yo en el madrugada solo en ese horario poder acceder a lnternet
9c46045f9865dd4e055ad60776398c84,"ETECSA, INTERNET, DATOS MÓVILES",1,"Ninguna compañia en el mundo extiende mas d eun mes la duracion de los paquetes de datos, como esta la muy nuestra, eficiente eficaz y cubana se va a quedar atras.",cu,0,0,0,0,0,1,0,0,0,ninguno compañia en el mundo extender mas d eun mes el duracion de el paquete de dato como este el mucho nuestro eficiente eficaz y cubano él ir a quedar atra
1060e94b81807807326ee0af7a32ea9f,"ETECSA, INTERNET, DATOS MÓVILES",1,"Lo único que percibí con las tres pruebas del servicio de internet a través de los datos móviles, es que  estamos SUPERR preparados  en brindar este servicio, estamos tratando de brindar servicios afectando la calidad de otros  :-O",cu,0,0,1,0,0,0,0,0,0,él único que percibí con el tres prueba del servicio de internet a través de el dato móvil ser que estar superr preparado en brindar este servicio estar tratar de brindar servicio afectar el calidad de otro o
3e8a5f48cbb8533f98c68318f8f5e14b,"ETECSA, INTERNET, DATOS MÓVILES",1,"?Bueno que alguien me diga que pasó el día que habilitaron la internet en los móviles pues en mi móvil los mms volaban bajito y hasta ese día,,,adiós lolita de mi vida,,,hasta hoy no pasan de enviando y mira que me han revisado el móvil y ,,,,,,,,,,todo normal,,,La incomunicada",cu,0,1,0,0,0,1,4,0,0,bueno que alguien yo decir que pasar el día que habilitar el internet en el móvil pues en mi móvil el mms volar bajito y hasta ese día adiós lolita de mi vida hasta hoy no pasar de enviar y mirar que yo haber revisar el móvil y todo normal el incomunicada
9209461c4fa31385b9a54fd9423f5a68,"ETECSA, INTERNET, DATOS MÓVILES",1,"Gracias a todos los que trabajaron, los que pensaron, los que dieron el ´´Si se puede Gracas a todos y en especial
al Ministro y al ViceMinistro por apoyar y ayudarGRACIAS",cu,0,0,1,0,0,0,0,0,0,gracias a todo el que trabajar el que pensar el que dar el si él poder graca a todo y en especial al ministro y al viceministro por apoyar y ayudar gracia
7bf31a5ba1e73206d4b76d18dd39471b,"ETECSA, INTERNET, DATOS MÓVILES",1,"?1%, Tu no diste matematicas en la escuela eh??? saludos",cu,0,4,0,0,0,1,1,0,0,1 tu no distir matematica en el escuela eh saludos
1e0b0b1fa8fa3dd59368bbbc530c459a,"ETECSA, INTERNET, DATOS MÓVILES",1,"?Jajaja y los que ganan 350 que no coman, no vistan y no hagan nada. Ñooooo   Conclusión: avisenme cuando los precios sean con todos y para el bien de todos",cu,0,1,0,0,0,4,2,0,0,jajaja y el que ganar 350 que no comar no vistar y no hacer nada ñoo  conclusión avisenmir cuando el precio ser con todo y para el bien de todo
609d87685f6eb49407028c3c428445ef,"ETECSA, INTERNET, DATOS MÓVILES",1,"El primer error de TODOs o mas bien de algunos, es estar de acuerdo con los precios, alguien sabe
cual es el salario minimo de CUBA? 10cuc=250CUP, pero tranquilos que vamos mejorando jajajaja da
risa esto",cu,0,1,1,0,0,0,0,0,0,el primero error de todo o mos bien de alguno ser estar de acuerdo con el precio alguien saber cual ser el salario minimo de cuba 10cuc 250cup pero tranquilo que ir mejorar jajajaja dar risa este
42c5626b49a251ab02ec4a3b76cb1186,"ETECSA, INTERNET, DATOS MÓVILES",1,"Perdonenos ETECSA por las ofensas, no cabe duda que usted tiene el numero 1 en las empresas de comunicaciones en cuba",cu,0,0,1,0,0,1,0,0,0,perdoneno etecsa por el ofensa no caber duda que usted tener el numero 1 en el empresa de comunicación en cuba
db2c56857fced585254ace1f1df3a0c4,"ETECSA, INTERNET, DATOS MÓVILES",1,?Si de la UCIIIIIIIIIIIIIIIIIIIIIII pero no core arriba de la red de JUPITER corre arriba de ETECSAAAAAAAAAAAAAAAAAAAAAAAAAAA . hay que leer cada cosas aqui    Buenas tardes,cu,0,1,3,0,0,1,3,0,0,si de el ucii pero no corar arriba de el red de jupiter correr arriba de etecsaa haber que leer cada cosa aqui buena tarde
acc840cdef70378141e662ae3bdee0ee,"ETECSA, INTERNET, DATOS MÓVILES",1,"Saben de que es la primera E de ETECSA, Esfuezo, Eficiencia, Eficiacia y Efectividad y la segunda E ??? ESTAFA",cu,0,3,2,0,0,0,1,0,0,saber de que ser el primero e de etecsa esfuezo eficiencia eficiacia y efectividad y el segundo e estafa
61355597b58c9e2a12a4ee7d7a14cbb2,"ETECSA, INTERNET, DATOS MÓVILES",1,Etecsa que buen servicio ahora si que puedes valorar crear una empresa cubana de telefonia.,cu,0,0,0,0,0,0,0,0,0,etecsa que buen servicio ahora si que poder valorar crear uno empresa cubano de telefonia
289ff6afe0333751bf9d49f43555917a,"ETECSA, INTERNET, DATOS MÓVILES",1,"Enhorabuena. Esto era muy esperado por todos y los precios los veo muy bien.
Tendra un fuerte impacto positivo en el desarrollo del pais. Ya veran.",cu,0,0,0,0,0,0,0,0,0,enhorabuena este ser mucho esperado por todo y el precio él ver mucho bien tendro uno fuerte impacto positivo en el desarrollo del pais ya verar
6c124636373ef42ae246efec16ece127,"ETECSA, INTERNET, DATOS MÓVILES",1,"Disculpenos GGG, NO nos habiamos dado cuenta de que Moa es la capital del pais y debe de tener muchas mas radiobases que el resto de los municipios (3 vs 1)",cu,0,0,1,0,0,1,1,0,0,disculpeno gg no yo habiar dar cuenta de que moa ser el capital del pais y deber de tener mucho mas radiobás que el resto de el municipio 3 vs 1
0324300b9adc825e4fa4259a0fd934db,"ETECSA, INTERNET, DATOS MÓVILES",1,"Esta prueba para mi ha sido la mejor, tengo un xiaomi Mi 5 y solo pude conectarme el lunes a eso de las 2 pm y a las 10 pm. Las llamadas y mensajes imposibles, excelente experiencia de incomunicación esos días.  Etecsa manten tus estrategias para mejorar tus servicios afectando  otros.",cu,0,0,0,0,0,0,0,0,0,este prueba para mi haber ser el mejor tener uno xiaomi mi 5 y solo poder conectar yo el lunes a ese de el 2 pm y a el 10 pm el llamado y mensaje imposible excelente experiencia de incomunicación ese día etecsa mantir tu estrategia para mejorar tu servicio afectar otro
c712bf3cbba3b37b7c26754d2249fa03,"ETECSA, INTERNET, DATOS MÓVILES",1,"Hace como un mes montaron en tiempo record una radiobase nueva, y hasta el momento  todo bien, tal como esperabamos. No funciona. Esta zona tiene malísima cobertura para llamadas y los datos móviles se van y vienen",cu,0,0,0,0,0,1,0,0,0,hacer como uno mes montar en tiempo record uno radiobase nuevo y hasta el momento todo bien tal como esperar no funcionar este zona tener malísimo cobertura para llamado y el dato móvil él ir y venir
299b2a6c533a3985e7fa6b19ce729de2,"ETECSA, INTERNET, DATOS MÓVILES",1,"Supongo que el hecho de estar cerca de las antenas y supuestamente el incendio en las oficinas de santa clara ( donde vivo) deveria mejorar el servicio.seria una ventaja para los del centro pobres mortales der resto del pais
pues aqui nos fue fatal",cu,0,0,0,0,0,0,0,0,0,suponer que el hecho de estar cerca de el antena y supuestamente el incendio en el oficina de santa claro donde vivir deveria mejorar el servicio serio uno ventaja para el del centro pobre mortal der resto del pai pues aqui yo ser fatal
2dfe73a750aa70be8e798407e1033ed4,"ETECSA, INTERNET, DATOS MÓVILES",1,"?Esto es lo que hacía falta, que la gente se siga conformando con las excusas. Ya no hace falta un plato de comida seguro para cada cubano..con la maravilla de internet a la gente se le olvidan las cosas importantes. !Más que un error es un horror!",cu,2,1,0,0,0,1,0,0,0,este ser él que hacer falta que el gente él seguir conformar con el excusa ya no hacer falta uno plato de comida seguro para cada cubano con el maravilla de internet a el gente él él olvidar el cosa importante más que uno error ser uno horror
5645fd1cbc0692bd3fa717680b6a6719,"ETECSA, INTERNET, DATOS MÓVILES",1,"Exitosa, en los tres días de prueba solo pude conectarme el segundo día a las 2 de la mañana aproximadamente 30 minutos (terminé pq tenía sueño) y el ultimo día aproximadamente a las 6pm por 10 minutos. El resto del tiempo tenía los datos prendidos y estaba pendiente del cel y no pude conectarme",cu,0,0,0,0,0,1,0,0,0,exitosa en el tres día de prueba solo poder conectar yo el segundo día a el 2 de el mañana aproximadamente 30 minuto terminé pq tener sueño y el ultimo día aproximadamente a el 6 pm por 10 minuto el resto del tiempo tener el dato prendido y estar pendiente del cel y no poder conectar yo
0e21faca26094b95fd10863628974b14,"ETECSA, INTERNET, DATOS MÓVILES",1,"?la navegacion es buena, pero ademas del exxxxtra exagerado precio de los paquetes, no entiendo por que despues de ser tan caros tienen vencimiento. y de la tarifa por consumo ni ablar..cuando todos los cubanos seamos millonarios, se podra decir que la internet en nuestro pais esta buena.",cu,0,1,0,0,0,2,1,0,0,el navegacion ser buen pero adema del exxtra exagerado precio de el paquete no entender por que despues de ser tanto caro tener vencimiento y de el tarifa por consumo ni ablar cuando todo el cubano ser millonario él podrar decir que el internet en nuestro pais este buen
79033cf558b454c9e387097ac4b8bf3f,"ETECSA, INTERNET, DATOS MÓVILES",1,"Excelente el trabajo de nuestra compañia. En Calabazar que está en la Habana actualmente el servicio de datos 3G y de correo no tienen problema, solo persiste una pequeña dificultad NO hay servicio.",cu,0,0,0,0,0,2,0,0,0,excelente el trabajo de nuestro compañia en calabazar que estar en el habana actualmente el servicio de dato 3 g y de correo no tener problema solo persistir uno pequeño dificultad no haber servicio
a1a302f3581cd96ed46b85b427c437bb,"ETECSA, INTERNET, DATOS MÓVILES",1,"Muy bien por etecsa. Desde los comienzos de prestación de servicio de internet, en el municipio de Nuevitas es pésimo el servicio, muchas han sido las quejas principalmente en los consejos populares los micros y todavia sin solución",cu,0,0,0,0,0,1,0,0,0,mucho bien por etecsa desde el comienzo de prestación de servicio de internet en el municipio de nuevita ser pésimo el servicio mucho haber ser el queja principalmente en el consejo popular el micro y todavia sin solución
5a54d9446b815b27a648354a7d019d91,"ETECSA, INTERNET, DATOS MÓVILES",1,"?Dice Pánfilo,que se llama 3G porque solo 3 Gentes han podido conectarse Por cierto ETECSA envié sms que no entregaste pero al instante los descontaste",cu,0,1,1,0,0,1,0,0,0,decir pánfilo que él llamar 3 g porque solo 3 gente haber poder conectar él por cierto etecsa enviar sms que no entregastar pero al instante él descontastir
2ba8ef48a2a11de90e95af34ff751cd2,"ETECSA, INTERNET, DATOS MÓVILES",0,"No podria estar mas de acuerdo con usted. Despues dicen que la Internet está llena de tergiversaciones y
demas, siempre la politica de por medio, pero se hace muy poco o nada por promover los sitios cubanos.
Parece que eso no está dentro del objeto social de nuestra empresa de telecomunicaciones.",cu,0,0,0,0,0,3,0,0,0,no podrio estar mas de acuerdo con usted despues  decir que el internet estar lleno de tergiversación y dema siempre el politica de por medio pero él hacer mucho poco o nada por promover el sitio cubano parecer que ese no estar dentro del objeto social de nuestro empresa de telecomunicación
9f9da5c45f7b3d2a7545d9f25545fb7c,"ETECSA, INTERNET, DATOS MÓVILES",0,?Haga un comentario el problema es q desde q tengo uso de razón en este país se dice q se lucha por la igualdad,cu,0,1,0,0,0,0,0,0,0,hacer uno comentario el problema ser q desde q tener uso de razón en este país él decir q él luchar por el igualdad
823c5609cd2a520e31cbdfca9922d06a,"ETECSA, INTERNET, DATOS MÓVILES",0,"Sabia respuesta, del lobo un pelo",cu,0,0,0,0,0,0,0,0,0,sabio respuesta del lobo uno pelo
de2eb6dc6eb1f3a49b161aee32d276f1,"ETECSA, INTERNET, DATOS MÓVILES",0,"?Saludos. Me complace que algunos conocidos disfruten ya del servicio de internet en su móvil por datos. Caso que no es el mío apesar de conectar más de dos veces durante las pruebas, nunca he recibido el sms y según un sms que recibí mi teléfono tiene los parámetros para la conexión por dat",cu,0,1,0,0,0,2,0,0,0,saludo yo complacer que alguno conocido disfrutir ya del servicio de internet en su móvil por dato caso que no ser el mío apesar de conectar más de dos vez durante el prueba nunca haber recibir el sms y según uno sms que recibir mi teléfono tener el parámetro para el conexión por dat
5578fcfbca96873a15abe50532c0576e,"ETECSA, INTERNET, DATOS MÓVILES",0,La verdad respeto las opiniones de todos pero estuvo muy inestable el servicio esperemos mejore,cu,0,0,0,0,0,0,0,0,0,el verdad respetar el opinión de todo pero estar mucho inestable el servicio esperemos mejore
c6a4f5544a4aab5ed9454078dd8513d0,"ETECSA, INTERNET, DATOS MÓVILES",0,"Mi hermano como todo,cuando empieza es caro pero ya vendrán ofertas en lo adelante más factibles lo
importante es que ya está y poco a poco irá mejorando.",cu,0,0,0,0,0,0,0,0,0,mi hermano como todo cuando empezar ser caro pero ya venir oferta en él adelante más factible él importante ser que ya estar y poco a poco ir mejorar
8679b332a629740456d0c97f64ad3044,"ETECSA, INTERNET, DATOS MÓVILES",0,amigo decirle el porque usan la banda 900 mhz debido a que es la que mayor alcance tiene con poco equipamiento o sea si ponen la 2100 mhz tienen que comprar mas antenas de este tipo y es mas dinerosaque usted sus propias conclusiones entonces..slds,cu,0,0,0,0,0,0,0,0,0,amigo decir él el porque usar el banda 900 mhz debido a que ser el que mayor alcance tener con poco equipamiento o sea si poner el 2100 mhz tener que comprar mas antena de este tipo y ser mas dinero sacar usted su propio conclusión entonces sld
57ef39e83e327d517caa3844f29bbcdc,"ETECSA, INTERNET, DATOS MÓVILES",0,?os precios deben bajarlo para q todos tengan oportunidad y no sea un servicio de pocos,cu,0,1,0,0,0,1,0,0,0,tú precio deber bajar él para q todo tener oportunidad y no ser uno servicio de poco
b5e417285c90bd7fc6db1f06a5169834,"ETECSA, INTERNET, DATOS MÓVILES",0,"Puedes bajar la versión Lite de Facebook desde la playstore , así como la versión lite de Messenger y verás
que no gastarás muchos datos como lo hacen las apps originales de FB y Messenger",cu,0,0,0,0,0,1,0,0,0,poder bajar el versión lite de facebook desde el playstore así como el versión lite de messenger y verás que no gastarás mucho dato como él hacer el apps original de fb y messenger
15605f25a59ae716fff0a4d98a9dc0fe,"ETECSA, INTERNET, DATOS MÓVILES",0,Dar gracias??? No me han regalado nada. Por favor,cu,0,3,0,0,0,2,1,0,0,dar gracias no yo haber regalar nada por favor
0a149a080bfd0998858bd3fc772195b9,"ETECSA, INTERNET, DATOS MÓVILES",0,"?Alguien con cierta responsabilidad,que trabaje en ETECSA ,leera estos comentarios ?",cu,0,2,1,0,0,0,0,0,0,alguien con cierto responsabilidad que trabaje en etecsa leerar este comentario
d322b69036f6ce83d54e98fdea0e145d,"ETECSA, INTERNET, DATOS MÓVILES",0,?Q pasa con las líneas q empiezan con +53 56 Q todavia no pueden comprar ningún paqt pq no les ha llegado el mensaje???,cu,0,4,0,0,0,3,1,0,0,q pasar con el línea q empezar con 53 56 q todavia no poder comprar ninguno paqt pq no él haber llegar el mensaje
1920c0faa8aae4b41d31f77b83cbb1de,"ETECSA, INTERNET, DATOS MÓVILES",0,"Horroroso, la conexión celular grave y los sms ni hablar",cu,0,0,0,0,0,1,0,0,0,horroroso el conexión celular grave y el sms ni hablar
980add340950f82e5265cfa9dac35b99,"ETECSA, INTERNET, DATOS MÓVILES",0,La confección de llamadas estuvo muy mala yo al.menos no pude realizar ninguna,cu,0,0,0,0,0,2,0,0,0,el confección de llamada estar mucho malo yo al menos no poder realizar ninguno
07a917353746cfcfac584c65a023adfd,"ETECSA, INTERNET, DATOS MÓVILES",0,?Me pueden mandar página de cuba,cu,0,1,0,0,0,0,0,0,0,yo poder mandar página de cuba
4d87240d6af8c19a47c7dadb5b48287b,"ETECSA, INTERNET, DATOS MÓVILES",0,"estoy el 100% de acuerdo contigo. si no se tienen los elementos necesarios para dar un servicio con calidad,entonces por favor que no se de el servicio,quien sufre es el bolsillo del pueblo porque etecsa no te devuelve NADA",cu,0,0,1,0,0,4,0,0,0,estar el 100 de acuerdo contigo si no él tener el elemento necesario para dar uno servicio con calidad entonces por favor que no él de el servicio quien sufrir ser el bolsillo del pueblo porque etecsa no tú devolver nada
bf899fa652326946fa98a6da6c3a04e0,"ETECSA, INTERNET, DATOS MÓVILES",0,"Muy buena la explicación, Gracias porque la conexión en la zona de Miramar está muy mala",cu,0,0,0,0,0,0,0,0,0,mucho buen el explicación gracias porque el conexión en el zona de miramar estar mucho malo
4f0284153081c27bf22db853461d46fb,"ETECSA, INTERNET, DATOS MÓVILES",0,"lo que pasa es que aquí tenemos una sola, y como no hay antecedentes de utilización previa la competencia hace la calidad",cu,0,0,0,0,0,1,0,0,0,él que pasar ser que aquí tener uno solo y como no haber antecedente de utilización previo el competencia hacer el calidad
ce879d15dc0c8444bd6e640f69f74239,"ETECSA, INTERNET, DATOS MÓVILES",0,"?Hermano el internet no es un lujo es una necesidad ,hoy por hoy se puede contar como un derecho humano .",cu,0,1,0,0,0,1,0,0,0,hermano el internet no ser uno lujo ser uno necesidad hoy por hoy él poder contar como uno derecho humano
6e0d7154cb69cdb3677a3131938ec43a,"ETECSA, INTERNET, DATOS MÓVILES",0,"Yo me conecté con un poco de problemas ,sólo en la tarde estaba buena ya después pésima",cu,0,0,0,0,0,0,0,0,0,yo yo conectar con uno poco de problema sólo en el tarde estar buen ya después pésimo
3e65edcc77d15a21706a9d8a3770bf1c,"ETECSA, INTERNET, DATOS MÓVILES",0,"?He viajado varias veces al exterior y no tengo que registrarme en ningún sitio, simplemente conectarme como si lo estuviera haciendo en una PC. Por qué es tan enredado en Cuba.",cu,0,1,0,0,0,2,0,0,0,haber viajar varios vez al exterior y no tener que registrar yo en ninguno sitio simplemente conectar yo como si él estar hacer en uno pc por qué ser tanto enredado en cuba
516b57f67abcbb251f11a4a6fe334e6f,"ETECSA, INTERNET, DATOS MÓVILES",0,"Bnos dias:Considero que debemos trabajar con pasos firmes y seguros y no tratando de enmarcanos en ninguna fecha limite, para no caer en chapucerias,que de una forma u otra, atentan contra el desarrollo del buen servicio,que es lo que realmente necesitamos todos.GRCIAS.",cu,0,0,1,0,0,3,0,0,0,bno dia considerar que deber trabajar con paso firme y seguro y no tratar de enmarcano en ninguno fecha limite para no caer en chapuceria que de uno forma u otro atentar contra el desarrollo del buen servicio que ser él que realmente necesitar todo grcia
0524f6f9dd4c8241fa4896adb4c54c62,"ETECSA, INTERNET, DATOS MÓVILES",0,?Me pregunto para q la gente comenta si a nadie le importa nada los comentarios de la población. Desde q salio Internet por datos e venido leyendo todos los comentarios y en mas del 97% son negativos y asta ahora no han hecho nada. Creo q comentar aqui es por gusto y para nada. Gracias.,cu,0,1,0,0,0,5,0,0,0,yo preguntar para q el gente comentar si a nadie él importar nada el comentario de el población desde q salio internet por dato e venir leer todo el comentario y en mas del 97 ser negativo y asta ahora no haber hacer nada creer q comentar aqui ser por gusto y para nada gracias
a649ca901598d90da881c6be6e040ac0,"ETECSA, INTERNET, DATOS MÓVILES",0,Muy mala pésima yo solo kisiera k no afectarán el plan amigo porke andan lokitos por meterle mano para tener mayor capacidad,cu,0,0,0,0,0,1,0,0,0,mucho malo pésimo yo solo kisiero k no afectar el plan amigo porke andar lokito por meter él mano para tener mayor capacidad
28219e609a42a82015bcf1836ded6ead,"ETECSA, INTERNET, DATOS MÓVILES",0,?Los precios de otras compañías van en función de los salarios todos los países tiene sus tarifas pero la de etecsa es insuperable es cara hasta para un salario de 500 cuc pues con un uso alto habría que gastar unos 100 cuc solo para internet eso es una locura,cu,0,1,0,0,0,0,0,0,0,el precio de otro compañía ir en función de el salario todo el país tener su tarifa pero el de etecsa ser insuperable ser cara hasta para uno salario de 500 cuc pues con uno uso alto haber que gastar uno 100 cuc solo para internet ese ser uno locura
aa2508baba81aee28cebb72edbefed94,"ETECSA, INTERNET, DATOS MÓVILES",0,Muy bien etecsa esperamos de ustedes que mejore pues la conexión datos es pésima se gasta y no tiene calidad aquí en Camagüey reparto Saratoga no llega bien un saludos y esperamos que con sus esfuerzo mejore,cu,0,0,0,0,0,2,0,0,0,mucho bien etecsa esperar de tú que mejorar pues el conexión dato ser pésimo él gastar y no tener calidad aquí en camagüey reparto saratogo no llegar bien uno saludo y esperar que con su esfuerzo mejore
9a30e31e700a7c24ba7c461e96a7360f,"ETECSA, INTERNET, DATOS MÓVILES",0,?si no tienes solvencia no te conectes y si la gente no tuviese solvencia los parques wifi no estuvieran llenos de gente.,cu,0,1,0,0,0,4,0,0,0,si no tener solvencia no tú conectser y si el gente no tener solvencia el parque wifi no estar lleno de gente
f82e0c5a412ae1248454bca6ef923b31,"ETECSA, INTERNET, DATOS MÓVILES",0,"En Coco Solo, Marianao, es pésimo el servicio en cualquier horario incluyendo la madrugada. Eso a menos de 1 cuadra de la radiobase ubicada encima del Mercado de 130 y 35.",cu,0,0,0,0,0,0,0,0,0,en coco solo marianao ser pésimo el servicio en cualquiera horario incluir el madrugada ese a menos de 1 cuadra de el radiobase ubicado encima del mercado de 130 y 35
7f1ce245ab01a0f1dbc924917697ebb1,"ETECSA, INTERNET, DATOS MÓVILES",0,Muy bueno por ETECSA.. ellos nunca pensaron que con los precios de los paquetes que no son baratos las personas casi no lo conprarias en las tunas por lo menos en mi caso las videos llamada y demas servicios funcionan lentisimo sin importar el horario,cu,0,0,1,0,0,4,0,0,0,mucho bueno por etecsa él nunca pensar que con el precio de el paquete que no ser barato el persona casi no él conpraria en el tuna por él menos en mi caso el video llamado y demas servicio funcionar lentisimo sin importar el horario
8037c79fe2cb320e9a21d6f46100fac9,"ETECSA, INTERNET, DATOS MÓVILES",0,?amigos el IMO funciona en el resto del mundo exepto para Estados Unidos ni entran ni salen jamadas por IMO para ese pais paralos demas si ya eso sucedio una vez a los meses de haber empesado la WIFI en mi opinion es problema de los americanos sin ofender a nadie,cu,0,1,3,0,0,4,0,0,0,amigo el imo funciona en el resto del mundo exepto para estados unidos ni entrar ni salir jamada por imo para ese pais para él dema si ya ese sucedio uno vez a el mes de haber empesar el wifi en mi opinion ser problema de el americano sin ofender a nadie
bc09c56e8fc28f85762b8afd0a2d9621,"ETECSA, INTERNET, DATOS MÓVILES",0,"Considero que una prueba se hace para probar un sistema que ya estamos seguro funciona, pero esto es un verdadero desastre, sin ninguna estabilidad.
Ignacio",cu,0,0,0,0,0,2,0,0,0,considerar que uno prueba él hacer para probar uno sistema que ya estar seguro funcionar pero este ser uno verdadero desastre sin ninguno estabilidad ignacio
ee6b12ac175fac4c680d6ce428943b89,"ETECSA, INTERNET, DATOS MÓVILES",0,"Ahh porque ya contrataste y probaste el servicio?, amigo espera a tener la experiencia de usarlo para
q tengas criterio de su calidad, q es como mas creible uno encuentra un comentario",cu,0,1,0,0,0,0,0,0,0,ahh porque ya contrataste y probaste el servicio amigo esperar a tener el experiencia de usar él para q tenga criterio de su calidad q ser como mas creible uno encontrar uno comentario
5030f63a953a6d797ef10153f4266291,"ETECSA, INTERNET, DATOS MÓVILES",0,"?Siempre digo lo mismo, el que no pueda pagar que no use Internet; cara está la carne de puerco y la mayoría de los productos que se venden en las Shopping y eso si es impesindible para la vida, la Internet NO.",cu,0,1,0,0,0,3,0,0,0,siempre decir él mismo el que no poder pagar que no usar internet cara estar el carne de puerco y el mayoría de el producto que él vender en el shopping y ese si ser impesindible para el vida el internet no
887942ba5f420d63f3326467c8fa6b44,"ETECSA, INTERNET, DATOS MÓVILES",0,Si no tienes nada juega o estudia en el movil,cu,0,0,0,0,0,2,0,0,0,si no tener nada jugar o estudiar en el movil
54ee5c1e2fe158a5091353bcf5fc9515,"ETECSA, INTERNET, DATOS MÓVILES",0,"?te falto una, tener familia en el extrangero que nos mande plata. saludos",cu,0,1,0,0,0,0,0,0,0,tú falto uno tener familia en el extrangero que yo mandir plata saludo
d804e10a39fc6208f57d3bd0076faa85,"ETECSA, INTERNET, DATOS MÓVILES",0,"El internet tiene sus ventajas y sus desventajas una porque donde quiera tienes coberturas tienes internet y
es vatante rapido pero los presios estan super altisimo es el internet mas caro del mundo mi salario no me
da para eso",cu,0,0,0,0,0,1,0,0,0,el internet tener su ventaja y su desventaja uno porque donde querer tener cobertura tener internet y ser vatante rapido pero el presio estar super altisimo ser el internet mas caro del mundo mi salario no yo dar para ese
acd43739d6ca7267cd1d1910b6090ac8,"ETECSA, INTERNET, DATOS MÓVILES",0,"?Me gustaría probar ese paquete aunque su precio esté por las nubes, pero sería por gusto, porque en la Villa Panamericana los datos móbiles y la señal en general son pésimas. saludos",cu,0,1,0,0,0,0,0,0,0,yo gustar probar ese paquete aunque su precio estar por el nube pero ser por gusto porque en el villa panamericán el dato móbil y el señal en general ser pésima saludo
e3b87cb1ee2955bf3f92a173dce0e3af,"ETECSA, INTERNET, DATOS MÓVILES",0,"En nuevo Vedado, la conexión es pésima, ni en la calle se puede uno conectar. Todos en el barrio estamos en las aceras intentando conectarnos, en las calles de 23 hacia arriba por todo 26 y los edificios altos de Nuevo Vedado. ",cu,0,0,0,0,0,1,0,0,0,en nuevo vedado el conexión ser pésimo ni en el calle él poder uno conectar todo en el barrio estar en el acera intentar conectarno en el calle de 23 hacia arriba por todo 26 y el edificio alto de nuevo vedado
f7969506a20ad1752aa81eb0553b3610,"ETECSA, INTERNET, DATOS MÓVILES",0,?los del extranjero tien planes de 1/8 de su salario medio por internet llamadas y textos ilimitados. con velocidad de 4G.,cu,0,1,0,0,0,0,0,0,0,el del extranjero tien plan de 1 8 de su salario medio por internet llamado y texto ilimitado con velocidad de 4 g
1091a29cc85b4a7ef90d5e60b1495445,"ETECSA, INTERNET, DATOS MÓVILES",0,?Me quedo fríocuando dan a conocer los días q se efectuarán las pruebas?? Porq la mayoría de los usuarios se enteran por la calle,cu,0,3,0,0,0,0,0,0,0,yo quedar frío cuando dar a conocer el día q él efectuar el prueba porq el mayoría de el usuario él enterar por el calle
c63dcf4e1d8d26326daf9b4cfe6f566c,"ETECSA, INTERNET, DATOS MÓVILES",0,"Amigo mío, el hecho que seas profesor de matemáticas no te da derecho a maltratar el idioma, la
internet también sirve para mejorar la ortografía.saludos",cu,0,0,0,0,0,1,0,0,0,amigo mío el hecho que sea profesor de matemática no tú dar derecho a maltratar el idioma el internet también servir para mejorar el ortografía saludo
4279ef82a80c342c1f1fa5aab2a85dd1,"ETECSA, INTERNET, DATOS MÓVILES",0,"?Un rotundo fracaso esta ultima prueba, solo me pude conectar por la madrugada. Creo que no valdra la pena gastar mi salario en este servicio.",cu,0,1,0,0,0,1,0,0,0,uno rotundo fracaso este ultimo prueba solo yo poder conectar por el madrugada creer que no valdrar el pena gastar mi salario en este servicio
6f99c480fb36d977fa87dafd5ddabb10,"ETECSA, INTERNET, DATOS MÓVILES",0,"Ya tienen internet, ahora busquen la plata y recarguen el móvil si quieren navegar.pienso q en los paquetes hay
una brecha muy grande entre 1 gb y 2,5 GB, deberian poner 1,5 GB tambien",cu,0,0,0,0,0,0,0,0,0,ya tener internet ahora buscar el plata y recarguen el móvil si querer navegar pensar q en el paquete haber uno brecha mucho grande entre 1 gb y 2 5 gb deberiar poner 1 5 gb tambien
8e08d7b1a4f3f75c4f5100c49062d12f,"ETECSA, INTERNET, DATOS MÓVILES",0,Es verdad la segunda prueba estuvo mejor mucho mas personal se pudo conectar,cu,0,0,0,0,0,0,0,0,0,ser verdad el segundo prueba estar mejor mucho mas personal él poder conectar
a4d20d3bcfac451d3c637f52a1c9493e,"ETECSA, INTERNET, DATOS MÓVILES",0,"?Mira hermano, serás el único q no quiere internet, porque todos acá estamos locos por conectarnos aunque sea por media hora, ya sea porque tienen un familiar afuera o por simplemente estar más informados. Hay tantas cosas que internet nos guarda",cu,0,1,0,0,0,1,0,0,0,mirar hermano serás el único q no querer internet porque todo acá estar loco por conectarno aunque ser por medio hora ya ser porque tener uno familiar afuero o por simplemente estar más informado haber tanto cosa que internet yo guardar
f150062f073321cc939ce1e4cdc4cd89,"ETECSA, INTERNET, DATOS MÓVILES",0,"Yo pregunto si cuando se coloque la red 4G los moviles que tienen la 2G tendran acceso por datos moviles al internet de la misma forma de la 3G,gracias.",cu,0,0,0,0,0,0,0,0,0,yo preguntar si cuando él colocar el red 4 g el movil que tener el 2 g tendrar acceso por dato movil al internet de el mismo forma de el 3 g gracias
23e24471c1a394eb17dc9c014296bc06,"ETECSA, INTERNET, DATOS MÓVILES",0,les cuento q yo despues de las ultimas pruebas no he tenido mas ni correo ni cuba messenger ni coexion de datos,cu,0,0,0,0,0,4,0,0,0,él contar q yo despues de el ultima prueba no haber tener mas ni correo ni cuba messenger ni coexion de dato
7c3e966e8769639316b338ec696bc943,"ETECSA, INTERNET, DATOS MÓVILES",0,Estimado Juan Carlos lamentablemente ninguna compañía te da esa opción no cre que Etecsa sea la excepción se lo comento porque resido en el extranjero y funciona así.,cu,0,0,0,0,0,2,0,0,0,estimado juan carlos lamentablemente ninguno compañía tú dar ese opción no cre que etecso ser el excepción él él comentar porque resido en el extranjero y funcionar así
bede7f1909096bd7cab327f7b6fb0986,"ETECSA, INTERNET, DATOS MÓVILES",0,"La conexión en el municipio La Lisa al principio todo bien, actualmente esta pésima.",cu,0,0,0,0,0,0,0,0,0,el conexión en el municipio él lisa al principio todo bien actualmente este pésima
16f55d027c48806da0f76cdf318ed864,"ETECSA, INTERNET, DATOS MÓVILES",0,"?tengo muy buena cobertura y el INTERNET muy rapido pero cuando me conecto a un .cu no me descuenta de la bolsa ( 300) me descuenta del paquete, por ejemplo en esta conexion",cu,0,1,1,0,0,1,0,0,0,tener mucho buen cobertura y el internet mucho rapido pero cuando yo conectar a uno cu no yo descontar de el bolsa 300 yo descontar del paquete por ejemplo en este conexion
b6a96a177ab98ecf68cf2972ab256977,"ETECSA, INTERNET, DATOS MÓVILES",0,Estimado GGG: El despliegue de la 3g se realizó priorizando las cabecera provinciales y en los municipios excepto en Moa todos tienen una sola radio base 3G. Como puedo leer en el artículo la empresa está trabajando para mejorar esta situación.,cu,0,0,1,0,0,0,1,0,0,estimado gg el despliegue de el 3 g él realizar priorizar el cabecera provincial y en el municipio excepto en moa todo tener uno solo radio base 3 g como poder leer en el artículo el empresa estar trabajar para mejorar este situación
b441bec8f10469668ee47d8a7958a644,"ETECSA, INTERNET, DATOS MÓVILES",0,"Me comenzaron a entrar las noticias sin haber comprado el paquete, sobre todo de 7.00 am a 9.00 am. Eso fue todo. Mi teléfono Blue con 3G. ETECSA ¿ QUÉ PASÓ ?.",cu,0,2,3,0,0,1,0,0,0,yo comenzar a entrar el noticia sin haber comprar el paquete sobre todo de 7 00 am a 9 00 am ese ser todo mi teléfono blue con 3 g etecsa qué pasar
8e0eb3e17186181086b289dcf56c98be,"ETECSA, INTERNET, DATOS MÓVILES",0,"?Los del extranjerolos pagan aun un poco mas caro,",cu,0,1,0,0,0,0,0,0,0,el del extranjerolo pagar aun uno poco mas caro
61446242be02a010799cf8e0aa73c9c2,"ETECSA, INTERNET, DATOS MÓVILES",0,Se caía mucho la conexión y estaba muy lenta pero hace falta que lo arreglen y lo pongan para siempre es lo mejor que han echo yo y mi familia estamos contentos,cu,0,0,0,0,0,0,0,0,0,él caer mucho el conexión y estar mucho lento pero hacer falta que él arreglar y él pongar para siempre ser él mejor que haber acer yo y mi familia estar contento
a831b8140f119ea18e06ef76534e2c18,"ETECSA, INTERNET, DATOS MÓVILES",0,"Aquí el q invento la ley invento la trampa. Ellos nunca van a perder a me consumió lo que me quedaba de mg
y mi saldo completo y nada",cu,0,0,0,0,0,2,0,0,0,aquí el q invento el ley inventar el trampa él nunca ir a perder a yo consumir él que yo quedar de mg y mi saldo completo y nada
76c9e5cab34e0835d519a1c50dbe636d,"ETECSA, INTERNET, DATOS MÓVILES",0,"?Por favor quitenle el vencimiento a los paquetes y tendran más clientes y satisfacción, es imposible que el que vive del salario pueda comprar el paquete más pequeno, 7.00 CUC, son 175 pesos.",cu,0,1,1,0,0,0,0,0,0,por favor quitenle el vencimiento a el paquete y tendrar más cliente y satisfacción ser imposible que el que vivir del salario poder comprar el paquete más pequeno 7 00 cuc ser 175 pesos
ad98b8a14bf25a18adda8fef34c06549,"ETECSA, INTERNET, DATOS MÓVILES",0,"Para mi la conexion estuvo mas menos, pude usar todos mis datos, pero muy lento, solo me podia conectar por la noche porque durante el dia fue imposible, deberian hacer mas pruebas buscando que el servicio sea mas rapido y que todo el mundo se pueda conectar.",cu,0,0,0,0,0,0,0,0,0,para mi el conexion estar mas menos poder usar todo mi dato pero mucho lento solo yo podiar conectar por el noche porque durante el dia ser imposible deberiar hacer mas prueba buscar que el servicio ser mas rapido y que todo el mundo él poder conectar
14503a9d6e89365dcab612d6741ae1a8,"ETECSA, INTERNET, DATOS MÓVILES",0,?Seguro q si amigo estoy totalmente de acuerdo con tigo si nos pagaran con cuc como nos cobran seguro q todos los cubanos pudieramos comprar los paquetes de datos,cu,0,1,0,0,0,0,0,0,0,seguro q si amiguir estar totalmente de acuerdo con tigo si yo pagar con cuc como yo cobrar seguro q todo el cubano pudierar comprar el paquete de dato
13f6028c36697fa67b0377086195d34c,"ETECSA, INTERNET, DATOS MÓVILES",0,?.y el toDus pa cuando ya q es lo q nos kedaba para los no 3g y los telefonos de etecsa esta super caros,cu,0,1,0,0,0,1,0,0,0,y el todus pa cuando ya q ser él q yo kedar para el no 3 g y el telefono de etecsa este super  caro
52c3345389203ef3a1b909cb0c9ef0b0,"ETECSA, INTERNET, DATOS MÓVILES",0,"?El problema no que si te hace falta o no,el tema de las comunicaciones en la actualidad es algo casi obligatorio, y la verdad que a ETECSA se le va la mano con los precios, yo no se al pueblo de que pais brinda sus servicios esta empresa, por que al de cuba me parece que no!!!",cu,3,1,1,0,0,4,1,0,0,el problema no que si tú hacer falta o no el tema de el comunicación en el actualidad ser algo casi obligatorio y el verdad que a etecsa él él ir el mano con el precio yo no él al pueblo de que pais brindar su servicio este empresa por que al de cuba yo parecer que no
5c50ab77f013b79a49fc1ae1cad6fd30,"ETECSA, INTERNET, DATOS MÓVILES",0,Ya era hora me alegro mucho q cuba alla dado tan importante paso en el desarrollo de las telecomunicaciones.,cu,0,0,0,0,0,0,0,0,0,ya ser horo yo alegrar mucho q cuba allo dado tanto importante paso en el desarrollo de el telecomunicación
e53930ac3dae7b7c0a55752999952341,"ETECSA, INTERNET, DATOS MÓVILES",0,"En Holguín también es pésima, empezó muy bien, pero ya es imposible conectarse.",cu,0,0,0,0,0,0,0,0,0,en holguín también ser pésima empezar mucho bien pero ya ser imposible conectar él
1bc4710f639b0d47bf617af98d1e542b,"ETECSA, INTERNET, DATOS MÓVILES",0,"Realmente la conexión no fue lo que esperaba. Anhelo poder tener internert a tiempo completo en mi teléfono. No reajustar mi horario de sueño para poder conectarme y comunicarme con mis familiares y amigos, sino en mi tiempo libre.",cu,0,0,0,0,0,3,0,0,0,realmente el conexión no ser él que esperar anhelo poder tener internert a tiempo completo en mi teléfono no reajustar mi horario de sueño para poder conectar yo y comunicar yo con mi familiar y amigo sino en mi tiempo libre
b9c25238cd53fa62346cba137a7cec24,"ETECSA, INTERNET, DATOS MÓVILES",0,?Si papiro pero los del extranjero tienen internet sin limites,cu,0,1,0,0,0,1,0,0,0,si papirir pero el del extranjero tener internet sin limit
40d10d390ea98b190f958a5cadb727ff,"ETECSA, INTERNET, DATOS MÓVILES",0,En muchas ocasiones no es que sea lenta es que no hay datos entiendo el esfuerzo que hacen pero para comenzar los servicios por datos móviles había que pensar en estos problemas que tenemos hoy.,cu,0,0,0,0,0,2,0,0,0,en mucho ocasión no ser que ser lento ser que no haber dato entender el esfuerzo que hacer pero para comenzar el servicio por dato móvil haber que pensar en este problema que tener hoy
2ca4cc5a95a01a600eb3d77f923715cd,"ETECSA, INTERNET, DATOS MÓVILES",0,"?mas de millon y medio de personas participaron en la prueba de etecsa, de ellas solo 5 lograron conectarce.",cu,0,1,0,0,0,0,0,0,0,mas de millon y medio de persona participar en el prueba de etecsa de él solo 5 lograr conectarce
a935f30d22fd79750e35fbb6c1c37385,"ETECSA, INTERNET, DATOS MÓVILES",0,"?YO porque te atreves a asumir que el 99% de los cubanos lo considera segum dices , asume lo tuyo y lo que te rodea , no generelizes , si puedes opinar libremente esta bien , pero asumete , no nos incluyas",cu,0,1,0,0,0,2,0,0,0,yo porque tú atrevser a asumir que el 99 de el cubano él considerar segum diz asumir él tuyo y él que tú rodear no generelizes si poder opinar libremente este bien pero asumete no yo incluyas
a898126600c5085a8133b2a88be4110b,"ETECSA, INTERNET, DATOS MÓVILES",0,"Me veo obligado a usar el sevicio sin necesidad, para gastar el monto antes de su vencimiento.",cu,0,0,0,0,0,1,0,0,0,yo ver obligado a usar el sevicio sin necesidad para gastar el monto antes de su vencimiento
03e70be5d5c85d6e217319e556b9c2cc,"ETECSA, INTERNET, DATOS MÓVILES",0,Con un paquete de 50mb debería llamarse correo plus y no internet si visitas 10 página web se te fueron.por otro lado solo me podía conectar de madrugada.,cu,0,0,0,0,0,1,0,0,0,con uno paquete de 50 mb deber llamar él correo plus y no internet si visitos 10 página web él tú ser por otro lado solo yo poder conectar de madrugada
a843567d1b43d40d4e44a4e2d4133898,"ETECSA, INTERNET, DATOS MÓVILES",0,"Y Por qué si existen problemas, no hacen una rebajita en los costos a la población?",cu,0,1,0,0,0,1,0,0,0,y por qué si existir problema no hacer uno rebajita en el costo a el población
4a5d4c9abfcb58c73f4fd482c301041b,"ETECSA, INTERNET, DATOS MÓVILES",0,"Amigo en Trinidad la situación es igual, aca oarece que es fin de año o dias de las madres o 14 de febrero en relación al tema de la 3G",cu,0,0,0,0,0,0,0,0,0,amigo en trinidad el situación ser igual aca oarecir que ser fin de año o dia de el madre o 14 de febrero en relación al tema de el 3 g
993c85cff9d96ed95039361f4325d820,"ETECSA, INTERNET, DATOS MÓVILES",0,"?todo bien, pero cuando me conecto a los megas nacionales sigue descontando del paquete de los 600Mb hastacon las aplicaciones nacionales como   picta",cu,0,1,0,0,0,0,1,0,0,todo bien pero cuando yo conecto a el mega nacional seguir descontar del paquete de el 600 mb hastacon el aplicación nacional como picta
6f6feb009da4d06054e6096699031f81,"ETECSA, INTERNET, DATOS MÓVILES",0,"?Realmente estoy contenta con el servicio, seguí los consejos que se publicaron. Saludos",cu,0,1,0,0,0,0,0,0,0,realmente estar contentar con el servicio seguí el consejo que él publicar saludo
51cdf63b4c955869ed66566225e24e92,"ETECSA, INTERNET, DATOS MÓVILES",0,?Hola todo esta muy bien con el internt x datos moviles pero muy caro q en cinco días consumi dos paquetes de 600mg y lo q hago es para el diario del hogar,cu,0,1,0,0,0,0,0,0,0,holar todo este mucho bien con el internt x dato movil pero mucho caro q en cinco día consumi dos paquete de 600 mg y él q hacer ser para el diario del hogar
653369d6fa660a5472f9a89dc225e4df,"ETECSA, INTERNET, DATOS MÓVILES",0,"La telefonia corporativa fue afectada ya que utiliza el mismo medio de comunicacion, tengo acceso a un apn corporativo que no es el nauta y hasta el Sol de hoy no me ha funcionado.el Core de la red cogio candela?",cu,0,1,0,0,0,2,0,0,0,el telefonia corporativo ser afectar ya que utilizar el mismo medio de comunicacion tener acceso a uno apn corporativo que no ser el nauta y hasta el sol de hoy no yo haber funcionar el core de el red cogio candelar
51b129ec0414eaad6058551e6e2f0860,"ETECSA, INTERNET, DATOS MÓVILES",0,"la conexión fue demasiado inestable y me pude conectar en el horario de la madrugada porque por el dia era pésima, se me caía la cobertura cuando conectaba los datos móviles. Mi experiencia de navegación no ha sido nada positiva, espero que mejore la próxima vez",cu,0,0,0,0,0,2,0,0,0,el conexión ser demasiado inestable y yo poder conectar en el horario de el madrugada porque por el dia ser pésimo él yo caer el cobertura cuando conectar el dato móvil mi experiencia de navegación no haber ser nada positivo esperar que mejorar el próximo vez
5001a079bab78ae093e9cdb8e5d55ab8,"ETECSA, INTERNET, DATOS MÓVILES",0,"Roberto realista
Debemos aclararle que la frecuencia de los 900 Mhz en la red 3G se utiliza en Europa, no es una inventiva
cubana.",cu,0,0,0,0,0,1,0,0,0,roberto realista deber aclarar él que el frecuencia de el 900 mhz en el red 3 g él utilizar en europa no ser uno inventiva cubano
87abdd4045078f9ef2123eb9b2459d0a,"ETECSA, INTERNET, DATOS MÓVILES",0,"?otra reconedacion es el programa 3G Watchdog, monitoreo continuo de consumo, estimacion de tiempos y demas. muy util para saber continuamente como va la cosa",cu,0,1,0,0,0,0,0,0,0,otro reconedacion ser el programa 3 g watchdog monitoreo continuo de consumo estimacion de tiempo y dema mucho util para saber continuamente como ir el cosa
89b4d687b6a4e06ce57270774b592b0a,"ETECSA, INTERNET, DATOS MÓVILES",0,"Aun el NAUTA está trabado, fue tanta la afectación que tantos días después de la prueba el NAUTA se mantiene trabado y no hay quién lo destrabe??",cu,0,2,2,0,0,1,0,0,0,aun el nauta estar trabado ser tanto el afectación que tanto día después de el prueba el nauta él mantener trabado y no haber quién él destrabir
5d25842a19a8537a31f97dfefc1e6863,"ETECSA, INTERNET, DATOS MÓVILES",0,?Los que no tenemos solvencia para esta nueva opción de ETECSA de acceder a internet. Podemos seguir por la navegación en los parques WiFi o salas de navegación,cu,0,1,1,0,0,1,0,0,0,el que no tener solvencia para este nuevo opción de etecsa de acceder a internet poder seguir por el navegación en el parque wifi o sala de navegación
7dd3705527bf2041e36a46cdadfe3800,"ETECSA, INTERNET, DATOS MÓVILES",0,"Soy de santa clara reparto jose Martí.la coneccion
Es muy buena gracias etecsa.pero hay q bajar los precios",cu,0,0,0,0,0,0,0,0,0,ser de santa claro reparto jo él martí el coneccion ser mucho buen gracias etecsa pero haber q bajar el precio
10875629ea76c9c0547f9ff63be4c8f5,"ETECSA, INTERNET, DATOS MÓVILES",0,"Si es cierto, ya que yo vivo en alamar y solo puedo tener voz, sms, y datos a 1 km a la redonda de mi casa, dentro de mi casa estoy incomunicado, es necesario resolver este problema cuanto antes",cu,0,0,0,0,0,0,0,0,0,si ser cierto ya que yo vivir en alamar y solo poder tener voz sms y dato a 1 km a el redonda de mi casa dentro de mi casa estar incomunicado ser necesario resolver este problema cuanto antes
a005bcf7b43868a126052e547cc87b3e,"ETECSA, INTERNET, DATOS MÓVILES",0,"hay que esforzarse mas con todo el tema de internet,aunque es un gran avance,pero tienen que continuar y no esancarse para poder brindar un mayor servicio a la poblacion.gracias",cu,0,0,0,0,0,1,0,0,0,haber que esforzar él mas con todo el tema de internet aunque ser uno gran avance pero tener que continuar y no esancar él para poder brindar uno mayor servicio a el poblacion gracias
4b531a6f0a2f68f0771f59a9040ae0cd,"ETECSA, INTERNET, DATOS MÓVILES",0,Vivo en el reparto Sierra Maestra municipio Boyeros y a pesar de que tengo datos moviles por mi empresa la comunicacion en esta zona es pesima. Por favor que perspectivas de solucion tiene esta zona.,cu,0,0,0,0,0,0,0,0,0,vivo en el reparto sierra maestra municipio boyero y a pesar de que tener dato movil por mi empresa el comunicacion en este zona ser pesima por favor que perspectiva de solucion tener este zona
cbf914c743cf73abd88abf8d1785456c,"ETECSA, INTERNET, DATOS MÓVILES",0,"la prueba a capacidad máxima fué un fracaso, se puede pensar en una prueba pero solo con paquetes prepagados y luego a capacidad máxima.",cu,0,0,0,0,0,0,0,0,0,el prueba a capacidad máximo fué uno fracaso él poder pensar en uno prueba pero solo con paquete prepagado y luego a capacidad máximo
2603a8fcc453dfe6bb26196b6191a21d,"ETECSA, INTERNET, DATOS MÓVILES",0,Lo importante me parece aqui que no es el por qué de la lentitud del servicio. Es las medidad que va tomar etecsa pa solucionarlos.,cu,0,0,0,0,0,1,0,0,0,él importante yo parecer aqui que no ser el por qué de el lentitud del servicio ser el medidad que ir tomar etecsa pa solucionar él
241bcb9b7aa10412a24e2a60a25d66a3,"ETECSA, INTERNET, DATOS MÓVILES",0,"de donde siempre te han descontado DEL SALDO , esta gente gente de ETECSA no pierden ni a las
escupidas",cu,0,0,3,0,0,2,0,0,0,de donde siempre tú haber descontar del saldo este gente gente de etecsa no perder ni a el escupida
53bf1fc9c5f3a7d338ada2f631d757fe,"ETECSA, INTERNET, DATOS MÓVILES",0,"lenta la conexión ,uff que trabajo para poder comunicarme,espero que mejore.Pero como dice Yaisel Lorenso a caballo regalado no se le mira el colmillo.",cu,0,0,0,0,0,1,0,0,0,lentar el conexión uff que trabajar para poder comunicarme esperar que mejorar pero como decir yaisel lorenso a caballo regalado no él él mirar el colmillo
6cd538a1984be4099d07d73f15bdaf17,"ETECSA, INTERNET, DATOS MÓVILES",0,"?No es por tiempo , es por consumo de datos . 0.10 Ctvos para la navegación internacional. Los datos móviles tarifican por volúmen de datos en dependencia de las páginas que gestione o las aplicaciones que utilice.",cu,0,1,0,0,0,1,0,0,0,no ser por tiempo ser por consumo de dato 0 10 ctvo para el navegación internacional el dato móvil tarificir por volúmen de dato en dependencia de el página que gestionar o el aplicación que utilizar
7b41ce63f46629328b1a5a2661e73a40,"ETECSA, INTERNET, DATOS MÓVILES",0,?seguimos en el bla bla bla y el servicio pa cuando????,cu,0,5,0,0,0,0,1,0,0,seguir en el bla bla bla y el servicio pa cuando
03603e0b7cc299b7472eee96d1eba9e4,"ETECSA, INTERNET, DATOS MÓVILES",0,"Desde las Tunas, Katastrófico solo pude conectarme en el horario de la madrugada (casi ni duermo), solo ví cuatro videos en youtube y zas me quedé sin los 100Mb. Aún tengo sueño, espero que aumenten la capacidad del equipamiento para poder procesar los datos. Saludos Huawei Y-360.",cu,0,0,0,0,0,2,0,0,0,desde el tuna katastrófico solo poder conectar yo en el horario de el madrugada casi ni duermo solo ví cuatro video en youtube y zas yo quedar sin el 100 mb aún tener sueño esperar que aumentar el capacidad del equipamiento para poder procesar el dato saludo huawei y 360
67369bd28acb3b74ba2f091d38d40ac4,"ETECSA, INTERNET, DATOS MÓVILES",0,"m&m internet es una necesidad igual ke tener un movil, tomar ron es un gusto",cu,0,0,0,0,0,0,0,0,0,m m internet ser uno necesidad igual ke tener uno movil tomar ron ser uno gusto
dd5ca63b54b0671813af095cf62b3167,"ETECSA, INTERNET, DATOS MÓVILES",0,"Cuando vaya a comprar un paquete si tengo una recarga del exterior de donde me descontarian del bono o del
saldo?",cu,0,1,0,0,0,0,0,0,0,cuando ir a comprar uno paquete si tener uno recarga del exterior de donde yo descontariar del bono o del saldo
a1603aae8f0f87080d3e876a8b2ecb15,"ETECSA, INTERNET, DATOS MÓVILES",0,Hola. Como se si el bono se alargó hasta el 31? Cuando reviso el bono me sigue diciendo hasta el dia 14!,cu,1,1,0,0,0,0,0,0,0,holar como él si el bono él alargar hasta el 31 cuando revisar el bono yo seguir decir hasta el dia 14
338f924c94971813ff23338d084f7eb8,"ETECSA, INTERNET, DATOS MÓVILES",0,?Alguien puede aclarar Oficialmente que pasa con el IMO que desde hace unos días no deja comunicarse con contactos fuera de Cuba?.   Sin embargo con contactos nacionales si se comunica.,cu,0,2,1,0,0,2,1,0,0,alguien poder aclarar oficialmente que pasar con el imo que desde hacer uno día no dejar comunicar él con contacto fuera de cuba sin embargo con contacto nacional si él comunicar
488b3dac1ce68b8a6596a37e874a7634,"ETECSA, INTERNET, DATOS MÓVILES",0,?No solo wassap tambien el messenger tiene LA opsion de video llamada y llamada telefonica,cu,0,1,0,0,0,1,0,0,0,no solo wassap tambien el messenger tener el opsion de video llamado y llamado telefonico
b638de5116af2ff01fb9ea98a8ad19d0,"ETECSA, INTERNET, DATOS MÓVILES",0,"Hola Maura (18), la empresa está trabajando para dar algun tipo de solución a todas las dificultades q se están presentando, q tengas buen dia ",cu,0,0,0,0,0,0,0,0,0,holar maura 18 el empresa estar trabajar para dar algun tipo de solución a todo el dificultad q él estar presentar q tenga buen dia
d24273a41f39ada7512d90b00762d40d,"ETECSA, INTERNET, DATOS MÓVILES",0,"Buenos días. Al início de todo este proceso,la conexión era rápida, pero en mi caso ahora cuando me conecto por la 3 G es muy lenta, sin embargo cuando pongo el teléfono en 2G me conecto mejor. ",cu,0,0,0,0,0,1,0,0,0,buen día al início de todo este proceso el conexión ser rápido pero en mi caso ahora cuando yo conectar por el 3 g ser mucho lento sin embargo cuando poner el teléfono en 2 g yo conectar mejor
1c8ff7220491a86f4d1397931c7f7fa2,"ETECSA, INTERNET, DATOS MÓVILES",0,"?No compare el internet con los cigarros que se le pueden quemar las pocas neuronas que le quedan, es mucho dinero por algo que sirve para estudiar",cu,0,1,0,0,0,1,0,0,0,no compare el internet con el cigarro que él él poder quemar el poco neurona que él quedar ser mucho dinero por algo que servir para estudiar
84e21a420ca0774669883c2cc92f2545,"ETECSA, INTERNET, DATOS MÓVILES",0,cuando van a bajar los precios a los paquete,cu,0,0,0,0,0,0,0,0,0,cuando ir a bajar el precio a el paquete
d6bf70026a9d06a8ec1c0e8a36bd0178,"ETECSA, INTERNET, DATOS MÓVILES",0,"etecsa debe de mejorar sus tecnologias y si la tiene q la utilice q nol la guarde para un mañana, porque es la unica empresa de este tipo en el pais y pienso q tiene para responder a la necesidades q demandamos.",cu,0,0,0,0,0,0,0,0,0,etecsa deber de mejorar su tecnologia y si él tener q el utilizar q nol el guarde para uno mañana porque ser el unico empresa de este tipo en el pais y pensar q tener para responder a el necesidad q demandamo
334b5fe07c7724056a033e9df83f1d37,"ETECSA, INTERNET, DATOS MÓVILES",0,"un horror, al menos a mi y a otros nos liquido la mensajeria por datos movilesvivo en este de la habana y solo llegando al centro tuve acceso a los datos moviles a internet, lenta y muyyyy lenta",cu,0,0,0,0,0,0,1,0,0,uno horror al menos a mi y a otro yo liquir el mensajeria por dato movil vivo en este de el habana y solo llegar al centro tener acceso a el dato movil a internet lento y muyy lento
25058630115ac81f78f7cb5e36674cae,"ETECSA, INTERNET, DATOS MÓVILES",0,"?Exactamente, al fin alguien lo dice como es",cu,0,1,0,0,0,0,0,0,0,exactamente al fin alguien él decir como ser
a912bee82d0500223a4391d651d58dde,"ETECSA, INTERNET, DATOS MÓVILES",0,En los últimos dias ?? En mtzas ese servicio solo funciona bien en Varadero.. Ni en Matanzas ni en cárdenas y desde el primer día.. lo lamentable es que uno pague por un servicio que no tiene calidad y entonces no pase nada..,cu,0,2,0,0,0,5,0,0,0,en el último dias en mtza ese servicio solo funcionar bien en varadero ni en matanza ni en cárdena y desde el primero día él lamentable ser que uno pagar por uno servicio que no tener calidad y entonces no pasar nada
654e0cff8c07af4f7a65347e6f57dae5,"ETECSA, INTERNET, DATOS MÓVILES",0,?Ufff mano no compares tas comparando la 5ta division pioneril con la 1ra liga mayores no hay comparacion ninguna.Solo pedimos precios con relacion a calidad m entiendes ok la comodidad se paga estoy d acuerdo pero solo pedimos calidad en el servicio.Es mucho pedir eso???,cu,0,4,0,0,0,3,2,0,0,uff mano no compar tos comparar el 5ta division pioneril con el 1ra liga mayor no haber comparacion ninguno solo pedir precio con relacion a calidad m entiend ok el comodidad él pagar estar d acuerdo pero solo pedir calidad en el servicio ser mucho pedir ese
d30480493f4ff8c015b90a62913aa7bf,"ETECSA, INTERNET, DATOS MÓVILES",0,?Para q quieren la pagina web de etecsa si no informa nada la tienen de adorno hubo una prueba pero ahi no dijeron nada,cu,0,1,0,0,0,4,0,0,0,para q querer el pagina web de etecsa si no informar nada él tener de adorno haber uno prueba pero ahi no decir nada
eb005068775e7bd29dece8e692a391eb,"ETECSA, INTERNET, DATOS MÓVILES",0,"Mi móvil es comercializado por cubacel. Es un j2 prime y jamás me pude conectar, hay que hacer más y que nos llegue por igual a todos.Se supone que lo que etecsa comercialice sea 3G.",cu,0,0,0,0,0,1,0,0,0,mi móvil ser comercializado por cubacel ser uno j2 prime y jamás yo poder conectar haber que hacer más y que yo llegar por igual a todo él suponer que él que etecsa comercialice ser 3 g
49788ea49e0a6de18abbc2476f1273f4,"ETECSA, INTERNET, DATOS MÓVILES",0,?El Problema es que esa autopista con la que usted compara a la 3g esta como la autopista nacional llena de baches.,cu,0,1,0,0,0,0,0,0,0,el problema ser que ese autopista con el que usted compar a el 3 g este como el autopista nacional lleno de bache
f6d83c3ec874e030ed8efb7fbce0218a,"ETECSA, INTERNET, DATOS MÓVILES",0,Un producto que se cobra bien caro para el salario vigente no es una facilidad,cu,0,0,0,0,0,1,0,0,0,uno producto que él cobrar bien caro para el salario vigente no ser uno facilidad
db9f2d2f0780a76ab1c271ac6322c8a4,"ETECSA, INTERNET, DATOS MÓVILES",0,"?el precio del servicio es lo que aprieta bastante. Ya es hora que empiece a bajar, porque los costos del mismo son minimos una vez y la infraestructura este creada!!!!",cu,4,1,0,0,0,0,1,0,0,el precio del servicio ser él que apretar bastante ya ser hora que empezar a bajar porque el costo del mismo ser minir uno vez y el infraestructura este creado
c3195a45cf853d3275c49accae25abdd,"ETECSA, INTERNET, DATOS MÓVILES",0,"desastroso, irritante. Potencien y amplien las wi fi. Dejen lo de los móviles para muy, pero muy adelante.",cu,0,0,0,0,0,0,0,0,0,desastroso irritante potencien y amplien el wi fi dejar él de el móvil para mucho pero mucho adelante
be3fb70ba162cab80d032616325b3da3,"ETECSA, INTERNET, DATOS MÓVILES",0,?jajaj asi mismo es si se conectaron 3 personas fueron muchos es una basura y lentisima,cu,0,1,0,0,0,0,0,0,0,jajaj asi mismo ser si él conectar 3 persona ser mucho ser uno basura y lentisima
bb91466ffcdf0b19014a792a9beb9b08,"ETECSA, INTERNET, DATOS MÓVILES",0,"?La conexión es muy mala, sin contar que los servicios de telefonía celular se han visto afectados, al menos en la capital. Desde el viernes es casi imposible realizar llamadas, o enviar y recibir mensajes, no digamos ya conectarnos durante un tiempo a los datos móviles (que vienen y se van).",cu,0,1,0,0,0,2,0,0,0,el conexión ser mucho malo sin contar que el servicio de telefonía celular él haber ver afectado al menos en el capital desde el viernes ser casi imposible realizar llamada o enviar y recibir mensaje no decir ya conectarno durante uno tiempo a el dato móvil que venir y él ir
a8695b1f832250ffbdb931ae7b45861c,"ETECSA, INTERNET, DATOS MÓVILES",0,"Aquí en Varadero y zonas cercanas se ha dificultado enviar sms y llamar desde que se implementó el servicio de internet xDM, me alegra que vayan a instalar la 4G en esta area, que sea pronto. Sldos",cu,0,0,0,0,0,0,0,0,0,aquí en varadero y zona cercano él haber dificultar enviar sms y llamar desde que él implementar el servicio de internet xdm yo alegrar que ir a instalar el 4 g en este area que ser pronto sldos
23bfd04e7b9f6f5b611d3fea0536eeb3,"ETECSA, INTERNET, DATOS MÓVILES",0,"?En el caso de los iPhones recomendaría el uso de Ditel 2018, que es el equivalente a las versiones de UtilEs o Qvacall en Android. Saludos",cu,0,1,0,0,0,0,0,0,0,en el caso de el iphón recomendar el uso de ditel 2018 que ser el equivalente a el versión de util o qvacall en android saludo
5d10dacce7973cd8a4fc9fac19bbb7ee,"ETECSA, INTERNET, DATOS MÓVILES",0,Sinceramente les digo q esa prueba me dejo alterada no me pude conectar lo q logre solamente fue q m entraran notificaciones de facebook y q me gastara la bateria. Considero q deben mejorar r muchob mas si la quieren poner oficial. Y por favor q no interrumpa oas demas comunicaciones,cu,0,0,0,0,0,2,0,0,0,sinceramente él decir q ese prueba yo dejar alterado no yo poder conectar él q logre solamente ser q m entrarar notificación de facebook y q yo gastarar el bateria considerar q deber mejorar r muchob mas si él querer poner oficial y por favor q no interrumpir oas demas comunicación
df25ac30b9b43ac202e8390dc8146560,"ETECSA, INTERNET, DATOS MÓVILES",0,REALMENTE SOLO LOGRE CONECTARME UNOS SEGUNDOS. Comprendo q fue una prueba sigan intentando para mejorar. SUERTE.,cu,0,0,7,0,0,0,0,0,0,realmente solo logre conectar yo uno segundo comprendo q ser uno prueba seguir intentar para mejorar suerte
d59137c1e9fe5bec30e22dd715b91c26,"ETECSA, INTERNET, DATOS MÓVILES",0,Si se puede qué? cobrar caro por un servicio de pésima calidad?,cu,0,2,0,0,0,0,0,0,0,si él poder qué cobrar caro por uno servicio de pésimo calidad
58f181bfa4469932d376537f909da164,"ETECSA, INTERNET, DATOS MÓVILES",0,Así mismo en la zona de Calzada del cerro y y Consejero Arango la conexión 3g es muy mala tanto que el celular Salta hacia la 2g solo aunque tú lo tengas popor preferencia la 3g y los datos móviles es por gusto en todo el día solamente en la madrugada bien tarde se logra conectar,cu,0,0,0,0,0,0,0,0,0,así mismo en el zona de calzada del cerro y y consejero aranguir el conexión 3 g ser mucho malo tanto que el celular salta hacia el 2 g solo aunque tú él tengar popor preferencia el 3 g y el dato móvil ser por gusto en todo el día solamente en el madrugada bien tarde él lograr conectar
3d7b47364ff1612a8021addafc2e4900,"ETECSA, INTERNET, DATOS MÓVILES",0,?La internet funciona bien pero no hay manera de usar los paquetes nacionales y los precios son prohibitivos,cu,0,1,0,0,0,1,0,0,0,el internet funcionar bien pero no haber manera de usar el paquete nacional y el precio ser prohibitivo
74c2c4fb376800e8b0600c0e5c6683f5,"ETECSA, INTERNET, DATOS MÓVILES",0,"?Varias veces al dia la señal pasa sola de 3g a 2g y se pierde la navegacion, al recibir una llamada o intentar hacerla desde el propio telefono entonces vuelve a pasar de 2g a 3g, eso le pasa a muchos usuarios que conozco.",cu,0,1,0,0,0,0,0,0,0,varios vez al diar el señal pasar solo de 3 g a 2 g y él perder el navegacion al recibir uno llamada o intentar hacer él desde el propio telefono entonces volver a pasar de 2 g a 3 g ese él pasar a mucho usuario que conocer
0ca4149bc5d6df4aef62f0437ff820ef,"ETECSA, INTERNET, DATOS MÓVILES",0,?cuando bajaran los precios de los moviles y las lineas para que los jubilados tengamos acceso a ellas masivamente,cu,0,1,0,0,0,0,0,0,0,cuando bajar el precio de el movil y el linea para que el jubilado tener acceso a él masivamente
9713f7e424fe0764d3fe33450b356f97,"ETECSA, INTERNET, DATOS MÓVILES",0,"?jajaja buen punto. El problema es que a la mayoría de la gente no le interesa fumar, pero internet si lo quiere tener todo el mundo.",cu,0,1,0,0,0,1,0,0,0,jajajar buen punto el problema ser que a el mayoría de el gente no él interesar fumar pero internet si él querer tener todo el mundo
98524b2d1a32c13afa30b52c77945629,"ETECSA, INTERNET, DATOS MÓVILES",0,Ectecsa tiene q trabajar para futuro. Cada dia va en aumento la activacion de lineas moviles y el acceso a internet por datos moviles. Prepararse para dar servicio a unos 8 millones de lineas moviles,cu,0,0,0,0,0,0,0,0,0,ectecsa tener q trabajar para futuro cada dia ir en aumento el activacion de linea movil y el acceso a internet por dato movil preparar él para dar servicio a uno 8 millón de linea movil
0ef1f58a9e2017ba7f43340925edb063,"ETECSA, INTERNET, DATOS MÓVILES",0,"!!!Avanzamos con pasos seguro!!!. Esperamos que para el 2019 ya ir pensando en la tecnología 4G la cual
permitirá que casi todo trabajo tanto personal como empresarial se realice vía móvil y portátiles..",cu,6,0,0,0,0,0,2,0,0,avanzar con paso seguro esperar que para el 2019 ya ir pensar en el tecnología 4 g el cual permitir que casi todo trabajo tanto personal como empresarial él realizar vía móvil y portátil
e3ccc4a3f6515a0af5ecc80204ae84ec,"ETECSA, INTERNET, DATOS MÓVILES",0,No me sirvió para nada todo fue en vano. Espero mejore la calidad.,cu,0,0,0,0,0,2,0,0,0,no yo servir para nada todo ser en vano espero mejorar el calidad
bf4f7891372414a224f018964e204984,"ETECSA, INTERNET, DATOS MÓVILES",0,Yo veo la coneccion mucho mejor que cuando iba a conectarme por la wifi,cu,0,0,0,0,0,0,0,0,0,yo ver él coneccion mucho mejor que cuando ir a conectar yo por el wifi
a2c5278ff065d851ff63e8c3b04af9b7,"ETECSA, INTERNET, DATOS MÓVILES",0,FATAL NADA DE NADA EN LA SEGUNDA PRUEBA SI PUDE CONECTARME PERO EN LA TERCERA NADAAAAA,cu,0,0,10,0,0,2,1,0,0,fatal nada de nada en el segundo prueba si poder conectar yo pero en el tercero nadaa
fbb2ef9db88d057523a4c6bb41df98fa,"ETECSA, INTERNET, DATOS MÓVILES",0,?La internet es buenísima pero el precio si no es para el cubano de a pie espero que pronto bajen los precios ya que se habla informatizacion pero al precio que está ahora es casi imposible para la mayoría de los cubanos gracias,cu,0,1,0,0,0,1,0,0,0,el internet ser buenísimo pero el precio si no ser para el cubano de a pie esperar que pronto bajar el precio ya que él hablar informatizacion pero al precio que estar ahora ser casi imposible para el mayoría de el cubano gracias
f0669017e621075c4ea729fbb19a1d0e,"ETECSA, INTERNET, DATOS MÓVILES",0,"?Solo para ayudar. En esta última prueba en la zona del Monaco. La Vibora, casi nadie experimentó el internet por 3G, totalmente inexistente. Gracias.",cu,0,1,0,0,0,1,0,0,0,solo para ayudar en este último prueba en el zona del monaco el viboro casi nadie experimentar el internet por 3 g totalmente inexistente gracia
6014196f11a68d6aefd68e414e21dcca,"ETECSA, INTERNET, DATOS MÓVILES",0,"Como ya se esperaba los precios son prohibitivos, impensables para el cubano de a pie.",cu,0,0,0,0,0,0,0,0,0,como ya él esperar el precio ser prohibitivo impensable para el cubano de a pie
a94bd3092a6c5111f7e106775baef425,"ETECSA, INTERNET, DATOS MÓVILES",0,Muy bien por ETECSA. Increible la cantidad de personas q ya tienen IxDM. Necesitamos que se publiquen más detalles sobre las medidas anunciadas para mejorar la velocidad de este servicio.,cu,0,0,1,0,0,0,0,0,0,mucho bien por etecsa increible el cantidad de persona q ya tener ixdm necesitar que él publicar más detalle sobre el medida anunciado para mejorar el velocidad de este servicio
e1b3c11173068a1a503a526ad3e99c86,"ETECSA, INTERNET, DATOS MÓVILES",0,"Oyeee, eso que estás hablando de 1.50 cuc 5MB es bolsa nauta, que internet de que??? Infórmate tu.",cu,0,3,0,0,0,0,2,0,0,oyee ese que estar hablar de 1 50 cuc 5 mb ser bolsa nauto que internet de que infórmatir tu
64a542ef4f0924c9f9db1537961f687d,"ETECSA, INTERNET, DATOS MÓVILES",0,"?He notado lo mismo, dejo de trabajar para llamadas hacia EEUU, pero otros destinos si trabaja, sin duda que es algo que está pasando con ese destino específicamente, es por eso que he tenido que acudir al Wasap y todo perfecto.",cu,0,1,1,0,0,1,0,0,0,haber notar él mismo dejo de trabajar para llamar hacia eeuu pero otro destino si trabajar sin duda que ser algo que estar pasar con ese destino específicamente ser por ese que haber tener que acudir al wasap y todo perfecto
e171ab47d678716095ad4bce0c90b2fb,"ETECSA, INTERNET, DATOS MÓVILES",0,"Todo bien .sugiero le paquete de 10(2,5gb)20(5gb)30(7,5 o 8gb)y se acaban los problemas y todos
contentos bien para el pueblo y bien para etecsa",cu,0,0,0,0,0,0,0,0,0,todo bien sugiero él paquetir de 10 2 5 gb 20 5 gb 30 7 5 o 8 gb y él acabar el problema y todo contento bien para el pueblo y bien para etecsa
f818199336ea895c1c172480fe555cff,"ETECSA, INTERNET, DATOS MÓVILES",0,"Tranquilo bro que ya eso se aprobó por alguien que de seguro lo tiene gratis,lo que más me molesta es que
te obligan a consumirlo en treinta días y por mucho que se comente así será.
Aaaa menos mal que aunque sea podemos descargar nuestra ira por está vía porque no es fácil.",cu,0,0,0,0,0,1,1,0,0,tranquilo bro que ya ese él aprobar por alguien que de seguro él tener gratis él que más yo molestar ser que tú obligar a consumir él en treinta día y por mucho que él comentar así ser aaa menos mal que aunque ser poder descargar nuestro ira por estar vía porque no ser fácil
4a91100d8d68d62296b0c0b50fc0d428,"ETECSA, INTERNET, DATOS MÓVILES",0,"?Por favor ETECSA, ya se han realizado 3 pruebas para el sector prepago, yo sugiero que hagan una prueba para los telefonos del sector empresarial para corregir todos esos pequeños problemas. La prueba muy bien pudiera comenzar desde el 15 de septiembre hasta el 15 de enero. Jajaja.",cu,0,1,1,0,0,0,0,0,0,por favor etecsa ya él haber realizar 3 prueba para el sector prepago yo sugiero que hacer uno prueba para el telefono del sector empresarial para corregir todo ese pequeño problema el prueba mucho bien poder comenzar desde el 15 de septiembre hasta el 15 de enero jajajar
5018c02c0efbbdd7876b93e3194d18d8,"ETECSA, INTERNET, DATOS MÓVILES",0,?1- la calidad del servicio es buena y espero mejore de manera constante. Bueno.   2- los precios elevados. Malo.   3- la navegacion nacional consume no del bono sino del paquete de navegacion. Malo.,cu,0,1,0,0,0,2,2,0,0,1 el calidad del servicio ser buen y esperar mejore de manera constante bueno 2 el precio elevado malo 3 el navegacion nacional consumir no del bono sino del paquete de navegacion malo
3e5231067ac0f889aba6e305d0aafff0,"ETECSA, INTERNET, DATOS MÓVILES",0,"?ggggggg, el derecho a la informacion es contitucional y no hay nada mejor q la internet para eso, o tu vez en el noticiero noticias del tiempo en rusia donde puede vivir el familiar de cualquier cubano, por poner un ejemplo.",cu,0,1,0,0,0,2,1,0,0,gg el derecho a el informacion ser contitucional y no haber nada mejor q el internet para ese o tu vez en el noticiero noticia del tiempo en rusia donde poder vivir el familiar de cualquiera cubano por poner uno ejemplo
e0618e720301b6c9d2e971836c62670d,"ETECSA, INTERNET, DATOS MÓVILES",0,"En Santos Suárez Genaral Lee y 10 de octubre en ninguna de las 3 pruebas uno se pudo conectar, la cobertura móvil en esa zona es de muy mala calidad",cu,0,0,0,0,0,1,0,0,0,en santos suárez genaral lee y 10 de octubre en ninguno de el 3 prueba uno él poder conectar el cobertura móvil en ese zona ser de mucho malo calidad
a0e0e183ba16f4dbe7afcf9aa0c02842,"ETECSA, INTERNET, DATOS MÓVILES",0,?Bueno lo único que puedo decir es que ETECSA esta llena de trucos.,cu,0,1,1,0,0,0,0,0,0,bueno él único que poder decir ser que etecsa este llena de truco
f59e61c0ea90a8bb3f4086bc50706dda,"ETECSA, INTERNET, DATOS MÓVILES",0,"?Aun no dan con la realidad, esta muy mala la conexion y esa cifra que aportan de 1 millo y pico de ususarios seguro que ha sido los que tienen que esterar a la 1 o 2 de la mañana para conectarse, no veo avances ningunos ETECSA cada vez peor",cu,0,1,1,0,0,3,0,0,0,aun no dar con el realidad este mucho malo el conexion y ese cifra que aportar de 1 millo y pico de ususario seguro que haber ser el que tener que esterar a el 1 o 2 de el mañana para conectar él no ver avance ninguno etecsa cada vez peor
f3426daed33211802adbdcd303782aba,"ETECSA, INTERNET, DATOS MÓVILES",0,Nadie te obligó jajajajaja,cu,0,0,0,0,0,1,0,0,0,nadie tú obligar jajajajaja
d6f530fba589e2340b2b4e0caf6fbf24,"ETECSA, INTERNET, DATOS MÓVILES",0,"Tuve muchsimas dificultades para conectarme, no se me activaban los datos moviles, ni para solicitar el paquete, despues que logre conecatrme el ultimo dia, solo en messenger , ni facebook , ni videos llamadas . no consumi el paquete de 50 mb.",cu,0,0,0,0,0,5,0,0,0,tener muchsima dificultad para conectar yo no él yo activar el dato movil ni para solicitar el paquete despues que lograr conecatr yo el ultimo dia solo en messenger ni facebook ni video llamado no consumi el paquete de 50 mb
8c0c3435131bebe19f4747b44c6c51cf,"ETECSA, INTERNET, DATOS MÓVILES",0,?Rebajas urgentes por favor es lo que hace falta para poder probar el servicio en condiciones y no andar con mas miedo que dinero literalmente.,cu,0,1,0,0,0,1,0,0,0,rebaja urgente por favor ser él que hacer falta para poder probar el servicio en condición y no andar con ma miedo que dinero literalmente
fed7f959ca0659d6ccd95f7e6e051d6b,"ETECSA, INTERNET, DATOS MÓVILES",0,?Así mismo yo cumplo con los requisitos para internet auto hogar y todavía no han llegado a preguntar por este servicio,cu,0,1,0,0,0,1,0,0,0,así mismo yo cumplo con el requisito para internet auto hogar y todavía no haber llegar a preguntar por este servicio
80a403a54e04c37f1aed07dfbdec1b1b,"ETECSA, INTERNET, DATOS MÓVILES",0,"de que vale las estadísticas si el servicio es malo y entre más usuarios se incorporen menos servicios tenemos, es una Reflexion puramente constructiva!!... ",cu,2,0,0,0,0,0,1,0,1,de que valer el estadística si el servicio ser malo y entre más usuario él incorporar menos servicio tener ser uno reflexion puramente constructivo
ad353469eb9898609e336f1a35084843,"ETECSA, INTERNET, DATOS MÓVILES",0,"YO NUNCA NI PUDE CONECTARME NI MUCHO MENOS, QUE ERA LO QUE MAS ME INTERESABA, UTILIZA EL CORREO NAUTA.QUE DESASTRE¡¡¡¡¡¡",cu,6,0,15,0,0,3,1,0,0,yo nunca ni poder conectar yo ni mucho menos que ser él que mas yo interesar utilizar el correo nauto que desastrar
45f69b1d434e3868112df0b7449f40c1,"ETECSA, INTERNET, DATOS MÓVILES",0,?HAY QUE BAJAR LOS PRECIOS Y QUITAR EL LIMITE DE TIEMPO,cu,0,1,8,0,0,0,0,0,0,haber que bajar el precio y quitar el limite de tiempo
e23421e54bc9ef9cb1a95c8e7ed1d891,"ETECSA, INTERNET, DATOS MÓVILES",0,fue pesima la conexion si es asi cuando la pongan normal mejor no lo hagan,cu,0,0,0,0,0,1,0,0,0,ser pesima el conexion si ser asi cuando él poner normal mejor no él hacer
3893f9174eeacf728f196f32ea10bcc7,"ETECSA, INTERNET, DATOS MÓVILES",0,Es muy buen servicio y cómodo. Pero deben trabajar en transmitir por mas frecuencias. No solo por 900 MHZ.,cu,0,0,1,0,0,1,0,0,0,ser mucho buen servicio y cómodo pero deber trabajar en transmitir por mas frecuencia no solo por 900 mhz
1064f9582436ccd7bcce033b3f030aa1,"ETECSA, INTERNET, DATOS MÓVILES",0,?Como la conocida canción de Jlo y la ampliación de la frecuencia mghz pa cuando?,cu,0,2,0,0,0,0,0,0,0,como el conocido canción de jlo y el ampliación de el frecuencia mghz pa cuando
01984f9619c05aa934b957896a350347,"ETECSA, INTERNET, DATOS MÓVILES",0,"Caballero, tanto hablan de la conexion y que si los errores de etecsa y casi todas las personas que escribieron tienen mas faltas de ortografias q errores etcsa, por dios!!!",cu,3,0,0,0,0,0,1,0,0,caballero tanto hablar de el conexion y que si el error de etecsa y casi todo el persona que escribir tener mas falta de ortografia q error etcsar por dio
7f63a0f5bc218de07e1a90030338a643,"ETECSA, INTERNET, DATOS MÓVILES",0,"?¿Cuanto pagas, cuantos minutos, cuantos GB, que velocidad, ?",cu,0,3,0,0,0,0,0,0,0,cuanto pagar cuanto minuto cuanto gb que velocidad
68d2d206f3e46fe3ea5938a55b8ce458,"ETECSA, INTERNET, DATOS MÓVILES",0,"?EL TODUS NO ES DE ETECSAAAAAAAAAA,,,ES DE LA UCIIIIIIIIII!!!!!!!!!!!!!!!!!!!!!!!!!!!!!!!!",cu,32,1,3,0,0,1,4,0,0,el todus no ser de etecsaa ser de el ucii
87ecc54b8fa3df24da9444a329487e4c,"ETECSA, INTERNET, DATOS MÓVILES",0,?Un fin de semana estresanteeeeee. Si ETECSA no puede con lo que tiene por q,cu,0,1,1,0,0,1,1,0,0,uno fin de semana estresantee si etecsa no poder con él que tener por q
428fa7e7be02e3cfb8ef33571ecf8597,"ETECSA, INTERNET, DATOS MÓVILES",0,?Hola se puede saber cuando van a quitar la fecha de vencimiento de los paquetes?,cu,0,2,0,0,0,0,0,0,0,hola él poder saber cuando ir a quitar el fecha de vencimiento de el paquete
3ec709974d184a45265ca09cf98626df,"ETECSA, INTERNET, DATOS MÓVILES",0,"La conexión estaba mala generalmente si hubo personas que pudieron conectarse pero tambien con problemas, veremos lo que nos depara el fin de año y los precios jajaja",cu,0,0,0,0,0,0,0,0,0,el conexión estar malo generalmente si haber persona que poder conectar él pero tambien con problema ver él que yo deparar el fin de año y el precio jajajar
59a163b604bc41a7785f0952b26db036,"ETECSA, INTERNET, DATOS MÓVILES",0,?Usted va ectesa alli le diran q hacer,cu,0,1,0,0,0,0,0,0,0,usted ir ectés alli él dirir q hacer
1dc84f137cc15ea1b1dde83e9d27e2d7,"ETECSA, INTERNET, DATOS MÓVILES",0,?Madridistargentino   no es lo mismo amigo el internet es una opciónlas cajitas ahora son un lujo pero dentro de 2 o 3 años serán una obligación sino no podrás ver TVno es lo mismo hermano,cu,0,1,0,0,0,4,1,0,0,madridistargentino no ser él mismo amigo el internet ser uno opción el cajita ahora ser uno lujo pero dentro de 2 o 3 año ser uno obligación sino no podrás ver tv no ser él mismo hermano
15d39324dd247c02aee822c44640de98,"ETECSA, INTERNET, DATOS MÓVILES",0,"?La conexión 3G está muy buena, lo que sigo viendo un poco caro para nuestros bolsillos el precio de los paquetes de datos, sigo extrañando el Plan Amigos. Saludos a todo el colectivo de Cubadebate",cu,0,1,0,0,0,0,0,0,0,el conexión 3 g estar mucho buen él que seguir ver uno poco caro para nuestro bolsillo el precio de el paquete de dato sigo extrañar el plan amigos saludo a todo el colectivo de cubadebate
db7bf3176925e9eaad90e81251c49016,"ETECSA, INTERNET, DATOS MÓVILES",0,?La internet no está hecha para el cubano trabajador porque si el servicio es tan caro hay que utilizarlo solo en un mes y no hasta que se acabe el dinero del plan contratado por favor comprendan que en cuba NO PAGAN EN CUC El EL SALARIO MINIMO ES DE 250 MONEDA NACIONAL espero que mejoren eso Gracias,cu,0,1,6,0,0,3,0,0,0,el internet no estar hecho para el cubano trabajador porque si el servicio ser tanto caro haber que utilizar él solo en uno mes y no hasta que él acabar el dinero del plan contratado por favor comprender que en cuba no pagar en cuc el el salario minimo ser de 250 moneda nacional esperar que mejorar ese gracia
21f38dac662e96bf17f5ae01e974b98e,"ETECSA, INTERNET, DATOS MÓVILES",0,?Buenas tardes la conexión funciona bastante estable pero los precios no están acordes con el salario de nadie. Creo deben pensar en bajar los precios.,cu,0,1,0,0,0,2,0,0,0,buena tarde el conexión funcionar bastante estable pero el precio no estar acorde con el salario de nadie creer deber pensar en bajar el precio
700c70d0b062d9ba5155d61fd6a10588,"ETECSA, INTERNET, DATOS MÓVILES",0,?En el sitio de etecsa puede ver las zonas donde se estta comerxcializando el servicio del nauta hogar. el acceso al sitio es gratis . solo tiene que tener configurado la apn nauta.,cu,0,1,0,0,0,0,0,0,0,en el sitio de etecsa poder ver el zona donde él esttir comerxcializar el servicio del nauta hogar el acceso al sitio ser gratis solo tener que tener configurado el apn nauto
8ee3696f9a6af65d2021fc5ea05c0276,"ETECSA, INTERNET, DATOS MÓVILES",0,"?No critiquen tanto quien pueda disfrutar del servicio felicidades,en todo los paises del mundo,no todas las personas tienen acceso a todo.mejor contribuir a una mejor sociedad",cu,0,1,0,0,0,2,0,0,0,no criticar tanto quien poder disfrutar del servicio felicidad en todo el país del mundo no todo el persona tener acceso a todo mejor contribuir a uno mejor sociedad
3ce90bc16dbeac391cf3d8c088be1da8,"ETECSA, INTERNET, DATOS MÓVILES",0,"Hola Maura. Para Nuevitas sí están previstas acciones de mejoras, actualmente se han hecho acciones que alivian algunas zonas y otras ya están en proceso..",cu,0,0,0,0,0,0,0,0,0,holar maura para nuevita sí estar previsto acción de mejora actualmente él haber hacer acción que aliviar alguno zona y otro ya estar en proceso
d6a19ab7d73db3db0267bcac536c6248,"ETECSA, INTERNET, DATOS MÓVILES",0,"Usted dispone de 30 días para hacer consumir los recursos comprados, el cual se activa y comienza a
contar su vigencia con el primer uso.
Saludos",cu,0,0,0,0,0,0,0,0,0,usted disponer de 30 día para hacer consumir el recurso comprado el cual él activar y comenzar a contar su vigencia con el primero uso saludo
4eed43b244d904ad87bf93e6c27f271d,"ETECSA, INTERNET, DATOS MÓVILES",0,"Podrian explicar esto ""En este sentido, informó González Fernández, se extenderá la vigencia del bono de la última promoción hasta el 31 de marzo."" Que bono es el que se extiende hasta el 31 de marzo?????",cu,0,5,0,0,0,0,1,2,0,podriar explicar este en este sentido informar gonzález fernández él extender el vigencia del bono de el último promoción hasta el 31 de marzo que bono ser el que él extender hasta el 31 de marzo
c563c542e92ab8290348203cd58578de,"ETECSA, INTERNET, DATOS MÓVILES",0,"?Zunilda le recomiendo que se dirija a su oficina comercial y pregunte si en su zona se esta comercializando el servicio nauta hogar , saludos",cu,0,1,0,0,0,0,0,0,0,zunilda él recomeir que él dirigir a su oficina comercial y pregunte si en su zona él este comercializar el servicio nauta hogar saludo
7cc08f585454c23ce27bf1c26d81850e,"ETECSA, INTERNET, DATOS MÓVILES",0,Esta ultima vez d conexión gratis estuvo malísima ha diferencia d las primeras veces yo no me pude conectar salvo 2 o 3 minutos espero para la proxima sea mejor,cu,0,0,0,0,0,1,0,0,0,este ultimo vez d conexión gratis estar malísimo haber diferenciar d el primero vez yo no yo poder conectar salvo 2 o 3 minuto esperar para el proxima ser mejor
a104fb9dcd10b17ca62b64277e785a74,"ETECSA, INTERNET, DATOS MÓVILES",0,"Muy mala experiensia yo no me conecte, no me salia la señal 3g, la madrugada del domingo me conecte pero solo unos segundo , esa fue la unica ves que me conecte, nada mas gaste 5 megas de los 100 que te daba Etecsa",cu,0,0,0,0,0,3,0,0,0,mucho malo experiensio yo no yo conectar no yo saliar el señal 3 g el madrugada del domingo yo conectar pero solo uno segundo ese ser el unica ves que yo conectir nada mas gastar 5 mega de el 100 que tú dar etecsa
5e29f32148b8c6c1f4277298cff29c46,"ETECSA, INTERNET, DATOS MÓVILES",0,?CLARO este no es todos los paises del mundo este es socialista y en camino al comunismo asi q aqui si todos tenemos q tener la misma posibilidad de tener internet porq se trabaja para todo el pueblo ok,cu,0,1,1,0,0,1,0,0,0,claro este no ser todo el país del mundo este ser socialista y en camino al comunismo asi q aqui si todo tener q tener el mismo posibilidad de tener internet porq él trabajar para todo el pueblo ok
7af659e28bbaf5cdd44d5409b71a700b,"ETECSA, INTERNET, DATOS MÓVILES",0,"?Pero no usen más IMO señores! esa es una aplicación de 3 por kilo, Whatsapp es mucho mejor en todos los sentidos.",cu,1,1,1,0,0,1,0,0,0,pero no usar más imo señor ese ser uno aplicación de 3 por kilo whatsapp ser mucho mejor en todo el sentido
af9020acf11963036a65da20cab8febe,"ETECSA, INTERNET, DATOS MÓVILES",0,"?No puedo escuchar el podcast si no tengo conexión .com, me quedé con las ganas.",cu,0,1,0,0,0,2,0,0,0,no poder escuchar el podcast si no tener conexión com yo quedar con el gana
4a4d154cb1500b639df0bca311536eed,"ETECSA, INTERNET, DATOS MÓVILES",0,?A partir de las nuevas ofertas de etecsa así que a los que tienen familiares en el extranjero que les recarguen el móvil. Porque de verdad que están bien caros los paquetes. Saludos y cuidense mi gente,cu,0,1,0,0,0,0,0,0,0,a partir de el nuevo oferta de etecsa así que a el que tener familiar en el extranjero que él recargar el móvil porque de verdad que estar bien caro el paquete saludo y cuidense mi gente
2af15ef51995472969cc3929486885f8,"ETECSA, INTERNET, DATOS MÓVILES",0,para mi etecsa es la mejor pero no cumple ya que las comunicasiones son muy malas en espesial en villa clara lo cual exijo y me colgo el ipne el jefe de brigada,cu,0,0,0,0,0,1,0,0,0,para mi etecsa ser el mejor pero no cumplir ya que el comunicasión ser mucho mala en espesial en villa claro él cual exijo y yo colgo el ipne el jefe de brigada
17677fa648d1a69d7652bfbdaacf5370,"ETECSA, INTERNET, DATOS MÓVILES",0,Evidentemente calcularon mal la demanda y subestimaron su mercado,cu,0,0,0,0,0,0,0,0,0,evidentemente calcular mal el demanda y subestimar su mercado
42905f805a1e1a32c65548471bdbf00b,"ETECSA, INTERNET, DATOS MÓVILES",0,?Los paquetes están un poco caros y no están a disposición de todos.,cu,0,1,0,0,0,1,0,0,0,el paquete estar uno poco caro y no estar a disposición de todo
1efe8736876ab762483513202d07ec53,"ETECSA, INTERNET, DATOS MÓVILES",0,"?YO SI LA QUIERO PRO NO LA PUEDO PAGAR,VISTE CONO ES EL PROBLEMA??",cu,0,3,7,0,0,1,0,0,0,yo si él querer pro no él poder pagar viste cono ser el problema
970627806a1767e424967a09e39c401a,"ETECSA, INTERNET, DATOS MÓVILES",0,"?Mas de lo mismo..si no conocemos las caracteristicas de nuestros telefonos, creo que Etecsa aun no esta preparada para esto tampoco, y eso que vienen preparandose hace añooooossssss. En fin Mas de lo mismo",cu,0,1,0,0,0,3,2,0,0,mas de él mismo si no conocer el caracteristica de nuestro telefono creer que etecsa aun no este preparada para este tampoco y ese que venir preparar él hacer añooss en fin mas de él mismo
aa12a2bf86bf2161cfa47123d18f059d,"ETECSA, INTERNET, DATOS MÓVILES",0,Todo eso porque te dio la gana la conexcion era por datos moviles no por wifi se podia coger mientras estuviese disponible hata en elbaño de la casa,cu,0,0,0,0,0,1,0,0,0,todo ese porque tú dar el gana el conexcion ser por dato movil no por wifi él podiar coger mientras estar disponible hata en elbaño de el casa
591c5b79374d3dec743b61a621f20ec1,"ETECSA, INTERNET, DATOS MÓVILES",0,?Alguien tiene información sobre Imo que no se conecta para Estados Unidos. para cualquier pais menos este . Buenas tardes a los internautas.,cu,0,1,0,0,0,1,1,0,0,alguien tener información sobre imo que no él conectar para estados unidos para cualquiera pais menos este buena tarde a el internauta
f729ada0b9276b03b7774c018fa6b856,"ETECSA, INTERNET, DATOS MÓVILES",0,"con telefono inteligente,2G consumi los paquetes sin casi conectarme y cuando lo hacia se caia en facebook nunca pude entrar,solo watshapp y chateo nunca en video llamada. Localidad Cotorro",cu,0,0,0,0,0,3,0,0,0,con telefono inteligente 2 g consumi el paquete sin casi conectar yo y cuando él hacia él caia en facebook nunca poder entrar solo watshapp y chateir nunca en video llamado localidad cotorro
75251737f211604770996517100d3a89,"ETECSA, INTERNET, DATOS MÓVILES",0,Y el IxDM  pá cuando???!!!,cu,3,3,0,0,0,0,2,0,0,y el ixdm pá cuando
916e01f7a10f258a047644cd4256253c,"ETECSA, INTERNET, DATOS MÓVILES",0,"?Nada al igual que a mi te han desconectado, creo que solo lo hacen por unos minutos para que cuentes en las estadisticas y asi poder justificarse, saludos.",cu,0,1,0,0,0,1,0,0,0,nada al igual que a mi tú haber desconectar creer que solo él hacer por uno minuto para que cuent en el estadistica y asi poder justificar él saludo
eb3a430e96099965b9d647690301e215,"TRANSPORTE, BOTEROS, CHOFERES, ÓMNIBUS, RUTAS",1,"hay otros ejemplos de malos cálculos en esta iniciativa pero bueno..es algo..no obstante, que es un mercado de oferta y demanda!! cuidado con la suerte, BOTEROS!!",cu,4,0,1,0,0,1,0,0,0,haber otro ejemplo de malo cálculo en este iniciativa pero bueno ser algo no obstante que ser uno mercado de oferta y demanda cuidado con el suerte botero
8439459bcd73ea16de32b0b763114a15,"TRANSPORTE, BOTEROS, CHOFERES, ÓMNIBUS, RUTAS",1,"?Aqui en provincias tambien nos alegramos pues quiza ahora nos llegue una partida de guaguas completamente rotas e inservibles que quiza podamos reparar, gracias.",cu,0,1,0,0,0,0,0,0,0,aqui en provincia tambien yo alegrar pues quizar ahora yo llegar uno partida de guagua completamente roto e inservible que quizar poder reparar gracia
bf2943c2137ec6afe3640bdc394bcbfd,"TRANSPORTE, BOTEROS, CHOFERES, ÓMNIBUS, RUTAS",1,"querido botero:
¿por qué no reclamas por combustible subsidiado a los autos nuestro médicos y científicos, si es que tuvieron el dinero suficiente alguna vez para comprarlos??",cu,0,3,0,0,0,1,0,0,0,querido botero por qué no reclamar por combustible subsidiado a el auto nuestro médico y científico si ser que tener el dinero suficiente alguno vez para comprar él
7805aceb51e989217071d74cab279e3e,"TRANSPORTE, BOTEROS, CHOFERES, ÓMNIBUS, RUTAS",1,"cubano de a pie, parece que tu andas en carro.",cu,0,0,0,0,0,0,0,0,0,cubano de a pie parecer que tu anda en carro
83ff5c8f808abc7adbd9e4653bf3dc15,"TRANSPORTE, BOTEROS, CHOFERES, ÓMNIBUS, RUTAS",1,"señores tengan fe y no se cansen de escribir ""algun día"" , cuando tengamos almendrones voladores, las autoridades pertinentes  entraran a estos foros a leer lo que escribimos.Y la Vida sigue igual. ;-)",cu,0,0,0,0,0,1,0,2,0,señor tener fe y no él cansen de escribir algun día cuando tener almendrón volador el autoridad pertinente entrarar a este foro a leer él que escribir y el vida seguir igual
ed9fd420d40cb71fbbf74d80d2258311,"TRANSPORTE, BOTEROS, CHOFERES, ÓMNIBUS, RUTAS",1,"Mauri, por favor me vas a hacer llorar. !!!Pobrecitos los boteros, que abuso!!!",cu,6,0,0,0,0,0,2,0,0,mauri por favor yo ir a hacer llorar pobrecito el botero que abuso
6a6cd32d26bd7b04db282d5df37f960b,"TRANSPORTE, BOTEROS, CHOFERES, ÓMNIBUS, RUTAS",1,la denuncia ciudadana está tomando poderque no quede en el caso Guagua o el caso Manzanas,cu,0,0,0,0,0,1,0,0,0,el denuncia ciudadano estar tomar poder que no quedar en el caso guagua o el caso manzana
0f358390a128cb6d0f9032c4c4d4f878,"TRANSPORTE, BOTEROS, CHOFERES, ÓMNIBUS, RUTAS",1,te imaginas un camello volador ooooooooo jaja,cu,0,0,0,0,1,0,1,0,0,tú imaginar uno camello volador oo jajar
5859c31333385232a97a48c926598ff8,"TRANSPORTE, BOTEROS, CHOFERES, ÓMNIBUS, RUTAS",1,Estamos felices con los taxis que pusieron para la novia del medio dia  (taxis voladores),cu,0,0,0,0,0,0,0,0,0,estar feliz con el taxi que poner para el novia del medio diir taxi volador
8dcf63cdcf22a5ee82559b22cfba9729,"TRANSPORTE, BOTEROS, CHOFERES, ÓMNIBUS, RUTAS",1,"También podría mencionarse que en la rutina diaria de los boteros está la de lidiar con los policías, que tienen sus  zonas, que exigen meriendas y otros favores como diesmos.
Y a los boteros no les queda otra que estar en buena con el policía.",cu,0,0,0,0,0,1,0,0,0,también poder mencionar él que en el rutina diario de el botero estar el de lidiar con el policía que tener su zona que exigir merienda y otro favor como diesmos y a el botero no él quedar otra que estar en buena con el policía
9ebfae7ae657c2b76ae5b43a1d3b358b,"TRANSPORTE, BOTEROS, CHOFERES, ÓMNIBUS, RUTAS",1,"Mi Habana cada dia los boteros te hacen mas bella, la capital de todos los boteros sacrificados por el mejoramiento del transporte  .",cu,0,0,0,0,0,0,0,0,0,mi habana cada dia el botero tú hacer mas bello el capital de todo el botero sacrificado por el mejoramiento del transporte
96af90dcb3718ead78cbd67c233d5a8a,"TRANSPORTE, BOTEROS, CHOFERES, ÓMNIBUS, RUTAS",1,?Cuba es la Habana y lo demás es paisaje por Cuba lo más grande!!!!!!!!,cu,8,1,0,0,0,0,1,0,0,cuba ser el habana y él demá ser paisaje por cuba él más grande
2027ef40212ae0abe2ec31dd5efb48af,"TRANSPORTE, BOTEROS, CHOFERES, ÓMNIBUS, RUTAS",1,Con solo el 8 % de transporte publico me imagino que solo deben existir 8 empleados en el paradero y con un representante del MITRANS en la provincia alcanza.,cu,0,0,1,0,0,0,0,0,0,con solo el 8 de transporte publico yo imaginar que solo deber existir 8 empleado en el paradero y con uno representante del mitrans en el provincia alcanzar
312dd4c5bcd768e9e284241151ef23de,"TRANSPORTE, BOTEROS, CHOFERES, ÓMNIBUS, RUTAS",1,"Esta historia tiene otro final. 
Botero: son 25 pesos
Pasajero:Yo voy hasta el semáforo de Alamar.
Botero: 25 pesos
Pasajero: compadre dice la nota de prensa que..
Botero: hermano el carro es mio y este es el precio, si te cuadra sube si no coge una gua gua.",cu,0,0,0,0,0,1,0,0,0,este historia tener otro final botero ser 25 pesos pasajero yo ir hasta el semáforo de alamar botero 25 pesos pasajero compadre decir el nota de prensa que botero hermano el carro ser mio y este ser el precio si tú cuadrar subir si no coger uno gua gua
194a9a6fc3d71336b63c12dac0713901,"TRANSPORTE, BOTEROS, CHOFERES, ÓMNIBUS, RUTAS",1,"Lo que quieren los boteros con los precios que ponen es ayudarnos, pues de esta manera, en muchas ocasiones no podemos pagar, y asi tenemos que caminar grandes distancias lo que es beneficioso para nuestra salud.",cu,0,0,0,0,0,1,0,0,0,él que querer el botero con el precio que poner ser ayudarno pues de este manera en mucho ocasión no poder pagar y asi tener que caminar grande distancia él que ser beneficioso para nuestro salud
fc4e41947b0966a56e23f44ffb1727e0,"TRANSPORTE, BOTEROS, CHOFERES, ÓMNIBUS, RUTAS",1,"?Muy bueno para los capitalinos, y en cual barco esque viene el lote que enviarán para moa!!!!!!!!!!!",cu,11,1,0,0,0,0,1,0,0,mucho bueno para el capitalino y en cual barco esque venir el lote que enviar para moa
b713c9da0d475f62803eb5b2c7cc0e6f,"TRANSPORTE, BOTEROS, CHOFERES, ÓMNIBUS, RUTAS",1,"Randy: Te caíste del Lada ? Esto no es otra cosa que la actualización del modelo y la ley de oferta y demanda.  Acaso no nos matan igual, pero más lentamente los que manejan placitas y agros ¿",cu,0,2,0,0,0,2,0,0,0,randy tú caístir del lado este no ser otra cosa que el actualización del modelo y el ley de oferta y demanda acaso no yo matar igual pero más lentamente el que manejar placita y agro
27bc60cab1c78fb4025519ab5e8eadb3,"TRANSPORTE, BOTEROS, CHOFERES, ÓMNIBUS, RUTAS",1,Disuclpen es CONGESTIÓN.,cu,0,0,1,0,0,0,0,0,0,disuclpen ser congestión
07c314c150b23d573654006bd4621d5a,"TRANSPORTE, BOTEROS, CHOFERES, ÓMNIBUS, RUTAS",1,"¿Vistec? ¿Cómo se come eso, bro?",cu,0,4,0,0,0,0,0,0,0,vistec cómo él comar ese brir
e675fcb4001b1a305337010d1aaadb9f,"TRANSPORTE, BOTEROS, CHOFERES, ÓMNIBUS, RUTAS",1,"?Excelente me parece genial!!! Dudo mucho que, al igual que alarmar, todos los municipios periféricos puedan disponer de estos servicios.",cu,3,1,0,0,0,0,1,0,0,excelente yo parecer genial dudo mucho que al igual que alarmar todo el municipio periférico poder disponer de este servicio
83453e5a14c5b41a25a01099a59f73b5,"TRANSPORTE, BOTEROS, CHOFERES, ÓMNIBUS, RUTAS",1,"apretaste Alpha, de todos modos ten fe, al menos rebaja la condena a que el hombre deje de cortar marabú cuando Cuba clasifique para un mundial de fútbol.",cu,0,0,0,0,0,0,0,0,0,apretastar alpha de todos modos tar fe al menos rebajar el condena a que el hombre dejar de cortar marabú cuando cuba clasificar para uno mundial de fútbol
1b410146b8682ecf237fbc3586311a40,"TRANSPORTE, BOTEROS, CHOFERES, ÓMNIBUS, RUTAS",1,"?Ni el mismo salario alcanza, ni tan siquiera, para poder pagar el pasaje, para ir a trabajar ESTE PAIS ESTÁ CADA DIA MEJOR!!! País de locos!!!! ",cu,7,1,6,0,0,2,2,0,0,ni el mismo salario alcanzar ni tan siquiera para poder pagar el pasaje para ir a trabajar este pais estar cada dia mejor país de loco
c4d1877837a14267983f547022354bc0,"TRANSPORTE, BOTEROS, CHOFERES, ÓMNIBUS, RUTAS",1,"Bueno chófer, no te puedo explicar lo que te van a hacer, chao vaya bien a trabajar haciendo frituras por ahí o mira vete la la agricultura que allí vas a ser mas útil.. y quien sabe quizás mejores como persona. ha y OJO queremos tu disculpa publica no te preocupes cubadebate la publicará. ",cu,0,0,1,0,0,2,0,0,0,bueno chófer no tú poder explicar él que tú ir a hacer chao vaya bien a trabajar hacer fritura por ahí o mirar vetir el el agricultura que allí ir a ser mas útil y quien saber quizás mejor como persona haber y ojo querer tu disculpa publico no tú preocupser cubadebate él publicar
7f3607cd431fca38473de4b74f7fe698,"TRANSPORTE, BOTEROS, CHOFERES, ÓMNIBUS, RUTAS",1,Y la respuesta sobre las medidas tomadas pa cuando?,cu,0,1,0,0,0,0,0,0,0,y el respuesta sobre el medida tomado pa cuando
a7b7a0e13361e7b2c2e0f5975f08e47e,"TRANSPORTE, BOTEROS, CHOFERES, ÓMNIBUS, RUTAS",1,"Yo no se porque se quejan tanto si los boteros al final nos hacen un gran favor llevandonos de un lugar a otro por un modico precio, a pesar de la presion q tienen del Estado, hay que agradecerselo",cu,0,0,0,0,0,1,0,0,0,yo no él porque él quejar tanto si el botero al final yo hacer uno gran favor llevandonos de uno lugar a otro por uno modico precio a pesar de el presion q tener del estado haber que agradecerselo
342b7abc0acbf88cc6b264b0fe1cda91,"TRANSPORTE, BOTEROS, CHOFERES, ÓMNIBUS, RUTAS",1,"Hooooneeessstiiidaaad, niiiiñoooo queeee cosa eeesss eeeeso",cu,0,0,0,0,0,0,11,0,0,hooneesstiidaad niiñoo queir cosa eess eeso
da11c8e7c6921ed34710cd0422a9e1f6,"TRANSPORTE, BOTEROS, CHOFERES, ÓMNIBUS, RUTAS",1,AL DUEÑO DICE UD.?????,cu,0,5,2,0,0,0,1,0,0,al dueño decir ud
4b20074c7f8fa42ef59f8c3219207173,"TRANSPORTE, BOTEROS, CHOFERES, ÓMNIBUS, RUTAS",1,"?tranquilo freddy, ahora con la llegada de los nuevos onmnibus a la capital, los que ya estan trabajando se daran a otras provincias y todos seguiremos en la edad primitiva",cu,0,1,0,0,0,0,0,0,0,tranquilo freddy ahora con el llegada de el nuevo onmnibus a el capital el que ya estar trabajar él dar a otro provincia y todo seguir en el edad primitivo
2517ab73d8e4fbe91e069abf9e21be50,"TRANSPORTE, BOTEROS, CHOFERES, ÓMNIBUS, RUTAS",1,"Recuerdan los Chevis y los Dodges?
Habría que ver si en el supuesto caso que esto sucediera, los precios serían esos que establecen para los almendrones y por qué los taxis estatales actuales no tienen esos mismos precios?uhmmmm",cu,0,2,0,0,0,1,2,0,0,recordar el chevi y el dodg haber que ver si en el supuesto caso que este sucedierar el precio ser ese que establecer para el almendrón y por qué el taxi estatal actual no tener ese mismo precio uhmm
51bcce86d6cc061a196c6d5ac39a519d,"TRANSPORTE, BOTEROS, CHOFERES, ÓMNIBUS, RUTAS",1,"Mi hermano los boteros son lo mejor que le ha pasado al tranporte, te ""resuelven"" el problema, sobre todo si estas botao y tienes q pagar casi el triple del pasaje",cu,0,0,0,0,0,0,0,2,0,mi hermano el botero ser él mejor que él haber pasar al tranporte tú resolver el problema sobre todo si este botao y tener q pagar casi el triple del pasaje
3e7a14a42dea26a22fe5d2ec13dc9b70,"TRANSPORTE, BOTEROS, CHOFERES, ÓMNIBUS, RUTAS",1,"Me encanta montar almendrones, sobre todo por la mañana cuando estan todas las paradas llenas , no pasa una guagua y la gente q te asesina por llegar temprano a su trabajo",cu,0,0,0,0,0,1,0,0,0,yo encantar montar almendrón sobre todo por el mañana cuando estar todo el parada lleno no pasar uno guagua y el gente q tú asesinar por llegar temprano a su trabajo
305b47736a1ad1294127637d3e35e31f,"TRANSPORTE, BOTEROS, CHOFERES, ÓMNIBUS, RUTAS",1,".. el tercer tramo de la tarifa (entre 10 y 30 Kg) es para aquellos que ESTÉN DISPUESTOS a pagarla y  CUENTEN CON LOS RECURSOS para poder hacerlo.
¿entonces donde queda el ideal Martiano Con todos y para el bien de todos?",cu,0,2,6,0,0,0,0,0,0,el tercer tramo de el tarifa entre 10 y 30 kg ser para aquel que estar dispuesto a pagar él y cuenten con el recurso para poder hacer él entonces donde quedar el ideal martiano con todo y para el bien de todo
e01f208acfce24f7626c9ded79ab5446,"TRANSPORTE, BOTEROS, CHOFERES, ÓMNIBUS, RUTAS",1,"Que bueno! ahora seguro le venden el petróleo mas barato y las piezas de repuesto y material gastable se consigue mas fácil y a buen precio, seguro el sindicato de taxistas esta contento.",cu,1,0,0,0,0,0,0,0,0,que bueno ahora seguro él vender el petróleo mas barato y el pieza de repuesto y material gastable él conseguir mas fácil y a buen precio seguro el sindicato de taxista este contento
4a8585450ff50609e72a990848755c93,"TRANSPORTE, BOTEROS, CHOFERES, ÓMNIBUS, RUTAS",1,"Indolente, inhumano y despiadado. De seguro él es el dueño de la guagua y no tiene superiores.",cu,0,0,0,0,0,1,0,0,0,indolente inhumano y despiadado de seguro él ser el dueño de el guagua y no tener superior
6ec9427c5942a44cefe516d84245921c,"TRANSPORTE, BOTEROS, CHOFERES, ÓMNIBUS, RUTAS",1,"de verdad?? solo una curita, la solución está por otro rumbo. los precios del botero (oferta y demanda) es solo una arista del problema, una puntica del iceberg",cu,0,2,0,0,0,0,0,0,0,de verdad solo uno curita el solución estar por otro rumbo el precio del botero oferta y demanda ser solo uno arista del problema uno puntica del iceberg
5f363dfc2a0db0c6da0176e4bf56e486,"TRANSPORTE, BOTEROS, CHOFERES, ÓMNIBUS, RUTAS",1,"?sisiguen inaugurando recorridos y no renuevan el parque obsoleto de las primeras inauguradas no van a resolver nada,,,,!!QUE BIEN TRABAJAN los funcionarios de transporte en este pais!!!!",cu,6,1,3,0,0,3,2,0,0,sisigar inaugurar recorrido y no renuevir el parque obsoleto de el primero inaugurado no ir a resolver nada que bien trabajar el funcionario de transporte en este pai
ef935644ccf9a1ae852bd2a1f7e70b01,"TRANSPORTE, BOTEROS, CHOFERES, ÓMNIBUS, RUTAS",1,"Fabuloso. Pronto voy a Dubai a hospedarme el uno de los hoteles de la palmera para tomar un taxi de estos ja ja ja. Nada es solo una broma, me da mareo si me monto en uno de estos. Salu2",cu,0,0,0,0,0,1,0,0,0,fabuloso pronto ir a dubai a hospedar yo el uno de el hotel de el palmera para tomar uno taxi de este ja ja ja nada ser solo uno broma yo dar mareo si yo montar en uno de este salu2
9218fc39baf864f55914fc2eb836a4ec,"TRANSPORTE, BOTEROS, CHOFERES, ÓMNIBUS, RUTAS",1,Transporte por Medios privados el 92 % !!!!!!! ESTAN EMBARCADOS!,cu,8,0,2,0,0,0,1,0,0,transporte por medio privado el 92 estar embarcado
18730b4e6d4543e462376cdd10a2bcea,"TRANSPORTE, BOTEROS, CHOFERES, ÓMNIBUS, RUTAS",1,Espero que Cubadebate nos de posteriormente la información de la transfusión de sangre de ese chofer desconsiderado e inhumano. Personas como esa no pueden brindar servicio al pueblo.,cu,0,0,0,0,0,1,0,0,0,esperar que cubadebate yo de posteriormente el información de el transfusión de sangre de ese chofer desconsiderado e inhumano persona como ese no poder brindar servicio al pueblo
c7f9629df38e9f7d9c8a4ea244de6ffb,"TRANSPORTE, BOTEROS, CHOFERES, ÓMNIBUS, RUTAS",1,"Los taxis ruteros funcionan de maravilla, realmente podemos confiar en ese servicio. Estan a la my love como dice cola loca. seguimos  teniendo muy buenas ideas, implementando algo que sabemos que en un futuro cercano dejara de ser para lo que se hizo.",cu,0,0,0,0,0,0,0,0,0,el taxi rutero funcionar de maravilla realmente poder confiar en ese servicio estar a el my love como decir colo loca seguir tener mucho buena idea implementar algo que saber que en uno futuro cercano dejar de ser para él que él hacer
6633d9ddf301c23507a64d8003251a4a,"TRANSPORTE, BOTEROS, CHOFERES, ÓMNIBUS, RUTAS",1,"y la culpa al final de liborio, quienes son los respponsables de controlar situaciones como esta, donde estan los que hacen valer las leyes en este pais",cu,0,0,0,0,0,0,0,0,0,y el culpa al final de liborio quien ser el respponsabl de controlar situación como este donde estar el que hacer valer el ley en este pais
ce32fdf176a76bef626452bf2b102089,"TRANSPORTE, BOTEROS, CHOFERES, ÓMNIBUS, RUTAS",1,y le van bajar el precio al combustible de los boteros???? jajajajaja,cu,0,4,0,0,0,0,1,0,0,y él ir bajar el precio al combustible de el botero jajajajajar
2c569111ee88f638962009da5a4011ef,"TRANSPORTE, BOTEROS, CHOFERES, ÓMNIBUS, RUTAS",1,"Por favor entiendan que los pobres boteros en su rutina diaria tienen que  lidiar con los policías, y estos exigen sus diesmos.
Y no les queda otra que estar en buena con ellos.",cu,0,0,0,0,0,1,0,0,0,por favor entender que el pobre botero en su rutina diario tener que lidiar con el policía y este exigir su diesmos y no él quedar otra que estar en buen con él
8257711dcb5d1df8b362210e1fc6d910,"TRANSPORTE, BOTEROS, CHOFERES, ÓMNIBUS, RUTAS",1,"Ahora te van a decir que fue una triste casualidad, porque resulta que ese es él mejor chofer de la base, porque resulta que es el que más recauda, porque resulta que esa es la mejor base ómnibus de la ciudad, porque resulta que es la que más recauda a nivel provincial.",cu,0,0,0,0,0,0,0,0,0,ahora tú ir a decir que ser uno triste casualidad porque resultar que ese ser él mejor chofer de el base porque resultar que ser el que más recaudar porque resultar que ese ser el mejor base ómnibus de el ciudad porque resultar que ser el que más recaudar a nivel provincial
41859f97d6134a181647e5e7e68284c7,"TRANSPORTE, BOTEROS, CHOFERES, ÓMNIBUS, RUTAS",1,"Hasta cuándo con esto? La vida sigue igual, diría Julio Iglesias.",cu,0,1,0,0,0,0,0,0,0,hasta cuándo con este el vida seguir igual decir julio iglesia
7b306e647c7dfae476f8f526700c7bbe,"TRANSPORTE, BOTEROS, CHOFERES, ÓMNIBUS, RUTAS",1,"?No te preocupes que a ti te vamos a mandar los bien usaditos que tenemos, como algunas Diana y demás cacharritos.   Sigue usando coches de caballos que son ecológicos!!",cu,2,1,0,0,0,1,1,0,0,no tú preocupar que a tú tú ir a mandar el bien usadito que tener como alguno diana y demás cacharrito seguir usar coche de caballo que ser ecológico
36db267d564c7c48391a6a1e2111ee9e,"TRANSPORTE, BOTEROS, CHOFERES, ÓMNIBUS, RUTAS",1,Ya pronto películas como Blade Runner dejarán de ser ciencia ficción. Nos hacen falta muchos de esos en Cuba y se acabó el problema del transporte.,cu,0,0,0,0,0,0,0,0,0,ya pronto película como bladir runner dejar de ser ciencia ficción yo hacer falta mucho de ese en cuba y él acabar el problema del transporte
f901a8cb665e017cd51b90d297065a7d,"TRANSPORTE, BOTEROS, CHOFERES, ÓMNIBUS, RUTAS",1,Y por que se publica una foto que no es la del chofer inhumano (por no decir otras cosas). Publiquen la foto del chofer y su carro.,cu,0,0,0,0,0,2,0,0,0,y por que él publicar uno foto que no ser el del chofer inhumano por no decir otro cosa publicar el foto del chofer y su carro
1d994bd8e1c32237757d0a1749227cd9,"TRANSPORTE, BOTEROS, CHOFERES, ÓMNIBUS, RUTAS",1,Se permuta para Dubai!!!,cu,3,0,0,0,0,0,1,0,0,él permutar para dubai
164568dee7141f4c048e090a01fab41e,"TRANSPORTE, BOTEROS, CHOFERES, ÓMNIBUS, RUTAS",1,que lindo todos sus comentarios se ve que ninguno sabe de verdad lo que es ser botero,cu,0,0,0,0,0,1,0,0,0,que lindo todo su comentario él ver que ninguno saber de verdad él que ser ser botero
9cfbd7cbcb2fe773f1921a482144feea,"TRANSPORTE, BOTEROS, CHOFERES, ÓMNIBUS, RUTAS",1,"pasan el somaton facilmente y los carros de empresas 50 años mas modernos no, porque los almendrones no afectan el medio ambiente, cumplen con lo regulado por las leyes y milagrosamente aun poseen sus piezas originales, y ademas siempre abonan a los compañeros que laboran alli una generosa suma",cu,0,0,0,0,0,2,0,0,0,pasar el somaton facilmente y el carro de empresa 50 año mas moderno no porque el almendrón no afectar el medio ambiente cumplir con él regulado por el ley y milagrosamente aun poseer su pieza original y adema siempre abonar a el compañero que laborar alli uno generoso suma
5711fbdbb2af5275109d33a4b8225a87,"TRANSPORTE, BOTEROS, CHOFERES, ÓMNIBUS, RUTAS",1,"?Hay Diosito oye mi súplica, que alguien piense en los que dependemos del P5",cu,0,1,0,0,0,0,0,0,0,haber diosito oir mi súplica que alguien piense en el que depender del p5
fa6a0149de7aa6c35ad7cad4fb1204b7,"TRANSPORTE, BOTEROS, CHOFERES, ÓMNIBUS, RUTAS",1,"Quien le pone la tapa al Botero, digo a la Botella.",cu,0,0,0,0,0,0,2,0,0,quien él poner el tapa al botero decir a el botella
44ddfdf358652c4b8517a189de22ea68,"TRANSPORTE, BOTEROS, CHOFERES, ÓMNIBUS, RUTAS",1,Yo propongo que por los CDR le asignen un carro a cada familia. Punto.,cu,0,0,1,0,0,0,0,0,0,yo proponer que por el cdr él asignir uno carro a cada familia punto
17c0aea269678f23fe21e2a2bd283ec7,"TRANSPORTE, BOTEROS, CHOFERES, ÓMNIBUS, RUTAS",1,"yo veo muy logico que los precios sean así desorbitantes, ""pobres boteros"" ellos tambien tienen q alimentar a sus familias",cu,0,0,0,0,0,0,0,2,0,yo ver mucho logico que el precio ser así desorbitant pobre botero él tambien tener q alimentar a su familia
e37cb1cbaf43563b9aa3b2a94e320330,"TRANSPORTE, BOTEROS, CHOFERES, ÓMNIBUS, RUTAS",1,"Si todas las denuncias que hacemos a través de los medios que la publican fueran tan eficaces cómo ésta, deberán caerles detrás a los ayudantes de los choferes que cobran el pasaje. Este dinero va a parar a las arcas personales de estos.
Gracias Cubadebatte.",cu,0,0,0,0,0,0,0,0,0,si todo el denuncia que hacer a través de el medio que él publicar ser tanto eficaz cómo este deber caerl detrás a el ayudante de el chofer que cobrar el pasaje este dinero ir a parar a el arca personal de este gracia cubadebatte
0eae00c4be1e16bba5b7065c4b107465,"TRANSPORTE, BOTEROS, CHOFERES, ÓMNIBUS, RUTAS",1,"?Felicidades por la Capital en sus 500, solo espero que Cienfuegos no tenga que esperar 5 siglos para tener unos al menos de segunda manito..",cu,0,1,0,0,0,1,0,0,0,felicidad por el capital en su 500 solo esperar que cienfuego no tener que esperar 5 siglo para tener uno al menos de segundo manito
ebd3c8497ff73ed532d6bafad34f5798,"TRANSPORTE, BOTEROS, CHOFERES, ÓMNIBUS, RUTAS",1,"Es sencillo, con 50 CUC el carro puede ser un coche de caballos con motor diesel y fuera catarro, el
somatón lo da como un Hunday del 2010, ¿alguien no sabe eso????",cu,0,5,1,0,0,1,1,0,0,ser sencillo con 50 cuc el carro poder ser uno coche de caballo con motor diesel y ser catarro el somatón él dar como uno hunday del 2010 alguien no saber ese
aa3a4ac0cbe119eca401c1b6459177f4,"TRANSPORTE, BOTEROS, CHOFERES, ÓMNIBUS, RUTAS",1,"Tranquilos, no va a pasar nadaaaa. Apuesto lo q sea a q hechos como estos se van a repetir Y no va a pasar nadaaa, nene, nadaaa.",cu,0,0,0,0,0,2,3,0,0,tranquilo no ir a pasar nadaa apuesto él q ser a q hecho como este él ir a repetir y no ir a pasar nadaa nenir nadaa
f44f8ddab81c01c956f1788622c32c5b,"TRANSPORTE, BOTEROS, CHOFERES, ÓMNIBUS, RUTAS",1,"?Pero no se trasladen tanto!!!estén más tranquilos en sus casas haber si pal 2492 nos vuelven a descubrir y comenzamos todo de nuevo. Oye q en mi época a pie se iba a cualquier lado, claro sin apuros y disfrutando el paisaje.",cu,3,1,0,0,0,2,1,0,0,pero no él trasladir tanto estar más tranquilo en su casa haber si pa l 2492 yo volver a descubrir y comenzar todo de nuevo oir q en mi época a pie él ir a cualquiera lado claro sin apuro y disfrutar el paisaje
72dc4ea614e24f10657a7a39b3134cb8,"TRANSPORTE, BOTEROS, CHOFERES, ÓMNIBUS, RUTAS",1,"lamentable hechorecuerden y apunten el numero 18820, ese es el numero para reportar las quejas en la dir gral de transporte de la habana.dicen que funciona las 24hdicen ellossiempre dando el numero del carro, la ruta y la hora de la incidencia..",cu,0,0,0,0,0,0,0,0,0,lamentable hecho recuerdir y apuntir el numero 18820 ese ser el numero para reportar el queja en el dir gral de transporte de el habana decir que funcionar el 24h decir él siempre dar el numero del carro el ruta y el hora de el incidencia
037f2cbb9e6091b9e123864d6af8bf78,"TRANSPORTE, BOTEROS, CHOFERES, ÓMNIBUS, RUTAS",1,Esa nueva profesión será: Mulas interprovinciales,cu,0,0,0,0,0,0,0,0,0,ese nuevo profesión ser mula interprovincial
3bb9960e459c0668044fb8c64082b555,"TRANSPORTE, BOTEROS, CHOFERES, ÓMNIBUS, RUTAS",1,"Iba a responder pero sabía que ud lo haria preocupado , mejor imposible !!!! a estudiar matematicas Revenge , Lo necesita en Serio jajajajajaja",cu,4,0,0,0,0,0,1,0,0,ir a responder pero saber que ud él hario preocupado mejor imposible a estudiar matematica revenge él necesitar en serio jajajajajaja
6044a4bc6afba6b4e5e7d12f95bafff6,"TRANSPORTE, BOTEROS, CHOFERES, ÓMNIBUS, RUTAS",1,?Cuando se eleve la idea y luego se valore su implementaciones decir dentro de unos pocos aÑos.,cu,0,1,0,0,0,0,0,0,0,cuando él elevir el idea y luego él valorar su implementacion es decir dentro de uno poco año
d7be7ef90ca6bf83f1457530c26bdf9b,"TRANSPORTE, BOTEROS, CHOFERES, ÓMNIBUS, RUTAS",1,"El problem es la falta d leyes y pasdera d mano q hay en este pais q todo el mundo no es dueño d nada y dueños d todo, y no será el primero ni el último chofer q se cree amo y señor d la guagua, ahora se denuncia y se le pasa la mano al pobrecito chofer , increíble en verdad!!!",cu,3,0,0,0,0,4,1,0,0,el problem ser el falta d ley y pasdero d mano q haber en este pai q todo el mundo no ser dueño d nada y dueño d todo y no ser el primero ni el último chofer q él creer amo y señor d el guagua ahora él denunciar y él él pasar el mano al pobrecito chofer increíble en verdad
ff3b987b406d32846cb388d9d79736a6,"TRANSPORTE, BOTEROS, CHOFERES, ÓMNIBUS, RUTAS",1,"cubano de a pie, asi seras toda la vida, pues con tus soluciones, que seria de esa inmensa mayoria que como tu dices tiene bajos salarios? ah! como el estado no sube salarios, entonces que suban los precios . !!que cosa!!, contigo y Berto viviriamos felices.",cu,5,1,0,0,0,1,0,0,0,cubano de a pie asi sera todo el vida pues con tu solución que serio de ese inmenso mayorio que como tu dices tener bajo salario ah como el estado no subir salario entonces que subir el precio que cosa tú y berto viviriar feliz
829372c9e15ef94bdf0cd6ba4410a9fc,"TRANSPORTE, BOTEROS, CHOFERES, ÓMNIBUS, RUTAS",1,Wow!! esos son los que hacen falta aqui,cu,2,0,0,0,0,0,0,0,0,wow ese ser el que hacer falta aqui
8bd8873d9710e25c8635c2ad58ada2bf,"TRANSPORTE, BOTEROS, CHOFERES, ÓMNIBUS, RUTAS",1,"?En la tierra de sombreros y pastores seguiremos con el ecológico pero abusivo (para el pobre animal) carreton.Si, así no hay contraste con nuestra Vetusta ciudad, toda colonial",cu,0,1,0,0,0,1,0,0,0,en el tierra de sombrero y pastor seguir con el ecológico pero abusivo para el pobre animal carreton si así no haber contraste con nuestro vetusta ciudad todo colonial
38d8b30c4c329ad2ed51f9601c411230,"TRANSPORTE, BOTEROS, CHOFERES, ÓMNIBUS, RUTAS",1,"Se imaginan Que Toparan el Precio de Venta de TU casa o apartamento jjjjjay mi Cuba Linda pq todo tiene q ser tan dicifil..tengo fe y la absolutamente confianza de q al paso q vamos,para la Generation de nuestros nietos tengamos la Cuba Linda y Prospera q queremos ",cu,0,0,0,0,0,0,1,0,0,él imaginar que toparar el precio de venta de tu casa o apartamento jjay mi cuba lindar pq todo tener q ser tanto dicifil tener fe y el absolutamente confianza de q al paso q ir para el generation de nuestro nieto tener el cuba lindo y prospero q querer
089d4edb582ce6db56e6a0653867ec72,"TRANSPORTE, BOTEROS, CHOFERES, ÓMNIBUS, RUTAS",1,"no, es q para ir a Alamar hay un trillo mas corto y se gasta menos gasolina jajajja",cu,0,0,0,0,0,1,0,0,0,no ser q para ir a alamar haber uno trillo mas corto y él gastar menos gasolina jajajja
903e8f673dce3aa685484be3394b58d8,"TRANSPORTE, BOTEROS, CHOFERES, ÓMNIBUS, RUTAS",1,"Dianas si hay , lo que no hay es combustible, digo, $ para comprarlo, digo, economia que produzca el $, digo,economia planificada y centralizada.",cu,0,0,0,0,0,1,0,0,0,diana si haber él que no haber ser combustible decir para comprar él digo economia que producir el digo economia planificado y centralizar
c7df9a75f6d7ecb324848808fb641ab3,"TRANSPORTE, BOTEROS, CHOFERES, ÓMNIBUS, RUTAS",1,"Párese q nunca has entrado a una tienda recaudadora de divisas trd o cimex q también son
particulares.",cu,0,0,0,0,0,1,1,0,0,párese q nunca haber entrar a uno tienda recaudadora de divisa trd o cimex q también ser particular
c90cbf4816951886b33e781d36a6abc5,"TRANSPORTE, BOTEROS, CHOFERES, ÓMNIBUS, RUTAS",1,"En fin, compadre ¿no valoraste el esfuerzo denodado de nuestros guagueros y solo miraste esa nimiedad? Pero no te preocupes, que siempre aparecerá un culpable. ¡Ah! Un detalle: la silla de ruedas no cabrá, pero grandes sacos y cajas con cualquier tipo de invento dentro sí caben.",cu,2,2,0,0,0,3,0,0,0,en fin compadre no valorastar el esfuerzo denodado de nuestro guaguero y solo miraste ese nimiedad pero no tú preocupar que siempre aparecer uno culpable ah uno detalle el silla de rueda no caber pero grande saco y caja con cualquiera tipo de invento dentro sí caber
46a9268490fcd3d5d9046ce55b39b184,"TRANSPORTE, BOTEROS, CHOFERES, ÓMNIBUS, RUTAS",1,"Preocupao, se ve que usted si vive en CUBA, no así otros parciales que consideran JUSTAS esas leoninas
tarifas, como todas en Cuba dictadas por el carácter monopólico de nuestras empresas.",cu,0,0,2,0,0,1,0,0,0,preocupao él ver que usted si vivir en cuba no así otro parcial que considerar justo ese leonina tarifa como todo en cuba dictado por el carácter monopólico de nuestro empresa
904d9abfea24111f6cfc8cfdfa37f77b,"TRANSPORTE, BOTEROS, CHOFERES, ÓMNIBUS, RUTAS",1,"?Quién no baila y quién no goza, caballero en mi Habana? ¡Ohhhh La Habana! ¡Ohhhh La Habana!",cu,4,2,0,0,0,2,2,0,0,quién no bailar y quién no gozar caballero en mi habana ohh el habana ohh el habana
4fa5ef3978af3a38f974c14e3650842d,"TRANSPORTE, BOTEROS, CHOFERES, ÓMNIBUS, RUTAS",1,"Manolo, ¿Cuál es tu profesión u oficio? Podría ser también inhumana actitud de Manolo. Mírate por dentro, anda.",cu,0,2,0,0,0,0,0,0,0,manolo cuál ser tu profesión u oficio poder ser también inhumano actitud de manolo mírate por dentro anda
1f0d79a01e751dcba31b41df465d7b37,"TRANSPORTE, BOTEROS, CHOFERES, ÓMNIBUS, RUTAS",1,"gracias cubadebate por haberme publicado
gracias por haber dejado micomentario en la nube",cu,0,0,0,0,0,0,0,0,0,gracias cubadebate por haber yo publicar gracias por haber dejar micomentario en el nube
7be99cdac9b19451c6cb0b2ac5503da3,"TRANSPORTE, BOTEROS, CHOFERES, ÓMNIBUS, RUTAS",1,"el problema es que la muchacha de la silla de ruedas no pago el peaje que pagan los tamaleros, los recogedores de basura, etc..si alarga el brazo con 10 pesitos, el mismo se baja y la sube por detras.asi de HP son..",cu,0,0,0,0,0,1,0,0,0,el problema ser que el muchacha de el silla de rueda no pagar el peaje que pagar el tamalero el recogedor de basura etc si alargar el brazo con 10 pesito el mismo él bajar y él subir por detra asi de hp ser
214405ce2061e53b7edba042c6d986cc,"TRANSPORTE, BOTEROS, CHOFERES, ÓMNIBUS, RUTAS",1,Voy preparando mi bicicleta que el transporte se va a poner mas malo de lo normal.,cu,0,0,0,0,0,0,0,0,0,ir preparar mi bicicleta que el transporte él ir a poner mas malo de él normal
08e291c7366732ac821a7ea85c6cd8b2,"TRANSPORTE, BOTEROS, CHOFERES, ÓMNIBUS, RUTAS",1,"?El Fiscal; amigo mío, como se dice en el argot cubano, QUE FULA UD ES!!!!!! jajajaja como le va a decir eso a los amigos FREDDY y VIEJO.",cu,6,1,4,0,0,0,1,0,0,el fiscal amigo mío como él decir en el argot cubano que fula ud ser jajajaja como él ir a decir ese a el amigo freddy y viejo
1a59c2cc7ff918b30940c8093ff50513,"TRANSPORTE, BOTEROS, CHOFERES, ÓMNIBUS, RUTAS",1,"?Y los caballos con planchas,para el resto de las provincias cuando llegan? Muy bien para la Capital,de acuerdo,peroooo EL ANILLO PA CUANDO?",cu,0,3,2,0,0,0,1,0,0,y el caballo con plancha para el resto de el provincia cuando llegar mucho bien para el capital de acuerdo peroo el anillo pa cuando
bf9dffeb13353f6991cfa2287bc27a0d,"TRANSPORTE, BOTEROS, CHOFERES, ÓMNIBUS, RUTAS",1,"Así que Habana  Finlay 10.00 pesos y Habana  La Palma 15.00, siendo más cerca, jajajjaja.
SigoHabana- Guanabacoa es la misma distancia que Cotorro?, ja.20.00 cañitas igual.
",cu,0,1,0,0,0,0,0,0,0,así que habana finlay 10 00 pesos y habán el palma 15 00 ser más cerca jajajjaja seguir habana guanabacoa ser el mismo distancia que cotorro ja 20 00 cañita igual
0a8936df44a613ef7e47dbc27644d2d9,"TRANSPORTE, BOTEROS, CHOFERES, ÓMNIBUS, RUTAS",1,"Jaja. Los humildes no son los que transportan pesos excesivos. No es equipaje lo que provoca excesos de
peso, es carga.
Es indispensable que la sociedad regule los excesos, en cualquier asunto.",cu,0,0,0,0,1,2,0,0,0,jajar el humild no ser el que transportar peso excesivo no ser equipaje él que provocar exceso de peso ser carga ser indispensable que el sociedad regular el exceso en cualquiera asunto
8f95b8ebc3b31c75e5f3340fa4f3e3ed,"TRANSPORTE, BOTEROS, CHOFERES, ÓMNIBUS, RUTAS",1,MIRA ESO Y AQUI EN GUERRA CON LOS PREHISTORICOS ALMENDRONES DE taxi,cu,0,0,8,0,0,0,0,0,0,mirar ese y aqui en guerra con el prehistorico almendrón de taxi
f81ed3ee441fdfcffdb10058052c4c02,"TRANSPORTE, BOTEROS, CHOFERES, ÓMNIBUS, RUTAS",1,"En conclusión, la mejor opción: la bicicleta jajaja",cu,0,0,0,0,0,0,0,0,0,en conclusión el mejor opción el bicicleta jajajo
d7b542419ddaa9b9a3d8808398d35be9,"TRANSPORTE, BOTEROS, CHOFERES, ÓMNIBUS, RUTAS",1,"parece que alamar no pertenece a la Ciudad es por eso que solamente le han quitado y quitado y no pasa nada una ciudad con mas o menos Millon de habitantes y solamente tiene el P-11 para poder ir a la Hababa, YO QUISIERA Saber quien hace estas programaciones esta PERDIDO",cu,0,0,2,0,0,3,0,0,0,parecer que alamar no pertenecer a el ciudad ser por ese que solamente él haber quitar y quitado y no pasar nada uno ciudad con mas o menos millon de habitante y solamente tener el p 11 para poder ir a él habar yo querer saber quien hacer este programación este perdido
7bfc102519708c3fbb11910a9f93e89b,"TRANSPORTE, BOTEROS, CHOFERES, ÓMNIBUS, RUTAS",1,muy bonito hace falta que se cumpla porque se siguen embolsillando el dinero los boteros y no se cumplen las medidas impuestas por el gobierno.,cu,0,0,0,0,0,1,0,0,0,mucho bonito hacer falta que él cumplir porque él seguir embolsillar el dinero el botero y no él cumplir el medida impuesto por el gobierno
7392f47121b288196f68443edbfb17a3,"TRANSPORTE, BOTEROS, CHOFERES, ÓMNIBUS, RUTAS",1,hola de la unica provincia que no leo problemas es de santiago de cuba. sera que hay que clonar a exposito y ponerlo a dirigir todas las provincias.Seria buena idea.,cu,0,0,0,0,0,1,0,0,0,holar de el unico provincia que no leo problema ser de santiago de cuba sero que haber que clonar a exposito y poner él a dirigir todo el provincia serio buen idea
ccf4072e7ca261f4b705a16fdd2b8f61,"TRANSPORTE, BOTEROS, CHOFERES, ÓMNIBUS, RUTAS",1,Mira que si nos pagaran el salario que le pagan a los INDIOS en la manzana de Gómez no tuviéramos problemas para pagar los Almendrones ni los 555 amarillos y blancos!!!,cu,3,0,1,0,0,2,2,0,0,mirar que si yo pagar el salario que él pagar a el indio en el manzana de gómez no tuviéramos problema para pagar el almendrón ni el 55 amarillo y blanco
e0b549a96cef77e2439cae8794ab9a49,"TRANSPORTE, BOTEROS, CHOFERES, ÓMNIBUS, RUTAS",1,"?I para Villa Clara que??????, seguimos esperando x el anillo pa cuando",cu,0,7,0,0,0,0,1,0,0,i para villa claro que seguir esperar x el anillo pa cuando
3e1b5535499704a6469a80f2b4163e98,"TRANSPORTE, BOTEROS, CHOFERES, ÓMNIBUS, RUTAS",1,"Dios mìo y nosotros todavìa debatiendonos con los almendrones y el precio de un carro de segunda mano en cuba q puede llegar a costar màs que un taxi volador, o pènsandolo bien, màs q una nave espacial, jajajaj",cu,0,0,0,0,0,0,0,0,0,dio mìo y yo todavìar debatiendono con el almendrón y el precio de uno carro de segundo mano en cuba q poder llegar a costar màs que uno taxi volador o pènsando él bien màs q uno nave espacial jajajaj
1f9feeaeb00ca66a5e9f96a6abd5895c,"TRANSPORTE, BOTEROS, CHOFERES, ÓMNIBUS, RUTAS",0,En esta información se muestra como los medios no identifican a los actores de indisciplina social y de esta manera lo EXONERA QUE RECIBA LA REPULSA SOCIAL,cu,0,0,5,0,0,1,0,0,0,en este información él mostrar como el medio no identificar a el actor de indisciplina social y de este manera él exonerar que recibir el repulsa social
ce0c694f66a8a266597fb046da28b329,"TRANSPORTE, BOTEROS, CHOFERES, ÓMNIBUS, RUTAS",0,creo que es algo nuevo en la nueva etapa y desarrollo del mundo y que solo es el principio de muchos descubrimientos,cu,0,0,0,0,0,0,0,0,0,creer que ser algo nuevo en el nuevo etapa y desarrollo del mundo y que solo ser el principio de mucho descubrimiento
415e2f5596958b2bf64d5ab5986d7d0a,"TRANSPORTE, BOTEROS, CHOFERES, ÓMNIBUS, RUTAS",0,"Transporte Público y Privado! Tu articulo, mas de lo mismo.Pero.. Quien le pone el cascabel al gato?.",cu,1,1,0,0,0,0,2,0,0,transporte público y privado tu articulo mas de él mismo pero quien él poner el cascabel al gato
f663979f630ecbd53c7dc0ce2e52339e,"TRANSPORTE, BOTEROS, CHOFERES, ÓMNIBUS, RUTAS",0,"EN EL CODIGO PENAL HAY UN CLARO DELITO QUE SE PUEDE SENTENCIAR DE 1 A 10 ANOS DE PRIVACION DE LIBERTAD, POR NEGACIÓN DE AUXILIO",cu,0,0,14,0,0,0,0,0,0,en el codigo penal haber uno claro delito que él poder sentenciar de 1 a 10 ano de privacion de libertad por negación de auxilio
d95b43888759477a5756434e579652b2,"TRANSPORTE, BOTEROS, CHOFERES, ÓMNIBUS, RUTAS",0,"Me parece muy bien calificarlo de deshumano, inhumano sería un elogio",cu,0,0,0,0,0,0,0,0,0,yo parecer mucho bien calificar él de deshumano inhumano ser uno elogio
2109d1c1ba8da525d60fe1eb78075f77,"TRANSPORTE, BOTEROS, CHOFERES, ÓMNIBUS, RUTAS",0,"muy bien hecho pero publiquen la foto para que todos lo vean y se sepa quien es la bestia, sobre todo la familia, vecinos y compañeros de trabajo",cu,0,0,0,0,0,0,0,0,0,mucho bien hecho pero publiquen el foto para que todo él ver y él sepo quien ser el bestia sobre todo el familia vecino y compañero de trabajo
aea8cbee90b075e7500a2f25543f46cd,"TRANSPORTE, BOTEROS, CHOFERES, ÓMNIBUS, RUTAS",0,"?Hace falta que esto lo divulguen por la prensa y TV para que las personas conoscan esto de los tramos, para que no haya abuso con el precio.",cu,0,1,0,0,0,1,0,0,0,hacer falta que este él divulgar por el prensa y tv para que el persona conoscar este de el tramo para que no haber abuso con el precio
178fe463c2b0aa90bd40fa56c50085ed,"TRANSPORTE, BOTEROS, CHOFERES, ÓMNIBUS, RUTAS",0,?Y los Omnibus para las demás provincias donde están solo pensamos en la capital y los demás que se ..,cu,0,1,0,0,0,0,0,0,0,y el omnibu para el demás provincia donde estar solo pensar en el capital y el demá que él
c7f96a9d9e2b146c77e6ad913599d0a5,"TRANSPORTE, BOTEROS, CHOFERES, ÓMNIBUS, RUTAS",0,Y tú ahora te dedicas a robar nickname..Ojo!!,cu,2,0,0,0,0,0,1,0,0,y tú ahora tú dedicar a robar nickname ojo
d90cc14b2e424a16b5f858b5dc47524e,"TRANSPORTE, BOTEROS, CHOFERES, ÓMNIBUS, RUTAS",0,El país está diseñado para cargar con todo por todo el país.,cu,0,0,0,0,0,0,0,0,0,el país estar diseñado para cargar con todo por todo el país
59527acedb934404f5fee3166d210714,"TRANSPORTE, BOTEROS, CHOFERES, ÓMNIBUS, RUTAS",0,"oiga se q esto va del guaguero, muy inhumana su actitud. pero una duda q de malo tiene trabajar en el sector agrepecuario?",cu,0,1,0,0,0,0,0,0,0,oír él q este ir del guaguero mucho inhumano su actitud pero uno duda q de malo tener trabajar en el sector agrepecuario
8432cdee5054c74fb9c4c0bebab6651a,"TRANSPORTE, BOTEROS, CHOFERES, ÓMNIBUS, RUTAS",0,"AL MENOS EN LA HABANA, AUNQUE EL PRECIO NO SEA EL ADECUADO, TIENEN LOS ALMENDRONES,
PORQUE EN OTROS LUGARES DEL PAÍS NO HAY NI ESTOS.",cu,0,0,16,0,0,3,0,0,0,al menos en el habana aunque el precio no ser el adecuado tener el almendrón porque en otro lugar del país no haber ni este
3f682fb3c59b34976c114295fce1b7e5,"TRANSPORTE, BOTEROS, CHOFERES, ÓMNIBUS, RUTAS",0,"asi se hace duro duro contra los que afectan el pueblo,ya les es negocio señores no se engañen mas,duro,y si se ponen a noe star saliendo que les quiten la licencia y si lo cogen ilegal que le quiten el carro y ya muerto el perro se acabo la rabia saludos ",cu,0,0,0,0,0,1,0,0,0,asi él hacer duro duro contra el que afectar el pueblo ya él ser negocio señor no él engañir mas duro y si él poner a noe star salir que él quitar el licencia y si él coger ilegal que él quitar el carro y ya muerto el perro él acabo el rabia saludo
f0649d404c043d67b22fe7f5735cd538,"TRANSPORTE, BOTEROS, CHOFERES, ÓMNIBUS, RUTAS",0,Por que también no regulan los precios de los taxis amarillos del gobierno????????,cu,0,8,0,0,0,1,1,0,0,por que también no regular el precio de el taxi amarillo del gobierno
3820378755dede487474dcc86a237a2d,"TRANSPORTE, BOTEROS, CHOFERES, ÓMNIBUS, RUTAS",0,"Lo mismo pasa en Matanzas, ya uno no sabe el monto del pasaje a pagar en las motonetas",cu,0,0,0,0,0,1,0,0,0,él mismo pasar en matanza ya uno no saber el monto del pasaje a pagar en el motoneta
fc1e750bc8176962edcc683977c45e9b,"TRANSPORTE, BOTEROS, CHOFERES, ÓMNIBUS, RUTAS",0,"un tema bien caliente, pero hay que aclarar todos los puntos, sobre todo, los del pueblo que paga por un servicio",cu,0,0,0,0,0,0,0,0,0,uno tema bien caliente pero haber que aclarar todo el punto sobre todo el del pueblo que pagar por uno servicio
8b71eaa3dba9c96635eb2069772e3c6d,"TRANSPORTE, BOTEROS, CHOFERES, ÓMNIBUS, RUTAS",0,"asi hay que hacer para que cosas como esas no pasen, somo solidarios y no podemos perder lo que con efuerzo se a logrado, te apoyo amigo GRACIAS",cu,0,0,1,0,0,2,0,0,0,asi haber que hacer para que cosa como ese no par somo solidario y no poder perder él que con efuerzo él a lograr tú apoyo amigo gracias
c6b5abb479e41e2d47ac6b9f57971c91,"TRANSPORTE, BOTEROS, CHOFERES, ÓMNIBUS, RUTAS",0,"?Y Avenida Boyeros pa cuando? afectada, lo que hay no alcanza, hay 5 hospitales principales, 5 terminales aereas y demas.",cu,0,2,0,0,0,1,0,0,0,y avenida boyero pa cuando afectado él que haber no alcanzar haber 5 hospital principal 5 terminal aerea y dema
3e50d1721b4dca35bc1090c38aeab64a,"TRANSPORTE, BOTEROS, CHOFERES, ÓMNIBUS, RUTAS",0,Lamentablemente asi estamos hoy en Cuba.,cu,0,0,0,0,0,0,0,0,0,lamentablemente asi estar hoy en cuba
986a659d190893c576587bfbc692be8f,"TRANSPORTE, BOTEROS, CHOFERES, ÓMNIBUS, RUTAS",0,"Esta muy buena esta medida, y los demas gobiernos provinciales deben analizar el tema en nuestra provincia porque en la ciudad de Pinar del Río es imposible coger un taxi o un bici-taxi por los precios exagerados.",cu,0,0,0,0,0,0,0,0,0,este mucho buen este medida y el demas gobierno provincial deber analizar el tema en nuestro provincia porque en el ciudad de pinar del río ser imposible coger uno taxi o uno bici taxi por el precio exagerado
933de0c8c66d503b24ad81622647d032,"TRANSPORTE, BOTEROS, CHOFERES, ÓMNIBUS, RUTAS",0,"estoy de acuerdo contigo,, este es el pais donde todo se controla,,y al final lo que se ha generado es una
obsesiva burocracia, ineficiencia y corrupcion",cu,0,0,0,0,0,0,0,0,0,estar de acuerdo contigo este ser el pai donde todo él controlar y al final él que él haber generar ser uno obsesivo burocracia ineficiencio y corrupcion
05dad0c84158bedd64593c9b110ccd63,"TRANSPORTE, BOTEROS, CHOFERES, ÓMNIBUS, RUTAS",0,"Hay rutas que el simple hecho de pasar un puente o un semáforo determina el precio del viaje, aunque solo hayas montado dos cuadras.",cu,0,0,0,0,0,0,0,0,0,haber ruta que el simple hecho de pasar uno puente o uno semáforo determinar el precio del viaje aunque solo haya montado dos cuadra
ac4501a170fc0904b0f9c647604bd0cd,"TRANSPORTE, BOTEROS, CHOFERES, ÓMNIBUS, RUTAS",0,"buena idea , deberian generalizarla para todo el pais, claro aunque dudo que la implementen de la mejor manera, como ha ocurrido con otras medidas.",cu,0,0,0,0,0,0,0,0,0,buen idea deberiar generalizar él para todo el pai claro aunque dudar que él implementar de el mejor manera como haber ocurrir con otro medida
52d74f4293087e088686872c249829ff,"TRANSPORTE, BOTEROS, CHOFERES, ÓMNIBUS, RUTAS",0,"Muy buen articulo con datos, leyes que intervienen y mucha realidad. Felicidades No entiendo como el gobierno provincial no puede tomar la decison de etableces un precio x cierta cantidad de km.
sera tan dificil?",cu,0,1,0,0,0,2,0,0,0,mucho buen articulo con dato ley que intervenir y mucho realidad felicidad no entender como el gobierno provincial no poder tomar el decison de etablez uno precio x cierto cantidad de km sera tanto dificil
3ccdc90dd104e725ad37b599abd3aec4,"TRANSPORTE, BOTEROS, CHOFERES, ÓMNIBUS, RUTAS",0,"Pero tiene que haber un enfrentamiento en el momento del hecho, ser mas combativo, la prensa ayuda mucho pero no resuelve el problema.",cu,0,0,0,0,0,1,0,0,0,pero tener que haber uno enfrentamiento en el momento del hecho ser mas combativo el prensa ayudar mucho pero no resolver el problema
e7e05dc281747e825d4447d4c6122057,"TRANSPORTE, BOTEROS, CHOFERES, ÓMNIBUS, RUTAS",0,"mmm, dos preguntas buenas para hoy. La habana tiene gobierno? no sabia que cada provincia tenia un gobernador. Bajar los precios del pasaje? el estado aumenta las rutas? baja la gasolina? hay quien tiene los pies en la luna del articulo que sale mas abajo. saludos a todos",cu,0,4,0,0,0,1,1,0,0,mm dos pregunta buena para hoy el habana tener gobierno no sabio que cada provincia teniar uno gobernador bajar el precio del pasaje el estado aumentar el ruta bajar el gasolina haber quien tener el pie en el luna del articulo que salir mas abajo saludo a todo
e702110ee0a16d2a4c0c05d2680c3e8f,"TRANSPORTE, BOTEROS, CHOFERES, ÓMNIBUS, RUTAS",0,"Con el debido respeto, es ilógico que los precios sean así desorbitantes, pero, ¿acaso alguien por allá arriba no dijo algo de oferta y demanda?.",cu,0,2,0,0,0,1,0,0,0,con el debido respeto ser ilógico que el precio ser así desorbitant pero acaso alguien por allá arriba no decir algo de oferta y demanda
1792170031e7f8b607728d15d4ac90b9,"TRANSPORTE, BOTEROS, CHOFERES, ÓMNIBUS, RUTAS",0,Antes pagaba 10 pesos de Cerro y Boyeros hasta el Frank Pais y ahora me quieren cobrar 15 por la nueva tarifa creo que los que inventaron la misma se les fue esto.,cu,0,0,0,0,0,0,0,0,0,antes pagar 10 pesos de cerro y boyero hasta el frank pais y ahora yo querer cobrar 15 por el nuevo tarifa creer que el que inventar el mismo él él ser este
a15ff9705d2aac047a72373845e38df8,"TRANSPORTE, BOTEROS, CHOFERES, ÓMNIBUS, RUTAS",0,"una vez mas el problema del lado de aca, ahora tendremos que andar con el listado de los precios o simplemente dejar de utilizar el servicio de boteros, !que cosa!!!!!!",cu,7,0,0,0,0,0,1,0,0,uno vez mas el problema del lado de aca ahora tener que andar con el listado de el precio o simplemente dejar de utilizar el servicio de botero que cosa
2de5d3776a608c6494710b1ea72e8c06,"TRANSPORTE, BOTEROS, CHOFERES, ÓMNIBUS, RUTAS",0,que nolo dejen manejar un transporte estatal en su vida y que lo amonesten de forma fuerte,cu,0,0,0,0,0,0,0,0,0,que nolir dejar manejar uno transporte estatal en su vida y que él amonestir de forma fuerte
7f84e81f1e3e9830f19bee5bb7afbae8,"TRANSPORTE, BOTEROS, CHOFERES, ÓMNIBUS, RUTAS",0,ese chofer es una muestra del bloqueo de pensamiento que todavía persiste en mucho de los cubanos de hoy,cu,0,0,0,0,0,0,0,0,0,ese chofer ser uno muestra del bloqueo de pensamiento que todavía persistir en mucho de el cubano de hoy
0324d945fea66cfbf027d5a3f03ce875,"TRANSPORTE, BOTEROS, CHOFERES, ÓMNIBUS, RUTAS",0,esta gente estan mandados a correr q ricura.,cu,0,0,0,0,0,0,0,0,0,este gente estar mandado a correr q ricuro
edd83f7e8c2570910402e4443a44f0ce,"TRANSPORTE, BOTEROS, CHOFERES, ÓMNIBUS, RUTAS",0,"?Espero que las demás provincias del país tengan la misma oportunidades, muy buena esa iniciativa, ojalá estos servicios puedan entenderse a todo el país, muchas gracias",cu,0,1,0,0,0,0,0,0,0,esperar que el demá provincia del país tener el mismo oportunidad mucho buen ese iniciativa ojalá este servicio poder entender él a todo el país mucho gracia
18d42615a6234bc00920ab809f7c3d12,"TRANSPORTE, BOTEROS, CHOFERES, ÓMNIBUS, RUTAS",0,"Mi pregunta es para las personas que cogen el carro en Boyero y Tulipán hasta Reloj Club Altabana, o hasta Stiago de la Vegas en ese punto cual es la tarifa??, 10 o 15 ?? No lo vi disculpen. Muchas gracias",cu,0,4,0,0,0,1,0,0,0,mi pregunta ser para el persona que coger el carro en boyero y tulipán hasta reloj club altabán o hasta stiago de el vegas en ese punto cual ser el tarifa 10 o 15 no él ver disculpen mucho gracia
4ed558f16d4342b87f82dbc794815e78,"TRANSPORTE, BOTEROS, CHOFERES, ÓMNIBUS, RUTAS",0,"Muy bien, la unica forma de combatir es enfrentar lo mal hecho, dobre todo aquellos que no tienen corazon. Muchas Felicidades. Te apoyo.",cu,0,0,0,0,0,1,0,0,0,mucho bien el unico forma de combatir ser enfrentar él mal hecho dobre todo aquel que no tener corazon mucho felicidad tú apoyar
aeba8fe9dd0743539ade8403754d2d68,"TRANSPORTE, BOTEROS, CHOFERES, ÓMNIBUS, RUTAS",0,"Carlos, te falto por decir que el carro estatal asignado es gratuito en todos los aspectos y utilizable a
discreción por el beneficiario en vacaciones o trabajando o los fines de semana.",cu,0,0,0,0,0,0,0,0,0,carlos tú faltar por decir que el carro estatal asignado ser gratuito en todo el aspecto y utilizable a discreción por el beneficiario en vacación o trabajar o el fin de semana
bcc620984968ff87257008dd30d0a116,"TRANSPORTE, BOTEROS, CHOFERES, ÓMNIBUS, RUTAS",0,Se le debe cancelar la licencia de por vida,cu,0,0,0,0,0,0,0,0,0,él él deber cancelar el licencia de por vida
0fd38466fa82f7a2bad6634f0cf362c7,"TRANSPORTE, BOTEROS, CHOFERES, ÓMNIBUS, RUTAS",0,"Todo lo que sea en beneficio de la mayoria del pueblo bien. Implementar soluciones de transporte con estos autos y que transitar en ellos nos cueste menos dinero bien, pero hay lograr que se cumpla lo establecido.",cu,0,0,0,0,0,0,0,0,0,todo él que ser en beneficio de el mayoria del pueblo bien implementar solución de transporte con este auto y que transitar en él yo cueste menos dinero bien pero haber lograr que él cumplir él establecido
8ef879c2b5e1a9e08f3dfbfb23445faf,"TRANSPORTE, BOTEROS, CHOFERES, ÓMNIBUS, RUTAS",0,?y la ruta Gunabo-La Habana ¿para cuando? Acaso los boteros le están pagando a laguien para que no la pongan nunca.,cu,0,3,0,0,0,2,0,0,0,y el ruta gunabo el habana para cuando acaso el botero él estar pagar a laguien para que no él pongar nunca
9c9ed4153d36f6c687ba0c9fab698166,"TRANSPORTE, BOTEROS, CHOFERES, ÓMNIBUS, RUTAS",0,Pidan el Carnet de Indentidad y verán.,cu,0,0,0,0,0,0,0,0,0,pedir el carnet de indentidad y ver
2b061e0727057e58496cf58e8c0af30c,"TRANSPORTE, BOTEROS, CHOFERES, ÓMNIBUS, RUTAS",0,Debe de ser fuertemente sancionado. Espero la Dirección de la ruta haga pública la sanción,cu,0,0,0,0,0,0,0,0,0,deber de ser fuertemente sancionado esperar el dirección de el ruta hacer público el sanción
e62d37c1d0a1d24c62c4e646c1628371,"TRANSPORTE, BOTEROS, CHOFERES, ÓMNIBUS, RUTAS",0,"Poner cámaras en todos los ómnibus sería lo mejor que podría pasar, esos se hace en muchos países del mundo, así se pueden atrapar tanto al chofer como a los que destruyen el ómnibus y molestan a los demás.",cu,0,0,0,0,0,0,0,0,0,poner cámara en todo el ómnibus ser él mejor que poder pasar ese él hacer en mucho país del mundo así él poder atrapar tanto al chofer como a el que destruir el ómnibus y molestar a el demá
a09c9e0208f6568981d551407b2891c4,"TRANSPORTE, BOTEROS, CHOFERES, ÓMNIBUS, RUTAS",0,"No me cabe en la cabeza alguien capaz de hacer esto, imagino porque esto es CUBA!, Creo que el chofer es un ser de otra galaxia , que esta aqui en cuba.Y si me uno a tu denuncia !, no me imagino el sentimientode la muchacha ,un daño irreplarable",cu,2,0,1,0,0,2,0,0,0,no yo caber en el cabeza alguien capaz de hacer este imagino porque este ser cuba creer que el chofer ser uno ser de otro galaxia que este aqui en cuba y si yo uno a tu denuncia no yo imaginar el sentimientode el muchacha uno daño irreplarable
4a0b75494777fe8d1098aa5317e1dd73,"TRANSPORTE, BOTEROS, CHOFERES, ÓMNIBUS, RUTAS",0,"Cuando se tomen medidas ejemplarizantes en todo lo mal hecho, indisciplina social, robos, maltrato, malversación, etc, etc, etc, que a diario suceden, los involucrados se verán obligados a no incurrir en tales cosas.
Es bochornoso lo que hizo ese chofer, cómo para publicar su foto en la Prensa!.",cu,1,0,0,0,0,1,0,0,0,cuando él tomar medida ejemplarizante en todo él mal hecho indisciplina social robos maltrato malversación etc etc etc que a diario suceder el involucrado él ver obligado a no incurrir en tal cosa ser bochornoso él que hacer ese chofer cómo para publicar su foto en el prensa
25b760b28d2b2891005c8c2040e9fffe,"TRANSPORTE, BOTEROS, CHOFERES, ÓMNIBUS, RUTAS",0,?Ahora sí. Se van a embarcar los boteros abusadores,cu,0,1,0,0,0,0,0,0,0,ahora sí él ir a embarcar el botero abusador
625430c89ee56d9faf4a3592c35979c7,"TRANSPORTE, BOTEROS, CHOFERES, ÓMNIBUS, RUTAS",0,Por favor cuando van a hacer eso en Sancti Spíritus un viaje de Cabaiguán a Sancti Spíritus que son 17 Km los boteros piden 15 pesos antes eran 10 y lo subieron por Gusto hasta cuando,cu,0,0,0,0,0,0,0,0,0,por favor cuando ir a hacer ese en sancti spíritu uno viaje de cabaiguán a sancti spíritu que ser 17 km el botero pedir 15 pesos antes ser 10 y él subir por gusto hasta cuando
c8f0dca526aed67539d86a735db579ab,"TRANSPORTE, BOTEROS, CHOFERES, ÓMNIBUS, RUTAS",0,"?Todo muy bueno pero, el resto de las provincias, seguiremos en apargatas",cu,0,1,0,0,0,0,0,0,0,todo mucho bueno pero el resto de el provincia seguir en apargata
7adbf0d6763497488617ba10c569bea3,"TRANSPORTE, BOTEROS, CHOFERES, ÓMNIBUS, RUTAS",0,"Eso no sucede solo en Santa Clara, pues en Cienfuegos pasa igual o peor, sobre todo con los coches, que si mueven a la mayoría del personal. Punto aparte son los triciclos amarillos estatales, que ya hacen lo que les da la gana y a esos si no los ampara nadie.",cu,0,0,0,0,0,3,0,0,0,ese no suceder solo en santa claro pues en cienfuego pasar igual o peor sobre todo con el coche que si mover a el mayoría del personal punto aparte ser el triciclo amarillo estatal que ya hacer él que él dar el gana y a ese si no él amparar nadie
65f81d1886f58d1a11c827a16ec33ac5,"TRANSPORTE, BOTEROS, CHOFERES, ÓMNIBUS, RUTAS",0,"La solucion a esto esta en el metodo del taximetro una tarifa bien pensada, gasto de combustible/km mas un % de ganancia por encima del impuesto, que claro esta no debe sobrepasar cierto nivel no vayan entonces a querer ganar el 200% a costillas de los infelices de a pie (como hacen las TRD)",cu,0,0,1,0,0,2,0,0,0,el solucion a este este en el metodo del taximetro uno tarifa bien pensado gasto de combustible km mas uno de ganancia por encima del impuesto que claro este no deber sobrepasar cierto nivel no ir entonces a querer ganar el 200 a costil él de el infeliz de a pie como hacer el trd
1c4cf3702d9d1ee48de3d7097c46a9f9,"TRANSPORTE, BOTEROS, CHOFERES, ÓMNIBUS, RUTAS",0,Bueno que todo el combustible que se desvía desde el sector estatal por falta de control se lo transfieran a las guaguas para que al menos aumente su capacidad de viajes,cu,0,0,0,0,0,0,0,0,0,bueno que todo el combustible que él desviar desde el sector estatal por falta de control él él transfierar a el guagua para que al menos aumentar su capacidad de viaje
478e71e1f8e78d693da7187ba8ccb39d,"TRANSPORTE, BOTEROS, CHOFERES, ÓMNIBUS, RUTAS",0,"No creo que resuelva todos los problemas, pero es algo donde asirse el ciudadano de a pieEs increible que falten los itinerarios desde la terminal interprovincial que es donde mas se abusa de los usuarios
¿Y DESDE LA TERMINAL..?",cu,0,2,2,0,0,1,0,0,0,no creer que resolver todo el problema pero ser algo donde asir él el ciudadano de a pie ser increible que faltar el itinerario desde el terminal interprovincial que ser donde mas él abusar de el usuario y desde el terminal
0731017e990ac8727fa089cb6f81fd41,"TRANSPORTE, BOTEROS, CHOFERES, ÓMNIBUS, RUTAS",0,al final vuelven a caer en lo mismo..quien le pone el cascabel al gato..seguimos sin avanzar en nuestra sociedad,cu,0,0,0,0,0,1,0,0,0,al final volver a caer en él mismo quien él poner el cascabel al gato seguir sin avanzar en nuestro sociedad
e9825e12a7dcaea9b154448099b5c176,"TRANSPORTE, BOTEROS, CHOFERES, ÓMNIBUS, RUTAS",0,?Qué bueno que nuestro país cada día más trabaja para que la población se sienta más a gusto y con mejor calidad de vida esto es un logro más de nuestra revolución cubana . Esperemos que se continue intensificando los servicios para nuestra población cubana que se lo merece .,cu,0,1,0,0,0,0,0,0,0,qué bueno que nuestro país cada día más trabajar para que el población él sentar más a gusto y con mejor calidad de vida este ser uno logro más de nuestro revolución cubano esperar que él continue intensificar el servicio para nuestro población cubano que él él merecer
83cd06e2376fd4cf34ecb680c475dc73,"TRANSPORTE, BOTEROS, CHOFERES, ÓMNIBUS, RUTAS",0,"no leíste bien?
el número del ómnibus (5550) todo ocurrió a las 7:55 pm de la noche
hace falta más información? hace falta poner sistema de cámaras dentro de los ómnibus de transporte urbano?",cu,0,3,0,0,0,1,1,0,0,no leístar bien el número del ómnibus 550 todo ocurrir a el 7 55 pm de el noche hacer falta más información hacer falta poner sistema de cámara dentro de el ómnibus de transporte urbano
aa5412e036a77e66cb81c0cbc451211f,"TRANSPORTE, BOTEROS, CHOFERES, ÓMNIBUS, RUTAS",0,"El que no sabe de matemáticas ni de español, eres tú. He dicho que aumentó EN un 150%, no que aumentó AL 150%. No es lo mismo ni es igual. Cuando un número se duplica, ha aumentado en 100% (a ver si con cucharita entiendes). ",cu,0,0,0,0,0,5,0,0,0,el que no saber de matemática ni de español ser tú haber decir que aumentar en uno 150 no que aumentar al 150 no ser él mismo ni ser igual cuando uno número él duplicar haber aumentar en 100 a ver si con cucharito entiend
0319915f345b63aec419f79905515c2b,"TRANSPORTE, BOTEROS, CHOFERES, ÓMNIBUS, RUTAS",0,"Cuando no tenian taxis,ni almedrones se quejaban,cuando ledesian al taxista tu vas para marianao,el desia yo no voy,y adonde tu vas !;tambien ahora se quejan,por lo menos tienen trasporte.",cu,1,0,0,0,0,3,0,0,0,cuando no teniar taxi ni almedrón él quejar cuando ledesiar al taxista tu va para marianao el desia yo no ir y adonde tu vas tambien ahora él quejar por él menos tener trasporte
ba2fa399545906fc8e817e7c3f170116,"TRANSPORTE, BOTEROS, CHOFERES, ÓMNIBUS, RUTAS",0,"QUE BUENO ! PERO LO MEJOR ES QUE EL GOBIERNO DE LA HABANA SE ESTA METIENDO EN LOS PROBLEMAS QUE AFECTAN A LA GENTE, AL IGUAL QUE LAS TUNAS QUE HIZO ALGO CON SUS CAMIONEROS Y LOS OTROS GOBIERNOS CUANDO SE VAN A METER EN EL PROBLEMA?.",cu,1,1,31,0,0,0,0,0,0,que bueno pero él mejor ser que el gobierno de el habana él este meter en el problema que afectar a el gente al igual que el tuna que hacer algo con su camionero y el otro gobierno cuando él ir a meter en el problema
dc15c11b103c9fdc7acaa74ef23505f7,"TRANSPORTE, BOTEROS, CHOFERES, ÓMNIBUS, RUTAS",0,Cuando se le asigne una cuota de combustible el precio del pasaje será $50,cu,0,0,0,0,0,0,0,0,0,cuando él él asignir uno cuota de combustible el precio del pasaje ser 50
11cfddd1ac91dadf63afa836a20bdd87,"TRANSPORTE, BOTEROS, CHOFERES, ÓMNIBUS, RUTAS",0,FELICIDADES POR LA ACTITUD DE DENUNCIAR LO MAL HECHO,cu,0,0,6,0,0,0,0,0,0,felicidad por el actitud de denunciar él mal hecho
bbb1f8b50e96a514e8dc4d1ddf7a87af,"TRANSPORTE, BOTEROS, CHOFERES, ÓMNIBUS, RUTAS",0,"?mientras mas guaguas, mas gentes. lo que hace falta es que toda familia tenga un carro. Punto.",cu,0,1,0,0,0,0,0,0,0,mientras mas guagua mas gent él que hacer falta ser que todo familia tener uno carro punto
aa25564fa2979eeaf8226b5b7d980189,"TRANSPORTE, BOTEROS, CHOFERES, ÓMNIBUS, RUTAS",0,"Espero ahora la respuesta de la empresa de omnibus, como minimo debe ser expulsado, aunque se le puede acusar, seguro que hay causa.",cu,0,0,0,0,0,0,0,0,0,esperar ahora el respuesta de el empresa de omnibu como minimo deber ser expulsar aunque él él poder acusar seguro que haber causa
3dc77f67f37d1eb58db283a0612e22e9,"TRANSPORTE, BOTEROS, CHOFERES, ÓMNIBUS, RUTAS",0,1500 pesos diarios x 365 del año serian 547500 y no 10 millones,cu,0,0,0,0,0,1,0,0,0,1500 pesos diario x 365 del año seriar 547500 y no 10 millón
84f347a622001e9b81bec12c750f6b69,"TRANSPORTE, BOTEROS, CHOFERES, ÓMNIBUS, RUTAS",0,espero que se publique la medida y la acusación por negación de auxilio,cu,0,0,0,0,0,0,0,0,0,esperar que él publicar el medida y el acusación por negación de auxilio
92bddec2831f39f893a25cbe13885d40,"TRANSPORTE, BOTEROS, CHOFERES, ÓMNIBUS, RUTAS",0,ya era hora que se pronunciaran sobre el tema,cu,0,0,0,0,0,0,0,0,0,ya ser hora que él pronunciarir sobre el tema
80e39965c5be5195ef2e7b5b09ad4617,"TRANSPORTE, BOTEROS, CHOFERES, ÓMNIBUS, RUTAS",0,Muy bien hecha la denuncia pues no podemos permitir este tipo de injusticias tan inhumanas y mucho menos en nuestra sociedad de hecho ya hoy no debería estar trabajando ese chófer en ningún lugar que preste servicio al pueblo.,cu,0,0,0,0,0,3,0,0,0,mucho bien hecho el denuncia pues no poder permitir este tipo de injusticia tanto inhumano y mucho menos en nuestro sociedad de hecho ya hoy no deber estar trabajar ese chófer en ninguno lugar que prestir servicio al pueblo
1246cf90ad8a92c24da9650bdd029a72,"TRANSPORTE, BOTEROS, CHOFERES, ÓMNIBUS, RUTAS",0,"A ese chófer hay que bajarlo definitivamente del ómnibus, personas indolentes no pueden servir al pueblo.",cu,0,0,0,0,0,1,0,0,0,a ese chófer haber que bajar él definitivamente del ómnibus persona indolente no poder servir al pueblo
64849d49bdd59a198dbd01ab2c741192,"TRANSPORTE, BOTEROS, CHOFERES, ÓMNIBUS, RUTAS",0,Simplemente porque los chóferes no ganabaneste no sabe lo que hasta un ómnibus.. .debe ser los que ahorra un peso con el estado para pagarle 10 al privado.,cu,0,0,0,0,0,2,0,0,0,simplemente porque el chófer no ganar este no saber él que hasta uno ómnibus deber ser el que ahorrar uno peso con el estado para pagar él 10 al privado
52d7f23ddcbd23bb16e707fbe5921357,"TRANSPORTE, BOTEROS, CHOFERES, ÓMNIBUS, RUTAS",0,Este articulo lo que pretende es desviar la atención de los tantos problemas que tenemos que resolvermejor seria uno en el que podamos conocer las soluciones.saludos,cu,0,0,0,0,0,0,0,0,0,este articulo él que pretender ser desviar el atención de el tanto problema que tener que resolver mejor serio uno en el que poder conocer el solución saludo
ac2b8aded7ad36490e11be20e508bec1,"TRANSPORTE, BOTEROS, CHOFERES, ÓMNIBUS, RUTAS",0,bajara el precio del petroleo en los cupet????.por poner un ejemplo de cosas que afectan el precio de los autos.,cu,0,4,0,0,0,0,1,0,0,bajar el precio del petroleo en el cupet por poner uno ejemplo de cosa que afectar el precio de el auto
651054d8d1ceadea29aed1c53f56fa5c,"TRANSPORTE, BOTEROS, CHOFERES, ÓMNIBUS, RUTAS",0,deberian publicar la foto de este enorme salvaje para ver que cuba completa lo vea y asi le da pena y verguenza,cu,0,0,0,0,0,0,0,0,0,deberiar publicar el foto de este enorme salvaje para ver que cuba completar él ver y asi él dar pena y verguenza
6c41d533b4471d1e96dda2a1c1bef329,"TRANSPORTE, BOTEROS, CHOFERES, ÓMNIBUS, RUTAS",0,"Que barbaridades dices, como puedes comparas a Cuba con Canada.",cu,0,0,0,0,0,0,0,0,0,que barbaridad diz como poder compara a cuba con canada
4107040d819a08b5f804e38e805fd321,"TRANSPORTE, BOTEROS, CHOFERES, ÓMNIBUS, RUTAS",0,"?Se acabó el abuso de los boteros, pero comienza el abuso de los microbuses, seguiremos en las mismas, aca en Bayamo que ya cumplimos 500 hace rato no hay ni una chivichana que nos transporte.",cu,0,1,0,0,0,2,0,0,0,él acabar el abuso de el botero pero comenzar el abuso de el microbús seguir en el mismo aca en bayamo que ya cumplir 500 hacer rato no haber ni uno chivichana que yo transportar
545ea7371d383556274bc261de9bb444,"TRANSPORTE, BOTEROS, CHOFERES, ÓMNIBUS, RUTAS",0,"LA OFERTA Y DEMANDA EN CUBA NO FUNCIONA IGUAL QUE ENOTROS PAISES,TIENE SUS PECULIARIDADES",cu,0,0,11,0,0,1,0,0,0,el oferta y demanda en cuba no funcionar igual que enotro país tener su peculiaridad
c022834241ae2bdf426ff3704d6e43d7,"TRANSPORTE, BOTEROS, CHOFERES, ÓMNIBUS, RUTAS",0,jeje sale mi casao una pequeña parte de ella,cu,0,0,0,0,1,0,0,0,0,jeje salir mi casa o uno pequeño parte de él
7e6a168f26a748bbadd91f504367e0f4,"TRANSPORTE, BOTEROS, CHOFERES, ÓMNIBUS, RUTAS",0,El tema del precio del pretoleo no puede ser justificación.,cu,0,0,0,0,0,1,0,0,0,el tema del precio del pretoleo no poder ser justificación
86778c234bddb2dc3b57f65ce23fa338,"TRANSPORTE, BOTEROS, CHOFERES, ÓMNIBUS, RUTAS",0,"Sencillo, separación del cargo, más 3 meses de fregador, luego separación del centro",cu,0,0,0,0,0,0,0,0,0,sencillo separación del cargo más 3 mes de fregador luego separación del centro
43c3e21e4ed09e9c189481134bb7889a,"TRANSPORTE, BOTEROS, CHOFERES, ÓMNIBUS, RUTAS",0,"Se ven muchas cosas desagradables todos los días pero no pasa nada, personas sin alma que tienen cargo, que manejan un ómnibus público, médicos que lo que le importa es la java del regalo pero lo peor de todo es que no pasa nada.",cu,0,0,0,0,0,5,0,0,0,él ver mucho cosa desagradable todo el día pero no pasar nada persona sin alma que tener cargo que manejar uno ómnibus público médico que él que él importar ser el java del regalo pero él peor de todo ser que no pasar nada
75e12f9af57ada399bda7d4cd845ad14,"TRANSPORTE, BOTEROS, CHOFERES, ÓMNIBUS, RUTAS",0,"Bueno, yo imagino que a estas horas ya hayan separado definitivamente a ese chofer de su puesto, yo haria mas, publicar su foto y nombre en la prensa, para que se averguence de ese inhumano acto que cometio y para desestimular a otros que pudieran pensar en cometerlo. Muy buena la denuncia de Jose",cu,0,0,0,0,0,0,0,0,0,bueno yo imagino que a este hora ya haber separar definitivamente a ese chofer de su puesto yo hariar mas publicar su foto y nombre en el prensa para que él averguence de ese inhumano acto que cometio y para desestimular a otro que poder pensar en cometer él mucho buen el denuncia de jo él
a700e47746585f0d77249884a943b75b,"TRANSPORTE, BOTEROS, CHOFERES, ÓMNIBUS, RUTAS",0,"Pues me parece una muy buena respuesta. Dos cosas hay que resolver, crear una empresa que transporte de
forma eficiente y segura esas cargas, y adecuar los salarios a la realidad.",cu,0,0,0,0,0,0,0,0,0,pues yo parecer uno mucho buen respuesta dos cosa haber que resolver crear uno empresa que transporte de forma eficiente y seguro ese carga y adecuar el salario a el realidad
92cce46877efeac0b1771f8f99348005,"TRANSPORTE, BOTEROS, CHOFERES, ÓMNIBUS, RUTAS",0,"Se percibe en la sociedad una especie de sentimiento de refuto subconsciente hacia el insipiente sector privado, esta ultima palabra se maneja con recelo o desestimo, y es natural cuando su presencia ha transcurrido durante tanto tiempo de forma tan minúscula.",cu,0,0,0,0,0,0,0,0,0,él percibir en el sociedad uno especie de sentimiento de refuto subconsciente hacia el insipiente sector privado este ultimo palabra él manejar con recelo o desestimo y ser natural cuando su presencia haber transcurrir durante tanto tiempo de forma tanto minúsculo
2944962bc777d930af0af3b322a05723,"TRANSPORTE, BOTEROS, CHOFERES, ÓMNIBUS, RUTAS",0,"Esa ley nos hace daño por la en eficiencia estatal que no es capaz de satisfacer la demanda y estos señores se aprovecha de ello,y también ningún jefe anda en transporte publico",cu,0,0,0,0,0,2,0,0,0,ese ley yo hacer daño por el en eficiencia estatal que no ser capaz de satisfacer el demanda y este señor él aprovechar de él y también ninguno jefe andar en transporte publico
229169a4057b044bb4fb7010a6a701e5,"TRANSPORTE, BOTEROS, CHOFERES, ÓMNIBUS, RUTAS",0,"Bien hecho amigo,ese no se merece manejar,de que los hay los hay, sera HP, por dios que a estas altura se comporte de esa manera, hay que ver que se le hace a este tipo de gente, se le retira la licencia o algo fuerte.",cu,0,0,0,0,0,1,0,0,0,bien hecho amigo ese no él merecer manejar de que él haber él haber sera hp  por dio que a este altura él comportar de ese manera haber que ver que él él hacer a este tipo de gente él él retirar el licencia o algo fuerte
c57422bb9d14ed10e4bbec1cb212f8ab,"TRANSPORTE, BOTEROS, CHOFERES, ÓMNIBUS, RUTAS",0,Y los que montan por atrás con sacos y carretillas ? El problema es que la muchacha no le dio 5 pesos como hacen los demás,cu,0,1,0,0,0,1,0,0,0,y el que montar por atrás con saco y carretil él el problema ser que el muchacha no él dar 5 pesos como hacer el demá
648fa62476404d91d847e0cfbe846044,"TRANSPORTE, BOTEROS, CHOFERES, ÓMNIBUS, RUTAS",0,"No veo en absoluto que este articulo tenga que ver algo con la honestidad, es simplemente una pequenna dosis pura de capitalismo salvaje, y valga la redundancia.",cu,0,0,0,0,0,1,0,0,0,no ver en absoluto que este articulo tener que ver algo con el honestidad ser simplemente uno pequenna dosis puro de capitalismo salvaje y valga el redundancia
1e768fa02bfb9c8e85361b1eea87ceee,"TRANSPORTE, BOTEROS, CHOFERES, ÓMNIBUS, RUTAS",0,"Estamos peor que en el capitalismo de estado, cada provincia es un mundo aparte y cada cuál hace lo que le da la gana literalmente y supuestamente somos de la misma Cuba bella cuanto desastre.",cu,0,0,0,0,0,0,0,0,0,estar peor que en el capitalismo de estado cada provincia ser uno mundo aparte y cada cuál hacer él que él dar el gana literalmente y supuestamente ser de el mismo cuba bello cuanto desastrar
9a6a58f58f709a6124915fbbbc7dd70d,"TRANSPORTE, BOTEROS, CHOFERES, ÓMNIBUS, RUTAS",0,"?Tienes toda la razón. Si no hay control, dentro de poco se convertirán en carros paRTICULARES",cu,0,1,0,0,0,1,0,0,0,tener todo el razón si no haber control dentro de poco él convertir en carro particular
5f603233f2b02be392b829446fd5ee22,"TRANSPORTE, BOTEROS, CHOFERES, ÓMNIBUS, RUTAS",0,"ES verdad cocuerdo con Mike, tiene razon al final siguen haciendo lo que ya esta establecido por ellos, yo tambien he cogido maquinas para poder llegar temprano a la escuela y es por gusto por que te siguen cobrando igual,y que vas a hacer nada por que en definitiva a donde hay que llevar la queja.",cu,0,0,0,0,0,1,0,0,0,ser verdad cocuerdo con mike tener razon al final seguir hacer él que ya este establecido por él yo tambien haber coger maquina para poder llegar temprano a el escuela y ser por gusto por que tú seguir cobrar igual y que vas a hacer nada por que en definitiva a donde haber que llevar el queja
326f5e66037cac748af3e39792113877,"TRANSPORTE, BOTEROS, CHOFERES, ÓMNIBUS, RUTAS",0,"Felicitaciones, un articulo detallado y acorde con la realidad que se vive no solo en Villa Clara, sino en todo el país.",cu,0,0,0,0,0,2,0,0,0,felicitación uno articulo detallado y acorde con el realidad que él vivir no solo en villa claro sino en todo el país
4e64c361fb51859c932678a91f535bd5,"TRANSPORTE, BOTEROS, CHOFERES, ÓMNIBUS, RUTAS",0,pienso que fue lo correcto,cu,0,0,0,0,0,0,0,0,0,pensar que ser él correcto
a18946d0feabc30f2f7045e94e41edc2,"TRANSPORTE, BOTEROS, CHOFERES, ÓMNIBUS, RUTAS",0,"inhumano, eso debe ser tradición de su familia, y es un estilo machista y patriarcal.
Dios lo perdone y que jamás ese chofer tenga que pasar por eso de estar en una silla de ruedas.
!por favor! Por dios.",cu,2,0,0,0,0,1,0,0,0,inhumano ese deber ser tradición de su familia y ser uno estilo machista y patriarcal dio él perdonar y que jamás ese chofer tener que pasar por ese de estar en uno silla de rueda por favor por dio
207d075b9581094e718614e3876c4f86,"TRANSPORTE, BOTEROS, CHOFERES, ÓMNIBUS, RUTAS",0,"Muy bien la denuncia de este hecho, es algo entonces que debe incluirse en el reglamento disciplinario de los choferes de ómnibus, la solidaridad, cooperación, tolerancia, etc",cu,0,0,0,0,0,0,0,0,0,mucho bien el denuncia de este hecho ser algo entonces que deber incluir él en el reglamento disciplinario de el chofer de ómnibus el solidaridad cooperación tolerancia etc
2f72303686c2ec0ce504454fcbb742c9,"TRANSPORTE, BOTEROS, CHOFERES, ÓMNIBUS, RUTAS",0,"Por los precios que se le estan poniendo a los productos y a los servicios parece que el ministerio de
finanzas y precios radica en otro pais.",cu,0,0,0,0,0,0,0,0,0,por el precio que él él estar poner a el producto y a el servicio parecer que el ministerio de finanza y precio radicar en otro pais
13dce81c5e03015b31f44b400b4eeedd,"TRANSPORTE, BOTEROS, CHOFERES, ÓMNIBUS, RUTAS",0,"que clase falta de respeto, ojalá y lo sancionen bien fuerte por esa mala actitud, es que eso merece hasta la separación definitva y no del centro, si no del organismo.",cu,0,0,0,0,0,2,0,0,0,que clase falta de respeto ojalá y él sancionir bien fuerte por ese malo actitud ser que ese merecer hasta el separación definitva y no del centro si no del organismo
ad2adba2aa1084a0f520aa5907967ad4,"TRANSPORTE, BOTEROS, CHOFERES, ÓMNIBUS, RUTAS",0,Lo que no sirve no sirve.,cu,0,0,0,0,0,2,0,0,0,él que no servir no servir
0d92c2fd6923e0502b706568b2537fce,"TRANSPORTE, BOTEROS, CHOFERES, ÓMNIBUS, RUTAS",0,El séptimo párrafo es de vital importancia.,cu,0,0,0,0,0,0,0,0,0,el séptimo párrafo ser de vital importancia
0007f87d95abcc69832bb5f55a00b2a2,"TRANSPORTE, BOTEROS, CHOFERES, ÓMNIBUS, RUTAS",0,"?Llenar La Habana de Ruteros es una excelente solución, pero controlar que cumplan estrictamente con su misión es la tarea pendiente.",cu,0,1,0,0,0,0,0,0,0,llenar el habana de rutero ser uno excelente solución pero controlar que cumplir estrictamente con su misión ser el tarea pendiente
1128cec39aaaa50610e6ee259bf3151b,"TRANSPORTE, BOTEROS, CHOFERES, ÓMNIBUS, RUTAS",0,"?Exelente noticia, ahora sera mas facil para viajar en la capital, lo que hace falta que se cuiden que la situación económica del País esta dificil.",cu,0,1,0,0,0,0,0,0,0,exelente noticia ahora sero mas facil para viajar en el capital él que hacer falta que él cuidir que el situación económico del país este dificil
8e34fc4f11e05a06083d250fba6a5444,"TRANSPORTE, BOTEROS, CHOFERES, ÓMNIBUS, RUTAS",0,"Nada justifica este acto falta de humanidad, lo que debe hacer la empresa provincial de transporte es botar al chofer de la terminal y darlo a conocer por los medios de difusión masiva como ejemplo para todos los choferes de otras terminales.",cu,0,0,0,0,0,1,0,0,0,nada justificar este acto falta de humanidad él que deber hacer el empresa provincial de transporte ser botar al chofer de el terminal y dar él a conocer por el medio de difusión masivo como ejemplo para todo el chofer de otro terminal
1dd9b7e67b6fa12d9350cda8834743d3,"TRANSPORTE, BOTEROS, CHOFERES, ÓMNIBUS, RUTAS",0,100 % de coincidencia. Saludos.,cu,0,0,0,0,0,0,0,0,0,100 de coincidencia saludo
09f5d794309df971e5e1e5921c606b85,"TRANSPORTE, BOTEROS, CHOFERES, ÓMNIBUS, RUTAS",0,"Muy buen debate,si hay que poner freno a lo mal hecho, en todas las ramas y el transporte( almendrones) se se les fue de la mano, ya estan corruptos.Pero pienso que se puede trabajar y principalmente la policia, no todos los caballitos, son como los del Pan con lechón.",cu,0,0,0,0,0,1,0,0,0,mucho buen debate si haber que poner freno a él mal hecho en todo el rama y el transporte almendrón él él él ser de el mano ya estar corrupto pero pensar que él poder trabajar y principalmente el policia no todo el caballito ser como el del pan con lechón
38d2bd4ee702a2340b38f31f4d1d3979,"TRANSPORTE, BOTEROS, CHOFERES, ÓMNIBUS, RUTAS",0,"Acciones como esas se merecen fuertes sanciones disciplinarias, debido a la falta de tacto o sensibilidad del conductor de la mentada ruta.",cu,0,0,0,0,0,0,0,0,0,acción como ese él merecer fuerte sanción disciplinario debido a el falta de tacto o sensibilidad del conductor de el mentado ruta
908d7a94dca49d711497693299958e75,"TRANSPORTE, BOTEROS, CHOFERES, ÓMNIBUS, RUTAS",0,"NO creo q la solución deba ser esta de echar a pelear a unos contra otros. Parece mentira q a eso lleve el gobierno de La Habana, cuando queda demostrado q estas cosas tienen real solución si el gobierno pone en circulación lo q se demanda.",cu,0,0,0,0,0,1,0,0,0,no creer q el solución deber ser este de echar a pelear a uno contra otro parecer mentira q a ese llevar el gobierno de el habana cuando quedar demostrado q este cosa tener real solución si el gobierno poner en circulación él q él demandar
fc10ecb4cbbce446fabf7200c7d3a08a,"TRANSPORTE, BOTEROS, CHOFERES, ÓMNIBUS, RUTAS",0,que fuerte!!!,cu,3,0,0,0,0,0,1,0,0,que fuerte
dde7abc4fbc6294d22159c133f79829e,"TRANSPORTE, BOTEROS, CHOFERES, ÓMNIBUS, RUTAS",0,"no entiendo porque los carros sigen al mismo precio y no se ha respetado lo que se comunico estoy hablando de la ruta de Alamar todavía siguen a $20.00 desde alamar hasta el naval, hasta el bahía y hasta La Habana como se soluciona este problema",cu,0,0,0,0,0,2,0,0,0,no entender porque el carro sigen al mismo precio y no él haber respetar él que él comunico estar hablar de el ruta de alamar todavía seguir a 20 00 desde alamar hasta el naval hasta el bahía y hasta el habana como él solucionir este problema
823f61c91490b3440f1ff3c9abdac68a,"TRANSPORTE, BOTEROS, CHOFERES, ÓMNIBUS, RUTAS",0,Los boteros de Alamar siguen cobrando 20 pesos hasta donde vayas!!!!,cu,4,0,0,0,0,0,1,0,0,el botero de alamar seguir cobrar 20 pesos hasta donde vayas
a59865716dc585c714dde6ff6c663cb1,"TRANSPORTE, BOTEROS, CHOFERES, ÓMNIBUS, RUTAS",0,"?Excelente noticia para la Capital, las provincias seguimos en la Comunidad Primitiva. Despúés no se puede criticar ni expulsar a los orientales de su éxodo a La Habana.",cu,0,1,0,0,0,2,0,0,0,excelente noticia para el capital el provincia seguir en el comunidad primitivo despúés no él poder criticar ni expulsar a el oriental de su éxodo a el habana
5ab82d688419b506f99e6400ba86eb5b,"TRANSPORTE, BOTEROS, CHOFERES, ÓMNIBUS, RUTAS",0,WOW!!!! Dubai siempre alante de todos!!!!,cu,8,0,1,0,0,0,2,0,0,wow dubai siempre alante de todo
a0c9eb4e746fb47491763fbe713d6a2a,"TRANSPORTE, BOTEROS, CHOFERES, ÓMNIBUS, RUTAS",0,"Buen día, publicaron esto y qué???? que dijeron???? justificar solo eso, como siempre. ¿QUIEN REALIZO LA
SUPUESTA ENCUESTA, OMNIBUS NACIONALES? podría hasta adivinar las respuestas. Una vez mas las voz del pueblo quedó sofocada por nuestros avesados dirigentes.",cu,0,10,6,0,0,0,2,0,0,buen día publicar este y qué que decir justificar solo ese como siempre quien realacer el supuesto encuesta omnibu nacional poder hasta adivinar el respuesta uno vez mas el voz del pueblo quedar sofocado por nuestro avesado dirigente
196e284976f5f7c524535e97ab3f1bef,"TRANSPORTE, BOTEROS, CHOFERES, ÓMNIBUS, RUTAS",0,Es necesario que se tome medidas dastricas con todas estas cosas que pasan a diario y mas en la capital y se haga una seleccion a la hora de poner a los choferes en las locales pues ese trabajador no debe de estar bien.,cu,0,0,0,0,0,1,0,0,0,ser necesario que él tomar medida dastrica con todo este cosa que pasar a diario y mas en el capital y él hacer uno seleccion a el hora de poner a el chofer en el local pues ese trabajador no deber de estar bien
989cbbc816d0a291e70c4f40ee50a5fc,"TRANSPORTE, BOTEROS, CHOFERES, ÓMNIBUS, RUTAS",0,"Es el reflejo de la indisciplina que reina en la sociedad cubana y que se reconoce por las autoridades,pero no hacen nada y día a día se vive así en la calle,entre gritos,música a todo volumen, malas palabras,borrachera,etc,en fin el relajo autorizado",cu,0,0,0,0,0,2,0,0,0,ser el reflejo de el indisciplina que reinar en el sociedad cubano y que él reconocer por el autoridad pero no hacer nada y día a día él vivir así en el calle entre grito música a todo volumen mala palabra borrachero etc en fin el relajo autorizado
2566941ac685179c330641d33475e166,"TRANSPORTE, BOTEROS, CHOFERES, ÓMNIBUS, RUTAS",0,y la ruta habana la lisa por 51 que fue de las primeras en subir el precio no la publican,cu,0,0,0,0,0,1,0,0,0,y el ruta habán el lisa por 51 que ser de el primero en subir el precio no él publican
84c9f786f685d3a412a72248cf8403d0,"TRANSPORTE, BOTEROS, CHOFERES, ÓMNIBUS, RUTAS",0,"Sinceramente creo que la Provincia de Villa Clara está virada al revés. Aquí está pasando de todo y no veo a las autoridades tomando decisiones, OJO a las autoridades de la provincia que se les está yendo de las manos la situación. Saludos",cu,0,0,1,0,0,1,0,0,0,sinceramente creer que el provincia de villa claro estar virado al revés aquí estar pasar de todo y no ver a el autoridad tomar decisión ojo a el autoridad de el provincia que él él estar ir de el mano el situación saludo
f6af35bb6f19b210004bcc0f9dec1f75,"TRANSPORTE, BOTEROS, CHOFERES, ÓMNIBUS, RUTAS",0,"Carlos por favor que mal matemático eres, si se ganan 36 000 mensuales son solo 432 000 al año, ¿DE
DONDE SACASTE LOS 10 MILLONES 368 MIL PESOS???????????",cu,0,12,6,0,0,0,3,0,0,carlos por favor que mal matemático ser si él ganar 36 00 mensual ser solo 432 00 al año de donde sacaste el 10 millón 368 mil pesos
c479251631dc1318c29284671bcc196c,"TRANSPORTE, BOTEROS, CHOFERES, ÓMNIBUS, RUTAS",0,"Bueno e leído más de 350 comentarios, pero ninguno proviene de un funcionario de la empresa de Omnibus de La Habana. Ojalá este caso no quede en el olvido como muchas otras atrcidades que se cometen. Saludos",cu,0,0,0,0,0,2,0,0,0,bueno e leído más de 350 comentario pero ninguno provenir de uno funcionario de el empresa de omnibus de el habana ojalá este caso no quedar en el olvido como mucho otro atrcidad que él cometer saludo
43af2cedbe342522c52e616273f6f1d4,"TRANSPORTE, BOTEROS, CHOFERES, ÓMNIBUS, RUTAS",0,"Al final estimados conectados, el que sale perdiendo es el ciudadano comun, porque ahora habran menos boteros para poder trasladarse, porque de las guaguas ni pensarlo.",cu,0,0,0,0,0,1,0,0,0,al final estimado conectado el que salir perder ser el ciudadano comun porque ahora habran menos botero para poder trasladar él porque de el guagua ni pensar él
d7359636fb1a1c828f9bd0f50460c63d,"TRANSPORTE, BOTEROS, CHOFERES, ÓMNIBUS, RUTAS",0,"cary lo que dice andres si lo considero provechoso, si el estado vendiera a los trabajadores de a pie al menos , a credito una moto electrica cuantas personas que trabajamos en centro habana y vivimos en el vedado entonces lo utlizariamos y muchos casos mas igual no la utilizarian",cu,0,0,0,0,0,1,0,0,0,cary él que decir andr si él considerar provechoso si el estado vendierar a el trabajador de a pie al menos a credito uno moto electrico cuanta persona que trabajar en centro habán y vivir en el vedado entonces él utlizariar y mucho caso mas igual no él utilizariar
bd961c52a659d6b95c7f85c6d6f3c64d,"TRANSPORTE, BOTEROS, CHOFERES, ÓMNIBUS, RUTAS",0,"Ninguna regulación resuelve la escasez. Como siempre botan el sofá  y no son capaces de buscar la verdadera solución. Por qué no hay transporte? El que decidió apropiarse de todo tiene la obligación de hacerlo suficiente, si no, es un fracasado.
Más de lo mismo.",cu,0,1,0,0,0,4,0,0,0,ninguno regulación resolver el escasez como siempre botar el sofá y no ser capaz de buscar el verdadero solución por qué no haber transporte el que decidir apropiar él de todo tener el obligación de hacer él suficiente si no ser uno fracasado más de él mismo
45cddb5685eb50f5e7468acfadacce32,"TRANSPORTE, BOTEROS, CHOFERES, ÓMNIBUS, RUTAS",0,"Lo mejor no es sancionarlo laboralmente, si eso fuera a ocurrir, lo bueno sería publicar su foto en la prensa, como la canción, para que todos conozcan a la persona de malas entrañas.",cu,0,0,0,0,0,1,0,0,0,él mejor no ser sancionar él laboralmente si ese ser a ocurrir él bueno ser publicar su foto en el prensa como el canción para que todo conocer a el persona de mala entraña
7ed07f8ed46ca737ef8fc6c194d74d89,"TRANSPORTE, BOTEROS, CHOFERES, ÓMNIBUS, RUTAS",0,OTRA VEZ LOS CUBANOS ACUSANDONOS UNOS AOTROS los boteros son parte del problema y la otra parte de quien es la responsabilidad de los precios GALACTICOS de TRD-ETECSA-CIMEX-CARACOL y no tengo carro tambien soy afectado quiero que alguien me EXPLIQUE ojala me publiquen,cu,0,0,13,0,0,1,0,0,0,otro vez el cubano acusandono uno aotro el botero ser parte del problema y el otro parte de quien ser el responsabilidad de el precio galactico de trd etecsa  cimex caracol y no tener carro tambien ser afectado querer que alguien yo explicar ojala yo publicar
fc7820648dbb89b4c5c34e758d181c18,"TRANSPORTE, BOTEROS, CHOFERES, ÓMNIBUS, RUTAS",0,Ivm lástima que no conozcas a nadie de los directivos y trabajadores de ómnibus urbanos es por eso que te permites difamarlos.solo para que lo sepas a ellos sólo se les da el 30 % del combustible que tenían planificado para administrar y aun así tratan de hacer su trabajo.,cu,0,0,0,0,0,2,0,0,0,ivm lástima que no conozca a nadie de el directivo y trabajador de ómnibus urbano ser por ese que tú permitir difamarlo solo para que él sepa a él sólo él él dar el 30 del combustible que tener planificado para administrar y aun así tratar de hacer su trabajo
c5034335d5b8cf8429ad6704c3bc6a54,"TRANSPORTE, BOTEROS, CHOFERES, ÓMNIBUS, RUTAS",0,"Ese ciudadano, responsable de la conducción del ómnibus, por llamarlo de algún modo no puede ser ni dependiente de una placita o guardaparque: mándenlo a cortar caña y que no toque jamás el timón de un ómnibus.",cu,0,0,0,0,0,4,0,0,0,ese ciudadano responsable de el conducción del ómnibus por llamar él de alguno modo no poder ser ni dependiente de uno placita o guardaparque mándenlo a cortar caña y que no tocar jamás el timón de uno ómnibus
266db22b50d181bab7ecbd2afc44e0ae,"TRANSPORTE, BOTEROS, CHOFERES, ÓMNIBUS, RUTAS",0,"Usted viaja en carro o no vive en Cuba, estoy segura!",cu,1,0,0,0,0,1,0,0,0,usted viajar en carro o no vivir en cuba estar seguro
ab5cf8cce777530c4de7ea758704dd91,"TRANSPORTE, BOTEROS, CHOFERES, ÓMNIBUS, RUTAS",0,"El problema es el dinero!! No hay dinero. Muchos gastos , salario muy bajo. Ya con Etecsa se va todo, es algo
increíble la verdad, no sabemos que nos vamos a hacer para vivir decentemente.",cu,2,0,0,0,0,2,0,0,0,el problema ser el dinero no haber dinero mucho gasto salario mucho bajo ya con etecsa él ir todo ser algo increíble el verdad no saber que yo ir a hacer para vivir decentemente
c3829d9a82c40e8651c01c0613bb9b7d,"TRANSPORTE, BOTEROS, CHOFERES, ÓMNIBUS, RUTAS",0,"AL FIIIIIIINNNNNM, AHORA FALTA QUE LA POLICIA Y EL PUEBLO SENA CAPACES DE DENUNCIAR A LOS QUE VIOLEN ESTA RESOLUCIÓN.",cu,0,0,14,0,0,0,2,0,0,al fiinnm ahora faltar que el policia y el pueblo sena capaz de denunciar a el que violar este resolución
95dabe9b78d033e8920fbffa6a5d46b6,"TRANSPORTE, BOTEROS, CHOFERES, ÓMNIBUS, RUTAS",0,"Sin piedad con este chofer tan inhumano, una medida que sirva de lección para el y para aquellos que incurran en hechos como estosEn nuestra sociedad, no existen cabidas para estos individuos que se creen los dueños del mundo. Noooooooo!",cu,1,0,0,0,0,2,1,0,0,sin piedad con este chofer tanto inhumano uno medida que servir de lección para el y para aquel que incurrir en hecho como este en nuestro sociedad no existir cabida para este individuo que él creer el dueño del mundo noo
c3d65753c64f2abb452584ebda72897f,"TRANSPORTE, BOTEROS, CHOFERES, ÓMNIBUS, RUTAS",0,"Aqui no existe Oferta y Demnda, es Oferta y nada mas, si no te conviene lo que te ofertan, no tienes posibilidades de demandar nada, lo tomas o lo dejas!!!!",cu,4,0,0,0,0,5,1,0,0,aqui no existir oferta y demndo ser oferta y nada mas si no tú convenir él que tú ofertar no tener posibilidad de demandar nada él tomar o él dejar
0b5f9b40d0e1bc3362066d94ccb2c98e,"TRANSPORTE, BOTEROS, CHOFERES, ÓMNIBUS, RUTAS",0,Cary TODO pero TODO tiene que ver. Dejemos la ingenuidad.,cu,0,0,2,0,0,0,0,0,0,cary todo pero todo tener que ver dejar el ingenuidad
b6736e8f29c4ecd2de4265f0d6f95ded,"TRANSPORTE, BOTEROS, CHOFERES, ÓMNIBUS, RUTAS",0,"Que criminal ese chofer, no puedo aguantar mis lágrimas.",cu,0,0,0,0,0,1,1,0,0,que criminal ese chofer no poder aguantar mi lágrima
0f14c243cd9710f41688878561055c84,"TRANSPORTE, BOTEROS, CHOFERES, ÓMNIBUS, RUTAS",0,?Que lastima no conozcas a Cuba..te recomiendo q hagas un tour desde el cabo de San Antonio hasta la Punta d Maisíasí verás q Cuba entera tiene sus hermosos lugares y no todo es área verde,cu,0,1,0,0,0,2,0,0,0,que lastima no conozca a cuba tú recomeir q haga uno tour desde el cabo de san antonio hasta el punta d maisí así verás q cuba entero tener su hermoso lugar y no todo ser área verde
08416349ec9bea1c09e2f983005fa73f,"TRANSPORTE, BOTEROS, CHOFERES, ÓMNIBUS, RUTAS",0,"Horrible leer cosas como estas, ! Qué falta de todo !",cu,2,0,0,0,0,0,0,0,0,horrible leer cosa como este qué falta de todo
053ff811e372968473e9b4af209a2570,"TRANSPORTE, BOTEROS, CHOFERES, ÓMNIBUS, RUTAS",0,"?Panfi, apretaste en qué país tú estás? quién puede importar un auto en Cuba por su cuenta? Tú tienes plata para eso? Panfi, esto es para hablar en serio.",cu,0,4,0,0,0,0,0,0,0,panfi apretastar en qué país tú estar quién poder importar uno auto en cuba por su cuenta tú tener plata para ese panfi este ser para hablar en serio
63e672757c69135002762e8f2fc5e73c,"TRANSPORTE, BOTEROS, CHOFERES, ÓMNIBUS, RUTAS",0,"Estoy muy de acuerdo con esa sabia decisión para los capitalinos, a la vez se debe tomar como muestra para el transporte intermumincipal del interior del país, por ejemplo una máquina de Encrucijada-Santa Clara cobra 25 CUP.",cu,0,0,1,0,0,0,0,0,0,estar mucho de acuerdo con ese sabio decisión para el capitalino a el vez él deber tomar como muestra para el transporte intermumincipal del interior del país por ejemplo uno máquina de encrucijada santa claro cobrar 25 cup
26c4dd449f38af1686d5ed9cf4203a04,"TRANSPORTE, BOTEROS, CHOFERES, ÓMNIBUS, RUTAS",0,"a ver cuando dije que todo estaba bien es porque Diaz Canel estaba aqui, porque cuando se fue, todo volvio a ser como era antes, sin carne sin helado sin transporte, se le acabo la magia al santaclareño.",cu,0,0,0,0,0,3,0,0,0,a ver cuando decir que todo estar bien ser porque diaz canel estar aqui porque cuando él ser todo volvio a ser como ser antes sin carne sin helado sin transporte él él acabar el magia al santaclareño
b7a37748649aba58efbbc64e64fd24ff,"TRANSPORTE, BOTEROS, CHOFERES, ÓMNIBUS, RUTAS",0,"Es vital que se de a conocer quien es ese animal con licencia de chofer, que publiquen su foto, que le invaliden la licencia y que lo pongan a trabajar en la reparación de las calles.
La otra variante sería ponerlo a cuidar burros , lo siento por los burros pero el tipo tiene que trabajar.
BESTIA!!!",cu,3,0,1,0,0,0,1,0,0,ser vital que él de a conocer quien ser ese animal con licencia de chofer que publicar su foto que él invalidar el licencia y que él poner a trabajar en el reparación de el calle el otro variante ser poner él a cuidar burro él sentir por el burro pero el tipo tener que trabajar bestia
3a6e70eddf68275623797a7af8e3d070,"TRANSPORTE, BOTEROS, CHOFERES, ÓMNIBUS, RUTAS",0,"Al final siguen cobrando lo mismo, yo he cogido 2 carros desde el 14 de feb para acá desde el parque hasta San Francisco y me cobraron 20 igual las 2 veces. Que hay que hacer en este caso, a donde me quejo?",cu,0,1,0,0,0,0,0,0,0,al final seguir cobrar él mismo yo haber coger 2 carro desde el 14 de feb para acá desde el parque hasta san francisco y yo cobrar 20 igual el 2 vez que haber que hacer en este caso a donde yo quejar
340fdcc563ed22ab6d0e9b2de3446179,"TRANSPORTE, BOTEROS, CHOFERES, ÓMNIBUS, RUTAS",0,YO APRUEBO EL ARTICULO AL 100% SE PUEDE HACER UNA MESA REDONDA SOBRE EL TEMA,cu,0,0,9,0,0,0,0,0,0,yo aprobar el articulo al 100 él poder hacer uno mesa redondo sobre el tema
ad9552ed72d2b01cc5e63c09211899f4,"TRANSPORTE, BOTEROS, CHOFERES, ÓMNIBUS, RUTAS",0,"Muchachos fuerza y palante, se los digo yò q ahora estoy haciendo pacotilla en Haitì, increible aquì no hay problemas con el transporte jajajaj",cu,0,0,0,0,0,1,0,0,0,muchacho fuerza y palante él él decir yò q ahora estar hacer pacotilla en haitì increible aquì no haber problema con el transporte jajajaj
98116968f727b4f584eca10c9e1ce8bd,"TRANSPORTE, BOTEROS, CHOFERES, ÓMNIBUS, RUTAS",0,Y por qué temerle a las GUAGUAS también!!!???.esas si merecen regulacionesy no las cumplenlo otro no es posible mientras no haya transporte garantizado por el Estado,cu,3,3,1,0,0,3,2,0,0,y por qué temer él a el guagua también ese si merecer regulación y no él cumplir él otro no ser posible mientras no haber transporte garantizado por el estado
a8afd854a7c8f93f68f40a1d32ad6764,"TRANSPORTE, BOTEROS, CHOFERES, ÓMNIBUS, RUTAS",0,"Qué mal momento para esos jóvenes, que mal ejemplo, ¿con que moral pensamos educar a las nuevas generaciones, con indolencia e insensibilidad?
por suerte se mantuvieron unidos y fueron todo el tiempo solidarios con su compañera.",cu,0,2,0,0,0,0,0,0,0,qué mal momento para ese joven que mal ejemplo con que moral pensar educar a el nuevo generación con indolencia e insensibilidad por suerte él mantener unido y ser todo el tiempo solidario con su compañera
221c02212ac80eee20858d0102a24f42,"TRANSPORTE, BOTEROS, CHOFERES, ÓMNIBUS, RUTAS",0,¿Y quién controla el cumplimiento de esas tarifas?,cu,0,2,0,0,0,0,0,0,0,y quién controlar el cumplimiento de ese tarifa
1e88df402871be62cb04cb0e7d259189,"TRANSPORTE, BOTEROS, CHOFERES, ÓMNIBUS, RUTAS",0,"Totalmente de acuerdo Francotirador, ahora falta ver cuando el estado comenzará a tomar riendas en el asunto. El respeto a la vida sana y cordial se debe exigir con estricto rigor a cada ciudadano, a partir de ahí es que surge la conciencia y no al revés.",cu,0,0,0,0,0,1,0,0,0,totalmente de acuerdo francotirador ahora faltar ver cuando el estado comenzar a tomar rienda en el asunto el respeto a el vida sano y cordial él deber exigir con estricto rigor a cada ciudadano a partir de ahí ser que surgir el conciencia y no al revés
740062fad5d99d9065ae587bd14ced24,"TRANSPORTE, BOTEROS, CHOFERES, ÓMNIBUS, RUTAS",0,"Medidas para desestimular el sobre peso, en un país que tiene el alto peso de vivir con lo que se pueda y el alto
precio impuesto por los que no tienen necesidad del sobre peso.
Hay muchas formas de hacer cosas malas por la revolución y la mayoría se hacen desde arriba.",cu,0,0,0,0,0,1,0,0,0,medida para desestimular el sobre peso en uno país que tener el alto peso de vivir con él que él poder y el alto precio impuesto por el que no tener necesidad del sobre peso haber mucho forma de hacer cosa mala por el revolución y el mayoría él hacer desde arriba
449b540540686c137623a3dbb6a26693,"TRANSPORTE, BOTEROS, CHOFERES, ÓMNIBUS, RUTAS",0,Para poder llegar a mi casa tengo que coger 3 maquinas si ando con suerte pero sino tengo que coger 5... pero en fin males que tenemos que sufrir por la mala organizacion que existen por parte del Ministerio de Transporte de nuestro adorado pais.,cu,0,0,0,0,0,1,1,0,1,para poder llegar a mi casa tener que coger 3 maquina si ar con suerte pero sino tener que coger 5 pero en fin mal que tener que sufrir por el malo organizacion que existir por parte del ministerio de transporte de nuestro adorado pai
a3736b64be0d1078a65fb43cd76ae8b9,"TRANSPORTE, BOTEROS, CHOFERES, ÓMNIBUS, RUTAS",0,Esto ayudara a que cada cual haga lo que le toca en materia de disciplina y por supuesto no olvidar nunca el control de lo que se dispone.,cu,0,0,0,0,0,2,0,0,0,este ayudar a que cada cual hacer él que él tocar en materia de disciplina y por supuesto no olvidar nunca el control de él que él disponer
c8bb241ef7af29b2bcd771702bc472bb,"TRANSPORTE, BOTEROS, CHOFERES, ÓMNIBUS, RUTAS",0,El objetivo es el mismo que con la tarifa electrica,cu,0,0,0,0,0,0,0,0,0,el objetivo ser el mismo que con el tarifa electrico
14cd02d2a0edd00c3a3b01b4206b60c7,"TRANSPORTE, BOTEROS, CHOFERES, ÓMNIBUS, RUTAS",0,espero que los directivos de la terminal guanabo y de la empresa de omnibus no dejen impune este hecho y den a conocer por esta viala medida tomada con el chofer,cu,0,0,0,0,0,1,0,0,0,esperar que el directivo de el terminal guanabo y de el empresa de omnibu no dejar impune este hecho y dar a conocer por este via el medida tomado con el chofer
a9d33e7bd9e1bb6f6f9156c84419b59e,"TRANSPORTE, BOTEROS, CHOFERES, ÓMNIBUS, RUTAS",0,?Uffff Ahora sí se les acabó el aviso a los boteros A recogerse,cu,0,1,0,0,0,0,1,0,0,uff ahora sí él él acabar el aviso a el botero a recoger él
44416f486064fb515955b075d6754ae1,"TRANSPORTE, BOTEROS, CHOFERES, ÓMNIBUS, RUTAS",0,"QUE CABALLO, QUE LO VOTEN Y MAS NUNCA PUEDA MANEJAR OMNIBUS URBANOS.",cu,0,0,10,0,0,1,0,0,0,que caballo que él votar y mas nunca poder manejar omnibu urbano
e11fe7656092a4e2fd461e983a06b244,"TRANSPORTE, BOTEROS, CHOFERES, ÓMNIBUS, RUTAS",0,creo que no han tenido en cuenta en el recorrido de paradero de playa hasta la novia del mediodía que son 10 pesos que hay un punto recurrente que es el hospital CIMEQ que debería cobrarse a 5 pesos este pequeño tramo,cu,0,0,1,0,0,1,0,0,0,creer que no haber tener en cuenta en el recorrido de paradero de playa hasta el novia del mediodía que ser 10 pesos que haber uno punto recurrente que ser el hospital cimeq que deber cobrar él a 5 pesos este pequeño tramo
3c0927ea409aed30e16374e20a7625a7,"TRANSPORTE, BOTEROS, CHOFERES, ÓMNIBUS, RUTAS",0,"Ese hombre no es humano, no tiene corazón , no es nadieporque no tiene alma",cu,0,0,0,0,0,5,0,0,0,ese hombre no ser humano no tener corazón no ser nadie porque no tener alma
bf7ed39a9625f2917857b3c259700a72,"TRANSPORTE, BOTEROS, CHOFERES, ÓMNIBUS, RUTAS",0,"?De acuerdo contigoobservador,creo que la solución está en Rusia,claro si se queda bien en cuanto al pago.",cu,0,1,0,0,0,0,0,0,0,de acuerdo contigo observador creer que el solución estar en rusia claro si él quedar bien en cuanto al pago
41b0431fcdf09c862cbbaef40bebb157,"TRANSPORTE, BOTEROS, CHOFERES, ÓMNIBUS, RUTAS",0,Cuando vendrán a regular los precios en Varadero y Cardenas??????,cu,0,6,0,0,0,0,1,0,0,cuando venir a regular el precio en varadero y cardena
a1aece881e2cf3e61457244add16c94d,"TRANSPORTE, BOTEROS, CHOFERES, ÓMNIBUS, RUTAS",0,Publica la foto del chofer en Redes Sociales. HAGAMOS QUE SE ACUERDE TODA SU VIDA DE LO QUE NO DEBIÓ HACER !!!!,cu,4,0,8,0,0,1,1,0,0,publicar el foto del chofer en red social hacer que él acordar todo su vida de él que no deber hacer
774fe98a3f619ce5e4065e65e85c81dd,"TRANSPORTE, BOTEROS, CHOFERES, ÓMNIBUS, RUTAS",0,Tenemos que seguir denunciando actitudes como esta. Que bueno que nadie apoyo la actitud inhumana y falta de valores de este chofer que no deberia trabajar con la poblacion.,cu,0,0,0,0,0,2,0,0,0,tener que seguir denunciar actitud como este que bueno que nadie apoyar el actitud inhumano y falta de valor de este chofer que no deberio trabajar con el poblacion
59ce360c4f4931dcd53e2770e0acb441,"TRANSPORTE, BOTEROS, CHOFERES, ÓMNIBUS, RUTAS",0,Dubai siempre en la vanguardia de la utilizacion de nuevas tecnologias,cu,0,0,0,0,0,0,0,0,0,dubai siempre en el vanguardia de el utilizacion de nuevo tecnologia
eb2c339c1db66981ef84a447d4a7fca9,"TRANSPORTE, BOTEROS, CHOFERES, ÓMNIBUS, RUTAS",0,"No es menos cierto que los llamados Boteros resuelven un gran problema en la transportacion de la poblacion ya era hora que se toman estas medidas , VAMOS A VER SI SE CUMPLE LO ESTABLECIDO BIEN HECHO FELICITACIONES",cu,0,0,7,0,0,1,0,0,0,no ser menos cierto que el llamado botero resolver uno gran problema en el transportacion de el poblacion ya ser hora que él tomar este medida ir a ver si él cumplir él establecido bien hecho felicitación
b68e5cf11c55c1e715367adca807c994,"TRANSPORTE, BOTEROS, CHOFERES, ÓMNIBUS, RUTAS",0,Ya era hora,cu,0,0,0,0,0,0,0,0,0,ya ser hora
d24bebcf8feae0fdeb599cb8e21d1515,"TRANSPORTE, BOTEROS, CHOFERES, ÓMNIBUS, RUTAS",0,"?Qué bueno!!! Vamos a ver si se despejan las guaguas (esperando que los que tienen más dinero utilicen los microbuses) para poder ir al tranajo menos apretaditos, porque a mi la cuenta no me da a 10.00 cup (ida y vuelta) diario para ir a trabajar por 400.00 MN",cu,3,1,0,0,0,1,1,0,0,qué bueno ir a ver si él despegir el guagua esperar que el que tener más dinero utilizar el microbús para poder ir al tranajo menos apretadito porque a mi el cuenta no yo dar a 10 00 cup ida y vuelta diario para ir a trabajar por 400 00 mn
598344793aff78560c7a4230bc3f71d7,"TRANSPORTE, BOTEROS, CHOFERES, ÓMNIBUS, RUTAS",0,"Bueno y hasta Alamar aumentaron el precio, todos los precios de $15.00 antes eran $10.00",cu,0,0,0,0,0,0,0,0,0,bueno y hasta alamar aumentar el precio todo el precio de 15 00 antes ser 10 00
23cb397b80e53f58d216dac41223529f,"TRANSPORTE, BOTEROS, CHOFERES, ÓMNIBUS, RUTAS",0,"Muy bueno, Randy, este es uno de los temas candentes en La Habana que indigna por la impunidad con que se manifiesta a pesar de los daños que causa a la circulación vehicular, a la vida de las personas, al medio ambiente y al bolsillo del ciudadano de a pie. Tú como siempre, tan certero en tus artículos.",cu,0,0,0,0,0,0,0,0,0,mucho bueno randy este ser uno de el tema candent en el habana que indignar por el impunidad con que él manifestar a pesar de el daño que causar a el circulación vehicular a el vida de el persona al medio ambiente y al bolsillo del ciudadano de a pie tú como siempre tanto certero en tu artículo
2afe87f95b1f3103e0ca34df8e2c3fe9,"TRANSPORTE, BOTEROS, CHOFERES, ÓMNIBUS, RUTAS",0,"Así mismo, dueño y señor, o al menos eso es lo que se creen, y son todos, los del transporte público y los de los centros estatales, todos se creen dueños de lo que manejan",cu,0,0,0,0,0,0,0,0,0,así mismo dueño y señor o al menos ese ser él que él creer y ser todo el del transporte público y el de el centro estatal todo él creer dueño de él que manejar
94bb2b73b70188d7a93578ca35510605,"TRANSPORTE, BOTEROS, CHOFERES, ÓMNIBUS, RUTAS",0,"No veo el recorrido de los boteros por la ruta de Calle 23, espero que sea el mismo de la Ruta 5.",cu,0,0,0,0,0,1,0,0,0,no ver el recorrido de el botero por el ruta de calle 23 esperar que ser el mismo de el ruta 5
95ac0d6d741baa0420619328a7845f55,"TRANSPORTE, BOTEROS, CHOFERES, ÓMNIBUS, RUTAS",0,"Por eso nosotros estamos asi, es malo preguntarle a alguien si monta almendrones, son muchos los que no los montan y son diversas las razones, pero no es ningun delito",cu,0,0,0,0,0,3,0,0,0,por ese yo estar asi ser malo preguntar él a alguien si montar almendrón ser mucho el que no él montar y ser diverso el razón pero no ser ningun delito
434b6a81362e163f1ea99fbcfbcadb3d,"TRANSPORTE, BOTEROS, CHOFERES, ÓMNIBUS, RUTAS",0,"si fueran dos sacos de cebolla con sus correspondiente ganancia el abre la puerta carga los sacos y los acomoda, ese guaguero viola la proteccion a los discapacitados , pues apliquenle la ley.",cu,0,0,0,0,0,0,0,0,0,si ser dos saco de cebolla con su correspondiente ganancia el abrir el puerta carga el saco y el acomodo ese guaguero viola el proteccion a el discapacitado pues apliquenlir el ley
5cb339eb56b3efff22207f4a0aa97be9,"TRANSPORTE, BOTEROS, CHOFERES, ÓMNIBUS, RUTAS",0,"LA OFERTA Y DEMANDA EN CUBA NO FUNCIONA COMO EN OTROS PAISES,TIENE SUS PECULIARIDADES",cu,0,0,10,0,0,1,0,0,0,el oferta y demanda en cuba no funcionar como en otro país tener su peculiaridad
43b87278a20a3dfac6c68cbcc64d49e2,"TRANSPORTE, BOTEROS, CHOFERES, ÓMNIBUS, RUTAS",0,"?Que bueno. Ahora que bajen los precios de las rutas. Porque el estado es peor que los particulares, los critican pero cobran lo mismo.",cu,0,1,0,0,0,0,0,0,0,que bueno ahora que bajar el precio de el ruta porque el estado ser peor que el particular él criticar pero cobrar él mismo
e96d219b062f707890831e15ee70c937,"TRANSPORTE, BOTEROS, CHOFERES, ÓMNIBUS, RUTAS",0,?Me siento feliz de esta grande noticia así damos respuesta a los comentarios mal intencionados de algunos que no confían en nuestra revolución y sus dirigentes gracias y muchas felicidades,cu,0,1,0,0,0,1,0,0,0,yo sentir feliz de este grande noticia así dar respuesta a el comentario mal intencionado de alguno que no confiar en nuestro revolución y su dirigente gracias y mucho felicidad
c69f711b793ed9fa02658a23c76f9a40,"TRANSPORTE, BOTEROS, CHOFERES, ÓMNIBUS, RUTAS",0,ESO SUCEDE EN TODA CUBA Y QUE DECIR DE LOS CAMIONES SANTIAGO-HABANA CON UN PRECIO DE 400.00 QUE CASI TRIPLICA EN PRECIO DE LAS GUAGUAS Y SIGUEN IMPUNE O LO TOMAS O LO TOMAS.,cu,0,0,22,0,0,0,0,0,0,ese suceder en todo cuba y que decir de el camión santiago habán con uno precio de 400 00 que casi triplico en precio de el guagua y seguir impune o él tomar o él tomar
e222854dce5bf7090c5326e6844d307d,"TRANSPORTE, BOTEROS, CHOFERES, ÓMNIBUS, RUTAS",0,A partir de que momento surge efecto la medida?,cu,0,1,0,0,0,0,0,0,0,a partir de que momento surgir efecto el medida
644c493dd846a76295730c9cd220a3d0,"TRANSPORTE, BOTEROS, CHOFERES, ÓMNIBUS, RUTAS",0,"?Otro error , hay que invertir en lo que hace falta.En CUBA existen suficientes medios para el transporte publico lo que hace falta es ORGANIZACIÓN Y DISCIPLINA",cu,0,1,3,0,0,0,0,0,0,otro error haber que invertir en él que hacer falta en cuba existir suficiente medio para el transporte publico él que hacer falta ser organización y disciplina
c300f45a92edb8d2f69d34c7ee38ac04,"TRANSPORTE, BOTEROS, CHOFERES, ÓMNIBUS, RUTAS",0,"QUE ME DICEN DE LOS BICITAXIS, SON TANTO O MAS PELIGROSO QUE LOS ALMENDRONES, PUES NO
RESPETAN LAS SENALES DE TRANSITO Y ANDAN CONTRARIO POR TODA LA HABANA. CREO QUE DEBEN PORTAR PLACA AL IGUAL QUE LOS VEHICULOS MOTORES.",cu,0,0,31,0,0,1,0,0,0,que yo decir de el bicitaxi ser tanto o mas peligroso que el almendrón pues no respetar el senal de transito y andar contrario por todo el habana creer que deber portar placa al igual que el vehiculo motor
950bdfc12c4db890e06ca06e7a4a65d3,"TRANSPORTE, BOTEROS, CHOFERES, ÓMNIBUS, RUTAS",0,Lo que no sive no sirve,cu,0,0,0,0,0,2,0,0,0,él que no sivir no servir
96e92d6ec195813e5cafe1ff5f5ff36f,"TRANSPORTE, BOTEROS, CHOFERES, ÓMNIBUS, RUTAS",0,?Qué arrogante eres más respeto ok que a mucha honra criamos caballos,cu,0,1,0,0,0,0,0,0,0,qué arrogante ser más respeto ok que a mucho honra criar caballo
f4a49249da94ff187713bf6c95e87080,"TRANSPORTE, BOTEROS, CHOFERES, ÓMNIBUS, RUTAS",0,¿cuando van a tomar medidas en la terminal de ómnibus nacionales con los trabajadores del centro y ´´socios adyacentes´´ que venden los pasajes a 10 cuc por encima del precio del mismo. y q me dicen de los choferes que ´´recogen pasajeros en las carreteras¿?,cu,0,3,0,0,0,0,0,0,0,cuando ir a tomar medida en el terminal de ómnibus nacional con el trabajador del centro y socio adyacente que vender el pasaje a 10 cuc por encima del precio del mismo y q yo decir de el chofer que recoger pasajero en el carretera
0e1fcc0417e751c3d725718b6982a56c,"TRANSPORTE, BOTEROS, CHOFERES, ÓMNIBUS, RUTAS",0,"Muy oportuna tu decisión José pues personas como este chofer son las que cada día afectan con su actitud los principios de nustra sociedad humanismo, solidaridad
concidero deviera ser sancionado con severidad como establece la ley al respecto.",cu,0,0,0,0,0,0,0,0,0,mucho oportuno tu decisión josé pues persona como este chofer ser el que cada día afectar con su actitud el principio de nustra sociedad humanismo solidaridad concidero deveír ser sancionar con severidad como establecer el ley al respecto
e0af88dcce22477f673751527155b901,"TRANSPORTE, BOTEROS, CHOFERES, ÓMNIBUS, RUTAS",0,"Por favor!!!!!!! Este artículo es idéntico al de las manzanas. Vayan a la raíz del problemaNada de eso existiría si el transporte estatal cubriera la demanda. la culpa no es de los motoneteros, ni el de la cola que se
desespera y paga por llegar a su destino.",cu,7,0,0,0,0,3,1,0,0,por favor este artículo ser idéntico al de el manzana ir a el raíz del problema nada de ese existir si el transporte estatal cubrierar el demanda el culpa no ser de el motonetero ni el de el cola que él desespera y pagar por llegar a su destino
bf4f22a4d9e3add5d2e3d48bf5ed52d7,"TRANSPORTE, BOTEROS, CHOFERES, ÓMNIBUS, RUTAS",0,"hay que tener un castigo merecido para este chofer. Es una cosa q no entiendo, los cubanos son muy solidarios, amables, una persona q trabaja para en el sector y tiene esa actitud, ponle en la prision para q sepa, me lo pasó a mi en una situación casi semejante una vez por ser extranjero.",cu,0,0,0,0,0,1,0,0,0,haber que tener uno castigo merecido para este chofer ser uno cosa q no entender el cubano ser mucho solidario amable uno persona q trabajar para en el sector y tener ese actitud ponle en el prision para q sepa yo él pasar a mi en uno situación casi semejante uno vez por ser extranjero
b7ec4c45d20f2942b590b014ba72cdf5,"TRANSPORTE, BOTEROS, CHOFERES, ÓMNIBUS, RUTAS",0,pero eso es estafa..,cu,0,0,0,0,0,0,0,0,0,pero ese ser estafa
9bda902609a28206e6f5cdeb74eaa210,"TRANSPORTE, BOTEROS, CHOFERES, ÓMNIBUS, RUTAS",0,"el que inventó en Cuba OFERTA Y DEMANDA debieran cortarle la lengua, son palabras magicas que se agarran aquellos que son indolentes para exprimir el bolsillo del necesitado.",cu,0,0,2,0,0,0,0,0,0,el que inventar en cuba oferta y demanda deber cortar él el lengua ser palabra magica que él agarrar aquel que ser indolente para exprimir el bolsillo del necesitado
b47b61ff4b165aa759924e2d93a5f6b0,"TRANSPORTE, BOTEROS, CHOFERES, ÓMNIBUS, RUTAS",0,"Salio bien parado que eran muchachos nobles, sino ,,,·$%",cu,0,0,0,0,0,1,1,0,0,salio bien parado que ser muchachos noble sino
d16f7c194d71df3a9ada3a6aacba7d65,"TRANSPORTE, BOTEROS, CHOFERES, ÓMNIBUS, RUTAS",0,"?Levian, me maravilla el despotismo con que tratas a los bayameses, por culpa de cubanos como tu es que estamos como estamos.",cu,0,1,0,0,0,0,0,0,0,leviar yo maravillar el despotismo con que trata a el bayamés por culpa de cubano como tu ser que estar como estar
773062c5d63782a097067b141648323f,"TRANSPORTE, BOTEROS, CHOFERES, ÓMNIBUS, RUTAS",0,"A PONER ESTE INTERESANTE ÁRTICULO EN LOS ESPACIOS LA PRENSA NACIONAL ESCRITA, QUE NO SE
QUEDE EN ESTE LIMITADO ESPACIO QUE MUY POCOS VEN",cu,0,0,18,0,0,1,0,0,0,a poner este interesante árticulo en el espacio el prensa nacional escrito que no él quedar en este limitado espacio que mucho poco ver
5f3776c5c9505859f4245f37d8fad6b0,"TRANSPORTE, BOTEROS, CHOFERES, ÓMNIBUS, RUTAS",0,"Y ahí mismo es cuando yo me monto sin replicar y si el tramo es de $5, le saco mis $5 y le digo: tienes 3 opciones, coges estos $5, o no coges ninguno, o me llamas a la policía y entonces vamos a ver a como tocamos",cu,0,0,0,0,0,3,0,0,0,y ahí mismo ser cuando yo yo montar sin replicar y si el tramo ser de 5 él sacar mi 5 y él decir tener 3 opción cog este 5 o no cogar ninguno o yo llamar a el policía y entonces ir a ver a como tocar
1c7667ab83ebbb5c442b76031cb6e33f,"TRANSPORTE, BOTEROS, CHOFERES, ÓMNIBUS, RUTAS",0,"amigo matancero no se pueden comparar los tramos de Matanzas con los de Santa Clara, evidentemente Matanzas es una franja alrededor de la bahia, cosa que no pasa en SC.",cu,0,0,0,0,0,2,0,0,0,amigo matancero no él poder comparar el tramo de matanza con el de santa claro evidentemente matanza ser uno franja alrededor de el bahia cosa que no pasar en sc
1b57f1c1ef27c57381bdd36714ceb688,"NUEVAS TECNOLOGÍAS, INFORMATIZACIÓN DE LA SOCIEDAD",1,"La ""suficiencia de ETECSA"" como proveedor de infraestructura de telecomunicaciones me maravilla, espero que se tomen medidas.",cu,0,0,1,0,0,0,0,2,0,el suficiencia de etecsa como proveedor de infraestructura de telecomunicación yo maravillar esperar que él tomar medida
57279bf9c7c0f7ba69f2df4c5906f5dd,"NUEVAS TECNOLOGÍAS, INFORMATIZACIÓN DE LA SOCIEDAD",1,señoreeeeessss pero si ya hay INTERNET EN CUBAAA!!!!! CÓMO ES Q AUN NO SE HAN PODIDO CONECTAR AL FACE????  JAJAJAJ,cu,5,4,9,0,0,1,5,0,0,señoreess pero si ya haber internet en cubaa cómo ser q aun no él haber poder conectar al face jajajaj
123c82a43bf3c6a0055924c20baca8f9,"NUEVAS TECNOLOGÍAS, INFORMATIZACIÓN DE LA SOCIEDAD",1,"Eluko, muy de acuerdo con usted, las regulaciones controlan y es lo qeu se debe hacer, pero prohibir, eso si favorece el desarrollo que necesitamos ",cu,0,0,0,0,0,0,0,0,0,eluko mucho de acuerdo con usted el regulación controlar y ser él qeu él deber hacer pero prohibir ese si favorecer el desarrollo que necesitar
c693f331977edddee83e35170055f70b,"NUEVAS TECNOLOGÍAS, INFORMATIZACIÓN DE LA SOCIEDAD",1,"Siempre he dicho que la informática es la herramienta por excelencia para garantizar productividad, eliminar burocracia y corrupción; claro si se emplea adecuadamente y se usa como herramienta principal no como ¨Algo más¨ que es a lo que estamos acostumbrados.",cu,0,0,0,0,0,1,0,0,0,siempre haber decir que el informática ser el herramienta por excelencia para garantizar productividad eliminar burocracia y corrupción claro si él emplear adecuadamente y él usar como herramienta principal no como algo más que ser a él que estar acostumbrado
4a1960f3e9c1dd3983ea52ee2ecb4f71,"NUEVAS TECNOLOGÍAS, INFORMATIZACIÓN DE LA SOCIEDAD",1,feisbuk y tuiter que es eso son los nombres de alienignas de una serie de tv india,cu,0,0,0,0,0,0,0,0,0,feisbuk y tuiter que ser ese ser el nombre de alienigna de uno serie de tv india
4fece98f4ef1c2c897a65070ac88e593,"NUEVAS TECNOLOGÍAS, INFORMATIZACIÓN DE LA SOCIEDAD",1,"ñooo, que bueno no lo sabia que esto existia, lo escribi en mi navegador y esto fue lo que me puso
Causa del error: Usted no esta autorizado para ver esta pagina. ",cu,0,0,0,0,0,2,1,0,0,ñoo que bueno no él sabio que este existiar él escribi en mi navegador y este ser él que yo poner causa del error usted no este autorizado para ver este pagina
d9d1618065499a54c3fd64a752b45ce9,"NUEVAS TECNOLOGÍAS, INFORMATIZACIÓN DE LA SOCIEDAD",1,"la realidad aún la infraestructura está lejos de la intención, el acceso vía PC es (ilimitado), el acceso vía móvil está configurado para terminales que permitan 3g (muy pocos la tienen), venta de computadoras, laptops o tabletas, al alcance de la mayoría de los cubanos de a pie.",cu,0,0,0,0,0,0,0,0,0,el realidad aún el infraestructura estar lejos de el intención el acceso vía pc ser ilimitar el acceso vía móvil estar configurado para terminal que permitir 3 g mucho poco él tener venta de computadora laptops o tableta al alcance de el mayoría de el cubano de a pie
a093aa189994865a79b506fe82d862dc,"NUEVAS TECNOLOGÍAS, INFORMATIZACIÓN DE LA SOCIEDAD",1,"que bueno dense una vuelta por el JC de la Coloma en Pinar del Río. Podrán constatar rodo lo que dice en el
articulo. jajajajajaajajajajajajaajajjjajajajejejejejeejejejejej no dejen de hacerlo pr favor.",cu,0,0,0,0,0,1,1,0,0,que bueno densar uno vuelta por el jc de el coloma en pinar del río poder constatar rodo él que decir en el articulo jajajajajaajajajajajajaajajjajajajejejejejeejejejejej no dejar de hacer él pr favor
1cc8ee44ac34c0db20f531812aedd3f3,"NUEVAS TECNOLOGÍAS, INFORMATIZACIÓN DE LA SOCIEDAD",1,"Muy eficiente es el funcionamiento de los cajeros automáticos, jajaja, y la cantidad instalada  actualmente se corresponden con las tarjetas disponibles.",cu,0,0,0,0,0,0,0,0,0,mucho eficiente ser el funcionamiento de el cajero automático jajajo y el cantidad instalado actualmente él corresponder con el tarjeta disponible
5b67369818dd070ac8e622e42ed4ec6e,"NUEVAS TECNOLOGÍAS, INFORMATIZACIÓN DE LA SOCIEDAD",1,"Se me ocurrió un mejor título para este artículo, Cubanos momificamente modificados por las redes",cu,0,0,0,0,0,0,0,0,0,él yo ocurrir uno mejor título para este artículo cubano momificamente modificado por el red
a89f33c236225c907ae894d6a31bb032,"NUEVAS TECNOLOGÍAS, INFORMATIZACIÓN DE LA SOCIEDAD",1,¿Tendremos algún día un número telefónico único para todo tipo de emergencias? ¿A dónde llamo si veo un barco incendiado? ¿Al 107 o al 108 o al 106 o al ciento etcétera?,cu,0,6,0,0,0,0,0,0,0,tener alguno día uno número telefónico único para todo tipo de emergencia a dónde llamar si ver uno barco incendiado al 107 o al 108 o al 106 o al ciento etcétera
f89d859fb02fc9af0f8984250e333dbe,"NUEVAS TECNOLOGÍAS, INFORMATIZACIÓN DE LA SOCIEDAD",1,?ETECSA: Estamos Tratando de Establecer Comunicación Sin Apuro con calma.,cu,0,1,1,0,0,1,0,0,0,etecsa estar tratar de establecer comunicación sin apuro con calma
77bb9d94fdaefb147c5a8a0866a2f03e,"NUEVAS TECNOLOGÍAS, INFORMATIZACIÓN DE LA SOCIEDAD",1,QUE BIEN  ESTAMOS LOS JÓVENES CUBANOS!!!!hasta modificados genéticamente estamos  jajajja,cu,4,0,6,0,0,0,1,0,0,que bien estar el joven cubano hasta modificado genéticamente estar jajajja
217081cac7d307b5ee520fa51c116272,"NUEVAS TECNOLOGÍAS, INFORMATIZACIÓN DE LA SOCIEDAD",1,"tecnologia inalambrica en las escuelas! a quien se le ocurre!?
Si actualmente no atienden a clases por los moviles y demas, imaginense esto.
Incluso se me estaba ocurriendo proponerle al Min de Educacion fabricar interferidores de GSM/WiFi/Bluetooth para cada aula, relativamente simples de hacer.",cu,2,1,1,0,0,1,0,0,0,tecnologia inalambrico en el escuela a quien él él ocurrir si actualmente no atender a clase por el movil y dema imaginense este incluso él yo estar ocurrir proponer él al min de educacion fabricar interferidor de gsm wifi bluetooth para cada aula relativamente simple de hacer
1dd21720faac1cf81b3516b6917c7ea4,"NUEVAS TECNOLOGÍAS, INFORMATIZACIÓN DE LA SOCIEDAD",1,"jajajaja, esta si apretó",cu,0,0,0,0,0,0,0,0,0,jajajajar este si apretar
f2aaa7f029c99b06dc0f86a56a249881,"NUEVAS TECNOLOGÍAS, INFORMATIZACIÓN DE LA SOCIEDAD",1,"Dejemos de criticar a  ETECSA que la pobre, trabaja porque nuestro pueblo tenga una conexión de calidad, esos precios estan muy comodos, lo que pasa es que hay que alternarse, un mes lo cojo para comer y el otro para navegar en INTERNET, ven, asi de facil",cu,0,0,2,0,0,0,0,0,0,dejar de criticar a etecsa que el pobre trabajar porque nuestro pueblo tener uno conexión de calidad ese precio estar mucho comodo él que pasar ser que haber que alternar él uno mes él cojo para comer y el otro para navegar en internet ver asi de facil
a981a474dcd23c94a66bdfac5ea70aa4,"NUEVAS TECNOLOGÍAS, INFORMATIZACIÓN DE LA SOCIEDAD",1,"Hola soy joven y gracias a que estudio en la uci tengo internet pero en mi pueblo NADIE, NI mis amigos se imaginan que es POR FAVOR DÉJENSE DE CUENTOS y salgaaaaaaaaaaaaaaaaaaannnn por DIOS,,,SALGAAANNN DE LA HABANAAAAAAAAAAAAAAAA",cu,0,0,8,0,0,2,6,0,0,hola ser joven y gracias a que estudiar en el uci tener internet pero en mi pueblo nadie ni mi amigo él imaginar que ser por favor déjense de cuento y salgaann por dio salgaann de él habanaa
a7f7d252d0d3c252967d65c0c8f9fc37,"NUEVAS TECNOLOGÍAS, INFORMATIZACIÓN DE LA SOCIEDAD",1,"ME VOY A DORMIR..HASTA MAÑANA;. BUENOS DIAS AMIGOS DE FACEBOOK..; HOLA HOY ME TOME UN HELADO ME BAÑE EN UNA PISCINA MIREN LAS FOTOSETC ETCETC
Estupideces que dan asco",cu,0,0,20,0,0,0,0,0,0,yo ir a dormir hasta mañana buen dia amigo de facebook hola hoy yo tomar uno helado yo bañir en uno piscina mirar el foto etc etcetc estupidez que dar asco
14b4b5888bed91114079eec480da3228,"NUEVAS TECNOLOGÍAS, INFORMATIZACIÓN DE LA SOCIEDAD",1,"Pero creo que vamos bien, des-pacito, dentro de poco seremos más los que tendremos la posibilidad de utilizar el Internet desde el móvil y sin mucho costo todo es poco a poco y eso al cubano se le olvida.",cu,0,0,0,0,0,1,0,0,0,pero creer que ir bien des pacito dentro de poco seremos más el que tener el posibilidad de utilizar el internet desde el móvil y sin mucho costo todo ser poco a poco y ese al cubano él él olvidar
7a7e322d335d8f7815741dbc6650c91f,"NUEVAS TECNOLOGÍAS, INFORMATIZACIÓN DE LA SOCIEDAD",1,De esta nos cierran con todo el peso de una ley del 92,cu,0,0,0,0,0,0,0,0,0,de este yo cerrar con todo el peso de uno ley del 92
d494eb6fce1bce35ee522aab1ddbebd0,"NUEVAS TECNOLOGÍAS, INFORMATIZACIÓN DE LA SOCIEDAD",1,"CHICHO PETAJA; estaràs muy bien en informàtica y comunicaciones, pero què mal estàs en ortografìa; por favor; màs cuidado con la lengua materna. Gracias",cu,0,0,2,0,0,0,0,0,0,chicho petajar estaràs mucho bien en informàtica y comunicación pero què mal estàs en ortografìa por favor màs cuidado con el lengua materno gracias
6597b1b2de71d7060ec4ee2cbaddc355,"NUEVAS TECNOLOGÍAS, INFORMATIZACIÓN DE LA SOCIEDAD",1,Los joven club es la mejor opcion que se ha creado para aprender y recrearse en los ultimos 30 años.,cu,0,0,0,0,0,0,0,0,0,el joven club ser el mejor opcion que él haber crear para aprender y recrear él en el ultimos 30 año
6cc683a81ad33b5d708b4f9ce5e0a0ed,"NUEVAS TECNOLOGÍAS, INFORMATIZACIÓN DE LA SOCIEDAD",1,"¿Internet? Ja! Más guayabas pare la mata mientras la sequía le ayude. ¿Cuándo se dictaminó que Alamar era un campamento de refugiados, o algo más o menos así? Porque eso es lo que parece por la cantidad de carencias y problemas que hay.",cu,1,4,0,0,0,0,0,0,0,internet ja más guayaba parir el mata mientras el sequía él ayudar cuándo él dictaminar que alamar ser uno campamento de refugiado o algo más o menos así porque ese ser él que parecer por el cantidad de carencia y problema que haber
3ad409c5bb6f501b46e6dbb290fe103e,"NUEVAS TECNOLOGÍAS, INFORMATIZACIÓN DE LA SOCIEDAD",1,"?El bloqueo, Cesar, el bloqueo interno.",cu,0,1,0,0,0,0,0,0,0,el bloqueo cesar el bloqueo interno
76ae86e34b69c465c06aec5a3b38d94d,"NUEVAS TECNOLOGÍAS, INFORMATIZACIÓN DE LA SOCIEDAD",1,"eso mismo me vino a la mente a mi cuando comenze a leer, pero confianza ya esto es tan grande como el paquete.ayyy a dormir TRANQUILOS-DIGO, SIN-KILOS.",cu,0,0,4,0,0,1,1,0,0,ese mismo yo venir a el mente a mi cuando comenze a leer pero confianza ya este ser tanto grande como el paquete ayy a dormir tranquilo decir sin kilo
939497e01d62de18662870dd336634f4,"NUEVAS TECNOLOGÍAS, INFORMATIZACIÓN DE LA SOCIEDAD",1,"El articulo esta muy bueno para una joven que apenas se inicia en el periodismo, los que debaten, por favor, tengan la capacidad de abstraerse y donde dici Cuba lean cualquier otro pais y donde dice el gerundio cubano, lean el de cualquier otro pais y veran que objjetividad refleja el articulo. ",cu,0,0,0,0,0,0,0,0,0,el articulo este mucho bueno para uno joven que apenas él iniciar en el periodismo el que debatir por favor tener el capacidad de abstraer él y donde dici cuba leer cualquiera otro pais y donde decir el gerundio cubano lean el de cualquiera otro pais y verar que objjetividad reflejar el articulo
3514ae4c79f36ed00bd570475d384666,"NUEVAS TECNOLOGÍAS, INFORMATIZACIÓN DE LA SOCIEDAD",1,"?Esta claro que el pueblo esta muy ""contento"", con esta medida ,  conexión rapida en los hogares o en los moviles , estamos cumpliendo  el sueño de conectarnos mas y mejor :-0",cu,0,1,0,0,0,0,0,2,0,este claro que el pueblo este mucho contento con este medido conexión rapido en el hogar o en el movil estar cumplir el sueño de conectarno mas y mejor 0
e1aba00655e6e85cc9b6419892fc3b68,"NUEVAS TECNOLOGÍAS, INFORMATIZACIÓN DE LA SOCIEDAD",1,"""periodista"" q bien informada está usted sobre la realidad de los jóvenes cubanos!!!! Debe haber hecho una teisis doctoral antes de escribir este artículo. Jajaja",cu,4,0,0,0,0,0,1,2,0,periodista q bien informado estar usted sobre el realidad de el joven cubano deber haber hacer uno teisis doctoral antes de escribir este artículo jajajo
f14300daf9db0aa2745cf4422b57340e,"NUEVAS TECNOLOGÍAS, INFORMATIZACIÓN DE LA SOCIEDAD",1,"Querida ETECSA, gracias por brindarnos todos los servicios con la calidad requerida. Quien como tu, unica e inolvidable ",cu,0,0,1,0,0,0,0,0,0,querido etecsa  gracia por brindarnos todo el servicio con el calidad requerido quien como tu unico e inolvidable
e574bd639f2b052022d91f415925336a,"NUEVAS TECNOLOGÍAS, INFORMATIZACIÓN DE LA SOCIEDAD",1,"¿los jóvenes se encuentran conectados todo el tiempo, de una u otra forma? Eso es un tronco de chiste Habaneros cará vengan por acá por los países del 8vo mundo que queda de Villa Clara para acá",cu,0,2,0,0,0,0,0,0,0,el joven él encontrar conectado todo el tiempo de uno u otro forma ese ser uno tronco de chiste habanero caer vengar por acá por el país del 8vo mundo que quedar de villa claro para acá
8acb7e8a71cecb1b81e43a008e02927e,"NUEVAS TECNOLOGÍAS, INFORMATIZACIÓN DE LA SOCIEDAD",1,"pero tranquilos cubanos,!!! TODO ESTÁ BIEN!!!",cu,6,0,3,0,0,0,2,0,0,pero tranquilo cubano todo estar bien
1c39352ebf8a42ab4e65133ee3304ed1,"NUEVAS TECNOLOGÍAS, INFORMATIZACIÓN DE LA SOCIEDAD",1,"NO rebajen los precios de acceso a internet y telefonia movil, estan muy buenos asi, todos podemos pagarlos",cu,0,0,0,0,0,1,0,0,0,no rebajar el precio de acceso a internet y telefonia movil estar mucho buen asi todo poder pagar él
a6e9bf7ffa15b826f4f40d23b1b8c170,"NUEVAS TECNOLOGÍAS, INFORMATIZACIÓN DE LA SOCIEDAD",1,"muchas gracias colega por el articulo el cual esta buenisimo. hojala algun dia el estado nos de mas liberta sobre este tema, ya que vivimos en la insectidumbre de que dia pueden llegar y descomisarnos todo. al fin va subiendo nuestra red gegege",cu,0,0,0,0,0,0,0,0,0,mucho gracia colega por el articulo el cual este buenisimo hojala algun diar el estado yo de mas liberta sobre este tema ya que vivir en el insectidumbre de que diar poder llegar y descomisarno todo al fin ir subir nuestro red gegege
42c7ffe093aa26573fff5389618a073d,"NUEVAS TECNOLOGÍAS, INFORMATIZACIÓN DE LA SOCIEDAD",1,"?Mi opinión honesta es que los compañeros de ""ESTRESA"" hacen un trabajo meritorio en función de mejorar la calidad de las telecomunicaciones en Cuba, siempre pensando en el pueblo.",cu,0,1,1,0,0,0,0,2,0,mi opinión honesta ser que el compañero de estresa hacer uno trabajo meritorio en función de mejorar el calidad de el telecomunicación en cuba siempre pensar en el pueblo
fa1a9b526e85dbf606740e06ed815eb4,"NUEVAS TECNOLOGÍAS, INFORMATIZACIÓN DE LA SOCIEDAD",1,"Todavía falta mucho para que se modifique el ADN de los cubanos por las comunicaciones, yo creo que en terminos evolutivos estamos comos los tiburones y su medio natural.",cu,0,0,1,0,0,0,0,0,0,todavía faltar mucho para que él modificar el adn de el cubano por el comunicación yo creer que en termino evolutivo estar comos el tiburón y su medio natural
85af6620ba054adb14f97ca8375dc43c,"NUEVAS TECNOLOGÍAS, INFORMATIZACIÓN DE LA SOCIEDAD",1,"Todus ya es cobradus, como todo, todus lo que sirvió en algo se torna carus. Jajjajajajaajaaaaajaajajajaj",cu,0,0,0,0,0,0,1,0,0,todus ya ser cobradus como todo todus él que servir en algo él tornar carus jajjajajajaajaajaajajajaj
a2b600ff820044f43e00b7ab26e27300,"NUEVAS TECNOLOGÍAS, INFORMATIZACIÓN DE LA SOCIEDAD",1,"Efectivamente, los precios de la telefonía celular en Cuba son los más baratos del mundo. En CUC en un país donde el 80% de la población cobra en CUP.",cu,0,0,2,0,0,0,0,0,0,efectivamente el precio de el telefonía celular en cuba ser el más barato del mundo en cuc en uno país donde el 80 de el población cobrar en cup
c40cd69adb4addac778c0cc27e4dc52f,"NUEVAS TECNOLOGÍAS, INFORMATIZACIÓN DE LA SOCIEDAD",1,PERO SI LOS PRECIOS de internet están BARATICOS BARATICOOOOSSSS!!!!!,cu,5,0,5,0,0,0,3,0,0,pero si el precio de internet estar baratico baraticooss
4cc83d66ba5e1e3e7eb8b44b8f4725bd,"NUEVAS TECNOLOGÍAS, INFORMATIZACIÓN DE LA SOCIEDAD",1,"Mantengan  los precios de llamadas y sms las comunicaciones son bueniiiiiiiiisimas, dentro de poco seremos una sociedad informatizada.pa cuando?",cu,0,1,0,0,0,0,1,0,0,mantengan el precio de llamada y sms el comunicación ser bueniisima dentro de poco serer uno sociedad informatizado pa cuando
eade3d94b42179976ca4780cfc0ebd02,"NUEVAS TECNOLOGÍAS, INFORMATIZACIÓN DE LA SOCIEDAD",1,"?Bueno, el tema es que llevo más de hora y media tratando de abrirlo y al parecer el server se colapsó Buen comienzo :/ Y coincido con eso de que deberiamos ser más originales, y la url por favor, ya ese es el extremo Por lo demás la idea me parece genial :)",cu,0,1,0,0,0,0,0,0,0,bueno el tema ser que llevar más de hora y medio tratar de abrir él y al parecer el server él colapsar buen comienzo y coincido con ese de que deberiam tú ser más original y el url por favor ya ese ser el extremo por él demá el idea yo parecer genial
759453e9a45cf3d301528acb52fa3b70,"NUEVAS TECNOLOGÍAS, INFORMATIZACIÓN DE LA SOCIEDAD",1,buenooooo deciaaaa . pasen por el JC de la Coloma verán como se cumple todo esto jejejejej,cu,0,0,0,0,0,0,2,0,0,buenoo deciaa par por el jc de el coloma ver como él cumplir todo este jejejejej
d577d4a609e575a701b769ebb08103c7,"NUEVAS TECNOLOGÍAS, INFORMATIZACIÓN DE LA SOCIEDAD",1,Muy informatizados nustros mimistros!!!. Sería bueno que todos los dirigentes a los diferntes niveles se estudien este material y profundicen en el tema.,cu,3,0,0,0,0,0,1,0,0,mucho informatizado nustro mimistro ser bueno que todo el dirigente a el difernt nivel él estudien este material y profundicen en el tema
35617fd0e97a9359af4f543602ba49b4,"NUEVAS TECNOLOGÍAS, INFORMATIZACIÓN DE LA SOCIEDAD",1,bueno estas chicas de las fotos tienen conexion por wifi?¿? es aqui?¿,cu,0,5,0,0,0,0,0,0,0,bueno este chica de el foto tener conexion por wifi ser aqui
32cefbe5173c61b387856b9419440983,"NUEVAS TECNOLOGÍAS, INFORMATIZACIÓN DE LA SOCIEDAD",1,EXCELENTE ARTÍCULO!!!! Esta aspirante a periodista está mas perdida q mi abuela con alzaimer jajajaja.,cu,4,0,2,0,0,0,1,0,0,excelente artículo este aspirante a periodista estar mas perdido q mi abuela con alzaimer jajajajar
63d1a9ce5d332694a8dee22b5f834066,"NUEVAS TECNOLOGÍAS, INFORMATIZACIÓN DE LA SOCIEDAD",1,"YOU TUBE
BlueTooth",cu,0,0,2,0,0,0,0,0,0,you tube bluetooth
54e004196a6d4793c30e0e5de87127a8,"NUEVAS TECNOLOGÍAS, INFORMATIZACIÓN DE LA SOCIEDAD",1,"Ven aca pero que es esto!!!???
Uh periodismo que nos dice revoloteando ingenuo y entussiasta que lo que vemos negro es rosado.?",cu,3,4,0,0,0,0,2,0,0,ver aca pero que ser este uh periodismo que yo decir revolotear ingenuo y entussiasta que él que ver negro ser rosar
03243f1970e5b37b0c962ab24c40930c,"NUEVAS TECNOLOGÍAS, INFORMATIZACIÓN DE LA SOCIEDAD",1,"llevo casi dos años esperando a que me instalen mi teléfono fijo, pues me mudé de casa y he ido en varias ocasiones a ETECSA y la respuesta siempre es la misma, no hay solución. Vamos a ver para qué quinquenio me podrán poner mi teléfono, ojalá todavía viva para poderlo disfrutar.",cu,0,0,1,0,0,1,0,0,0,llevar casi dos año esperar a que yo instalar mi teléfono fijo pues yo mudar de casa y haber ir en varios ocasión a etecsa y el respuesta siempre ser el mismo no haber solución ir a ver para qué quinquenio yo poder poner mi teléfono ojalá todavía vivo para poder él disfrutar
854d8f1b0a8bd229b608a3c478599d04,"NUEVAS TECNOLOGÍAS, INFORMATIZACIÓN DE LA SOCIEDAD",1,?ETECSA: O lo tomas o lo tomas; no hay otra opción monopolio socialista?,cu,0,2,1,0,0,1,0,0,0,etecsa o él tomar o él tomar no haber otro opción monopolio socialista
68dc25a65f8e4dbe8e6162b469624525,"NUEVAS TECNOLOGÍAS, INFORMATIZACIÓN DE LA SOCIEDAD",1,Gratisss????? En que mundo tu vives.,cu,0,5,0,0,0,0,2,0,0,gratiss en que mundir tu viv
31c47b878124503f9bc97c32476d9467,"NUEVAS TECNOLOGÍAS, INFORMATIZACIÓN DE LA SOCIEDAD",1,chicho compadre la ortografía jajajajajaen SNET nos es normal tener esa ortografía,cu,0,0,1,0,0,0,0,0,0,chicho compadre el ortografía jajajajajar en snet yo ser normal tener ese ortografía
f62820a2d3746ac89d2ce55886e06f03,"NUEVAS TECNOLOGÍAS, INFORMATIZACIÓN DE LA SOCIEDAD",1,WI-FI que es eso? estamos a 10mil millones de años luz. de ser modificados por las tecnologiasmas bien estamos siendo modificados por las personas que restringen las tecnologias y sus beneficios,cu,0,1,0,0,0,0,0,0,0,wi fi que ser ese estar a 10mil millón de año luz de ser modificar por el tecnologia mas bien estar ser modificar por el persona que restringen el tecnologia y su beneficio
0c6b58d16435bdb26887cbb15d67af67,"NUEVAS TECNOLOGÍAS, INFORMATIZACIÓN DE LA SOCIEDAD",1,"Era gratis, pero etecsa no puede aceptar competencia asi q lo bloqueó y para q el proyecto (UCI) no muera lo metió en su paquete para que todo el mundo pague por usarlo",cu,0,0,1,0,0,2,0,0,0,ser gratis pero etecsa no poder aceptar competencia asi q él bloqueó y para q el proyecto uci no morir él meter en su paquete para que todo el mundo pagar por usar él
5c66880a672a45736890cd257d754bd3,"NUEVAS TECNOLOGÍAS, INFORMATIZACIÓN DE LA SOCIEDAD",1,?De verdad que el titular de este artículo está como para reirse jajajajajajajajajajajajaja,cu,0,1,0,0,0,0,0,0,0,de verdad que el titular de este artículo estar como para reir él jajajajajajajajajajajajaja
f8d96a8fd5f51b10c4973e5c7800752f,"NUEVAS TECNOLOGÍAS, INFORMATIZACIÓN DE LA SOCIEDAD",1,"""Muy buen artículo Ladyrene"" !!!! Te quedaste vacía jajaja.",cu,4,0,0,0,0,0,1,2,0,mucho buen artículo ladyrenir tú quedastir vacío jajaja
4cfaee479600356372ca4f743f78ec5e,"NUEVAS TECNOLOGÍAS, INFORMATIZACIÓN DE LA SOCIEDAD",1,"Quizás para el 2025 estimadas estudiantes, siento que han viajado al futuro y fue allí donde le respondieron su encuentra. Acá, en la isla inmensa, aun nos conectamos por el pensamiento, nada de virtualidad.",cu,0,0,0,0,0,1,0,0,0,quizás para el 2025 estimada estudiant sentir que haber viajar al futuro y ser allí donde él responder su encuentra acá en el isla inmenso aun yo conectar por el pensamiento nada de virtualidad
48203aacb91be75bf52986814f788fe4,"NUEVAS TECNOLOGÍAS, INFORMATIZACIÓN DE LA SOCIEDAD",1,Y ESOS SON CUBANOS ?????,cu,0,5,3,0,0,0,1,0,0,y ese ser cubano
cf2c5c970a8f23aeae12487c8f7c6ce6,"NUEVAS TECNOLOGÍAS, INFORMATIZACIÓN DE LA SOCIEDAD",1,"amigo estas ¡¡¡muy informado!!! las resoluciones se hicieron en el año 2011 y estan vigente en la
resolucion 127.156 2007 .2011 .que ademas es ilegal el uso de la infraextructura estatal en cualquier
banda del expectro.",cu,6,0,0,0,0,0,2,0,0,amiguir este mucho informado el resolución él hacer en el año 2011 y estar vigente en el resolucion 127 156 2007 2011 que adema ser ilegal el uso de el infraextructura estatal en cualquiera banda del expectro
dd7129c1b2eb55d4e052a6e38c569cef,"NUEVAS TECNOLOGÍAS, INFORMATIZACIÓN DE LA SOCIEDAD",1,Todo muy bueno ETECSA Nos mudamos para acercarnos a la familia por nuestra edad y enfermedades hace ya mas de un año y no logramos el traslado de nuestro telefono. nO PODEMOS ACERCARNOS A LAS NUEVAS TECNOLOGIAS,cu,0,0,6,0,0,2,0,0,0,todo mucho bueno etecsa yo mudir para acercar yo a el familia por nuestro edad y enfermedad hacer ya mas de uno año y no lograr el traslado de nuestro telefono no poder acercar yo a el nuevo tecnologia
8c1d8cbaad3de0dd989ce95b05bdf58b,"NUEVAS TECNOLOGÍAS, INFORMATIZACIÓN DE LA SOCIEDAD",1,"Conectados todo el tiempo? 9 de cada 10 jóvenes? Facebook? Yo tengo internet gracias a mi trabajo, pero esa estadística esta bien mala, y Facebook y todas las redes sociales están bloqueadas.",cu,0,3,0,0,0,0,0,0,0,conectado todo el tiempo 9 de cada 10 joven facebook yo tener internet gracias a mi trabajo pero ese estadística este bien malo y facebook y todo el red social estar bloqueado
159079cc300d4c33b61de1bdc19f3638,"NUEVAS TECNOLOGÍAS, INFORMATIZACIÓN DE LA SOCIEDAD",1,"dentro de la ley???? jajaja, que bien te informate con la resoluciones 156.127.129.
del 2011.2007",cu,0,4,0,0,0,0,1,0,0,dentro de el ley jajajo que bien tú informatir con el resolución 156 127 129 del 2011 2007
f32db88c59dc84a6e3d761cd615ea9a8,"NUEVAS TECNOLOGÍAS, INFORMATIZACIÓN DE LA SOCIEDAD",1,el articulo realmente bueno lo que parece es que los mandaron a matar dios los tenga en la gloria,cu,0,0,0,0,0,0,0,0,0,el articulo realmente bueno él que parecer ser que él mandar a matar dio él tener en el gloria
94aacfa84a5c9f4c0372571b8e269a48,"NUEVAS TECNOLOGÍAS, INFORMATIZACIÓN DE LA SOCIEDAD",1,"Estoy de acuerdo con que las tarjetas de recarga sean de 5 cuc,  asi todos los trabajadores tenemos acceso a ese servicio,eso ayuda a los que menos salario devengan. ;-D",cu,0,0,0,0,0,0,0,0,0,estar de acuerdo con que el tarjeta de recarga ser de 5 cuc asi todo el trabajador tener acceso a ese servicio ese ayudar a el que menos salario devengar d
ac345cebc8b920b4436d4630024eb23d,"NUEVAS TECNOLOGÍAS, INFORMATIZACIÓN DE LA SOCIEDAD",1,socio lo que hay es que ponerle cables de fibra optica en la cabeza a los dinosaurios que estan en contra o le temen a las nuevas tecnologias,cu,0,0,0,0,0,0,0,0,0,socio él que haber ser que poner él cable de fibra optico en el cabeza a el dinosaurio que estar en contra o él temer a el nuevo tecnologia
94eab7781fdfe78e96c997b9ec98ba23,"NUEVAS TECNOLOGÍAS, INFORMATIZACIÓN DE LA SOCIEDAD",1,"Los derechos de copyright? de que hablas. Acaso pagan nuestras entidades estatales licencias por el uso masivo de sistemas operativos y aplicaciones ?. Es lo que digo..la secuela rusaaa.
Viva SNET
Nodo GNTK",cu,0,2,2,0,0,0,1,0,0,el derecho de copyright de que hab él acaso pagar nuestro entidad estatal licencia por el uso masivo de sistema operativo y aplicación ser él que decir el secuela rusaa vivo snet nodo gntk
a3eae5d09dcdfe28ec6e85897a27be21,"NUEVAS TECNOLOGÍAS, INFORMATIZACIÓN DE LA SOCIEDAD",1,"Facebook,twiter,youtube,para los cubanos???Eso es un sueño,una quimera",cu,0,3,0,0,0,0,1,0,0,facebook twiter youtube para el cubano ese ser uno sueño uno quimero
a3d4c3c300b8701f5cf35d09f9cb5e44,"NUEVAS TECNOLOGÍAS, INFORMATIZACIÓN DE LA SOCIEDAD",1,Mi hermano estas tan pero tan serca de RoG que no la ves. solo necesitas un nano u otro equipamiento wifi y ya,cu,0,0,0,0,0,1,0,0,0,mi hermano este tanto pero tanto serco de rog que no él ves solo necesitas uno nano u otro equipamiento wifi y ya
305a3ca95ff7a660fd46eacff276ab7c,"NUEVAS TECNOLOGÍAS, INFORMATIZACIÓN DE LA SOCIEDAD",1,Cómprate tu bolsita de correo que si tienes acceso $1CUC = 50MB de datos y ya tienes todus,cu,0,0,0,0,0,0,0,0,0,cómprate tu bolsita de correo que si tener acceso 1cuc 50 mb de dato y ya tener todus
78c3e89d0c634ce42247a70caa86b0fe,"NUEVAS TECNOLOGÍAS, INFORMATIZACIÓN DE LA SOCIEDAD",1,?todo esto esta muy lindo pero el sitio no esta activo o por lo menos yo no puedo llegfarle por ningun lado y la verdad bien que podian haberle cambiado un poco el aspecto para que no fuera TAN FACEBOOK!!!,cu,3,1,2,0,0,4,1,0,0,todo este este mucho lindo pero el sitio no este activo o por él menos yo no poder llegfar él por ningun lado y el verdad bien que poder haber él cambiado uno poco el aspecto para que no ser tanto facebook
6f0900d39ed07706bcb0a7b3720c9ae8,"NUEVAS TECNOLOGÍAS, INFORMATIZACIÓN DE LA SOCIEDAD",1,Si bloqueo alguno de mis contactos y me lo encuentro por la calle me ve?aajááá,cu,0,1,0,0,0,0,1,0,0,si bloqueo alguno de mi contacto y yo él encontrar por el calle yo ver aajáá
ede10ca1a6e025accfeb706966293037,"NUEVAS TECNOLOGÍAS, INFORMATIZACIÓN DE LA SOCIEDAD",1,"La aspirante a periodista lo que tiene que hacer es ajustarse un poquito más a la realidadFacebook?, Twitter?quiénes son esos extraños?",cu,0,3,0,0,0,0,0,0,0,el aspirante a periodista él que tener que hacer ser ajustar él uno poquito más a el realidad facebook twitter quién ser ese extraño
306e6e994c25b44d02802c80801bd2d8,"NUEVAS TECNOLOGÍAS, INFORMATIZACIÓN DE LA SOCIEDAD",1,SÍ COMO NO!!!! Yo me levanto y me acuesto conectada al face todos los dias. Ni siendo millonaria podría hacerlo en este país.,cu,4,0,1,0,0,2,1,0,0,sí como no yo yo levantar y yo acostar conectado al facir todo el dia ni ser millonario poder hacer él en este país
bbe06c205277221c011a7631bbf64c6f,"NUEVAS TECNOLOGÍAS, INFORMATIZACIÓN DE LA SOCIEDAD",1,"Estan haciendo muy buen trabajo con el proceso de informatización,  el ancho de banda por lo menos en los municipios todavia esta a 64mb/s y cuando hay 2 ó 3 conectados baja a 10mb/s, vamos por buen camino.",cu,0,0,0,0,0,0,0,0,0,estar hacer mucho buen trabajo con el proceso de informatización el ancho de banda por él menos en el municipio todaviir este a 64 mb s y cuando haber 2 ó 3 conectado bajo a 10 mb s ir por buen camino
6f8a3047d54b0484d2b178589b25537a,"NUEVAS TECNOLOGÍAS, INFORMATIZACIÓN DE LA SOCIEDAD",1,"?me parece que seria inteligente mantener los precios de la navegacion por internet,dos cuc siguen siendo una buena opcion para la mayoria de los que trabajamos  y tenemos un sueldo medio y no tenemos la posibilidad de conectarnos constantemente a la red.",cu,0,1,0,0,0,1,0,0,0,yo parecer que serio inteligente mantener el precio de el navegacion por internet dos cuc seguir ser uno buen opcion para el mayoria de el que trabajar y tener uno sueldo medio y no tener el posibilidad de conectarno constantemente a el red
46323ce91c3371e606fdf1bc50e22d58,"NUEVAS TECNOLOGÍAS, INFORMATIZACIÓN DE LA SOCIEDAD",1,"!!!!Ya el internet llegó a las casas de los cubanos!!!Perdon, soy del futuro (2080)  :-D",cu,7,0,0,0,0,0,2,0,0,ya el internet llegar a el casa de el cubano perdon ser del futuro 2080 d
bd5b76beae6fdb4df4cf2447a45e0bab,"NUEVAS TECNOLOGÍAS, INFORMATIZACIÓN DE LA SOCIEDAD",1,"?Increíble!!! el nauta hogar cuenta con la velocidad que se contrata, (""no temenos problemas"").",cu,3,1,0,0,0,1,1,2,0,increíble el nauta hogar contar con el velocidad que él contratar no temeno problema
61379c29e694df2b11b21659840bbf10,"NUEVAS TECNOLOGÍAS, INFORMATIZACIÓN DE LA SOCIEDAD",1,"ay colegas!!! el periodismo en Cuba tiene esta cara!!! TODO BIEN  No han visto las novelas, los seriales, los teleplays: la calidad de vida de los profesionales, las casas, los niños, todo es como debe ser!!! y yo que tenía esperanza en la juventud y más en los periodistas!",cu,10,0,2,0,0,1,3,0,0,ay colega el periodismo en cuba tener este cara todo bien no haber ver el novela el serial el teleplay el calidad de vida de el profesional el casa el niño todo ser como deber ser y yo que tener esperanza en el juventud y más en el periodista
773dd988d3c5940875553a39cb3b8aab,"NUEVAS TECNOLOGÍAS, INFORMATIZACIÓN DE LA SOCIEDAD",1,"LA INFORMATIZACIÓN DE NUESTRA SOCIEDAD ES UN PASO NECESARIO PARA EL DESARROLLO DE NUESTRO PAIS , EN MI ENTIDAD LLEVAMOS TIEMPO EN EL PAPELEO PARA PODER TENER ACCESO A INTERNET, NO SOLO A LA INTRANET QUE YA TENEMOS Y ES MAS FACIL QUITAR EL BLOQUEO DE LOS AMERICANOS QUE RESOLVER ESTO",cu,0,0,31,0,0,1,0,0,0,el informatización de nuestro sociedad ser uno paso necesario para el desarrollo de nuestro pais en mi entidad llevar tiempo en el papeleo para poder tener acceso a internet no solo a el intranet que ya tener y ser mas facil quitar el bloqueo de el americano que resolver este
b7372c55b3bf4320b2ebe7a993b361f8,"NUEVAS TECNOLOGÍAS, INFORMATIZACIÓN DE LA SOCIEDAD",1,"Que en paz descanse TODUS, finalmente te reunirás con tu hermano PLAN AMIGOS, ha sido un placer haberlos conocido a pesar de su corta vida",cu,0,0,3,0,0,0,0,0,0,que en paz descanse todus finalmente tú reunirar con tu hermano plan amigos haber ser uno placer haberlo conocer a pesar de su corto vida
4f73ce0eba521d383b3031219d5b08a3,"NUEVAS TECNOLOGÍAS, INFORMATIZACIÓN DE LA SOCIEDAD",1,"Facebook??? Ah sí, ese es el perro de mi vecina!!!",cu,3,3,0,0,0,0,2,0,0,facebook ah sí ese ser el perro de mi vecino
e0555656ea1a7552c0cf785e165a7a25,"NUEVAS TECNOLOGÍAS, INFORMATIZACIÓN DE LA SOCIEDAD",1,"La capital de (TODOS LOS CUBANOS) sin un sitio web propio. Muy bien, seguimos informatizando a la sociedad.",cu,0,0,3,0,0,1,0,0,0,el capital de todo el cubano sin uno sitio web propio mucho bien seguir informatizar a el sociedad
1c247d25f08c89f90780232823ddd489,"NUEVAS TECNOLOGÍAS, INFORMATIZACIÓN DE LA SOCIEDAD",1,"?Muy buena opción, el único inconveniente que veo es que parece estar alojado el sitio en un Pentium 3, porque llevo media hora esperando y todavía no sale, además de que mi conexión es a 2kb/s.",cu,0,1,0,0,0,1,0,0,0,mucho buen opción el único inconveniente que veo ser que parecer estar alojado el sitio en uno pentium 3 porque llevar medio hora esperar y todavía no salir además de que mi conexión ser a 2 kb s
b8fe6bb2b452e94c451506ab06c48611,"NUEVAS TECNOLOGÍAS, INFORMATIZACIÓN DE LA SOCIEDAD",1,"De que Internet estamos hablando si la tarjeta pa conectarte por Wifi cuesta 4.50 cuc, por favoryo Internet lo veo en palabras y en las peliculas..blablabla",cu,0,0,0,0,0,0,0,0,0,de que internet estar hablar si el tarjeta pa conectarte por wifi costar 4 50 cuc por favor yo internet él ver en palabra y en el pelicula blablablar
c8ae1d23e12c1249b74f85f453110e6a,"NUEVAS TECNOLOGÍAS, INFORMATIZACIÓN DE LA SOCIEDAD",1,"nada me asombra para llegar a esas conclusiones no habia ni que salir de inspección con leer los comentarios que salen todos los dias en la prensa hay, para percatarse de las buenas acciones de nuestra querida y amada ETECSA. ",cu,0,0,1,0,0,3,0,0,0,nada yo asombrar para llegar a ese conclusión no habiar ni que salir de inspección con leer el comentario que salir todo el dia en el prensa haber para percatar él de el buena acción de nuestro querida y amado etecsa
aaeeb0268ea6d91cf74d047d398d706d,"NUEVAS TECNOLOGÍAS, INFORMATIZACIÓN DE LA SOCIEDAD",1,"yo quisiera conectarme inalambricamente al bisteck de palomilla, o a la langosta termidor, o al camaroncito duro anuque sea!!!!! pero ni que soñar con la red de redes.",cu,5,0,0,0,0,1,1,0,0,yo querer conectar yo inalambricamente al bisteck de palomilla o a el langosta termidor o al camaroncito duro anuque ser pero ni que soñar con el red de red
bc850af686da74000d967cb2ba237a44,"NUEVAS TECNOLOGÍAS, INFORMATIZACIÓN DE LA SOCIEDAD",1,"Muchas cosas nuevas se suponian que vendrian y realmente viniero, pero que resolvieron. Ejemplo sencillo ve y comprate un carro Te va a pasar igual con internet",cu,0,0,0,0,0,0,0,0,0,mucho cosa nuevo él suponiar que vendriar y realmente viniero pero que resolver ejemplo sencillo ver y compratir uno carro tú ir a pasar igual con internet
9552e3a4bb28088233ae5dc9e3e5b7f8,"NUEVAS TECNOLOGÍAS, INFORMATIZACIÓN DE LA SOCIEDAD",0,"Ya hombre, no era para tanto, vive y deja vivir.",cu,0,0,0,0,0,1,0,0,0,ya hombre no ser para tanto vivir y dejar vivir
54382b91d5d437bfc1e5da3babe544e8,"NUEVAS TECNOLOGÍAS, INFORMATIZACIÓN DE LA SOCIEDAD",0,"amigo estas desinformado las resoluciones se hicieron en el año 2011 y estan vigente en la
resolucion 127.156 2007 .2011 .que ademas es ilegal el uso de la infraextructura estatal en cualquier
banda del expectro.",cu,0,0,0,0,0,0,0,0,0,amiguir este desinformado el resolución él hacer en el año 2011 y estar vigente en el resolucion 127 156 2007 2011 que adema ser ilegal el uso de el infraextructura estatal en cualquiera banda del expectro
5de7886285e83f53b02d1e4c0747e57b,"NUEVAS TECNOLOGÍAS, INFORMATIZACIÓN DE LA SOCIEDAD",0,"?La redsocial Dremcatchers esta super lenta, no creo sea la mejor opcion para los cubanos, es necesaria una red social rapida, agil, como el fecabook",cu,0,1,0,0,0,1,0,0,0,el redsocial dremcatchers este super lento no creer ser el mejor opcion para el cubano ser necesario uno red social rapido agil como el fecabook
ced43320979846af1550ecb412154154,"NUEVAS TECNOLOGÍAS, INFORMATIZACIÓN DE LA SOCIEDAD",0,"prime k todo flisidades por el aniversario i exijo la mejora de mi joven club guanabacoa 4 en cuanto a la coneccion i
las pc i el aire acondicionado k yeva tiempo sin funcionar ya hasta ai espero k este mensaje se yeve a cabo i se
mejore asta luego",cu,0,0,0,0,0,1,0,0,0,prime k todo flisidad por el aniversario i exijo el mejora de mi joven club guanabacoa 4 en cuanto a el coneccion i el pc i el aire acondicionado k yeir tiempo sin funcionar ya hasta ai esperar k este mensaje él yevir a cabo i él mejorar asta luego
b0867d29b83196d1905d79b9ce8fe0e6,"NUEVAS TECNOLOGÍAS, INFORMATIZACIÓN DE LA SOCIEDAD",0,"?Y las cajas decodificadoras Gelect, que me dijeron de buena tinta que me comprara una de cualquier marca menos de esta, que no salían buenas. No se hasta que punto pueda ser buena o mala, pero preferí no correr el riesgo, así que si alguien tiene una referencia diferente, agradezco que la comparta",cu,0,1,0,0,0,3,0,0,0,y el caja decodificadora gelect que yo decir de buen tinta que yo comprar uno de cualquiera marca menos de este que no salir buena no él hasta que punto poder ser buen o malo pero preferir no correr el riesgo así que si alguien tener uno referencia diferente agradecer que el comparta
32ede1bdf50f4b4f5b5e474230999644,"NUEVAS TECNOLOGÍAS, INFORMATIZACIÓN DE LA SOCIEDAD",0,"Gracias a la periodista por su artículo , siempre es bueno que se de algún paso de avance aunque se vea bien lento el desarrollo tecnológico, es bueno que siga la polémica de estos temas en las noticias cubanas.",cu,0,0,0,0,0,0,0,0,0,gracias a el periodista por su artículo siempre ser bueno que él de alguno paso de avance aunque él ver bien lento el desarrollo tecnológico ser bueno que seguir el polémica de este tema en el noticia cubano
3f5983e7b453b85b745ef5ef5ff643dc,"NUEVAS TECNOLOGÍAS, INFORMATIZACIÓN DE LA SOCIEDAD",0,"Hoy en dia,la computadora no es un lujo, es una necesidad ya que todas las ciencias se auxilian de esta herramienta y, por osmosis la internet es imprescindible en la vida cotidiana del ciudadano en todos los niveles educacional. Saludos desde la Republica Dominicana.",cu,0,0,0,0,0,1,0,0,0,hoy en dia el computadora no ser uno lujo ser uno necesidad ya que todo el ciencia él auxiliar de este herramienta y por osmosis el internet ser imprescindible en el vida cotidiano del ciudadano en todo el nivel educacional saludo desde el republica dominicano
2f8d85f3b05c64fdce52fe82dd4f1a99,"NUEVAS TECNOLOGÍAS, INFORMATIZACIÓN DE LA SOCIEDAD",0,Mis respetos a muchos foristas por sus acertadas opiniones.pero para que sirvenal menos liberaran tensiones.porque de ahi no pasara la cosa..jajajajaaaa.,cu,0,0,0,0,0,1,1,0,0,mi respeto a mucho forista por su acertado opinión pero para que servir al menos liberarar tensión porque de ahi no pasar el cosa jajajajao
a1d4ff1822b813c0303cce9baa4f7b37,"NUEVAS TECNOLOGÍAS, INFORMATIZACIÓN DE LA SOCIEDAD",0,"Como SNET ya se encuentran muchas en el pais, en Ciego de Avila por ejemplo se encuetra UNCAV, una red idempara juego, entretenimiento y estudio, cableada en los barrios y por wifi para interconectar entre barrios, es lo mejor que ha pasado.",cu,0,0,2,0,0,0,0,0,0,como snet ya él encontrar mucho en el pai en ciego de avila por ejemplo él encuetrar uncav uno red idemparo juego entretenimiento y estudio cableado en el barrio y por wifi para interconectar entre barrio ser él mejor que haber pasar
d61fe3e523e1aac23a9ec833df42920e,"NUEVAS TECNOLOGÍAS, INFORMATIZACIÓN DE LA SOCIEDAD",0,ven aca ITNAVARRO entonces wifi-etecsa es ilegal no?,cu,0,1,1,0,0,1,0,0,0,ver aca itnavarro entonces wifi etecsa ser ilegal no
b17f786e8b59fc8ecfa220ca0c83d35f,"NUEVAS TECNOLOGÍAS, INFORMATIZACIÓN DE LA SOCIEDAD",0,"Hace unos días tuve la oportunidad de ver la conferencia de Triana para el Minint, me alegro de ver como les dice en cara la realidad de la situación actual. ",cu,0,0,0,0,0,0,0,0,0,hacer uno día tener el oportunidad de ver el conferencia de triana para el minint yo alegrar de ver como él decir en cara el realidad de el situación actual
5f38efa41a5128cb31a16e880e3a6430,"NUEVAS TECNOLOGÍAS, INFORMATIZACIÓN DE LA SOCIEDAD",0,Y a ti t funciona el apklist?????,cu,0,5,0,0,0,0,1,0,0,y a tú t funcionar el apklist
821e9c6ad3b146d241611a36acf7c4da,"NUEVAS TECNOLOGÍAS, INFORMATIZACIÓN DE LA SOCIEDAD",0,"?Pepe, riqueza es poder. Aquí en Cuba se le teme más a un solo rico que a un millón de pobres.",cu,0,1,0,0,0,0,0,0,0,pepe riqueza ser poder aquí en cuba él él temer más a uno solo rico que a uno millón de pobre
af432f21069747ed168bd07a2e45b331,"NUEVAS TECNOLOGÍAS, INFORMATIZACIÓN DE LA SOCIEDAD",0,al parecer la muestra escogida para emitir los criterios que se dan fue muy reducida y no representativa como para hablar a nombre de los jóvenes cubanos. un error garrafal.,cu,0,0,0,0,0,1,0,0,0,al parecer el muestra escogido para emitir el criterio que él dar ser mucho reducido y no representativo como para hablar a nombre de el joven cubano uno error garrafal
a8d72f96772d3392b302127a2e104108,"NUEVAS TECNOLOGÍAS, INFORMATIZACIÓN DE LA SOCIEDAD",0,"Muy interesante el articulo, seria bueno que se hiciera cosas asi en otras partes del pais.",cu,0,0,0,0,0,0,0,0,0,mucho interesante el articulo serio bueno que él hacer cosa asi en otro parte del pais
a5af8ae11dee219beb49df6e2445f5e1,"NUEVAS TECNOLOGÍAS, INFORMATIZACIÓN DE LA SOCIEDAD",0,"?Las salas de navegación de la Uneac son un desastre, se pasan las horas y no se conecta,y puede ser reiterativo por una semana y nada de nada, es una sala de servicio social intangible,me pregunto si hay alguna proyección para ellas. Las utilizan la llamada vanguardia artística.",cu,0,1,0,0,0,3,0,0,0,el sala de navegación de el uneac ser uno desastre él pasar el hora y no él conectar y poder ser reiterativo por uno semana y nada de nada ser uno sala de servicio social intangible yo preguntar si haber alguno proyección para él él utilizar el llamado vanguardia artístico
7c1276059e77e2d8e3f2f3d945bc8ac0,"NUEVAS TECNOLOGÍAS, INFORMATIZACIÓN DE LA SOCIEDAD",0,WhatsApp sigue siendo la mejor opción. Todus consume mucho más datos y para colmo no lo hace del bono de 300 como dicen. Cambien a WhatsApp.,cu,0,0,0,0,0,1,0,0,0,whatsapp seguir ser el mejor opción todus consumir mucho más dato y para colmo no él hacer del bono de 300 como decir cambiar a whatsapp
b58028d8e9816eef7fd07cfd57ea5f47,"NUEVAS TECNOLOGÍAS, INFORMATIZACIÓN DE LA SOCIEDAD",0,"Instale la nueva version de toDus, aunque en un dia entero no chateo, porque no habia nadie de mis contactos en linea me consumio la mitad de mi Bolsa de Correo. Conclusion, tuve que desinstalarla.",cu,0,0,0,0,0,3,0,0,0,instalar el nuevo version de todus aunque en uno dia entero no chateir porque no habiar nadie de mi contacto en linea yo consumio el mitad de mi bolsa de correo conclusion tener que desinstalar él
5781f637831f07d6accb8b9b391b43a4,"NUEVAS TECNOLOGÍAS, INFORMATIZACIÓN DE LA SOCIEDAD",0,"?Encontré en la red el anuncio de un Facebook cubano y dije: ¡Qué puedo, ahora podré comunicarme con mis amigos pagando 0,60CUC la hora y no 4,50CUC al ser .cu!   Pero no funciona. ¿Alguna vez funcionó?",cu,2,3,0,0,0,2,1,0,0,encontré en el red el anuncio de uno facebook cubano y decir qué poder ahora poder comunicar yo con mi amigo pagar 0 60cuc el hora y no 4 50cuc al ser cu pero no funcionar alguno vez funcionar
c4bf9e50002f9ac0e582cd344aad6bf6,"NUEVAS TECNOLOGÍAS, INFORMATIZACIÓN DE LA SOCIEDAD",0,"?Él sitio funciona??, por qué no me abre. Y al parecer está muy bueno, solo hace falta que funcione",cu,0,3,0,0,0,1,0,0,0,él sitio funcionar por qué no yo abrir y al parecer estar mucho bueno solo hacer falta que funcionar
55245bc47532f8f30c887ba87e89299e,"NUEVAS TECNOLOGÍAS, INFORMATIZACIÓN DE LA SOCIEDAD",0,"En el club de contramaestre es ta en muy mal estyado ya que sus administradores no quieren hacer su
trbajo.pocas máquinas sirven y se nesecita conexíón de redSugiero un reemplaso de maquinas..",cu,0,0,0,0,0,1,1,0,0,en el club de contramaestre ser ta en mucho mal estyar ya que su administrador no querer hacer su trbajo poco máquina servir y él nesecitar conexíón de red sugiero uno reemplaso de maquina
c4b32067ba6374af9338ce744a0158f4,"NUEVAS TECNOLOGÍAS, INFORMATIZACIÓN DE LA SOCIEDAD",0,"Ya me extrañaba tanta demora, al final lo lograron, ahora hay que pagar, y qué me hago yo si las conexiones por datos móviles son pésimas aquí",cu,0,0,0,0,0,0,0,0,0,ya yo extrañar tanto demora al final él lograr ahora haber que pagar y qué yo hacer yo si el conexión por dato móvil ser pésima aquí
4e5a11caa06dac1a6cc4e92fa62b8deb,"NUEVAS TECNOLOGÍAS, INFORMATIZACIÓN DE LA SOCIEDAD",0,"Bueno, algo tienen que inventar los cubanos no?",cu,0,1,0,0,0,1,0,0,0,bueno algo tener que inventar el cubano no
32c3e8a187366d73dd320be112909653,"NUEVAS TECNOLOGÍAS, INFORMATIZACIÓN DE LA SOCIEDAD",0,"Muy interesante ojala se organicen las demás provincias y llegue a todo el país esta red, la frecuencia 2.4 es libre en el mundo entero y Cuba es parte del mundo aunque a veces lo dudemos",cu,0,0,0,0,0,0,0,0,0,mucho interesante ojala él organicir el demás provincia y llegue a todo el país este red el frecuencia 2 4 ser libre en el mundo entero y cuba ser parte del mundo aunque a veces él dudemos
5928ac7b516f4fa200158a0aa78855e5,"NUEVAS TECNOLOGÍAS, INFORMATIZACIÓN DE LA SOCIEDAD",0,"FElicidades, por fin alguien no mete miedo con las redes, las que sean y funcionan blutú, facebook, youtoo y las demás. Saludos, Elsita",cu,0,0,0,0,0,1,0,0,0,felicidad por fin alguien no meter miedo con el red el que ser y funcionar blutú facebook youtoo y el demás saludo elsitar
35d7f203367a5815e1ba13ae3ec1348a,"NUEVAS TECNOLOGÍAS, INFORMATIZACIÓN DE LA SOCIEDAD",0,"LA INFORMACIÓN ES PODER, TODAVÍA HAY MUCHOS QUE LE TEMEN A LAS CONSECUENCIAS DE QUE LOS CUBANOS SE ABRAN AL MUNDO Y ESTE LO HAGA CON NOSOTROS.",cu,0,0,18,0,0,0,0,0,0,el información ser poder todavía haber mucho que él temer a el consecuencia de que el cubano él abran al mundo y este él hacer con yo
069ba3b89ee93172523dc45a0ef65db5,"NUEVAS TECNOLOGÍAS, INFORMATIZACIÓN DE LA SOCIEDAD",0,"?No me puedo conectar a este sitio, si sabes de algun otro para los amantes del chat me lo dices por favor",cu,0,1,0,0,0,1,0,0,0,no yo poder conectar a este sitio si saber de algun otro para el amante del chat yo él decir por favor
5b963cf27a4c72f0d4339803e90e5b28,"NUEVAS TECNOLOGÍAS, INFORMATIZACIÓN DE LA SOCIEDAD",0,"?Y por fin que tal con el tema de las antenas parabolicas, por fin dejaran que el cubano pueda traer alguna e instalarla en su casa.",cu,0,1,0,0,0,0,0,0,0,y por fin que tal con el tema de el antena parabolica por fin dejar que el cubano poder traer alguno e instalar él en su casa
1b761b2a63ff15a20cbff12729b932f7,"NUEVAS TECNOLOGÍAS, INFORMATIZACIÓN DE LA SOCIEDAD",0,"Contra eso no puede nadie, ni leyes ni prohibiciones. Ni artículos que digan lo malo que es estar conectado a Internet y el daño que hace el celular, redactados en una computadora conectada a Internet y con el móvil al lado.",cu,0,0,0,0,0,5,0,0,0,contra ese no poder nadie ni ley ni prohibición ni artículo que decir él malo que ser estar conectado a internet y el daño que hacer el celular redactado en uno computadora conectado a internet y con el móvil al lado
6060a90743be006f266da66d93ab2a72,"NUEVAS TECNOLOGÍAS, INFORMATIZACIÓN DE LA SOCIEDAD",0,"?Acaben de bajar los precios de llamadas y sms,a pesar de que las comunicaciones son malas son bastantes caras hasta cuando por favorrrrrrrrrr.",cu,0,1,0,0,0,0,1,0,0,acabar de bajar el precio de llamada y sms a pesar de que el comunicación ser mala ser bastante cara hasta cuando por favorr
5262fc46ad30b794c6a42bb2e13a1995,"NUEVAS TECNOLOGÍAS, INFORMATIZACIÓN DE LA SOCIEDAD",0,Me alegro ..pero me quedo con el SIJU APK ..LA MEJOR POR DATOS MOVILES Y CON EL WAHSAPP,cu,0,0,8,0,0,0,0,0,0,yo alegrar pero yo quedar con el siju apk el mejor por dato movil y con el wahsapp
53c0e0d9798c216c46f031bf6365ec41,"NUEVAS TECNOLOGÍAS, INFORMATIZACIÓN DE LA SOCIEDAD",0,yo no sé dónde vive la periodista pero la verdad es que en cuba la mayoria de la gente nunca se ha conectado a internet,cu,0,0,0,0,0,2,0,0,0,yo no saber dónde vivir el periodista pero el verdad ser que en cuba el mayoria de el gente nunca él haber conectar a internet
280bc912931846f7b753dea9994e50e5,"NUEVAS TECNOLOGÍAS, INFORMATIZACIÓN DE LA SOCIEDAD",0,"¿Es en serio Mariaris? Ná, seguro querías bromear un poco y bajarle la presión al foro.",cu,0,2,0,0,0,0,0,0,0,ser en serio mariaris ná seguro quería bromear uno poco y bajar él el presión al foro
e2107effc94c6010c0feabe993bcc16a,"NUEVAS TECNOLOGÍAS, INFORMATIZACIÓN DE LA SOCIEDAD",0,Telesuresta volviendo locooooo al periodismo cubano,cu,0,0,0,0,0,0,1,0,0,telesuresta volver locoo  al periodismo cubano
90fa637a6f283cc19f8080f2bda76099,"NUEVAS TECNOLOGÍAS, INFORMATIZACIÓN DE LA SOCIEDAD",0,?Cuando el MIC le va a dar respuestas a los planteamientos del VIII Congreso de los radioaficionados celebrado hace un año??hasta cuando vamos a seguir ignorados??,cu,0,5,2,0,0,0,1,0,0,cuando el mic él ir a dar respuesta a el planteamiento del vii congreso de el radioaficionado celebrado hacer uno año hasta cuando ir a seguir ignorado
275835b0343c92cd90d76e693e0a0409,"NUEVAS TECNOLOGÍAS, INFORMATIZACIÓN DE LA SOCIEDAD",0,"?me parece que seria inteligente bajar los precios de la navegacion por internet,dos cuc siguen siendo una traba para la mayoria de los que trabajamos y no tenemos la posibilidad de conectarnos constantemente a la red,si bajamos el precio se acabaron las ilegalidades en los sitios de wifi.",cu,0,1,0,0,0,1,0,0,0,yo parecer que serio inteligente bajar el precio de el navegacion por internet dos cuc seguir ser uno trar para el mayoria de el que trabajar y no tener el posibilidad de conectarno constantemente a el red si bajamos el precio él acabar el ilegalidad en el sitio de wifi
1811b7585612219e2f0b3e1c49253a48,"NUEVAS TECNOLOGÍAS, INFORMATIZACIÓN DE LA SOCIEDAD",0,Te robo tu comentario y solo le cambio el lugar y pongo Las Tunas,cu,0,0,0,0,0,0,0,0,0,tú robar tu comentario y solo él cambio el lugar y poner el tuna
99c75c56f4c4e0971c64cca78eb764b3,"NUEVAS TECNOLOGÍAS, INFORMATIZACIÓN DE LA SOCIEDAD",0,"Hay mucha demora en el desarrollo de aplicaciones web que faciliten el acceso a diferentes productos y servicios en nuestro país, ejemplo la semana pasada me cansé de buscar por todos los portales web cubanos y en ningún pude encontrar información sobre ÓMNIBUS NACIONALES.",cu,0,0,2,0,0,1,0,0,0,haber mucho demora en el desarrollo de aplicación web que facilitar el acceso a diferente producto y servicio en nuestro país ejemplir el semana pasado yo cansar de buscar por todo el portal web cubano y en ninguno poder encontrar información sobre ómnibus nacional
7eedb1b0a210065e2019db6584a3e1b6,"NUEVAS TECNOLOGÍAS, INFORMATIZACIÓN DE LA SOCIEDAD",0,"Tienes que ver a algun usuario que esté conectado en esa zona y te indique, generalemente con un router se puede acceder",cu,0,0,0,0,0,0,0,0,0,tener que ver a algun usuario que estar conectado en ese zona y tú indicar generalemente con uno router él poder acceder
7f95c263aac1a3fd534ca3b414ca080c,"NUEVAS TECNOLOGÍAS, INFORMATIZACIÓN DE LA SOCIEDAD",0,H el q tiene iphone se jodio también,cu,0,0,0,0,0,0,0,0,0,h el q tener iphone él jodar también
691bdd537094095e30329ac178c4e0a7,"NUEVAS TECNOLOGÍAS, INFORMATIZACIÓN DE LA SOCIEDAD",0,?Y cuando se hablara de rebajar los precios de acceso a internet y telefonia movil?,cu,0,2,0,0,0,0,0,0,0,y cuando él hablar de rebajar el precio de acceso a internet y telefonia movil
7ac29b960cdf516703ae6167ddc7fccd,"NUEVAS TECNOLOGÍAS, INFORMATIZACIÓN DE LA SOCIEDAD",0,"¡VOTO POR EL DERECHO A INTERNET PARA TODOS LOS CUBANO!, y que se controle y restrinja el accesos a sitios que van en contra de nuestra ideología. ",cu,2,0,8,0,0,0,0,0,0,voto por el derecho a internet para todo el cubano y que él controlar y restrinjar el acceso a sitio que ir en contra de nuestro ideología
510da94d169578b5a41aa239e2f6f928,"NUEVAS TECNOLOGÍAS, INFORMATIZACIÓN DE LA SOCIEDAD",0,"?El listado de hitos es un poco extraño, no veo como hito sino como fracaso la fusión de empresas o la demora de la implantación de la internet en los celulares. Algunas cosas son dignas de admiración, pero otras realmente dan verguenza.",cu,0,1,0,0,0,2,0,0,0,el listado de hito ser uno poco extraño no ver como hito sino como fracaso el fusión de empresa o el demora de el implantación de el internet en el celular alguno cosa ser digna de admiración pero otro realmente dar verguenza
3af804ce695013f37d455d6d20c4c3b8,"NUEVAS TECNOLOGÍAS, INFORMATIZACIÓN DE LA SOCIEDAD",0,"Gato, mejor comentario que el suyo, no lo he encontrado. FELICIDADES ¡CUANTAS VERDADES Y RAZÓN EN SUS PALABRAS!.",cu,2,0,6,0,0,1,0,0,0,gatir mejor comentario que el suyo no él haber encontrar felicidad cuanta verdad y razón en su palabra
0a8fa753421ee1be30b0cdb39db0a54b,"NUEVAS TECNOLOGÍAS, INFORMATIZACIÓN DE LA SOCIEDAD",0,"?No sé las computadoras, no las he usado, pero las tablets GEDEME son de muy mala calidad, al menos las de pequeño formato. Ya renuncié a utlizarla.",cu,0,1,1,0,0,2,0,0,0,no saber el computadora no él haber usar pero el tablets gedemir ser de mucho malo calidad al menos el de pequeño formato ya renuncié a utlizar él
7753a4da657a3c7ea98578aaa0d2a05d,"NUEVAS TECNOLOGÍAS, INFORMATIZACIÓN DE LA SOCIEDAD",0,"mano, pertenezco a snet, lo unico ke te puedo decir es que averigues en tu zona kien tiene una subred
cercana para ke tires un cable hacia alla, la otra opcion ke tienes es comprar un equipo inalambrico
para conectarte pero es una variante cara",cu,0,0,0,0,0,0,0,0,0,mano pertenecer a snet él unico ke tú poder decir ser que averigues en tu zona kien tener uno subred cercano para ke tir uno cable hacia allar el otro opcion ke tienes ser comprar uno equipo inalambrico para conectarte pero ser uno variante cara
dc90668c42bf0ab0c0b37afde09a21a6,"NUEVAS TECNOLOGÍAS, INFORMATIZACIÓN DE LA SOCIEDAD",0,"jajajajajajaaaja no saben nada de de nada , que bueno por que ya me preocupaba",cu,0,0,0,0,0,3,1,0,0,jajajajajajaaja no saber nada de de nada que bueno por que ya yo preocupar
937fc41048d6ac36221481f1bfc3848d,"NUEVAS TECNOLOGÍAS, INFORMATIZACIÓN DE LA SOCIEDAD",0,"papa por personas como tu es que no se avanza, claro que esta caro ya hace falta una aplicación
gratis para la conexión de cuba.si muchos paises lo tienen porque el nuestro no",cu,0,0,0,0,0,2,0,0,0,papar por persona como tu ser que no él avanzar claro que este caro ya hacer falta uno aplicación gratis para el conexión de cuba si mucho país él tener porque el nuestro no
afc5e1ef3ae1776de16127a81e27ac7e,"NUEVAS TECNOLOGÍAS, INFORMATIZACIÓN DE LA SOCIEDAD",0,"Te apoyo totalmente. En mi entidad (salud) ni siquiera sé si están haciendo los trámites pertinentes para ello, a los dirigentes de la institución no le interesa la informatización, lo ven como más trabajo para ellos, algo más que controlar y no como una vía de desarrollo.",cu,0,0,0,0,0,3,0,0,0,tú apoyar totalmente en mi entidad salud ni siquiera saber si estar hacer el trámite pertinente para él a el dirigente de el institución no él interesar el informatización él ver como más trabajo para él algo más que controlar y no como uno vía de desarrollo
c597329c0256ceafd4a37959fad6f795,"NUEVAS TECNOLOGÍAS, INFORMATIZACIÓN DE LA SOCIEDAD",0,"a pesar de la débil infraestructura tecnológica los jóvenes se encuentran conectados todo el tiempo, de una u otra forma",cu,0,0,0,0,0,0,0,0,0,a pesar de el débil infraestructura tecnológico el joven él encontrar conectado todo el tiempo de uno u otro forma
94c91cb0e90d87cd2dcb561de860b71c,"NUEVAS TECNOLOGÍAS, INFORMATIZACIÓN DE LA SOCIEDAD",0,"?Pero si ya hay un Facebook ¿para que crear otro? ¿No seria mejor diseñar una red original, verdaderamente cubana, en lugar de crear lo que es una copia de otra ya existente?",cu,0,5,0,0,0,1,0,0,0,pero si ya haber uno facebook para que crear otro no seriar mejor diseñar uno red original verdaderamente cubano en lugar de crear él que ser uno copia de otro ya existente
e4e2bd5c36867b17083400d3c1096561,"NUEVAS TECNOLOGÍAS, INFORMATIZACIÓN DE LA SOCIEDAD",0,ESA ES LA FUNCION DE INTERNETEL MUNDO AL ALCANCE DE UN CLICK!!!!!,cu,5,0,6,0,0,0,1,0,0,ese ser el funcion de internet el mundo al alcance de uno click
1a1f438486e41343dd9884f8f469f450,"NUEVAS TECNOLOGÍAS, INFORMATIZACIÓN DE LA SOCIEDAD",0,"WhatsApp socio, si hay que pagar mejor que sea con una app de calidad",cu,0,0,0,0,0,0,0,0,0,whatsapp socio si haber que pagar mejor que ser con uno app de calidad
4837b00abf63bfbdb8e33e847b7d3432,"NUEVAS TECNOLOGÍAS, INFORMATIZACIÓN DE LA SOCIEDAD",0,?Mi opinión honesta es que no quieren darle solucion al problema e inventan cualquier excusa. Los servicios de ETCSA son en lo general muy malos pero nada pasa!!!. Somos victimas porque solo hay un solo proveedor   Seguir esprando y morir sin solución,cu,3,1,1,0,0,3,2,0,0,mi opinión honesta ser que no querer dar él solucion al problema e inventar cualquiera excusa el servicio de etcsa ser en él general mucho malo pero nada pasar ser victima porque solo haber uno solo proveedor seguir esprar y morir sin solución
e05ba2da8c902efd55b419b48d2abe24,"NUEVAS TECNOLOGÍAS, INFORMATIZACIÓN DE LA SOCIEDAD",0,"El whatsapp es mejor al comprar el paquete de datos, porque con una audiollamada te gasta muy
poco. Además, es una aplicación de calidad, nunca he usado ToDus, pero me han dicho que tiene más
inconvenientes que ventajas.",cu,0,0,0,0,0,1,0,0,0,el whatsapp ser mejor al comprar el paquete de dato porque con uno audiollamada tú gastar mucho poco además ser uno aplicación de calidad nunca haber usar todus pero yo haber decir que tener más inconveniente que ventaja
52ab9a28540a6642c3a2a4c9e477de1d,"NUEVAS TECNOLOGÍAS, INFORMATIZACIÓN DE LA SOCIEDAD",0,"?Si, un hito de atras pa lante, y claro no los creemos.",cu,0,1,0,0,0,1,0,0,0,si uno hito de atra pa lante y claro no él creer
df3ef892a47fbefcb41bc964a99f6644,"NUEVAS TECNOLOGÍAS, INFORMATIZACIÓN DE LA SOCIEDAD",0,"El colectivo de trabajadores de Joven Club San Cristóbal 1 se siente muy feliz de celebrar 30 años al servicio de la
familia cubana, así continuaremos dando lo mejor a nuestros clientes por muchos años más.",cu,0,0,0,0,0,0,0,0,0,el colectivo de trabajador de joven club san cristóbal 1 él sentir mucho feliz de celebrar 30 año al servicio de el familia cubano así continuar dar él mejor a nuestro cliente por mucho año más
e5c6fc0811fdd85ae75a20cd2344e48c,"NUEVAS TECNOLOGÍAS, INFORMATIZACIÓN DE LA SOCIEDAD",0,"Excelente comentario este, angelpérez",cu,0,0,0,0,0,0,0,0,0,excelente comentario este angelpérez
f86e0dbeffb3efb294f7b223247573ca,"NUEVAS TECNOLOGÍAS, INFORMATIZACIÓN DE LA SOCIEDAD",0,en muchos celulares esta la opcion de wifi y cuando le das buscar redes te dice no se encontro ninguna red. de que estamos hablando?.,cu,0,1,0,0,0,2,0,0,0,en mucho celular este el opcion de wifi y cuando él dar buscar red tú decir no él encontro ninguno red de que estar hablar
d4917357c6a6912f6bb7a02453698b77,"NUEVAS TECNOLOGÍAS, INFORMATIZACIÓN DE LA SOCIEDAD",0,"?Hermano, creo que debe investigar sobre lo que es Mbits y mb ETECSA si está dando 1Mbit para los servicios Wifi lo que sucede que el servicio es inestable.   Cuando te conectas a 1Mbit la velocidad de descarga es entre 100 y 130 Kb/seg eso es correcto.",cu,0,1,1,0,0,0,1,0,0,hermano creer que deber investigar sobre él que ser mbit y mb etecsa si estar dar 1mbit para el servicio wifi él que suceder que el servicio ser inestable cuando tú conectar a 1mbit el velocidad de descarga ser entre 100 y 130 kb seg ese ser correcto
a059e95aed631db23bb493ca8f59c3d7,"NUEVAS TECNOLOGÍAS, INFORMATIZACIÓN DE LA SOCIEDAD",0,Esa del Malecón claramente está tirando fotos.,cu,0,0,0,0,0,0,0,0,0,ese del malecón claramente estar tirar foto
035f6b362d3bb06a5857b748faeda680,"NUEVAS TECNOLOGÍAS, INFORMATIZACIÓN DE LA SOCIEDAD",0,"¿Para cuando van a alfabetizar a los Tembas en las cuestiones de las redes?
 No entiendo nada, tengo un Arcatel y no puedo leer cubadebate, ni nada y ahora me vienen con el todus",cu,0,2,0,0,0,5,0,0,0,para cuando ir a alfabetizar a el temba en el cuestión de el red no entender nada tener uno arcatel y no poder leer cubadebate ni nada y ahora yo venir con el todus
a768ae3f56c8567e9fa70e1ace23a96a,"NUEVAS TECNOLOGÍAS, INFORMATIZACIÓN DE LA SOCIEDAD",0,"Bueno gato me hice fan tuyo 100% después de esa explicación hermano no hay mas que hablar lo dijiste todo y ahora que vengan los políticos, los psicólogos, los que quieran ha decirnos que eso es mentira",cu,0,0,0,0,0,1,0,0,0,bueno gato yo hacer fan tuyo 100 después de ese explicación hermano no haber ma que hablar él dijistar todo y ahora que vengar el político el psicólogo el que querer haber decir yo que ese ser mentira
534e896aa52acd849e4ca619c4cd3caa,"NUEVAS TECNOLOGÍAS, INFORMATIZACIÓN DE LA SOCIEDAD",0,"Lo mejor que puedes hacer es buscar a algún vecino que este conectado y preguntarle quien es su
administrador y hablar con este, para que te apruebe y te conecte",cu,0,0,0,0,0,0,0,0,0,él mejor que poder hacer ser buscar a alguno vecino que este conectado y preguntar él quien ser su administrador y hablar con este para que tú aprobar y tú conectar
879601b0e96254085bde6b36bf4bfa5f,"NUEVAS TECNOLOGÍAS, INFORMATIZACIÓN DE LA SOCIEDAD",0,"?Está bastante lento, llevo casi 30 minutos para tratar de crear mi cuenta. Espero que se mantenga.",cu,0,1,0,0,0,0,0,0,0,estar bastante lento llevar casi 30 minuto para tratar de crear mi cuenta esperar que él mantener
f0bdf3ce271a82a5a821e8549126b559,"NUEVAS TECNOLOGÍAS, INFORMATIZACIÓN DE LA SOCIEDAD",0,"Hay que aprovechar los talentos que aún nos quedan, jóvenes que todavía tienen esperanza de poder aportar a su país y recibir según su aporte. Yo también conservo esa esperanza, pero cada día quedamos menos.",cu,0,0,0,0,0,0,0,0,0,haber que aprovechar el talento que aún yo quedar joven que todavía tener esperanza de poder aportar a su país y recibir según su aporte yo también conservo ese esperanza pero cada día quedar menos
e5d07084eeb756cfaefd65ec5d3d0120,"NUEVAS TECNOLOGÍAS, INFORMATIZACIÓN DE LA SOCIEDAD",0,"Un cuc da para una bolsa de 50 megabytes y la app todus consume bastante, con un uso medio esos
cincuenta megas no duran ni tres días",cu,0,0,0,0,0,2,0,0,0,uno cuc dar para uno bolsa de 50 megabyt y el app todus consumir bastante con uno uso medio ese cincuenta mega no durar ni tres día
f3169497355bc3636676e61ce4f2dd9c,"NUEVAS TECNOLOGÍAS, INFORMATIZACIÓN DE LA SOCIEDAD",0,"Mmmm según leí en algún medio extranjero, la red en Pinar del Río la enfocaron en llevar el portal
Nauta de Etecsa a las casas quizás por ese motivo les abrieron fuego. Ojo, yo solo repito lo que leí en
algún sitio de internet no tengo prueba alguna de que aya sido así.
WebMaster en SNET",cu,0,0,1,0,0,1,1,0,0,mmm según leer en alguno medio extranjero el red en pinar del río él enfocar en llevar el portal nauta de etecsa a el casa quizás por ese motivo él abrir fuego ojo yo solo repetir él que leer en alguno sitio de internet no tener prueba alguno de que air ser así webmaster en snet
4b531a305bb5e9a03e1aaf642a9f6572,"NUEVAS TECNOLOGÍAS, INFORMATIZACIÓN DE LA SOCIEDAD",0,"?Que hostiaaaaaaaa de sitio nada que ver con FACEBOOK pero bueno al menos algo para los que nunca han accedido a tales paginas,pero mejor les recomiendo, por supuesto mi amigo FACEBOOK ..",cu,0,1,2,0,0,2,1,0,0,que hostiaar de sitio nada que ver con facebook pero bueno al menos algo para el que nunca haber acceder a tal pagina pero mejor él recomeir por supuesto mi amigo facebook
e6b2c8d209737a2cbb9228b191f8b9cc,"NUEVAS TECNOLOGÍAS, INFORMATIZACIÓN DE LA SOCIEDAD",0,"?En Santa Marta Cardenas Matanzas la conectividad de correos es exelente, los giros se cobran haste el mismo dia, pero el correo postal demara una carta desde aqui a la Habana y viceversa mas de un mes.",cu,0,1,0,0,0,0,0,0,0,en santa marta cardena matanza el conectividad de correos ser exelente el giro él cobrar haste el mismo dia pero el correo postal demar uno carta desde aqui a el habana y viceversar mas de uno mes
0a02a86ca8e56646e5d2e56323f79861,"NUEVAS TECNOLOGÍAS, INFORMATIZACIÓN DE LA SOCIEDAD",0,"posiblemente los menos modificados geneticamente por las redes seamos nosotros periodistas, no inverstigo esto con los precios de acceso y la falta de conectividad general, a que aspiras, si con eso dices que estamos contaminados el dia que sea a full !!!",cu,3,0,0,0,0,1,1,0,0,posiblemente el menos modificado geneticamente por el red ser yo periodista no inverstigo este con el precio de acceso y el falta de conectividad general a que aspira si con ese diz que estar contaminado el dia que ser a full
9eff1836a6d45d132b0dff85c9522572,"NUEVAS TECNOLOGÍAS, INFORMATIZACIÓN DE LA SOCIEDAD",0,"Conclusión no cuestionemos a los jóvenes y a lo que se han tenido que adaptarse, cuestionemos mas bien los precios que nos han obligado a convertirnos en abreviadores de palabras por excelencia.",cu,0,0,0,0,0,1,0,0,0,conclusión no cuestion a el joven y a él que él haber tener que adaptar él cuestioner mas bien el precio que yo haber obligar a convertirno en abreviador de palabra por excelencia
840e7be5d963fc811149cde3aaa8c622,"NUEVAS TECNOLOGÍAS, INFORMATIZACIÓN DE LA SOCIEDAD",0,"chicho compadre la ortografía jajajajajaen SNET es normal tener esa ortografía ya que lo que importa
verdaderamente es entendernos entre nosotros mismos.se que eso está mal pero es lo que haytampoco es para que pongan una regla de que no se puede escribir con faltas de ortografía no?",cu,0,1,1,0,0,3,0,0,0,chicho compadre el ortografía jajajajajar en snet ser normal tener ese ortografía ya que él que importar verdaderamente ser entender yo entre yo mismo él que ese estar mal pero ser él que haber tampoco ser para que poner uno regla de que no él poder escribir con falta de ortografía no
56fedc6f0528046ba3d5add62a106992,"NUEVAS TECNOLOGÍAS, INFORMATIZACIÓN DE LA SOCIEDAD",0,"Felicidades al colectivo de San Cristobal I, que siempre está lleno de clientes, señal de buen servicio, un
beso a todos",cu,0,0,0,0,0,0,0,0,0,felicidad al colectivo de san cristobal i que siempre estar lleno de cliente señal de buen servicio uno beso a todo
8012e7daf62f5a46cd64b2da9b3e402b,"NUEVAS TECNOLOGÍAS, INFORMATIZACIÓN DE LA SOCIEDAD",0,"para lo unico que han quedado los jovenclub es para salas de juegos, para sacarle el poco dinero de los padres a
los pobres niños que nunca habian visto una pc , lo que le sdeberia es dar verguenza al estado que cerro todoas
las salas de juego en cuba, y la abrio el para cobrarle a los niños.",cu,0,0,0,0,0,1,0,0,0,para él unico que haber quedar el jovenclub ser para sala de juego para sacar él el poco dinero de el padre a el pobre niño que nunca habiar visto uno pc él que él sdeberiar ser dar verguenza al estado que cerro todoas el sala de juego en cuba y el abrio el para cobrar él a el niño
23f83a2c37cad9c2c46ac2d49c491c6c,"NUEVAS TECNOLOGÍAS, INFORMATIZACIÓN DE LA SOCIEDAD",0,Muchas gracias por la información (RoG)_NeKroZ. Mucha suerte y felicidades!,cu,1,0,0,0,0,0,0,0,0,mucho gracia por el información rog _ nekroz mucho suerte y felicidad
2b356e9e829cefc4a9e6decf827a129a,"NUEVAS TECNOLOGÍAS, INFORMATIZACIÓN DE LA SOCIEDAD",0,En las Tunas existe una red muy parecida a SNET y está funcionando desde hace 5 años,cu,0,0,1,0,0,0,0,0,0,en el tuna existir uno red mucho parecido a snet y estar funcionar desde hacer 5 año
29b5bcc21a1703361ade957293bef8d1,"NUEVAS TECNOLOGÍAS, INFORMATIZACIÓN DE LA SOCIEDAD",0,"En ningunpais la internet es gratis, solo la dan gratis algunos negocios, hoteles , restaurantes etc , que de gratis nada pues su costo lo recuperan con los gastos generados por otras cosas, el resto de hoteles y demas todos se cobran en todas partes.",cu,0,0,0,0,0,1,0,0,0,en ningunpai el internet ser gratis solo él dar gratis alguno negocio hotel restaurante etc que de gratis nada pues su costo él recuperan con el gasto generado por otro cosa el resto de hotel y dema todo él cobrar en todo parte
4f2c0ff6f7f3b578f53372845aaef870,"NUEVAS TECNOLOGÍAS, INFORMATIZACIÓN DE LA SOCIEDAD",0,hola alguien me puede ayudar a encontrar a un administrador que de un ip? soy de lawton por favor orientenme mi correo es henry@hodfr.sld.cu gracias,cu,0,1,0,0,0,0,0,0,0,holar alguien yo poder ayudar a encontrar a uno administrador que de uno ip ser de lawton por favor orientenmar mi correo ser henry[user ] sld cu gracia
a1678b15791e0ebe32316a4c93e2667e,"NUEVAS TECNOLOGÍAS, INFORMATIZACIÓN DE LA SOCIEDAD",0,"Todo está muy bien planteado, pero el pueblo es quien tiene que sufrir los altos precios y la mala calidad de los servicios que brinda Etecsa.",cu,0,0,0,0,0,0,0,0,0,todo estar mucho bien planteado pero el pueblo ser quien tener que sufrir el alto precio y el malo calidad de el servicio que brindar etecsa
090a982596ca7cf55e80dce1e9d35a06,"NUEVAS TECNOLOGÍAS, INFORMATIZACIÓN DE LA SOCIEDAD",0,"ERROR
El URL solicitado no se ha podido conseguir",cu,0,0,2,0,0,1,0,0,0,error el url solicitado no él haber poder conseguir
d71d540aa39775d4c27b9733bab25381,"NUEVAS TECNOLOGÍAS, INFORMATIZACIÓN DE LA SOCIEDAD",0,"?Desde el año 2017 tengo una cajita decodificadora GELEC y no tengoquejas de su funcionamiento. Muy buena ha salido, funciona perfectamente con tremenda nitides y alta definición de imagen.",cu,0,1,1,0,0,1,0,0,0,desde el año 2017 tener uno cajita decodificadoro gelec y no tengoqueja de su funcionamiento mucho buen haber salir funcionar perfectamente con tremendo nitid y alto definición de imagen
6e979bf39c6b526c1f666109e73038af,"NUEVAS TECNOLOGÍAS, INFORMATIZACIÓN DE LA SOCIEDAD",0,"la labor de los joven club es muy buena ya q permite a los usuarios interactuar con el mundo de la informatica y
brindar servicios de calidad para nuestro pueblo",cu,0,0,0,0,0,0,0,0,0,el labor de el joven club ser mucho buen ya q permitir a el usuario interactuar con el mundo de el informatica y brindar servicio de calidad para nuestro pueblo
567008a27aff3df425a23d0158f666d1,"NUEVAS TECNOLOGÍAS, INFORMATIZACIÓN DE LA SOCIEDAD",0,Tal parece que todos los cubanos estamos conectados a internet!!!,cu,3,0,0,0,0,0,1,0,0,tal parecer que todo el cubano estar conectado a internet
a9e722163823911f14884910ce4316ee,"NUEVAS TECNOLOGÍAS, INFORMATIZACIÓN DE LA SOCIEDAD",0,Vaya basura el link de descarga ese. Me consumió 200 megas del paquete y no se descargó ni el 10 por ciento. Basura la apklis esa,cu,0,0,0,0,0,2,0,0,0,vaya basura el link de descarga ese yo consumir 200 mega del paquete y no él descargar ni el 10 por ciento basura el apklis ese
8785bc12907b4dd592fc0435ce20e34d,"NUEVAS TECNOLOGÍAS, INFORMATIZACIÓN DE LA SOCIEDAD",0,Y la version iOS pa cuando?,cu,0,1,0,0,0,0,0,0,0,y el version ios pa cuando
b02f549b4516c370617f2137665eaae0,"NUEVAS TECNOLOGÍAS, INFORMATIZACIÓN DE LA SOCIEDAD",0,Yo sueño con que un día en cada mesa de presidencia de las salas principales del Palacio exista una pantalla tactil para que se trsnamita la información a un datashow. Aspiro a ver menos papel en cada mesa donde se están discutiendo temas de interés nacional.,cu,0,0,0,0,0,0,0,0,0,yo sueño con que uno día en cada mesa de presidencia de el sala principal del palacio existir uno pantalla tactil para que él trsnamitar el información a uno datashow aspiro a ver menos papel en cada mesa donde él estar discutir tema de interés nacional
8bd688e0c71c84d50530783da81a8718,"NUEVAS TECNOLOGÍAS, INFORMATIZACIÓN DE LA SOCIEDAD",0,"El de La Habana lo repararon y lo vi desde afuera la semana pasada, pero en Los Palos, Mayabeque, donde
estuve recientemente, los aires acondicionados no funcionan hace años, es una sauna, las conexiones son
inestables y en general tiene malas condiciones.",cu,0,0,0,0,0,1,0,0,0,el de el habana él reparar y él ver desde afuera el semana pasado pero en el palo mayabeque donde estar recientemente el aire acondicionado no funcionar hacer año ser uno saún el conexión ser inestable y en general tener mala condición
de7f309eb0c4967003d2c6745a16ba6e,"NUEVAS TECNOLOGÍAS, INFORMATIZACIÓN DE LA SOCIEDAD",0,?Como es posible que mi hermano que acaba de llegar del extranjero tenga acceso a Internet a través del servicio Roaming para lo cual tiene quer pasar por los servidores de CUBACEL. Como se entiende que no puede servir un celular con linea nacional para esto.,cu,0,1,1,0,0,1,0,0,0,como ser posible que mi hermano que acabar de llegar del extranjero tener acceso a internet a través del servicio roaming para él cual tener quer pasar por el servidor de cubacel como él entender que no poder servir uno celular con linea nacional para este
7690929f9ac0cbb07f79e9bf21a46a99,"NUEVAS TECNOLOGÍAS, INFORMATIZACIÓN DE LA SOCIEDAD",0,"El Joven Club Guira III celebrando el trenta aniversario de los Joven Club de computación brindando un mejor
servicio.",cu,0,0,1,0,0,0,1,0,0,el joven club guira ii celebrar el trenta aniversario de el joven club de computación brindar uno mejor servicio
d6f6ffb37bea4e1ad2fb4cea3625cf13,"NUEVAS TECNOLOGÍAS, INFORMATIZACIÓN DE LA SOCIEDAD",0,"?Yo siempre he dicho que ETECSA va a empezar a trabajar bien el día que exista otra empresa nacional que les haga la competencia, que bajen un poco los precios ahí sí",cu,0,1,1,0,0,0,0,0,0,yo siempre haber decir que etecsa ir a empezar a trabajar bien el día que existir otro empresa nacional que él hacer el competencia que bajar uno poco el precio ahí sí
d80f02b61475838a150f4255294b5f97,"NUEVAS TECNOLOGÍAS, INFORMATIZACIÓN DE LA SOCIEDAD",0,FELISIDADESV ALOS JOVEN CLUB POR SUS 20 AN.O,cu,0,0,6,0,0,0,0,0,0,felisidadesv alo joven club por su 20 an o
d9fabdc726ea7181d08d38bccddb1335,"NUEVAS TECNOLOGÍAS, INFORMATIZACIÓN DE LA SOCIEDAD",0,"Los Joven Club forman parte de una de las ideas maravillosas de nuestro Comandante Fidel Castro. Gracias a la
ardua labor que desarrollan sus trabajadores han podido informatizar a gran parte de la sociedad cubana,
Felicidades por sus 30 años al servicio de la familia cubana",cu,0,0,0,0,0,0,0,0,0,el joven club formar parte de uno de el idea maravilloso de nuestro comandante fidel castro gracias a el ardua labor que desarrollar su trabajador haber poder informatizar a gran parte de el sociedad cubana felicidad por su 30 año al servicio de el familia cubano
b59b7ea445eb64efb3ef65e35b7e340e,"NUEVAS TECNOLOGÍAS, INFORMATIZACIÓN DE LA SOCIEDAD",0,"hace poco me mudé para vibora park cerca de santa amalia y estoy cogiendo la wifi comunidad sur 4 con 3 rayas pero cuando trato de conectarme y me da error, seguramente porque tiene filtrado por mac..cómo puedo contactar un administrador de esa zona para conectarme?",cu,0,1,0,0,0,0,0,0,0,hacer poco yo mudar para vibora park cerca de santa amalia y estar coger el wifi comunidad sur 4 con 3 rayas pero cuando tratar de conectarme y yo dar error seguramente porque tener filtrado por mac cómo poder contactar uno administrador de ese zona para conectar yo
d34c1594ce110b7d7a39c73417f94367,"NUEVAS TECNOLOGÍAS, INFORMATIZACIÓN DE LA SOCIEDAD",0,?Aún me pregunto porque el ALBA-1 se demoró tanto en empezar a funcionar. Espero que algun día lo digan. Por cierto no estamos conectados a otros cables submarinos?,cu,0,2,1,0,0,1,0,0,0,aún yo preguntar porque el alba 1 él demorar tanto en empezar a funcionar esperar que algun día él decir por cierto no estar conectado a otro cable submarino
53479dbc30227d042fb3c900519f00bf,"NUEVAS TECNOLOGÍAS, INFORMATIZACIÓN DE LA SOCIEDAD",0,Debes de tener un nanostation que no es mas uqe una antena reseptora de señales wifi de gran alcance,cu,0,0,0,0,0,1,0,0,0,deber de tener uno nanostation que no ser mas uqe uno antena reseptoro de señal wifi de gran alcance
fc6572655bc89fa5ead03fd29e8e5adc,"NUEVAS TECNOLOGÍAS, INFORMATIZACIÓN DE LA SOCIEDAD",0,"Los que tienen 2G tambien pueden utilizar el servicio de la misma forma que utilizan otras aplicaciones como Siju, con un paquete de datos de 50Mb x 1 cuc,",cu,0,0,0,0,0,0,0,0,0,el que tener 2 g tambien poder utilizar el servicio de el mismo forma que utilizar otro aplicación como siju con uno paquete de dato de 50 mb x 1 cuc
e70d47de7649bede0f2c146f79bba148,"NUEVAS TECNOLOGÍAS, INFORMATIZACIÓN DE LA SOCIEDAD",0,"?hola, leyendo este trabajo me vino a la memoria el tiempo que trabajé y programé para la CID-300 y la EC-1035 de fabricacion sovietica, las cintas de papel, las tarjetas perforadas, despues aparecieron las NEC japonesas y las PC IBM que tiempos aquellos",cu,0,1,3,0,0,0,0,0,0,holar leer este trabajo yo venir a el memoria el tiempo que trabajé y programé para el cid 300 y el ec 1035 de fabricacion sovietico el cinta de papel el tarjeta perforado despu aparecer el nec japonés y el pc ibm que tiempo aquel
fa8b8c26c8812483e358f860d4a87cb9,"NUEVAS TECNOLOGÍAS, INFORMATIZACIÓN DE LA SOCIEDAD",0,feliz aniversario del 30 años junto a la familia,cu,0,0,0,0,0,0,0,0,0,feliz aniversario del 30 año junto a el familia
3642b9b4f30fb88ee300a5ab29125b78,"NUEVAS TECNOLOGÍAS, INFORMATIZACIÓN DE LA SOCIEDAD",0,PUÑOS ARRIBA POR SNET,cu,0,0,4,0,0,0,0,0,0,puño arriba por snet
3931f9d618a10ed6f52ae96a5321814a,"NUEVAS TECNOLOGÍAS, INFORMATIZACIÓN DE LA SOCIEDAD",0,"?¿Y cuándo se aprueba la Polítca de Informatización y se hace pública como cualquier otra política? Así sabremos los compromisos, los planes y los incumplimientos",cu,0,3,0,0,0,0,0,0,0,y cuándo él aprobar el polítca de informatización y él hacer público como cualquiera otro política así saber el compromiso el plan y el incumplimiento
a807405142a0c5bf76db5d7ceaa0fe96,"NUEVAS TECNOLOGÍAS, INFORMATIZACIÓN DE LA SOCIEDAD",0,Me pregunto y seria muy bueno ¿Eso es legal?,cu,0,2,0,0,0,0,0,0,0,yo preguntar y serio mucho bueno ese ser legal
fa5e7b55eb94926ba305003272fb5f2f,"NUEVAS TECNOLOGÍAS, INFORMATIZACIÓN DE LA SOCIEDAD",0,"?Muy bien por todo lo dicho, pero la realidad es otra sobre el ancho de banda, por lo menos en los municipios aqui todavia esta a 64mb/s y cuando hay 2 ó 3 conectados baja a 10mb/s, todavia estamos superatrazados.",cu,0,1,0,0,0,0,0,0,0,mucho bien por todo él dicho pero el realidad ser otro sobre el ancho de banda por él menos en el municipio aqui todaviir este a 64 mb s y cuando haber 2 ó 3 conectado bajo a 10 mb s todavio estar superatrazado
94b4f5c1d3c25d117a3c584a8edd14c9,"NUEVAS TECNOLOGÍAS, INFORMATIZACIÓN DE LA SOCIEDAD",0,Lo que es una vergüenza es que Cuba tenga menos cobertura y uso de internet que Haití ¿el país más pobre del continente? ¿y cómo quedamos nosotros entonces?,cu,0,4,0,0,0,0,0,0,0,él que ser uno vergüenza ser que cuba tener menos cobertura y uso de internet que haití el país más pobre del continente y cómo quedar yo entonces
9c7f249c5a796724f42037e5df5ff81f,"NUEVAS TECNOLOGÍAS, INFORMATIZACIÓN DE LA SOCIEDAD",0,Y los qué tenemos iPhone como siempre nos jodemos,cu,0,0,0,0,0,0,0,0,0,y el qué tener iphone como siempre yo joder
7b7ea0d10e59072f16c6e9e57f390650,"NUEVAS TECNOLOGÍAS, INFORMATIZACIÓN DE LA SOCIEDAD",0,"hace falta se extendiera por todo el país de la misma manera que esta Super red habanera, y que todos tuvieran acceso sin ningún tipo de problema con la ley",cu,0,0,0,0,0,2,0,0,0,hacer falta él extender por todo el país de el mismo manera que este super red habanero y que todo tener acceso sin ninguno tipo de problema con el ley
fde52e4f5ff90767f0031615253d9208,"NUEVAS TECNOLOGÍAS, INFORMATIZACIÓN DE LA SOCIEDAD",0,WOW +10(y)que buen articulocreo que estos tiempos en cuba no solo somos jovenesaca en donde trabajo las personas ya mayores hacen tambien mas uso inclusive que los jovenes de las TICS,cu,0,0,2,0,0,1,0,0,0,wow 10 y que buen articulo creer que este tiempo en cuba no solo ser joven aca en donde trabajar el persona ya mayor hacer tambien mos uso inclusivir que el joven de el tics
864e32d1c31091455b4b449c6a5ca5b0,"NUEVAS TECNOLOGÍAS, INFORMATIZACIÓN DE LA SOCIEDAD",0,"No pienso que el fenomeno de la internet tenga mucha influencia en la vida de los jovenes cubanos, es como dice el dicho: Una vez al año no hace daño.",cu,0,0,0,0,0,2,0,0,0,no pensar que el fenomeno de el internet tener mucho influencia en el vida de el joven cubano ser como decir el dicho uno vez al año no hacer daño
f3f3413a29b655a3773ddf158422b025,"NUEVAS TECNOLOGÍAS, INFORMATIZACIÓN DE LA SOCIEDAD",0,?Hermano te va a dar un infarto !! Somos un pais del 4 mundo y ETECSA usa justificaciones del 1er mundo.,cu,2,1,1,0,0,0,0,0,0,hermano tú ir a dar uno infarto ser uno pais del 4 mundo y etecsa usar justificación del 1er mundo
c96f38dfb5e385fef4c8313986e5008b,"NUEVAS TECNOLOGÍAS, INFORMATIZACIÓN DE LA SOCIEDAD",0,"La mismisima aple se encarga de pasarle el somatón a las apk qe se distribuyen en las aple store .Todus con problemas de seguridad y estabilidad ,ni de chiste ponen eso en una aple store colega",cu,0,0,0,0,0,1,0,0,0,el mismisimo aple él encargar de pasar él el somatón a el apk qe él distribuir en el aple store todus con problema de seguridad y estabilidad ni de chiste poner ese en uno aple store colego
9372617b1bd7ce110c8d5dc2a852ba9c,"NUEVAS TECNOLOGÍAS, INFORMATIZACIÓN DE LA SOCIEDAD",0,"?Muchos años pasarán aún, no solo para que el internet llegue a las casas de los cubanos sino para que éstos puedan pagarlo. Vivir por ver.",cu,0,1,0,0,0,2,0,0,0,mucho año pasar aún no solo para que el internet llegar a el casa de el cubano sino para que este poder pagar él vivir por ver
73a287c83379b37ab99294a2202bb83f,"NUEVAS TECNOLOGÍAS, INFORMATIZACIÓN DE LA SOCIEDAD",0,gato bien por ese escrito uno como ese es el que se deberia publicar en el periodico sin animos de ofender a la periodista lo que pienso es que los periodistas deberian ir mas a la concreta en sus articulos y no andar con rodeos,cu,0,0,0,0,0,2,0,0,0,gato bien por ese escrito uno como ese ser el que él deberiar publicar en el periodico sin animo de ofender a el periodista él que pensar ser que el periodista deberiar ir mas a el concreta en su articulo y no andar con rodeo
f86c9a095065b8658c7f1d2e03c8abc4,"NUEVAS TECNOLOGÍAS, INFORMATIZACIÓN DE LA SOCIEDAD",0,"Yo considero que sin el Todus ,estaba todo bien,la gente lo que más hace es fajarse a través de esa aplicación y las parejas ni se diga.El plan amigo gratis es lo que debería volver ,Todus ni Todus.Saludos",cu,0,0,0,0,0,3,0,0,0,yo considerar que sin el todus estar todo bien el gente él que más hacer ser fajar él a través de ese aplicación y el pareja ni él decir el plan amigo gratis ser él que deber volver todus ni todus saludo
6194d5f26c989f5daccee56ae3a51a32,"NUEVAS TECNOLOGÍAS, INFORMATIZACIÓN DE LA SOCIEDAD",0,"Eluko, muy de acuerdo con usted, las regulaciones controlan y es lo qeu se debe hacer, no prohibir que va en contra del desarrollo que necesitamos, la sociedad es la que desarroola y este es un ejemplo a seguir no a destruir.",cu,0,0,0,0,0,2,0,0,0,eluko mucho de acuerdo con usted el regulación controlar y ser él qeu él deber hacer no prohibir que ir en contra del desarrollo que necesitar el sociedad ser el que desarroolar y este ser uno ejemplo a seguir no a destruir
7ae57b61e8b7f2f3050591f271a2735d,"NUEVAS TECNOLOGÍAS, INFORMATIZACIÓN DE LA SOCIEDAD",0,"Es evidente que no sabes ni de economia ni de telecomunicaciones, tu comentario es absurdo.",cu,0,0,0,0,0,3,0,0,0,ser evidente que no saber ni de economia ni de telecomunicación tu comentario ser absurdo
785dafe0783ac984a3bf1f2135ecaad9,"NUEVAS TECNOLOGÍAS, INFORMATIZACIÓN DE LA SOCIEDAD",0,sin animos d eofender al poner todus de pago prefiero pagar par ausar whatsapp o telegram,cu,0,0,0,0,0,1,0,0,0,sin animo d eofender al poner todus de pago preferir pagar par ausar whatsapp o telegram
69c6f8ee85f54db6ff93d646df45cbb3,"NUEVAS TECNOLOGÍAS, INFORMATIZACIÓN DE LA SOCIEDAD",0,ETECSA.HASTA CUANDO VAN A SEGUIR APRETANDOLO GRATIS PARA USTEDES NO EXISTE,cu,0,0,10,0,0,1,0,0,0,etecsa hasta cuando ir a seguir apretar él gratis para tú no existir
38313b6a00661e85b8ad3143dfe7efe9,"NUEVAS TECNOLOGÍAS, INFORMATIZACIÓN DE LA SOCIEDAD",0,"Estoy muy orgulloso y feliz de asistir a un servicio tan especial como los que brindan los Joven Club de
Computación y Eléctronica del país.",cu,0,0,0,0,0,0,0,0,0,estar mucho orgulloso y feliz de asistir a uno servicio tanto especial como el que brindar el joven club de computación y eléctronico del país
9b7abca59238853bbad0a50d60e11fb9,"NUEVAS TECNOLOGÍAS, INFORMATIZACIÓN DE LA SOCIEDAD",0,"Amigo j-stgo.3.14, muy bueno tu comentario, solo me queda insitarlos a que sigan trabjando y traten de
mantenerses, y que cada USER ponga de su parte para que las cosas salgan. FELICIDADES",cu,0,0,2,0,0,0,0,0,0,amigo j stgo 3 14 mucho bueno tu comentario solo yo quedar insitar él a que seguir trabjar y traten de manteners y que cada user poner de su parte para que el cosa salir felicidad
724b0cfade5d80add47da61924e2108e,"NUEVAS TECNOLOGÍAS, INFORMATIZACIÓN DE LA SOCIEDAD",0,"Efectivamente, los precios de la telefonía celular en Cuba son de los más caros del mundo. En CUC en un país donde el 80% de la población cobra en CUP. Para hacer llamadas locales es excesivo el precio que tiene el minuto. ",cu,0,0,2,0,0,0,0,0,0,efectivamente el precio de el telefonía celular en cuba ser de el más caro del mundo en cuc en uno país donde el 80 de el población cobrar en cup para hacer llamada local ser excesivo el precio que tener el minuto
3159c3c8a7d7e857d3a8f131e4bacb1e,"NUEVAS TECNOLOGÍAS, INFORMATIZACIÓN DE LA SOCIEDAD",0,segurooooooooooooo apoyemos el SNET,cu,0,0,1,0,0,0,1,0,0,seguroo apoyer el snet
dce4da70759a794923af249ba753e82c,"NUEVAS TECNOLOGÍAS, INFORMATIZACIÓN DE LA SOCIEDAD",0,Mi abuela prefiere el TV en blanco y negro,cu,0,0,0,0,0,0,0,0,0,mi abuela preferir el tv en blanco y negro
a3fb7065cbabe584fa6787a4ab17988e,"NUEVAS TECNOLOGÍAS, INFORMATIZACIÓN DE LA SOCIEDAD",0,"Por favor relacionado con la informatizacion es muy necesario actualizar y dar más información en las páginas de las instituciones comenzando x los Ministerios q según mi experiencia el de la Agricultura es uno de los mejores ,pero muchos no ofrecen información o están desactualizadas.",cu,0,0,0,0,0,1,0,0,0,por favor relacionado con el informatizacion ser mucho necesario actualizar y dar más información en el página de el institución comenzar x el ministerio q según mi experiencia el de el agricultura ser uno de el mejor pero mucho no ofrecer información o estar desactualizada
3869502a4e6ceb0210f0422d68cd7e68,"NUEVAS TECNOLOGÍAS, INFORMATIZACIÓN DE LA SOCIEDAD",0,"Gracias por su respuesta, quizá en el futuro logren ampliar la capacidad de almacenamiento",cu,0,0,0,0,0,0,0,0,0,gracia por su respuesta quizá en el futuro lograr ampliar el capacidad de almacenamiento
0bb640c656ac2a023b12dfb834cde063,"NUEVAS TECNOLOGÍAS, INFORMATIZACIÓN DE LA SOCIEDAD",0,"eso mismo me vino a la mente a mi cuando comenze a leer, pero confianza ya esto es tan grande como el
paquete.ayyy y como yo le pelee a mi hijo por tantas noches sin dormir.",cu,0,0,0,0,0,1,1,0,0,ese mismo yo venir a el mente a mi cuando comenze a leer pero confianza ya este ser tanto grande como el paquete ayy y como yo él pelee a mi hijo por tanto noche sin dormir
87594860b71263df257ab6afe0e0049c,"NUEVAS TECNOLOGÍAS, INFORMATIZACIÓN DE LA SOCIEDAD",0,Aple no se despretigia asi colega,cu,0,0,0,0,0,1,0,0,0,aplir no él despretigiar asi colega
907ea63c788a953a67c60f1f2e681457,"NUEVAS TECNOLOGÍAS, INFORMATIZACIÓN DE LA SOCIEDAD",0,"Amiga periodista, eso que usted llama Modificación genética en realidad se llama evolución, se llama desarrollo.",cu,0,0,0,0,0,0,0,0,0,amiga periodista ese que usted llamar modificación genético en realidad él llamar evolución él llamar desarrollo
0295ca4374ebdf327e8d6963d52d2fd0,"NUEVAS TECNOLOGÍAS, INFORMATIZACIÓN DE LA SOCIEDAD",0,"hmmmmeste no es un gato, es un tigre",cu,0,0,0,0,0,1,1,0,0,hmm este no ser uno gato ser uno tigre
09ffe4574eecb87c122c69b32ba00be3,"NUEVAS TECNOLOGÍAS, INFORMATIZACIÓN DE LA SOCIEDAD",0,¿y que hay que tener o hacer para conectarse? en el caso especifico de la de habana del este.,cu,0,2,0,0,0,0,0,0,0,y que haber que tener o hacer para conectar él en el caso especifico de el de habana del este
47c8f099bdb1fb349ba2847804eee608,"NUEVAS TECNOLOGÍAS, INFORMATIZACIÓN DE LA SOCIEDAD",0,"Excelente, de poco en poco vamos tumbando la barrera ideológica respecto al Internet masivo. Me incomoda la falta de información que tenemos respecto a los avances en este sentido, no se sabe realmente si estamos parados o progresando. Saludos",cu,0,0,0,0,0,1,0,0,0,excelente de poco en poco ir tumbar el barrera ideológico respecto al internet masivo yo incomodar el falta de información que tener respecto a el avance en este sentido no él saber realmente si estar parado o progresar saludo
14495cd07c0541639e13adc92bddc863,"NUEVAS TECNOLOGÍAS, INFORMATIZACIÓN DE LA SOCIEDAD",0,La informatización no le conviene a muchos directivos porque así no pueden maniobrar ni hacer sus inventos.,cu,0,0,0,0,0,3,0,0,0,el informatización no él convenir a mucho directivo porque así no poder maniobrar ni hacer su invento
2dec1036c7e0d0ee494fd866273125ac,"NUEVAS TECNOLOGÍAS, INFORMATIZACIÓN DE LA SOCIEDAD",0,"Agradecimientos y Felicitaciones :
A todos los instructores y personal de los jovenes club de computacion y electronica por el esfurzo y labor de llevar
a cabo la informatizacion en todo nuestro pais
atentamente : Camilo Porta",cu,0,0,0,0,0,0,0,0,0,agradecimiento y felicitación a todo el instructor y personal de el joven club de computacion y electronicar por el esfurzo y labor de llevar a cabo el informatizacion en todo nuestro pai atentamente camilo portar
b91370148a340c7ce0b8ab029bc6efbd,"NUEVAS TECNOLOGÍAS, INFORMATIZACIÓN DE LA SOCIEDAD",0,"Porque para crear sistemas informáticos y contenidos se necesitan informáticos, una carrera muy difícil d asimilar como otras ingenierías y no estimulamos lo suficiente a sus creadores.",cu,0,0,0,0,0,1,0,0,0,porque para crear sistema informático y contenido él necesitar informático uno carrera mucho difícil d asimilar como otro ingeniería y no estimulamos él suficiente a su creador
413438ef759020c493176822e4784d85,"NUEVAS TECNOLOGÍAS, INFORMATIZACIÓN DE LA SOCIEDAD",0,En materia de informatización Santiago de Cuba nos abrió el camino con su programa de infoalfabetización.,cu,0,0,0,0,0,0,0,0,0,en materia de informatización santiago de cuba yo abrir el camino con su programa de infoalfabetización
bc8d16086324bb47036ce36f69a05249,"NUEVAS TECNOLOGÍAS, INFORMATIZACIÓN DE LA SOCIEDAD",0,"?Hola a todos,todavia no me abre,llevo 45 minutos y nada,no se lo que pasa,pero creo que es la mejor idea que podian haber tenido,saludos.",cu,0,1,0,0,0,3,0,0,0,holar a todo todavia no yo abrir llevar 45 minuto y nada no él él que pasar pero creer que ser el mejor idea que poder haber tener saludo
6c1b9e076aea18cd773ab13f1a3293fe,"NUEVAS TECNOLOGÍAS, INFORMATIZACIÓN DE LA SOCIEDAD",0,"Orlando afloja papo, estas hablando de mas de 70mb por mensajes??, OMG,LOL",cu,0,2,2,0,1,0,0,0,0,orlar afloja papo este hablar de mos de 70 mb por mensaje omg lol
b0d64f868c09718b74d39ea72570caca,"NUEVAS TECNOLOGÍAS, INFORMATIZACIÓN DE LA SOCIEDAD",0,"CUba está hipoconectada, el 95% de los jóvenes cubanos no tienen idea de qué es facebook y ni hablar de youtube, creo que alguien debería sentar a los directivos de ETECSA para que digan sus proyectos, con fecha incluída de cuándo y cómo se podrá acceder a INTERNET en CUba.",cu,0,0,2,0,0,2,0,0,0,cuba estar hipoconectado el 95 de el joven cubano no tener idea de qué ser facebook y ni hablar de youtube creer que alguien deber sentar a el directivo de etecsa para que decir su proyecto con fecha incluído de cuándo y cómo él poder acceder a internet en cuba
8f7b84900b4520b808ed727102fe4763,"NUEVAS TECNOLOGÍAS, INFORMATIZACIÓN DE LA SOCIEDAD",0,"Bueno muy interesante la cantidad de personas que han intervenido sobre este artículo escrito, primero en realidad cuan importante es la interconección entre el que escribe el artículo y las personas que reciben el mismo, facebook es lo máximo en información mediata en el mundo?, ",cu,0,1,0,0,0,0,0,0,0,bueno mucho interesante el cantidad de persona que haber intervenir sobre este artículo escrito primero en realidad cuan importante ser el interconección entre el que escribir el artículo y el persona que recibir el mismo facebook ser él máximo en información mediato en el mundo
d5184511818019b315c7c09f8fcd8935,"NUEVAS TECNOLOGÍAS, INFORMATIZACIÓN DE LA SOCIEDAD",0,"?Ya el ministro sabe qué es lo que piensa la población, por qué no empiezan ya a resolver esas inquietudes y necesidades? Si vamos a esperar a que Etecsa tenga los recursos más nunca tendremos internet en los hogares. Abran a las compañías extranjeras este mercado",cu,0,2,0,0,0,2,0,0,0,ya el ministro saber qué ser él que pensar el población por qué no empezar ya a resolver ese inquietud y necesidad si ir a esperar a que etecso tener el recurso más nunca tener internet en el hogar abran a el compañía extranjero este mercado
34c793b2a85ba874a68112bc164994f1,"NUEVAS TECNOLOGÍAS, INFORMATIZACIÓN DE LA SOCIEDAD",0,"Buenos días, muy buena la noticia pero solo tengo una pregunta, ¿cuándo estaría para iPhone ? Saludos",cu,0,2,0,0,0,0,0,0,0,buen día mucho buen el noticia pero solo tener uno pregunta cuándo estar para iphone saludo
8b441f69f1020c34a51a02d5ec65c359,"NUEVAS TECNOLOGÍAS, INFORMATIZACIÓN DE LA SOCIEDAD",0,"Servicio de Ambulancias en la capital, donde se reciben las llamadas de emergencia de toda la población a través del número telefónico 104. NO ESTÁ INFORMATIZADO, toda la información se recoge escribiendo a mano; y no es por falta de PC, porque ahí las tienen muertas de risa, sin darle uso ninguno.",cu,0,0,2,0,0,4,0,0,0,servicio de ambulancia en el capital donde él recibir el llamada de emergencia de todo el población a través del número telefónico 104 no estar informatizado todo el información él recoger escribir a mano y no ser por falta de pc porque ahí él tener muerta de risa sin dar él uso ninguno
8deed8966492981179ee0dc6d259987c,"NUEVAS TECNOLOGÍAS, INFORMATIZACIÓN DE LA SOCIEDAD",0,?Alguien sabe en q estado quedaron las laptos q le iban a dar a los medicos q aqui en Guantánamo hace 2 años q las estamos esperando.,cu,0,1,0,0,0,0,0,0,0,alguien saber en q estado quedar el lapto q él ir a dar a el medico q aqui en guantánamo hacer 2 año q el estar esperar
63dc0dbf8b27ab4642ba2cc4da02bb83,"NUEVAS TECNOLOGÍAS, INFORMATIZACIÓN DE LA SOCIEDAD",0,"como no dicen de los miles de millones de celulares de marca reconocida q en este pais no cargan la 3g,",cu,0,0,0,0,0,2,0,0,0,como no decir de el mil de millón de celular de marca reconocido q en este pais no carguir el 3 g
be4720cfdbbecbe578ab0e92be75daf1,"NUEVAS TECNOLOGÍAS, INFORMATIZACIÓN DE LA SOCIEDAD",0,Cuando eso ocurra entonces habrá ese cambio de paradigma del que se habla.,cu,0,0,0,0,0,0,0,0,0,cuando ese ocurrir entonces haber ese cambio de paradigma del que él hablar
02e6e742aaac0f2925bf064dbcbf4489,"NUEVAS TECNOLOGÍAS, INFORMATIZACIÓN DE LA SOCIEDAD",0,Jesus eres cubano?,cu,0,1,0,0,0,0,0,0,0,jesus ser cubano
90f66f9e6ec476c19bf8fbae9cd9a7ab,"NUEVAS TECNOLOGÍAS, INFORMATIZACIÓN DE LA SOCIEDAD",0,"Quiero agradecer al movimiento de los Joven Club de Computación, por la posibilidad que me ha brindado de
superarme en computación, demás de los ratos de esparcimiento que día a día sin recelos y con buen trato paso
en ellos, que estos 30 años se multipliquen por 30 más, gracias",cu,0,0,0,0,0,1,0,0,0,querer agradecer al movimiento de el joven club de computación por el posibilidad que yo haber brindar de superar yo en computación demá de el rato de esparcimiento que día a día sin recelo y con buen trato paso en él que este 30 año él multiplicar por 30 más gracia
c00fb1c2b2c259549518d077b33cce35,"NUEVAS TECNOLOGÍAS, INFORMATIZACIÓN DE LA SOCIEDAD",0,"Soy un usuario de sierra de cubitas 2 y estoy completamente satisfecho con los servicios aqui prestados
deseando asi por tanto que el mismo siga funcionando de la mejor manera como lo esta aciendo asta ahora",cu,0,0,0,0,0,0,0,0,0,ser uno usuario de sierra de cubita 2 y estar completamente satisfecho con el servicio aqui prestado desear asi por tanto que el mismo seguir funcionar de el mejor manera como él este aceir asta ahora
cb9a7d4841b6013fff131e79a1d73e8b,"NUEVAS TECNOLOGÍAS, INFORMATIZACIÓN DE LA SOCIEDAD",0,"Con respecto al subnodo que se encuentra en playa, como uno se puede conectar a el, que es lo que tiene que hacer, a quien hay que ir a ver para obtener esa wifi, yo no tengo laptop sino una pc de escritorio",cu,0,0,0,0,0,2,0,0,0,con respecto al subnodo que él encontrar en playa como uno él poder conectar a el que ser él que tener que hacer a quien haber que ir a ver para obtener ese wifi yo no tener laptop sino uno pc de escritorio
1179c85255fa7c5620b392684d746173,"NUEVAS TECNOLOGÍAS, INFORMATIZACIÓN DE LA SOCIEDAD",0,?Estoy seguro de que este comentario resume el pensamiento de la mayoría (para no decir todos) de los informáticos cubanos.,cu,0,1,0,0,0,1,0,0,0,estar seguro de que este comentario resumir el pensamiento de el mayoría para no decir todo de el informático cubano
65daa3e1050877869e63565b2ca29514,"NUEVAS TECNOLOGÍAS, INFORMATIZACIÓN DE LA SOCIEDAD",0,en el jovenclub mayari 2 ay pocos pc,cu,0,0,0,0,0,0,0,0,0,en el jovenclub mayari 2 ay poco pc
c56c90db9e8b60a276a1a1bc0d53cbae,"NUEVAS TECNOLOGÍAS, INFORMATIZACIÓN DE LA SOCIEDAD",0,"Perdonen a la periodista, ella solo quería tener un titular de impactoaunque el contenido de la noticia era fantasía.",cu,0,0,0,0,0,0,0,0,0,perdonir a el periodista él solo querer tener uno titular de impacto aunque el contenido de el noticia ser fantasío
4958524f8caa07155bcfed79a7d96d71,"NUEVAS TECNOLOGÍAS, INFORMATIZACIÓN DE LA SOCIEDAD",0,Muy buen artículo Debió y todavía debe ser una experiencia fascinante comenzar algo tan grande y complejo desde el mismísimo cero. Saludos,cu,0,0,0,0,0,0,0,0,0,mucho buen artículo deber y todavía deber ser uno experiencia fascinante comenzar algo tanto grande y complejo desde el mismísimo cero saludo
1db47f01e7cdc3fe40ddf3e2bd69ac03,"NUEVAS TECNOLOGÍAS, INFORMATIZACIÓN DE LA SOCIEDAD",0,"Increible, casi 2000 comentarios y solo uno que vale la pena, pareciera que hubiesen puesto bots a
comentar, casi todos dicen lo mismo",cu,0,0,0,0,0,0,1,0,0,increible casi 200 comentario y solo uno que valer el pena parecer que haber poner bot a comentar casi todo decir él mismo
7386839a32fcab683a0ab57f437f6e0c,"NUEVAS TECNOLOGÍAS, INFORMATIZACIÓN DE LA SOCIEDAD",0,"Que pena que no se pueda estar de acuerdo en un criterio tan interesante y común. la juventud necesita comunicarse es así de sencillo, los comentarios generales hablan por si solos",cu,0,0,0,0,0,1,0,0,0,que penar que no él poder estar de acuerdo en uno criterio tanto interesante y común el juventud necesitar comunicar él ser así de sencillo el comentario general hablar por si so él
38e61fd18b1572abf9826e904d644c7b,"NUEVAS TECNOLOGÍAS, INFORMATIZACIÓN DE LA SOCIEDAD",0,"?El nauta hogar no cuenta con la velocidad que se contrata,estamos llenos de problemas en todos lados.",cu,0,1,0,0,0,1,0,0,0,el nauta hogar no contar con el velocidad que él contratar estar lleno de problema en todo lado
f985dcb092f77235fe5b0a10db45ac35,"NUEVAS TECNOLOGÍAS, INFORMATIZACIÓN DE LA SOCIEDAD",0,"Nada los debates son buenos pero se nos va me vida en debates y se resuelve nada, nuestro mal mayor aparte del bloqueo que es una triste realidad!!, es la falta de confianza en el pueblo y la cantidad de controles que ello genera.",cu,2,0,0,0,0,2,0,0,0,nada el debate ser buen pero él yo ir yo vidar en debate y él resolver nada nuestro mal mayor aparte del bloqueo que ser uno triste realidad ser el falta de confianza en el pueblo y el cantidad de control que él generar
cb0989664749ad9ce2d97c3335812a2b,"NUEVAS TECNOLOGÍAS, INFORMATIZACIÓN DE LA SOCIEDAD",0,"javier531, javi, cuanto tiempo sin leerte!! Me alegre mucho cuando vi esto!! Sigan adelante!!!
Made :P",cu,7,0,0,0,0,1,1,0,0,javier531 javi cuanto tiempo sin leerte yo alegrar mucho cuando ver este seguir adelante made p
274cf2f66b798a9c0d6c9202613623d8,"NUEVAS TECNOLOGÍAS, INFORMATIZACIÓN DE LA SOCIEDAD",0,"Los servisios que brindamos hoy en nuestras instalaciones tienen gran aceptación entre niños, jovenes y personas
de la tercera edad.",cu,0,0,0,0,0,0,0,0,0,el servisio que brindamos hoy en nuestro instalación tener gran aceptación entre niño joven y persona de el tercero edad
bef15a86b66ffa19105b947ac54bc592,"NUEVAS TECNOLOGÍAS, INFORMATIZACIÓN DE LA SOCIEDAD",0,"Muy de acuerdo contigo, yo nunca he visto (entrado) Internet pero si conozco que hay muchos sitios donde publican temas técnicos e interesantes con los que podemos aprender, intercambiar, etc.",cu,0,0,0,0,0,1,0,0,0,mucho de acuerdo tú yo nunca haber ver entrado internet pero si conocer que haber mucho sitio donde publicar tema técnico e interesante con el que poder aprender intercambiar etc
02589bc1494d4975f74330e79a5ec0ac,"NUEVAS TECNOLOGÍAS, INFORMATIZACIÓN DE LA SOCIEDAD",0,ase falta q suban la corriente pa ber si n os da pa el mes entero,cu,0,0,0,0,0,0,0,0,0,ase falta q subir el corriente pa ber si n tú dar pa el mes entero
868e919d45ddbdeae11a4a8b28d0b889,"NUEVAS TECNOLOGÍAS, INFORMATIZACIÓN DE LA SOCIEDAD",0,Creo contar con los medios técnicos necesario para incorporarme a una de estas redes ¿pordrían decirme que hacer para lograrlo?,cu,0,2,0,0,0,0,0,0,0,creer contar con el medio técnico necesario para incorporar yo a uno de este red pordrir decirmir que hacer para lograr él
ef47eb085855535db229385fa724ca7a,"NUEVAS TECNOLOGÍAS, INFORMATIZACIÓN DE LA SOCIEDAD",0,"Amigo chicho de verdad k esa ortografía tiene k ser jugando jaja Bueno con este artículo esperamos
mejorar en nuestra comunidad, Snet en General",cu,0,0,0,0,1,0,0,0,0,amigo chicho de verdad k ese ortografía tener k ser jugar jaja bueno con este artículo esperar mejorar en nuestro comunidad snet en general
1053953cd55ca71eb1b74263adbf30fe,"NUEVAS TECNOLOGÍAS, INFORMATIZACIÓN DE LA SOCIEDAD",0,100% de acuerdo contigo mi hermano.,cu,0,0,0,0,0,0,0,0,0,100 de acuerdo contigo mi hermano
e25461bc56c4502be0903d1783742afe,"NUEVAS TECNOLOGÍAS, INFORMATIZACIÓN DE LA SOCIEDAD",0,En fin el mismo tema de siempre y al final mucho escrito y se resuelve poco.,cu,0,0,0,0,0,0,0,0,0,en fin el mismo tema de siempre y al final mucho escrito y él resolver poco
b39aff28e27dfc201408df6e68da6cda,"NUEVAS TECNOLOGÍAS, INFORMATIZACIÓN DE LA SOCIEDAD",0,"muy bueno tu articulo espero q alguien le ponga interes y no lo dejen como algo mas q se a escrito en este sitio y quisiera aclarar algo por q lo vi en su articulo en los sms se abrevian las palabras para ahorrar dinero, no por q no sepan como se escriben las palabras es la nesecidad la q obliga",cu,0,0,0,0,0,3,0,0,0,mucho bueno tu articulo esperar q alguien él poner inter y no él dejar como algo mas q él a escrito en este sitio y querer aclarar algo por q él ver en su articulo en el sms él abreviar el palabra para ahorrar dinero no por q no saber como él escribir el palabra ser el nesecidad el q obligar
0d986f4a946fcd66e471f0f9a71c3714,"NUEVAS TECNOLOGÍAS, INFORMATIZACIÓN DE LA SOCIEDAD",0,Me quedo con cubamensseger que pincha ok,cu,0,0,0,0,0,0,0,0,0,yo quedar con cubamensseger que pinchar ok
8b1a2540da2fcbe86e9b9207d4eb1e3c,"NUEVAS TECNOLOGÍAS, INFORMATIZACIÓN DE LA SOCIEDAD",0,"Javier_531, he leido que te corresponde hacer en Snet.
Vivo en Alamar Micro X, y quisiera contactar:",cu,0,0,0,0,0,0,0,0,0,javier_531 haber leer que tú corresponder hacer en snet vivo en alamar micro x y querer contactar
95de857e5e80593085f8e329d67b2c13,"NUEVAS TECNOLOGÍAS, INFORMATIZACIÓN DE LA SOCIEDAD",0,Que extraño que no te hallan censurado tu artículo teniendo el cuenta el pánico que se le tiene a las redes sociales.,cu,0,0,0,0,0,1,0,0,0,que extrañar que no tú hallar censurado tu artículo tener el cuenta el pánico que él él tener a el red social
51126ebe2765e8af3171221796c0e297,"NUEVAS TECNOLOGÍAS, INFORMATIZACIÓN DE LA SOCIEDAD",0,"Me encantó el trabajo de las muchachas. Expresa un sentimientto de los jóvenes: el acceso está, hace falta la red",cu,0,0,0,0,0,0,0,0,0,yo encantar el trabajo de el muchacha expresar uno sentimientto de el joven el acceso estar hacer falta el red
48f624e409c221852fc572920f03d39b,"NUEVAS TECNOLOGÍAS, INFORMATIZACIÓN DE LA SOCIEDAD",0,Primero regrese a la escuela y las clases de ortografía.,cu,0,0,0,0,0,0,0,0,0,primero regresar a el escuela y el clase de ortografía
73a1709317761928e30eab7cefe82322,"NUEVAS TECNOLOGÍAS, INFORMATIZACIÓN DE LA SOCIEDAD",0,"Yo soy de 29 y 58 y necesito conectarme a esa red. si puedes escribeme a mi correo yordan@disaic.cu, para que me digas que tengo que hacer y adonde tengo que dirigirme, porque ya quiero estar conectado",cu,0,0,0,0,0,0,0,0,0,yo ser de 29 y 58 y necesitar conectar yo a ese red si poder escribemar a mi correo yordan[user ] cu para que yo digar que tener que hacer y adonde tener que dirigirmar porque ya querer estar conectado
ee13f5739da5e843b549b57196c4e669,"NUEVAS TECNOLOGÍAS, INFORMATIZACIÓN DE LA SOCIEDAD",0,"?Estamos defendiendo que todos los actores sociales que son cubanos intervengan en el desarrollo económico del país, y eso, lo logramos con el trabajo conjunto entre todos los sectores?",cu,0,2,0,0,0,0,0,0,0,estar defender que todo el actor social que ser cubano intervengar en el desarrollo económico del país y ese él lograr con el trabajo conjunto entre todo el sector
7c591556265f0c1113ebfbf849051e4c,"COMERCIO INTERIOR, TIENDAS DE DIVISA, PRECIOS",1,"Hay que tener cuidado con este nuevo servicio. Se presta para uso de los acaparadores y administradores corruptos. Ahora puedes llegar a la tienda y encontrar que el producto que buscas fue vendido on line, aunque lo veas delante de tus narices: ya se vendió on line.",cu,0,0,0,0,0,0,0,0,0,haber que tener cuidado con este nuevo servicio él prestar para uso de el acaparador y administradores corrupto ahora poder llegar a el tienda y encontrar que el producto que busca ser vender on line aunque él ver delante de tu narices ya él vender on line
3b81da95445ce596158ee616a59a64d3,"COMERCIO INTERIOR, TIENDAS DE DIVISA, PRECIOS",1,"Pero la culpa es del BLOQUEO!!!! Si no fuera por él, no tendríamos q robar, ni maltratar a nadie en nuestras instalaciones.",cu,4,0,1,0,0,4,1,0,0,pero el culpa ser del bloqueo si no ser por él no tener q robar ni maltratar a nadie en nuestro instalación
044efd1c72533d1a657578b3d26fb1e4,"COMERCIO INTERIOR, TIENDAS DE DIVISA, PRECIOS",1,Vaaayaaaa cooojeee tuuu maaanzaaaanaaa aaaquuuiiii,cu,0,0,0,0,0,0,11,0,0,vaayaa coojee tuu maanzaanaa aaquuii
12ba7954d0b5cbb3c076b6ddade6a799,"COMERCIO INTERIOR, TIENDAS DE DIVISA, PRECIOS",1,"haciendo cola para comprar,,,,, saben cuál fue su expresión ??? sencilla,,,,,, OYE HOY NO VOY A VENDER LA LECHE,, HOY ES FERIADO Y YO TENGO QUE DESCANSAR TAMBIEN,,,,, o sea que mi hija de 2 años los días feriado no toma leche,,,,",cu,0,3,11,0,0,2,5,0,0,hacer cola para comprar saber cuál ser su expresión sencillo oir hoy no ir a vender el leche hoy ser feriado y yo tener que descansar tambien o sea que mi hija de 2 año el día feriado no tomar leche
4f4e078f85877944fbd7b67b3027c1f9,"COMERCIO INTERIOR, TIENDAS DE DIVISA, PRECIOS",1,"En Martes??? Jajaaaaa!!! El día martes??? O, el planeta Marte???!!! Ay, por favor, que dolor tan Grande ver como la revolución largó la gandinga en la campaña de alfabetización por gusto!!!",cu,9,9,0,0,1,0,7,0,0,en martes jajaar el día martes o el planeta marte ay por favor que dolor tanto grande ver como el revolución largar el gandinga en el campaña de alfabetización por gusto
a11e4b637e51c1416a5f8af12021ad6f,"COMERCIO INTERIOR, TIENDAS DE DIVISA, PRECIOS",1,Katy no hay falta de productos? De verdad?,cu,0,2,0,0,0,1,0,0,0,katy no haber falta de producto de verdad
675f9c85101b110b3ff892166e4d97a0,"COMERCIO INTERIOR, TIENDAS DE DIVISA, PRECIOS",1,"Bueno estimada ,con todo el respecto, siembre un arbol, porque cuando las sacan en las tiendas vuelan.",cu,0,0,0,0,0,0,0,0,0,bueno estimar con todo el respecto siembre uno arbol porque cuando él sacar en el tienda volar
f3b430e06eefa35250933ffa4955757d,"COMERCIO INTERIOR, TIENDAS DE DIVISA, PRECIOS",1,"MINCIN y cuál va ser la ""fórmula"" que se va a utilizar???..cómo le vas a prohibir a los ""cuenta propistas""( revendedores de producto elaborado)q vendan refresco jugos cervezas, ganándole el doble o triple,sobre todo, en las áreas de los hospitales????",cu,0,7,1,0,0,0,2,4,0,mincin y cuál ir ser el fórmula que él ir a utilizar cómo él ir a prohibir a el cuenta propista revendedor de producto elaborado q vendar refresco jugo cerveza ganar él el doble o triple sobre todo en el área de el hospital
97274184a1d714db0748d60eced3bf98,"COMERCIO INTERIOR, TIENDAS DE DIVISA, PRECIOS",1,Yo ni la he podido abrir!!!! Quizás ya no tienen cosas para vender,cu,4,0,0,0,0,2,1,0,0,yo ni él haber poder abrir quizás ya no tener cosa para vender
c8b6d6dc439376608fa10a4f923b1dda,"COMERCIO INTERIOR, TIENDAS DE DIVISA, PRECIOS",1,"?Todos los años lo mismo con lo mismo , se reune la Asamblea Nacional y el cuartico sigue igualito. Nada cambia .",cu,0,1,0,0,0,1,0,0,0,todo el año él mismo con él mismo él reunar el asamblea nacional y el cuartico seguir igualito nada cambiar
3919c89e7d4b2e69a857825e57efc978,"COMERCIO INTERIOR, TIENDAS DE DIVISA, PRECIOS",1,"SEÑOR MÁGICO, USTED LE HA PUESTO EL NOMBRE QUE LLEVA A ESTA ""VIDA MARAVILLOSA"" QUE DESGRACIADAMENTE VIVIMOS TODOS EN ESTE PUEBLO, NO ENTENDEMOS POR QUÉ NADAMOS EN UNA JALEA QUE NO NOS PERMITE AVANZAR, ES MÁS DE LO MISMO Y LO MÁS TRISTE ES QUE ESTAMOS MUY DESILUCIONADOS DESPROTEGIDOS.",cu,0,0,35,0,0,2,0,2,0,señor mágico usted él haber poner el nombre que llevar a este vida maravilloso que desgraciadamente vivir todo en este pueblo no entender por qué nadamos en uno jalea que no yo permitir avanzar ser más de él mismo y él más triste ser que estar mucho desilucionado desprotegido
39d9dcfbb511d16ab076e35b6d0c93fd,"COMERCIO INTERIOR, TIENDAS DE DIVISA, PRECIOS",1,Gracias .por favor intente nuevamente en estos momentos no se encuentra disponible,cu,0,0,0,0,0,1,0,0,0,gracia por favor intentar nuevamente en este momento no él encontrar disponible
3bd5120b0925811b0c82bb04a588d423,"COMERCIO INTERIOR, TIENDAS DE DIVISA, PRECIOS",1,"Los pobres, puede que sean procesados por el delito de especulación y acaparamiento o de lo contrarii habrá que garantizarle sales de hidratación oral",cu,0,0,0,0,0,0,0,0,0,el pobre poder que ser procesar por el delito de especulación y acaparamiento o de él contrarii haber que garantizar él sal de hidratación oral
bd71f3b91d06f1d728e146a4679dc060,"COMERCIO INTERIOR, TIENDAS DE DIVISA, PRECIOS",1,Vivimos en un país bloqueado y no puede haber mercado de oferta y demanda cuando la demanda en mayor que la oferta las autoridades tienen que tomar medidas para que personas como estas no lucren,cu,0,0,0,0,0,2,0,0,0,vivir en uno país bloqueado y no poder haber mercado de oferta y demanda cuando el demanda en mayor que el oferta el autoridad tener que tomar medida para que persona como este no lucrar
ed07d3a62410081140fc4e6cf68dac43,"COMERCIO INTERIOR, TIENDAS DE DIVISA, PRECIOS",1,"El principal problema es que a un vegetariano estas son las cosas que le interesan.No se pasea por las neveras donde deveria estar la CARRRRNEEE DE RESSSSSS.  un vegetaiano solo ve manzanas ,autos lujos y forzudos abanderados..",cu,0,0,2,0,0,1,3,0,0,el principal problema ser que a uno vegetariano este ser el cosa que él interesar no él pasear por el nevera donde deveriar estar el carrnee de ress uno vegetaiano solo ver manzana auto lujo y forzudo abanderado
e96d431bf0706b9e3dd29a5e010ede07,"COMERCIO INTERIOR, TIENDAS DE DIVISA, PRECIOS",1,"?Tranquilos todos, ya casi comenzará otro EXPERIMENTO que debe durar unos 20 o 30 añitos. más o menos!!",cu,2,1,1,0,0,0,0,0,0,tranquilos todo ya casi comenzar otro experimento que deber durar uno 20 o 30 añito más o menos
61a5e8c6df02350c90ccb9d11263440a,"COMERCIO INTERIOR, TIENDAS DE DIVISA, PRECIOS",1,Eso es un efecto de nuestra penuria económica o se elimina o habrá que poner más páginas a la libreta de abastecimiento y vender todo de forma racional jjjjjjjjjjjjj,cu,0,0,0,0,0,0,1,0,0,ese ser uno efecto de nuestro penuria económico o él eliminar o haber que poner más página a el libreta de abastecimiento y vender todo de forma racional jj
543792ef0dac2c8e9519da4b0765fb47,"COMERCIO INTERIOR, TIENDAS DE DIVISA, PRECIOS",1,En servicios gastronómicos Holguin es el MEJOR!!!!es la mata haciendo locales(q cuestan caros y salen del aporte de los trabajadores) y te puedo asegurar que al mes no hay productos.,cu,4,0,1,0,0,1,1,0,0,en servicio gastronómico holguin ser el mejor ser el mata hacer local q costar caro y salir del aporte de el trabajador y tú poder asegurar que al mes no haber producto
a0abe55304f24856778ad0367261b3f5,"COMERCIO INTERIOR, TIENDAS DE DIVISA, PRECIOS",1,Disminuyendo?????,cu,0,5,0,0,0,0,1,0,0,disminuir
18e30f33af7bd50139032d80e0c34315,"COMERCIO INTERIOR, TIENDAS DE DIVISA, PRECIOS",1,"asi mismo es q sentido tiene comprar online cuando tengo que ir a recojerlo
quien viva en la haban vieja y tenga que ir a 5ta y 42 a buscar lo que compro! no le hace ninguna gracia !!! QUE ME LO TRAIGAN A LA CASAAAAA!!!! QUE RICO !!!! ME AVISAN ! cuando ya este asi",cu,13,0,6,0,0,2,4,0,0,asi mismo ser q sentido tener comprar online cuando tener que ir a recojer él quien vivir en el har viejo y tener que ir a 5ta y 42 a buscar él que compro no él hacer ninguno gracia que yo él traer a el casaa que rico yo avisar cuando ya este asi
2366fbccaaf0bbb210647e0f497e03af,"COMERCIO INTERIOR, TIENDAS DE DIVISA, PRECIOS",1,"Buscas en la apk Donde Hay , vas a la tienda y riendose de ti los dependientes te dicen que tal producto no existe o que se acabó hace un rato viendo que la apk decia que habian 100 en existencia. Siempre ha sido asi , es mejor ponerle Donde NO Hay.",cu,0,0,0,0,0,2,0,0,0,busca en el apk donde haber va a el tienda y reir él de tú el dependient tú decir que tal producto no existir o que él acabar hacer uno rato ver que el apk deciar que habiar 100 en existencia siempre haber ser asi ser mejor poner él donde no haber
9ad8d08eb7986dad14416c26f91b1ddf,"COMERCIO INTERIOR, TIENDAS DE DIVISA, PRECIOS",1,?Y la leche en polvo pa cuando???,cu,0,4,0,0,0,0,1,0,0,y el leche en polvo p a cuando
8a9f2cf9a2c6fc2c947c800705139698,"COMERCIO INTERIOR, TIENDAS DE DIVISA, PRECIOS",1,jjjajaja  Y Holguín está en el número 1 de ventas de productos agropecuarios!!!!! alegrate que en tu provincia venden papa aunque sea por la libreta en Holguin eso no existe.,cu,5,0,0,0,0,1,2,0,0,jjajajo y holguín estar en el número 1 de venta de producto agropecuario alegratir que en tu provincia vender papa aunque ser por el libreta en holguin ese no existir
c428730281245c6d7cb122610bff47fe,"COMERCIO INTERIOR, TIENDAS DE DIVISA, PRECIOS",1,Miren el caso ETECSA que al principio sacó el portal de conectarse a la wifi sin certificado y llovieron los robos de cuentas. Al final hubo que certificarlo. Sí se podía. Un sitio sin seguridad no es normal y ahí mi pobrecita tarjeta NO entra.,cu,0,0,1,0,0,4,0,0,0,mirar el caso etecsa que al principio sacar el portal de conectar él a el wifi sin certificado y llover el robo de cuenta al final haber que certificar él sí él poder uno sitio sin seguridad no ser normal y ahí mi pobrecita tarjeta no entrar
c1ec0ef6c2892add41ec60b689659edd,"COMERCIO INTERIOR, TIENDAS DE DIVISA, PRECIOS",1,Cuando en el proximo Siglo-,cu,0,0,0,0,0,0,0,0,0,cuando en el proximo siglo
40d424bb00d6e9dbea442b4b927d163d,"COMERCIO INTERIOR, TIENDAS DE DIVISA, PRECIOS",1,se verán horroressi la APK esa donde hay es una cruel mentira y una falta de respetoimagino el día que me compre 1 caja de pollo online y baya a buscarlaposiblemente el dependiente se ria de mi jajajaja,cu,0,0,1,0,0,0,0,0,0,él ver horror si el apk ese donde haber ser uno cruel mentira y uno falta de respeto imagino el día que yo compre 1 caja de pollo online y baya a buscar él posiblemente el dependiente él riir de mi jajajaja
77cfd5d6a066f72ab14c73366738598c,"COMERCIO INTERIOR, TIENDAS DE DIVISA, PRECIOS",1,Mucho ruido y pocas nueces,cu,0,0,0,0,0,0,0,0,0,mucho ruido y poco nuez
b9fdcacf9c1dddeb11b36ac0a65eb43a,"COMERCIO INTERIOR, TIENDAS DE DIVISA, PRECIOS",1,Te entiendo: D-E-S-P-A-C-I-T-O,cu,0,0,0,0,0,0,0,0,0,tú entender d e s p a c i t o
2b408a237b86f90c457b2328f0f496c6,"COMERCIO INTERIOR, TIENDAS DE DIVISA, PRECIOS",1,En el municipio de Moa no tenemos este problema y nos alegramos profundamente. En las tiendas de Moa.. NO SE VENDEN MANZANAS.. Interpreta al estilo de Cabo Pantera.,cu,0,0,2,0,0,2,0,0,0,en el municipio de moa no tener este problema y yo alegrar profundamente en el tienda de moa no él vender manzana interpretar al estilo de cabo pantera
192cf28b1f5f5772702213497e77a93e,"COMERCIO INTERIOR, TIENDAS DE DIVISA, PRECIOS",1,"Protección al consumidor??????, esto es una película de ciencia ficción????.",cu,0,10,0,0,0,0,2,0,0,protección al consumidor este ser uno película de ciencia ficción
ec957815e53165e6208694531b796dbd,"COMERCIO INTERIOR, TIENDAS DE DIVISA, PRECIOS",1,"Disculpe los márgenes son 1.60 que , por ciento ? metros , kg , litros o arrobas de caña? , me parece que debe explicarse mejor",cu,0,2,0,0,0,0,0,0,0,disculpar el margen ser 1 60 que por ciento metro kg litro o arroba de caña yo parecer que deber explicar él mejor
e04f0bf3050326bacc9563e69a4c6f38,"COMERCIO INTERIOR, TIENDAS DE DIVISA, PRECIOS",1,"Ese? Ojala fuera solo ese? Y si vas a 12 y 17, Vedado.te da el infarto masivo.",cu,0,2,0,0,0,0,0,0,0,ese ojala ser solo ese y si ir a 12 y 17 vedado tú dar el infarto masivo
22ffcbf907cabba29f16876e328a2526,"COMERCIO INTERIOR, TIENDAS DE DIVISA, PRECIOS",1,"Qué sentido tiene comprar algo en línea si tienes que ir a la tienda a buscarlo ?, Hay Pinar del Rio",cu,0,1,0,0,0,0,0,0,0,qué sentido tener comprar algo en línea si tener que ir a el tienda a buscar él haber pinar del rio
8303a916b1f5c9aa35ca37c30c3a7caf,"COMERCIO INTERIOR, TIENDAS DE DIVISA, PRECIOS",1,Que se lleguen los periodistas a las tiendas que venden materiales de la construcción y otros artículos similares. Van a ver maravillas.,cu,0,0,0,0,0,0,0,0,0,que él llegar el periodista a el tienda que vender material de el construcción y otro artículo similar ir a ver maravilla
614bf88aeb82b765c88b705bb4be637f,"COMERCIO INTERIOR, TIENDAS DE DIVISA, PRECIOS",1,"Ya que en nada beneficia al país la venta de productos en cuc, propongo pues que los regalen.",cu,0,0,0,0,0,1,0,0,0,ya que en nada beneficiar al país el venta de producto en cuc proponer pues que él regalar
ef59e48e627653094834865f68f36def,"COMERCIO INTERIOR, TIENDAS DE DIVISA, PRECIOS",1,"la esperas de 2 dias es apra que las personas de oriente tengan tiempo de ir a buscar el producto a la habana, jajajajajajaaj,
ademas asi que compra online, por dios si al final tengo ke ir a la tienda",cu,0,0,0,0,0,0,0,0,0,el espera de 2 dias ser apra que el persona de oriente tener tiempo de ir a buscar el producto a el habana jajajajajajaaj adema asi que comprar online por dio si al final tener ke ir a el tienda
03f6109280ae4f343416097ea57af013,"COMERCIO INTERIOR, TIENDAS DE DIVISA, PRECIOS",1,"en las unidades de la gastronomía las ofertas son identicas siempre( Cigarrro Titanes. Cigarro Popular.Cigarro Aroma, Tabaco y ron agranel que en ocasiones no se sabe si es petróleo, gasolina o gas licuado en botella o valla usted a saber que cosa es porque lo cierto es que ron no lo es.",cu,0,0,0,0,0,2,1,0,0,en el unidad de el gastronomía el oferta ser identica siempre cigarro titán cigarro popular cigarro aroma tabaco y ron agranel que en ocasión no él saber si ser petróleo gasolina o gas licuado en botella o valla usted a saber que cosa ser porque él cierto ser que ron no él ser
7550daa3e118dc24e8e22e560deb43fd,"COMERCIO INTERIOR, TIENDAS DE DIVISA, PRECIOS",1,"Ud ha dado en el clavo,en un párrafo de apenas 100 palabras, ha resumido la ""MAGNÍFICA"" labor y gestión de quienes tienen que ver con el ""FUNCIONAMIENTO"", sí así lo podemos denominar, de los organismos centrales del Estado Cubano en estos 60 años de revolución",cu,0,0,2,0,0,0,0,4,0,ud haber dar en el clavo en uno párrafo de apenas 100 palabra haber resumir el magnífico labor y gestión de quien tener que ver con el funcionamiento sí así él poder denominar de el organismo central del estado cubano en este 60 año de revolución
190b969f0cc9cf1b97dce7a56ff68f1c,"COMERCIO INTERIOR, TIENDAS DE DIVISA, PRECIOS",1,"esto Foro Respondete demuestra porque la vida sigue igual, es el mismo organismo que no ordena su funcion social, terminemos de ver que el maltrato al consumidor es obligacion de quien comerciliza y fiscaliza esta actividad, el es el que lo permite y no es quein debe responderme, BUEN FORO RESPONDETE",cu,0,0,3,0,0,2,0,0,0,este foro respondetir demostrar porque el vida seguir igual ser el mismo organismo que no ordenar su funcion social terminemo de ver que el maltrato al consumidor ser obligacion de quien comercilizar y fiscalizar este actividad el ser el que él permitir y no ser quein deber responder yo buen foro respondetir
de4ed57c424a69d72f77c3c688617860,"COMERCIO INTERIOR, TIENDAS DE DIVISA, PRECIOS",1,ROBO A MANO ARMADA. LADRONES!!!!!!!! Empiecen por el director,cu,8,0,4,0,0,0,1,0,0,robar a mano armado ladrón empezar por el director
3790c1fed8ce50b06b8189c10186de86,"COMERCIO INTERIOR, TIENDAS DE DIVISA, PRECIOS",1,jajaja fantismo azul jajaja primero clasifiquen que la tiene fea.. luego veras que VC los deja triste para las compras este año VC o las tunas campeón vivir para ver,cu,0,0,0,0,0,0,0,0,0,jajaja fantismo azul jajajar primero clasifiquir que él tener feo luego vera que vc él dejar triste para el compra este año vc o el tuna campeón vivir para ver
943a7ea77312c2d010da67f278e66dfe,"COMERCIO INTERIOR, TIENDAS DE DIVISA, PRECIOS",1,Tan caros los paleitos feos sin valor mira que trabajo y no llego ni a 8,cu,0,0,0,0,0,3,0,0,0,tanto caro el paleito feo sin valor mirar que trabajar y no llego ni a 8
5b651187583bbc9aa18133ee6c5b861b,"COMERCIO INTERIOR, TIENDAS DE DIVISA, PRECIOS",1,"Hace falta eso, desarrollo partiendo de un buen enfoque a las realidades, porque inversiones similares se han hecho en otras ramas, o actividades y los precios llenos de helio, se mantienen o suben pero bajar, quien dice que la gravedad hace solo el trabajo..",cu,0,0,0,0,0,0,0,0,0,hacer falta ese desarrollo partir de uno buen enfoque a el realidad porque inversión similar él haber hacer en otro rama o actividad y el precio lleno de helio él mantener o subir pero bajar quien decir que el gravedad hacer solo el trabajo
496cea2ed05697751429e9e43e3cfdcb,"COMERCIO INTERIOR, TIENDAS DE DIVISA, PRECIOS",1,"Para que año, 2025. Siempre con las noticias de se va hacer.",cu,0,0,0,0,0,0,0,0,0,para que año 2025 siempre con el noticia de él ir hacer
3bcbd7efaa8e19170427ef1152edd765,"COMERCIO INTERIOR, TIENDAS DE DIVISA, PRECIOS",1,"Las tierras en Cuba las están dando hace tiempo, pipo, porque no vas y pides una parcelitaO eres de los que habla pero que vive del invento",cu,0,0,0,0,0,1,0,0,0,el tierra en cuba él estar dar hacer tiempo pipo porque no va y pid uno parcelita o ser de el que hablar pero que vivir del invento
dbf931ffec8a6fb217943f0f9430eb17,"COMERCIO INTERIOR, TIENDAS DE DIVISA, PRECIOS",1,"Mis respetos para usted, por tan memorable REFLEXIÓN, al respecto de esta nueva, VIEJA.RELACIONADO CON LA ""PROCTECCIÓN"" DE NOSOTROS LOS CONSUMIDORES..!!",cu,2,0,8,0,0,0,0,2,0,mi respeto para usted por tanto memorable reflexión al respecto de este nuevo viejo relacionado con el proctección de yo el consumidor
cd11142e0b92ce0ddf2587e3e7466318,"COMERCIO INTERIOR, TIENDAS DE DIVISA, PRECIOS",1,"El MINCIN!!!!,  LO MEJOR Q SE HA INVENTADO EN ESTE PAÍS.....en mi criterio, debe hacer mucho aún para justificar su existencia. Creo que, en lugar de recortar subsidios en la canasta básica, debería tratar de ahorrar reduciendo el personal de esta institución a nivel central.",cu,4,0,5,0,0,0,2,0,1,el mincin él mejor q él haber inventar en este país en mi criterio deber hacer mucho aún para justificar su existencia creer que en lugar de recortar subsidio en el canasta básico deber tratar de ahorrar reducir el personal de este institución a nivel central
67baf540520b1eb628c1ebeaf973539f,"COMERCIO INTERIOR, TIENDAS DE DIVISA, PRECIOS",1,"El viernes 07.09 sobre las 17.00 estaba ese mismo equipo con los mismos autos (carro negro y Van de CIMEX) cargando alrededor de 15 cajas de manzanas en la esquina del Mercado Carlos III, sería también un Asalto????!!!!",cu,4,4,2,0,0,0,3,0,0,el viernes 07 09 sobre el 17 00 estar ese mismo equipo con el mismo auto carro negro y ir de cimex cargar alrededor de 15 caja de manzana en el esquina del mercado carlos ii ser también uno asalto
b8c4cfd5722908e1cf92f158b0fcc360,"COMERCIO INTERIOR, TIENDAS DE DIVISA, PRECIOS",1,"(Donde Hay).¡¡¡GENIAL!!!
No Vale: De nada nos serviría esta aplicación(Donde Hay) en nuestros móviles aunque sea ON LINE y GRATIS si su ACTUALIZACIÓN es una verdadera FALSA y la población pierda tiempo, dinero y malgaste esperanzas para encontrar el producto deseado",cu,6,0,5,0,0,2,2,0,0,donde haber genial no valer de nada yo servir este aplicación donde haber en nuestro móvil aunque ser on line y gratis si su actualización ser uno verdadero falso y el población pierda tiempo dinero y malgaste esperanza para encontrar el producto deseado
d4ff36ed83572487b0c99a0ac7629457,"COMERCIO INTERIOR, TIENDAS DE DIVISA, PRECIOS",1,"Soy de ciego de avila y en mi territorio se vende cerveza dispenzada con vasos de 350 ml a 6 pesos moneda nacional y otros vasos de 232 ml a 5 pesos, sera que yo estoy equivocado???,118 ml por un peso!!! De verdad!!!",cu,6,3,0,0,0,0,3,0,0,ser de ciego de avila y en mi territorio él vender cerveza dispenzado con vaso de 350 ml a 6 pesos moneda nacional y otro vaso de 232 ml a 5 pesos sero que yo estar equivocado 118 ml por uno peso de verdad
077a097170a238b5677544a185899ba6,"COMERCIO INTERIOR, TIENDAS DE DIVISA, PRECIOS",1,"Raciel es la 5ta vez que haces ese comentario, ya te entendimos. A los gestores de cubadebate, por favor no lo republiquen más (ah! publiquen alguno de los míos )",cu,1,0,0,0,0,1,0,0,0,raciel ser el 5ta vez que hacer ese comentario ya tú entendimos a el gestor de cubadebate por favor no él republicar más ah publicar alguno de el mío
8294b3eec2dde7d830482ed071edf499,"COMERCIO INTERIOR, TIENDAS DE DIVISA, PRECIOS",1,"la venta de refresco, si es en (CUP) lo venden a 10.00 CUP pero en la misma unidad nunca tiene de ese tipo sino de (CUC) entonces a 0.55 CUC. o 15.00 CUP, por favor. es el mismo refresco. no se sabe si es el de 10.00 CUP que aporta su modesta utilidad a un bolsillo que no es el del estado.",cu,0,0,6,0,0,4,0,0,0,el venta de refresco si ser en cup él vender a 10 00 cup pero en el mismo unidad nunca tener de ese tipo sino de cuc entonces a 0 55 cuc o 15 00 cup por favor ser el mismo refresco no él saber si ser el de 10 00 cup que aportar su modesto utilidad a uno bolsillo que no ser el del estado
0a732b24daa44fd6f1c01b109a3e6f11,"COMERCIO INTERIOR, TIENDAS DE DIVISA, PRECIOS",1,"CIMEX, quien es el especialista suyo y bajo que estudios de mercado compra los perfumitos de mas de 100 cuc que se ofertan hoy en la tienda La Riviera de Santa Clara si los de 20 cuc son difíciles de vender. Aún yo soy pueblo???",cu,0,3,1,0,0,0,1,0,0,cimex quien ser el especialista suyo y bajo que estudio de mercado compro el perfumito de mas de 100 cuc que él ofertar hoy en el tienda el riviera de santa claro si el de 20 cuc ser difícil de vender aún yo ser pueblo
5668e97a96b4d96ba551625382f915d6,"COMERCIO INTERIOR, TIENDAS DE DIVISA, PRECIOS",1,"?Jorge tomaste la foto??? Y la leche en polvo, el pollo y el aceite pa cuando???",cu,0,7,0,0,0,0,2,0,0,jorge tomastar el foto y el leche en polvo el pollo y el aceite p a cuando
e7d465dc5ff06e5cd3cdd70c7a2d756b,"COMERCIO INTERIOR, TIENDAS DE DIVISA, PRECIOS",1,?Presidente!!!   Me encantó su guayabera morada Buen día escogió para ponérsela.,cu,3,1,0,0,0,0,2,0,0,presidente yo encantar su guayabera morada buen día escoger para ponérsela
febd7ca413c16a1ddc06ad0eeaed7404,"COMERCIO INTERIOR, TIENDAS DE DIVISA, PRECIOS",1,"Adolfo  Rodriguez.. Quién dice q en Cuba no se protege el consumidor??????.. Si ahora sacaron de la venta el aceite porque se dieron cuenta q hace daño y para q consumas la manteca de puerco q es"" MAS SALUDABLE""",cu,0,6,2,0,0,1,1,2,0,adolfo rodriguez quién decir q en cuba no él proteger el consumidor si ahora sacar de el venta el aceite porque él dar cuenta q hacer daño y para q consuma el manteca de puerco q ser mas saludable
23ac5dafa1b22dcb1770ec93f88fd32b,"COMERCIO INTERIOR, TIENDAS DE DIVISA, PRECIOS",1,"No entendi ? y por que no te lo tomastes calientes y te ahorrastes 5 psesos , de todas maneras el tratamiendo de la dierrea te sale gratis .",cu,0,1,0,0,0,2,0,0,0,no entendi y por que no tú él tomast caliente y tú ahorrastser 5 pseso de todo manera el tratamiendo de el dierrea tú salir gratis
6027c34794b85c2be12d92ce9a391166,"COMERCIO INTERIOR, TIENDAS DE DIVISA, PRECIOS",1,"Muy bien, a comprar!!! Bueno si abre la pagina primero",cu,3,0,0,0,0,0,1,0,0,mucho bien a comprar bueno si abrir el pagina primero
df3a8187e7fb48e160340af5404154c6,"COMERCIO INTERIOR, TIENDAS DE DIVISA, PRECIOS",1,"Llevo tiempo usando Donde Hay, como aplicación funciona fenomenal pero es cierto que la mayoría de las veces hago el chiste de que deberían cambiarle el nombre a Donde Hubo debido a quebueno pueden imaginarse por qué",cu,0,0,0,0,0,0,0,0,0,llevar tiempo usar donde haber como aplicación funcionar fenomenal pero ser cierto que el mayoría de el vez hacer el chiste de que deber cambiar él el nombre a donde haber debido a que bueno poder imaginar él por qué
2a150a03ecc3f4d14f5c147ad01aa5e5,"COMERCIO INTERIOR, TIENDAS DE DIVISA, PRECIOS",1,"Qué bonito: realizar compras para amigos en la capital
Nosotros los guajiros a los queridos habitantes de la capital",cu,0,0,0,0,0,0,0,0,0,qué bonito realizar compra para amigo en el capital yo el guajiro a el querido habitante de el capital
d6bacf7c2550702185929101715b676c,"COMERCIO INTERIOR, TIENDAS DE DIVISA, PRECIOS",1,"Verdad que las repuestas de cimex parecen de una contestadora automática, nada más se sabe las frases: se está trabajando, mejorará en el futuro, se están haciendo cambios y bla, bla, bla",cu,0,0,0,0,0,1,0,0,0,verdad que el repuesta de cimex parecer de uno contestadora automático nada más él saber el frase él estar trabajar mejorar en el futuro él estar hacer cambio y bla bla bla
40b96ed0c930fc4c89711bac8173151e,"COMERCIO INTERIOR, TIENDAS DE DIVISA, PRECIOS",1,ese papelito feo es el que me dan por el zudor de mi trabajo,cu,0,0,0,0,0,0,0,0,0,ese papelito feo ser el que yo dar por el zudor de mi trabajo
056fc09d5a4a73be1d9d4b93937bb38d,"COMERCIO INTERIOR, TIENDAS DE DIVISA, PRECIOS",1,Descubren el agua caliente desde hace varios años todos sabemos que las manzanas se venden por revendedores y a $ 20.00 pesos moneda nacional y como ese otros productos,cu,0,0,0,0,0,0,0,0,0,descubrar el agua caliente desde hacer varios año todo saber que el manzana él vender por revendedor y a 20 00 pesos moneda nacional y como ese otro producto
24c4921402e8aff7361c9d9059469e96,"COMERCIO INTERIOR, TIENDAS DE DIVISA, PRECIOS",1,"Y porque no realizan una inversion para modernizar la Tinima de aca de Camaguey, la cervecera de CMG parece una sarcofago en vez de una cervecera, un desastre pobrecita, funcionan menos de la mitad de lois silos.",cu,0,0,1,0,0,1,0,0,0,y porque no realizar uno inversion para modernizar el tinima de aca de camaguey el cervecera de cmg parecer uno sarcofago en vez de uno cervecera uno desastre pobrecito funcionar menos de el mitad de lois silo
e3d797056424bc464030c9d73e940498,"COMERCIO INTERIOR, TIENDAS DE DIVISA, PRECIOS",1,"En los ¨Carnavales de Morón¨ las calles están llenas de Manzanas, a 20.00 pesos cada una, en las tiendas no hay, deben de ser pariente de esas.",cu,0,0,0,0,0,1,0,0,0,en el carnaval de morón el calle estar lleno de manzana a 20 00 pesos cada uno en el tienda no haber deber de ser pariente de ese
d5cbcc837573ed31a7c477fefc0444f0,"COMERCIO INTERIOR, TIENDAS DE DIVISA, PRECIOS",1,¿Y nadie sabe que aqui hay paladares que pertenecen a hijos de papa????? De donde sacaron el dineropara montarlas?,cu,0,7,0,0,0,1,1,0,0,y nadie saber que aqui haber paladar que pertenecer a hijo de papa de donde sacar el dineropar montarla
ba10565f6fdf8c7079aa07ae334dbcef,"COMERCIO INTERIOR, TIENDAS DE DIVISA, PRECIOS",1,Si no le bajan los precios después de eso es por gustoprecio de producción 0.20 centavos la botella y de 8 a 10 CUP el precio de venta de cada botellasaquen ustedes sus propias conclusiones..,cu,0,0,1,0,0,1,0,0,0,si no él bajar el precio después de ese ser por gusto precio de producción 0 20 centavo el botella y de 8 a 10 cup el precio de venta de cada botella sacar tú su propio conclusión
730a1195fc88ba8fe698bebc16d653c0,"COMERCIO INTERIOR, TIENDAS DE DIVISA, PRECIOS",1,"Y seguro que muy acequibles para nuestros salarios esas cervecitas y confituras, jejejejeje",cu,0,0,0,0,0,0,0,0,0,y seguro que mucho acequibl para nuestro salario ese cervecita y confitura jejejejejar
3d5812bfb6dc2bf25ed97f3bedbdc4f0,"COMERCIO INTERIOR, TIENDAS DE DIVISA, PRECIOS",1,"?La intención,MUY BUENA, lo escrito MUY EFECTIVO, pero la realidad LA MISMA. No se preocupen pronto cambiará, quizás para nuestros nietos!!!!",cu,4,1,5,0,0,1,1,0,0,el intención mucho buen él escrito mucho efectivo pero el realidad el mismo no él preocupen pronto cambiar quizás para nuestro nieto
a56a5e5f68c966bba06213515e6170b9,"COMERCIO INTERIOR, TIENDAS DE DIVISA, PRECIOS",1,"?Como expresara un buen amigo la corrupción, desvío de recurso, falta de idoneidad, maltrato al cliente no desacredita la imagen de estos establecimiento, si la foto, gegege!",cu,1,1,0,0,0,1,0,0,0,como expresar uno buen amigo el corrupción desvío de recurso faltar de idoneidad maltrato al cliente no desacreditar el imagen de este establecimiento si el foto gegege
34374380a8db8ec3ddf1c01bb7fc2278,"COMERCIO INTERIOR, TIENDAS DE DIVISA, PRECIOS",1,"Saludos. Una duda de un comentario de CIMEX .. el pollo,aceite,frazadas de piso,son subsidiados por CIMEX?",cu,0,1,2,0,0,0,1,0,0,saludo uno duda de uno comentario de cimex el pollo aceite frazada de piso ser subsidiar por cimex
2bf28523fe20f7e3af1ec106ff9e4fab,"COMERCIO INTERIOR, TIENDAS DE DIVISA, PRECIOS",1,?!!!Fantastico!!! Si realmente te dejaran tomarlas.,cu,6,1,0,0,0,0,2,0,0,fantastico si realmente tú dejar tomarla
171669d90a798f793915ab0eb0cc3e07,"COMERCIO INTERIOR, TIENDAS DE DIVISA, PRECIOS",1,"15 mil manzanas entre 10 personas serian 1500. En una semana podrian comer como dieta unica 214 manzanas diarias. Podría ser una propuesta de sancion. Esta fruta es n rica en fibra, no contienen azucar bien podria servir como un experimento medico para probar sus efectos enla salud cuando se come en exceso.",cu,0,0,0,0,0,1,0,0,0,15 mil manzana entre 10 persona seriar 1500 en uno semana podriar comer como dieta unico 214 manzana diario poder ser uno propuesta de sancion este fruta ser n rico en fibra no contener azucar bien podrio servir como uno experimento medico para probar su efecto enla salud cuando él comar en exceso
dcf6dc525653d6678d2fa09bac8d3f01,"COMERCIO INTERIOR, TIENDAS DE DIVISA, PRECIOS",1,Atención al consumidor???? Si claro por eso estamos tan contentos del servicio en este pais.,cu,0,4,0,0,0,0,1,0,0,atención al consumidor si claro por ese estar tanto contento del servicio en este pais
574426a6e2e98420aec1f7fe29dcd829,"COMERCIO INTERIOR, TIENDAS DE DIVISA, PRECIOS",0,Y por qué han ido cerrando las ferreterías para hacer mercados que después están desabastecidos? Los artículos de ferretería ahora sólo se encuentran en departamentos de las tiendas y no tienen nada,cu,0,1,0,0,0,2,0,0,0,y por qué haber ir cerrar el ferretería para hacer mercado que después estar desabastecido el artículo de ferretería ahora sólo él encontrar en departamento de el tienda y no tener nada
90e9b3f0e4e6ed0b7761d8d8cb0d7dc5,"COMERCIO INTERIOR, TIENDAS DE DIVISA, PRECIOS",0,"?El MINCIN, en mi criterio, debe hacer mucho aún para justificar su existencia. Creo que, en lugar de recortar subsidios en la canasta básica, se debería tratar de ahorrar reduciendo el tamano y personal de esta institución a nivel central.",cu,0,1,1,0,0,0,0,0,0,el mincin en mi criterio deber hacer mucho aún para justificar su existencia creer que en lugar de recortar subsidio en el canasta básico él deber tratar de ahorrar reducir el tamano y personal de este institución a nivel central
09b75e4b1a0f1b469a4356d575f9173b,"COMERCIO INTERIOR, TIENDAS DE DIVISA, PRECIOS",0,El nivel de profesionalidad de los trabajadores eleva la calidad de los servicios y el cliente siempre esta satisfecho .,cu,0,0,0,0,0,0,0,0,0,el nivel de profesionalidad de el trabajador elevar el calidad de el servicio y el cliente siempre este satisfecho
e4874fc0ec8b96d0a207f8293b01bcb2,"COMERCIO INTERIOR, TIENDAS DE DIVISA, PRECIOS",0,No puedo entrar a xetid para descargar el certificado me ayuda?,cu,0,1,0,0,0,1,0,0,0,no poder entrar a xetid para descargar el certificado yo ayudar
34affe9c7cb1c37a12c463f55d54c294,"COMERCIO INTERIOR, TIENDAS DE DIVISA, PRECIOS",0,?Esto de la Protección al Consumidor es realmente un chiste de mal gusto porque aquí en Cuba en vez de protección lo que recibimos es maltrato por todos lados.,cu,0,1,0,0,0,0,0,0,0,este de el protección al consumidor ser realmente uno chiste de mal gusto porque aquí en cuba en vez de protección él que recibimos ser maltrato por todo lado
b2af547793e6408a41f731150663c5a0,"COMERCIO INTERIOR, TIENDAS DE DIVISA, PRECIOS",0,Deberían crear las condiciones para que familiares de cubanos en el exterior puedan hacer compras electrónicas desde otro país con los medios de pagos vigentes y que CIMEX a través de sus tiendas y sucursales las distribuyan a nuestros familiares en la isla.,cu,0,0,1,0,0,0,0,0,0,deber crear el condición para que familiar de cubano en el exterior poder hacer compra electrónico desde otro país con el medio de pago vigente y que cimex a través de su tienda y sucursal él distribuir a nuestro familiar en el isla
817ee04ff718ff3a39ad8b92d3eb0a54,"COMERCIO INTERIOR, TIENDAS DE DIVISA, PRECIOS",0,Me encanta la idea Marta vivo en Sancti Spíritus y stoy loca por comprar online pk así me ahorro tiempo y colas pero cuéntame puedo hacer eso desde un iphone si tengo mi tarjeta telebanca?,cu,0,1,0,0,0,0,0,0,0,yo encantar el idea martar vivo en sancti spíritu y stoy loca por comprar online pk así yo ahorro tiempo y cola pero cuéntame poder hacer ese desde uno iphone si tener mi tarjeta telebanco
e4fd8281c731a3c79c05cd27a8d22de1,"COMERCIO INTERIOR, TIENDAS DE DIVISA, PRECIOS",0,Y qué te hace pensar que NO??,cu,0,2,0,0,0,1,0,0,0,y qué tú hacer pensar que no
207fb22d3ab1562d889cbb67f5020ca8,"COMERCIO INTERIOR, TIENDAS DE DIVISA, PRECIOS",0,"Hagamos un ejemplo ahora mismo en tiempo real, con la aplicacion Donde hay, a ver si es tan confiable como Cimex Dice",cu,0,0,0,0,0,0,0,0,0,hacer uno ejemplo ahora mismo en tiempo real con el aplicacion donde haber a ver si ser tanto confiable como cimex decir
82276663a3866aae80fac07efec96cde,"COMERCIO INTERIOR, TIENDAS DE DIVISA, PRECIOS",0,Pues si que puso usted el listón bien alto.,cu,0,0,0,0,0,0,0,0,0,pues si que poner usted el listón bien alto
0601d8cbff29992adfde34597999751b,"COMERCIO INTERIOR, TIENDAS DE DIVISA, PRECIOS",0,Sería necesario hacer énfasis en mejorar el servicio y el surtido en las tiendas de módulos de presencia a organismos que tienen percapita bajo ejemplo comunales,cu,0,0,0,0,0,0,0,0,0,ser necesario hacer énfasis en mejorar el servicio y el surtido en el tienda de módulo de presencia a organismo que tener percapita bajo ejemplo comuna él
df42fd1f9c33d3526ad73a24b0751507,"COMERCIO INTERIOR, TIENDAS DE DIVISA, PRECIOS",0,"El Servi Cupet de 19 y 76, Playa, SC Coyula, está previsto acometer en el Plan de Inversiones 2019. En el mes de marzo de 219 se debe inciar la ejecución.",cu,0,0,0,0,0,0,0,0,0,el servi cupet de 19 y 76 playa sc coyula estar previsto acometer en el plan de inversión 2019 en el mes de marzo de 219 él deber inciar el ejecución
5ddd3672d4f0cca995e3d16c3679bc10,"COMERCIO INTERIOR, TIENDAS DE DIVISA, PRECIOS",0,"Por qué los servicentros se identifican como CUPET , si estos no tienen nada que ver con Cuba-Petróleo que es la que se denomina CUPET en su forma abreviada, porqué no se cambia ese nombre si están usurpando la identidad de una organización que existe antes que los ervicentros",cu,0,0,2,0,0,3,0,0,0,por qué el servicentro él identificar como cupet si este no tener nada que ver con cuba petróleo que ser el que él denominar cupet en su forma abreviado porqué no él cambiar ese nombre si estar usurpar el identidad de uno organización que existir antes que el ervicentro
62d9536c8f732aaef0bef5e2e7ae20f5,"COMERCIO INTERIOR, TIENDAS DE DIVISA, PRECIOS",0,?bueno no hace mucho quise tirarle una foto a unos tenis para enseñarlos y casi nos sacan d la tienda a mi amiga y a mi y nos dijo la compañera que eso era prohibido.,cu,0,1,0,0,0,1,0,0,0,bueno no hacer mucho quise tirar él uno foto a uno tenis para enseñarlo y casi yo sacar d el tienda a mi amiga y a mi y yo decir el compañera que ese ser prohibir
e1e17616dbb7b805012b4be127eda32c,"COMERCIO INTERIOR, TIENDAS DE DIVISA, PRECIOS",0,"si es verdad a todos nosotros los guajiros nos toca esperar para todo, ahora no metan el cuento con el nauta hogar, todo lo hacen en habana, que es una ..",cu,0,0,0,0,0,1,0,0,0,si ser verdad a todo yo el guajiro yo tocar esperar para todo ahora no meter el cuento con el nauto hogar todo él hacer en habana que ser uno
633fe24592d2804daa90776d86500f7e,"COMERCIO INTERIOR, TIENDAS DE DIVISA, PRECIOS",0,"Si de Proteccion al consumidor se trata, que dicen de ETECSA",cu,0,0,1,0,0,0,0,0,0,si de proteccion al consumidor él tratar que decir de etecsa
41f3b86585760a70b15759d7bc51317e,"COMERCIO INTERIOR, TIENDAS DE DIVISA, PRECIOS",0,"Fácil , que dejen que todo el que pueda importar las importe manzanas y elicopteros si quieren y se resolbió el dilema, porque ud cree que por ejemplo en paises mas pobres que cuba no falta de nada para comer y los mercados estan full ?",cu,0,1,0,0,0,2,0,0,0,fácil que dejar que todo el que poder importar el importe manzana y elicoptero si querer y él resolbeír el dilema porque ud creer que por ejemplo en país mas pobre que cuba no faltar de nada para comer y el mercado estar full
cc10f794d0762539b2c48ba9767bf216,"COMERCIO INTERIOR, TIENDAS DE DIVISA, PRECIOS",0,"no basta con normativas, orientaciones, cursos, si la honestidad y el respeto al pueblo e aplastan por los que estan tu a y a esos no los ven de arriba, pero los sufimos los de abajo",cu,0,0,0,0,0,2,0,0,0,no bastar con normativa orientación curso si el honestidad y el respeto al pueblo e aplastar por el que estar tu a y a ese no él ver de arriba pero él sufir el de abajo
c3e2ef6791dea6410aedf93d8370da68,"COMERCIO INTERIOR, TIENDAS DE DIVISA, PRECIOS",0,Excelente por CIMEX y su grupo de trabajo. Pero siempre desde las direcciones lo que se proyecta no está la realidad. Con el tema de la aplicación Donde Hay los dependientes e incluso el administrador insiste que los productos están en merma y literalmente te dicienbque eso no funciona.,cu,0,0,1,0,0,2,0,0,0,excelente por cimex y su grupo de trabajo pero siempre desde el dirección él que él proyectar no estar el realidad con el tema de el aplicación donde haber el dependient e incluso el administrador insistir que el producto estar en merma y literalmente tú dicienbcar ese no funcionar
1d31402dd4213c1f8e65a92c94fadd00,"COMERCIO INTERIOR, TIENDAS DE DIVISA, PRECIOS",0,El trato x parte de los trabajadores de las tiendas es pésimo y siempre te hacen sentir como q le stas molestando y kieren salir rápido d ti y ni hablar de la falta de bolsas para llevar los productos q compras,cu,0,0,0,0,0,1,0,0,0,el trato x parte de el trabajador de el tienda ser pésimo y siempre tú hacer sentir como q él star molestar y kierar salir rápido d ti y ni hablar de el falta de bolsa para llevar el producto q compra
7a3be306238040e0ec05c69ca98aa539,"COMERCIO INTERIOR, TIENDAS DE DIVISA, PRECIOS",0,Acabo de publicar un comentario y nada . al parecer . hubo problemas de conexion . lamento haberlo perdido. Saludos a los foristas,cu,0,0,0,0,0,1,0,0,0,acabar de publicar uno comentario y nada al parecer haber problema de conexion lamento haber él perder saludo a el forista
e89a9463bd010513ffc9fdcbabb6dba5,"COMERCIO INTERIOR, TIENDAS DE DIVISA, PRECIOS",0,"?El único proceso verdadero existente es la competencia. Algo que no existe en nuestro país ni en el sector privado, en el estatal no es posible, aunque no imposible.",cu,0,1,0,0,0,4,0,0,0,el único proceso verdadero existente ser el competencia algo que no existir en nuestro país ni en el sector privado en el estatal no ser posible aunque no imposible
f3b8d54a0d9f7ce8437a117e83fd3aec,"COMERCIO INTERIOR, TIENDAS DE DIVISA, PRECIOS",0,"?El gran problema es que mientras la poblacion siga comprando esos productos, los estan aceptando y por tanto no se ven obligados a rebajas. No es menos cierto que al no haber estas ofertas en las tiendas estatales nos queda como unica opcion los particulares.",cu,0,1,0,0,0,3,0,0,0,el gran problema ser que mientras el poblacion seguir comprar ese producto él estar aceptar y por tanto no él ver obligado a rebaja no ser menos cierto que al no haber este oferta en el tienda estatal yo quedar como unica opcion el particular
ba1bc6f58231e9f1666719ceea4ce684,"COMERCIO INTERIOR, TIENDAS DE DIVISA, PRECIOS",0,"La economía de mercado de Alemania, España, Reino Unido, Canadá..tiene mil problemas pero garantiza salud y educación gratis. No tienes en blanco y negro.",cu,0,0,0,0,0,1,0,0,0,el economía de mercado de alemania españa reino unido canadá tener mil problema pero garantizar salud y educación gratis no tener en blanco y negro
af08adb4f3dbbe1af37184e0edcc0e66,"COMERCIO INTERIOR, TIENDAS DE DIVISA, PRECIOS",0,dio pena lo de ayer en la Mesa Redonda.,cu,0,0,0,0,0,0,0,0,0,dar pena él de ayer en el mesa redondo
e2fa0108cf7197a5a76a199eb0d4c8ee,"COMERCIO INTERIOR, TIENDAS DE DIVISA, PRECIOS",0,Considero que es muy buena la idea que exista una resolucion que hable sobre los derechos de los consumidores,cu,0,0,0,0,0,0,0,0,0,considerar que ser mucho buen el idea que existir uno resolucion que hablar sobre el derecho de el consumidor
33a643ea4031e6decf9c38a2a34f697f,"COMERCIO INTERIOR, TIENDAS DE DIVISA, PRECIOS",0,"CIMEX da buenas respuesta para todas la pregunta ,Palabras nada mas,los prolema seguiran no ay luz para nosotros siempre buscando siempre falta algo y lo que mas falta producto de primera necesidad,y los presio cada dia suben como si ganamos miles",cu,0,0,1,0,0,2,0,0,0,cimex dar buena respuesta para todo el pregunta palabra nada mas el prolema seguirar no ay luz para yo siempre buscar siempre faltar algo y él que mas faltar producto de primero necesidad y el presio cada dia subir como si ganar mil
c9c7a3f43e828ed02a9608efc7b17239,"COMERCIO INTERIOR, TIENDAS DE DIVISA, PRECIOS",0,"La ventaja de este servicio en la primera etapa es que cuando un cliente compra algunos productos desde la comodidad de su PC o de su móvil ya la mercancia esta reservada, lo cual es muy bueno en este caso.",cu,0,0,0,0,0,0,0,0,0,el ventaja de este servicio en el primero etapa ser que cuando uno cliente compra alguno producto desde el comodidad de su pc o de su móvil ya el mercancia este reservado él cual ser mucho bueno en este caso
de831574ce403ba5bae9c544d28a931e,"COMERCIO INTERIOR, TIENDAS DE DIVISA, PRECIOS",0,En nuestro país el derecho del consumidor hace mucho rato que solo queda en el papel que existen en cada establecimiento. Porque a la hora de la realidad eso no se cumple en ningún comercio o entidad.,cu,0,0,0,0,0,2,0,0,0,en nuestro país el derecho del consumidor hacer mucho rato que solo quedar en el papel que existir en cada establecimiento porque a el hora de el realidad ese no él cumplir en ninguno comercio o entidad
51f3f309591da54cb6ed2955d6627656,"COMERCIO INTERIOR, TIENDAS DE DIVISA, PRECIOS",0,Estoy intrntando entrar en la direccion y me dice: coneccion no segura. ¿Como puedo ver los productos que venden?,cu,0,2,0,0,0,1,0,0,0,estar intrntandir entrar en el direccion y yo decir coneccion no seguro como poder ver el producto que vender
2990237aa7741ba592184d423c314bd0,"COMERCIO INTERIOR, TIENDAS DE DIVISA, PRECIOS",0,"Pude ver la Mesa Redonda del viernes y me causó indignación las imágenes de las tiendas muy bien abastecidas, limpias y sin abarrotamiento de mercancía en los pasillos. Disculpen pero esas imágenes no se corresponden con la realidad en el día de hoy.",cu,0,0,0,0,0,2,0,0,0,poder ver el mesa redondo del viernes y yo causar indignación el imagen de el tienda mucho bien abastecida limpio y sin abarrotamiento de mercancía en el pasillo disculpar pero ese imagen no él corresponder con el realidad en el día de hoy
155057927f7a9465204397693e1f25ef,"COMERCIO INTERIOR, TIENDAS DE DIVISA, PRECIOS",0,"Lo que pasa en Cuba es que hay mucho sentido de la impunidad.El trabajador sabe que haga lo que haga no le pasará nada.Es decir,se supone que el cliente por ser quien paga,es el eslabón más importante de la cadena.Pero la práctica demuestra otra cosa.",cu,0,0,0,0,0,2,0,0,0,él que pasar en cuba ser que haber mucho sentido de el impunidad el trabajador saber que hacer él que hacer no él pasar nada ser decir él suponer que el cliente por ser quien pagar ser el eslabón más importante de el cadena pero el práctica demostrar otro cosa
62faba2e858171f70e9f9eec994972d7,"COMERCIO INTERIOR, TIENDAS DE DIVISA, PRECIOS",0,Gracias por su sugerencia,cu,0,0,0,0,0,0,0,0,0,gracia por su sugerencia
c0076b25df8bf72a30e3fa160403f30e,"COMERCIO INTERIOR, TIENDAS DE DIVISA, PRECIOS",0,"Qué podemos decir de SASA y AUSA en Pinar del Río que exigieron a las empresas tener targeta magnética y nunca los POS funcionan, qué decir que los productos no están visisbles y se reservan para las amistades y los clientes particulares, Por qué será ",cu,0,0,3,0,0,2,0,0,0,qué poder decir de sasa y aús en pinar del río que exigir a el empresa tener targeta magnético y nunca el po funcionar qué decir que el producto no estar visisbl y él reservar para el amistad y el cliente particular por qué ser
778fced34db84086f39f9f3e8d7f9bee,"COMERCIO INTERIOR, TIENDAS DE DIVISA, PRECIOS",0,"?Por favor Ministra, nos puede decir por que no hay Jamón viking de 30 CUP/lb y huevos de 0,90 CUP/unidad en los MAI de la Habana???, cuando se reanudara el suministros de estos productos vitales, le agradecería su esclarecimiento, gracias y buenos días",cu,0,4,3,0,0,1,1,0,0,por favor ministra yo poder decir por que no haber jamón viking de 30 cup lb y huevo de 0 90 cup unidad en el mai de el habana cuando él reanudar el suministro de este producto vital él agradecer su esclarecimiento gracias y buen día
01eff818a8c807af1142ec67f2228a27,"COMERCIO INTERIOR, TIENDAS DE DIVISA, PRECIOS",0,"Alexander: Creo que es el mejor comentario de todos los que he leído en este artículo. Estoy muy de acuerdo con usted. Deberían tener la valentía, la dignidad y el decoro de responder estas 5 interrogantes con la verdad y sin demagogia.",cu,0,0,0,0,0,1,0,0,0,alexander creer que ser el mejor comentario de todo el que haber leer en este artículo estar mucho de acuerdo con usted deber tener el valentía el dignidad y el decoro de responder este 5 interrogante con el verdad y sin demagogia
37b5e032e4d7faee06f5ae9a80341621,"COMERCIO INTERIOR, TIENDAS DE DIVISA, PRECIOS",0,"Que aumenten las ofertas en las tiendas , pues estan vacias",cu,0,0,0,0,0,0,0,0,0,que aumentar el oferta en el tienda pues estar vacia
d4cbe08d00e7bbfb393af96c12cde6c9,"COMERCIO INTERIOR, TIENDAS DE DIVISA, PRECIOS",0,"NO SE DESGASTEN MAS QUE A ESO NADIE CON PODER DE ACTUACIÓN REAL LE HACE CASO ,AL FINAL SE VE AFECTADO, LE CIERRAN LAS PUERTAS.",cu,0,0,16,0,0,2,0,0,0,no él desgastar mas que a ese nadie con poder de actuación real él hacer caso al final él ver afectado él cerrar el puerta
80f71f723cc4ef18d4496ba7c01fcd54,"COMERCIO INTERIOR, TIENDAS DE DIVISA, PRECIOS",0,"Bien dicho Chris, si ellos nos bloquean entonces a utilizar VPN, pero debe haber alguna forma de utilizar un certificado aunque sea RUSO o CHINO hay que investigar que solución debe haber. No podemos seguir escudandonos en el bloqueo para todo lo que no sale bien en este país.",cu,0,0,3,0,0,2,0,0,0,bien dicho chris si él yo bloquear entonces a utilizar vpn pero deber haber alguno forma de utilizar uno certificado aunque ser ruso o chino haber que investigar que solución deber haber no poder seguir escudandono en el bloqueo para todo él que no salir bien en este país
137ada48ea65884c6c7aa41a5262593f,"COMERCIO INTERIOR, TIENDAS DE DIVISA, PRECIOS",0,"se repite lo mismo de la tienda la Puntilla de la Habana, vete a sus facturas para que veas a alguien se las vendieron para revenderlas en la calle y desde los almacenes la venden tambien.
La contraloria de la provinica tiene que supervisar esto en las entidades del estado.",cu,0,0,0,0,0,0,0,0,0,él repetir él mismo de el tienda el puntilla de el habana vetir a su factura para que ver a alguien él él vendar para revender él en el calle y desde el almacén él vender tambien el contraloria de el provinica tener que supervisar este en el entidad del estado
d67a4efa568b47a42acd84030ab05f5f,"COMERCIO INTERIOR, TIENDAS DE DIVISA, PRECIOS",0,"PROTECCIÓN AL CONSUMIDOR, PASADO, PRESENTE, FUTURO????. INFORMAR EN TELEVISIÓN EN LA MESA REDONDA DE OCTUBRE 2019, Q LOS PRODUCTOS DEL AGRO SE VENDEN SIN TALLOS Y SIN HOJAS, ES REALMENTE VERGONZOSO. QUE LE HAN ESTADO HACIENDO AL CONSUMIDOR TODO ESTE TIEMPO???? SAQUE USTED SUS PROPIAS CONCLUSIONES.",cu,0,8,34,0,0,2,2,0,0,protección al consumidor pasado presente futuro informar en televisión en el mesa redondo de octubre 2019 q el producto del agro él vender sin tallo y sin hoja ser realmente vergonzoso que él haber estar hacer al consumidor todo este tiempo sacar usted su propio conclusión
6523e87becc843af8bd9fa90a5f82dc2,"COMERCIO INTERIOR, TIENDAS DE DIVISA, PRECIOS",0,"Siempre con lo mismo, dejen q cada cual compre las cantidades que quiera, si es revendedor y el estado se preocupara por tener el producto siempre en la tienda, nadie tendria que acudir a ellos",cu,0,0,0,0,0,1,0,0,0,siempre con él mismo dejar q cada cual comprar el cantidad que querer si ser revendedor y el estado él preocupar por tener el producto siempre en el tienda nadie tendrio que acudir a él
6a35f6997c2ce22fa07ec141fc758ff2,"COMERCIO INTERIOR, TIENDAS DE DIVISA, PRECIOS",0,"Pioneer, de acuerdo con todos tus comentarios, la raíz del problema es el desabastecimiento,Que alguien compre 150 cajas de manzana si tiene dinero lícito está bien, lo malo es que a lo mejor eran las únicas 150 cajas a la venta y no entren más manzanas hasta dentro de fin de año.    Saludos.",cu,0,0,0,0,0,1,1,0,0,pioneer de acuerdo con todo tu comentario el raíz del problema ser el desabastecimiento que alguien compre 150 caja de manzana si tener dinero lícito estar bien él malo ser que a él mejor ser el único 150 caja a el venta y no entrar más manzana hasta dentro de fin de año saludo
2522e681930f75ac74e3c6d2d31c096e,"COMERCIO INTERIOR, TIENDAS DE DIVISA, PRECIOS",0,"Yo tambien considero que Irma es una excelente persona, pero ¿quien fue el sarcastico que lo dijo? ¿Otro diputado, o cuadro central? necesitamos conocer quienes tenemos en esos planos",cu,0,4,0,0,0,0,0,0,0,yo tambien considero que irmar ser uno excelente persona pero quien ser el sarcastico que él decir otro diputado o cuadro central necesitar conocer quien tener en ese plano
92d742dcd2aed65723ec010a6cb55196,"COMERCIO INTERIOR, TIENDAS DE DIVISA, PRECIOS",0,yo sigo pensando que ya tenemos vastates leyes lo unico que hace falta es que los que tienen que cumplirla lo hagan,cu,0,0,0,0,0,0,0,0,0,yo seguir pensar que ya tener vastat ley él unico que hacer falta ser que el que tener que cumplir él él hacer
56038a8a415cb0b5af4283dcf00be5e5,"COMERCIO INTERIOR, TIENDAS DE DIVISA, PRECIOS",0,Es importante que cada personal encargado de dar satisfacción a los consumidores sea analizado por incumplir con sus obligaciones y la buena atención al cliente.,cu,0,0,0,0,0,0,0,0,0,ser importante que cada personal encargado de dar satisfacción a el consumidor ser analizar por incumplir con su obligación y el buen atención al cliente
93ed87da93c707bbbf1e453a681fea1e,"COMERCIO INTERIOR, TIENDAS DE DIVISA, PRECIOS",0,"incluso yo creo que los revendores se van a acomodar mas, ahora no hacen ni cola, pero estoy a favor del comercio electronico lo que hay que ver si funciona bien que cuando reserves el producto a las 48 horas a la hora de recogida este disponible",cu,0,0,0,0,0,2,0,0,0,incluso yo creer que el revendor él ir a acomodar mas ahora no hacer ni cola pero estar a favor del comercio electronico él que haber que ver si funcionar bien que cuando reservser el producto a el 48 hora a el hora de recogida este disponible
40f76fd26bd0b8311fb8bd17547d3093,"COMERCIO INTERIOR, TIENDAS DE DIVISA, PRECIOS",0,La calidad de los servicios en funcion del buen trabajo,cu,0,0,0,0,0,0,0,0,0,el calidad de el servicio en funcion del buen trabajo
9696cb0bb618fea10cf504e9f279df87,"COMERCIO INTERIOR, TIENDAS DE DIVISA, PRECIOS",0,Para referirme a la aplicacion donde hay casi nunca esta actualizada por lo que no cumple sus funciones de ahorar tiempo a los pobladores e ir directo al articulo que buscan.,cu,0,0,0,0,0,2,0,0,0,para referir yo a el aplicacion donde haber casi nunca este actualizado por él que no cumplir su función de ahorar tiempo a el poblador e ir directo al articulo que buscar
eed43de4d824ed802370858f32ede0e7,"COMERCIO INTERIOR, TIENDAS DE DIVISA, PRECIOS",0,"VISITEN LA TIENDA DE MERMA EN DIEZ DE OCTUBRE Y PATROCINIO, VIBORA PARA QUE VEAN QUE CLASE DE LOCURA, LOS ARTICULOS ROTOS TIENEN PRECIOS TAN ALTOS QUE ASOMBRA.",cu,0,0,22,0,0,0,0,0,0,visitir el tienda de merma en diez de octubre y patrocinio viboro para que ver que clase de locura el articulo roto tener precio tanto alto que asombrar
67d1b74e90930c4f1c03173d6e732f97,"COMERCIO INTERIOR, TIENDAS DE DIVISA, PRECIOS",0,"Gracias por su comentario,Andrews .De forma gradual iremos aumentando el servicio para el resto de las provincia al igual que el surtido de productos",cu,0,0,0,0,0,0,0,0,0,gracia por su comentario andrews de forma gradual ir aumentar el servicio para el resto de el provincia al igual que el surtido de producto
b94b7a306a2212aa1a1c229300cace73,"COMERCIO INTERIOR, TIENDAS DE DIVISA, PRECIOS",0,Mi pregunta es la siguiente: Porque la fiscalia no acciona ante hechos como los que denuncia Iroel (que no es único)? Se puede también apreciar en Carlos III y otras tiendas,cu,0,1,1,0,0,2,1,0,0,mi pregunta ser el siguiente porque el fiscalia no accionar ante hecho como el que denunciar iroel que no ser único él poder también apreciar en carlos ii y otro tienda
1400d55d5996756602d488fd3a6808d6,"COMERCIO INTERIOR, TIENDAS DE DIVISA, PRECIOS",0,"En MINCIN debe prever la venta de cocinas de gas en las zonas que van a hacer gasificadas, hoy la cabecera del municipio Consolación del Sur en Pinar del Río se está gasificando y los consumidores no tienen donde adquirir el fogón, no existen en ninguna tienda de la Provincia.",cu,0,0,1,0,0,3,0,0,0,en mincin deber prever el venta de cocina de gas en el zona que ir a hacer gasificada hoy el cabecera del municipio consolación del sur en pinar del río él estar gasificar y el consumidor no tener donde adquirir el fogón no existir en ninguno tienda de el provincia
0188d798c2c033ba99ccf555cd738249,"COMERCIO INTERIOR, TIENDAS DE DIVISA, PRECIOS",0,Eso no funciona. La victima quejandose al victimario.Lo unico que se consigue es una buena discusion y desgraciarle el dia en el mejor de los casos,cu,0,0,0,0,0,1,0,0,0,ese no funcionar el victima quejar él al victimario él unico que él conseguir ser uno buen discusion y desgraciar él el dia en el mejor de el caso
9f4e3c52ff17dc5d57c5d630c2886589,"COMERCIO INTERIOR, TIENDAS DE DIVISA, PRECIOS",0,"Envié un comentario anterior al que me publicaron, en el que explico algunas cosas que ocurren en la tienda Brimart, si lo publican, tal vez los directivos de la cadena conozcan algunas cosas que ocurren en el municipio 10 de Octubre, y que afectan muchísimo a la población. porfa, un esfuercito",cu,0,0,0,0,0,0,0,0,0,enviar uno comentario anterior al que yo publicar en el que explico alguno cosa que ocurrir en el tienda brimart si él publicar tal vez el directivo de el cadena conocer alguno cosa que ocurrir en el municipio 10 de octubre y que afectar muchísimo a el población porfa uno esfuercito
cdaac90c56afdaa6854fc309b153bf38,"COMERCIO INTERIOR, TIENDAS DE DIVISA, PRECIOS",0,Lets encrypt y ya tienen certificado válido. Todo no es culpa del bloqueo!!!,cu,3,0,0,0,0,1,1,0,0,lets encrypt y ya tener certificado válido todo no ser culpa del bloqueo
fe78ca0d6ba7aa9fb318ea2dae86782c,"COMERCIO INTERIOR, TIENDAS DE DIVISA, PRECIOS",0,"Así mismo. Se entiende que tenemos un problema de desabastecimiento, y está claro que es malo. pero, diablos, que el pais no tiene dinero para abastecer, y si a eso le sumamos las trabas del bloqueo interno",cu,0,0,0,0,0,1,0,0,0,así mismo él entender que tener uno problema de desabastecimiento y estar claro que ser malo pero diablo que el pais no tener dinero para abastecer y si a ese él sumar el traba del bloqueo interno
8144b42603cefaaa7a726387b9582bf0,"COMERCIO INTERIOR, TIENDAS DE DIVISA, PRECIOS",0,"El CIMEX vende en la feria de 17 camiones de cerveza que la mayoria de las cajas van a parar al menrcado negro, entonces sales a consumir una cerveza en sus mismos establecimientos aledaños al lugar y no tienen existencia, similar situación existe con otros productos de gran demanda.",cu,0,0,1,0,0,1,0,0,0,el cimex vender en el feria de 17 camión de cerveza que el mayoria de el caja ir a parar al menrcado negro entonces sal a consumir uno cerveza en su mismo establecimiento aledaño al lugar y no tener existencia similar situación existir con otro producto de gran demanda
8f736a9cdfc256860938aacfabae5b0b,"COMERCIO INTERIOR, TIENDAS DE DIVISA, PRECIOS",0,Se pudiera cubrir mas horas y extender los horarios de trabajo se empezaran a emplear por trabajos de tiempo medio y no jornadas laborales completas asi le dieran trabajo a mucho de nuestros jovenes q tanto trabjo pasan en la universidad,cu,0,0,0,0,0,1,0,0,0,él poder cubrir mas hora y extender el horario de trabajo él empezar a emplear por trabajo de tiempo medio y no jornada laboral completa asi él dar trabajo a mucho de nuestro joven q tanto trabjo pasar en el universidad
4dc67eeeadc4db4152c23547c96f4d88,"COMERCIO INTERIOR, TIENDAS DE DIVISA, PRECIOS",0,SIMEX ; Antes de todo no deben vender el cemento y otros materiales de construcción de forma completamente libre para ser adquiridos por revendedores ; porque Cuba no está en condiciones para ese disparate vergonzoso .,cu,0,0,1,0,0,2,0,0,0,simex antes de todo no deber vender el cemento y otro material de construcción de forma completamente libre para ser adquirir por revendedor porque cuba no estar en condición para ese disparate vergonzoso
7375289a03c172f45cda4f2588f8c004,"COMERCIO INTERIOR, TIENDAS DE DIVISA, PRECIOS",0,La economía de mercado socialista de Vietnam es controlada por el Estado.,cu,0,0,0,0,0,0,0,0,0,el economía de mercado socialista de vietnam ser controlar por el estado
68f1dddee42247759e6475a7b52f6fa7,"COMERCIO INTERIOR, TIENDAS DE DIVISA, PRECIOS",0,Si los precios son en CUC porque solo se puede usar la targeta en CUP.,cu,0,0,2,0,0,0,0,0,0,si el precio ser en cuc porque solo él poder usar el targeta en cup
3a92d1a6f75f69e693675309f949fe4c,"COMERCIO INTERIOR, TIENDAS DE DIVISA, PRECIOS",0,"ah por cierto, sería bueno que xetid ponga una redireccion web de todo su dominio y asi cuando uno entre en xetid.cu vaya a la pagina web de xetid en lugar de a la pagina por defecto de nginx.",cu,0,0,0,0,0,0,0,0,0,ah por cierto ser bueno que xetid poner uno redireccion web de todo su dominio y asi cuando uno entrar en xetid cu vaya a el pagina web de xetid en lugar de a el pagina por defecto de nginx
fa2590436b13740f7084f5850626eb6b,"COMERCIO INTERIOR, TIENDAS DE DIVISA, PRECIOS",0,"esa lista de las principales insatisfaciones de la poblacion segun CIMEX a mi juicio tiene una omision muy importante, el lugar cimero de las insaticfacion y queja del pueblo falto, que es el PRECIO.",cu,0,0,2,0,0,0,0,0,0,ese lista de el principal insatisfación de el poblacion segun cimex a mi juicio tener uno omision mucho importante el lugar cimero de el insaticfacion y queja del pueblo falto que ser el precio
6db3a061160e479cb0a8307eef32cf3a,"COMERCIO INTERIOR, TIENDAS DE DIVISA, PRECIOS",0,Por que se cierran los kioskos en los barrios que en el mundo entero existen y acercan el mercado al cliente en un pais donde tanto somos viejos. El mercado debe estar cerca del cliente no todos van a una tienda de lujo a comprar un jabon.,cu,0,0,0,0,0,1,0,0,0,por que él cerrar el kioskos en el barrio que en el mundo entero existir y acercar el mercado al cliente en uno pais donde tanto ser viejo el mercado deber estar cerca del cliente no todo ir a uno tienda de lujo a comprar uno jabon
b36d90f03337eb2f7d12de180fe51356,"COMERCIO INTERIOR, TIENDAS DE DIVISA, PRECIOS",0,"Estimado, la tarjeta es un medio de pago personal e intransferible.",cu,0,0,0,0,0,0,0,0,0,estimado el tarjeta ser uno medio de pago personal e intransferible
c37d92ec82988417036381ea2b666afa,"COMERCIO INTERIOR, TIENDAS DE DIVISA, PRECIOS",0,"Menos mal porque aqui en sancti spiritus todo esta perdido.. la leche evaporada, la frazada de piso, el aceite, el pollo,la salchicha, el desodorante entre otras muchisimas mas Cosas fundamentales que les hace falta a los espirituanos.",cu,0,0,0,0,0,0,0,0,0,menos mal porque aqui en sancti spiritu todo este perder el leche evaporado el frazado de piso el aceite el pollo el salchicha el desodorante entre otro muchisima mas cosa fundamental que él hacer falta a el espirituano
150437cfe362de116adbde5a1111b443,"COMERCIO INTERIOR, TIENDAS DE DIVISA, PRECIOS",0,Lo que hace falta es que se respete al pueblo en esto y hallan medidas mas fuertes para lo que violan esto.,cu,0,0,0,0,0,0,0,0,0,él que hacer falta ser que él respetar al pueblo en este y hallar medida mas fuerte para él que violar este
a9527d82924e4e71e5f1534813142ebf,"COMERCIO INTERIOR, TIENDAS DE DIVISA, PRECIOS",0,Vivo en Cárdenas. Quiero comentar que han ido quitando los kioscos que estaban en los repartos y periferias. Porveso cuando se regresa del trabajo hay que ir lejos para poder comprar cosas que se necesitan que antes teníamos cerca. En la Henequenera no hay kiosco alguno.,cu,0,0,0,0,0,1,0,0,0,vivo en cárdena querer comentar que haber ir quitar el kiosco que estar en el reparto y periferia porveso cuando él regresar del trabajo haber que ir lejos para poder comprar cosa que él necesitar que antes tener cerca en el henequenera no haber kiosco alguno
35069c5de823fff4353660ad0c6b4d20,"COMERCIO INTERIOR, TIENDAS DE DIVISA, PRECIOS",0,Súmele a eso que los perfumes y colonias pasan de 10 CUC. Saludos desde Santa Clara.,cu,0,0,1,0,0,0,0,0,0,súmele a ese que el perfume y colonia pasar de 10 cuc saludo desde santa claro
678d265a212331c7b2247eb8dd364693,"COMERCIO INTERIOR, TIENDAS DE DIVISA, PRECIOS",0,En el día 29 de enero no se tiene notificación de dificultades de comunicación con las tarjetas emitidas por Bancos Nacionales. Es importante para poder darle una respuesta más directa decir el nombre del comercio donde no le permitió realizar la operación.,cu,0,0,0,0,0,2,0,0,0,en el día 29 de enero no él tener notificación de dificultad de comunicación con el tarjeta emitido por banco nacional ser importante para poder dar él uno respuesta más directo decir el nombre del comercio donde no él permitir realizar el operación
3981b2bc6747f13ed4a4bcac6863afcb,"COMERCIO INTERIOR, TIENDAS DE DIVISA, PRECIOS",0,"Es totalmente cierto lo señalado por David, sin la complicidad de los empleados no se puede llevar a cabo el acaparamiento.Pero me duele ver y saber que en todos esos establecimientos existen o deben exixstir organizaciones políticas y de masas que puedan verse involucrados en estos actos.",cu,0,0,0,0,0,2,0,0,0,ser totalmente cierto él señalado por david sin el complicidad de el empleado no él poder llevar a cabo el acaparamiento pero yo doler ver y saber que en todo ese establecimiento existir o deber exixstir organización política y de masa que poder ver él involucrado en este acto
bf91b92d5a4949d37fe9ee085aef33a2,"COMERCIO INTERIOR, TIENDAS DE DIVISA, PRECIOS",0,"No solamente los han cerrado sino que han dejado en esos espacios mucha suciedad, y abandono, donde ayer hubo un quiosko que resolvía problemas a la población hoy hay escombros y yerbas que afean la ciudad.",cu,0,0,0,0,0,2,0,0,0,no solamente él haber cerrar sino que haber dejar en ese espacio mucho suciedad y abandono donde ayer haber uno quiosko que resolver problema a el población hoy haber escombro y yerba que afear el ciudad
a4869df9a8bf0ba81a35208e0373af31,"COMERCIO INTERIOR, TIENDAS DE DIVISA, PRECIOS",0,"Muy buena opción, me parece genial, pero, cómo voy a comprar con TeleBanca si no están haciendo tarjetas.",cu,0,0,0,0,0,1,0,0,0,mucho buen opción yo parecer genial pero cómo ir a comprar con telebanca si no estar hacer tarjeta
fc9ced8fb1a449390828aae977cde940,"COMERCIO INTERIOR, TIENDAS DE DIVISA, PRECIOS",0,"No es por criticar, pero la pagina me abrio 5 segundos y murio, no cargo el CSS ni JS..
Y ahora directamente esta caida es un poco vergonzoso la verdad. si dan la noticia es porque esta lista para salir a la poblacion",cu,0,0,1,0,0,3,0,0,0,no ser por criticar pero el pagina yo abrir 5 segundo y murio no cargo el css ni js y ahora directamente este caida ser uno poco vergonzoso el verdad si dar el noticia ser porque este lista para salir a el poblacion
0cb7935653b01c1dc65c44ef09e0c6c5,"COMERCIO INTERIOR, TIENDAS DE DIVISA, PRECIOS",0,Totalmentd de acuerdo con el comentario de Barreras T.,cu,0,0,0,0,0,0,0,0,0,totalmentd de acuerdo con el comentario de barrera t
a799d87e737f3c29dad7cec75571a097,"COMERCIO INTERIOR, TIENDAS DE DIVISA, PRECIOS",0,Buenos dias . Pepe no he podido acceder alos link que das ..por favor revisar para poder descargar el certificado,cu,0,0,0,0,0,1,0,0,0,buen dia pepe no haber poder acceder alo link que dar por favor revisar para poder descargar el certificado
339efb0080cbe891dbe52c2cc0f97995,"COMERCIO INTERIOR, TIENDAS DE DIVISA, PRECIOS",0,En la ciudad de Pinar del Río solo dos mercados que venden en cuc cierran a las 9:00 pm y los que tenemos escasa divisa y necesitamos de la Producción Nacional que hacemos ?? si somos trabajadores y todo cierra a las 5:00 pm coincidiendo justamente con el fin de la jornada laboral.,cu,0,2,0,0,0,0,0,0,0,en el ciudad de pinar del río solo dos mercado que vender en cuc cerrar a el 9 00 pm y el que tener escaso divisa y necesitar de el producción nacional que hacer si ser trabajador y todo cerrar a el 5 00 pm coincidir justamente con el fin de el jornada laboral
80c0a60ae3e5df05f7d3768fc6f4747d,"COMERCIO INTERIOR, TIENDAS DE DIVISA, PRECIOS",0,"Cientos de comentarios por las manzanas, pues el artículo destapó la cuestión.  Hay muchos otras cuestiones más importantes de las cuales no se escriben artículos.  Que los periodistas aborden también esos temas.",cu,0,0,0,0,0,1,0,0,0,ciento de comentario por el manzana pues el artículo destapar el cuestión haber mucho otro cuestión más importante de el cual no él escribir artículo que el periodista abordar también ese tema
9aa9544a98429bbf18e4e02400738590,"COMERCIO INTERIOR, TIENDAS DE DIVISA, PRECIOS",0,Deberian buscar una formula para que los vendedores tuvieran remuneracion por las ventas. Veran los resultados,cu,0,0,0,0,0,0,0,0,0,deberiar buscar uno formula para que el vendedor tener remuneracion por el venta verar el resultado
0a50eb4d809f6f1ce579e708fb426392,"COMERCIO INTERIOR, TIENDAS DE DIVISA, PRECIOS",0,"Por favor CIMEX compruebe usted mismo sin que nadie se entere y valla a cualquier tienda, al menos en Camaguey , para que vea que tan CONFIABLE es la informacion. Recuerde que la infromacion la ponen humanos que al parecer no son nada confiables. Cuando esta el factor humano nada se hace CONFIABLE.",cu,0,0,3,0,0,5,0,0,0,por favor cimex compruebir usted mismo sin que nadie él enterar y valla a cualquiera tienda al menos en camaguey para que ver que tanto confiable ser el informacion recordar que el infromacion él poner humanos que al parecer no ser nada confiable cuando este el factor humano nada él hacer confiable
8fde7ffd60341a63ec041293e2c49f6b,"COMERCIO INTERIOR, TIENDAS DE DIVISA, PRECIOS",0,Yo digo que para los consumidores todo continúa más o menos igual.,cu,0,0,0,0,0,0,0,0,0,yo decir que para el consumidor todo continuar más o menos igual
d70fe2d6d3c73e70587623c00b7d49c9,"COMERCIO INTERIOR, TIENDAS DE DIVISA, PRECIOS",0,Acabo de intentar entrar a la página y dice que no está disponible. El artículo habla de que el sitio estará en mantenimiento de 8 a 9 am.son las 9 y 28 y todabía nada,cu,0,0,0,0,0,2,0,0,0,acabar de intentar entrar a el página y decir que no estar disponible el artículo hablar de que el sitio estar en mantenimiento de 8 a 9 am ser el 9 y 28 y todabir nada
c30f05d62156c1ccfad998596831d36d,"COMERCIO INTERIOR, TIENDAS DE DIVISA, PRECIOS",0,"en cuba todo es esperar, esperar esperar, socio en cuba hace ya más de 10 años hay comercio electronico ¿o si no que cosa es revolico? lo que no habia es una pasarela de pago del banco para las tarjetas nacionales ¿por que no la hbía? porque hay que esperar esperar esperar por el banco por el estado",cu,0,4,0,0,0,3,0,0,0,en cuba todo ser esperar esperar esperar socio en cuba hacer ya más de 10 año haber comercio electronico o si no que cosa ser revolico él que no habiar ser uno pasarela de pago del banco para el tarjeta nacional por que no él hbir porque haber que esperar esperar esperar por el banco por el estado
5cf7db7fe1eeb1e248b9c73c27544256,"COMERCIO INTERIOR, TIENDAS DE DIVISA, PRECIOS",0,las leyes estan establecidas para algo lo que debemos es cambiar la conciencia y terminar de cumplirlas,cu,0,0,0,0,0,0,0,0,0,el ley estar establecido para algo él que deber ser cambiar el conciencia y terminar de cumplirla
e6eaac3df7dba543228fd05116080872,"COMERCIO INTERIOR, TIENDAS DE DIVISA, PRECIOS",0,"Donde se oferte el mismo refresco enlatado a un precio en CUC (0.55) y en CUP (10.00), constituye una violación, pues ambas ofertas no pueden coexistir en un mismo establecimiento de venta en CUP.",cu,0,0,3,0,0,1,0,0,0,donde él ofertir el mismo refresco enlatado a uno precio en cuc 0 55 y en cup 10 00 constituir uno violación pues ambos oferta no poder coexistir en uno mismo establecimiento de venta en cup
b68660ada0d68d6641a6152a030dd210,"COMERCIO INTERIOR, TIENDAS DE DIVISA, PRECIOS",0,Deberían dar respuestas a todos los comentarios los compañeros de los organismosno saltarse la mayoría de ellos,cu,0,0,0,0,0,1,0,0,0,deber dar respuesta a todo el comentario el compañero de el organismo no saltar él el mayoría de él
fdb6bfd38da80510edf3a0fe66baa358,"COMERCIO INTERIOR, TIENDAS DE DIVISA, PRECIOS",0,"muy buena la apk coincido en que el exito de la misma sera que cada dia la fecha de actualizacion se acerque mas al tiempo real, saludos",cu,0,0,0,0,0,0,0,0,0,mucho buen el apk coincido en que el exito de el mismo sera que cada dia el fecha de actualizacion él acercar mas al tiempo real saludo
13e73f8c0e925fea3f4d6884bb1d1b74,"COMERCIO INTERIOR, TIENDAS DE DIVISA, PRECIOS",0,"No se para que tantas resoluciones si después no se cumplen, los consumidores estamos tan o mas desprotegidos que antes de la resolución o si no vengan a nueva gerona y compruébenlo.",cu,0,0,0,0,0,3,0,0,0,no él para que tanto resolución si después no él cumplir el consumidor estar tanto o mas desprotegido que antes de el resolución o si no vengar a nuevo gerona y compruébenlo
904be902a5e93ce96cd4dec012a337f5,"COMERCIO INTERIOR, TIENDAS DE DIVISA, PRECIOS",0,Si ud puede recoger su compra 48 horas despues de haber realizado su pedido,cu,0,0,0,0,0,0,0,0,0,si ud poder recoger su compra 48 hora despuser de haber realizar su pedido
3783a00a73368e33875a76da63750206,"COMERCIO INTERIOR, TIENDAS DE DIVISA, PRECIOS",0,"Manolo, en el mismo articulo plantean que el resto de las provincias se incorporarán en el 1er semestre del 2019, lo importante es que nosotros los cubanos comencemos a contar con este servicio",cu,0,0,0,0,0,0,0,0,0,manolo en el mismo articulo plantear que el resto de el provincia él incorporar en el 1er semestre del 2019 él importante ser que yo el cubano comencem tú a contar con este servicio
9710afbd800938c2ae4d8a7417c96b0d,"COMERCIO INTERIOR, TIENDAS DE DIVISA, PRECIOS",0,"Mis saludos, necesito que alguien me aclare por qué en una misma cadena de tiendas (CARACOL) se comercializan productos idénticos con diferencia de precio entre una unidad y otra.",cu,0,0,1,0,0,0,0,0,0,mi saludo necesitar que alguien yo aclarar por qué en uno mismo cadena de tienda caracol él comercializar producto idéntico con diferencia de precio entre uno unidad y otro
b61dbeb4e24300a8dbfa436cd87fea9e,"COMERCIO INTERIOR, TIENDAS DE DIVISA, PRECIOS",0,"Las personas están desencantadas y no creen en la supuestas Protección al Consumidor y sus motivos tienen, pues no cambia nada.",cu,0,0,0,0,0,3,0,0,0,el persona estar desencantado y no creer en el supuesto protección al consumidor y su motivo tener pues no cambiar nada
c6b10b8d057d7750099414f270eccfb7,"COMERCIO INTERIOR, TIENDAS DE DIVISA, PRECIOS",0,"Igual no son las tiendas las que ponen esos precios tan exponencialmente altos, sino el Ministerio de Finanzas y Precios.",cu,0,0,0,0,0,2,0,0,0,igual no ser el tienda el que poner ese precio tanto exponencialmente alto sino el ministerio de finanza y precio
7871b78f7be494e8c8821a91a5b28cd3,"COMERCIO INTERIOR, TIENDAS DE DIVISA, PRECIOS",0,Y mientras las tiendas vacias,cu,0,0,0,0,0,0,0,0,0,y mientras el tienda vacia
bd2bb037392531cd78c745ed287195d8,"COMERCIO INTERIOR, TIENDAS DE DIVISA, PRECIOS",0,200% de acuerdo con usted,cu,0,0,0,0,0,0,0,0,0,200 de acuerdo con usted
2d4147b6c6f83785568b6db34f825e65,"COMERCIO INTERIOR, TIENDAS DE DIVISA, PRECIOS",0,"No No No, no se hace así CIMEX!!! muchísimos productos que venden -a precios exorbitantes desproporcionales con respecto a la moneda en la que cobramos nuestros salarios- no son de primera necesidad, ésos pueden faltar, no así los de primera necesidad, GARANTICEN su estabilidad! ",cu,4,0,2,0,0,6,1,0,0,no no no no él hacer así cimex muchísimos producto que vender a precio exorbitant desproporcional con respecto a el moneda en el que cobrar nuestro salario no ser de primero necesidad ese poder faltar no así el de primero necesidad garanticen su estabilidad
66a8ed6d29b4603af68df8ffdd12ba86,"COMERCIO INTERIOR, TIENDAS DE DIVISA, PRECIOS",0,En el mundo funciona asi o te lo llevan a tu casa o recoges en la tienda. Recogida en tienda se llama click & Collect,cu,0,0,0,0,0,0,0,0,0,en el mundo funcionar asi o tú él llevar a tu casa o recog en el tienda recogido en tienda él llamar click collect
a7b114553c4322684726e91524632d02,"COMERCIO INTERIOR, TIENDAS DE DIVISA, PRECIOS",0,"Amigo, recuerde que. EL TRABAJO ES UN DERECHO, NO UNA OBLIGACION.",cu,0,0,4,0,0,1,0,0,0,amigo recordar que el trabajo ser uno derecho no uno obligacion
29e5e05e1c4759dd9259332ad9429c8a,"COMERCIO INTERIOR, TIENDAS DE DIVISA, PRECIOS",0,"Estoy de acuerdo con la mayoría de los comentarios, no vale la pena reiterar, todos de una forma u otra hemos sido victimas del maltrato al consumidor y de insatisfacciones cuando vamos a recibir un servicio sin calidad por el que hay que pagar altos precios.",cu,0,0,0,0,0,2,0,0,0,estar de acuerdo con el mayoría de el comentario no valer el pena reiterar todo de uno forma u otro haber ser victima del maltrato al consumidor y de insatisfacción cuando ir a recibir uno servicio sin calidad por el que haber que pagar alto precio
37b2b699cb868124b04eebdc3856c187,"COMERCIO INTERIOR, TIENDAS DE DIVISA, PRECIOS",0,?Las libras deben desaparecer y vender todo en kg que es la unidad internacional de medida y la mas usada en el mundo.,cu,0,1,0,0,0,0,0,0,0,el libra deber desaparecer y vender todo en kg que ser el unidad internacional de medida y el mas usado en el mundo
11cbb75984fa4c8454a15b91cbc2025f,"COMERCIO INTERIOR, TIENDAS DE DIVISA, PRECIOS",0,"Siempre he dicho que cuando en las bodegas, plazitas.. la balanza esté en un lugar visible al cliente, comenzare a pensar que se comenzó aplicar la RM 54",cu,0,0,0,0,0,0,0,0,0,siempre haber decir que cuando en el bodega plazita el balanza estar en uno lugar visible al cliente comenzarir a pensar que él comenzar aplicar el rm 54
81d1f14a0ddf29bf565507f1335c0881,"COMERCIO INTERIOR, TIENDAS DE DIVISA, PRECIOS",0,"Hola mi amiga malsana tienes un triste concepto del comercio aunque bonito del desarrollo, sin caer en capitalismos",cu,0,0,0,0,0,1,0,0,0,holar mi amiga malsano tener uno triste concepto del comercio aunque bonito del desarrollo sin caer en capitalismos
3265334de096766b567f8d208067654c,"COMERCIO INTERIOR, TIENDAS DE DIVISA, PRECIOS",0,Hola. Son las 9:26 y no me abre el sitio. Ojalá y el servicio sea estable y eficiente. Que pronto pueda extenderse al resto de las provincias. Saludos,cu,0,0,0,0,0,1,0,0,0,holar ser el 9 26 y no yo abrir el sitio ojalá y el servicio ser estable y eficiente que pronto poder extender él al resto de el provincia saludo
3ca2addc8417908cfdb2a180e6e413ee,"COMERCIO INTERIOR, TIENDAS DE DIVISA, PRECIOS",0,ufffff cansada de escuchar lo mismo con lo mismo y que nada cambie!!. ayer la mesa redonda parecia que era una edicion pasada que estaban repitiendo,cu,2,0,0,0,0,1,1,0,0,uff cansada de escuchar él mismo con él mismo y que nada cambiar ayer el mesa redondo parecia que ser uno edicion pasado que estar repetir
1bbf3017421fd8876eed90d8e771cf2a,"COMERCIO INTERIOR, TIENDAS DE DIVISA, PRECIOS",0,"Juan josé no le quepa la menor duda que no necesito ser salpicado, mi salario me sobra, vivo holgadamente, ahorro y tengo para el ocio.",cu,0,0,0,0,0,2,0,0,0,juan josé no él quepa el menor duda que no necesitar ser salpicar mi salario yo sobrar vivo holgadamente ahorro y tener para el ocio
2405c16f42befb0de71ba8f112d9106f,"COMERCIO INTERIOR, TIENDAS DE DIVISA, PRECIOS",0,"Si quieren ver un verdadero retroceso vean la Tienda Panamericana en el Casino Deportivo,se caen los muros exteriores, escasez de productos y los salones de ventas son almacenes de cosas que no se venden y no permiten casi ni caminar a los posibles clientes",cu,0,0,0,0,0,3,0,0,0,si querer ver uno verdadero retroceso ver el tiendo panamericana en el casino deportivo él caer el muro exterior escasez de producto y el salón de venta ser almacén de cosa que no él vender y no permitir casi ni caminar a el posible cliente
b86c31f7441735c04489674e0c12af1c,"COMERCIO INTERIOR, TIENDAS DE DIVISA, PRECIOS",0,los precio y las calidad de los producto hasta cuando,cu,0,0,0,0,0,0,0,0,0,el precio y el calidad de el producto hasta cuando
cb4dd84a89284833d56b31265475d582,"COMERCIO INTERIOR, TIENDAS DE DIVISA, PRECIOS",0,"El kiosko de Los Arabos en la provincia de Matanzas lo cerraron, tiene muy buenas condiciones para seguir operando y hace más de un año y no sabemos que proyecciones hay con eso, es muy necesario para nuestro municipio que se decida su reapertura por favor.",cu,0,0,0,0,0,1,0,0,0,el kiosko de el arabo en el provincia de matanza él cerrar tener mucho buena condición para seguir operar y hacer más de uno año y no saber que proyección haber con ese ser mucho necesario para nuestro municipio que él decidir su reapertura por favor
25060f7d53066d183a8f520ab89d2256,"COMERCIO INTERIOR, TIENDAS DE DIVISA, PRECIOS",0,Unas cuantas palabras no pueden alcanzar para decir y/ o solicitar cosas a la gran red de servicios de ventas de Simet.,cu,0,0,0,0,0,1,0,0,0,uno cuanta palabra no poder alcanzar para decir y o solicitar cosa a el gran red de servicio de venta de simet
9527b8502afbdfb2808db7aee70ed39a,"COMERCIO INTERIOR, TIENDAS DE DIVISA, PRECIOS",0,"Desodorante de producción nacional? No lo veo en Holguín. En los municipios está la cosa que arde, muchas necesidades y nada se resuelve.",cu,0,1,0,0,0,2,0,0,0,desodorante de producción nacional no él ver en holguín en el municipio estar el cosa que arder mucho necesidad y nada él resolver
11268360202ec4f4422c270646653c03,"COMERCIO INTERIOR, TIENDAS DE DIVISA, PRECIOS",0,"Se que reclamar mis derechos, es mi derecho, además mi deber, pero se imagina que tenga que reclamar y en la mayoiría de los casos discutir para hacerlo cumplir, tendria que viajar con una java de Amlodipino, Atelonol.",cu,0,0,0,0,0,0,0,0,0,él que reclamar mi derecho ser mi derecho además mi deber pero él imaginar que tener que reclamar y en el mayoiría de el caso discutir para hacer él cumplir tendria que viajar con uno java de amlodipino atelonol
e70800c4eded2e51f67bbfa524be548d,"COMERCIO INTERIOR, TIENDAS DE DIVISA, PRECIOS",0,Me sumo 10000000000000000000000% al comentario del Forista Alexander Machado puesto que son esas mismas preguntas las que quiero CIMEX conteste,cu,0,0,1,0,0,0,1,0,0,yo sumir 100 al comentario del forista alexander machado puesto que ser ese mismo pregunta el que querer cimex conteste
40e930a5f7d5f15e4fdfabcf9764d121,"COMERCIO INTERIOR, TIENDAS DE DIVISA, PRECIOS",0,Se maltrata ya hasta cuando estas durmiendo,cu,0,0,0,0,0,0,0,0,0,él maltratar ya hasta cuando este dormir
d0b508d4b006ef13ff80de138b5326f2,"COMERCIO INTERIOR, TIENDAS DE DIVISA, PRECIOS",0,Por favor un poco más de RAM y CPU para el servidor donde está sitio web,cu,0,0,2,0,0,0,0,0,0,por favor uno poco más de ram y cpu para el servidor donde estar sitio web
405b05f31b0446e1355916098c74518c,"COMERCIO INTERIOR, TIENDAS DE DIVISA, PRECIOS",0,"Buenos días, compañeros que atenderán el foro debate, me pueden dar respuesta sobre el desabastecimiento de frezeer en nuestras tiendas, la interrogante en cuestión es: para cuando se prevee el suministro estable de estos equipos en nuestras tiendas, gracias y reitero los buenos días",cu,0,0,0,0,0,0,0,0,0,buen día compañero que atender el foro debate yo poder dar respuesta sobre el desabastecimiento de frezeer en nuestro tienda el interrogante en cuestión ser para cuando él prevear el suministro estable de este equipo en nuestro tienda gracia y reiterar el buen día
b64a20670753e4a3f33677beae3e5f7f,"COMERCIO INTERIOR, TIENDAS DE DIVISA, PRECIOS",0,"Ud ha visitado los países que mencionó ? , es verdad que el poder adquisitivo de los deciles bajos es pequeño y otros problemas nigun lugar es perfecto , pero créame no tiene razón en lo que dice , se lo digo con conocimiento de causa.",cu,0,1,0,0,0,1,0,0,0,ud haber visitar el país que mencionar ser verdad que el poder adquisitivo de el decil bajo ser pequeño y otro problema nigun lugar ser perfecto pero créame no tener razón en él que decir él él decir con conocimiento de causa
46474fb48ddec57213c20616cc8ef304,"COMERCIO INTERIOR, TIENDAS DE DIVISA, PRECIOS",0,a lo mejor colapsó como el virtual-bandec que es un calvario hacer una transacción,cu,0,0,0,0,0,0,0,0,0,a él mejor colapsar como el virtual bandec que ser uno calvario hacer uno transacción
6a5dab1877f97d9b576b22e5f61d686e,"COMERCIO INTERIOR, TIENDAS DE DIVISA, PRECIOS",0,"No se porqué en los reportajes que ponen por la TV, como el de ayer en la mesa redonda, siempre hay jabitas en las TRD, ahora Caribe, en Los Arabos Matanzas hace años eso no existe, tenemos que salir con los productos en la mano, hasta cuándo será esa situación?",cu,0,1,1,0,0,2,0,0,0,no él porcar en el reportaje que poner por el tv como el de ayer en el mesa redondo siempre haber jabita en el trd ahora caribir en el arabo matanza hacer año ese no existir tener que salir con el producto en el mano hasta cuándo ser ese situación
e63f9c79da81f982864390f902734463,"COMERCIO INTERIOR, TIENDAS DE DIVISA, PRECIOS",0,Por qué no son respondidas las preguntas sobre lo excesivo de los precios de los productos si los comparamos con otros paises donde además los salarios son superiores a los de los cubanos.,cu,0,0,0,0,0,1,0,0,0,por qué no ser responder el pregunta sobre él excesivo de el precio de el producto si él comparamos con otro país donde además el salario ser superior a el de el cubano
aa613e447aed0e65ebf0b2d85e2dad20,"COMERCIO INTERIOR, TIENDAS DE DIVISA, PRECIOS",0,Porque no existe ninguna ley que diga que usted solo puede comprar una caja de manzanas on 30 paquetes de detergente. Además sería totalmente absurdo e irracional aprobar una ley que diga eso.,cu,0,0,0,0,0,2,0,0,0,porque no existir ninguno ley que decir que usted solo poder comprar uno caja de manzana on 30 paquete de detergente además ser totalmente absurdo e irracional aprobar uno ley que decir ese
a8b783b357a403aa0f8d0d9ef93eb0f0,"COMERCIO INTERIOR, TIENDAS DE DIVISA, PRECIOS",0,"Uso el Donde Hay muy a menudo, pero no sirve o no es fiel. Estuve buscando aceitunas y decia que habia mas de 1000 de disponibilidad en la tienda del Focsa y fui en 2 ocaciones y no había nada en los estantes ni habia según me dijeron cuando pregunte.",cu,0,0,0,0,0,5,1,0,0,uso el donde haber mucho a menudo pero no servir o no ser fiel estar buscar aceituna y decia que habiar mas de 100 de disponibilidad en el tienda del focsa y ir en 2 ocación y no haber nada en el estant ni habia según yo decir cuando pregunte
7efc25dc759c43a17bad366369a6d0d8,"COMERCIO INTERIOR, TIENDAS DE DIVISA, PRECIOS",0,"?Carlos, yo te pregunto, que hacemos con esas mismas personas, que donde te venden las cosas normadas, hacen las colas cientos de veces, para llevarse toda la mercancia que necesitan, para su lucro. Tienes respuesta o solución para eso?",cu,0,2,0,0,0,0,0,0,0,carlos yo tú preguntar que hacer con ese mismo persona que donde tú vender el cosa normada hacer el cola ciento de vez para llevar él todo el mercancia que necesitar para su lucro tener respuesta o solución para ese
bf72b703f67484850cf0e077f982f5e3,"COMERCIO INTERIOR, TIENDAS DE DIVISA, PRECIOS",0,"Ayer en la mañana fui a recoger mi tarjeta de telebanca en el banco de 23 cerca de malecón, que solicite el 16 de octubre, me dijeron que acudiera el 16 de noviembre, en esa fecha no estaba, que me avisarían, fui ayer y me dijeron que aún no las estaban dando",cu,0,0,0,0,0,2,0,0,0,ayer en el mañana ir a recoger mi tarjeta de telebanca en el banco de 23 cerca de malecón que solicitar el 16 de octubre yo decir que acudierar el 16 de noviembre en ese fecha no estar que yo avisarir ir ayer y yo decir que aún no él estar dar
9ffc66ca79f16b08b9d7b3c8b9314056,"COMERCIO INTERIOR, TIENDAS DE DIVISA, PRECIOS",0,"una pregunta, hablan sobre el certificado digital generado por la Autoridad Raíz de la Infraestructura de llave Pública de la República de Cuba, y dice que podemos descargarlo en Cubadebate, he estado buscando y no lo encuentro, por favor, dejen un link al respecto..
Gracias",cu,0,0,0,0,0,1,0,0,0,uno pregunta hablar sobre el certificado digital generado por el autoridad raíz de el infraestructura de llave público de el república de cuba y decir que poder descargar él en cubadebate haber estar buscar y no él encontrar por favor dejar uno link al respecto gracias
8a0d42bf6d931dd56603dd988d366436,"COMERCIO INTERIOR, TIENDAS DE DIVISA, PRECIOS",0,Esta web no carga desde una conexión nacional,cu,0,0,0,0,0,1,0,0,0,este web no cargar desde uno conexión nacional
9d2878167bfab49b2d1142f9e70c31a5,"COMERCIO INTERIOR, TIENDAS DE DIVISA, PRECIOS",0,"Como de costumbre, respuestas esquivas y hasta contradictorias: se prevé, se hara notar paulatinamente, se está trabajando, ya está previsto, pronto se dará solución. Esto es más de lo mismo. Dense cuenta de una vez que la cosa no es así, el pueblo necesita respuestas, no ambigüedades",cu,0,0,0,0,0,2,0,0,0,como de costumbre respuesta esquivo y hasta contradictoria él prever él har notar paulatinamente él estar trabajar ya estar previsto pronto él dar solución este ser más de él mismo dense contar de uno vez que el cosa no ser así el pueblo necesitar respuesta no ambigüedad
634b814c8a76cbfe6386fbb4dc28ea99,"COMERCIO INTERIOR, TIENDAS DE DIVISA, PRECIOS",0,"?La corrupción, desvío de recurso, falta de idoneidad, maltrato al cliente eso si desacredita la imagen de estos establecimiento, no la foto!",cu,1,1,0,0,0,1,0,0,0,el corrupción desvío de recurso faltar de idoneidad maltrato al cliente ese si desacreditar el imagen de este establecimiento no el foto
b8be21cd0a4de340cdaefcb40729b6c7,"COMERCIO INTERIOR, TIENDAS DE DIVISA, PRECIOS",0,"Con todo lo que está pasando en Comercio y gastronomía Estatal,",cu,0,0,0,0,0,0,0,0,0,con todo él que estar pasar en comercio y gastronomía estatal
fb2b3bf133a9cea544a987e3361dad9f,"COMERCIO INTERIOR, TIENDAS DE DIVISA, PRECIOS",0,"Y que ocurre en los establecimientos de la ciudad de Pinar del Rio que no hay desodorantes de Suchel ? lo que encontramos son productos importados , obao y otros .",cu,0,1,0,0,0,1,0,0,0,y que ocurrir en el establecimiento de el ciudad de pinar del rio que no haber desodorant de suchel él que encontrar ser producto importado obao y otro
6d5026771163167689b0bfbb131fccc6,"COMERCIO INTERIOR, TIENDAS DE DIVISA, PRECIOS",0,"Las personas mayores que vivimos en la zona de 23 desde G hasta 12 no tenemos una tienda grande que satisfaga nuestras necesidades de compra, pedimos restituir la de 23 y C y lo que hcieron fue un mercado similar al de 23 y 12.
Otra queja es lo mal que funcionan los post",cu,0,0,0,0,0,1,0,0,0,el persona mayor que vivir en el zona de 23 desde g hasta 12 no tener uno tienda grande que satisfagar nuestro necesidad de compra pedir restituir el de 23 y c y él que hceír ser uno mercado similar al de 23 y 12 otro queja ser él mal que funcionar el post
d743a7be90cbd1de28064e3ccaa9deb8,"COMERCIO INTERIOR, TIENDAS DE DIVISA, PRECIOS",0,"elioedel, sí, es necesario que aumenten las ofertas, pero creo que primero hay que mantener las ya de por sí pocas. ¿Qué resolvemos si se abarrotan las tiendas y no pueden mantenerlas llenas? Saludos.",cu,0,2,0,0,0,1,0,0,0,elioedel sí ser necesario que aumentar el oferta pero creer que primero haber que mantener el ya de por él poco qué resolvemos si él abarrotar el tienda y no poder mantener él llena saludo
2875da6835dc45998325d599f057d958,"COMERCIO INTERIOR, TIENDAS DE DIVISA, PRECIOS",0,"Pienso que para que se extienda el uso de las tarjetas magnéticas y el POS, en todos los municipios deben instalar cajeros automáticos, no se si en el nuestro, Los Arabos en Matanzas, está concebido para en un futuro próximo instalar alguno.",cu,0,0,1,0,0,1,0,0,0,pensar que para que él extender el uso de el tarjeta magnético y el po en todo el municipio deber instalar cajero automático no él si en el nuestro el arabo en matanza estar concebido para en uno futuro próximo instalar alguno
8893c6e88832fce454a912cb3118db64,"COMERCIO INTERIOR, TIENDAS DE DIVISA, PRECIOS",0,"De acuerdo contigo, serio publican en cubadebate que no hay certificados válidos para .cu, no se tomaron 5 minutos para buscar y así quieren avanzar, XD.",cu,0,0,0,0,1,2,0,0,0,de acuerdo contigo serio publicar en cubadebate que no haber certificado válido para cu no él tomar 5 minuto para buscar y así querer avanzar xd
7235326f2dd44ac16e1163d51caf31c2,"COMERCIO INTERIOR, TIENDAS DE DIVISA, PRECIOS",0,Estoy muy de acuerdo contigo no he podido acceder a la tienda virtual esperó que le den solución a eso.,cu,0,0,0,0,0,1,0,0,0,estar mucho de acuerdo contigo no haber poder acceder a el tienda virtual esperar que él dar solución a ese
9667eeb9c116ebdc9e6614a3019373c8,"COMERCIO INTERIOR, TIENDAS DE DIVISA, PRECIOS",0,"No hay aceite ni leche en polvo ,y hace tiempoooo.",cu,0,0,0,0,0,2,1,0,0,no haber aceite ni leche en polvo y hacer tiempoo
d40b9cc804fa214257482f3eecbfc892,"COMERCIO INTERIOR, TIENDAS DE DIVISA, PRECIOS",0,"Así mismo es una de las ventajas que tiene este servicio es que cuando Ud paga la mercancia esta reservada además puede hacer la compra desde cualquier lugar , en el momento que desee",cu,0,0,0,0,0,0,0,0,0,así mismo ser uno de el ventaja que tener este servicio ser que cuando ud pagar el mercancia este reservado además poder hacer el compra desde cualquiera lugar en el momento que desear
3fd170bb79a1339c1133cd7003104073,"COMERCIO INTERIOR, TIENDAS DE DIVISA, PRECIOS",0,Muy buena la explicación es evidente que tenemos que ganar en conocimiento sobre el tema de la seguridad.,cu,0,0,0,0,0,0,0,0,0,mucho buen el explicación ser evidente que tener que ganar en conocimiento sobre el tema de el seguridad
4e7f0a12f00e8d1adbae3988b3709c44,"COMERCIO INTERIOR, TIENDAS DE DIVISA, PRECIOS",0,"En Las Tunas hay una crisis con el desabastecimiento de aceite y cárnicos(pollo). Qué pasa con esto, ya me estoy preocupando. No se si es problema de distribución o lo que sea. Que alguien hable claro.",cu,0,0,0,0,0,1,0,0,0,en el tuna haber uno crisis con el desabastecimiento de aceite y cárnico pollo qué pasar con este ya yo estar preocupar no él si ser problema de distribución o él que ser que alguien hablar claro
6f7c2f6543a5cafb423a9ec576503fbf,"COMERCIO INTERIOR, TIENDAS DE DIVISA, PRECIOS",0,"Lo de la entrega a domisilio que supone un costo adicional, también es luego de las 48 h, espero que no, porque no tiene sentido que me cobren de más por llevarme los productos 2 días despés de que los necesito",cu,0,0,0,0,0,2,0,0,0,él de el entrega a domisilio que suponer uno costo adicional también ser luego de el 48 h esperar que no porque no tener sentido que yo cobrir de más por llevar yo el producto 2 día despés de que él necesitar
65e89ea7c5371261e8de99086f270417,"COMERCIO INTERIOR, TIENDAS DE DIVISA, PRECIOS",0,Teoricamente todo está escrito lo que hay que hacer es hacer cumplir y respetar en la práctica esa teoría,cu,0,0,0,0,0,0,0,0,0,teoricamente todo estar escrito él que haber que hacer ser hacer cumplir y respetar en el práctica ese teoría
8d7db0c758db91814d8249cbfbff1352,"COMERCIO INTERIOR, TIENDAS DE DIVISA, PRECIOS",0,"Pienso que no se debe dar tantas vueltas ,los que tienen que resolver estos problemas directamente son loa administradores ,pero si lo resuelven entonces pierden su busquedan,parafraciando a Ruperto",cu,0,0,0,0,0,1,0,0,0,pensar que no él deber dar tanto vuelta el que tener que resolver este problema directamente ser loa administrador pero si él resolver entonces perder su busquedar parafraciar a ruperto
cc3fb68c86700c022d2cfce87ad24fa4,"COMERCIO INTERIOR, TIENDAS DE DIVISA, PRECIOS",0,"Caballeros se armó el debate con la PAPA, ya que viene como anillo al dedo con este tema se podría hacer un artículo acerca de qué pasa con este producto en varias provincias.",cu,0,0,1,0,0,0,0,0,0,caballero él armar el debate con el papa ya que venir como anillo al dedo con este tema él poder hacer uno artículo acerca de qué pasar con este producto en varios provincia
a87836747eba33b31bf9d94d7e2e2b34,"COMERCIO INTERIOR, TIENDAS DE DIVISA, PRECIOS",0,"Ahora la pregunta del millón de pesos:
En el resto de las provincias y ciudades del país cuando llegará el servicio para sus tiendas locales. Mira que es probablemente la única forma de luchar contra los revendedores que habría para nosotros.",cu,0,0,0,0,0,0,0,0,0,ahora el pregunta del millón de pesos en el resto de el provincia y ciudad del país cuando llegar el servicio para su tienda local mirar que ser probablemente el único forma de luchar contra el revendedor que haber para yo
872b8812f88df87cc47e3d2c27d28e3f,"COMERCIO INTERIOR, TIENDAS DE DIVISA, PRECIOS",0,"edo: no seas iluso, en la mayoría de los casos los revendedores no actúan solos, sino en combinación con los administradores. Es un trabajo desde adentro, lo único que detiene eso es que no exista escasez.",cu,0,0,0,0,0,4,0,0,0,edo no sea iluso en el mayoría de el caso el revendedor no actuar solo sino en combinación con el administrador ser uno trabajo desde adentro él único que detener ese ser que no existir escasez
bf8e719130c2c0404093d12cdabd178f,"COMERCIO INTERIOR, TIENDAS DE DIVISA, PRECIOS",0,"En efecto, la página web está lentísima y las imágenes no cargan del todo",cu,0,0,0,0,0,1,0,0,0,en efecto el página web estar lentísima y el imagen no carguir del todo
a0044a421f6c194e2240dc54773e92c0,"COMERCIO INTERIOR, TIENDAS DE DIVISA, PRECIOS",0,"en Altahabana lleva una tienda de la cadena Cimex cerrada como 3 años, en la calle E,tendremos que recibir el 500aniversario asi",cu,0,0,0,0,0,0,0,0,0,en altahabana llevar uno tienda de el cadena cimex cerrado como 3 año en el calle e tener que recibir el 500aniversario asi
07c70893a2b7cb8dca0d59bf6c322eab,"COMERCIO INTERIOR, TIENDAS DE DIVISA, PRECIOS",0,Buenos días gracias por su comentario .El certificado se publicará en la segunda parte del reportaje por eso termina articulo en construccón,cu,0,0,0,0,0,0,0,0,0,buen día gracias por su comentario el certificado él publicar en el segundo parte del reportaje por ese terminar articulo en construccón
8997fa9fdf22c21f95c51928a0987a06,"COMERCIO INTERIOR, TIENDAS DE DIVISA, PRECIOS",0,"se llama especulación sobre las cosas, y si, si es penado por la ley",cu,0,0,0,0,0,0,0,0,0,él llamar especulación sobre el cosa y si si ser penar por el ley
ae8b1b426b15e9b0ac45e21d3bf87a74,"COMERCIO INTERIOR, TIENDAS DE DIVISA, PRECIOS",0,se nota que usted es una de esas personas,cu,0,0,0,0,0,0,0,0,0,él notar que usted ser uno de ese persona
ee9df19988271323699c2f398c509aa6,"ECONOMÍA. TURISMOS, HOTELES",1,"Las ofertas del Kempinski estan BARATICAS, BARATICAS. Solo 400 cuc una nochesita.",cu,0,0,2,0,0,0,0,0,0,el oferta del kempinski estar baratica baratica solo 400 cuc uno nochesita
15410528a2e980ac3ade9f7f420235c5,"ECONOMÍA. TURISMOS, HOTELES",1,"?Será que el pueblo trabajador sólo tiene la posibilidad de ir a campismos, y cuando pueda?. Esto no hay que pensarlo mucho, la solución es migrar al sector no estatal, a ver si hay suerte de algún día ir a otra cosa que no sea un campismo y poder llevar a la familia. La calidad de vida esta",cu,0,2,0,0,0,3,0,0,0,ser que el pueblo trabajador sólo tener el posibilidad de ir a campismo y cuando poder este no haber que pensar él mucho el solución ser migrar al sector no estatal a ver si haber suerte de alguno día ir a otra cosa que no ser uno campismo y poder llevar a el familia el calidad de vida este
6d25ec3cfa328acf2022348aa4805aeb,"ECONOMÍA. TURISMOS, HOTELES",1,"Felicitaciones, joven periodista, por tan amena y prolija descripción ¿ven que no hace falta ser adinerado para estar y disfrutar de un 5 estrellas plus?",cu,0,2,0,0,0,1,0,0,0,felicitación joven periodista por tanto ameno y prolijo descripción ver que no hacer falta ser adinerar para estar y disfrutar de uno 5 estrella plus
7af21a33c91f37874aa7325a7a4e8f97,"ECONOMÍA. TURISMOS, HOTELES",1,Vacaciones virtuales..,cu,0,0,0,0,0,0,1,0,0,vacación virtual
21dc496119dbd33e4fd7906ec3b19683,"ECONOMÍA. TURISMOS, HOTELES",1,?hola soy medico.especialista..gano 1000 pesos cup mas o menos..quiero ir a este hotel o al packard o al manzana m pueden aconsejar cual elijo??quiero pasarme un fin de semana y que me quede algo de mi salario para comer??espero respuestas.gracias,cu,0,5,0,0,0,0,1,0,0,hola ser medico especialista gano 100 pesos cup mas o menos querer ir a este hotel o al packard o al manzana m poder aconsejar cual elijo querer pasar yo uno fin de semana y que yo quedar algo de mi salario para comer esperar respuesta gracia
5eb194e7323e3ec32836c7c5826be720,"ECONOMÍA. TURISMOS, HOTELES",1,"?si claro, ese hotel no es para todo tipos de personas, a ese hotel vienen los plomeros, carpinteros, albañiles y limpia pisos canadienses, los de buenos trabajos, medicos, arquitectos, ingenieros. no vienen a esos hoteles, van a Hawai, las islas paradisiacas de indonesia. caiman grande.. etc",cu,0,1,0,0,0,2,0,0,0,si claro ese hotel no ser para todo tipo de persona a ese hotel venir el plomero carpintero albañil y limpio piso canadiense el de buen trabajo medico arquitecto ingeniero no venir a ese hotel ir a hawai el isla paradisiaco de indonesia caimar grande etc
1c4b081099d18396badeca7ab259752e,"ECONOMÍA. TURISMOS, HOTELES",1,"logicamente que la economia no es el reto más importante, sino sacar primero a todos los dirigentes metirosos y burocratas del estancamiento, la inercia y la desidia, porque con tales funcionarios no va a funcionar ni la Comunidad primitiva.",cu,0,0,0,0,0,4,0,0,0,logicamente que el economia no ser el reto más importante sino sacar primero a todo el dirigente metiroso y burocrata del estancamiento el inercia y el desidia porque con tal funcionario no ir a funcionar ni el comunidad primitivo
3ca83ed13896f0fb1b6e4271926fcd76,"ECONOMÍA. TURISMOS, HOTELES",1,"Si todos iremos con nuestros salarios, pero no se pa cuándo., soñar no cuesta nada",cu,0,0,0,0,0,3,1,0,0,si todo ir con nuestro salario pero no él pa cuándo soñar no costar nada
b7dedd1bf076ff2a422418f9809f6fbc,"ECONOMÍA. TURISMOS, HOTELES",1,"Descansa y vive las navidades de Miami, y te reitero que te ocupes de vivir la vida en tu paraiso y no pongas peor el infierno, que ya lo arreglaremos, pero desde aqui.",cu,0,0,0,0,0,1,0,0,0,descanso y vivir el navidad de miami y tú reiterar que tú ocup de vivir el vida en tu paraiso y no pongar peor el infierno que ya él arreglaremos pero desde aqui
2050afe901f834a423317690eca40a89,"ECONOMÍA. TURISMOS, HOTELES",1,?pero amigo periodista con que salario vamos a conocer tan magnifico hotellllllll?,cu,0,2,0,0,0,0,1,0,0,pero amigo periodista con que salario ir a conocer tanto magnifico hotell
4700509dd1175b9469a1189d9041520d,"ECONOMÍA. TURISMOS, HOTELES",1,?¿Dijo usted 199 CUP? ¡En cuanto cobre voy a reservar aunque sea una noche!,cu,2,3,1,0,0,0,0,0,0,decir usted 199 cup en cuanto cobre ir a reservar aunque ser uno noche
d417dff6b8ba49fd4205a5a9b6b5e1f2,"ECONOMÍA. TURISMOS, HOTELES",1,"FELICIDADES para los trabajadores de la ECOT UCM.  Quedo bello e implacable. Otra obra arquitectonica que se recupera para el disfrute de nuestros jovenes, jajaja.",cu,0,0,3,0,0,0,0,0,0,felicidad para el trabajador de el ecot ucm quedo bello e implacable otro obra arquitectonico que él recuperar para el disfrute de nuestro joven jajajar
996d4282cb166eef14b5930eb9bb6452,"ECONOMÍA. TURISMOS, HOTELES",1,?Ahora el fin de semana voy a probar los servicios de ese hotel cuando cobre los 500 pesos espero que me sobre salario   Que triste realidad,cu,0,1,0,0,0,0,1,0,0,ahora el fin de semana ir a probar el servicio de ese hotel cuando cobrar el 500 pesos esperar que yo sobre salario que triste realidad
48ab9d4987cfda10d87b13b438681210,"ECONOMÍA. TURISMOS, HOTELES",1,Cuando se quiere se puede!!! Si como no. Seguro lo dices porque no trabajas con el ESTADO. Yo no podre ir ni en la segunda vida jajajajaja.,cu,3,0,1,0,0,4,1,0,0,cuando él querer él poder si como no seguro él decir porque no trabajar con el estado yo no podre ir ni en el segundo vida jajajajajar
a9913906133eb04e4cf8bba5fe6855ad,"ECONOMÍA. TURISMOS, HOTELES",1,pero amigo periodista con que salario vamos a conocer tan magnifico hotellllllll?,cu,0,1,0,0,0,0,1,0,0,pero amigo periodista con que salario ir a conocer tanto magnifico hotell
7ed0865b2ff2f4c1b394328765202b93,"ECONOMÍA. TURISMOS, HOTELES",1,?Para el próximo cobro descontare 7cuc de comida a mi familia para comprarle 600 megas a ETECSA y averiguar en Internet el precio real. Déjame esa tarea y sacrificio a mi.,cu,0,1,1,0,0,0,0,0,0,para el próximo cobro descontare 7cuc de comida a mi familia para comprar él 600 mega a etecsa y averiguar en internet el precio real déjamir ese tarea y sacrificio a mi
5d12cffe2c81a0f7a62a5ad9a3542f7a,"ECONOMÍA. TURISMOS, HOTELES",1,?PROBLEMA MATEMATICO DEL LUNES: Paquito cobra $500 cup y el Paradisus cuesta alrededor de 40 cuc el dia. ¿Cuantos meses tiene que ahorar sin gastar un quilo de su salario para llevar a su esposa e hijo un fin de semana?   RESPUESTA: NTSR (No tiene solucion real),cu,0,3,6,0,0,2,1,0,0,problema matematico del lunes paquito cobrar 500 cup y el paradisus costar alrededor de 40 cuc el dia cuanto mes tener que ahorar sin gastar uno quilo de su salario para llevar a su esposa e hijo uno fin de semana respuesta ntsr no tener solucion real
b1108843d334f2c98b125802e93a1b7d,"ECONOMÍA. TURISMOS, HOTELES",1,Excelente!!! Deja ver cuándo paso por allí a pasarme unos días,cu,3,0,0,0,0,0,1,0,0,excelente dejar ver cuándo paso por allí a pasar yo uno día
c9b1e6969d2660eadfac6503dbd48389,"ECONOMÍA. TURISMOS, HOTELES",1,Cuando cobre voy a reservar para pasarme una semana en el hotel,cu,0,0,0,0,0,0,0,0,0,cuando cobre ir a reservar para pasar yo uno semana en el hotel
29e63931115238aa6335adf3d8b30322,"ECONOMÍA. TURISMOS, HOTELES",1,"Tributo 2017 no vas a verlo ni en pintura a no ser que vivas en Europa u otras latitudes Ah, me equivoqué: en la mayor de Las Antillas se pondrán a la venta 300 unidades en Casas del Habano, licoreras y mercaditos especializados¿?¿?¿?¿?Pero nada del precio Suerte Nengue, la vas a necesitar!!!",cu,3,8,0,0,0,4,1,0,0,tributo 2017 no va a ver él ni en pintura a no ser que vivo en europa u otro latitud ah yo equivocar en el mayor de el antilla él poner a el venta 300 unidad en casa del habano licorera y mercadito especializado pero nada del precio suerte nengar el va a necesitar
bfcc0004407312398f387b24317c390a,"ECONOMÍA. TURISMOS, HOTELES",1,?deja ver si ahorro el mes 13 de los próximos 20 años y puedo ir a verlo con mis propios ojos.,cu,0,1,0,0,0,0,0,0,0,dejar ver si ahorro el mes 13 de el próximo 20 año y poder ir a ver él con mi propio ojo
aff735835ea2b0e12f8b3e66b60409e5,"ECONOMÍA. TURISMOS, HOTELES",1,Le he dado bastante publicidad a las fotos. Asi que Gran caribe me hara una rebaja o hasta una comision jajajaj,cu,0,0,0,0,0,0,0,0,0,él haber dar bastante publicidad a el foto asi que gran caribe yo har uno rebaja o hasta uno comision jajajaj
2c292f79e7c687b652dbeb46214071b7,"ECONOMÍA. TURISMOS, HOTELES",1,"Si. Cuáles son las ofertas,dejan a uno con ganas.si alguien sabe que diga sin pena a los precios por noche no importa ,solo queremos saber ,a lo mejor podré ir con mi familia.",cu,0,0,0,0,0,2,0,0,0,si cuál ser el oferta dejar a uno con gana si alguien saber que decir sin pena a el precio por noche no importar solo querer saber a él mejor poder ir con mi familia
a236c3f925e05a1d1080f32e574b22e3,"ECONOMÍA. TURISMOS, HOTELES",1,"en Casas del Habano, licoreras y mercaditos especializados, a pocos días de su oferta la mencionada bebida ha tenido aceptación.
Hummmm, me imagino que el precio sea asequible para que haya tenido buena aceptación. ",cu,0,0,0,0,0,0,1,0,0,en casa del habano licorera y mercadito especializado a poco día de su oferta el mencionado bebida haber tener aceptación humm yo imaginar que el precio ser asequible para que haber tener buen aceptación
0e52713b47a0cc9381e46b0598b10e93,"ECONOMÍA. TURISMOS, HOTELES",1,"Manolo quien dice que un 50% o menos de esos 11 MM tiene un poder adquisitivo real, la gran mayoría subsistimos gracias a mustros elevados salarios. Saludos",cu,0,0,0,0,0,0,0,0,0,manolir quien decir que uno 50 o menos de ese 11 mm tener uno poder adquisitivo real el gran mayoría subsistimos gracias a mustro elevado salario saludo
c44e0106f363f12b9c83c491c4cfe4d5,"ECONOMÍA. TURISMOS, HOTELES",1,"Jorge, en realidad el número es superior a los 11MM de cubanos como tamaño del mercado ya que esa sidra hay que ""darsela"" a todo el que no tenga una capacidad real adquisitiva que puede quedar.en menos del 50%",cu,0,0,0,0,0,1,0,2,0,jorge en realidad el número ser superior a el 11 mm de cubano como tamaño del mercado ya que ese sidra haber que darselar a todo el que no tener uno capacidad real adquisitivo que poder quedar en menos del 50
443e2c277c5f1cd9001662cff9ed7bce,"ECONOMÍA. TURISMOS, HOTELES",1,"?Bueno, unicamente asi voy a hoteles de cualquier categoría, veo el notociero y ya. todos los dias ponen uno y no repiten como hace la TV con la aventuras.",cu,0,1,0,0,0,1,0,0,0,bueno unicamente asi ir a hotel de cualquiera categoría ver el notociero y ya todo el dia poner uno y no repetir como hacer el tv con el aventura
9617277f4c0f26b708649a0635dd4ef5,"ECONOMÍA. TURISMOS, HOTELES",1,"Miami?, jajaja",cu,0,1,0,0,0,0,0,0,0,miami jajaja
c73e1462e60bebbf822906ee805022ee,"ECONOMÍA. TURISMOS, HOTELES",1,"Tributo 2017 lo más barato (unos 900 o más), que puedes encontrar en el Festival Internacional del Habano",cu,0,0,0,0,0,0,0,0,0,tributo 2017 él más barato uno 900 o más que poder encontrar en el festival internacional del habano
9e260407588b6c9b2cfb4239ecc692d8,"ECONOMÍA. TURISMOS, HOTELES",1,y Cuánto hay que ¨tributar¨ para poder degustarlo?,cu,0,1,0,0,0,0,0,0,0,y cuánto haber que tributar para poder degustar él
7734e8012c1da764144471a40a3117a4,"ECONOMÍA. TURISMOS, HOTELES",1,"?Buffff que belleza voy a ir alla dentro de mas o menos 10 años, no pero si esta lindo que bueno que existen hoteles asi en mi pais",cu,0,1,0,0,0,1,1,0,0,buff que belleza ir a ir alla dentro de mas o menos 10 año no pero si este lindo que bueno que existir hotel asi en mi pais
945c6de4e530d9e1942e2a938cd230e1,"ECONOMÍA. TURISMOS, HOTELES",1,"Tributo 2017 no vas a verlo ni en pintura a no ser que vivas en Europa u otras latitudes Ah, me equivoqué: en la mayor de Las Antillas se pondrán a la venta 300 unidades en Casas del Habano, licoreras y mercaditos especializados¿?¿?¿?Pero nada del precio Suerte Nengue, la vas a necesitar!!! ",cu,3,6,0,0,0,4,1,0,0,tributo 2017 no va a ver él ni en pintura a no ser que vivo en europa u otro latitud ah yo equivocar en el mayor de el antilla él poner a el venta 300 unidad en casa del habano licorera y mercadito especializado pero nada del precio suerte nengar el va a necesitar
a42413af0cf595ee6e54749361b40ded,"ECONOMÍA. TURISMOS, HOTELES",1,"?Hola javier, soy ingeniero especialista principal, tambien tengo esa duda, a que hotel ir, que disyuntiva. De hecho con mi salario nunca he podido ni soñar con ir a uno, todo se ha quedado en eso, sueñossssssss..",cu,0,1,0,0,0,2,1,0,0,hola javier ser ingeniero especialista principal tambien tener ese duda a que hotel ir que disyuntiir de hecho con mi salario nunca haber poder ni soñar con ir a uno todo él haber quedar en ese sueñoss
7842fa18638fbaa36f5b772a7d8ef8da,"ECONOMÍA. TURISMOS, HOTELES",1,"Me gusta tu objetividad y esta muy a tono con los tiempos actuales, fijate que suena hasta bien: VACACIONES VIRTUALES. apretateste, te quedastes vacia. Lo voy a incluir en mi modo de vida.",cu,0,0,2,0,0,0,0,0,0,yo gustar tu objetividad y este mucho a tono con el tiempo actual fijate que sonar hasta bien vacación virtual apretatestar tú quedastes vacia él ir a incluir en mi modo de vida
8afa1c01b24da28e777accfc3ed08f17,"ECONOMÍA. TURISMOS, HOTELES",1,Abrira sus puertas.ESTE MES?..de MARZO?,cu,0,2,3,0,0,0,0,0,0,abrirar su puerta este mes de marzo
fc268da2033291b2869b1d7e745f31d3,"ECONOMÍA. TURISMOS, HOTELES",1,"Hermosisima instalacion!! Me acaba de despertar el apetito, apenas perciba mi salario en MN reservo una habitacion! Una nochecita nada mas!! Vale la pena, tan solo tengo que ahorrar durante diez meses TODO lo que me pague mi empresa!",cu,6,0,1,0,0,1,0,0,0,hermosisimo instalacion yo acabar de despertar el apetito apenas percir mi salario en mn reservo uno habitacion uno nochecita nada mas valer el pena tanto solo tener que ahorrar durante diez mes todo él que yo pagar mi empresa
1ae884a1488d828c50c64249bcd8e1dd,"ECONOMÍA. TURISMOS, HOTELES",1,"En el 2018 estamos mal, en el 2019 estaremos pior, 60 y mas pa lante.",cu,0,0,0,0,0,0,0,0,0,en el 2018 estar mal en el 2019 estarer pior 60 y mas pa lante
f85f743cc3a1f70e299ba817a14155b1,"ECONOMÍA. TURISMOS, HOTELES",1,"Si todos iremos con nuestros salarios, pero no se pa cuándo., soñar no cuesta nada y los cubanos pa/ cuándo.",cu,0,0,0,0,0,3,2,0,0,si todo ir con nuestro salario pero no él pa cuándo soñar no costar nada y el cubano pa cuándo
52861804a9943d318e5132bc695a6cac,"ECONOMÍA. TURISMOS, HOTELES",1,"Ya que dicen que es 100% cubano, alguien me puede decir ¿De dónde salió el nombre TAN CUBANO de Manzana Kempinski?",cu,0,2,2,0,0,0,0,0,0,ya que decir que ser 100 cubano alguien yo poder decir de dónde salir el nombre tanto cubano de manzana kempinski
dd698d1e90413c8860ce2ddce02fccc8,"ECONOMÍA. TURISMOS, HOTELES",1,"40 cuc no me hagas reir ,ese hotel la habitacion doble debe estar por 210 o 220 el dia!",cu,1,0,0,0,0,1,0,0,0,40 cuc no yo hagas reir ese hotel el habitacion doble deber estar por 210 o 220 el dia
a17a418b46e172e53c1e3857faa4319d,"ECONOMÍA. TURISMOS, HOTELES",1,"es maravilloso poder disfrutar de ""Tributo 2017"", solo q esta vida no me alcanzará para pagarla.",cu,0,0,0,0,0,1,0,2,0,ser maravilloso poder disfrutar de tributo 2017 solo q este vida no yo alcanzar para pagar él
6b6269abc4cba2371c093e4ee39d97e9,"ECONOMÍA. TURISMOS, HOTELES",1,"Si si, como no, toda una ganga ir ahí.",cu,0,0,0,0,0,1,0,0,0,si si como no todo uno ganga ir ahí
959b7a7c70749c99f7c89ae22803903f,"ECONOMÍA. TURISMOS, HOTELES",1,"Esta pequeña serie de 2500, es para exclusividades, o sea para TODOS.",cu,0,0,1,0,0,0,0,0,0,este pequeño serie de 2500 ser para exclusividad o ser para todo
f82bf55387c45ca8a287157e0f44b0ca,"ECONOMÍA. TURISMOS, HOTELES",1,"entre 305 y 1700 cuc?? Baaah!!! ese precio es una bobería.. para el cubano trabajador, solo tendría q gastarse sus ahorros de toda la vida y esperar a la jubilación para completar. ",cu,3,2,0,0,0,0,2,0,0,entre 305 y 1700 cuc baah ese precio ser uno bobería para el cubano trabajador solo tener q gastar él su ahorro de todo el vida y esperar a el jubilación para completar
ef19e7cf0e06c15dc961d6390f0792a5,"ECONOMÍA. TURISMOS, HOTELES",1,"Una joya de la historia habanera a (""disposicion"") del pueblo trabajador. Me encanta!!! ",cu,3,0,0,0,0,0,1,2,0,uno joya de el historia habanerar a disposicion del pueblo trabajador yo encantar
f8486722d1589eab9f433011478a3c3f,"ECONOMÍA. TURISMOS, HOTELES",1,"Así que 2019???, voy a reírme, como va la cosa creo que ni en 200 años se cumplirá el plan.",cu,0,3,0,0,0,1,1,0,0,así que 2019 ir a reir yo como ir el cosa creer que ni en 200 año él cumplir el plan
f743e8b80f3c5e1d8db51c7672c3b79a,"ECONOMÍA. TURISMOS, HOTELES",1,"INCREIBLE!!! Cuando cobre voy con mi familia para allá una semana. Espera, que voy a comer este mes. ",cu,3,0,1,0,0,0,1,0,0,increible cuando cobre ir con mi familia para allá uno semana esperar que ir a comer este mes
813218845801102f80a43a19ca7b42d6,"ECONOMÍA. TURISMOS, HOTELES",1,"?eso! a disfrutar turistas!! pq nosotros no nos gustan esas cosas podemos, solo que no queremos.",cu,3,1,0,0,0,2,0,0,0,ese a disfrutar turista pq yo no yo gustar ese cosa poder solo que no querer
0a845767c7383760d3b9b9083d14f347,"ECONOMÍA. TURISMOS, HOTELES",1,"?Aprende algunos trucos de magia, a ver si lo logras, jejejejeje",cu,0,1,0,0,0,0,0,0,0,aprender alguno truco de magia a ver si él logra jejejejejar
cdf936cd6856209f3ccf8591c001b341,"ECONOMÍA. TURISMOS, HOTELES",1,Muy cubano este hotelitooooo. Por que tendrá como segundo nombre el Kempinski?,cu,0,1,0,0,0,0,1,0,0,mucho cubano este hotelitoo por que tener como segundo nombre el kempinski
0169c542cf46b06b13370c3e7a972285,"ECONOMÍA. TURISMOS, HOTELES",1,Oh Manzana de Gomez!!! Cuanto te extrano :):):),cu,3,0,0,0,0,0,1,0,0,oh manzana de gomez cuanto tú extranir
9a8e9d14003dbdd50c36ef18d5afc22f,"ECONOMÍA. TURISMOS, HOTELES",1,?ahora cuando me paguen en mi trabajo mis 700 pesos CUP voy a ir a pasarme una semana,cu,0,1,1,0,0,0,0,0,0,ahora cuando yo pagar en mi trabajo mi 700 pesos cup ir a ir a pasar yo uno semana
c4a4c4bb3667e8e43a70b3cee2599b85,"ECONOMÍA. TURISMOS, HOTELES",1,"No se si clasificará así, pero me parece una maravilla de la arquitectura cubana. Eres esplendoroso Kempinski y asequible a TODOS!!!",cu,3,0,1,0,0,1,1,0,0,no él si clasificar así pero yo parecer uno maravilla de el arquitectura cubano ser esplendoroso kempinski y asequible a todo
728ebcdc0ec532dc7b490bf6beb587b4,"ECONOMÍA. TURISMOS, HOTELES",1,"Querido Carlos, tu , que parece que no pierdes pie ni pisada mía, por que no le dices al profesor eso de que deje tranquilo al pueblo o que actualice su modelo económico?. Porque al final el está criticando lo mismo que yo con palabras académicas. Feliz Año Nuevo",cu,0,1,0,0,0,3,0,0,0,querido carlos tu que parecer que no perder pie ni pisado mío por que no él decir al profesor ese de que dejar tranquilo al pueblo o que actualizar su modelo económico porque al final el estar criticar él mismo que yo con palabra académico feliz año nuevo
fc10600a723fb8e46e5bc68ffca1f067,"ECONOMÍA. TURISMOS, HOTELES",1,"Dios mio, los habaneros son los lideres de la corrupción en Cuba. Y se lo merecen todo.",cu,0,0,0,0,0,0,0,0,0,dio mio el habanero ser el lider de el corrupción en cuba y él él merecer todo
5b9087dfdc370628caa33098485d0d0b,"ECONOMÍA. TURISMOS, HOTELES",1,"?,,,,,Un Paradisus en Cayo Santamaría,,,,,, que bueno tener una nueva oferta para llevar a mi hija en las vacaciones para que conozca nuestros servicios de hotelerias para el turismo,,,,, digo si es que con un salario de 225.00 CUP puedo darle ese regalo despues de un año de estudio,,,,,,,",cu,0,1,1,0,0,0,4,0,0,uno paradisus en cayo santamacer que bueno tener uno nuevo oferta para llevar a mi hija en el vacación para que conocer nuestro servicio de hoteleria para el turismo decir si ser que con uno salario de 225 00 cup poder dar él ese regalo despues de uno año de estudio
fe73d28dfff2a011eca0315f39fd8d46,"ECONOMÍA. TURISMOS, HOTELES",1,"el precio??? Baratico. Este mismo mes en cuanto cobres puedes disfrutar de esta deliciosa bebida,sentado al aterdecer, en la terraza de tu casa. jjjj ",cu,0,3,0,0,0,0,2,0,0,el precio baratico este mismo mes en cuanto cobre poder disfrutar de este deliciós bebida sentado al aterdecer en el terraza de tu casa jj
71c5539b3c51db550370ea9f376b856d,"ECONOMÍA. TURISMOS, HOTELES",0,"Mietras siga el descontrol seguiremos teniendo carencias,las malas direcciones deterioran el pais,presidente tome medidas fuerte con los violadores si no se va a desgastar y seria una lastima con el trabajo que usted está haciendo",cu,0,0,0,0,0,1,0,0,0,mietra seguir el descontrol seguir tener carencia el mala dirección deterioran el pais presidente tomar medida fuerte con el violador si no él ir a desgastar y serio uno lastima con el trabajo que usted estar hacer
c7e67080dca14c55a2c7fd59398bff03,"ECONOMÍA. TURISMOS, HOTELES",0,"hay corrupción pero porque esperan siempre a ultimo momento ,para que las perdidas sean mayores y quien sufre las consecuencias es el pueblo trabajador y humilde.somos los unicos afectados.hay revisar los cuadros funcionales . y poner mano dura .",cu,0,0,0,0,0,0,0,0,0,haber corrupción pero porque esperar siempre a ultimo momento para que el perdida ser mayor y quien sufrir el consecuencia ser el pueblo trabajador y humilde ser el unico afectado haber revisar el cuadro funcional y poner mano duro
6b94111c1869068d47431e510232ed72,"ECONOMÍA. TURISMOS, HOTELES",0,Yo creo que todo eso se debe a los bajos salarios(o los altos precios) porque si un cubano con su salario pudiera suplir sus necesidades básicas no creo que tuviera la necesidad de robarse nada del centro de trabajo.,cu,0,0,0,0,0,2,0,0,0,yo creer que todo ese él deber a el bajo salario o el alto precio porque si uno cubano con su salario poder suplir su necesidad básico no creer que tener el necesidad de robar él nada del centro de trabajo
a16f30166825b6c22d441d9cbdbd69b1,"ECONOMÍA. TURISMOS, HOTELES",0,"Como cambian los tiempos, el anterior internacional lo visite siendo un simple estudiante universitario, con mi estipendio y una ayudita de mis padres pague la estancia por un fin de semana.Hoy trabajando, con todo lo que devengo en un año, creo que no le puedo llegar ni a un dia de hospedaje. ",cu,0,0,0,0,0,2,0,0,0,como cambiar el tiempo el anterior internacional él visitar ser uno simple estudiante universitario con mi estipendio y uno ayudita de mi padre pagar el estancia por uno fin de semana hoy trabajar con todo él que devenir en uno año creer que no él poder llegar ni a uno dia de hospedaje
57886b3b0c599ac7c085bd7b7eb91a49,"ECONOMÍA. TURISMOS, HOTELES",0,"Para que quieres martirizarte, si es una pequeña serie de 2500, eso es para exclusividades, o sea super-ricos.",cu,0,0,0,0,0,0,0,0,0,para que quieres martirizarte si ser uno pequeño serie de 2500 ese ser para exclusividad o ser super rico
8311a1045007c5949f0918b936edfe55,"ECONOMÍA. TURISMOS, HOTELES",0,"Cuantos detenidos hay y cuantos seran procesados, nos preguntamos todos.",cu,0,0,0,0,0,0,0,0,0,cuanto detenido haber y cuanto serar procesado yo preguntar todo
6e7ccf6ef5a582dec18f77c6c7fb5df7,"ECONOMÍA. TURISMOS, HOTELES",0,"Esto da vergüenza y tristeza a la vez esto no debía ni ser publicado, quien caramba puede en este país ir a ese hotel. El pueblo trabajador solo puede optar por un campismo o ida y vuelta a una playa.",cu,0,0,0,0,0,2,0,0,0,este dar vergüenza y tristeza a el vez este no deber ni ser publicar quien carambar poder en este país ir a ese hotel el pueblo trabajador solo poder optar por uno campismo o ida y vuelta a uno playa
4ae9f6ceced688feab830d2289c7c4f5,"ECONOMÍA. TURISMOS, HOTELES",0,"Jorge, el mercado que supone Cuba pienso sea muy inferior a 11MM ya que apenas un 50% o menos de esos 11 MM tiene un poder adquisitivo real, la gran mayoría subsistimos con apenas lo imprescindible. Saludos",cu,0,0,0,0,0,0,0,0,0,jorge el mercado que suponer cuba pensar ser mucho inferior a 11 mm ya que apenas uno 50 o menos de ese 11 mm tener uno poder adquisitivo real el gran mayoría subsistimos con apenas él imprescindible saludo
f3120fa277295d91646be916d5d15769,"ECONOMÍA. TURISMOS, HOTELES",0,"No se si clasificará así, pero me parece una maravilla de la arquitectura cubana; ese fue uno de mis luagares preferidos en esta Habana. Desde la calle se ve esplendoroso.",cu,0,0,0,0,0,1,0,0,0,no él si clasificar así pero yo parecer uno maravilla de el arquitectura cubano ese ser uno de mi luagar preferido en este habana desde el calle él ver esplendoroso
032369c9c42b295b13680b0eb20107fa,"ECONOMÍA. TURISMOS, HOTELES",0,Es verdad q es más q bello y q algunos no podemos disfrutar de ello pero al menos tenemos algo nuevo algo reciente algo q va a molestar a muchos países q avancemos. A pensar de no poder pasar ni un día hay al menos podemos visitar y conocer mediante las redes las cosas más recientes de nuestro país.,cu,0,0,0,0,0,3,0,0,0,ser verdad q ser más q bello y q alguno no poder disfrutar de él pero al menos tener algo nuevo algo reciente algo q ir a molestar a mucho país q avanc a pensar de no poder pasar ni uno día haber al menos poder visitar y conocer mediante el red el cosa más reciente de nuestro país
2a2700f7c9c5fcd388666818012b9fd1,"ECONOMÍA. TURISMOS, HOTELES",0,"De una u otra forma la corrupción es la fuente de estos ´´males´´, unas veces por ser la fuente que generan esas ´´deficienias´´ y otras, por que los responsables no sienten interés por evitarla. El que calla otorga. Ver un crimen en silencio es complicidad.",cu,0,0,0,0,0,1,0,0,0,de uno u otro forma el corrupción ser el fuente de este mal uno vez por ser el fuente que generar ese deficienia y otro por que el responsable no sentir interés por evitar él el que callar otorgar ver uno crimen en silencio ser complicidad
17ac8f119018a48381a48d3954852836,"ECONOMÍA. TURISMOS, HOTELES",0,"Magníficas las imágenes, dejan ver la majestuosidad de este Hotel, Felicidades.",cu,0,0,0,0,0,0,0,0,0,magnífico el imagen dejar ver el majestuosidad de este hotel felicidad
84aecf37cca365529af6133b202c1f6b,"ECONOMÍA. TURISMOS, HOTELES",0,?Es asi exporta necesidades revolucionarias e importa necesidades de consumo.,cu,0,1,0,0,0,0,0,0,0,ser asi exportar necesidad revolucionario e importar necesidad de consumo
df6c2b41da36ce5d1f42a43e52de2c62,"ECONOMÍA. TURISMOS, HOTELES",0,?Felicidades a esos trabajadores. Pero cuando yo con mi salario podre ir a uno de esos hoteles.?? Qué lindo se ve todo en las fotos. Espero algún día poder disfrutar de eso al igual que los que no viven en Cuba.,cu,0,3,0,0,0,1,0,0,0,felicidad a ese trabajador pero cuando yo con mi salario podre ir a uno de ese hotel qué lindo él ver todo en el foto esperar alguno día poder disfrutar de ese al igual que el que no vivir en cuba
f59acba54b67c4da8c2901198d6bc970,"ECONOMÍA. TURISMOS, HOTELES",0,"?.. excelentes vistas, estamos a nivel de primier mundo, lástima que no todos podamos experimentar este tipo de placer.., nosotros los de a pie",cu,0,1,0,0,0,1,0,0,0,excelente vista estar a nivel de primier mundo lástima que no todo poder experimentar este tipo de placer yo el de a pie
f0dc8e3d8f53ec2267b082915f98f3fc,"ECONOMÍA. TURISMOS, HOTELES",0,"Hay colectivos muy buenos en Flora y Fauna, y son trabajadores que cumplen a pesar de tener posiblemente los salarios mas bajos del pais. Eso me consta. Son trabajadores con sentido de pertenencia y amor a su Comandante Guillermo.",cu,0,0,0,0,0,0,0,0,0,haber colectivo mucho buen en flora y fauna y ser trabajador que cumplir a pesar de tener posiblemente el salario mas bajo del pais ese yo constar ser trabajador con sentido de pertenencia y amor a su comandante guillermo
aee13716f49d0715912ff658d4d33f6f,"ECONOMÍA. TURISMOS, HOTELES",0,"La contraloria hace la inspección pero esos organismo auditados que tan mal andan tienen un equipo de inspectores, auditores, directores y mil economistas para que entre otras cosas con: Donde están los directivos de esas grandes empresas como cubanacan, etc.?",cu,0,1,0,0,0,0,0,0,0,el contraloria hacer el inspección pero ese organismo auditado que tanto mal andar tener uno equipo de inspector auditor director y mil economista para que entre otro cosa con donde estar el directivo de ese grande empresa como cubanacar etc
661b1839c67175bcc5d744643e4a3bcc,"ECONOMÍA. TURISMOS, HOTELES",0,"Rebelde has dicho solo la verdad tristemente es así, quisiera ver el comentario de Oro que opina respecto a esto.",cu,0,0,0,0,0,0,0,0,0,rebelde haber decir solo el verdad tristemente ser así querer ver el comentario de oro que opinar respecto a este
32d75caeec8cfa3ee2752bdc772499fd,"ECONOMÍA. TURISMOS, HOTELES",0,Los unicos detenidos son los servicios que se suponia debian brindar esas empresas y sus trabajadores que solo ellos pueden decir que afectacion salarial tienen.,cu,0,0,0,0,0,0,0,0,0,el unico detenido ser el servicio que él suponiar debiar brindar ese empresa y su trabajador que solo él poder decir que afectacion salarial tener
e22ac1c627033f8191e8c677fd68588e,"ECONOMÍA. TURISMOS, HOTELES",0,"Muchas felicitacion por haber completado esa magna obra, de casi un millar de habitaciones. Con un calculo de bodeguero creo que puede dar, solo en el alquiler de habitaciones mas de 40 millones de USD anuales al pais.",cu,0,0,1,0,0,0,0,0,0,mucho felicitacion por haber completar ese magna obra de casi uno millar de habitación con uno calculo de bodeguero creer que poder dar solo en el alquiler de habitación mas de 40 millón de usd anual al pais
ce14f210e3190938eda096db8cf7f8d3,"ECONOMÍA. TURISMOS, HOTELES",0,"Es un bello hotel, con un excelente colectivo, no tengo dudas de que será orgullo para nuestro turismo.",cu,0,0,0,0,0,1,0,0,0,ser uno bello hotel con uno excelente colectivo no tener duda de que ser orgullo para nuestro turismo
00aef16d1ace32ab4161a736f77db16f,"ECONOMÍA. TURISMOS, HOTELES",0,Ay mamá! Se empieza a develar lo que está debajo de la punta del iceberg! Gracias Cubano 100%.,cu,2,0,0,0,0,0,0,0,0,ay mamá él empezar a develar él que estar debajo de el punta del iceberg gracias cubano 100
7a94e01eb7769d1f98436ae3fcbb65b2,"ECONOMÍA. TURISMOS, HOTELES",0,"?Bueno, y en Las Tunas con playas tan o mejores ¿cuándo van a hacer paraisos?",cu,0,3,0,0,0,0,0,0,0,bueno y en el tuna con playa tanto o mejor cuándo ir a hacer paraiso
84af4e5fe831ce0617009f94c5755bc1,"ECONOMÍA. TURISMOS, HOTELES",0,Concho Aníbal con un tema tan polémico e importante tu te preocupas por la ortografia,cu,0,0,0,0,0,0,0,0,0,concho aníbal con uno tema tanto polémico e importante tu tú preocupar por el ortografia
876bb10ca29faa1c682e4545573a3c31,"ECONOMÍA. TURISMOS, HOTELES",0,"Como van a poner eso en la mesa redonda, si sale por cubavisión internacional",cu,0,0,0,0,0,0,0,0,0,como ir a poner ese en el mesa redondo si salir por cubavisión internacional
c797173a9b4fb5ec4470e00239293ae3,"ECONOMÍA. TURISMOS, HOTELES",0,"Ahora q el presidente y los ministro tienen twiter , favor si alguien le pudiera poner el vinculo de este articulo al presidente Dias C y varios de los ministros , Gracias al Profe Triana por regalarnos estos tratados de tanto valor , lo mejor para el año 2019",cu,0,0,0,0,0,0,0,0,0,ahora q el presidente y el ministro tener twiter favor si alguien él poder poner el vinculo de este articulo al presidente dias c y varios de el ministro gracias al profe trián por regalarno este tratado de tanto valor él mejor para el año 2019
d012936e990b9f09fbd101b6eedb0a97,"ECONOMÍA. TURISMOS, HOTELES",0,"Cuando el bienestar de la empresa es igual al del trabajador, cuando dirije entre los obreros el más capaz, y gana más por ello, entonces hay control de los recursos, para el bienestar colectivo y no de unos pocos. Donde la honestidad ha dado paso a la incapacidad aflora la corrupción.",cu,0,0,0,0,0,1,0,0,0,cuando el bienestar de el empresa ser igual al del trabajador cuando dirije entre el obrero el más capaz y ganar más por él entonces haber control de el recurso para el bienestar colectivo y no de uno poco donde el honestidad haber dar paso a el incapacidad aflorar el corrupción
70043a96596df27e58a6414add5733a1,"ECONOMÍA. TURISMOS, HOTELES",0,Bello esperemos que lo cuiden como la obra de arte que es. Las fachadas quedaron impecables. Derroche de buen gusto.,cu,0,0,0,0,0,0,0,0,0,bello esperar que él cuidir como el obra de arte que ser el fachada quedar impecable derroche de buen gusto
2673f41cbabf55643cfd2ea5f22f97da,"ECONOMÍA. TURISMOS, HOTELES",0,"?Ese salario y más (ese seria el minimo) Aries69 y demas, lo ganan en la ZEDM hoy, asi que si ahorran, posiblemente si puedan unos cuantos de allí ir descansadamente, si no tienen otras prioridades en su vida.",cu,0,1,1,0,0,1,0,0,0,ese salario y más ese serio el minimo aries69 y dema él ganar en el zedm hoy asi que si ahorran posiblemente si poder uno cuanto de allí ir descansadamente si no tener otro prioridad en su vida
e31ef1123b0da89b123d6d49fc08f159,"ECONOMÍA. TURISMOS, HOTELES",0,Diste en clavo . Pero es un tema muy espinoso que mucha gente no quiere ni tocar . Pero por ahí está la cosa !!,cu,2,0,0,0,0,2,0,0,0,distir en clavo pero ser uno tema mucho espinoso que mucho gente no querer ni tocar pero por ahí estar el cosa
f73e52dd564b162fa18ba08a8045b137,"ECONOMÍA. TURISMOS, HOTELES",0,"?Usted habla como si ir a ese hotel fuera un derecho, eso es un lujo que pocas personas en este pais se puden dar, asi que no se queje más y aprenda a apreciar lo que ud tiene, así vivirá mejor.",cu,0,1,0,0,0,1,0,0,0,usted hablar como si ir a ese hotel ser uno derecho ese ser uno lujo que poco persona en este pais él pudar dar asi que no él quejar más y aprenda a apreciar él que ud tener así vivir mejor
63b90576dbff3a7bedc6e0b7ac82d243,"ECONOMÍA. TURISMOS, HOTELES",0,Totalmente de acuerdo contigo,cu,0,0,0,0,0,0,0,0,0,totalmente de acuerdo tú
bc68e16e2376c37c26276c4dde3f8b45,"ECONOMÍA. TURISMOS, HOTELES",0,Ojala que tomen nota de lo que denuncias. Yo mas bien creo que no lo haran y todo seguira igual.,cu,0,0,0,0,0,1,0,0,0,ojala que tomar nota de él que denunciar yo mas bien creer que no él harar y todo seguirar igual
d67649efebeb29ada891a4eb63e9ef25,"ECONOMÍA. TURISMOS, HOTELES",0,Y dónde están los culpables?? Qué sanciones se aplicaron???,cu,0,5,0,0,0,0,1,0,0,y dónde estar el culpable qué sanción él aplicar
5c4435fb4d2af8b5274cdbca9e2d6047,"ECONOMÍA. TURISMOS, HOTELES",0,Esta muy lindo,cu,0,0,0,0,0,0,0,0,0,este mucho lindo
cc66ada872c28adbe7927c7164631133,"ECONOMÍA. TURISMOS, HOTELES",0,MANTENER LA CALIDAD DE UN HOTEL DE ESTA CATEGORIA ES TITANICO EN CUBA. NO SE PUEDE VENDER UN 5 ESTRELLAS PLUS Y LUEGO VENDER MOJITOS CON LIMON DE CAJA A 6 CUC,cu,0,0,18,0,0,1,0,0,0,mantener el calidad de uno hotel de este categoria ser titanico en cuba no él poder vender uno 5 estrella plus y luego vender mojito con limon de caja a 6 cuc
08a8adb745177a5c6971af57324f72e8,"ECONOMÍA. TURISMOS, HOTELES",0,"Que lindo Hotel, siempre vacia la Piscina, los Restaurantes, ¿Donde estan los turistas?. En la playa el lugar turistico de los Cubanos de a pie, no se puede dar un paso esta llena la playa, asi como los campismos Moneda nacional.",cu,0,2,0,0,0,1,0,0,0,que lindo hotel siempre vaciar el piscina el restaurante donde estar el turista en el playa el lugar turistico de el cubano de a pie no él poder dar uno paso este lleno el playa asi como el campismos moneda nacional
320c68bafa04f59683c4ad0a42238211,"ECONOMÍA. TURISMOS, HOTELES",0,"Magnifico hotel, lo visité ayer con un buen colectivo de direcccion. Hay que destacar como han trabajado constructores, inversionistas, trabajadores del hotel y todo el que de una forma u otra ha hecho posible esta belleza en la tercera mejor playa del mundo.
Felicidades",cu,0,0,0,0,0,0,1,0,0,magnifico hotel él visité ayer con uno buen colectivo de direccion haber que destacar como haber trabajar constructor inversionista trabajador del hotel y todo el que de uno forma u otro haber hacer posible este belleza en el tercero mejor playa del mundo felicidad
74fbf48fd04c5249c29c77aa912dbf27,"ECONOMÍA. TURISMOS, HOTELES",0,"Muy bonito y lujoso todo,pero ese majestuoso hotel no es para nosotros los cubanos,lo de nosotros es construirlo para que vengan otros de afuera a disfrutar de lo nuestro ya que con nuestro salario de un mes no nos alcanzará ni tan siquiera para pasar una hora en el",cu,0,0,0,0,0,3,0,0,0,mucho bonito y lujoso todo pero ese majestuoso hotel no ser para yo el cubano él de yo ser construir él para que venir otro de afuera a disfrutar de él nuestro ya que con nuestro salario de uno mes no yo alcanzar ni tan siquiera para pasar uno hora en el
e884573ffa8df3e6be7f3de5f740bf91,"ECONOMÍA. TURISMOS, HOTELES",0,"?Más que felicidad, lo que siento es nostalgia y dolor, porque se que como Cubana trabajadora nunca podre llevar a mis sobrinos a ese lugar, con que?. Y mira que hay lugares bellos en nuestra Cuba, pero inalcanzables para aquellos que vivimos de un salario",cu,0,2,0,0,0,1,0,0,0,más que felicidad él que sentir ser nostalgia y dolor porque él que como cubana trabajador nunca podre llevar a mi sobrino a ese lugar con que y mirar que haber lugar bello en nuestro cuba pero inalcanzable para aquel que vivir de uno salario
16c060ca0d9e93a97ba7de6f8261d87a,"ECONOMÍA. TURISMOS, HOTELES",0,"El ojo del huracán está en el cubaneo como dice aquel dicho,que nunca fue un elogio si no todo lo contrario, en Cuba el que tiene un amigo tiene un central",cu,0,0,0,0,0,2,0,0,0,el ojo del huracán estar en el cubaneo como decir aquel dicho que nunca ser uno elogio si no todo él contrario en cuba el que tener uno amigo tener uno central
3b6c7b8c9b3e4230af65eeb3240baff7,"ECONOMÍA. TURISMOS, HOTELES",0,Quedó precioso. Mis felicitaciones a todos los que intervinieron en la restauracion y el acondicionamiento. Cada vez que se rescata un pedazo de la historia hay que sentirse orgulloso.,cu,0,0,0,0,0,0,0,0,0,quedar precioso mi felicitación a todo el que intervenir en el restauracion y el acondicionamiento cada vez que él rescatar uno pedazo de el historia haber que sentir él orgulloso
832dab2edc6954d8160e9d31e5b01f26,"ECONOMÍA. TURISMOS, HOTELES",0,Los sectores de la economía cubana tienen que seguir el ejemplo de competitividad que ofrece el turismo en Cuba.,cu,0,0,0,0,0,0,0,0,0,el sector de el economía cubano tener que seguir el ejemplo de competitividad que ofrecer el turismo en cuba
bede051907f898c968e9758f56d44d19,"ECONOMÍA. TURISMOS, HOTELES",0,"COOOOOOOOOOOOOOOORREEEEECTO, SIN PALABRAS",cu,0,0,3,0,0,1,2,0,0,coorreecto sin palabra
ded63d7a7f6069bd0a5b6e54dde33de5,"ECONOMÍA. TURISMOS, HOTELES",0,QUEeeeeeeeeeee´´´´´´´´´´´´´´´´´´´´LINDO.,cu,0,0,1,0,0,0,2,0,0,queeir lindo
9cf0d5a2cb390e16278f896e21273f6e,"ECONOMÍA. TURISMOS, HOTELES",0,"Cubano100%, me puedes explicar en que idioma estas hablando, por favor? Si es español, te digo que no te cabe ni una falta de ortografia mas",cu,0,1,0,0,0,2,0,0,0,cubano100 yo poder explicar en que idiomir este hablar por favor si ser español tú decir que no tú caber ni uno falta de ortografia mas
0f83cef4eeb621c75573b7277850f188,"ECONOMÍA. TURISMOS, HOTELES",0,"que bueno y alguien sabe que paso con las familias que vivian en ese lugar, por que recuerdo en la primera planta existian viviendas",cu,0,0,0,0,0,0,0,0,0,que bueno y alguien saber que pasar con el familia que viviar en ese lugar por que recordar en el primero planta existiar vivienda
e3f0e9563cbdbd1c03e36c0211802ef9,"ECONOMÍA. TURISMOS, HOTELES",0,"Oh Manzana de Gomez, Porque no le dejaron el nombre si es en Español y lo construyo un Español. No puede ser que el marketing insida en la cultura en ese pedazo de cultura centenaria.",cu,0,0,0,0,0,2,0,0,0,oh manzana de gomez porque no él dejar el nombre si ser en español y él construyo uno español no poder ser que el marketing insido en el cultura en ese pedazo de cultura centenario
bbde702402ffd36d24f4a064fd212b32,"ECONOMÍA. TURISMOS, HOTELES",0,Y por que tendrá como segundo nombre el Kempinski?,cu,0,1,0,0,0,0,0,0,0,y por que tener como segundo nombre el kempinski
2b1ac38f7a5b91ecf96d544961cd1261,"ECONOMÍA. TURISMOS, HOTELES",0,"Bello hotel, lastima que la inmensa mayoria de los cubanos nunca podremos disfrutar de instalaciones de ese tipo, pero muy bien para el desarrollo del turismo cubano que espero siga creciendo.",cu,0,0,0,0,0,1,0,0,0,bello hotel lastimo que el inmenso mayorio de el cubano nunca poder disfrutar de instalación de ese tipo pero mucho bien para el desarrollo del turismo cubano que esperar siga crecer
1c5f75ef8b6b5281a18afd84af546b80,"ECONOMÍA. TURISMOS, HOTELES",0,"como siempre ningun producto de este tipo (alta gama) no se le pubican los precios ni los valores que se alcansan en las subastas de los habanos, digan algo al respecto para los que no conocen la otra cuba (la capital)",cu,0,0,0,0,0,4,0,0,0,como siempre ningun producto de este tipo alto gama no él él pubicar el precio ni el valor que él alcansar en el subasta de el habano decir algo al respecto para el que no conocer el otro cuba el capital
bb8d00a02eb58fcfcc06a71045645c4d,"ECONOMÍA. TURISMOS, HOTELES",0,"?y usted me puede decir a cual se puede ir con el salario, no le pido hotel 5 estrellas, digame alguno 4,3,2,1,0 estrellas.",cu,0,1,0,0,0,1,0,0,0,y usted yo poder decir a cual él poder ir con el salario no él pedir hotel 5 estrella digamar alguno 4 3 2 1 0 estrella
81861d40037dd26b442df7a921e58713,"ECONOMÍA. TURISMOS, HOTELES",0,"OK,,, tiene ud mucha razón en todo lo que refiere,, estoy contigo",cu,0,0,0,0,0,0,1,0,0,ok tener ud mucho razón en todo él que referir estar tú
54c32f7b3a5c9f1167801fdd0decf03d,"ECONOMÍA. TURISMOS, HOTELES",0,"?Esta si es la verdadera calidad de vida a que deberiamos aspirar una semana al año, lo demás es pura politiqueria barata",cu,0,1,0,0,0,0,0,0,0,este si ser el verdadero calidad de vida a que deberiam tú aspirar uno semana al año él demá ser puro politiqueria barato
01061a912cb8fbff957335514d4da3de,"ECONOMÍA. TURISMOS, HOTELES",0,contento de que rescaten una obra tan bella; pero otro lugar mas al que los cubanos trabajadores y sumamente profesionales no podrán disfrutar de unas buenas vacaciones merecidas.,cu,0,0,0,0,0,1,0,0,0,contento de que rescatir uno obra tanto bello pero otro lugar mas al que el cubano trabajador y sumamente profesional no poder disfrutar de uno buena vacación merecido
90eaf9d7f3afb819f9812fc1b9e187c6,"ECONOMÍA. TURISMOS, HOTELES",0,"Jorge, en realidad el número es mucho más inferior a los 11MM de cubanos como tamaño del mercado ya que a esa sidra hay que quitar a todo el que no tenga una capacidad real adquisitiva que puede quedar.en menos del 50%",cu,0,0,0,0,0,1,0,0,0,jorge en realidad el número ser mucho más inferior a el 11 mm de cubano como tamaño del mercado ya que a ese sidra haber que quitar a todo el que no tener uno capacidad real adquisitivo que poder quedar en menos del 50
efe41a0b795a9a53f97c4a30c41d89f7,"ECONOMÍA. TURISMOS, HOTELES",0,"Lastima que no hablan de sifras monetarias, en cuanto al cambio de Gomez por Kempinski me imagino que deben haber hecho una buena inyección de dinero los dueños de esta empresa",cu,0,0,0,0,0,1,0,0,0,lastimo que no hablar de sifra monetario en cuanto al cambio de gomez por kempinski yo imagino que deber haber hacer uno buen inyección de dinero el dueño de este empresa
a3efc0f4c7cd1bde81df3c43b7e789df,"ECONOMÍA. TURISMOS, HOTELES",0,Kempinski es un importante grupo europeo de hoteles de lujo,cu,0,0,0,0,0,0,0,0,0,kempinski ser uno importante grupo europeo de hotel de lujo
9d1b1e4d91cf12f793f0e626a0640c30,"ECONOMÍA. TURISMOS, HOTELES",0,"Fueron muchos meses de arduo esfuerzo para los trabajadores de la ECOT UCM, y al fin despues de tantos meses se reabrira otra vez. Quedo bello e implacable al tiempo. Otra obra arquitectonica que se recupera.",cu,0,0,2,0,0,0,0,0,0,ser mucho mes de arduo esfuerzo para el trabajador de el ecot ucm y al fin despu de tanto mes él reabrirar otro vez quedar bello e implacable al tiempo otro obra arquitectonico que él recuperar
f32f4dbd94d4255eca621694b760a630,"ECONOMÍA. TURISMOS, HOTELES",0,"?Gran Hotel de excelencia en sus servicios y productos. Lástima que tantos años triunfando precisamente por el ímpetu de su staff , éstos últimos no hayan sido remunerados acorde a su valor y entrega en los servicios.",cu,0,1,0,0,0,1,0,0,0,gran hotel de excelencia en su servicio y producto lástimo que tanto año triunfar precisamente por el ímpetu de su staff este último no haber ser remunerar acorde a su valor y entregar en el servicio
060cdc0d97e7d42e51df936a0a377afe,"ECONOMÍA. TURISMOS, HOTELES",0,"Con la gloria se olvidan las memorias, esa sera sera siempre La Manzana de Gomez, aunque se hayamos vendido a Kempinsky es y seguira siendo La manzana de Gomez!",cu,1,0,0,0,0,0,0,0,0,con el gloria él olvidar el memoria ese sera sera siempre el manzana de gomez aunque él haber vender a kempinsky ser y seguirir ser el manzana de gomez
2ffb0ec768606301eab1c95be64b02c6,"ECONOMÍA. TURISMOS, HOTELES",0,Cuánto hay que ¨tributar¨ para poder degustarlo? hace varios años que nuestro Presidente llamó a desterrar el secretismo de los medios de información/difusión y todavía algunos se creen dueños de la información y exonerados de cumplir con su deber elemental.,cu,0,1,0,0,0,0,0,0,0,cuánto haber que tributar para poder degustar él hacer varios año que nuestro presidente llamar a desterrar el secretismo de el medio de información difusión y todavía alguno él creer dueño de el información y exonerado de cumplir con su deber elemental
e83a6a525b0cbce9c1bf309c2dd42515,"ECONOMÍA. TURISMOS, HOTELES",0,"Sin dudas un paraíso, pero no accesible a un simple trabjador cubano, ni uno solo de los trabajadores cubanos puede acceder a estos hoteles a no ser que un familiar en el extranjero le envíe remesas, triste la vida de un obrero en Cuba",cu,0,0,0,0,0,4,0,0,0,sin duda uno paraíso pero no accesible a uno simple trabjador cubano ni uno solo de el trabajador cubano poder acceder a este hotel a no ser que uno familiar en el extranjero él enviar remesa triste el vida de uno obrero en cuba
67a507ded052cebdb6239da019b39213,"ECONOMÍA. TURISMOS, HOTELES",0,"?todo muy bellooooo en ese hotel, pero qué pena solo para verlo en las fotos..Soy profesional y trabajo pero no puedo acceder a sus precios",cu,0,1,0,0,0,1,1,0,0,todo mucho belloo en ese hotel pero qué pena solo para ver él en el foto ser profesional y trabajo pero no poder acceder a su precio
57bd39f320a7da1605b06e9371674a30,"ECONOMÍA. TURISMOS, HOTELES",0,Las fotos publicadas dan fe de la belleza de esa instalación. Sin dudas un majestuoso hotel que se suma a las diversas ofertas del turismo en el polo de Varadero.,cu,0,0,0,0,0,1,0,0,0,el foto publicado dar fe de el belleza de ese instalación sin duda uno majestuoso hotel que él sumar a el diverso oferta del turismo en el polo de varadero
99817cac3fd646e68421841a2da30c63,"ECONOMÍA. TURISMOS, HOTELES",0,"?Yo estoy convencida que nunca podre ir y mis hijas que son maestras las dos, le alcanzara el salario para ir algún día?",cu,0,2,0,0,0,1,0,0,0,yo estar convencido que nunca podrir ir y mi hija que ser maestro el dos él alcanzar el salario para ir alguno día
3b54b205dbfcc6dc8c9fc963673c0907,"ECONOMÍA. TURISMOS, HOTELES",0,Ojalá querido osmany ya les recomendé q lo hagan por video conferencia si total todos levantan los brazos y estoy seguro q algunos tienen otros criterios pero tienen miedo por la cacería de brujas xq somos así no nos gusta q nos critiquen y menos a ese nivel pero ojalá ojalá,cu,0,0,0,0,0,1,0,0,0,ojalá querer osmany ya él recomender q él hacer por video conferencia si total todo levantar el brazo y estar seguro q alguno tener otro criterio pero tener miedo por el cacería de bruja xq ser así no yo gustar q yo criticar y menos a ese nivel pero ojalá ojalá
08cdc1946e738a5ac240129eaa7910ad,"ECONOMÍA. TURISMOS, HOTELES",0,La Habana lo MAS GRANDE,cu,0,0,2,0,0,0,0,0,0,el habana él mas grande
44acc3ac25017b28c4dba94361983ae1,"ECONOMÍA. TURISMOS, HOTELES",0,"!El cubano como siempre con sus criticas, si no puede ir porque su salario no le alcanza pues vaya a otro mas barato y ya!",cu,2,0,0,0,0,2,0,0,0,el cubano como siempre con su critica si no poder ir porque su salario no él alcanzar pues ir a otro mas barato y ya
5a59452da4915e53d04ce74c046b11d1,"ECONOMÍA. TURISMOS, HOTELES",0,"Y para que publican estas noticias si yo, un cubano trabajador del estado consagrado con mi salario no puedo ni podré nunca disfrutar de esos lujos ni de esas estrellas?",cu,0,1,0,0,0,4,0,0,0,y para que publicir este noticia si yo uno cubano trabajador del estado consagrado con mi salario no poder ni poder nunca disfrutar de ese lujo ni de ese estrella
6d49df0e1c59df4721b1302d4ccf0e7e,"ECONOMÍA. TURISMOS, HOTELES",0,"Enhorabuena la apertura del Hotel Internacional, perteneciente al Grupo Hotelero Gran Caribe.",cu,0,0,0,0,0,0,0,0,0,enhorabuena el apertura del hotel internacional perteneciente al grupo hotelero gran caribe
55a84334c518c85bc4845ed3d9341634,"ECONOMÍA. TURISMOS, HOTELES",0,!Cuando se quiere se puede!,cu,2,0,0,0,0,0,0,0,0,cuando él querer él poder
7c4aa97d7668c9dd712b884823547a3b,"ECONOMÍA. TURISMOS, HOTELES",0,quien lo va administrar?,cu,0,1,0,0,0,0,0,0,0,quien él ir administrar
1c59db9a5d3300deabc5e8acbab68dcc,"ECONOMÍA. TURISMOS, HOTELES",0,"Amigo mío sus palabras son más que SABÍAS tiene Usted toda la RAZÓN en todo lo que dice, ojalá y hubiera en nuestro País personas que pensaran y se expresaran como Usted. Lo felicito con toda sinceridad. Gracias",cu,0,0,2,0,0,0,0,0,0,amigo mío su palabra ser más que sabía tener usted todo el razón en todo él que decir ojalá y haber en nuestro país persona que pensar y él expresarar como usted él felicito con todo sinceridad gracia
75ca660b83400520bc2ca8b4419b1c4a,"ECONOMÍA. TURISMOS, HOTELES",0,No se cual es la novedad ya qué ese ron se estaba comercializando hace tiempo no entiendo como dicen que acaban de lanzarlo al mercado,cu,0,0,0,0,0,2,0,0,0,no él cual ser el novedad ya qué ese ron él estar comercializar hacer tiempo no entender como decir que acabar de lanzar él al mercado
6aace961080e6c30e48df730faf20ddf,"ECONOMÍA. TURISMOS, HOTELES",0,"Exelente q se realicen hoteles con estás características y q se invierta en la recuperación de
los demás así podemos ser +competitivos y exitosos. Raúl .",cu,0,0,0,0,0,0,0,0,0,exelente q él realizar hotel con está característica y q él invertir en el recuperación de el demá así poder ser competitivo y exitosos raúl
3fe082c3d8bbab2b1ce43d0555ccefc7,"ECONOMÍA. TURISMOS, HOTELES",0,"?Opino que mostrarlas no es lo incorrecto, porque por lo menos a mi me sorprende y interesa conocer de los lugares hermosos que tiene mi País, donde nací,ocultarlos no es la solucion,solo espero poder como Ing. visitarlos en algún momento.",cu,0,1,0,0,0,2,0,0,0,opino que mostrarla no ser él incorrecto porque por él menos a mi yo sorprender y interés conocer de el lugar hermoso que tener mi país donde nací ocultar él no ser el solucion solo esperar poder como ing visitarlo en alguno momento
326ec3869b160986b0d09c8b5b742884,"ECONOMÍA. TURISMOS, HOTELES",0,"?Que bien , muy bonito, lastima que el 90% de la poblacion no conosca lugares como estos, es mas me atrevo a decir que si hacen encuesta, señores esto no es Cuba Saludos",cu,0,1,0,0,0,2,0,0,0,que bien mucho bonito lastimo que el 90 de el poblacion no conoscar lugar como este ser mas yo atrevir a decir que si hacer encuesta señor este no ser cuba saludo
ed3ef29c3b9659efc9b21fc59d7b5fcc,"ECONOMÍA. TURISMOS, HOTELES",0,"BUena competencia para los demás hoteles de la zonay la Habna cada vez se pone mejor.
Ya deben ir pensando en construir un Parqueo elevado de varias plantas, pues ya no hay (ni tampoco se puede) quien parquee en los alrededores de esta zona. ",cu,0,0,0,0,0,3,0,0,0,buen competencia para el demás hotel de el zona y el habna cada vez él poner mejor ya deber ir pensar en construir uno parqueo elevado de varios planta pues ya no haber ni tampoco él poder quien parqueir en el alrededor de este zona
03cac6219cc16ce83317bc4005a90c85,"ECONOMÍA. TURISMOS, HOTELES",0,"?A ud. le corresponde ir a una base de campismo, tiene más opciones donde escoger.",cu,0,1,0,0,0,0,0,0,0,a ud él corresponder ir a uno base de campismo tener más opción donde escoger
d6a71e6d28621a03c8f7716c57a6cba0,"ECONOMÍA. TURISMOS, HOTELES",0,"?Felicidades , seguimos avanzando y con una mirada al futuro , gracias a los constructores de tan hermosa obra.",cu,0,1,0,0,0,0,0,0,0,felicidad seguir avanzar y con uno mirada al futuro gracias a el constructor de tanto hermoso obra
9b72a929f7f0b4df6cf01a37504e3176,"ECONOMÍA. TURISMOS, HOTELES",0,"¡Hermosísimo! Felicitaciones y agradecimiento a todos los que lograron esta bella obra de arte. Por favor, disculpen mi ignorancia, ¿por qué Kempinski? Gracias.",cu,2,2,0,0,0,0,0,0,0,hermosísimo felicitación y agradecimiento a todo el que lograr este bello obra de arte por favor disculpar mi ignorancia por qué kempinski gracia
8c01d7a1d701a0fd9422571f59176616,"ECONOMÍA. TURISMOS, HOTELES",0,"?Es cierto q no todos pueden ir a esos hoteles, pero creo q personal d excelencia como medicos ingenieros profesores universitarios q se suponen q puedan pagarpero lamentablemente ni ellos x si solo pueden, o tienen q esperar el dinero d la mision o q un familiar d afuera lo invite.¿?",cu,0,3,0,0,0,2,0,0,0,ser cierto q no todo poder ir a ese hotel pero creer q personal d excelencia como medico ingeniero profesor universitario q él suponer q poder pagar pero lamentablemente ni él x si solo poder o tener q esperar el dinero d el mision o q uno familiar d afuero él invitar
175517aa55040ffc8f09551e2229507b,"ECONOMÍA. TURISMOS, HOTELES",0,?Gracias Cubadebate en nombre del equipo de proyectos de la Emproy de Villa Clara por mostrarnos fotos nocturnas del hotel al que hemos dedicado casi dos años de nuestras vidas.,cu,0,1,0,0,0,0,0,0,0,gracias cubadebate en nombre del equipo de proyecto de el emproy de villa claro por mostrarno foto nocturno del hotel al que haber dedicar casi dos año de nuestro vida
7b7ec521724aec487a5ba1ee3c95f45c,"ECONOMÍA. TURISMOS, HOTELES",0,"Este es el mismo añejo de 7.90 CUC en una botella más linda y con mejor presentación, limitado a una cantidad de botellas para venderlo aún más caro.",cu,0,0,1,0,0,0,0,0,0,este ser el mismo añejo de 7 90 cuc en uno botella más lindo y con mejor presentación limitado a uno cantidad de botella para vender él aún más caro
9f2f2ab1eb25176eccd04c1b1d4d415a,"ECONOMÍA. TURISMOS, HOTELES",0,¿cuanto costara una de estas botellas?,cu,0,2,0,0,0,0,0,0,0,cuanto costar uno de este botella
a229249b4d03dea4d52cf4aa8a8e8fe2,"ECONOMÍA. TURISMOS, HOTELES",0," NO ENTIENDO COMO USTED, PONIÉNDOLO TAN FÁCIL AQUÍ, ESTOS TIPOS SE DEN LA LIJA QUE SE DAN, COMO SI LA VIDA DE UNO EN VEZ DE 100 FUERA DE 200 AÑOS. LE RONCA.",cu,0,0,20,0,0,1,0,0,0,no entender como usted poner él tanto fácil aquí este tipo él dar el lija que él dar como si el vida de uno en vez de 100 fuera de 200 año él roncar
7312d8bf5ee265a1f93ce88b580c670a,"ECONOMÍA. TURISMOS, HOTELES",0,"Por eso es que no avanzamos, hay que seguir supervisando de cerca todas las empresas, manos duras al ladrón, lo ajeno se deja quieto, hasta las cuantas.",cu,0,0,0,0,0,1,0,0,0,por ese ser que no avanzar haber que seguir supervisar de cerca todo el empresa mano duro al ladrón él ajeno él dejar quieto hasta el cuanta
fa53273704cae45b9b24ad14d3dc0763,"ECONOMÍA. TURISMOS, HOTELES",0,?Tienes que irte de Cuba para poder disfrutarla. Esa es la triste realidad..,cu,0,1,0,0,0,0,0,0,0,tener que irte de cuba para poder disfrutar él ese ser el triste realidad
4628862631f6de8ce9bd3279f301d889,"ECONOMÍA. TURISMOS, HOTELES",0,"Si el Isla del Tesoro vale 650 CUC, este, unos 900 o más",cu,0,0,1,0,0,0,0,0,0,si el isla del tesoro valer 650 cuc este uno 900 o más
e0cd1571b6adc2a2a28503c5af0b6b2f,"ECONOMÍA. TURISMOS, HOTELES",0,"?Que bien, al paracer el hotel esta de lo mejor. Pero me pregunto, los cubanos que trabajamos con el gobierno, que vivimos de ese salario, podemos ir aunque sea un fin de semana a desconectar y eliminar el stress del trabajo.      Saludos",cu,0,1,0,0,0,0,1,0,0,que bien al paracer el hotel este de él mejor pero yo preguntar el cubano que trabajar con el gobierno que vivir de ese salario poder ir aunque ser uno fin de semana a desconectar y eliminar el stress del trabajo saludo
261dab2785439faf5ee4799c96305e4d,"ECONOMÍA. TURISMOS, HOTELES",0,"Ayer mismo en la mesa redonda el ministro del MINTUR relaciono un conjunto de mentiras que en ningun lugar, ni nadie lo va a cuestionar, pero lo mismo lo observamos con el ministro de la Agricultura, de Educación Superior, MINCIN, MICONS, etc. ",cu,0,0,3,0,0,3,0,0,0,ayer mismo en el mesa redondo el ministro del mintur relacionar uno conjunto de mentira que en ningun lugar ni nadie él ir a cuestionar pero él mismo él observar con el ministro de el agricultura de educación superior mincin micons etc
6fc092f7de3410d0321a8ff7dcbcc3cd,"ECONOMÍA. TURISMOS, HOTELES",0,Alguien q pueda decir su precio..? Gracias!!,cu,2,1,0,0,0,0,0,0,0,alguien q poder decir su precio gracia
4abb73749e9af62611ad6cc4ee826a9f,"ECONOMÍA. TURISMOS, HOTELES",0,"La pregunta que nos hacemos todos.
HASTA CUANDO? ",cu,0,1,2,0,0,0,0,0,0,el pregunta que yo hacer todo hasta cuando
f85c80076d4e464c30f07fb08d817cfe,"ECONOMÍA. TURISMOS, HOTELES",0,"jajaja, amigo, Oro no entra a estos foros pq donde el vive el esta ajeno a esto.",cu,0,0,0,0,0,1,0,0,0,jajaja amigo oro no entrar a este foro pq donde el vivir el este ajeno a este
2db6666d2fb0f2bee92402540578e72a,"ECONOMÍA. TURISMOS, HOTELES",0,Que rico para pasar un fin de semana,cu,0,0,0,0,0,0,0,0,0,que rico para pasar uno fin de semana
05c85d143211603f1aa43ac04e0451c2,"ECONOMÍA. TURISMOS, HOTELES",0,"?y a ese tipo de hoteles es que nosotros, los cubanos de 500 pesos de salario, no podemos ir   Qué triste es nuestra realidad",cu,0,1,0,0,0,1,1,0,0,y a ese tipo de hotel ser que yo el cubano de 500 pesos de salario no poder ir qué triste ser nuestro realidad
c32597c57899319efa185d19512ed4af,"ECONOMÍA. TURISMOS, HOTELES",0,"Pero, Mago, qué edad tú tienes, antes del 59 la mayoría del pueblo estaba en tiempo muerto la mitad del año, compraban fíaó, como se decía, les anotaban en una libreta y cuando conseguín trabajo le pagaban al bodeguero todo lo que ganaban y NO ROBABAN, NO ROBABAN. NADA JUSTIFICA EL ROBO",cu,0,0,5,0,0,3,0,0,0,pero maguir qué edad tú tener antes del 59 el mayoría del pueblo estar en tiempo muerto el mitad del año comprar fíaó como él decir él anotar en uno libreta y cuando conseguín trabajo él pagar al bodeguero todo él que ganar y no robar no robar nada justificar el robo
6ebbd036be4ae9725f6813687cef71c4,"ECONOMÍA. TURISMOS, HOTELES",0,VIVA CUBA!!!!!!,cu,6,0,2,0,0,0,1,0,0,vivo cuba
027969ab02ab9aba7cfc88dded7e5957,"ECONOMÍA. TURISMOS, HOTELES",0,"Cuales son los ofertas por el 14 de febrero ,y cuál es la de menor precio.",cu,0,0,0,0,0,0,0,0,0,cual ser el oferta por el 14 de febrero y cuál ser el de menor precio
a1f706a0ec6b777932e0e6d7f64ee526,"ECONOMÍA. TURISMOS, HOTELES",0,"?Muchas felicidades a la gerencia y trabajadores del Royalton Hicacos Resort & Spa por haber obtenido tal galardon por segumda vez consecutiva. Ese esfuerzo y resultados es de la mayor importancia para Cuba, el Turismo es una de las locomotoras del desarrollo de la economia nacional.",cu,0,1,0,0,0,0,0,0,0,mucho felicidad a el gerencia y trabajador del royalton hicaco resort spa por haber obtener tal galardon por segumda vez consecutivo ese esfuerzo y resultado ser de el mayor importancia para cuba el turismo ser uno de el locomotora del desarrollo de el economia nacional
30b2e17401ef9cd9da530ba4bf21a105,"ECONOMÍA. TURISMOS, HOTELES",0,"Kempinski, porque es el nombre de la empresa que lo administrará",cu,0,0,0,0,0,0,0,0,0,kempinski porque ser el nombre de el empresa que él administrar
ef265822f23656707279fcf650ec659b,"ECONOMÍA. TURISMOS, HOTELES",0,Cuando se pague un salario justo al pueblo el pueblo dejara de robar automaticamente .Miren haber si em los años setenta habia tanto relajo como ahora .Denle comida al pueblo y un salario decente con qe comprarla pa qe vean como se acaba el relajito,cu,0,0,0,0,0,0,0,0,0,cuando él pagar uno salario justo al pueblo el pueblo dejar de robar automaticamente mirar haber si em el año setenta habia tanto relajo como ahora denlir comida al pueblo y uno salario decente con qe comprar él pa qe ver como él acabar el relajito
091ae849888d68a2da18fecbcf1afae2,"CIENCIA,  EDUCACIÓN, CULTURA",1,el aceite perdido en las tiendas.que sujerente este articulo.,cu,0,0,0,0,0,0,0,0,0,el aceite perdido en el tienda que sujerente este articulo
bc4c862d0330d8a5936e9116f6122403,"CIENCIA,  EDUCACIÓN, CULTURA",1,"Y no se preocupen tanto ni se estresen, hay alimentos más dañinos que otros, pero sigan comiendo aquello que al alcance de su mano tienen no vaya a ser que se mueran de inanición, jajajajjaja",cu,0,0,0,0,0,3,0,0,0,y no él preocupen tanto ni él estresen haber alimento más dañino que otro pero seguir comer aquel que al alcance de su mano tener no ir a ser que él morir de inanición jajajajjajo
a0a36cdf3bd2e7c5638e322185c17afc,"CIENCIA,  EDUCACIÓN, CULTURA",1,Me encanta el reguetón!!!!! Por mi pudiera desaparecer comon género musical.,cu,5,0,0,0,0,0,1,0,0,yo encantar el reguetón por mi poder desaparecer comon género musical
371435b99cfff4abc96c3bb0b3dd4411,"CIENCIA,  EDUCACIÓN, CULTURA",1,Jose a Diaz !gracias mi cielo por tu comentario! !te distes cuenta.no acaban de reconocer que se equivocaron y que eran soluciones !NO VALIDAS! las que arrojaba el problema y todavía existen superdotados que dicen llegar a un resultado correcto con una sola variable!,cu,6,0,1,0,0,2,0,0,0,jo él a diaz gracias mi cielo por tu comentario tú dist contar no acabar de reconocer que él equivocar y que ser solución no valida el que arrojar el problema y todavía existir superdotado que decir llegar a uno resultado correcto con uno solo variable
5a0ac0157ed4dc9e67487041c37b6d0e,"CIENCIA,  EDUCACIÓN, CULTURA",1,"Me gustaria leer el articulo completo de la BBC, quiza tambien diga que la harina es dañina y el casabe saludable",cu,0,0,1,0,0,0,0,0,0,yo gustariar leer el articulo completo de el bbc quizar tambien decir que el harina ser dañino y el casabe saludable
6daac75a63bc175005e1a3b98e07913b,"CIENCIA,  EDUCACIÓN, CULTURA",1,La culpa la maldita culpa no la tiene nadie,cu,0,0,0,0,0,2,0,0,0,el culpa el maldito culpa no él tener nadie
57053fb7da48a29c15a144ae9efaaf19,"CIENCIA,  EDUCACIÓN, CULTURA",1,¿Un nuevo face news gastronómico para embullarnos a desechar el aceite perdido de la shooping por otro más saludadble?,cu,0,2,0,0,0,0,0,0,0,uno nuevo face news gastronómico para embullar yo a desechar el aceite perdido de el shooping por otro más saludadble
12599ed007a9943bf75f7d150b48a37d,"CIENCIA,  EDUCACIÓN, CULTURA",1,"aHORA SI SE HACE POPULAR LA CANCIÓN DE BUENAFE EL PUERCO ES UN MAMIFERO NACIONAL Y SE VA A GANAR EL PREMIO DE LA POPULARIDAD Y TODOS VAMOS A TENER GRASAS DE PUERCO EN NUESTROS CUERPOS ,HASTA CUABNDO Y HASTA DONDE LA NOTICIA ES ASOMBROSA Y EL COLESTEROL MANDAO",cu,0,0,25,0,0,0,0,0,0,ahora si él hacer popular el canción de buenafe el puerco ser uno mamifero nacional y él ir a ganar el premio de el popularidad y todo ir a tener grasa de puerco en nuestro cuerpo hasta cuabndo y hasta donde el noticia ser asombroso y el colesterol mandao
ab4bd588873e5971ec6cbd8764b10902,"CIENCIA,  EDUCACIÓN, CULTURA",1,"Y OJOQUE EL OSMANY ES UN ABANDERADO DE LA CULTURA CUBANAPOR FAVOR BENNY, POLO, FORMELL, SILVIO, ADALBERTO,FRANK FERNANDEZ,JOSE MARIA VITIERETCQUITENSE DEL MEDIO, QUE LLEGO LA VOZ..???? cual voz??",cu,0,6,25,0,0,0,1,0,0,y ojo que el osmany ser uno abanderado de el cultura cubano por favor benny polo formell silvio adalberto frank fernandez jo él maria vitier etc quitensar del medio que llego el voz cual voz
1e498d0925a18a3cdcef0ff0b0fac01b,"CIENCIA,  EDUCACIÓN, CULTURA",1,"Jajaja, Gracias Juan Carlos, la letra habla por si sola, qué se está debatiendo ? Qué idioma es ese ? jejeje",cu,0,2,0,0,0,0,0,0,0,jajajar gracias juan carlos el letra hablar por si soler qué él estar debatir qué idiomir ser ese jejeje
fbb6a872629706ef9e1a5a4475cd40e2,"CIENCIA,  EDUCACIÓN, CULTURA",1,"Muy de acuerdo con usted, estimado DCAlessyAr. ¡Viva el puerco criollo! ¡Abajo la Porcofobia!",cu,4,0,0,0,0,0,0,0,0,mucho de acuerdo con usted estimado dcalessyar vivo el puerco criollo abajo el porcofobia
59cdb61d158abee91fa77ec285c5b504,"CIENCIA,  EDUCACIÓN, CULTURA",1,"Que cosa es esto !!!!!, una revolucion alimentaria.",cu,5,0,0,0,0,0,1,0,0,que cosa ser este uno revolucion alimentario
654ba7649eebab78676a640f4aa3e2c9,"CIENCIA,  EDUCACIÓN, CULTURA",1,Eso es!!! Ernesto yo también lo creo jajaja!!! Tienen que haberlo financiado los criadores de puercos jejeje!!!!Tal parece porque sino .,cu,10,0,0,0,0,1,3,0,0,ese ser ernesto yo también él creer jajaja tener que haber él financiar el criador de puerco jejejar tal parecer porque sino
1831d9096923a9d96ca70a40378c8cfd,"CIENCIA,  EDUCACIÓN, CULTURA",1,"el artículo debía ser escrito para que EL PUEBLO lo leyera y ENTENDIERA, porque después queda ese saborcito de que el gobierno se está metiendo con el género y sus artistas y moraleja, está censurando (ayyyy, la palabra prohibida). ",cu,0,0,2,0,0,0,1,0,0,el artículo deber ser escribir para que el pueblo él leyero y entendiero porque después quedar ese saborcito de que el gobierno él estar meter con el género y su artista y moraleja estar censurar ayy el palabra prohibido
1fc63b9dd4d6f977fd422e6aa037236c,"CIENCIA,  EDUCACIÓN, CULTURA",1,"¿Por qué los ministerios e instituciones nunca dan explicaciones completas ?  Que alguien del MES nos diga cuál, de las varias interpretaciones, es la interpretación del problema que era correcta, ¿cuál de todas no desmembró a un estudiante para devolver su parte fraccionaria ?",cu,0,4,1,0,0,2,0,0,0,por qué el ministerio e institución nunca dar explicación completo que alguien del mes yo decir cuál de el varios interpretación ser el interpretación del problema que ser correcto cuál de todo no desmembrar a uno estudiante para devolver su parte fraccionario
ddd2a75eee6fc9910bcb9769109b8ab7,"CIENCIA,  EDUCACIÓN, CULTURA",1,"a partir de ahora los estudiantes van a ir con traumas a las pruebas de ingreso, mejor que lleven 2 respuestas..jajajajajajajaja, o 5 pa que saque el jurado sus propias conclusiones.",cu,0,0,0,0,0,0,0,0,0,a partir de ahora el estudiante ir a ir con trauma a el prueba de ingreso mejor que llevar 2 respuesta jajajajajajajaja o 5 pa que sacar el jurado su propio conclusión
0d5b46736de138e8632a092b632e01b4,"CIENCIA,  EDUCACIÓN, CULTURA",1,"El REGUETÓN!!! Música?????? Si claro y los reguetoneros ""CANTANTES"" JAJAJAJ",cu,3,6,3,0,0,0,2,2,0,el reguetón músicar si clarir y el reguetonero cantante jajajaj
cbaa149edff6e86298d632fe29448d16,"CIENCIA,  EDUCACIÓN, CULTURA",1,"El PUERCO mamífero nacional VIVA CERDO que comen de todo como nosotros ,y que VIVA el colesterol,y se están distinguiendo como lo demás",cu,0,0,4,0,0,0,0,0,0,el puerco mamífero nacional viva cerdo que comar de todo como yo y que vivir el colesterol y él estar distinguir como él demá
1a2cf4b4651501b54ff7fbfb50785669,"CIENCIA,  EDUCACIÓN, CULTURA",1,seguro que en la prueba de español ponen SEMENTERIO,cu,0,0,1,0,0,0,0,0,0,seguro que en el prueba de español poner sementerio
53db31a005092be5652b9b52908c740d,"CIENCIA,  EDUCACIÓN, CULTURA",1,"¿Se redactó así por la comisión ? .. Que alguien del MES nos diga por qué si los muchachos dedican meses en su preparación, la comisión no puede dedicarle 5 minutos a resolver los problemas que crean y darse cuenta de que está mal enfocado ¿O es que se mal enfocó a exprofeso ?",cu,0,4,1,0,0,1,0,0,0,él redactar así por el comisión que alguien del mes yo decir por qué si el muchacho dedicar mes en su preparación el comisión no poder dedicar él 5 minuto a resolver el problema que creer y dar él cuenta de que estar mal enfocado o ser que él mal enfocar a exprofeso
cc36ab9859ad5d0a07779c8ef1c7ea04,"CIENCIA,  EDUCACIÓN, CULTURA",1,E chupi chupi!!!! EL MEJOR TEMA DE TODOS LOS TIEMPOS JJJJ,cu,4,0,6,0,0,0,2,0,0,e chupi chupi  el mejor tema de todo el tiempo jj
61669ee286e8d27cf7bef34596f9a09d,"CIENCIA,  EDUCACIÓN, CULTURA",1,Una ves mas hay problemas con estas pruebas cuando no las venden las hacen mal jejeje que es esto un bailable,cu,0,0,0,0,0,1,0,0,0,uno v mas haber problema con este prueba cuando no él vender él hacer mal jejeje que ser este uno bailable
8ec6137ad5e633d78237738fd0f04dc9,"CIENCIA,  EDUCACIÓN, CULTURA",1,"CUANDO NO ES POR FRAUDE ES POR INCOMPETENCIA DE LOS PROFESORES. ESTELVINA, ¿CÓMO QUEDO YO?",cu,0,2,10,0,0,1,0,0,0,cuando no ser por fraude ser por incompetencia de el profesor estelvín cómo quedar yo
d73e3feb8fc7ca41217eebd9e3a1f610,"CIENCIA,  EDUCACIÓN, CULTURA",1,"ya hoy en día parece que quienes tienen que confeccionar los exámenes sea de la materia que sea son los profesores de la Real Academia Española, para tratar de evitar estas, esa pregunta es para anularla completa, y adecuar nuevamente la clave de calificación.eso es lo más justo",cu,0,0,0,0,0,0,0,0,0,ya hoy en día parecer que quien tener que confeccionar el examen ser de el materia que ser ser el profesor de el real academia español para tratar de evitar este ese pregunta ser para anular él completo y adecuar nuevamente el clave de calificación ese ser él más justo
06797befd2c7e5b1bc267c06a836d8b3,"CIENCIA,  EDUCACIÓN, CULTURA",1,Ahora sé por qué soy tan saludable.Mira que yo frío con manteca de cerdo.,cu,0,0,0,0,0,0,0,0,0,ahora saber por qué ser tanto saludable mirar que yo frío con manteca de cerdo
986d9062ef8876fc207a0d942a218bf5,"CIENCIA,  EDUCACIÓN, CULTURA",1,Ahora resulta  que la grasa de puerco es mas saludable que los aceites vegetales. !!!! QUE BONITO!!!!!!,cu,10,0,2,0,0,0,2,0,0,ahora resultar que el grasa de puerco ser mas saludable que el aceite vegetal que bonito
e4fefd2ecc8fb95f05eae05d817f7a06,"CIENCIA,  EDUCACIÓN, CULTURA",1,"Que bien! todo lo contrario a lo se decía. Bueno al menos un gusto para los que pensaban que hacía daño en todo.
!RICO Y SALUDABLE!",cu,3,0,2,0,0,0,0,0,0,que bien todo él contrario a él él decir bueno al menos uno gusto para el que pensar que hacer daño en todo rico y saludable
e6fcfca82a5fea907ec71170cef792d2,"CIENCIA,  EDUCACIÓN, CULTURA",1,"Ingeniero Nuclear, solo te falta echarle la culpa al bloqueo",cu,0,0,0,0,0,0,0,0,0,ingeniero nuclear solo tú faltar echar él el culpa al bloqueo
8f9f5ae17ccd4c4fe2d573254e19e60a,"CIENCIA,  EDUCACIÓN, CULTURA",1,"Eso si es un ""TEMASO"" !!!!jajaja",cu,4,0,1,0,0,0,1,2,0,ese si ser uno temaso jajajar
cf53e9279f9d0c08db4d4b6125da11e8,"CIENCIA,  EDUCACIÓN, CULTURA",1,"Considero que Osmani La Toz, digo la voz y todos los demas, Jose el Pillo, Willian el magnifico, todos deben desaparecer y darle entrada a la buena musica que hace Qva Libre, Kelvis Ochoa, entre,otros:",cu,0,0,0,0,0,0,0,0,0,considerar que osmani el toz decir el voz y todo el dema jo él el pillo willian el magnifico todo deber desaparecer y dar él entrada a el buen musica que hacer qva libre kelvis ochoa entre otro
b0ff1a78c5162ff7db83184061fbc7bb,"CIENCIA,  EDUCACIÓN, CULTURA",1,Hay que darle un cursito de primer grado al que escribió EL CHUPI CHUPI y que repita el año por no aprender bien lo que le enseñan a los niños en primaria.,cu,0,0,2,0,0,1,0,0,0,haber que dar él uno cursito de primero grado al que escribir el chupi chupi y que repetir el año por no aprender bien él que él enseñar a el niño en primaria
bbab7ba91df5cc5d1553dc3f742ee128,"CIENCIA,  EDUCACIÓN, CULTURA",1,"Quieren que les diga algo, pero no es solo lucas , algo pasa por que esos ¨ARTISTAS¨llegan a todos los programas de tv y radio, y se dicen entre ellos ¨MAESTRO¨ , ¨SEÑORES¨y todos los productores , directores , conductores de programa lo elogian .",cu,0,0,3,0,0,1,0,0,0,querer que él decir algo pero no ser solo luca algo pasar por que ese artista llegar a todo el programa de tv y radio y él decir entre él maestro señor y todo el productor director conductor de programa él elogiar
64a10307d797843afe1038e4b6c143a8,"CIENCIA,  EDUCACIÓN, CULTURA",1,La foto del estante no me parece de un lugar conocido. ¿De qué mercado están hablando?,cu,0,2,0,0,0,1,0,0,0,el foto del estante no yo parecer de uno lugar conocido de qué mercado estar hablar
1157500bf630be3233383a600e2c4ec8,"CIENCIA,  EDUCACIÓN, CULTURA",1,Lo que no se dice es quien financió el estudio ¿serían los criadores de cerdos?,cu,0,2,0,0,0,1,0,0,0,él que no él decir ser quien financiar el estudio ser el criador de cerdo
4c027166a272df08480d6bc2ae61e0b0,"CIENCIA,  EDUCACIÓN, CULTURA",1,No sé por qué me parece que van a quitar el aceite de la libreta que es importado en divisas y lo van a sustituir por manteca de puerco nacional,cu,0,0,0,0,0,1,0,0,0,no saber por qué yo parecer que ir a quitar el aceite de el libreta que ser importar en divisa y él ir a sustituir por manteca de puerco nacional
419672e49661962f0849fdd5463afe61,"CIENCIA,  EDUCACIÓN, CULTURA",1,LA CULPA LA MALDITA CULPA NO LA TIENE NADIE..,cu,0,0,5,0,0,2,1,0,0,el culpa el maldito culpa no él tener nadie
ac7e86bf27a4cf45984c8780faf5436f,"CIENCIA,  EDUCACIÓN, CULTURA",1,"y tuve que resistir la presión de otros profesores, con el argumento de que de todas formas iban a aprender a redactar cuando hicieran la tesis porqué mejor no dejamos el idioma para cuando hagan la maestría o el doctorado? ",cu,0,1,0,0,0,1,0,0,0,y tener que resistir el presión de otro profesor con el argumento de que de todo forma ir a aprender a redactar cuando hacer el tesis porqué mejor no dejar el idioma para cuando hacer el maestría o el doctorado
d2bdfb7f4bb0ee8a48f02ac25a4a41c3,"CIENCIA,  EDUCACIÓN, CULTURA",1,"Esto ya se está pasando, está igual que el.agua de coco que antes era super que especial y ahora es dañina, igual que el none que también era bueno y ahora es dañino, al paso que vamos orita respirar es malo jajajajaja",cu,0,0,0,0,0,0,0,0,0,este ya él estar pasar estar igual que el agua de coco que antes ser super que especial y ahora ser dañina igual que el none que también ser bueno y ahora ser dañino al paso que ir oritar respirar ser malo jajajajaja
136ff470a6574be061019bb736a5803a,"CIENCIA,  EDUCACIÓN, CULTURA",1,Para los hipercríticos el artículo es de BBC Mundo. No creo que en el Reino Unido haya carencia de aceites comestibles.,cu,0,0,1,0,0,1,0,0,0,para el hipercrítico el artículo ser de bbc mundo no creer que en el reino unido haber carencia de aceite comestibl
0a3ddf7f46c62d23ba81288399f3fce2,"CIENCIA,  EDUCACIÓN, CULTURA",1,"?Bajanda con El Tosco!!!   Me gustó mucho el programa, solo me sobra ese señor vulgar! Felicidades para Daiana García, lo hizo muy bien.",cu,4,1,0,0,0,0,2,0,0,bajandar con el tosco yo gustar mucho el programa solo yo sobrar ese señor vulgar felicidad para daiana garcía él hacer mucho bien
b9fcad357324c17e3274da13b8159cf7,"CIENCIA,  EDUCACIÓN, CULTURA",1,Ovación de pie!!!!!,cu,5,0,0,0,0,0,1,0,0,ovación de pie
afa47bf706437fc41552a3edc04b4bb5,"CIENCIA,  EDUCACIÓN, CULTURA",1,"Esto esta como la cancion de los VanVan.
Ay china, cuidado con la keratina, Dolores, cuidado con las extensiones.
¿¿¿¿¿¿¿Y DE LA CARNE DE RES?????????? NO DICEN NADA?????????",cu,0,26,4,0,0,2,3,0,0,este este como el cancion de él vanvan ay chinar cuidado con el keratina dolor cuidado con el extensión y de el carne de r no decir nada
9b870299fe82877431c453e9f87c6788,"CIENCIA,  EDUCACIÓN, CULTURA",1,"¡wow! y otra vez ¡wow! Nuestras instituciones no dejan de sorprenderme, los bastos archivos de Cubadebate son la prueba más fehaciente de que la incompetencia se aloja hoy en las esferas más altas de la toma de decisiones de nuestra bella Cuba ..",cu,4,0,0,0,0,1,0,0,0,wow y otro vez wow nuestro institución no dejar de sorprender yo el basto archivo de cubadebate ser el prueba más fehaciente de que el incompetencia él alojar hoy en el esfera más alto de el toma de decisión de nuestro bello cuba
9972d6b1864511ae0d6c919e84248f07,"CIENCIA,  EDUCACIÓN, CULTURA",1,"ufffff QUE BIEN SE HABLA DE ESTE GENERO!!!! Indignante,asqueroso..Pero a pesar de todo tiene bastante popularidad. Por qué será.?",cu,4,1,5,0,0,0,2,0,0,uff que bien él hablar de este genero indignante asqueroso pero a pesar de todo tener bastante popularidad por qué ser
3d58bd3dd22c0d9d79f3589197d36f17,"CIENCIA,  EDUCACIÓN, CULTURA",1,"Coincido en que es una falta de respeto esta nota oficial. Diversas interpretaciones, jajajjajajajajajajajajajajjajajaja, si hombre y yo puedo interpretar q 2+2=4 y puedo interpretar que 2+2 = 3. Se llaman ciencias exactas por algo.
",cu,0,0,0,0,0,0,0,0,0,coincido en que ser uno falta de respeto este nota oficial diverso interpretación jajajjajajajajajajajajajajjajajajar si hombre y yo poder interpretar q 2 2 4 y poder interpretar que 2 2 3 él llamar ciencia exacto por algo
842fa4b572db35b84a9d4b3d8870f3fc,"CIENCIA,  EDUCACIÓN, CULTURA",1,"Eso es para que si ya no tienes aceite de ningun tipo le metas mano a la manteca de puerco y creas que estas haciendo lo correcto, Jajajaja.
Y claro que el articulo es por la falta de aceite en el mecado.",cu,0,0,0,0,0,2,0,0,0,ese ser para que si ya no tener aceite de ningun tipo él metar mano a el manteca de puerco y crea que este hacer él correcto jajajaja y claro que el articulo ser por el falta de aceite en el mecado
e528b97b65ae80bd75cb5025c8603e8e,"CIENCIA,  EDUCACIÓN, CULTURA",1,"Que raro que este estudio salga a la luz ahora que escasea el aceite, espero que no tenga segundas intenciones.. XD.",cu,0,0,0,0,1,1,0,0,0,que rarir que este estudio salir a el luz ahora que escasear el aceite esperar que no tener segundo intención xd
b813d41caf14d301315fde36c3a49b7b,"CIENCIA,  EDUCACIÓN, CULTURA",1,"Claro, porque el ACEITE se extrae de manera NATURAL, no es sometido a ALTAS TEMPERATURA ,,,,,,, en fin,,,",cu,0,0,4,0,0,1,2,0,0,claro porque el aceite él extraer de manera natural no ser someter a alto temperatura en fin
070f243615278c7a2fd785c20290582c,"CIENCIA,  EDUCACIÓN, CULTURA",1,"Fidel García Pantoja, lo que dices, con musica de regetón quedaría volaisimo. Je, je.",cu,0,0,0,0,0,0,0,0,0,fidel garcía pantoja él que decir con musica de regetón quedarir volaisimo je je
50a6ae96704724644f1a3a6d534134c0,"CIENCIA,  EDUCACIÓN, CULTURA",1,"Además, la grasa de cerdo puede incluso ser más barata que el aceite de girasol y de canola.
Un chiste. Jajajaj",cu,0,0,0,0,0,0,0,0,0,además el grasa de cerdo poder incluso ser más barato que el aceite de girasol y de canolar uno chiste jajajaj
635964d6cccb487a1307f311c197d003,"CIENCIA,  EDUCACIÓN, CULTURA",1,jajajaja esto es un hazmerreírtodos los años algo distintoel año pasado porke se filtró y ahora esto??? ay! cubita bella!!,cu,3,3,0,0,0,0,1,0,0,jajajajar este ser uno hazmerreír todo el año algo distinto el año pasado porke él filtrar y ahora este ay cubitar bello
c16f02f0423f5582987168c4b5805ecd,"CIENCIA,  EDUCACIÓN, CULTURA",1,Espero que algun dia digan que los pellejitos del pollo son saludables porque yo me los como toditos¡¡¡¡¡ Y que ricos son¡¡¡¡¡¡,cu,11,0,0,0,0,0,2,0,0,esperar que algun dia decir que el pellejito del pollo ser saludable porque yo yo el como todito y que rico ser
68e5b6cf93bb2e64c7cc449d218035d4,"CIENCIA,  EDUCACIÓN, CULTURA",1,"señores q VAN VAN ni VAN VAN aquí el ""chupi chupi"" es lo mas pegao.jajajaja",cu,0,0,4,0,0,1,0,2,0,señor q ir ir ni ir ir aquí el chupi chupi ser él mas pegao jajajajar
979ee7df0184c4021a7824070a98cde4,"CIENCIA,  EDUCACIÓN, CULTURA",1,Que viva el puerco!!!!!!,cu,6,0,0,0,0,0,1,0,0,que vivir el puerco
28df0d52a649653af3cbd827b37ee443,"CIENCIA,  EDUCACIÓN, CULTURA",1,"El CHUPI CHUPI la ""mejor letra"" de la historia del reguetón jajaja.",cu,0,0,2,0,0,0,0,2,0,el chupi chupi  el mejor letra de el historia del reguetón jajajar
4a26be1e6bf44c0a775fa3080dea2832,"CIENCIA,  EDUCACIÓN, CULTURA",1,"Malanga con manteca e´puerco o yuca con manteca e`puerco o congrís con manteca e`puerco y como es lógico, los restos de la manteca e`puerco son los chicharrones y el que no se coma eso pa`que quiere vivir tanto?",cu,0,1,0,0,0,1,0,0,0,malanguir con manteca e puerco o yuca con manteca e puerco o congrís con manteca e puerco y como ser lógico el resto de el manteca e puerco ser el chicharrón y el que no él comar ese pa que querer vivir tanto
c0c613546f36210d0e2eb126853b97da,"CIENCIA,  EDUCACIÓN, CULTURA",0,"ARTICULO MUY MESURADO , LLENO DE REALIDAD.
FELICIDADES A LA AUTORA.",cu,0,0,7,0,0,0,0,0,0,articulo mucho mesurado lleno de realidad felicidad a el autora
4a392c6389203a2c85ca48a3d7a27751,"CIENCIA,  EDUCACIÓN, CULTURA",0,"Asi mismo , dicen que el que olvida su historia esta destinado a volver a vivirla. Que raro que ya casi nadie se acuerda de la tenca asada, frita , en salsa, con platano burro casi siempre. Casi todo se cocinaba con esa grasa y nadie se murio de eso.",cu,0,0,0,0,0,2,0,0,0,asi mismo decir que el que olvidar su historia este destinado a volver a vivir él que raro que ya casi nadie él acordar de el tenca asado frito en salsa con platano burro casi siempre casi todo él cocinar con ese grasa y nadie él murio de ese
104434a2248205d2b771bf5626b845b5,"CIENCIA,  EDUCACIÓN, CULTURA",0,"En el supuesto caso que se decida realizar nuevamente el exámen de matemática coincido con la opinión de Adesvi, la opción de mantener la nota mas alta.",cu,0,0,0,0,0,0,0,0,0,en el supuesto caso que él decidir realizar nuevamente el exámen de matemática coincido con el opinión de adesviir el opción de mantener el nota mas alto
a0ebfdd311768d28ad3c8e67bdb9e0a4,"CIENCIA,  EDUCACIÓN, CULTURA",0,Este es el artículo completo que no es largo y verán en realidad recomienda en general usar aceite de oliva y por supuesto no reusar el aceite. Nota: Lardo es Manteca de Cerdo ¿Cuáles son los mejores aceites y grasas para cocinar?,cu,0,2,0,0,0,2,0,0,0,este ser el artículo completo que no ser largo y ver en realidad recomendar en general usar aceite de oliva y por supuesto no reusar el aceite nota lardo ser manteca de cerdo cuál ser el mejor aceite y grasa para cocinar
47ab3bc8afd2f267f1227906a52e999b,"CIENCIA,  EDUCACIÓN, CULTURA",0,"Creo que no debemos preocuparnos tanto por el reguetón; eso es algo que, más temprano que tarde, morirá de muerte natural debido a su nulo valor artístico.",cu,0,0,0,0,0,1,0,0,0,creer que no deber preocupar yo tanto por el reguetón ese ser algo que más temprano que tarde morir de muerte natural debido a su nulo valor artístico
e211a201b83c2ea85f0db02beffde1ad,"CIENCIA,  EDUCACIÓN, CULTURA",0,ABAJO EL REGUETON CUBANO,cu,0,0,3,0,0,0,0,0,0,abajo el regueton cubano
112d9ba7d2e43bc75c27fe8b6145e50f,"CIENCIA,  EDUCACIÓN, CULTURA",0,"La pregunta debe anularse, la justificación inaceptable al igual que la solución brindada anoche en el NTV",cu,0,0,1,0,0,0,0,0,0,el pregunta deber anular él el justificación inaceptable al igual que el solución brindado anoche en el ntv
fe2b40fdc66a54763007cc680a8ddfb5,"CIENCIA,  EDUCACIÓN, CULTURA",0,"Independientemente del error, el MES debería cuidar el idioma español y no utilizar mala traducción o peor calco del inglés. ?Desde cuándo se aplica un examen a un alumno? Cito: examen de matemática aplicado en el día de ayer a los estudiantes",cu,0,2,1,0,0,1,0,0,0,independientemente del error el mes deber cuidar el idioma español y no utilizar malo traducción o peor calco del inglés desde cuándo él aplicar uno examen a uno alumno cito examen de matemática aplicado en el día de ayer a el estudiante
6be92f8007a14ebb741512702a0e3526,"CIENCIA,  EDUCACIÓN, CULTURA",0,"Como dice buena fe, El puerco es un mamifero nacional",cu,0,0,0,0,0,0,0,0,0,como decir buen fe el puerco ser uno mamifero nacional
a941a95732ffeef201c2242699d3fad0,"CIENCIA,  EDUCACIÓN, CULTURA",0,El puerco mamífero nacional,cu,0,0,0,0,0,0,0,0,0,el puerco mamífero nacional
03c12c4c2d1621f8b915f2c4726e5a65,"CIENCIA,  EDUCACIÓN, CULTURA",0,"Yo siempre lo he dicho: la manteca de puerco es mucho mejor que el aceite por las mismas causas que aquí han expuesto, además, no hay nada más rico que un congris hecho con manteca de puerco y después echarle un poquito por arriba. ¡VIVA LA MANTECA DE PUERCO!",cu,2,0,3,0,0,2,0,0,0,yo siempre él haber decir el manteca de puerco ser mucho mejor que el aceite por el mismo causa que aquí haber exponer además no haber nada más rico que uno congris hecho con manteca de puerco y después echar él uno poquito por arriba vivo el manteca de puerco
9747ab8c9c8d82ddfdcb59f8234272ce,"CIENCIA,  EDUCACIÓN, CULTURA",0,"Lo dijistes todo, nada que añadir",cu,0,0,0,0,0,1,0,0,0,él dijist todo nada que añadir
8857aa536fa11a52dfc802a6491167c7,"CIENCIA,  EDUCACIÓN, CULTURA",0,hasta cuando vamos a seguir en el dale pa´ ya o dale pa´ aca a quien le creemos si cada cientifico dice algo diferente cada vez ponganse de acuerdo q los salarios no estan para estar atendiendose el colesterol cada vez q los medicos dicen que cientificamente una cosa es mejor q otra asi que coordinen,cu,0,0,0,0,0,1,0,0,0,hasta cuando ir a seguir en el dale pa ya o dalar pa aca a quien él creer si cada cientifico decir algo diferente cada vez ponganse de acuerdo q el salario no estar para estar atender él el colesterol cada vez q el medico decir que cientificamente uno cosa ser mejor q otro asi que coordinir
f31c4c5a9f425a6538f042012dee3ebc,"CIENCIA,  EDUCACIÓN, CULTURA",0,(Estos exámenes se preparan por una comisión académica compuesta por profesores de experiencia de varias provincias).,cu,0,0,0,0,0,0,0,0,0,este examen él preparar por uno comisión académico compuesto por profesor de experiencia de varios provincia
fa9f2d87408306092855535b4517170f,"CIENCIA,  EDUCACIÓN, CULTURA",0,?No solamente criticar a José Luis Cortes y que todos sabemos que en todas las entrevistas que se le hacen en la TV él se expresa de esa manera y no le queda mal; A Yuliet le quedó de maravillas su conducción del programa con mucho profesionalismo.,cu,0,1,0,0,0,2,0,0,0,no solamente criticar a josé luis cortes y que todo saber que en todo el entrevista que él él hacer en el tv él él expresar de ese manera y no él quedar mal a yuliet él quedar de maravilla su conducción del programa con mucho profesionalismo
9bd12782adcf9e51021c9e8257cdede8,"CIENCIA,  EDUCACIÓN, CULTURA",0,"De veras el aceite es natural, creo que debes instruirte más! tomalo constructivamente, el aciete nececita de maquinas para ser procesado, calentar a altas temperaturas unos 150 grados centigrados aproximadamente para darle sabor entre otras cosas!",cu,2,0,0,0,0,0,0,0,0,de veras el aceite ser natural creer que deber instruirte más tomalo constructivamente el aciete nececita de maquina para ser procesar calentar a alto temperatura uno 150 grado centigrado aproximadamente para dar él sabor entre otro cosa
8398ef782e6a2f29150845a6e0fdcd10,"CIENCIA,  EDUCACIÓN, CULTURA",0,"?Por favor, no quieran hacer de El Tosco lo que no es. No lo imagino hablando de otra forma, esa sería una postura engominada no propia de este reconocido músico. Miremos en él el gran músico que es, del sol apreciemos su luz y no sus manchas.",cu,0,1,0,0,0,5,0,0,0,por favor no querer hacer de el tosco él que no ser no él imagino hablar de otro forma ese ser uno postura engominado no propio de este reconocido músico mirer en él el gran músico que ser del sol apreciemos su luz y no su mancha
1ef74c929fa6145e0dcb49b41a101eb2,"CIENCIA,  EDUCACIÓN, CULTURA",0,"Como usted se llame alcape o Almagro, la envidia le hace mas perjuicio a quien la siente que a quien ataca.",cu,0,0,0,0,0,0,0,0,0,como usted él llamar alcape o almagrir el envidia él hacer mas perjuicio a quien él sentir que a quien atacar
3ad34971b605aea53044568cd79110ef,"CIENCIA,  EDUCACIÓN, CULTURA",0,"Otra fakenews, !!!!! a justificar la falta de aceite en el mercado y que por supuesto ya no habrá mas por ahora.. la grasa de cerdo tampoco se consigue ni facil ni barata!!!!",cu,9,0,0,0,0,4,2,0,0,otro fakenews a justificar el falta de aceite en el mercado y que por supuesto ya no haber mas por ahora el grasa de cerdo tampoco él conseguir ni facil ni baratar
ce94889da1b426a68672ca2abb007295,"CIENCIA,  EDUCACIÓN, CULTURA",0,"En Cuba se puede producir más carne de cerdo pero los alimentos para los animales escasea, la producción de huevos se ha reducido por este concepto, segun",cu,0,0,0,0,0,0,0,0,0,en cuba él poder producir más carne de cerdo pero el alimento para el animal escasear el producción de huevo él haber reducir por este concepto segun
74c267e42504a467b89335f460211143,"CIENCIA,  EDUCACIÓN, CULTURA",0,"Disculpen el uso reiterado de la palabra asqueroso, pero no me viene a la mente otro calificativo.",cu,0,0,0,0,0,1,0,0,0,disculpar el uso reiterado de el palabra asqueroso pero no yo venir a el mente otro calificativo
0222e6c03b474fc7feed447efdbfb696,"CIENCIA,  EDUCACIÓN, CULTURA",0,a mi me encanta el reggaeton lo bailo y lo disfruto cuando estoy en una fiesta pero creo que hicieron bien en quitar el chupi chupi la letra es en candela pero en la vida real aunque no deberia ser asi es lo que nos encanta a la juventud besos para OSMANI G,cu,0,0,1,0,0,1,0,0,0,a mi yo encantar el reggaeton él bailo y él disfrutar cuando estar en uno fiesta pero creer que hacer bien en quitar el chupi chupi  el letra ser en candela pero en el vida real aunque no deberio ser asi ser él que yo encantar a el juventud beso para osmani g
fefd3bb18ddfea6e78bc522d1edb7a13,"CIENCIA,  EDUCACIÓN, CULTURA",0,Es un grave error sacar el idioma materno de la curricula.,cu,0,0,0,0,0,0,0,0,0,ser uno grave error sacar el idioma materno de el curricula
2a97094b18d4697f4340b94fbb41dc81,"CIENCIA,  EDUCACIÓN, CULTURA",0,"Es que igual no resolvemos, la grasa de puerco para sacar manteca es incomprable.
discrepo del articulo ¿quien dice que la manteca de puerco no tiene sabor?, será la de ellos porq la de aqui tiene un saber riquisimo a manteca de puerco",cu,0,2,0,0,0,2,0,0,0,ser que igual no resolvar el grasa de puerco para sacar manteca ser incomprable discrepo del articulo quien decir que el manteca de puerco no tener sabor ser el de él porq el de aqui tener uno saber riquisimo a manteca de puerco
bb60536b7f5813b61c1228168c033181,"CIENCIA,  EDUCACIÓN, CULTURA",0,?Creo que la mayoría de los comentarios giran en torno al Tosco. cuando la realidad del programa es demostrarnos que Cuba es una fábrica de muy buenos músicos y eso es lo que tenemos que disfrutar del espectáculo.. Muchos éxitos a los concursantes!!!!,cu,4,1,0,0,0,0,1,0,0,creer que el mayoría de el comentario giran en torno al tosco cuando el realidad del programa ser demostrarno que cuba ser uno fábrica de mucho buen músico y ese ser él que tener que disfrutar del espectáculo mucho éxito a el concursant
55601efb6c07e12ccec62210ecd077ac,"CIENCIA,  EDUCACIÓN, CULTURA",0,"No critiquen tanto al chupi-chupi, que es tremendo temaso de osmany garcía y dediquense a otros temas de mayor interés, saludos.",cu,0,0,0,0,0,1,0,0,0,no criticar tanto al chupi chupi que ser tremendo temaso de osmany garcía y dediquense a otro tema de mayor interés saludo
bf4335487f155c9cfc3ae842b22e2aa4,"CIENCIA,  EDUCACIÓN, CULTURA",0,en muchos países las personas manejan 2 y hasta 3 idiomas y nosotros estamos aspirando a no dominar el nuestro ¿donde vamos a parar?,cu,0,2,0,0,0,1,0,0,0,en mucho país el persona manejar 2 y hasta 3 idioma y yo estar aspirar a no dominar el nuestro donde ir a parar
4509e5be912ad22b934e2f4223f68ee7,"CIENCIA,  EDUCACIÓN, CULTURA",0,"Es una lástima que muchos que están de acuerdo en esto, tengan tantas faltas de ortografía, y escriban tan mal, eso es falta de saber y conocer el español. no estoy de acuerdo a que la eliminen.",cu,0,0,0,0,0,1,0,0,0,ser uno lástima que mucho que estar de acuerdo en este tener tanto falta de ortografía y escrir tanto mal ese ser falta de saber y conocer el español no estar de acuerdo a que él eliminir
1ca5e357bab5b3d8a7a3f008a3bb6a6f,"CIENCIA,  EDUCACIÓN, CULTURA",0,"Esperamos se tomen medidas con los responsables de este error, o seguiran siendo tristemente celebres en nuestro país año tras año las pruebas de ingreso, por una causa o por otra , ya basta de relajo.",cu,0,0,0,0,0,0,0,0,0,esperar él tomar medida con el responsable de este error o seguirar ser tristemente celebr en nuestro país año tras año el prueba de ingreso por uno causa o por otro ya bastar de relajo
507e9688f995967fee43b7e28292841c,"CIENCIA,  EDUCACIÓN, CULTURA",0,"Mis saludos y respeto para el ministro de Cultura, me parece muy bien la decisión que se tomó, y pienso que a otro era el que le correspondía tomarla, en un nivel inferior. No tengo nada encontra del regueton, me gusta mucho, pero esta canción en particular se paso del limite de mediocridad.",cu,0,0,0,0,0,2,0,0,0,mi saludo y respeto para el ministro de cultura yo parecer mucho bien el decisión que él tomar y pensar que a otro ser el que él corresponder tomar él en uno nivel inferior no tener nada encontro del regueton yo gustar mucho pero este canción en particular él paso del limite de mediocridad
465aefee05ce956e11ba247a3f68612b,"CIENCIA,  EDUCACIÓN, CULTURA",0,"Por fin la chiva o los veinte pesos?, entonces a comprar manteca de cerdo se ha dicho.",cu,0,1,0,0,0,0,0,0,0,por fin el chiva o el veinte peso entonces a comprar manteca de cerdo él haber decir
1274f26d54dcbe0043a4798c0d2c7554,"CIENCIA,  EDUCACIÓN, CULTURA",0,"Considero uelas irregularidades con el suministro de aceite vegetal merece una explicación que convenza, cuando se ha escuchado de los amplios programas del país en la zona centro con el cultivo de la soya (de conjunto con Brasil) para la producción de aceite de soya.",cu,0,0,0,0,0,0,0,0,0,considerar uelos irregularidad con el suministro de aceite vegetal merecer uno explicación que convenzar cuando él haber escuchar de el amplio programa del país en el zona centro con el cultivo de el soya de conjunto con brasil para el producción de aceite de soya
4c199c1c40dd2a9c1865d9c002952437,"CIENCIA,  EDUCACIÓN, CULTURA",0,"Es una soberana falta de respeto lo que tienen en este momento con el aceite, peor no con le aceite con todo el alimento.",cu,0,0,0,0,0,1,0,0,0,ser uno soberano falta de respeto él que tener en este momento con el aceite peor no con él aceitar con todo el alimento
dffb483fb4c73999fee2f9442f7d81d3,"CIENCIA,  EDUCACIÓN, CULTURA",0,"José R. Oro, por favor, vas atener que abrir un portal para ti solo, tus comentarios son muy largos y aburrido, innecesariamente.",cu,0,0,0,0,0,0,0,0,0,josé r oro por favor vas atener que abrir uno portal para tú solo tu comentario ser mucho largo y aburrido innecesariamente
833376699ce9a3be96f5f60a9f93443a,"CIENCIA,  EDUCACIÓN, CULTURA",0,"Con tal alto grado de musica que tiene cuba pruducen las peores letras jamas escuchada de Reggaetoneros Boricuas, panameño o Dominicano, y para colmo imitan la forma de ablar de los Boricuas cosa que los hace mas ridiculos.",cu,0,0,0,0,0,1,0,0,0,con tal alto grado de musico que tener cuba producir el peor letra jama escuchado de reggaetonero boricua panameño o dominicano y para colmo imitar el forma de ablar de el boricua cosa que él hacer mas ridicu él
17c14c050359155d565baf52bafedf5d,"CIENCIA,  EDUCACIÓN, CULTURA",0,"El hombre va de una verdad a otra, o lo que es lo mismo de una mentira a otra, Aristoteles",cu,0,0,0,0,0,0,0,0,0,el hombre ir de uno verdad a otro o él que ser él mismo de uno mentira a otro aristotel
340d9006f37e11440d7e0f86def4ce7a,"CIENCIA,  EDUCACIÓN, CULTURA",0,"?Chico, pues qué feo eso de tirar dinero, me vino a la mente TRUMP tirando rollos de papel sanitario a los puerto riqueños cuando el huracán.   vayasi usted quiere defenderlo hágalo de otra manera, porque esa especulación de tirarle dinero a los demás, deja mucho que desear..",cu,0,1,1,0,0,0,1,0,0,chico pues qué feo ese de tirar dinero yo venir a el mente trump tirar rollo de papel sanitario a el puerto riqueño cuando el huracán ir si usted querer defender él hágalo de otro manera porque ese especulación de tirar él dinero a el demá dejar mucho que desear
e5c704ae4781ae94fb151d8537b06602,"CIENCIA,  EDUCACIÓN, CULTURA",0,"Coincido solo en parte. Hay que rescatar a esos buenos pero desde antes, no podemos permitirnos un talento que no sepa escribir. Cuando entre a la vocacional lo vinculan al concurso y ni El Quijote se va a leer, ya pase por eso.",cu,0,0,0,0,0,3,0,0,0,coincido solo en parte haber que rescatar a ese buen pero desde antes no poder permitir yo uno talento que no sepa escribir cuando entrar a el vocacional él vincular al concurso y ni el quijote él ir a leer ya pasar por ese
195411fc87776c7c088f6fa1c9a925df,"CIENCIA,  EDUCACIÓN, CULTURA",0,?Nosotros podemos eliminar al jurado? Sería bueno que implementaran un sistema de votación para sacar de ese programa al Tosco de una vez! Más bien solo me quedo con la Señorita Daiana!,cu,2,2,0,0,0,0,0,0,0,yo poder eliminar al jurado ser bueno que implementarar uno sistema de votación para sacar de ese programa al tosco de uno vez más bien solo yo quedar con el señorita daián
ad104af262ef0368d3b4e39f361a9da8,"CIENCIA,  EDUCACIÓN, CULTURA",0,"para oir malas palabras, ofensas y chavacanerias no hay que tomarla con el pobre reguetón; estamos de acuerdo en que hay que mejorar el reguetón y que en él, como tambien en la salsa y en la rumba, que haya una armonía siempre favorable a las buenas letras a los buenos textos,",cu,0,0,0,0,0,1,0,0,0,para oir mala palabra ofensa y chavacaneria no haber que tomar él con el pobre reguetón estar de acuerdo en que haber que mejorar el reguetón y que en él como tambien en el salsa y en el rumba que haber uno armonía siempre favorable a el buena letra a el buen texto
efe9a8e0c5bbf5f4451432e3557f5c5d,"CIENCIA,  EDUCACIÓN, CULTURA",0,"Hagan un concurso netamnet para jóvenes.y el reggueton gana.es lo que pega , lo que gusta, y lo que sustenta el salario de muchos. no se cieguen",cu,0,0,0,0,0,1,0,0,0,hacer uno concurso netamnet para joven y el reggueton ganar ser él que pegar él que gustar y él que sustentar el salario de mucho no él cieguir
01e81c7438c471b5678b244d265c9b89,"CIENCIA,  EDUCACIÓN, CULTURA",0,Así mismo ahora va a estar en t lo dos lados el aceite y va a escasear la manteca de cerdo,cu,0,0,0,0,0,0,0,0,0,así mismo ahora ir a estar en t él dos lado el aceite y ir a escasear el manteca de cerdo
1c612966bbb4170cef8b6190f71c4a7a,"CIENCIA,  EDUCACIÓN, CULTURA",0,"La rumba, el son, el samba, el tango, en su día, fueron criticadísimos, por las élites culturales, por eso no podemos caer en ese mismo bache con un género urbano como ese Pero de lo que el reguetón vende (porque al final, SÓLO importa el consumo) a lo que hacían esos músicos hay un gran trecho",cu,0,0,1,0,0,1,0,0,0,el rumba el ser el samba el tango en su día ser criticadísimos por el élite cultural por ese no poder caer en ese mismo bache con uno género urbano como ese pero de él que el reguetón vender porque al final sólo importar el consumo a él que hacer ese músico haber uno gran trecho
28e866945f1a300a0a0f9da78ea1488c,"CIENCIA,  EDUCACIÓN, CULTURA",0,Tarán: entonces de acuerdo a su comentario !todos los estudiantes en Cuba estan mal en Español? no saben interpretar que significa la palabra estos en el probelma y por ese motivo no pudieron resolverlo y usted si?,cu,1,2,0,0,0,2,0,0,0,tacer entonces de acuerdo a su comentario todo el estudiante en cuba estar mal en español no saber interpretar que significar el palabra este en el probelma y por ese motivo no poder resolver él y usted si
069fafe10d14505e76536dd4bfbe7c70,"CIENCIA,  EDUCACIÓN, CULTURA",0,"este tema esta muy bueno pero no para los lucas , no obstante por que es que lo censuran ahora , si ya lo pusieron ahora déjenlo, la música de todos los cubano dicen en sus letras lo ke quieran mientras no sea una falta de respeto creo!!! ",cu,3,0,0,0,0,3,1,0,0,este tema este mucho bueno pero no para el luca no obstante por que ser que él censuran ahora si ya él poner ahora déjenlo el música de todo el cubano decir en su letra él ke querer mientras no ser uno falta de respeto creer
263750ec1ed7e08e791fa080d07053ed,"CIENCIA,  EDUCACIÓN, CULTURA",0,"?Con amigos como Ud. no hacen falta enemigos.   Una vez mas me demuestra con su comentario que El Tosco, ademas de vulgar es un payaso.",cu,0,1,0,0,0,1,1,0,0,con amigo como ud no hacer falta enemigo uno vez mas yo demostrar con su comentario que el tosco adema de vulgar ser uno payaso
8398a27d71fd610a07a28e17da6eff49,"CIENCIA,  EDUCACIÓN, CULTURA",0,y en que tienda es esa foto porque en las de mi municipio hace rato que no se ve ese producto,cu,0,0,0,0,0,1,0,0,0,y en que tiendar ser ese foto porque en el de mi municipio hacer rato que no él ver ese producto
e11ca7097effd59eda9d5c8c980bc909,"CIENCIA,  EDUCACIÓN, CULTURA",0,¿Y quién controla la venta de CDs y DVDs de cuentapropistas? ¿No se debería regular lo que se vende en estos lugares?,cu,0,4,0,0,0,1,0,0,0,y quién controlar el venta de cds y dvds de cuentapropista no él deber regular él que él vender en este lugar
63fa62b09982e2a492abd3ed8e810f5c,"CIENCIA,  EDUCACIÓN, CULTURA",0,"Considero que lo sucedido en el exámen de ingreso a la Educación Superior aplicado el día 27 de abril del presente año ES UNA FALTA DE RESPETO y no debería haber sucedido, pues todos los años es algo distinto. No obstante, esperemos que con la medida adoptada se beneficie a los estudiantes.",cu,0,0,3,0,0,2,0,0,0,considerar que él sucedido en el exámen de ingreso a el educación superior aplicado el día 27 de abril del presente año ser uno falta de respeto y no deber haber suceder pues todo el año ser algo distinto no obstante esperar que con el medida adoptado él beneficiar a el estudiante
7d8c4e19c7cca114558d41ea32a0fff9,"CIENCIA,  EDUCACIÓN, CULTURA",0,"simple y facil el 70% de los cubanos, tiene mal gusto",cu,0,0,0,0,0,0,0,0,0,simple y facil el 70 de el cubano tener mal gusto
ed89e92b477dea00f55e9ff00e3c6039,"CIENCIA,  EDUCACIÓN, CULTURA",0,Cuantos años diciendome los médicos que no comiera con manteca de puerco que eso sube el colesterol,cu,0,0,0,0,0,1,0,0,0,cuanto año diciendome el médico que no comierar con manteca de puerco que ese subir el colesterol
5ab560cc581776a3e4d7a1c1d22cb0bb,"CIENCIA,  EDUCACIÓN, CULTURA",0,"?Por primera vez, si alguien me llama no respondo porque estoy viendo un programa de participación de RTV. GENIAL!!! más nada que decir!!!!!",cu,8,1,2,0,0,2,2,0,0,por primero vez si alguien yo llamar no respondo porque estar ver uno programa de participación de rtv genial más nada que decir
50a948d62ba80681123d48255fda19b1,"CIENCIA,  EDUCACIÓN, CULTURA",0,!Buen tema pero no tomarlo tan a pecho!,cu,2,0,0,0,0,1,0,0,0,buen tema pero no tomar él tanto a pecho
4fbf8ed51c224b3cb3cf3a2ffa6f3df8,"CIENCIA,  EDUCACIÓN, CULTURA",0,"Para mi hay que eliminar la pregunate del examen o hacer la prueba de nuevo y así no afectar a los estudiantes, recordar que estao exámenes definen su futuro",cu,0,0,0,0,0,1,0,0,0,para mi haber que eliminar el pregunate del examen o hacer el prueba de nuevo y así no afectar a el estudiante recordar que estao examen definir su futuro
05840887b11d8f6e6a13423527255616,"CIENCIA,  EDUCACIÓN, CULTURA",0,"Asqueroso tema, asquerosa imagen que proyecta Osmani Garcia, asquerosa y denigrante imagen hacia las mujeres cubanas y más asqueroso aún que tantas mujeres clamen a rabiar por este tipo de música y por quienes la interpretan.",cu,0,0,0,0,0,0,0,0,0,asqueroso tema asqueroso imagen que proyectar osmani garcia asqueroso y denigrante imagen hacia el mujer cubano y más asqueroso aún que tanto mujer clamar a rabiar por este tipo de música y por quien él interpretar
cb0bfccf6b3efb595ee9fdb9442e6209,"CIENCIA,  EDUCACIÓN, CULTURA",0,?CARAMBAAAAAA PAQUITA..imagino que hasta lo de Tabares le parece autenticamente cubanísimo y genial,cu,0,1,2,0,0,0,1,0,0,carambaa paquitar imagino que hasta él de tabar él parecer autenticamente cubanísimo y genial
45e83ba9d4d9bfcecf10196d2f0c31e7,"CIENCIA,  EDUCACIÓN, CULTURA",0,"A mi satisface mucho la solución que le dieron al error de enfoque de la pregunta cuatro, esta bien tomada esa decisión acerca de esta pregunta muchas gracias",cu,0,0,0,0,0,0,0,0,0,a mi satisface mucho el solución que él dar al error de enfoque de el pregunta cuatro este bien tomado ese decisión acerca de este pregunta mucho gracia
f7639f6294dea4916d31f595f44b716d,"CIENCIA,  EDUCACIÓN, CULTURA",0,La pregunta 4 debe ser eliminada no solo el inciso b los alumnos no pueden pagar por negligencia de otros,cu,0,0,0,0,0,2,0,0,0,el pregunta 4 deber ser eliminar no solo el inciso b el alumno no poder pagar por negligencia de otro
d800f397c7ede1b47782f5a5d1c8c081,"CIENCIA,  EDUCACIÓN, CULTURA",0,"El problema radica también en la falta de entretenimiento, hay que buscar opciones recreativas sanas. Hay muchos municipios y pueblos apagados donde no hay nada que hacer por la noche y solo queda irse para disco o el parque a escuchar lo único que ponen, requeton.",cu,0,0,0,0,0,2,0,0,0,el problema radicar también en el falta de entretenimiento haber que buscar opción recreativa sano haber mucho municipio y pueblo apagado donde no haber nada que hacer por el noche y solo quedar ir él para disco o el parque a escuchar él único que poner requeton
fddbfaf43ad48c81b5b64b595e412276,"CIENCIA,  EDUCACIÓN, CULTURA",0,"Tenemos que defender el idioma desde la primaria y hasta después de egresados. De aplicarse esta resolución, igual podríamos entonces prescindir del examen de Matemáticas para quienes aspiren a carreras de Letras.",cu,0,0,0,0,0,0,0,0,0,tener que defender el idioma desde el primaria y hasta después de egresado de aplicar él este resolución igual poder entonces prescindir del examen de matemática para quien aspirar a carrera de letra
4d6b817da7be6c8fecafdc0302f4a641,"CIENCIA,  EDUCACIÓN, CULTURA",0,"Como dijo alguien.A estas alturas criticar,pero más vale tarde que nunca.El regueton solamente tiene ritmo contagioso,pero la letra es un verdadero doble sentido de lo más vulgar que se ha escuchado.Aún pregunto ¿Que cosa es la guaripola?",cu,0,2,0,0,0,1,0,0,0,como decir alguien a este altura criticar pero más valer tarde que nunca el regueton solamente tener ritmo contagioso pero el letra ser uno verdadero doble sentido de él más vulgar que él haber escuchar aún preguntar que cosa ser el guaripolo
31a162c0b430d0f9cf502f8a945cdf7e,"CIENCIA,  EDUCACIÓN, CULTURA",0,"LO TIENE, prefieren Rapido y Furioso a Taxi Driver, prefieren Osmani Garcia a Silvio Rodriguez, prefieren perreo a ballet",cu,0,0,1,0,0,0,0,0,0,él tener preferir rapido y furioso o taxi driver preferir osmani garcia a silvio rodriguez preferir perreo a ballet
28f137a077d1ccc0ee8123c6b5dcd707,"CIENCIA,  EDUCACIÓN, CULTURA",0,"Esto es lo mas loco que he leído. Lo que deverian explicar es, porque no hay aceite en las tiendas y porque el estado no es capaz de hacer algo para bajar el precio de la carne de cerdo.",cu,0,0,0,0,0,2,0,0,0,este ser él mas loco que haber leer él que deveriar explicar ser porque no haber aceite en el tienda y porque el estado no ser capaz de hacer algo para bajar el precio de el carne de cerdo
dbeb13964c62dc1ea02852503bedb86b,"CIENCIA,  EDUCACIÓN, CULTURA",0,"Otro año más con problemas en las pruebas de ingreso, hasta cuando esta situación, que cabeza rodará esta vez, ya van 3 años con problemas  quién responde por este desastre",cu,0,0,0,0,0,0,0,0,0,otro año más con problema en el prueba de ingreso hasta cuando este situación que cabeza rodar este vez ya ir 3 año con problema quién responder por este desastre
ae021cb9abaa233ed2132911b28c15a2,"CIENCIA,  EDUCACIÓN, CULTURA",0,"?calidad, buen gusto, historia y entretenimiento hacen buena mezcla.eso no falla!!!, a algunos le gustará mas o menos, pero todos creceremospaís incluido.",cu,3,1,0,0,0,1,1,0,0,calidad buen gusto historio y entretenimiento hacer buen mezcla ese no fallar a alguno él gustar mas o menos pero todo crecerer país incluido
db2e59e5ccc0b06594d20d11b1f34b0b,"CIENCIA,  EDUCACIÓN, CULTURA",0,"Problema de enfoque?, por favor, respetemos un poco la inteligencia de los demas, asumamos nuestros errores",cu,0,1,0,0,0,0,0,0,0,problema de enfoque por favor respeter uno poco el inteligencia de el dema asumamo nuestro error
e0c25c297293042485107f45f1b6b4bd,"CIENCIA,  EDUCACIÓN, CULTURA",0,"Bien, el asunto es simple: estirpen la corrupción y se acabarán tipejos como este haciendo esa mala música.",cu,0,0,0,0,0,0,0,0,0,bien el asunto ser simple estirpen el corrupción y él acabar tipejo como este hacer ese malo música
96695385084e1dc1248d5b6c28588eaf,"CIENCIA,  EDUCACIÓN, CULTURA",0,esto es vergonzoso.,cu,0,0,0,0,0,0,0,0,0,este ser vergonzoso
7161aa5dd98b01920222d3b6aa8461d7,"CIENCIA,  EDUCACIÓN, CULTURA",0,de acuerdo con Ud.; Yo creo q estas malinterpretaciones lo que pone de manifiesto es un espanol pesimo ya que estos estudiantes son incapaces de generar las ecuaciones correctas usando la informacion que le brindan,cu,0,0,0,0,0,0,0,0,0,de acuerdo con ud yo creer q este malinterpretación él que poner de manifiesto ser uno espanol pesimo ya que este estudiante ser incapaz de generar el ecuación correcto usar el informacion que él brindar
9e9eb55ab84d02ec0fcf5f8030103cfe,"CIENCIA,  EDUCACIÓN, CULTURA",0,Es verdad que algunos videos y temas de regueton se van del limite a punto de acercarse al relajo.,cu,0,0,0,0,0,0,0,0,0,ser verdad que alguno video y tema de regueton él ir del limite a punto de acercar él al relajo
5c8e3f5431a0a5757ee8ff9b51a63ea8,"CIENCIA,  EDUCACIÓN, CULTURA",0,"Ismael Ramos, no hay que añadir pero sí que quitar: la s de dijistes",cu,0,0,0,0,0,1,0,0,0,ismael ramos no haber que añadir pero sí que quitar el s de dijist
74e1c8fa5f57a97a306bd9e5061c1eac,"CIENCIA,  EDUCACIÓN, CULTURA",0,Y la grasa de tenca ??? Muy usada en los 90.,cu,0,3,0,0,0,0,1,0,0,y el grasa de tenca mucho usado en el 90
9fb6714ffc58c2a41891279e73ad92f7,"CIENCIA,  EDUCACIÓN, CULTURA",0,Que falta hacia rufo caballero para que le tirara su COLUMNA encima al famoso chupi chupi.,cu,0,0,1,0,0,0,0,0,0,que faltar hacia rufo caballero para que él tirar su columna encima al famoso chupi chupi
97fc8683abd69f9cdd1ac0fa368217d1,"CIENCIA,  EDUCACIÓN, CULTURA",0,Tal vez sería factible para estudiantes y padres que se publique por esta vía la(s) respuesta(s) que se aceptará(n) para evitar más especulaciones.,cu,0,0,0,0,0,0,0,0,0,tal vez ser factible para estudiante y padre que él publicar por este vía el s respuesta s que él aceptar n para evitar más especulación
b7db275066b40157c764c31e2057f5c3,"CIENCIA,  EDUCACIÓN, CULTURA",0,Por eso es que cada vez mas se acaba con el buen uso del espanol en nuestro pais. Con politicas como estas que mas se puede pedir??,cu,0,2,0,0,0,0,0,0,0,por ese ser que cada vez mas él acabar con el buen uso del espanol en nuestro pais con politica como este que mas él poder pedir
a0798b516a098e27bed7694c3481813f,"CIENCIA,  EDUCACIÓN, CULTURA",0,Yo hubiese hecho lo mismo que tú. Ahora hay que ver si te evalúan con todos los puntos.,cu,0,0,0,0,0,0,0,0,0,yo haber hacer él mismo que tú ahora haber que ver si tú evaluar con todo el punto
5b87fba65af7905646c3ef1071974ec4,"CIENCIA,  EDUCACIÓN, CULTURA",0,"Loky lo que planteas en la ecuación que 20%y=z no es exactamente lo que dice el problema sino al revés, pero llamé a la comisión de ingreso y esa respuesta también se va a considerar correcta y en ese caso coincidimos que el resultado son números naturales.",cu,0,0,0,0,0,2,0,0,0,loky él que plantear en el ecuación que 20 y z no ser exactamente él que decir el problema sino al revés pero llamar a el comisión de ingreso y ese respuesta también él ir a considerar correcto y en ese caso coincidir que el resultado ser número natural
a15ee59b57df02778fabf25fd3ce7dfa,"CIENCIA,  EDUCACIÓN, CULTURA",0,"Y a ti Cubadebate que en buena estima te tengo: ¿Por qué no te hiciste estas mismas conjeturas u otras, que seguro sobran, antes de publicar una nota tan simple para dar respuesta a un problema tan grave?",cu,0,2,0,0,0,1,0,0,0,y a tú cubadebate que en buen estima tú tener por qué no tú hiciste este mismo conjetura u otro que seguro sobrar antes de publicar uno nota tanto simple para dar respuesta a uno problema tanto grave
4071fb0d4fe7a8033ff11087ea1b1d39,"CIENCIA,  EDUCACIÓN, CULTURA",0,"Evidente que NO HAY ACEITE sin llegar a profundizar en el dato cientifico,es mas que ni lo creo : paises del primer mundo con basta tradicion culinaria y bastantes sutiles y defensores de lo saludable tanto como ajenos a los imperios del mercado; usan aceite vegetal .Entonces!!!!",cu,4,0,2,0,0,3,1,0,0,evidente que no haber aceite sin llegar a profundizar en el dato cientifico ser mas que ni él creer país del primero mundo con basta tradicion culinaria y bastante sutil y defensor de él saludable tanto como ajeno a el imperio del mercado usar aceite vegetal entonces
3d8dba3873351e2a9f355d1f168c53ce,"CIENCIA,  EDUCACIÓN, CULTURA",0,"Y donde estan los argumentos de los horrores esos? lo natural siempre va a ser más saludable, RECUERDA ESO!!",cu,2,1,2,0,0,0,0,0,0,y donde estar el argumento de el horror ese él natural siempre ir a ser más saludable recordar ese
98dd0c6d4b9cd05965610a5e8365e832,"CIENCIA,  EDUCACIÓN, CULTURA",0,"El fraude del año pasado afectó a una fracción de los estudiantes, el error de este año afectó al 100% de los estudiantes. Espero que se tomen y se publiquen las medidas correspondientes",cu,0,0,0,0,0,0,0,0,0,el fraude del año pasado afectar a uno fracción de el estudiante el error de este año afectar al 100 de el estudiante esperar que él tomar y él publicar el medida correspondiente
de95a7e0de90c35e31e1ad69d52bdad3,"CIENCIA,  EDUCACIÓN, CULTURA",0,"La letra de la canción Chupi Chupi es literalmente una falta de respeto, yo no la he escuchado pues desde hace tiempo he dejado de escuchar los musicales de la TV y la radio justamente por toda la basura que tiran en nuestros oidos y mentes, es irritantante que el ICRT no ponga coto a estas cosas",cu,0,0,1,0,0,2,0,0,0,el letra de el canción chupi chupi ser literalmente uno falta de respeto yo no él haber escuchar pues desde hacer tiempo haber dejar de escuchar el musical de el tv y el radio justamente por todo el basura que tirar en nuestro oido y mente ser irritantante que el icrt no poner coto a este cosa
83e1ce7238589a2abaa2dcfc2510571b,"CIENCIA,  EDUCACIÓN, CULTURA",0,?Prefiero trescientas veces la genialidad y profesionalidad del Tosco con su lenguaje populachero que la mediocridad de muchos personajes con su metatranca culturosa y su frivolidad.,cu,0,1,0,0,0,0,0,0,0,preferir trescientos vez el genialidad y profesionalidad del tosco con su lenguaje populachero que el mediocridad de mucho personaje con su metatranca culturós y su frivolidad
da71c35eab1cdd713c4426585bc5a9b7,"CIENCIA,  EDUCACIÓN, CULTURA",0,"ahora que esta perdido el aceite de la tienda, es que nos enteramos que la manteca de cerdo es mas saludable y hasta mas barata que el aceite",cu,0,0,0,0,0,0,0,0,0,ahora que este perder el aceite de el tienda ser que yo enterar que el manteca de cerdo ser mas saludable y hasta mas baratar que el aceite
9a71bb3d07579848d7a6569e90502d17,"CIENCIA,  EDUCACIÓN, CULTURA",0,¿Ahora me lo dicen?. ya me embarqué,cu,0,2,0,0,0,0,0,0,0,ahora yo él decir ya yo embarqué
544f63f4384283f2bc50a02638385c0b,"CIENCIA,  EDUCACIÓN, CULTURA",0,"Muy interezante ,esta noticia me alegra ya que me fascina la manteca de puerco y no la comia mucho pues creia que me haría daño Muchas gracias por la información.",cu,0,0,0,0,0,1,0,0,0,mucho interezante este noticia yo alegrar ya que yo fascinar el manteca de puerco y no el comia mucho pues creer que yo hacer daño mucho gracia por el información
a73e4a8253a7d5f918c6afbca47b9b2a,"CIENCIA,  EDUCACIÓN, CULTURA",0,Ce! Qué mal gusto!!! Y eso es lo que preferimos los cubanos? 50 años de Revolución cultural para exponerle eso al mundo? La Sodomo y Gomorra del 2011. De verdad quieren que sus hijos crezcan rodeados de esos valores? Las niñitas bailando mientras chupan platanuquis?,cu,4,4,0,0,0,0,1,0,0,c e qué mal gusto y ese ser él que preferir el cubano 50 año de revolución cultural para exponer él ese al mundo el sodomo y gomorra del 2011 de verdad querer que su hijo crezcar rodeado de ese valor el niñita bailar mientras chupar platanuquis
b25e6fc58a05f0c6e0d3735abf79aad8,"CIENCIA,  EDUCACIÓN, CULTURA",0,"Que barbaridad, y yo que supe del Chupi Chupi en los Lucas, en ese momento me critique porque sentí que estaba desactualizado en la música nacional, casualmente en ese momento supe que estaba nominada en las Categorías de:
Mejor Video de Reguetón",cu,0,0,0,0,0,0,0,0,0,que barbaridad y yo que supar del chupi chupi  en el luca en ese momento yo criticar porque sentir que estar desactualizado en el música nacional casualmente en ese momento saber que estar nominado en el categoría de mejor video de reguetón
bc8c8ad2a67fab599d41abce55d07f0b,"CIENCIA,  EDUCACIÓN, CULTURA",0,"Hace unos años en el periódico Vanguardia de VC, salió un estudio sobre los ancianos más longevos y coincidian en su procedencia campesina, su dieta de Carne de Puerco, Grasas, Viandas y -aunque paresca contradictorioFumaban",cu,0,0,0,0,0,0,0,0,0,hacer uno año en el periódico vanguardia de vc salir uno estudio sobre el anciano más longevo y coincidiar en su procedencia campesino su dieta de carne de puerco grasa vianda y aunque parescar contradictoriofumar
8a3b6fd8bb89a6950412fdb596f4bce7,"CIENCIA,  EDUCACIÓN, CULTURA",0,tu si la pusiste buena.jajajajaja grasa de de tenca..esa no se olvida.la mejor en pleno periodo especialpregúntale a muchos de nuestros padres y vecinos que lo sufrieron.,cu,0,0,0,0,0,1,0,0,0,tu si él pusistir buen jajajajaja grás de de tenca ese no él olvidar el mejor en pleno periodo especial pregúntalir a mucho de nuestro padre y vecino que él sufrir
117e566b0bb6ec2019f70593ce6896f9,"CIENCIA,  EDUCACIÓN, CULTURA",0,"poe favor, el inciso b solo era para obtener un %, el mayor peso de la pregunta estaba en el inciso a. ANULEN ESA PREGUNTA, ES UN PEDIDO DE PADRES Y ALUMNOS. ACEPTEN LA EQUIVOCACION. RECTIFICAR ES DE SABIOS. NO ES UNA VERGUENZA EQUIVOCARSE.",cu,0,0,13,0,0,1,0,0,0,poe favor el inciso b solo ser para obtener uno el mayor peso de el pregunta estar en el inciso a anulen ese pregunta ser uno pedido de padre y alumno aceptar el equivocacion rectificar ser de sabio no ser uno verguenza equivocar él
e8d91b73476eb4b7e73a34f6d8f70c3d,"CIENCIA,  EDUCACIÓN, CULTURA",0,Cómo queda el estudiante que cuando vio que la solución no era coherente borró la respuesta. Para mi la respuesta correcta era dejar la pregunta en blanco porque un problema con errores no debe resolverse.,cu,0,0,0,0,0,2,0,0,0,cómo quedar el estudiante que cuando ver que el solución no ser coherente borrar el respuesta para mi el respuesta correcto ser dejar el pregunta en blanco porque uno problema con error no deber resolver él
9973636f133e0876b83c50a0a5e147a8,"CIENCIA,  EDUCACIÓN, CULTURA",0,Está muy buena la publicación pero no se ponen de acuerdo.Primero que la manteca era dañina y el aceite era el recomendado por los médicos y resulta que ahora es al inversa.Por fin en quien creemos.,cu,0,0,0,0,0,1,0,0,0,estar mucho buen el publicación pero no él poner de acuerdo primero que el manteca ser dañino y el aceite ser el recomendado por el médico y resultar que ahora ser al inversa por fin en quien creer
4162be871f0453c7d634f767f04804cd,"CIENCIA,  EDUCACIÓN, CULTURA",0,Pero es q no tenemos de ninguna porque no hay Aceite y Manteca de puerco mucho menos,cu,0,0,0,0,0,3,0,0,0,pero ser q no tener de ninguno porque no haber aceite y manteca de puerco mucho menos
3a1ba8faf20a5914f02b6331ae570cbb,"CIENCIA,  EDUCACIÓN, CULTURA",0,"cuando no es juana es la hermana, siempre hay problemas con estas pruebas, cuando no se filtran, hay un error!!! menos mal que ya yo pase ese martirio!!!",cu,6,0,0,0,0,2,2,0,0,cuando no ser juán ser el hermana siempre haber problema con este prueba cuando no él filtrar haber uno error menos mal que ya yo pasar ese martirio
fdef00c1d6c6e83b9de750075425e000,"CIENCIA,  EDUCACIÓN, CULTURA",0,Te cuidado no inventen que venga grasa de puerto por aceite de oliva,cu,0,0,0,0,0,1,0,0,0,tú cuidado no inventir que venir grasa de puerto por aceite de oliva
ddb9f8c77df97b296541149c123d1568,"CIENCIA,  EDUCACIÓN, CULTURA",0,Me van a volver locoooo. Esa teoría es desde que se perdió el aceite en las tiendas cubanas no?????? NO ENTIENDO NADA,cu,0,6,2,0,0,3,2,0,0,yo ir a volver locoo  ese teoría ser desde que él perder el aceite en el tienda cubano no no entender nada
7a0982a1754902a179ca9e3fa45ad930,"CIENCIA,  EDUCACIÓN, CULTURA",0,"?Siempre he compartido casi al 100% las opiniones de Paquita, pero esta vez estoy defraudado con su opinion por apostar y justificar la chavacanería del jurado(a excepcion de Daiana). Quisiera ahora saber si quienes permiten eso estan de parte o en contra del 349.",cu,0,1,0,0,0,0,0,0,0,siempre haber compartir casi al 100 el opinión de paquita pero este vez estar defraudado con su opinion por apostar y justificar el chavacanería del jurado a excepcion de daiana querer ahora saber si quien permitir ese estar de parte o en contra del 349
6c372a70d190e32b0bef58d38ec6a6cd,"CIENCIA,  EDUCACIÓN, CULTURA",0,"?si como no pquita ahora hace falta q cuando la banda este lista el tosco monte una de esas canciones compuestas por el como esa q tiene un estribillo q dice, echale agua a los frijoles q viene visita,,por favor",cu,0,1,0,0,0,1,0,0,0,si como no pquitar ahora hacer falta q cuando el banda este lista el tosco monte uno de ese canción compuesto por el como ese q tener uno estribillo q decir echalar agua a el frijol q venir visita por favor
231c5c99020b91319b46fd2455d95845,"CIENCIA,  EDUCACIÓN, CULTURA",0,"Hola Lissette DVLH, me gustan tus comentarios, eres muy decidida y radical, tienes un seguidor en mi. Un saludo.",cu,0,0,1,0,0,0,0,0,0,hola lissette dvlh yo gustar tu comentario ser mucho decidido y radical tener uno seguidor en mi uno saludo
db31c55528ad11c58b5c615fa2a56687,"CIENCIA,  EDUCACIÓN, CULTURA",0,Es deprimente leer esta nota informativa ¿qué pasa con las pruebas de ingreso a la Universidad que todos los años es un cuento diferente? Si son académicos de tanta experiencia deben evaluarlos.,cu,0,2,0,0,0,0,0,0,0,ser deprimente leer este nota informativo qué pasar con el prueba de ingreso a el universidad que todo el año ser uno cuento diferente si ser académico de tanto experiencia deber evaluarlo
cde92ed1762698147ab0280a2a467542,"CIENCIA,  EDUCACIÓN, CULTURA",0,Yo como estudiante quisiera que publicaran todas las posibles respuestas del ejercicio porque a mi me dio un resultado coherente con el problema pero no se si las ecuaciones esten bien porque en un espacio tan pequeño no da tiempo de revisar mucho,cu,0,0,0,0,0,2,0,0,0,yo como estudiante quisierar que publicarar todo el posible respuesta del ejercicio porque a mi yo dar uno resultado coherente con el problema pero no él si el ecuación estir bien porque en uno espacio tanto pequeño no dar tiempo de revisar mucho
ad1f3ce02fb1b42f0aa743463641dd9b,"CIENCIA,  EDUCACIÓN, CULTURA",0,"Taladrid, tienes tarea",cu,0,0,0,0,0,0,0,0,0,taladrid tener tarea
adeeca9f36d16b406a13b6f160dfaa13,"CIENCIA,  EDUCACIÓN, CULTURA",0,¿alguien ha calculado la canticdad de grupos musicales que hay en Cuba con 12 millones de habitamntes mas o menos.?,cu,0,2,0,0,0,0,0,0,0,alguien haber calcular el canticdad de grupo musical que haber en cuba con 12 millón de habitamnt mas o menos
f4ee8365d1941ae86b4f2cebfef6119e,"CIENCIA,  EDUCACIÓN, CULTURA",0,RITA QUE BUENO PORQUE TIENEN A LAS PERSONAS EN JAQUE MATE,cu,0,0,9,0,0,0,0,0,0,retar que bueno porque tener a el persona en jaque mate
9e289c5c14440dc23e679bb4ff931fca,"CIENCIA,  EDUCACIÓN, CULTURA",0,": La payola no es más que el pago ilegal de un artista a directores de programas o musicalizadores para colocarlos arbitraria y reiteradamente en las producciones musicales, listas de éxitos, etc.",cu,0,0,0,0,0,1,0,0,0,el payola no ser más que el pago ilegal de uno artista a director de programa o musicalizador para colocarlo arbitrario y reiteradamente en el producción musical listo de éxito etc
a9938500a832345b472163f048899ffc,"CIENCIA,  EDUCACIÓN, CULTURA",0,"el regueton salio de la calle, llego a los medios de difusion y vuelve a la calley se volvera a repetir por muchas veces el ciclo, pues no seria la primera ocasion esta",cu,0,0,0,0,0,1,1,0,0,el regueton salio de el calle llego a el medio de difusion y volver a el calle y él volvera a repetir por mucho vez el ciclo pues no seriar el primero ocasion este
314d64f70a6915109a50df9ea2ec28f7,"CIENCIA,  EDUCACIÓN, CULTURA",0,caballero el chacal tiene 9no grado.y Osmany debe estar como el 8vo.. que màs le van a pedir!!!!!!!,cu,7,0,0,0,0,0,1,0,0,caballero el chacal tener 9no grado y osmany deber estar como el 8vo que màs él ir a pedir
15113d0a5f9388c614db96ffd336ffca,"CIENCIA,  EDUCACIÓN, CULTURA",0,La vida me ha demostrado que todas las cosas naturales son más saludables que las que pasan por un proceso infligido por la acción de hombre! Les aconsejo siempre optar por lo natural en todos los aspectos y tendrán una vida más saludable!,cu,2,0,0,0,0,0,0,0,0,el vida yo haber demostrar que todo el cosa natural ser más saludable que el que pasar por uno proceso infligido por el acción de hombre él aconsejar siempre optar por él natural en todo el aspecto y tener uno vida más saludable
ad5bac67311721adebcde0546ff4fe56,"CIENCIA,  EDUCACIÓN, CULTURA",0,Siempre se ah dicho que el aceite es naturalmente saludable y la manteca es perjudicial pues afecta mucho,cu,0,0,0,0,0,0,0,0,0,siempre él ah decir que el aceite ser naturalmente saludable y el manteca ser perjudicial pues afectar mucho
b58c7d6c74388c11dd35c4b7b95ab4a8,"CIENCIA,  EDUCACIÓN, CULTURA",0,"Buen artículo, pero no creo que LOS MÁXIMOS EXPONENTES DEL GÉNERO se interesen en leerlo, creo que la ignorancia forma parte de su currículum",cu,0,0,5,0,0,1,0,0,0,buen artículo pero no creer que el máximo exponente del género él interesen en leer él creer que el ignorancia formar parte de su currículum
