ID,TOPIC,IS_IRONIC,MESSAGE,VARIANTE,n_exc,n_int,n_may,n_emo,n_ris,n_neg,n_elo,n_com,n_pun,MESSAGE_CLEAN
6424ee0864a0af40660686e135f5652b,asuntosConacyt,1,"Rica económicamente, pero muy pobre en objetividad.",mx,0,0,0,0,0,0,0,0,0,rica económicamente pero muy pobre en objetividad
f59978451dd7fb228830fed2ae00c3ef,asuntosConacyt,1,"En algo tiene razón, mafias hay en todo, hasta en su 4t.",mx,0,0,0,0,0,0,0,0,0,en algo tiene razón mafias hay en todo hasta en su 4t
280963c5eb0d162858caf3480a7ea08c,asuntosConacyt,1,¿De cuándo acá tan preocupados por la ciencia y la investigación?,mx,0,2,0,0,0,0,0,0,0,de cuándo acá tan preocupados por la ciencia y la investigación
69af1d02743953e5a0e971cf6ac00c69,asuntosConacyt,1,"De una vez que paren las titulaciones, que todos sean pasantes, así todos tendrán el mismo nivel que el director de Pemex y el subdirector de Conacyt 😡",mx,0,0,0,1,0,0,0,0,0,de una vez que paren las titulaciones que todos sean pasantes así todos tendrán el mismo nivel que el director de pemex y el subdirector de conacyt cara_cabreada
b0be044f4682eea74c6fe83a87fff22a,asuntosConacyt,1,@LopesDorigaa @Dolores_PL  Es el que también te atiende tu tiendita.. a la Padierna...!!,mx,2,0,0,0,0,0,1,0,1,[user] [user] es el que también te atiende tu tiendita a la padierna
bb3895deabd4aba3e328abdfa53323b4,asuntosConacyt,1,Pero ahí viene el joven prodigio y digno representante dr la 4ta Tranformación a hacer el quite,mx,0,0,0,0,0,0,0,0,0,pero ahí viene el joven prodigio y digno representante dr la 4ta tranformación a hacer el quite
07e712aec9b92319cfff48e07d00731c,asuntosConacyt,1,"@lopezobrador_   Habla de la Mafia del poder y ahora  de la Mafia de la ciencia , y el es el padrino de la Mafia de la estupidez e incompetencia",mx,0,0,0,0,0,0,1,0,0,[user] habla de la mafia del poder y ahora de la mafia de la ciencia y el es el padrino de la mafia de la estupidez e incompetencia
99baf109f3a25721ffdb30c529990b0a,asuntosConacyt,1,¿y la diseñadora de modas en el CONACYT?,mx,0,2,1,0,0,0,0,0,0,y la diseñadora de modas en el conacyt
5f70ec64d4cc6f4d628ce74008b815c5,asuntosConacyt,1,Esta 4T odia todo al que se tiene estudios. Nadie puede ser más inteligente y tener más años de estudios que AMLO.,mx,0,0,1,0,0,1,0,0,0,esta 4t odia todo al que se tiene estudios nadie puede ser más inteligente y tener más años de estudios que amlo
d8deeac521c1c8ad396f680f6b11db76,asuntosConacyt,1,Si es tan inteligente que lo manden a la Secretaría de Educación faltan refuerzos en ese lugar.....,mx,0,0,0,0,0,0,1,0,1,si es tan inteligente que lo manden a la secretaría de educación faltan refuerzos en ese lugar
1e43dee665de80c700ffb642ac767b98,asuntosConacyt,1,"Cuba pais ejemplo??? Si, ejemplo para no imitar!!! No cabe duda de el rumbo de está administración, ignorancia, empobrecimiento, clientelismo para luego solo administrarlo.",mx,3,3,0,0,0,2,2,0,0,cuba pais ejemplo si ejemplo para no imitar no cabe duda de el rumbo de está administración ignorancia empobrecimiento clientelismo para luego solo administrarlo
530502c1e43503c5e8b00a1dc7848464,asuntosConacyt,1,"¿Qué se puede esperar del más claro exponente del efecto Dunning-Kruger (y de sus seguidores más aún)? Efecto Dunning-Kruger; cuanto menos sabemos, más listos nos creemos:",mx,0,2,0,0,0,0,0,0,0,qué se puede esperar del más claro exponente del efecto dunning kruger y de sus seguidores más aún efecto dunning kruger cuanto menos sabemos más listos nos creemos
d6b547330b39efda735a6c1343154e13,asuntosConacyt,1,"No pos deben de ser pendejos, pa que sacarlos de donde están si después se.olvidan de dónde salieron... Deben ser pendejazos de 4ta. Así.",mx,0,0,0,0,0,1,1,0,1,no pos deben de ser pendejos pa que sacarlos de donde están si después se olvidan de dónde salieron deben ser pendejazos de 4ta así
0eaded4184088faacd4d74b2fa8134aa,asuntosConacyt,1,"Como cuando cambias de personal porque hacen mal el trabajo encomendado y resulta que los reemplazos son piores ( es decir, piores que los peores)",mx,0,0,0,0,0,0,0,0,0,como cuando cambias de personal porque hacen mal el trabajo encomendado y resulta que los reemplazos son piores es decir piores que los peores
e9d9f8b7c95964b09cc7c19d564bcd97,asuntosConacyt,1,"Es el colmo con su transformación bananera de cuarta, Pejezuela, siganle.....siganle....no van a llegar ni a la mitad del sexenio..  me canso ganso.",mx,0,0,0,0,0,2,2,0,2,es el colmo con su transformación bananera de cuarta pejezuela siganle siganle no van a llegar ni a la mitad del sexenio me canso ganso
fb3efd1f5825a231b55d63f55fad4482,asuntosConacyt,1,Pero moralmente es muy capaz. 😅,mx,0,0,0,1,0,0,0,0,0,pero moralmente es muy capaz cara_sonriendo_con_sudor_frío
6bf6e21c0f119ad4f0699a04f9dbde04,asuntosConacyt,1,La contraparte dice que el maiz tiene alma. Con eso basta para entender el despido,mx,0,0,0,0,0,0,0,0,0,la contraparte dice que el maiz tiene alma con eso basta para entender el despido
15b3a6ba1814ed0a834f2c1a5108687a,asuntosConacyt,1,Palabra del señor - te alabamos señor,mx,0,0,0,0,0,0,0,0,0,palabra del señor te alabamos señor
f269dbe8bdbf1af474a66102666e7ab0,asuntosConacyt,1,Que yo recuerde videgaray dijo no saber nada del cargo y que se le disculpara la curva de aprendizaje???? No pues si éramos mas felices ....,mx,0,4,0,0,0,3,2,0,1,que yo recuerde videgaray dijo no saber nada del cargo y que se le disculpara la curva de aprendizaje no pues si éramos mas felices
45d1226443c8415eefafc615ee896159,asuntosConacyt,1,Ser culto o preparado es ser fifí?Que idiota con razón termino una licenciatura en 14 años que bestia,mx,0,1,0,0,0,0,0,0,0,ser culto o preparado es ser fifí que idiota con razón termino una licenciatura en 14 años que bestia
dc5ab06e2c77680ea18a65ba08f2f6da,asuntosConacyt,1,"Tiene una ventaja enorme. Cuando acabe su periodo no tendrá el problema de que la quiera contratar una empresa de Biotecnología, tecnología o ciencia alguna en 10, 20 o 100 años",mx,0,0,0,0,0,1,0,0,0,tiene una ventaja enorme cuando acabe su periodo no tendrá el problema de que la quiera contratar una empresa de biotecnología tecnología o ciencia alguna en 10 20 o 100 años
0fc67e41153e55e56551582d1ec32618,asuntosConacyt,1,"Ahora se entiende lo del subdirector. Señora tengo secundaria, no habrá un puesto como de coordinador de investigaciones sociales y económicas? En una de esas pega.",mx,0,1,0,0,0,1,0,0,0,ahora se entiende lo del subdirector señora tengo secundaria no habrá un puesto como de coordinador de investigaciones sociales y económicas en una de esas pega
b2e0e9e80ce4266fd8b3cc3529ac726d,asuntosConacyt,1,Y en 3 meses de conocerlo se ganó tal puesto.... 😮😮😮😮,mx,0,0,0,4,0,0,2,0,1,y en 3 meses de conocerlo se ganó tal puesto cara_con_la_boca_abierta cara_con_la_boca_abierta cara_con_la_boca_abierta cara_con_la_boca_abierta
a54d7c3e0cdbd73aebbf6616d97b7460,asuntosConacyt,1,"Mafias por aqui, mafias por alla, mafias por delante y mafias por detras.",mx,0,0,0,0,0,0,0,0,0,mafias por aqui mafias por alla mafias por delante y mafias por detras
ab8e1c8fb6668d77db599dcd6cbf8a5b,asuntosConacyt,1,"Las mafias de López Obrador son como el jetta, están en su cabeza.",mx,0,0,0,0,0,0,0,0,0,las mafias de lópez obrador son como el jetta están en su cabeza
27d6eeac9f037676311d79e92b0f72cd,asuntosConacyt,1,Consejo Nacional de Ciencia y Tecnología. No tamaleria la india bonita o tacos de canasta Chonita. Nombren gente preparada.,mx,0,0,0,0,0,1,0,0,0,consejo nacional de ciencia y tecnología no tamaleria la india bonita o tacos de canasta chonita nombren gente preparada
dc39cff1f616154d392c8b0ed6824e88,asuntosConacyt,1,"Que esta brillante directora del @Conacyt_MX nos comente donde realizó sus estudios de postgrado, en México no fue",mx,0,0,0,0,0,1,0,0,0,que esta brillante directora del [user] nos comente donde realizó sus estudios de postgrado en méxico no fue
c407c3139153fffe0d797555324aa837,asuntosConacyt,1,@anafvega dice que continuamos en la era de La Conquista.. Así que ella trabajará para llevaron a la de Las  Cavernas!!!! 🥴😒,mx,4,0,0,2,0,0,1,0,0,[user] dice que continuamos en la era de la conquista así que ella trabajará para llevaron a la de las cavernas cara_de_grogui cara_de_desaprobación
16d3c41c45f46409462aaac31822e4ee,asuntosConacyt,1,Debería mejor dedicarse a diseñar los trajes del presidiario porque se ve la puta chingada,mx,0,0,0,0,0,0,0,0,0,debería mejor dedicarse a diseñar los trajes del presidiario porque se ve la puta chingada
5f7b6a6597e894492e2acbb0c71b0479,asuntosConacyt,1,¿A quién faltará de insultar y calumniar el presidente López ? 🤔,mx,0,2,0,1,0,0,0,0,0,a quién faltará de insultar y calumniar el presidente lópez cara_pensativa
60b5ebfbf1724012c1003b5adbf60070,asuntosConacyt,1,Él encuentra mafias hasta en la sopa,mx,0,0,0,0,0,0,0,0,0,él encuentra mafias hasta en la sopa
a1a39f245d80c2f46f289907f5ea45f8,asuntosConacyt,1,Mafia de la ciencia?? De dónde saca este personaje tantas idioteces??? Realmente esta mal de la cabeza,mx,0,5,0,0,0,0,1,0,0,mafia de la ciencia de dónde saca este personaje tantas idioteces realmente esta mal de la cabeza
c65fd8528cb0dabeb8a66c76b04b7f16,asuntosConacyt,1,"No se si el señor tenga mascotas, pero me preocua que cuando se le acaben los cuates a quien regalarle posiciones en el gobierno no le vaya a salir lo Caligula.",mx,0,0,0,0,0,2,0,0,0,no se si el señor tenga mascotas pero me preocua que cuando se le acaben los cuates a quien regalarle posiciones en el gobierno no le vaya a salir lo caligula
3e5a640ff72e0a2ae1ad70a706e4e311,asuntosConacyt,1,"Jajajajaja qué mierda es que se quiera justificar todo con ""honestidad"". Se puede ser honesto y mediocre a la vez.",mx,0,0,0,0,0,0,0,2,0,jajajajaja qué mierda es que se quiera justificar todo con honestidad se puede ser honesto y mediocre a la vez
7fc5600191b13ba31a6022139b58cc54,asuntosConacyt,1,"Pues después de nombrar a un agrónomo para Pemex , a un ex priísta de lo más nefasto( además senil) en la CFE ... que esperábamos ??",mx,0,2,1,0,0,0,1,0,1,pues después de nombrar a un agrónomo para pemex a un ex priísta de lo más nefasto además senil en la cfe que esperábamos
b9ebaa5ad4e5e4af802f6cbfabbe0dd2,asuntosConacyt,1,"Luego que ? La Mafia de la vejez?, La Marie del tiempo? Y eso va a poner de pretexto al no poder cumplir sus milagros diciendo que ya se siente más viejo de lo que está?",mx,0,4,0,0,0,1,0,0,0,luego que la mafia de la vejez la marie del tiempo y eso va a poner de pretexto al no poder cumplir sus milagros diciendo que ya se siente más viejo de lo que está
fc9e65039210d97fdb2988cb1823e06d,asuntosConacyt,1,"El gigante invisible, ya ponte a trabajar sin andar llorando.",mx,0,0,0,0,0,1,0,0,0,el gigante invisible ya ponte a trabajar sin andar llorando
bfa23c4787d7e555666985d699937009,asuntosConacyt,1,Tristeza ver a personas con poca preparación decidiendo el destino de las mentes brillantes...  Con pensamientos acordes a su nivel que dañarán a México por su falta de capacidad intelectual...  Cocinera a tus guisos...,mx,0,0,0,0,0,0,3,0,3,tristeza ver a personas con poca preparación decidiendo el destino de las mentes brillantes con pensamientos acordes a su nivel que dañarán a méxico por su falta de capacidad intelectual cocinera a tus guisos
eb834d1c9d7bd07b3abbfd6db8757095,asuntosConacyt,1,"Los “Z” Los huachicoleros El Mencho La CNTE Romero Deschamps, Ellos son gente buena, víctima de las otras mafias !!",mx,2,0,1,0,0,0,0,2,0,los z los huachicoleros el mencho la cnte romero deschamps ellos son gente buena víctima de las otras mafias
7bce5485eb1eece469c6228942727e8c,asuntosConacyt,1,"Ya me imagino a la doña en una reunión técnica de la comisión. Le hablarán en chino, no entenderá ni madres. Sabrá por lo menos que es una bacteria, un hongo, una levadura, un metabolito, sustrato. NOOOOOOO",mx,0,0,1,0,0,2,1,0,0,ya me imagino a la doña en una reunión técnica de la comisión le hablarán en chino no entenderá ni madres sabrá por lo menos que es una bacteria un hongo una levadura un metabolito sustrato noo
bb1da30061a753300827c7db0999fafa,asuntosConacyt,1,"No te decepciones, va a haber muchas becas para estudiar en el extranjero, casi todas a Cuba. 🙄",mx,0,0,0,1,0,1,0,0,0,no te decepciones va a haber muchas becas para estudiar en el extranjero casi todas a cuba cara_con_ojos_en_blanco
5a56acfe74dfe9b0cffb2231839c4783,asuntosConacyt,1,"Las tonterías sólo se le ocurrirán en la mañana? Si nos estás con él, estás en contra... que jodido",mx,0,1,0,0,0,0,1,0,1,las tonterías sólo se le ocurrirán en la mañana si nos estás con él estás en contra que jodido
5386e84baddce7e2769799040f9d01cd,asuntosConacyt,1,"Estamos jodidos .., este tipo nos está regresando al oscurantismo... mal, mal, mal",mx,0,0,0,0,0,0,1,0,1,estamos jodidos este tipo nos está regresando al oscurantismo mal mal mal
6efe006f50a10278ff12403e50adab89,asuntosConacyt,1,No tanto el amiguismo si no la mayoría en las cámaras.... gracias PRI por lograr con tus jaladas todo esto.....,mx,0,0,1,0,0,2,2,0,2,no tanto el amiguismo si no la mayoría en las cámaras gracias pri por lograr con tus jaladas todo esto
ea4e53d213b6d5504e725b5340f68e4b,asuntosConacyt,1,Neta que ya hasta me siento mafioso,mx,0,0,0,0,0,0,0,0,0,neta que ya hasta me siento mafioso
09a9e7fe2bec4c6c07b153bdbb7e72c5,asuntosConacyt,1,"De risa. Todo lo que no está con mi presi @lopezobrador_, es ""Mafia"" de algo. Ahora toca la ""Mafia de la Ciencia"".",mx,0,0,0,0,0,1,0,4,0,de risa todo lo que no está con mi presi [user] es mafia de algo ahora toca la mafia de la ciencia
c429dad063105ace0f11ae5dda62575e,asuntosConacyt,1,Ticher en más de 18 años no pudistes habrír los ojos y aora de puro milagro en 70 días llegó tu cura. Vamos bien vamos bien 💪,mx,0,0,0,1,0,1,0,0,0,ticher en más de 18 años no pudistes habrír los ojos y aora de puro milagro en 70 días llegó tu cura vamos bien vamos bien bíceps_flexionado
1b941c8794299526f5e44e2951e012a4,asuntosConacyt,1,Pendejadas. Bravo. Saquen la Universidad de macuspana,mx,0,0,0,0,0,0,0,0,0,pendejadas bravo saquen la universidad de macuspana
feb0c2354692be40103b4472749efc72,asuntosConacyt,1,"La mafia del poder, la mafia de la ciencia, ¿que sigue, la mafia del amor?...",mx,0,2,0,0,0,0,1,0,1,la mafia del poder la mafia de la ciencia que sigue la mafia del amor
2344931475804964d34a9994939c589d,asuntosConacyt,1,"Espero que el conserje también sea investigado; peligro y ni la primaria terminó, y sería una ‘vergüenza’ para ‘la excelencia en inteligencia’ 🤦🏻‍♂️",mx,0,0,0,3,0,1,0,4,0,espero que el conserje también sea investigado peligro y ni la primaria terminó y sería una vergüenza para la excelencia en inteligencia hombre_con_la_mano_en_la_frente_tono_de_piel_claro
9c9e6e2ed314d64aa98b383bb6abe69e,asuntosConacyt,1,"Sueldos altos, seguro, como para pagar tenencia y mantenimiento de ........ por ejemplo deparatementos en Houston. O se siguen pagando con la labor ganada en 100 años. #lacuartatransformacionparecedequinta",mx,0,0,0,0,0,0,1,0,2,sueldos altos seguro como para pagar tenencia y mantenimiento de por ejemplo deparatementos en houston o se siguen pagando con la labor ganada en 100 años lacuartatransformacionparecedequinta
ebc796ebfbfe8c6d9f4121e796528077,asuntosConacyt,1,Pues si @lopezobrador_ está momificado en puras túnicas de compadrazgo desde que acabó la prepa abierta. Qué esperabas?,mx,0,1,0,0,0,0,0,0,0,pues si [user] está momificado en puras túnicas de compadrazgo desde que acabó la prepa abierta qué esperabas
6ee2e3cf6b7c0b9f71c88d8f55de5365,asuntosConacyt,1,"Claro, claro.. Y contratar como subdirectores a estudiantes en el @Conacyt_MX.. De verdad es que asusta tu gran inteligencia..",mx,0,0,0,0,0,0,0,0,0,claro claro y contratar como subdirectores a estudiantes en el [user] de verdad es que asusta tu gran inteligencia
5022bf927db649ca11aa13583e90e3bf,asuntosConacyt,1,Y QUE ESOERAN QUE JALE LOPITOS PUES GENTE ESTUDIADA DE HARVARD BOSTON !??? POR FAVOR CLARO QUE JALARA ESA BOLA DE PSISANOS CHONTALES QUE NI TERMINARON LA PRIMARIA Y NO ES QUE NO PUEDAN OCUPAR EL CARGO EL DETALLE ES QUE NO TIENEN ESTUDIOS DA RISA UNA MODISTA A LA CIENCIA DEL PAIS,mx,1,3,36,0,0,4,1,0,0,y que esoeran que jale lopitos pues gente estudiada de harvard boston por favor claro que jalara esa bola de psisanos chontales que ni terminaron la primaria y no es que no puedan ocupar el cargo el detalle es que no tienen estudios da risa una modista a la ciencia del pais
54a18501affd7f634ea86b7a38f8b249,asuntosConacyt,1,Es el toyboy de la Padierna,mx,0,0,0,0,0,0,0,0,0,es el toyboy de la padierna
3d0a8621348bd65fbb6bce78a5ee0341,asuntosConacyt,1,En manos de que gente ignorante estamos!! Plop,mx,2,0,0,0,0,0,0,0,0,en manos de que gente ignorante estamos plop
366ce60aac0bd2858c060047839023b1,asuntosConacyt,1,"Con todo respeto, puede tener tendencias demenciales que no son raras entre científicos y genios.",mx,0,0,0,0,0,1,0,0,0,con todo respeto puede tener tendencias demenciales que no son raras entre científicos y genios
e2185ff22c6601153f2c1a3c6d705efe,asuntosConacyt,1,"Por favor... basta de “pseudo complots”, “malas intenciones” y “mafias inventadas”; pero lo más importante: BASTA DE VICTIMIZARSE!!!! ES EL PRESIDENTE DE MEXICO, carajo!!",mx,6,0,4,0,0,0,2,6,1,por favor basta de pseudo complots malas intenciones y mafias inventadas pero lo más importante basta de victimizarse es el presidente de mexico carajo
d79659cc06793083b47b42ac87a526b7,asuntosConacyt,1,Qué sigue? Quitarnos los pasaportes a todos?,mx,0,2,0,0,0,0,0,0,0,qué sigue quitarnos los pasaportes a todos
fc6af0abcd8fee003f5fb738201d505a,asuntosConacyt,1,"Antes no decías ""Pobre México"" se me olvidaba que te encanta el chayote.",mx,0,0,0,0,0,1,0,2,0,antes no decías pobre méxico se me olvidaba que te encanta el chayote
9a4bf05c5cb22580b8f1cdeede4b67ff,asuntosConacyt,1,¿Y por eso se toma selfies desnudo el brillante subdirector?,mx,0,2,0,0,0,0,0,0,0,y por eso se toma selfies desnudo el brillante subdirector
18011dee77d8b37f5980192da3e60fc9,asuntosConacyt,1,Ya solo falta que ponga a rene bejarano en anlgun puesto !! 😂😂😂😂,mx,2,0,0,4,0,0,1,0,0,ya solo falta que ponga a rene bejarano en anlgun puesto cara_llorando_de_risa cara_llorando_de_risa cara_llorando_de_risa cara_llorando_de_risa
59d88b5cd716b09e66241003a59d8e38,asuntosConacyt,1,La 4T suena cada vez más como la 4ta corrupción!,mx,1,0,0,0,0,0,0,0,0,la 4t suena cada vez más como la 4ta corrupción
1ad8ee557ee93945c2228ee71e61675c,asuntosConacyt,1,Tal vez fue su amante y está bien recomendado 😆,mx,0,0,0,1,0,0,0,0,0,tal vez fue su amante y está bien recomendado cara_sonriendo_con_los_ojos_cerrados
f7f681a008d60cc1070615c3b546c7fa,asuntosConacyt,1,Y qué decir del DG de comunicación social de SEP que nunca ha estado estado en comunicación 🤣🤣🤣🤣,mx,0,0,1,4,0,1,1,0,0,y qué decir del dg de comunicación social de sep que nunca ha estado estado en comunicación cara_revolviéndose_de_la_risa cara_revolviéndose_de_la_risa cara_revolviéndose_de_la_risa cara_revolviéndose_de_la_risa
03c782f1353e5799733849a0775e4cd2,asuntosConacyt,1,"Cierto y al otro recomendado, el de las fotos sersis pa cuando le dan aire",mx,0,0,0,0,0,0,0,0,0,cierto y al otro recomendado el de las fotos sersis pa cuando le dan aire
369845c1545819bdeba9a5076f31f758,asuntosConacyt,1,Bravo Sr. Pejidente! Arriba la 4T....así seremos un país que exporte Diseño de Modas en vez de Tecnología! Qué sigue? Un Secretario con Maestría en Pole Dance?,mx,2,2,0,0,0,0,1,0,1,bravo sr pejidente arriba la 4t así seremos un país que exporte diseño de modas en vez de tecnología qué sigue un secretario con maestría en pole dance
ef988917f9871c4da008196b3c494a57,asuntosConacyt,1,"Pero el si sabe ""ler"", de qué se quejan ardidos? 🤣🤣🤣",mx,0,1,0,3,0,0,1,2,0,pero el si sabe ler de qué se quejan ardidos cara_revolviéndose_de_la_risa cara_revolviéndose_de_la_risa cara_revolviéndose_de_la_risa
22fbf60360c655f5db4b1caa2114e592,asuntosConacyt,1,"Còmo dijo el jefe de la 4T , ya estamos hasta la madre selva de tanta pinche mala decisión.",mx,0,0,0,0,0,0,0,0,0,còmo dijo el jefe de la 4t ya estamos hasta la madre selva de tanta pinche mala decisión
f1ea1d371052d156b99c6c8d3c3f79c7,asuntosConacyt,1,"Soy abogada, titulada, he tomado muchos cursos y especializaciones, tengo 20 años laborando como servidora pública federal, será que pueda ocupar un cargo ahí? O estoy sobre calificada?! 🤔🤔🤔🙄🙄",mx,1,2,0,5,0,0,1,0,0,soy abogada titulada he tomado muchos cursos y especializaciones tengo 20 años laborando como servidora pública federal será que pueda ocupar un cargo ahí o estoy sobre calificada cara_pensativa cara_pensativa cara_pensativa cara_con_ojos_en_blanco cara_con_ojos_en_blanco
dc1809a437cf3e3a82225368a349dbd4,asuntosConacyt,1,"Todo es mafia. ¡Pues ya sabía! Para qué se postuló para presidente. Esa respuesta no convence a lo 30 millones de mexicanos que votaron por él y a los que no votaron, menos.",mx,2,0,0,0,0,2,0,0,0,todo es mafia pues ya sabía para qué se postuló para presidente esa respuesta no convence a lo 30 millones de mexicanos que votaron por él y a los que no votaron menos
5621b50b755e7776e5cf9e1b20dbf766,asuntosConacyt,1,"La teoría del Peje es que sólo van a aprender malas mañas, de criticar la imbecilidad!",mx,1,0,0,0,0,0,0,0,0,la teoría del peje es que sólo van a aprender malas mañas de criticar la imbecilidad
2fece1b44b550197cdbf5401091a3e52,asuntosConacyt,1,"Por eso los contratan  Sin licenciatura, como  subdirectores del Conacyt y ganando más de 44 mil pesos al mes?",mx,0,1,0,0,0,1,0,0,0,por eso los contratan sin licenciatura como subdirectores del conacyt y ganando más de 44 mil pesos al mes
cf50cd084cd9d44e2acf6c0a7358db2e,asuntosConacyt,1,Tan inteligente qué con 29 años no ha terminado la licenciatura. Qué méritos tiene para desempeñar ése cargo ?,mx,0,1,0,0,0,1,0,0,0,tan inteligente qué con 29 años no ha terminado la licenciatura qué méritos tiene para desempeñar ése cargo
932401712e96bdb24022ba1f50b0bd23,asuntosConacyt,1,Ya por el amor de Dios ya póngale un chingadazo a este sr y también nosotros que esperamos ya para ponerle un estate quieto solo se le avisa que ya no es candidato presidencial ya me tiene hasta la madre este sr pendejadas tras pendejadas ?!! Puro Stand Up,mx,2,1,0,0,0,1,0,0,0,ya por el amor de dios ya póngale un chingadazo a este sr y también nosotros que esperamos ya para ponerle un estate quieto solo se le avisa que ya no es candidato presidencial ya me tiene hasta la madre este sr pendejadas tras pendejadas puro stand up
b5a820554de44a41249ae8d5b3c9b84e,asuntosConacyt,1,"Un aplauso para este señor, les está dando lo que merecen los 30 millones que votaron por el, que esperaban, alguien con doctorado en Harvard, 😂😂",mx,0,0,0,2,0,0,0,0,0,un aplauso para este señor les está dando lo que merecen los 30 millones que votaron por el que esperaban alguien con doctorado en harvard cara_llorando_de_risa cara_llorando_de_risa
ed34d89cd66586e187b6eb92b4b11d25,asuntosConacyt,1,"La ignorancia,en n un mes acabaron con el Conacyt",mx,0,0,0,0,0,0,0,0,0,la ignorancia en n un mes acabaron con el conacyt
649b9354a57fc9008c958fa93fcebf12,asuntosConacyt,1,La ignorancia avanza una casilla,mx,0,0,0,0,0,0,0,0,0,la ignorancia avanza una casilla
4fc0b337272f7516cd6e6b7a749dc0ea,asuntosConacyt,1,Los chairos le hacen a todo!!,mx,2,0,0,0,0,0,0,0,0,los chairos le hacen a todo
36b85b36bbb462978b43d19c869e2ac7,asuntosConacyt,1,Bienvenida compañera directora. Cierre las fronteras a los apátridas y tráigase a todos los fidelistas de la Isla. Saludos del camarada Putin.,mx,0,0,0,0,0,0,0,0,0,bienvenida compañera directora cierre las fronteras a los apátridas y tráigase a todos los fidelistas de la isla saludos del camarada putin
7561927cb5aa8458d59dbd980a5fde55,asuntosConacyt,1,"Un retroceso de 50 años; cuanto desprecio por la ciencia de la 4a  ""Deformación"" .Que importante el papel de los medios al señalar absurdos.Cuantas perlas más nos esperan??????",mx,0,6,0,0,0,0,1,2,0,un retroceso de 50 años cuanto desprecio por la ciencia de la 4a deformación que importante el papel de los medios al señalar absurdos cuantas perlas más nos esperan
666617a4abb165366438d106ee5b903b,asuntosConacyt,1,Dice Dolores Padierna que lo recomendó por inteligente al nivel de Padierna cualquier persona con secundaria es muy inteligente,mx,0,0,0,0,0,0,0,0,0,dice dolores padierna que lo recomendó por inteligente al nivel de padierna cualquier persona con secundaria es muy inteligente
754a68400b77b400e23e01d697d05cd2,asuntosConacyt,1,"@lopezobrador_  lo bueno es que usted no entrará en ninguna de estas mafias, ya que uno de sus requisitos es ser inteligente.",mx,0,0,0,0,0,2,0,0,0,[user] lo bueno es que usted no entrará en ninguna de estas mafias ya que uno de sus requisitos es ser inteligente
2e51ed3b3ef9cd2515b5e2a90c76de79,asuntosConacyt,1,"Lo que es un hecho innegable, es que las políticas de enviar estudiantes mexicanos al extranjero durante años ( sic ) nos tienen en un magnífico nivel científico y académico. Hoy somos potencia mundial. Ojalá AMLO no elimine esos planes que han beneficiado tan claramente .",mx,0,0,1,0,0,1,0,0,0,lo que es un hecho innegable es que las políticas de enviar estudiantes mexicanos al extranjero durante años sic nos tienen en un magnífico nivel científico y académico hoy somos potencia mundial ojalá amlo no elimine esos planes que han beneficiado tan claramente
af74d2a088e67fda0649e5350aa8c3cf,asuntosConacyt,1,"Totalmente de acuerdo, no vayan a ver que los países neoliberales son mejores que los de la izquierda latinoamericana.",mx,0,0,0,0,0,1,0,0,0,totalmente de acuerdo no vayan a ver que los países neoliberales son mejores que los de la izquierda latinoamericana
9ed7c70f2b66399d805949a7bc285e32,asuntosConacyt,1,Porque es un peligro tener gente educada....,mx,0,0,0,0,0,0,1,0,1,porque es un peligro tener gente educada
cf6df26a234e8e83e1c8c6c46e1c5603,asuntosConacyt,1,"Si esta de la verga que ese wey sea subdirector. Sobretodo por su ""IMPREPARACION"" 😂😂😂😂😂  Por eso hay que ler!!",mx,2,0,1,5,0,0,1,2,0,si esta de la verga que ese wey sea subdirector sobretodo por su impreparacion cara_llorando_de_risa cara_llorando_de_risa cara_llorando_de_risa cara_llorando_de_risa cara_llorando_de_risa por eso hay que ler
170e482d6a137aae0257deae1b45e1d0,asuntosConacyt,1,Simplemente demuestra @ElenaBuylla que ella y su jefe sólo tienen 💩💩💩💩 en la cabeza!  Lo que buscan es tener pendejos a todos los mexicanos para mantenerse en el poder por decadas!!!,mx,4,0,0,4,0,0,2,0,0,simplemente demuestra [user] que ella y su jefe sólo tienen caca_con_ojos caca_con_ojos caca_con_ojos caca_con_ojos en la cabeza lo que buscan es tener pendejos a todos los mexicanos para mantenerse en el poder por decadas
47d44291a810d90acf56c85b9add8627,asuntosConacyt,1,"¿Sabrá la titular del conacyt que cada vez que se come una tortilla, está comiendo maíz genéticamente modificado? Escudarse en la fobia a los transgenicos para justificar sus intransigencias dentro del instituto es una muestra más de su ineptitud para el cargo que ostenta",mx,0,2,0,0,0,0,0,0,0,sabrá la titular del conacyt que cada vez que se come una tortilla está comiendo maíz genéticamente modificado escudarse en la fobia a los transgenicos para justificar sus intransigencias dentro del instituto es una muestra más de su ineptitud para el cargo que ostenta
0802fa6a9fd726fd6265c7899308dc0e,asuntosConacyt,1,"Quiero denunciar a la Mafia de Marinela por reducirle la mermelada a sus pastelitos, y la Mafia de Sabritas por engañarnos con aire en sus empaques, el elotero de la iglesia ha de tener también su Mafia de los Esquítes porq no deja q nadie más venda por acá y no le pone cucharita",mx,0,0,0,0,0,3,0,0,0,quiero denunciar a la mafia de marinela por reducirle la mermelada a sus pastelitos y la mafia de sabritas por engañarnos con aire en sus empaques el elotero de la iglesia ha de tener también su mafia de los esquítes porq no deja q nadie más venda por acá y no le pone cucharita
8e20ab90e923a3411972029b25723569,asuntosConacyt,1,Bravo chairos felicidades! ¿Por qué? Por pendejos,mx,1,2,0,0,0,0,0,0,0,bravo chairos felicidades por qué por pendejos
e35473e097b31930bd53700c1112f90e,asuntosConacyt,1,AMLO PIENZA QUE EL CONACYT ES BOUTIQUE O ZOOLÓGICO. PERO HAY QUE ENTENDERLO EL SR. APENAS SI TERMINO LA ESCUELA ES UN FÓSIL DE LA UNAM QUE PUEDE SABER DEL CONACYT.,mx,0,0,20,0,0,0,0,0,0,amlo pienza que el conacyt es boutique o zoológico pero hay que entenderlo el sr apenas si termino la escuela es un fósil de la unam que puede saber del conacyt
0ab22788540381e0a83fd7de659b0d1d,asuntosConacyt,1,"Ay esta mafia de la ciencia!, que sólo quiere gente con títulos profesionales de maestrías y doctorados........",mx,1,0,0,0,0,0,1,0,2,ay esta mafia de la ciencia que sólo quiere gente con títulos profesionales de maestrías y doctorados
1d0f3fcac0a4cd1f3d92829098cf6865,asuntosConacyt,1,La mafia de la ciencia y la mafia de la cultura,mx,0,0,0,0,0,0,0,0,0,la mafia de la ciencia y la mafia de la cultura
7ccff477f34d521aa9bd98a1f66c6e42,asuntosConacyt,1,"Es perjudicial, tienen la capacidad de razonar.",mx,0,0,0,0,0,0,0,0,0,es perjudicial tienen la capacidad de razonar
be8538137e8ae01c523f18e0e343154f,asuntosConacyt,1,"Lo qué pasa que ella dice que inteligente el nuevo subdirector, pero a comparación de ella.",mx,0,0,0,0,0,0,0,0,0,lo qué pasa que ella dice que inteligente el nuevo subdirector pero a comparación de ella
6bf4328f9401b241af7c1a4dfaf27688,asuntosConacyt,1,"@lopezobrador_  mire usted persiguiendo a esta investigadora realmente preparada, y en la ciudad de México le dan el cargo de Subdirector del Conacyt a una persona sin haber terminado la carrera y su único mérito es mandar nudes en redes para homeosuxuales.",mx,0,0,0,0,0,1,0,0,0,[user] mire usted persiguiendo a esta investigadora realmente preparada y en la ciudad de méxico le dan el cargo de subdirector del conacyt a una persona sin haber terminado la carrera y su único mérito es mandar nudes en redes para homeosuxuales
4d398862590262f5304bc62e238ac533,asuntosConacyt,1,"Si porque aprendes malas mañas,  como diseños de maquibaria, robotica, alta tecnologia., es mejor que se queden aqui a cultivar nopales y a robar combustible.",mx,0,0,0,0,0,0,0,0,0,si porque aprendes malas mañas como diseños de maquibaria robotica alta tecnologia es mejor que se queden aqui a cultivar nopales y a robar combustible
7db858892f44e435c5cf5a336363c039,asuntosConacyt,1,Seré breve.  ESTA LOCA!!!!,mx,4,0,2,0,0,0,1,0,0,seré breve esta loca
31c4d8b5af46ccddc9d9834d3cb10996,asuntosConacyt,1,"@abogadodemaria Hola Teacher ¡Menos mal! Yo pensé que era otra foto y noticia sobre Yalitza Aparicio y estuve a punto de exclamar ""Ya no por favor!""",mx,3,0,0,0,0,1,0,2,0,[user] hola teacher menos mal yo pensé que era otra foto y noticia sobre yalitza aparicio y estuve a punto de exclamar ya no por favor
191e21eee3978b5b9677ed848d36136c,asuntosConacyt,1,"Yo pienso disculpen Ustedes Chairos, dejen de leer este Twitt....Dolores Padierna le debe unos ""Favores""....mejor dicho unos ""PRIVADOS"" 🧖‍♂️🛏 que no le pago.....!!!",mx,3,0,1,3,0,1,4,4,3,yo pienso disculpen ustedes chairos dejen de leer este twitt dolores padierna le debe unos favores mejor dicho unos privados hombre_en_una_sauna cama que no le pago
9f5f5b33e1c89def77548674cc67fac0,asuntosConacyt,1,Es la que le diseña los vestidos a la Betty G,mx,0,0,0,0,0,0,0,0,0,es la que le diseña los vestidos a la betty g
fa37e35fe16be914b5ff1f1911c41e9a,asuntosConacyt,1,"Digno reflejo de quien la nombró. ""no mandarlos al extranjero"", ""recorten presupuesto a investigación"" No vaya siendo qué aprendan algo útil",mx,0,0,0,0,0,2,0,4,0,digno reflejo de quien la nombró no mandarlos al extranjero recorten presupuesto a investigación no vaya siendo qué aprendan algo útil
5a7066d1313bb8b762d56ef501d16a2c,asuntosConacyt,1,Claro que hay mafia! Taibo es un ejemplo claro de eso,mx,1,0,0,0,0,0,0,0,0,claro que hay mafia taibo es un ejemplo claro de eso
23821e593a3b729c7842f50985bfe791,asuntosConacyt,1,¡¡¡ no mames !!! Si lo siguen cuestionando con el tema de las estancias infantiles ahora saldra con que es la mafia de los niños. Esta cabron!,mx,7,0,0,0,0,1,2,0,0,no mames si lo siguen cuestionando con el tema de las estancias infantiles ahora saldra con que es la mafia de los niños esta cabron
77c01803fbc3a4cc873168253f017eb1,asuntosConacyt,1,A que hora se cansa el ganso por favor!!! Es una pesadilla!!! No se puede con tanta ineptitud por parte de este gobierno 😣😱,mx,6,0,0,2,0,1,2,0,0,a que hora se cansa el ganso por favor es una pesadilla no se puede con tanta ineptitud por parte de este gobierno cara_desesperada cara_gritando_de_miedo
38a49258d0275b7daef40a6d8d4a8aea,asuntosConacyt,1,Que barbaridad vamos de picada más rápido de lo esperado,mx,0,0,0,0,0,0,0,0,0,que barbaridad vamos de picada más rápido de lo esperado
bb91554c65c1c6df71621040fc59c922,asuntosConacyt,1,La estupidez de cuarta 🤦‍♂️,mx,0,0,0,2,0,0,0,0,0,la estupidez de cuarta hombre_con_la_mano_en_la_frente
adb6845216aaf0e43af2bcad9354e58a,asuntosConacyt,1,Ahí la llevas @lopezobrador_ para ser el #AMLOpeorPresidente de la história en Mexico!!,mx,2,0,0,0,0,0,0,0,0,ahí la llevas [user] para ser el amlopeorpresidente de la história en mexico
73b51fd2b88fa3b79cde84f5ea7d531b,asuntosConacyt,1,Perversa luego de pervertida @Dolores_PL stack a brown 😂,mx,0,0,0,1,0,0,0,0,0,perversa luego de pervertida [user] stack a brown cara_llorando_de_risa
ce42fc9dc49bb5b9442fde00cf1617a3,asuntosConacyt,1,Para pendejo no se estudia y sale uno maestro,mx,0,0,0,0,0,1,0,0,0,para pendejo no se estudia y sale uno maestro
81c94fd1d82d77f7afca993c6aafd206,asuntosConacyt,1,"Ahora faltan el chichifo, el ""agrónomo "" en Pemex...",mx,0,0,0,0,0,0,1,2,1,ahora faltan el chichifo el agrónomo en pemex
50320583550c7d45dff60ce040f8c265,asuntosConacyt,1,AÑOS de experiencia....y supongo que madurez,mx,0,0,1,0,0,0,1,0,1,años de experiencia y supongo que madurez
f63f48b3bcf767ee05bd61f9d6d58a86,asuntosConacyt,1,Se pondrá de moda una epidemia,mx,0,0,0,0,0,0,0,0,0,se pondrá de moda una epidemia
55d9844c469ac8c6c5d553b2df925ddc,asuntosConacyt,1,"Todo en su contra, y para colmo la Padierna lo ventanea con su preferencia sexual, y como que tendría que ver si le gusta el arroz con popote? Pués muy su gusto, pero que le chingue al estudio que le falta HARTO por aprender, igual y acaba en menos de 14 años, como ya saben quien",mx,0,1,1,0,0,0,0,0,0,todo en su contra y para colmo la padierna lo ventanea con su preferencia sexual y como que tendría que ver si le gusta el arroz con popote pués muy su gusto pero que le chingue al estudio que le falta harto por aprender igual y acaba en menos de 14 años como ya saben quien
f415ecbfb58fd24ceef16164075c6702,asuntosConacyt,1,Ya lo perdimos nuevamente !!,mx,2,0,0,0,0,0,0,0,0,ya lo perdimos nuevamente
3312961375ec35d9f2849f6d72226e9f,asuntosConacyt,1,Los mejores hombres y mujeres decía ... #andeleporpendejos,mx,0,0,0,0,0,0,1,0,1,los mejores hombres y mujeres decía andeleporpendejos
fa2d0334d704b21a072e0310caae23be,asuntosConacyt,1,Yaa amlo te estás haciendo fuera de la bacinica!!,mx,2,0,0,0,0,0,0,0,0,yaa amlo te estás haciendo fuera de la bacinica
94e35650f2c0a4101d118bbfdfd0dc4a,asuntosConacyt,1,Wow!!! A lo que ha llegado esta transformación anacrónica y fundamentalista!! Para qué aprender en el extranjero si esto sólo va a dar lugar a que la gente se dé cuenta de lo mal que estamos con la 4T!!!,mx,8,0,0,0,0,0,2,0,0,wow a lo que ha llegado esta transformación anacrónica y fundamentalista para qué aprender en el extranjero si esto sólo va a dar lugar a que la gente se dé cuenta de lo mal que estamos con la 4t
db97ba1afb36d7f03c250960995a894d,asuntosConacyt,1,"Muy mal por el #Conacyt, pésimo mensaje. Pero hablando de falta de preparación, aquel teacher que quizo entrevistar en inglés o que escribe ""impreparación""... no, pues estamos jodidos!",mx,1,0,0,0,0,1,1,2,1,muy mal por el conacyt pésimo mensaje pero hablando de falta de preparación aquel teacher que quizo entrevistar en inglés o que escribe impreparación no pues estamos jodidos
0b1feb0551951f1a41570bc4e58a1f60,asuntosConacyt,1,"En este pais hay gente que hoy puede ser diputado, y mañana astronauta, con la misma destreza. Solo necesitan recibir su nombramiento y listo!!!!",mx,4,0,0,0,0,0,1,0,0,en este pais hay gente que hoy puede ser diputado y mañana astronauta con la misma destreza solo necesitan recibir su nombramiento y listo
468efe1de4eca79716e03663215cce2b,asuntosConacyt,1,"Estos de la 4T, ya nomás falta que renombren al organismo como CONASHIT.",mx,0,0,1,0,0,0,0,0,0,estos de la 4t ya nomás falta que renombren al organismo como conashit
b61613de9303b8f1b22a11a5eb11240b,asuntosConacyt,1,"Osea que un estudiante de comunicación, fue quien legisló la constitución de la CDMX? mmmmta",mx,0,1,1,0,0,0,1,0,0,osea que un estudiante de comunicación fue quien legisló la constitución de la cdmx mmta
544f7d0418e9cdd8bc66a2296ac07a76,asuntosConacyt,1,"Pero que sabe la directora por favor, explíquele, el universo y la estupidez humana son infinitos y ella es una ejemplo vivido de ello",mx,0,0,0,0,0,0,0,0,0,pero que sabe la directora por favor explíquele el universo y la estupidez humana son infinitos y ella es una ejemplo vivido de ello
ce6b646f43fad7924d6235b0f44cfc3a,asuntosConacyt,1,"Excelente, ya nada más falta nuestro casi tocado por dios #AMLO @lopezobrador_ que anda en el mismo gap....",mx,0,0,1,0,0,1,1,0,1,excelente ya nada más falta nuestro casi tocado por dios amlo [user] que anda en el mismo gap
b89ab598204b8eecbaed57762a8f468f,asuntosConacyt,1,"Día tras día, una tras otra, entre más hablan más se hunden. ¿La 4T es acaso un concurso de quién es el genio de la peor estupidez?",mx,0,2,0,0,0,0,0,0,0,día tras día una tras otra entre más hablan más se hunden la 4t es acaso un concurso de quién es el genio de la peor estupidez
ad8fdb1f4d69349c3e778c4674943aa2,asuntosConacyt,1,Seguro también se está sintiendo tentada por los bienes raíces texanos...,mx,0,0,0,0,0,0,1,0,1,seguro también se está sintiendo tentada por los bienes raíces texanos
4ed44a8d05b711bf9eadc04465ba2f9b,asuntosConacyt,1,"Pues ponen a Lutero a dirigir a la iglesia, que esperaban? La 4T es oscurantista, retrógrada, ignorante, rencorosa, inmoral e indecente.",mx,0,1,0,0,0,0,0,0,0,pues ponen a lutero a dirigir a la iglesia que esperaban la 4t es oscurantista retrógrada ignorante rencorosa inmoral e indecente
6099312740a989d942fbd2bbc73d9bc8,asuntosConacyt,1,Los molinos de viento de este personaje! Es presidente o plañidera?,mx,1,1,0,0,0,0,0,0,0,los molinos de viento de este personaje es presidente o plañidera
9db8d4aa02f51488f44638576b4277a9,asuntosConacyt,1,"Habla como borrachito más bien como teporocho, da pena ese señor",mx,0,0,0,0,0,0,0,0,0,habla como borrachito más bien como teporocho da pena ese señor
0da8f52aec538f0fb61822c0030f3fc8,asuntosConacyt,1,Quien le quita la toalla del toallero ?,mx,0,1,0,0,0,0,0,0,0,quien le quita la toalla del toallero
84fd427063b6a542f984af9793fec1f6,asuntosConacyt,1,"Imposible detener la fuga de cerebros en la 4T. Ya no es sálvese quien pueda, sino ¡SÁLGASE quien pueda, con o sin cerebro!",mx,2,0,1,0,0,3,0,0,0,imposible detener la fuga de cerebros en la 4t ya no es sálvese quien pueda sino sálgase quien pueda con o sin cerebro
cdab995b4192cc9050e382bd6e55aa0b,asuntosConacyt,1,Y a dónde le parece bien a la titular de @Conacyt_MX enviar a estudiar a los jóvenes? A Macuspana ?,mx,0,2,0,0,0,0,0,0,0,y a dónde le parece bien a la titular de [user] enviar a estudiar a los jóvenes a macuspana
b945c2e5d349146367400a24c8a5ff35,asuntosConacyt,1,#NoMamar  esto ya es el colmo!!! Todo es mafias!,mx,4,0,0,0,0,0,1,0,0,nomamar esto ya es el colmo todo es mafias
afb503056a1360a5d92d3c87eed4f3eb,asuntosConacyt,1,"NO AL DESTROYER DE INSTITUCIONES ... CLARO, ÉL QUIERE LAS SUYAS ...",mx,0,0,6,0,0,1,2,0,2,no al destroyer de instituciones claro él quiere las suyas
f9958c5c9139937f498b8c0a4ecd6023,asuntosConacyt,1,¿Tendrá por ley que dejar de trabajar al menos un año? De lo contrario ; ¿será inmoral al contratarse en el sector privado? ¿le daría tiempo de haber hecho su cochinito?,mx,0,6,0,0,0,0,0,0,0,tendrá por ley que dejar de trabajar al menos un año de lo contrario será inmoral al contratarse en el sector privado le daría tiempo de haber hecho su cochinito
43af6d3d845077f154fd50b178e0bab5,asuntosConacyt,1,"Todo lo que les dictan, lo dicen y aplican, carajo! Si no pueden con la encomienda renuncien! Empezando por el intento de presidente!",mx,3,0,0,0,0,1,0,0,0,todo lo que les dictan lo dicen y aplican carajo si no pueden con la encomienda renuncien empezando por el intento de presidente
cb1d83d239c2800455b6645e0460f387,asuntosConacyt,1,Que ser tan mas estúpido es este @lopezobrador_ tooooodo es mafia JAJAJAJAJA asi de paranoico e IDIOTA es..,mx,0,0,2,0,0,0,1,0,0,que ser tan mas estúpido es este [user] toodo es mafia jajajajaja asi de paranoico e idiota es
96125cb4d80fc0a9b5c4d1e898388f9b,asuntosConacyt,1,"Lo de siempre: yo tengo otros datos. Abrazos, no balazos.",mx,0,0,0,0,0,1,0,0,0,lo de siempre yo tengo otros datos abrazos no balazos
568e757ac8c8ac1c8e6207d691a4c4a6,asuntosConacyt,0,"Lo más grave es que en la entrevista menciona que, el modelo científico que debemos seguir es el de Cuba. ¿De dónde salió ésta gente? Su visión del mundo es completamente anacrónica y desinformada.",mx,0,2,0,0,0,0,0,0,0,lo más grave es que en la entrevista menciona que el modelo científico que debemos seguir es el de cuba de dónde salió ésta gente su visión del mundo es completamente anacrónica y desinformada
4d0800469d6becb0b2657a9e041fca62,asuntosConacyt,0,Y tanta gente capacitada que se fue a  la banca por causa de estos ineptos,mx,0,0,0,0,0,0,0,0,0,y tanta gente capacitada que se fue a la banca por causa de estos ineptos
e62c8324938aee5456999ca7493a8f0c,asuntosConacyt,0,De nada; si se van a gastar mis impuestos que mejor que sea en algo que nos mejore como país.,mx,0,0,0,0,0,1,0,0,0,de nada si se van a gastar mis impuestos que mejor que sea en algo que nos mejore como país
42641693f123131981359c7bbc90dd73,asuntosConacyt,0,"Ellos quieren juventudes atrapadas en la ignorancia, que no salgan y vean lo que pasa en el mundo, que no aprendan. El dominio de AMLO SOBRE LOS CIUDADANOS SE BASE EN MANTENERLOS IGNORANTES Y DEPENDIENTES DEL GOBIERNO.",mx,0,0,10,0,0,2,0,0,0,ellos quieren juventudes atrapadas en la ignorancia que no salgan y vean lo que pasa en el mundo que no aprendan el dominio de amlo sobre los ciudadanos se base en mantenerlos ignorantes y dependientes del gobierno
a3a6f9e75831f317254c07dc54630916,asuntosConacyt,0,Y tu eres una pinche mafia de la huevonada y la incompetencia,mx,0,0,0,0,0,0,0,0,0,y tu eres una pinche mafia de la huevonada y la incompetencia
1701ed9efcc5fdd68606adc7aa0d10a1,asuntosConacyt,0,Increíble!!! Espero le hagan justicia a la Dra.  eso fue durante que período de Gob.? Ahorita o durante Peña?,mx,3,2,0,0,0,0,1,0,0,increíble espero le hagan justicia a la dra eso fue durante que período de gob ahorita o durante peña
536a34203322d55aa108ac631640aaf2,asuntosConacyt,0,Estaría muy bien. Sin embargo a éstos se les juzga porque no se han cansado de criticar hasta el vómito lo corrupto que era todo antes de ellos!,mx,1,0,0,0,0,2,0,0,0,estaría muy bien sin embargo a éstos se les juzga porque no se han cansado de criticar hasta el vómito lo corrupto que era todo antes de ellos
f47d9c82abb0099a85b4e8156482d0af,asuntosConacyt,0,Quien lo critique siempre será una mafia y el enemigo 🙄🙄🙄🙄🙄,mx,0,0,0,5,0,0,1,0,0,quien lo critique siempre será una mafia y el enemigo cara_con_ojos_en_blanco cara_con_ojos_en_blanco cara_con_ojos_en_blanco cara_con_ojos_en_blanco cara_con_ojos_en_blanco
7b8af7124079dfd8d284fd5037a1d87c,asuntosConacyt,0,"Eso es actualmente,   el de la voz es el actual director adjunto...  Y la ""doctora Maria Elena"" a la que él se refiere,  es Hoy la directora de CONACYT  Mira de nuevo el video y seguro lo notaras",mx,0,0,1,0,0,0,2,2,1,eso es actualmente el de la voz es el actual director adjunto y la doctora maria elena a la que él se refiere es hoy la directora de conacyt mira de nuevo el video y seguro lo notaras
cba9ad93b2dae603b9200405e2a108ba,asuntosConacyt,0,"@lopezobrador_ hay cabron, ¿ qué vamos a hacer contigo?,",mx,0,2,0,0,0,0,0,0,0,[user] hay cabron qué vamos a hacer contigo
35f8e0eba2290d9ab694d53609963a6d,asuntosConacyt,0,"Claro  como olvidar la frase mágica, todo son las mafias, seguro ellos mandaron al estriper, ala modista, ala de Vicky form, y Mayer y sus tarugadas, y así le vamos sumando, ni hablar , que se vayan rápido estos 6 años....",mx,0,0,0,0,0,1,1,0,1,claro como olvidar la frase mágica todo son las mafias seguro ellos mandaron al estriper ala modista ala de vicky form y mayer y sus tarugadas y así le vamos sumando ni hablar que se vayan rápido estos 6 años
1295b96922f8a176b2d6344276059e08,asuntosConacyt,0,"¡!Qué qué!! Casi me desmayo. Por mucha austeridad, el conocimiento y sus alcances valen la formación de científicos para mejorar la realidad de un país. Es inversión. Eso es muy grave.",mx,4,0,0,0,0,0,0,0,0,qué qué casi me desmayo por mucha austeridad el conocimiento y sus alcances valen la formación de científicos para mejorar la realidad de un país es inversión eso es muy grave
fb5a6bca407f1458b00eb03a4ec10e29,asuntosConacyt,0,Yo estoy convencido de que esta 4T debe de ser detenida antes de que ellos detengan el desarrollo del país por completo. #Gobiernode4ta,mx,0,0,0,0,0,0,0,0,0,yo estoy convencido de que esta 4t debe de ser detenida antes de que ellos detengan el desarrollo del país por completo gobiernode4ta
524a19b2138b24171a6f50dbc48d9244,asuntosConacyt,0,"Y sigue el NEPOTISMO y el pendejismo de @lopezobrador_ . Pero sigan aplaudiendo sus estupideces. Se le dijo, se les dice pero prefieren seguir tragándose un plato de mierda, servido por Andresito. Pues provecho.",mx,0,0,1,0,0,0,0,0,0,y sigue el nepotismo y el pendejismo de [user] pero sigan aplaudiendo sus estupideces se le dijo se les dice pero prefieren seguir tragándose un plato de mierda servido por andresito pues provecho
9ef208aa221230263791874938b19418,asuntosConacyt,0,Creo que no solo es que nadie gane ma$ que el presidente @lopezobrador_ sino que nadie sepa más que él. Todo por sus ocurrencias e intereses para eleciones 2021. A seguir regalando en dinero a sus clientes políticos.,mx,0,0,0,0,0,4,0,0,0,creo que no solo es que nadie gane ma que el presidente [user] sino que nadie sepa más que él todo por sus ocurrencias e intereses para eleciones 2021 a seguir regalando en dinero a sus clientes políticos
4e45425c3b0b3a2bbd732b3efc13aa04,asuntosConacyt,0,"Ningún distractor va a evitar destapar la cloaca de #corrupción en #Conacyt durante gobiernos del #PRIAN. Una corrupción, con 'subvenciones' a fondo perdido a transnacionales. Un saqueo del erario público superior a los 7. 000 mdp de la #EstafaMaestra.",mx,0,0,1,0,0,1,1,2,0,ningún distractor va a evitar destapar la cloaca de corrupción en conacyt durante gobiernos del prian una corrupción con subvenciones a fondo perdido a transnacionales un saqueo del erario público superior a los 7 00 mdp de la estafamaestra
d68e7c55f0eadf3156a5df9552690881,asuntosConacyt,0,Lo bueno que en tres años nosotros podremos correr al actual presidente. REVOCAVION DE MANDATO. MEADE CANDIDATO.,mx,0,0,4,0,0,0,0,0,0,lo bueno que en tres años nosotros podremos correr al actual presidente revocavion de mandato meade candidato
9bc5ebac4116411c592a61ee95f88ad3,asuntosConacyt,0,"Que estudios tiene la directora puesta por Morena, se comparan con los de la Dra. Xoconostle?",mx,0,1,0,0,0,0,0,0,0,que estudios tiene la directora puesta por morena se comparan con los de la dra xoconostle
016fc3d4f41093214af2411c78532543,asuntosConacyt,0,Porquría de gobierno. Empezando por su cabeza:un tal amlo.1973-1987.Eso tardó en terminar su licencoatura con promedio de 7.7 Y es el presidente.Los pendejos están bien representados.,mx,0,0,0,0,0,0,0,0,0,porquría de gobierno empezando por su cabeza un tal amlo 1973 1987 eso tardó en terminar su licencoatura con promedio de 7 7 y es el presidente los pendejos están bien representados
0254e787bea6ab98e5f36546f374dfb2,asuntosConacyt,0,"La mafia de la ciencia, la califica un señor que no puede ni hablar!",mx,1,0,0,0,0,2,0,0,0,la mafia de la ciencia la califica un señor que no puede ni hablar
622b33887a8cf83fa7b6ce1c2cb36a85,asuntosConacyt,0,Chinga tu madre López Dóriga,mx,0,0,0,0,0,0,0,0,0,chinga tu madre lópez dóriga
42d42038cdfccad589e9c07fff3dc7a5,asuntosConacyt,0,"Pero no decían nada cuando perfiles vanos ocupaban puestos bien pagados en la ex dinastía del PRI, verdad señores?, apoyo su labor de periodismo pero sean objetivos. Señor @lopezdoriga ya tranquilícese un poco.",mx,0,1,1,0,0,2,0,0,0,pero no decían nada cuando perfiles vanos ocupaban puestos bien pagados en la ex dinastía del pri verdad señores apoyo su labor de periodismo pero sean objetivos señor [user] ya tranquilícese un poco
08cfd199ab4ee2b64f69b6943964f849,asuntosConacyt,0,"@lopezobrador_  Yo vote por tí, pero cómo es posible que pongas una diseñadora en ese puesto, me estás DECEPCIONANDO, Hay gente muy preparada aunque no pertenezca a un partido político a esos debés considerar y así creeré en la 4ta T",mx,0,0,1,0,0,1,0,0,0,[user] yo vote por tí pero cómo es posible que pongas una diseñadora en ese puesto me estás decepcionando hay gente muy preparada aunque no pertenezca a un partido político a esos debés considerar y así creeré en la 4ta t
9eedf5f323071aba37c7d192b22d8840,asuntosConacyt,0,Por supuesto que si no valoras a la gente culta y con educación académica es porque tus estudios académico son mediocres AMLO,mx,0,0,1,0,0,1,0,0,0,por supuesto que si no valoras a la gente culta y con educación académica es porque tus estudios académico son mediocres amlo
008c0daa9369045c06cc213b9eec65a3,asuntosConacyt,0,diseñadora de modas en Comisión biodiversidad te caiste Amlo corrigelo ahora designa alguien con mérito y vocación now,mx,0,0,0,0,0,0,0,0,0,diseñadora de modas en comisión biodiversidad te caiste amlo corrigelo ahora designa alguien con mérito y vocación now
e914b0a00052eaf046c64ea29f6e67f5,asuntosConacyt,0,Tanta riqueza cultural que se adquiere estudiando en el extranjero que no imagino despojar de esa oportunidad a miles de personas con derecho a adquirirla.,mx,0,0,0,0,0,1,0,0,0,tanta riqueza cultural que se adquiere estudiando en el extranjero que no imagino despojar de esa oportunidad a miles de personas con derecho a adquirirla
e494e0bdf492de62148a8a4551eee1db,asuntosConacyt,0,La directora del Conacyt  también debería ser despedida. Ya nos enseñó la calidad y el nivel que pretende implementar en un espacio de ciencia y tecnología.,mx,0,0,0,0,0,0,0,0,0,la directora del conacyt también debería ser despedida ya nos enseñó la calidad y el nivel que pretende implementar en un espacio de ciencia y tecnología
e871eccef1ca1127db38b4708b258154,asuntosConacyt,0,"La mafia del poder; mafia de la ciencia, y mañana, sólo la mafia?",mx,0,1,0,0,0,0,0,0,0,la mafia del poder mafia de la ciencia y mañana sólo la mafia
55b791c67d7aa8e23891488ce829af00,asuntosConacyt,0,"Todo mundo se enteró primero de nivel académico, su edad y su ""carrera profesional"". Ni enterados estábamos de sus preferencias, así que el argumento de la Sra Padierna no tiene sustento.",mx,0,0,0,0,0,2,0,2,0,todo mundo se enteró primero de nivel académico su edad y su carrera profesional ni enterados estábamos de sus preferencias así que el argumento de la sra padierna no tiene sustento
3a71f393f98c3a5d5c5a7edb8d4f9ffa,asuntosConacyt,0,"Por favor, analicen un poco, un tipo de 29 años estudiando comunicación, pero es un genio analizando temas constitucionales, CUAL DEDO NOS CHUPAMOS,  Y UD. SRA. PADIERNA, TAMPOCO SABÍA LO QUE HACIA, RENE BEJARANO, SIENDO SU ESPOSA....",mx,0,0,14,0,0,1,1,0,1,por favor analicen un poco un tipo de 29 años estudiando comunicación pero es un genio analizando temas constitucionales cual dedo nos chupamos y ud sra padierna tampoco sabía lo que hacia rene bejarano siendo su esposa
914dc41695d081f98091353bfebd42fe,asuntosConacyt,0,Se necesita ser muy bestia.,mx,0,0,0,0,0,0,0,0,0,se necesita ser muy bestia
44d4df869527074cad7229500c0c8ad0,asuntosConacyt,0,"Esa mujer es la misma con Doctorado en Botánica en la Universidad de California en Berkeley (USA) graduada en marzo de 1992 y estudios posdoctorales en la Universidad de California La Jolla,San Diego(USA)?Tiene razón y poco cerebro! Es un desperdicio que haya ido al extranjero!",mx,2,1,2,0,0,0,0,0,0,esa mujer es la misma con doctorado en botánica en la universidad de california en berkeley usa graduada en marzo de 1992 y estudios posdoctorales en la universidad de california la jolla san diego usa tiene razón y poco cerebro es un desperdicio que haya ido al extranjero
0f4e6b2dd040aed01e05ae7fd7aba8b8,asuntosConacyt,0,Teacher... el tema es que entieden unos u otros por preparación e inteligencia. Con todo respeto oara @Dolores_PL ni uno ni otro,mx,0,0,0,0,0,2,1,0,1,teacher el tema es que entieden unos u otros por preparación e inteligencia con todo respeto oara [user] ni uno ni otro
9b31ef1700e2e17053b6bd748412cff1,asuntosConacyt,0,"Esto sí que es una mafia en el poder, y el gran capo es @lopezobrador_ . A donde vamos está claro. #Venezuela .",mx,0,0,0,0,0,0,0,0,0,esto sí que es una mafia en el poder y el gran capo es [user] a donde vamos está claro venezuela
bd91db57c1b366803eb56ced41b73b2f,asuntosConacyt,0,"El problema no es que salgan del país, sino que no haya oportunidad laboral y por eso se quedan en el extranjero",mx,0,0,0,0,0,3,0,0,0,el problema no es que salgan del país sino que no haya oportunidad laboral y por eso se quedan en el extranjero
c2cd2b68e8ba349634b4cb71db848f2c,asuntosConacyt,0,Échenle un ojo al equipo de @Claudiashein  ahí también hay gente de muy bajo perfil y tan campante en altos cargos.,mx,0,0,0,0,0,0,0,0,0,échenle un ojo al equipo de [user] ahí también hay gente de muy bajo perfil y tan campante en altos cargos
a494d45b6b08ef6972ed00fb0db65e3e,asuntosConacyt,0,Las mismas tonterías de Maduro..todo es saboteo.,mx,0,0,0,0,0,0,0,0,0,las mismas tonterías de maduro todo es saboteo
3ac72ebd6a5cef5aea83fc258e424fc5,asuntosConacyt,0,Y así como estos !!!!! Faltan muchos de quitar que no dan lo que se nesecita !!!! Bravo así se hace errores siempre hay pero lo importante es Rectificar !!! 👏👏👏👏👏👏👏👏👏👏🇲🇽,mx,12,0,0,10,0,1,4,0,0,y así como estos faltan muchos de quitar que no dan lo que se nesecita bravo así se hace errores siempre hay pero lo importante es rectificar manos_aplaudiendo manos_aplaudiendo manos_aplaudiendo manos_aplaudiendo manos_aplaudiendo manos_aplaudiendo manos_aplaudiendo manos_aplaudiendo manos_aplaudiendo manos_aplaudiendo bandera_méxico
a03ebfd09a6ca8000db4834b8755c855,asuntosConacyt,0,"Estupidez, tras estupidez. En este punto, los que me preocupan son mis hijos. La clase de país en el que les va a tocar vivir!",mx,1,0,0,0,0,0,0,0,0,estupidez tras estupidez en este punto los que me preocupan son mis hijos la clase de país en el que les va a tocar vivir
8cf7fd6351a262aea616431624d274ba,asuntosConacyt,0,"Bien, un poco de pundonor, es de reconocerse. Faltan como 100 funcionarios más ( por lo pronto). Sr. Coordinador Nacional de Protección Civil, entre otros.",mx,0,0,0,0,0,0,0,0,0,bien un poco de pundonor es de reconocerse faltan como 100 funcionarios más por lo pronto sr coordinador nacional de protección civil entre otros
b3d31c9293cd8d03aaef1ca61b2a2902,asuntosConacyt,0,Entonces queda CLARO que nada a cambiado.,mx,0,0,1,0,0,1,0,0,0,entonces queda claro que nada a cambiado
04590a79e7ebf3f4b20258c0be06713e,asuntosConacyt,0,Ahi si hay un mundo de diferencia entre un hombre k le hace favorcitos a Lola y otra al hombre k toda su vida a estudiado y tiene nocion de ĺo k es cultura o sea k no se pasen ahora si chole con ese pentonto igual k sergio mayer puro toto idiota k solo sabe encuerarse,mx,0,0,0,0,0,1,0,0,0,ahi si hay un mundo de diferencia entre un hombre k le hace favorcitos a lola y otra al hombre k toda su vida a estudiado y tiene nocion de ĺo k es cultura o sea k no se pasen ahora si chole con ese pentonto igual k sergio mayer puro toto idiota k solo sabe encuerarse
a42580dc8999cfbb02b2d468a8e49d60,asuntosConacyt,0,"Perdón, saldrá todos los días pero no contesta lo que se le pregunta, no lleva datos duros... qué no te enteras de las pifias que se echa??",mx,0,2,0,0,0,3,1,0,1,perdón saldrá todos los días pero no contesta lo que se le pregunta no lleva datos duros qué no te enteras de las pifias que se echa
dd0ae375deb1c09e00d5829c7d03ae59,asuntosConacyt,0,"En MX solo hay dos mafias: 1) la de los verdaderos criminales, asaltantes, extorsionadores y secuestradores  y  2) la mafia del poder actual que no utiliza la investigación científica para terminar con la mafia #1.",mx,0,0,0,0,0,1,0,0,0,en mx solo hay dos mafias 1 la de los verdaderos criminales asaltantes extorsionadores y secuestradores y 2 la mafia del poder actual que no utiliza la investigación científica para terminar con la mafia 1
36a2b6ba356be34d5caba3c4fab7ece4,asuntosConacyt,0,@lopezobrador_ contrata personal con el perfil adecuado para el cargo y actividades asignadas.,mx,0,0,0,0,0,0,0,0,0,[user] contrata personal con el perfil adecuado para el cargo y actividades asignadas
acc6afd4e091f59669f8ab34c2074d81,asuntosConacyt,0,Es una vieja bruja que creé que puede dar atole con el dedo como su jefe,mx,0,0,0,0,0,0,0,0,0,es una vieja bruja que creé que puede dar atole con el dedo como su jefe
968dcd0be9b6085fbf6cbf570a887aec,asuntosConacyt,0,"Sigan enviando a sus hijos al extranjero, es lo mejor que pueden hacer como padres! A mi me enviaron a USA y me sirvió mucho. No sólo te sirve el aprender un nuevo idioma, te cambia la perspectiva de tu entorno 🌍. Sirve para toda tu vida.  Sí, soy Fifí y qué coños!!??",mx,3,2,1,1,0,1,0,0,0,sigan enviando a sus hijos al extranjero es lo mejor que pueden hacer como padres a mi me enviaron a usa y me sirvió mucho no sólo te sirve el aprender un nuevo idioma te cambia la perspectiva de tu entorno globo_terráqueo_mostrando_europa_y_áfrica sirve para toda tu vida sí soy fifí y qué coños
997226fe1ea3cc012771fe5ed01e9d37,asuntosConacyt,0,"Pues mira, principalmente a Estados Unidos, aunque no son pocos los que estudian en Europa, y hasta Japón. Contrario a lo que se piensa, la enorme mayoría regresa, y lejos de la calumnia presidencial, no aprendieron ""malas mañas"" allá. El CONACYT se ideó para que...1/2",mx,0,0,1,0,0,2,1,2,1,pues mira principalmente a estados unidos aunque no son pocos los que estudian en europa y hasta japón contrario a lo que se piensa la enorme mayoría regresa y lejos de la calumnia presidencial no aprendieron malas mañas allá el conacyt se ideó para que 1 2
bacb208f490a939c908fda55d5735b2f,asuntosConacyt,0,"Yo creo que algo le sabe a la padierna pues no da paso sin Huarache . No dudo que lo vea muy talentoso y guapo pero que no existirá en México una persona preparada para el cargo, que pueda además sustentado con estudios y experiencia. Q humillación para ellos",mx,0,0,0,0,0,4,0,0,0,yo creo que algo le sabe a la padierna pues no da paso sin huarache no dudo que lo vea muy talentoso y guapo pero que no existirá en méxico una persona preparada para el cargo que pueda además sustentado con estudios y experiencia q humillación para ellos
d179a884f3ad2fd82f2f27d7fb3d0dd2,asuntosConacyt,0,"Ha resultado que los reaccionarios han dado a conocer notas falsas para golpear al gobierno de AMLO, yo prefiero investigar y no creer sólo lo que recibo de información y menos cuando quién la dice no tiene credibilidad.",mx,0,0,1,0,0,2,0,0,0,ha resultado que los reaccionarios han dado a conocer notas falsas para golpear al gobierno de amlo yo prefiero investigar y no creer sólo lo que recibo de información y menos cuando quién la dice no tiene credibilidad
2fd19cb98448f4095133c207e262dca7,asuntosConacyt,0,"Estoy de acuerdo , hay personajes  de Morena q se manejan como si fueran los tiempos del PRI , ha quedado demostrado que la 4T, tiene q trabajar desde adentro hacia fuera , es inexplicable que sacrifiquen a su gente al escarnio público ,tía @tatclouthier su ayuda, @jenarovillamil",mx,0,0,1,0,0,0,0,0,0,estoy de acuerdo hay personajes de morena q se manejan como si fueran los tiempos del pri ha quedado demostrado que la 4t tiene q trabajar desde adentro hacia fuera es inexplicable que sacrifiquen a su gente al escarnio público tía [user] su ayuda [user]
564390614593327e63e2886a776e9fa8,asuntosConacyt,0,"Tiene sentido.  Los objetivos de López son claros: destrucción, regresión, aislamiento. El mundo le aterra, para él es sinónimo de pensamiento crítico, progreso y 'malas mañas"", enemigos de su arcaica y nociva visión.",mx,0,0,0,0,0,0,0,2,0,tiene sentido los objetivos de lópez son claros destrucción regresión aislamiento el mundo le aterra para él es sinónimo de pensamiento crítico progreso y malas mañas enemigos de su arcaica y nociva visión
613b2a5e71d6dfcce3059d4432181f3a,asuntosConacyt,0,"Las becas en el extranjero es un Gran Premio al estudio, al talento, a la inteligencia...sin estas becas no tendríamos a grandes creadores,artistas, científicos...No condenes a Mexico a la mediocridad. Ya basta, funcionarios de quinta tomando estas decisiones para halagar al PG",mx,0,0,0,0,0,3,2,0,2,las becas en el extranjero es un gran premio al estudio al talento a la inteligencia sin estas becas no tendríamos a grandes creadores artistas científicos no condenes a mexico a la mediocridad ya basta funcionarios de quinta tomando estas decisiones para halagar al pg
c20b7cc5f37ea8663353a2338d444485,asuntosConacyt,0,Increíble que estos tiempos haya gente con esos shocks cerebrales que tanto afectan ... Piedad por ella.,mx,0,0,0,0,0,0,1,0,1,increíble que estos tiempos haya gente con esos shocks cerebrales que tanto afectan piedad por ella
7e5f915c7bce107732983e32e45fff8e,asuntosConacyt,0,Increíble que ella que tuvo la oportunidad ahora la niegue a los jóvenes la posibilidad de prepararse en otras universidades.,mx,0,0,0,0,0,0,0,0,0,increíble que ella que tuvo la oportunidad ahora la niegue a los jóvenes la posibilidad de prepararse en otras universidades
b45cac46a6633ade88f8e3badec2ec78,asuntosConacyt,0,"Y que estudien en este país sin apoyos, sin becas, y con estudiantes de subdirectores??? Estamos jodido mexicanos",mx,0,3,0,0,0,2,1,0,0,y que estudien en este país sin apoyos sin becas y con estudiantes de subdirectores estamos jodido mexicanos
c61db0bb78d23da317b451ee1186035e,asuntosConacyt,0,¿Pusieron un homeópata en @Conacyt_MX? #PresidenteDe4a @lopezobrador_,mx,0,2,0,0,0,0,0,0,0,pusieron un homeópata en [user] presidentede4a [user]
f9afd2532afa7f50cf214dd2060069a1,asuntosConacyt,0,Se me hace que le está dando para sus twinkis a la @Dolores_PL 🤔,mx,0,0,0,1,0,0,0,0,0,se me hace que le está dando para sus twinkis a la [user] cara_pensativa
9bcb9d252a8564dc1c712fdd397b4173,asuntosConacyt,0,"-y tampoco con tanto nivel académico- neta dijo eso????????? El mismo que propone gentuza con licenciaturas truncas (y son las más fáciles de cursar) a lo mucho, sin contar que se tardó 14 años este viejo en acabar una licenciatura de 3 (470% más del tiempo normal)",mx,0,9,0,0,0,2,1,0,0,y tampoco con tanto nivel académico neta dijo eso el mismo que propone gentuza con licenciaturas truncas y son las más fáciles de cursar a lo mucho sin contar que se tardó 14 años este viejo en acabar una licenciatura de 3 470 más del tiempo normal
757c7a0e75dc149847b0d671842bed54,asuntosConacyt,0,"El amiguismo a todo lo que da en la 4T, Teacher.",mx,0,0,0,0,0,0,0,0,0,el amiguismo a todo lo que da en la 4t teacher
fe31a66547bb371ccf4a35ac937937c2,asuntosConacyt,0,"Sencillamente no tiene la capacidad que se necesita en un Cargo de esos, y es por amiguismo su puesto, así que cambienlo 😎",mx,0,0,0,1,0,1,0,0,0,sencillamente no tiene la capacidad que se necesita en un cargo de esos y es por amiguismo su puesto así que cambienlo cara_sonriendo_con_gafas_de_sol
c20441e3e0d158184b26597e60e44b4f,asuntosConacyt,0,Que se vaya a consulta popular entre los científicos y estudiantes que están relacionados al CONACYT.,mx,0,0,1,0,0,0,0,0,0,que se vaya a consulta popular entre los científicos y estudiantes que están relacionados al conacyt
6aee7a4886537db51bf07abed39264bd,asuntosConacyt,0,"Me sorprende tanta mención de Venezuela en todo lo que sucede en MÉXICO, nuestro Gobierno no llegó al mandato por guerra, ni por ser impuesto, como los prianistas, llegó por voto, Así que dejen de tener miedo, ahora resulta,¿donde estuvieron mientras SAQUEARON al País?",mx,0,2,2,0,0,2,0,0,0,me sorprende tanta mención de venezuela en todo lo que sucede en méxico nuestro gobierno no llegó al mandato por guerra ni por ser impuesto como los prianistas llegó por voto así que dejen de tener miedo ahora resulta donde estuvieron mientras saquearon al país
0ad7769672161ad571aec67d8e851277,asuntosConacyt,0,"Shut up, gachupin corrupto. No tienes autoridad moral para opinar. Has perjudicado mucho a Mexico. Regresate a tu pais, los mexicanos no te queremos aqui.",mx,0,0,0,0,0,2,0,0,0,shut up gachupin corrupto no tienes autoridad moral para opinar has perjudicado mucho a mexico regresate a tu pais los mexicanos no te queremos aqui
140ebbdbafbf32b689b4133f90511671,asuntosConacyt,0,Esta nota es por los despidos o para defender transgénicos ?,mx,0,1,0,0,0,0,0,0,0,esta nota es por los despidos o para defender transgénicos
4943012a7af9eb3d48982e58dfca3223,asuntosConacyt,0,Muy bien así hubiera estado la prensa cuando estaba el pri y pan pero les temblaba mal bibrosos,mx,0,0,0,0,0,0,0,0,0,muy bien así hubiera estado la prensa cuando estaba el pri y pan pero les temblaba mal bibrosos
96a2c2519c50d8d4c48ce0a0ae72b604,asuntosConacyt,0,"Aaaaaaa no se hagan pendejos si hasta @lopezdoriga también gozó del amigismo, compadrazgo , etc, etc ,, y siempre a existido",mx,0,0,0,0,0,1,1,0,0,aaa no se hagan pendejos si hasta [user] también gozó del amigismo compadrazgo etc etc y siempre a existido
50c7924f6c9cb93fb416e907e4a47f95,asuntosConacyt,0,"Al subdirector del Conacyt no lo cambiarán, redacta discursos, escribe poesía grosera, anda medio encuerado, es fósil, seguro sus fans son Taibo, Müller, y la Lola Padierna, y nada cambiará no importa la indignación, y cuánto reclamen fue dedazo.",mx,0,0,0,0,0,3,0,0,0,al subdirector del conacyt no lo cambiarán redacta discursos escribe poesía grosera anda medio encuerado es fósil seguro sus fans son taibo müller y la lola padierna y nada cambiará no importa la indignación y cuánto reclamen fue dedazo
575aa6ef41b7d681bc0c29f3248bff4f,asuntosConacyt,0,Acaso sabra de dicho tema la directora!!!,mx,3,0,0,0,0,0,1,0,0,acaso sabra de dicho tema la directora
02d1f14d6f1bda0718a5c3e29eae9159,asuntosConacyt,0,"Como estamos en la etapa de la intolerancia hacia el rechazo de género y hay muchos resentiditos, esta mujer aprovecha para echarlos a pelear, pero sigo pensando que millones de la comunidad gay son más inteligentes que una provocadora que les patea el avispero.",mx,0,0,0,0,0,0,0,0,0,como estamos en la etapa de la intolerancia hacia el rechazo de género y hay muchos resentiditos esta mujer aprovecha para echarlos a pelear pero sigo pensando que millones de la comunidad gay son más inteligentes que una provocadora que les patea el avispero
042b86c528faad75f726d736490d3d72,asuntosConacyt,0,"Por favor Diosito ya llévatelo, que pensaban esos malditos chairos, por qué votaron por este engaña pendejos, bueno ahí se nota el nivel de preparación en México.",mx,0,0,0,0,0,0,0,0,0,por favor diosito ya llévatelo que pensaban esos malditos chairos por qué votaron por este engaña pendejos bueno ahí se nota el nivel de preparación en méxico
d258a54d5c7ad56bc2207ced4cf93f91,asuntosConacyt,0,"El mensaje es, aquí mando yo, me canso ganzo, lástima de mi hermoso México.",mx,0,0,0,0,0,0,0,0,0,el mensaje es aquí mando yo me canso ganzo lástima de mi hermoso méxico
db720027e2561159778a653bd6a8bf65,asuntosConacyt,0,"Ahi si aplica..  ""ya sientese señora"".. todo todo está mal en este gobierno de merde",mx,0,0,0,0,0,0,0,2,0,ahi si aplica ya sientese señora todo todo está mal en este gobierno de merde
f3bfebfc5d9b77062ad95b9d46225122,asuntosConacyt,0,"TAN NO IMPORTAN LOS SUELDOS QUÉ A TI CON DATOS DUROS, DEVENGADAS POR NOTICIAS FALSAS Y ANUNCIOS PEDORROS MILLONES DE PESOS, NO POR NADA EL RESPETABLE DR. JALIFE HA DENUNCIADO TU FORTUNA EN 1000 MIL MILLONES DE DÓLARES. LADRÓN DOBLE MORAL.",mx,0,0,28,0,0,3,1,0,0,tan no importan los sueldos qué a ti con datos duros devengadas por noticias falsas y anuncios pedorros millones de pesos no por nada el respetable dr jalife ha denunciado tu fortuna en 100 mil millones de dólares ladrón doble moral
a6886e1050161898e1ef7cfaaadec8fd,asuntosConacyt,0,"Que desvergüenza de mujer !! Ella y su amigo  el Peje no han entendido nada, y se atreven a hablar de corrupción, favoritismo, nepotismo ???? 🤮🤮",mx,2,4,0,2,0,2,1,0,0,que desvergüenza de mujer ella y su amigo el peje no han entendido nada y se atreven a hablar de corrupción favoritismo nepotismo cara_vomitando cara_vomitando
737dc94920c41f9c307c19e370afddb9,asuntosConacyt,0,Es increíble que la mayoría de las personas se esfuerzan en estudiar para estar en condiciones de llegar a tener un buen trabajo y algunos qué ya estaban trabajando han quedado desempleados y su trabajo gracias a la cuarta transformación se lo dan a quién no estudió,mx,0,0,0,0,0,1,0,0,0,es increíble que la mayoría de las personas se esfuerzan en estudiar para estar en condiciones de llegar a tener un buen trabajo y algunos qué ya estaban trabajando han quedado desempleados y su trabajo gracias a la cuarta transformación se lo dan a quién no estudió
d71d4e7252eaea0585ca4a786502ba01,asuntosConacyt,0,"Habrá que investigar cuánto tiempo llevaban ahí, quien los contrató y cuáles fueron sus acciones!",mx,1,0,0,0,0,0,0,0,0,habrá que investigar cuánto tiempo llevaban ahí quien los contrató y cuáles fueron sus acciones
b1b440cbbd302c82ad48c51ef175446b,asuntosConacyt,0,Así lo estamos haciendo. Master of Engineering in Oil and Gas por la University of Western Australia. No les fallaremos. 🙌,mx,0,0,0,1,0,1,0,0,0,así lo estamos haciendo master of engineering in oil and gas por la university of western australia no les fallaremos manos_levantadas_celebrando
0c7411622d165b633512cc3ece70abe4,asuntosConacyt,0,Pues si esta mujer es igual de ignorante !!,mx,2,0,0,0,0,0,0,0,0,pues si esta mujer es igual de ignorante
c0539ee49b273625ea82bf5071a1bb9f,asuntosConacyt,0,"si esa es la entrevista que da la directora, puedo creer que el CONACYT es otra victima del gobierno de amlo",mx,0,0,1,0,0,0,0,0,0,si esa es la entrevista que da la directora puedo creer que el conacyt es otra victima del gobierno de amlo
20224515ca52dd6c5524c089e8ca923d,asuntosConacyt,0,La mafia de la ignorancia contra la ciencia y la academia,mx,0,0,0,0,0,0,0,0,0,la mafia de la ignorancia contra la ciencia y la academia
bda2be53f1fdbc98bc5b9b2cb29ea030,asuntosConacyt,0,"Inconcebible e injustificable. Absolutamente inmoral. Es mejor señalar el error que solaparlo, por el bien de Mexico.",mx,0,0,0,0,0,0,0,0,0,inconcebible e injustificable absolutamente inmoral es mejor señalar el error que solaparlo por el bien de mexico
69fbea8da3912ae1de244eb9a113e780,asuntosConacyt,0,Actitud anti-científica y rabiosa que ciertamente corresponde al proceder de Elenita en sus diferentes tratos.,mx,0,0,0,0,0,0,0,0,0,actitud anti científica y rabiosa que ciertamente corresponde al proceder de elenita en sus diferentes tratos
eec5e2de3293c6b8435b2adba3142e9e,asuntosConacyt,0,"Acuérdense que dijo don @lopezobrador_ sobre ese tipo de cultivos. Ese imbecil quiere regresar el campo a la era de la yunta y el machete, que porque es más moral y menos contaminado",mx,0,0,0,0,0,0,0,0,0,acuérdense que dijo don [user] sobre ese tipo de cultivos ese imbecil quiere regresar el campo a la era de la yunta y el machete que porque es más moral y menos contaminado
5a96acd62cdba198344c529819666cf4,asuntosConacyt,0,es lo que cae gordo de la 4t porque los cuates ineptos en puestos de desarrollo del país ?? Eso es corrupción,mx,0,2,0,0,0,0,0,0,0,es lo que cae gordo de la 4t porque los cuates ineptos en puestos de desarrollo del país eso es corrupción
72143df4fe518179bed1b27a686c6a81,asuntosConacyt,0,Morena la desgracia de México,mx,0,0,0,0,0,0,0,0,0,morena la desgracia de méxico
cbebf07298f6bfaa017319b6a9ed412e,asuntosConacyt,0,"De verdad alguien creía que el mesías seria el cambio?  Todos los partidos son lo mismo, se necesita una revolución",mx,0,1,0,0,0,0,0,0,0,de verdad alguien creía que el mesías seria el cambio todos los partidos son lo mismo se necesita una revolución
c7b1138b67fc4463f327a5dd0cae93d2,asuntosConacyt,0,"Cierra tu ocico pinche viejo lacra, Investiga la corrupción dentro del conacyt, lleva años puro pinche corrupto",mx,0,0,0,0,0,0,0,0,0,cierra tu ocico pinche viejo lacra investiga la corrupción dentro del conacyt lleva años puro pinche corrupto
f7265ecc3c4aeeb7927e97a8dcf67bca,asuntosConacyt,0,Lo dicho. Estamos en el sexenio del oscurantismo y la cerrazón.,mx,0,0,0,0,0,0,0,0,0,lo dicho estamos en el sexenio del oscurantismo y la cerrazón
1d00424c675fae9841295a6f25f7ed1a,asuntosConacyt,0,Es una pobre pendeja la nueva titular del Conacyt. He dicho,mx,0,0,0,0,0,0,0,0,0,es una pobre pendeja la nueva titular del conacyt he dicho
d423d0dcbe3a287b8169dbfc7fbf30bc,asuntosConacyt,0,Qué pensamiento tan retrógrada! De pena ajena!,mx,2,0,0,0,0,0,0,0,0,qué pensamiento tan retrógrada de pena ajena
55324f973ffc953cc4b4d1b1c4ba7b4c,asuntosConacyt,0,Intelectualidá 🤐🤐🤢🤢🤢🤢... Ese premio nacional de ciencias 2017 fue otorgado por la misma mafia que critica o cómo fue?,mx,0,1,0,6,0,0,2,0,1,intelectualidá cara_con_la_boca_cerrada_con_cremallera cara_con_la_boca_cerrada_con_cremallera cara_de_náuseas cara_de_náuseas cara_de_náuseas cara_de_náuseas ese premio nacional de ciencias 2017 fue otorgado por la misma mafia que critica o cómo fue
5e9dbf6f9670313fba796370566d418f,asuntosConacyt,0,Y otros más que no se quedan atrás @rocionahle y @Irma_Sandoval,mx,0,0,0,0,0,1,0,0,0,y otros más que no se quedan atrás [user] y [user]
56430323f3668ddbac193cb0cefe9093,asuntosConacyt,0,"Mientras tanto China y la India envían hordas de sus mejores estudiantes a Universidades de Europa y EEUU, luego repatrían masivamente el know how y, pues ya ven los resultados. 🤓",mx,0,0,1,1,0,0,0,0,0,mientras tanto china y la india envían hordas de sus mejores estudiantes a universidades de europa y eeuu luego repatrían masivamente el know how y pues ya ven los resultados cara_de_empollón
5ec1e0519c00ee3b59ff0687c130f1c1,asuntosConacyt,0,"Esto es una pena presidente @lopezobrador_ @ElenaBuylla @Conacyt_MX. Solicitamos personas con que  cumplan el perfil y más idóneas para el puesto. Uds. prometieron acabar con el amiguismo, nepotismo, la cuatitud. Ccp. @danielamalpican, @julioastillero, @lydiacachosi",mx,0,0,0,0,0,0,0,0,0,esto es una pena presidente [user] [user] [user] solicitamos personas con que cumplan el perfil y más idóneas para el puesto uds prometieron acabar con el amiguismo nepotismo la cuatitud ccp [user] [user] [user]
406d3b4ceff24b3111692e48b70aefc1,asuntosConacyt,0,Es incomprensible el grado de mediocridad de este gobierno. Quieren ciudadanos ignorantes para que sean más manipulables aún,mx,0,0,0,0,0,0,0,0,0,es incomprensible el grado de mediocridad de este gobierno quieren ciudadanos ignorantes para que sean más manipulables aún
cabb6d657659589f90ab56f7c9e3ebc3,asuntosConacyt,0,como dice @JuanIZavala la ahora #CONASHYT,mx,0,0,1,0,0,0,0,0,0,como dice [user] la ahora conashyt
3a0f03745a66c017f217c06fc69b0667,asuntosConacyt,0,Las reglas cambian.. Los dogmas también... Pero lo que no queda claro es que las prioridades son las mismas y aún con mayor urgencia.,mx,0,0,0,0,0,1,1,0,1,las reglas cambian los dogmas también pero lo que no queda claro es que las prioridades son las mismas y aún con mayor urgencia
82c68f03f714414b549f1ca2fae3e7a4,asuntosConacyt,0,"Jajajajajajaj viendo tanto comentario pendejo, veo q siguen apoyando al pri y al pan q desde hace un putazo de tiempo, nos tienen empinados a todos, y viendo al actual gobierno q empieza hacer pocas cosas buenas estan chingando... q lastima q no nos conformemos con nada",mx,0,0,0,0,0,2,1,0,1,jajajajajajaj viendo tanto comentario pendejo veo q siguen apoyando al pri y al pan q desde hace un putazo de tiempo nos tienen empinados a todos y viendo al actual gobierno q empieza hacer pocas cosas buenas estan chingando q lastima q no nos conformemos con nada
b1977fac976b1c7cbe5322039984a8ec,asuntosConacyt,0,Al más puro estilo stalinista y chavista!! Eso es abuso de poder y violatorio de los derechos humanos.,mx,2,0,0,0,0,0,0,0,0,al más puro estilo stalinista y chavista eso es abuso de poder y violatorio de los derechos humanos
cfb9914398ea5c98f823d245bdde8cd4,asuntosConacyt,0,"Curiosa su posición cuando en puestos claves hay puro inepto, sin carrera o carrera trunca. ¿Cuba tiene muy poco o podría ofrecer lo que Harvard, Yale, Cal Tech, MIT, Oxford, cambridge etc?",mx,0,2,1,0,0,1,0,0,0,curiosa su posición cuando en puestos claves hay puro inepto sin carrera o carrera trunca cuba tiene muy poco o podría ofrecer lo que harvard yale cal tech mit oxford cambridge etc
1e050684cc8dd4b505dbab17a10857b0,asuntosConacyt,0,Y puden investigar por que @Claudiashein impuso a un director en el heroico cuerpo de bomberos de la CDMX que no es bombero,mx,0,0,1,0,0,1,0,0,0,y puden investigar por que [user] impuso a un director en el heroico cuerpo de bomberos de la cdmx que no es bombero
dc8dbf511e460b7204ff0454b44344e6,asuntosConacyt,0,Y por ese pendejo votaron.,mx,0,0,0,0,0,0,0,0,0,y por ese pendejo votaron
b86975348d1f40f72de7f82b17a56e0a,asuntosConacyt,0,"Me cuesta trabajo creer lo que dice.... Aquí definitivamente no estoy de acuerdo. Si los estudiantes no regresan, es porque nuestro país no tiene nada que ofrecerles.",mx,0,0,0,0,0,4,1,0,1,me cuesta trabajo creer lo que dice aquí definitivamente no estoy de acuerdo si los estudiantes no regresan es porque nuestro país no tiene nada que ofrecerles
d0d30868844a763b4940f83eaec09dc4,asuntosConacyt,0,"No por la edad y el grado de estudios deja de ser inteligente, pudo tener  tropiezos que le impidieron hacer sus estudios cuando correspondía. Pero que por ser ""gay"" ¿lo discriminen? Por favor, cuántas personas con estas preferencias hay en el gobierno desde hace mucho.",mx,0,2,0,0,0,1,0,2,0,no por la edad y el grado de estudios deja de ser inteligente pudo tener tropiezos que le impidieron hacer sus estudios cuando correspondía pero que por ser gay lo discriminen por favor cuántas personas con estas preferencias hay en el gobierno desde hace mucho
fdd62c91c7ee0b8d6545eefa6b19a554,asuntosConacyt,0,Lanota es la que se están llevando haciendo estupideces Y contratando a puro pendejo,mx,0,0,0,0,0,0,0,0,0,lanota es la que se están llevando haciendo estupideces y contratando a puro pendejo
0eca9a0a2dc918a7642e1317d6d8cae8,asuntosConacyt,0,"@GobiernoMX @Conacyt_MX tomen nota, se apreciara considerar u tomar acciones sobre lo aquí comentado.",mx,0,0,0,0,0,0,0,0,0,[user] [user] tomen nota se apreciara considerar u tomar acciones sobre lo aquí comentado
352e2826bf116cf2e8cf6d9dea0267db,asuntosConacyt,0,son lo más chato que he visto en mi larga vida...,mx,0,0,0,0,0,0,1,0,1,son lo más chato que he visto en mi larga vida
4188a308407367abdfe4c6e3dadbe5fe,asuntosConacyt,0,"Todo aquello que sea contrapeso del poder vertical del presidente, será acusado de traición a la patria y desmantelado .",mx,0,0,0,0,0,0,0,0,0,todo aquello que sea contrapeso del poder vertical del presidente será acusado de traición a la patria y desmantelado
d23b1e3e81d4e43d296f2ab852b97375,asuntosConacyt,0,Nepotismo ? + Corrupcion ? + Mentiras ? + Negligencia ? = @lopezobrador_  + @yeidckol  + @PartidoMorenaMx,mx,0,4,0,0,0,0,0,0,0,nepotismo corrupcion mentiras negligencia [user] [user] [user]
7ff876f66b0c50464e9a70a9938290ec,asuntosConacyt,0,Porque no hablas de caso de tu colega Aristegui!!no mencionas nada!!,mx,4,0,0,0,0,3,0,0,0,porque no hablas de caso de tu colega aristegui no mencionas nada
8f6fc0ff2395b77a8fd7843266c6838e,asuntosConacyt,0,A la @CNDH . Se quedó muy quieto a pesar del trancazo que le metieron al decirle “póngase a trabajar”,mx,0,0,1,0,0,0,0,2,0,a la [user] se quedó muy quieto a pesar del trancazo que le metieron al decirle póngase a trabajar
053be690a022b8917a134c666dde774e,asuntosConacyt,0,"Amigos, incondicionales, compadres, espos@s, amantes, así se ganan los cargos en la 4a Transformación",mx,0,0,0,0,0,0,0,0,0,amigos incondicionales compadres espos[user] amantes así se ganan los cargos en la 4a transformación
0e5ce3fed7d1189b34027af77c306109,asuntosConacyt,0,Pero usted @elnocturno ya lo advertía,mx,0,0,0,0,0,0,0,0,0,pero usted [user] ya lo advertía
37e6d2848621f1818f82beb71e53f063,asuntosConacyt,0,"Este pendejo de @lopezobrador_ ya no sabe ni de dónde agarrarse pra revivir su discurso, pobre pendejo, cada vez se queda sin ideas, sin argumentos, y menos pruebas pra todo lo que hociconea.",mx,0,0,0,0,0,4,0,0,0,este pendejo de [user] ya no sabe ni de dónde agarrarse pra revivir su discurso pobre pendejo cada vez se queda sin ideas sin argumentos y menos pruebas pra todo lo que hociconea
8a5891d023ddcec9619f29f6fca85632,asuntosConacyt,0,"Se quejan de los anteriores, pero ellos son, lo mismo pero, igual, lastima de mi hermoso México.",mx,0,0,0,0,0,0,0,0,0,se quejan de los anteriores pero ellos son lo mismo pero igual lastima de mi hermoso méxico
0e6f32425287c71132dd132b6a8304ba,asuntosConacyt,0,Y porque no vas a las mañaneras a decírselo a @lopezobrador_ ????,mx,0,4,0,0,0,1,1,0,0,y porque no vas a las mañaneras a decírselo a [user]
e1acfa00034982120ad220d6ca9891dc,asuntosConacyt,0,"Si el ejemplo a seguir va a ser Cuba...Pues sí, buenos científicos. Pero presos de su gobierno y con mucha hambre.",mx,0,0,0,0,0,0,1,0,1,si el ejemplo a seguir va a ser cuba pues sí buenos científicos pero presos de su gobierno y con mucha hambre
fe0f0661e5ff1e58453ca8d21421fc80,asuntosConacyt,0,No tiene el perfil y mocho menos el nivel. Su cargo huele a NEPOTISMO PURO,mx,0,0,2,0,0,1,0,0,0,no tiene el perfil y mocho menos el nivel su cargo huele a nepotismo puro
ae10445551fa8336f53b458c122c1fee,asuntosConacyt,0,"Injusto ya que un médico titulado que está haciendo una residencia en un hospital público gana una miseria trabajando más de 8 horas y guardias. Este fósil gana más de $40,000  por ser protegido de la Padierna no se vale.",mx,0,0,0,0,0,1,1,0,0,injusto ya que un médico titulado que está haciendo una residencia en un hospital público gana una miseria trabajando más de 8 horas y guardias este fósil gana más de 40 00 por ser protegido de la padierna no se vale
cbee733efde35090ad9398da9cac03a2,asuntosConacyt,0,Lo que no quiere ver la nueva titular del Conacyt es que no obtienes una plaza de trabajo como investigador sino tiene estudios en el extranjero... Como el postdoctorado.,mx,0,0,0,0,0,3,1,0,1,lo que no quiere ver la nueva titular del conacyt es que no obtienes una plaza de trabajo como investigador sino tiene estudios en el extranjero como el postdoctorado
8a658828555f9736704f56f24d68e4a7,asuntosConacyt,0,"Esta cómplice del delincuente que tiene por marido, es la menos indicada para hablar. Estúpidamente incorrecta como su asquerosa vida política.",mx,0,0,0,0,0,0,0,0,0,esta cómplice del delincuente que tiene por marido es la menos indicada para hablar estúpidamente incorrecta como su asquerosa vida política
2ab11422ce59352faee236037ed3190d,asuntosConacyt,0,En serio que no se cansan de hablar puras tonterías estos descerebrados de 4ª; que pronto vamos avanzando hacia el precipicio,mx,0,0,0,0,0,1,0,0,0,en serio que no se cansan de hablar puras tonterías estos descerebrados de 4ª que pronto vamos avanzando hacia el precipicio
2ae2f5a933e7bd29917a080ad0de3c11,asuntosConacyt,0,"@lopezobrador_ Es el colmo estás destrozándo lo que tocas , no puede ser !!!",mx,3,0,0,0,0,1,1,0,0,[user] es el colmo estás destrozándo lo que tocas no puede ser
e1e4ccf8b49c2c5952ef7e8047362042,asuntosConacyt,0,"Pues si es cierto , la campaña es interna y pareciera la lidera justo el equipo directivo de Conacyt empezando por Maria Elena Alvarez y el área selección de personal. Solitos se meten el pie, solitos se tropiezan y se caen y solitos crean fantasmas a quien culpar.",mx,0,0,0,0,0,0,0,0,0,pues si es cierto la campaña es interna y pareciera la lidera justo el equipo directivo de conacyt empezando por maria elena alvarez y el área selección de personal solitos se meten el pie solitos se tropiezan y se caen y solitos crean fantasmas a quien culpar
731a614941d8d8b07a760962b286a854,asuntosConacyt,0,"Cuentanos, como terminó el doctor que denunció el desabasto de medicamentos en el hospital general de Lázaro Cárdenas, Mich.    Ahora a esperar que no se cometa una injusticia también con esta doctora, bien por ella, por no darles el gusto de quedarse callada",mx,0,0,0,0,0,2,1,0,0,cuentanos como terminó el doctor que denunció el desabasto de medicamentos en el hospital general de lázaro cárdenas mich ahora a esperar que no se cometa una injusticia también con esta doctora bien por ella por no darles el gusto de quedarse callada
25d904cc80cb6abc0faf5b33f80467d5,asuntosConacyt,0,Creo que ya nada me sorprende,mx,0,0,0,0,0,1,0,0,0,creo que ya nada me sorprende
4708557b3f0b9ab63a85667a093755e7,asuntosConacyt,0,Que imbecil eres pobre y mediocre PejeZombie,mx,0,0,0,0,0,0,0,0,0,que imbecil eres pobre y mediocre pejezombie
85d9a362195c4b387d539def063f894c,asuntosConacyt,0,"Este será un gobierno con alto valor Republicano, estulto, pero Republicano.  Como es posible que la comisionada diga tal insensatez,  es el colmo de la ignorancia.  #OPCmx #OPCmxVsAmlo",mx,0,0,0,0,0,0,0,0,0,este será un gobierno con alto valor republicano estulto pero republicano como es posible que la comisionada diga tal insensatez es el colmo de la ignorancia opcmx opcmxvsamlo
df5813c5beb8abb033c4a8272fe3bee5,asuntosConacyt,0,CORRUPCIÓN en la #4taTransformacion omg!!! Increíble...Jajajajaja,mx,3,0,1,0,0,0,2,0,1,corrupción en la 4tatransformacion omg increíble jajajajaja
c838ac37c3d28d8044cd7bc90f1dbe84,asuntosConacyt,0,Cheque los de CONAGUA.,mx,0,0,1,0,0,0,0,0,0,cheque los de conagua
77c1326231b1213842049e32de69d88d,asuntosConacyt,0,Una víctima más de la falta de conocimiento y/o ignorancia.,mx,0,0,0,0,0,0,0,0,0,una víctima más de la falta de conocimiento y o ignorancia
63236ed7a7baa8cd055d1e080721e781,asuntosConacyt,0,"En órbita ya estoy con tanto enredo y malas decisiones del gobierno que prometió ser distinto, pero la realidad demuestra que solo es en el discurso.",mx,0,0,0,0,0,0,0,0,0,en órbita ya estoy con tanto enredo y malas decisiones del gobierno que prometió ser distinto pero la realidad demuestra que solo es en el discurso
e760504e785d7e15ad36adba3584647e,asuntosConacyt,0,Te equivocas!!! La comunidad cientifica de Conacyt (en la cuàl estoy) está hoy más que nunca aceptando las propuestas. Entiendo que puedan haber unas muy pocas personas como tú que tenían una mafia y corrupción dentro que les este pegando... como a ti que ya no tienes Chayo,mx,3,0,0,0,0,2,2,0,1,te equivocas la comunidad cientifica de conacyt en la cuàl estoy está hoy más que nunca aceptando las propuestas entiendo que puedan haber unas muy pocas personas como tú que tenían una mafia y corrupción dentro que les este pegando como a ti que ya no tienes chayo
ed6fa008441318da1523fa6673fd8fab,asuntosConacyt,0,"La lógica de la 4T, los amigos, parientes e inexpertos, en cargos, sin idea de lo que se trata...",mx,0,0,0,0,0,1,1,0,1,la lógica de la 4t los amigos parientes e inexpertos en cargos sin idea de lo que se trata
8415fc6310d05f803446aa7dc6958106,asuntosConacyt,0,Hay ya!!!!!..... me tiene hasta la madre!!!,mx,8,0,0,0,0,0,3,0,1,hay ya me tiene hasta la madre
d922aae4c831c8ea8ffffc3247c82ffb,asuntosConacyt,0,Que salida tan estupida. Cuando esta avestruz no es capaz de defender algo transforma en violencia de género.,mx,0,0,0,0,0,1,0,0,0,que salida tan estupida cuando esta avestruz no es capaz de defender algo transforma en violencia de género
7dda5dfeccf303510025ee18de167c46,asuntosConacyt,0,"Asi lo prometiste en campaña, que todo se transparente, pero parece que ya se te olvido,no dudo que haya gente bien preparada y que sepa de los temas a tratar ,a esos debes de darle la oportunidad, al pueblo preparado para eso estudiaron",mx,0,0,0,0,0,1,0,0,0,asi lo prometiste en campaña que todo se transparente pero parece que ya se te olvido no dudo que haya gente bien preparada y que sepa de los temas a tratar a esos debes de darle la oportunidad al pueblo preparado para eso estudiaron
379f3a184987ca128aac54ad209cb725,asuntosConacyt,0,Hagamos una denuncia judicial por acoso laboral y abuso de poder. Xoconoatle soy tu fan. Eres una mujer brillante y te necesitamos,mx,0,0,0,0,0,0,0,0,0,hagamos una denuncia judicial por acoso laboral y abuso de poder xoconoatle soy tu fan eres una mujer brillante y te necesitamos
19885a4c530f5e795ab82d95d91414ef,asuntosConacyt,0,#Odio entonces tener que dejar de hacerme ilusiones #jum,mx,0,0,0,0,0,0,0,0,0,odio entonces tener que dejar de hacerme ilusiones jum
8fa76996c8e0cab7f150c2e96846272e,asuntosConacyt,0,Si pero no siga explicando más porque se ofenden los de la 4,mx,0,0,0,0,0,1,0,0,0,si pero no siga explicando más porque se ofenden los de la 4
26651cd6eca09d2b7e1ff0549e920c40,asuntosConacyt,0,no noticias si dejas estos arregros de gobierno eso si sera penoso y una buelta al pasado huesos para todos!!,mx,2,0,0,0,0,1,0,0,0,no noticias si dejas estos arregros de gobierno eso si sera penoso y una buelta al pasado huesos para todos
72cdaa6879b499e5ed041dea2cde2511,asuntosConacyt,0,"Pues ya la leí y pues parece más propaganda política que un plan de vanguardia,  ella dice aparte una cosa y el encargado de comunicación otra, esta entrevista deja dudas y alza la ceja a más de uno.",mx,0,0,0,0,0,0,0,0,0,pues ya la leí y pues parece más propaganda política que un plan de vanguardia ella dice aparte una cosa y el encargado de comunicación otra esta entrevista deja dudas y alza la ceja a más de uno
a0b6b4e4cbeb0dafc0f30955ee30c080,asuntosConacyt,0,"El peje ajeno a todo, también está echo un reverendo pendejo imbécil hdspm...todo se lo pasa x el arco meado...",mx,0,0,0,0,0,0,2,0,2,el peje ajeno a todo también está echo un reverendo pendejo imbécil hdspm todo se lo pasa x el arco meado
f92831b11716fe723570335ed6580941,asuntosConacyt,0,"Parece que para él todo desacuerdo con sus políticas proviene de mafias Hoy es la mafia de la ciencia Pero pasa que forman parte de ésta algunos de los mejores científicos de México, y de reconocida calidad humana ¿Será que México no cabe en su maniqueísmo?",mx,0,2,0,0,0,1,0,0,0,parece que para él todo desacuerdo con sus políticas proviene de mafias hoy es la mafia de la ciencia pero pasa que forman parte de ésta algunos de los mejores científicos de méxico y de reconocida calidad humana será que méxico no cabe en su maniqueísmo
60d1748f0e8494bebca08ace9ca4969d,asuntosConacyt,0,Pues si  en el sexenio pasado tuvimos un burro de presidente (sin ofender a los burritos) y nadie dijo nada😂😂 Ni los chayoteros de mierda😂😡,mx,0,0,0,4,0,4,0,0,0,pues si en el sexenio pasado tuvimos un burro de presidente sin ofender a los burritos y nadie dijo nada cara_llorando_de_risa cara_llorando_de_risa ni los chayoteros de mierda cara_llorando_de_risa cara_cabreada
7fc3d6dbd7195780020b41ecdcb31825,asuntosConacyt,0,"Qué tal con ésta señora? ""Entre más ignorante un pueblo, más manipulable es"". Los socialistoides son solo retroceso para la humanidad.",mx,0,1,0,0,0,0,0,2,0,qué tal con ésta señora entre más ignorante un pueblo más manipulable es los socialistoides son solo retroceso para la humanidad
f9529b45c3c998e90f831ad2f6100cc4,asuntosConacyt,0,Así se pagan los VOTOS. Asi pagan los FAVORES. Así se brincan las T4=TRANCAS.,mx,0,0,3,0,0,0,0,0,0,así se pagan los votos asi pagan los favores así se brincan las t4 trancas
bb54c1fe11f82b5cbc79cabbc1062bf4,asuntosConacyt,0,"El gob. De la mediocridad, los gobernantes más ignorantes y mediocres, pobre Mexico.......Como cangrejos.....",mx,0,0,0,0,0,0,2,0,3,el gob de la mediocridad los gobernantes más ignorantes y mediocres pobre mexico como cangrejos
38cd1020aadbc99a1601aa4ef44e4bbb,asuntosConacyt,0,jajaja y denise maerker dando la nota en solidaridad 🤣🤣 chayotera,mx,0,0,0,2,0,0,0,0,0,jajaja y denise maerker dando la nota en solidaridad cara_revolviéndose_de_la_risa cara_revolviéndose_de_la_risa chayotera
5b579ba526c3149ccceb83c4a464cb53,asuntosConacyt,0,"O sea, está en contra de la labor de @Conacyt_MX . La meta debería de ser duplicar o más la cantidad de jóvenes estudiando en centros de alta calidad. Podría poner condición de un año de servicio social en México a cambio de los apoyos, si tanto le preocupa la fuga de cerebros.",mx,0,0,0,0,0,0,0,0,0,o sea está en contra de la labor de [user] la meta debería de ser duplicar o más la cantidad de jóvenes estudiando en centros de alta calidad podría poner condición de un año de servicio social en méxico a cambio de los apoyos si tanto le preocupa la fuga de cerebros
9b9ba3a8874a1081d419ff3794832048,asuntosConacyt,0,"Además ella es la que está discriminando,  dice: Se que el es ¿como se dice? ¡Ah! Sí Gay... ¡¡¡O sea!!!",mx,8,2,0,0,0,0,3,0,1,además ella es la que está discriminando dice se que el es como se dice ah sí gay o sea
0b90abd6b01356da1f72a6b9af2edb17,asuntosConacyt,0,Con esto termino de comprender el porque tantos despidos masivos de especialistas: a la #4taTransformacion NO LE INTERESA LA CIENCIAS NI LA TECNOLOGÍA Y MUCHO MENOS LA CULTURA entre más burros estén es mejor 🙄,mx,0,0,6,1,0,2,0,0,0,con esto termino de comprender el porque tantos despidos masivos de especialistas a la 4tatransformacion no le interesa la ciencias ni la tecnología y mucho menos la cultura entre más burros estén es mejor cara_con_ojos_en_blanco
8bfe395d6ea8eba4367291ae88e67f83,asuntosConacyt,0,Ándale ! Que buena idea y te quedas dando vueltas por la órbita de la tierra como la perrita Laika con todo respeto .,mx,1,0,0,0,0,0,0,0,0,ándale que buena idea y te quedas dando vueltas por la órbita de la tierra como la perrita laika con todo respeto
6c257f0fd9a6af547a64d0a79dfe4c69,asuntosConacyt,0,Claramente da el perfil.........se queda; se queda !,mx,1,0,0,0,0,0,1,0,3,claramente da el perfil se queda se queda
600d815beedb1356e39f31bf60d14d4b,asuntosConacyt,0,"Los PRIANISTAS con lupa checando cada paso de AMLO y cuando nos subieron la gasolina no hicimos nada, puras quejas por Twitter, O que decir de la finísima persona de Videgaray que de canciller no sabía pero ni madres",mx,0,0,2,0,0,4,0,0,0,los prianistas con lupa checando cada paso de amlo y cuando nos subieron la gasolina no hicimos nada puras quejas por twitter o que decir de la finísima persona de videgaray que de canciller no sabía pero ni madres
aed503aaf0b7d38f3de254e47ee0dea0,asuntosConacyt,0,"¿Que queeeeé...? Ahora resulta que somos los generadores del conocimiento científico mundial. Autosuficientes y auto-estúpidos. ¿Quiénes serán los únicos que podrán educarse en el extranjero...? Exacto, los hijos de los Fifís que tanto odia la T4 @ConsultaPara",mx,0,4,0,0,0,0,3,0,2,que queeé ahora resulta que somos los generadores del conocimiento científico mundial autosuficientes y auto estúpidos quiénes serán los únicos que podrán educarse en el extranjero exacto los hijos de los fifís que tanto odia la t4 [user]
1024f64ba02f704ac6ffd33acbae1b71,asuntosConacyt,0,"Pobre enfermo mental, creo que va a salir con camisa de fuerza, para EL todo lo que no entiende, o no lo hizo, ES MAFIA",mx,0,0,1,0,0,2,0,0,0,pobre enfermo mental creo que va a salir con camisa de fuerza para el todo lo que no entiende o no lo hizo es mafia
8b4197db6091688716300632115c4e6a,asuntosConacyt,0,Viejo loco. Él representa la siniestra mafia de la IGNORANCIA Y DE LA MEDIOCRIDAD. @lopezobrador_,mx,0,0,2,0,0,0,0,0,0,viejo loco él representa la siniestra mafia de la ignorancia y de la mediocridad [user]
73d61f4c1890888001aa3e76f54b4ff2,asuntosConacyt,0,Que vergüenza de gobierno tenemos,mx,0,0,0,0,0,0,0,0,0,que vergüenza de gobierno tenemos
3eb58eddf0aa45cdfef0b0d970002f53,asuntosConacyt,0,"No, haz de ser un genio, pero vendido y rastrero tapa ratas y convencieron, pero tú karma es se acabó la Ley Chayote y tu con ella mentiroso inflado de pacotilla",mx,0,0,0,0,0,1,0,0,0,no haz de ser un genio pero vendido y rastrero tapa ratas y convencieron pero tú karma es se acabó la ley chayote y tu con ella mentiroso inflado de pacotilla
cbd047ab35433c29e2de4c3965e023e9,asuntosConacyt,0,"Pero como es el camote de la padierna, tiene mas que justificados sus méritos",mx,0,0,0,0,0,0,0,0,0,pero como es el camote de la padierna tiene mas que justificados sus méritos
f1d4064b391477c3ca7e5c5710bc69c8,asuntosConacyt,0,Es la esposa del sr. De las ligas todo se puede esperar.,mx,0,0,0,0,0,0,0,0,0,es la esposa del sr de las ligas todo se puede esperar
0caad5c5d1531b901cde309df2591707,asuntosConacyt,0,Jajajajajajajajaja. No tiene vergüenza..,mx,0,0,0,0,0,1,0,0,0,jajajajajajajajaja no tiene vergüenza
9c9689944caf183e4ff2ce2b1721850f,asuntosConacyt,0,@Milenio y el pejelagarto sin saber que decir y al último como siempre aventarle la brinca al más buey en ese caso la más bueya,mx,0,0,0,0,0,1,0,0,0,[user] y el pejelagarto sin saber que decir y al último como siempre aventarle la brinca al más buey en ese caso la más bueya
eecb8977a9ccff1d3f37a4ef1ed8b324,asuntosConacyt,0,Puras idioteces. Y ocurrencias. Ladrador probado un idiota populista. Pobre México,mx,0,0,0,0,0,0,0,0,0,puras idioteces y ocurrencias ladrador probado un idiota populista pobre méxico
116636a2bbff5b588e7729e65e6a8cde,asuntosConacyt,0,Nada más espero las mañanas para leer tus payasadas jajaja ridículo...,mx,0,0,0,0,0,1,1,0,1,nada más espero las mañanas para leer tus payasadas jajaja ridículo
d4550b424eb484854abc03fe2f765727,asuntosConacyt,0,Con razón mi hija que estudia una carrera de ciencias estaba tan molesta con el nombramiento de ésta mujer enferma de ideología.,mx,0,0,0,0,0,0,0,0,0,con razón mi hija que estudia una carrera de ciencias estaba tan molesta con el nombramiento de ésta mujer enferma de ideología
b0a2d983e45805e8d611be3f7439cc3a,asuntosConacyt,0,"Una pena que no se valore cómo debe ser el sistema de investigación de un país y no consideren parte fundamental del éxito es quiénes lo dirigen, claro es con el conocimiento y desarrollo para ello.",mx,0,0,0,0,0,2,0,0,0,una pena que no se valore cómo debe ser el sistema de investigación de un país y no consideren parte fundamental del éxito es quiénes lo dirigen claro es con el conocimiento y desarrollo para ello
48d14b03516e45c62da1461011f2a75f,asuntosConacyt,0,"En general mi opinión es buena, el único problema es la total falta de comunicación y disponibilidad del personal. Pueden pasar semanas sin que se conteste un correo ni te respondan el teléfono (y cuando te responden casualmente nunca está la persona con la que necesitas hablar)",mx,0,0,0,0,0,3,0,0,0,en general mi opinión es buena el único problema es la total falta de comunicación y disponibilidad del personal pueden pasar semanas sin que se conteste un correo ni te respondan el teléfono y cuando te responden casualmente nunca está la persona con la que necesitas hablar
e47099b22e3f964c7796e54fa741af80,asuntosConacyt,0,"Si algo queda claro con el movimiento del sr de las Ligas y ñora que apoya incondicionalmente a @lopezobrador_ es que: 1.- Se victimizan a la menor provocación , se tiran al piso! 2,-son expertos en manipular sus metidas d pata,para q el culpable resulte el intolerante neoliberal",mx,1,0,0,0,0,0,0,0,0,si algo queda claro con el movimiento del sr de las ligas y ñora que apoya incondicionalmente a [user] es que 1 se victimizan a la menor provocación se tiran al piso 2 son expertos en manipular sus metidas d pata para q el culpable resulte el intolerante neoliberal
4fb94c16e03a059e35d0b4e9e207fe82,asuntosConacyt,0,LLÉVATELO A TU CASA,mx,0,0,2,0,0,0,0,0,0,llévatelo a tu casa
db8825582e520b01e2dd2dd3f3a9ca8b,asuntosConacyt,0,“Ineptitud rampante” o “AMIGUISMO impune”,mx,0,0,1,0,0,0,0,4,0,ineptitud rampante o amiguismo impune
fc02a658e3a1e3338e39e1df3bfd31bb,asuntosConacyt,0,Gas a tu merga madre,mx,0,0,0,0,0,0,0,0,0,gas a tu merga madre
6d8bccab6ca76ff9c0852c0ab47e2017,asuntosConacyt,0,Que tambien le piden recursos al #Conacyt para NINIS y trenecito Maya?  @ElenaBuylla que mediocre mentalidad!  C.c.p. @fmartinmoreno @valenciam07 @DeniseDresserG @luisantgarcia @BBCWorld @elpais_espana @UniNoticias @Arouet_V @MElenaPerezJaen @Llegaspacheca @AlanaRendon,mx,1,1,1,0,0,0,0,0,0,que tambien le piden recursos al conacyt para ninis y trenecito maya [user] que mediocre mentalidad c c p [user] [user] [user] [user] [user] [user] [user] [user] [user] [user] [user]
8d700a13b5d414ffe3b090f523b014af,asuntosConacyt,0,"Se propone no fomentar formación de estudiantes en el extranjero pero las propuestas serán en inglés. Recortar gastos, especialmente en comunicación y se contrata a joven sin expertiss y muy buen salario. ¿Contradicciones un proyecto abstracto y complejo?",mx,0,2,0,0,0,2,0,0,0,se propone no fomentar formación de estudiantes en el extranjero pero las propuestas serán en inglés recortar gastos especialmente en comunicación y se contrata a joven sin expertiss y muy buen salario contradicciones un proyecto abstracto y complejo
d079c4760b98d9fc2f5f4fee08bab427,asuntosConacyt,0,Ésas situaciones (decenas de miles en sector público y todos niveles) muestran la paradoja de @PartidoMorenaMx: A rajatabla pidieron renuncias y señalaron de corruptos a todos Pero lloran y arguyen ataques e intolerancia de género para los suyos La victimización de la 4T a la 4n,mx,0,0,0,0,0,0,0,0,0,ésas situaciones decenas de miles en sector público y todos niveles muestran la paradoja de [user] a rajatabla pidieron renuncias y señalaron de corruptos a todos pero lloran y arguyen ataques e intolerancia de género para los suyos la victimización de la 4t a la 4n
6cbb8b34ca6b5f915d8f10d0466baa90,asuntosConacyt,0,"No es nuevo en estos ilustres sinverguenzas del socialismo Siglo XXI,al final terminan destruyendo el Pais.Cuba,Venezuela ejemplos vivos.",mx,0,0,1,0,0,1,0,0,0,no es nuevo en estos ilustres sinverguenzas del socialismo siglo xxi al final terminan destruyendo el pais cuba venezuela ejemplos vivos
d77cf6ceb327cd0c03722b5f4410b42e,asuntosConacyt,0,"Increíble, para todo se trata de dividir y polarizar, esto no nos llevará a nada bueno",mx,0,0,0,0,0,2,0,0,0,increíble para todo se trata de dividir y polarizar esto no nos llevará a nada bueno
422bc4d6c0ace86a5d595f884e160ad6,asuntosConacyt,0,Ya me imagino en la época del PRI que no se sabía nada nada más lo que convenia,mx,0,0,1,0,0,3,0,0,0,ya me imagino en la época del pri que no se sabía nada nada más lo que convenia
1b9ef95b8d901b85bc734c58eecd33f9,asuntosConacyt,0,"Por Dios, ¿a este ""pobre"" lo satanizan?. Y todos a los que están despidiendo sin justificación, sin sueldo desde diciembre, por lo que pierden su antigüedad dejando sin sustento a miles de familias. ¿Qué les decimos?",mx,0,4,0,0,0,3,0,2,0,por dios a este pobre lo satanizan y todos a los que están despidiendo sin justificación sin sueldo desde diciembre por lo que pierden su antigüedad dejando sin sustento a miles de familias qué les decimos
d126a8f6bd9991483b596a1e798a5667,asuntosConacyt,0,Yo no creo que sea Gay! Más bien pienso que es novio de dolores Padierna!!!,mx,4,0,0,0,0,1,1,0,0,yo no creo que sea gay más bien pienso que es novio de dolores padierna
9d64c1c5e852a86ccb2cecbd72041e2a,asuntosConacyt,0,"Con Salinas, el PRI pasó de ser una agencia de empleo para cualquier idiota que se formara y fuera obediente, como en su tiempo fue Andrés López, a una agencia de empleo para gente con grados académicos avanzados. Morena quiere ser el PRI pre-Salinas.",mx,0,0,2,0,0,0,0,0,0,con salinas el pri pasó de ser una agencia de empleo para cualquier idiota que se formara y fuera obediente como en su tiempo fue andrés lópez a una agencia de empleo para gente con grados académicos avanzados morena quiere ser el pri pre salinas
04bf355fe006111f036dba123c24b198,asuntosConacyt,0,Ya ven por votar por la@mierda de Morena@y su líder @lopezobrador_ !!,mx,2,0,0,0,0,0,0,0,0,ya ven por votar por la[user] de morena[user] su líder [user]
dd0055afe2a3592544efba377715dd71,asuntosConacyt,0,Todo sea por concentrar recursos para las ocurrencias de @lopezobrador_ como el #TrenMaya #santalucia y la refineria dos bocas y lo que se acumule,mx,0,0,0,0,0,0,0,0,0,todo sea por concentrar recursos para las ocurrencias de [user] como el trenmaya santalucia y la refineria dos bocas y lo que se acumule
68d12120f748af3497de947643648ee7,asuntosConacyt,0,"Bueno sería que diera nombres y apellidos, un hombre tan básico debatiendo con la mafia de la ciencia, sería la única manera en que yo lo escucharía más de 2 minutos, a ver qué tendría que argumentar 🤨",mx,0,0,0,1,0,0,0,0,0,bueno sería que diera nombres y apellidos un hombre tan básico debatiendo con la mafia de la ciencia sería la única manera en que yo lo escucharía más de 2 minutos a ver qué tendría que argumentar cara_con_ceja_alzada
c94e3efe3c656116fe98d0944e385012,asuntosConacyt,0,"Uff, olvidaba a @ManuelBartlett y su postura para el uso de energías limpias.",mx,0,0,0,0,0,0,0,0,0,uff olvidaba a [user] y su postura para el uso de energías limpias
bdf3dd078d93c00a143b006fd4fabc33,asuntosConacyt,0,"@lopezobrador_ AHORA VA CON LA MAFIA DE LA CIENCIA Y LA MAFIA DE LA 4TA TRANSFORMACIÓN........., PORQUE NO LA NOMBRA???? Y VAYA QUE SON UNA MAFIA YA  REACTIVARON LA MAFIA DE LA ANTIGUA CNOP EN LA FINA PERSONA DE @NapoleonGomezUr",mx,0,4,19,0,0,1,2,0,3,[user] ahora va con la mafia de la ciencia y la mafia de la 4ta transformación porque no la nombra y vaya que son una mafia ya reactivaron la mafia de la antigua cnop en la fina persona de [user]
49e690a205982047651620fc44999a31,asuntosConacyt,0,No se juzgan sus preferencias sexuales se juzga que no está preparado para ese puesto y la recomendación que está fuera de lugar de la Sra Padierna,mx,0,0,0,0,0,2,0,0,0,no se juzgan sus preferencias sexuales se juzga que no está preparado para ese puesto y la recomendación que está fuera de lugar de la sra padierna
c47d3e3f8d7a533d3edd602dbce744c2,asuntosConacyt,0,"No quisiera hablar ni en pro ni en contra del gob., pero que afiliación política tienen estos personajes que estan saliendo que no tienen la preparación adecuada y que les pagan lo que a personas con doctorados no, MORENA no?. Si quiere combatir una mafia, que primero depure eso",mx,0,1,1,0,0,6,0,0,0,no quisiera hablar ni en pro ni en contra del gob pero que afiliación política tienen estos personajes que estan saliendo que no tienen la preparación adecuada y que les pagan lo que a personas con doctorados no morena no si quiere combatir una mafia que primero depure eso
6d7c6c16597f30abfe56acd2394c7f67,asuntosConacyt,0,La inexperiencia les permite cometer estupideces pues la visión es del siglo pasado más exacto las décadas 70's y 80's,mx,0,0,0,0,0,0,0,2,0,la inexperiencia les permite cometer estupideces pues la visión es del siglo pasado más exacto las décadas 70 s y 80 s
1586bd46c682062fdf56e5d3f6cdd42f,asuntosConacyt,0,"Excelente la nota, pero no es todo, falta que se investigue la nueva Ley de Ciencia y Tecnología, hay mucha preocupación de la comunidad científica y tecnológica, no habría contrapesos",mx,0,0,0,0,0,2,0,0,0,excelente la nota pero no es todo falta que se investigue la nueva ley de ciencia y tecnología hay mucha preocupación de la comunidad científica y tecnológica no habría contrapesos
e975b7d18c2e6f0cf099bf520c49a4d4,asuntosConacyt,0,"Existe la fuga de cerebros por razones laborales y personales. Las laborales,en su mayoría,recaen porque en nuestro país es práctica común,en todos los sectores públicos,el favoritismo y compadrazgo dejando fuera a mentes MUY capaces.  Y ahora resulta que esta es la solución.. 😒",mx,0,0,1,1,0,0,0,0,0,existe la fuga de cerebros por razones laborales y personales las laborales en su mayoría recaen porque en nuestro país es práctica común en todos los sectores públicos el favoritismo y compadrazgo dejando fuera a mentes muy capaces y ahora resulta que esta es la solución cara_de_desaprobación
5893776f54c93a1953a8d495cb9921d6,asuntosConacyt,0,Pobre??? Pobre cuando estaba tu gobierno de rateros por los que te cortas las venas,mx,0,3,0,0,0,0,1,0,0,pobre pobre cuando estaba tu gobierno de rateros por los que te cortas las venas
869285bbd7b7c4c0c0ddc92951938f20,asuntosConacyt,0,Ya paren está masacre por favor,mx,0,0,0,0,0,0,0,0,0,ya paren está masacre por favor
65ca461507ba9f8465f25c94d5163c85,asuntosConacyt,0,El protegido de Jenaro y Dolores,mx,0,0,0,0,0,0,0,0,0,el protegido de jenaro y dolores
0bf65e972b51b391e75ec41f126383ec,asuntosConacyt,0,La reacción y las mafias del poder de la ciencia mostraron toda su #homofobia y #clasismo. Eso no impedirá ni frenará la investigación de la CORRUPCIÓN en el anterior #CONACYT . Nada va a distraer limpiar el establo de Augias...,mx,0,0,2,0,0,3,1,0,1,la reacción y las mafias del poder de la ciencia mostraron toda su homofobia y clasismo eso no impedirá ni frenará la investigación de la corrupción en el anterior conacyt nada va a distraer limpiar el establo de augias
80c7bd6c96d2bfd16d35ed097f365e82,asuntosConacyt,0,"Pero, si no mal recuerdo, tu estabas a favor de Obrador cuando era jefe de Gobierno, cuando estabas en CNI canal 40",mx,0,0,1,0,0,1,0,0,0,pero si no mal recuerdo tu estabas a favor de obrador cuando era jefe de gobierno cuando estabas en cni canal 40
4469774607f1f0d23347aed2789e5f4a,asuntosConacyt,0,Es claro que a @lopezobrador_ le vale un carajo la ciencia y la ecología!,mx,1,0,0,0,0,0,0,0,0,es claro que a [user] le vale un carajo la ciencia y la ecología
6bc500b55c0f6c7295305f3f40b00095,asuntosConacyt,0,Me extraña que diga esas cosas. Usted SIEMPRE defiende a López Obrador.,mx,0,0,1,0,0,0,0,0,0,me extraña que diga esas cosas usted siempre defiende a lópez obrador
2d0c9b0a4fe5ead41fa62e788e3b7ec4,asuntosConacyt,0,¡Sí! Existe esa obligación. ¡Están mintiendo para promover sus pésimas ideas!,mx,4,0,0,0,0,0,0,0,0,sí existe esa obligación están mintiendo para promover sus pésimas ideas
2b696ebffb4f44bcb184197ddcb1a86c,asuntosConacyt,0,Que podíamos esperar de un gobierno con un presidente que tardó 10 años en acabar la carrera y con promedio de 7. La mediocridad de la 4T.,mx,0,0,0,0,0,0,0,0,0,que podíamos esperar de un gobierno con un presidente que tardó 10 años en acabar la carrera y con promedio de 7 la mediocridad de la 4t
c89fbbbb87249b5c8ef2de382fa39cb5,asuntosConacyt,0,Hay que mandarlos al extranjero a capacitarse y aprender‼️ Y asegurarse de regresarlos con buenos trabajos y sueldos en beneficio del país ‼️ Que mal están ‼️,mx,0,0,0,3,0,0,0,0,0,hay que mandarlos al extranjero a capacitarse y aprender exclamación_doble y asegurarse de regresarlos con buenos trabajos y sueldos en beneficio del país exclamación_doble que mal están exclamación_doble
2bd404748cc407c5d072f95353806076,asuntosConacyt,0,Señora no es por el genero.. es por que no esta preparado para el puesto que le DIERON...,mx,0,0,1,0,0,2,1,0,1,señora no es por el genero es por que no esta preparado para el puesto que le dieron
b47315bc497e609117a4c4bdf213fb89,asuntosConacyt,0,Ya para de mamar y ponte a trabajar,mx,0,0,0,0,0,0,0,0,0,ya para de mamar y ponte a trabajar
a3e0a95925d5d957d252f064dae953f2,asuntosConacyt,0,"Cómo es que sin renunciar, sin cometer falta alguna, sin cese o notificación de despido formal mi plaza presupuestal está ya siendo ocupada por otra persona? Yo simplemente fui echado a la calle sin explicación alguna.",mx,0,1,0,0,0,4,0,0,0,cómo es que sin renunciar sin cometer falta alguna sin cese o notificación de despido formal mi plaza presupuestal está ya siendo ocupada por otra persona yo simplemente fui echado a la calle sin explicación alguna
910b1a08a43e051796edf541480ea2ae,asuntosConacyt,0,No lo puede evitar teacher.  Nacio perversa de la misma forma que una rana nace rana y un escorpion nace escorpion...,mx,0,0,0,0,0,1,1,0,1,no lo puede evitar teacher nacio perversa de la misma forma que una rana nace rana y un escorpion nace escorpion
80d25f8fdfdbdddc7abba6493eb2699d,asuntosConacyt,0,Mafia del Poder (tecnocracia neoporfirista) con Mafia de la Ciencia... no sé... amistad por siempre.,mx,0,0,0,0,0,1,2,0,2,mafia del poder tecnocracia neoporfirista con mafia de la ciencia no sé amistad por siempre
6d215bd7d2f4879f2bfa5c1cf79f2453,asuntosConacyt,0,Sabrá el pendejo de AMLO que es bioseguridad? Definitivamente no.,mx,0,1,1,0,0,1,0,0,0,sabrá el pendejo de amlo que es bioseguridad definitivamente no
1d98d84f2ad75ed8e8f26c310224cb1c,asuntosConacyt,0,"Parece que lo de Daniel Goldin no fue casualidad, es ya un modus operandi.",mx,0,0,0,0,0,1,0,0,0,parece que lo de daniel goldin no fue casualidad es ya un modus operandi
28af1e907e82a45902078b08594fe15e,comisionReguladoraEnergia,1,Y que esperabamos ..con un presidente que a una pregunta seria y comprometida respnde: Y como se dice... Gasolinera o Gasolineria ... por que las tortillas... Y lo peor no fue por maldad.. simplemente se le disperso el pensamiento.. ahhh la edad dorada del retiro...,mx,0,0,0,0,0,1,5,0,4,y que esperabamos con un presidente que a una pregunta seria y comprometida respnde y como se dice gasolinera o gasolineria por que las tortillas y lo peor no fue por maldad simplemente se le disperso el pensamiento ahh la edad dorada del retiro
24ff78f3efa5f1fc8cb2cf72847b4ba3,comisionReguladoraEnergia,1,Jeje bueno... Eso demuestra. Que hay oportunidades para todos y todas..,mx,0,0,0,0,1,0,1,0,1,jeje bueno eso demuestra que hay oportunidades para todos y todas
df4ecbee7f0fff15e91ca4a10831576e,comisionReguladoraEnergia,1,😂nos está llevando la 4T,mx,0,0,0,1,0,0,0,0,0,cara_llorando_de_risa nos está llevando la 4t
6eba190cf35db03bdce8305ac0ff0023,comisionReguladoraEnergia,1,"También lo pondré en mi CV. 🤓 Auuuuuunque, creo que mejor me seguiré preparando en lo mío para no decir en una entrevista: “lo saque de internet y me gustó mucho” 😐 o cuando me pregunten por la ERA de un pitcher diga que es hablar de su pasado. 😬⚾️",mx,0,0,1,4,0,1,1,2,0,también lo pondré en mi cv cara_de_empollón auunque creo que mejor me seguiré preparando en lo mío para no decir en una entrevista lo saque de internet y me gustó mucho cara_neutral o cuando me pregunten por la era de un pitcher diga que es hablar de su pasado cara_haciendo_una_mueca béisbol
6fe0b6f7f7ed2de945475de91f590d99,comisionReguladoraEnergia,1,@AndyGallegoos ya no estudies. Vamos a pedirle trabajo al pendejo ese y ya chingamos. ☝️🤷‍♂️,mx,0,0,0,3,0,1,0,0,0,[user] ya no estudies vamos a pedirle trabajo al pendejo ese y ya chingamos dedo_índice_hacia_arriba hombre_encogido_de_hombros
bb68ec9b82c1513b58dc437eacfb3f53,comisionReguladoraEnergia,1,Ya es moda impuesta de llegar a aprender del puesto de trabajo por mientras.,mx,0,0,0,0,0,0,0,0,0,ya es moda impuesta de llegar a aprender del puesto de trabajo por mientras
e3f8d401502a93194bea34f5a3ce9778,comisionReguladoraEnergia,1,Invitaron a la corcholata,mx,0,0,0,0,0,0,0,0,0,invitaron a la corcholata
d1b9894f0ca5048c26298fb56ff1f702,comisionReguladoraEnergia,1,"Ya cuando @XochitlGalvez te acusa de ser ignorante, es por q de plano si ya se es muy wey, recordar q ella bajo de un  cerro de Hidalgo, y mirenla ahora hasta senadora es, bueno.... nadie la eligió pero su secta gandalla aun cree en ella.😂",mx,0,0,0,1,0,1,1,0,1,ya cuando [user] te acusa de ser ignorante es por q de plano si ya se es muy wey recordar q ella bajo de un cerro de hidalgo y mirenla ahora hasta senadora es bueno nadie la eligió pero su secta gandalla aun cree en ella cara_llorando_de_risa
56e7df1ade4448570605190654b6e301,comisionReguladoraEnergia,1,"A lo mejor es algo similar a la modista que estaba encargada de bioseguridad en el CONACYT, que por que bien chingona en una variedad de maíz. Lo que ellos saben de esos puestos yo lo tengo de astronauta.",mx,0,0,1,0,0,0,0,0,0,a lo mejor es algo similar a la modista que estaba encargada de bioseguridad en el conacyt que por que bien chingona en una variedad de maíz lo que ellos saben de esos puestos yo lo tengo de astronauta
2e372c9876babeca3251520a50356fe3,comisionReguladoraEnergia,1,"Tu respuesta cumple el perfil perfecto para ser secretario de @lopezobrador_  , lexico tan rico y fluido del español, la tolerancia y pulcritud. el problema ES aquellos que creen en todas las barrabazadas q fluyen de boca del PEJE y lo defienden con FIFI NEOLIBERAL CHAYOTERO va 😴",mx,0,0,4,1,0,0,0,0,0,tu respuesta cumple el perfil perfecto para ser secretario de [user] lexico tan rico y fluido del español la tolerancia y pulcritud el problema es aquellos que creen en todas las barrabazadas q fluyen de boca del peje y lo defienden con fifi neoliberal chayotero va cara_durmiendo
78b785e095e1bc50527535e0f3070979,comisionReguladoraEnergia,1,¿Al Senado al Senado? ¿Al mero mero Senado?,mx,0,4,0,0,0,0,0,0,0,al senado al senado al mero mero senado
ff3bf06297c2e4bef2eac716c0a2e4be,comisionReguladoraEnergia,1,Hay que entenderlo son un equipo de cuarta!!!,mx,3,0,0,0,0,0,1,0,0,hay que entenderlo son un equipo de cuarta
dbd8c132803d0fd8d5ccaab1fa675d50,comisionReguladoraEnergia,1,"El tipo sombrerudo que sale al final, porqué lo tienen ahi??  Debería estar arreando vacas en Coahuila 🐮",mx,0,2,0,1,0,0,0,0,0,el tipo sombrerudo que sale al final porqué lo tienen ahi debería estar arreando vacas en coahuila cara_de_vaca
ed8572beaf1258d86d71378f95b887f7,comisionReguladoraEnergia,1,"Es la viva imagen de AMLO pero en femenino, no tiene idea de para que esta ahi",mx,0,0,1,0,0,1,0,0,0,es la viva imagen de amlo pero en femenino no tiene idea de para que esta ahi
ded1850be8b59d3fa2e743a4e41717b1,comisionReguladoraEnergia,1,Así o más idiotas,mx,0,0,0,0,0,0,0,0,0,así o más idiotas
dac03a9c91fdb0fe24c8c4c3e9dae7d5,comisionReguladoraEnergia,1,"Por supuesto que hay mexicanos muy preparados pero no son amigos, correligionarios ni incondicionales de ya sabes quien.",mx,0,0,0,0,0,2,0,0,0,por supuesto que hay mexicanos muy preparados pero no son amigos correligionarios ni incondicionales de ya sabes quien
afa57379dec86af489a9b9d45fd8e893,comisionReguladoraEnergia,1,Lo dice el ganzo tirándole a la escopeta.... A cuanta gente incompetente ha apoyado el sr solo porque lo apoyaron en su campaña...,mx,0,0,0,0,0,0,2,0,2,lo dice el ganzo tirándole a la escopeta a cuanta gente incompetente ha apoyado el sr solo porque lo apoyaron en su campaña
9c8b9b4a303b2f29c94d6848ef37cb72,comisionReguladoraEnergia,1,"Como diría el refrán:  La culpa no es del indio, sino del que lo hace compadre.  Aquí el pendejo es @lopezobrador_ por proponerla sin tener los conocimientos.",mx,0,0,0,0,0,3,0,0,0,como diría el refrán la culpa no es del indio sino del que lo hace compadre aquí el pendejo es [user] por proponerla sin tener los conocimientos
2d18214e204cfdad7ced71e20132da17,comisionReguladoraEnergia,1,"La verdad si puedo comprar un título en la plaza de San Idelfonso en el centro, también me puedo comprar una vida... Demosle el privilegio de la duda pero que no supiera que su hermana era parte de una banda de secuestradores esa si no te la compro.",mx,0,0,0,0,0,2,1,0,1,la verdad si puedo comprar un título en la plaza de san idelfonso en el centro también me puedo comprar una vida demosle el privilegio de la duda pero que no supiera que su hermana era parte de una banda de secuestradores esa si no te la compro
8dcae80a138e412a957e810376331dce,comisionReguladoraEnergia,1,Mejor me hubiera muerto de chiquito!! 😢,mx,2,0,0,1,0,0,0,0,0,mejor me hubiera muerto de chiquito cara_llorando
681026d8ee4b44702c57c8208a6ee8d0,comisionReguladoraEnergia,1,"A toda madre.  Oye @lopezobrador_ Yo también tengo experiencia, en algo pero la tengo.  E igual puedo buscar en internet lo que sea para saber qué es.  QUIERO EL PUESTO. No a que ser. 🤣🤣🤣🤣🤣🤣",mx,0,0,2,6,0,1,1,0,0,a toda madre oye [user] yo también tengo experiencia en algo pero la tengo e igual puedo buscar en internet lo que sea para saber qué es quiero el puesto no a que ser cara_revolviéndose_de_la_risa cara_revolviéndose_de_la_risa cara_revolviéndose_de_la_risa cara_revolviéndose_de_la_risa cara_revolviéndose_de_la_risa cara_revolviéndose_de_la_risa
01df22304984b02a640ecb0246eabec8,comisionReguladoraEnergia,1,"pero de que nos admiramos si ya vimos los nombramientos del ganso en el conacyt, flamante poeta de carreras truncas en la comunicación social y exitosa peinadora depositaria de conocimientos milenarios sobre el maíz en biotecnología.",mx,0,0,0,0,0,0,0,0,0,pero de que nos admiramos si ya vimos los nombramientos del ganso en el conacyt flamante poeta de carreras truncas en la comunicación social y exitosa peinadora depositaria de conocimientos milenarios sobre el maíz en biotecnología
d573c8df9ce5382c21e5b322a4c86c15,comisionReguladoraEnergia,1,Le pudo haber contestado CEL es la que trae en todo el trasero,mx,0,0,1,0,0,0,0,0,0,le pudo haber contestado cel es la que trae en todo el trasero
0ddcddd57da0c29b0ad0ef78a7a2d508,comisionReguladoraEnergia,1,Gracias a todos los amlo lovers por hacer de Mexico un país “mejor”... el precio de una democracia cuando la ignorancia gana...,mx,0,0,0,0,0,0,2,2,2,gracias a todos los amlo lovers por hacer de mexico un país mejor el precio de una democracia cuando la ignorancia gana
ae6db891be6efb6faa0e7b5ae2268cf8,comisionReguladoraEnergia,1,Aberrante q vergüenza!!!!!! Mejor q  metan a Platanito,mx,6,0,0,0,0,0,1,0,0,aberrante q vergüenza mejor q metan a platanito
3f523b89837eed49912c637c409bb939,comisionReguladoraEnergia,1,"“No tiene la culpa el indio, sino el que lo hace compadre”. #TransformacionDe4ta",mx,0,0,0,0,0,2,0,2,0,no tiene la culpa el indio sino el que lo hace compadre transformacionde4ta
c252c87782a3821cc421865ba2b23c80,comisionReguladoraEnergia,1,Así una solicitud de una vacante laboral: Soy lumpen. Soy amiga de un político. Apoye en campaña. Me deben favores! Soy cumplidora! Pertenezco al partido del Pdte. Sé de tecnología porque uso un SmartPhone! Energía la de mi marido!,mx,4,0,0,0,0,0,0,0,0,así una solicitud de una vacante laboral soy lumpen soy amiga de un político apoye en campaña me deben favores soy cumplidora pertenezco al partido del pdte sé de tecnología porque uso un smartphone energía la de mi marido
cb6e6e4545e92664de0ee2e4f6d37c05,comisionReguladoraEnergia,1,"Pues no te rías, que la hija de Chávez se hizo multimillonaria vendiendo Avon, dice ella , jejejeje",mx,0,0,0,0,0,1,0,0,0,pues no te rías que la hija de chávez se hizo multimillonaria vendiendo avon dice ella jejejeje
9dae5f69d6a6eab3a4750450bf86089e,comisionReguladoraEnergia,1,Le falto decir “y lo obtienes pagando a plazos en Elektra” 😂😂😂😂😂,mx,0,0,0,5,0,0,1,2,0,le falto decir y lo obtienes pagando a plazos en elektra cara_llorando_de_risa cara_llorando_de_risa cara_llorando_de_risa cara_llorando_de_risa cara_llorando_de_risa
c3ec3759dd18ce89caf8c4810fcab1a7,comisionReguladoraEnergia,1,"Tienes posibilidades, si dices que te gusta el béisbol igual y de inmediato te nombran",mx,0,0,0,0,0,0,0,0,0,tienes posibilidades si dices que te gusta el béisbol igual y de inmediato te nombran
83801fafaf0ce1b2afa6d04d2f07aa1c,comisionReguladoraEnergia,1,De que croquetas come este perro tuitazo?,mx,0,1,0,0,0,0,0,0,0,de que croquetas come este perro tuitazo
4d73f78de90a3c07089c7c9795c2343d,comisionReguladoraEnergia,1,Parece un desfile de 🤡🐷🐀🧟‍♀️🦍🦖🐌🤠 es el peor,mx,0,0,0,9,0,0,0,0,0,parece un desfile de cara_de_payaso cara_de_cerdo rata zombi_mujer gorila t rex caracol cara_con_sombrero_de_vaquero es el peor
db1361ac5d5426492839566eaf722066,comisionReguladoraEnergia,1,"Si van a ganar cerca de 100,000 pesos se pierde toda dignidad.",mx,0,0,0,0,0,0,1,0,0,si van a ganar cerca de 100 00 pesos se pierde toda dignidad
dcfbb12f31d7e5c7d61ce0d0c0696248,comisionReguladoraEnergia,1,"La CRE, debería ser la Comisión Reguladora de Estupideces de la Transformación de 4a...",mx,0,0,1,0,0,0,1,0,1,la cre debería ser la comisión reguladora de estupideces de la transformación de 4a
9399fc1545487614364bae87a522a905,comisionReguladoraEnergia,1,"Conteste o no conteste... No pasa nada... Es la forma bonita de citar al Taibo II ""se las metimos doblada camaradas""",mx,0,0,0,0,0,3,2,2,2,conteste o no conteste no pasa nada es la forma bonita de citar al taibo ii se las metimos doblada camaradas
f5b31f7f607de9e3c3dabf3ad463b282,comisionReguladoraEnergia,1,Cuándo será la entrevista a Doña pelos para ocupar la CRE?,mx,0,1,1,0,0,0,0,0,0,cuándo será la entrevista a doña pelos para ocupar la cre
14ad860b4bf8e5d33d430dd90bda9110,comisionReguladoraEnergia,1,Dios librarme de los pendejos.,mx,0,0,0,0,0,0,0,0,0,dios librarme de los pendejos
40fa75a5efce38ff8c28e66419e9a67a,comisionReguladoraEnergia,1,¿Qué es un contrato? El diccionario lo define como un acuerdo legal que no se puede romper... Que no se puede romper,mx,0,2,0,0,0,2,1,0,1,qué es un contrato el diccionario lo define como un acuerdo legal que no se puede romper que no se puede romper
2c0d9af35b800c48df24e3e6f6fd2249,comisionReguladoraEnergia,1,Pobre país! La 4ta realmente es de 4ta!,mx,2,0,0,0,0,0,0,0,0,pobre país la 4ta realmente es de 4ta
996b3ee542dc3a9aee93cbc1c39fc3db,comisionReguladoraEnergia,1,Lo único que aspiran es cocaína esta bola de ignorantes. Y todavía se enojan cuando se les ventila la ignorancia universal que tienen.,mx,0,0,0,0,0,0,0,0,0,lo único que aspiran es cocaína esta bola de ignorantes y todavía se enojan cuando se les ventila la ignorancia universal que tienen
5f6549f3e014e4e3453eecd84d5d6a34,comisionReguladoraEnergia,1,"Perdón, sin ofender  A las pobres focas",mx,0,0,0,0,0,1,0,0,0,perdón sin ofender a las pobres focas
5b69a02a11a113a7d030240364bd7f3d,comisionReguladoraEnergia,1,"Pues esta bien despierta la sra, echandole ganas a su trabajo, ya la agarraste dormida como @CarmenSalinasLo ?",mx,0,1,0,0,0,0,0,0,0,pues esta bien despierta la sra echandole ganas a su trabajo ya la agarraste dormida como [user]
096efd6b1b6f07502f89406faa55d372,comisionReguladoraEnergia,1,"Van a dexir que en su casa aprendió a poner diablitos y a quitar el cableado para vender el cobre, que es experiencia de vida que nadie sabe apreciar!!!!",mx,4,0,0,0,0,1,1,0,0,van a dexir que en su casa aprendió a poner diablitos y a quitar el cableado para vender el cobre que es experiencia de vida que nadie sabe apreciar
d0add403004e18f9a4b1cbeeae2aac66,comisionReguladoraEnergia,1,Estos son más inteligentes.,mx,0,0,0,0,0,0,0,0,0,estos son más inteligentes
ef58f78984cacf82c037b5aefa685278,comisionReguladoraEnergia,1,y el infeliz dice q no es vengativo .....,mx,0,0,0,0,0,1,1,0,1,y el infeliz dice q no es vengativo
dc2377974cbdd722690e8d2d50787fc0,comisionReguladoraEnergia,1,"Lo encontró en fb,  en los memes",mx,0,0,0,0,0,0,0,0,0,lo encontró en fb en los memes
a04831cc7514a6bdc4ae8d7651f32d52,comisionReguladoraEnergia,1,"No se quien es ella la verdad. Mi conocimiento en política es casi nulo. Pero felicidades, lo hace muy bien. El nuevo gobierno no deja de sorprenderme, cada día sale algo peor.",mx,0,0,0,0,0,2,0,0,0,no se quien es ella la verdad mi conocimiento en política es casi nulo pero felicidades lo hace muy bien el nuevo gobierno no deja de sorprenderme cada día sale algo peor
571c37c0b94a5c317a5921356b0a1d22,comisionReguladoraEnergia,1,"Huy si!! Xóchitl Gálvez... La del lenguaje de carretonera, la que hace escándalos en tribuna y va pintada de la cara y vestida de payaso,  la que tiene una hermana presa por secuestradora Vaya... Que buen ejemplo!",mx,3,0,0,0,0,0,2,0,2,huy si xóchitl gálvez la del lenguaje de carretonera la que hace escándalos en tribuna y va pintada de la cara y vestida de payaso la que tiene una hermana presa por secuestradora vaya que buen ejemplo
536bfbdf4ab91a8ff49c4e47da521b6e,comisionReguladoraEnergia,1,Tiene que poder detener la toalla 😂,mx,0,0,0,1,0,0,0,0,0,tiene que poder detener la toalla cara_llorando_de_risa
33d603ba9d4cf2c489f5062f1f7df309,comisionReguladoraEnergia,1,Es como hermana menor de la carmensita salinas q no?,mx,0,1,0,0,0,1,0,0,0,es como hermana menor de la carmensita salinas q no
a5183864e52fedb4b0b11b6bd3253118,comisionReguladoraEnergia,1,"que viva la incapacidad e ignorancia que para eso llegó la 4T, ha empoderarlos para acabar con el país",mx,0,0,0,0,0,0,0,0,0,que viva la incapacidad e ignorancia que para eso llegó la 4t ha empoderarlos para acabar con el país
1a3394e3ab68c888e45bb538f6fc25a9,comisionReguladoraEnergia,1,"Jajajajajajajajaja tendencioso, a mi primero que me explique la falta de capacidad de sus candidatos y luego hablamos de conflicto de intereses.",mx,0,0,0,0,0,0,0,0,0,jajajajajajajajaja tendencioso a mi primero que me explique la falta de capacidad de sus candidatos y luego hablamos de conflicto de intereses
97ba54563ed1427fb742aa497afb3dd7,comisionReguladoraEnergia,1,"Así deberían de sentar a contestar unas cuantas preguntitas referente a ciencia y tecnología en México, al Gigolo y a la diseñadora de modas.",mx,0,0,0,0,0,0,0,0,0,así deberían de sentar a contestar unas cuantas preguntitas referente a ciencia y tecnología en méxico al gigolo y a la diseñadora de modas
55bf933f48965fa3c74fa616c3996fc9,comisionReguladoraEnergia,1,A mi me preocupa ¿A quién le habrá dejado encargado su puesto de tamales?,mx,0,2,0,0,0,0,0,0,0,a mi me preocupa a quién le habrá dejado encargado su puesto de tamales
4313392d2963ab2db07ee20e5e2eb211,comisionReguladoraEnergia,1,Me recuerda a Carmen Salinas hace algunos años.,mx,0,0,0,0,0,0,0,0,0,me recuerda a carmen salinas hace algunos años
a32e06483b00fb807fb5d8e6fd2b3fcb,comisionReguladoraEnergia,1,Personajes de 5ta para una transformación de 4ta 😓,mx,0,0,0,1,0,0,0,0,0,personajes de 5ta para una transformación de 4ta cara_con_sudor_frío
68484a4ec63c56dc337baf5ad1ca53ef,comisionReguladoraEnergia,1,"Ya no somos tercermundistas retrocedimos, inventamos  cuatrimundistas.",mx,0,0,0,0,0,1,0,0,0,ya no somos tercermundistas retrocedimos inventamos cuatrimundistas
57a7b6f355eb5ae0a5a9dc7fb5a9ed13,comisionReguladoraEnergia,1,"si los pendejos volaran, veríamos muy poco el sol.",mx,0,0,0,0,0,0,0,0,0,si los pendejos volaran veríamos muy poco el sol
b21fe9ca89503e5fbbfbccbf79516469,comisionReguladoraEnergia,1,No mam.... Dios mío! “Les voy a compartir una definición que me encontré en internet...”,mx,1,0,0,0,0,1,2,2,2,no mam dios mío les voy a compartir una definición que me encontré en internet
c9bf20965de7b5ed5b8fbf6e87c16c0c,comisionReguladoraEnergia,1,Ahora resulta que no se les puede llamar ladrones a los rateros ja ja ja Se ofenden,mx,0,0,0,0,0,1,0,0,0,ahora resulta que no se les puede llamar ladrones a los rateros ja ja ja se ofenden
bbaa93954e58bc11072c00a567639338,comisionReguladoraEnergia,1,"Estamos ante la “mafia de la ignorancia” , la más peligrosa de todas",mx,0,0,0,0,0,0,0,2,0,estamos ante la mafia de la ignorancia la más peligrosa de todas
30c16e22c53749478991654cc1b02cb4,comisionReguladoraEnergia,1,Él es Risco... Un pequeño cerdo que un día le dijeron que era periodista y se la creyó el pendejo!!!,mx,3,0,0,0,0,0,2,0,1,él es risco un pequeño cerdo que un día le dijeron que era periodista y se la creyó el pendejo
ecfa92c41a5be90c6a6f5a3993fce383,comisionReguladoraEnergia,1,La 4ta. Transformación en realidad es Region IV.,mx,0,0,0,0,0,0,0,0,0,la 4ta transformación en realidad es region iv
6c93412409baa848d685a3001ac3d50c,comisionReguladoraEnergia,1,La transformacion de cuarta tiene personal de quinta,mx,0,0,0,0,0,0,0,0,0,la transformacion de cuarta tiene personal de quinta
c985e1e2961a23291c852a22ea9c5493,comisionReguladoraEnergia,1,"Aguas con los y las expertos! UF, este mundo solo para los genios...",mx,1,0,0,0,0,0,1,0,1,aguas con los y las expertos uf este mundo solo para los genios
0367e067ce836bc12a996fa41d4e656f,comisionReguladoraEnergia,1,No rebuznan porque ofenden a los burros. ¡Que vergüenza!,mx,2,0,0,0,0,1,0,0,0,no rebuznan porque ofenden a los burros que vergüenza
149607bac3a45e6621185b76e736c3c6,comisionReguladoraEnergia,1,"#Contráteme a mi, yo sí tengo título y estoy preparado. Obtuve 4 premios internacionales y 9 premios nacionales.",mx,0,0,0,0,0,0,0,0,0,contráteme a mi yo sí tengo título y estoy preparado obtuve 4 premios internacionales y 9 premios nacionales
9393d027175e8b0e2e267b15ddd06db3,comisionReguladoraEnergia,1,Carmen Salinas interpretando a Guadalupe Escalante.,mx,0,0,0,0,0,0,0,0,0,carmen salinas interpretando a guadalupe escalante
711ec678ceeb5a830f4c7f2dc5825a96,comisionReguladoraEnergia,1,"Si tienes razón debería de regresar el PRI, con ellos estábamos mejor, al menos eran profesionales, nada de tonterías, ellos hacían cosas como Duarte ellos si merecen gobernar, sólo ellos nos pueden dirigir .",mx,0,0,1,0,0,1,0,0,0,si tienes razón debería de regresar el pri con ellos estábamos mejor al menos eran profesionales nada de tonterías ellos hacían cosas como duarte ellos si merecen gobernar sólo ellos nos pueden dirigir
2333bf6feef5310c227c479b05d7d5b3,comisionReguladoraEnergia,1,Jajajajajajaja conflicto de interés es proponer ternas para puestos importantes llenas de cuates pero eso sí igual de Ignorantes que él. 🙄🙄🙄🙄🙄🙄🙄🙄,mx,0,0,0,8,0,0,1,0,0,jajajajajajaja conflicto de interés es proponer ternas para puestos importantes llenas de cuates pero eso sí igual de ignorantes que él cara_con_ojos_en_blanco cara_con_ojos_en_blanco cara_con_ojos_en_blanco cara_con_ojos_en_blanco cara_con_ojos_en_blanco cara_con_ojos_en_blanco cara_con_ojos_en_blanco cara_con_ojos_en_blanco
5846470746ac5e893d6ada3dd324cdb9,comisionReguladoraEnergia,1,"No Javier, estoy igual que tú. Rezar es lo únci que necesitamos para que esta pesadilla acabe pronto. Digamos... un infarto fulminante,  derrame cerebral,  algo natural, pero ya!!! Necesitamos al ""payaso"" !!! Slds. Soy primo de Nacho Araiza.",mx,6,0,0,0,0,1,3,2,1,no javier estoy igual que tú rezar es lo únci que necesitamos para que esta pesadilla acabe pronto digamos un infarto fulminante derrame cerebral algo natural pero ya necesitamos al payaso slds soy primo de nacho araiza
984d872bf450c10bf5c846956a74cc7b,comisionReguladoraEnergia,1,Aqui es donde entra el Buki:A donde vamos a parar 🎤🎵,mx,0,0,0,2,0,0,0,0,0,aqui es donde entra el buki a donde vamos a parar micrófono nota_musical
28f7961d9d4c994f8034299841e75b65,comisionReguladoraEnergia,1,"Creo el señor AMLO, cree en los principios y juicios de personas con edad.... pero no mame, esto es de innovación No mame con la Sra producto de Monster Inc. Oye Mike Wasaski no hiciste tu papeleo...",mx,0,0,1,0,0,3,2,0,2,creo el señor amlo cree en los principios y juicios de personas con edad pero no mame esto es de innovación no mame con la sra producto de monster inc oye mike wasaski no hiciste tu papeleo
472159337e8a3ef72215f368fb176fef,comisionReguladoraEnergia,1,Pero tiene las ganas! Otra ilustre del planeta de los simios,mx,1,0,0,0,0,0,0,0,0,pero tiene las ganas otra ilustre del planeta de los simios
63bf3fec987eb4cf9db5f4c80beecee4,comisionReguladoraEnergia,1,Será producto de las cuotas de género o cuotas de cuates? 🤦🏻‍♂️😑🤔,mx,0,1,0,5,0,0,0,0,0,será producto de las cuotas de género o cuotas de cuates hombre_con_la_mano_en_la_frente_tono_de_piel_claro cara_sin_expresión cara_pensativa
82f7d85552c04322dd41f1e6ee768ec1,comisionReguladoraEnergia,1,Y el cinturon Hermés?  O es Fake?   Hay que cuidar la apariencia y sencillez,mx,0,2,0,0,0,0,1,0,0,y el cinturon hermés o es fake hay que cuidar la apariencia y sencillez
30369ba3551c258a9162f447e2ebc481,comisionReguladoraEnergia,1,Y las Pruebas apá. Siempre lo mismo que bonito es acusar y despotricar sin tener pruebas y vaya ni si quiera honradez,mx,0,0,0,0,0,2,0,0,0,y las pruebas apá siempre lo mismo que bonito es acusar y despotricar sin tener pruebas y vaya ni si quiera honradez
2480ed6d9bf11e3c8c4887e5783677c6,comisionReguladoraEnergia,1,"De casualidad no saben,si AMLO le hecho salsa roja ó verde a los tacos que se comió ayer? digo,con eso de que ahora sí,se creen los inspectores,periodismo de cuarta.",mx,0,1,1,0,0,1,0,0,0,de casualidad no saben si amlo le hecho salsa roja ó verde a los tacos que se comió ayer digo con eso de que ahora sí se creen los inspectores periodismo de cuarta
e4def159ee4b78be63b7c06fc7009f62,comisionReguladoraEnergia,1,"que bárbaro !!! que chinga le puso la tartamuda!! pasará a la historia, su gran conocimiento abruma!!!",mx,8,0,0,0,0,0,2,0,0,que bárbaro que chinga le puso la tartamuda pasará a la historia su gran conocimiento abruma
80160d58a57b2d709f57775c1fd1da37,comisionReguladoraEnergia,1,"Si eres militante de morena puede que sí cumplas el currículum para astronauta, 30 millones de no hay peor ciego que el que no quiere ver te avalan.",mx,0,0,0,0,0,2,0,0,0,si eres militante de morena puede que sí cumplas el currículum para astronauta 30 millones de no hay peor ciego que el que no quiere ver te avalan
1dcb833c0a2ce35724242a4c75aab330,comisionReguladoraEnergia,1,"Pues ya hizo los méritos con quien debía, pa' qué más?",mx,0,1,0,0,0,0,0,1,0,pues ya hizo los méritos con quien debía pa qué más
e9979e4206670753c6b7dbe53e02559b,comisionReguladoraEnergia,1,Que le pregunten a Xochitl Gálvez que es un toro.,mx,0,0,0,0,0,0,0,0,0,que le pregunten a xochitl gálvez que es un toro
fcff0ad7609f2ede6fcae6512883f40a,comisionReguladoraEnergia,1,Esperamos ninguno de estos amigos de AMLO aplique para puestos de Controlador de Vuelo en el aeropuerto Ganso o Jefe de Seguridad en la refinería Gansa o Maquinista del Tren Maya Ganso...,mx,0,0,1,0,0,1,1,0,1,esperamos ninguno de estos amigos de amlo aplique para puestos de controlador de vuelo en el aeropuerto ganso o jefe de seguridad en la refinería gansa o maquinista del tren maya ganso
8f2413c79435cff2da134a2edd6efe3d,comisionReguladoraEnergia,1,Creo que en poco tiempo ya perdí la capacidad de asombro,mx,0,0,0,0,0,0,0,0,0,creo que en poco tiempo ya perdí la capacidad de asombro
0a2076847a9a47c9b7813620fca0ad6e,comisionReguladoraEnergia,1,No le dará tantita pena ir a tomarle el pelo a los presentes y de paso a toda la sociedad mexicana?,mx,0,1,0,0,0,1,0,0,0,no le dará tantita pena ir a tomarle el pelo a los presentes y de paso a toda la sociedad mexicana
f5f2a93997a79de5704145f9a1061fcf,comisionReguladoraEnergia,1,"Mmmm, lo dice la excelentísima sabia de las redes @XochitlGalvez y la apoya la otra excelentísima culta @qtf jeje, buen chiste.",mx,0,0,0,0,1,0,1,0,0,mmm lo dice la excelentísima sabia de las redes [user] y la apoya la otra excelentísima culta [user] jeje buen chiste
88f6f62fe63d24d0ff4cc97054332665,comisionReguladoraEnergia,1,"Minas de carbón...material que, en retroceso de 20 años,  ahora usarán para generar energía... qué coincidencia!",mx,1,0,0,0,0,0,2,0,2,minas de carbón material que en retroceso de 20 años ahora usarán para generar energía qué coincidencia
3d9e9f9e6150654e95e7645424d14d20,comisionReguladoraEnergia,1,"Lo dicho no necesitan ayuda para  ponerlos en ridículo, ellos AMLO,  MORENA  y su gabinete lo hacen solitos 😉😉😉",mx,0,0,2,3,0,1,1,0,0,lo dicho no necesitan ayuda para ponerlos en ridículo ellos amlo morena y su gabinete lo hacen solitos cara_guiñando_el_ojo cara_guiñando_el_ojo cara_guiñando_el_ojo
79b6f30d7306df6a3ba64766f905e2f2,comisionReguladoraEnergia,1,Si mejor que contraten a MEADE ese si es inteligente .si no pregúntenle a la ESTAFA MAESTRA.,mx,0,0,3,0,0,1,0,0,0,si mejor que contraten a meade ese si es inteligente si no pregúntenle a la estafa maestra
8ce61ef20e39176b9d17e35f12c7cd07,comisionReguladoraEnergia,1,Ese sombrerudo que no es Don Perpetuo? El de Calzonzin Inspector?,mx,0,2,0,0,0,1,0,0,0,ese sombrerudo que no es don perpetuo el de calzonzin inspector
869dc943c36ad02aa77601f09501af03,comisionReguladoraEnergia,1,Tú y tus 4 seguidores son importantes para AMLO,mx,0,0,1,0,0,0,0,0,0,tú y tus 4 seguidores son importantes para amlo
6ced5d93607b40f5db782ed3e5bea887,comisionReguladoraEnergia,1,energía limpia para llenar los bolsillos corruptos de un grupo de mexicanos Rapaces!!!,mx,3,0,0,0,0,0,1,0,0,energía limpia para llenar los bolsillos corruptos de un grupo de mexicanos rapaces
dba3377cc81f87d1fcfbcff92ccad3b4,comisionReguladoraEnergia,1,"Y vendrán cosas peores, lo dice la Biblia",mx,0,0,0,0,0,0,0,0,0,y vendrán cosas peores lo dice la biblia
7b677acef217c57d464ec964b869252f,comisionReguladoraEnergia,1,Bienvenidos a la transformación de cuarta,mx,0,0,0,0,0,0,0,0,0,bienvenidos a la transformación de cuarta
dbd21126defede3c981594cb6beb0c60,comisionReguladoraEnergia,1,"No cabe duda, están haciendo historia. Para bien del país? Qué lastima de tantos votos a la basura. Sería la oportunidad de fomentar la investigación",mx,0,1,0,0,0,1,0,0,0,no cabe duda están haciendo historia para bien del país qué lastima de tantos votos a la basura sería la oportunidad de fomentar la investigación
d188c4778eb5378388f1b48460c5e13a,comisionReguladoraEnergia,1,"@XochitlGalvez  Creo que ni aunque le hubieras dicho: C de Certificado, E de Energia y L de Limpia, le habría atinado. Es vergonzoso todo lo que hacen los Morenos @ConsultaPara",mx,0,0,0,0,0,1,0,0,0,[user] creo que ni aunque le hubieras dicho c de certificado e de energia y l de limpia le habría atinado es vergonzoso todo lo que hacen los morenos [user]
30a3769463a072001cdb0419b435b9df,comisionReguladoraEnergia,1,"Pensando seriamente en ser candidata. No se nada sobre la industria de los refinados, derivados de hidrocarburos y de electricidad; pero soy honesta.",mx,0,0,0,0,0,2,0,0,0,pensando seriamente en ser candidata no se nada sobre la industria de los refinados derivados de hidrocarburos y de electricidad pero soy honesta
62c092120abd389ceeefca5cc740a799,comisionReguladoraEnergia,1,"Para saber el nivel de bestialidad de los candidatos de la 4 transformación, hay que medirlos con carbono 14.....",mx,0,0,0,0,0,0,1,0,1,para saber el nivel de bestialidad de los candidatos de la 4 transformación hay que medirlos con carbono 14
4d8100c2d7f5bf0efb55e5fe394e9a21,comisionReguladoraEnergia,1,Esta bueno el linchamiento mediatico orquestado por el Jefe de una Nación!! Ahora somos una Nación de Lavandero.,mx,2,0,0,0,0,0,0,0,0,esta bueno el linchamiento mediatico orquestado por el jefe de una nación ahora somos una nación de lavandero
ee8c9e9c75969d6e3c2f7c86ed54b0a8,comisionReguladoraEnergia,1,Una definición que “le gustó mucho” 🤦🏻‍♂️,mx,0,0,0,3,0,0,0,2,0,una definición que le gustó mucho hombre_con_la_mano_en_la_frente_tono_de_piel_claro
101420e847994640d964aba1e016825d,comisionReguladoraEnergia,1,"Pero es que hubo antes peores - - dice el tipo que utiliza sombrero (quizás para ocultar su ausencia de cerebro).  Claro, con esa argumentación también es válido decir ""No se quejen, podríamos haber escogido aún más ineptos""... Y vaya que si tienen de dónde escoger...",mx,0,0,0,0,0,1,2,2,2,pero es que hubo antes peores dice el tipo que utiliza sombrero quizás para ocultar su ausencia de cerebro claro con esa argumentación también es válido decir no se quejen podríamos haber escogido aún más ineptos y vaya que si tienen de dónde escoger
7e6aaa4f539bfeac2560f0becab11579,comisionReguladoraEnergia,1,Y lo que nos falta !!!!! .... Estamos en el nacimiento de una ineptocracia bananera ... Se van a acabar al país en menos de lo que canta un ganso,mx,5,0,0,0,0,0,3,0,2,y lo que nos falta estamos en el nacimiento de una ineptocracia bananera se van a acabar al país en menos de lo que canta un ganso
6278a0cd24c6d18097976a7bd4d68a6f,comisionReguladoraEnergia,1,Es pregunta:¿Y el animal borrachín ASESINO calderón si sabía de algo de energías cuando lo impuso la chachalaca mariguana fox?,mx,0,2,1,0,0,0,0,0,0,es pregunta y el animal borrachín asesino calderón si sabía de algo de energías cuando lo impuso la chachalaca mariguana fox
7d03a99f35ffd175df28270d9650b4c4,comisionReguladoraEnergia,1,"Ya valimos, todo este gobierno es realmente de 4ta.",mx,0,0,0,0,0,0,0,0,0,ya valimos todo este gobierno es realmente de 4ta
4629c1260c1b442ceb8e6246d93b1487,comisionReguladoraEnergia,1,"Yo quiero ser médico, sin haber estudiado medicina; o maestro de inglés sin siquiera saberlo, neta así de estúpida es la transformación de cuarta?",mx,0,1,0,0,0,2,0,0,0,yo quiero ser médico sin haber estudiado medicina o maestro de inglés sin siquiera saberlo neta así de estúpida es la transformación de cuarta
d0d32c776a7fff413e615c1babe68d2e,comisionReguladoraEnergia,1,Jajaja .... Claro ejemplo de la transformación de cuarta  🙈🙈🙈🙈🤣🤣🥜🥜🥜,mx,0,0,0,9,0,0,3,0,1,jajaja claro ejemplo de la transformación de cuarta mono_con_los_ojos_tapados mono_con_los_ojos_tapados mono_con_los_ojos_tapados mono_con_los_ojos_tapados cara_revolviéndose_de_la_risa cara_revolviéndose_de_la_risa cacahuetes cacahuetes cacahuetes
19fa5629a14abc5856c2f1c81da60713,comisionReguladoraEnergia,1,"! El colmo del cinismo y de la ineptitud ! Es como si se nombrara a un pasante de agronomía para dirigir a @Pemex  ....... Ahh, ya lo hicieron 🤢🤢🤢🤢",mx,2,0,0,4,0,0,2,0,2,el colmo del cinismo y de la ineptitud es como si se nombrara a un pasante de agronomía para dirigir a [user] ahh ya lo hicieron cara_de_náuseas cara_de_náuseas cara_de_náuseas cara_de_náuseas
caa4af6735438b93d992f250b7765b1e,comisionReguladoraEnergia,1,"No se preocupe doñita, no tiene q leer tampoco definiciones de internet, nosotros podemos buscarlas, usted nada más preocúpese por tener capacidad ética y moral, preparación no necesita 🤦🏼‍♀️",mx,0,0,0,3,0,5,0,0,0,no se preocupe doñita no tiene q leer tampoco definiciones de internet nosotros podemos buscarlas usted nada más preocúpese por tener capacidad ética y moral preparación no necesita mujer_con_la_mano_en_la_frente_tono_de_piel_claro_medio
dc944d24e6669fa51ed08489061dc8b4,comisionReguladoraEnergia,1,Creo que lo investigó en una monografía. Deprimente el nivel de la cuarta tan cuarteada.,mx,0,0,0,0,0,0,0,0,0,creo que lo investigó en una monografía deprimente el nivel de la cuarta tan cuarteada
4a45b7f6fd7aa0c997b94548834e12d3,comisionReguladoraEnergia,1,No te apures. Es fayuca de la 4T,mx,0,0,0,0,0,1,0,0,0,no te apures es fayuca de la 4t
8a75465df4c0c7cda36b67208f2f45fc,comisionReguladoraEnergia,1,Todo esto ya me está dando miedo. ¿Soy el único?.,mx,0,2,0,0,0,0,0,0,0,todo esto ya me está dando miedo soy el único
2b6bba7bdedca3ad29aaa94a31d0d0d6,comisionReguladoraEnergia,1,Lo más importante es el valor ético y moral. Vale madres que no sepas nada de nada.,mx,0,0,0,0,0,3,0,0,0,lo más importante es el valor ético y moral vale madres que no sepas nada de nada
eff8ecbda0f1f8cdf7d06fb44a80b2e1,comisionReguladoraEnergia,1,"la cuarta transformación, haciendo historia... Que bien don Andrés Manuel @lopezobrador_ Usted que los conoce y los propone!... Debería de ser el primero en sentir un poco de pena, vergüenza... Pero que va!... Usted No Conoce ni la pena, ni la vergüenza!!!... Ama la Mediocridad",mx,5,0,0,0,0,3,6,0,5,la cuarta transformación haciendo historia que bien don andrés manuel [user] usted que los conoce y los propone debería de ser el primero en sentir un poco de pena vergüenza pero que va usted no conoce ni la pena ni la vergüenza ama la mediocridad
03e1d53c78da307ef93daf6bc6351f43,comisionReguladoraEnergia,1,Esta ñora es la típica que sirve para organizar tandas,mx,0,0,0,0,0,0,0,0,0,esta ñora es la típica que sirve para organizar tandas
a4b0441b245ae974af53d3a8be206a62,comisionReguladoraEnergia,1,"Las ternas ""All Stars"" de AMLO...",mx,0,0,1,0,0,0,1,2,1,las ternas all stars de amlo
376ea30fa147d0bc56887e88ce6f61ec,comisionReguladoraEnergia,1,Hay te encargo @roblesmaloof que manden chairos un tanto más letrados y no tan “letrinados” 🤣 @SFP_mx,mx,0,0,0,1,0,1,0,2,0,hay te encargo [user] que manden chairos un tanto más letrados y no tan letrinados cara_revolviéndose_de_la_risa [user]
b35d4aee24f243deeb6708b3608d78bc,comisionReguladoraEnergia,1,"Como tarea de secundaria, copiando de Internet lo que se pueda. Pero no se preocupe mi Lupita, si no sabe no conteste, siendo honrada y honesta es suficiente, aunque no sepa ni madres!!!",mx,3,0,0,0,0,5,1,0,0,como tarea de secundaria copiando de internet lo que se pueda pero no se preocupe mi lupita si no sabe no conteste siendo honrada y honesta es suficiente aunque no sepa ni madres
aecf07f09a9e977f4e1591713bf9ff46,comisionReguladoraEnergia,1,Qué risa escuchar a Gálvez hablar de honestidad 😜,mx,0,0,0,1,0,0,0,0,0,qué risa escuchar a gálvez hablar de honestidad cara_sacando_la_lengua_y_guiñando_un_ojo
c6d1c32bea1b576a43c79637b4682b7c,comisionReguladoraEnergia,1,No inventes!!! De dónde saca AMLO a su gente??? De la 'mesa directiva de su Colonia'??? Que le pasa???!!!,mx,6,9,1,0,0,1,5,2,0,no inventes de dónde saca amlo a su gente de la mesa directiva de su colonia que le pasa
a5885579c8f4990ebcf042ea240c1105,comisionReguladoraEnergia,1,Bienvenidos a la cuarta transformación,mx,0,0,0,0,0,0,0,0,0,bienvenidos a la cuarta transformación
bc0e2a954d16a090da16409e8b751d2f,comisionReguladoraEnergia,1,Le faltó mencionar las próximas fechas de Aventurera.,mx,0,0,0,0,0,0,0,0,0,le faltó mencionar las próximas fechas de aventurera
e127e3acdee219566b9d1ef03a5987c9,comisionReguladoraEnergia,1,Bravo a Xochitl Galvez quien demuestra que para tener un cargo público hay que ser capaz de tenerlo #pideteunabeca,mx,0,0,0,0,0,0,0,0,0,bravo a xochitl galvez quien demuestra que para tener un cargo público hay que ser capaz de tenerlo pideteunabeca
c5d0d3fd23f07a8254070fadd9ec041c,comisionReguladoraEnergia,1,Ya son muchas Carmencitas Salinas.,mx,0,0,0,0,0,0,0,0,0,ya son muchas carmencitas salinas
c34c4247f533a95df86a471e0e064f9d,comisionReguladoraEnergia,0,A estas alturas ya nada debe de sorprendernos. Morena es como el pan que se elabora de las sobras y reciclados de panadería.,mx,0,0,0,0,0,1,0,0,0,a estas alturas ya nada debe de sorprendernos morena es como el pan que se elabora de las sobras y reciclados de panadería
29e5af67be27824082d64b16a476cd9d,comisionReguladoraEnergia,0,Esto ya dejó de ser chistoso. Ahora está dando miedo.,mx,0,0,0,0,0,0,0,0,0,esto ya dejó de ser chistoso ahora está dando miedo
6596b6bf439b8e53dd479fec8ac3dc20,comisionReguladoraEnergia,0,"Ah ok, entonces la manera de gobernar de antes era la idonea y por eso es replicada por la actual?? No que se buscaba un cambio? No que no eran iguales?",mx,0,4,0,0,0,3,0,0,0,ah ok entonces la manera de gobernar de antes era la idonea y por eso es replicada por la actual no que se buscaba un cambio no que no eran iguales
e220f3092633b024ac238aca3cadaa3d,comisionReguladoraEnergia,0,"Son unos descarados, si eso no es amiguísimo es corrupción",mx,0,0,0,0,0,1,0,0,0,son unos descarados si eso no es amiguísimo es corrupción
3e320db94a922e67d1a504991af66a27,comisionReguladoraEnergia,0,"Increíble, un político o titular de alguna dependencia o comisión mínimo debe estar bien informado del cargo que tiene, esto si es CORRUPCIÓN",mx,0,0,1,0,0,0,0,0,0,increíble un político o titular de alguna dependencia o comisión mínimo debe estar bien informado del cargo que tiene esto si es corrupción
4802db2020a7a65787165984313cc738,comisionReguladoraEnergia,0,"Conoces la historia de @XochitlGalvez ? El problema es que no se entiende que gobernar un país, surgido del partido político que sea, @PartidoMorenaMx @PRI_Nacional @AccionNacional no es para improvisados. Yo quiero que le vaya bien a México 🇲🇽 pero así NO",mx,0,1,0,0,0,3,0,0,0,conoces la historia de [user] el problema es que no se entiende que gobernar un país surgido del partido político que sea [user] [user] [user] no es para improvisados yo quiero que le vaya bien a méxico bandera_méxico pero así no
d82f3b81f676d51354cc9999d73681a4,comisionReguladoraEnergia,0,Primero dicen que todos  debemos participar en asuntos de la política y cuando ven en serio la participación ya no les gusta ahora se aguantan ya los aguantamos a los disque especialistas autorizandose salarios muy altos muy trajeados y perfumados pero rateros de alto nivel,mx,0,0,0,0,0,1,0,0,0,primero dicen que todos debemos participar en asuntos de la política y cuando ven en serio la participación ya no les gusta ahora se aguantan ya los aguantamos a los disque especialistas autorizandose salarios muy altos muy trajeados y perfumados pero rateros de alto nivel
bdd8f0bbb6135aa634ae3b3f996deec9,comisionReguladoraEnergia,0,"La gente estupida cree que la estupidez tiene que ser por fuerza de algun partido en general,la estupidez no conoce limites,sige mi apoyo por AMLO, pero no por la gente estupida!",mx,1,0,1,0,0,2,0,0,0,la gente estupida cree que la estupidez tiene que ser por fuerza de algun partido en general la estupidez no conoce limites sige mi apoyo por amlo pero no por la gente estupida
30015e497f1736310b3f95cb8e0b392c,comisionReguladoraEnergia,0,Y tu Joaquín no eres periodista. Eres porro del PRIAN,mx,0,0,1,0,0,1,0,0,0,y tu joaquín no eres periodista eres porro del prian
1f9ce74dd505e3fa2f39cd14ca672ef1,comisionReguladoraEnergia,0,"La enorme diferencia es que si un comunicador no te agrada puedes consultar a otro y no hay mayor problema, en cambio seguir gobernando con el nepotismo, clientelismo, impunidad, corrupción y mentiras de sexenios pasados no es opcional y afecta a todos por igual",mx,0,0,0,0,0,3,0,0,0,la enorme diferencia es que si un comunicador no te agrada puedes consultar a otro y no hay mayor problema en cambio seguir gobernando con el nepotismo clientelismo impunidad corrupción y mentiras de sexenios pasados no es opcional y afecta a todos por igual
89867a6b6494114aa5b49d5b2fc97722,comisionReguladoraEnergia,0,"No me refiero a que este bien, el punto es que ahora todo critican muy ferozmente, el punto es checar si tiene o no el perfil para el puesto y punto. La comparación la hago por la manera en que la critican, pero claro quien le criticaba algo a CSG? ese es el punto, Zedillo en...",mx,0,1,1,0,0,2,1,0,1,no me refiero a que este bien el punto es que ahora todo critican muy ferozmente el punto es checar si tiene o no el perfil para el puesto y punto la comparación la hago por la manera en que la critican pero claro quien le criticaba algo a csg ese es el punto zedillo en
0c2e8f203c57bbc27179dcb61b0cd551,comisionReguladoraEnergia,0,Ah! Ok! Entonces los comunicadores van a ser selectivos con sus críticas y se van a seguir haciendoce de la vista gorda cuando a los pillos de siempre se les antoje robar. ¿Pues que no se supone que son objetivos?,mx,2,2,0,0,0,1,0,0,0,ah ok entonces los comunicadores van a ser selectivos con sus críticas y se van a seguir haciendoce de la vista gorda cuando a los pillos de siempre se les antoje robar pues que no se supone que son objetivos
7554fe857e5c797b32d403bba5195327,comisionReguladoraEnergia,0,"No sabrá que es un cel pero esta dispuesto a ganar menos que el presidente que es lo que les importa a todos los chairos, esa es la diferencia de pagar sueldos altos a gente capacitada",mx,0,0,0,0,0,1,0,0,0,no sabrá que es un cel pero esta dispuesto a ganar menos que el presidente que es lo que les importa a todos los chairos esa es la diferencia de pagar sueldos altos a gente capacitada
61a69eb1aa7c10192d9b2e7c06927ab2,comisionReguladoraEnergia,0,Qué falta de seriedad,mx,0,0,0,0,0,0,0,0,0,qué falta de seriedad
67d46224de488a9f9d246196bedcc9fb,comisionReguladoraEnergia,0,"De que quieren que seamos respetuosos, de ignorancia y cinismo? Zapatero a tu zapato como vas a aspirar a un puesto del que no sabes nada, tantita verguenza!!!!. En lo personal a mi me da pavor intervenir en algo que desconozco.",mx,4,1,0,0,0,2,1,0,0,de que quieren que seamos respetuosos de ignorancia y cinismo zapatero a tu zapato como vas a aspirar a un puesto del que no sabes nada tantita verguenza en lo personal a mi me da pavor intervenir en algo que desconozco
8cc4a55abec9bc6693e8cc3b4b6fe81d,comisionReguladoraEnergia,0,Wooow....mi HeroA Xóchitl... Gracias por aclararle las cosas. Si no saben la terminología cómo van a comunicarse con los Comisionados de otros países o trabajadores del rubro.,mx,0,0,0,0,0,1,3,0,2,woow mi heroa xóchitl gracias por aclararle las cosas si no saben la terminología cómo van a comunicarse con los comisionados de otros países o trabajadores del rubro
58eea8037591e0f403b0f0138e2e2552,comisionReguladoraEnergia,0,Peor aún el de sombrero. Que imagino es quien preside la reunión. No pasa nada si es el CEL o el Cel Móvil. Que pena dan.,mx,0,0,1,0,0,2,0,0,0,peor aún el de sombrero que imagino es quien preside la reunión no pasa nada si es el cel o el cel móvil que pena dan
e8ec5113c67ccb4b612220d98cf81578,comisionReguladoraEnergia,0,Solo si eres fiel al supremo Solo aspiran a buenos huesos los buenos perros,mx,0,0,0,0,0,0,0,0,0,solo si eres fiel al supremo solo aspiran a buenos huesos los buenos perros
7b75b5fe9ae759f615ead2880a4bb02c,comisionReguladoraEnergia,0,"Y ya le dieron el cargo!?... No... 🤦 Ay Reforma, Ay Reforma.... Regresa a tus niños a la escuela por favor..... #ReformaTodoLoDeforma",mx,1,1,0,1,0,1,4,0,4,y ya le dieron el cargo no persona_con_la_mano_en_la_frente ay reforma ay reforma regresa a tus niños a la escuela por favor reformatodolodeforma
8b4692a0b320938cf517367acc9accfe,comisionReguladoraEnergia,0,Es la costumbre de AMLO solo recuerden a NICO de chofer a un alto funcionario en la CDMX cuando su patron era jefe de gobierno,mx,0,0,3,0,0,0,0,0,0,es la costumbre de amlo solo recuerden a nico de chofer a un alto funcionario en la cdmx cuando su patron era jefe de gobierno
6b3e07e00c6e9a06ba7418f38d0286af,comisionReguladoraEnergia,0,"Lo dirás de broma pero sale más cara la ineptitud de estos, que la deshonestidad de los otros, estamos fritos.",mx,0,0,0,0,0,0,0,0,0,lo dirás de broma pero sale más cara la ineptitud de estos que la deshonestidad de los otros estamos fritos
3d02ffd5c129527e2e9bc37dcf62ad37,comisionReguladoraEnergia,0,También el pejendejo no quiere debatir sobre conceptos... Por que será?????,mx,0,5,0,0,0,1,2,0,1,también el pejendejo no quiere debatir sobre conceptos por que será
04069d3143f574e2a845b0fde631d65f,comisionReguladoraEnergia,0,"Sí  ponen en un cargo de gobierno a un individuo por una relación familiar, compadrazgo,  compromiso etc. Se llama nepotismo, y no es otra cosa que corrupción.",mx,0,0,0,0,0,1,0,0,0,sí ponen en un cargo de gobierno a un individuo por una relación familiar compadrazgo compromiso etc se llama nepotismo y no es otra cosa que corrupción
653a4425eb53661eb9749ec26d7f459b,comisionReguladoraEnergia,0,La gasolina depende del precio internacional. La beca de los ninis es para que empresas es para que se puedan ahorrar sueldos y contratar a becarios. Pensión de los viejitos ya estaba solo el pago se volvió mensual. El bajo de sueldos se suspenderá por qué es ilegal.,mx,0,0,0,0,0,0,0,0,0,la gasolina depende del precio internacional la beca de los ninis es para que empresas es para que se puedan ahorrar sueldos y contratar a becarios pensión de los viejitos ya estaba solo el pago se volvió mensual el bajo de sueldos se suspenderá por qué es ilegal
471aa73535e4a038c17781f326e7b461,comisionReguladoraEnergia,0,"Eres quizá el único al que le da miedo, a mi me da pavor!!! La ignorancia de los comparecientes y la actitud del legislador, “no importa que no sepa”. Yo cuando comparecí ante el senado para que ratificara mi nombramiento, los senadores si eran rudos",mx,3,0,0,0,0,2,1,2,0,eres quizá el único al que le da miedo a mi me da pavor la ignorancia de los comparecientes y la actitud del legislador no importa que no sepa yo cuando comparecí ante el senado para que ratificara mi nombramiento los senadores si eran rudos
0ec969056514f6028620efda50bb4013,comisionReguladoraEnergia,0,¿En manos de quién estamos?,mx,0,2,0,0,0,0,0,0,0,en manos de quién estamos
9d49e1e307f06578a6ccd2b52e402a15,comisionReguladoraEnergia,0,"El problema no es problema, el problema es que es contigo. Pinché Lupita si no sabe ni verga que hace ahí parada. Tan currupto es que él propone, como el que permite y ejecuta.",mx,0,0,0,0,0,3,0,0,0,el problema no es problema el problema es que es contigo pinché lupita si no sabe ni verga que hace ahí parada tan currupto es que él propone como el que permite y ejecuta
916692d364aea6576eee18ca5416ec90,comisionReguladoraEnergia,0,CORRUPTOS!! Los de la transformación de 4a,mx,2,0,1,0,0,0,0,0,0,corruptos los de la transformación de 4a
3ce0798f96db26e67f032af75db8afa1,comisionReguladoraEnergia,0,"Si, de  acuerdo totalmente. Aunque algunos le ponen en su currículo experiencia en muchos aspectos que no tienen que ver con la moda. Mi caso son ingeniero y tengo una maestría en administración,,, como que los dos ámbitos pareciera no tienen que ver",mx,0,0,0,0,0,2,1,0,0,si de acuerdo totalmente aunque algunos le ponen en su currículo experiencia en muchos aspectos que no tienen que ver con la moda mi caso son ingeniero y tengo una maestría en administración como que los dos ámbitos pareciera no tienen que ver
f42b7387134593513f7f4d63db31d503,comisionReguladoraEnergia,0,"Ahora si que la ignorancia y la falta de respeto lo digo por el sombrerudo, son factores en comun de esta 4 trastornacion, bien por las mujeres 👏",mx,0,0,0,1,0,0,0,0,0,ahora si que la ignorancia y la falta de respeto lo digo por el sombrerudo son factores en comun de esta 4 trastornacion bien por las mujeres manos_aplaudiendo
72d2d2c7c75aab61e913bca5f5cfaf44,comisionReguladoraEnergia,0,Pardiñas y eso es malo?,mx,0,1,0,0,0,0,0,0,0,pardiñas y eso es malo
3b63a1d9c57fa692ef0536a7399a4fbc,comisionReguladoraEnergia,0,"La realidad es que la gente de la administración AMLO, no es la más capaz ni con las mejores credenciales académicas. El 49% de quienes votamos lo vimos. Sin embargo, ganó AMLO. Está quitando peso a las instituciones y haciendo fama de abuso a SCJN. Sigamos levantando la voz",mx,0,0,3,0,0,3,0,0,0,la realidad es que la gente de la administración amlo no es la más capaz ni con las mejores credenciales académicas el 49 de quienes votamos lo vimos sin embargo ganó amlo está quitando peso a las instituciones y haciendo fama de abuso a scjn sigamos levantando la voz
9ea3ef37570877218f6c1100b9cdde9c,comisionReguladoraEnergia,0,"Ahora se le falta el respeto al ignorante por preguntarle el conjunto de requisitos que deben de saber los supuestos candidatos a puestos altamente calificados con conocimientos técnicos especializados, con tremenda ineptitud todos somos faltados al respeto",mx,0,0,0,0,0,0,0,0,0,ahora se le falta el respeto al ignorante por preguntarle el conjunto de requisitos que deben de saber los supuestos candidatos a puestos altamente calificados con conocimientos técnicos especializados con tremenda ineptitud todos somos faltados al respeto
65a30cfa6f3ae37f1bd00b80af95cab5,comisionReguladoraEnergia,0,"Le puedo asegurar que esa persona SI sabe perfectamente que hará alli: Socavar, minar y destruir la confianza en las instituciones mexicanas. Soy de Venezuela, se de lo que le hablo.",mx,0,0,0,0,0,0,0,0,0,le puedo asegurar que esa persona si sabe perfectamente que hará alli socavar minar y destruir la confianza en las instituciones mexicanas soy de venezuela se de lo que le hablo
761ed1248279c167d6b9b0ea70c95a5d,comisionReguladoraEnergia,0,Como es posible que el que lleva la mesa este de sombrero !!!! Y nuestra bandera no merece respeto? Desde 1o de primaria se nos enseña a descubrirnos la cabeza ante nuestra bandera. Ni como ayudar a estos  y mucho menos al del celular .......,mx,4,1,0,0,0,2,2,0,2,como es posible que el que lleva la mesa este de sombrero y nuestra bandera no merece respeto desde 1o de primaria se nos enseña a descubrirnos la cabeza ante nuestra bandera ni como ayudar a estos y mucho menos al del celular
bb3f345881a1e347c959d54863c2678f,comisionReguladoraEnergia,0,No puedo acabar de ver estos videos. Me dan vergüenza,mx,0,0,0,0,0,1,0,0,0,no puedo acabar de ver estos videos me dan vergüenza
758df71f094f7f24cdaee4698399ac07,comisionReguladoraEnergia,0,Ah como China está como a 100 kilómetros 😂 del presidente. Quien les cree prensa fifi.Mentirosos,mx,0,0,0,1,0,0,0,0,0,ah como china está como a 100 kilómetros cara_llorando_de_risa del presidente quien les cree prensa fifi mentirosos
9310799934c0440c2356e5fb5dbb6e60,comisionReguladoraEnergia,0,"Ahh jaja, es altamente probable",mx,0,0,0,0,1,0,0,0,0,ahh jaja es altamente probable
5653f954386345acd21f40e4496befc9,comisionReguladoraEnergia,0,"Exacto! Pero no se les da gusto que si porque no tiene título, que si porque no tiene experiencia, por favor! Sobrevivimos a un @LVidegaray que llegó a aprender a la @SRE_mx . Ella por lo menos tiene maestría y experiencia en PEMEX. Ahora nos rasgamos las vestiduras?",mx,2,1,1,0,0,3,0,0,0,exacto pero no se les da gusto que si porque no tiene título que si porque no tiene experiencia por favor sobrevivimos a un [user] que llegó a aprender a la [user] ella por lo menos tiene maestría y experiencia en pemex ahora nos rasgamos las vestiduras
a5400881f87554979105d384ccf380bd,comisionReguladoraEnergia,0,"Qué oso, neta que alguien me explique cómo llegamos a esto?",mx,0,1,0,0,0,0,0,0,0,qué oso neta que alguien me explique cómo llegamos a esto
4de251e05eb3d64245564776cfaa3a37,comisionReguladoraEnergia,0,"Por cierto ya se les olvido esto? Vicente  Fox cubrió los créditos de la carrera de administración de empresas entre 1960 y 1964, pero se tituló hasta el 24 de marzo de 1999. López Obrador cubrió los créditos de la carrera de ciencias políticas y  administración pública entre...",mx,0,1,0,0,0,0,2,0,1,por cierto ya se les olvido esto vicente fox cubrió los créditos de la carrera de administración de empresas entre 1960 y 1964 pero se tituló hasta el 24 de marzo de 199 lópez obrador cubrió los créditos de la carrera de ciencias políticas y administración pública entre
26ce342af570c963d50d7b278271f5b2,comisionReguladoraEnergia,0,"Y ya que estemos rete enojados, lo va a quitar. Esa ya me la aprendí. Yo creo que hay un Cisen revisando nuestros Tweets y califican nuestras reacciones",mx,0,0,0,0,0,0,0,0,0,y ya que estemos rete enojados lo va a quitar esa ya me la aprendí yo creo que hay un cisen revisando nuestros tweets y califican nuestras reacciones
3bdf4caa34487a246fe6acc7b0d25d10,comisionReguladoraEnergia,0,"También aplica la máxima de ""El que nada sabe, nada teme"".",mx,0,0,0,0,0,2,0,2,0,también aplica la máxima de el que nada sabe nada teme
c6048a0ca6182abeee6da1873bc9abe0,comisionReguladoraEnergia,0,"👏👏👏👏 Muy bien @XochitlGalvez ponlos en su lugar, me da tranquilidad que por lo menos tenemos dos personas que están defendiendo las instituciones.",mx,0,0,0,4,0,0,1,0,0,manos_aplaudiendo manos_aplaudiendo manos_aplaudiendo manos_aplaudiendo muy bien [user] ponlos en su lugar me da tranquilidad que por lo menos tenemos dos personas que están defendiendo las instituciones
b0712b3347bf611149cb8a4b32f5087f,comisionReguladoraEnergia,0,"Ignorancia! Esto se colapsará, la incultura más grande de este aparato burocrático! 🇲🇽Muy lamentable!",mx,3,0,0,0,0,0,0,0,0,ignorancia esto se colapsará la incultura más grande de este aparato burocrático bandera_méxico muy lamentable
67f2dec66aae0240c3f5595d97fd1abf,comisionReguladoraEnergia,0,"Yo diría que muuuuuy pocos!!! Debería revertir más errores cometidos, dos no son suficientes!!!",mx,6,0,0,0,0,1,3,0,0,yo diría que muuy pocos debería revertir más errores cometidos dos no son suficientes
cdaf05f8f4d824a09aa0d3273e73ae03,comisionReguladoraEnergia,0,Esa respuesta apunta a una discapacidad más que incapacidad.,mx,0,0,0,0,0,0,0,0,0,esa respuesta apunta a una discapacidad más que incapacidad
7143cb08a0573904bd8d66e6504b3885,comisionReguladoraEnergia,0,"No solo eso, es senadora!!!!! Cuál será su currículum?",mx,5,1,0,0,0,1,1,0,0,no solo eso es senadora cuál será su currículum
e507869ed5ad8e2f6e97bd7269eb5f6b,comisionReguladoraEnergia,0,"Ignorancia, soberbia y prepotencia Esas son las características de esta transformación de cuarta",mx,0,0,0,0,0,0,0,0,0,ignorancia soberbia y prepotencia esas son las características de esta transformación de cuarta
c660dd5707e006a9900015cda89cb813,comisionReguladoraEnergia,0,Los que votaron por ya sabes quién creo que tampoco tienen idea de la incompetencia de su candidato en ese entonces.,mx,0,0,0,0,0,1,0,0,0,los que votaron por ya sabes quién creo que tampoco tienen idea de la incompetencia de su candidato en ese entonces
8f259e59fc3d517abdbe9a362419d1e3,comisionReguladoraEnergia,0,La incapacidad también es corrupción! Y primer corrupto es nuestro presidente por incapaz! #mepongodepie,mx,2,0,0,0,0,0,0,0,0,la incapacidad también es corrupción y primer corrupto es nuestro presidente por incapaz mepongodepie
3b6dc8fe9407652ee4b97b8033ac1fec,comisionReguladoraEnergia,0,por un momento oí que dijo Xóchitl fuck,mx,0,0,0,0,0,0,0,0,0,por un momento oí que dijo xóchitl fuck
1b4c99e99ca8970c23db31219ee83c79,comisionReguladoraEnergia,0,No mames!!! Y opina así la India Malhablada está? No debería ella empezar por cultivarse siendo diputada o senadora no se que es... de ese tamaño la cerrazón es como si dijéramos que López Dóriga es un gran orador y de todas formas sale en la tele!!!,mx,6,1,0,0,0,3,3,0,1,no mames y opina así la india malhablada está no debería ella empezar por cultivarse siendo diputada o senadora no se que es de ese tamaño la cerrazón es como si dijéramos que lópez dóriga es un gran orador y de todas formas sale en la tele
4bd10f8020acf4f67c92ed41214c52d2,comisionReguladoraEnergia,0,No mameeeeessss !!!! Qué idiotas !!!!😲😲,mx,8,0,0,2,0,1,4,0,0,no mameess qué idiotas cara_asombrada cara_asombrada
5e0288a6c7c57eb7d7ef36449acbdc96,comisionReguladoraEnergia,0,"Se mordió la lengua... A bueno, de por sí @XochitlGalvez tiene la lengua mocha ya que no puede pronunciar bien ciertas palabras, que raro que no haya comentado nada cuando Luis Videgaray llegó a aprender...",mx,0,0,0,0,0,3,2,0,2,se mordió la lengua a bueno de por sí [user] tiene la lengua mocha ya que no puede pronunciar bien ciertas palabras que raro que no haya comentado nada cuando luis videgaray llegó a aprender
996200ac4e0823479873c0e0239ee29e,comisionReguladoraEnergia,0,Tienes tus la razón somos megores,mx,0,0,0,0,0,0,0,0,0,tienes tus la razón somos megores
0d1d330cf2ae6c34f8096f511782b8a2,comisionReguladoraEnergia,0,"Ser corrupto no solo es tomar dinero del erario o recibir sobornos. Designar a alguien no por su preparación o conocimientos sino para pagar favores o simplemente por ser leales, es un absoluto acto de corrupción.",mx,0,0,0,0,0,3,0,0,0,ser corrupto no solo es tomar dinero del erario o recibir sobornos designar a alguien no por su preparación o conocimientos sino para pagar favores o simplemente por ser leales es un absoluto acto de corrupción
847dc3f8d6e2f0237174de4e1f874ce6,comisionReguladoraEnergia,0,Es un empresario de Coahuila,mx,0,0,0,0,0,0,0,0,0,es un empresario de coahuila
8abc5ec128126115c202f1d186b2a8f9,comisionReguladoraEnergia,0,"Eso mismo están haciendo en todos los ayuntamientos donde gobiernan , están corriendo a gente que tenia 20 años en su área y contratando puro gente que les dejo poner una lona en las elecciones pasadas! NO SE VALE",mx,1,0,1,0,0,1,0,0,0,eso mismo están haciendo en todos los ayuntamientos donde gobiernan están corriendo a gente que tenia 20 años en su área y contratando puro gente que les dejo poner una lona en las elecciones pasadas no se vale
3be9c4e982ddec0c1921dc950cf952c3,comisionReguladoraEnergia,0,Ok gracias lo checo,mx,0,0,0,0,0,0,0,0,0,ok gracias lo checo
f035bfdee6427dea7f718c311074f390,comisionReguladoraEnergia,0,Desde hace meses el @reformanacional  le anda cuidando las nalgas a los políticos de derecha y anda chingue y chingue al #PresidenteDeMéxico con sus preguntas pendejas y sus afirmaciones sin fundamentos debería decir su artículo.,mx,0,0,0,0,0,1,0,0,0,desde hace meses el [user] le anda cuidando las nalgas a los políticos de derecha y anda chingue y chingue al presidentedeméxico con sus preguntas pendejas y sus afirmaciones sin fundamentos debería decir su artículo
46d5650b4200300b7f9ce5df24874351,comisionReguladoraEnergia,0,Que pena con nuestros representantes!!,mx,2,0,0,0,0,0,0,0,0,que pena con nuestros representantes
6d934f80addbd4353050f13e49c42064,comisionReguladoraEnergia,0,No tarda en darle un puesto de relevancia a su ex chofer el que le manejaba el VOCHITO  pinché orate,mx,0,0,1,0,0,1,0,0,0,no tarda en darle un puesto de relevancia a su ex chofer el que le manejaba el vochito pinché orate
220e8961347bef1901a05bb279d769be,comisionReguladoraEnergia,0,"Como que se hubieran esperado un poquito para autollamarse ""la cuarta transformación"", no?",mx,0,1,0,0,0,1,0,2,0,como que se hubieran esperado un poquito para autollamarse la cuarta transformación no
fce58727b29ac66b776e2827fcde10c5,comisionReguladoraEnergia,0,"A mi no me importa si vendia tamales o lavaba coches, si fue priista o panista tanto en la iniciativa privada como en el gobierno el titulo no hace al monje si la persona es capaz adelante y sino aunque sea morenista y egresada de Harvard para afuera",mx,0,0,0,0,0,3,0,0,0,a mi no me importa si vendia tamales o lavaba coches si fue priista o panista tanto en la iniciativa privada como en el gobierno el titulo no hace al monje si la persona es capaz adelante y sino aunque sea morenista y egresada de harvard para afuera
708b48d1aa43ecb8d84bfda2d185515c,comisionReguladoraEnergia,0,Corrupción tambien es decir que eres capaz para servir a los ciudadanos en una área o tema específico y no tienes la menor idea del asunto.,mx,0,0,0,0,0,1,0,0,0,corrupción tambien es decir que eres capaz para servir a los ciudadanos en una área o tema específico y no tienes la menor idea del asunto
7fd409a0107c95e620d0bbb3f0472d87,comisionReguladoraEnergia,0,ES UN INÉPTO CORRUPTO.,mx,0,0,2,0,0,0,0,0,0,es un inépto corrupto
08460f19c22b71942ecf88b03b6ae83b,comisionReguladoraEnergia,0,"De pena ajena que la flamante senadora, que ocupa sin meritocracia un escaño, afirme que la ""incapacidad"" es ""corrupción"" desde cuando la incapacidad es punible y sancionada por la legislación, urge un curso para la estúpida en teoría del Estado, derecho penal y ciencia política",mx,0,0,0,0,0,1,0,4,0,de pena ajena que la flamante senadora que ocupa sin meritocracia un escaño afirme que la incapacidad es corrupción desde cuando la incapacidad es punible y sancionada por la legislación urge un curso para la estúpida en teoría del estado derecho penal y ciencia política
802bcd32b3ecf7e8f4d523fbd459cc04,comisionReguladoraEnergia,0,"Una vergüenza esa comparecencia, #peje  @lopezobrador_ basta de estupideces y amigos ineptos en puestos clave.",mx,0,0,0,0,0,0,0,0,0,una vergüenza esa comparecencia peje [user] basta de estupideces y amigos ineptos en puestos clave
cd66845f3ed550484132d49b76c83be8,comisionReguladoraEnergia,0,"Cual es el tuyo, Tú interés? O tienes un compromiso moral con iletrados? El ser honrado es una virtud, que debe ir de la mano de la honestidad y la preparación adecuada. Sin son honrados tus candidatos que sean honrados al decir no soy la persona adecuada para honorar este sitio",mx,0,2,0,0,0,2,0,0,0,cual es el tuyo tú interés o tienes un compromiso moral con iletrados el ser honrado es una virtud que debe ir de la mano de la honestidad y la preparación adecuada sin son honrados tus candidatos que sean honrados al decir no soy la persona adecuada para honorar este sitio
5e2a67e23ddccd43c5bcb564ed8d71c3,comisionReguladoraEnergia,0,Que orgullo es tener gente en el senado como @XochitlGalvez pregunto con respeto y cosas básicas a los señorasos propuestos por la secta de la inacapacidad e incompetencia . No acepten a ese tipo de gente @SenadoresdelPAN @SenadoresPRD @senadomexicano,mx,0,0,0,0,0,1,0,0,0,que orgullo es tener gente en el senado como [user] pregunto con respeto y cosas básicas a los señorasos propuestos por la secta de la inacapacidad e incompetencia no acepten a ese tipo de gente [user] [user] [user]
19e7a218b1c8d3ffe76d25d4cfbe6be4,comisionReguladoraEnergia,0,Y mi pregunta es: acaso los senadores conocen toda la constitución política ???,mx,0,3,0,0,0,0,1,0,0,y mi pregunta es acaso los senadores conocen toda la constitución política
928a3687ce72f06210ad85d6390ffd4a,comisionReguladoraEnergia,0,Dan pena ajena estos compás,mx,0,0,0,0,0,0,0,0,0,dan pena ajena estos compás
4a248798f0d219eed0a260ee7fa2fa47,comisionReguladoraEnergia,0,Energías limpias. ¿Entienden? No refinerías/petróleo etc.,mx,0,2,0,0,0,1,0,0,0,energías limpias entienden no refinerías petróleo etc
02a7a56599c3371fe196e85fae827a4c,comisionReguladoraEnergia,0,"Que impotencia ver cómo están acabando con este país y su crecimiento , como cangrejos , para atrás pero con rapidez !!",mx,2,0,0,0,0,0,0,0,0,que impotencia ver cómo están acabando con este país y su crecimiento como cangrejos para atrás pero con rapidez
5c4e7427c096ea0873acf6f2b89508e2,comisionReguladoraEnergia,0,SACATE EL MOCO ¡¡..  YA ESTO FUERA DE SER UNA CUESTION DE BURROS.. ES UN CHISTE ¡¡..,mx,4,0,9,0,0,0,0,0,0,sacate el moco ya esto fuera de ser una cuestion de burros es un chiste
2cc21dfdad3b738529b64ba2a4de29d3,comisionReguladoraEnergia,0,"que pena de respuesta, y @XochitlGalvez muy bien con la postura sobre corrupción por ignorantes!!",mx,2,0,0,0,0,0,0,0,0,que pena de respuesta y [user] muy bien con la postura sobre corrupción por ignorantes
7ca6a631a1519df535473d967464ccdc,comisionReguladoraEnergia,0,La perfecta descripción de la transformación de 4ta,mx,0,0,0,0,0,0,0,0,0,la perfecta descripción de la transformación de 4ta
3e51c415732e428472c5ca5bfc48fd68,comisionReguladoraEnergia,0,"Igual de mediocres e ignorantes que su ""mesías""",mx,0,0,0,0,0,0,0,2,0,igual de mediocres e ignorantes que su mesías
e23b9bd7873ded6818a6d07099c8318a,comisionReguladoraEnergia,0,"Este gobierno no solo va a terminar siendo el más corrupto y retrógrada , además el menos preparado de los últimos 30 años . Sin ideas , sin dirección solo con un presidente que vive en una época que ya no existe .",mx,0,0,0,0,0,4,0,0,0,este gobierno no solo va a terminar siendo el más corrupto y retrógrada además el menos preparado de los últimos 30 años sin ideas sin dirección solo con un presidente que vive en una época que ya no existe
efbbe79d109fc38c61f732bf63734fb1,comisionReguladoraEnergia,0,Estoy de acuerdo con que la ignorancia es un tipo de corrupción las personas mejor preparadas académica y moralmente deben estar al mando,mx,0,0,0,0,0,0,0,0,0,estoy de acuerdo con que la ignorancia es un tipo de corrupción las personas mejor preparadas académica y moralmente deben estar al mando
a0d6ed06592e0630e18801a9f0a789b9,comisionReguladoraEnergia,0,Y se la darán de subdirector?,mx,0,1,0,0,0,0,0,0,0,y se la darán de subdirector
2feb7117e6de590fabf9acbf548c0bed,comisionReguladoraEnergia,0,REFORMA LO QUE DEBES HACER ES PAGAR LOS 150 MDP QUE DEBES A FOBAPROA Y PAGAR TU IMPUESTO Y ESPERAR A QUE EL PUEBLO TE LO PAGUE,mx,0,0,16,0,0,0,0,0,0,reforma lo que debes hacer es pagar los 150 mdp que debes a fobaproa y pagar tu impuesto y esperar a que el pueblo te lo pague
34caefb88103d07204108876eeffea6f,comisionReguladoraEnergia,0,No sabe para que sirve dicha comision,mx,0,0,0,0,0,1,0,0,0,no sabe para que sirve dicha comision
d9bda5dd26db41623b427ba5bb6987c4,comisionReguladoraEnergia,0,Solo fue un Chistorete!! Fue SARCASMO por si no lo entiende la tal XOCHITL.,mx,2,0,2,0,0,1,0,0,0,solo fue un chistorete fue sarcasmo por si no lo entiende la tal xochitl
39d8023a11a8fa951d09ebd12679abed,comisionReguladoraEnergia,0,No más birreyes. Que bueno que siga sacando la mugre del NARCOPRIAN,mx,0,0,1,0,0,1,0,0,0,no más birreyes que bueno que siga sacando la mugre del narcoprian
dc04d5ed7252d66c82c8ba86d32644c4,comisionReguladoraEnergia,0,"Yo voté por @lopezobrador_ , lo sigo apoyando. Eso no significa que no critique cuando se equivoque. El apoyo se gana. La ciudadanía ya no da cheques en blanco. Afortunadamente algunos errores se han revertido a partir de la crítica.",mx,0,0,0,0,0,3,0,0,0,yo voté por [user] lo sigo apoyando eso no significa que no critique cuando se equivoque el apoyo se gana la ciudadanía ya no da cheques en blanco afortunadamente algunos errores se han revertido a partir de la crítica
e3ba149854ff1c52ff1b85460abac697,comisionReguladoraEnergia,0,Pues si no tiene antecedentes penales (panista) tiene derecho! Ya vieron cuanto se chinga grupo carso  y sus cuates politicos en mancuerna  con un contrato leonino qu benefia a ambos! Eso si no tiene madre!,mx,3,0,0,0,0,2,0,0,0,pues si no tiene antecedentes penales panista tiene derecho ya vieron cuanto se chinga grupo carso y sus cuates politicos en mancuerna con un contrato leonino qu benefia a ambos eso si no tiene madre
c4295a833ba52dbbc9b68a1f26404431,comisionReguladoraEnergia,0,"El problema no es la necedad Joaquin, es que hace gala de su ineptitud.",mx,0,0,0,0,0,1,0,0,0,el problema no es la necedad joaquin es que hace gala de su ineptitud
c1d779ea9d26035f22046093d4da43de,comisionReguladoraEnergia,0,Y eso que tiene que ver con el hecho de que este tipo no tiene las credenciales para el puesto?,mx,0,1,0,0,0,1,0,0,0,y eso que tiene que ver con el hecho de que este tipo no tiene las credenciales para el puesto
f6d3645a3c2547ebf0bc143313074801,comisionReguladoraEnergia,0,👎😱 .... Creo que no alcanzaría a escribir aquí todo lo que pienso...que vergüenza y todavía se hace el chistoso 😕😒,mx,0,0,0,4,0,1,2,0,2,pulgar_hacia_abajo cara_gritando_de_miedo creo que no alcanzaría a escribir aquí todo lo que pienso que vergüenza y todavía se hace el chistoso cara_de_confusión cara_de_desaprobación
332b8bbf2d8065e2b84eb6cb6e76f6eb,comisionReguladoraEnergia,0,"Otro cuate carnal, sin conocimiento en energía, o que demuestre la contrario. La gran farsa llamada 4a transformación.",mx,0,0,0,0,0,1,0,0,0,otro cuate carnal sin conocimiento en energía o que demuestre la contrario la gran farsa llamada 4a transformación
842fa242b054c7109f0c06a97596d10b,comisionReguladoraEnergia,0,"Dan pena. Chingao, porque votaron por estas mugres los chairos.",mx,0,0,0,0,0,0,0,0,0,dan pena chingao porque votaron por estas mugres los chairos
2a2b34afcb0c432085ad5f13f07534e4,comisionReguladoraEnergia,0,"Desgraciadamente esto no es de ahorita, es de siempre. Ni los de antes eran buenos ni estos lo son, es lo mismo.",mx,0,0,0,0,0,3,0,0,0,desgraciadamente esto no es de ahorita es de siempre ni los de antes eran buenos ni estos lo son es lo mismo
12db3816796aac17719e6431524ff23e,comisionReguladoraEnergia,0,Y todavía se ofenden! Esta vez 👏🏻👏🏻 Xóchitl,mx,1,0,0,4,0,0,0,0,0,y todavía se ofenden esta vez manos_aplaudiendo_tono_de_piel_claro manos_aplaudiendo_tono_de_piel_claro xóchitl
b47938dee9d95f8e180bc9d287ed73f4,comisionReguladoraEnergia,0,Así deberían elegir a todos los que.ocupen puestos importantes con entrevistas abiertas,mx,0,0,0,0,0,0,0,0,0,así deberían elegir a todos los que ocupen puestos importantes con entrevistas abiertas
eedfd420420ccb95550472cb203ef7d3,comisionReguladoraEnergia,0,"Si siempre tenemos opiniones diversas sobre una misma persona, yo lo conocí cuando era Director General de Planeación Financiera en la CONSAR y los encuentros no fueron tan amables, ambos defendíamos puntos opuestos, claro el siempre defendiendo al sistema, y eso te deja...",mx,0,0,1,0,0,1,1,0,1,si siempre tenemos opiniones diversas sobre una misma persona yo lo conocí cuando era director general de planeación financiera en la consar y los encuentros no fueron tan amables ambos defendíamos puntos opuestos claro el siempre defendiendo al sistema y eso te deja
90b2e0319a3878b1d0bf9e8745e40399,comisionReguladoraEnergia,0,"Eso no es denunciar, es chismear sin argumentos.",mx,0,0,0,0,0,2,0,0,0,eso no es denunciar es chismear sin argumentos
5bf221bb3813e2a613b8dbea8b449b8e,comisionReguladoraEnergia,0,Que tiene que ver el gabinete de Fox con lo que yo pregunte?,mx,0,1,0,0,0,0,0,0,0,que tiene que ver el gabinete de fox con lo que yo pregunte
cf54093b5fb1bd4816d138b7679134e2,comisionReguladoraEnergia,0,Que grave tener incompetentes en el poder y tomando decisiones para todo un país.,mx,0,0,0,0,0,0,0,0,0,que grave tener incompetentes en el poder y tomando decisiones para todo un país
e635a3f6c7b64793cdf08a0b2a0c2e1c,comisionReguladoraEnergia,0,"Hablando de típicos...tipico derechairo frustrado,no importa en que área trabajes, es imposible que conozcas todas las abreviaturas,tienes que ser un soberbio muy pendejo,para creer que lo sabes o que todos lo saben todo,",mx,0,0,0,0,0,1,1,0,1,hablando de típicos tipico derechairo frustrado no importa en que área trabajes es imposible que conozcas todas las abreviaturas tienes que ser un soberbio muy pendejo para creer que lo sabes o que todos lo saben todo
3fd581e1fe721980e3e1746f4cac2e3a,comisionReguladoraEnergia,0,Festejar la ignorancia y la insensatez es lo de hoy. Como dicen los sabios. Lo barato sale caro.,mx,0,0,0,0,0,0,0,0,0,festejar la ignorancia y la insensatez es lo de hoy como dicen los sabios lo barato sale caro
c45840f28e0856bdeae469f0cd1521ff,comisionReguladoraEnergia,0,"De atar??? Es una pinche vergüenza lo que están haciendo con nuestro país, y nosotros como chinitos “milando”!! 😡😡😡",mx,2,3,0,3,0,0,2,2,0,de atar es una pinche vergüenza lo que están haciendo con nuestro país y nosotros como chinitos milando cara_cabreada cara_cabreada cara_cabreada
80adc1a945eacd16cf865d9bbcd84d46,comisionReguladoraEnergia,0,NO SE DE QUE NOTA HABLAS,mx,0,0,3,0,0,1,0,0,0,no se de que nota hablas
b94d2395692328ea321c44013f397cf2,comisionReguladoraEnergia,0,Hay si le doy la razón a esta sra que la verda ni me cae para nada le doy toda la razón y así hay muchos en puestos de gobierno que no saben ni ptm de que se trata su trabajo,mx,0,0,0,0,0,4,0,0,0,hay si le doy la razón a esta sra que la verda ni me cae para nada le doy toda la razón y así hay muchos en puestos de gobierno que no saben ni ptm de que se trata su trabajo
cb92e3886f9525ce573494d81731835c,comisionReguladoraEnergia,0,"@lopezobrador_  Sr. Le pido si no va a encarcelar, aplicar la ley o lo que decida para acabar con la corrupción ya no continúe denostando, linchándo,  tiene a los mafiosos más corruptos en este terminado sexenio   y no vemos acción, ya no se comporte más como activista social!!!",mx,3,0,0,0,0,4,2,0,0,[user] sr le pido si no va a encarcelar aplicar la ley o lo que decida para acabar con la corrupción ya no continúe denostando linchándo tiene a los mafiosos más corruptos en este terminado sexenio y no vemos acción ya no se comporte más como activista social
0967668d1300d25def13df386503bacb,comisionReguladoraEnergia,0,"Es correcta la respuesta,ella pregunta qué es y no enfocándose en preguntar de qué trata.a pregunta tonta respuesta tonta.dejando en claro que en esa mesa está integrada por representantes ignorante en ese tema.",mx,0,0,0,0,0,1,0,0,0,es correcta la respuesta ella pregunta qué es y no enfocándose en preguntar de qué trata a pregunta tonta respuesta tonta dejando en claro que en esa mesa está integrada por representantes ignorante en ese tema
f98a35ab30c7f5fe4bf9e7f71bd636d9,comisionReguladoraEnergia,0,Jajajaja bien que sabes jajajaja,mx,0,0,0,0,0,0,0,0,0,jajajaja bien que sabes jajajaja
3e810d597ac7c3c2e2726c7d2aeb1f2e,comisionReguladoraEnergia,0,"Crees que es la realidad ""actual""? Conoces personajes como Carmen Salinas, Enrique Peña Nieto, etc. Solo ahora que se acabó ""el chayote"" es que ponen en evidencia esto.",mx,0,1,0,0,0,0,0,4,0,crees que es la realidad actual conoces personajes como carmen salinas enrique peña nieto etc solo ahora que se acabó el chayote es que ponen en evidencia esto
64fa57818ff4b8dcb61f6a2c453d583b,comisionReguladoraEnergia,0,"“Yo me encontré una descripción que me gustó mucho” señora, no mame! Eso déjeselo a un niño de primaria!",mx,2,0,0,0,0,1,0,2,0,yo me encontré una descripción que me gustó mucho señora no mame eso déjeselo a un niño de primaria
6aea91a683c37cb7a7e4998d5151dd72,comisionReguladoraEnergia,0,Como te comprenderás no se que chingados haces en la w si eres un simple chayote,mx,0,0,0,0,0,1,0,0,0,como te comprenderás no se que chingados haces en la w si eres un simple chayote
9773a9210f5c3d0c2b49ec3150b66364,comisionReguladoraEnergia,0,"Pregunta, quien puso al presidente al titular de CRE @lopezobrador_ ? Y de no haber hecho declaraciones, se hubiese sabido de su conflicto de interés?",mx,0,2,1,0,0,1,0,0,0,pregunta quien puso al presidente al titular de cre [user] y de no haber hecho declaraciones se hubiese sabido de su conflicto de interés
ffa58ebc3a351e5acaaff9cdefa4f74a,comisionReguladoraEnergia,0,Oye Joaquín. ¿Tu esposa la delincuente ya no extorsiona? De eso viviste toda tu vida.,mx,0,2,0,0,0,1,0,0,0,oye joaquín tu esposa la delincuente ya no extorsiona de eso viviste toda tu vida
38a85d4a17c5934d7b398380a62d397b,comisionReguladoraEnergia,0,Una pregunta muy inteligente:),mx,0,0,0,0,0,0,0,0,0,una pregunta muy inteligente
dc48e6f4fa0f94acbd8d9c6baa1a1b06,comisionReguladoraEnergia,0,"Otra falsedad!..Con Juan ""vendepatria"" Pardinas, periódico Reforma se degrada a nivel ""pasquín""...de 5a.!",mx,2,0,0,0,0,0,1,4,1,otra falsedad con juan vendepatria pardinas periódico reforma se degrada a nivel pasquín de 5a
aa1093001f4f82035ef0b6172192950a,comisionReguladoraEnergia,0,Es muy parecido a cuando no supiste responderle a @SimonLevyMx EN TU PROGRAMA RECUERDAS?... De hecho hasta hicieron un meme... Y @XochitlGalvez quien en vdd hace circos en el foro de la cámara... No hay gran diferencia con Jorge Amaya acuérdate que el que no cae resbala,mx,0,1,2,0,0,3,3,0,3,es muy parecido a cuando no supiste responderle a [user] en tu programa recuerdas de hecho hasta hicieron un meme y [user] quien en vdd hace circos en el foro de la cámara no hay gran diferencia con jorge amaya acuérdate que el que no cae resbala
62eeebfa9b4b3e8045a14280a59e9ba9,comisionReguladoraEnergia,0,El vecindero y su show de difamación. Los directivos de los medios  deberían de ponerse de acuerdo y no mandar a sus periodistas a asistir a sus porquería de chismes de vecindad mañaneras. Que de por si  la mayoría solo van a tragar galletas.,mx,0,0,0,0,0,1,0,0,0,el vecindero y su show de difamación los directivos de los medios deberían de ponerse de acuerdo y no mandar a sus periodistas a asistir a sus porquería de chismes de vecindad mañaneras que de por si la mayoría solo van a tragar galletas
2b0db8cc9fc7943cbc2ae7fe4ddc5ae5,comisionReguladoraEnergia,0,Pues fué una pregunta muy pndja al igual de quién la hizo #ladycagadasgalvez @XochitlGalvez ¿Qué quiere decir CEL? Hasta penjdos eres,mx,0,2,1,0,0,0,0,0,0,pues fué una pregunta muy pndja al igual de quién la hizo ladycagadasgalvez [user] qué quiere decir cel hasta penjdos eres
82ee7e75841c9fe0d37ecc40f8a4ae87,comisionReguladoraEnergia,0,"Nooooo lo puedooooo creeeer!! 🆘 oigan ¿y qué tal que es una pesadilla y al rato todos vamos a despertar con Meade o con Anaya o con el bronco, o con quien seaaaa? meeeeenos ysq",mx,2,2,0,1,0,0,5,0,0,noo lo puedoo creer símbolo_de_socorro oigan y qué tal que es una pesadilla y al rato todos vamos a despertar con meade o con anaya o con el bronco o con quien seaa meenos ysq
3e2a6c9b5752b8fb7d32b31fce884ea9,comisionReguladoraEnergia,0,Hace dos meses habia gente que le limpiaban los zapatos epn y luego apararecian en el senado y eran ratificados sin que nadie protestara ocupaban puestos en las  comisiones regularas,mx,0,0,0,0,0,2,0,0,0,hace dos meses habia gente que le limpiaban los zapatos epn y luego apararecian en el senado y eran ratificados sin que nadie protestara ocupaban puestos en las comisiones regularas
1936a90b97a92b6685e99ba807735d0f,comisionReguladoraEnergia,0,"Pues no es malo aspirar, pero ojalá y no quiera chamaquear que sabe y a la mera hora no.",mx,0,0,0,0,0,3,0,0,0,pues no es malo aspirar pero ojalá y no quiera chamaquear que sabe y a la mera hora no
71a0c23446e83456aa04cbf533d6eb42,comisionReguladoraEnergia,0,Es increíble que pretendan que los ciudadanos pasemos por alto este tipo de prácticas. Esto no es aceptable y no lo permitiremos #NoMasCorrupcionEnMexico #ChequenSuCartillaMoral #SinCuotasNiCuates,mx,0,0,0,0,0,2,0,0,0,es increíble que pretendan que los ciudadanos pasemos por alto este tipo de prácticas esto no es aceptable y no lo permitiremos nomascorrupcionenmexico chequensucartillamoral sincuotasnicuates
ba12094767884d8f5ebb35306e8a5624,comisionReguladoraEnergia,0,Por favor sigan así y no permitan que gente sin preparación desempeñe funciones para las cuales no esta capacitado. Que vergüenza los señores de la #TransformaciónDe4ta,mx,0,0,0,0,0,3,0,0,0,por favor sigan así y no permitan que gente sin preparación desempeñe funciones para las cuales no esta capacitado que vergüenza los señores de la transformaciónde4ta
36188972b48e01a8e16243fad8006a6e,comisionReguladoraEnergia,0,"Xochitl bien, enfocada, objetiva. La incapacidad también es corrupción. De acuerdo. En el sector privado es muy poco probable contratar candidatos que carezcan de las competencias técnicas del puesto. Escucha @lopezobrador_",mx,0,0,0,0,0,0,0,0,0,xochitl bien enfocada objetiva la incapacidad también es corrupción de acuerdo en el sector privado es muy poco probable contratar candidatos que carezcan de las competencias técnicas del puesto escucha [user]
43a27979b27ec28cec3c7c03b0801e28,comisionReguladoraEnergia,0,"¡Así es! El puesto máximo del ejecutivo lo ocupó un ignorante que por ser un ""niño bonito"" y una vil marioneta, que claro! Pasaba la cuota chayotera, por eso no hacían mofa, ni se la pasaban moliendo todo el día con sus constantes nuestras de ignorancia.",mx,3,0,0,0,0,2,0,2,0,así es el puesto máximo del ejecutivo lo ocupó un ignorante que por ser un niño bonito y una vil marioneta que claro pasaba la cuota chayotera por eso no hacían mofa ni se la pasaban moliendo todo el día con sus constantes nuestras de ignorancia
6ac2001441809caca2d9cb2b65aa150a,comisionReguladoraEnergia,0,No pueden ocultar su molestia chayoteros Vulgares y traidores a la patria,mx,0,0,0,0,0,1,0,0,0,no pueden ocultar su molestia chayoteros vulgares y traidores a la patria
729df87c4b481959e7174f73aeda12c9,comisionReguladoraEnergia,0,Chingon el Hermes del joven que se sienta al final del video... Son caritos no ????🤔,mx,0,4,0,1,0,1,2,0,1,chingon el hermes del joven que se sienta al final del video son caritos no cara_pensativa
0cca80e223dda5a6c8d7b766d3c8d65e,comisionReguladoraEnergia,0,"Pena Ajena y muy preocupante que un payaso quiera justificar así la estupidez, muy bien @XochitlGalvez pocos saben de su trayectoria y capacidad con la tecnología y la ciencia !",mx,1,0,0,0,0,0,0,0,0,pena ajena y muy preocupante que un payaso quiera justificar así la estupidez muy bien [user] pocos saben de su trayectoria y capacidad con la tecnología y la ciencia
453938010ed42760ff5d06811eb10a7e,comisionReguladoraEnergia,0,Increíble pero cierto..es el colmo de la estupidez...y se verán cosas peores,mx,0,0,0,0,0,0,1,0,1,increíble pero cierto es el colmo de la estupidez y se verán cosas peores
91c7366b525318e6a33e42a5dd3e163f,comisionReguladoraEnergia,0,Muy bien dicho la incapacidad y falta de conocimientos para ocupar un cargo también es corrupción 😬😬,mx,0,0,0,2,0,0,0,0,0,muy bien dicho la incapacidad y falta de conocimientos para ocupar un cargo también es corrupción cara_haciendo_una_mueca cara_haciendo_una_mueca
a28647802389ecc10def25bf5cd955db,comisionReguladoraEnergia,0,"Si, estoy de acuerdo, con la pequeña diferencia que estos prometieron ser diferentes.",mx,0,0,0,0,0,0,0,0,0,si estoy de acuerdo con la pequeña diferencia que estos prometieron ser diferentes
71da974c09b6cb32516f7ff3077d9b77,comisionReguladoraEnergia,0,"Efectivamente la probidad y la honestidad y el estribillo de la corrupcion, son por lejos insuficientes y precarios y aún peligrosos para asumir la responsabilidad de cualquier cargo público, lateralmente el don rey texano o cualquier de quita de la cabeza en respeto a recinto",mx,0,0,0,0,0,0,0,0,0,efectivamente la probidad y la honestidad y el estribillo de la corrupcion son por lejos insuficientes y precarios y aún peligrosos para asumir la responsabilidad de cualquier cargo público lateralmente el don rey texano o cualquier de quita de la cabeza en respeto a recinto
87094729564450f21dc4dbd686375abd,comisionReguladoraEnergia,0,Que ceboso y grasudo análisis risco 🙄,mx,0,0,0,1,0,0,0,0,0,que ceboso y grasudo análisis risco cara_con_ojos_en_blanco
30f978df882d9ed723f9edda97e1562e,comisionReguladoraEnergia,0,Jajajaja!!! 😂😂😂 de verdad la parodia ya no me causa risa. Esto lo supera!!!,mx,6,0,0,3,0,1,3,0,0,jajajaja cara_llorando_de_risa cara_llorando_de_risa cara_llorando_de_risa de verdad la parodia ya no me causa risa esto lo supera
a4e37b9d2a04c9482c14761947639a43,comisionReguladoraEnergia,0,Patadón en el culo a Jorge Amaya!,mx,1,0,0,0,0,0,0,0,0,patadón en el culo a jorge amaya
28b8b26bd57fc12d872ad419d4caaac8,comisionReguladoraEnergia,0,"La que está en el tuit de Reforma, al que respondiste",mx,0,0,0,0,0,0,0,0,0,la que está en el tuit de reforma al que respondiste
51cc5ce4af856265e999bf52987ceb08,comisionReguladoraEnergia,0,"Disquereportero, ¿recuerdas a @EPN con el IFAI?",mx,0,2,2,0,0,0,0,0,0,disquereportero recuerdas a [user] con el ifai
71dccbac78522e724116f64343f89eb4,comisionReguladoraEnergia,0,No tienes credibilidad y menos calidad moral. Moralina eso si.,mx,0,0,0,0,0,1,0,0,0,no tienes credibilidad y menos calidad moral moralina eso si
150ed353318ad3654591c5354bb719ef,comisionReguladoraEnergia,0,"Ahora resulta que tu eres un genio, pinché drogadicto chayotero.",mx,0,0,0,0,0,0,0,0,0,ahora resulta que tu eres un genio pinché drogadicto chayotero
0e3b0ce0612c9b0bb63d7e87f5d5fc7a,comisionReguladoraEnergia,0,He visto a muchos que NO están preparados para un puesto y más sin embargo son los que más han sacado adelante el trabajo,mx,0,0,0,0,0,2,0,0,0,he visto a muchos que no están preparados para un puesto y más sin embargo son los que más han sacado adelante el trabajo
6ccf784202aea1f4b6ac4685d418f5d9,comisionReguladoraEnergia,0,"@luhttorres que vergüenza. Ni sabe que es, ni sabe que decir. No sabe. Es obvio que ella no es adecuada para el puesto.",mx,0,0,0,0,0,4,0,0,0,[user] que vergüenza ni sabe que es ni sabe que decir no sabe es obvio que ella no es adecuada para el puesto
ff152adf7876f03e45e96b38bd0c2db5,comisionReguladoraEnergia,0,al Senado al Senado... . Si ya te anda por estar chingando,mx,0,0,0,0,0,0,1,0,1,al senado al senado si ya te anda por estar chingando
1f8daa94110b71381f6ed4334858473e,comisionReguladoraEnergia,0,Pero quieren sólo gente a modo y barata.,mx,0,0,0,0,0,0,0,0,0,pero quieren sólo gente a modo y barata
18677c6d24bb324bce353d3831520811,comisionReguladoraEnergia,0,"Ay señora, está tan amargada, ya siéntese mejor.",mx,0,0,0,0,0,0,0,0,0,ay señora está tan amargada ya siéntese mejor
5f72b9b0a8ea0bd823df0ea0dafc28bb,comisionReguladoraEnergia,0,Por esto tengo bloqueado a @reformanacional,mx,0,0,0,0,0,0,0,0,0,por esto tengo bloqueado a [user]
5fe8c46975e2df3c78a617fd0d8637a6,comisionReguladoraEnergia,0,Estoy de acuerdo con lo que dice la Señora Xochitl Gálvez. Es una realidad.,mx,0,0,0,0,0,0,0,0,0,estoy de acuerdo con lo que dice la señora xochitl gálvez es una realidad
a927d86d949c51963feb0a36a9127257,desabastoGasolina,1,"Ja ja conformistas, ya señor le van a dar sus 2500 pesotes de adulto mayor deje de estar ladrando...",mx,0,0,0,0,0,0,1,0,1,ja ja conformistas ya señor le van a dar sus 2500 pesotes de adulto mayor deje de estar ladrando
a9144bbe84118e417929ae1cacb448e2,desabastoGasolina,1,Que acaso el requisito es ser pendejo para poder estar en el gabinete de lopez?? Pero como es posible tanta ineptitud y falta de sentido comun.. De verdad esto ya es detestable y mas lo q los apoyan .,mx,0,2,0,0,0,0,0,0,0,que acaso el requisito es ser pendejo para poder estar en el gabinete de lopez pero como es posible tanta ineptitud y falta de sentido comun de verdad esto ya es detestable y mas lo q los apoyan
bcd5684b91a3060d2ff04fb12b18d78c,desabastoGasolina,1,"De aquí a la cartilla de racionamiento cuánto falta? (Obviamente el “Carnet de la Patria-del pueblo bueno”).  “No, nunca seremos como Venezuela” Y cómo creen que empezó? Ingendejos.",mx,0,2,0,0,0,2,0,4,0,de aquí a la cartilla de racionamiento cuánto falta obviamente el carnet de la patria del pueblo bueno no nunca seremos como venezuela y cómo creen que empezó ingendejos
e2ef02a7c9c8efdb40040b4fb0fe60b7,desabastoGasolina,1,A qué hora nos llegó el comunismo? Ahora ya estamos racionados! 😡,mx,1,1,0,1,0,0,0,0,0,a qué hora nos llegó el comunismo ahora ya estamos racionados cara_cabreada
32a3e15d244cd1609061d21623fe6ff4,desabastoGasolina,1,Que vive en un mundo alterno de fantasía  o locura... 🙄🙄🙄🙄,mx,0,0,0,4,0,0,2,0,1,que vive en un mundo alterno de fantasía o locura cara_con_ojos_en_blanco cara_con_ojos_en_blanco cara_con_ojos_en_blanco cara_con_ojos_en_blanco
c8c7616b294f1ad926d9ba21e7c46ee6,desabastoGasolina,1,HASTA QUEEEEEEE!!!! No podía sotener su mentira ya ti tiempo !!!,mx,7,0,2,0,0,1,3,0,0,hasta quee no podía sotener su mentira ya ti tiempo
ddb7a913d0aa6e8067ed580d1eb5bdfa,desabastoGasolina,1,Y todos los días los que tengan tarjeta de lealtad MORENA 😂,mx,0,0,1,1,0,0,0,0,0,y todos los días los que tengan tarjeta de lealtad morena cara_llorando_de_risa
2c86062ae1ac4498e5c91256e4be23b1,desabastoGasolina,1,🤣 bienvenidos al socialismo de la transformación chaira.,mx,0,0,0,1,0,0,0,0,0,cara_revolviéndose_de_la_risa bienvenidos al socialismo de la transformación chaira
32e4a96d7f866aa33a1f969e10e7b239,desabastoGasolina,1,échate ese trompo a la uña ganso ....jajaja...las pipas son para el atole....jajajaja,mx,0,0,0,0,0,0,3,0,3,échate ese trompo a la uña ganso jajaja las pipas son para el atole jajajaja
83ed3535adc20fb0849a4b51d88f85d5,desabastoGasolina,1,Sábados y domingos las gasolineras descansan ??,mx,0,2,0,0,0,0,0,0,0,sábados y domingos las gasolineras descansan
14fa568e8f476328aa7be1b0020f88be,desabastoGasolina,1,"Así es, el problema es que el Mesías no tiene la mínima idea del desmadre que eata haciendo.",mx,0,0,0,0,0,1,0,0,0,así es el problema es que el mesías no tiene la mínima idea del desmadre que eata haciendo
8f000c1dfa3115f9d25a4d2cb5a3b7c1,desabastoGasolina,1,"Si el viejo cuento de porque no te quejaste antes, los culpables son los españoles por conquistarnos, si no se quejaron pues ahora se quedan callados, dejen a ""su cabecita de algodón"" robar a gusto",mx,0,0,0,0,0,2,0,2,0,si el viejo cuento de porque no te quejaste antes los culpables son los españoles por conquistarnos si no se quejaron pues ahora se quedan callados dejen a su cabecita de algodón robar a gusto
5df99b50f6b600eeabb19bef27e45a0e,desabastoGasolina,1,"See, por ahi anda libre todavía Romero Deshamps",mx,0,0,0,0,0,0,0,0,0,see por ahi anda libre todavía romero deshamps
447ed4f96a408ac4d3f102e14d4bcb45,desabastoGasolina,1,"Yo opino que se den una vuelta a la autopista Guadalajara Tepic ahí se vende huachicol por todos lados, cosa que hace un año no se vehía.... nuevo gobierno, nuevos negocios.",mx,0,0,0,0,0,1,1,0,1,yo opino que se den una vuelta a la autopista guadalajara tepic ahí se vende huachicol por todos lados cosa que hace un año no se vehía nuevo gobierno nuevos negocios
ace3713a8d62ce0f01ec1a6028fe46e6,desabastoGasolina,1,"En su mundo porque no han habido reales acusaciones, detenidos y por el contrario si está habiendo gasolinazo!!",mx,2,0,0,0,0,1,0,0,0,en su mundo porque no han habido reales acusaciones detenidos y por el contrario si está habiendo gasolinazo
c71f551b43e7ec0497f98859ab5203c4,desabastoGasolina,1,"mi propuesta: lunes a sábado = Los que no votaron por AMLO y no apoyan la estrategia de como combatir el huachicoleo ! el domingo = Los que votaron por AMLO,  y los de Morena  que apoyan la forma en que esta combatiendo el huachicoleo",mx,1,0,2,0,0,2,0,0,0,mi propuesta lunes a sábado los que no votaron por amlo y no apoyan la estrategia de como combatir el huachicoleo el domingo los que votaron por amlo y los de morena que apoyan la forma en que esta combatiendo el huachicoleo
2cb7c4586d79e3205d280c9c4431975b,desabastoGasolina,1,"Cuando dijo que iba a bajar la gasolina, se refería al suministro. Siempre dice la verdad.... a medias.",mx,0,0,0,0,0,0,1,0,1,cuando dijo que iba a bajar la gasolina se refería al suministro siempre dice la verdad a medias
91a9eccf644d0140df15eea0c2505f00,desabastoGasolina,1,Exacto!!! Y lo peor es que algunos ven esto como normal y justifican todo. De verdad los AMLovers están perdiendo la cordura,mx,3,0,0,0,0,0,1,0,0,exacto y lo peor es que algunos ven esto como normal y justifican todo de verdad los amlovers están perdiendo la cordura
69b04c303d0d555c2c99967008dd4df1,desabastoGasolina,1,Pero como .... y el pueblo bueno ?,mx,0,1,0,0,0,0,1,0,1,pero como y el pueblo bueno
6fad2a13172f75248c51e6c60a6c0f69,desabastoGasolina,1,¿Y se va a ir a trabajar dependiendo de el engomado?,mx,0,2,0,0,0,0,0,0,0,y se va a ir a trabajar dependiendo de el engomado
d86ef761781ef2bd327931319efdf62c,desabastoGasolina,1,Ósea no hay desabasto pero solo podrán cargar una vez a la semana mmm ok,mx,0,0,0,0,0,1,1,0,0,ósea no hay desabasto pero solo podrán cargar una vez a la semana mm ok
083bcbb0089d312417f3b4d3b7dede65,desabastoGasolina,1,Comenzo hace 18 dias.....increible verlo hasta hoy....,mx,0,0,0,0,0,0,2,0,2,comenzo hace 18 dias increible verlo hasta hoy
99d89b30349c59555d3a67f58a348e7b,desabastoGasolina,1,Todo el sexenio va see eso . O cuando ya esten sus refinarias. Ya no las van a pinchar.,mx,0,0,0,0,0,1,0,0,0,todo el sexenio va see eso o cuando ya esten sus refinarias ya no las van a pinchar
c2e487cedbe06bf0dba442f162001dcc,desabastoGasolina,1,Se quedaron callados los chairos de sepa... “de sepa que madres nos quiso decir David”,mx,0,0,0,0,0,0,1,2,1,se quedaron callados los chairos de sepa de sepa que madres nos quiso decir david
e11c8ff031573a6afdb981d6af622bee,desabastoGasolina,1,"Que regresen, pero lo que se robaron!!",mx,2,0,0,0,0,0,0,0,0,que regresen pero lo que se robaron
d9926cb989b92cc4af60c46a4c9ae9ae,desabastoGasolina,1,Y para recoger la porción de frijol con gorgojo y la botella de mezcal como los van a organizar?? #RenunciaAMLO,mx,0,2,0,0,0,0,0,0,0,y para recoger la porción de frijol con gorgojo y la botella de mezcal como los van a organizar renunciaamlo
330120bb0cf989afe52ee7b0e1836b62,desabastoGasolina,1,"Esos huachicoleros se han vuelto más pendejos, digo antes jodian los ductos y no había desabasto.",mx,0,0,0,0,0,1,0,0,0,esos huachicoleros se han vuelto más pendejos digo antes jodian los ductos y no había desabasto
3139a124e9be1f0de4f3b0d558e45f50,desabastoGasolina,1,Yo sugiero mejor que no hagan estupideces,mx,0,0,0,0,0,1,0,0,0,yo sugiero mejor que no hagan estupideces
a0b18c332c922fc9a7d26f867b00cf43,desabastoGasolina,1,"No habría manera de sugerirle a esta idiota de Claudita q vaya igual q Andrés a chingar su madre! Y me disculpo pero no hay otra forma de dirigirse a este cambio, y transformación y valiente honestidad de estos mendigos de PRIMOR @revistaproceso @Aristeguionline @Reforma @Milenio",mx,1,0,1,0,0,2,0,0,0,no habría manera de sugerirle a esta idiota de claudita q vaya igual q andrés a chingar su madre y me disculpo pero no hay otra forma de dirigirse a este cambio y transformación y valiente honestidad de estos mendigos de primor [user] [user] [user] [user]
5efed2ac11e9491aca76edf8be60a1a7,desabastoGasolina,1,Y que sigue después? Que nos digan cuándo comer y qué comer?  Mejor que arreglen la logística por no decir el desMa.... que organizaron.,mx,0,2,0,0,0,1,1,0,1,y que sigue después que nos digan cuándo comer y qué comer mejor que arreglen la logística por no decir el desma que organizaron
401ad63936041333bbcbc2476005e648,desabastoGasolina,1,Qué se vaya a......su rancho!,mx,1,0,0,0,0,0,1,0,2,qué se vaya a su rancho
a2e82dee47b6d008ad82699e578f3d39,desabastoGasolina,1,Seguro se rompió la cabeza con esta idea.,mx,0,0,0,0,0,0,0,0,0,seguro se rompió la cabeza con esta idea
0b4f2cbcdcf34c3fbcd88165819d5c7c,desabastoGasolina,1,Al pueblo pan y circo !!!! Estrategia de siempre del pri que ahora es la morena del pri,mx,4,0,0,0,0,0,1,0,0,al pueblo pan y circo estrategia de siempre del pri que ahora es la morena del pri
1d254982c7c8f7f9d6779e664f4fcc04,desabastoGasolina,1,"Grandes p problemas,  soluciones estúpidas!",mx,1,0,0,0,0,0,0,0,0,grandes p problemas soluciones estúpidas
d8587ed59b742ca9be986dddb27f22a4,desabastoGasolina,1,En pejelandia y sus zombi habitantes 😷👎,mx,0,0,0,2,0,0,0,0,0,en pejelandia y sus zombi habitantes cara_con_mascarilla_médica pulgar_hacia_abajo
a416381cb9a9b21f817175ab874c5761,desabastoGasolina,1,Apenas??? Será que la edad no le ayuda? Si no puede que renuncie!!!,mx,3,4,0,0,0,2,2,0,0,apenas será que la edad no le ayuda si no puede que renuncie
c2f7543e051cfacea7df751e98d6fdf0,desabastoGasolina,1,El pueblo se empezará a cansar de este show. Muchas palabras y pocas acciones. Solo una pregunta Cuantos detenidos hay por el guachicol ?,mx,0,1,0,0,0,0,0,0,0,el pueblo se empezará a cansar de este show muchas palabras y pocas acciones solo una pregunta cuantos detenidos hay por el guachicol
c8581a7b7772c5e2fa28948bede7ad88,desabastoGasolina,1,"Hola qué pena, de esos errores jamás hay respuesta, ni solución! Así son los cambios de la supuesta mareada de cabeza 4ta transformación, así de mágico es el sr Obrador jajaja 🖐️",mx,1,0,0,1,0,2,0,0,0,hola qué pena de esos errores jamás hay respuesta ni solución así son los cambios de la supuesta mareada de cabeza 4ta transformación así de mágico es el sr obrador jajaja mano_abierta
fafadbbe62696e7be866a82a0ac0cb3c,desabastoGasolina,1,Resultados de la “lucha” contra el huachicol. 1.- 131 muertos. 2.- Desabasto de combustible. 3.- Magna a $20.45 4.- Cero detenidos. 5.- Pipas deficientes e inseguras 6.- $8000 para huachicoleros. ¿Le aplaudo señor @lopezobrador_ ?,mx,0,2,0,0,0,0,1,2,0,resultados de la lucha contra el huachicol 1 131 muertos 2 desabasto de combustible 3 magna a 20 45 4 cero detenidos 5 pipas deficientes e inseguras 6 800 para huachicoleros le aplaudo señor [user]
4ff2fd68178221b4e2fb8d58217bf9a9,desabastoGasolina,1,"Claro, siempre hay una excusa, pobre presidente víctima del sabotaje",mx,0,0,0,0,0,0,0,0,0,claro siempre hay una excusa pobre presidente víctima del sabotaje
efdc69175de951e697724b5b356bdb0e,desabastoGasolina,1,"vaya, acaba de decir una verdad... Le ha costado pero ahí la lleva.",mx,0,0,0,0,0,0,1,0,1,vaya acaba de decir una verdad le ha costado pero ahí la lleva
a24c4d0ffbc086467f5c5f524b31735a,desabastoGasolina,1,"Sobre todo con el perdón eterno que profesa, se estará curando en salud???",mx,0,3,0,0,0,0,1,0,0,sobre todo con el perdón eterno que profesa se estará curando en salud
15445dc11b7897ee74fc74a39c3b45b4,desabastoGasolina,1,"Ir a remar a cuemanco no le hizo bien. Ah que gansada, tan cansada",mx,0,0,0,0,0,1,0,0,0,ir a remar a cuemanco no le hizo bien ah que gansada tan cansada
66c272eade8f6c0ad5d5ed7b7a94429b,desabastoGasolina,1,"A chis a chis los mariachis? No que no hay desabasto? Ta maaaa, ya me perdí entonces ...",mx,0,2,0,0,0,2,2,0,1,a chis a chis los mariachis no que no hay desabasto ta maa ya me perdí entonces
5e3f7f7361ec61f3666b6441a0bd3a50,desabastoGasolina,1,Y que no paguemos tenencia!,mx,1,0,0,0,0,1,0,0,0,y que no paguemos tenencia
05d5267495b6ae84065351f747773500,desabastoGasolina,1,"Tienes razón , para que queremos las pipas. Si ya no las necesita para la distribución. Se demuestra que nunca hubo tal crisis grave Es contradictorio no.",mx,0,0,0,0,0,3,0,0,0,tienes razón para que queremos las pipas si ya no las necesita para la distribución se demuestra que nunca hubo tal crisis grave es contradictorio no
c94b09390015b6cb017e6f7bac33af38,desabastoGasolina,1,"Pues claro que es efectivo, cuestión de ver los números:  132 incinerados. 6 Estados afectados fuertemente por el desbasto en el inicio de año. 0 carpetas de investigación (públicas). 0 detenidos por robo de combustible.  Y así muchos resultados más.",mx,0,0,0,0,0,0,0,0,0,pues claro que es efectivo cuestión de ver los números 132 incinerados 6 estados afectados fuertemente por el desbasto en el inicio de año 0 carpetas de investigación públicas 0 detenidos por robo de combustible y así muchos resultados más
90f3f40c9e9607a46c62490435d259f5,desabastoGasolina,1,"Yo estoy maravillado de la prosperidad que ha traído el peje , de pronto hay tanta gente con carros nuevos que las gasolineras no dan abasto, WOW",mx,0,0,1,0,0,1,0,0,0,yo estoy maravillado de la prosperidad que ha traído el peje de pronto hay tanta gente con carros nuevos que las gasolineras no dan abasto wow
8dddefd837d95435716f2cb51ff3076f,desabastoGasolina,1,Obviamente! Es claro que no van a dejar de delinquir por decreto presidencial duh! @lopezobrador_,mx,2,0,0,0,0,1,0,0,0,obviamente es claro que no van a dejar de delinquir por decreto presidencial duh [user]
e6b6495e468b14e217232fe62b6f3c17,desabastoGasolina,1,A valla por fin se da cuenta albrisias!,mx,1,0,0,0,0,0,0,0,0,a valla por fin se da cuenta albrisias
d4e2aefc3e939491359ad177181dbfcd,desabastoGasolina,1,Bueno dónde esta la PROFECO? Y sí demando?  Ahh solo falta que me digan que día debo presentar mi queja.,mx,0,2,1,0,0,0,0,0,0,bueno dónde esta la profeco y sí demando ahh solo falta que me digan que día debo presentar mi queja
9d4ec568a27bf7779b79ffa32e65fe58,desabastoGasolina,1,A estas alturas todo puede suceder🙄🙄🙄🙄🙄,mx,0,0,0,5,0,0,1,0,0,a estas alturas todo puede suceder cara_con_ojos_en_blanco cara_con_ojos_en_blanco cara_con_ojos_en_blanco cara_con_ojos_en_blanco cara_con_ojos_en_blanco
a48078116edf79d29aa1e7bea1c1c2a2,desabastoGasolina,1,Eficaz jajaja con un montón de gente muerta quemada  x negligencia y de sus mandos,mx,0,0,0,0,0,0,0,0,0,eficaz jajaja con un montón de gente muerta quemada x negligencia y de sus mandos
e8613ba6b2838a0743bf211ccbf1b060,desabastoGasolina,1,El hombre con cuerpo de señora gorda comentando estupideces,mx,0,0,0,0,0,0,0,0,0,el hombre con cuerpo de señora gorda comentando estupideces
a2519bbcfe6e59a07827eec9477ba507,desabastoGasolina,1,"Jajajaj JAJAJAJAJAJA Cierto, hacer un TIANGUIS DE PIPAS¡!",mx,2,0,3,0,0,0,0,0,0,jajajaj jajajajajaja cierto hacer un tianguis de pipas
7ae898239959b9c3d225b42b37ec6dcc,desabastoGasolina,1,"Y sobra quien diga... .- más jodidos no podemos estar, pos sí,  si podemos estar peor, sin tragar, sin vestir, sin preparación, sin libertad.. Y que sigue ? Adoctrinamiento comunista? F",mx,0,2,0,0,0,5,1,0,1,y sobra quien diga más jodidos no podemos estar pos sí si podemos estar peor sin tragar sin vestir sin preparación sin libertad y que sigue adoctrinamiento comunista f
e6464df1b59fdf8029691eb7b1caff47,desabastoGasolina,1,😂😂😂Eso solo el lo cree 😂😂😂 cuentos a su gabinete y no al pueblo QUEREMOS REALIDADES Y VERDADES YA NO MÁS MENTIRAS EXIGIMOS TRABAJO RESPONSABLE YA NO MÁS HABLADURIAS NOS SALEN MUY CARAS LAS MENTIRAS ES HORA DE PONERSE A TRABAJAR ¡YA URGEN RESULTADOS!,mx,2,0,21,6,0,3,2,0,0,cara_llorando_de_risa cara_llorando_de_risa cara_llorando_de_risa eso solo el lo cree cara_llorando_de_risa cara_llorando_de_risa cara_llorando_de_risa cuentos a su gabinete y no al pueblo queremos realidades y verdades ya no más mentiras exigimos trabajo responsable ya no más habladurias nos salen muy caras las mentiras es hora de ponerse a trabajar ya urgen resultados
5789ec00f2112efe18072a66c705a263,desabastoGasolina,1,"Yo propongo que en vista de que no circularemos por falta de combustible hasta el día que nos toque, entonces no verificaremos este año!!!",mx,3,0,0,0,0,2,1,0,0,yo propongo que en vista de que no circularemos por falta de combustible hasta el día que nos toque entonces no verificaremos este año
1e98bf5eeff748046ccba4ae0acd71b5,desabastoGasolina,1,"AQUÍ APLICA EL REFRÁN ""EL QUE NUNCA HA TENIDO (PODER) CUANDO LLEGA A TENER LOCO LA SE QUIERE VOLVER""",mx,0,0,13,0,0,1,0,2,0,aquí aplica el refrán el que nunca ha tenido poder cuando llega a tener loco la se quiere volver
759abfe5f381dd4240c3d52ebfffcf92,desabastoGasolina,1,Para que fregados tantas pipa? Para sus próximas cagadas obviamente y si no que las venda como el avión presidencial.,mx,0,1,0,0,0,1,0,0,0,para que fregados tantas pipa para sus próximas cagadas obviamente y si no que las venda como el avión presidencial
3010c2ec5846c9ec1164a65e06eaa6a7,desabastoGasolina,1,Que solo él y sus seguidores borregos creen sus mentiras.,mx,0,0,0,0,0,0,0,0,0,que solo él y sus seguidores borregos creen sus mentiras
251aa4fbb86f11f3700030e89d99a685,desabastoGasolina,1,"Que se cree Dios, cree que su palabra es eficaz y se hace realidad solo por salir de su boca!",mx,1,0,0,0,0,0,0,0,0,que se cree dios cree que su palabra es eficaz y se hace realidad solo por salir de su boca
71802f4761b1f3da8c91c54e482c459f,desabastoGasolina,1,Y esto apenas empieza cuando le toque CFE van a tumbar todos los diablitos hay si los quiero ver,mx,0,0,1,0,0,0,0,0,0,y esto apenas empieza cuando le toque cfe van a tumbar todos los diablitos hay si los quiero ver
1d9b80232b9dc87425db4d63746fcc4d,desabastoGasolina,1,"Uuuyyyyy,que buena decisión, soquetes",mx,0,0,0,0,0,0,2,0,0,uuuyy que buena decisión soquetes
8ac7a151057ba9025c896a94f54051ac,desabastoGasolina,1,"Hola, el sr se dice ser Dios Obrador y por gracia de magia que solo el sabe hacer, todo lo arregla según él! Si otros presidentes han dado pena, Obrador no es la excepción!! Es totalmente incongruente.",mx,3,0,0,0,0,1,0,0,0,hola el sr se dice ser dios obrador y por gracia de magia que solo el sabe hacer todo lo arregla según él si otros presidentes han dado pena obrador no es la excepción es totalmente incongruente
bab6fb634f6de71b8ba630a7deae711c,desabastoGasolina,1,"Las pipas las van a rematar junto al avión que no lo tiene ni Obama.  ¡Se venden!, Aviones! ✈ Pipas! 🚚, y todo viejo4T que no sirve!",mx,5,0,0,2,0,3,0,0,0,las pipas las van a rematar junto al avión que no lo tiene ni obama se venden aviones avión pipas camión_de_reparto y todo viejo4t que no sirve
0bb8879f7afe91efa7676aa3a89de1fe,desabastoGasolina,1,"Si esto se empieza a aceptar y hacer costumbre, después será; Los lunes, miércoles, viernes y domingo comen las mujeres y martes jueves y sábado los hombres?",mx,0,1,0,0,0,0,0,0,0,si esto se empieza a aceptar y hacer costumbre después será los lunes miércoles viernes y domingo comen las mujeres y martes jueves y sábado los hombres
232c504b5a0e125eff8e96255a0231ec,desabastoGasolina,1,Cómo era eso de qué México no sería como______ 🤣🤣🤣🤣,mx,0,0,0,4,0,1,2,0,0,cómo era eso de qué méxico no sería como__ cara_revolviéndose_de_la_risa cara_revolviéndose_de_la_risa cara_revolviéndose_de_la_risa cara_revolviéndose_de_la_risa
2d4b1994306620ac3920bcae0c1755a9,desabastoGasolina,1,"Lo que nos faltaba, ¿quieren organizar el caos que ellos mismos provocaron!?! No me quiero imaginar la “estrategia” el día que quieran regular a los que se cuelgan de la luz!!!!",mx,6,2,0,0,0,1,1,2,0,lo que nos faltaba quieren organizar el caos que ellos mismos provocaron no me quiero imaginar la estrategia el día que quieran regular a los que se cuelgan de la luz
54395cb01ad302efac8851e51c47c6e1,desabastoGasolina,1,Que “brillante” Sra!! Y si no tienes gasolina y tus placas son verdes a ver cómo te las arreglas no? Dejen de hacer estupideces. #AMLOCobarde #AmloNoSabeGobernar,mx,2,1,0,0,0,2,0,2,0,que brillante sra y si no tienes gasolina y tus placas son verdes a ver cómo te las arreglas no dejen de hacer estupideces amlocobarde amlonosabegobernar
26972512c4332ba50eb48312ff680d65,desabastoGasolina,1,Que está loco y que sigue preparando toneladas de atole para seguir dando con el dedo,mx,0,0,0,0,0,0,0,0,0,que está loco y que sigue preparando toneladas de atole para seguir dando con el dedo
86a499ceb2fc8b05dc97161da3fe27d9,desabastoGasolina,1,Yo opino que eres un pinche viejo rabo verde...u opinión de que o que??,mx,0,2,0,0,0,0,1,0,1,yo opino que eres un pinche viejo rabo verde u opinión de que o que
175f03d63e0b4eb85955953d8c897607,desabastoGasolina,1,El precio de la gasolina subió porque hay que pagar la lucha contra el “huachicoleo” y los sueldos de los “pioneros”. Está justificado el incremento. (Si Chuy...),mx,0,0,0,0,0,0,1,4,1,el precio de la gasolina subió porque hay que pagar la lucha contra el huachicoleo y los sueldos de los pioneros está justificado el incremento si chuy
5d9efdb9abea62806bee3be3c7df9472,desabastoGasolina,1,¿Que no dijo el Amado líder que durante el sexenio de #PeñaNieto es cuando hubo más #Huachicoleo y ordeña y pinchazos a los ductos? No recordamos que hubiera #DesabastoDeGasolinas durante los últimos 6 años! #Mentirosillos #ConferenciaPresidente #DesabastoGDLyMty,mx,1,2,0,0,0,2,0,0,0,que no dijo el amado líder que durante el sexenio de peñanieto es cuando hubo más huachicoleo y ordeña y pinchazos a los ductos no recordamos que hubiera desabastodegasolinas durante los últimos 6 años mentirosillos conferenciapresidente desabastogdlymty
69f4ace6a45bd38aedd1eed1c00ddb45,desabastoGasolina,1,Está muy crudo esto todavía para empezar a manifestar logros y a este paso pues menos,mx,0,0,0,0,0,0,0,0,0,está muy crudo esto todavía para empezar a manifestar logros y a este paso pues menos
4bafde00d69affcc846b3fd518f227c1,desabastoGasolina,1,"Este no jefechairo me priva de su sabiduria; me tiene bloqueado. Ayuda imagen, diganle al padre del analisis superior  que no sea cruel.",mx,0,0,0,0,0,2,0,0,0,este no jefechairo me priva de su sabiduria me tiene bloqueado ayuda imagen diganle al padre del analisis superior que no sea cruel
c5c43d611bdb3c6269375afb5671c111,desabastoGasolina,1,"Pos ahora roban en las gasolineras, $20.90 Magna 😡 Estábamos mejor... cuando estaba el huachicol. Sr. Presidente de México  y de todos los Mexicanos, sabios y no sabios, letrados e iletrados, cristianos o evangélicos, corruptos e incorruptos que pasa? 90 días al bat sin hit",mx,0,1,0,1,0,2,1,0,1,pos ahora roban en las gasolineras 20 90 magna cara_cabreada estábamos mejor cuando estaba el huachicol sr presidente de méxico y de todos los mexicanos sabios y no sabios letrados e iletrados cristianos o evangélicos corruptos e incorruptos que pasa 90 días al bat sin hit
90a90d13b428bc80faf909ddcc5da308,desabastoGasolina,1,"Y dice ese partido k se denomina Morena k por el gasto de los huachicoleros subió, k poca, puro engaño y solo tienen 2 meses, imagínate al año",mx,0,0,0,0,0,0,0,0,0,y dice ese partido k se denomina morena k por el gasto de los huachicoleros subió k poca puro engaño y solo tienen 2 meses imagínate al año
a8b0386c8b8f6e0e5f364de8912b6167,desabastoGasolina,1,"Es que a los ""huachicoleros"" no les ha llegado su tarjeta de apoyos... Y pues, de qué viven mientras?",mx,0,1,0,0,0,1,1,2,1,es que a los huachicoleros no les ha llegado su tarjeta de apoyos y pues de qué viven mientras
43c0941a75fafbd21387b79c1d10e16b,desabastoGasolina,1,Si los demás no le aplauden él se tiene que aplaudir solo...,mx,0,0,0,0,0,1,1,0,1,si los demás no le aplauden él se tiene que aplaudir solo
11bc8767ca85ea4274885a8f68527dd4,desabastoGasolina,1,En hidalgo los recibimos con las tomas abiertas !! Digo los brazos,mx,2,0,0,0,0,0,0,0,0,en hidalgo los recibimos con las tomas abiertas digo los brazos
687d3e9ef49fe73a95742a45440a4c3a,desabastoGasolina,1,"Donde firmo la ""REVOCACION DE MANDATO""",mx,0,0,2,0,0,0,0,2,0,donde firmo la revocacion de mandato
4ebddf85a0a9cb4bb2fc257b1cbe49f5,desabastoGasolina,1,Que viva la Republica Bolivariana de Mexico!!!!!,mx,5,0,0,0,0,0,1,0,0,que viva la republica bolivariana de mexico
18b652bc39876fd92e0cc6595cb3517d,desabastoGasolina,1,Entonces qué roben ductos?,mx,0,1,0,0,0,0,0,0,0,entonces qué roben ductos
da744f99a2c8a2f9c7dab2839943f230,desabastoGasolina,1,De plano se le “cayó” el sistema a la jefa,mx,0,0,0,0,0,0,0,2,0,de plano se le cayó el sistema a la jefa
795c5a22a58a3aca66a1e6d94e4cab8a,desabastoGasolina,1,MALO  es el mejor comediante que se haya visto en México,mx,0,0,1,0,0,0,0,0,0,malo es el mejor comediante que se haya visto en méxico
186ef49c2c3a352e5a962a6f0d896d65,desabastoGasolina,1,Se le cayó La baba mientras escribía...,mx,0,0,0,0,0,0,1,0,1,se le cayó la baba mientras escribía
922b1581d4a57cab203d1ec591d3bf70,desabastoGasolina,1,Ahora el gobierno va a decidir como usa su dinero la ciudadanía ? Y si el día que te “toca” tienes otra emergencia o simplemente estás al final de quincena ? Es una genio !!!!,mx,4,2,0,0,0,0,1,2,0,ahora el gobierno va a decidir como usa su dinero la ciudadanía y si el día que te toca tienes otra emergencia o simplemente estás al final de quincena es una genio
6487e14933ada8f94f4639c8c6a64940,desabastoGasolina,1,"Cierto, nos hemos ahorrado 4 MMDP aunque si hemos gastado 40 MMDP pero pues eso a quien le importa, además sirve para justificar la compra anticipada de votos o no",mx,0,0,2,0,0,1,0,0,0,cierto nos hemos ahorrado 4 mmdp aunque si hemos gastado 40 mmdp pero pues eso a quien le importa además sirve para justificar la compra anticipada de votos o no
43b55bc1fd8dec65b39e9cf4ef18a97d,desabastoGasolina,1,¿Y qué dias serán para comprar papel higiénico?,mx,0,2,0,0,0,0,0,0,0,y qué dias serán para comprar papel higiénico
34a8590a81e7ce988651b4ca41d4118c,desabastoGasolina,1,Si muy eficaz la gasolina sigue sin bajar ...,mx,0,0,0,0,0,1,1,0,1,si muy eficaz la gasolina sigue sin bajar
bb9ab0167fff32562e30cbde50f8fa42,desabastoGasolina,1,Ja ja ja donde estan los detenidos x este delito,mx,0,0,0,0,0,0,0,0,0,ja ja ja donde estan los detenidos x este delito
356643abe099c0642d921cb2d89dc11d,desabastoGasolina,1,Pero con tarjetitas azteca.... Para mantener el descontrol!,mx,1,0,0,0,0,0,1,0,1,pero con tarjetitas azteca para mantener el descontrol
f40203fbc16067cebc3ae11cdbb91eea,desabastoGasolina,1,Las comadres queriendo ser las reinas del sarcasmo  jajaja. Les informo que las pipas las vamos a utilisar para transportar pomada que les cure el ardor a los que fueron los  reyes del  chayote!!,mx,2,0,0,0,0,0,0,0,0,las comadres queriendo ser las reinas del sarcasmo jajaja les informo que las pipas las vamos a utilisar para transportar pomada que les cure el ardor a los que fueron los reyes del chayote
2a3dc034126df2c3cd48446f0ad818d2,desabastoGasolina,1,Y si ella cobra una quincena si y otra no...,mx,0,0,0,0,0,1,1,0,1,y si ella cobra una quincena si y otra no
bbbc23e6277197183c713db37b2913ba,desabastoGasolina,1,Ufffff excelente ni duda cabe,mx,0,0,0,0,0,1,1,0,0,uff excelente ni duda cabe
8bb6258e0a64514390f92800bbf5242c,desabastoGasolina,1,Hay que subrayar AMLO es el primer presidente en la era moderna que se preparó por 18 años recorrió el país cientos de veces y solo para llegar a la silla y tomar decisiones de los años 70's,mx,0,0,1,0,0,0,0,1,0,hay que subrayar amlo es el primer presidente en la era moderna que se preparó por 18 años recorrió el país cientos de veces y solo para llegar a la silla y tomar decisiones de los años 70 s
a6edff6ffd57c8449d0a7cf2680742b1,desabastoGasolina,1,Es chairo no tiene con qué defenderse 🤣🤣🤣🤣,mx,0,0,0,4,0,1,1,0,0,es chairo no tiene con qué defenderse cara_revolviéndose_de_la_risa cara_revolviéndose_de_la_risa cara_revolviéndose_de_la_risa cara_revolviéndose_de_la_risa
d50226f7a22dbed04a995cf49f863aba,desabastoGasolina,1,"Si ha sido eficaz, entonces porque el precio de la gasolina al día de  hoy es más cara que cuando llegó a la presidencia?",mx,0,1,0,0,0,0,0,0,0,si ha sido eficaz entonces porque el precio de la gasolina al día de hoy es más cara que cuando llegó a la presidencia
4c1afe0676435435951006d0d8eea6a5,desabastoGasolina,1,Romero Deschamps esta libre y perdonado claro que ha sido eficaz!,mx,1,0,0,0,0,0,0,0,0,romero deschamps esta libre y perdonado claro que ha sido eficaz
9f5e1137b8b329f30dfbd60a859e8b6e,desabastoGasolina,1,Que le está dando atole con el dedo al pueblo bueno y sabio,mx,0,0,0,0,0,0,0,0,0,que le está dando atole con el dedo al pueblo bueno y sabio
f6892577a40a3a320612c6f5fe412c03,desabastoGasolina,1,Wwooo .....!!!! ¿ Que seguirá ? ¿ Lespondran brazalete A fiffis ....? Talvez un carnet para comprar las tortillas con fecha y hora ? ......no  pensé algo similar en México como lo que vive Cuba o Venezuela ...,mx,4,5,0,0,0,1,6,0,5,wwoo que seguirá lespondran brazalete a fiffis talvez un carnet para comprar las tortillas con fecha y hora no pensé algo similar en méxico como lo que vive cuba o venezuela
9115eede9c05655d4cad37b6ea9d20ec,desabastoGasolina,1,"😂😂😂😂 de verdad creyeron que los delincuentes iban a decir: oye ya cerraron los ductos, ni modo dejemos de ser delincuentes y vamos a trabajar. 😂😂😂😂😂😂😂😂😂😂😂",mx,0,0,0,15,0,1,2,0,0,cara_llorando_de_risa cara_llorando_de_risa cara_llorando_de_risa cara_llorando_de_risa de verdad creyeron que los delincuentes iban a decir oye ya cerraron los ductos ni modo dejemos de ser delincuentes y vamos a trabajar cara_llorando_de_risa cara_llorando_de_risa cara_llorando_de_risa cara_llorando_de_risa cara_llorando_de_risa cara_llorando_de_risa cara_llorando_de_risa cara_llorando_de_risa cara_llorando_de_risa cara_llorando_de_risa cara_llorando_de_risa
6612f05dec1d608e983eda1efcb0970e,desabastoGasolina,1,Hasta hoy....?? Que inteligente es el presidente.!!,mx,2,2,0,0,0,0,1,0,1,hasta hoy que inteligente es el presidente
746cc69c4cb24fd6156a39585f0492cc,desabastoGasolina,1,Un éxito ME ENCUENTRO EXULTANTE DE ALEGRIA por pagar más cara la gasolina después de su estupida gestión,mx,0,0,3,0,0,0,0,0,0,un éxito me encuentro exultante de alegria por pagar más cara la gasolina después de su estupida gestión
03a3b455199dae44f7fdab5296c39fc8,desabastoGasolina,1,"El robo a la nación, pero de las pipas que compró.",mx,0,0,0,0,0,0,0,0,0,el robo a la nación pero de las pipas que compró
0fa44704599d1aaf7a497c5fdf47cf0b,desabastoGasolina,1,Porque no se va doña Claudia a la dirección de#pemex  y el actual director que se vaya administrar el rancho de #AMLO la chingada,mx,0,0,1,0,0,1,0,0,0,porque no se va doña claudia a la dirección de pemex y el actual director que se vaya administrar el rancho de amlo la chingada
4858c334af9dac35e533823c569e8fc3,desabastoGasolina,1,"Y así será cada que falle algo, alguien más tendrá la culpa.",mx,0,0,0,0,0,0,0,0,0,y así será cada que falle algo alguien más tendrá la culpa
a06fc80efcdc4120e0d7dc76e6916d55,desabastoGasolina,1,"Le aviso que iré cuando necesite ir. No cuando el gobierno quiera que vaya; y no es rebeldía, es sentido común. Deben resolver este problema que el mismo gobierno causó.",mx,0,0,0,0,0,2,0,0,0,le aviso que iré cuando necesite ir no cuando el gobierno quiera que vaya y no es rebeldía es sentido común deben resolver este problema que el mismo gobierno causó
9482a4d8721885a12980c6c9d644d157,desabastoGasolina,1,"Yo opino que tú y tu hijo, el cabeza de rodilla @pedroferriz3, se vayan juntos a chingar a su madre.",mx,0,0,0,0,0,0,0,0,0,yo opino que tú y tu hijo el cabeza de rodilla [user] se vayan juntos a chingar a su madre
17839eb0c1e7fb85830e0052ba1e25f5,desabastoGasolina,1,"Tan eficaz que no hay un sólo detenido y ya aumentó de costo ooootra vez. Sin mencionar que el suministro aún no es normal, sigue el desabasto en muchos lugares. No hay combate al robo, sencillamente no están comprando lo mismo que antes.",mx,0,0,0,0,0,5,1,0,0,tan eficaz que no hay un sólo detenido y ya aumentó de costo ootra vez sin mencionar que el suministro aún no es normal sigue el desabasto en muchos lugares no hay combate al robo sencillamente no están comprando lo mismo que antes
da46546f8ebb48d05e44d1e02dd511a7,desabastoGasolina,0,"PRUEBAS,PUEDE DECIR MISA QUE NADIE LE CREE,ESTO DEL ROBO DE COMBUSTIBLE ES DE GRANDES LIGAS,Y NOL SE TERMINA EN 15 DIAS,TENIENDO AÑOS LUCHANDO POR EVITARLO,PARA VARIAR ,MIENTE",mx,0,0,24,0,0,1,0,0,0,pruebas puede decir misa que nadie le cree esto del robo de combustible es de grandes ligas y nol se termina en 15 dias teniendo años luchando por evitarlo para variar miente
f83e0957709817b99d7ae0fafe6c89af,desabastoGasolina,0,En serio cree el sr. Presidente que somos tan estúpidos?,mx,0,1,0,0,0,0,0,0,0,en serio cree el sr presidente que somos tan estúpidos
79376cbc71bbba77c789b26c33fd36ca,desabastoGasolina,0,Yo tengo otros números,mx,0,0,0,0,0,0,0,0,0,yo tengo otros números
44386081c028fa835d6c4a496eaaff14,desabastoGasolina,0,"En algunos lados en otros no. Pero eso es gracias a la reforma energética ya que el gob no pone el precio de los combustibles, está abierto por lo que depende de cada establecimiento, es por ello que de un local a otro puede haber variación de precio.",mx,0,0,0,0,0,2,0,0,0,en algunos lados en otros no pero eso es gracias a la reforma energética ya que el gob no pone el precio de los combustibles está abierto por lo que depende de cada establecimiento es por ello que de un local a otro puede haber variación de precio
b8e95e42c1b9328622144b41b2608b27,desabastoGasolina,0,"Acá en Yucatan subió mas de un peso el litro en menos de un mes, con eso digo todo.",mx,0,0,0,0,0,0,0,0,0,acá en yucatan subió mas de un peso el litro en menos de un mes con eso digo todo
eee3cc74cf6cb3ba7df84f51eaab976d,desabastoGasolina,0,"Aunque, momentáneamente, el ""costo si subió"". No hay producto más caro que aquel que no puedes comprar.",mx,0,0,0,0,0,2,0,2,0,aunque momentáneamente el costo si subió no hay producto más caro que aquel que no puedes comprar
a4377d1717eac01fd4addd9033f2ffdb,desabastoGasolina,0,Se tiene que acabar con esta delincuencia. Son criminales. No más huachicoleo,mx,0,0,0,0,0,1,0,0,0,se tiene que acabar con esta delincuencia son criminales no más huachicoleo
463a3c35bebe26cb52fc664e66b3ea4e,desabastoGasolina,0,Y si arreglaran el problema y se dejarán de pendejadas,mx,0,0,0,0,0,0,0,0,0,y si arreglaran el problema y se dejarán de pendejadas
8fab8dca6e25212171283ed8c8365efc,desabastoGasolina,0,Ese dinero debio ser utilizado en pagarte un maestro de español.,mx,0,0,0,0,0,0,0,0,0,ese dinero debio ser utilizado en pagarte un maestro de español
eafe0d4567685cf463b49927599eec19,desabastoGasolina,0,"No puede ni debe decir sobre el libre mercado entre particulares, @Claudiashein quien es para decir cuando y como comprar y vender, ya se ve q están instaurando #ComunismoEnMexico #ElDictadorAMLO #AMLOComunista @lopezobrador_ instala el Comunismo en México #DesabastoDeGasolinas",mx,0,0,0,0,0,2,0,0,0,no puede ni debe decir sobre el libre mercado entre particulares [user] quien es para decir cuando y como comprar y vender ya se ve q están instaurando comunismoenmexico eldictadoramlo amlocomunista [user] instala el comunismo en méxico desabastodegasolinas
4919c628825eb333d5b8d35659455a89,desabastoGasolina,0,"Estudia hacer a del nuevo sistema  acusatorio , El  tiempo que se requiere para integrarla de manera adecuada , para que no salgan por falta de elementos como antes ,  dichas carpetas se integran niña partir de que se sabe , sido da  partir de la denuncia ante la autoridad",mx,0,0,0,0,0,1,0,0,0,estudia hacer a del nuevo sistema acusatorio el tiempo que se requiere para integrarla de manera adecuada para que no salgan por falta de elementos como antes dichas carpetas se integran niña partir de que se sabe sido da partir de la denuncia ante la autoridad
8ab687692cd96511256449fda039ed76,desabastoGasolina,0,"Y para variar quien se lo cree? Todo lo que dice todos los dias son declaraciones por ocurrencia, nunca dice lo que cuesta el transporte pir Pipas y a quien beneficio, la compra y la Concesión del transporte",mx,0,1,0,0,0,1,0,0,0,y para variar quien se lo cree todo lo que dice todos los dias son declaraciones por ocurrencia nunca dice lo que cuesta el transporte pir pipas y a quien beneficio la compra y la concesión del transporte
17c1991026eff57fbe398a3c07a6d1a9,desabastoGasolina,0,Puros cuentos chinos del peje! Nadie te cree!,mx,2,0,0,0,0,1,0,0,0,puros cuentos chinos del peje nadie te cree
a7a53fa917ddf1bdc4c59ddd38afc237,desabastoGasolina,0,Que le pregunte a Banxico,mx,0,0,0,0,0,0,0,0,0,que le pregunte a banxico
6d7921ea01ff4cd4f9230bc81f9e195c,desabastoGasolina,0,"Aquí en León, Gto nos hizo pesado el mes de Enero... que es cuando tenemos más turismo por la feria Estatal",mx,0,0,0,0,0,0,1,0,1,aquí en león gto nos hizo pesado el mes de enero que es cuando tenemos más turismo por la feria estatal
58f0bc067c54d39978fba078bc1391ad,desabastoGasolina,0,Un maestro de los discursos para llegarle y convencer a los ignorantes.,mx,0,0,0,0,0,0,0,0,0,un maestro de los discursos para llegarle y convencer a los ignorantes
8159b23188a26a570428dc9074ea4358,desabastoGasolina,0,Que cantidad fue el monto robado por el huachicoleo en los anteriores sexenios?,mx,0,1,0,0,0,0,0,0,0,que cantidad fue el monto robado por el huachicoleo en los anteriores sexenios
2844bbea9278eaec42f7ab2d3b439c13,desabastoGasolina,0,"Vez idiota como si nos organizamos salimos adelante ,tu periodismo solo crítica y eres huevon la nota la sacas de las redes sociales y de ellas tiene quejas ,ja ja ja ja HUEVON.",mx,0,0,1,0,0,0,0,0,0,vez idiota como si nos organizamos salimos adelante tu periodismo solo crítica y eres huevon la nota la sacas de las redes sociales y de ellas tiene quejas ja ja ja ja huevon
0529dd4be2e42c723a7e18010a8bb507,desabastoGasolina,0,Yo tengo otros datos...,mx,0,0,0,0,0,0,1,0,1,yo tengo otros datos
d6b1965d57789c9636ac67a55b4bf008,desabastoGasolina,0,"Por supuesto que ¡NO! Categóricamente, no, porque eso es peligroso, sería “normalizar” el desabasto.  Y al rato, viene la comida, más insumos y a acostumbrarse a la racionalización y la escasez.",mx,2,0,0,0,0,2,0,2,0,por supuesto que no categóricamente no porque eso es peligroso sería normalizar el desabasto y al rato viene la comida más insumos y a acostumbrarse a la racionalización y la escasez
957bdc47d80fb0899b7edd404dfcd803,desabastoGasolina,0,"Yo opino que es un gran farsante gobernando a un pueblo de ignorantes, sin criterio y sin sentido común",mx,0,0,0,0,0,2,0,0,0,yo opino que es un gran farsante gobernando a un pueblo de ignorantes sin criterio y sin sentido común
4262200e573e9f4ba570d111de7410f2,desabastoGasolina,0,Pero en la CDMX que gobierna morena ya está prácticamente superada la emergencia.,mx,0,0,1,0,0,0,0,0,0,pero en la cdmx que gobierna morena ya está prácticamente superada la emergencia
e583a697745d556456605c50ec43abe9,desabastoGasolina,0,"Jajajaja @dparamooficial se rifo jajajaja, el remate debió de hacer en cabronar a los chairos",mx,0,0,0,0,0,0,0,0,0,jajajaja [user] se rifo jajajaja el remate debió de hacer en cabronar a los chairos
75187658dc2226e7dff9f97ec978631c,desabastoGasolina,0,En Guanajuato ya lo está haciendo para ser precisos en Yuriria,mx,0,0,0,0,0,0,0,0,0,en guanajuato ya lo está haciendo para ser precisos en yuriria
65c27d66303cc49fea81eeb9da34a842,desabastoGasolina,0,"NARCOPRIAN-gobierno, no tenía la capacidad para el abasto legal... En lugares como Guanajuato 80% del abasto dependía de NARCOPRIAN- huachicoleo....",mx,0,0,2,0,0,1,2,0,2,narcoprian gobierno no tenía la capacidad para el abasto legal en lugares como guanajuato 80 del abasto dependía de narcoprian huachicoleo
c3cc99bdc096ca61b1e78be9995448e5,desabastoGasolina,0,Y si le dijera que el desabasto será cosa común en todo el sexenio de la 4T? 🤔,mx,0,1,0,1,0,0,0,0,0,y si le dijera que el desabasto será cosa común en todo el sexenio de la 4t cara_pensativa
00bcc1577d7273b72eae123bb750564e,desabastoGasolina,0,Se va al tren Maya,mx,0,0,0,0,0,0,0,0,0,se va al tren maya
d651c678fbc76066d8218dfe330a9d87,desabastoGasolina,0,"Del famoso 80% que ha pasado? Solo ataca el 20% del huachicol en ductos. Además que el precio aumenta más cada día sin justificación, No que y no iba a ver gasolinazo? No esperara que se haga su refinería express en 3 años más para que baje el precio, proyectado seria 25.50 pesos",mx,0,2,0,0,0,4,0,0,0,del famoso 80 que ha pasado solo ataca el 20 del huachicol en ductos además que el precio aumenta más cada día sin justificación no que y no iba a ver gasolinazo no esperara que se haga su refinería express en 3 años más para que baje el precio proyectado seria 25 50 pesos
e830f557ae1336bc1dedfe18b1b1aeea,desabastoGasolina,0,Eso no debería ser pregunta. Es una afirmación contundente.,mx,0,0,0,0,0,1,0,0,0,eso no debería ser pregunta es una afirmación contundente
bb0020bf5338df0140e761b2b24f5307,desabastoGasolina,0,"Sólo él y éllos así lo ven, que revisen Gto  y Jalisco,  se siguen hinchando las bolsas de los huachicolelros",mx,0,0,0,0,0,0,0,0,0,sólo él y éllos así lo ven que revisen gto y jalisco se siguen hinchando las bolsas de los huachicolelros
61163f5f627e8d793f34f7363f452aed,desabastoGasolina,0,Pues yo sigo sin ver un solo responsable en la cárcel Ah y la violencia cada vez peor y el precio de la gasolina sigue subiendo,mx,0,0,0,0,0,1,0,0,0,pues yo sigo sin ver un solo responsable en la cárcel ah y la violencia cada vez peor y el precio de la gasolina sigue subiendo
d4d958ecca0cbbf85d90648d125580a9,desabastoGasolina,0,Van a pasar seis. Años del sexenio y no va a cambiar. Nada y yo creo que vamos a estar mas jodidos,mx,0,0,0,0,0,2,0,0,0,van a pasar seis años del sexenio y no va a cambiar nada y yo creo que vamos a estar mas jodidos
a253ef0de0f0ef884b788e114fe4c224,desabastoGasolina,0,@lopezdoriga lo triste es con que va a salir este señor  que nueva ocurrencia o mentira. De verdad!!! Que qué triste ver la incapacidad de los funcionarios en pararse y dar una respuesta real a la ciudadanía y verdadera !!! Nos tratan peor que analfabetas eso no se vale,mx,6,0,0,0,0,1,2,0,0,[user] lo triste es con que va a salir este señor que nueva ocurrencia o mentira de verdad que qué triste ver la incapacidad de los funcionarios en pararse y dar una respuesta real a la ciudadanía y verdadera nos tratan peor que analfabetas eso no se vale
b4870f1772781611072575ced1a39c5c,desabastoGasolina,0,¿Como un régimen venezolano?,mx,0,2,0,0,0,0,0,0,0,como un régimen venezolano
dc77243415be71ae94a88a98628ca474,desabastoGasolina,0,Cupensela al culito. ese que blokea a la gente que le dice la neta.,mx,0,0,0,0,0,0,0,0,0,cupensela al culito ese que blokea a la gente que le dice la neta
bfa2f26d00f300015486d3700e6829d3,desabastoGasolina,0,"Uno va cuando quiera o necesite ir, lo que propone sería aceptar el desabasto y la racionalización.",mx,0,0,0,0,0,0,0,0,0,uno va cuando quiera o necesite ir lo que propone sería aceptar el desabasto y la racionalización
3edd37b52ab28d933cd77a107c201d45,desabastoGasolina,0,Suena Bonito pero no es Real.,mx,0,0,0,0,0,1,0,0,0,suena bonito pero no es real
b52d20ff4911d4324f0f1a48b7df0128,desabastoGasolina,0,"David que opinas que metlite tenga que administrar el dinero de los servidores públicos derivado del seguro de separación individual por otros 2 años sin que esto te pueda generar algún beneficio, que solución se puede tener.",mx,0,0,0,0,0,1,0,0,0,david que opinas que metlite tenga que administrar el dinero de los servidores públicos derivado del seguro de separación individual por otros 2 años sin que esto te pueda generar algún beneficio que solución se puede tener
64a8fd491514e934a524bedbc503b5b6,desabastoGasolina,0,Que pena ver el populismo a todo lo que da.,mx,0,0,0,0,0,0,0,0,0,que pena ver el populismo a todo lo que da
33f54726b4726e8fc610e1a2201d274e,desabastoGasolina,0,Osea que esto va para argo !,mx,1,0,0,0,0,0,0,0,0,osea que esto va para argo
2cb64efeefb6a73a5a6b4f978aa00e86,desabastoGasolina,0,Y yo sugiero que deje de mentir al igual que su amo y que renuncie. Ya destrozó Tlalpan ahora lo hace con la CDMX.,mx,0,0,1,0,0,0,0,0,0,y yo sugiero que deje de mentir al igual que su amo y que renuncie ya destrozó tlalpan ahora lo hace con la cdmx
b0a7d55fd6734fadcfbf3038921222c0,desabastoGasolina,0,"😂😂😂 Dijo que no subirían en términos reales pero lo que es la inflación es otro tema hay si es por los mercados. Ejemplo  Si yo te vendo en 16 pesos el litro tu siendo buen distribuidor lo puedes vender  en 18 digamos que con eso ganas y pagas todo el costo, pero ya depende",mx,0,0,0,3,0,1,1,0,0,cara_llorando_de_risa cara_llorando_de_risa cara_llorando_de_risa dijo que no subirían en términos reales pero lo que es la inflación es otro tema hay si es por los mercados ejemplo si yo te vendo en 16 pesos el litro tu siendo buen distribuidor lo puedes vender en 18 digamos que con eso ganas y pagas todo el costo pero ya depende
012376adad6b0088ca83b814123c14bd,desabastoGasolina,0,"Y ¿los que no hemos cargado y nos toca hasta el viernes? Yo decidí no cargar gasolina con pánico, porque confié, como ellos decían, que se regularizaría el abasto en dos días.   Puras mentiras!!!!!!",mx,6,2,0,0,0,2,2,0,0,y los que no hemos cargado y nos toca hasta el viernes yo decidí no cargar gasolina con pánico porque confié como ellos decían que se regularizaría el abasto en dos días puras mentiras
dac573d642c20c3fa8432847f4e07867,desabastoGasolina,0,"Ya no seremos libres de comprar cuando uno lo requiera, así empiezan",mx,0,0,0,0,0,1,0,0,0,ya no seremos libres de comprar cuando uno lo requiera así empiezan
e5db0cce06f09825a75ff882598cf0d3,desabastoGasolina,0,Yo digo que este vato es un hater nomas,mx,0,0,0,0,0,0,0,0,0,yo digo que este vato es un hater nomas
e7fc9d90f206718c1fd74a7e09e1ca8c,desabastoGasolina,0,La gasolina no subió pero qué tal productos en mercados y supernercados,mx,0,0,0,0,0,1,0,0,0,la gasolina no subió pero qué tal productos en mercados y supernercados
d7fa980b4ca7a60162e90d5fe6518199,desabastoGasolina,0,Tu eres un megachayote tatuado ..daa asco con tus malas premoniciones. #AMLOPresidente #AMLOnoestaSOLO,mx,0,0,0,0,0,0,0,0,0,tu eres un megachayote tatuado daa asco con tus malas premoniciones amlopresidente amlonoestasolo
2c882d2ed708ecff34bc29bd958c66d2,desabastoGasolina,0,Face slap de Suecia a Venezuela del norte en 4ta.....,mx,0,0,0,0,0,0,1,0,1,face slap de suecia a venezuela del norte en 4ta
34b69a93dbdfc7bd0d32d016191efe43,desabastoGasolina,0,Vil racionamiento como en Cuba y Venezuela o como en Alemania después de las guerras.,mx,0,0,0,0,0,0,0,0,0,vil racionamiento como en cuba y venezuela o como en alemania después de las guerras
3e8dd2ee4de7e62b988f2372e0cf9aef,desabastoGasolina,0,Que es una gran mentira ! Solo buscaba reflectores y lo logro! Más no se ha erradicado nada.,mx,2,0,0,0,0,2,0,0,0,que es una gran mentira solo buscaba reflectores y lo logro más no se ha erradicado nada
b21da95aa3642fd946c9b36996462fcb,desabastoGasolina,0,Con estas propuestas solo le da más clientes a los huachicoleros. 🤦🏻‍♀️ Y va para largo. Pues no q ya habían llegado mil pipas.,mx,0,0,0,3,0,1,0,0,0,con estas propuestas solo le da más clientes a los huachicoleros mujer_con_la_mano_en_la_frente_tono_de_piel_claro y va para largo pues no q ya habían llegado mil pipas
8e85d448971aa3793fb0ff478342305d,desabastoGasolina,0,"Me quedo muy clara tu respuesta,Gracias",mx,0,0,0,0,0,0,0,0,0,me quedo muy clara tu respuesta gracias
6529713ca0c8e8ca935a0aff219d85d5,desabastoGasolina,0,"¿¿O sea que el estado, va a dirigir los destinos de empresas sujetas a las leyes de la oferta y la demanda??  ¡Plop!",mx,2,4,0,0,0,0,0,0,0,o sea que el estado va a dirigir los destinos de empresas sujetas a las leyes de la oferta y la demanda plop
a2e3da8f98cb273fb75e4e862a2900b3,desabastoGasolina,0,"Si el Estado controla todo, Mexico va a un Carnet Venezolano: Populismo: Socialismo!",mx,1,0,0,0,0,0,0,0,0,si el estado controla todo mexico va a un carnet venezolano populismo socialismo
c6c170ba5ffa478440508e1f08b9cadc,desabastoGasolina,0,"Tenía miedo de que esa fuera la respuesta,",mx,0,0,0,0,0,0,0,0,0,tenía miedo de que esa fuera la respuesta
15471e87ee82a7bd32d8aa335ce1e2c3,desabastoGasolina,0,Dígale de mi parte a la jefa de gobierno que vaya y lleve su propuesta a Cuba o a Venezuela.  Aquí que vaya y que racione en su casa.,mx,0,0,0,0,0,0,0,0,0,dígale de mi parte a la jefa de gobierno que vaya y lleve su propuesta a cuba o a venezuela aquí que vaya y que racione en su casa
d1058b4c9e4ad146df9fb2a195200739,desabastoGasolina,0,"Por si los de reforma no saben, el narco maneja huachicol,secuestros,extorsiones, co bro de piso, trata de personas, tráfico de armas y migración. Todo ello hace al menos tres sexenios. Diversificados están hace mucho.con la complicidad de esos gobiernos.",mx,0,0,0,0,0,1,0,0,0,por si los de reforma no saben el narco maneja huachicol secuestros extorsiones co bro de piso trata de personas tráfico de armas y migración todo ello hace al menos tres sexenios diversificados están hace mucho con la complicidad de esos gobiernos
bbbd51974b169c2d5c299b428396dcb8,desabastoGasolina,0,"Cálmate chilango, jaja. Ese concepto solo existe en sus cabecitas, porque para provincia todos son chilangos. Jaja, saludos.",mx,0,0,0,0,2,0,0,0,0,cálmate chilango jaja ese concepto solo existe en sus cabecitas porque para provincia todos son chilangos jaja saludos
a0fe8877658336f587c0aa46dc1487c8,desabastoGasolina,0,Esta bien wey si cree que entenderemos que su estrategia fue eficaz en serio no tiene ni idea de lo que hace. Es un pobre analfabeta que no sabe lo que hace y dice.,mx,0,0,0,0,0,3,0,0,0,esta bien wey si cree que entenderemos que su estrategia fue eficaz en serio no tiene ni idea de lo que hace es un pobre analfabeta que no sabe lo que hace y dice
76d4f9fc8dfc4668e16fabae64faff7f,desabastoGasolina,0,Este te reta a los putazos,mx,0,0,0,0,0,0,0,0,0,este te reta a los putazos
3f071ef06b8882a6e47672b40ef5d7b6,desabastoGasolina,0,"Excelente pregunta, esperaremos que uno de los cuatro compradores contesten",mx,0,0,0,0,0,0,0,0,0,excelente pregunta esperaremos que uno de los cuatro compradores contesten
6a4aa40ff675d4a107e29e732991a632,desabastoGasolina,0,"Pues porque el gobierno no cerraba los ductos picados, dejaba correr la gasolina a pesar de que se la robaban",mx,0,0,0,0,0,1,0,0,0,pues porque el gobierno no cerraba los ductos picados dejaba correr la gasolina a pesar de que se la robaban
44734fe557253338693af151cccde729,desabastoGasolina,0,"Me puedes hablar un poquito más del contrato de las pipas, cuanto costaron?, como se van a pagar?, que organismo las compró?, etc.",mx,0,3,0,0,0,0,0,0,0,me puedes hablar un poquito más del contrato de las pipas cuanto costaron como se van a pagar que organismo las compró etc
4af90fa9c6d2b9a260aec0a43a588019,desabastoGasolina,0,"Joaquín, pero para que racionar la gasolina? Si ella hace pocos días salió en los medios diciendo que no había #DesabastoDeGasolina. Incoherente, no?",mx,0,2,0,0,0,2,0,0,0,joaquín pero para que racionar la gasolina si ella hace pocos días salió en los medios diciendo que no había desabastodegasolina incoherente no
d147fd715f6dfa878f69da357ac873c4,desabastoGasolina,0,¿Eres Huachicolero de cuello blanco? Solo así se explica tu enojo desabasto es igual a gasolinera Huachicolera,mx,0,2,0,0,0,0,0,0,0,eres huachicolero de cuello blanco solo así se explica tu enojo desabasto es igual a gasolinera huachicolera
774904c4511afd508d0d255594b878fe,desabastoGasolina,0,Que cheque los precios el mesías.,mx,0,0,0,0,0,0,0,0,0,que cheque los precios el mesías
f337e2ff0a839fdcc3dabb3f91e8fe9d,desabastoGasolina,0,Y lo que falta en su nuevo gobierno comunista.  Estos años veremos a brasil subiendo y a nuestros hermanos mexicanos  bajando,mx,0,0,0,0,0,0,0,0,0,y lo que falta en su nuevo gobierno comunista estos años veremos a brasil subiendo y a nuestros hermanos mexicanos bajando
928338bc0a4c8ca3272d76018f4b8f1e,desabastoGasolina,0,"Resultaste muy brillante @Claudiashein los camiones de reparto, agentes vendedores de seguros, medicina, supervisores, cobradores, repartidores, trabajarán un día a la semana o sugieres domingos y días festivos?",mx,0,1,0,0,0,0,0,0,0,resultaste muy brillante [user] los camiones de reparto agentes vendedores de seguros medicina supervisores cobradores repartidores trabajarán un día a la semana o sugieres domingos y días festivos
f66407682c9dfd345077a4c42dd02745,desabastoGasolina,0,Tiene toda la razón,mx,0,0,0,0,0,0,0,0,0,tiene toda la razón
9a75b306541e29c61fecec8ccda5ccc7,desabastoGasolina,0,"Que estupidez tan grande, nos cortan la libertad, eso es el socialismo que te racionen todo, al rato van a decir cuando te toca comprar pan. Que miedo!!!",mx,3,0,0,0,0,0,1,0,0,que estupidez tan grande nos cortan la libertad eso es el socialismo que te racionen todo al rato van a decir cuando te toca comprar pan que miedo
98c7748ba6d823f9fbc771b99c94e5c1,desabastoGasolina,0,"Mientras no se aplique la ley y los delincuentes (que no se van a portar bien como quiere el presidente) estén en la s calles, seguirán delinquiendo.",mx,0,0,0,0,0,2,0,0,0,mientras no se aplique la ley y los delincuentes que no se van a portar bien como quiere el presidente estén en la s calles seguirán delinquiendo
f0f2e0a765d36d2f9e664ccfb3ddc9ad,desabastoGasolina,0,...que por cierto no ha vendido!,mx,1,0,0,0,0,1,1,0,1,que por cierto no ha vendido
09f9d081a59d30e716ac40a78b5f4d43,desabastoGasolina,0,"Yo sí vivo en el estado de Guanajuato, ya está muy, muy difícil conseguir huachicol.",mx,0,0,0,0,0,0,0,0,0,yo sí vivo en el estado de guanajuato ya está muy muy difícil conseguir huachicol
44a0c389b1df25d6fee323582ac25a9b,desabastoGasolina,0,"@dparamooficial ES UN PENDEJO... ¿ASI EDUCA A SU FAMILIA TAMBIEN? ¿A BASE DE MENTIRAS? PUES QUE PUTO ASCO DE SER HUMANO QUE POR UNOS PESOS TENGA QUE ESTAR DANDO LAS NALGAS A CUALQUIERA, POR EJEMPLO A GRUPO IMAGEN",mx,0,4,28,0,0,0,1,0,1,[user] es un pendejo asi educa a su familia tambien a base de mentiras pues que puto asco de ser humano que por unos pesos tenga que estar dando las nalgas a cualquiera por ejemplo a grupo imagen
f303efe555ddecdc2989e8267895c8ea,desabastoGasolina,0,Y el libre mercado??,mx,0,2,0,0,0,0,0,0,0,y el libre mercado
6f0e02263458a94f24b45920e4b65ea6,desabastoGasolina,0,"Hola nadie dice que no está bien lo que hizo, simplemente dónde está el beneficio para el país, ya que esto es robó a la nación! Dónde están las pruebas reales de todo cuanto dice el sr! Dónde están siendo juzgados los detenidos de esta mafia de sinismo y corrupción???",mx,2,3,0,0,0,2,1,0,0,hola nadie dice que no está bien lo que hizo simplemente dónde está el beneficio para el país ya que esto es robó a la nación dónde están las pruebas reales de todo cuanto dice el sr dónde están siendo juzgados los detenidos de esta mafia de sinismo y corrupción
ade221d4dbd07651e736faefd90de006,desabastoGasolina,0,"Austeridad a conveniencia, claro. Austeridad para los empleados del gobierno, sin importar su capacidad. Austeridad para todos menos para ellos., que siguen desperdiciando dinero a carretadas. Dinero que no producen. Buscan empobrecer al país para aumentar su base clientelar.",mx,0,0,0,0,0,2,0,0,0,austeridad a conveniencia claro austeridad para los empleados del gobierno sin importar su capacidad austeridad para todos menos para ellos que siguen desperdiciando dinero a carretadas dinero que no producen buscan empobrecer al país para aumentar su base clientelar
904b800b64d5d76f2cf7d59269757d6d,desabastoGasolina,0,"ESTÁN MANEJANDO TANTO AMLO Y CLAUDIA EL INICIO DE LIMITAR LOS MOVIMIENTOS DEL PUEBLO ES DECIR NOS VAN QUITANDO LA LIBERTAD DE PODER COMPRAR, VIAJAR , TRABAJAR Y HACER LOS QUE NOS PLASCA. EXIJAMOS UN PAÍS LIBRE SIN CORRUPTOS NI RATAS Y MUCHO MENOS DICTADORES EN NUESTRA NACIÓN",mx,0,0,36,0,0,2,0,0,0,están manejando tanto amlo y claudia el inicio de limitar los movimientos del pueblo es decir nos van quitando la libertad de poder comprar viajar trabajar y hacer los que nos plasca exijamos un país libre sin corruptos ni ratas y mucho menos dictadores en nuestra nación
789a5c6023881c5997ad9a753c99b627,desabastoGasolina,0,Dios ya alcanzaremos a Venezuela,mx,0,0,0,0,0,0,0,0,0,dios ya alcanzaremos a venezuela
060a36ba2312d1a112f0e271f6ba8bac,desabastoGasolina,0,"Nada comparado con lo que se han robado los weyes a los que le les lames las bolas, el calderón y el peña....además diría tu admirado calderón: es daño colateral, inútil",mx,0,0,0,0,0,1,1,0,1,nada comparado con lo que se han robado los weyes a los que le les lames las bolas el calderón y el peña además diría tu admirado calderón es daño colateral inútil
ec64f2edc536f61ffb4ac6464b63df80,desabastoGasolina,0,"@CiroGomezL Este Pizarro n humano, regálaselo AMLO para que ya las calificadoras; PEMEX y CFE ya marchen bien, difícilmente dejarías ir a tu SENSEI, pero hazlo por México",mx,0,0,4,0,0,0,0,0,0,[user] este pizarro n humano regálaselo amlo para que ya las calificadoras pemex y cfe ya marchen bien difícilmente dejarías ir a tu sensei pero hazlo por méxico
e491200dd96e4a9c855e1cda16737253,desabastoGasolina,0,Pues que hoy fui a cargar gasolina y estaba más cara que la rechingada... no veo ningún avance...,mx,0,0,0,0,0,2,2,0,2,pues que hoy fui a cargar gasolina y estaba más cara que la rechingada no veo ningún avance
2e84c595a6438a330261fba230f9beee,desabastoGasolina,0,Que se vaya a la chingada nos quieren regresar a las tiendas de raya,mx,0,0,0,0,0,0,0,0,0,que se vaya a la chingada nos quieren regresar a las tiendas de raya
938a443fad00ccb0d1f541a502147432,desabastoGasolina,0,"Si está disminuyendo el robo a los niveles que publica entonces la respuesta es si, y opino que si. Podría usted  demostrar lo contrario en vez de solo criticar !!!!!",mx,5,0,0,0,0,0,1,0,0,si está disminuyendo el robo a los niveles que publica entonces la respuesta es si y opino que si podría usted demostrar lo contrario en vez de solo criticar
cc2bab7f724e53121611fcb2caec4c77,desabastoGasolina,0,Muy bien y las cartillas para racionamiento de víveres para cuando.,mx,0,0,0,0,0,0,0,0,0,muy bien y las cartillas para racionamiento de víveres para cuando
cdf8137528c8f914924d2fb4f7f35a1f,desabastoGasolina,0,Son puras puñetas mentales las que se hace todas las mañanas,mx,0,0,0,0,0,0,0,0,0,son puras puñetas mentales las que se hace todas las mañanas
bf8ece0c98ab6f70378952eb4c5ac0a8,desabastoGasolina,0,"El racionamiento de gasolina va a durar al menos 6 años a esto sigue escasez de alimentos, medicamentos pero 30 millones votaron por vivir en Mexizuela",mx,0,0,0,0,0,0,0,0,0,el racionamiento de gasolina va a durar al menos 6 años a esto sigue escasez de alimentos medicamentos pero 30 millones votaron por vivir en mexizuela
f0b4a540502dbe760cdca78663650456,desabastoGasolina,0,"en gto sigue el desabasto, por favor hay que seguirle recordando a la gente y al gobierno federal actual por favor una solución al problema",mx,0,0,0,0,0,0,0,0,0,en gto sigue el desabasto por favor hay que seguirle recordando a la gente y al gobierno federal actual por favor una solución al problema
755f03bbe8a33e73e491f36d4d84a6a0,desabastoGasolina,0,Nosotros le sugerimos que mejor deje de ir a remar y se ponga a trabajar para los mexicanos que vivimos en la ciudad deMexico.... ni para justificar las estupideces de su jefecito el peje,mx,0,0,0,0,0,1,1,0,1,nosotros le sugerimos que mejor deje de ir a remar y se ponga a trabajar para los mexicanos que vivimos en la ciudad demexico ni para justificar las estupideces de su jefecito el peje
52e00a909f0c774efc25fec91c6c1a68,desabastoGasolina,0,"No faltará quien te conteste ... que apoco en 80 años de, PRIAN estábamos bien.. 🤦🏻‍♀️",mx,0,0,1,3,0,1,1,0,1,no faltará quien te conteste que apoco en 80 años de prian estábamos bien mujer_con_la_mano_en_la_frente_tono_de_piel_claro
f4ba466360157669ff2dbbe33eabb3bf,desabastoGasolina,0,Con esto acepta y reconoce el desabasto que hay gracias al @GobiernoMX,mx,0,0,0,0,0,0,0,0,0,con esto acepta y reconoce el desabasto que hay gracias al [user]
c626629c2f7534f2c5a2fc3bcea450a6,desabastoGasolina,0,"Jajaja los tendenciosos que ya nomas unos cuantos me gusta, y 18 RT. Ya van a n vida libre, pues ya nadie les cree",mx,0,0,0,0,0,1,0,0,0,jajaja los tendenciosos que ya nomas unos cuantos me gusta y 18 rt ya van a n vida libre pues ya nadie les cree
387b181d9f673615a011607f76761ba8,desabastoGasolina,0,"Con qué crees que están abasteciendo imbécil, fíjate lo que preguntas buey, investigA primero antes de intrigas.",mx,0,0,0,0,0,0,0,0,0,con qué crees que están abasteciendo imbécil fíjate lo que preguntas buey investiga primero antes de intrigas
e6650bb4712713c8c9cb44ec2f8a860c,desabastoGasolina,0,Enorme como siempre @dparamooficial espero que alguien de la cuarta responda a tu pregunta del remate!,mx,1,0,0,0,0,0,0,0,0,enorme como siempre [user] espero que alguien de la cuarta responda a tu pregunta del remate
428421404cb02d74488edd80da5bce49,desabastoGasolina,0,y porque no le hechas la culpa a tú partido que es el causante?,mx,0,1,0,0,0,1,0,0,0,y porque no le hechas la culpa a tú partido que es el causante
8905e0df89d42dc58c1a66ca9169cdcd,desabastoGasolina,0,"Entonces tú sugieres, que estaba bien que robaran los huachiculeros, para que nadie estuviera en problemas, que pendejo eres Pelon, por eso sigues en un noticiero de 6ta, ya no siquiera de 5ta, eres la más bajo, que pueda existir.",mx,0,0,0,0,0,2,0,0,0,entonces tú sugieres que estaba bien que robaran los huachiculeros para que nadie estuviera en problemas que pendejo eres pelon por eso sigues en un noticiero de 6ta ya no siquiera de 5ta eres la más bajo que pueda existir
ce46155591e734860aaf1b64193a2d10,desabastoGasolina,0,Quien perdió? Los gasolineros que vendían huachicol,mx,0,1,0,0,0,0,0,0,0,quien perdió los gasolineros que vendían huachicol
3233080f7458c76ce5766c7276e13c20,desabastoGasolina,0,Y el ieps sobrante???,mx,0,3,0,0,0,0,1,0,0,y el ieps sobrante
c57f3ebdcf2c3f344f05fa2bd5796a70,desabastoGasolina,0,En GDL la magna a $21 y la premium casi llega a $ 23,mx,0,0,1,0,0,0,0,0,0,en gdl la magna a 21 y la premium casi llega a 23
c9fe58b33b9ee67b4f6a46ecd953e175,desabastoGasolina,0,"Es su modus operandi, quieren normalizar el racionamiento, las consultas, y demás métodos aprendidos de Cuba y Venezuela. Buenos maestros se buscaron...",mx,0,0,0,0,0,0,1,0,1,es su modus operandi quieren normalizar el racionamiento las consultas y demás métodos aprendidos de cuba y venezuela buenos maestros se buscaron
f24db65bd11b9d98077e93f90c34c308,desabastoGasolina,0,Pregunta. Es legalmente posible obligar a alguien a adquirir un servicio el día que tú le indiques?,mx,0,1,0,0,0,0,0,0,0,pregunta es legalmente posible obligar a alguien a adquirir un servicio el día que tú le indiques
ed618ddee3ed139c967d1f433f29aca0,desabastoGasolina,0,Le creeré hasta que los huachicoleros de cuello blanco los alcance la justicia.,mx,0,0,0,0,0,0,0,0,0,le creeré hasta que los huachicoleros de cuello blanco los alcance la justicia
d0dd38e4cd2cf32d0527018a3099349a,desabastoGasolina,0,Está pero bien tonto.,mx,0,0,0,0,0,0,0,0,0,está pero bien tonto
0cc7d5c75415509e29c06601b65e298e,desabastoGasolina,0,"No olvidemos que se está combatiendo al ROBO de combustible, que dejaba pérdidas incalculables!",mx,1,0,1,0,0,1,0,0,0,no olvidemos que se está combatiendo al robo de combustible que dejaba pérdidas incalculables
3a59bde28364419bd184980dfe34d137,desabastoGasolina,0,Perdón yo no comprendo!!,mx,2,0,0,0,0,1,0,0,0,perdón yo no comprendo
76130c73b8c215d4734932b334a923c8,desabastoGasolina,0,"Es una farsante y mentirosa, no que aquí no había desabasto?",mx,0,1,0,0,0,2,0,0,0,es una farsante y mentirosa no que aquí no había desabasto
d9a55c43c9ed8706b4fbfd3d40b88df2,desabastoGasolina,0,¿Y para cuando tarjetas para surtir la despensa?,mx,0,2,0,0,0,0,0,0,0,y para cuando tarjetas para surtir la despensa
657f4b9d04fe6872d8658da7ab024472,desabastoGasolina,0,La respuesta es muy simple imbecil ¡ las necesitamos para que no se reactive el huachicol que tu y los comentocratas apoyan..te quefo claro ?,mx,1,1,0,0,0,1,0,0,0,la respuesta es muy simple imbecil las necesitamos para que no se reactive el huachicol que tu y los comentocratas apoyan te quefo claro
aab3765966dd7c9b484a78a564b4753e,desabastoGasolina,0,Que este viejito no entiende nada de nada,mx,0,0,0,0,0,3,0,0,0,que este viejito no entiende nada de nada
a3ff723de766f153700e9225f1b83804,desabastoGasolina,0,Y los grandes nombres que estaban saqueando a Pemex dónde están???? O también los perdono con una pena Moral!!!! Pactos políticos por eso ahora el PRIMOR es la unión de lo mismo.,mx,4,4,1,0,0,0,2,0,0,y los grandes nombres que estaban saqueando a pemex dónde están o también los perdono con una pena moral pactos políticos por eso ahora el primor es la unión de lo mismo
aeac76789497b752a18bec9e9d239240,desabastoGasolina,0,Sería más chido ver que baje el robo en el transporte público y las extorsiones a los comerciantes.,mx,0,0,0,0,0,0,0,0,0,sería más chido ver que baje el robo en el transporte público y las extorsiones a los comerciantes
aba3c3f5b7e5070f1452a94c267eb720,desabastoGasolina,0,"No creo, son puras habladas del combate al robo de gasolina, ahora cuesta $19.99 litro de Magna.",mx,0,0,0,0,0,1,0,0,0,no creo son puras habladas del combate al robo de gasolina ahora cuesta 19 99 litro de magna
c409b009bbfafce95fa2e4c5e3f20367,desabastoGasolina,0,Ya se va a institucionalizar el desabasto?,mx,0,1,0,0,0,0,0,0,0,ya se va a institucionalizar el desabasto
b0e4205588745ff065c7375fb1da46c2,desabastoGasolina,0,"no seas ignorante,  y quieras justificar al gobierno su ineptitud criticando a los anteriores gobiernos nefastos",mx,0,0,0,0,0,1,0,0,0,no seas ignorante y quieras justificar al gobierno su ineptitud criticando a los anteriores gobiernos nefastos
373af8f3671e92f207ee384fd7c87dbc,desabastoGasolina,0,Pues que vaya y chingue a su madre. Inepta igual que López.,mx,0,0,0,0,0,0,0,0,0,pues que vaya y chingue a su madre inepta igual que lópez
0f6dfa4cdcd56ec071b48e1451a78672,desabastoGasolina,0,"Si en cuanto al robo de combustible, solo que ahora los delincuentes estan cometiendo otros delitos, no esta sencillo el asunto",mx,0,0,0,0,0,1,0,0,0,si en cuanto al robo de combustible solo que ahora los delincuentes estan cometiendo otros delitos no esta sencillo el asunto
a51dedae322fd2d71a0805e1f6e80795,desabastoGasolina,0,"Mentira, ahora se dedican a robar pipas",mx,0,0,0,0,0,0,0,0,0,mentira ahora se dedican a robar pipas
ee820b1d86d0d3656748c7e7fb60ff46,desabastoGasolina,0,Falta mucho por combatir y no será pronto ni fácil Pero siempre el primer paso es importante,mx,0,0,0,0,0,2,0,0,0,falta mucho por combatir y no será pronto ni fácil pero siempre el primer paso es importante
ae69b9f282fd72e0b3598e7a884d15dd,desabastoGasolina,0,"El cirito y su gorila ya dan hueva, no creen?",mx,0,1,0,0,0,1,0,0,0,el cirito y su gorila ya dan hueva no creen
e898032f894b18dc396f059e7acb7f3b,desabastoGasolina,0,"En otras palaras, el #DesabastoDeGasolina pinta para ser permanente. Ni #Chávez ni @NicolasMaduro fueron tan efectivos para instaurar la escasez",mx,0,0,0,0,0,2,0,0,0,en otras palaras el desabastodegasolina pinta para ser permanente ni chávez ni [user] fueron tan efectivos para instaurar la escasez
08b64c5af7e4a6c8e706946476775d87,desabastoGasolina,0,"Sublime tontería, esa señora cada día despierta con una tontería nueva",mx,0,0,0,0,0,0,0,0,0,sublime tontería esa señora cada día despierta con una tontería nueva
9a9baa3f765ddfe4c640fc5cef6a0cac,desabastoGasolina,0,Algún venezolano o cubano con conocimiento de causa que quiera aportar su experiencia de al así en su país?,mx,0,1,0,0,0,0,0,0,0,algún venezolano o cubano con conocimiento de causa que quiera aportar su experiencia de al así en su país
832a97afb53726cc79eed632b2670c4f,desabastoGasolina,0,"porque no a caido ninguna cabeza importante de estos delincuentes, bueno tampoco de ningun corrupto. y el.Mesias dice que hay muchos. Pero no  caen!!!!!!",mx,6,0,0,0,0,5,1,0,0,porque no a caido ninguna cabeza importante de estos delincuentes bueno tampoco de ningun corrupto y el mesias dice que hay muchos pero no caen
43d5754fa9f37b1e5bf6ddfcb0ab2a7b,desabastoGasolina,0,"Terrible, triste y vergonzoso. Debería exigir al Gobierno Federal  en nombre de la ciudad una solución.",mx,0,0,0,0,0,0,0,0,0,terrible triste y vergonzoso debería exigir al gobierno federal en nombre de la ciudad una solución
6199334e38fdee9fd4bdb108b586308c,desabastoGasolina,0,Que miente con todo y amlovers el pejejete,mx,0,0,0,0,0,0,0,0,0,que miente con todo y amlovers el pejejete
ec2c5f56d2002c52b945b88cf71c0827,desabastoGasolina,0,Son parte sel show  mediático  las pipas ...que más.,mx,0,0,0,0,0,0,1,0,1,son parte sel show mediático las pipas que más
5ea99e86913bd4520fa355d9846a7780,desabastoGasolina,0,No le creo nada,mx,0,0,0,0,0,2,0,0,0,no le creo nada
e301918fa11770f13a770d42172852cc,desabastoGasolina,0,Déjense de ocurrencias y hagan su trabajo,mx,0,0,0,0,0,0,0,0,0,déjense de ocurrencias y hagan su trabajo
d8c3904212378f4ac70fdb0f171f63b8,divorcioEPN,1,Jijijiji una novela mas sin exito,mx,0,0,0,0,0,1,0,0,0,jijijiji una novela mas sin exito
33d558e5b74cdc1e14b502b5a83ab9a8,divorcioEPN,1,POBRECITA QUEDÓ 💷💵💶💳🏂🏄🌍🌎🌏🛀💰📈🍷☕🍸⛪🏰🗽🌃🗼⛵🚘 DESHECHA...,mx,0,0,3,22,0,0,1,0,1,pobrecita quedó billete_de_libra billete_de_dólar billete_de_euro tarjeta_de_crédito practicante_de_snowboard persona_haciendo_surf globo_terráqueo_mostrando_europa_y_áfrica globo_terráqueo_mostrando_américa globo_terráqueo_mostrando_asia_y_australia persona_en_la_bañera bolsa_de_dinero gráfica_de_evolución_ascendente copa_de_vino bebida_caliente copa_de_cóctel iglesia castillo_europeo estatua_de_la_libertad noche_estrellada torre_de_tokio velero coche_próximo deshecha
311f6dd1a6fc4a7a20c9e7e0e95b73c8,divorcioEPN,1,Se acabo el am...interés y juventud mata cachete,mx,0,0,0,0,0,0,1,0,1,se acabo el am interés y juventud mata cachete
bd48ad7a56e18028bbc0f320c45e3a82,divorcioEPN,1,"Y los costos del divorcio, ¿también serán con cargo al erario público?",mx,0,2,0,0,0,0,0,0,0,y los costos del divorcio también serán con cargo al erario público
9f1e78f4a60b9ca75c5b864c46a8c652,divorcioEPN,1,¡Esta noticia me toma x sorpresa! 😂😂😂😂😂😂😂,mx,2,0,0,7,0,0,1,0,0,esta noticia me toma x sorpresa cara_llorando_de_risa cara_llorando_de_risa cara_llorando_de_risa cara_llorando_de_risa cara_llorando_de_risa cara_llorando_de_risa cara_llorando_de_risa
7bc265175f2e4cd5ec38f9524d89cbdb,divorcioEPN,1,Nooooooo!!! Netaaaa!?? No la veíamos venir! Jajajajajaja,mx,5,2,0,0,0,1,3,0,0,noo netaa no la veíamos venir jajajajajaja
1a5db9dcb295c0d70411e11fde61bc76,divorcioEPN,1,Se acaba la chamba y se le fue el amor,mx,0,0,0,0,0,0,0,0,0,se acaba la chamba y se le fue el amor
4bee2ba00fcb7da56d22f021b698c7ca,divorcioEPN,1,Woow nadie se lo esperaba. 🙄,mx,0,0,0,1,0,1,0,0,0,woow nadie se lo esperaba cara_con_ojos_en_blanco
fb6855867b23ecdeb749c9871e82f66d,divorcioEPN,1,Cuando no quieres regalarle nada en San Valentín,mx,0,0,0,0,0,2,0,0,0,cuando no quieres regalarle nada en san valentín
ea857b9fb674ef79cd1eb6aab315eab4,divorcioEPN,1,De seguro no supo que regalarle el 14,mx,0,0,0,0,0,1,0,0,0,de seguro no supo que regalarle el 14
8af331dab11feeee38653326514b5caa,divorcioEPN,1,"Que bueno que nos informan, porque estábamos bien preocupados😂  Ojalá ambos reflexionen y regresen; pero lo que se robaron!!😂",mx,2,0,0,2,0,0,0,0,0,que bueno que nos informan porque estábamos bien preocupados cara_llorando_de_risa ojalá ambos reflexionen y regresen pero lo que se robaron cara_llorando_de_risa
a72f77354e6a088e0b13ee62dd43f448,divorcioEPN,1,Estábamos con el pendiente,mx,0,0,0,0,0,0,0,0,0,estábamos con el pendiente
eb7aa2af85921f972dd28dad31aaa7ba,divorcioEPN,1,Si como  no el contrato venció 😂,mx,0,0,0,1,0,1,0,0,0,si como no el contrato venció cara_llorando_de_risa
19cb4e3f0185877fef2899d9ef5991a5,divorcioEPN,1,"No sé acabó el amor, se le acabó su millonario contrato",mx,0,0,0,0,0,1,0,0,0,no sé acabó el amor se le acabó su millonario contrato
802827c6cb7753e9438ca138c8c3facb,divorcioEPN,1,Jajajaj. No es nuevo jajajaj,mx,0,0,0,0,0,1,0,0,0,jajajaj no es nuevo jajajaj
0b175928304f9d6abfe6a644734ad51a,divorcioEPN,1,Mas bien se le acabo el contrato nupcial presidencial,mx,0,0,0,0,0,0,0,0,0,mas bien se le acabo el contrato nupcial presidencial
704c073a8c518b618859a04526428db9,divorcioEPN,1,"No era un matrimonio,era una SA de CV.",mx,0,0,0,0,0,1,0,0,0,no era un matrimonio era una sa de cv
bd6c19b42cff602f7e343710eb656105,divorcioEPN,1,😂😂😂😂😂😂😂😂😂😂😂😂😂 se termina el contrato y la actuación,mx,0,0,0,13,0,0,1,0,0,cara_llorando_de_risa cara_llorando_de_risa cara_llorando_de_risa cara_llorando_de_risa cara_llorando_de_risa cara_llorando_de_risa cara_llorando_de_risa cara_llorando_de_risa cara_llorando_de_risa cara_llorando_de_risa cara_llorando_de_risa cara_llorando_de_risa cara_llorando_de_risa se termina el contrato y la actuación
409d85f5ef105a607b154fb0e8dccdc3,divorcioEPN,1,🤔 ... o sea como que el contrato de exclusividad se terminó... lo normal no?,mx,0,1,0,1,0,1,2,0,2,cara_pensativa o sea como que el contrato de exclusividad se terminó lo normal no
1f0d75d5566bc8a06b9a6e126c171c85,divorcioEPN,1,¿Cual novela?- Lo que se terminó fue el contrato....,mx,0,2,0,0,0,0,1,0,1,cual novela lo que se terminó fue el contrato
b882bf39263e9ccae62a5743315d64c5,divorcioEPN,1,¿ #NOTICIA ?  Como si a la población le importara ese bodrio.,mx,0,2,1,0,0,0,0,0,0,noticia como si a la población le importara ese bodrio
982901d2be17d77eaf23991523183b51,divorcioEPN,1,Pues nada..... como su presidencia todo fue una simulación LOL,mx,0,0,1,0,1,1,1,0,1,pues nada como su presidencia todo fue una simulación lol
096bcf34259911cfdda600e36a2b59fe,divorcioEPN,1,"Esta novela se llamó: La Gaviota Casa Blanca, una novela de amor, ""pobreza"" y traición",mx,0,0,0,0,0,0,0,2,0,esta novela se llamó la gaviota casa blanca una novela de amor pobreza y traición
43738c09333385171e428fc80506e8b7,divorcioEPN,1,"Con razón estaba yo que ni quería comer de la méndiga angustia, de no saber qué pedo con la “pinchi” telenovela de #3erMundo #Mexico",mx,0,0,0,0,0,2,0,2,0,con razón estaba yo que ni quería comer de la méndiga angustia de no saber qué pedo con la pinchi telenovela de 3ermundo mexico
92cf7060bdc1f8d23f348c5976e29193,divorcioEPN,1,"No decidió divorciarse, TELEVISA no le renovó el contrato. 😂",mx,0,0,1,1,0,2,0,0,0,no decidió divorciarse televisa no le renovó el contrato cara_llorando_de_risa
9a1c74f0e75a221b529f336156d78245,divorcioEPN,1,"Jajajajaj se le acabó la chichi, el huachicol, la marmaja, Ch vieja.",mx,0,0,0,0,0,0,0,0,0,jajajajaj se le acabó la chichi el huachicol la marmaja ch vieja
ac3943c0f72e38b51b8bbf2d2b1d9a7f,divorcioEPN,1,Muy digna ella que tomó la decisión jajaja,mx,0,0,0,0,0,0,0,0,0,muy digna ella que tomó la decisión jajaja
207926bc369d4612d10610ec7a8ad6e8,divorcioEPN,1,Buscará a un productor soltero??? Plop!!,mx,2,3,0,0,0,0,1,0,0,buscará a un productor soltero plop
5f3fb8aee29522e480686e49fabd4a56,divorcioEPN,1,"Que Pena! No lo imaginabamos! Es que se veían tan enamorados 😍 Peña ha de estar muy triste, pobre.... 😭",mx,2,0,0,2,0,1,1,0,1,que pena no lo imaginabamos es que se veían tan enamorados cara_sonriendo_con_ojos_de_corazón peña ha de estar muy triste pobre cara_llorando_fuerte
ad5c464e3f8a6dc11a6e80da55485c06,divorcioEPN,1,Se quedara con la mitad de todo lo que Robo @EPN ?,mx,0,1,1,0,0,0,0,0,0,se quedara con la mitad de todo lo que robo [user]
b46327f22d620d6995abfe1a23764053,divorcioEPN,1,"Terminó la novela llamada ""hasta que el sexenio nos alcance""",mx,0,0,0,0,0,0,0,2,0,terminó la novela llamada hasta que el sexenio nos alcance
c18b3528607738af282b6b19efdd178e,divorcioEPN,1,Al rato AMLO dirá que lo hacen sólo para robarle su show,mx,0,0,1,0,0,0,0,0,0,al rato amlo dirá que lo hacen sólo para robarle su show
96666ed0474d781d47a505e1cf0a8b8f,divorcioEPN,1,Tomo la decision? Si lord pena ya se andaba pedaleando otra bicicleta más joven,mx,0,1,0,0,0,0,0,0,0,tomo la decision si lord pena ya se andaba pedaleando otra bicicleta más joven
7dfba6d65973c3e2237a49aac8dfa8ca,divorcioEPN,1,Acabó la novela y por lo tanto el papel para el que fue contratada y por el qué cobró bastante bien.,mx,0,0,0,0,0,0,0,0,0,acabó la novela y por lo tanto el papel para el que fue contratada y por el qué cobró bastante bien
886c1a2f9bcd8e3cc260926bdca8eaa1,divorcioEPN,1,"Naaa, en serio, a poco es la nueva noticia. No mamen a estas alturas y dando esas disque ""noticias"".",mx,0,0,0,0,0,1,1,2,0,naa en serio a poco es la nueva noticia no mamen a estas alturas y dando esas disque noticias
a5ef469911413ce3c0806b15225e278c,divorcioEPN,1,No puede ser. Yo creí que el amor puro si existía.,mx,0,0,0,0,0,1,0,0,0,no puede ser yo creí que el amor puro si existía
591b2a735567f1f9081b6c343c44d149,divorcioEPN,1,"Jajaja y todavía lo anuncia, eso ya se sabía desde hace 6 años",mx,0,0,0,0,0,0,0,0,0,jajaja y todavía lo anuncia eso ya se sabía desde hace 6 años
e44284bea2f144f40250313bb9577b22,divorcioEPN,1,No mames! El emperador peña ha de estar devastado.,mx,1,0,0,0,0,1,0,0,0,no mames el emperador peña ha de estar devastado
7bc62f5fa0772ba48d87e37e5d48d7e6,divorcioEPN,1,no hay segunda temporada?,mx,0,1,0,0,0,1,0,0,0,no hay segunda temporada
9d081e5b1ea4265fd4b63f90337dc578,divorcioEPN,1,Qué noticia tan sorprendente 🙄 más falsa la gaviota!,mx,1,0,0,1,0,0,0,0,0,qué noticia tan sorprendente cara_con_ojos_en_blanco más falsa la gaviota
ae67a7ed9cd628d2a67ad29a22f5a68a,divorcioEPN,1,Ya no tiene de que va a comer la gaviota,mx,0,0,0,0,0,1,0,0,0,ya no tiene de que va a comer la gaviota
7c4adb7f82a3b7fb1ca13583cc285afc,divorcioEPN,1,"Wooo... que novedad,quien hubiera esperado eso cierren todas las prensa para esta tan importante noticia 😓🤦‍♂️😂😂",mx,0,0,0,5,0,0,2,0,1,woo que novedad quien hubiera esperado eso cierren todas las prensa para esta tan importante noticia cara_con_sudor_frío hombre_con_la_mano_en_la_frente cara_llorando_de_risa cara_llorando_de_risa
652b28ec348e6f9d9aeaf8ff6454c138,divorcioEPN,1,"Y conste que no tuvo nada que ver la mamá de Lucerito, #pobreMijares.",mx,0,0,0,0,0,2,0,0,0,y conste que no tuvo nada que ver la mamá de lucerito pobremijares
d27b4b18b01be1f5d4200d5401cb962b,divorcioEPN,1,"Santo Dios!!!!! Me tiene con un pendiente y taaaaaan sorprendida... jamás lo esperé. Se les veía taaaaaaan enamorados. Como su telenovela de gaviota, ""destilando amor"". Deben estar bieeeeeen tristes ambos. Qué farsa!!!!!!!!!!!!!!",mx,19,0,0,0,0,1,6,2,1,santo dios me tiene con un pendiente y taan sorprendida jamás lo esperé se les veía taan enamorados como su telenovela de gaviota destilando amor deben estar bieen tristes ambos qué farsa
eef0a250e1781557d68302d3bbfdfe3b,divorcioEPN,1,"Hay nooooo, de veeeeras como son tú 🤪🤪🤪🤪🤪🤪🤪",mx,0,0,0,7,0,0,3,0,0,hay noo de veeras como son tú cara_de_loco cara_de_loco cara_de_loco cara_de_loco cara_de_loco cara_de_loco cara_de_loco
8acfa3aca19f535a2ad1b3b904319d51,divorcioEPN,1,"Y hablando de autos deportivos y de carrocerías. Este Quíquirrín si que sabe hacer negocios. Se terminó el ""Leasing"" y optó por no ejercer la opción de compra. El valor residual era muy bajo. Optó por renovar el contrato pero por un modelo más reciente.  🚗🚘 😂😂😂",mx,0,0,0,5,0,1,1,2,0,y hablando de autos deportivos y de carrocerías este quíquirrín si que sabe hacer negocios se terminó el leasing y optó por no ejercer la opción de compra el valor residual era muy bajo optó por renovar el contrato pero por un modelo más reciente coche coche_próximo cara_llorando_de_risa cara_llorando_de_risa cara_llorando_de_risa
dfd05ab9aeb3d2ed3c59bdc69be1fa07,divorcioEPN,0,Ya se acabó la telenovela Doña Patrañas,mx,0,0,0,0,0,0,0,0,0,ya se acabó la telenovela doña patrañas
e509268a1e4675b37485c9bb59edce14,divorcioEPN,0,Uno de los contratos más caros en la historia del pueblo mexicano... HDSPM,mx,0,0,1,0,0,0,1,0,1,uno de los contratos más caros en la historia del pueblo mexicano hdspm
eae540bc569dfdc20e1888a72bfde1f0,divorcioEPN,0,"Angélica ya se ganó su buen dinerito, es actriz y las 6 temporadas que se aventó y actuó le valió para asegurar su futuro. Bien por ella, finalmente es su trabajo.",mx,0,0,0,0,0,0,0,0,0,angélica ya se ganó su buen dinerito es actriz y las 6 temporadas que se aventó y actuó le valió para asegurar su futuro bien por ella finalmente es su trabajo
948746d639ae5d0f5024eb89f22a77c8,divorcioEPN,0,Era obvio que finalizado el mandato se divorciara. Ya es libre,mx,0,0,0,0,0,0,0,0,0,era obvio que finalizado el mandato se divorciara ya es libre
4a95006ee9048ca52c2ec5107e5459b0,divorcioEPN,0,"Uy! Nos tenía rete preocupados. Ni podíamos dormir. ¿Para qué le dan espacio a esta vieja nalgas guangas? Que se pinte de colores, pero no sin antes que regrese los cuadros y cosas valiosas que faltan en Los Pinos. Hasta el perico se llevó. Qué vulgar ratera.",mx,1,2,0,0,0,3,0,0,0,uy nos tenía rete preocupados ni podíamos dormir para qué le dan espacio a esta vieja nalgas guangas que se pinte de colores pero no sin antes que regrese los cuadros y cosas valiosas que faltan en los pinos hasta el perico se llevó qué vulgar ratera
8d90af154123e57cafa8ad54ac173907,divorcioEPN,0,"Era un CONTRATO CIVIL SEXENAL... Es válido en la Ley, todos ganaron lo acordado (EPN, Angélica y Telerisa).",mx,0,0,4,0,0,0,1,0,1,era un contrato civil sexenal es válido en la ley todos ganaron lo acordado epn angélica y telerisa
1ccc43da812d2ed1206c47d1e53120c1,divorcioEPN,0,estos dos deben ir a la cárcel no es posible tanta corrupción e impunidad,mx,0,0,0,0,0,1,0,0,0,estos dos deben ir a la cárcel no es posible tanta corrupción e impunidad
f8728c43baaffd2e6d880defd45b9c40,divorcioEPN,0,6 añoss de telenovela tristee para el pais .triste.porq a dolido y se an perdido 6 años.,mx,0,0,0,0,0,0,0,0,0,6 añoss de telenovela tristee para el pais triste porq a dolido y se an perdido 6 años
3b901933654c79a58ce09d2a80d5e19f,divorcioEPN,0,Se acabó el contrato televisivo,mx,0,0,0,0,0,0,0,0,0,se acabó el contrato televisivo
8b15c222a0ba6f821f2d875979cb8c56,divorcioEPN,0,Deveras que Cómo la Cagas milenio .. como es que públicas esas pendejadas de ese par de Ratas !!! No cabe la menor duda de que eres parte del mismo BASURERO !!!,mx,6,0,1,0,0,1,2,0,0,deveras que cómo la cagas milenio como es que públicas esas pendejadas de ese par de ratas no cabe la menor duda de que eres parte del mismo basurero
6232213cd7e6af7616bcab497f0e31ad,divorcioEPN,0,YA SE FORRO DE DINERO DURANTE EL PERIODO @EPN,mx,0,0,5,0,0,0,0,0,0,ya se forro de dinero durante el periodo [user]
15106863ff3a71f8d44be98597c096ab,divorcioEPN,0,"No hubo tal nulidad. Por qué crees que vetaron a la Vero Castro de las principales televisoras mexicanas? Porque declaró que no hubo nulidad en el matrimonio de su hermano y la gaviota. Que lo transmitido por tv fue una farsa, solo una misa de bendición.",mx,0,1,0,0,0,2,0,0,0,no hubo tal nulidad por qué crees que vetaron a la vero castro de las principales televisoras mexicanas porque declaró que no hubo nulidad en el matrimonio de su hermano y la gaviota que lo transmitido por tv fue una farsa solo una misa de bendición
1bfd6d7e145eefc5761d7ed30ac9cb52,divorcioEPN,0,Un sexenio que pagamos muy caro por una mujer que vendió su amor .pero el poeta Jaime Sabines dijo canonizemos alas putas,mx,0,0,0,0,0,0,0,0,0,un sexenio que pagamos muy caro por una mujer que vendió su amor pero el poeta jaime sabines dijo canonizemos alas putas
1084d0eaad471470eb45dde5e555e932,divorcioEPN,0,"Q pena el tan guapo, no tardará en encontrar otra pareja",mx,0,0,0,0,0,1,0,0,0,q pena el tan guapo no tardará en encontrar otra pareja
3c4be77a5d7255fbbfd285442b0f605d,divorcioEPN,0,Historia sabida soy chilena y esto fue un mero contrato mejor devuelvan las obras de arte que robaron al pueblo mexicano!,mx,1,0,0,0,0,0,0,0,0,historia sabida soy chilena y esto fue un mero contrato mejor devuelvan las obras de arte que robaron al pueblo mexicano
d43fe9fd85db5a27df54e4fca5573343,divorcioEPN,0,Todos sabían que solo era un amor fingido para engañar a los bobos y que votarán por EPN,mx,0,0,1,0,0,0,0,0,0,todos sabían que solo era un amor fingido para engañar a los bobos y que votarán por epn
2be0435a99b27e9df84b5f7cbf6d8795,divorcioEPN,0,"por lo que se preocupan, deberían estar alerta por el vergo de millones que cada uno se echo a la bolsas. pero menos mal que ya no vivien en un mundo de telenovela, el mexicano come, trabaja, tiene educación, salud, seguridad, techo etc eso que no te lo roben!! lo demás ALV!!!",mx,5,0,1,0,0,2,1,0,0,por lo que se preocupan deberían estar alerta por el vergo de millones que cada uno se echo a la bolsas pero menos mal que ya no vivien en un mundo de telenovela el mexicano come trabaja tiene educación salud seguridad techo etc eso que no te lo roben lo demás alv
bcd9fbefde5fc3110309be784444b527,divorcioEPN,0,"Más falso ese matrimonio que la existencia de los Reyes Magos, sabíamos que finalizando el mandato de Lord Peña se divorciaban. Total, después de despilfarrar el dinero, manteniendo a sus hijas y su buen ahorro la Sra ""Gaviota"" saldría volando con todo lo robado.",mx,0,0,0,0,0,0,0,2,0,más falso ese matrimonio que la existencia de los reyes magos sabíamos que finalizando el mandato de lord peña se divorciaban total después de despilfarrar el dinero manteniendo a sus hijas y su buen ahorro la sra gaviota saldría volando con todo lo robado
56cfd7ac952290f502d591d316a1e5b9,divorcioEPN,0,Por si quedaba la duda del catálogo de Televisa y el circo para ganar la presidencia.,mx,0,0,0,0,0,0,0,0,0,por si quedaba la duda del catálogo de televisa y el circo para ganar la presidencia
67d1b5ebce587e2c12d592f3798f745c,divorcioEPN,0,Que novedad  y costo mucho su cuento sexsenal,mx,0,0,0,0,0,0,0,0,0,que novedad y costo mucho su cuento sexsenal
15d163808ab5b50b382e946239d59a5e,divorcioEPN,0,Y ya se lo aprobó Televisa,mx,0,0,0,0,0,0,0,0,0,y ya se lo aprobó televisa
433a44b1a4b643c93d79642eb6ae4d02,divorcioEPN,0,"Jaja, no tiene que dar explicaciones, sabemos perfectamente que su matrimonio, fue un negocio redondo para ambos, pero me da lástima de verdad, como ya no le  convendrá quedarse con el Peña, prefiere volar.",mx,0,0,0,0,1,2,0,0,0,jaja no tiene que dar explicaciones sabemos perfectamente que su matrimonio fue un negocio redondo para ambos pero me da lástima de verdad como ya no le convendrá quedarse con el peña prefiere volar
cafe9e557b6dfec508afd9a0b2bfe55c,divorcioEPN,0,"De éste convenio hecho al término de la administración, pregunto: estaba enterada la Iglesia ? Pues fue quien intervino para ""arreglar"" la declaratoria de nulidad de la validez del matrimonio celebrado de La Gaviota con su anterior pareja ? Luego entonces: fue válido el matrimon",mx,0,2,0,0,0,0,0,2,0,de éste convenio hecho al término de la administración pregunto estaba enterada la iglesia pues fue quien intervino para arreglar la declaratoria de nulidad de la validez del matrimonio celebrado de la gaviota con su anterior pareja luego entonces fue válido el matrimon
891e4004c4ec108d45ce12377d29275e,divorcioEPN,0,Pues fíjate que si nos importa porque el costo de sus nalgas fue y es por nuestra cuenta,mx,0,0,0,0,0,0,0,0,0,pues fíjate que si nos importa porque el costo de sus nalgas fue y es por nuestra cuenta
d0eaa07c0ae98b859ada27116fb98e74,divorcioEPN,0,Jajajaja debieron firmar la cancelación del contrato el 2 de diciembre!!! Porque nos hacemos pendejos!,mx,4,0,0,0,0,0,1,0,0,jajajaja debieron firmar la cancelación del contrato el 2 de diciembre porque nos hacemos pendejos
32279ab6907bd83927b49ec146e7de8a,divorcioEPN,0,"Ninguna sorpresa, toda una farsa",mx,0,0,0,0,0,1,0,0,0,ninguna sorpresa toda una farsa
a773d3e96de0633617a1dc09d2919e81,divorcioEPN,0,Se tuvo que aguantar todo el sexenio,mx,0,0,0,0,0,0,0,0,0,se tuvo que aguantar todo el sexenio
9e85fa0f3e8b9cd73b55c93d52686c93,divorcioEPN,0,"Ese tema es irrelevante, lo que nos interesa saber es dónde dejaste todos los muebles, pinturas, cubiertos, etc. etc. Que se llevaron de los pinos.",mx,0,0,0,0,0,0,0,0,0,ese tema es irrelevante lo que nos interesa saber es dónde dejaste todos los muebles pinturas cubiertos etc etc que se llevaron de los pinos
1155625aa13071e1ce34676e84e603ef,divorcioEPN,0,"Por fin, uno de los matrimonios más falsos que he visto es la vida pública de nuestros gobernantes.",mx,0,0,0,0,0,0,0,0,0,por fin uno de los matrimonios más falsos que he visto es la vida pública de nuestros gobernantes
1b842b7a4d68e4239819b1164ee780e7,divorcioEPN,0,Los que opinan tan grosero de una mujer no han de tener madre ni hermanas ni hijas! O alguien tiene el contrato donde haya ese acuerdo?  Cuiden su lenguaje,mx,1,1,0,0,0,3,0,0,0,los que opinan tan grosero de una mujer no han de tener madre ni hermanas ni hijas o alguien tiene el contrato donde haya ese acuerdo cuiden su lenguaje
3bc4b2c30b743fe12ccdb8c09a4a555d,divorcioEPN,0,"Pero si lo supimos desde el que peña estaba en campaña que su ""matrimonio"" fue parte de la mercadotecnia de televisa",mx,0,0,0,0,0,0,0,2,0,pero si lo supimos desde el que peña estaba en campaña que su matrimonio fue parte de la mercadotecnia de televisa
2b70e5fd4e6657af2d4f54393563fba5,divorcioEPN,0,"se separan las ratas, fin de la telenovela",mx,0,0,0,0,0,0,0,0,0,se separan las ratas fin de la telenovela
3a6497a5454f71cae202e95b5d29ec91,divorcioEPN,0,"Jajaja, y como siempre mandaron a la babosa gaviota a informar como en lo de la casa blanca, que oso! Y que humillante, bueno al fin y al cabo ésta y su prole ya ni vergüenza tienen @sofia_96castr",mx,1,0,0,0,0,1,0,0,0,jajaja y como siempre mandaron a la babosa gaviota a informar como en lo de la casa blanca que oso y que humillante bueno al fin y al cabo ésta y su prole ya ni vergüenza tienen [user]
21031a257cdc08c148b7af7b40cbd311,divorcioEPN,0,No manchen esto no es noticia creo a los que les interesaría a los involucrados no a la población. Esto es solo basura.,mx,0,0,0,0,0,3,0,0,0,no manchen esto no es noticia creo a los que les interesaría a los involucrados no a la población esto es solo basura
6e0d6355f574a783031d257bee2468e4,divorcioEPN,0,Ahora quién será el que se anime a contratar a la scort sexenal @AngelicaROfic ?,mx,0,1,0,0,0,0,0,0,0,ahora quién será el que se anime a contratar a la scort sexenal [user]
fab4cb5da6ed7297a7661d332604463a,divorcioEPN,0,"Chismosa gente, déjenlos en paz.",mx,0,0,0,0,0,0,0,0,0,chismosa gente déjenlos en paz
50b4c2fd0224edac98cbdb3d8a17262b,divorcioEPN,0,"De ""Peña"" ajena  Lo más simpático es que Armando Hinojosa,su padrino; fue el principal benefactor del PAN  Pero bueno, seguirán ignorando la relación PRI-PAN los que se enfocan buscarle errores al Peje que si por su Jetta o sus zapatos",mx,0,0,3,0,0,0,0,2,0,de peña ajena lo más simpático es que armando hinojosa su padrino fue el principal benefactor del pan pero bueno seguirán ignorando la relación pri pan los que se enfocan buscarle errores al peje que si por su jetta o sus zapatos
44143a0ab7d1e0e40c7ab1df22f6799a,divorcioEPN,0,Salio cara la renta!,mx,1,0,0,0,0,0,0,0,0,salio cara la renta
65106f4bc8d1844a0fca2ecf4d062d6a,divorcioEPN,0,Jajajajaja Ya No es Presidente!! 🤣😂🤣,mx,2,0,0,3,0,1,0,0,0,jajajajaja ya no es presidente cara_revolviéndose_de_la_risa cara_llorando_de_risa cara_revolviéndose_de_la_risa
9ac421bd89a40c4cb0ffd60af1f76136,divorcioEPN,0,Se acabó la novela de seis años. 😂😂,mx,0,0,0,2,0,0,0,0,0,se acabó la novela de seis años cara_llorando_de_risa cara_llorando_de_risa
5e423d8bf8b8cca80306ad24cfc79070,divorcioEPN,0,Finalizó el contrato que tenían pactado,mx,0,0,0,0,0,0,0,0,0,finalizó el contrato que tenían pactado
f36779729fa2ceeaf6fbc5129a73ad9c,divorcioEPN,0,"Que le baje todo el dinero robado y las propiedades, como la francesa a la rata dé Montiel",mx,0,0,0,0,0,0,0,0,0,que le baje todo el dinero robado y las propiedades como la francesa a la rata dé montiel
69173b819e173f962cd7822db4597e38,divorcioEPN,0,"En diciembre casualmente 😒, di la palabra mágica Reforma: contrato!",mx,1,0,0,1,0,0,0,0,0,en diciembre casualmente cara_de_desaprobación di la palabra mágica reforma contrato
2df8068eb1d085db86a0690845a29e87,divorcioEPN,0,"Se termino.... pero el contrato, le costó carísimo a Mexico el papel de la gaviota.",mx,0,0,0,0,0,0,1,0,1,se termino pero el contrato le costó carísimo a mexico el papel de la gaviota
b29db7d585e1040752959747a770d65f,divorcioEPN,0,Lo que siempre se supo pero NADIE quiso ver!!! Así como los #Pejezombies #TalCual,mx,3,0,1,0,0,1,1,0,0,lo que siempre se supo pero nadie quiso ver así como los pejezombies talcual
3eda923ee7ece9a81ad28d799e52c7c5,divorcioEPN,0,"Se destapa la farsa que alentaron varios medios de comunicación, incluyéndolos a ustedes.",mx,0,0,0,0,0,0,0,0,0,se destapa la farsa que alentaron varios medios de comunicación incluyéndolos a ustedes
a737abb7995bb214802eaf647168697d,divorcioEPN,0,"Que Farsa como se prestó la Gaviota que me caía bien , que ejemplo para sus hijos que ya entienden 👎👎",mx,0,0,0,2,0,0,0,0,0,que farsa como se prestó la gaviota que me caía bien que ejemplo para sus hijos que ya entienden pulgar_hacia_abajo pulgar_hacia_abajo
3b0c8a451f4e4124d7692283f78febbe,divorcioEPN,0,Todo México sabe que esa pareja era más falsa que Santa Clos y los trofeos del América juntos 😂😂🤣🤣,mx,0,0,0,4,0,0,0,0,0,todo méxico sabe que esa pareja era más falsa que santa clos y los trofeos del américa juntos cara_llorando_de_risa cara_llorando_de_risa cara_revolviéndose_de_la_risa cara_revolviéndose_de_la_risa
75905dee94088acb4d1f402a8e231e7d,divorcioEPN,0,#ULTIMAHORA es lógico en cualquier contrato comercial.,mx,0,0,1,0,0,0,0,0,0,ultimahora es lógico en cualquier contrato comercial
c88f49ae2e455b74392a159c8e18c743,divorcioEPN,0,"Jajajajsjaj ponen: ""su amor duró"" como hay gente pendeja que en verdad creyó que hubo ""amor"", se casaron x conveniencia de ambos, para él era budcar la presidencia, para ella era cumplir su sueño de ser primera dama, lo menos que hubo fue amor.",mx,0,0,0,0,0,0,0,4,0,jajajajsjaj ponen su amor duró como hay gente pendeja que en verdad creyó que hubo amor se casaron x conveniencia de ambos para él era budcar la presidencia para ella era cumplir su sueño de ser primera dama lo menos que hubo fue amor
f93e11277c17fcedaf21bddd3fd39d89,divorcioEPN,0,"Y quien se quedará con el jonuco llamado ""casa blanca""",mx,0,0,0,0,0,0,0,2,0,y quien se quedará con el jonuco llamado casa blanca
938e225942c1ca33cbb28af16f1f3a14,divorcioEPN,0,Se acabo el.circo del horror,mx,0,0,0,0,0,0,0,0,0,se acabo el circo del horror
aff61a758fcb3f1c5737370c5064e446,divorcioEPN,0,Su amor o su contrato como actriz?,mx,0,1,0,0,0,0,0,0,0,su amor o su contrato como actriz
992f09235835480fd8f598db02a6c55b,divorcioEPN,0,Fue un matrimonio arreglado,mx,0,0,0,0,0,0,0,0,0,fue un matrimonio arreglado
d012c8b7b29c4798ab16f38adc21f0e0,divorcioEPN,0,"Así es, y luego usaban el avión presidencial para que la señora se llevará a sus hijos de viaje por europa.",mx,0,0,0,0,0,0,0,0,0,así es y luego usaban el avión presidencial para que la señora se llevará a sus hijos de viaje por europa
7efeeb97480f72448f94cc7b0ef6ea04,divorcioEPN,0,"Sólo 6 años. Más que matrimonio, un simple contrato.",mx,0,0,0,0,0,0,0,0,0,sólo 6 años más que matrimonio un simple contrato
6275b0ab4df502a3b7185bca9c875f17,divorcioEPN,0,"Que siverguenza, destruyó un hogar, disfrutó de ser primera dama y ahora que Peña Nieto no está en la movida, se lo sacude!",mx,1,0,0,0,0,1,0,0,0,que siverguenza destruyó un hogar disfrutó de ser primera dama y ahora que peña nieto no está en la movida se lo sacude
5884e7e2ba4a49f4392c189607f2471c,divorcioEPN,0,gaviotase acabo el encanto,mx,0,0,0,0,0,0,0,0,0,gaviotase acabo el encanto
ef3a97eedd0d5d9247ae20d0541720d3,divorcioEPN,0,Eso se sabia desde el principio,mx,0,0,0,0,0,0,0,0,0,eso se sabia desde el principio
adb79b06c0d6138e873652f117e3cb20,divorcioEPN,0,Fin de la tenovela. Frido y Sofía!,mx,1,0,0,0,0,0,0,0,0,fin de la tenovela frido y sofía
e564a93203aa9cb3c1cf2e024369eac7,divorcioEPN,0,A quien le importa???!,mx,1,3,0,0,0,0,1,0,0,a quien le importa
64331554e1818d39de914acd5ee70daa,divorcioEPN,0,Y a mi que ???,mx,0,3,0,0,0,0,1,0,0,y a mi que
c30f873811d4bf4d8ec1b3c4d121c83d,divorcioEPN,0,"Pena ajena de la revista de promocionar una noticia que a Mexico le vale madre porque ya sabía la mentira, más vergüenza que quiera recobrar su dignidad con el comunicado, vergüenza por quedarse callada y pedir un respeto a Mexico cuando no se lo ganó! Que les pasa  a los medios?",mx,1,1,0,0,0,1,0,0,0,pena ajena de la revista de promocionar una noticia que a mexico le vale madre porque ya sabía la mentira más vergüenza que quiera recobrar su dignidad con el comunicado vergüenza por quedarse callada y pedir un respeto a mexico cuando no se lo ganó que les pasa a los medios
f2119c90c9b5a1368d1f920262058c95,divorcioEPN,0,"Jajajaj ideay vos, yo si sigo casada 😅",mx,0,0,0,1,0,0,0,0,0,jajajaj ideay vos yo si sigo casada cara_sonriendo_con_sudor_frío
251adda87cce2496240fa82c56f49d96,divorcioEPN,0,A quién le interesa esa noticia. ??,mx,0,2,0,0,0,0,0,0,0,a quién le interesa esa noticia
8030cbbce3383a0fb429787eadb4be76,divorcioEPN,0,"Contratada por 8 años para actuar, valió la pena?",mx,0,1,0,0,0,0,0,0,0,contratada por 8 años para actuar valió la pena
e9ccf4f5077cdc8d1f2ea92407091887,divorcioEPN,0,"Contrataron una dama bonita sin cerebro para compañía de 6 años a nuestros corrupto expresidente, esto no es novedad se sabía desde hace 2 años sólo esperábamos la formalización ... @EPN",mx,0,0,1,0,0,2,1,0,1,contrataron una dama bonita sin cerebro para compañía de 6 años a nuestros corrupto expresidente esto no es novedad se sabía desde hace 2 años sólo esperábamos la formalización [user]
4e78716ab95c2cde91c26cf57f962322,divorcioEPN,0,Hay que investigarla por delincuencia organizada familiar y corrupción! Esta “mujer” no merece respeto alguno!,mx,2,0,0,0,0,1,0,2,0,hay que investigarla por delincuencia organizada familiar y corrupción esta mujer no merece respeto alguno
e800c9a15a5c514fc98ae0aef4982fdb,divorcioEPN,0,@josephbenedit1 es tu oportunidad de brillar 💅🏼,mx,0,0,0,2,0,0,0,0,0,[user] es tu oportunidad de brillar pintarse_las_uñas_tono_de_piel_claro_medio
c7d969c2dd07060f61717960d031463f,divorcioEPN,0,"Amiga, las obras de arte, se robaron las cortinas, los cubiertos y hasta los focos. Parece mentira pero no lo es.",mx,0,0,0,0,0,1,0,0,0,amiga las obras de arte se robaron las cortinas los cubiertos y hasta los focos parece mentira pero no lo es
143b95c0a0326ed71810f08c1040ba74,divorcioEPN,0,"era de esperar, así como nos vieron las caras durante 6 años.",mx,0,0,0,0,0,0,0,0,0,era de esperar así como nos vieron las caras durante 6 años
784c394ec28a4a71c791cf8cd15fb928,divorcioEPN,0,Se termina el alquiler y la farsa y claro bien lo pagada,mx,0,0,0,0,0,0,0,0,0,se termina el alquiler y la farsa y claro bien lo pagada
a1eb01e529956327a8a3f7a11232895a,divorcioEPN,0,Su amor duro lo que le duró el poder al fulano o no ?,mx,0,1,0,0,0,1,0,0,0,su amor duro lo que le duró el poder al fulano o no
7b4fa65bffc23aee4a1229414325b2a4,divorcioEPN,0,"Yo no le llamaría divorcio , le llamaría término de contrato.",mx,0,0,0,0,0,1,0,0,0,yo no le llamaría divorcio le llamaría término de contrato
56f3aa3ed9612dbbdca6121cd8b72f3b,divorcioEPN,0,"Me importa madres!!! Yo Amlo, y éste par de 💩💩🐀🐀 alv.",mx,3,0,0,4,0,0,1,0,0,me importa madres yo amlo y éste par de caca_con_ojos caca_con_ojos rata rata alv
53d7c10175250fb9a0f38337e2ce8ac9,divorcioEPN,0,"Sigues tv notas ??? Saca algo mejor cómo saber quien vendió la planta de hidrógeno en refinería madero ,no estás babosadas",mx,0,3,0,0,0,1,1,0,0,sigues tv notas saca algo mejor cómo saber quien vendió la planta de hidrógeno en refinería madero no estás babosadas
edba88ea297dee6a1f65f56c8a5c76f7,divorcioEPN,0,"No nos importa su vida, divorcio y muerte, pero si importa que regrese lo que se ROBÓ de los PINOS, obras de arte y hasta los trastes junto con vajillas y cubiertos... Bola de Ratas",mx,0,0,2,0,0,1,1,0,1,no nos importa su vida divorcio y muerte pero si importa que regrese lo que se robó de los pinos obras de arte y hasta los trastes junto con vajillas y cubiertos bola de ratas
6fcaeec5af394be957363c3fd4b16e8b,divorcioEPN,0,Se acabo el contrato de 6 años con la vedette.,mx,0,0,0,0,0,0,0,0,0,se acabo el contrato de 6 años con la vedette
c35c670b1b4027d99a688c2fa922c7ea,divorcioEPN,0,Todos lo sabíamos desde el sexenio pasado,mx,0,0,0,0,0,0,0,0,0,todos lo sabíamos desde el sexenio pasado
2f427e44766ef6a78c57455d337346d1,divorcioEPN,0,¿Y como se puede #Mx divorcio de esta política de telenovela?,mx,0,2,0,0,0,0,0,0,0,y como se puede mx divorcio de esta política de telenovela
92cbf4eedc56bd61762eca1e7ec63e49,divorcioEPN,0,"A esta tipa le duró el amor mientras le saco lo que pudo, se acabó la torta y es hora te a de buscar otra billetera más gorda, porque ese acabo jodido y mucho del fracaso de su gobierno se lo  debe a ella.",mx,0,0,0,0,0,0,0,0,0,a esta tipa le duró el amor mientras le saco lo que pudo se acabó la torta y es hora te a de buscar otra billetera más gorda porque ese acabo jodido y mucho del fracaso de su gobierno se lo debe a ella
eb9f294bf9d3a10ca17df2a2480f604f,divorcioEPN,0,"Mentira tras mentira, según ya estaban divorciados, si no es así, doloroso, pero le pudieron el cuerno.",mx,0,0,0,0,0,1,0,0,0,mentira tras mentira según ya estaban divorciados si no es así doloroso pero le pudieron el cuerno
df1e4fc0a972088c43a114fff0beae81,divorcioEPN,0,"se termina la telenovela de horror producida por televisa, su escort termino su contrato.",mx,0,0,0,0,0,0,0,0,0,se termina la telenovela de horror producida por televisa su escort termino su contrato
6e173bf29306a12f4b1d9ea50617df95,divorcioEPN,0,"Buena respuesta, se hacen ricos a costilla de todos los mexicanos",mx,0,0,0,0,0,0,0,0,0,buena respuesta se hacen ricos a costilla de todos los mexicanos
b0142c6d14c52891ce2d5b3f2659d471,divorcioEPN,0,"Se acabó el contrato de 6 años con Televisa, ya sabiamos, y como pago La Casa Blanca, buen business.",mx,0,0,0,0,0,0,0,0,0,se acabó el contrato de 6 años con televisa ya sabiamos y como pago la casa blanca buen business
bf2dc92a9935b28b611b65a225f17056,divorcioEPN,0,"Asco .. que me importa! Sería mejor ""Ala cárcel a este par de ratas "" ese día fiesta Nacional!!",mx,3,0,0,0,0,0,0,2,0,asco que me importa sería mejor ala cárcel a este par de ratas ese día fiesta nacional
ec408c10c833c7716d4e2e326b864269,divorcioEPN,0,"Y pensar que para hacer su farsa más creíble y  lograr las simpatía del pueblo y ganar la elección en 2012 ,destruyeron la vida de un Sacerdote, que pena .",mx,0,0,0,0,0,0,0,0,0,y pensar que para hacer su farsa más creíble y lograr las simpatía del pueblo y ganar la elección en 2012 destruyeron la vida de un sacerdote que pena
4e47d981ad5f6dfcbd5c594ec7d1d2d4,divorcioEPN,0,Jajajajajaja pues si para lo que la contrataron se terminó el 1 de dic No mejor dicho el último de noviembre pues el primero ya ni al cambio de poderes asistió,mx,0,0,0,0,0,2,0,0,0,jajajajajaja pues si para lo que la contrataron se terminó el 1 de dic no mejor dicho el último de noviembre pues el primero ya ni al cambio de poderes asistió
e562889185ba8a6c59093cc1bc8949bb,divorcioEPN,0,Cómo todas las novelas que hacen en Televisa bien chafas,mx,0,0,0,0,0,0,0,0,0,cómo todas las novelas que hacen en televisa bien chafas
83aa65edd31d5caddd5bcdc70caaa41e,divorcioEPN,0,Fue solo el vencimiento de su contrato con EPN...,mx,0,0,1,0,0,0,1,0,1,fue solo el vencimiento de su contrato con epn
ed6396a858570c05dd20797653556b23,estanciasInfantiles,1,"“Acompleto” dijo la esperanza de México... seño, mejor COMPLETE su léxico y después dedíquese a hacer álbumes.",mx,0,0,1,0,0,0,1,2,1,acompleto dijo la esperanza de méxico seño mejor complete su léxico y después dedíquese a hacer álbumes
cf8451d906cf771b9c00db6e26363324,estanciasInfantiles,1,Pero de dónde sacaron a toda esta estrafalaria fauna longeva?? 🤔,mx,0,2,0,1,0,0,0,0,0,pero de dónde sacaron a toda esta estrafalaria fauna longeva cara_pensativa
e250f5cf413a5a93c9c4d9d0050d37a6,estanciasInfantiles,1,"Si no fuera porque viene de alguien de "" la cuarta transformación "" me sorprendería. Quizá algunos nos equivocamos al subestimar la estupidez.",mx,0,0,0,0,0,1,0,2,0,si no fuera porque viene de alguien de la cuarta transformación me sorprendería quizá algunos nos equivocamos al subestimar la estupidez
a36a4a11e6b029eccfbc3b3a21c8ed3a,estanciasInfantiles,1,"Jajaja, ya los imagino, unos haciendo inmensas filas y otros pagando en efectivo cada mes... Bienvenido 1977!! @lopezobrador_ vamos bien",mx,2,0,0,0,0,0,1,0,1,jajaja ya los imagino unos haciendo inmensas filas y otros pagando en efectivo cada mes bienvenido 1977 [user] vamos bien
59c0b1e4c6dc3772d8f51fca14a38ff3,estanciasInfantiles,1,"Es verdad que unos no tienen abuela, y otros no tienen madre, aunque la tengan. 🤔",mx,0,0,0,1,0,2,0,0,0,es verdad que unos no tienen abuela y otros no tienen madre aunque la tengan cara_pensativa
489842e659cc83070f45cf73cc42156f,estanciasInfantiles,1,"Con que haciendo notas irónicas al estilo del deforma eh? Jajajajajaja, se volaron la barda😂😂😂.............¿como?.........¿que es real?",mx,0,5,0,3,0,0,3,0,7,con que haciendo notas irónicas al estilo del deforma eh jajajajajaja se volaron la barda cara_llorando_de_risa cara_llorando_de_risa cara_llorando_de_risa como que es real
d771810d1f910a4211788ea0ff63090a,estanciasInfantiles,1,"Gabinete completo váyase a cuidar a sus nietos , no nos importa que los hechen a perder , pero a México no lo desgobiernen bola de ineptos , mentirosos.",mx,0,0,0,0,0,2,0,0,0,gabinete completo váyase a cuidar a sus nietos no nos importa que los hechen a perder pero a méxico no lo desgobiernen bola de ineptos mentirosos
9eae1ce1fc1a2a206ad7f31ba7b21b6b,estanciasInfantiles,1,Cuál es el HT que aplica para este animal?  Informen porfa  Mientras este se me ocurre #UrzuaEstasPendejo,mx,0,1,0,0,0,0,0,0,0,cuál es el ht que aplica para este animal informen porfa mientras este se me ocurre urzuaestaspendejo
2f1abe8b719306fea43db714ab6be188,estanciasInfantiles,1,Entonces tendrán que nombrar al nuevo gabinete en los próximos días jajajja 🤣👵🧓,mx,0,0,0,3,0,0,0,0,0,entonces tendrán que nombrar al nuevo gabinete en los próximos días jajajja cara_revolviéndose_de_la_risa anciana persona_mayor
f0edc368e4c4aaf15170aad015135f71,estanciasInfantiles,1,"Y mañana sale López a decir que tiene otros datos, a culpar a la Mafia del poder™ y a los fifís que usan estancias infantiles...",mx,0,0,0,1,0,0,1,0,1,y mañana sale lópez a decir que tiene otros datos a culpar a la mafia del poder símbolo_de_marca_comercial y a los fifís que usan estancias infantiles
afc9149ccb3a990865f9b91542e20410,estanciasInfantiles,1,El que parecía el más centrado 🤦‍♂️,mx,0,0,0,2,0,0,0,0,0,el que parecía el más centrado hombre_con_la_mano_en_la_frente
2ae7451836b1591d050d3efba4cb0837,estanciasInfantiles,1,Entonces que todos los viejos que conforman el gabinete de AMLO se vallan a cuidar a sus nietos!!!,mx,3,0,1,0,0,0,1,0,0,entonces que todos los viejos que conforman el gabinete de amlo se vallan a cuidar a sus nietos
dd091b690d6a034564f0a02b24277f87,estanciasInfantiles,1,"Bajo esa lógica, no se que hace la mayoría del gabinete, en el gabinete. Deberían estar disfrutando de sus nietos. 🙄",mx,0,0,0,1,0,1,0,0,0,bajo esa lógica no se que hace la mayoría del gabinete en el gabinete deberían estar disfrutando de sus nietos cara_con_ojos_en_blanco
9a4147d70ef932901dfe75d14faec89e,estanciasInfantiles,1,Son tan “ brillantes “ estos 2 ancianitos .. que pena que no tengan madre ni abuela ah ni cerebro  Gobierno de 4ta 😖 pobre país,mx,0,0,0,1,0,3,0,2,0,son tan brillantes estos 2 ancianitos que pena que no tengan madre ni abuela ah ni cerebro gobierno de 4ta cara_de_frustración pobre país
c928e615c80d881ff632244dfa6c4e7f,estanciasInfantiles,1,"¿Algo más que quieras agregar, o esa es la única burrada que ibas a decir?",mx,0,2,0,0,0,0,0,0,0,algo más que quieras agregar o esa es la única burrada que ibas a decir
559f7c319c9590ef244d4a174fd68a93,estanciasInfantiles,1,"N’ombre, esos de la Transformación de Cuarta son unos genios.",mx,0,0,0,0,0,0,0,1,0,n ombre esos de la transformación de cuarta son unos genios
84e756e7cc2d2428e025b68bac6fd315,estanciasInfantiles,1,La estupidez de la semana.  Perdón falta el  viernes y con ests 4a de seguro sacan otra,mx,0,0,0,0,0,0,0,0,0,la estupidez de la semana perdón falta el viernes y con ests 4a de seguro sacan otra
8ede8ac189b57bb6048e6b95b1261c11,estanciasInfantiles,1,Jajajajajajajaja se la maman con sus respuestas tenemos políticos de 4ta,mx,0,0,0,0,0,0,0,0,0,jajajajajajajaja se la maman con sus respuestas tenemos políticos de 4ta
00285e46a4f4eb1583a8bed52dcfd09b,estanciasInfantiles,1,Esto no es un gobierno! Es un psiquiátrico 🤦🏻‍♀️😳,mx,1,0,0,4,0,1,0,0,0,esto no es un gobierno es un psiquiátrico mujer_con_la_mano_en_la_frente_tono_de_piel_claro cara_sonrojada
f4efe2cdff2162cb3c46a621e4c857c6,estanciasInfantiles,1,Lastima! Porque parece que tu no tienes 😂😂,mx,1,0,0,2,0,1,0,0,0,lastima porque parece que tu no tienes cara_llorando_de_risa cara_llorando_de_risa
94c63b7da257e2bef7dbdf42297064f7,estanciasInfantiles,1,Y si los abuelitos ya se murieron? jajajajja pinches asnos de la 4T,mx,0,1,0,0,0,0,0,0,0,y si los abuelitos ya se murieron jajajajja pinches asnos de la 4t
19b2a9532b99d4fdd76342f6fea83996,estanciasInfantiles,1,Ocurrencia número 100 en 2 meses de gobierno. Saldo de ésta #Transformacionde4ta,mx,0,0,0,0,0,0,0,0,0,ocurrencia número 100 en 2 meses de gobierno saldo de ésta transformacionde4ta
fa08befc7fb2acbe98ff9bc72b922039,estanciasInfantiles,1,Se seguirán perdiendo empleos Bravo inteligente presidente es sorprendente tanta estupidez en un cerebro tan pequeño,mx,0,0,0,0,0,0,0,0,0,se seguirán perdiendo empleos bravo inteligente presidente es sorprendente tanta estupidez en un cerebro tan pequeño
03c25c67f5b46ce315cd5c71f40ec187,estanciasInfantiles,1,"pero no es idea del presi, es una REALIDAD pues que a poco viven en Jupiter?? ora si que hasta la pregunta es necia!!",mx,2,2,1,0,0,1,0,0,0,pero no es idea del presi es una realidad pues que a poco viven en jupiter ora si que hasta la pregunta es necia
69048568d59aced15f143832d9b5a72a,estanciasInfantiles,1,"La estupidez no tiene límite, y esto apenas comienza. 😠",mx,0,0,0,1,0,1,0,0,0,la estupidez no tiene límite y esto apenas comienza cara_enfadada
bcf0427077db60a31ef98df37b9ff634,estanciasInfantiles,1,Y yo le preguntaría a este pendejo... Y yo por qué.? ( tengo 5 nietos )...,mx,0,1,0,0,0,0,2,0,2,y yo le preguntaría a este pendejo y yo por qué tengo 5 nietos
5fbb40a775a54dba98c80b9801faea13,estanciasInfantiles,1,"Con ud sería un martirio, tronándoles los dedos",mx,0,0,0,0,0,0,0,0,0,con ud sería un martirio tronándoles los dedos
2061144fa1d427fb698e6a82253b1518,estanciasInfantiles,1,Los dos que aparecen en la foto ya renunciaron? Para ir a cuidar a sus nietos.,mx,0,1,0,0,0,0,0,0,0,los dos que aparecen en la foto ya renunciaron para ir a cuidar a sus nietos
1b00b534dae9170db1e5e9fb9cc2993f,estanciasInfantiles,1,Ayyy noooo las brujas 🧙‍♀️ son lindas Esta es una #*€%¥£€*^€%#~{}&lt;}|,mx,0,0,0,2,0,0,2,0,0,ayy noo las brujas maga son lindas esta es una lt
05e0e4d36ace0d95ce951ddaa517edb0,estanciasInfantiles,1,"Empezando por el AMLO, que ponga el ejemplo y se vaya a cuidar a sus nietos!!!",mx,3,0,1,0,0,0,1,0,0,empezando por el amlo que ponga el ejemplo y se vaya a cuidar a sus nietos
5c38fac050415c2c9f675f80c334153b,estanciasInfantiles,1,"No puedo creerlo, mi perro tiene más criterio que todo el gobierno de Obrador.",mx,0,0,0,0,0,1,0,0,0,no puedo creerlo mi perro tiene más criterio que todo el gobierno de obrador
e064bd3ab1631514426ff1530d573083,estanciasInfantiles,1,Ojalá lo apliquen sus hijos con el. 🤣🤣🤣,mx,0,0,0,3,0,0,1,0,0,ojalá lo apliquen sus hijos con el cara_revolviéndose_de_la_risa cara_revolviéndose_de_la_risa cara_revolviéndose_de_la_risa
5a7da90e73cecbaeeecfccc5d7f16005,estanciasInfantiles,1,"Jajajajaja, seeeee. Con un argumentazo, ¿no? Chin.",mx,0,2,0,0,0,1,1,0,0,jajajajaja see con un argumentazo no chin
b2eda337f967a30a25c80cb0a672993f,estanciasInfantiles,1,No mames... que miedo que estén l frente del país... están dementes,mx,0,0,0,0,0,1,2,0,2,no mames que miedo que estén l frente del país están dementes
e98ed10e3fce46470261d680d0254276,estanciasInfantiles,1,"Quien soy❓Roban gasolina-cierro gasolineras=quiebro medio #Mexico #EstanciasInfantilesSí hay corrupción,pasó a fregar a madres q Si trabajan No era más fácil censo Estancia X Estancia Va a dar $1600 al mes Cuánto le paga @GobiernoMX a su servicio doméstico❓más d $1600 semanales",mx,0,0,0,2,0,1,0,0,0,quien soy interrogación_roja roban gasolina cierro gasolineras quiebro medio mexico estanciasinfantilessí hay corrupción pasó a fregar a madres q si trabajan no era más fácil censo estancia x estancia va a dar 1600 al mes cuánto le paga [user] a su servicio doméstico interrogación_roja más d 1600 semanales
f608b5f2820def58844c01cc4ca68a7f,estanciasInfantiles,1,"Ya me lo imagino a el dejando su puesto en la SHCP, para cuidar de sus nietos.",mx,0,0,1,0,0,0,0,0,0,ya me lo imagino a el dejando su puesto en la shcp para cuidar de sus nietos
266236420f8ed11d06ab5f18fc60d914,estanciasInfantiles,1,"A propósito de no tener abuela, Denise, ya puedes iluminarnos acerca de la visita del venezolano terrorista traído por tus amigos panistas? Digo, pa' dormir en paz.",mx,0,1,0,0,0,1,0,1,0,a propósito de no tener abuela denise ya puedes iluminarnos acerca de la visita del venezolano terrorista traído por tus amigos panistas digo pa dormir en paz
3f4bd35396be93202b24f567f4fa3e7a,estanciasInfantiles,1,Como los niños no votan ! Pero sus papás si!,mx,2,0,0,0,0,1,0,0,0,como los niños no votan pero sus papás si
535fa5d1fe2e864574e6888533f9ec22,estanciasInfantiles,1,"Excelente!!! Con ésto, acompleto mi álbum jajajajajajaja",mx,3,0,0,0,0,0,1,0,0,excelente con ésto acompleto mi álbum jajajajajajaja
52c7420c488fba0e1d5925c574dd26a4,estanciasInfantiles,1,Pues no te creas que es tan jovencita 🤷‍♀️😣,mx,0,0,0,3,0,1,0,0,0,pues no te creas que es tan jovencita mujer_encogida_de_hombros cara_desesperada
2a392728ada4959c879c2545087ae1c3,estanciasInfantiles,1,Entonces en cada privado de los secretarios de este gabinete que todos son unos abuelos les van a adecuar una guardería junto a sus privados para que cuiden a sus nietos? Por que todos los de la transformación de 4T son muy ancianos con demencia senil!!,mx,2,1,0,0,0,0,0,0,0,entonces en cada privado de los secretarios de este gabinete que todos son unos abuelos les van a adecuar una guardería junto a sus privados para que cuiden a sus nietos por que todos los de la transformación de 4t son muy ancianos con demencia senil
c9fa3faf5d8ff3b4e2db123ec12f4435,estanciasInfantiles,1,"Mi suegra ya está preparado su guardería!!! 5 hijos con 3 nietos cada uno. 15x1600=24,000 mensuales sería un buen negocio, gracias. Presidentito!!!",mx,6,0,0,0,0,0,3,0,0,mi suegra ya está preparado su guardería 5 hijos con 3 nietos cada uno 15x1600 24 00 mensuales sería un buen negocio gracias presidentito
d2e0c6f00b6a55993257983a87d343fa,estanciasInfantiles,1,🤣😂🤣😂 Estos Señores d la 4ta si que son de 4ta 🤣😂🤣😂,mx,0,0,0,8,0,0,0,0,0,cara_revolviéndose_de_la_risa cara_llorando_de_risa cara_revolviéndose_de_la_risa cara_llorando_de_risa estos señores d la 4ta si que son de 4ta cara_revolviéndose_de_la_risa cara_llorando_de_risa cara_revolviéndose_de_la_risa cara_llorando_de_risa
cad16021617d6a33988903b8be3dddab,estanciasInfantiles,1,@lopezobrador_  y entonces qué haces en la presidencia corre a cuidar a tus enjendros. Solo para eso sirve el JURÁSICO GABINETE !!!,mx,3,0,2,0,0,0,1,0,0,[user] y entonces qué haces en la presidencia corre a cuidar a tus enjendros solo para eso sirve el jurásico gabinete
725cb0b4c23b736707aaf8f7067a2271,estanciasInfantiles,1,Cada vez se confirma más estos MORENOS van pendejada tras pendejada,mx,0,0,1,0,0,0,0,0,0,cada vez se confirma más estos morenos van pendejada tras pendejada
ba0d008cf54c7c09bb25a29a43012a5c,estanciasInfantiles,1,"Ah que la gerontocracia, salió más perversa o más pend...",mx,0,0,0,0,0,0,1,0,1,ah que la gerontocracia salió más perversa o más pend
f7010d500e63df9690e28b1a6e2c31ef,estanciasInfantiles,1,Si como no!!!.. sobretodo por la gran fuerza física que tienen los abuelos!!.. que estupido este Sr Carlos Urzua!!.,mx,7,0,0,0,0,1,1,0,0,si como no sobretodo por la gran fuerza física que tienen los abuelos que estupido este sr carlos urzua
63ab47cfe323a817200623a2f6c8ce3e,estanciasInfantiles,1,"Brillante idea. Los abuelos que cuiden a los niños, las mamás que hablen con sus hijos para que se porten bien. Mientas tanto #MamadoNervo y PH en USA...México primer Mundo, gracias @lopezobrador_ 👍🏻",mx,0,0,1,2,0,0,1,0,1,brillante idea los abuelos que cuiden a los niños las mamás que hablen con sus hijos para que se porten bien mientas tanto mamadonervo y ph en usa méxico primer mundo gracias [user] pulgar_hacia_arriba_tono_de_piel_claro
da9d230ba137a5017af44d8ff1e74f4a,estanciasInfantiles,1,Osea es neta? De verdad que pasa? Y como porque los abuelos después de cuidarnos abrían de volver a cuidar chamacos? que le pasa este Dr. Chapatin (Obrador) de verdad cree que esta en la vecindad del chavo!! Es terrible tenerlo de presidente!!,mx,4,3,0,0,0,0,0,0,0,osea es neta de verdad que pasa y como porque los abuelos después de cuidarnos abrían de volver a cuidar chamacos que le pasa este dr chapatin obrador de verdad cree que esta en la vecindad del chavo es terrible tenerlo de presidente
9e2632444331544b024753f55094fb48,estanciasInfantiles,1,"Por qué no va señor Carlos a cuidar a sus nietos mejor, yo le doy ese dinero con tal de que deje de ser ocurrente... en su posición no existen ocurrencias, no sea webon y póngase a hacer su trabajo correctamente analizando afectaciones antes de hacer recortes",mx,0,0,0,0,0,3,1,0,1,por qué no va señor carlos a cuidar a sus nietos mejor yo le doy ese dinero con tal de que deje de ser ocurrente en su posición no existen ocurrencias no sea webon y póngase a hacer su trabajo correctamente analizando afectaciones antes de hacer recortes
91fdda363e33ab18215b538baa887582,estanciasInfantiles,1,"Estimada, desestimada. No es proyecto, ya lo hacen o acaso no lo sabe? En que paíss cree usted vivir?",mx,0,2,0,0,0,2,0,0,0,estimada desestimada no es proyecto ya lo hacen o acaso no lo sabe en que paíss cree usted vivir
353ffee032c9882aa5981a9ca0fc99c5,estanciasInfantiles,1,Pensar que aún faltan 6 años de pendejadas y eso sí el anciano orinado no se quiere reelegir,mx,0,0,0,0,0,1,0,0,0,pensar que aún faltan 6 años de pendejadas y eso sí el anciano orinado no se quiere reelegir
796b2cd4c873c5a9380a292111707884,estanciasInfantiles,1,"Si, últimamente es su mayor acierto: dar risa.",mx,0,0,0,0,0,0,0,0,0,si últimamente es su mayor acierto dar risa
6675b38cb2c68137309c7b3632bec2c7,estanciasInfantiles,1,"Entonces que Porfirio, Jimenez Espriu y compañía se vayan a su casa a cuidar a sus nietos",mx,0,0,0,0,0,0,0,0,0,entonces que porfirio jimenez espriu y compañía se vayan a su casa a cuidar a sus nietos
3c80d045c4d23fb844c6331be67e7f56,estanciasInfantiles,1,Ya me imagino a las mamás luchonas de peda con el $ de las instancias,mx,0,0,0,0,0,0,0,0,0,ya me imagino a las mamás luchonas de peda con el de las instancias
cbd9f979f1d9662d82516672b2445624,estanciasInfantiles,1,Ya no se si Chumel tomó esta cuenta o viceversa. Cada vez se parecen más.,mx,0,0,0,0,0,1,0,0,0,ya no se si chumel tomó esta cuenta o viceversa cada vez se parecen más
6e2a12b4b606f1311d4e9afed52a9c4f,estanciasInfantiles,1,"Por eso tienes soledad mental ""aguela solitaria""",mx,0,0,0,0,0,0,0,2,0,por eso tienes soledad mental aguela solitaria
0b67f5deb3ea10f6f4b64af4c58a9761,estanciasInfantiles,1,"Que te da risa pedorra @DeniseDresserG??? El logo del Gobierno de México, o el hecho de que no cabes en la #4T?",mx,0,4,0,0,0,1,1,0,0,que te da risa pedorra [user] el logo del gobierno de méxico o el hecho de que no cabes en la 4t
f99fce8717c6c914c0f60b64345475e2,estanciasInfantiles,1,"Que alguien le@ponga a este anciano un papel de aluminio en la cabeza , no lo vallan a abducir los extraterrestres.",mx,0,0,0,0,0,1,0,0,0,que alguien le[user] a este anciano un papel de aluminio en la cabeza no lo vallan a abducir los extraterrestres
b5f88d963e166bd785ebaced2e834df2,estanciasInfantiles,1,"Increible este tipo de comentarios, gabinete de kermesse",mx,0,0,0,0,0,0,0,0,0,increible este tipo de comentarios gabinete de kermesse
64a9f3805a1d1309c5294c94e7240686,estanciasInfantiles,1,"Ten cuidado, por la edad pudieras tener una crisis de incontinencia.",mx,0,0,0,0,0,0,0,0,0,ten cuidado por la edad pudieras tener una crisis de incontinencia
94ecc9991f5350979a694fa47552de2d,estanciasInfantiles,1,Lo que no sabe el PRESI es que hay quienes nunca tuvieron abuela 👀 ¿verdad @DeniseDresserG ?,mx,0,2,1,1,0,2,0,0,0,lo que no sabe el presi es que hay quienes nunca tuvieron abuela ojos verdad [user]
0c41215de9c4754696376b0f536eb458,estanciasInfantiles,1,"Ideas 100% de militantes de morena , no podemos esperar menos , no les alcanza para más",mx,0,0,0,0,0,2,0,0,0,ideas 100 de militantes de morena no podemos esperar menos no les alcanza para más
c59cce275ad6e51b77a37d8f9162813d,estanciasInfantiles,1,Habrá algún día donde esta bola de macuarros no salga con una jalada ? Se turnan para regarla.,mx,0,1,0,0,0,1,0,0,0,habrá algún día donde esta bola de macuarros no salga con una jalada se turnan para regarla
6dce98b6a90bc37167c2d5003f31c894,estanciasInfantiles,1,"Los niños y sus mamás a la chingada, lo único que le importa a @lopezobrador_ es @lopezobrador_ .",mx,0,0,0,0,0,0,0,0,0,los niños y sus mamás a la chingada lo único que le importa a [user] es [user]
c0226f78c88250f29ba902ebe08c5f6d,estanciasInfantiles,1,"Señor Mio y Dios Mio, cuanto le pagamos a este tipo para que nos deslumbre con lo brillante de sus ideas? Si no es capaz de aportar algo inteligente para el beneficio de las familias mexicanas, retírese a un Samborns a compartir ideas estúpidas con sus cuates.",mx,0,1,0,0,0,1,0,0,0,señor mio y dios mio cuanto le pagamos a este tipo para que nos deslumbre con lo brillante de sus ideas si no es capaz de aportar algo inteligente para el beneficio de las familias mexicanas retírese a un samborns a compartir ideas estúpidas con sus cuates
2dcf2c1a3465791dc04b0ce046c9dfc9,estanciasInfantiles,1,"Ja, ja, ja, ja, ja, tonto y retonto le quedaron cortos.",mx,0,0,0,0,0,0,0,0,0,ja ja ja ja ja tonto y retonto le quedaron cortos
41201b1f2f2825aefe1f7d8a90e137d7,estanciasInfantiles,1,"Ja ja ja ja... muy buena: ""Chumel Dresser"" o Denisse Torres""",mx,0,0,0,0,0,0,1,3,1,ja ja ja ja muy buena chumel dresser o denisse torres
798cc131dcf66f90c3dcf003ba2f47ed,estanciasInfantiles,1,Que este abuelo ya se vaya mucho a ...su rancho.,mx,0,0,0,0,0,0,1,0,1,que este abuelo ya se vaya mucho a su rancho
f9c373e74985296f11e60639eb665679,estanciasInfantiles,1,Ahora el pueblo bueno tendrá dinero para alcohol y drogas al por mayor.,mx,0,0,0,0,0,0,0,0,0,ahora el pueblo bueno tendrá dinero para alcohol y drogas al por mayor
9902fabd86750f176a846cee2b886c98,estanciasInfantiles,1,Urzúa a ti te tocaría cuidar a tus nietos !!!,mx,3,0,0,0,0,0,1,0,0,urzúa a ti te tocaría cuidar a tus nietos
75c0efb453949ba45765eb1ba210dc78,estanciasInfantiles,1,Sr Urzua por Favor!! hay Niños que ya no tienen Abuela... como Ud Comprendera,mx,2,0,0,0,0,1,1,0,1,sr urzua por favor hay niños que ya no tienen abuela como ud comprendera
94ce2dd0fe03dda8e53f166f2a7be090,estanciasInfantiles,1,Es neta???? Señor Urzua mejor ya váyase a su casa junto con más de la mitad del gabinete de AMLO.,mx,0,4,1,0,0,0,1,0,0,es neta señor urzua mejor ya váyase a su casa junto con más de la mitad del gabinete de amlo
0c88148dba94e502683ffd110a8463e3,estanciasInfantiles,1,Que tipo. Como es posible que un Secretario de Estado pueda dar ese consejo. Que el cuide a sus nietos,mx,0,0,0,0,0,0,0,0,0,que tipo como es posible que un secretario de estado pueda dar ese consejo que el cuide a sus nietos
391a1c6d9d5da77deb654c9d817fd580,estanciasInfantiles,1,"Caray, parece que la pendejez es contagiosa ¡Lástima que no duela!",mx,2,0,0,0,0,1,0,0,0,caray parece que la pendejez es contagiosa lástima que no duela
296b97aca98a7ff066356f4d23c42004,estanciasInfantiles,1,Perdon ser nos olvidaba que usted nunca ha tenido abuela.,mx,0,0,0,0,0,1,0,0,0,perdon ser nos olvidaba que usted nunca ha tenido abuela
a2ea061cad62c9087c604658b91db65f,estanciasInfantiles,1,Que contraten a todo el Gabinete que bien cumplen con el requisito de ser viejitos no falte el respeto,mx,0,0,0,0,0,1,0,0,0,que contraten a todo el gabinete que bien cumplen con el requisito de ser viejitos no falte el respeto
560c8e038669b665c0a0188abe1107cc,estanciasInfantiles,1,Pensé que era nota del deforma...,mx,0,0,0,0,0,0,1,0,1,pensé que era nota del deforma
427a72d27f2a7c78a8ab1289d8959f4c,estanciasInfantiles,1,Estábamos mejor cuando estábamos peor.  #OPCmxVsAmlo,mx,0,0,0,0,0,0,0,0,0,estábamos mejor cuando estábamos peor opcmxvsamlo
994865cae90d53a89b419b9f2ccfe01e,estanciasInfantiles,1,Y qué sigue después? Me van a dar el sueldo del policía para que yo me cuide de los ladrones? O el que se gasta para que llegue el agua a mi casa para que yo vaya por ella?,mx,0,3,0,0,0,0,0,0,0,y qué sigue después me van a dar el sueldo del policía para que yo me cuide de los ladrones o el que se gasta para que llegue el agua a mi casa para que yo vaya por ella
78d72da5ba26cd542ef4e9ec05f9e932,estanciasInfantiles,0,"Si van a dar dinero por cuidar, qué caso tiene quitar presupuesto o guarderías, no entiendo...  O es solo asegurar clientela política??  Creo que es criminal use recursos para fines políticos..  Un día tendrá lópez, juicio político",mx,0,2,0,0,0,1,1,0,1,si van a dar dinero por cuidar qué caso tiene quitar presupuesto o guarderías no entiendo o es solo asegurar clientela política creo que es criminal use recursos para fines políticos un día tendrá lópez juicio político
38cf454a36c9bb64e2ceb6c4eba22a0e,estanciasInfantiles,0,El chairo solo tiene amor a AMLO,mx,0,0,1,0,0,0,0,0,0,el chairo solo tiene amor a amlo
cd4f30c4ba94f043017228d387ddc327,estanciasInfantiles,0,Las abuelas ya están cansadas no todas tienen depa en Houston,mx,0,0,0,0,0,1,0,0,0,las abuelas ya están cansadas no todas tienen depa en houston
8b53e55ba5cb6d712d3c50e2d16fbb03,estanciasInfantiles,0,"Dios libreme que me cuide mi abuela, no le deseo a nadie el infierno que sufrimos yo y mi hermana con esa señora.",mx,0,0,0,0,0,2,0,0,0,dios libreme que me cuide mi abuela no le deseo a nadie el infierno que sufrimos yo y mi hermana con esa señora
5d84afe2786b01a9216f7ed8fb0b8bf5,estanciasInfantiles,0,"Así es, pero a muchos les gusta generalizar y se interesan más por lo que hará individualmente cada persona que reciba este apoyo, pero que los familiares de políticos que han hecho negocio e incurrido en CORRUPCION con las estancias no es relevante.",mx,0,0,1,0,0,1,0,0,0,así es pero a muchos les gusta generalizar y se interesan más por lo que hará individualmente cada persona que reciba este apoyo pero que los familiares de políticos que han hecho negocio e incurrido en corrupcion con las estancias no es relevante
da79b9537b7df49098c08a70da4fef6c,estanciasInfantiles,0,"Y que hay cuando estás en una ciudad donde no tienes familiares, creo aplican las guarderias, habra que tomarlo en cuenta también",mx,0,0,0,0,0,1,0,0,0,y que hay cuando estás en una ciudad donde no tienes familiares creo aplican las guarderias habra que tomarlo en cuenta también
746c129d6a2c8da114da24b0dfb7dc39,estanciasInfantiles,0,"Se nota q los servidores públicos no usan/usaron/ni usarán estancias infantiles. Es un apoyo para el desarrollo de habilidades cognitivas y de socialización en los infantes. Abuelos son para consentir no para desarrollar habilidades. Proponen incongruencias, exponen su ignorancia",mx,0,0,0,0,0,3,0,0,0,se nota q los servidores públicos no usan usaron ni usarán estancias infantiles es un apoyo para el desarrollo de habilidades cognitivas y de socialización en los infantes abuelos son para consentir no para desarrollar habilidades proponen incongruencias exponen su ignorancia
efff6f0bbf66f0f87dfd07c91f12b7fc,estanciasInfantiles,0,La Sra @DeniseDresserG tuitea lo que le dicta su amargura,mx,0,0,0,0,0,0,0,0,0,la sra [user] tuitea lo que le dicta su amargura
6c79e018c001aaa64081d044b2c0542c,estanciasInfantiles,0,"No se si tienes nietos!! Pero si tienes, segurito te detestan.. sabes que espérame tantito...  deja le hablo a @gibranrr mi estimado encárgate habla con la nefasta de Denise!!! Ubícala...",mx,5,0,0,0,0,1,3,0,2,no se si tienes nietos pero si tienes segurito te detestan sabes que espérame tantito deja le hablo a [user] mi estimado encárgate habla con la nefasta de denise ubícala
d8abe99de700181caeffb14cd355ce46,estanciasInfantiles,0,"Ojalá este par de viejitos, mejor estuvieran cuidando a sus nietos en las condiciones que se les ocurren, y dejarán su cargo a personas más sensibles a la realidad de los matrimonios modernos!?",mx,1,1,0,0,0,0,0,0,0,ojalá este par de viejitos mejor estuvieran cuidando a sus nietos en las condiciones que se les ocurren y dejarán su cargo a personas más sensibles a la realidad de los matrimonios modernos
609a82a7e5da1e72ea14d4ff3e0fed26,estanciasInfantiles,0,"Mira apátrida, a mí sí me cuidaron mis abuelas y hoy tengo el honor de, ya anciana, cuidarla a ella. Cosas que de seguro no sabes, porque se te nota la amargura de haber sido criada por gente extraña.",mx,0,0,0,0,0,1,0,0,0,mira apátrida a mí sí me cuidaron mis abuelas y hoy tengo el honor de ya anciana cuidarla a ella cosas que de seguro no sabes porque se te nota la amargura de haber sido criada por gente extraña
43e1cb6587774897c57029479e4352bc,estanciasInfantiles,0,"Wow, atacando su edad, que clase y falta de originalidad",mx,0,0,0,0,0,0,0,0,0,wow atacando su edad que clase y falta de originalidad
cfac169d2d42b7b15acb97feba8b9d54,estanciasInfantiles,0,"Cancelar el apoyo a guarderias y hacer pagos directos a los padres de familia, realmente no tiene nada que ver con supuestos abusos de las guarderias. Es una tactica para crear dependencia economica individualizada con el PEJE y Morena, que a futuro les sera necesaria.",mx,0,0,1,0,0,2,0,0,0,cancelar el apoyo a guarderias y hacer pagos directos a los padres de familia realmente no tiene nada que ver con supuestos abusos de las guarderias es una tactica para crear dependencia economica individualizada con el peje y morena que a futuro les sera necesaria
4762c1437890c5324bc23a317c8bed53,estanciasInfantiles,0,Necesitas regresar al psiquiátrico.,mx,0,0,0,0,0,0,0,0,0,necesitas regresar al psiquiátrico
5f419d398cdc041b997173a5f31f74e9,estanciasInfantiles,0,De sus peores estupideces,mx,0,0,0,0,0,0,0,0,0,de sus peores estupideces
c2dc58a72bc31ab4de32811fafebbcf6,estanciasInfantiles,0,"Bueno no podemos asegurar que todos estén capacitados, me parece que algunas de las irregularidades son la falta de capacitación del personal y que no contratan a la cantidad de  cuidadores suficientes para los niños",mx,0,0,0,0,0,2,0,0,0,bueno no podemos asegurar que todos estén capacitados me parece que algunas de las irregularidades son la falta de capacitación del personal y que no contratan a la cantidad de cuidadores suficientes para los niños
cc5e4e948e5258548625946a13f80915,estanciasInfantiles,0,"A ver sr @CarlosUrzuaSHCP se que no sobresale por inteligente , pero le voy a explicar algo . Los abuelos ya cuidaron a sus propios hijos y los nietos son para disfrutarlos un rato y consentirlos . Y su justificación para el recorte de presupuesto es incoherente y estupida !!!",mx,3,0,0,0,0,1,1,0,0,a ver sr [user] se que no sobresale por inteligente pero le voy a explicar algo los abuelos ya cuidaron a sus propios hijos y los nietos son para disfrutarlos un rato y consentirlos y su justificación para el recorte de presupuesto es incoherente y estupida
04b1feead25c64d908fd7f12d004a887,estanciasInfantiles,0,Las guarderías no son más k nidos d ratas!!! Niños fantasmas!!!👏👏👏👏👏,mx,6,0,0,5,0,1,3,0,0,las guarderías no son más k nidos d ratas niños fantasmas manos_aplaudiendo manos_aplaudiendo manos_aplaudiendo manos_aplaudiendo manos_aplaudiendo
e2243f0f1d37193733b965e0b58abb3f,estanciasInfantiles,0,"Los niños no pueden votar, pero sus papás y sus abuelos si.  De acuerdo, esto apenas empieza.",mx,0,0,0,0,0,1,0,0,0,los niños no pueden votar pero sus papás y sus abuelos si de acuerdo esto apenas empieza
9606f3ab11539b0bf71ad96d38f4220b,estanciasInfantiles,0,"Bueno, creo que aquí hay un malentendido. La idea es burlarse de la torpe decisión del estado, y de ninguna manera es una burla sobre los desafortunados padres e hijos que se quedarán sin el servicio; creo que esa es la correcta interpretación del meme.  Saludos a ambas damas.",mx,0,0,0,0,0,2,0,0,0,bueno creo que aquí hay un malentendido la idea es burlarse de la torpe decisión del estado y de ninguna manera es una burla sobre los desafortunados padres e hijos que se quedarán sin el servicio creo que esa es la correcta interpretación del meme saludos a ambas damas
5a97707456a756ac48270469608d4daa,estanciasInfantiles,0,No pues al rato va a quitar escuelas y le dará los recurso a las familias para dárselo a los ninis; ellos decidirán qué hacer con el dinero o los mantienen y se hacen bandidos o serán ninis de por vida. 🙄😒😣🤦🏻‍♀️,mx,0,0,0,6,0,1,0,0,0,no pues al rato va a quitar escuelas y le dará los recurso a las familias para dárselo a los ninis ellos decidirán qué hacer con el dinero o los mantienen y se hacen bandidos o serán ninis de por vida cara_con_ojos_en_blanco cara_de_desaprobación cara_desesperada mujer_con_la_mano_en_la_frente_tono_de_piel_claro
ddc1723dd2c407f2cf463ec9914f3e0d,estanciasInfantiles,0,ni a favor ni en contra cada quien va a decidir,mx,0,0,0,0,0,2,0,0,0,ni a favor ni en contra cada quien va a decidir
5fa1eb7b3d0a99d5924e693fe5f4ec09,estanciasInfantiles,0,"Estospendejos no tienen idea, hablan ídem!!!",mx,3,0,0,0,0,1,1,0,0,estospendejos no tienen idea hablan ídem
34e67a5a753aa513435dc1d3ae9ae0b0,estanciasInfantiles,0,"No hay duda que calladitos se ven más bonitos. Una cosa son las políticas y medidas absurdas como ésta, y otras igualmente nefasta las declaraciones de loa funcionarios para “explicar” o “minimizar” las barbaridades.  Una cosa peor que la otra.",mx,0,0,0,0,0,1,0,4,0,no hay duda que calladitos se ven más bonitos una cosa son las políticas y medidas absurdas como ésta y otras igualmente nefasta las declaraciones de loa funcionarios para explicar o minimizar las barbaridades una cosa peor que la otra
1399f3aea6c0467a997025c89bfce807,estanciasInfantiles,0,"A mi si. Muchos de ellos ya estan cansados y les toca disfrutar de su vejez. Que arrogancia y egoísmo el tratar de justificar argumentos pendejos con una generalización apresurada. Si a algunos les gusta, cuando ellos gusten, pues OK. ¡Chido! ¿adjudicarle responsabilidades? NO.",mx,2,2,0,0,0,1,0,0,0,a mi si muchos de ellos ya estan cansados y les toca disfrutar de su vejez que arrogancia y egoísmo el tratar de justificar argumentos pendejos con una generalización apresurada si a algunos les gusta cuando ellos gusten pues ok chido adjudicarle responsabilidades no
2ca66b06c12651e43d9ff3723e7919a3,estanciasInfantiles,0,La riegan y cuándo la quieren componer queda igual o peor,mx,0,0,0,0,0,0,0,0,0,la riegan y cuándo la quieren componer queda igual o peor
8dc53f449ee8f19ac2595c14154314e3,estanciasInfantiles,0,"No tuvo abuela???? O no tiene Abuela, verdad???",mx,0,7,0,0,0,2,2,0,0,no tuvo abuela o no tiene abuela verdad
fcabf057ed184310ed5dec394a6f8ce4,estanciasInfantiles,0,"Es mezquino cancelar programas que ayudan a padres a ser productivos y salir adelante, por mantener a ninis que lo seguirán siendo, Urzúa ¿sabía usted que un porcentaje de ninis lo son por gusto? Es decir, que no les interesa trabajar o estudiar. Lo que hacen por votos a futuro.",mx,0,2,0,0,0,1,0,0,0,es mezquino cancelar programas que ayudan a padres a ser productivos y salir adelante por mantener a ninis que lo seguirán siendo urzúa sabía usted que un porcentaje de ninis lo son por gusto es decir que no les interesa trabajar o estudiar lo que hacen por votos a futuro
a8c34826d975b9c892c6bba04cc26684,estanciasInfantiles,0,"Tan bien que comenzó, don Carlos. Y ya perdió toda credibilidad. Una pena más cortesía de la transformación de cuarta.",mx,0,0,0,0,0,0,0,0,0,tan bien que comenzó don carlos y ya perdió toda credibilidad una pena más cortesía de la transformación de cuarta
5dbf16027186e5781808e3725f4049ff,estanciasInfantiles,0,"Me encantaría poder hacerme cargo de mis nietos y aunque fui maestra durante 20 años de preescolar y primaria, incluso puestos de coordinación y dirección, no creo tener la fuerza física, ni las herramientas materiales para la estimulación  y socialización necesarios",mx,0,0,0,0,0,2,0,0,0,me encantaría poder hacerme cargo de mis nietos y aunque fui maestra durante 20 años de preescolar y primaria incluso puestos de coordinación y dirección no creo tener la fuerza física ni las herramientas materiales para la estimulación y socialización necesarios
4e690cecf6bd1f6669a812d12b379169,estanciasInfantiles,0,"Claro no sera la misma atencion, sera mucho mejor 😁",mx,0,0,0,1,0,1,0,0,0,claro no sera la misma atencion sera mucho mejor cara_radiante_con_ojos_sonrientes
a2711982b1a1b9003ef8e175fc7ed5a7,estanciasInfantiles,0,"No es la misma educación que recibirían los niños, los abuelos los amamos pero en guardería hay personas dedicadas y especializada en actividades diversas y alimentación, lo digo por experiencia , mis hijos fueron llevados a guardería y es una ayuda,tranquilidad y rendimos más en",mx,0,0,0,0,0,1,0,0,0,no es la misma educación que recibirían los niños los abuelos los amamos pero en guardería hay personas dedicadas y especializada en actividades diversas y alimentación lo digo por experiencia mis hijos fueron llevados a guardería y es una ayuda tranquilidad y rendimos más en
71d558c4dd5977998148023c470c9edc,estanciasInfantiles,0,¿También esto te hace reír? pic.twitter.com/gjIDPuNPHG,mx,0,2,0,0,0,0,0,0,0,también esto te hace reír pic twitter com gjidpunphg
9bf828bad7e7b4e20ce2a966606ab490,estanciasInfantiles,0,"Y tú ya cuidas a tus nietos? Deberías quedarte en tu mecedora, con tu chal y tus lentes tomando un curso de superación personal para abuelitas que nunca aprendieron a respetar, no sea que eches a perder a tus nietos",mx,0,1,0,0,0,2,0,0,0,y tú ya cuidas a tus nietos deberías quedarte en tu mecedora con tu chal y tus lentes tomando un curso de superación personal para abuelitas que nunca aprendieron a respetar no sea que eches a perder a tus nietos
c3734e5759e322aa707c8170bcf35073,estanciasInfantiles,0,@CarlosUrzuaSHCP que impotencia saber que nos representan funcionarios  con esos pensamientos....Mexico en retroceso.,mx,0,0,0,0,0,0,1,0,1,[user] que impotencia saber que nos representan funcionarios con esos pensamientos mexico en retroceso
4093f733f7fd92d6ebde7f10df9b5d30,estanciasInfantiles,0,Jajajaja no tiene palabra no pudo con el debate con @FelipeCalderon luego se disculpó no tiene vergüenza #AmloNoSabesGobernar,mx,0,0,0,0,0,3,0,0,0,jajajaja no tiene palabra no pudo con el debate con [user] luego se disculpó no tiene vergüenza amlonosabesgobernar
d781d4c0f6a51bde4b1a450008777552,estanciasInfantiles,0,"Que golpista se ha vuelto, le queda mejor de simuladora...",mx,0,0,0,0,0,0,1,0,1,que golpista se ha vuelto le queda mejor de simuladora
0d80b70b5bddda33efab8a56cf3f4a43,estanciasInfantiles,0,"Es en serio? con la preparación que este señor? 🤦🏽‍♀️ Ojalá también los padres pudieran decidir no pagar impuestos si no existe educación de calidad, seguridad, ni servicios. Pero no, es obligatorio, a pesar de que no sean usados en mejorar el bienestar sino en dádivas proselitistas.",mx,0,2,0,3,0,6,0,0,0,es en serio con la preparación que este señor mujer_con_la_mano_en_la_frente_tono_de_piel_medio ojalá también los padres pudieran decidir no pagar impuestos si no existe educación de calidad seguridad ni servicios pero no es obligatorio a pesar de que no sean usados en mejorar el bienestar sino en dádivas proselitistas
b97cda3f9213f3dbe09909b446df4c4d,estanciasInfantiles,0,Ojo el recurso que les darán a los padres que tienen sus hijos en estas estancias es la misma cantidad que recibían las estancias yo creo que la solución sería que si se lo dieran directo a los padres como dice el gobierno pero en un vale solo cambiable en una guardería.,mx,0,0,0,0,0,0,0,0,0,ojo el recurso que les darán a los padres que tienen sus hijos en estas estancias es la misma cantidad que recibían las estancias yo creo que la solución sería que si se lo dieran directo a los padres como dice el gobierno pero en un vale solo cambiable en una guardería
9de418673f1979b4b679aaf2d95d4202,estanciasInfantiles,0,"No te rías te vayas a ahogar en la caca en que estás metida, eres un esquirol!",mx,1,0,0,0,0,1,0,0,0,no te rías te vayas a ahogar en la caca en que estás metida eres un esquirol
3c68c5552bd4a41cb85915984239ff0d,estanciasInfantiles,0,Por necesidad mis padres se fueron a trabajar fuera y mi abuela me crío no le veo lo malo,mx,0,0,0,0,0,1,0,0,0,por necesidad mis padres se fueron a trabajar fuera y mi abuela me crío no le veo lo malo
a1158ae2089c2629df570c0c1835a8ca,estanciasInfantiles,0,Te estás convirtiendo en una bruja si no es que siempre lo ha sido.!! ✌️🍀,mx,2,0,0,2,0,1,0,0,0,te estás convirtiendo en una bruja si no es que siempre lo ha sido mano_con_señal_de_victoria trébol_de_cuatro_hojas
8a36a872ec2e5e03db70637e7b333198,estanciasInfantiles,0,"Denise D. Esto es parte de una realidad de muchas personas con las que trato. Y no me parece motivo de risa, al contrario, hay muchas abuelas y abuelos a los qué hay que agradecer su presencia",mx,0,0,0,0,0,1,0,0,0,denise d esto es parte de una realidad de muchas personas con las que trato y no me parece motivo de risa al contrario hay muchas abuelas y abuelos a los qué hay que agradecer su presencia
05b6f4cb6bf15bc13532a3fa4f5b3df5,estanciasInfantiles,0,"En serio dijo, eso que poca madre",mx,0,0,0,0,0,0,0,0,0,en serio dijo eso que poca madre
faadb91c36a3b3b642d81245b0786764,estanciasInfantiles,0,Les urge sacar dinero de donde sea para pagarle a los ninis !,mx,1,0,0,0,0,0,0,0,0,les urge sacar dinero de donde sea para pagarle a los ninis
e8f636bc18fbe514c499b274f0b924d5,estanciasInfantiles,0,Semejante estupidez ha dicho este señor ....,mx,0,0,0,0,0,0,1,0,1,semejante estupidez ha dicho este señor
79e38ca3e8e8e1d283ebab2e4379d04f,estanciasInfantiles,0,Te aseguro que las madres y padres que necesitan una estancia infantil no se estarán riendo...,mx,0,0,0,0,0,1,1,0,1,te aseguro que las madres y padres que necesitan una estancia infantil no se estarán riendo
6d79762d328a8bdbf08bc9e1af4866dc,estanciasInfantiles,0,"Grandísimo estúpido. Nadie pone a sus hijos en una estancia por gusto, sino porque necesita salir a trabajar y ganarse la vida. Las más afectadas, como siempre, seran las madres trabajadoras mas pobres, que no pueden pagar un servicio privado de calidad.",mx,0,0,0,0,0,3,0,0,0,grandísimo estúpido nadie pone a sus hijos en una estancia por gusto sino porque necesita salir a trabajar y ganarse la vida las más afectadas como siempre seran las madres trabajadoras mas pobres que no pueden pagar un servicio privado de calidad
aee2a348f9eb13e33b6f099a01aadd07,estanciasInfantiles,0,"No será ley por lo que no es obligatorio, lxs abuelxs están para apapachar, no para cuidar y educar. Las estancias sí y las eligirán madres y padres de acuerdo al mejor servicio que les ofrezcan. Además de ser negocio particulares.",mx,0,0,0,0,0,3,0,0,0,no será ley por lo que no es obligatorio lxs abuelxs están para apapachar no para cuidar y educar las estancias sí y las eligirán madres y padres de acuerdo al mejor servicio que les ofrezcan además de ser negocio particulares
6603e88260753d0176e6b60967fcfb34,estanciasInfantiles,0,"Más bien es para fregar al nuevo gobierno, y usted señora, es parte de eso.",mx,0,0,0,0,0,0,0,0,0,más bien es para fregar al nuevo gobierno y usted señora es parte de eso
0513c51768ff2d1f599ec75ee541f842,estanciasInfantiles,0,"La arrogancia y egoísmo que menciono son de las personas que asumen que porque algunas personas mayores de edad les gusta cuidar a sus nietos/as, no significa que esté bien proponerlo a nivel nacional por medios gubernamentales. Concuerdo que casa uno debería decidir que hacer.",mx,0,0,0,0,0,1,0,0,0,la arrogancia y egoísmo que menciono son de las personas que asumen que porque algunas personas mayores de edad les gusta cuidar a sus nietos as no significa que esté bien proponerlo a nivel nacional por medios gubernamentales concuerdo que casa uno debería decidir que hacer
f083d324945eddd6093b86f371c47d17,estanciasInfantiles,0,"A ver cálmate, nadie esta diciendo que tus maestros mienten, lo único que a ustedes los amlovers les cuesta entender es como le haría una madre que no tiene a sus padres en la misma ciudad, no viven, o simplemente estan enfermos y no pueden cuidar.  Es tan difícil entender eso?",mx,0,1,0,0,0,4,0,0,0,a ver cálmate nadie esta diciendo que tus maestros mienten lo único que a ustedes los amlovers les cuesta entender es como le haría una madre que no tiene a sus padres en la misma ciudad no viven o simplemente estan enfermos y no pueden cuidar es tan difícil entender eso
90cbbb493d5ba863989b96d30ef30228,estanciasInfantiles,0,"A mi no me causa risa. Mucho más seguros con los abuelos, que con pedófilos, o golpeadores resentidos  o con irresponsables insensibles que gastan el dinero públicos y ponen en riesgo la vida de inocentes (ABC), esos que hasta sus amigos son. Pero algo la hizo reir doña amarguras",mx,0,0,1,0,0,1,0,0,0,a mi no me causa risa mucho más seguros con los abuelos que con pedófilos o golpeadores resentidos o con irresponsables insensibles que gastan el dinero públicos y ponen en riesgo la vida de inocentes abc esos que hasta sus amigos son pero algo la hizo reir doña amarguras
d85f5f2759a890554d95183c70830630,estanciasInfantiles,0,De que campaña es esta? Cuando ? que no me entere!!!,mx,3,2,0,0,0,1,1,0,0,de que campaña es esta cuando que no me entere
9a7f6c8162346d5ebf6839439a767902,estanciasInfantiles,0,En qué mundo vive esta tipa? Huy huy se asustan de esto pero los q realmente vivimos en la realidad sabemos q hay miles de abuel@s q cuidan a sus niet@s ..neta ya no se hagan pendej@s!!!,mx,3,1,0,0,0,1,1,0,0,en qué mundo vive esta tipa huy huy se asustan de esto pero los q realmente vivimos en la realidad sabemos q hay miles de abuel[user] q cuidan a sus niet[user] neta ya no se hagan pendej[user]
3c5c01c6041eea45bc2dbca86fef001a,estanciasInfantiles,0,"Los abuelos están para visitarlos de vez en cuando, no para trabajar cuidando niños, ya parece que doña Olga va a andar batallando con bebés por unos cuantos pesos 🤦🏻‍♀️🤦🏻‍♀️",mx,0,0,0,6,0,1,0,0,0,los abuelos están para visitarlos de vez en cuando no para trabajar cuidando niños ya parece que doña olga va a andar batallando con bebés por unos cuantos pesos mujer_con_la_mano_en_la_frente_tono_de_piel_claro mujer_con_la_mano_en_la_frente_tono_de_piel_claro
a90ce65a00388e19900dfdd863b6bb73,estanciasInfantiles,0,"La sabiduría de la señora es indudable y sin cuestión, pero la situación desde el cambio de gobierno a muchos no les gusto, la discusión se vino distorsionando en agresión y hasta el momento a venido en aumento y si continuamos nada va a terminar bien, como siempre a sido.",mx,0,0,0,0,0,3,0,0,0,la sabiduría de la señora es indudable y sin cuestión pero la situación desde el cambio de gobierno a muchos no les gusto la discusión se vino distorsionando en agresión y hasta el momento a venido en aumento y si continuamos nada va a terminar bien como siempre a sido
55c61a06576544e4acf82477fd86723a,estanciasInfantiles,0,QUE ME DISCULPE EL SR PRESIDENTE PERO ESTA MUY MAL SOLO ES DETECTAR EL PROBLEMA Y ERRADICARLO,mx,0,0,11,0,0,0,0,0,0,que me disculpe el sr presidente pero esta muy mal solo es detectar el problema y erradicarlo
2c6557378996b08151892c6787a9e925,estanciasInfantiles,0,"Una batería de estupideces que responden a la falta de criterio , estrategia y conocimiento . Improvisa conforme va metiendo la pata. Desgraciadamente sus seguidores no juzgan por qué son dogmáticos y con esto perdemos todos. No hay posibilidad de corregir errores.",mx,0,0,0,0,0,2,0,0,0,una batería de estupideces que responden a la falta de criterio estrategia y conocimiento improvisa conforme va metiendo la pata desgraciadamente sus seguidores no juzgan por qué son dogmáticos y con esto perdemos todos no hay posibilidad de corregir errores
890af2bf892ff81f9d3cb1ce588c6d54,estanciasInfantiles,0,Es que los chamacos huevones van a ser su voto duro No creas que van a regalar nuestros impuestos así como así,mx,0,0,0,0,0,1,0,0,0,es que los chamacos huevones van a ser su voto duro no creas que van a regalar nuestros impuestos así como así
b130616f606599a49b7a10339d25fc9f,estanciasInfantiles,0,Ni como ayudar a este sr. Urzua cada ocurrencia de la 4ta.,mx,0,0,0,0,0,1,0,0,0,ni como ayudar a este sr urzua cada ocurrencia de la 4ta
666e24981bbccf5a36e1368d5ce1f2b6,estanciasInfantiles,0,"Por cierto, mi Madre trabaja y a mis herman@s y a mi nos cuidó mi Abue materna. A ella le debo una gran educación y cimentación de valores de los cuales hoy me siento muy orgullosa.",mx,0,0,0,0,0,0,0,0,0,por cierto mi madre trabaja y a mis herman[user] y a mi nos cuidó mi abue materna a ella le debo una gran educación y cimentación de valores de los cuales hoy me siento muy orgullosa
34aa3a261d2b0d2bff23c9dc3092d50b,estanciasInfantiles,0,Y a ti que te cuide tu marido mugre vieja pedorra.,mx,0,0,0,0,0,0,0,0,0,y a ti que te cuide tu marido mugre vieja pedorra
c6091999a49ced8bc9460ca61a83903a,estanciasInfantiles,0,"suele pasar... es la ironía de la vida, en mi caso tengo bonitos recuerdos de mi abuela, pero ahora es a ella a la que hay que cuidarla, la vida da muchas vueltas 😔",mx,0,0,0,1,0,0,1,0,1,suele pasar es la ironía de la vida en mi caso tengo bonitos recuerdos de mi abuela pero ahora es a ella a la que hay que cuidarla la vida da muchas vueltas cara_desanimada
a01bddc12113185a735bc451ae574235,estanciasInfantiles,0,"Que risueña, la Sra. Se hubiera lanzado como presidenta, haber si tendría el mismo valor y pasión por el País que el presidente, no Sra. usted ya está rayando en lo senil se oye ridícula.",mx,0,0,0,0,0,1,0,0,0,que risueña la sra se hubiera lanzado como presidenta haber si tendría el mismo valor y pasión por el país que el presidente no sra usted ya está rayando en lo senil se oye ridícula
5029aab8da28d5ac239ec18f445d9167,estanciasInfantiles,0,Pobre tipa. Das pena. Exhibes tu miseria por un ‘like’. Ni modo. Para llorar 🤷🏻‍♀️,mx,0,0,0,3,0,1,0,2,0,pobre tipa das pena exhibes tu miseria por un like ni modo para llorar mujer_encogida_de_hombros_tono_de_piel_claro
69a9098c9c89796a9448ff5048f00cae,estanciasInfantiles,0,"Como casi siempre usted señora, torciendo y intentando manipular a su antojo, ES UNA OPCIÓN, ENTIENDA!!!",mx,3,0,3,0,0,0,1,0,0,como casi siempre usted señora torciendo y intentando manipular a su antojo es una opción entienda
1f5f8c5ed5caf4176e86c3782a698aff,estanciasInfantiles,0,"A mi me crió mi abuela. Lo hizo de forma excelente. Con todo el amor, el cariño y la dedicación. Aunq ya no vive, es una de las personas q mas amo y estaré agradecido con ella de por vida. Es un orgullo haber sido criado por mi abuela.",mx,0,0,0,0,0,1,0,0,0,a mi me crió mi abuela lo hizo de forma excelente con todo el amor el cariño y la dedicación aunq ya no vive es una de las personas q mas amo y estaré agradecido con ella de por vida es un orgullo haber sido criado por mi abuela
37996b0786732d50e5351a8ff07960e0,estanciasInfantiles,0,"Lo qué pasa es que en todos lados y a cualquier nivel, hay corrupción. Y ya basta!!!",mx,3,0,0,0,0,0,1,0,0,lo qué pasa es que en todos lados y a cualquier nivel hay corrupción y ya basta
6f41ee0aecb82dbca643b91eae83bf58,estanciasInfantiles,0,"Hola, Óscar. No me preocupa ser tan específico en la conceptualización, ni la opinión generalizada. Tan entendiste que aquí estás, dándote imagen, disfruta la tarde, aquí hace un sol aún cálido y sabroso. Saludos cordiales.",mx,0,0,0,0,0,2,0,0,0,hola óscar no me preocupa ser tan específico en la conceptualización ni la opinión generalizada tan entendiste que aquí estás dándote imagen disfruta la tarde aquí hace un sol aún cálido y sabroso saludos cordiales
991a76d9ae4b0d8b024bafcce28bf81e,estanciasInfantiles,0,Lo que se pretende no es quitarles “la ayuda” sino que las estancias “no inflen” las estadísticas y cobren niños que no existen,mx,0,0,0,0,0,4,0,4,0,lo que se pretende no es quitarles la ayuda sino que las estancias no inflen las estadísticas y cobren niños que no existen
848980f1cf428dcc9360c7c42ea88d8b,estanciasInfantiles,0,"No pongas a tus pobres alumnos a hacerte la tarea de diseño, enséñales a tener la mente abierta y flexible, si puedes.",mx,0,0,0,0,0,1,0,0,0,no pongas a tus pobres alumnos a hacerte la tarea de diseño enséñales a tener la mente abierta y flexible si puedes
249c404a8940ad208ddedf12bdc67e2f,estanciasInfantiles,0,Tú ni madre tuviste!!!😂😂😂,mx,3,0,0,3,0,1,2,0,0,tú ni madre tuviste cara_llorando_de_risa cara_llorando_de_risa cara_llorando_de_risa
8dbeda11ffad311e5db6b376b6061c17,estanciasInfantiles,0,Excepto que muchos padres tienen que hacer una actividad llamada trabajar.  No todos los padres siguen viviendo en casa de sus papás para que les cuiden a los chamacos ni tienen familiares cerca para eso.,mx,0,0,0,0,0,2,0,0,0,excepto que muchos padres tienen que hacer una actividad llamada trabajar no todos los padres siguen viviendo en casa de sus papás para que les cuiden a los chamacos ni tienen familiares cerca para eso
5faecb9784da39c4b5e7bef6b8bc2ce4,estanciasInfantiles,0,"Gran mamada. Los niños se desarrollan mejor entre niños, pero ya le entendí, los niños no votan.",mx,0,0,0,0,0,1,0,0,0,gran mamada los niños se desarrollan mejor entre niños pero ya le entendí los niños no votan
0c304408d1e56c93c593c8087c4559dd,estanciasInfantiles,0,"Ya estás bien pinche loca, dando patadas de ahogados porque no hay dinero que les regalen pinches sanguijuelas de agua puerca la #4taTransformacion va y los #Mexicanos los repudiamos a los corruptos como tu!",mx,1,0,0,0,0,1,0,0,0,ya estás bien pinche loca dando patadas de ahogados porque no hay dinero que les regalen pinches sanguijuelas de agua puerca la 4tatransformacion va y los mexicanos los repudiamos a los corruptos como tu
c4aec36265fdfb5a4f79b9cbb4880cd6,estanciasInfantiles,0,No se que tiene de divertido,mx,0,0,0,0,0,1,0,0,0,no se que tiene de divertido
98598fd7e103693b5a7be446c808c8e0,estanciasInfantiles,0,"Tú das mucha risa, supongo que involuntariamente",mx,0,0,0,0,0,0,0,0,0,tú das mucha risa supongo que involuntariamente
c668dcf0faed86a3c0e1e18062877cbc,estanciasInfantiles,0,"Excelente. Tengo familiares y amigos que finalmente a sus hijos los cuidan sus abuelos,tías etc...mientras ellos trabajan. No veo problema alguno en que reciban $950.00 pues corresponden a una prestación que no utilizan. Hay casos en que es más caro llevar al niño a la guardería.",mx,0,0,0,0,0,2,1,0,1,excelente tengo familiares y amigos que finalmente a sus hijos los cuidan sus abuelos tías etc mientras ellos trabajan no veo problema alguno en que reciban 950 00 pues corresponden a una prestación que no utilizan hay casos en que es más caro llevar al niño a la guardería
50dd3dd88098e83bc7e8888c4736c58c,estanciasInfantiles,0,Y cuando va a mostrar las irregularidades que había? Este gobierno no halla por donde lavar el cerebro a los incautos y después decirles vengan mejor yo les doy el dinero. Y así los sigue teniendo de su lado. Así empiezan los dictadores poco a poquito.,mx,0,1,0,0,0,1,0,0,0,y cuando va a mostrar las irregularidades que había este gobierno no halla por donde lavar el cerebro a los incautos y después decirles vengan mejor yo les doy el dinero y así los sigue teniendo de su lado así empiezan los dictadores poco a poquito
2e6d8b05ea26a200bf448e78812afe65,estanciasInfantiles,0,Y si que la tiene grande! De tanto mamar,mx,1,0,0,0,0,0,0,0,0,y si que la tiene grande de tanto mamar
bc2c85491cd09cab827073d1151db9b6,estanciasInfantiles,0,"Más allá del léxico perfecto que pretendes leer, ten la capacidad de observación e inteligencia para entender el mensaje",mx,0,0,0,0,0,0,0,0,0,más allá del léxico perfecto que pretendes leer ten la capacidad de observación e inteligencia para entender el mensaje
4f7f79ef9575864a1a31bae0b02b5aba,estanciasInfantiles,0,Que estupideces se les ocurre a estos de la #4taDeformación,mx,0,0,0,0,0,0,0,0,0,que estupideces se les ocurre a estos de la 4tadeformación
2a0fdaf54bfd499525f0ba35a7d59dab,estanciasInfantiles,0,"Ja ja ja, que? ya decreto que los abuelos deban cuidar a sus nietis, cuando salio en DOF ?",mx,0,2,1,0,0,0,0,0,0,ja ja ja que ya decreto que los abuelos deban cuidar a sus nietis cuando salio en dof
4196f8b483de6946913bd49b520efacd,estanciasInfantiles,0,"Exacto, siempre vamos a ser los más jodidos y afectados por la ignorancia colectiva!",mx,1,0,0,0,0,0,0,0,0,exacto siempre vamos a ser los más jodidos y afectados por la ignorancia colectiva
c9ce73cb955d3795a2558a62acbe79f3,estanciasInfantiles,0,"Los abuelos ya hicieron su vida, ya no tienen la misma energía para cuidar niños. Ellos que consientan a sus nietos. ¿Qué pasa con los niños que no tienen cerca a sus abuelos? La improvisación cuesta.",mx,0,2,0,0,0,2,0,0,0,los abuelos ya hicieron su vida ya no tienen la misma energía para cuidar niños ellos que consientan a sus nietos qué pasa con los niños que no tienen cerca a sus abuelos la improvisación cuesta
953caaf76a095ab1840dd760699627bf,estanciasInfantiles,0,En contra. Es una decisión de familia. Las abuelitas y las mamás no deberían verse forzadas a hacerlo por falta de opciones. Se supone que un gobierno debe buscar que su población tenga más oportunidades y opciones en vez de reducirlas.,mx,0,0,0,0,0,1,0,0,0,en contra es una decisión de familia las abuelitas y las mamás no deberían verse forzadas a hacerlo por falta de opciones se supone que un gobierno debe buscar que su población tenga más oportunidades y opciones en vez de reducirlas
ae16e9cbd41a7f46e6a8a4c06841d214,estanciasInfantiles,0,"que padre denisse ya vas a tener trabajo aunque tu ya eres una abuela caduca y con diarrea cerebral pero aun asi creo que podrás cuidar a tus nietos , ya que con @gibranrr no pudiste y te exhibió como lo que eres , solo una rémora más de la cloaca prianista neoliberal",mx,0,0,0,0,0,1,0,0,0,que padre denisse ya vas a tener trabajo aunque tu ya eres una abuela caduca y con diarrea cerebral pero aun asi creo que podrás cuidar a tus nietos ya que con [user] no pudiste y te exhibió como lo que eres solo una rémora más de la cloaca prianista neoliberal
c97c432d145d8608210b47fbd176c265,estanciasInfantiles,0,Se ve usted divinamente guapa ésta noche,mx,0,0,0,0,0,0,0,0,0,se ve usted divinamente guapa ésta noche
e912cd4028292cc8b4f154ec85b1df04,estanciasInfantiles,0,"Fue una sugerencia y ya que eres escritora, investiga cuántas abuelas en todo México, cuidan a sus nietos y sin que les paguen, pero como eres PANISTA, te dolió y se les acabó el negocio.",mx,0,0,1,0,0,1,0,0,0,fue una sugerencia y ya que eres escritora investiga cuántas abuelas en todo méxico cuidan a sus nietos y sin que les paguen pero como eres panista te dolió y se les acabó el negocio
fc844f40fc2f02c9ff8e57c14e3a9a5a,estanciasInfantiles,0,"Nadie dijo que es forzoso que los abuelos cuiden a sus nietos, es una opción, que de darse, todos ganan. Lo nietos que tendrán el carino  de los abuelos, los padres que tendran bien cuidados a su hijos y los abuelos que podran recibir un dinero que antes recibian las estancias.",mx,0,0,0,0,0,1,0,0,0,nadie dijo que es forzoso que los abuelos cuiden a sus nietos es una opción que de darse todos ganan lo nietos que tendrán el carino de los abuelos los padres que tendran bien cuidados a su hijos y los abuelos que podran recibir un dinero que antes recibian las estancias
774c0860f6b75b18a49db2b71cdd5acd,estanciasInfantiles,0,Cuando una mamá deje a su hijo de 7 a cuidar al de 2 años para quedase el dinero y ocurra un accidente a ver a quien le avienta la culpa,mx,0,0,0,0,0,0,0,0,0,cuando una mamá deje a su hijo de 7 a cuidar al de 2 años para quedase el dinero y ocurra un accidente a ver a quien le avienta la culpa
961ee19cb64259a269fb2645b348304f,estanciasInfantiles,0,Pero aprende a escribir.,mx,0,0,0,0,0,0,0,0,0,pero aprende a escribir
cd3ca4756ce2bee1dc5e6457a877d345,estanciasInfantiles,0,"Ami me cuido y no me volví sicario, ni indiferente a lo que ocurre en mi país y sociedad, la unión familiar se fortalece más cuando es la familia quien te inculca valores, que aquellos que por dinero solo pasan el rato con los niños @tatclouthier @JucaNoticias",mx,0,0,0,0,0,2,0,0,0,ami me cuido y no me volví sicario ni indiferente a lo que ocurre en mi país y sociedad la unión familiar se fortalece más cuando es la familia quien te inculca valores que aquellos que por dinero solo pasan el rato con los niños [user] [user]
9b1dfdb8b12fc8ba090a3875addd8a3d,estanciasInfantiles,0,"No es una regla; es una opción, si usted tiene un recurso decide, no necesariamente sería la abuela( háblese de un familiar) o aplicar el recurso a una estancia regulada, seguramente habrá empresarios que le apostaran a captar esos recursos brindando un servicio de calidad.",mx,0,0,0,0,0,2,0,0,0,no es una regla es una opción si usted tiene un recurso decide no necesariamente sería la abuela háblese de un familiar o aplicar el recurso a una estancia regulada seguramente habrá empresarios que le apostaran a captar esos recursos brindando un servicio de calidad
f619134c5966a9dcc400525032ce5083,estanciasInfantiles,0,"Lo que me gusta es que no saben leer y menos escuchar, solo leen y escuchan lo que les conviene. Ya como que el amarillismo se está descolorando",mx,0,0,0,0,0,1,0,0,0,lo que me gusta es que no saben leer y menos escuchar solo leen y escuchan lo que les conviene ya como que el amarillismo se está descolorando
9dac3dec9cf72bd4e6f3cfd47856d373,estanciasInfantiles,0,Jajajajajajajajaja...se les acabaron las concesiones...y quizás haya escepciones... pero ...,mx,0,0,0,0,0,0,4,0,4,jajajajajajajajaja se les acabaron las concesiones y quizás haya escepciones pero
aa9d5333430f1292d2b6034a17ebe1f3,estanciasInfantiles,0,"Está vieja panazi y malco, no sabe cómo llamar la atención",mx,0,0,0,0,0,1,0,0,0,está vieja panazi y malco no sabe cómo llamar la atención
16d5056952f549fdcd594d377aea66dd,estanciasInfantiles,0,Este tipo de personas son los que condenan a MEXICO a la mediocridad... definitivamente la 4ta transformacion es una degradacion...,mx,0,0,1,0,0,0,2,0,2,este tipo de personas son los que condenan a mexico a la mediocridad definitivamente la 4ta transformacion es una degradacion
7f9c2ca482a4fac919068f68c9c9b9f2,estanciasInfantiles,0,"Este tema debe de ser analizado más profundamente ya que si bien es cierto, el tema de guarderías es visto como un negocio redondo, hay personas que si dependen de este apoyo..",mx,0,0,0,0,0,0,0,0,0,este tema debe de ser analizado más profundamente ya que si bien es cierto el tema de guarderías es visto como un negocio redondo hay personas que si dependen de este apoyo
159fe8ad74483d000c13b023c110089a,estanciasInfantiles,0,"No terminamos de sorprendernos con estos funcionarios de cuarta, que invocan argumentos pueriles para justificar sus desatinos",mx,0,0,0,0,0,1,0,0,0,no terminamos de sorprendernos con estos funcionarios de cuarta que invocan argumentos pueriles para justificar sus desatinos
397bd00b93bff7d9736474da4336ce4a,estanciasInfantiles,0,La verdad. Que miedo,mx,0,0,0,0,0,0,0,0,0,la verdad que miedo
900c15ee2e8112768bdc6ed9cb0fa660,estanciasInfantiles,0,"Una auditoria y el posterior castigo soluciona la corrupción, solo hay que aplicar la ley.",mx,0,0,0,0,0,0,0,0,0,una auditoria y el posterior castigo soluciona la corrupción solo hay que aplicar la ley
f3f5eede5702a62fb47b80b38db5a7a5,estanciasInfantiles,0,"Es la realidad de la mayoria del país, ahora me van a decir que todos los niños menores de 3 años del país están en las estancias?!!... Pinche mexicano RAZONA ahora este apoyo será UNIVERSAL esa es la ventaja.Te dejas engañar con tan poquito. Porfin las mamás tendran un vdd apoyo",mx,2,1,2,0,0,0,1,0,1,es la realidad de la mayoria del país ahora me van a decir que todos los niños menores de 3 años del país están en las estancias pinche mexicano razona ahora este apoyo será universal esa es la ventaja te dejas engañar con tan poquito porfin las mamás tendran un vdd apoyo
34becb633e07f5fda43829a1d2f5171f,estanciasInfantiles,0,No mames @CarlosUrzuaSHCP eres igual de cretino que tu jefe lópez,mx,0,0,0,0,0,1,0,0,0,no mames [user] eres igual de cretino que tu jefe lópez
71175657059cc014e8d03d7a474fdbe0,estanciasInfantiles,0,"Es increíble, abren la boca y meten la pata, ya son automáticos. Además cuando las abuelas trabajamos también ¿quién los cuida? ¿Adultos mayores que ya no tienen la fuerza ni la paciencia? Son tan irresponsables en sus ""ideas"". Sólo se trata de terminar con todo lo que existe 🤦🏻‍♀️",mx,0,4,0,3,0,2,0,2,0,es increíble abren la boca y meten la pata ya son automáticos además cuando las abuelas trabajamos también quién los cuida adultos mayores que ya no tienen la fuerza ni la paciencia son tan irresponsables en sus ideas sólo se trata de terminar con todo lo que existe mujer_con_la_mano_en_la_frente_tono_de_piel_claro
f04043ed31e83aba60d79ef2929cf4b5,estanciasInfantiles,0,No sean hpm no desinformen el dijo que los papas o las madres solteras decidirán si con el dinero que les den los llevan a la estancia o le pagan a un familiar al abuelito abuelita,mx,0,0,0,0,0,2,0,0,0,no sean hpm no desinformen el dijo que los papas o las madres solteras decidirán si con el dinero que les den los llevan a la estancia o le pagan a un familiar al abuelito abuelita
925486a34eece3bff8502e23b30897d4,estanciasInfantiles,0,"No es verdad, ellas si no tienen personas de confianza podrán utilizarlo para pagar una estancia no tienen que ser sólo los abuelos se llama libre elección",mx,0,0,0,0,0,3,0,0,0,no es verdad ellas si no tienen personas de confianza podrán utilizarlo para pagar una estancia no tienen que ser sólo los abuelos se llama libre elección
e0f7ffed6da3f195294b4b521f990975,estanciasInfantiles,0,"Lo malo es que eso de la simulación y el desvío solo está e la mente del presi. Ni un solo documento como evidencia 🤷🏻‍♀️ Todo lo que no le guste lo tildara igual, nomás porque sí.",mx,0,0,0,3,0,2,0,0,0,lo malo es que eso de la simulación y el desvío solo está e la mente del presi ni un solo documento como evidencia mujer_encogida_de_hombros_tono_de_piel_claro todo lo que no le guste lo tildara igual nomás porque sí
4b57c12c81b9fc6a994d2ac5017501df,estanciasInfantiles,0,¡ Estos idiotas de la 4t no tienen límite ! No hay día que Amlo y su gabinte no den nota con comentarios tan estúpidos como este. En solo 2 meses ya hay más memes de ellos que los de todo el sexenio de Peña. ¿ No tendrán tantita vergüenza ?,mx,2,2,0,0,0,4,0,0,0,estos idiotas de la 4t no tienen límite no hay día que amlo y su gabinte no den nota con comentarios tan estúpidos como este en solo 2 meses ya hay más memes de ellos que los de todo el sexenio de peña no tendrán tantita vergüenza
d91bfdc9bfae92cd6748901c5421d70c,estanciasInfantiles,0,Por el amor de Dios ya no anuncien nada de ese viejo loco!!!!! Está bloqueado y lleno de sed venganza por sus fracasos anteriores bien merecidos. Es un asco escucharlo hablar sin sentido y lleno de odio. No caigan uds también en los juegos de Morena..... Qué les pasa,mx,5,0,0,0,0,4,2,0,1,por el amor de dios ya no anuncien nada de ese viejo loco está bloqueado y lleno de sed venganza por sus fracasos anteriores bien merecidos es un asco escucharlo hablar sin sentido y lleno de odio no caigan uds también en los juegos de morena qué les pasa
cb113722c686f2b8d50f81c3dd3eadb3,estanciasInfantiles,0,Solo los pend.... se pueden reír.  Es mejor que los padres decidan quién cuida a los hijos..  mil beses que te cuide tu abuelita .A. un desconocido,mx,0,0,0,0,0,0,1,0,1,solo los pend se pueden reír es mejor que los padres decidan quién cuida a los hijos mil beses que te cuide tu abuelita a un desconocido
d0b894be208794c39e66080eeea0002e,estanciasInfantiles,0,"Esta muy cabron el nivel de improvisación de este gabinete, una tras otra. Lo peor es que se están llevando entre las patas a la gente que voto por ellos.... #selesdijo #selesadvirtio #selessugirio 🤷🏻‍♂️",mx,0,0,0,3,0,0,1,0,1,esta muy cabron el nivel de improvisación de este gabinete una tras otra lo peor es que se están llevando entre las patas a la gente que voto por ellos selesdijo selesadvirtio selessugirio hombre_encogido_de_hombros_tono_de_piel_claro
d088e3f4e23d6aa880cf677df76b6aa3,estanciasInfantiles,0,Eres periodista. Tu función es ser crítica y estas ideas demenciales  son producto de mentes enfermas 🤢,mx,0,0,0,1,0,0,0,0,0,eres periodista tu función es ser crítica y estas ideas demenciales son producto de mentes enfermas cara_de_náuseas
5169439695c3548768be60f761877328,estanciasInfantiles,0,"El dinero se lo van a dar a los padres ellos pueden elegir a la persona adecuada, o dejarlos en una estancia infantil cual es el problema",mx,0,0,0,0,0,0,0,0,0,el dinero se lo van a dar a los padres ellos pueden elegir a la persona adecuada o dejarlos en una estancia infantil cual es el problema
39f02263a8c038fe5fab14bcb62cc88c,estanciasInfantiles,0,🤦🏽‍♀️el cuidado a sus nietos???? Hasta donde he oído con conocidos que son médicos la recomendación es que los abuelitos ya no cuiden a los nietos porque muchas veces los abuelitos sufren fracturas graves por cuidar a los nietos,mx,0,4,0,3,0,1,1,0,0,mujer_con_la_mano_en_la_frente_tono_de_piel_medio el cuidado a sus nietos hasta donde he oído con conocidos que son médicos la recomendación es que los abuelitos ya no cuiden a los nietos porque muchas veces los abuelitos sufren fracturas graves por cuidar a los nietos
068a4798bbea27d56ae8c4ab96b5fb33,estanciasInfantiles,0,Como pueden comprar el desarrollo en un Niño de kínder o guardería vs Cuidado por abuelitos. Los cuidarán con la Tv y ya. Cuanta ignorancia y menosprecio para los que estudiaron,mx,0,0,0,0,0,0,0,0,0,como pueden comprar el desarrollo en un niño de kínder o guardería vs cuidado por abuelitos los cuidarán con la tv y ya cuanta ignorancia y menosprecio para los que estudiaron
7ff3c968c2358d81a864deb10442a56f,estanciasInfantiles,0,Y si no tienen abuelitos????,mx,0,4,0,0,0,1,1,0,0,y si no tienen abuelitos
00d27aa449deedb03b228dc7f4f46591,estanciasInfantiles,0,"Es absurdo su comentario y totalmente cuestionable. ¿Si sabe usted como funcionaban las estancias? ¿entró alguna vez a una? ¿trabajó alguna vez en una? ¿sabía como se otorgaban los permisos para funcionar? ...bueno, ahí le encargo.",mx,0,8,0,0,0,0,1,0,1,es absurdo su comentario y totalmente cuestionable si sabe usted como funcionaban las estancias entró alguna vez a una trabajó alguna vez en una sabía como se otorgaban los permisos para funcionar bueno ahí le encargo
f5c854f852aa47ead92459e0058bea14,estanciasInfantiles,0,"No tiene la menor idea de la realidad, los abuelitos de estas generaciones hemos trabajado siempre, Antes de regretear un programa social imprescindible deben conocerlo.",mx,0,0,0,0,0,1,0,0,0,no tiene la menor idea de la realidad los abuelitos de estas generaciones hemos trabajado siempre antes de regretear un programa social imprescindible deben conocerlo
61958a2d4e07043772be130ba5770224,estanciasInfantiles,0,"Es absurdo. Sin lugar a dudas provocará que varias estancias desaparezcan y las que queden reducirán su personal. En resumen, se traduce en más personas que quedarán DESEMPLEADAS... Qué no una de las labores del gobierno es crear empleos? #CPT #MexicoReflexivo #Re_AccionCiudadana",mx,0,1,2,0,0,2,1,0,1,es absurdo sin lugar a dudas provocará que varias estancias desaparezcan y las que queden reducirán su personal en resumen se traduce en más personas que quedarán desempleadas qué no una de las labores del gobierno es crear empleos cpt mexicoreflexivo re_accionciudadana
1f17b55a6cefb3cb64400f235a733803,estanciasInfantiles,0,Entonces todos los abuelos lo deben hacer? Tu abuela tuvo en sus manos la decisión nadie la obligó.,mx,0,1,0,0,0,1,0,0,0,entonces todos los abuelos lo deben hacer tu abuela tuvo en sus manos la decisión nadie la obligó
bc5f7f07f347b767ee7e081d44a841d8,estanciasInfantiles,0,Te cuesta trabajo creer que hay mujeres y hombres que disfrutan mucho cuidar a sus nietos?,mx,0,1,0,0,0,0,0,0,0,te cuesta trabajo creer que hay mujeres y hombres que disfrutan mucho cuidar a sus nietos
8eda8905014c322097b5769fd64c650a,estanciasInfantiles,0,"Yo diría dra. Denise, que para ud. esa imagen no es como dice, para reir, mas bien para ud. es para "" ROER"" los más inquietos en tiempos de paz son los mas violentos, como ud.",mx,0,0,1,0,0,1,0,2,0,yo diría dra denise que para ud esa imagen no es como dice para reir mas bien para ud es para roer los más inquietos en tiempos de paz son los mas violentos como ud
136cd44333208a3d7bad108aec910241,estanciasInfantiles,0,"Ya estan haciendo sus ayudas clientelares para estar mucho tiempo en el.poder, si no al tiempo, si ya tiene la candidata para dentro 6 años, claudia esta lista y haciendo campaña",mx,0,0,0,0,0,1,0,0,0,ya estan haciendo sus ayudas clientelares para estar mucho tiempo en el poder si no al tiempo si ya tiene la candidata para dentro 6 años claudia esta lista y haciendo campaña
9fef2e95668d5441b939f68fd3bf722d,estanciasInfantiles,0,Dice mi esposa que @CarlosUrzuaSHCP Ponga el ejemplo! ¡Que Deje de Trabajar para que cuide a sus NIETOS! También le manda decir; Inche Viejo tan RIDÍCULO! #amlonomerepresenta #AmloNoSabeGobernar #AMLOEsCaos,mx,4,0,2,0,0,0,0,0,0,dice mi esposa que [user] ponga el ejemplo que deje de trabajar para que cuide a sus nietos también le manda decir inche viejo tan ridículo amlonomerepresenta amlonosabegobernar amloescaos
43997cd4aef0d8b98c22d495bd3d09e1,estanciasInfantiles,0,"Me hubiera encantado que me cuidara, una super mujer.",mx,0,0,0,0,0,0,0,0,0,me hubiera encantado que me cuidara una super mujer
e8cff9e0ae19122f182a867deae3f533,estanciasInfantiles,0,El gobierno de la estupidez... neta?,mx,0,1,0,0,0,0,1,0,1,el gobierno de la estupidez neta
2786b0eb009e877c6350582675164a80,estanciasInfantiles,0,Hay psicología para amortiguar vivencias negativas.,mx,0,0,0,0,0,0,0,0,0,hay psicología para amortiguar vivencias negativas
073828f63410507e4401c6637a848fe6,estanciasInfantiles,0,"En contra, va a crecer el desempleo y muchos abuelitos, ya no están en edad de cuidar niños, ¿ y como van censar y confirmar la veracidad.",mx,0,1,0,0,0,1,0,0,0,en contra va a crecer el desempleo y muchos abuelitos ya no están en edad de cuidar niños y como van censar y confirmar la veracidad
07e4033b54682d3856288707997b3328,estanciasInfantiles,0,Cualquiera prefiere a la abuela o la mamá que una guardería,mx,0,0,0,0,0,0,0,0,0,cualquiera prefiere a la abuela o la mamá que una guardería
292e06ad7d0f69a80d42ee60f860407c,estanciasInfantiles,0,Y los que no tiene abuelos? Cínicos,mx,0,1,0,0,0,1,0,0,0,y los que no tiene abuelos cínicos
49ffa45fc863402a6d9c2c721910b0b3,estanciasInfantiles,0,Y si ya murieron tus abuelos ? ...  o viven muy lejos ? ... o no pueden ? ... o no quieren ? ... ese señor no se cansa de decir estupideces y ahora hasta pretende organizar nuestras familias ...,mx,0,4,0,0,0,3,5,0,5,y si ya murieron tus abuelos o viven muy lejos o no pueden o no quieren ese señor no se cansa de decir estupideces y ahora hasta pretende organizar nuestras familias
888f9ccf6841b2f64ac595f53a56f1f1,estanciasInfantiles,0,"No estoy de acuerdo. Los cuidados infantiles requieren de gente profesional y calificada con experiencia al respecto. Un abuelo o abuela no están calificados para tal, la etiqueta afectiva que se les da no responde al trabajo realizado en las estancias infantiles. Sean serios.",mx,0,0,0,0,0,3,0,0,0,no estoy de acuerdo los cuidados infantiles requieren de gente profesional y calificada con experiencia al respecto un abuelo o abuela no están calificados para tal la etiqueta afectiva que se les da no responde al trabajo realizado en las estancias infantiles sean serios
d4c09de6c06ba1aeae3679feac9c3281,estanciasInfantiles,0,"Y por gobiernos populistas, latinoamérica está en crisis.",mx,0,0,0,0,0,0,0,0,0,y por gobiernos populistas latinoamérica está en crisis
8b9efb74daadc30ca07e8ce4bdb0d8ae,estanciasInfantiles,0,Es una responsabilidad muy grande para cualquier persona y mucho más para los abuelos pues en caso de alguna urgencia no quiero imaginar lo que podría pasar.  Urzúa esta demente.,mx,0,0,0,0,0,1,0,0,0,es una responsabilidad muy grande para cualquier persona y mucho más para los abuelos pues en caso de alguna urgencia no quiero imaginar lo que podría pasar urzúa esta demente
6f10f39a0c6adaf0add160590ac7cc57,estanciasInfantiles,0,Cada día están más estupidos!,mx,1,0,0,0,0,0,0,0,0,cada día están más estupidos
7e24e301598f24739c8f125fe8fd4966,estanciasInfantiles,0,Por tú foto de perfil?,mx,0,1,0,0,0,0,0,0,0,por tú foto de perfil
07e3606f56df6e56105756f89f367549,estanciasInfantiles,0,"Las abuelas ya criaron hijos, a la vez a muchas ya les tocó trabajar fuera de casa; no es tiempo de dejarlas descansar? O que, vamos a tenerlas trabajando hasta el día de su muerte? Que poca madre!",mx,1,2,0,0,0,1,0,0,0,las abuelas ya criaron hijos a la vez a muchas ya les tocó trabajar fuera de casa no es tiempo de dejarlas descansar o que vamos a tenerlas trabajando hasta el día de su muerte que poca madre
30c5b848de0b9c1c67748957bfd9deed,estanciasInfantiles,0,Se ríe porque es una sociópata.,mx,0,0,0,0,0,0,0,0,0,se ríe porque es una sociópata
222da05ddf6d3161c2ca04a4c205ecef,estanciasInfantiles,0,"Claro q la atención noes la misma,empezando por la edad,los estudios sobre niños,el espacio,la energía,y simple y sencillamente q ya note mueves igual,no corres,la paciencia,hasta para preparar la comida,en fin,el SHCP será muy secretario y aunque lo defienda amlo no tienen razón",mx,0,0,1,0,0,2,0,0,0,claro q la atención noes la misma empezando por la edad los estudios sobre niños el espacio la energía y simple y sencillamente q ya note mueves igual no corres la paciencia hasta para preparar la comida en fin el shcp será muy secretario y aunque lo defienda amlo no tienen razón
2f1cb56a3baf598b58ff111594dfddd9,estanciasInfantiles,0,"Para reír sus notas venenosas, señora.",mx,0,0,0,0,0,0,0,0,0,para reír sus notas venenosas señora
24999a714029b350e534012494987df7,estanciasInfantiles,0,"Bueno bueno, y usted cuantas crías tiene, o porque la hace tanto de pedo???!!!",mx,3,3,0,0,0,0,2,0,0,bueno bueno y usted cuantas crías tiene o porque la hace tanto de pedo
8d5c29a0d381e4f1762076d4df60dd41,estanciasInfantiles,0,"El gobierno dijo REVISAR, no quitar guarderías. Además habrá que checar el inegi para ver si realmente el promedio de edad son 65 u 80 años, ya que ésta es una generación que fuimos padres muy jóvenes.  La que necesita revisar su comprensión es otra.",mx,0,0,1,0,0,1,0,0,0,el gobierno dijo revisar no quitar guarderías además habrá que checar el inegi para ver si realmente el promedio de edad son 65 u 80 años ya que ésta es una generación que fuimos padres muy jóvenes la que necesita revisar su comprensión es otra
be4d08406e27f5304b5a6714fa5d7119,estanciasInfantiles,0,"Y tú te haces decir periodista?. No lo creo, tú eres pseudo periodista!. Lo bueno que yo me informó todos los días en la mañanera de nuestro Presidente..",mx,1,1,0,0,0,1,0,0,0,y tú te haces decir periodista no lo creo tú eres pseudo periodista lo bueno que yo me informó todos los días en la mañanera de nuestro presidente
aa7f50c5419d0f1022aee3bbaa4f65e6,estanciasInfantiles,0,"Si, que bueno que tenemos a nuestras madres. Tambien esta bien las que no les guste y no por eso son malas, todo es cuestión de gustos.",mx,0,0,0,0,0,2,0,0,0,si que bueno que tenemos a nuestras madres tambien esta bien las que no les guste y no por eso son malas todo es cuestión de gustos
9e36183b083a98eb28daf7b35fdf72f7,estanciasInfantiles,0,"¿Y con el 50% de reducción al presupuesto para estancias infantiles, también van a reducir al 50% las aportaciones para guarderías en los impuestos que se pagan al IMSS en las nóminas?, o ¿solo es con fines de crear una base electoral controlable? #AMLOEsCaos #AmloNoSabeGobernar",mx,0,4,1,0,0,0,0,0,0,y con el 50 de reducción al presupuesto para estancias infantiles también van a reducir al 50 las aportaciones para guarderías en los impuestos que se pagan al imss en las nóminas o solo es con fines de crear una base electoral controlable amloescaos amlonosabegobernar
57921d02794d8e8f1d601b833c7402c9,estanciasInfantiles,0,Cuanta pendejada dicen estos imbeciles,mx,0,0,0,0,0,0,0,0,0,cuanta pendejada dicen estos imbeciles
fefbaf5060f2ddb0a6e8de33dda078b5,estanciasInfantiles,0,Mi abuela se hizo cargo d mi prima y a mi me amo profundamente y yo a ella.  El dinero se sigue aportando solo habrá que resolver con el tiempo que es lo más conveniente porque es real hay mucha corruptela usted debería saberlo y hay mucha necesidad en las familias. Ya veremos,mx,0,0,0,0,0,0,0,0,0,mi abuela se hizo cargo d mi prima y a mi me amo profundamente y yo a ella el dinero se sigue aportando solo habrá que resolver con el tiempo que es lo más conveniente porque es real hay mucha corruptela usted debería saberlo y hay mucha necesidad en las familias ya veremos
ec2742e1b69e4a82d264711c3d243186,estanciasInfantiles,0,Ya no saben  ni que decir. Y resultan puras babosadas.,mx,0,0,0,0,0,2,0,0,0,ya no saben ni que decir y resultan puras babosadas
288e1b1810cf1b5d20174c95d87497ab,estanciasInfantiles,0,"Parece que solo te queda ese recurso. Uno de los grandes problemas sociales, es la desintegración familiar, muchos abuelos ayudan a cuidar a sus nietos, si además de eso la familia recibe un apoyo, que sin duda algunos necesitan, es un avance y para nada motivo para reir.",mx,0,0,0,0,0,2,0,0,0,parece que solo te queda ese recurso uno de los grandes problemas sociales es la desintegración familiar muchos abuelos ayudan a cuidar a sus nietos si además de eso la familia recibe un apoyo que sin duda algunos necesitan es un avance y para nada motivo para reir
97d3de0bfea6d59ab0e4a0a0a0867b1e,estanciasInfantiles,0,"Como que hacer chsites no es lo tuyo, Denise; ya viste como te fue con Con Gibrán hace como dos  meses...",mx,0,0,0,0,0,1,1,0,1,como que hacer chsites no es lo tuyo denise ya viste como te fue con con gibrán hace como dos meses
80ffa1c86c0ed06782be2fa42c0eb652,estanciasInfantiles,0,"Jajajajajajajaja va más allá de mi razonamiento que en verdad hayan votado por éstas pendejadas de personas. Ni modo, ahora aténganse a las consecuencias!",mx,1,0,0,0,0,1,0,0,0,jajajajajajajaja va más allá de mi razonamiento que en verdad hayan votado por éstas pendejadas de personas ni modo ahora aténganse a las consecuencias
2bf78c238d1fdf9774c20f77fc9815eb,estanciasInfantiles,0,Pobres de los que vienen de Provincia y los Abuelos están lejos. Por algo así a Cordero lo quemamos.,mx,0,0,0,0,0,0,0,0,0,pobres de los que vienen de provincia y los abuelos están lejos por algo así a cordero lo quemamos
2ef7fdd5d70d4b9fb59d9b05b9605f0f,estanciasInfantiles,0,"En realidad crees factible que la propuesta sea general y no considere esas excepciones? La vd, sí sí lo crees ps es tu forma de entender el mundo... ya lo verificaste en algún comunicado o afirmas sin verificar?",mx,0,2,0,0,0,2,1,0,1,en realidad crees factible que la propuesta sea general y no considere esas excepciones la vd sí sí lo crees ps es tu forma de entender el mundo ya lo verificaste en algún comunicado o afirmas sin verificar
d7e30b740b1dee3fa6de88ffdb25ff6e,estanciasInfantiles,0,"Yo sugiero que, los primeros en atender esta recomendación, sean los miembros del gabinete, empezando por  @CarlosUrzuaSHCP, que seguro tiene nietos y algunos otros deben tener ya hasta bisnietos. Lo que sigue es que manden a las mujeres a su casa ... #CosasDeLa4T #PurasPayasadas",mx,0,0,0,0,0,0,1,0,1,yo sugiero que los primeros en atender esta recomendación sean los miembros del gabinete empezando por [user] que seguro tiene nietos y algunos otros deben tener ya hasta bisnietos lo que sigue es que manden a las mujeres a su casa cosasdela4t puraspayasadas
f9b319543ca6523acd091c2cd1d2f84e,estanciasInfantiles,0,"No demuestren ignorancia, cada familia decidirá donde dejar a sus hijos, en la estancia infantil, niñera, abuelos etcétera. El costo es el mismo para el gobierno, habrá un presupuesto. Todos debemos aprender a ser mejores en todos los aspectos",mx,0,0,0,0,0,1,0,0,0,no demuestren ignorancia cada familia decidirá donde dejar a sus hijos en la estancia infantil niñera abuelos etcétera el costo es el mismo para el gobierno habrá un presupuesto todos debemos aprender a ser mejores en todos los aspectos
8d1a29f83bd59741aeee648d45f87725,estanciasInfantiles,0,"Mala decisión, muy mala... Como si las abuelas o los tíos estuvieran suficientemente capacitados para cuidar a un niño, serán niños sin un buen desarrollo motriz.",mx,0,0,0,0,0,1,1,0,1,mala decisión muy mala como si las abuelas o los tíos estuvieran suficientemente capacitados para cuidar a un niño serán niños sin un buen desarrollo motriz
5eba020bfdb53d9f5af30fc5f9748471,estanciasInfantiles,0,A favor porque así ganaran su dinerito,mx,0,0,0,0,0,0,0,0,0,a favor porque así ganaran su dinerito
74f4041287cd5270dcfb35c2f4bcf473,gobiernoCDMX,1,"Ellos se la pasaron creando campañas como la de No + sangre para sabotear a otros gobiernos, el león cree que todos son de su condición.",mx,0,0,0,0,0,1,0,0,0,ellos se la pasaron creando campañas como la de no sangre para sabotear a otros gobiernos el león cree que todos son de su condición
d5770002abbe9aa01c8eeb6e7494448c,gobiernoCDMX,1,Lo voy a retwitear y no es que te odie o que quiera que tengas una enemiga perra y maldita con su propio genero!!!!,mx,4,0,0,0,0,1,1,0,0,lo voy a retwitear y no es que te odie o que quiera que tengas una enemiga perra y maldita con su propio genero
d2007dda4f18d4d0cf166cca7b099abb,gobiernoCDMX,1,Les quedaron bonitos los espectaculares #LasHijasDeLaMx,mx,0,0,0,0,0,0,0,0,0,les quedaron bonitos los espectaculares lashijasdelamx
94568bed107930869666ab61a15d5baf,gobiernoCDMX,1,"Amigas del #Mexico de @lopezobrador_ . Por favor; jamás intenten defenderse, salvar sus vidas y mucho menos publicar en redes que fueron víctimas de un asalto o violación ¿Acaso no ven, que lastiman la imagen de @Claudiashein, del presidente y de #Morena?  No sean ingratas carajo",mx,0,2,0,0,0,3,0,0,0,amigas del mexico de [user] por favor jamás intenten defenderse salvar sus vidas y mucho menos publicar en redes que fueron víctimas de un asalto o violación acaso no ven que lastiman la imagen de [user] del presidente y de morena no sean ingratas carajo
b011b7da198ba51b5e9a92dec351664a,gobiernoCDMX,1,"Prohibir, prohibir y prohibir.... estos de morena igual que el PRD de donde provienen se dicen de izquierda pero solo saben limitar libertades, son más fascistas que Musolini",mx,0,0,1,0,0,0,1,0,1,prohibir prohibir y prohibir estos de morena igual que el prd de donde provienen se dicen de izquierda pero solo saben limitar libertades son más fascistas que musolini
12753f6dae74672c10b8b9d7858f34f0,gobiernoCDMX,1,Será mejor algo como #ElPitoDeMancera ?  O ... No entendí bien el mensaje 💁,mx,0,1,0,1,0,1,1,0,1,será mejor algo como elpitodemancera o no entendí bien el mensaje persona_de_mostrador_de_información
17f63d11e883c333096d141d1cf30b88,gobiernoCDMX,1,"Y por cierto, tan estúpidos consideras a tus fieles seguidores para usar con ellos la sicóloga inversa y qué hagan lo que tú quieres? Sí que estás y están jodidos.",mx,0,1,0,0,0,0,0,0,0,y por cierto tan estúpidos consideras a tus fieles seguidores para usar con ellos la sicóloga inversa y qué hagan lo que tú quieres sí que estás y están jodidos
368fa039b0ec21fedbb53d8446baa0a4,gobiernoCDMX,1,Y cadena perpetua para quienes inventaron las gomichelas... Guarros... Jajaja,mx,0,0,0,0,0,0,2,0,2,y cadena perpetua para quienes inventaron las gomichelas guarros jajaja
a2322518dfb6d196af77067c3f31a44a,gobiernoCDMX,1,"Ella sola se daña con sus declaraciones absurdas,no necesita ayuda!!! #ME ESTÁN LLEVANDO",mx,3,0,2,0,0,1,1,0,0,ella sola se daña con sus declaraciones absurdas no necesita ayuda me están llevando
7ef363089c254a60074a1a02e2331a3f,gobiernoCDMX,1,Decirla bruta es un insulto menor .... Digamos que es una completa PENDEJA,mx,0,0,1,0,0,0,1,0,1,decirla bruta es un insulto menor digamos que es una completa pendeja
facb983f8a8972b23f62f6f7ae1cac34,gobiernoCDMX,1,"Este tipejo y su filosofía barata. Este buey ha de ver nacido en Holanda, porque Holanda cagando por aquí, o Holanda cagando por allá. Así se expresan estos pseudo políticos fracasados. Saludos",mx,0,0,0,0,0,0,0,0,0,este tipejo y su filosofía barata este buey ha de ver nacido en holanda porque holanda cagando por aquí o holanda cagando por allá así se expresan estos pseudo políticos fracasados saludos
4b24877d74cb0d21bb01978e30764a58,gobiernoCDMX,1,"Una buena causa  ay, ternurita",mx,0,0,0,0,0,0,0,0,0,una buena causa ay ternurita
c7ef4e3149e00caeee145c1cce160b69,gobiernoCDMX,1,Muchos pretextos para no perder clientela electoral,mx,0,0,0,0,0,1,0,0,0,muchos pretextos para no perder clientela electoral
7eb2c224cd011754a9de36494e8d2238,gobiernoCDMX,1,A ella se la Está Llevando la chingada por inepta,mx,0,0,0,0,0,0,0,0,0,a ella se la está llevando la chingada por inepta
654741d4e5292be43d5c17109c5e3d3f,gobiernoCDMX,1,Pero bien que tuvieron dinero para sus fiestones en el #Azteca no? Que ridículos!,mx,1,1,0,0,0,1,0,0,0,pero bien que tuvieron dinero para sus fiestones en el azteca no que ridículos
a931f4c0b0a0fdf2c78072d10133f6e0,gobiernoCDMX,1,Cuando solito te delatas porque estas haciendo las cosas mal.,mx,0,0,0,0,0,0,0,0,0,cuando solito te delatas porque estas haciendo las cosas mal
690a6db976032e248f46212a8160d581,gobiernoCDMX,1,🤦🏻‍♀️🤦🏻‍♀️🤦🏻‍♀️🤦🏻‍♀️😂😂 no se si reír o llorar con sus súper cambios según ellos,mx,0,0,0,14,0,1,0,0,0,mujer_con_la_mano_en_la_frente_tono_de_piel_claro mujer_con_la_mano_en_la_frente_tono_de_piel_claro mujer_con_la_mano_en_la_frente_tono_de_piel_claro mujer_con_la_mano_en_la_frente_tono_de_piel_claro cara_llorando_de_risa cara_llorando_de_risa no se si reír o llorar con sus súper cambios según ellos
0fd14ffe3daac29c4f462decbe8be924,gobiernoCDMX,1,Entonces sugieres no usar #MeEstánLlevando? No vaya ser que se haga trending topic,mx,0,1,0,0,0,2,0,0,0,entonces sugieres no usar meestánllevando no vaya ser que se haga trending topic
f8cd8179fbf6ac978ce6b7859b9ba22f,gobiernoCDMX,1,La transformación de cuarta,mx,0,0,0,0,0,0,0,0,0,la transformación de cuarta
1933fbbd010c0b5f707f5f4132a8f108,gobiernoCDMX,1,"No, no, calladitas para no afectar la impoluta imagen de la Sheinbaum... Espera, ¿es la misma del caso Rébsamen?",mx,0,2,0,0,0,3,1,0,1,no no calladitas para no afectar la impoluta imagen de la sheinbaum espera es la misma del caso rébsamen
5f110540ebfbef97173720009a9ede41,gobiernoCDMX,1,El hagstag que debería usar @Claudiashein debería ser: #LlevámeLaChingadaAhoraQuéHago?,mx,0,1,0,0,0,0,0,0,0,el hagstag que debería usar [user] debería ser llevámelachingadaahoraquéhago
ba7760d0ac508b2fd877eda5baeceacd,gobiernoCDMX,1,"De que nos están llevando, nos están llevando y no precisamente, al rancho del sr Obrador, nos está cargando a la...ch......",mx,0,0,0,0,0,1,2,0,3,de que nos están llevando nos están llevando y no precisamente al rancho del sr obrador nos está cargando a la ch
41746d56cff0898d8fad77d8e13afb2c,gobiernoCDMX,1,"Que hay que gritar cuando secuestran a los hombres?? Dónde está la equidad, la igualdad. Que no dan la opción para los hombres.???",mx,0,5,0,0,0,1,1,0,0,que hay que gritar cuando secuestran a los hombres dónde está la equidad la igualdad que no dan la opción para los hombres
03e8b8a75b2755c4cfd892f2f3662d23,gobiernoCDMX,1,Y ante las ocurrencias de ysq podemos decir ¡NOS ESTÁ LLEVANDO LA TIZNADA!! ¿A ver si vos hacen caso?,mx,3,2,4,0,0,0,0,0,0,y ante las ocurrencias de ysq podemos decir nos está llevando la tiznada a ver si vos hacen caso
52301f468f6b9be95aaba556a5774046,gobiernoCDMX,1,"Pobrecilla la Sheiman... ya se le metió al cerebro el pejevirus... tiene el mismo mal  del Presidente actual, TODO DE LO QUE SON RESPONSABLES Y LES SALE  SALE MAAAL.... ES CULPA DE LOS DEMAS.... EL PUEBLO MALO",mx,0,0,13,0,0,0,5,0,4,pobrecilla la sheiman ya se le metió al cerebro el pejevirus tiene el mismo mal del presidente actual todo de lo que son responsables y les sale sale maal es culpa de los demas el pueblo malo
873111e2efdb4aaa8af671759aa55341,gobiernoCDMX,1,"¿Y como gritan las mujeres que enganchas y explotas, junto con ""La cachetes de yoyo?  Anda que te compre quien no te conozca #MiserableExplotador",mx,0,2,0,0,0,1,0,1,0,y como gritan las mujeres que enganchas y explotas junto con la cachetes de yoyo anda que te compre quien no te conozca miserableexplotador
9b4dcbb2389824c7542aecb83e81c2bd,gobiernoCDMX,1,"Jajaja, perdón me ganó el RT.",mx,0,0,0,0,0,0,0,0,0,jajaja perdón me ganó el rt
51238b8829f1867f7aeec81f19986aad,gobiernoCDMX,1,"Queeeeeeeeeeeeeeeeee? Eso sí que no, mis chelas no!!!!",mx,4,1,0,0,0,2,2,0,0,quee eso sí que no mis chelas no
41230bcac4abd76219f120d1932d9868,gobiernoCDMX,1,primero yo y después yo,mx,0,0,0,0,0,0,0,0,0,primero yo y después yo
22a105443d4bf6c381bcd69708fe6547,gobiernoCDMX,1,Ups! Ya lo retwitté 😁,mx,1,0,0,1,0,0,0,0,0,ups ya lo retwitté cara_radiante_con_ojos_sonrientes
3052f4a6612b5f12c09e83a22298ec24,gobiernoCDMX,1,El curita para la enorme hemorragia #MeEstánLlevando,mx,0,0,0,0,0,0,0,0,0,el curita para la enorme hemorragia meestánllevando
1988812c2e8bb52517f6f2fd2e6155b3,gobiernoCDMX,1,"Upss! Ya lo hice,perdón es que pensé  en todas aquellas mujeres que hay pasado estas situaciones y no en la ególatra ridícula de @Claudiashein",mx,1,0,0,0,0,1,0,0,0,upss ya lo hice perdón es que pensé en todas aquellas mujeres que hay pasado estas situaciones y no en la ególatra ridícula de [user]
59c69c2a4d747de2f79452c1b47b01f1,gobiernoCDMX,1,A los hombres no hay pedo que los secuestren...,mx,0,0,0,0,0,1,1,0,1,a los hombres no hay pedo que los secuestren
15e831bbfc0fd3ace7ba824a2326b765,gobiernoCDMX,1,"Uta, lo que le urge a este país #Sarcasmo",mx,0,0,0,0,0,0,0,0,0,uta lo que le urge a este país sarcasmo
edf0f21ae59371c5bd4705a91a78935b,gobiernoCDMX,1,Ya le dí  RT 🤷‍♀️,mx,0,0,0,2,0,0,0,0,0,ya le dí rt mujer_encogida_de_hombros
9e7201b8921eae47a5866d8adb5a2716,gobiernoCDMX,1,También que les repartan silbatos ¿no? a ti si te pagan por decir pendejadas,mx,0,2,0,0,0,1,0,0,0,también que les repartan silbatos no a ti si te pagan por decir pendejadas
a365a83c097f18485c52eb608d1b8b2d,gobiernoCDMX,1,"Esto si me parece una falta de respeto, la verdad.",mx,0,0,0,0,0,0,0,0,0,esto si me parece una falta de respeto la verdad
420042047b014609db30e64ce8dd5fd6,gobiernoCDMX,1,"Diablos!! Ya le di RT Disculpa, no lo vuelvo a hacer",mx,2,0,0,0,0,1,0,0,0,diablos ya le di rt disculpa no lo vuelvo a hacer
4f4716d1f7bfe032b946ad53633dbd5f,gobiernoCDMX,1,Ay si!!! vieras tooodaaaas las que se ofrecen a ser secuestradas solo para dañar a doña Claudia..No inventes ésta es una situación real...,mx,3,0,0,0,0,1,4,0,1,ay si vieras toodaas las que se ofrecen a ser secuestradas solo para dañar a doña claudia no inventes ésta es una situación real
9d89e6f5863b14fc4a402162a4c15e2f,gobiernoCDMX,1,"A ver si no te quiere entambar, así como es de Rencorosa se parece YSQ",mx,0,0,1,0,0,1,0,0,0,a ver si no te quiere entambar así como es de rencorosa se parece ysq
07fd08b9930d164c6fa2490d477dc950,gobiernoCDMX,1,"Cosas que dañan la imagen de una ciudad y su gobernante:  1) Policía inepta y corrupta, 2) Banquetas y calles en mal estado, 3) Comercio irregular abundante,  4) Gente correteando Jettas blancos para besarle la mano al conductor.",mx,0,0,0,0,0,0,0,0,0,cosas que dañan la imagen de una ciudad y su gobernante 1 policía inepta y corrupta 2 banquetas y calles en mal estado 3 comercio irregular abundante 4 gente correteando jettas blancos para besarle la mano al conductor
e338cbc56e257495fc4f71d58f5be7fa,gobiernoCDMX,1,ALLÁ SOLO PEGAN LAS PULQUERIAS,mx,0,0,5,0,0,0,0,0,0,allá solo pegan las pulquerias
f3c432f30bb4004a72c2700cad6c9bc5,gobiernoCDMX,1,"Sin chelas y militarización en las calles, no les asombre toque de queda en un futuro, pero sigan votando por pinches locos de izquierda",mx,0,0,0,0,0,2,0,0,0,sin chelas y militarización en las calles no les asombre toque de queda en un futuro pero sigan votando por pinches locos de izquierda
19a21ae9ebd406973fbc5ff7d4237fe8,gobiernoCDMX,1,También sostengo que con esta brillante idea no necesitamos guardia nacional ya que los delincuentes con gritos se combaten y aparte estos gritos los escuchará los espíritus chacarrero de la Chimoltrufia a las 5 de la mañana cuando las víctimas salen a trabajar,mx,0,0,0,0,0,1,0,0,0,también sostengo que con esta brillante idea no necesitamos guardia nacional ya que los delincuentes con gritos se combaten y aparte estos gritos los escuchará los espíritus chacarrero de la chimoltrufia a las 5 de la mañana cuando las víctimas salen a trabajar
bc7230e0eb28ae52d9dffb00bbffbd57,gobiernoCDMX,1,"Por mi, la señora Sheinbaum se puede ir directito al rancho del Peje. Para mi es más importante el bienestar y cuidado de mis hijas y esposa que la imagen de esa inepta,  incapaz de resolver el problema de la inseguridad por estar lamiendo las botas de su Mesías. Ridícula",mx,0,0,0,0,0,0,0,0,0,por mi la señora sheinbaum se puede ir directito al rancho del peje para mi es más importante el bienestar y cuidado de mis hijas y esposa que la imagen de esa inepta incapaz de resolver el problema de la inseguridad por estar lamiendo las botas de su mesías ridícula
bd9ff3b4c4bb27cbfcbe6a01a05403ee,gobiernoCDMX,1,Igual que su pejefe padece de alucinaciones muy gruesas!!!!!,mx,5,0,0,0,0,0,1,0,0,igual que su pejefe padece de alucinaciones muy gruesas
10578403ff01b985ed23ecbf6d24f4e7,gobiernoCDMX,1,"Creemos que es indispensable enseñarle a las mujeres qué gritar en caso de que intenten secuestrarlas, por ello pagaremos millones en espectaculares  - La derecha.",mx,0,0,0,0,0,0,0,0,0,creemos que es indispensable enseñarle a las mujeres qué gritar en caso de que intenten secuestrarlas por ello pagaremos millones en espectaculares la derecha
97f10f86abb6406ae0b9c4dded94a4f5,gobiernoCDMX,1,"Eres un genio. No se nos había, a las mujeres , ocurrido eso de decir. Auxilio! En mi caso el tipo me puso un cutter en la panza. Ay belauzaran te falta barrio",mx,1,0,0,0,0,1,0,0,0,eres un genio no se nos había a las mujeres ocurrido eso de decir auxilio en mi caso el tipo me puso un cutter en la panza ay belauzaran te falta barrio
566b918eec67c3225c6e7683b40d5f9a,gobiernoCDMX,1,Le quieren cambiar el nombre a F1F1,mx,0,0,0,0,0,0,0,0,0,le quieren cambiar el nombre a f1f1
28f35d5bd072e51c10e5ec464de12bd4,gobiernoCDMX,1,Será parte de la austeridad republicana!?,mx,1,1,0,0,0,0,0,0,0,será parte de la austeridad republicana
d7cecaf73cd5a1264f9841b402804afa,gobiernoCDMX,1,Y si a la que secuestran es a ella...y grita...¿qué aplica ahí? ¿Es una campaña contra ella misma? 🤔,mx,0,4,0,1,0,0,2,0,2,y si a la que secuestran es a ella y grita qué aplica ahí es una campaña contra ella misma cara_pensativa
c16378d2a05a497550efee636869e679,gobiernoCDMX,1,El gran Sopichairo drogo sera el Eliot Pejeness de la cuarteada @sopitas,mx,0,0,0,0,0,0,0,0,0,el gran sopichairo drogo sera el eliot pejeness de la cuarteada [user]
e2b1945c9ab0fba7f0fe112727762c8d,gobiernoCDMX,1,Dios mío! Que no sea cierto !,mx,2,0,0,0,0,1,0,0,0,dios mío que no sea cierto
f1634130e3693006e5a46714bf009c1f,gobiernoCDMX,1,Jajaja como la marcha pacifica cuando AMLO era el jefe de gobierno...,mx,0,0,1,0,0,0,1,0,1,jajaja como la marcha pacifica cuando amlo era el jefe de gobierno
b0477b2c762e48ccdcd95a8b55f32bdd,gobiernoCDMX,0,Ojalá se la llevaran a la chingada y no tuviéramos que verla más.🤮,mx,0,0,0,1,0,1,0,0,0,ojalá se la llevaran a la chingada y no tuviéramos que verla más cara_vomitando
4caddee51ea219260db8c6d7f97cf14e,gobiernoCDMX,0,"¡El cuento de toda la vida! En este caso, la peor enemiga de las mujeres es otra mujer. Señora, hay muchas organizaciones de la sociedad que apoyan y pagan por esas causas. No le gusta, es su problema, pero no estorbe.",mx,2,0,0,0,0,2,0,0,0,el cuento de toda la vida en este caso la peor enemiga de las mujeres es otra mujer señora hay muchas organizaciones de la sociedad que apoyan y pagan por esas causas no le gusta es su problema pero no estorbe
90cfa1fec27e233582909e5a14774ea7,gobiernoCDMX,0,"Se quejan de un evento que pone en la vista del mundo a México (turismo, inversión directa e indirecta) y los tontos que piensan que de lo que invirtió el Gobierno. No tendría y tuvo ganancias!!!",mx,3,0,0,0,0,1,1,0,0,se quejan de un evento que pone en la vista del mundo a méxico turismo inversión directa e indirecta y los tontos que piensan que de lo que invirtió el gobierno no tendría y tuvo ganancias
d0b5083e6a6dd59496d981767142329d,gobiernoCDMX,0,Que les pida a todos los RATAS del gobierno y todos los diputados y cenadores q Les regresen todos los aginaldos de $ 500.000 q de llevaron.,mx,0,0,1,0,0,0,1,0,0,que les pida a todos los ratas del gobierno y todos los diputados y cenadores q les regresen todos los aginaldos de 500 00 q de llevaron
a1a0236e21e114a899091756e1742856,gobiernoCDMX,0,"Me tiene sin cuidado la imagen de esa señora. Si tengo que gritar para salvar mi vida, lo haré. Si mi hija tiene que gritarlo, también lo hará. Qué falta de empatía y solidaridad con las demás mujeres. Qué postura más ególatra y estúpida. @Claudiashein",mx,0,0,0,0,0,1,0,0,0,me tiene sin cuidado la imagen de esa señora si tengo que gritar para salvar mi vida lo haré si mi hija tiene que gritarlo también lo hará qué falta de empatía y solidaridad con las demás mujeres qué postura más ególatra y estúpida [user]
9c6ecba63357bba1ef2f0bbe0b16aa53,gobiernoCDMX,0,Bruta ególatra narcisista politicucha,mx,0,0,0,0,0,0,0,0,0,bruta ególatra narcisista politicucha
a9968b58a036327b13beb8047f3568a7,gobiernoCDMX,0,El puro IVA que cobra el gobierno supera la inversión al triple,mx,0,0,1,0,0,0,0,0,0,el puro iva que cobra el gobierno supera la inversión al triple
250d94c070830ce15713d00015f80268,gobiernoCDMX,0,"Yo creo que las dos cosas,es increíble como un tema que tiene a las mujeres en un peligro latente la gobernadora de Ciudad de México quiera politizarlo y sobre todo minimizarlo.",mx,0,0,0,0,0,0,0,0,0,yo creo que las dos cosas es increíble como un tema que tiene a las mujeres en un peligro latente la gobernadora de ciudad de méxico quiera politizarlo y sobre todo minimizarlo
3cb76b95fd9761b752b1b850744f898b,gobiernoCDMX,0,La verdad que bueno porque al igual y disminuye el alcoholismo hasta cierto grado no?,mx,0,1,0,0,0,1,0,0,0,la verdad que bueno porque al igual y disminuye el alcoholismo hasta cierto grado no
5cb5dbd20d0ac60f72dc1269f6fafeaf,gobiernoCDMX,0,"Ja, no manches, ni x se murió tu padre, d la PURA VERGÜENZA que le causabas, te compones! Ella no dice q no grites, eso sí, pudo criticar q medios, pusieran casos falsos y sin denuncia al aire, y eso pudiera ser igual que EL PASTOR Y EL LOBO! #FelizDiaDeSanValentin #14DeFebrero",mx,2,0,4,0,0,5,0,0,0,ja no manches ni x se murió tu padre d la pura vergüenza que le causabas te compones ella no dice q no grites eso sí pudo criticar q medios pusieran casos falsos y sin denuncia al aire y eso pudiera ser igual que el pastor y el lobo felizdiadesanvalentin 14defebrero
2591e961dac8ab7e72c0c5989f905cd0,gobiernoCDMX,0,@Claudiashein  se vendió al peor postor #somosmaslosbuenos,mx,0,0,0,0,0,0,0,0,0,[user] se vendió al peor postor somosmaslosbuenos
60977f24ce862b7e93f10a2bf4f17b80,gobiernoCDMX,0,"Varias compañías poderosas pueden financiar el evento si no les ponen trabas, que ideas tan retrógradas de cancelar los patrocinios a NFL y a F1 que tanta difusión turística nos dan.",mx,0,0,1,0,0,1,0,0,0,varias compañías poderosas pueden financiar el evento si no les ponen trabas que ideas tan retrógradas de cancelar los patrocinios a nfl y a f1 que tanta difusión turística nos dan
ec21a9bb412f219560d7f6346e086c4a,gobiernoCDMX,0,Y tú que poco solidaria...,mx,0,0,0,0,0,0,1,0,1,y tú que poco solidaria
f62d4e8c1da3a971e0f015a3da9842d4,gobiernoCDMX,0,Yo lo único que te puedo comentar en esta ocasión es que los miembros de los partidos que fueron traidores a la nación no tiene ninguna credibilidad y en su defecto tú eres miembro del PRD 👉 y te vuelves una persona no confiable 😁,mx,0,0,1,2,0,3,0,0,0,yo lo único que te puedo comentar en esta ocasión es que los miembros de los partidos que fueron traidores a la nación no tiene ninguna credibilidad y en su defecto tú eres miembro del prd dorso_de_mano_con_índice_a_la_derecha y te vuelves una persona no confiable cara_radiante_con_ojos_sonrientes
6cf015d7c28ed6f127324aa6d668b38b,gobiernoCDMX,0,"Sheinbaum está bien pendeja. Y l@s que votaron por ella, doblemente.",mx,0,0,0,0,0,0,0,0,0,sheinbaum está bien pendeja y l[user] que votaron por ella doblemente
34f6920c01d6f55b04ba999c08818c36,gobiernoCDMX,0,Si traen armas como siempre sucede no creo que se animen a responder si acaso tomar numero de la matricula y reportar.,mx,0,0,0,0,0,1,0,0,0,si traen armas como siempre sucede no creo que se animen a responder si acaso tomar numero de la matricula y reportar
59348a9cbc937da2b86851e60d6bd484,gobiernoCDMX,0,"Y porque tiene que ser con recursos públicos. Sí el beneficio es para particulares, que ellos inviertan como cualquier empresario.",mx,0,0,0,0,0,0,0,0,0,y porque tiene que ser con recursos públicos sí el beneficio es para particulares que ellos inviertan como cualquier empresario
3e8370917a1fd9c72f518f48c2876920,gobiernoCDMX,0,"Los Lopistas son una mierda, no se preocupan por la gente que voto por ellos, sino por su hueso nada más!! Las capitalinas cada día están más expuestas a peligros y la Gobernadora de la CDMX solo le interesa su imagen!!! Por eso votaron pendejos!!",mx,7,0,1,0,0,3,1,0,0,los lopistas son una mierda no se preocupan por la gente que voto por ellos sino por su hueso nada más las capitalinas cada día están más expuestas a peligros y la gobernadora de la cdmx solo le interesa su imagen por eso votaron pendejos
abd70e5d9f3b7b68a616335b80962836,gobiernoCDMX,0,"Ay por favor como si no supiera la ciudadanía que en UN INTENTO DESESPERADO por DESESTABILIZAR AL PAÍS La Oposición barata y mediocre está INCURRIENDO EN LO MAS BAJO DEL RUBRO como lo es CONTRATANDO SICARIOS para crear caos y horror para que""regresen las ovejas al corral""PERO NO  pic.twitter.com/dZ77e5ygBu",mx,0,0,12,0,0,2,0,2,0,ay por favor como si no supiera la ciudadanía que en un intento desesperado por desestabilizar al país la oposición barata y mediocre está incurriendo en lo mas bajo del rubro como lo es contratando sicarios para crear caos y horror para que regresen las ovejas al corral pero no pic twitter com dz77e5ygbu
c2445ac8cff0d3d0bca8d2f980e9d9be,gobiernoCDMX,0,"Esa mujer, con esas afirmaciones creo no es digna de enarbolarse como fémina, estúpidamente se lava las manos  y eso que es la más cultivada de toda la raza de Morena, que pena me das @Claudiashein",mx,0,0,0,0,0,1,0,0,0,esa mujer con esas afirmaciones creo no es digna de enarbolarse como fémina estúpidamente se lava las manos y eso que es la más cultivada de toda la raza de morena que pena me das [user]
ea27c8406c78c8143c394d5c0d6fcbb9,gobiernoCDMX,0,mmm pensé que estaría en los Rosarios.,mx,0,0,0,0,0,0,1,0,0,mm pensé que estaría en los rosarios
a14b7813f2e6cf63fd1082fa22bfd9e3,gobiernoCDMX,0,"De acuerdo. Soy padre de 3 niñas y lo mejor es enseñarles a defender su vida, es triste pero en este México les está tocando vivir y mi responsabilidad como padre además de cuidar de ellas es enseñarles a afrontar su vida, no importa q tengan 5, 3 y 2 años.",mx,0,0,0,0,0,1,0,0,0,de acuerdo soy padre de 3 niñas y lo mejor es enseñarles a defender su vida es triste pero en este méxico les está tocando vivir y mi responsabilidad como padre además de cuidar de ellas es enseñarles a afrontar su vida no importa q tengan 5 3 y 2 años
0102b31a88e687442f743770f1799b1e,gobiernoCDMX,0,"Uno con los silbatos y otra que griten, valientes gobiernos tenemos, los delincuentes se han de reír de ver las medidas que se toman en su contra, pero que no se preocupe la población, son “honestos’",mx,0,0,0,0,0,1,0,2,0,uno con los silbatos y otra que griten valientes gobiernos tenemos los delincuentes se han de reír de ver las medidas que se toman en su contra pero que no se preocupe la población son honestos
ce503b3c6cd08d3b85ea71563613f51a,gobiernoCDMX,0,Justo en la cuna chaira 😢,mx,0,0,0,1,0,0,0,0,0,justo en la cuna chaira cara_llorando
a72b095614086517185082d7e9931159,gobiernoCDMX,0,"Ese letrero habría estado perfecto en el #PRD cuando 'los chuchos' 'los galileos' y demás grupos mercenarios y rastreros secuestraron al Partido y lo prostituyeron para Fecal, y Peña.",mx,0,0,1,0,0,0,0,4,0,ese letrero habría estado perfecto en el prd cuando los chuchos los galileos y demás grupos mercenarios y rastreros secuestraron al partido y lo prostituyeron para fecal y peña
91c3442ff877f3a0ff150d41349a618d,gobiernoCDMX,0,"Su imagen está muuuy dañada desde que fue delegada de Tlalpan, con el tema del colegio Rébsamen, etc. Quiere llamar la atención a cómo dé lugar.",mx,0,0,0,0,0,0,1,0,0,su imagen está muuy dañada desde que fue delegada de tlalpan con el tema del colegio rébsamen etc quiere llamar la atención a cómo dé lugar
af31ffec24ec5c067313c2fde65e275a,gobiernoCDMX,0,"@Claudiashein es un zombie, está programada para obedecer a López. Nomás mírale la cara vacía de expresión y su voz sin convicción.",mx,0,0,0,0,0,1,0,0,0,[user] es un zombie está programada para obedecer a lópez nomás mírale la cara vacía de expresión y su voz sin convicción
a0fefec9310d442539f98e8b0bc303bb,gobiernoCDMX,0,La única forma de hacer algo al puro estilo Wallace,mx,0,0,0,0,0,0,0,0,0,la única forma de hacer algo al puro estilo wallace
c23d6471f0f5db566b81239490c2e236,gobiernoCDMX,0,Ahí está. Lo puede googlear y ver otras fuentes. Si lo dijo.,mx,0,0,0,0,0,0,0,0,0,ahí está lo puede googlear y ver otras fuentes si lo dijo
21d63eb3570788438fcfb8a9ad4fc081,gobiernoCDMX,0,Campaña para generar pánico. Ridículos,mx,0,0,0,0,0,0,0,0,0,campaña para generar pánico ridículos
6a24ced8b4f87040f160e8126df23874,gobiernoCDMX,0,El razonamiento es el mismo que utilizó su jefe hace años contra la marcha por la paz. Y acuérdense que el Mesías esta evaluando a su regenta @Claudiashein,mx,0,0,0,0,0,0,0,0,0,el razonamiento es el mismo que utilizó su jefe hace años contra la marcha por la paz y acuérdense que el mesías esta evaluando a su regenta [user]
f42734823299274ae4dd6d32dbc0c1c3,gobiernoCDMX,0,"Hagan lo que sea necesario para que todos apoyemos y podamos ayudar, lo que sea y los demás atentos a lo que veamos irregular sin dudar, si nos equivocamos pedimos disculpas pero si no hacemos nada,  no habrá regreso",mx,0,0,0,0,0,4,0,0,0,hagan lo que sea necesario para que todos apoyemos y podamos ayudar lo que sea y los demás atentos a lo que veamos irregular sin dudar si nos equivocamos pedimos disculpas pero si no hacemos nada no habrá regreso
45e8a06276ab785dd5cf4730bdfc3d61,gobiernoCDMX,0,"¿Eso entendiste? Bueno, lo siento por ti.",mx,0,2,0,0,0,0,0,0,0,eso entendiste bueno lo siento por ti
d044f2459974971324e364ba6e59e26e,gobiernoCDMX,0,Entonces que la empresa que paga esto (Clear Channel) siga a puro panista en su cuenta no significa nada? Que altruistas e interesados han salido!,mx,1,1,0,0,0,2,0,0,0,entonces que la empresa que paga esto clear channel siga a puro panista en su cuenta no significa nada que altruistas e interesados han salido
4ddb9496bcf642a81aaa2a79d4c1113e,gobiernoCDMX,0,"Tenga cuidado, no todos los secuestros son por vía de la fuerza.",mx,0,0,0,0,0,1,0,0,0,tenga cuidado no todos los secuestros son por vía de la fuerza
48e9bfdb14a8834f502becbbc6bd4cac,gobiernoCDMX,0,"Pobre señora , a mi me dio la vida una mujer , tengo hermanas , sobrina y nieta y mi sobrina regreso a casa sana después de estar un año secuestrada, yo si ayudo a una dama en peligro , lo que pasamos nuestra familia fue horrible .",mx,0,0,0,0,0,0,0,0,0,pobre señora a mi me dio la vida una mujer tengo hermanas sobrina y nieta y mi sobrina regreso a casa sana después de estar un año secuestrada yo si ayudo a una dama en peligro lo que pasamos nuestra familia fue horrible
293065a3d79030dc61917c2a376337bd,gobiernoCDMX,0,"¿Y qué  tiene que ver una cosa con la otra? La derrama económica que deja la #F1 #CDMX es muy positiva: ocupación hotelera, restaurantera, comercial, etc. ¡Que nunca se acabe la #F1 #México !",mx,2,2,1,0,0,1,0,0,0,y qué tiene que ver una cosa con la otra la derrama económica que deja la f1 cdmx es muy positiva ocupación hotelera restaurantera comercial etc que nunca se acabe la f1 méxico
1def22dbe6f79878d6f0414db9b16eed,gobiernoCDMX,0,No que andabas de luto? 🤷🏽‍♂️ pic.twitter.com/vwm5a67y5h,mx,0,1,0,3,0,1,0,0,0,no que andabas de luto hombre_encogido_de_hombros_tono_de_piel_medio pic twitter com vwm5a67y5h
48df7663315ceb98c18850a4bfd24e91,gobiernoCDMX,0,Aunque sea en contra de la de Morena jajaja,mx,0,0,0,0,0,0,0,0,0,aunque sea en contra de la de morena jajaja
b9461edbdc907784897dcd2bd73d625d,gobiernoCDMX,0,Así ha de tener la conciencia @Claudiashein,mx,0,0,0,0,0,0,0,0,0,así ha de tener la conciencia [user]
d3ad6886b517870a78e84944e955ac17,gobiernoCDMX,0,"Mentiroso. La empresa de los espectaculares, maneja ecobici, Sheinbaum les quito algunos contratos y ellos reaccionaron con esa campaña. Lacayo corrupto, además mentiroso.",mx,0,0,0,0,0,0,0,0,0,mentiroso la empresa de los espectaculares maneja ecobici sheinbaum les quito algunos contratos y ellos reaccionaron con esa campaña lacayo corrupto además mentiroso
05361ec17bbaa5d13294d7edbf94e068,gobiernoCDMX,0,Lo más estupido que eh leído lo que es no saber hacer cuentas... Inversion=derrama económica. Pero estos y su gobierno mediocre. Le van a dar en la torre a uno de los mejores eventos del país. Solo por que su pequeño cerebrito no les da para más.,mx,0,0,0,0,0,2,1,0,1,lo más estupido que eh leído lo que es no saber hacer cuentas inversion derrama económica pero estos y su gobierno mediocre le van a dar en la torre a uno de los mejores eventos del país solo por que su pequeño cerebrito no les da para más
f44ee25803690cc23615f3791131cfa8,gobiernoCDMX,0,Oiga que clasista es usted.,mx,0,0,0,0,0,0,0,0,0,oiga que clasista es usted
ebe724ee804d6687149433c73a5e2d8c,gobiernoCDMX,0,"No creo que pienses pero haz un intento, esto es una media, a medias, para solucionar un problema más grande, problema que la gente a la que le sirves siguió promoviendo, educación machista y problemas estructurales son lo que se debería atacar. Pinche lame botas",mx,0,0,0,0,0,1,0,0,0,no creo que pienses pero haz un intento esto es una media a medias para solucionar un problema más grande problema que la gente a la que le sirves siguió promoviendo educación machista y problemas estructurales son lo que se debería atacar pinche lame botas
191ee0ecfa5ad3964b08ecdfd5709691,gobiernoCDMX,0,Si el gobierno no tiene dinero estan los millonarios de mexico para financiar como slim,mx,0,0,0,0,0,1,0,0,0,si el gobierno no tiene dinero estan los millonarios de mexico para financiar como slim
ca7e1181af5733dceeda7b6b15fc9923,gobiernoCDMX,0,"Pues que cobren más caro los boletos, esa es una solución, sencilla!!!",mx,3,0,0,0,0,0,1,0,0,pues que cobren más caro los boletos esa es una solución sencilla
e2b79e1eede9b2f3db5e4f04c10c8aa4,gobiernoCDMX,0,"El ego de Sheinbaun le nubla la visión, cree que todo gira en torno a ella",mx,0,0,0,0,0,0,0,0,0,el ego de sheinbaun le nubla la visión cree que todo gira en torno a ella
fd76bbae04bb24c7d7c1fd2b6d3b42d9,gobiernoCDMX,0,"Tan Ególatras y Soberbios, Ellos, (MORENA )🤮",mx,0,0,1,1,0,0,0,0,0,tan ególatras y soberbios ellos morena cara_vomitando
d06ad398a71f50fbc3c6e6769b3774ad,gobiernoCDMX,0,Qué le pida a AMLO que le devuelva el presupuesto que le quitó de f-1 para el financiamiento de el tren maya y listo!.,mx,1,0,1,0,0,0,0,0,0,qué le pida a amlo que le devuelva el presupuesto que le quitó de f 1 para el financiamiento de el tren maya y listo
bb867463cddf6dfa87f179d4940e54f5,gobiernoCDMX,0,Te corrijo: GP de México el mejor evento de F1 por cuarto año consecutivo!... no conozco otro evento con reconocimiento mundial 🤔,mx,1,0,0,1,0,1,1,0,1,te corrijo gp de méxico el mejor evento de f1 por cuarto año consecutivo no conozco otro evento con reconocimiento mundial cara_pensativa
4d77cd5924933f741e5e287e8259243c,gobiernoCDMX,0,"Muchos estamos dispuestos a hacer lo que sea para evitar ser secuestrados o para apoyar a alguien que pueda serlo.  Ahora sí que como dicen ""hasta donde tope"" valiendo madre los políticos de cualquier partido o cualquier autoridad.",mx,0,0,0,0,0,0,0,2,0,muchos estamos dispuestos a hacer lo que sea para evitar ser secuestrados o para apoyar a alguien que pueda serlo ahora sí que como dicen hasta donde tope valiendo madre los políticos de cualquier partido o cualquier autoridad
702870119e9c21af705ea6212bbc417c,gobiernoCDMX,0,"Claudia, por eso y mil razones más, chingas a tu cola cada que respires, politiquilla barata y vividora",mx,0,0,0,0,0,0,0,0,0,claudia por eso y mil razones más chingas a tu cola cada que respires politiquilla barata y vividora
c601053ba836d777dbb835ba97859652,gobiernoCDMX,0,"Pues que los empresarios que solamente ganan, le inviertan a su fiesta.",mx,0,0,0,0,0,0,0,0,0,pues que los empresarios que solamente ganan le inviertan a su fiesta
e5a7c6b0c7be7bf9302d462914aeb6e0,gobiernoCDMX,0,Qué podemos espera de Claudia????,mx,0,4,0,0,0,0,1,0,0,qué podemos espera de claudia
a256aa8b8ff4c0a6f0f213b7e8e78c89,gobiernoCDMX,0,Y en el metro CU los últimos dos meses andan “bandas organizadas” intentando secuestrar chavas. Lamentable.,mx,0,0,0,0,0,0,0,2,0,y en el metro cu los últimos dos meses andan bandas organizadas intentando secuestrar chavas lamentable
74288dea197ca5e0fabdb2a141fae0d1,gobiernoCDMX,0,Sólo espero que no haya chavas borrachas que griten eso en la salida del antro para hacerse las graciosas.,mx,0,0,0,0,0,1,0,0,0,sólo espero que no haya chavas borrachas que griten eso en la salida del antro para hacerse las graciosas
47bb7a13f40a044b733f292280689286,gobiernoCDMX,0,Y por qué no? Ya le di y qué?,mx,0,2,0,0,0,1,0,0,0,y por qué no ya le di y qué
52da2e86adf825a569edb8d5f1c3984e,gobiernoCDMX,0,"Que estupideces tiene @Claudiashein el 13 de febrero con violencia armados dos tipos le robaron el carro a una prima, en la Alcaldía de Iztapalapa gobernada por otra inepta Clara Brugada sobre la calle 5 de mayo frente al colegio Nicolás Bravo las cámaras de seguridad no mienten.",mx,0,0,0,0,0,1,0,0,0,que estupideces tiene [user] el 13 de febrero con violencia armados dos tipos le robaron el carro a una prima en la alcaldía de iztapalapa gobernada por otra inepta clara brugada sobre la calle 5 de mayo frente al colegio nicolás bravo las cámaras de seguridad no mienten
d8807fed8f498ec9285ad9fc024342a1,gobiernoCDMX,0,@Claudiashein no puede con el puesto.,mx,0,0,0,0,0,1,0,0,0,[user] no puede con el puesto
2f64734729c3ec3d424bdd848cac1e23,gobiernoCDMX,0,"Como debe de ser, la venta de cerveza y otras bebidas se ha vuelto un degenere, ahora en cualquier tianguis ya ves salir la gente con un caguamon en vaso.",mx,0,0,0,0,0,0,0,0,0,como debe de ser la venta de cerveza y otras bebidas se ha vuelto un degenere ahora en cualquier tianguis ya ves salir la gente con un caguamon en vaso
6a2bdda3932087d4cd0ba686e5563332,gobiernoCDMX,0,"Ésa es la forma de rehuir a sus responsabilidades. No pueden con el paquete, y culpan a todo mundo de su negligencia.",mx,0,0,0,0,0,1,0,0,0,ésa es la forma de rehuir a sus responsabilidades no pueden con el paquete y culpan a todo mundo de su negligencia
6566426643b0d60b5286af1de929a489,gobiernoCDMX,0,Y quien paga la campaña? De verdad alguien está pagando espectaculares y spots en radio en buena onda y de manera anónima para prevenir los secuestros? O quieren provocar pánico en la sociedad? Si es una campaña genuina por que no dicen quien la patrocina?,mx,0,4,0,0,0,1,0,0,0,y quien paga la campaña de verdad alguien está pagando espectaculares y spots en radio en buena onda y de manera anónima para prevenir los secuestros o quieren provocar pánico en la sociedad si es una campaña genuina por que no dicen quien la patrocina
5cb2603f5e4627f27fc0a615d900bf08,gobiernoCDMX,0,También a su partido se lo es tan llevando al basurero del olvidó por corruptos,mx,0,0,0,0,0,0,0,0,0,también a su partido se lo es tan llevando al basurero del olvidó por corruptos
c2d53afee87a7949be0e6b584f0073bd,gobiernoCDMX,0,Su imagen no importa. Importa mi seguridad.,mx,0,0,0,0,0,1,0,0,0,su imagen no importa importa mi seguridad
784b51e7e5a3a92e94b2dee85e0a4f45,gobiernoCDMX,0,"Ay doña Claudia, ni se preocupe, su imágen ya estaba dañada desde antes, o piensa que se olvidó ya la tragedia del Rébsamen? Hasta sus jumentos porristas saben quién es usted...",mx,0,1,0,0,0,1,1,0,1,ay doña claudia ni se preocupe su imágen ya estaba dañada desde antes o piensa que se olvidó ya la tragedia del rébsamen hasta sus jumentos porristas saben quién es usted
db546a9342100206ef0fc2f9adc6ba7f,gobiernoCDMX,0,"No existen permisos para venta de bebidas alcohólicas, estos permisos ya están pactados con los grandes capitales de la fiesta, los antros. Lo que si es cierto que es muchos establecimientos son bodegas de la mafia y no precisamente del poder. O si",mx,0,0,0,0,0,2,0,0,0,no existen permisos para venta de bebidas alcohólicas estos permisos ya están pactados con los grandes capitales de la fiesta los antros lo que si es cierto que es muchos establecimientos son bodegas de la mafia y no precisamente del poder o si
c78eceb0b79fd0cc3621a3f132dc9413,gobiernoCDMX,0,TIENEN SU PERMISO EN REGLA??,mx,0,2,3,0,0,0,0,0,0,tienen su permiso en regla
094ca5023b48a84e069a08fc7273f0a8,gobiernoCDMX,0,"Lamentable que una mujer anteponga su “imagen” e “intereses personales” a la empatía con las demás, y peor aún que dicha mujer sea nuestra representante.",mx,0,0,0,0,0,0,0,4,0,lamentable que una mujer anteponga su imagen e intereses personales a la empatía con las demás y peor aún que dicha mujer sea nuestra representante
503117e944585dfd869b35bf32f570c4,gobiernoCDMX,0,"Pues yo creo que debemos ayudar aunque no griten, si una chica esta forcejeando con algún tipo, ahí hay un foco de violencia, hay que meterse que tal que le salvas la vida a alguien.",mx,0,0,0,0,0,1,0,0,0,pues yo creo que debemos ayudar aunque no griten si una chica esta forcejeando con algún tipo ahí hay un foco de violencia hay que meterse que tal que le salvas la vida a alguien
466a2f36ec1f03b7d34c41ba0242ba68,gobiernoCDMX,0,"Es un evento para puro ""fifí"", ya que deje méxico de ser candil de la calle y oscuridad en su casa.",mx,0,0,0,0,0,0,0,2,0,es un evento para puro fifí ya que deje méxico de ser candil de la calle y oscuridad en su casa
189ae052a2e1976bb21bafee6fd92e38,gobiernoCDMX,0,No manches en serio. pic.twitter.com/ZkRGPRrSfM,mx,0,0,0,0,0,1,0,0,0,no manches en serio pic twitter com zkrgprrsfm
895cc3dafec16dd3bcd4564a8646f999,gobiernoCDMX,0,Es todo tu argumento? Mmmm...,mx,0,1,0,0,0,0,2,0,1,es todo tu argumento mmm
63730177b65c164513e2274e950faf78,gobiernoCDMX,0,Anden por votar por ese Pejendejo.,mx,0,0,0,0,0,0,0,0,0,anden por votar por ese pejendejo
5c05ca940ac0ecca24b5ebed20727efb,gobiernoCDMX,0,"Esa @Claudiashein dirige la ciudad más lacra del país, nadie la ataca, ella quería dirigir esa ciudad tan llena de corrupción y maltrato a la mujer.",mx,0,0,0,0,0,1,0,0,0,esa [user] dirige la ciudad más lacra del país nadie la ataca ella quería dirigir esa ciudad tan llena de corrupción y maltrato a la mujer
d223e4dfc07a017e61f65bbf112063bc,gobiernoCDMX,0,"SHITbaum asesina, corrupta y amiga del crimen organizado.",mx,0,0,0,0,0,0,0,0,0,shitbaum asesina corrupta y amiga del crimen organizado
1725376d63980c26411f05e5277fe33a,gobiernoCDMX,0,Tiene delirios de persecución esa vieja tarada!!!!  #MeEstánLlevando gritemos mil veces si es necesario!!!!,mx,8,0,0,0,0,0,2,0,0,tiene delirios de persecución esa vieja tarada meestánllevando gritemos mil veces si es necesario
cbcb3f079da15f140298c3cfef32066b,gobiernoCDMX,0,"Eso será lo mas facil para su gobierno pedorro, mas bien suena a que no se pone de acuerdo con los dueños de la marca",mx,0,0,0,0,0,1,0,0,0,eso será lo mas facil para su gobierno pedorro mas bien suena a que no se pone de acuerdo con los dueños de la marca
93dc51d99f86c259c9def513e0d3f4eb,gobiernoCDMX,0,Cada secuestro de mujeres daña (más) la imagen de la regenta del DF.,mx,0,0,0,0,0,0,0,0,0,cada secuestro de mujeres daña más la imagen de la regenta del df
9720a9d807cf23ab150d6bfdc68e0d8d,gobiernoCDMX,0,"Quiere tapar el sol con un dedo,haciendo creer a los ignorantes que su Gobierno va de maravilla.",mx,0,0,0,0,0,0,0,0,0,quiere tapar el sol con un dedo haciendo creer a los ignorantes que su gobierno va de maravilla
eca836269ed2226dd6a1b10c081bbeb3,gobiernoCDMX,0,Se refiere la nota a los negocios que venden y no tienen permisos.,mx,0,0,0,0,0,1,0,0,0,se refiere la nota a los negocios que venden y no tienen permisos
332d93d30e0cd94bc2568059c36664f2,gobiernoCDMX,0,Pinches amarillistas me cae,mx,0,0,0,0,0,0,0,0,0,pinches amarillistas me cae
1e8810ffa001a6ae8e55f2f0a337e8e6,gobiernoCDMX,0,"Bueno, a qué hora nos damos los machetazos con sheinbaum?",mx,0,1,0,0,0,0,0,0,0,bueno a qué hora nos damos los machetazos con sheinbaum
83ed0ea6df1eae3489803e206dc4f9f5,gobiernoCDMX,0,No mames sopas te viste bien amarillista! Son solo las ilegales aunque no sería mala idea dejar solo unas cuantas.,mx,1,0,0,0,0,2,0,0,0,no mames sopas te viste bien amarillista son solo las ilegales aunque no sería mala idea dejar solo unas cuantas
7cbe6aa08038b53abc6d88ec06d69e22,gobiernoCDMX,0,Fernando guarda tu luto cabron.   Así como quieres que te respeten.  No mames,mx,0,0,0,0,0,1,1,0,0,fernando guarda tu luto cabron así como quieres que te respeten no mames
c5842b3d3f49eecf5be34346126894e7,gobiernoCDMX,0,"¿De quién es esa iniciativa? no tiene firma, alguien tiene que pagar esos espectaculares ¿no? yo digo",mx,0,4,0,0,0,2,0,0,0,de quién es esa iniciativa no tiene firma alguien tiene que pagar esos espectaculares no yo digo
56cfbb285024d53ae0e81ea6f9368dda,gobiernoCDMX,0,Si los de la 4t tambien traen al terrorista español que hasta expulsaron de su pais,mx,0,0,0,0,0,0,0,0,0,si los de la 4t tambien traen al terrorista español que hasta expulsaron de su pais
a477c7fb62e3891ef6ccaa91575ca1fd,gobiernoCDMX,0,"Puede una mujer que la estan secuestrando, con un cuchillo en el cuello, con la boca tapada y uno o dos hombres con mayor fuerza que ella gritar que la estan llevando?  Suenas patètico y lo dices con toda premeditaciòn.  Que perverso.",mx,0,1,0,0,0,0,0,0,0,puede una mujer que la estan secuestrando con un cuchillo en el cuello con la boca tapada y uno o dos hombres con mayor fuerza que ella gritar que la estan llevando suenas patètico y lo dices con toda premeditaciòn que perverso
f038bd4991b4bcd1ddb819c4430dcf5b,gobiernoCDMX,0,"¡Coincido contigo, Quique! puede haber estrategias más efectivas. Me presento 👉🏽",mx,2,0,0,2,0,0,0,0,0,coincido contigo quique puede haber estrategias más efectivas me presento dorso_de_mano_con_índice_a_la_derecha_tono_de_piel_medio
ae1440e0660cbef871d6380f7ae5d077,gobiernoCDMX,0,pues que diga misa....,mx,0,0,0,0,0,0,1,0,1,pues que diga misa
5b44cdaff0890dfb457353e3e16c468a,gobiernoCDMX,0,¿Y SI LOS PELAFUSTANES ESTAN ARMADOS? ¿Y SI SE TRATA DE UN PLEITO FAMILIAR O ENTRE AMIGOS? ¿COMO SE PUEDE COMPROBAR LEGALMENTE UN SECUESTRO? ¿DARAN GARANTIAS PARA CONTRADEMANDAR A QUIEN HAYA SIDO CALUMNIADO POR ESTE MOTIVO? ¿SERAN IMPARCIALES LAS AUTORIDADES AL RESPECTO?,mx,0,10,30,0,0,0,0,0,0,y si los pelafustanes estan armados y si se trata de un pleito familiar o entre amigos como se puede comprobar legalmente un secuestro daran garantias para contrademandar a quien haya sido calumniado por este motivo seran imparciales las autoridades al respecto
62f246ae7ac803588b6914062a6fb645,gobiernoCDMX,0,Es el edo de mexico verdad?,mx,0,1,0,0,0,0,0,0,0,es el edo de mexico verdad
47ddc4dccc6b0f636af5c9ba51a5ac04,gobiernoCDMX,0,"Este problema de secuestros a Mujeres nos daña a toda la sociedad, estoy de acuerdo con la iniciativa y todas las propuestas para eliminar esto.  Que no salgan con estupideces de dañar a ciertos gobiernos.",mx,0,0,0,0,0,1,0,0,0,este problema de secuestros a mujeres nos daña a toda la sociedad estoy de acuerdo con la iniciativa y todas las propuestas para eliminar esto que no salgan con estupideces de dañar a ciertos gobiernos
c50d7347731961e5d9e991487728659f,gobiernoCDMX,0,Se imaginan la cantidad de linchamientos estúpidos que va haber cuando cualquier loquita paranoica grité esa estupidez en la calle.,mx,0,0,0,0,0,0,0,0,0,se imaginan la cantidad de linchamientos estúpidos que va haber cuando cualquier loquita paranoica grité esa estupidez en la calle
85d8f73fae24884e2dcd7228d066124a,gobiernoCDMX,0,Pero si leyeron la nota verdad ? Dice negocios que no tengan el permiso necesario para operar 👌,mx,0,1,0,1,0,1,0,0,0,pero si leyeron la nota verdad dice negocios que no tengan el permiso necesario para operar señal_de_aprobación_con_la_mano
f2715ca1c9ea14bb4c7acf1d9b23fec4,gobiernoCDMX,0,YO SOSTENGO QUE MARCHAS VESTIDO DE PÁJARA CON LA COMUNIDAD GAY. pic.twitter.com/cgid0wMX2A,mx,0,0,8,0,0,0,0,0,0,yo sostengo que marchas vestido de pájara con la comunidad gay pic twitter com cgid0wmx2a
3796a99446bb10c817974d6b4a8223a3,gobiernoCDMX,0,"Misógino eres tú cuando te expresas así de una mujer por dar su opinión, o quizá sólo eres...",mx,0,0,0,0,0,0,1,0,1,misógino eres tú cuando te expresas así de una mujer por dar su opinión o quizá sólo eres
72943ecec43581e6dbf968a1404957d5,gobiernoCDMX,0,"Lamentablemente aún cuando gritas nadie se mete, nadie quiere hacer nada sólo se quedan mirando como si se tratara de una actuación",mx,0,0,0,0,0,3,0,0,0,lamentablemente aún cuando gritas nadie se mete nadie quiere hacer nada sólo se quedan mirando como si se tratara de una actuación
dc814a81b6a23b7a0e7a70e3750613ff,gobiernoCDMX,0,"@ferbelaunzaran LOS FEMENICIDIOS SON UNOS DE LO TANTOS MALES QUE DEJARON, EN INJUSTICIA, CORRUPCION Y DEMAS LA DICTADURA DEL PRIAN  DE 88 AÑOS Y EL GOBIERNO DE @Claudiashein , ES UN GOBIERNO QUE SOLO ESTA HEREDANDO Y LLEVA APENAS MENOS DE 3 MESES EN EL PODER.",mx,0,0,26,0,0,0,0,0,0,[user] los femenicidios son unos de lo tantos males que dejaron en injusticia corrupcion y demas la dictadura del prian de 88 años y el gobierno de [user] es un gobierno que solo esta heredando y lleva apenas menos de 3 meses en el poder
1b3fc4d227a838b851866a5d6dd1268d,gobiernoCDMX,0,"Claro, claro !!! Quieres presumir ser un promotor de la justicia y combatir la violencia. En tus hechos promueves a un terrorista y fascista que aprueba la guerra de @realDonaldTrump en Venezuela. Ah! Que mis patas cortas.... pic.twitter.com/RTg9wWYBJ9",mx,4,0,0,0,0,0,2,0,1,claro claro quieres presumir ser un promotor de la justicia y combatir la violencia en tus hechos promueves a un terrorista y fascista que aprueba la guerra de [user] en venezuela ah que mis patas cortas pic twitter com rtg9wwybj9
394fa03143baceb5d9b5cb252b6165e9,gobiernoCDMX,0,Q pasen la charola a toda la ip de cdmx q son los más beneficiados,mx,0,0,0,0,0,0,0,0,0,q pasen la charola a toda la ip de cdmx q son los más beneficiados
248ed720f8c7aaf059e10946af01b36c,gobiernoCDMX,0,"Bien que te haces. A poco crees que toda esa campaña está sustentada con puro aire? Sabes perfectamente que ese dinero sale de algún lado, échale números.",mx,0,1,0,0,0,0,0,0,0,bien que te haces a poco crees que toda esa campaña está sustentada con puro aire sabes perfectamente que ese dinero sale de algún lado échale números
32e325a84382dfcc918cf341b6a1e90a,gobiernoCDMX,0,Vieja pendeja y corrupta ya aprendió,mx,0,0,0,0,0,0,0,0,0,vieja pendeja y corrupta ya aprendió
4c2dc3a0866dadc71a1b31d60ecdbad7,gobiernoCDMX,0,"Que difícil en una Sociedad tan polarizada. Igual con la cinta de color. Quién te asegura no son esas damas, con esa sustancia que paraliza y te roban lo poco que tengas. Mejor cada uno cuide a sus damas y evitemos tragos amargos.",mx,0,0,0,0,0,1,0,0,0,que difícil en una sociedad tan polarizada igual con la cinta de color quién te asegura no son esas damas con esa sustancia que paraliza y te roban lo poco que tengas mejor cada uno cuide a sus damas y evitemos tragos amargos
1216bc6df32925c1abec2a980ae2273b,gobiernoCDMX,0,"Pues si son irregulares, cualquier changarro esta en riesgo que lo clausuren.",mx,0,0,0,0,0,0,0,0,0,pues si son irregulares cualquier changarro esta en riesgo que lo clausuren
07795a229a60fca78664d84a52297d2e,gobiernoCDMX,0,"Será que está coludida?  Porque para decir que defender y ayudar a evitar un secuestro es dañar su imagen, no vería otra razón. Digo...",mx,0,1,0,0,0,1,1,0,1,será que está coludida porque para decir que defender y ayudar a evitar un secuestro es dañar su imagen no vería otra razón digo
edcda4fa8fbd5f8ca63151d70b07c8f7,gobiernoCDMX,0,Pues que le entren las empresas turísticas que se benefician del evento.,mx,0,0,0,0,0,0,0,0,0,pues que le entren las empresas turísticas que se benefician del evento
47c3852d26de1ae9bbba5a49da7e130b,gobiernoCDMX,0,"Porque nadie ayuda, por eso",mx,0,0,0,0,0,1,0,0,0,porque nadie ayuda por eso
535d24808940ec19ec9cccd3ebbb8199,gobiernoCDMX,0,"Aplaudo eso, la mayoría son un mugrero, venden cerveza y pasan x restaurantes sin cumplir con las regulaciones de dicho establecimiento, no cuentan con estacionamientos, dejan q la clientela haga todo tipo de porquerías y desmanes afuera. Son un asco.",mx,0,0,0,0,0,2,0,0,0,aplaudo eso la mayoría son un mugrero venden cerveza y pasan x restaurantes sin cumplir con las regulaciones de dicho establecimiento no cuentan con estacionamientos dejan q la clientela haga todo tipo de porquerías y desmanes afuera son un asco
a22c20d2a95241ea05bdf1e98190f53f,gobiernoCDMX,0,Dijo que iba a decirles que los quitaran. ¿Con qué derecho?,mx,0,2,0,0,0,0,0,0,0,dijo que iba a decirles que los quitaran con qué derecho
2ae643c59b1b3e1f518c3e76b0381025,gobiernoCDMX,0,Cuanto invierte el Gobierno de la CDMX en el GP?,mx,0,1,1,0,0,0,0,0,0,cuanto invierte el gobierno de la cdmx en el gp
d531b00f00e694c5c1b7bb9f352be4b1,gobiernoCDMX,0,Que se estandarize esa frase en botones de panico en lugares publicos y en aps ocultables para rastreo seguro,mx,0,0,0,0,0,0,0,0,0,que se estandarize esa frase en botones de panico en lugares publicos y en aps ocultables para rastreo seguro
147184ad3c4ce98231f0d57d1d831075,gobiernoCDMX,0,"Seguro esto te lo aconsejo tu mamá, que brillante, si gritan corren el riesgo de que las maten, el mexicano es muy altruista pero cuando ven peligro nadie se mete. HAY MEJORES ALTERNATIVAS TECNOLÓGICAS.",mx,0,0,4,0,0,1,0,0,0,seguro esto te lo aconsejo tu mamá que brillante si gritan corren el riesgo de que las maten el mexicano es muy altruista pero cuando ven peligro nadie se mete hay mejores alternativas tecnológicas
d9ef39eacd1430cf758531e817b7b566,gobiernoCDMX,0,"Yo sostengo que si alguna vez veo a alguna mujer gritando #MeEstánLlevando, a ver cómo le hago, pero lo evitaré.  Y espero que al verlo, más ciudadanos apoyen.  Pensemos, si a alguna familiar le ocurriera esta pesadilla, ¿no les gustaría que alguien la defendiera?  Actuemos.",mx,0,2,0,0,0,1,0,0,0,yo sostengo que si alguna vez veo a alguna mujer gritando meestánllevando a ver cómo le hago pero lo evitaré y espero que al verlo más ciudadanos apoyen pensemos si a alguna familiar le ocurriera esta pesadilla no les gustaría que alguien la defendiera actuemos
ca47000d2d423e711b091b4c78193dd6,gobiernoCDMX,0,"Simple como todos los de Morena, el puesto le quedo enorme a Claudia, su incapacidad la demuestra en cada palabra o acto. Corrupción cobrar ese sueldo para ser aprendiz!",mx,1,0,0,0,0,0,0,0,0,simple como todos los de morena el puesto le quedo enorme a claudia su incapacidad la demuestra en cada palabra o acto corrupción cobrar ese sueldo para ser aprendiz
f28abf8a446b5b40c1df054fba5d4922,gobiernoCDMX,0,"Bienvenido Fer, la vida continúa. A dar la guerra.",mx,0,0,0,0,0,0,0,0,0,bienvenido fer la vida continúa a dar la guerra
db590e6be7bd99db15dbf9ea9e1a80d5,gobiernoCDMX,0,El pueblo no necesita fórmula F1 .... como les gusta ser oposición de tercera. !!,mx,2,0,0,0,0,1,1,0,1,el pueblo no necesita fórmula f1 como les gusta ser oposición de tercera
3ed0b68374a2e8518be039b81e7e0f10,gobiernoCDMX,0,"Sólo las ilegales, y que estén en cerca de escuelas, ese Sopitas es un alarmista!",mx,1,0,0,0,0,0,0,0,0,sólo las ilegales y que estén en cerca de escuelas ese sopitas es un alarmista
fab9dd1bebb9f9357d2ec96a7cea46ad,gobiernoCDMX,0,"Que gran tonta esta señora. Es más, a mi me hubiera parecido una buena estrategia de algún gobierno el que pusieran ellos estos letreros para alentar a la mujeres a cuidarnos. No sé que en que fregados le afecta o la desprestigia.",mx,0,0,0,0,0,1,0,0,0,que gran tonta esta señora es más a mi me hubiera parecido una buena estrategia de algún gobierno el que pusieran ellos estos letreros para alentar a la mujeres a cuidarnos no sé que en que fregados le afecta o la desprestigia
a213249224311705c64b7493382b62ae,gobiernoCDMX,0,"Que diga la campaña, no pelen a la vieja safado!!!!!",mx,5,0,0,0,0,1,1,0,0,que diga la campaña no pelen a la vieja safado
1170e8a6b1d943b4a9c25a9e162c33d3,gobiernoCDMX,0,"Funcionaría si la zoociedad civil, le interesara, pero los mexicanos somos tan ojetes, que solo grabarían con su celular, y lo suben diciendo maldito gobierno, sí es responsabilidad del gob, pero de igual forma de la zoociedad, si detecta un caso así, algo que no va pasar",mx,0,0,0,0,0,1,0,0,0,funcionaría si la zoociedad civil le interesara pero los mexicanos somos tan ojetes que solo grabarían con su celular y lo suben diciendo maldito gobierno sí es responsabilidad del gob pero de igual forma de la zoociedad si detecta un caso así algo que no va pasar
d489c4d89490b03c6741089a1532f00e,gobiernoCDMX,0,"Las vueltas que da la vida antes las defendía y ahora les da la espalda, doble moral.",mx,0,0,0,0,0,0,0,0,0,las vueltas que da la vida antes las defendía y ahora les da la espalda doble moral
03fb7628868d40755ab7aae3d42735a8,gobiernoCDMX,0,"No hay tal es una ESTUPIDEZ que calderón y su pandilla de RUFIANES ganen dinero 💰💰💰💰 (botín) a costa del erario, no es casualidad que tenga palco seguro con el chupe 🙌 incluido",mx,0,0,2,5,0,2,1,0,0,no hay tal es una estupidez que calderón y su pandilla de rufianes ganen dinero bolsa_de_dinero bolsa_de_dinero bolsa_de_dinero bolsa_de_dinero botín a costa del erario no es casualidad que tenga palco seguro con el chupe manos_levantadas_celebrando incluido
92b5f4c68a9137b510cc204937b1aba9,gobiernoCDMX,0,Cuando importa más su imagen para futuras elecciones que la situación de la gente que los llevo a ese puesto #Fueramorena,mx,0,0,0,0,0,0,0,0,0,cuando importa más su imagen para futuras elecciones que la situación de la gente que los llevo a ese puesto fueramorena
b57abf4fdca96ab1463bc8aa3812136f,gobiernoCDMX,0,"A costa de su “imagen”, Mancera repartió silbatos , que tampoco sirvieron. El Metro de la CDMX de ser el empleo de respuesto y dignificación de la mujer.",mx,0,0,1,0,0,1,0,2,0,a costa de su imagen mancera repartió silbatos que tampoco sirvieron el metro de la cdmx de ser el empleo de respuesto y dignificación de la mujer
db2a6b90faeda152dac908660733d751,gobiernoCDMX,0,"Para las huestes de López, cualquier movilización ciudadana es un peligro. Nada debe moverse sin autorización de él. Recuerda las descalificaciones de López ante la marcha contra la violencia.",mx,0,0,0,0,0,2,0,0,0,para las huestes de lópez cualquier movilización ciudadana es un peligro nada debe moverse sin autorización de él recuerda las descalificaciones de lópez ante la marcha contra la violencia
9fa4ba6e658fedf22ae1aa07003d4858,gobiernoCDMX,0,@Claudiashein  esa ya es mamada,mx,0,0,0,0,0,0,0,0,0,[user] esa ya es mamada
abc5a224f336441b843b8929154c00fc,gobiernoCDMX,0,El @GobCDMX y los gobiernos en general todavía creen que con prohibir es la solución a los problemas de la #CDMX hay que ser más profundos y analíticos para poder entender lo que realmente tiene hundido a la ciudad en la violencia y delincuencia.,mx,0,0,1,0,0,0,0,0,0,el [user] y los gobiernos en general todavía creen que con prohibir es la solución a los problemas de la cdmx hay que ser más profundos y analíticos para poder entender lo que realmente tiene hundido a la ciudad en la violencia y delincuencia
facbc685146fd9063308ee8e51cf97be,gobiernoCDMX,0,#nosEstáLlevando detengamos el secuestro de nuestro país. (Cada día el presidente toma decisiones que hacen que México no salga adelante),mx,0,0,0,0,0,1,0,0,0,nosestállevando detengamos el secuestro de nuestro país cada día el presidente toma decisiones que hacen que méxico no salga adelante
c1fc308d906d1f9f88dbd328e1272818,gobiernoCDMX,0,Lamentable que @Claudiashein tenga estos delirios de persecución pólitica a inicio de su gobierno. Las mujeres merecen respeto y debemos apoyarles.,mx,0,0,0,0,0,0,0,0,0,lamentable que [user] tenga estos delirios de persecución pólitica a inicio de su gobierno las mujeres merecen respeto y debemos apoyarles
6cf44ce0a61a13f37c54612900ebb511,gobiernoCDMX,0,Cuáles son esas asociaciones?,mx,0,1,0,0,0,0,0,0,0,cuáles son esas asociaciones
25c11b1bca5a186f59394f2b5fc4d8da,gobiernoCDMX,0,Bruta y no le importamos las mujeres,mx,0,0,0,0,0,1,0,0,0,bruta y no le importamos las mujeres
28aea5698e3550bdd7dd2622b0b06b28,gobiernoCDMX,0,Me causó cierta molestia el leer que quitarán las mucheladas sin embargo van a quitan a los locales que NO tienen permiso. ¿Pues es obvio no? Puro Brayan y Kevin entra ahí.,mx,0,2,0,0,0,3,0,0,0,me causó cierta molestia el leer que quitarán las mucheladas sin embargo van a quitan a los locales que no tienen permiso pues es obvio no puro brayan y kevin entra ahí
52394dc7577036c774582df4da6cb520,gobiernoCDMX,0,Que pedos pinches patas cortas @ferbelaunzaran todavia sobrevives ? Pero si el PRD esta extincion . Jajjajajaja,mx,0,1,1,0,0,0,0,0,0,que pedos pinches patas cortas [user] todavia sobrevives pero si el prd esta extincion jajjajajaja
3c78681da92d0c1a13fa09cfd7d95b0a,gobiernoCDMX,0,"Gran derrama económica deja el evento, pero la neta si el gobierno no pone $$ es lógico q se siga haciendo, pero si pone y no le toca nada, está cañón!!!",mx,3,0,0,0,0,3,1,0,0,gran derrama económica deja el evento pero la neta si el gobierno no pone es lógico q se siga haciendo pero si pone y no le toca nada está cañón
acdbaa4dce35a611cb41fe998b08736f,gobiernoCDMX,0,"No seas escandaloso Sopas, ves que esta madre está repleta de derechangos ignorantes y tu todavía les das cuerda...",mx,0,0,0,0,0,1,1,0,1,no seas escandaloso sopas ves que esta madre está repleta de derechangos ignorantes y tu todavía les das cuerda
9b43d8f9e1127d025841b54ed986c971,gobiernoCDMX,0,"Eso no es el punto aquí, lo que molesta es que @Claudiashein se preocupe más por su imagen que por buscar alguna solución al problema o al menos, ser empática con las víctimas...",mx,0,0,0,0,0,1,1,0,1,eso no es el punto aquí lo que molesta es que [user] se preocupe más por su imagen que por buscar alguna solución al problema o al menos ser empática con las víctimas
e42bf678d889d7a7971fcb7842ec9c52,gobiernoCDMX,0,Yo no soy de la élite pero mi bar sercas de ciudad deportiva le va bien cuando está la F1,mx,0,0,0,0,0,1,0,0,0,yo no soy de la élite pero mi bar sercas de ciudad deportiva le va bien cuando está la f1
cc43d71f5fb520e800d9d60f3b07c84e,gobiernoCDMX,0,"Jajajajajajajajajajajajajaja Cuantas veces a pasado eso, todos son expectadores. Pero como se involucra a  Sheinbaum por eso proponen que esto puede funcionar.",mx,0,0,0,0,0,0,0,0,0,jajajajajajajajajajajajajaja cuantas veces a pasado eso todos son expectadores pero como se involucra a sheinbaum por eso proponen que esto puede funcionar
5276b0f8b98fc7a74bef70dc1a02f873,gobiernoCDMX,0,"Pues yo creo es decirle, como son una bola de ineptos mejor nos cuidamos entre nosotras!",mx,1,0,0,0,0,0,0,0,0,pues yo creo es decirle como son una bola de ineptos mejor nos cuidamos entre nosotras
392992aa8bc642527258961070a880d8,gobiernoCDMX,0,A tu jefe se lo llevo la verga de tan pendejo que saliste,mx,0,0,0,0,0,0,0,0,0,a tu jefe se lo llevo la verga de tan pendejo que saliste
43ea912f30b41dc71b51d2c799347397,gobiernoCDMX,0,Ya basta hijo de tu puta madre.,mx,0,0,0,0,0,0,0,0,0,ya basta hijo de tu puta madre
69f3c4880d5e447bbff3fe8746a3e4c9,gobiernoCDMX,0,Por que no simplemente gritar AYUDA?,mx,0,1,1,0,0,1,0,0,0,por que no simplemente gritar ayuda
321e0575d89a580d1cc35d499abd748e,gobiernoCDMX,0,"Por lo pronto, a mí hijita le compré una lata de gas, me vale madre si es ilegal, espero que nunca tenga que usarlo",mx,0,0,0,0,0,1,0,0,0,por lo pronto a mí hijita le compré una lata de gas me vale madre si es ilegal espero que nunca tenga que usarlo
5ecf7edd6128b484123bad2588b65ae5,gobiernoCDMX,0,"Yo sostengo que con solo gritar no asustas a nadie que tiene una arma el la mano,  de ser así ya no existiera delincuencia desde el día que Calderón saco a los militares a la calle",mx,0,0,0,0,0,3,0,0,0,yo sostengo que con solo gritar no asustas a nadie que tiene una arma el la mano de ser así ya no existiera delincuencia desde el día que calderón saco a los militares a la calle
94733a6aa5ac3f0ff8b801c9486f2a54,gobiernoCDMX,0,Así como agarraste aadrazos a tu esposa!!,mx,2,0,0,0,0,0,0,0,0,así como agarraste aadrazos a tu esposa
8b887ec26d6c4a848d37c3f2ee17e47d,gobiernoCDMX,0,¿Por qué siempre tienen otros datos? Esto es muy serio. Jamás pondría en duda el reclamo de un ser humano. Nos convide rectifique el camino.,mx,0,2,0,0,0,1,0,0,0,por qué siempre tienen otros datos esto es muy serio jamás pondría en duda el reclamo de un ser humano nos convide rectifique el camino
feabe0cd1a80f2b0f65f351c382eb123,gobiernoCDMX,0,Doctora.. cuándo da audiencias públicas???,mx,0,3,0,0,0,0,1,0,0,doctora cuándo da audiencias públicas
1c769b607b58cb509b2b879657c84963,gobiernoCDMX,0,"Que bueno, que cierren a esos antros sin permisos, pues ya cualquier casa abre su puerta y vende cerveza sin permiso, hay leyes y hay que obedecerlas 😠😠",mx,0,0,0,2,0,2,0,0,0,que bueno que cierren a esos antros sin permisos pues ya cualquier casa abre su puerta y vende cerveza sin permiso hay leyes y hay que obedecerlas cara_enfadada cara_enfadada
943c15770356dc4e34c675489e069e4b,gobiernoCDMX,0,"@yosoylu12 YO ENTIENDO LA SITUACION Y QUE  ESTAN LOS NIVELES DE DELICUENCIA MUY ALTOS Y YO NO  DEFIENDO A @Claudiashein , YO TAMBIEN APOYO EN CRITICAR SU TRABAJO, EN CUANDO SE HACEN LAS COSAS BIEN O MAL, PERO MI CRITICA REAL NO ES CONTRA LAS VICTIMAS DEL FEMINICIDIO",mx,0,0,28,0,0,2,0,0,0,[user] yo entiendo la situacion y que estan los niveles de delicuencia muy altos y yo no defiendo a [user] yo tambien apoyo en criticar su trabajo en cuando se hacen las cosas bien o mal pero mi critica real no es contra las victimas del feminicidio
ca8f1899d190c1add3a738f4248b2add,gobiernoCDMX,0,NO NO LO HAGAN SOLO ES UN EVENTO ELITISTA QUE NO DEJA NADA A LA CAPITAL @mexicogp VAYANSE A OTRO PAIS !!!,mx,3,0,11,0,0,4,1,0,0,no no lo hagan solo es un evento elitista que no deja nada a la capital [user] vayanse a otro pais
dbe7d94c60875c81f6229b2e6a1f68f6,gobiernoCDMX,0,Eso mas bien es resultado del discurso feminista y de la propaganda de Sheinbaum.,mx,0,0,0,0,0,0,0,0,0,eso mas bien es resultado del discurso feminista y de la propaganda de sheinbaum
91aa9bcac7f9f0e6de57add4fce79412,gobiernoCDMX,0,La fórmula para hacer viables este tipo de eventos es hacerlos autosostenibles y no dilapidar recursos públicos para el entretenimiento de la élite.,mx,0,0,0,0,0,1,0,0,0,la fórmula para hacer viables este tipo de eventos es hacerlos autosostenibles y no dilapidar recursos públicos para el entretenimiento de la élite
fc393cef28bfe9774fe4527050105bb7,gobiernoCDMX,0,"Si son por una buena causa, ¿qué importa quién los pague?",mx,0,2,0,0,0,0,0,0,0,si son por una buena causa qué importa quién los pague
13f50e8b23a1d5495bd8c18c1094a9a7,gobiernoCDMX,0,"Alguna vez en tu vida has trabajado? lo que se dice trabajar, no vivir de la politica sin hacer nada mas que parasitar... te la pasas atacando, ensuciando, arrojando mierda al ventilador y a quien le caiga... eres como el tal javier lozano de porqueria. Ya estuvo.",mx,0,1,0,0,0,3,2,0,2,alguna vez en tu vida has trabajado lo que se dice trabajar no vivir de la politica sin hacer nada mas que parasitar te la pasas atacando ensuciando arrojando mierda al ventilador y a quien le caiga eres como el tal javier lozano de porqueria ya estuvo
72203158957953d9b5a922263ec4aef0,gobiernoCDMX,0,Se dice que a los “hombres” fanaticos de las micheladas se les dará carcel para que prueben lo que tanto quieren 👉🏿👌🏻,mx,0,0,0,4,0,0,0,2,0,se dice que a los hombres fanaticos de las micheladas se les dará carcel para que prueben lo que tanto quieren dorso_de_mano_con_índice_a_la_derecha_tono_de_piel_oscuro señal_de_aprobación_con_la_mano_tono_de_piel_claro
02b49bc53a8f5386d06fbb42ae24805c,gobiernoCDMX,0,Si la pasan para las campañas electorales por que no para esto claro q lo creo,mx,0,0,0,0,0,1,0,0,0,si la pasan para las campañas electorales por que no para esto claro q lo creo
49adbed7c5003d8170ad57e4d6d26ab5,nuevoGobierno,1,"Malditos fanaticos, ahora entiendo porque nos quiere destruir Donald Trump 🤦🏻‍♂️",mx,0,0,0,3,0,0,0,0,0,malditos fanaticos ahora entiendo porque nos quiere destruir donald trump hombre_con_la_mano_en_la_frente_tono_de_piel_claro
1870ca01467fe6295091a484977f8e40,nuevoGobierno,1,"Si te apuntaste, chingale @lopezobrador_ ... deja de chillar, solo perdemos tiempo y tenemos prisa, no vamos por la reelección.",mx,0,0,0,0,0,1,1,0,1,si te apuntaste chingale [user] deja de chillar solo perdemos tiempo y tenemos prisa no vamos por la reelección
bb9fb825838870ce02cbe012737d2a02,nuevoGobierno,1,Y fue allá para que crucifiquen a su mesías” ?,mx,0,1,0,0,0,0,0,1,0,y fue allá para que crucifiquen a su mesías
59d6308a2f152fe34831ccd078865778,nuevoGobierno,1,Creo que se esta acabando el romance ...bienvenido a la realidad !!!,mx,3,0,0,0,0,0,2,0,1,creo que se esta acabando el romance bienvenido a la realidad
3cfc71c0dd460b2a92e7cc4e776f30f2,nuevoGobierno,1,"Pero “la sociedad civil” ¿no somos todos? ¿Izquierda, derecha, centro, apolíticos, asténicos, apáticos? 😳",mx,0,4,0,1,0,1,0,2,0,pero la sociedad civil no somos todos izquierda derecha centro apolíticos asténicos apáticos cara_sonrojada
b7469b547dec18abe4fe204e725e9c9c,nuevoGobierno,1,No veo a ningún intelectual,mx,0,0,0,0,0,2,0,0,0,no veo a ningún intelectual
c3ba251936480feaaa98b6a275f9c1f8,nuevoGobierno,1,Yo tengo un aceite mágico que le puedo aventar en la cara...,mx,0,0,0,0,0,0,1,0,1,yo tengo un aceite mágico que le puedo aventar en la cara
da0d771b139bbe357fcc221f2df088dc,nuevoGobierno,1,"Tienes razón, creo que hasta las cucarachas se ofenderían.",mx,0,0,0,0,0,0,0,0,0,tienes razón creo que hasta las cucarachas se ofenderían
4a30a86de2a31690a995ea2e589dcc05,nuevoGobierno,1,Ahhh ya entendi... Torruco el el parapeto de @SECTUR_mx. Como todos los Secretarios patito 😁😁😁,mx,0,0,0,3,0,0,3,0,1,ahh ya entendi torruco el el parapeto de [user] como todos los secretarios patito cara_radiante_con_ojos_sonrientes cara_radiante_con_ojos_sonrientes cara_radiante_con_ojos_sonrientes
5df524eb6303cc5c2edb2fe819d49197,nuevoGobierno,1,Que lo bendigan al peje con AGÜITA AMARILLA. Se lo merece.,mx,0,0,2,0,0,0,0,0,0,que lo bendigan al peje con agüita amarilla se lo merece
35c705c0bd0e2fe56c78c127f272b7e1,nuevoGobierno,1,"Hay chairitos, si tan solo supieran sumar y restar, ya no digamos multiplicar, otra sería su opinión... Jajaja",mx,0,0,0,0,0,1,1,0,1,hay chairitos si tan solo supieran sumar y restar ya no digamos multiplicar otra sería su opinión jajaja
c27b8f031ca32f897ff754e9c4f43989,nuevoGobierno,1,"El refrito de #FarsantesDeLaMx  Por cierto, que sería de aquel viejo grupo? 🤔",mx,0,1,0,1,0,0,0,0,0,el refrito de farsantesdelamx por cierto que sería de aquel viejo grupo cara_pensativa
875a1202e8e5274d2835811ca635e930,nuevoGobierno,1,Que le ponga aceites malditos que le quiten lo bruto y senil.,mx,0,0,0,0,0,0,0,0,0,que le ponga aceites malditos que le quiten lo bruto y senil
a5070fcfd65fa3dce710c9cdb7114a3e,nuevoGobierno,1,Ahora se viene el desabasto de medicinas!!!!,mx,4,0,0,0,0,0,1,0,0,ahora se viene el desabasto de medicinas
4ff5721063b8eed51951639c822c81dc,nuevoGobierno,1,¡Válgame. El reaccionario contra la sociedad civil sin ideologías!,mx,2,0,0,0,0,1,0,0,0,válgame el reaccionario contra la sociedad civil sin ideologías
b2337d6e3f29e7497e59bb440b58f967,nuevoGobierno,1,A  ver quien amarra al tigre...,mx,0,0,0,0,0,0,1,0,1,a ver quien amarra al tigre
35bd55a84b9df721cc73ea5de272e900,nuevoGobierno,1,En proporción de ciudadanos en contra se debería de cancelar. Misma proporción que fue de aeropuerto. El pueblo ahora no es sabio,mx,0,0,0,0,0,1,0,0,0,en proporción de ciudadanos en contra se debería de cancelar misma proporción que fue de aeropuerto el pueblo ahora no es sabio
c0e4e73216196e4ba2c3c7c3d628be97,nuevoGobierno,1,Espero que con eso se le quite lo pendejo a @lopezobrador_,mx,0,0,0,0,0,0,0,0,0,espero que con eso se le quite lo pendejo a [user]
6ed84a5bb87ae5cf4b66f0758b16355f,nuevoGobierno,1,"Este Gobierno no es austero, es pobre... tenemos un Gobierno Pobre",mx,0,0,0,0,0,1,1,0,1,este gobierno no es austero es pobre tenemos un gobierno pobre
ef80b44f3c41f02a1c52e146eb77b84e,nuevoGobierno,1,"Su mero mole sentirse único,importante y iluminado jajajajaja con el pueblo bueno adorandolo.. pic.twitter.com/7ZOTIfMkjj",mx,0,0,0,0,0,0,0,0,0,su mero mole sentirse único importante y iluminado jajajajaja con el pueblo bueno adorandolo pic twitter com 7zotifmkjj
f63febe0615a1fdf8154bb85589af9c0,nuevoGobierno,1,"Jajajaja, es un demente a quien eligieron",mx,0,0,0,0,0,0,0,0,0,jajajaja es un demente a quien eligieron
610f000bae1161af5f0dc490fba7b2ff,nuevoGobierno,1,Va a ver consulta para ver si se le compran a los indígenas sin licitación y con la austeridad pura medicina arboraria,mx,0,0,0,0,0,1,0,0,0,va a ver consulta para ver si se le compran a los indígenas sin licitación y con la austeridad pura medicina arboraria
fb41febe61ecf9672a6c7bba9470b6dc,nuevoGobierno,1,Y seguramente le van a obedecer... 🤦,mx,0,0,0,1,0,0,1,0,1,y seguramente le van a obedecer persona_con_la_mano_en_la_frente
48853f7b7815a3ebbe763c7253e8603e,nuevoGobierno,1,UTA MOTHER SI AHORITA MISMO NO HAY NI ASPIRINAS EN LOS HOSPITALES PUBLICOS,mx,0,0,9,0,0,2,0,0,0,uta mother si ahorita mismo no hay ni aspirinas en los hospitales publicos
e43b6e694834c12ecab50905780d9e22,nuevoGobierno,1,Ojalà no sea veneno de la CIA,mx,0,0,1,0,0,1,0,0,0,ojalà no sea veneno de la cia
61f1c0d5cb07936ef31b840e62e0cfe5,nuevoGobierno,1,Pues ojalá el creador lo llame a su presencia pronto,mx,0,0,0,0,0,0,0,0,0,pues ojalá el creador lo llame a su presencia pronto
040bcc9db455754efce6344e71313ad2,nuevoGobierno,1,Entiendan chairos necesita un exorcismo con el Padre Fortea,mx,0,0,0,0,0,0,0,0,0,entiendan chairos necesita un exorcismo con el padre fortea
3d070e29d6cff847c117cecf49454a53,nuevoGobierno,1,"Si, ya lo van a canonizar... 🤑",mx,0,0,0,1,0,0,1,0,1,si ya lo van a canonizar cara_con_lengua_de_dinero
d7680071d2c6dd15c03759e1182e5d8c,nuevoGobierno,1,Que pensaría de esto el Estado Mayor Presidencial.,mx,0,0,0,0,0,0,0,0,0,que pensaría de esto el estado mayor presidencial
a871be3961e6cf2b00fdebdc16374e61,nuevoGobierno,1,Le engrasó el tinte,mx,0,0,0,0,0,0,0,0,0,le engrasó el tinte
509d01dd9c00f895bbac8266129588f8,nuevoGobierno,1,"a) 120M Mexicanos b) 90M votantes c) 30M Chairos, quedan 60M AntiPeje (más lo que se acumule hoy)  De dónde se desprende que si 60 es mayor que 30, la minoría es chaira. Si, confirmado el teorema: Entre más Chairo Más Ignorante. Gracias por sus aportaciones a la investigación.",mx,0,0,0,0,0,0,0,0,0,a 120m mexicanos b 90m votantes c 30m chairos quedan 60m antipeje más lo que se acumule hoy de dónde se desprende que si 60 es mayor que 30 la minoría es chaira si confirmado el teorema entre más chairo más ignorante gracias por sus aportaciones a la investigación
fbad2acaeabb32b46376877ce27e717b,nuevoGobierno,1,"Echenle agua bendita al cabron, a ver si se derrite",mx,0,0,0,0,0,0,0,0,0,echenle agua bendita al cabron a ver si se derrite
a8f2306ca9354e63382d02894bbab311,nuevoGobierno,1,"Ya sé porqué está contento y escuchando música y en paz, el solito se pone la soga al cuello.",mx,0,0,0,0,0,0,0,0,0,ya sé porqué está contento y escuchando música y en paz el solito se pone la soga al cuello
a98de4586c3b45a758acf1d138180ca8,nuevoGobierno,1,"Contrapeso?? De donde Y luego ponen a colosito lastima de apellido, le quedo grande",mx,0,2,0,0,0,0,0,0,0,contrapeso de donde y luego ponen a colosito lastima de apellido le quedo grande
c6e913fead290824ab9f01723c0ee051,nuevoGobierno,1,Puro damnificado del chayote y del hueso. Además de uno que otro advenedizo.,mx,0,0,0,0,0,0,0,0,0,puro damnificado del chayote y del hueso además de uno que otro advenedizo
575608af8b77a819117fc1c7bb437834,nuevoGobierno,1,"A los únicos que veo con exceso de peso son , a Enrique Alfaro y y al   Presidente de coparmex,  y cuáles o dónde están los intelectuales, quién les dio esa clasificación, o tienen un I Q de más de 160? Quién examina o evalúa intelectuales?",mx,0,2,0,0,0,0,1,0,0,a los únicos que veo con exceso de peso son a enrique alfaro y y al presidente de coparmex y cuáles o dónde están los intelectuales quién les dio esa clasificación o tienen un i q de más de 160 quién examina o evalúa intelectuales
6b8ab3943d797dbe829564bb95ba8034,nuevoGobierno,1,El más conservador es el. Que no ma...,mx,0,0,0,0,0,1,1,0,1,el más conservador es el que no ma
7833420a02a5633dbf4f03f373bc2d99,nuevoGobierno,1,"Y habrá licitación pública, o ya hubo selección directa???",mx,0,3,0,0,0,0,1,0,0,y habrá licitación pública o ya hubo selección directa
57e895c7ada9d509f398d9fa16e7d196,nuevoGobierno,1,"Lo peor es que el tipo se lo cree. Si eso es lo que buscaba, debe fundar una secta. Al fin que feligreses ya tiene.",mx,0,0,0,0,0,0,0,0,0,lo peor es que el tipo se lo cree si eso es lo que buscaba debe fundar una secta al fin que feligreses ya tiene
f8a5780c2c47a48ccf9c979aa96cc642,nuevoGobierno,1,No creo que eso sirva para que sea mejor gobernante.,mx,0,0,0,0,0,1,0,0,0,no creo que eso sirva para que sea mejor gobernante
dc19e88eb5acc62c2a965823c376c59b,nuevoGobierno,1,no ocupaba el aceite... el ganso mayor siempre trae seboso el plumaje...,mx,0,0,0,0,0,1,2,0,2,no ocupaba el aceite el ganso mayor siempre trae seboso el plumaje
487b6358a9d28f352c6b32d87f237cd5,nuevoGobierno,1,"Chingado, de veras que urge separarnos, tan muy pendejos alla en el Sur, inchis guachos.",mx,0,0,0,0,0,0,0,0,0,chingado de veras que urge separarnos tan muy pendejos alla en el sur inchis guachos
6b01142e506d135da69e37dbfcab56ed,nuevoGobierno,1,"El hijo de Colosio es huérfano, no tiene madre ❗️ ni padre ni vergüenza, mucho menos memoria ❗️",mx,0,0,0,2,0,3,0,0,0,el hijo de colosio es huérfano no tiene madre exclamación_roja ni padre ni vergüenza mucho menos memoria exclamación_roja
181dcfb0e2b5af1c238c1c79e4111467,nuevoGobierno,1,"🤣🤣🤣🤣 populacheria 100% , ahora resulta que será el cristo redentor",mx,0,0,0,4,0,0,1,0,0,cara_revolviéndose_de_la_risa cara_revolviéndose_de_la_risa cara_revolviéndose_de_la_risa cara_revolviéndose_de_la_risa populacheria 100 ahora resulta que será el cristo redentor
8ef53985944283b377159fd8ebc2fa2b,nuevoGobierno,1,"Curioso que diga eso con @ManuelBartlett a un lado, ya saben ese señor al que ""se le cayó"" el sistema...  Pero ya es de los ""buenos"" supongo.",mx,0,0,0,0,0,0,1,4,1,curioso que diga eso con [user] a un lado ya saben ese señor al que se le cayó el sistema pero ya es de los buenos supongo
89821a2bc60d320fb4fec6ca4dd4df52,nuevoGobierno,1,A merced del inepto autócrata y sus pataditas tabasqueñas...,mx,0,0,0,0,0,0,1,0,1,a merced del inepto autócrata y sus pataditas tabasqueñas
bc3d8fa37f1435f95764131637d25138,nuevoGobierno,1,"Pueblo sabio, que te pasa!",mx,1,0,0,0,0,0,0,0,0,pueblo sabio que te pasa
5cc1f5246213a09841d858dfcb9c3c83,nuevoGobierno,1,No todos somos pinche pueblo sabio,mx,0,0,0,0,0,1,0,0,0,no todos somos pinche pueblo sabio
ef7ac187b0797cc08b64ce340afab7fc,nuevoGobierno,1,Sus afirmaciones en la telenovela mañanera revelan su alto nivel... de supino,mx,0,0,0,0,0,0,1,0,1,sus afirmaciones en la telenovela mañanera revelan su alto nivel de supino
86542f13f53894e2f734ef1aee68dd45,nuevoGobierno,1,Qué novedad!!! Él decide todo. 😛,mx,3,0,0,1,0,0,1,0,0,qué novedad él decide todo cara_sacando_la_lengua
735cac9387acc87bf5b74dd760937d11,nuevoGobierno,1,Ya salieron a ladrar!!!,mx,3,0,0,0,0,0,1,0,0,ya salieron a ladrar
72284eaa4766ca3aa5d2f83effab34d2,nuevoGobierno,1,"@alarcondibujos @ErikaAraujoMX @CartonCalderon @Patriciomonero Yo veo en el video a un pueblo bueno y sabio... El @GobiernoMX seguramente lo verá así,  ¿O no? 😉",mx,0,2,0,1,0,1,1,0,1,[user] [user] [user] [user] yo veo en el video a un pueblo bueno y sabio el [user] seguramente lo verá así o no cara_guiñando_el_ojo
015705b37b6f69fa38905b04a5aa516f,nuevoGobierno,1,De esa casilla saldrán unos 3 millones de votos que avalarán su consulta!!!!🤣🤣🤣,mx,4,0,0,3,0,0,2,0,0,de esa casilla saldrán unos 3 millones de votos que avalarán su consulta cara_revolviéndose_de_la_risa cara_revolviéndose_de_la_risa cara_revolviéndose_de_la_risa
1e5eedf928d9930b79bb334559145c01,nuevoGobierno,1,Consulta pati-ganzo. Fracaso total.,mx,0,0,0,0,0,0,0,0,0,consulta pati ganzo fracaso total
63d4823645bbbd52c8a5e16d6851d0ea,nuevoGobierno,1,"Se la froto , para ver si se le quita lo pendejo 😂😂",mx,0,0,0,2,0,0,0,0,0,se la froto para ver si se le quita lo pendejo cara_llorando_de_risa cara_llorando_de_risa
33ac934210d6228e066d6825cff85828,nuevoGobierno,1,"Pues con el recorte presupuestal que le hizo a la investigación, ya estuvo que no cumplió.",mx,0,0,0,0,0,1,0,0,0,pues con el recorte presupuestal que le hizo a la investigación ya estuvo que no cumplió
0dd8ea4178f4a2743c5cc7da295597aa,nuevoGobierno,1,Peje aguas no vayan a ser mecos,mx,0,0,0,0,0,1,0,0,0,peje aguas no vayan a ser mecos
703c62708ee7d632f59e64e7a503fb4d,nuevoGobierno,1,Suenas como periodista Norcoreano cuestionando la democracia.,mx,0,0,0,0,0,0,0,0,0,suenas como periodista norcoreano cuestionando la democracia
b7933d5412d69419e777ca6a4fdc4bc6,nuevoGobierno,1,Ya le están dando los santos óleos? Jajajajajajaja,mx,0,1,0,0,0,0,0,0,0,ya le están dando los santos óleos jajajajajajaja
8bf30fedafe7363f952354d2c7645e48,nuevoGobierno,1,Traducción: vamos a pelear por nuestro moches !!,mx,2,0,0,0,0,0,0,0,0,traducción vamos a pelear por nuestro moches
bd1c4fe40b98c2e1e3a610d87e2fb717,nuevoGobierno,1,"El #GalliGanzo no necesita ser ungido con aceite, ocupa beber aceite de ricino para purgarse!",mx,1,0,0,0,0,1,0,0,0,el galliganzo no necesita ser ungido con aceite ocupa beber aceite de ricino para purgarse
ffe0f6dcbeba0ece07587f5b970d803e,nuevoGobierno,1,"Gracias a gobierno güeno, pueblo güeno en acción",mx,0,0,0,0,0,0,0,0,0,gracias a gobierno güeno pueblo güeno en acción
9b7ed0b557c53723f6279390c342c0aa,nuevoGobierno,1,Si esa mierda es le contrapeso ya se jodió México.,mx,0,0,0,0,0,0,0,0,0,si esa mierda es le contrapeso ya se jodió méxico
947baca9e7d762fabc395c79fc383afa,nuevoGobierno,1,Pero si lo que necesita es un EXORCISMO!!!,mx,3,0,1,0,0,0,1,0,0,pero si lo que necesita es un exorcismo
1007213133b564d97e3dd5ebcecd509b,nuevoGobierno,1,Artículo 20 de las consultas ciudadanas de mi abuelito el peje : En caso de ser destruida la casilla todos los votos van a ser “Ji ajepto “,mx,0,0,0,0,0,0,0,2,0,artículo 20 de las consultas ciudadanas de mi abuelito el peje en caso de ser destruida la casilla todos los votos van a ser ji ajepto
8473fc50869dda531c51bb7fd37c5a95,nuevoGobierno,1,Muy alertas por las venganzas del ganso cuidar a la jente qué está despertando.,mx,0,0,0,0,0,0,0,0,0,muy alertas por las venganzas del ganso cuidar a la jente qué está despertando
bb8034a45f65e25a7fa962da99f906f9,nuevoGobierno,1,AMLOco pa los cuates,mx,0,0,0,0,0,0,0,0,0,amloco pa los cuates
82dcc32fe8fa80267f4fc1f6d3445792,nuevoGobierno,1,CONTRAPESOS!! JA JA JA JA JA JA JA JA JA JA VEO UN NARCO ALFARO Y 5 DELINCUENTES,mx,2,0,5,0,0,0,0,0,0,contrapesos ja ja ja ja ja ja ja ja ja ja veo un narco alfaro y 5 delincuentes
2332ad8defa718fbbb050108f23e8069,nuevoGobierno,1,"Mienten como respiran, igualito que Loret.",mx,0,0,0,0,0,0,0,0,0,mienten como respiran igualito que loret
5886c1a8252542f9c74659009ba46d6d,nuevoGobierno,1,"Híjole... Espero que aquí no haya suicidios, accidentes y esas cosas que ocurren en esta #4T verdad @lopezobrador_ ?",mx,0,1,0,0,0,1,1,0,1,híjole espero que aquí no haya suicidios accidentes y esas cosas que ocurren en esta 4t verdad [user]
319293fb4643032b5535f78a5a4503b4,nuevoGobierno,1,Lo que hace la gente por una torta y un frutsi.,mx,0,0,0,0,0,0,0,0,0,lo que hace la gente por una torta y un frutsi
e8aefe773d5bb6c848528b700cbb7959,nuevoGobierno,1,Me imagino que Carlos Lomeli será el primero en la lista.,mx,0,0,0,0,0,0,0,0,0,me imagino que carlos lomeli será el primero en la lista
06d6603a7fa88ee95504af960b2c1ca7,nuevoGobierno,1,30 millones civilizados... #unpuñadodeENERGUMENOS ‼️👊🏼,mx,0,0,0,3,0,0,1,0,1,30 millones civilizados unpuñadodeenergumenos exclamación_doble puño_cerrado_tono_de_piel_claro_medio
091778cbd9a3bdcf52adf22164196e23,nuevoGobierno,1,"El pueblo bueno y sabio, o Tiro por la culata.",mx,0,0,0,0,0,0,0,0,0,el pueblo bueno y sabio o tiro por la culata
78920543e0806e4fb5693fd9e31cdc80,nuevoGobierno,1,"Nunca discutas con un ignorante ,pues el siempre tiene la razón",mx,0,0,0,0,0,1,0,0,0,nunca discutas con un ignorante pues el siempre tiene la razón
414e00c88de8ffc124192f140b19b25f,nuevoGobierno,1,Ya no va a haber inversión!,mx,1,0,0,0,0,1,0,0,0,ya no va a haber inversión
e5f0caea95990e9b2483cc268ba5fc16,nuevoGobierno,1,"Muy civicos los ""habitantes"" de Temoac.",mx,0,0,0,0,0,0,0,2,0,muy civicos los habitantes de temoac
13da4ae2ba2d8abf55f605b3cee3ea21,nuevoGobierno,1,Jajajajajajaja eso sí me pareció raro si van del mismo equipo jajajjaa,mx,0,0,0,0,0,0,0,0,0,jajajajajajaja eso sí me pareció raro si van del mismo equipo jajajjaa
461b2149ea99530e3e1024d47f2e9529,nuevoGobierno,1,"Negativo, los conceptos de Andrés son claros, sociedad civil = parte fifí de la población, el resto, base votante = pueblo bueno...",mx,0,0,0,0,0,0,1,0,1,negativo los conceptos de andrés son claros sociedad civil parte fifí de la población el resto base votante pueblo bueno
c63ac30fa962f0857586696cbf0b0ae3,nuevoGobierno,1,"Entonces ya pronto será San Andrés Manuel, el santo de los locos.",mx,0,0,0,0,0,0,0,0,0,entonces ya pronto será san andrés manuel el santo de los locos
310c960546380bf0799e192db1db6802,nuevoGobierno,1,"No es el pueblo bueno, son unos neoliberalistas fifis que quieren hacer quedar mal al presidente",mx,0,0,0,0,0,1,0,0,0,no es el pueblo bueno son unos neoliberalistas fifis que quieren hacer quedar mal al presidente
aa98db850ebf97361a9a69e666414017,nuevoGobierno,1,Y quien lo va empujar? Un viejo loco y reumático??? 😂🤣😂🤣😂🤣😂,mx,0,4,0,7,0,0,1,0,0,y quien lo va empujar un viejo loco y reumático cara_llorando_de_risa cara_revolviéndose_de_la_risa cara_llorando_de_risa cara_revolviéndose_de_la_risa cara_llorando_de_risa cara_revolviéndose_de_la_risa cara_llorando_de_risa
ffb8c3443a7a5a07f654656e287a93d6,nuevoGobierno,1,¿Intelectuales? jajajajajajajaja... ¿Krauze y Camín? 👀,mx,0,4,0,1,0,0,1,0,1,intelectuales jajajajajajajaja krauze y camín ojos
45c264bb9c47e0bac9b630b318d33db9,nuevoGobierno,1,Entre locos te veas.,mx,0,0,0,0,0,0,0,0,0,entre locos te veas
0a912390d508e85d1189171a6bdf110e,nuevoGobierno,1,"Jajaja quiere vaselina digo por si ocupa ..el pueblo ya sufrió muchos años y más de 52,000,000 no pueden estar equivocados ..saludos !!",mx,2,0,0,0,0,1,2,0,0,jajaja quiere vaselina digo por si ocupa el pueblo ya sufrió muchos años y más de 52 00 00 no pueden estar equivocados saludos
30313fe3a637de4a02a38e433ff7a8e9,nuevoGobierno,1,"Diría tres patines, semos un país bananero o semos de Tabaco?",mx,0,1,0,0,0,0,0,0,0,diría tres patines semos un país bananero o semos de tabaco
9c9f1fa1075e24fdc0b7f3e803949d41,nuevoGobierno,1,Una estupidez más... Cortesía de la #TransformacionDe4ta   pero no hay que preocuparse ellos tienen otros datos e imágenes....,mx,0,0,0,0,0,1,3,0,2,una estupidez más cortesía de la transformacionde4ta pero no hay que preocuparse ellos tienen otros datos e imágenes
8d5980b52005e6d5ccd575069510bedf,nuevoGobierno,1,"¡¡Uuuyy!!, ¡qué buena protección!. Me cae que así ya no le pasará nada al senil presidente. De mesías a mesías y los 2 se la creén. Nomás lo dejpeinaron",mx,6,0,0,0,0,2,1,0,0,uuuyy qué buena protección me cae que así ya no le pasará nada al senil presidente de mesías a mesías y los 2 se la creén nomás lo dejpeinaron
6d139bd69995d1b34787a8667aae41c8,nuevoGobierno,1,"Ojalá hubieran sido miados, jajajajajajajaja!",mx,1,0,0,0,0,0,0,0,0,ojalá hubieran sido miados jajajajajajajaja
f14034f07bf61bf20ca00e0662af8673,nuevoGobierno,1,Casualmente muchos medios en las casillas dónde hubo la quema de boletas.,mx,0,0,0,0,0,0,0,0,0,casualmente muchos medios en las casillas dónde hubo la quema de boletas
bb333ac0b07aa964469a636731d20bdf,nuevoGobierno,1,Ya sabemos que hacer en la próxima consulta patito 🐥😂😂😂👏🏻👏🏻👏🏻,mx,0,0,0,10,0,0,1,0,0,ya sabemos que hacer en la próxima consulta patito pollito_de_frente cara_llorando_de_risa cara_llorando_de_risa cara_llorando_de_risa manos_aplaudiendo_tono_de_piel_claro manos_aplaudiendo_tono_de_piel_claro manos_aplaudiendo_tono_de_piel_claro
7112d92aeada0ea8f94fce782b8f7d80,nuevoGobierno,1,"Aunque las destruyan. El viejito ya tiene su ""consulta"" realizada #porquesimulacion",mx,0,0,0,0,0,0,0,2,0,aunque las destruyan el viejito ya tiene su consulta realizada porquesimulacion
e5164311aa388f7ab954e41ad5b5dc03,nuevoGobierno,1,Sin agresión solo lleguen con cubetas de agua y directo a la casilla Jajajajaja,mx,0,0,0,0,0,1,0,0,0,sin agresión solo lleguen con cubetas de agua y directo a la casilla jajajajaja
b3decd1eb3104e67585f3b7d85331f77,nuevoGobierno,1,Sabrá que es ética?,mx,0,1,0,0,0,0,0,0,0,sabrá que es ética
c8092a43ae083498ce4b359e566c051f,nuevoGobierno,1,"Grupo de intelectuales,artistas,etc,etc, ya me imagino, andrea legarreta economista,sergio goyri ganador de un oscar, kate del castillo periodista destacada y desterrada por su excelente trabajo😂😂😂",mx,0,0,0,3,0,0,1,0,0,grupo de intelectuales artistas etc etc ya me imagino andrea legarreta economista sergio goyri ganador de un oscar kate del castillo periodista destacada y desterrada por su excelente trabajo cara_llorando_de_risa cara_llorando_de_risa cara_llorando_de_risa
e2682ef46282d1e7118ca038e75b7a18,nuevoGobierno,1,"Enrique Alfaro ???? 🤣🤣🤣🤣 Intelectual ? Así estarán los demás, se nota que QUIEREN BILLETES, pero el pueblo se encargará de SE VALLAN NADIE LOS QUIERE POR RATAS Y CORRUPTOS.",mx,0,5,9,4,0,1,2,0,0,enrique alfaro cara_revolviéndose_de_la_risa cara_revolviéndose_de_la_risa cara_revolviéndose_de_la_risa cara_revolviéndose_de_la_risa intelectual así estarán los demás se nota que quieren billetes pero el pueblo se encargará de se vallan nadie los quiere por ratas y corruptos
ed6e525b84ce9ad3ee0927044e388363,nuevoGobierno,1,E T I C A. SABE EL SEÑOR LÓPEZ OBRADOR EL SIGNIFICADO DE ESA PALABRA??? Y SI LO SABE ES ALGO QUE EL NO TIENE,mx,0,3,11,0,0,1,1,0,0,e t i c a sabe el señor lópez obrador el significado de esa palabra y si lo sabe es algo que el no tiene
a6c2ff0e0bc87755e0cb77f226a4e41f,nuevoGobierno,1,Otra muestra de que #AMLO recluta zombies,mx,0,0,1,0,0,0,0,0,0,otra muestra de que amlo recluta zombies
7d4876d508c3059d1899bd01d8e0674e,nuevoGobierno,1,Adorando políticos corruptos? Jajaja pobres diablos,mx,0,1,0,0,0,0,0,0,0,adorando políticos corruptos jajaja pobres diablos
b1bf69a3621838b8fd2ccb1e8c82229b,nuevoGobierno,1,Pura lacra fifi del DEFORMA,mx,0,0,1,0,0,0,0,0,0,pura lacra fifi del deforma
2e167b1c5e0ce6cbfa4d40083c7e3115,nuevoGobierno,1,Tan bellos los hermanos de Satanás el Diablo bendiciendo a su demonio.,mx,0,0,0,0,0,0,0,0,0,tan bellos los hermanos de satanás el diablo bendiciendo a su demonio
0b92e729863a0fd06e164517c299121d,nuevoGobierno,1,"Hay que esperar resultados. Obvio manipulados, como siempre",mx,0,0,0,0,0,0,0,0,0,hay que esperar resultados obvio manipulados como siempre
11c34c83109d7da67ce720bf1f476940,nuevoGobierno,1,80% de aprobación jajaja,mx,0,0,0,0,0,0,0,0,0,80 de aprobación jajaja
5c49822bf1bac7535306e5a8aa199c88,nuevoGobierno,1,Jajajajaja eso ni tu ni yo lo veremos jajajajaja,mx,0,0,0,0,0,2,0,0,0,jajajajaja eso ni tu ni yo lo veremos jajajajaja
6c3b281ac9bdcb75c5e24258b9285ed5,nuevoGobierno,1,"Intectuales? Quienes? Artistas o Hartistas? Se olvidan que el pueblo esta hasta la madre de falsas posturas de ""intelectuales, políticos, artistas y de mas gente protagonista"" el pueblo tiene necesidades y no necesariamente las de estos pendejos, el pueblo necesita un cambio",mx,0,3,0,0,0,1,0,2,0,intectuales quienes artistas o hartistas se olvidan que el pueblo esta hasta la madre de falsas posturas de intelectuales políticos artistas y de mas gente protagonista el pueblo tiene necesidades y no necesariamente las de estos pendejos el pueblo necesita un cambio
199a214c84541355a007b51191743ba4,nuevoGobierno,1,"Ya quiero saber en la conferencia del lunes como va a resultar que López es la víctima, ¿Se irá con el discurso fácil de infiltrados conservadores que buscan desestabilizar su gobierno? O se inventa un nuevo enemigo imaginario, ¡Qué nervios!.",mx,2,2,0,0,0,0,0,0,0,ya quiero saber en la conferencia del lunes como va a resultar que lópez es la víctima se irá con el discurso fácil de infiltrados conservadores que buscan desestabilizar su gobierno o se inventa un nuevo enemigo imaginario qué nervios
aeab627dc35db8f43422cf7bb55203f5,nuevoGobierno,1,Y nada más falta que salgan con que la encuesta arrojó un 85% de aceptación,mx,0,0,0,0,0,1,0,0,0,y nada más falta que salgan con que la encuesta arrojó un 85 de aceptación
ff4e4db942e7993357e8a675bf0da02f,nuevoGobierno,1,Ya por favor diganle al anciano que no esta en campaña y a ver cuando se digna a trabajar,mx,0,0,0,0,0,1,0,0,0,ya por favor diganle al anciano que no esta en campaña y a ver cuando se digna a trabajar
8c2a5208542c5731bd03f746a9b93304,nuevoGobierno,1,Son los santos óleos RIP 🏴‍☠️,mx,0,0,1,2,0,0,0,0,0,son los santos óleos rip bandera_pirata
96309d9768fa5112e7703012fb58af75,nuevoGobierno,1,"Pero si el ""presidente"" no tiene la más remota idea de nada!!!",mx,3,0,0,0,0,2,1,2,0,pero si el presidente no tiene la más remota idea de nada
ee383bc62b64a7fd50f18ed9543c52ff,nuevoGobierno,1,Nada nuevo en el Imperio. Todas las decisiones las toma el Rey. Los demás son meros súbditos,mx,0,0,0,0,0,1,0,0,0,nada nuevo en el imperio todas las decisiones las toma el rey los demás son meros súbditos
56a25ab97bb46baf05facbf05d351394,nuevoGobierno,1,Dirán lo de siempre son infiltrados de los conservadores que no quieren que cambie el pais. El lopezobradorismo nunca se equivoca recuerden,mx,0,0,0,0,0,2,0,0,0,dirán lo de siempre son infiltrados de los conservadores que no quieren que cambie el pais el lopezobradorismo nunca se equivoca recuerden
234d9cc30bae03843074dc5a74a2ced6,nuevoGobierno,1,"Todo es culpa de la mafia del poder, del PRIAN, el imperialismo, Trump,loss Illuminati, los reptilianos.... #AMLO2018",mx,0,0,1,0,0,0,1,0,1,todo es culpa de la mafia del poder del prian el imperialismo trump loss illuminati los reptilianos amlo2018
4be10d81986e18b41ac3c5bb7406bf1f,nuevoGobierno,1,"Ciubole cabron, no que el pueblo bueno y sabio.",mx,0,0,0,0,0,1,0,0,0,ciubole cabron no que el pueblo bueno y sabio
d6faebb397f43829663370d5f0aff93b,nuevoGobierno,0,"Pues todo es corrupción segun @lopezobrador_ pero hasta el momento no hay ni detenidos ni carpetas de investigación, ni nada, solo dichos",mx,0,0,0,0,0,5,0,0,0,pues todo es corrupción segun [user] pero hasta el momento no hay ni detenidos ni carpetas de investigación ni nada solo dichos
4a1f4526f11c7597ecf8e248a5401962,nuevoGobierno,0,Mi muy estimado y querido chantajeador de verdad a usted le gusta la mala vida o le pagan muy bien por criticar a obrador quiérase un poco vale más la dignidad que el dinero,mx,0,0,0,0,0,0,0,0,0,mi muy estimado y querido chantajeador de verdad a usted le gusta la mala vida o le pagan muy bien por criticar a obrador quiérase un poco vale más la dignidad que el dinero
55413a1a9c809caae181d684533de682,nuevoGobierno,0,Empezando con el chillón de Alfaro a Pocos meses de gobierno en Guadalajara nadie lo quiere.,mx,0,0,0,0,0,1,0,0,0,empezando con el chillón de alfaro a pocos meses de gobierno en guadalajara nadie lo quiere
fc3765aca03637d2c3a1d4c10fd12a42,nuevoGobierno,0,y ahora esperen lo que va pasar con la consulta del tren maya,mx,0,0,0,0,0,0,0,0,0,y ahora esperen lo que va pasar con la consulta del tren maya
4621147a3502737782fb229f00146094,nuevoGobierno,0,"Hablen de lo que dijo el abogado del Chapo, compórtense como un periódico que da información relevante.",mx,0,0,0,0,0,0,0,0,0,hablen de lo que dijo el abogado del chapo compórtense como un periódico que da información relevante
760f61f2520ea479f62b3f4f7d030bc5,nuevoGobierno,0,Flojera las notas de @Reforma . Nunca dejan ver la nota si no eres suscriptor.,mx,0,0,0,0,0,2,0,0,0,flojera las notas de [user] nunca dejan ver la nota si no eres suscriptor
732ee529718af189537abd09333ae2e4,nuevoGobierno,0,Una minoría Rapas próxima a desaparecer. Lo dudo o sean capaces para empezar no tienen la capacidad ay esta alfaro en lugar de ponerse a trabajar todos los días denostando todo ya se le salio de control el estado asociado con el cjng ay muchos muertos violencia la gente ya no cre,mx,0,0,0,0,0,2,0,0,0,una minoría rapas próxima a desaparecer lo dudo o sean capaces para empezar no tienen la capacidad ay esta alfaro en lugar de ponerse a trabajar todos los días denostando todo ya se le salio de control el estado asociado con el cjng ay muchos muertos violencia la gente ya no cre
33aa7a12eeab89e45b06fb62bcc40288,nuevoGobierno,0,"@El_Universal_Mx  sean responsables, fomentar el fanatismo religioso siempre daña a los grupos sociales, carcome a sus instituciones y desmorona al estado.",mx,0,0,0,0,0,0,0,0,0,[user] sean responsables fomentar el fanatismo religioso siempre daña a los grupos sociales carcome a sus instituciones y desmorona al estado
027cca6f989264d5d3c6b3468f365734,nuevoGobierno,0,Es como el presidente,mx,0,0,0,0,0,0,0,0,0,es como el presidente
5b32e3764143e2b40cfbf546805d5e39,nuevoGobierno,0,"Ni quien quiera así contigo nos estas llevando entre las patas, eres el peor Presidente en l historia en los primeros meses ya largate con todo y tu pandilla del@Asilo",mx,0,0,0,0,0,1,0,0,0,ni quien quiera así contigo nos estas llevando entre las patas eres el peor presidente en l historia en los primeros meses ya largate con todo y tu pandilla del[user]
fc8098c527a75fba81299da71ee1109d,nuevoGobierno,0,¡Cuánto circo! Viejito ridículo.,mx,2,0,0,0,0,0,0,0,0,cuánto circo viejito ridículo
3af2509f2e3384e41aab427c3aaf0d7c,nuevoGobierno,0,"Tengo la impresión de que los consultados dijeron ""NO""...",mx,0,0,0,0,0,1,1,2,1,tengo la impresión de que los consultados dijeron no
031de895a246b7cb61d87b9c10a226c2,nuevoGobierno,0,Pinche acarreado de miercoles de ceniza.,mx,0,0,0,0,0,0,0,0,0,pinche acarreado de miercoles de ceniza
45ff3c3771f50a31c76e592213aff7ef,nuevoGobierno,0,"Es un Hipócrita,cómo el se cree perfecto,critica a quienes le dan de comer a el y a sus familia,gracias a la sociedad civil y empresas hay dinero de impuestos para que lo siga regalando",mx,0,0,0,0,0,0,0,0,0,es un hipócrita cómo el se cree perfecto critica a quienes le dan de comer a el y a sus familia gracias a la sociedad civil y empresas hay dinero de impuestos para que lo siga regalando
4c895b66ecd2da5f7c65594ebe4a70b3,nuevoGobierno,0,"El mejor contrapeso que tendrá AMLO, es el mismo pueblo autocritico. Los que votamos por Él, tememos y seremos, los críticos más importantes y con ello ayudar al presidente y al país al progreso. Y no volver a caer, como en regímenes pasados, llenos de corrupción e impunidad.",mx,0,0,1,0,0,1,0,0,0,el mejor contrapeso que tendrá amlo es el mismo pueblo autocritico los que votamos por él tememos y seremos los críticos más importantes y con ello ayudar al presidente y al país al progreso y no volver a caer como en regímenes pasados llenos de corrupción e impunidad
3d341a7851913c49dbd5ce6716ef153f,nuevoGobierno,0,"Claro, que los mafiosos se organicen, el gobierno está afectando sus más puros intereses $$$",mx,0,0,0,0,0,0,1,0,0,claro que los mafiosos se organicen el gobierno está afectando sus más puros intereses
03798c30b94c62e4b65c486c420118f4,nuevoGobierno,0,"Dudo de su capacidad intelectual si piensan que lo mejor para el país era el modelo de los gobiernos anteriores, porque estaban muy calladitos en esas administraciones, ¿no será que les está doliendo dejar de ser privilegiados?",mx,0,2,0,0,0,1,0,0,0,dudo de su capacidad intelectual si piensan que lo mejor para el país era el modelo de los gobiernos anteriores porque estaban muy calladitos en esas administraciones no será que les está doliendo dejar de ser privilegiados
d632f523c2988accafadd041e58dc45b,nuevoGobierno,0,"Es un pendejo incompetente. Amlo, muérete!!!! Es lo mejor que puedes hacer por México...",mx,4,0,0,0,0,0,2,0,1,es un pendejo incompetente amlo muérete es lo mejor que puedes hacer por méxico
1b06eabf56dfacce3922048310fb0d3a,nuevoGobierno,0,Que bueno pues en ningún tiempo estaba en grave peligro el país.,mx,0,0,0,0,0,1,0,0,0,que bueno pues en ningún tiempo estaba en grave peligro el país
2eb0fc994f795b18976262a9a9cd76fe,nuevoGobierno,0,"Que nos de los de los de la mafia del poder, y que tenga huevos para enfrentarlos, hocicón.",mx,0,0,0,0,0,0,0,0,0,que nos de los de los de la mafia del poder y que tenga huevos para enfrentarlos hocicón
3f921cb7b00ab31970932c493be83876,nuevoGobierno,0,Esta es la consecuencia de engañar y manipular.  Más 🥖 y 🎪 al 🏘,mx,0,0,0,3,0,0,0,0,0,esta es la consecuencia de engañar y manipular más baguete y carpa_de_circo al casas
ee84642bc5e8c785d7d5f95648dd7a45,nuevoGobierno,0,"Ahora van hacer fifis, ya cayeron de la gracia de AMLO, cuantos  pueblos van aguantar estos atropellos, ahora seguramente les va querer dar dinero",mx,0,0,1,0,0,0,0,0,0,ahora van hacer fifis ya cayeron de la gracia de amlo cuantos pueblos van aguantar estos atropellos ahora seguramente les va querer dar dinero
7072d1122d7247fd34c35d9966995321,nuevoGobierno,0,Slim mas vale que te cuadres o te cuadran,mx,0,0,0,0,0,0,0,0,0,slim mas vale que te cuadres o te cuadran
8025fa5e24ed1f5d9c44361df3e20151,nuevoGobierno,0,"Revisen los contratos de los tiempos compartidos, son un cáncer.",mx,0,0,0,0,0,0,0,0,0,revisen los contratos de los tiempos compartidos son un cáncer
75e0d7b82e2625d236fca2bb09f5ab3a,nuevoGobierno,0,Ahora resulta que tooooodo México ve o va a ver a la F1 o la NFL...,mx,0,0,1,0,0,0,2,0,1,ahora resulta que toodo méxico ve o va a ver a la f1 o la nfl
6ef943321f1f50317c06868165dbe677,nuevoGobierno,0,"Hasta donde han llegado los pinches chairos pendejos, no se darán cuenta que solo hacen el ridiculo",mx,0,0,0,0,0,1,0,0,0,hasta donde han llegado los pinches chairos pendejos no se darán cuenta que solo hacen el ridiculo
daf0f651525a5fbc25722c89234f9439,nuevoGobierno,0,Tal parece que va ganar por alto margen el “si” a la termoeléctrica.,mx,0,0,0,0,0,0,0,2,0,tal parece que va ganar por alto margen el si a la termoeléctrica
92c4fe10859cebe056010fa8b1dbcb50,nuevoGobierno,0,"No les deseo tanta luz, ya que estos enves de alumbrar, venderán su servicio.",mx,0,0,0,0,0,1,0,0,0,no les deseo tanta luz ya que estos enves de alumbrar venderán su servicio
ff0a2d2666aa8386ee6c69a06e21158d,nuevoGobierno,0,"2 miembros se deslindan del grupo, Alfaro Gobernador de Jalisco y Juan Villorio escritor y periodista¿Quienes los incluirían sin su consentimiento? al Primero, El Jeque Universitario, al segundo, el cara de Trapo sub comediante Marcos; ya no es que quieran, es una orden salinista",mx,0,2,0,0,0,2,0,0,0,2 miembros se deslindan del grupo alfaro gobernador de jalisco y juan villorio escritor y periodista quienes los incluirían sin su consentimiento al primero el jeque universitario al segundo el cara de trapo sub comediante marcos ya no es que quieran es una orden salinista
b6e78f82448a4afd1e6bba368b81957e,nuevoGobierno,0,"No digas mamadas, encuestas a modo, a chingar a su madre, con todo y su mesias.",mx,0,0,0,0,0,1,0,0,0,no digas mamadas encuestas a modo a chingar a su madre con todo y su mesias
5f437b61533e95a204e994487bee02da,nuevoGobierno,0,"@qtf @El_Universal_Mx @brozoxmiswebs @DeniseDresserG @CNNEE @Reforma @Milenio La sociedad civil emprendedora,que trabaja para crear calidad de vida personal y social, los que buscan cambios productivos será el contrapeso del populismo, el fanatismo y el capricho @lopezobrador_",mx,0,0,1,0,0,0,0,0,0,[user] [user] [user] [user] [user] [user] [user] la sociedad civil emprendedora que trabaja para crear calidad de vida personal y social los que buscan cambios productivos será el contrapeso del populismo el fanatismo y el capricho [user]
39abe52809eace93a246776364ddca71,nuevoGobierno,0,"Que le pongan pólvora entre los ojos, eso sí sería bonito.",mx,0,0,0,0,0,0,0,0,0,que le pongan pólvora entre los ojos eso sí sería bonito
427fb141299f029fbe391ea6a44091f9,nuevoGobierno,0,Lo mencioné el único responsable de los resultados violentos es El Presidente. La consulta cuándo es impuesta no es un buen instrumento de Participación.,mx,0,0,0,0,0,1,0,0,0,lo mencioné el único responsable de los resultados violentos es el presidente la consulta cuándo es impuesta no es un buen instrumento de participación
5c4d37f518840fbaa32088d2a02bff85,nuevoGobierno,0,Se volaron la nota... ¿qué pasó con las fuentes? 🤥,mx,0,2,0,1,0,0,1,0,1,se volaron la nota qué pasó con las fuentes cara_de_mentiroso
0e4970477b0cc5934df980ec15b6f80d,nuevoGobierno,0,Que investiguen a @A_Ahued durante su gestión como titular de la @S_SaludCDMX!,mx,1,0,0,0,0,0,0,0,0,que investiguen a [user] durante su gestión como titular de la [user]
96af6a0bb76428238be10fa7171294b3,nuevoGobierno,0,Ya de plano este señor día a día esta peor,mx,0,0,0,0,0,0,0,0,0,ya de plano este señor día a día esta peor
556b87ad503d7a860958eb33adf6fd22,nuevoGobierno,0,Jajajaja aposición pedorra que ya no hace negocios chuecos con el gobierno por que ya no es prianista .....,mx,0,0,0,0,0,2,1,0,1,jajajaja aposición pedorra que ya no hace negocios chuecos con el gobierno por que ya no es prianista
ab133ac223da89e4ee2933c964ac6a43,nuevoGobierno,0,Pero quien le puede hacer un REAL CONTRAPESO POLITICO A Andres Manuel Lopez Obrador?,mx,0,1,3,0,0,0,0,0,0,pero quien le puede hacer un real contrapeso politico a andres manuel lopez obrador
9fbb16e586602c3cb083e45b44b7d115,nuevoGobierno,0,"No seremos Europa como muchos aspiran. Pero recuperando valores como el respeto, la ética y honorabilidad nos acercamos un pasito a Japón 😎😎",mx,0,0,0,2,0,1,0,0,0,no seremos europa como muchos aspiran pero recuperando valores como el respeto la ética y honorabilidad nos acercamos un pasito a japón cara_sonriendo_con_gafas_de_sol cara_sonriendo_con_gafas_de_sol
4aa6aa7209564940383846184c6b744b,nuevoGobierno,0,Por mi que se pudran los dos. Viejos ridículos.,mx,0,0,0,0,0,0,0,0,0,por mi que se pudran los dos viejos ridículos
8b38a9bde3604defb7c65c64dfc7c5b7,nuevoGobierno,0,"Que ridículo, siempre pensé que en México eramos laicos..",mx,0,0,0,0,0,0,0,0,0,que ridículo siempre pensé que en méxico eramos laicos
088cd5572d82d2dff3682d4b20c6509c,nuevoGobierno,0,Esa es la verdadera consulta ciudadana ya dejense de tirar el dinero a lo pendejo...,mx,0,0,0,0,0,0,1,0,1,esa es la verdadera consulta ciudadana ya dejense de tirar el dinero a lo pendejo
836cc0de4491524e9e572d7d1b432017,nuevoGobierno,0,Si quieren contrapesos necesitaran unos 30 millones de personas y no intelectuales deben de ser prianistas y bien epndejos.,mx,0,0,0,0,0,1,0,0,0,si quieren contrapesos necesitaran unos 30 millones de personas y no intelectuales deben de ser prianistas y bien epndejos
8382719f84835d3e8997be6a8c8fa52d,nuevoGobierno,0,"La visión d @lopezobrador_ es miope, el no impulsará eso por qué no le importa y no le interesa y no lo negocio el, cómo no llegaron d inicio con el, por eso no le interesa darle seguimiento...!!!",mx,3,0,0,0,0,6,2,0,1,la visión d [user] es miope el no impulsará eso por qué no le importa y no le interesa y no lo negocio el cómo no llegaron d inicio con el por eso no le interesa darle seguimiento
28f72dfed5442af7b12e29cbb75b2fec,nuevoGobierno,0,La distribución de poderes constitucionales ya está diseñada para tener contrapesos legales. La propuesta de este grupo de panistas es ver cómo obstaculizar y golpetear al presidente anteponiendo sus intereses personales y partidistas. Son ardidos que no pueden con la democracia,mx,0,0,0,0,0,1,0,0,0,la distribución de poderes constitucionales ya está diseñada para tener contrapesos legales la propuesta de este grupo de panistas es ver cómo obstaculizar y golpetear al presidente anteponiendo sus intereses personales y partidistas son ardidos que no pueden con la democracia
73cbccece2ba027a156897a69150232e,nuevoGobierno,0,"Pues en ese pequeño grupo cabe toda la oposición; lástima que a lo que se oponen es a todo aquello de los del pueblo deseamos para nuestro país: igualdad, justicia y democracia.",mx,0,0,0,0,0,0,0,0,0,pues en ese pequeño grupo cabe toda la oposición lástima que a lo que se oponen es a todo aquello de los del pueblo deseamos para nuestro país igualdad justicia y democracia
de495e117669ee6479548f558a39ee0b,nuevoGobierno,0,Que Vergüenza tener este presidente!,mx,1,0,0,0,0,0,0,0,0,que vergüenza tener este presidente
e76083651e656805d4abb7d582b4d38a,nuevoGobierno,0,"Que lo financie slim, que le dé una lanita el pejidente para que se haga de la vista gorda y no pasó nada!",mx,1,0,0,0,0,2,0,0,0,que lo financie slim que le dé una lanita el pejidente para que se haga de la vista gorda y no pasó nada
cf4c14ab9b96c3248daab73d4a70a5dd,nuevoGobierno,0,La estupidez en la que se ha caído,mx,0,0,0,0,0,0,0,0,0,la estupidez en la que se ha caído
8904e16fbb76f8b816b5ae0b7e3598e5,nuevoGobierno,0,Dan risa aunque no pena.,mx,0,0,0,0,0,1,0,0,0,dan risa aunque no pena
506e08b43afd875976a5c07397101e92,nuevoGobierno,0,"😹😹😸 Colosio un junior qué llegó sin votos le regalaron la curul,un parásito sólo por ser hijo del priista qué el propio PRIAN asesinó,hipócritas . #AMLOPRESIDENTE",mx,0,0,2,3,0,1,0,0,0,gato_llorando_de_risa gato_llorando_de_risa gato_sonriendo_con_ojos_sonrientes colosio un junior qué llegó sin votos le regalaron la curul un parásito sólo por ser hijo del priista qué el propio prian asesinó hipócritas amlopresidente
54c8632f5bbeb553ffbf5b4f6f2e106e,nuevoGobierno,0,El presidente ningunea a sus electores con esta declaración.,mx,0,0,0,0,0,0,0,0,0,el presidente ningunea a sus electores con esta declaración
94106de8fc722ed598b24c11d5f64c6e,nuevoGobierno,0,Jaja no lleva ni dos jajaja,mx,0,0,0,0,1,2,0,0,0,jaja no lleva ni dos jajaja
3bee58b9ee3f71b2fbb504e198d96913,nuevoGobierno,0,Enojadas porque se ejerció “violencia de género” porque las expusieron ejerciendo violencia de género y racismo.,mx,0,0,0,0,0,0,0,2,0,enojadas porque se ejerció violencia de género porque las expusieron ejerciendo violencia de género y racismo
b10dbe9d06003ce13cbc0fef5247f439,nuevoGobierno,0,"¿Y el contrapeso a Peña, Calderón, Fox, etc.? El peje lleva prisa y sabe lo que quiere y trabaja a diario, y se va equivocar porque  así pasa, lo qué hay que hacer es nuestra tarea en nuestro ámbito. Ser buenos ciudadanos. Como arde que esté ahí el peje.",mx,0,2,0,0,0,0,0,0,0,y el contrapeso a peña calderón fox etc el peje lleva prisa y sabe lo que quiere y trabaja a diario y se va equivocar porque así pasa lo qué hay que hacer es nuestra tarea en nuestro ámbito ser buenos ciudadanos como arde que esté ahí el peje
41d89079a2a3eedd8d87396664ef5029,nuevoGobierno,0,"La mayoría ni sabe a qué se refiere #AMLO y ahí andan escribiendo solo por escribir, y los periodistas de nuevo publicando twitts amarillistas para poder tragar.",mx,0,0,1,0,0,1,0,0,0,la mayoría ni sabe a qué se refiere amlo y ahí andan escribiendo solo por escribir y los periodistas de nuevo publicando twitts amarillistas para poder tragar
623e41946c7c481e01acce939f4be395,nuevoGobierno,0,Son los beneficiados del régimen neoliberal que duro mucho Tiempo y se acostumbrarnos a vivir dentro del presupuesto por eso hay tanta resistencia separar lo público de lo privado fijar fronteras dice nuestro valiente y honesto presidenteel20% quiere seguir con la pata sobe resto,mx,0,0,0,0,0,0,0,0,0,son los beneficiados del régimen neoliberal que duro mucho tiempo y se acostumbrarnos a vivir dentro del presupuesto por eso hay tanta resistencia separar lo público de lo privado fijar fronteras dice nuestro valiente y honesto presidenteel20 quiere seguir con la pata sobe resto
8d7a0695f9714dbfedfa1142f0ffd0ec,nuevoGobierno,0,Si los ciudadanos no quieren la termo....pues no va. Y punto...q se chinguen y ya... cual problema?,mx,0,1,0,0,0,2,3,0,3,si los ciudadanos no quieren la termo pues no va y punto q se chinguen y ya cual problema
98209851658e0ebffa5b096cb866c6b9,nuevoGobierno,0,"Parece que se acabó la luna de miel, después del asesinato porque no espero, ahora el problema es que van imponer la termoeléctrica y esto va generar problemas en la region",mx,0,0,0,0,0,1,0,0,0,parece que se acabó la luna de miel después del asesinato porque no espero ahora el problema es que van imponer la termoeléctrica y esto va generar problemas en la region
f4a4230655d99e75bbe12cf168c885eb,nuevoGobierno,0,Aquí los esperamos. Con mucho gusto.,mx,0,0,0,0,0,0,0,0,0,aquí los esperamos con mucho gusto
504f30d93f7c3b55c9bf8346c5f73b60,nuevoGobierno,0,"Te equivocas gansobot,las pruebas son evidentes. Oh ajá y consigas mas seguidores solo tres 😢",mx,0,0,0,1,0,0,0,0,0,te equivocas gansobot las pruebas son evidentes oh ajá y consigas mas seguidores solo tres cara_llorando
d57a254cd087324566bca94ea33ce380,nuevoGobierno,0,Y ttraido de Israel peor aun Nooooo no lo permitan seneres que estan cuidando al PRESIDENTE no lo permitan,mx,0,0,1,0,0,2,1,0,0,y ttraido de israel peor aun noo no lo permitan seneres que estan cuidando al presidente no lo permitan
6afe3d91c9200abe4edec1666c1eee98,nuevoGobierno,0,Otro negocio del actual gobierno? Abra apertura para empresarios chicos y medianos? Cómo y quién va a determinar si los actuales contratos son buenos o malos? Etc . Parece que cada actividad de este gobierno deja más dudas que respuesta.,mx,0,3,0,0,0,0,0,0,0,otro negocio del actual gobierno abra apertura para empresarios chicos y medianos cómo y quién va a determinar si los actuales contratos son buenos o malos etc parece que cada actividad de este gobierno deja más dudas que respuesta
3161116d6d9405ed16cdde53ad849bd0,nuevoGobierno,0,@lopezobrador_  En efecto hay que empujarte entonces 👍🏻,mx,0,0,0,2,0,0,0,0,0,[user] en efecto hay que empujarte entonces pulgar_hacia_arriba_tono_de_piel_claro
241419dfe9de1c8ff88340ab903be533,nuevoGobierno,0,"Por principio de cuentas, el gobierno debe proveerse con ""Graaaaandes"" empresas por el volumen que se compran y ganar dinero es la razon de ser de ellas  Si los contratos son ventajosos, pues que poca madre",mx,0,0,0,0,0,0,1,2,0,por principio de cuentas el gobierno debe proveerse con graandes empresas por el volumen que se compran y ganar dinero es la razon de ser de ellas si los contratos son ventajosos pues que poca madre
8b90e44d7218f19892dbad012609a0b0,nuevoGobierno,0,"Sí. El tema es el acueducto, la contaminación del agua, el paso del gasoducto por el Popo. Confieso que desconozco detalles sobre las medidas de prevención de daños ambientales, si existen, pero por algo es el reclamo de los locales.",mx,0,0,0,0,0,0,0,0,0,sí el tema es el acueducto la contaminación del agua el paso del gasoducto por el popo confieso que desconozco detalles sobre las medidas de prevención de daños ambientales si existen pero por algo es el reclamo de los locales
8e5f6c08bcf09c8d9bc9829bf0c46224,nuevoGobierno,0,Dios bendiga a nuestro Presidente #AMLO,mx,0,0,1,0,0,0,0,0,0,dios bendiga a nuestro presidente amlo
f1ef57a90f85fe4aa68062db92161f7e,nuevoGobierno,0,"Y empieza a sobresalir el béisbol en México, casualmente el deporte favorito del peje, y que seguramente pronto lo será para los 30 millones de sus votantes!",mx,1,0,0,0,0,0,0,0,0,y empieza a sobresalir el béisbol en méxico casualmente el deporte favorito del peje y que seguramente pronto lo será para los 30 millones de sus votantes
1d04377a8e5eeb5875e0818c160c2e33,nuevoGobierno,0,Afortunadamente no todos somos zombies,mx,0,0,0,0,0,1,0,0,0,afortunadamente no todos somos zombies
bae21f42a9359947be9237290c590fb7,nuevoGobierno,0,"Muy seguramente para esos intentos de lastre intelectuales, habrá otros intelectuales que equilibren la balanza a favor de AMLO y de los mexicanos.",mx,0,0,1,0,0,0,0,0,0,muy seguramente para esos intentos de lastre intelectuales habrá otros intelectuales que equilibren la balanza a favor de amlo y de los mexicanos
5818c907bba2771bc22a586e6a9ff6d2,nuevoGobierno,0,"No se merece el apoyo de la gente, solo es un mentiroso más del gobierno que vela por sus propios intereses a futuro.",mx,0,0,0,0,0,1,0,0,0,no se merece el apoyo de la gente solo es un mentiroso más del gobierno que vela por sus propios intereses a futuro
871d888e957e0d5b8b9301adb1ce199e,nuevoGobierno,0,"mañana temprano (o si es posible hoy la noche), con ""sus números"" dirá que ganó el si en esa casilla.",mx,0,0,0,0,0,0,0,2,0,mañana temprano o si es posible hoy la noche con sus números dirá que ganó el si en esa casilla
d1ee813ed4ef2f22f5b8805e3f1d6e77,nuevoGobierno,0,Quien te dijo que Rusia es de izquierda o que va para ser la primer potencia económica?,mx,0,1,0,0,0,0,0,0,0,quien te dijo que rusia es de izquierda o que va para ser la primer potencia económica
09035d21b077a62ecaf68d7082fa897e,nuevoGobierno,0,Aceite de Israel no está bendito...sino lo contrario...son genocidas ...masacran a hombres mujeres y niños en Gaza,mx,0,0,0,0,0,2,3,0,3,aceite de israel no está bendito sino lo contrario son genocidas masacran a hombres mujeres y niños en gaza
ef2c432e6572288e2992d3914f5b167e,nuevoGobierno,0,Julio la pregunta es ¿Con qué adjetivo denostativo los calificará el presidente @lopezobrador_ ?,mx,0,2,0,0,0,0,0,0,0,julio la pregunta es con qué adjetivo denostativo los calificará el presidente [user]
1fa9c6528a88532c0b8d41208414aa58,nuevoGobierno,0,"Verguenza que se tenga que mantener estos eventos, los unicos beneficiados son los empresarios, como siempre queriendo ganar sin casi invertir, nada dan asco gente como tu que los defiende, si tantas ganas tienes de que sigan estos eventos pon de tu dinero y deja de molestar.",mx,0,0,0,0,0,2,0,0,0,verguenza que se tenga que mantener estos eventos los unicos beneficiados son los empresarios como siempre queriendo ganar sin casi invertir nada dan asco gente como tu que los defiende si tantas ganas tienes de que sigan estos eventos pon de tu dinero y deja de molestar
34b019450e8d22828d09dda6c045450f,nuevoGobierno,0,Cuando el pueblo es emplazado con violencia no se puede esperar otro tipo de respuesta. Asesinar a sus líderes es provocar esto. No los descalifiques por reaccionar en defensa de su agua y su tierra. Se le pidió a @lopezobrador_  suspender esta consulta y no quiso.,mx,0,0,0,0,0,3,0,0,0,cuando el pueblo es emplazado con violencia no se puede esperar otro tipo de respuesta asesinar a sus líderes es provocar esto no los descalifiques por reaccionar en defensa de su agua y su tierra se le pidió a [user] suspender esta consulta y no quiso
0e0f7399692c3d37ada40dbd5e814e78,nuevoGobierno,0,Vaya...brillante nota periodística. Alguna nota sobre lo que dijo hoy el abogado del Chapo a #FelipeCalderon?,mx,0,1,0,0,0,0,1,0,1,vaya brillante nota periodística alguna nota sobre lo que dijo hoy el abogado del chapo a felipecalderon
d6aed7b89833f4476887db93a9b28b6d,nuevoGobierno,0,Jajaja jaja enaceitando el ganso pinche loco mejor q razone y respete las instituciones y respete los derechos de la mujer.,mx,0,0,0,0,1,0,0,0,0,jajaja jaja enaceitando el ganso pinche loco mejor q razone y respete las instituciones y respete los derechos de la mujer
1b9dd76bafee294f8be9ae4b71edba5f,nuevoGobierno,0,"Cuanto cariño con las iglesias cristianas, ayer los recibe en Palacio Nacional, hoy lo consagran con aceite ¿Les dará sus estaciones de radio a cambio?",mx,0,2,0,0,0,0,0,0,0,cuanto cariño con las iglesias cristianas ayer los recibe en palacio nacional hoy lo consagran con aceite les dará sus estaciones de radio a cambio
02038a9508dbcea55d5e4ac8404854ad,nuevoGobierno,0,Que chingue a su mae amloco lo que diga me tiene sin cuidado tabasqueño pendejo.,mx,0,0,0,0,0,1,0,0,0,que chingue a su mae amloco lo que diga me tiene sin cuidado tabasqueño pendejo
388f5de972d06ce2cc121afa4ef78f8b,nuevoGobierno,0,"Ya están siendo más frecuentes los visos y tintes religiosos qué está dejando ver López en sus actos y sesiones, haciendo a un lado el mandato constitucional que dispone el Estado laico.",mx,0,0,0,0,0,0,0,0,0,ya están siendo más frecuentes los visos y tintes religiosos qué está dejando ver lópez en sus actos y sesiones haciendo a un lado el mandato constitucional que dispone el estado laico
16a4bda0390bc9179038d3e561ce5d82,nuevoGobierno,0,Y con qué calidad moral lo van hacer?,mx,0,1,0,0,0,0,0,0,0,y con qué calidad moral lo van hacer
fa229ba7ed3826590cc9010080844622,nuevoGobierno,0,"Alfaro, gobernador de Jalisco, dijo que no. Villoro, no. Aguilar Camin, no  Todos vía Twitter.",mx,0,0,0,0,0,3,0,0,0,alfaro gobernador de jalisco dijo que no villoro no aguilar camin no todos vía twitter
0c53181a9f67ac5c659b455e124951e1,nuevoGobierno,0,"Ayer varios de ellos se deslindaron. No esta mal la crítica al Poder, lo que se ve mal es que  tuvieron 40 años para hacerlo y apenas hace 4 meses se dieron cuenta de la corrupción y atraso de México. Todos debemos ser vigilantes del actuar gubernamental pero con objetividad.",mx,0,0,0,0,0,1,0,0,0,ayer varios de ellos se deslindaron no esta mal la crítica al poder lo que se ve mal es que tuvieron 40 años para hacerlo y apenas hace 4 meses se dieron cuenta de la corrupción y atraso de méxico todos debemos ser vigilantes del actuar gubernamental pero con objetividad
a68e84ccd407b67ccf66862442b4b325,nuevoGobierno,0,A ver si ya se dejan de organizar consultas piteras...,mx,0,0,0,0,0,0,1,0,1,a ver si ya se dejan de organizar consultas piteras
6388e9416023c075d1013fdbb2f88968,nuevoGobierno,0,Que clase de fanatismo !!!!!!,mx,6,0,0,0,0,0,1,0,0,que clase de fanatismo
6223d9a1e1260eecd70dd25e345b7657,nuevoGobierno,0,Cada persona tiene derecho a tener las ideas q quiera. Después de ver el fracaso de los gobiernos de izquierda es de conciencia no serlo,mx,0,0,0,0,0,1,0,0,0,cada persona tiene derecho a tener las ideas q quiera después de ver el fracaso de los gobiernos de izquierda es de conciencia no serlo
6b1f801445d07c218837298d997b109e,nuevoGobierno,0,"👏🏻👏🏻👏🏻 desde mi humilde trinchera, sumado.",mx,0,0,0,6,0,0,0,0,0,manos_aplaudiendo_tono_de_piel_claro manos_aplaudiendo_tono_de_piel_claro manos_aplaudiendo_tono_de_piel_claro desde mi humilde trinchera sumado
0d12805a91788f7da659124a12146b39,nuevoGobierno,0,Está en camino para convertirse en un dictador tipo Chávez o Maduro este viejito está loco!!,mx,2,0,0,0,0,0,0,0,0,está en camino para convertirse en un dictador tipo chávez o maduro este viejito está loco
6e03288327885938c396169dcdeec3ea,nuevoGobierno,0,Vaya cabroncito tan ingrato el mono este; ni a sus solovinos respeta.,mx,0,0,0,0,0,1,0,0,0,vaya cabroncito tan ingrato el mono este ni a sus solovinos respeta
0cb0ad8bc0ee6d64d51ac3015ebf86a5,nuevoGobierno,0,El buen juez por su casa empieza...,mx,0,0,0,0,0,0,1,0,1,el buen juez por su casa empieza
4af8d7e1a06d0c9c0e0ec6443ede68e3,nuevoGobierno,0,@hdemauleon ¿ esperaban una respuesta coherente de este pendejete ? Obvio que tiene que defender a su “guardia bolivariana”. Sino ¿ Quiénes lo van a defender cuando se proclame dictador ?,mx,0,4,0,0,0,1,0,2,0,[user] esperaban una respuesta coherente de este pendejete obvio que tiene que defender a su guardia bolivariana sino quiénes lo van a defender cuando se proclame dictador
f6ccd6da4ddf48b7b09d8154268962bd,nuevoGobierno,0,"Tan sancillo que es no votar o votar en contra y que el mismo pueblo cheque  la legalidad de las votaciones. Para que vea el gobierno que realmente estan en contra, pero no todo lo queremos arreglar con violencia!",mx,1,0,0,0,0,2,0,0,0,tan sancillo que es no votar o votar en contra y que el mismo pueblo cheque la legalidad de las votaciones para que vea el gobierno que realmente estan en contra pero no todo lo queremos arreglar con violencia
c52270dd9f9ed7fd52e2febc5a0fa3f7,nuevoGobierno,0,No porque tú conoces a tus amigos que son igual que tu unos mamarachos,mx,0,0,0,0,0,1,0,0,0,no porque tú conoces a tus amigos que son igual que tu unos mamarachos
a8532973d0b312eca9951300ca863803,nuevoGobierno,0,Dice lo que realmente piensa...lo demás es pura simulación. Las reuniones y consultas a expertos y grupos de OSC es atole con el dedo...,mx,0,0,1,0,0,0,2,0,2,dice lo que realmente piensa lo demás es pura simulación las reuniones y consultas a expertos y grupos de osc es atole con el dedo
5c39608909e81ca1c17f054b4c597518,nuevoGobierno,0,@lopezobrador_ vgt ridículo y populista HDP y sus #Pejeligreses de idiotas ahí alabandolo #NoMmn 🤬😡,mx,0,0,1,2,0,0,0,0,0,[user] vgt ridículo y populista hdp y sus pejeligreses de idiotas ahí alabandolo nommn cara_con_símbolos_en_la_boca cara_cabreada
df82b2e33e66747472b337065968419e,nuevoGobierno,0,"A López Obrador no se le regaló México. ""Un solo hombre no es capaz de hacer grande un país, pero si de destruirlo""  Felicito al grupo por la iniciativa de crear contrapeso contra el autoritarismo socialista y retrógrado del Pejedente. #AMLONoSabeGobernar",mx,0,0,0,0,0,2,0,2,0,a lópez obrador no se le regaló méxico un solo hombre no es capaz de hacer grande un país pero si de destruirlo felicito al grupo por la iniciativa de crear contrapeso contra el autoritarismo socialista y retrógrado del pejedente amlonosabegobernar
efd2bd4eb3fbb4f8acc76b9a57c15212,nuevoGobierno,0,"Te refieres a un estado laico? No violá esa garantía, ya que solo acepto las palabras de ese sr como un ciudadano más, el no está invitando a profesar dicha religión.",mx,0,1,0,0,0,2,0,0,0,te refieres a un estado laico no violá esa garantía ya que solo acepto las palabras de ese sr como un ciudadano más el no está invitando a profesar dicha religión
a8d263729b83eb8c79c484100e99a81f,nuevoGobierno,0,Son consultas son regulación y fuera de la ley,mx,0,0,0,0,0,0,0,0,0,son consultas son regulación y fuera de la ley
8d859f9d5129b06e6b353d3c24e87502,nuevoGobierno,0,"Y quién está detrás de estos ""habitantes""..?",mx,0,1,0,0,0,0,0,2,0,y quién está detrás de estos habitantes
d15e6aa8a3b5c9fc9c471ca7320e2dd2,nuevoGobierno,0,"Y según ellos ¿quienes los llaman intelectuales? ¿quién decide quienes pueden ser o no intelectuales? ¿qué se necesita para ser un intelectual? Todo esto me parece ególatra, soberbio y estúpido.",mx,0,6,0,0,0,1,0,0,0,y según ellos quienes los llaman intelectuales quién decide quienes pueden ser o no intelectuales qué se necesita para ser un intelectual todo esto me parece ególatra soberbio y estúpido
2f4643baca009643d35a3a7d30447826,nuevoGobierno,0,Desabasto de medicamentos SIEMPRE ha habido en el IMSS e ISSTE ahora solo se busca mantener proveedores con contratos que representen un beneficio eso es lo que entiendo. Las quimios de agua que dió el gobernador PRIISTA y rata Javier Duarte a niños de veracruz fue por desabasto?,mx,0,1,4,0,0,0,0,0,0,desabasto de medicamentos siempre ha habido en el imss e isste ahora solo se busca mantener proveedores con contratos que representen un beneficio eso es lo que entiendo las quimios de agua que dió el gobernador priista y rata javier duarte a niños de veracruz fue por desabasto
c935630debbf894082694447263a514e,nuevoGobierno,0,El pueblo está acostumbrado a imposisiones,mx,0,0,0,0,0,0,0,0,0,el pueblo está acostumbrado a imposisiones
f3c58b44f445c3881702a3c7dbc500d9,nuevoGobierno,0,"el pueblo bueno y sabio, sabe que estas consultas son una payasada y actúa en consecuencia, lástima que con boletas a favor o no la última palabra será que se haga la voluntad del PG",mx,0,0,0,0,0,1,0,0,0,el pueblo bueno y sabio sabe que estas consultas son una payasada y actúa en consecuencia lástima que con boletas a favor o no la última palabra será que se haga la voluntad del pg
e5eaf3c28ee4a537934470e70a2cd4f3,nuevoGobierno,0,Pregúntele al PRI o al pan cuanto les dieron por hacer su relajito ellos saben bien cuántas despensas repartieron y de a dos mil por persona salió el relajo,mx,0,0,1,0,0,0,0,0,0,pregúntele al pri o al pan cuanto les dieron por hacer su relajito ellos saben bien cuántas despensas repartieron y de a dos mil por persona salió el relajo
a2eeda65377ef73545f27546f4130af6,nuevoGobierno,0,Y el ESTADO LAICO !BIEN GRACIAS!,mx,2,0,4,0,0,0,0,0,0,y el estado laico bien gracias
5f9956b28576199c992c1280931ab0bf,nuevoGobierno,0,"Ok, es una buena propuesta y me sumo a ese esfuerzo pero ¿y qué criterio se usará para definir eso?",mx,0,2,0,0,0,0,0,0,0,ok es una buena propuesta y me sumo a ese esfuerzo pero y qué criterio se usará para definir eso
4c5909b425ef612615480368fcef019a,nuevoGobierno,0,"Lo primero que tenemos que hacer es limpiar la corrupción, y cuando pasen unos tres años, ya hacen contrapeso. Ahorita tiene que arreglar lo que los gobiernos inútiles no hicieron en muchos sexenios.",mx,0,0,0,0,0,1,0,0,0,lo primero que tenemos que hacer es limpiar la corrupción y cuando pasen unos tres años ya hacen contrapeso ahorita tiene que arreglar lo que los gobiernos inútiles no hicieron en muchos sexenios
72e4bfb191e1e71e836311574c2dba94,nuevoGobierno,0,"Ahora sí se está poniendo buena esta simulación, digo #ConsultaCiudadana",mx,0,0,0,0,0,0,0,0,0,ahora sí se está poniendo buena esta simulación digo consultaciudadana
b55281534358b9ec814591a8504e9092,nuevoGobierno,0,"Q lo pague , 2006 .de su bolsa ....",mx,0,0,0,0,0,0,1,0,1,q lo pague 2006 de su bolsa
b71178ec7401f4de86f6d5eb13d54b61,nuevoGobierno,0,Este hombre hará lo que sea por la popularidad. Cuidado @lopezobrador_ con Dios no se juega.,mx,0,0,0,0,0,1,0,0,0,este hombre hará lo que sea por la popularidad cuidado [user] con dios no se juega
171139d2122e39a2e8f26772fdeb6953,nuevoGobierno,0,"Iniciando por ser una consulta anticonstitucional, dónde anda la oposición?",mx,0,1,0,0,0,0,0,0,0,iniciando por ser una consulta anticonstitucional dónde anda la oposición
77c7015dbe0f7e1c801aa0c104ea5e4e,nuevoGobierno,0,"¿Mas contrapeso? Hay tres poderes,32 estados cada uno con congreso local,decenas&nbsp;de partidos, medios, OEA, ONU, TLCs, miles de leyes y reglamentos, multimillonarios de los más ricos del mundo, periodos de 6 años,etc. SON SOLO ORGANISMOS PROTECTORES DE MULTIMILLONARIOS CORRUPTOS.",mx,0,2,8,0,0,0,0,0,0,mas contrapeso hay tres poderes 32 estados cada uno con congreso local decenas nbsp de partidos medios oea onu tlcs miles de leyes y reglamentos multimillonarios de los más ricos del mundo periodos de 6 años etc son solo organismos protectores de multimillonarios corruptos
9a84cae15a73295d7639d655ddf37621,nuevoGobierno,0,"No me parece una noticia relevante, ni siquiera una noticia",mx,0,0,0,0,0,2,0,0,0,no me parece una noticia relevante ni siquiera una noticia
1fb4a4371e7b0458585001e7be6ae8fc,nuevoGobierno,0,Pueblo bueno y sabio don Julio. No se acerque a las mieles del periodismo fifí.,mx,0,0,0,0,0,1,0,0,0,pueblo bueno y sabio don julio no se acerque a las mieles del periodismo fifí
3925bd822d87c26c00b4b0d81b4dd1a2,nuevoGobierno,0,"Pero esa gente a que es en concreto a lo que se opone no dan o no he escuchado cual es la base para oponerse a tener mas luz : si es por que husa carbón,diésel, que son contaminantes esta bien pero también usa gas natural y ese no contamina que hagan algún contrato con el gob",mx,0,0,0,0,0,3,0,0,0,pero esa gente a que es en concreto a lo que se opone no dan o no he escuchado cual es la base para oponerse a tener mas luz si es por que husa carbón diésel que son contaminantes esta bien pero también usa gas natural y ese no contamina que hagan algún contrato con el gob
57f2f88d16f795d61d6cdc67a2817872,nuevoGobierno,0,"Los empresarios que buscas están ahora mismo en la Comisión de Energía del Senado. Entre ellos @aguadiana Senador por Morena que preside tal comisión, en un claro conflicto de intereses. El trabajo sucio, se los está haciendo el mismo Gobierno.",mx,0,0,0,0,0,0,0,0,0,los empresarios que buscas están ahora mismo en la comisión de energía del senado entre ellos [user] senador por morena que preside tal comisión en un claro conflicto de intereses el trabajo sucio se los está haciendo el mismo gobierno
dde261f1e441eba11dcbb9595e1bf63d,nuevoGobierno,0,"Ya hacía falta, porque lo que va del gobierno, no se están haciendo las cosas bien.",mx,0,0,0,0,0,1,0,0,0,ya hacía falta porque lo que va del gobierno no se están haciendo las cosas bien
b906da53cbc992b8de83b5a9a11beed3,nuevoGobierno,0,"Vean lo que hizo hoy maduro en venezuela y no olviden que @lopezobrador_ es el único que lo apoya con cuba, recuerden bien eso los que votaron por él, luego no anden llorando cuando acabe con la economía",mx,0,0,0,0,0,2,0,0,0,vean lo que hizo hoy maduro en venezuela y no olviden que [user] es el único que lo apoya con cuba recuerden bien eso los que votaron por él luego no anden llorando cuando acabe con la economía
95721c6cca0fde73e8ed3b9ca0939d7d,nuevoGobierno,0,"Que horror, como abunda la gente ignorante!",mx,1,0,0,0,0,0,0,0,0,que horror como abunda la gente ignorante
14b97348bd13ac2920ff891df098dd80,nuevoGobierno,0,"Pero las personas si. Ahora entiendo el porque  atleta,  ebrardt, padierna, napito y un largo etc.",mx,0,0,0,0,0,0,0,0,0,pero las personas si ahora entiendo el porque atleta ebrardt padierna napito y un largo etc
f04cd7ba4d80b7d3c239e31e7cfc30f4,nuevoGobierno,0,Cuanta ignorancia y fanatismo🤯🤯🤯🤯,mx,0,0,0,4,0,0,1,0,0,cuanta ignorancia y fanatismo cabeza_explotando cabeza_explotando cabeza_explotando cabeza_explotando
2f27eb02d2a4fea09e5ed197fa2eb618,nuevoGobierno,0,"Si un régimen dictatorial donde toda la pinche gente hace lo que quiere. Si quieren tiran mesas, se pueden quejar y nadie los amordazadas.",mx,0,0,0,0,0,1,0,0,0,si un régimen dictatorial donde toda la pinche gente hace lo que quiere si quieren tiran mesas se pueden quejar y nadie los amordazadas
0b5b85953a730df755248f98fa3f5953,nuevoGobierno,0,No mamen lo mismo de siempre,mx,0,0,0,0,0,1,0,0,0,no mamen lo mismo de siempre
d1be2295c56b54ebaddcf394dd024a0f,peliculaRoma,1,Lo dicho ya hay más noticias en tempranito que con ustedes....,mx,0,0,0,0,0,0,1,0,1,lo dicho ya hay más noticias en tempranito que con ustedes
4863e0d3f9a6f6a398bd16518eaa5eda,peliculaRoma,1,Si vieran lo preocupado que está CUARÓN por tal motivo....,mx,0,0,1,0,0,0,1,0,1,si vieran lo preocupado que está cuarón por tal motivo
e1187fad6d1f31ff2e73c43b0eeddf2f,peliculaRoma,1,"No te preocupes , no creo que esté preocupado por tu mandatario . Seguro ni pudo festejar . 😂🍷",mx,0,0,0,2,0,3,0,0,0,no te preocupes no creo que esté preocupado por tu mandatario seguro ni pudo festejar cara_llorando_de_risa copa_de_vino
907aa63d4dbd57878ce32f9c896e1c10,peliculaRoma,1,"Wow, ¡paren las prensas!                         La “periodista” que inventaba notas (caso dirigente pri en DF) e investigadora (mandada por YSQ) como la Casa Blanca y varios etcéteras, ¿ahora cobra chayote? Porque no la veo con ninguna nota importante, en Houston por ejemplo.",mx,2,2,1,0,0,2,1,2,0,wow paren las prensas la periodista que inventaba notas caso dirigente pri en df e investigadora mandada por ysq como la casa blanca y varios etcéteras ahora cobra chayote porque no la veo con ninguna nota importante en houston por ejemplo
cd9547ec8466bf52ded0875b71b1c432,peliculaRoma,1,El efecto de tantas Ativán recetadas  durante el día. Se le van a incrementar las lagunas mentales.,mx,0,0,0,0,0,0,0,0,0,el efecto de tantas ativán recetadas durante el día se le van a incrementar las lagunas mentales
63692405c8329a29e054632787a4ba7c,peliculaRoma,1,"¡De cualquier manera, ya la itzio!!",mx,3,0,0,0,0,0,0,0,0,de cualquier manera ya la itzio
de8bae1bd4ce7401bbdb27c1858378bd,peliculaRoma,1,Avísenle a @RicardoMonrealA que la  filmación que saboteó durante su gestión en CDMX ganó 3 Oscars.,mx,0,0,1,0,0,0,0,0,0,avísenle a [user] que la filmación que saboteó durante su gestión en cdmx ganó 3 oscars
adf81a0aef0ebae732622d9c7dbfdbcd,peliculaRoma,1,"Habrá que decirle que mejor vea GREEN BOOK, es muuuuuucho mejor película que ROMA. Haciendo a un lado el nacionalismo, fanatismo, etc, etc. Tratándose de calidad, GREEN BOOK es mejor.",mx,0,0,5,0,0,0,1,0,0,habrá que decirle que mejor vea green book es muucho mejor película que roma haciendo a un lado el nacionalismo fanatismo etc etc tratándose de calidad green book es mejor
b638267ed1d9d0e10260abdfe3623a57,peliculaRoma,1,"Ahora los AMLOVERS no han dicho nada de su famosa “cortina de humo”... qué pedo, aquí no aplica???",mx,0,3,1,0,0,3,2,2,1,ahora los amlovers no han dicho nada de su famosa cortina de humo qué pedo aquí no aplica
d6c82c0838b01e56c5d5f438bf928296,peliculaRoma,1,¡Qué notición! Das pena.,mx,2,0,0,0,0,0,0,0,0,qué notición das pena
abd28c7c3bdfae3ffcd52d8aab861aa4,peliculaRoma,1,"Graciosa por tu relevante información!! Das pena en lo que estás convertida !! Alto costo estás pagando en tu credibilidad, donde aquella enjundia por el mínimo error de Peña?  No te parece grave tanta irregularidad de este gobierno? No!!! Claro!! Si fue quien te dio chamba!!",mx,11,2,0,0,0,2,1,0,0,graciosa por tu relevante información das pena en lo que estás convertida alto costo estás pagando en tu credibilidad donde aquella enjundia por el mínimo error de peña no te parece grave tanta irregularidad de este gobierno no claro si fue quien te dio chamba
8fdf1986c470086283df00d0110a6eae,peliculaRoma,1,"El necesita dormir, dormir y dormir para no llegar a viejillo y ser el dictador más joven.",mx,0,0,0,0,0,1,0,0,0,el necesita dormir dormir y dormir para no llegar a viejillo y ser el dictador más joven
daefc1a87df81630476c70b76b358f1b,peliculaRoma,1,"Así como Peña Nieto y Vicente Fox nunca han leído un libro en sus patéticas vidas, López Obrador jamás ha visto seguramente buen cine por lo que nunca verá ""Roma""....",mx,0,0,0,0,0,3,1,2,1,así como peña nieto y vicente fox nunca han leído un libro en sus patéticas vidas lópez obrador jamás ha visto seguramente buen cine por lo que nunca verá roma
1e55902091adf21ec7a37f701dd21c20,peliculaRoma,1,Está en su mundo tratando de conquistar al México bueno y consultable y repartiendo esperanza #lol...,mx,0,0,0,0,1,0,1,0,1,está en su mundo tratando de conquistar al méxico bueno y consultable y repartiendo esperanza lol
44dd6be6709449cdf451bcbc8729f805,peliculaRoma,1,Va a estar cabrón. Cuando suceda un sismo o ciclón por la noche. Deberá ser por las mañanas,mx,0,0,0,0,0,0,0,0,0,va a estar cabrón cuando suceda un sismo o ciclón por la noche deberá ser por las mañanas
7297c99595ff52401254fc5df7be417b,peliculaRoma,1,"No claroooo, q va a importar lo q diga un crítico de cine?? 🤦🏻‍♀️🤦🏻‍♀️🤦🏻‍♀️",mx,0,2,0,9,0,1,1,0,0,no claroo q va a importar lo q diga un crítico de cine mujer_con_la_mano_en_la_frente_tono_de_piel_claro mujer_con_la_mano_en_la_frente_tono_de_piel_claro mujer_con_la_mano_en_la_frente_tono_de_piel_claro
650cc57f7788c65e534e2618be4ce346,peliculaRoma,1,"Creo que no quería llevarse ningún premio hasta que el precandidato le hablara para felicitarlo , se veía tan preocupado y triste de que no le hablará el pobre ignorantin mentirosin.",mx,0,0,0,0,0,3,0,0,0,creo que no quería llevarse ningún premio hasta que el precandidato le hablara para felicitarlo se veía tan preocupado y triste de que no le hablará el pobre ignorantin mentirosin
03f493a9340a49da5425ce980ee45384,peliculaRoma,1,Utaaa que noticia tan chingona !!.. Los medios de información mexicanos cada día más a la vanguardia!!,mx,4,0,0,0,0,0,1,0,0,utaa que noticia tan chingona los medios de información mexicanos cada día más a la vanguardia
d21b3dfd8e3047265d5ec2183342fed7,peliculaRoma,1,Se le va en comer y dormir al viejito,mx,0,0,0,0,0,0,0,0,0,se le va en comer y dormir al viejito
dd2baf731f72686912de3489d0af3951,peliculaRoma,1,En definitiva es una pelicula hecha para ganar un oscar... con todos los cliches,mx,0,0,0,0,0,0,1,0,1,en definitiva es una pelicula hecha para ganar un oscar con todos los cliches
4db71222cbd7d20e1eeda4147ef11fcb,peliculaRoma,1,"Tratándose de una película, es mejor dormir temprano. Después del todo su primera reunión del día es a la 6 de la mañana verdad?",mx,0,1,0,0,0,0,0,0,0,tratándose de una película es mejor dormir temprano después del todo su primera reunión del día es a la 6 de la mañana verdad
3a6b295d72a7b7194f6ebee9710eb813,peliculaRoma,1,"Esas son las notas Carmen? Válgame Dios, te perdimos...",mx,0,1,0,0,0,0,1,0,1,esas son las notas carmen válgame dios te perdimos
b22d14692930a294977eda9954c65154,peliculaRoma,1,"Por Dios Carmen ve nada más que noticias publicas!!!!! El mundo se esta desmoronando y tu diciendo el Mandatario se duerme temprano. Vamos Carmen a trabajar en serio y a informar cosas importantes, donde esta esa Carmen que todos conocemos. Ya entrale en serio!!!!! Esto es la 4T.",mx,10,0,0,0,0,1,2,0,0,por dios carmen ve nada más que noticias publicas el mundo se esta desmoronando y tu diciendo el mandatario se duerme temprano vamos carmen a trabajar en serio y a informar cosas importantes donde esta esa carmen que todos conocemos ya entrale en serio esto es la 4t
ef6c5bbb2b417c038f02682194b2d9f7,peliculaRoma,1,Dicen que Dios una vez que hubo hecho a todos los artistas de lo que le sobró hizo a los críticos. El chiste se cuenta solo.,mx,0,0,0,0,0,0,0,0,0,dicen que dios una vez que hubo hecho a todos los artistas de lo que le sobró hizo a los críticos el chiste se cuenta solo
ee5dcc2450d4ed52b8401abd8caeb2e8,peliculaRoma,1,... y entonces la gran Carmen y su equipo se muestran tristemente como un medio domesticado sirviendo a la nueva mafia del poder.,mx,0,0,0,0,0,0,1,0,1,y entonces la gran carmen y su equipo se muestran tristemente como un medio domesticado sirviendo a la nueva mafia del poder
bc57515382a3445fa389cf41ad270410,peliculaRoma,1,Pero que no sea un equipo de fútbol o béisbol porque hasta los invita a palacio,mx,0,0,0,0,0,1,0,0,0,pero que no sea un equipo de fútbol o béisbol porque hasta los invita a palacio
bbc926e94c9f39bb0104bfdc851618cb,peliculaRoma,1,Gracias por el recado ✔️✔️💲💰💰💰💰💰💰💰💰💰💰💰💲,mx,0,0,0,15,0,0,1,0,0,gracias por el recado marca_de_verificación marca_de_verificación símbolo_de_dólar bolsa_de_dinero bolsa_de_dinero bolsa_de_dinero bolsa_de_dinero bolsa_de_dinero bolsa_de_dinero bolsa_de_dinero bolsa_de_dinero bolsa_de_dinero bolsa_de_dinero bolsa_de_dinero símbolo_de_dólar
c3c36112c1421c927862d15615497f0a,peliculaRoma,1,"Pues el si está trabajando no a esta haciendo pato, por eso se cansa ganso.",mx,0,0,0,0,0,1,0,0,0,pues el si está trabajando no a esta haciendo pato por eso se cansa ganso
99ed8b6957b0e895c0316ca379cad2a7,peliculaRoma,1,Pues no que se la pasan trabajando,mx,0,0,0,0,0,1,0,0,0,pues no que se la pasan trabajando
1ec8c1d426fab108d7f780bde16886b5,peliculaRoma,1,"Y aún así gana el Oscar a mejor película extranjera , imagina si hubiera sido buena película ?",mx,0,1,0,0,0,0,0,0,0,y aún así gana el oscar a mejor película extranjera imagina si hubiera sido buena película
159fd4b3c6d2c568e0120c58f967fdcb,peliculaRoma,1,"Se hace pendejo mas de una hora todas las mañanas, hablando idiotez tras idiotez, esa hora sería mejor aprovechada si la durmiera.",mx,0,0,0,0,0,0,0,0,0,se hace pendejo mas de una hora todas las mañanas hablando idiotez tras idiotez esa hora sería mejor aprovechada si la durmiera
7fa35c832f6904d8f6dbd21d849c104f,peliculaRoma,1,Camarada ella voto por ya sabes quien,mx,0,0,0,0,0,0,0,0,0,camarada ella voto por ya sabes quien
561c7d97b0dceaf01c6d8c15674ff210,peliculaRoma,1,"Seguro son los que consideran que Godínez vs Mirreyes está increíble!!!!! Sigan viendo esas ""obras de arte"" 😂😂😂🤣",mx,5,0,0,4,0,0,2,2,0,seguro son los que consideran que godínez vs mirreyes está increíble sigan viendo esas obras de arte cara_llorando_de_risa cara_llorando_de_risa cara_llorando_de_risa cara_revolviéndose_de_la_risa
540ddf4b2c608a239938453d8e1af41c,peliculaRoma,1,"¿DE VERDAD? Wow. Acaba de desaparecer por completo el enorme aprecio que sentía por esta película. Gracias, Universal",mx,0,2,1,0,0,0,0,0,0,de verdad wow acaba de desaparecer por completo el enorme aprecio que sentía por esta película gracias universal
885bed939594b08bd5a2b0a9b9f0758c,peliculaRoma,1,Entonces si se nominados es un triunfo Meade y Anaya ganaron por perder,mx,0,0,0,0,0,0,0,0,0,entonces si se nominados es un triunfo meade y anaya ganaron por perder
02dcbfd48e352e46e47af787bd8b1616,peliculaRoma,1,"En otras noticias, 🤓 se robaron a una gallina 🐔 pero le dejaron los pollitos 🐤🐤🐤 y ahora no hay quien les tape el frío . Gracias por sintonizarnos en radio chairistegui 📻",mx,0,0,0,6,0,1,1,0,0,en otras noticias cara_de_empollón se robaron a una gallina gallina pero le dejaron los pollitos pollito pollito pollito y ahora no hay quien les tape el frío gracias por sintonizarnos en radio chairistegui radio
f91cc5b8ceeaf673c8bb6eb373620aa0,peliculaRoma,1,Felicidades por tu nuevo cargo de vocera de la presidencia. Ve nomás a lo que has llegado. Leer para creer,mx,0,0,0,0,0,0,0,0,0,felicidades por tu nuevo cargo de vocera de la presidencia ve nomás a lo que has llegado leer para creer
a4b86f057dee1c7d8de3f3c6bde2b67e,peliculaRoma,1,Ya esta ruco y se le cansa el ganzo 😂,mx,0,0,0,1,0,0,0,0,0,ya esta ruco y se le cansa el ganzo cara_llorando_de_risa
76a18c6a3901d78cfc8e118f4876befe,peliculaRoma,1,Seguramente Cuaron esta muy preocupado por eso,mx,0,0,0,0,0,0,0,0,0,seguramente cuaron esta muy preocupado por eso
6898395345276a89ce4e8e21a582f0ac,peliculaRoma,1,"Si, el cuadro de como coge las cacas del perro es majestuosisimo o el baile del medio novio ese en bolas delicadisimo 😂😂😂 No me preguntes más xq a los 35 minutos la tuvimos q quitar de lo aburrida q era...",mx,0,0,0,3,0,1,2,0,1,si el cuadro de como coge las cacas del perro es majestuosisimo o el baile del medio novio ese en bolas delicadisimo cara_llorando_de_risa cara_llorando_de_risa cara_llorando_de_risa no me preguntes más xq a los 35 minutos la tuvimos q quitar de lo aburrida q era
ef7cb47e0baae059a4d2e7a5053b6511,peliculaRoma,1,Se duerme temprano y no está acostumbrado a que alguien más sea el foco de atención.,mx,0,0,0,0,0,1,0,0,0,se duerme temprano y no está acostumbrado a que alguien más sea el foco de atención
c6d95251a35d7f067ae87c6bddbf3ef6,peliculaRoma,1,Saludos a la vocera del gobierno .,mx,0,0,0,0,0,0,0,0,0,saludos a la vocera del gobierno
374916216340d8b2a5aa3c14685d3837,peliculaRoma,1,Y asi fue como Aristegui se volvio parte del periodismo chayotero que tanto criticó..,mx,0,0,0,0,0,0,0,0,0,y asi fue como aristegui se volvio parte del periodismo chayotero que tanto criticó
6ffdf46da471b0d99eaaedb97feefc1b,peliculaRoma,1,"“Cotonete” duerme temprano porque ya no aguanta las mañaneras... ni funcionan estas, ni sirven de nada!!",mx,2,0,0,0,0,4,1,2,1,cotonete duerme temprano porque ya no aguanta las mañaneras ni funcionan estas ni sirven de nada
fd96d62f40bf3d40187deb6a4947500e,peliculaRoma,1,Hahahhahah no que Ella y Gaga estaban empatadas para ganar???,mx,0,3,0,0,0,1,1,0,0,hahahhahah no que ella y gaga estaban empatadas para ganar
fbb9f5b69d0329522f0cad2cac1dc562,peliculaRoma,1,Pero que Pendejada! Pero si se puede levantar temprano a su misa mañanera??? De veras que IGNORANTE ÉS ESTE SEÑOR! 😒,mx,2,3,3,1,0,0,1,0,0,pero que pendejada pero si se puede levantar temprano a su misa mañanera de veras que ignorante és este señor cara_de_desaprobación
194f687a109eb9bbffb38a46268fbf19,peliculaRoma,1,"Les faltó detallar lo que cena, la pasta de dientes que usa, si su cobija tiene tigre o caballos y si dice sus oraciones de rodillas o ya acostadito.",mx,0,0,0,0,0,0,0,0,0,les faltó detallar lo que cena la pasta de dientes que usa si su cobija tiene tigre o caballos y si dice sus oraciones de rodillas o ya acostadito
95454147807e97d6a4f1db42b75e3df7,peliculaRoma,1,"Quieren que una película componga todos los problemas de un país, nombre unos genios!?",mx,1,1,0,0,0,0,0,0,0,quieren que una película componga todos los problemas de un país nombre unos genios
6f22ba724b707fc119ba983d88645f16,peliculaRoma,1,🙄🙊🤐 si se necesita que se tome alguna decisión importante como presidente de México  afectando su “bedtime” ???...pues que se esperen!!!🤣🤣,mx,3,3,0,5,0,0,3,2,1,cara_con_ojos_en_blanco mono_con_la_boca_tapada cara_con_la_boca_cerrada_con_cremallera si se necesita que se tome alguna decisión importante como presidente de méxico afectando su bedtime pues que se esperen cara_revolviéndose_de_la_risa cara_revolviéndose_de_la_risa
afcc59c8d5271540de773d250970d6dc,peliculaRoma,1,"Gracias por tan profunda investigación, va a cambiar el rumbo de este país y de hacer periodismo, tal como la de la Casa Blanca",mx,0,0,0,0,0,0,0,0,0,gracias por tan profunda investigación va a cambiar el rumbo de este país y de hacer periodismo tal como la de la casa blanca
d45022cda14b4c2dfe8a8483409623d3,peliculaRoma,1,Viva Meade que ya sale a vender información estratégica y sensible para los grandes negocios,mx,0,0,0,0,0,0,0,0,0,viva meade que ya sale a vender información estratégica y sensible para los grandes negocios
0dccb7c05f48dbd6b9ca6e4421dca613,peliculaRoma,1,No podía esperar menos de su pejidente.,mx,0,0,0,0,0,1,0,0,0,no podía esperar menos de su pejidente
12ba66df32118408e675e90f6d65163a,peliculaRoma,1,Más bien va ahorrar lo de la llamada para el tren maya,mx,0,0,0,0,0,0,0,0,0,más bien va ahorrar lo de la llamada para el tren maya
28a65f7857d5d72d2ca9203a91a2d6c1,peliculaRoma,1,Si se dan cuenta México es el país con mayor talento,mx,0,0,0,0,0,0,0,0,0,si se dan cuenta méxico es el país con mayor talento
55e560641f56252f531c4162fae46f6d,peliculaRoma,1,@lopezobrador_  @alfonsocuaron lo Felícita pero no ha visto la peli porque es ir Netflix que es muy fifi.,mx,0,0,0,0,0,1,0,0,0,[user] [user] lo felícita pero no ha visto la peli porque es ir netflix que es muy fifi
9aa32b2a6bbc1bf397c2819e384e4ac4,peliculaRoma,1,Diganle eso al Cruz Azul..,mx,0,0,0,0,0,0,0,0,0,diganle eso al cruz azul
ee4ef3c5d6203e83dfd4d4965387a532,peliculaRoma,1,No vayan a pensar que es un presidente fifi por ser cliente de Netflix,mx,0,0,0,0,0,1,0,0,0,no vayan a pensar que es un presidente fifi por ser cliente de netflix
6199c71e063ac3e774381afbe558182c,peliculaRoma,1,"Ándale Carmencita, sigue defendiera 4-T, en 100 días nos hemos regresado cuando menos 30 años!! Platero lo hizo mejor que este que no se sabe la tonada; es el Rey de los Burros!! 😄",mx,4,0,0,1,0,1,0,0,0,ándale carmencita sigue defendiera 4 t en 100 días nos hemos regresado cuando menos 30 años platero lo hizo mejor que este que no se sabe la tonada es el rey de los burros cara_sonriendo_con_ojos_sonrientes
5d1a566a25699c2422cc685a764a0eed,peliculaRoma,1,Ya con que haya salido de su cerro es más que suficiente Jajajajajajajaja Jajajajajajajaja,mx,0,0,0,0,0,0,0,0,0,ya con que haya salido de su cerro es más que suficiente jajajajajajajaja jajajajajajajaja
70568a9e92a7a64383ead6440bebda50,peliculaRoma,1,El consuelo de los mediocres ....,mx,0,0,0,0,0,0,1,0,1,el consuelo de los mediocres
e1bc4ff752464ed543aa3b6a06b7b8de,peliculaRoma,1,"Pus esq se cansa el ganso, recuerden que todo por servir se acaba y acaba por no servir",mx,0,0,0,0,0,1,0,0,0,pus esq se cansa el ganso recuerden que todo por servir se acaba y acaba por no servir
b57e9a36429aee0fdbb60a4cba8a6cc9,peliculaRoma,1,No Mamen acaban de hacer otra consulta patito y ustedes salen con está nota por favor por lo menos disimulen que no se vea el chayo,mx,0,0,0,0,0,2,0,0,0,no mamen acaban de hacer otra consulta patito y ustedes salen con está nota por favor por lo menos disimulen que no se vea el chayo
cec2c8f1279c476872d74c60f728021e,peliculaRoma,1,Así valora AMLO a los mexicanos que sí trabajan y se esfuerzan por poner en alto el nombre de México,mx,0,0,1,0,0,0,0,0,0,así valora amlo a los mexicanos que sí trabajan y se esfuerzan por poner en alto el nombre de méxico
90b90cb8cbd9101e2505741214645824,peliculaRoma,1,Esto es cuestión de amor; de amor en sí o de amor para sí; pero viendo ese amor desde una perspectiva dialéctica es amor total; benéfica al madrugador y a la comparsa.,mx,0,0,0,0,0,0,0,0,0,esto es cuestión de amor de amor en sí o de amor para sí pero viendo ese amor desde una perspectiva dialéctica es amor total benéfica al madrugador y a la comparsa
06bdddd3f574ec0bbe43d0c72156f949,peliculaRoma,1,Pues falta que @lopezobrador_ no diga nada acerca de lo sucedido con @jorgeramosnews en Venezuela porque también se quede dormido.,mx,0,0,0,0,0,2,0,0,0,pues falta que [user] no diga nada acerca de lo sucedido con [user] en venezuela porque también se quede dormido
5cdc52ad0fe9df8aae4cb2723e1309af,peliculaRoma,1,"De vez en cuando tienes datos, pa puras pendejadas!!!!",mx,4,0,0,0,0,0,1,0,0,de vez en cuando tienes datos pa puras pendejadas
f6f47dc02866c39e0eb0a6a6e481e1c8,peliculaRoma,1,Y luego? Esa es noticia?,mx,0,2,0,0,0,0,0,0,0,y luego esa es noticia
43978d7de4e603d0778749c9bf129480,peliculaRoma,1,Vieran lo preocupado 😟 que está Alfonso no pudo dormir en toda la madrugada.,mx,0,0,0,1,0,1,0,0,0,vieran lo preocupado cara_preocupada que está alfonso no pudo dormir en toda la madrugada
0b2a13f89c287c47025251d87cb7d253,peliculaRoma,1,Pues clarocomo todo anciano,mx,0,0,0,0,0,0,0,0,0,pues clarocomo todo anciano
47a07253ac0467a99de9da9506edb25a,peliculaRoma,1,A pedir chamba otra vez al kinder de Oax.,mx,0,0,0,0,0,0,0,0,0,a pedir chamba otra vez al kinder de oax
babc1585c61d50f063d1a1b1b3ebc5b6,peliculaRoma,1,"No mames!!! A lo que ha llegado. Ahora es topo Gigio. Mañana dará a conocer como estelar de su noticiero "" el presidente duerme de cucharita""",mx,3,0,0,0,0,1,1,2,0,no mames a lo que ha llegado ahora es topo gigio mañana dará a conocer como estelar de su noticiero el presidente duerme de cucharita
dc99b77051cf5c84aff8f8f517f25e2b,peliculaRoma,1,Qué profundidad y trascendencia de noticia; bravo @aristeguicnn vas de mal en peor.,mx,0,0,0,0,0,0,0,0,0,qué profundidad y trascendencia de noticia bravo [user] vas de mal en peor
98fe16859bb3b5b1974456e2a2aa8019,peliculaRoma,1,Se le acabo el sueño 🤣🤣,mx,0,0,0,2,0,0,0,0,0,se le acabo el sueño cara_revolviéndose_de_la_risa cara_revolviéndose_de_la_risa
4135bd983d60fb49e3eaa829727c73a7,peliculaRoma,1,Que ni la vea...se va a dormir!!!,mx,3,0,0,0,0,1,2,0,1,que ni la vea se va a dormir
ebd1d386935c3c08094cf710e7943343,peliculaRoma,1,"Es cierto, ¿cuantos millones de películas de Goyris se necesitarían para lograr una nominación al #Oscar pues infinitos intentos fallidos",mx,0,1,0,0,0,0,0,0,0,es cierto cuantos millones de películas de goyris se necesitarían para lograr una nominación al oscar pues infinitos intentos fallidos
28801fa9f2f3ec1caa26bbe4d75685f9,peliculaRoma,1,Lo que callamos las mujeres versión extra larga,mx,0,0,0,0,0,0,0,0,0,lo que callamos las mujeres versión extra larga
423b0fff0d05ac5e9aff6b16b3fa347d,peliculaRoma,1,Para qué quieren que la vea si ni le va a gustar. No sale Benito Juárez y no juegan baseball.,mx,0,0,0,0,0,3,0,0,0,para qué quieren que la vea si ni le va a gustar no sale benito juárez y no juegan baseball
51512c350aac5cbde5a39deb12acbff8,peliculaRoma,1,"Es viejito y duerme temprano, se endurece de con eso de su hora nacional",mx,0,0,0,0,0,0,0,0,0,es viejito y duerme temprano se endurece de con eso de su hora nacional
72e0792f8210992722dff363fc667484,peliculaRoma,0,Imaginen si fuera lo contrario,mx,0,0,0,0,0,0,0,0,0,imaginen si fuera lo contrario
3279715b7a7eabeb2df4dd23f7b93c26,peliculaRoma,0,Su carrera apenas empieza llegarán más nominaciones y el Oscar muy pronto felicidades,mx,0,0,0,0,0,0,0,0,0,su carrera apenas empieza llegarán más nominaciones y el oscar muy pronto felicidades
202acf3de63857fbcd3f3f48c939a08a,peliculaRoma,0,"Pues yo coincido con ellos, no m gusto nada...",mx,0,0,0,0,0,2,1,0,1,pues yo coincido con ellos no m gusto nada
9849dff0db4884c306215e7bcb6f4420,peliculaRoma,0,"Ya Joaquín deja de colgarte de eso no ganó nada y eso sí lo esperábamos ya chole con lo mismo , de plano no hay otra cosa mucho más importante ???",mx,0,3,0,0,0,3,1,0,0,ya joaquín deja de colgarte de eso no ganó nada y eso sí lo esperábamos ya chole con lo mismo de plano no hay otra cosa mucho más importante
561a05f4681882410634ec8345746d70,peliculaRoma,0,"Los críticos, como los políticos, tienen opiniones muy divergentes entre si, igual hay quienes si les gustó y otros que no. La respuesta la da el público en la taquilla, veremos cuanto dinero genera por año y ahi sabremos si fue o no negocio.",mx,0,0,0,0,0,2,0,0,0,los críticos como los políticos tienen opiniones muy divergentes entre si igual hay quienes si les gustó y otros que no la respuesta la da el público en la taquilla veremos cuanto dinero genera por año y ahi sabremos si fue o no negocio
19ad5d78f194dc90ad00a8a440d750d1,peliculaRoma,0,Pues si se para antes de las 7,mx,0,0,0,0,0,0,0,0,0,pues si se para antes de las 7
abc3813bc88bcb3de01c2d51503a4b8a,peliculaRoma,0,Buen inicio de carrera con nominación,mx,0,0,0,0,0,0,0,0,0,buen inicio de carrera con nominación
82588bddb9f4219560b02eb8da3174f9,peliculaRoma,0,La realidad es peor.,mx,0,0,0,0,0,0,0,0,0,la realidad es peor
1019b9dac90400b3ffc8f1706eb92ff3,peliculaRoma,0,Hasta hasta que hubo alguien que piensa,mx,0,0,0,0,0,0,0,0,0,hasta hasta que hubo alguien que piensa
9d460538495a6027e5bb1aaeb3125441,peliculaRoma,0,No usa pasta de dientes.,mx,0,0,0,0,0,1,0,0,0,no usa pasta de dientes
70f791ac1fc0384e50b31875826b4542,peliculaRoma,0,"Güey nació,y el plus que le sigue agregando. No pues,sí se comporta como dices;guey más güey el guey(""gay"")",mx,0,0,0,0,0,1,0,2,0,güey nació y el plus que le sigue agregando no pues sí se comporta como dices guey más güey el guey gay
8713fb021d2f3144fdfc743a9a40dd13,peliculaRoma,0,"Eso es cierto, pero no tiene nada de malo reconocer que no es actriz, lució por la gran dirección de Cuarón",mx,0,0,0,0,0,3,0,0,0,eso es cierto pero no tiene nada de malo reconocer que no es actriz lució por la gran dirección de cuarón
fc19a851bac072b4621b18a89b52396c,peliculaRoma,0,Vaya noticia de mierda! El TV y novelas de la semana merece màs atención que esto!,mx,2,0,0,0,0,0,0,0,0,vaya noticia de mierda el tv y novelas de la semana merece màs atención que esto
39b6b8d57d9eee110c6306466f7674c0,peliculaRoma,0,Se llama humor negro. Que ni se haga su Partido ayudó a CUARON para producir esa película hay  un  mensaje subliminal . Caray cero sensibilidad y menos educacion .,mx,0,0,1,0,0,1,0,0,0,se llama humor negro que ni se haga su partido ayudó a cuaron para producir esa película hay un mensaje subliminal caray cero sensibilidad y menos educacion
8d511a4db6e828b6f3beae02404c4e41,peliculaRoma,0,Y que tiene que aún no la vea?,mx,0,1,0,0,0,1,0,0,0,y que tiene que aún no la vea
67df34d05961276036b6a1ff12617b7d,peliculaRoma,0,"Pues los críticos de cine x lo visto piensan lo mismo q yo, no m pierdo nada xq no creo q tenga nada de interés, lo siento, para gustos colores(dicho español) y todas las opiniones son válidas, digas tú lo q digas",mx,0,0,0,0,0,4,0,0,0,pues los críticos de cine x lo visto piensan lo mismo q yo no m pierdo nada xq no creo q tenga nada de interés lo siento para gustos colores dicho español y todas las opiniones son válidas digas tú lo q digas
42fc69ac1592dce528afb61b681b5ea2,peliculaRoma,0,"Critican, lloran y les punza la  sien. Porque no ganan plata. Y porque es México el que les partió todo el aparato bucal...",mx,0,0,0,0,0,1,1,0,1,critican lloran y les punza la sien porque no ganan plata y porque es méxico el que les partió todo el aparato bucal
9198d45e7d7ce110d3cd71cc1281aae1,peliculaRoma,0,"Pues a mi me aburre la vdd no vi ni más de 10 min no entendí tanto relajo pero entiendo q a otros les puede gustar y otros saben más q yo mucho más q yo lo respeto, creo q no todo es q ella es indígena y bla bla bla, en fin q chido pa ella andar allá y todo",mx,0,0,0,0,0,4,0,0,0,pues a mi me aburre la vdd no vi ni más de 10 min no entendí tanto relajo pero entiendo q a otros les puede gustar y otros saben más q yo mucho más q yo lo respeto creo q no todo es q ella es indígena y bla bla bla en fin q chido pa ella andar allá y todo
28759b5d7540f46877a7ee266a85427d,peliculaRoma,0,Eso fue México o aún es así resista y clasista  así que no mamen,mx,0,0,0,0,0,1,0,0,0,eso fue méxico o aún es así resista y clasista así que no mamen
ff99f0c880f2bc3d263b6d5319bc8724,peliculaRoma,0,Yo tampoco la he visto y también lo felicito 👍🏽,mx,0,0,0,2,0,1,0,0,0,yo tampoco la he visto y también lo felicito pulgar_hacia_arriba_tono_de_piel_medio
ba670a5834e4d1a780ac4fed132baebb,peliculaRoma,0,#YalitzaAparicio #MarinadeTavira la nominacion es un triunfo #ROMA un aprendizaje,mx,0,0,1,0,0,0,0,0,0,yalitzaaparicio marinadetavira la nominacion es un triunfo roma un aprendizaje
03488e1e1fba1bdca3621863da3ec121,peliculaRoma,0,La cubeta de cangrejos la ocupan uds señores,mx,0,0,0,0,0,0,0,0,0,la cubeta de cangrejos la ocupan uds señores
c192a68ba62ea04351066424076a67e6,peliculaRoma,0,Vicente Fernández no estudio canto y aún así no canta nada pero gana dinero aunque sea con el narco,mx,0,0,0,0,0,3,0,0,0,vicente fernández no estudio canto y aún así no canta nada pero gana dinero aunque sea con el narco
95e1437ba989f090c365a4f4949c830b,peliculaRoma,0,"Si no la ve no se perdera de nada, esa pelicula es muy aburrida.",mx,0,0,0,0,0,3,0,0,0,si no la ve no se perdera de nada esa pelicula es muy aburrida
4c27cbbfa83f53ebf4c755d19cc76495,peliculaRoma,0,Con todo respeto @AristeguiOnline ha decepcionado a muchos por no seguir siendo quien siempre ha sido,mx,0,0,0,0,0,1,0,0,0,con todo respeto [user] ha decepcionado a muchos por no seguir siendo quien siempre ha sido
150306b1ccff8f8676f317f21365ef96,peliculaRoma,0,Por finnn alguien critico y objetivo Sin doble moral....,mx,0,0,0,0,0,1,2,0,1,por finn alguien critico y objetivo sin doble moral
f8016db88883b9ec2a271aa74e737a26,peliculaRoma,0,"Hay que aprender a ver , vos te lo perdes.  No sos una crítica de cine no tenes porque entender de composición",mx,0,0,0,0,0,2,0,0,0,hay que aprender a ver vos te lo perdes no sos una crítica de cine no tenes porque entender de composición
6fcaa1cf0bf5d2910fb7b39df0a8016b,peliculaRoma,0,"Lo q la gente quiere es una película que le entretenga, q le haga olvidar su vida 90 minutos...",mx,0,0,0,0,0,0,1,0,1,lo q la gente quiere es una película que le entretenga q le haga olvidar su vida 90 minutos
bae1b0f28cc165e60b776d53d58057d0,peliculaRoma,0,"No cabe duda... El peor enemigo de un mexicano es otro mexicano, y en este caso el Priuniversal no es la excepciónd dan pena chayoteros 🍐",mx,0,0,0,1,0,2,1,0,1,no cabe duda el peor enemigo de un mexicano es otro mexicano y en este caso el priuniversal no es la excepciónd dan pena chayoteros pera
61db4b0af0ee647f39918a22c2439e01,peliculaRoma,0,Ni la verá. Nuestro presidente está muy ocupado trabajando en arreglar el desastre que dejaron los canallas-sinvergüenzas-saqueadores que se sintieron dueños y señores de México y de los mexicanos.,mx,0,0,0,0,0,1,0,0,0,ni la verá nuestro presidente está muy ocupado trabajando en arreglar el desastre que dejaron los canallas sinvergüenzas saqueadores que se sintieron dueños y señores de méxico y de los mexicanos
4edc1f7f7f69d2ca43a2ba572c42cc62,peliculaRoma,0,Yo también no la he visto poro me congratuló que gane y sea ejemplo,mx,0,0,0,0,0,1,0,0,0,yo también no la he visto poro me congratuló que gane y sea ejemplo
5cc2caa363a09bcb3d693630e8569a00,peliculaRoma,0,"Y tienen razón, no es nada del otro mundo, para mi, estuvo aburrida",mx,0,0,0,0,0,2,0,0,0,y tienen razón no es nada del otro mundo para mi estuvo aburrida
01110669dfe6529b042107b0150a4b46,peliculaRoma,0,"No por ser mexicano tengo que decir que fue una joya, a mi en particular no me gustó, he visto mejores películas de mexicanos y esta para mi es de las peores, perdónenme mundo 😔",mx,0,0,0,1,0,2,0,0,0,no por ser mexicano tengo que decir que fue una joya a mi en particular no me gustó he visto mejores películas de mexicanos y esta para mi es de las peores perdónenme mundo cara_desanimada
7667d407dbfc1b8e2d6109bca71d8476,peliculaRoma,0,"Es una pena que se enorgullezcan de algo que no tiene brillo y que la actuación de la señora es súper x, es pésimo que premien esta película siendo un asco",mx,0,0,0,0,0,1,0,0,0,es una pena que se enorgullezcan de algo que no tiene brillo y que la actuación de la señora es súper x es pésimo que premien esta película siendo un asco
0c0d614ac33826cc2e18342809b9bd76,peliculaRoma,0,absolutamente cierto...,mx,0,0,0,0,0,0,1,0,1,absolutamente cierto
7a3c945d53ac00919bbb00e9ee91d179,peliculaRoma,0,"SE HACE GUEY..!!!!... A POCO NO PUDO GRABAR EL SALUDO?... Y A POCO CREÉS QUE A CUARON LE PREOCUPA?... AY CARMEN!! ... CÓMO TE EXTRAÑO INVESTIGANDO, FÉRREA, PROFESIONAL, CRÍTICA DE LA BUENA EN PERIODISMO... PERO FUISTE SANTIFICADA Y TAPADA DE TU BOCA POR EL VETUSTO LIDER",mx,6,2,28,0,0,1,6,0,5,se hace guey a poco no pudo grabar el saludo y a poco creés que a cuaron le preocupa ay carmen cómo te extraño investigando férrea profesional crítica de la buena en periodismo pero fuiste santificada y tapada de tu boca por el vetusto lider
85d0a84de9ce13809021c264edf37115,peliculaRoma,0,El 🧓🏼 esta muy viernes para sábado de gloria 🦆,mx,0,0,0,3,0,0,0,0,0,el persona_mayor_tono_de_piel_claro_medio esta muy viernes para sábado de gloria pato
5a551d69fd8aebc8cce12a4c8a7a354a,peliculaRoma,0,Ya mámasela pinche empinada.,mx,0,0,0,0,0,0,0,0,0,ya mámasela pinche empinada
640b14cd0e776f18fdf2fd21247ebe62,peliculaRoma,0,"Es verdad, aunque haya quienes se vayan a parar de pestañas.",mx,0,0,0,0,0,0,0,0,0,es verdad aunque haya quienes se vayan a parar de pestañas
af2064bcf89c2dc4c24cc499afa852b6,peliculaRoma,0,Ahora si ya dicen que no es buena y a los que nos atrevimos a criticarla casi nos crucifican,mx,0,0,0,0,0,1,0,0,0,ahora si ya dicen que no es buena y a los que nos atrevimos a criticarla casi nos crucifican
c2074b33eb0c14893481f99adffd2e51,peliculaRoma,0,"Simplemente no apta para gente que no le gusta pensar, claro que para ellos va ser aburrida",mx,0,0,0,0,0,2,0,0,0,simplemente no apta para gente que no le gusta pensar claro que para ellos va ser aburrida
da277fbf83f1d3bf9de218e1cf708fb8,peliculaRoma,0,Esas noticias si me gustan,mx,0,0,0,0,0,0,0,0,0,esas noticias si me gustan
a5f8000071ec873b4f5a385931317252,peliculaRoma,0,"No, son Joaquín. La nominación es sólo una nominación,NO el triunfo. Saludo.",mx,0,0,0,0,0,2,0,0,0,no son joaquín la nominación es sólo una nominación no el triunfo saludo
1937f4148aad2d5c85a11c687f6b6bb3,peliculaRoma,0,"Coincido plenamente, no me gustó nada...!!!",mx,3,0,0,0,0,2,2,0,1,coincido plenamente no me gustó nada
90af638ea23200c3b1dae967a31e79c4,peliculaRoma,0,No Jajaj por algo se estudia,mx,0,0,0,0,0,1,0,0,0,no jajaj por algo se estudia
9ad4fc558ec5804847054bf923584d69,peliculaRoma,0,El Señor Presidente trabaja de lunes a Domingo y todos los dias dá las conferencias de prensa. @lopezobrador_  si trabaja.,mx,0,0,0,0,0,0,0,0,0,el señor presidente trabaja de lunes a domingo y todos los dias dá las conferencias de prensa [user] si trabaja
bc1b6d673615165cfd9bb6c364330090,peliculaRoma,0,Pregunta tonta !! Cuantos de esos críticos han estado nominados a un Oscars ??? Espero que algún dia se junten todos los famosos críticos y hagan lo mejor que puedan para ver si los toman en cuenta.,mx,2,3,0,0,0,0,1,0,0,pregunta tonta cuantos de esos críticos han estado nominados a un oscars espero que algún dia se junten todos los famosos críticos y hagan lo mejor que puedan para ver si los toman en cuenta
e56737ece472a5fb93391d9c38d81ec6,peliculaRoma,0,Totalmente de acuerdo Teacher. #VivaMéxicoCuarones,mx,0,0,0,0,0,0,0,0,0,totalmente de acuerdo teacher vivaméxicocuarones
28d9b1a8e61244b79759f545b0fcdf58,peliculaRoma,0,De mi parte! Y de muchos MEXICANOS! Que chinguen a su madre esos críticos! Fin.,mx,3,0,1,0,0,0,0,0,0,de mi parte y de muchos mexicanos que chinguen a su madre esos críticos fin
349efbb7d7a2977192eda6134198fa47,peliculaRoma,0,Es un bodrio sovrevaluado por publicidad para pendejos. De hecho es mierda disfrazada de arte para pendejos.,mx,0,0,0,0,0,0,0,0,0,es un bodrio sovrevaluado por publicidad para pendejos de hecho es mierda disfrazada de arte para pendejos
286dcd80e2c261a3769b33446403704f,peliculaRoma,0,"Sonará trillado pero Yalitza ya gano, su nomimacion al Oscar quedara grabada en la historia de la cinematografia Mexicana. Bien por ella.",mx,0,0,0,0,0,0,0,0,0,sonará trillado pero yalitza ya gano su nomimacion al oscar quedara grabada en la historia de la cinematografia mexicana bien por ella
4a5a8eccb921bfa635462db3f3b354a7,peliculaRoma,0,Y al país le afecta en...?,mx,0,1,0,0,0,0,1,0,1,y al país le afecta en
ed8b92fe5e38bbff7307a1c5c7ed1641,peliculaRoma,0,"Hasta que alguien dice la verdad. Le faltó decir que no son las grandes actuaciones, si lo que interpretas es algo que sabemos realizar. Como cualquier persona que saliera a interpretar un jardinero poniendo plantas.",mx,0,0,0,0,0,1,0,0,0,hasta que alguien dice la verdad le faltó decir que no son las grandes actuaciones si lo que interpretas es algo que sabemos realizar como cualquier persona que saliera a interpretar un jardinero poniendo plantas
4c191c990fcddda151530c8987faa695,peliculaRoma,0,"Que pueden criticar si en el 2011, la @bbcmundo, hizo críticas racistas a #México en un programa de nombre @TopGear_BBCA, hay que tener un poco de memoria para entender las ""criticas""",mx,0,0,0,0,0,0,0,2,0,que pueden criticar si en el 2011 la [user] hizo críticas racistas a méxico en un programa de nombre [user] hay que tener un poco de memoria para entender las criticas
7f8ddb11e82f37fb5f6482c9eda4faa6,peliculaRoma,0,Pues los que pueden votar son los que valen. El partido se acabó y el árbitro decidió y nada lo puede ya cambiar. La historia ha sido escrita duélale a quien le duela. Sigamos adelante mexicanos destacando cada quien en su actividad. Que nuestros paisanos no nos detengan.,mx,0,0,0,0,0,2,0,0,0,pues los que pueden votar son los que valen el partido se acabó y el árbitro decidió y nada lo puede ya cambiar la historia ha sido escrita duélale a quien le duela sigamos adelante mexicanos destacando cada quien en su actividad que nuestros paisanos no nos detengan
f90bcfcfbdd0dc580d18197228ac5b17,peliculaRoma,0,"A mi me encantó.. no la considero clasista al contrario, siento que las familias que hemos sido afortunadas de contar con una CLEO.. esas personas nos dan MÁS a nosotros no por trabajo sino por su amor incondicional ❤️",mx,0,0,2,1,0,3,0,0,0,a mi me encantó no la considero clasista al contrario siento que las familias que hemos sido afortunadas de contar con una cleo esas personas nos dan más a nosotros no por trabajo sino por su amor incondicional corazón_rojo
8528f1e67473d50f93d20d8325d3f61b,peliculaRoma,0,"A éstos culeros también les hace daño porque no felicitó al CUARON  ? hijos de su puta MADRE ningún chile les ENVONA, ya tendra tiempo para todo, NO CUANDO USTEDES DIGAN, HIJOS DE SU PUTA MADRE  !!!!!!",mx,6,1,9,0,0,3,1,0,0,a éstos culeros también les hace daño porque no felicitó al cuaron hijos de su puta madre ningún chile les envona ya tendra tiempo para todo no cuando ustedes digan hijos de su puta madre
6429227d40110097dbc61706f8fe7408,peliculaRoma,0,"Pues ya lo felicitará, ya dijo. Y sí se duerme temprano @lopezobrador_ porque madruga para trabajar x México. ¿Qué tiene de extraño?",mx,0,2,0,0,0,0,0,0,0,pues ya lo felicitará ya dijo y sí se duerme temprano [user] porque madruga para trabajar x méxico qué tiene de extraño
264ac91e497d8b968ce72ecc5135215c,peliculaRoma,0,"Ya TV novelas, alarma y de peso, saca artículos más importantes, de investigación y serios que ustedes, la neta...",mx,0,0,0,0,0,0,1,0,1,ya tv novelas alarma y de peso saca artículos más importantes de investigación y serios que ustedes la neta
1d1e99f0ba8eb927a046c64c2292cb5e,peliculaRoma,0,Pobre pendejo Ni quien quisiera ese lugar Puro pinche acarreado como tu en busca de lo que diga el pueblo utilizando sus dique encuestas A caso no te das cuenta que les están dando.atole con el dedo y hacen lo que ellos quiere Pero bueno Sigamos con la voz del pueblo,mx,0,0,0,0,0,2,0,0,0,pobre pendejo ni quien quisiera ese lugar puro pinche acarreado como tu en busca de lo que diga el pueblo utilizando sus dique encuestas a caso no te das cuenta que les están dando atole con el dedo y hacen lo que ellos quiere pero bueno sigamos con la voz del pueblo
3c7ce5a01d01f055b38fcfab56ed604a,peliculaRoma,0,"Como siempre la prensa chayotera, se ve que esté presidente si trabaja, no como los otros zánganos vende patria que México ha padecido",mx,0,0,0,0,0,1,0,0,0,como siempre la prensa chayotera se ve que esté presidente si trabaja no como los otros zánganos vende patria que méxico ha padecido
735abad16b1e6cbdb30c126708639695,peliculaRoma,0,"Primero; eres una decepción como periodista. En el gobierno de @EPN sacaste uñas y dientes y en este gobierno @lopezobrador_ eres una dulce ternerita. Vendida.  Segundo, que nos importa que Lopez se duerma temprano 🤦🏻‍♀️🤦🏻‍♀️🤦🏻‍♀️ de alguna manera siempre justificas la ineptitud.",mx,0,0,1,9,0,0,0,0,0,primero eres una decepción como periodista en el gobierno de [user] sacaste uñas y dientes y en este gobierno [user] eres una dulce ternerita vendida segundo que nos importa que lopez se duerma temprano mujer_con_la_mano_en_la_frente_tono_de_piel_claro mujer_con_la_mano_en_la_frente_tono_de_piel_claro mujer_con_la_mano_en_la_frente_tono_de_piel_claro de alguna manera siempre justificas la ineptitud
fa0d8053ced225734021c30605a88151,peliculaRoma,0,Que triste abrir mi tweeter y leer tus noticias,mx,0,0,0,0,0,0,0,0,0,que triste abrir mi tweeter y leer tus noticias
094aa9a8c8fff0afec6705393d04fefc,peliculaRoma,0,Me encantó poder revivir ese amor incondicional de Cleo a una familia,mx,0,0,0,0,0,0,0,0,0,me encantó poder revivir ese amor incondicional de cleo a una familia
01b88b946842a1ad2b84a1e359e5f211,peliculaRoma,0,"A mi me pareció maravillosa. Si ves la forma en que recrearon la época, las calles, los detalles, incluso la misma Cleo quien era parte de la familia, como esas Cleos fueron parte de muchas familias. Ahora ya no hay ese involucramiento ni esa complicidad.",mx,0,0,0,0,0,2,0,0,0,a mi me pareció maravillosa si ves la forma en que recrearon la época las calles los detalles incluso la misma cleo quien era parte de la familia como esas cleos fueron parte de muchas familias ahora ya no hay ese involucramiento ni esa complicidad
aff5356d11e743adb012d323fb9da280,peliculaRoma,0,Una lastima no enterarse de lo que hace un compatriota,mx,0,0,0,0,0,1,0,0,0,una lastima no enterarse de lo que hace un compatriota
74e515f6b4ad2236ddd2ae98bb188268,peliculaRoma,0,"@El_Universal_Mx ahora resulta que los críticos nos van a decir qué película es mejor,entonces nuestra opinión no es importante vale más la opinión de los críticos que la del público soberbios!!!",mx,3,0,0,0,0,1,1,0,0,[user] ahora resulta que los críticos nos van a decir qué película es mejor entonces nuestra opinión no es importante vale más la opinión de los críticos que la del público soberbios
9b1c08a501389a313b05cd0d4a52c020,peliculaRoma,0,A nadie le importa...,mx,0,0,0,0,0,1,1,0,1,a nadie le importa
713b1afd19258a284ca886527bfa58a4,peliculaRoma,0,"De verdad esto es lo relevante? La verdad, que lo felicité o no, nos vale.",mx,0,1,0,0,0,1,0,0,0,de verdad esto es lo relevante la verdad que lo felicité o no nos vale
d166a42c24f2b7ef36ec50219250f05a,peliculaRoma,0,"Rodrigo Islas es el típico crítico imbécil que quiere que los guionistas y directores traten los temas como a él se le antoja que los traten, y de no hacerlo, son condenados por clasistas, racistas y vacíos. Es un cretino lleno de prejuicios.",mx,0,0,0,0,0,1,0,0,0,rodrigo islas es el típico crítico imbécil que quiere que los guionistas y directores traten los temas como a él se le antoja que los traten y de no hacerlo son condenados por clasistas racistas y vacíos es un cretino lleno de prejuicios
65a92db5505b8fe208f5bb4b1fe0240f,peliculaRoma,0,Jajajajaa un bot hecho para contestar aquí jajajaajaja que risa.,mx,0,0,0,0,0,0,0,0,0,jajajajaa un bot hecho para contestar aquí jajajaajaja que risa
01f005501a97b54c1c44f39dee5ba01a,peliculaRoma,0,¿Lo felicitó por la película o por el premio?,mx,0,2,0,0,0,0,0,0,0,lo felicitó por la película o por el premio
e6631f6d73b5eb7c9ba7fda80a9fbcd3,peliculaRoma,0,Es que si no es un tema que el ponga en la agenda y la opinión pública... No le interesa,mx,0,0,0,0,0,2,1,0,1,es que si no es un tema que el ponga en la agenda y la opinión pública no le interesa
e4d4350d40aa76e3b6d3a4d8e4178bb4,peliculaRoma,0,Es el Presidente no critico de cine!!!...,mx,3,0,0,0,0,1,2,0,1,es el presidente no critico de cine
cd9a3bb50944dc74dffc89481ce6fde1,peliculaRoma,0,"Los que dicen que no es actriz, AMLO no es presidente y ahí anda en el cargo haciendo sus pendejadas....😂",mx,0,0,1,1,0,2,1,0,1,los que dicen que no es actriz amlo no es presidente y ahí anda en el cargo haciendo sus pendejadas cara_llorando_de_risa
cc757a5085452e36574c904815ef180c,peliculaRoma,0,"Si estoy de acuerdo! ¿Que tiene que ver que AMLO no la halla visto? El Reforma va mas alla de la pelicula, del logro, de la nominacion de la Actriz Yalitza Aparicio y etc....y dicen: AMLO ni la vio....ummm!",mx,2,2,2,0,0,2,3,0,2,si estoy de acuerdo que tiene que ver que amlo no la halla visto el reforma va mas alla de la pelicula del logro de la nominacion de la actriz yalitza aparicio y etc y dicen amlo ni la vio umm
bce2e552f3dc85aa3f855b3f5cc002fe,peliculaRoma,0,"Los que vengan a tirarme mierda, recuerden que es Twitter, no se encabronen 🤣",mx,0,0,0,1,0,1,0,0,0,los que vengan a tirarme mierda recuerden que es twitter no se encabronen cara_revolviéndose_de_la_risa
3a1fa20c2b5a9ca9742ca8313dbc7c21,peliculaRoma,0,"Felicidades al presidente, no tiene tiempo de espectáculos hay asuntos más importantes",mx,0,0,0,0,0,1,0,0,0,felicidades al presidente no tiene tiempo de espectáculos hay asuntos más importantes
b65432873a72ac5f2fdc07c0cdcecada,peliculaRoma,0,El cine es subjetivo  ......creo q es muy buena para los que vivimos en cdmx en esa epoca es nostalgica ...si le falto un poco más de historia ...pero si me gusto...pienso que dirigir una pelicula sin actores profesionales es un gran merito !! Felicidades @alfonsocuaron,mx,2,0,0,0,0,1,4,0,5,el cine es subjetivo creo q es muy buena para los que vivimos en cdmx en esa epoca es nostalgica si le falto un poco más de historia pero si me gusto pienso que dirigir una pelicula sin actores profesionales es un gran merito felicidades [user]
2aa00868f3888d589936f0e58cf9c831,peliculaRoma,0,"Así es en esta era de lo ""Ridículamente correcto"", la verdad que incomoda, pero que al fin y al cabo es la verdad, así como la libertad de expresión siempre van a tener menos peso que su corrección política, vaya estupideces.",mx,0,0,0,0,0,0,0,2,0,así es en esta era de lo ridículamente correcto la verdad que incomoda pero que al fin y al cabo es la verdad así como la libertad de expresión siempre van a tener menos peso que su corrección política vaya estupideces
16735a5bb5e8aff04d311bcbd29cfdbb,peliculaRoma,0,Y tiene mucho trabajo.,mx,0,0,0,0,0,0,0,0,0,y tiene mucho trabajo
4ae6524f6992c154cdb4699802262653,peliculaRoma,0,"Jajaja, a quien le interesa la felicitacion de ese loco, solo a ti que eres la promotora de sus chairomilagros que solo el y tu creen pero que nadie en su sano juicio ve",mx,0,0,0,0,0,1,0,0,0,jajaja a quien le interesa la felicitacion de ese loco solo a ti que eres la promotora de sus chairomilagros que solo el y tu creen pero que nadie en su sano juicio ve
8bbbf8f8641cd84b17a61fe4fc2e3122,peliculaRoma,0,"Esta ""noticia"" va con veneno, parece que Aristegui sufre del ""sindrome de Estocolmo"" y se enamoró de los que la golpeaban en tiempos de Peña N. Necesita sicologo la periodista",mx,0,0,0,0,0,0,0,4,0,esta noticia va con veneno parece que aristegui sufre del sindrome de estocolmo y se enamoró de los que la golpeaban en tiempos de peña n necesita sicologo la periodista
547eea5f987d038e8753cd307a8f879c,peliculaRoma,0,Y yo digo lo mismo,mx,0,0,0,0,0,0,0,0,0,y yo digo lo mismo
8734bd2788a878120750a2a183c55a7d,peliculaRoma,0,Ah ok....y luego?? Cuál es la noticia??,mx,0,4,0,0,0,0,1,0,1,ah ok y luego cuál es la noticia
6bb7a642caab7140fbf535300bcc4043,peliculaRoma,0,"Y mientras Aristegui da notas del corazón, en México el país se está cayendo a pedazos y en Venezuela el régimen apoyado por Obrador está haciendo estragos inhumanos como no había desde la guerra mundial.  Aplausos a esta gran periodista.  Una oda a la sumisión",mx,0,0,0,0,0,1,0,0,0,y mientras aristegui da notas del corazón en méxico el país se está cayendo a pedazos y en venezuela el régimen apoyado por obrador está haciendo estragos inhumanos como no había desde la guerra mundial aplausos a esta gran periodista una oda a la sumisión
385c9d66f473f14a78d093041827ccbf,peliculaRoma,0,Ay Charistegui.. está bueno el hueso que te dieron vdd ?? Muy calladita con pura noticia rosa para tu amo !!!,mx,3,2,0,0,0,0,1,0,0,ay charistegui está bueno el hueso que te dieron vdd muy calladita con pura noticia rosa para tu amo
e3425377dac7ad2012e37df351d68941,peliculaRoma,0,"La mediocridad de siempre: ""Lo importante no es ganar si no competir"".",mx,0,0,0,0,0,2,0,2,0,la mediocridad de siempre lo importante no es ganar si no competir
d23cfd705ef9ac0fc3f4b500c406d28e,peliculaRoma,0,"Ay ya, que hueva con eso. 🙄",mx,0,0,0,1,0,0,0,0,0,ay ya que hueva con eso cara_con_ojos_en_blanco
ced61a4859b7f65ca9f09c6184ac9bae,peliculaRoma,0,"No podría estar más de acuerdo, tiene cosas buenas sin duda, pero no debería defendérsele con una postura nacionalista.",mx,0,0,0,0,0,3,0,0,0,no podría estar más de acuerdo tiene cosas buenas sin duda pero no debería defendérsele con una postura nacionalista
e05b4989e276b62625840a18a41b415a,peliculaRoma,0,Y si no hubiese sido nominada?,mx,0,1,0,0,0,1,0,0,0,y si no hubiese sido nominada
025e31abad07ef05f872211d5baa37ca,peliculaRoma,0,Pues claro y se levanta muy temprano 😎👏👏👏👏,mx,0,0,0,5,0,0,1,0,0,pues claro y se levanta muy temprano cara_sonriendo_con_gafas_de_sol manos_aplaudiendo manos_aplaudiendo manos_aplaudiendo manos_aplaudiendo
f5c5bd398f19c5ac7d3adf22cc0433cc,peliculaRoma,0,Pues es que en México la prensa y las redes se encargaron de inflar algo que no tiene el tamaño de lo que nos quisieron hacer creer.,mx,0,0,0,0,0,1,0,0,0,pues es que en méxico la prensa y las redes se encargaron de inflar algo que no tiene el tamaño de lo que nos quisieron hacer creer
46e5683846cc8dbd63d5ec40f0ca7a6f,peliculaRoma,0,@Reforma  patético don pardiñas,mx,0,0,0,0,0,0,0,0,0,[user] patético don pardiñas
6836848b933dbc698c90214bbc8900fe,peliculaRoma,0,Un gran triunfo bravooo!!,mx,2,0,0,0,0,0,1,0,0,un gran triunfo bravoo
9d23cc758894cdb8d0ab3cfdbc82eb5c,peliculaRoma,0,Sólo 3 oscars como les quedó el ojo a los criticos????????,mx,0,8,0,0,0,0,1,0,0,sólo 3 oscars como les quedó el ojo a los criticos
35d61dd719336b85b71b95692a146f7e,peliculaRoma,0,"Como sea que fuera esta nominación saco lo mejor y peor de México, lo mejor: el empoderamiento de la mujer, que en cada paso que da hace historia, lo peor: que México aun no aprende a ver triunfar, ganar, aparecer, sobresalir a un paisano!. Nos falta mucho....lamentablemente.",mx,1,0,0,0,0,1,1,0,1,como sea que fuera esta nominación saco lo mejor y peor de méxico lo mejor el empoderamiento de la mujer que en cada paso que da hace historia lo peor que méxico aun no aprende a ver triunfar ganar aparecer sobresalir a un paisano nos falta mucho lamentablemente
9e05a8aa4eeb3cde04e95ad58a6af312,peliculaRoma,0,Para mi igual sin ser experto,mx,0,0,0,0,0,1,0,0,0,para mi igual sin ser experto
f0318de0e491fb3e3b1f6ca034439d14,peliculaRoma,0,"Que critiquen al mundo real entonces, porque #Roma es simplemente la captura magistral de una época.",mx,0,0,0,0,0,0,0,0,0,que critiquen al mundo real entonces porque roma es simplemente la captura magistral de una época
74cfd057d0f416c7e313b572f1e52f74,peliculaRoma,0,Como no gano ahora si todos a opinar “claro es aburrida ... esta mejor la de súper heroes” ... o que universal ??? Mucho mejor las pelis  de tu cliente Sergio Goyri no ..???,mx,0,6,0,0,0,2,4,2,2,como no gano ahora si todos a opinar claro es aburrida esta mejor la de súper heroes o que universal mucho mejor las pelis de tu cliente sergio goyri no
de665402b4c974bcc8e20cc7ebac5bf8,peliculaRoma,0,"Qué bueno que no gano por qué no es una actriz @YalitzaAparicio,",mx,0,0,0,0,0,2,0,0,0,qué bueno que no gano por qué no es una actriz [user]
9fd17847d59ab9f18eff40ed325511fa,peliculaRoma,0,"No nos haganos, ni la nominación merecía, que le ven a su ""actuación"".",mx,0,0,0,0,0,2,0,2,0,no nos haganos ni la nominación merecía que le ven a su actuación
6eed8383d0374284955b0fd1f6639877,peliculaRoma,0,Felicidades con simpleme  estar nominada ya es un gran paso,mx,0,0,0,0,0,0,0,0,0,felicidades con simpleme estar nominada ya es un gran paso
3eff247ace3820c80f2f12b6f9fc7132,peliculaRoma,0,"Si te fijas los premios que se llevo fueron técnicos, en si la parte artística no fue premiada  por obvias razones.",mx,0,0,0,0,0,1,0,0,0,si te fijas los premios que se llevo fueron técnicos en si la parte artística no fue premiada por obvias razones
98e34bc9ea1cc57b92bff512f0c072b5,peliculaRoma,0,"¿A que hora hubo tanta controversia, por Gravity, o por Babel, o por la Forma del agua? Leí comentarios de expertos, diciendo que Green Book era inferior a Roma. Pues caray que me lo expiquen, porque a mi me encantó. Y estoy abierto a que me lo aclaren...",mx,0,2,0,0,0,0,1,0,1,a que hora hubo tanta controversia por gravity o por babel o por la forma del agua leí comentarios de expertos diciendo que green book era inferior a roma pues caray que me lo expiquen porque a mi me encantó y estoy abierto a que me lo aclaren
6d153c1100eaf0baf9663d5e9542de0e,peliculaRoma,0,"Aunque ya si te tienen que explicar por que te tiene que gustar, pues como que ya va perdiendo ¿no?",mx,0,2,0,0,0,1,0,0,0,aunque ya si te tienen que explicar por que te tiene que gustar pues como que ya va perdiendo no
e75e21a1d38fa5fc9a6b75c76eecbd83,peliculaRoma,0,Que hipócrita es usted?,mx,0,1,0,0,0,0,0,0,0,que hipócrita es usted
985f60a487b7ce67b156fedf9a41b0ad,peliculaRoma,0,si siñor !!! no siñoor !!,mx,5,0,0,0,0,1,1,0,0,si siñor no siñoor
940bd03117c109ca3e1259b3ed85c950,peliculaRoma,0,"No es necesario, México estaba junto a @alfonsocuaron , así fuera la noche entera para acompañarlo, ese día fue único y no había para después.",mx,0,0,0,0,0,2,0,0,0,no es necesario méxico estaba junto a [user] así fuera la noche entera para acompañarlo ese día fue único y no había para después
72da6e605c52f584784f7848fc3a92b9,peliculaRoma,0,"Felicidades por darle a los anti @ROMACuaron elementos para validar sus argumentos, lástima que ya pasaron los #oscares 😂😂😂",mx,0,0,0,3,0,0,1,0,0,felicidades por darle a los anti [user] elementos para validar sus argumentos lástima que ya pasaron los oscares cara_llorando_de_risa cara_llorando_de_risa cara_llorando_de_risa
36aa0bcc1100eb63ce01731ed457571c,peliculaRoma,0,"Es una buena película, pinche gente envidiosa que van saber de cosas chingonas",mx,0,0,0,0,0,0,0,0,0,es una buena película pinche gente envidiosa que van saber de cosas chingonas
cb6d9b1c4c936481c32c3bab8fc6fdf6,peliculaRoma,0,Que oportunista y mamon comentario. Ya madura y quítate los calcetines de Chabelo. Anciano ridiculo!,mx,1,0,0,0,0,0,0,0,0,que oportunista y mamon comentario ya madura y quítate los calcetines de chabelo anciano ridiculo
78f14589a4928c4e8f2ac633095d3cba,peliculaRoma,0,"Nachito, pero q dices, querido??? Los q votan son los q se dejan su dinero en esa película, te vuelvo a repetir, si no pagáramos x verlas, no existirían... A mi q le dieran o no el premio, m da igual pero x criticar una película, mala x cierto, no digas q tienen veneno",mx,0,3,0,0,0,4,2,0,1,nachito pero q dices querido los q votan son los q se dejan su dinero en esa película te vuelvo a repetir si no pagáramos x verlas no existirían a mi q le dieran o no el premio m da igual pero x criticar una película mala x cierto no digas q tienen veneno
e1362c3feb2c545e792e6d3d88b8740c,peliculaRoma,0,"Mira pinche lame huevos dile a tu patrón de mierda que le dé un papel protagónico en alguna de sus porquerías que producen, y ya deja de estarla felicitando",mx,0,0,0,0,0,0,0,0,0,mira pinche lame huevos dile a tu patrón de mierda que le dé un papel protagónico en alguna de sus porquerías que producen y ya deja de estarla felicitando
e00ef2c0479196e7772ddc36826ea400,peliculaRoma,0,"Muy cierto, Green Book, definitivamente no es mejor q ROMA.",mx,0,0,1,0,0,1,0,0,0,muy cierto green book definitivamente no es mejor q roma
3a3ade5bd6f0862f7b1ca58a87b48f49,peliculaRoma,0,Un triunfo para ella. Ganó a pesar de vivir en México y por vivir en Mexico,mx,0,0,0,0,0,0,0,0,0,un triunfo para ella ganó a pesar de vivir en méxico y por vivir en mexico
3080d319011db8eafd2a664b7f392cbf,peliculaRoma,0,Tu echaste la sal ! Como tu eres español...,mx,1,0,0,0,0,0,1,0,1,tu echaste la sal como tu eres español
8f21761c2bb38cadbb4f2f854254bba0,peliculaRoma,0,"Buenas actuaciones hasta de los niños, cero trama, cero historia, demasiado circo.",mx,0,0,0,0,0,0,0,0,0,buenas actuaciones hasta de los niños cero trama cero historia demasiado circo
9f5def91e685de8f199c751585e18218,peliculaRoma,0,"Tomen bola de putos 🖕🖕🖕🖕 tomen su yalitza, ya se acabo el show neeeeeeext!!",mx,2,0,0,4,0,0,2,0,0,tomen bola de putos dedo_corazón_hacia_arriba dedo_corazón_hacia_arriba dedo_corazón_hacia_arriba dedo_corazón_hacia_arriba tomen su yalitza ya se acabo el show neext
00b76a6330c923a36ce782479f66f15d,peliculaRoma,0,Con esas palabras se define la vida en México en esa época y algunas cosas no han cambiado,mx,0,0,0,0,0,1,0,0,0,con esas palabras se define la vida en méxico en esa época y algunas cosas no han cambiado
76344fb889edfe58f3e754c1323a50fd,peliculaRoma,0,"Como has decaído, chayotera y arrastrada del pejelagarto",mx,0,0,0,0,0,0,0,0,0,como has decaído chayotera y arrastrada del pejelagarto
a8344afc355d95149369571b94afccf4,peliculaRoma,0,Ya tranquilos descansando luego de sacarnos de duda,mx,0,0,0,0,0,0,0,0,0,ya tranquilos descansando luego de sacarnos de duda
b823a2a21d65d32b0ae7bf90ec68e043,peliculaRoma,0,"Yo tampoco lo he visto y también lo felicito, Felicidades @alfonsocuaron #DrEnriqueAlbertoVázquezConstantino",mx,0,0,0,0,0,1,0,0,0,yo tampoco lo he visto y también lo felicito felicidades [user] drenriquealbertovázquezconstantino
7f1b148d01ce193d12bf001cf5ef7120,peliculaRoma,0,"Este es el inicio de una gran carrera.., a prepararse y seguir de frente.  Grandes retos están por llegar #SiSePuede #VivaMéxico  #VivaMéxicoCuarones",mx,0,0,0,0,0,0,0,0,0,este es el inicio de una gran carrera a prepararse y seguir de frente grandes retos están por llegar sisepuede vivaméxico vivaméxicocuarones
8ce9c93fe3dbd6f8195f49f12854b558,peliculaRoma,0,Es en serio esta nota!!!!!???? De verdad @AristeguiOnline no tienen madre!!!! Vendidos completamente...que vergüenza dan!!,mx,11,4,0,0,0,1,4,0,1,es en serio esta nota de verdad [user] no tienen madre vendidos completamente que vergüenza dan
c6bfd7730f517ca281c90aa4c86a2204,peliculaRoma,0,Creo que ya no importa mucho lo que piense esa gente :P,mx,0,0,0,0,0,1,0,0,0,creo que ya no importa mucho lo que piense esa gente p
b6f546e4deade45e0e492e30a0082b77,peliculaRoma,0,"Cierta y acertada la crítica, es una película que se pagó para darle mucha publicidad y con el nombre de curaron peso para las nominaciones.",mx,0,0,0,0,0,0,0,0,0,cierta y acertada la crítica es una película que se pagó para darle mucha publicidad y con el nombre de curaron peso para las nominaciones
9dbdc05f1f32e6bc32a92b66a6596115,peliculaRoma,0,"Pues las críticas que he leído yo de MEDIOS ESPECIALUZADOS en el quehacer cinematográfico, la califican como obra maestra. Yo coincido con ellos, pero tal vez quienes estén acostumbrados a telenovelas y narcoseries noten una dinámica diferente.",mx,0,0,2,0,0,0,0,0,0,pues las críticas que he leído yo de medios especialuzados en el quehacer cinematográfico la califican como obra maestra yo coincido con ellos pero tal vez quienes estén acostumbrados a telenovelas y narcoseries noten una dinámica diferente
98d09c9be5b6b164d5f0302568082135,peliculaRoma,0,"Ni falta le hace al grande Cuaron... AMLO, que ?",mx,0,1,1,0,0,1,1,0,1,ni falta le hace al grande cuaron amlo que
d530081be9e95538b9eed79d20e247a8,peliculaRoma,0,Como cuando la gente habla porque la envidia les corroe!!! Ya quisiéramos muchos estar sólo como invitados aunque no seamos nominados  VIVA MÉXICO!  VIVA YALITZA!!! VIVA CUARON!!!,mx,10,0,6,0,0,1,3,0,0,como cuando la gente habla porque la envidia les corroe ya quisiéramos muchos estar sólo como invitados aunque no seamos nominados viva méxico viva yalitza viva cuaron
edc496f93835358907997097b52f6af2,peliculaRoma,0,La verdad opino lo mismo ..eso sí con todo respeto,mx,0,0,0,0,0,0,0,0,0,la verdad opino lo mismo eso sí con todo respeto
db3e7235798b427ff5304df66b6e9eab,peliculaRoma,0,Como siempre! Haciendola de pex hasta por que no ha visto una pelicula!!! No mmn!,mx,5,0,0,0,0,2,1,0,0,como siempre haciendola de pex hasta por que no ha visto una pelicula no mmn
57df7fe7425078550d932f7f0b8c9abf,peliculaRoma,0,Se levanta muy temprano,mx,0,0,0,0,0,0,0,0,0,se levanta muy temprano
193ffb20b98b56b0988e9e65d9557422,peliculaRoma,0,Pues si el peje tiene mucho en que pensar y ni tiempo ha de tener de ver peliculas..eso se llama trabajar!!,mx,2,0,0,0,0,1,0,0,0,pues si el peje tiene mucho en que pensar y ni tiempo ha de tener de ver peliculas eso se llama trabajar
716cd1ea165f8ab8350a7700151a92d8,peliculaRoma,0,"no es su triunfo, es solo el de un mexicano, así que por que se tomaría el tiempo (10min) para felicitarlo...que mezquino  presi",mx,0,0,0,0,0,1,1,0,1,no es su triunfo es solo el de un mexicano así que por que se tomaría el tiempo 10min para felicitarlo que mezquino presi
950f6cf78ea63f40d7a5d8e4a062bb1e,peliculaRoma,0,"Cuando vas a empezar a hacer tus investigaciones que nos tienes acostumbrados? Estas tonterías no nos importan, Carmen!",mx,1,1,0,0,0,1,0,0,0,cuando vas a empezar a hacer tus investigaciones que nos tienes acostumbrados estas tonterías no nos importan carmen
2b67091794bcdb61f530070f6213e522,peliculaRoma,0,Verdaderamente México necesita un héroe.,mx,0,0,0,0,0,0,0,0,0,verdaderamente méxico necesita un héroe
527bdd91bd23e87e150b6bfe8a35816c,peliculaRoma,0,Están tan acostumbrados a churros de Hollywood que no tienen visión por el buen cine. Afortunadamente a todos estos no los llamaron para juzgar en los premios,mx,0,0,0,0,0,2,0,0,0,están tan acostumbrados a churros de hollywood que no tienen visión por el buen cine afortunadamente a todos estos no los llamaron para juzgar en los premios
7c4b87ea0c60a2dfe9b1af9aa3a7c397,peliculaRoma,0,Qué más logro que en tu primera película estés entre las más grandes. ¡Sigue adelante! Siempre de la mano de los grandes.,mx,2,0,0,0,0,0,0,0,0,qué más logro que en tu primera película estés entre las más grandes sigue adelante siempre de la mano de los grandes
1eb04cd35d4585b07cc3c687ab71307a,peliculaRoma,0,Tienes razón viejo lesbiano!! VIVA MEXICO 🇲🇽 CABRONESSSSS!!,mx,4,0,3,0,0,0,1,0,0,tienes razón viejo lesbiano viva mexico bandera_méxico cabroness
576d472c5cd5dad3fd8b7b1265672c30,peliculaRoma,0,Muy buenos días. Sin lugar a dudas ! Completamente de acuerdo con JLD.,mx,1,0,1,0,0,1,0,0,0,muy buenos días sin lugar a dudas completamente de acuerdo con jld
4299587ba262d86bc1ea28c891241cab,peliculaRoma,0,Es un retrato de la vida de los años 70's en México.,mx,0,0,0,0,0,0,0,1,0,es un retrato de la vida de los años 70 s en méxico
36f8172eda31d5f21e0370702ae896d2,peliculaRoma,0,Y tienen toda la razón!,mx,1,0,0,0,0,0,0,0,0,y tienen toda la razón
ab1943004c6aa882e09aa95e905a7a84,peliculaRoma,0,"Opino lo mismo, aburrida y sin trama, pero de cualquier manera, Felicito a #AlfonsoCuarón por los Oscares logrados.",mx,0,0,0,0,0,1,0,0,0,opino lo mismo aburrida y sin trama pero de cualquier manera felicito a alfonsocuarón por los oscares logrados
37fae521c91bb2305e97dd76776c0dc1,peliculaRoma,0,"Pues claro que no lo es, por favor #México.",mx,0,0,0,0,0,1,0,0,0,pues claro que no lo es por favor méxico
d22dbb0a4cc521b904a7b6900a7b146a,peliculaRoma,0,"Y en 3,2, 1. Empiezan a dar lata todos los amargados  que la atacaron 😶😶😶",mx,0,0,0,3,0,0,1,0,0,y en 3 2 1 empiezan a dar lata todos los amargados que la atacaron cara_sin_boca cara_sin_boca cara_sin_boca
8e16bf5f40f0514514b0d7f05826f27b,peliculaRoma,0,Necesitamos información sobre el por qué de la alza de los precios en la gasolina,mx,0,0,0,0,0,0,0,0,0,necesitamos información sobre el por qué de la alza de los precios en la gasolina
0df7622593240bdec5f48fb0ec3471c9,peliculaRoma,0,Andrés Manuel López Mamador tiene severo retraso mental y dice que prefiere a su wera,mx,0,0,0,0,0,0,0,0,0,andrés manuel lópez mamador tiene severo retraso mental y dice que prefiere a su wera
4f818ec5adb1102d81e951e7a06edb40,peliculaRoma,0,"Como siempre justificándose. A Cuaron ni le importa, es más seguro lo evita.",mx,0,0,0,0,0,1,0,0,0,como siempre justificándose a cuaron ni le importa es más seguro lo evita
a8adfaf22415c3eb3d49af594a7cdda1,peliculaRoma,0,"Y es mucho mucho más importante que sirva al país , que estar al pendiente de los Oscares 👍🏾",mx,0,0,0,2,0,0,0,0,0,y es mucho mucho más importante que sirva al país que estar al pendiente de los oscares pulgar_hacia_arriba_tono_de_piel_oscuro_medio
9fbfe4518aa3fcf6264f59eef15a88e1,peliculaRoma,0,Gran ejemplo de odio y racismo Sergio Goyri y Laura Zapata,mx,0,0,0,0,0,0,0,0,0,gran ejemplo de odio y racismo sergio goyri y laura zapata
5ede7c44401502cb69764c82a78af428,peliculaRoma,0,"Sinceramente creo que la pusieron en Netflix para q la gente la viera, por morbo o lo que sea pero que la viera, después de escuchar las críticas, ni de chiste hubiera ido a gastar mi dinero al cine para quedarme dormida a la mitad 🤷🏻‍♀️ buenas tomas... mala historia",mx,0,0,0,3,0,1,1,0,1,sinceramente creo que la pusieron en netflix para q la gente la viera por morbo o lo que sea pero que la viera después de escuchar las críticas ni de chiste hubiera ido a gastar mi dinero al cine para quedarme dormida a la mitad mujer_encogida_de_hombros_tono_de_piel_claro buenas tomas mala historia
42cc377aec127c8a35aa705204028703,peliculaRoma,0,"Felicidades Yalitza, rompiste estereotipos muy establecidos !!!",mx,3,0,0,0,0,0,1,0,0,felicidades yalitza rompiste estereotipos muy establecidos
7cddab9b7f23ff0ab1cd103d99c4014a,peliculaRoma,0,"Tenía que ser el  @El_Universal_Mx, en lugar de felicitar a Cuarón, demerita su trabajo publicando críticas en contra de Roma.",mx,0,0,0,0,0,0,0,0,0,tenía que ser el [user] en lugar de felicitar a cuarón demerita su trabajo publicando críticas en contra de roma
04a800278d9cfa40e5b419d562e31ed3,peliculaRoma,0,Pues a mi no me gusto. Si me aburrió.,mx,0,0,0,0,0,1,0,0,0,pues a mi no me gusto si me aburrió
b51a500dae2f73c658bd738a682b6252,peliculaRoma,0,"Totalmente de acuerdo, la nominación es un gran triunfo !!! 👏🏼👏🏼👏🏼",mx,3,0,0,6,0,0,1,0,0,totalmente de acuerdo la nominación es un gran triunfo manos_aplaudiendo_tono_de_piel_claro_medio manos_aplaudiendo_tono_de_piel_claro_medio manos_aplaudiendo_tono_de_piel_claro_medio
169818f90bf3202d0a83a7699629968b,peliculaRoma,0,"No todos tienen que amarla. No porque la crean aburrida es mala película, no porque haya ganado Oscares es lo mejor.",mx,0,0,0,0,0,3,0,0,0,no todos tienen que amarla no porque la crean aburrida es mala película no porque haya ganado oscares es lo mejor
3d962dc133190d9b3dd48928ae1e822c,peliculaRoma,0,Y así pasas de ser un referente a un asqueroso chayote lamesuelas.,mx,0,0,0,0,0,0,0,0,0,y así pasas de ser un referente a un asqueroso chayote lamesuelas
c63ce0d1aadb23ca5fed80d561d39a3f,peliculaRoma,0,"Ella triunfa en primera fila y es super mexicana, no como tú tanto tiempo vendiendo chayote y te dan reconocimientos por las esas madres que haces abajito del ombligo.",mx,0,0,0,0,0,1,0,0,0,ella triunfa en primera fila y es super mexicana no como tú tanto tiempo vendiendo chayote y te dan reconocimientos por las esas madres que haces abajito del ombligo
d48125e86ba527231e1e351145ed603f,peliculaRoma,0,Se ve que faltaron unas explosiones para que sea mejor vista paraellos. Nadie que se considere crítico de cine puede no ver la majestuosidad y delicatez d Roma. Desde cada cuadro que parece una obra de arte hasta el relato que denuncia una discriminación de la que se habla poco.,mx,0,0,0,0,0,2,0,0,0,se ve que faltaron unas explosiones para que sea mejor vista paraellos nadie que se considere crítico de cine puede no ver la majestuosidad y delicatez d roma desde cada cuadro que parece una obra de arte hasta el relato que denuncia una discriminación de la que se habla poco
c915b5f3f0e61011c00b195cd0443131,peliculaRoma,0,Y tu. Tu comentario dice más de ti de lo que piensas.,mx,0,0,0,0,0,0,0,0,0,y tu tu comentario dice más de ti de lo que piensas
6a595ce8ec3f1bb4c5ccae71022a3e39,tierraPlana,1,"@RodMesa Si el tlatoani dece que latierra es plana, la tierra es plana",mx,0,0,0,0,0,0,0,0,0,[user] si el tlatoani dece que latierra es plana la tierra es plana
43529a682e946edd3409184da243b146,tierraPlana,1,"Empecé a ver un documental en Netflix sobre la gente que cree que la tierra es plana. A los 10 minutos lo quité, es imposible de ver el grado de estupidez al que tiene que llegar la gente para creer eso. Como la 4T, vamos.",mx,0,0,0,0,0,0,0,0,0,empecé a ver un documental en netflix sobre la gente que cree que la tierra es plana a los 10 minutos lo quité es imposible de ver el grado de estupidez al que tiene que llegar la gente para creer eso como la 4t vamos
9d9d5b7febed4440a727b98e4a41a205,tierraPlana,1,"Ayer estaba viendo un documental de gente que cree que la tierra es plana y no redonda, y si el aborto fuera legal, no tendríamos que ver cosas como esas.",mx,0,0,0,0,0,2,0,0,0,ayer estaba viendo un documental de gente que cree que la tierra es plana y no redonda y si el aborto fuera legal no tendríamos que ver cosas como esas
8139efedf483e2b1db588a2997956122,tierraPlana,1,"Alguna ves pensé que el nivel más alto de estúpidez humana era los que creían qué la tierra es plana. Los que están en contra de las vacunas les dicen: Hold my beer"".""",mx,0,0,0,0,0,0,0,2,0,alguna ves pensé que el nivel más alto de estúpidez humana era los que creían qué la tierra es plana los que están en contra de las vacunas les dicen hold my beer
a36c8892fbb42c2691772a19b04eca12,tierraPlana,1,"@SusiZurimi No pensé hubiera gente más pendeja que los que votaron por AMLO, pero son superados por los que creen que la tierra es plana 🤦🏻‍♂️🤦🏻‍♂️🤦🏻‍♂️",mx,0,0,1,9,0,1,0,0,0,[user] no pensé hubiera gente más pendeja que los que votaron por amlo pero son superados por los que creen que la tierra es plana hombre_con_la_mano_en_la_frente_tono_de_piel_claro hombre_con_la_mano_en_la_frente_tono_de_piel_claro hombre_con_la_mano_en_la_frente_tono_de_piel_claro
f3e6f46bed4b8010f202db168f78dd9d,tierraPlana,1,"Duda, si México tuviera un porcentaje importante de gente que creyera en que la tierra es plana con una tortuga gigante sosteniéndola, ¿también estaríamos cambiando textos de historia?",mx,0,2,0,0,0,0,0,0,0,duda si méxico tuviera un porcentaje importante de gente que creyera en que la tierra es plana con una tortuga gigante sosteniéndola también estaríamos cambiando textos de historia
38cec00ac03ef076afcf6afec7eae857,tierraPlana,1,"@arnemx @Irma_Sandoval Obvi, la tierra es plana y gira alrededor de el. 🤘🏼🤓",mx,0,0,0,3,0,0,0,0,0,[user] [user] obvi la tierra es plana y gira alrededor de el mano_haciendo_el_signo_de_cuernos_tono_de_piel_claro_medio cara_de_empollón
8dcb594d5fd24d56e212b0ad78933b3b,tierraPlana,1,"@bbcmundo ¡No mamen! Si la tierra fuera plana, todos los gatos del mundo hubieran lanzado todo desde la orilla. De eso estoy seguro.",mx,2,0,0,0,0,1,0,0,0,[user] no mamen si la tierra fuera plana todos los gatos del mundo hubieran lanzado todo desde la orilla de eso estoy seguro
01aef33054efcf9817a6437f858bb36f,tierraPlana,1,"Si la tierra es plana, ¿Estamos en el frente o en el revés?",mx,0,2,0,0,0,0,0,0,0,si la tierra es plana estamos en el frente o en el revés
930f31aeb5caf0a62df39c39bfd45da9,tierraPlana,1,Ahora están contra el horario de verano... después seguramente querran sumarse a los tierraplanistas. #Lol,mx,0,0,0,0,1,0,1,0,1,ahora están contra el horario de verano después seguramente querran sumarse a los tierraplanistas lol
1b063c5a9ad246eb4edfacf1ce36f1d4,tierraPlana,1,La tierra es plana y acaba en Juárez,mx,0,0,0,0,0,0,0,0,0,la tierra es plana y acaba en juárez
7b64e48c8c498dcba00394a7fa4d0cef,tierraPlana,1,Tienes cara de que crees que la tierra es plana.,mx,0,0,0,0,0,0,0,0,0,tienes cara de que crees que la tierra es plana
2ac8e2332bef2bbd1caf39c5dc62d78d,tierraPlana,1,¿Alguien sabe si los tierraplanistas ya se cayeron por el borde de la tierra en ese viaje de “investigación” que querían hacer en enero? 😂,mx,0,2,0,1,0,0,0,2,0,alguien sabe si los tierraplanistas ya se cayeron por el borde de la tierra en ese viaje de investigación que querían hacer en enero cara_llorando_de_risa
1636f4bfa364fd4825a634240e4ccfe0,tierraPlana,1,Imagina encontrar al amor de tu vida y que diga que la tierra es plana 🥴,mx,0,0,0,1,0,0,0,0,0,imagina encontrar al amor de tu vida y que diga que la tierra es plana cara_de_grogui
2e0d46ed7cf38beee9737bd567ef2acb,tierraPlana,1,"No se enteran que la tierra bola ya no está de moda, ahora es plana como tu encefalograma. 🎶",mx,0,0,0,1,0,2,0,0,0,no se enteran que la tierra bola ya no está de moda ahora es plana como tu encefalograma notas_musicales
47729502ed962d587c5d537cdb35d8ca,tierraPlana,1,"@municolonbsas Lo irónico es que dónde están parados todos los monitos del cartel es una esfera no un círculo plano jajaja si su dibujo representara una tierra plana no le habrían puesto los relieves blancos a su diseño de tierra plana"" jaja los troleó su ilustrador... @alex_riveiro""",mx,0,0,0,0,1,2,1,2,1,[user] lo irónico es que dónde están parados todos los monitos del cartel es una esfera no un círculo plano jajaja si su dibujo representara una tierra plana no le habrían puesto los relieves blancos a su diseño de tierra plana jaja los troleó su ilustrador [user]
615a4c1b75c569f6710878ec361151bb,tierraPlana,1,"Ayer vi un documental de gente que piensa que la tierra es plana, y en algún momento, les creí tantito. Perdóname Dios por no morir en el útero.😋😋",mx,0,0,0,2,0,1,0,0,0,ayer vi un documental de gente que piensa que la tierra es plana y en algún momento les creí tantito perdóname dios por no morir en el útero cara_saboreando_comida cara_saboreando_comida
5c1b29384fc9f6659b5f3c28148e2e88,tierraPlana,1,Verguisima el documental de las personas que creen que la tierra es plana y hacen sus experimentos que prueban justo lo contrario. 😂,mx,0,0,0,1,0,0,0,0,0,verguisima el documental de las personas que creen que la tierra es plana y hacen sus experimentos que prueban justo lo contrario cara_llorando_de_risa
ac21750a1d374c254d4ed9a694a89e78,tierraPlana,1,Imagínate encontrar al amor de tu vida y que crea que la tierra es plana!,mx,1,0,0,0,0,0,0,0,0,imagínate encontrar al amor de tu vida y que crea que la tierra es plana
47c8d5192450ae4b36e31b936cb6baea,tierraPlana,1,RT @diostuitero: Hice la Tierra redonda porque si la hubiese hecho plana sois tan tontos que os habríais caído por el borde.,mx,0,0,0,0,0,0,0,0,0,rt [user] hice la tierra redonda porque si la hubiese hecho plana sois tan tontos que os habríais caído por el borde
6d3982be1272ae9f067a34e98791b717,tierraPlana,1,"Definitivamente la tierra es plana, la idea de que la tierra es redonda es una conspiración de la industria para poder vendernos Globos Terráqueos y quitarnos el dinero poco a poco.",mx,0,0,0,0,0,0,0,0,0,definitivamente la tierra es plana la idea de que la tierra es redonda es una conspiración de la industria para poder vendernos globos terráqueos y quitarnos el dinero poco a poco
6d5cc0002249e7f6c913afe1d22df303,tierraPlana,1,@JoelvsMonstruos @_borreguito @ximericalalo1 @BorgognoLeo @cardenal75 @JuuanCja @HistoriaEnFotos Si la tierra fuera plana el titanic se hubiera caído.,mx,0,0,0,0,0,0,0,0,0,[user] [user] [user] [user] [user] [user] [user] si la tierra fuera plana el titanic se hubiera caído
22fc543c3c1b35dd61c96e129e29e59a,tierraPlana,1,"Cuando quieran asegurar que todas las opiniones de todas las personas tienen el mismo peso, recuerden que hay gente que en 2019 cree que la tierra es plana... y otros que es una dona... y otros que es una esfera, pero hueca. Sale.",mx,0,0,0,0,0,0,2,0,2,cuando quieran asegurar que todas las opiniones de todas las personas tienen el mismo peso recuerden que hay gente que en 2019 cree que la tierra es plana y otros que es una dona y otros que es una esfera pero hueca sale
2a178b5021917f827c4fa83a8b534f85,tierraPlana,1,"Ayer vi el documental de Netflix sobre las teorías que tiene la gente de que la tierra es plana, ya se imaginarán el stand up disfrazado de documental",mx,0,0,0,0,0,0,0,0,0,ayer vi el documental de netflix sobre las teorías que tiene la gente de que la tierra es plana ya se imaginarán el stand up disfrazado de documental
843c4f250b7467b7cf50ad2f57300819,tierraPlana,1,Amigos! Acabo de enterarme de que la tierra no es plana porque sino nosotros seríamos cuadrados.  Este aprendizaje se lo atribuyó a @Minecraft :) Gracias.,mx,1,0,0,0,0,2,0,0,0,amigos acabo de enterarme de que la tierra no es plana porque sino nosotros seríamos cuadrados este aprendizaje se lo atribuyó a [user] gracias
f73a23e15647f8e66681869737a203b3,tierraPlana,1,Apuesto a que Mauricio Clark cree que la tierra es plana.,mx,0,0,0,0,0,0,0,0,0,apuesto a que mauricio clark cree que la tierra es plana
52154d1694cf4e35ec3ed5b427d4ab48,tierraPlana,1,@JuanBertheau Porque le dices plana a la tierra? Te gustaria que le dijeran plana a tu hermosisima hermana?respeta we,mx,0,2,0,0,0,0,0,0,0,[user] porque le dices plana a la tierra te gustaria que le dijeran plana a tu hermosisima hermana respeta we
7ae208ffe15d7ed48a69d441bb0d287e,tierraPlana,1,Quiero un modelo físico en 3D de la tierra plana 😍,mx,0,0,0,1,0,0,0,0,0,quiero un modelo físico en 3d de la tierra plana cara_sonriendo_con_ojos_de_corazón
6a6001564cb6b92cba4b2c5f384f6a01,tierraPlana,1,"A ver, esperen...¿la Tierra no es plana? ¿Qué?",mx,0,4,0,0,0,1,1,0,1,a ver esperen la tierra no es plana qué
65226e537ca8dc838b11e9bc55ee6c37,tierraPlana,1,"RT @JuanBertheau: La tierra es plana. Todos los que mandan en el mundo, realmente son lagartos. Y la cerveza sin alcohol NO sabe culera!",mx,1,0,0,0,0,2,0,0,0,rt [user] la tierra es plana todos los que mandan en el mundo realmente son lagartos y la cerveza sin alcohol no sabe culera
fdc35f6a02b9adf230451a1e2b9a0e0e,tierraPlana,1,"Estoy viendo un documental de tierraplanistas"" (gente que cree que la tierra es plana y no redonda) y al chile lo único que puedo pensar es que todos se ven bien drogadictos. Jajajajajajjaa""",mx,0,0,0,0,0,1,0,2,0,estoy viendo un documental de tierraplanistas gente que cree que la tierra es plana y no redonda y al chile lo único que puedo pensar es que todos se ven bien drogadictos jajajajajajjaa
14525e436e3b66acae2cf3c95eae6510,tierraPlana,1,"Como estaba emocionado con tanta campaña política en el estado de Sonora por las elecciones a gobernador de 2021, no me había dado cuenta que en el senado habiamos tenido un acuerdo absoluto y sin desacuerdos... A lo mejor la tierra si es plana despues de todo.",mx,0,0,0,0,0,2,1,0,1,como estaba emocionado con tanta campaña política en el estado de sonora por las elecciones a gobernador de 2021 no me había dado cuenta que en el senado habiamos tenido un acuerdo absoluto y sin desacuerdos a lo mejor la tierra si es plana despues de todo
58a0281e5a84b46d61e4b18d6d7ba3ca,tierraPlana,1,"El día que los tierraplanistas encuentren su muro de hielo, yo encontrare la forma de comer sin engordar.",mx,0,0,0,0,0,1,0,0,0,el día que los tierraplanistas encuentren su muro de hielo yo encontrare la forma de comer sin engordar
0d024bf68c4cd0946905704a254b4658,tierraPlana,1,"@MauNieto Si wey, bien necios, que no ven que también hay cerros y montañas,  eso no es tierra plana......  🤣🤣🤣",mx,0,0,0,3,0,2,2,0,2,[user] si wey bien necios que no ven que también hay cerros y montañas eso no es tierra plana cara_revolviéndose_de_la_risa cara_revolviéndose_de_la_risa cara_revolviéndose_de_la_risa
bf3039ac7ecc12044a44ccf383301b6b,tierraPlana,1,"Estoy viendo el documental de los #flatearthers y solo puedo pensar que a huevo AMLO cree que la tierra es plana y cualquiera de sus peje zombies no dudarían ni un segundo en que lo es si ese wey se los dice.   Urge otra extinción, un meteorito o algo ptm.",mx,0,0,1,0,0,2,1,0,0,estoy viendo el documental de los flatearthers y solo puedo pensar que a huevo amlo cree que la tierra es plana y cualquiera de sus peje zombies no dudarían ni un segundo en que lo es si ese wey se los dice urge otra extinción un meteorito o algo ptm
8ca9afcdb63afdb382de55e52fe2aad6,tierraPlana,0,"@CloobSolo Una vez un pendejo intentó hacerme eso con la teoría de que la tierra es plana, nomás buscaba a alguien que le pusiera atención.",mx,0,0,0,0,0,0,0,0,0,[user] una vez un pendejo intentó hacerme eso con la teoría de que la tierra es plana nomás buscaba a alguien que le pusiera atención
587ed9b6f076a4a79cb4f4f03c87a9aa,tierraPlana,0,La tierra es plana.,mx,0,0,0,0,0,0,0,0,0,la tierra es plana
f8615fe63844b8759cdec7d2d99047bf,tierraPlana,0,La tierra es plana?,mx,0,1,0,0,0,0,0,0,0,la tierra es plana
629503dc501e754533093337921c2361,tierraPlana,0,La Tierra es plana,mx,0,0,0,0,0,0,0,0,0,la tierra es plana
ac1ae7b4f6058f6b123f6973788d16f7,tierraPlana,0,Neta no me entra ala cabeza como existe gente que piensa que las vacunas no sirven o que la tierra es plana,mx,0,0,0,0,0,2,0,0,0,neta no me entra ala cabeza como existe gente que piensa que las vacunas no sirven o que la tierra es plana
d54d4a562cfba99f15990e5dd10dd64c,tierraPlana,0,@LivVare @Dr_Palomares @Flat67823361 @sppozueco @miguelpenagomez Entonces como es el recorrido del sol y la luna en la tierra plana?,mx,0,1,0,0,0,0,0,0,0,[user] [user] [user] [user] [user] entonces como es el recorrido del sol y la luna en la tierra plana
99d21e6ad8d46aeab7f916518b3a9e22,tierraPlana,0,"@132Blink @MariaCamino80 @Clionautica @lopezobrador_ La biblia es un compendio de anecdotas de índole moral que reune los valores de su tiempo, Mucha sabiduría pero... De entenderla como tal a creer en ella existe un largo trecho que nos acerca al riesgo de caer en fundamentalismos como el de la tierra plana o ideologías sionistas.",mx,0,0,0,0,0,0,1,0,1,[user] [user] [user] [user] la biblia es un compendio de anecdotas de índole moral que reune los valores de su tiempo mucha sabiduría pero de entenderla como tal a creer en ella existe un largo trecho que nos acerca al riesgo de caer en fundamentalismos como el de la tierra plana o ideologías sionistas
f70a8ddaec23dabbfb8eaf05d74a7362,tierraPlana,0,@UnicaBriss y la Tierra es plana,mx,0,0,0,0,0,0,0,0,0,[user] y la tierra es plana
4c97795df93b18485f66fdbf0b44c79a,tierraPlana,0,Es la tierra plana? Sí,mx,0,1,0,0,0,0,0,0,0,es la tierra plana sí
53659acd2c7c211c40bbe5d48ac953fb,tierraPlana,0,Y a ustedes les consta que la Tierra NO es plana?,mx,0,1,0,0,0,1,0,0,0,y a ustedes les consta que la tierra no es plana
e813be86b519bc05f9f7b9006ca9ff24,tierraPlana,0,"@alex_riveiro @yordi61 @NetflixES Yo pienso qué es bueno que la gente tenga opciones de donde elegir. Si qué la tierra es plana es su opción y la eligen, allá ellos. Creo que lo verdaderamente interesante es que existieran esas opciones y aún así no se tomaran, ese sería el verdadero logró",mx,0,0,0,0,0,1,0,0,0,[user] [user] [user] yo pienso qué es bueno que la gente tenga opciones de donde elegir si qué la tierra es plana es su opción y la eligen allá ellos creo que lo verdaderamente interesante es que existieran esas opciones y aún así no se tomaran ese sería el verdadero logró
7ed902e3958788b5627f035d9401289b,tierraPlana,0,"@Limon_Kawaii @MiareMentiras de poder podría, también la nasa nos podría estar mintiendo y en realidad la tierra es plana xD  cuando los argumentos y evidencias de una parte son tan contundentes y los de la otra parte son tan absurdos es un tanto ridículo permitirles el beneficio de la duda.",mx,0,0,0,0,1,0,0,0,0,[user] [user] de poder podría también la nasa nos podría estar mintiendo y en realidad la tierra es plana xd cuando los argumentos y evidencias de una parte son tan contundentes y los de la otra parte son tan absurdos es un tanto ridículo permitirles el beneficio de la duda
1f90a1db5459825ece89e1848dd3c133,tierraPlana,0,Cada vez hay más gente convencida de que la tierra es ¡plana!. El culpable: Youtube,mx,2,0,0,0,0,0,0,0,0,cada vez hay más gente convencida de que la tierra es plana el culpable youtube
dcb8b86c07262d38e71305e55545852a,tierraPlana,0,Tierra Plana. Nos mintieron  vía @YouTube,mx,0,0,0,0,0,0,0,0,0,tierra plana nos mintieron vía [user]
3f81dc59757f9f87a02804c85a905f04,tierraPlana,0,"RT @lamastabo: Buenos dias, recuerden que el genero no es una identidad, es un conjunto de opresiones historicas, económicas y culturales.…",mx,0,0,0,0,0,1,0,0,1,rt [user] buenos dias recuerden que el genero no es una identidad es un conjunto de opresiones historicas económicas y culturales
3bd2e5d6023097d09acef8265c65edb0,tierraPlana,0,"(6)Yo: –¿Sabe qué significa Conacyt?  Uber: –No.  Yo (por dentro):–Me lleva la verga. 🤦‍♂️  Uber: Regresando al tema, la tierra es plana porque para que algo se llame ciencia, se tiene que comprobar muchas veces y ese experimento (de que la tierra es redonda) no es repetible.",mx,0,2,0,2,0,2,0,0,0,6 yo sabe qué significa conacyt uber no yo por dentro me lleva la verga hombre_con_la_mano_en_la_frente uber regresando al tema la tierra es plana porque para que algo se llame ciencia se tiene que comprobar muchas veces y ese experimento de que la tierra es redonda no es repetible
10324dffb4317e1a3c62d1f8fb0d4b73,tierraPlana,0,"Son las 2 de la mañana y sigo viendo el documental de los terraplanistas en Netflix, y lo único que puedo pensar es en lo tiernos que son esos bastardos. Hasta quisiera que la tierra de verdad fuera plana nomás para que nunca se les rompa su corazoncito 😢",mx,0,0,0,1,0,1,0,0,0,son las 2 de la mañana y sigo viendo el documental de los terraplanistas en netflix y lo único que puedo pensar es en lo tiernos que son esos bastardos hasta quisiera que la tierra de verdad fuera plana nomás para que nunca se les rompa su corazoncito cara_llorando
8e431e13b3f5a3c7a484073d45b79c5d,tierraPlana,0,Año 2019 y aun hay gente que piensa que la tierra es plana 🤦‍♂️,mx,0,0,0,2,0,0,0,0,0,año 2019 y aun hay gente que piensa que la tierra es plana hombre_con_la_mano_en_la_frente
9495617da19b31f3d116dc9d4fbbdc3c,tierraPlana,0,Tierra plana: La mejor exposición de Iru Landucci en radio hasta la fecha vía @YouTube,mx,0,0,0,0,0,0,0,0,0,tierra plana la mejor exposición de iru landucci en radio hasta la fecha vía [user]
18e1270050816ad15a51473c75a586e8,tierraPlana,0,"RT @merolrockstar: Sin mentir, ¿creen que la tierra es plana?",mx,0,2,0,0,0,1,0,0,0,rt [user] sin mentir creen que la tierra es plana
38891aed230ead03ff221d296f6f31dc,tierraPlana,0,"como los antivacunas o los negadores del cambio climático, inclusive cosas verdaderamente increíbles como la gente que cree que la tierra es plana.  Y he ahí la razón de que estas sociedades avancen reduciendo los presupuestos de la educación pública,...",mx,0,0,0,0,0,0,1,0,1,como los antivacunas o los negadores del cambio climático inclusive cosas verdaderamente increíbles como la gente que cree que la tierra es plana y he ahí la razón de que estas sociedades avancen reduciendo los presupuestos de la educación pública
29c968391552a0bfcfa22648e9858017,tierraPlana,0,"RT @el_senador: No pasó en un Starbucks:  - yo sí creo que la tierra es plana, hay videos - dime un número entre 1 y 10 - 7 - ese es tu IQ…",mx,0,0,0,0,0,1,0,0,1,rt [user] no pasó en un starbucks yo sí creo que la tierra es plana hay videos dime un número entre 1 y 10 7 ese es tu iq
a598207809b2f7cba02036887a05485b,tierraPlana,0,@DarianaItzl Como si viviéramos en una tierra plana?,mx,0,1,0,0,0,0,0,0,0,[user] como si viviéramos en una tierra plana
868529a2d77ee014040deb2d0caf3e66,tierraPlana,0,@KanKahve De verdad le di chance! Pero el no mames,mx,1,0,0,0,0,1,0,0,0,[user] de verdad le di chance pero el no mames
16652182105b84ab610e977e39ccd6ae,tierraPlana,0,RT @xatakaciencia: Cómo humillar a un terraplanista: 'La Tierra es plana' de Netflix es una oportunidad perdida para entender el problema h…,mx,0,0,0,0,0,0,0,2,1,rt [user] cómo humillar a un terraplanista la tierra es plana de netflix es una oportunidad perdida para entender el problema h
85394ce5c17f76e0a35f91edd93d2cbb,tierraPlana,0,"@hdemauleon Y la tierra es plana, también al parecer.",mx,0,0,0,0,0,0,0,0,0,[user] y la tierra es plana también al parecer
0b6b2ca829e1fd2a3613fc5793b50e98,tierraPlana,0,jajaja por que hacemos interés a las personas que piensan que la tierra es plana!!! jajajaja,mx,3,0,0,0,0,0,1,0,0,jajaja por que hacemos interés a las personas que piensan que la tierra es plana jajajaja
2a670ea95dccbaddc51f6b8a2078c149,tierraPlana,0,RT @20m: Cinco sencillas formas de demostrar que la Tierra no es plana,mx,0,0,0,0,0,1,0,0,0,rt [user] cinco sencillas formas de demostrar que la tierra no es plana
97e36c80c1c22d2fcdb92f5536cc9689,tierraPlana,0,"@PuluCarvajal asi como existen personas que estan 100% seguras que la tierra es plana, esas mismas personas son las que pueden provocar un cambio peor o mejor para ese mundo en el que viven y que comparten con los demas porque el viaje a Marte solo se lo gano David Bowie",mx,0,0,0,0,0,0,0,0,0,[user] asi como existen personas que estan 100 seguras que la tierra es plana esas mismas personas son las que pueden provocar un cambio peor o mejor para ese mundo en el que viven y que comparten con los demas porque el viaje a marte solo se lo gano david bowie
7fd0baf4b879b92b60eeb2e39e1d90ac,tierraPlana,0,RT @libtv_: La tierra es plana. El socialismo funciona.,mx,0,0,0,0,0,0,0,0,0,rt [user] la tierra es plana el socialismo funciona
f5fe2b0218b74fb0b0b9defbbfe083fc,tierraPlana,0,si tú me dijeras que la tierra es plana te creería sin dudarlo.,mx,0,0,0,0,0,1,0,0,0,si tú me dijeras que la tierra es plana te creería sin dudarlo
f448ef461c44c40a309c8bd2646f7a69,tierraPlana,0,..que esa gente no acepta. Se montan sus dramas y teorías de conspiración que bueno. Esa gente es como los de la tierra plana que se niegan a aceptar la verdad por más pruebas que haya. Viven en su realidad alternativa donde solo ellas saben la verdad. Las detesto. Nada más crean,mx,0,0,0,0,0,2,0,0,0,que esa gente no acepta se montan sus dramas y teorías de conspiración que bueno esa gente es como los de la tierra plana que se niegan a aceptar la verdad por más pruebas que haya viven en su realidad alternativa donde solo ellas saben la verdad las detesto nada más crean
c191b84753084d73cfb866cdb3c6ea9e,tierraPlana,0,"@Paupau713 La tierra es plana, no tengo pruebas pero tampoco tengo dudas",mx,0,0,0,0,0,2,0,0,0,[user] la tierra es plana no tengo pruebas pero tampoco tengo dudas
0bf1e8c21839d7595f5d735e796a3a2f,tierraPlana,0,"RT @NTelevisa_com: La evidencia científica nos dice que la Tierra es redonda, pero ¿podría ser que no?",mx,0,2,0,0,0,1,0,0,0,rt [user] la evidencia científica nos dice que la tierra es redonda pero podría ser que no
e9c944dfcfd4e6fcdb387f1e183a024d,tierraPlana,0,"@octaup94 @doolishmacario Básicamente es lo mismo: un cortocircuito mental para negar lo evidente de la naturaleza homosexual del 80% de los abusos. El hecho de que lo diga Groth no lo vuelve cierto, es falacia adjunto verecundiam. No porque Groth diga que la tierra es plana nos volvemos terraplanistas",mx,0,0,0,0,0,2,0,0,0,[user] [user] básicamente es lo mismo un cortocircuito mental para negar lo evidente de la naturaleza homosexual del 80 de los abusos el hecho de que lo diga groth no lo vuelve cierto es falacia adjunto verecundiam no porque groth diga que la tierra es plana nos volvemos terraplanistas
ace99f1fc9e5e7413068433f6267531f,tierraPlana,0,"@BipolarKuroki @Dfusjwvdu @KhirukoPrro @tearjearker64 @DalasReview Como ya dije,Wismichu le gano a Dalas,no es nada infefendible,es la verdad. Otra cosa es que no lo aceptes Osea que si tu crees que la tierra es plana pero por mas que te muestren las pruebas no vas a entender?",mx,0,1,0,0,0,4,0,0,0,[user] [user] [user] [user] [user] como ya dije wismichu le gano a dalas no es nada infefendible es la verdad otra cosa es que no lo aceptes osea que si tu crees que la tierra es plana pero por mas que te muestren las pruebas no vas a entender
0b140556e452b2724ac431f7dc45c1af,tierraPlana,0,"@MauNieto Jajaja los terraplanistas tienen muchos fundamentos fisicos con huecos enormes en donde no pueden explicar el universo como tal, pero igual afirman que la NASA nos engaña y que la tierra es plana",mx,0,0,1,0,0,1,0,0,0,[user] jajaja los terraplanistas tienen muchos fundamentos fisicos con huecos enormes en donde no pueden explicar el universo como tal pero igual afirman que la nasa nos engaña y que la tierra es plana
3593b4d1e1b0a734467e33bccb48da41,tierraPlana,0,"@SankaraMalta @elmoro1953 @arnemx @ayram_ferreyra @OmarTapiaRodrg1 @HernanGomezB “Negacionista” 🤣🤣🤣🤣🤣🤣🤣🤣 ¿Qué sigue en tu esquizofrenia, que la Tierra es plana? 😂😂😂😂😂😂😂😂😂  Lo sé José 🥐🤘🏼🤣🤣🤣🤣🤣🤣🤣🤣",mx,0,2,0,28,0,0,3,2,0,[user] [user] [user] [user] [user] [user] negacionista cara_revolviéndose_de_la_risa cara_revolviéndose_de_la_risa cara_revolviéndose_de_la_risa cara_revolviéndose_de_la_risa cara_revolviéndose_de_la_risa cara_revolviéndose_de_la_risa cara_revolviéndose_de_la_risa cara_revolviéndose_de_la_risa qué sigue en tu esquizofrenia que la tierra es plana cara_llorando_de_risa cara_llorando_de_risa cara_llorando_de_risa cara_llorando_de_risa cara_llorando_de_risa cara_llorando_de_risa cara_llorando_de_risa cara_llorando_de_risa cara_llorando_de_risa lo sé josé cruasán mano_haciendo_el_signo_de_cuernos_tono_de_piel_claro_medio cara_revolviéndose_de_la_risa cara_revolviéndose_de_la_risa cara_revolviéndose_de_la_risa cara_revolviéndose_de_la_risa cara_revolviéndose_de_la_risa cara_revolviéndose_de_la_risa cara_revolviéndose_de_la_risa cara_revolviéndose_de_la_risa
e10253ed68bd742cd7c5511018b0df79,tierraPlana,0,"Vivimos un retroceso intelectual bien cabron... padres que no vacunan a sus hijos, gente que cree que la tierra es plana, perdida de la identidad biológica, reggaetón, banda y trap.",mx,0,0,0,0,0,1,1,0,1,vivimos un retroceso intelectual bien cabron padres que no vacunan a sus hijos gente que cree que la tierra es plana perdida de la identidad biológica reggaetón banda y trap
86d8cb4a71b4bbc35c03477504df5c9b,tierraPlana,0,La Tierra es plana y el hombre nunca llegó a la luna. Ya me emperre. Pinches #Oscars.,mx,0,0,0,0,0,1,0,0,0,la tierra es plana y el hombre nunca llegó a la luna ya me emperre pinches oscars
47f80630543af5d3941d033b47f75ed5,tierraPlana,0,RT @GizmodoES: El experimento de la luz que debía confirmar las teorías de los tierraplanistas en su documental de Netflix no salió como pe…,mx,0,0,0,0,0,1,0,0,1,rt [user] el experimento de la luz que debía confirmar las teorías de los tierraplanistas en su documental de netflix no salió como pe
95fc2dd6523c76b06138b2f697e0db1a,tierraPlana,0,YouTube aviva la creencia de que la Tierra es plana,mx,0,0,0,0,0,0,0,0,0,youtube aviva la creencia de que la tierra es plana
ae9a8e6821c94005de28fade96cfbb00,tierraPlana,0,"oigan, ustedes que han leído la biblia, esa wea sí dice que la tierra es plana?",mx,0,1,0,0,0,0,0,0,0,oigan ustedes que han leído la biblia esa wea sí dice que la tierra es plana
a399e0433b09dd6c96d2c91bed78a65b,tierraPlana,0,"La tierra es plana y el que crea que no, nos vemos en la catedral de Mérida para partirnos la madre",mx,0,0,0,0,0,1,0,0,0,la tierra es plana y el que crea que no nos vemos en la catedral de mérida para partirnos la madre
e9d5621fb1fc25597798986135f4338a,tierraPlana,0,#YouTube aviva la creencia de que la Tierra es plana.,mx,0,0,0,0,0,0,0,0,0,youtube aviva la creencia de que la tierra es plana
bca0b80de2a22e12e932623390ab4007,tierraPlana,0,"@Gradedgoods @futpicante Vea la porcentual en Mexico hermano, no batalle, Tigres es el equipo con más puntos. Puede no gustarte el jugador, no pasa nada, pero afirmar que cuando juega nunca ganan es creer que la tierra es plana. Saludos.",mx,0,0,0,0,0,5,0,0,0,[user] [user] vea la porcentual en mexico hermano no batalle tigres es el equipo con más puntos puede no gustarte el jugador no pasa nada pero afirmar que cuando juega nunca ganan es creer que la tierra es plana saludos
5eb848d8244fa4ef4e6de8ba8d85644c,tierraPlana,0,RT @ilonqueen: Acabo de ver un documental de la gente que piensa que la tierra es plana en Netflix y no puedo creer que haya tanta gente me…,mx,0,0,0,0,0,1,0,0,1,rt [user] acabo de ver un documental de la gente que piensa que la tierra es plana en netflix y no puedo creer que haya tanta gente me
9d26c4eaa51b1f545ec57c626db8754c,tierraPlana,0,"@raymondphil2 Nature es seria Por lo tanto es un dato duro En fin, ahora a esperar que digan que la tierra es plana y que Copérnico era illuminati",mx,0,0,0,0,0,0,0,0,0,[user] nature es seria por lo tanto es un dato duro en fin ahora a esperar que digan que la tierra es plana y que copérnico era illuminati
d49889b3eed99ea0c2a26ead4899afea,tierraPlana,0,@HistoriaEnFotos Ya vimos y lo comprobamos que la tierra no es plana y que las vacunas funcionan. Lo que los antivacunas y los que piensan que la tierra es plana no han podido comprobar lo contrario,mx,0,0,0,0,0,2,0,0,0,[user] ya vimos y lo comprobamos que la tierra no es plana y que las vacunas funcionan lo que los antivacunas y los que piensan que la tierra es plana no han podido comprobar lo contrario
467b1118352243b58157a5b9d2159fcb,tierraPlana,0,RT @rowalessi: Esos que dicen que Roma está sobre valorada.   ¿Se dan cuenta que es como decir que la tierra es plana?   Están negando un h…,mx,0,2,0,0,0,0,2,0,1,rt [user] esos que dicen que roma está sobre valorada se dan cuenta que es como decir que la tierra es plana están negando un h
df6060b694010b9486852b73baedc354,tierraPlana,0,@HistoriaEnFotos Quien de aqui ha visto la tierra redonda o plana? O eso les han hecho creer? 🤔,mx,0,2,0,1,0,0,0,0,0,[user] quien de aqui ha visto la tierra redonda o plana o eso les han hecho creer cara_pensativa
23c6906be063a2a48bf81b13b122a6cd,tierraPlana,0,"@furbcult @IngridTumtum @robaplantas También hay millones (sic) de estudios que aseguran que la tierra es plana, que las personas afrodescendientes tienen menos capacidad intelectual y que las personas indígenas no tienen alma. Ah, y que la homosexualidad se puede curar.",mx,0,0,0,0,0,1,0,0,0,[user] [user] [user] también hay millones sic de estudios que aseguran que la tierra es plana que las personas afrodescendientes tienen menos capacidad intelectual y que las personas indígenas no tienen alma ah y que la homosexualidad se puede curar
a5f4bb0bf3402211370827f68f47e187,tierraPlana,0,"Al parecer el número de tierraplanistas ha incrementado, sin embargo, aún no conozco a alguno. Sería gracioso escuchar sus argumentos"".",mx,0,0,0,0,0,2,0,1,0,al parecer el número de tierraplanistas ha incrementado sin embargo aún no conozco a alguno sería gracioso escuchar sus argumentos
1f24b8e001e023c5798a7ecd9228a51e,tierraPlana,0,"Hoy vi #BehindTheCurve, un documental acerca de los Flat Earthers, que son aquellas personas convencidas de que la Tierra es plana. 🌍   Pueden encontrarlo en @NetflixLAT.",mx,0,0,0,1,0,0,1,0,0,hoy vi behindthecurve un documental acerca de los flat earthers que son aquellas personas convencidas de que la tierra es plana globo_terráqueo_mostrando_europa_y_áfrica pueden encontrarlo en [user]
c4a56d60c5afad12e42a3afbfd3a06d7,tierraPlana,0,RT @Oscar_Tagrend: Yo a veces creo que los magufos del mundo tienen la misión intrínseca de hacernos reír:  - Azúcar que cura - La Tierra e…,mx,0,0,0,0,0,0,0,0,1,rt [user] yo a veces creo que los magufos del mundo tienen la misión intrínseca de hacernos reír azúcar que cura la tierra e
3d775597d24f41fccfa7d01f79f1c27b,tierraPlana,0,Y dicen que la tierra es plana.,mx,0,0,0,0,0,0,0,0,0,y dicen que la tierra es plana
ca63b6afdbd9954f55a491b9688e7a9d,tierraPlana,0,Mi tía acaba de dar a entender que ella es de las que creen en que la tierra es plana .-.,mx,0,0,0,0,0,0,0,0,0,mi tía acaba de dar a entender que ella es de las que creen en que la tierra es plana
40c815619d6d04b5fdf47ec584d3d585,tierraPlana,0,"siempre dicho que hay dos cosas que no tienen limite la codicia y la estupidez humana, me voy enterando que existe un grupo de gentes que defienden que la tierra es plana, ya ven lo que pasa por inventarse 1854 géneros algunos empiezan a parir",mx,0,0,0,0,0,1,0,0,0,siempre dicho que hay dos cosas que no tienen limite la codicia y la estupidez humana me voy enterando que existe un grupo de gentes que defienden que la tierra es plana ya ven lo que pasa por inventarse 1854 géneros algunos empiezan a parir
972a27f0cbf992989aeb2a6ee64e3950,tierraPlana,0,"RT @notengovenereas: Si la tierra fuera plana, los gatos ya habrían tirado todo por el borde. En sus caras tierraplanistas.",mx,0,0,0,0,0,0,0,0,0,rt [user] si la tierra fuera plana los gatos ya habrían tirado todo por el borde en sus caras tierraplanistas
d9cc1550c269e22f7f350afe9778ca36,tierraPlana,0,"@DimeKairo @AmezquitaC Esa esta en contra de la idea, yo quiero una que apoye la teoria de que la tierra es plana por un autentico terraplanista",mx,0,0,0,0,0,0,0,0,0,[user] [user] esa esta en contra de la idea yo quiero una que apoye la teoria de que la tierra es plana por un autentico terraplanista
97fa73efd856062d4e34dc343103122a,tierraPlana,0,Que haya idiotas que crean que la Tierra es plana no es por la grandeza de sus argumentos sino por la magnitud de los idiotas.,mx,0,0,0,0,0,2,0,0,0,que haya idiotas que crean que la tierra es plana no es por la grandeza de sus argumentos sino por la magnitud de los idiotas
1d0745d20eec9c3959487c6720f6d6f0,tierraPlana,0,La Tierra es PLANA,mx,0,0,1,0,0,0,0,0,0,la tierra es plana
fd706d8031dcece69afb3b93ca641284,tierraPlana,0,@LivVare @miguelpenagomez @Dr_Palomares @Flat67823361 @sppozueco La realidad dice que la tierra no es plana e inventarte cosas para que cuadre en tu modelo no arregla nada.,mx,0,0,0,0,0,3,0,0,0,[user] [user] [user] [user] [user] la realidad dice que la tierra no es plana e inventarte cosas para que cuadre en tu modelo no arregla nada
896a67fe7b35fb15398ac9173a311a5f,tierraPlana,0,@HGSarquis Lo interesante de esa lista es saber cuántos de ellos creen en la tierra plana o sean cieciologos.,mx,0,0,0,0,0,0,0,0,0,[user] lo interesante de esa lista es saber cuántos de ellos creen en la tierra plana o sean cieciologos
24d261b132fdd8517b480c09977ab9cf,tierraPlana,0,"RT @elprofedefisica: Llevo una hora viendo La Tierra es plana"" en @NetflixES Mucho personaje",mx,0,0,0,0,0,0,0,1,0,rt [user] llevo una hora viendo la tierra es plana en [user] mucho personaje
9b758bf0141585cf019608e2286adaaf,tierraPlana,0,RT @xataka: 'La Tierra es plana': el documental sobre los terraplanistas que ha llegado a Netflix es un deleznable ejercicio de humillación…,mx,0,0,0,0,0,0,0,2,1,rt [user] la tierra es plana el documental sobre los terraplanistas que ha llegado a netflix es un deleznable ejercicio de humillación
edbd8f819983d6d55b813853ebb07dba,tierraPlana,0,"Me pregunto, sin conocer la respuesta, si acaso alguna persona cercana a mi piensa que la tierra es plana. ¿Será que sí la hay?",mx,0,2,0,0,0,1,0,0,0,me pregunto sin conocer la respuesta si acaso alguna persona cercana a mi piensa que la tierra es plana será que sí la hay
d244841e016b1f144e81e9e51b43d42f,tierraPlana,0,"RT @Fedeasla: La tierra no es plana, es plan b o plan c.",mx,0,0,0,0,0,1,0,0,0,rt [user] la tierra no es plana es plan b o plan c
1233d2a3497bbdb3a660cc9b21bf15a8,tierraPlana,0,La tierra es plana,mx,0,0,0,0,0,0,0,0,0,la tierra es plana
6498be164b71aca0a7369c54763e87ee,tierraPlana,0,"@MauNieto Si, qué pedo con esa gente, de dónde salió? Qué ganan tratando de demostrar"" que la tierra es plana a parte de ""sólo tener la razón?"" Llamar la atención? Ejercicio de convencimiento?""",mx,0,4,0,0,0,0,0,4,0,[user] si qué pedo con esa gente de dónde salió qué ganan tratando de demostrar que la tierra es plana a parte de sólo tener la razón llamar la atención ejercicio de convencimiento
da50d091c1308bd0ed8a9fdc982afcf8,tierraPlana,0,"La evidencia científica nos dice que la Tierra es redonda, pero ¿podría ser que no?",mx,0,2,0,0,0,1,0,0,0,la evidencia científica nos dice que la tierra es redonda pero podría ser que no
8cdba899d2421542b8c36f131cd16cab,tierraPlana,0,"Soy ingeniero informático y afirmo que la tierra es plana""",mx,0,0,0,0,0,0,0,1,0,soy ingeniero informático y afirmo que la tierra es plana
5135408908331b14035d5472ce556c0d,tierraPlana,0,"Ayer vi el “documental” en #Netflix de los #flatearthers , mi conclusión: no es un documental sobre argumentos de por qué la “Tierra es plana”, es mera simulación, se trata de la vida de quienes apuestan... (1/2)",mx,0,0,0,0,0,1,1,4,1,ayer vi el documental en netflix de los flatearthers mi conclusión no es un documental sobre argumentos de por qué la tierra es plana es mera simulación se trata de la vida de quienes apuestan 1 2
937d7445235e32a439f821492f30a66d,tierraPlana,0,Tierra plana 2019 (COMPROBACIÓN CIENTÍFICA) *DEFINITIVA*,mx,0,0,3,0,0,0,0,0,0,tierra plana 2019 comprobación científica definitiva
d8cf862927ad5b1662d316e6d3808a15,tierraPlana,0,"La conspiración de la NASA me tiene confundido, si la tierra fuera plana y la ciencia nos ha mentido todo el tiempo ¿Quien se beneficia de esto?   La tierra es redonda, hasta lo dicen los emojis 🌍",mx,0,2,1,1,0,0,1,0,0,la conspiración de la nasa me tiene confundido si la tierra fuera plana y la ciencia nos ha mentido todo el tiempo quien se beneficia de esto la tierra es redonda hasta lo dicen los emojis globo_terráqueo_mostrando_europa_y_áfrica
7283113f23338785f7a8af556a01100c,tierraPlana,0,"@MuySuFrida Marko Cortés puede decir que la tierra es plana si quiere. El chiste es que lo demuestre, si no, ni para que estar de hablador!!! ....pero bueno..  no tienen otro discurso para estar en los reflectores.",mx,3,0,0,0,0,3,2,0,1,[user] marko cortés puede decir que la tierra es plana si quiere el chiste es que lo demuestre si no ni para que estar de hablador pero bueno no tienen otro discurso para estar en los reflectores
bf3a3363e582eb1044ce943d3b82b775,tierraPlana,0,"Alguien conoce teorías más idiotas que el de la tierra plana y si es así podrían compartirlas conmigo para deleitarme de la capacidad de la estupidez humana, gracias.",mx,0,0,0,0,0,0,0,0,0,alguien conoce teorías más idiotas que el de la tierra plana y si es así podrían compartirlas conmigo para deleitarme de la capacidad de la estupidez humana gracias
70affcdf350d541353884f85181d468c,tierraPlana,0,🐼👊Kron Gracie a Ariel Helwani Si,mx,0,0,0,2,0,0,0,0,0,panda puño_cerrado kron gracie a ariel helwani si
f084a6f091d0a1e9d96d3c2225e21a77,tierraPlana,0,"RT @majara0: Si la tierra fuera plana, los gatos ya habrían tirado todo por el borde.",mx,0,0,0,0,0,0,0,0,0,rt [user] si la tierra fuera plana los gatos ya habrían tirado todo por el borde
877bedf28dec398b982cf23089f06fab,tierraPlana,0,"@NachoRgz @laylapaty1 Un banco ligado al lavado de dinero (obvió) con infinidad de escándalos de corrupción a lo largo del mundo (por los que dicen que la tierra es plana). Y para más, diré: revisen quiénes integran su consejo de administración actualmente.",mx,0,0,0,0,0,0,0,0,0,[user] [user] un banco ligado al lavado de dinero obvió con infinidad de escándalos de corrupción a lo largo del mundo por los que dicen que la tierra es plana y para más diré revisen quiénes integran su consejo de administración actualmente
b09dfa278c3265d86a97bf5b951da476,tierraPlana,0,¿Conoces a alguien que cree que la Tierra es plana?,mx,0,2,0,0,0,0,0,0,0,conoces a alguien que cree que la tierra es plana
48a47102f48bb176168abda401413bb4,tierraPlana,0,@MauNieto Cuando te encuentras a un creyente de la Tierra plana. Jajajaja,mx,0,0,0,0,0,0,0,0,0,[user] cuando te encuentras a un creyente de la tierra plana jajajaja
e05b84f87850698f3167a18c33cfa95a,tierraPlana,0,RT @GustavoVela71: La tierra plana,mx,0,0,0,0,0,0,0,0,0,rt [user] la tierra plana
c457f5756a9be3458878f02b276d07eb,tierraPlana,0,@DrMono_ @yosoydiegocano @RuidoEnLaRed @jrisco @lopezobrador_ @Javier_Corral @ferbelauzaran @colosioriojas Y la tierra es plana,mx,0,0,0,0,0,0,0,0,0,[user] [user] [user] [user] [user] [user] [user] [user] y la tierra es plana
2dd5d0f06abae7aca1830209f65165e9,tierraPlana,0,"Como cambian los tiempos y las creencias antes se hablaba de fantasmas y Extraterrestres, pero lo de hoy son  los Glitchs de la Matrix, si la Tierra plana le hace los mandados. Pero siempre estaremos ahí para analizarlos.",mx,0,0,0,0,0,0,0,0,0,como cambian los tiempos y las creencias antes se hablaba de fantasmas y extraterrestres pero lo de hoy son los glitchs de la matrix si la tierra plana le hace los mandados pero siempre estaremos ahí para analizarlos
0803195479d0ff7f500def09e84eb1c4,tierraPlana,0,@Flo_Clements Crees que la tierra es plana?,mx,0,1,0,0,0,0,0,0,0,[user] crees que la tierra es plana
ae2c63ec525ee3790b484c324be8bfdd,tierraPlana,0,"@HelloMaaat la tierra es plana , pon una canica en el piso y no rueda",mx,0,0,0,0,0,1,1,0,0,[user] la tierra es plana pon una canica en el piso y no rueda
92551446767f33579e2d83066c5c637d,tierraPlana,0,RT @EffeStoned: @HistoriaEnFotos La tierra es plana por eso se llama planeta  y las vacunas son microchips que te instala el gobierno  desd…,mx,0,0,0,0,0,0,0,0,1,rt [user] [user] la tierra es plana por eso se llama planeta y las vacunas son microchips que te instala el gobierno desd
a384078a26b23dfc04e8cda9a0acea52,tierraPlana,0,Entonces... la tierra es plana?,mx,0,1,0,0,0,0,1,0,1,entonces la tierra es plana
a0e7cf695b9aa8fe98c316179c6d173f,tierraPlana,0,YouTube alimenta la teoría de conspiración: “la Tierra es plana”,mx,0,0,0,0,0,0,0,2,0,youtube alimenta la teoría de conspiración la tierra es plana
7406627793f13384bfff5b0109fb0476,tierraPlana,0,@ArgoffTV @Biancatv_mx @OxlackCastro @EOtroShow @ufoofinterest @jorgezaratedf @j00j00j00 @yohanandiaz @Yoko_Mary @EdgarMUFC Será la Tierra plana?,mx,0,1,0,0,0,0,0,0,0,[user] [user] [user] [user] [user] [user] [user] [user] [user] [user] será la tierra plana
521f46238bc67c546d82a97e5eaf1938,tierraPlana,0,"@camxell @HistoriaEnFotos ¿? Haber erudito, en qué parte de la Biblia dice que la tierra es plana?, lo único de plano que veo acá es tu cerebro que argumenta sin fundar.",mx,0,3,0,0,0,1,0,0,0,[user] [user] haber erudito en qué parte de la biblia dice que la tierra es plana lo único de plano que veo acá es tu cerebro que argumenta sin fundar
dbb508a405f9bc394fbf71ccc2ee2046,tierraPlana,0,Sonda China Chang'e 4 aluniza y refuta la tierra plana!,mx,1,0,0,0,0,0,0,1,0,sonda china chang e 4 aluniza y refuta la tierra plana
a42aff68a466c999765615668bd96914,tierraPlana,0,Ya vi que lo de la tierra plana también iba en serio.,mx,0,0,0,0,0,0,0,0,0,ya vi que lo de la tierra plana también iba en serio
d09fb750b0e45638bf2991056f465175,tierraPlana,0,Buenos días!!! Ayer vi un documental en #Netflix de todos aquellos que piensan que la tierra es plana... la banda ya está re loca!,mx,4,0,0,0,0,0,2,0,1,buenos días ayer vi un documental en netflix de todos aquellos que piensan que la tierra es plana la banda ya está re loca
e89405372de69ad9d5ae56e9290aa4fc,tierraPlana,0,"Buenos días, tierraplanistas.",mx,0,0,0,0,0,0,0,0,0,buenos días tierraplanistas
e338deb1d23fbc6a7ea47d0eeaa5e0c5,tierraPlana,0,Como cuando estás decidido a documentar en #Netflix que la #Tierra es plana y fallas estrepitosamente.  Fuente:,mx,0,0,0,0,0,0,0,0,0,como cuando estás decidido a documentar en netflix que la tierra es plana y fallas estrepitosamente fuente
e15ba5015b2b0966395f75f7ccd5c812,tierraPlana,0,Un rapero puede hablarte de la tierra plana,mx,0,0,0,0,0,0,0,0,0,un rapero puede hablarte de la tierra plana
01843734231c6b2d880cd59a3514961c,tierraPlana,0,"- Lumara, entiende, ¡La Tierra es plana! - ¡Aquí la única plana soy yo!",mx,4,0,0,0,0,0,0,0,0,lumara entiende la tierra es plana aquí la única plana soy yo
30cad6ca292afd4386ce74645c4a213a,tierraPlana,0,"RT @GustavoTenaH: Como estaba emocionado con tanta campaña política en el estado de Sonora por las elecciones a gobernador de 2021, no me h…",mx,0,0,0,0,0,1,0,0,1,rt [user] como estaba emocionado con tanta campaña política en el estado de sonora por las elecciones a gobernador de 2021 no me h
966686b99c2f6b95f9bf396acbedd35a,tierraPlana,0,Cómo YouTube alimenta la teoría de la conspiración de que la Tierra es plana,mx,0,0,0,0,0,0,0,0,0,cómo youtube alimenta la teoría de la conspiración de que la tierra es plana
692bfbe00c6eceb89e4a36c9b4e0d8c3,tierraPlana,0,"@JonaJarr @abraxasavi @fbarciona @camxell @HistoriaEnFotos Un círculo es una moneda.  Hay que saber bien los conceptos geométricos, no es lo mismo esférico (balón) que círculo (moneda).  Por lo tanto la biblia dice que la tierra es como una moneda: plana.",mx,0,0,0,0,0,1,0,0,0,[user] [user] [user] [user] [user] un círculo es una moneda hay que saber bien los conceptos geométricos no es lo mismo esférico balón que círculo moneda por lo tanto la biblia dice que la tierra es como una moneda plana
0e5e26c6805f0ff77fafd3802d204a67,tierraPlana,0,La tierra plana,mx,0,0,0,0,0,0,0,0,0,la tierra plana
816aa57a66f32781a9301ed942b38c05,tierraPlana,0,"@22Gania22 @AmarnaMiller @SchrodingerGata @YouTubeMexico @NetflixLAT Tengo mucha curiosidad de saber cómo es que @NetflixLAT abordó el tema, el terraplanismo ya me tiene bastante cansado y de otro modo me daría mucha pereza ver esa obra, pero no puedo evitar la curiosidad. Aún así, las supuestas evidencias de que la tierra es plana no me llenan.",mx,0,0,0,0,0,2,0,0,0,[user] [user] [user] [user] [user] tengo mucha curiosidad de saber cómo es que [user] abordó el tema el terraplanismo ya me tiene bastante cansado y de otro modo me daría mucha pereza ver esa obra pero no puedo evitar la curiosidad aún así las supuestas evidencias de que la tierra es plana no me llenan
d87ee035d65a4af56279593265a1305d,tierraPlana,0,"@22Gania22 @AmarnaMiller @SchrodingerGata Lo que digo de los terraplanistas lo hago basado en las conversaciones que he tenido con ellos y en los vídeos que publican en @YouTubeMexico , de esos he visto muchos. Por otro lado, afirmar que la tierra es plana no es cuestionar, preguntarse la forma de la tierra sí lo es.",mx,0,0,0,0,0,1,0,0,0,[user] [user] [user] lo que digo de los terraplanistas lo hago basado en las conversaciones que he tenido con ellos y en los vídeos que publican en [user] de esos he visto muchos por otro lado afirmar que la tierra es plana no es cuestionar preguntarse la forma de la tierra sí lo es
c7c9aff9281812291b8d62bd0341f7c6,tierraPlana,0,¿Los que dicen que Jorge Ramos es un vendido serán los mismos que piensen que la tierra es plana? #Espreguntaseria,mx,0,2,0,0,0,0,0,0,0,los que dicen que jorge ramos es un vendido serán los mismos que piensen que la tierra es plana espreguntaseria
b2028e08a35a1198bf0a8ba0c4b8c982,tierraPlana,0,@Mumusiraneitor @AnnieVnKr Como cuando quieren eliminar uno de los mejores controles de plagas que tenemos en México. No me sorprende que aun haya gente que piense que la tierra es plana.,mx,0,0,0,0,0,1,0,0,0,[user] [user] como cuando quieren eliminar uno de los mejores controles de plagas que tenemos en méxico no me sorprende que aun haya gente que piense que la tierra es plana
f48ddc86a94e24ff1e2f606672a397b3,tierraPlana,0,"@el_pais ¡Claro que no, carajo....como la Tierra es plana, al estrellarse, rebotaron en el Espacio!",mx,2,0,0,0,0,1,1,0,1,[user] claro que no carajo como la tierra es plana al estrellarse rebotaron en el espacio
3a36779b5013d7f064aa6d8ffaf868ee,tierraPlana,0,"RT @ALEXFDZ: Ya puede escuchar el tremendo podcast de este martes. Hablamos de los Óscar, las menciones publicitarias y la gente que cree q…",mx,0,0,1,0,0,0,0,0,1,rt [user] ya puede escuchar el tremendo podcast de este martes hablamos de los óscar las menciones publicitarias y la gente que cree q
bfbae26181607caef4e2d68483967da5,tierraPlana,0,"RT @marcelecuona: Ayer vi un documental de gente que piensa que la tierra es plana, y en algún momento, les creí tantito. Perdóname Dios po…",mx,0,0,0,0,0,0,0,0,1,rt [user] ayer vi un documental de gente que piensa que la tierra es plana y en algún momento les creí tantito perdóname dios po
1bd300a33150eb9dcb847efcd6a753e2,tierraPlana,0,@nino_triqui Es claro que la tierra es plana,mx,0,0,0,0,0,0,0,0,0,[user] es claro que la tierra es plana
6f77d0954ab1de686965581368fea0c4,tierraPlana,0,¿@alex_riveiro que piensas de la tierra plana y el fraude de la nasa?,mx,0,2,0,0,0,0,0,0,0,[user] que piensas de la tierra plana y el fraude de la nasa
a31bf72d677948abba4fb70acba4c537,tierraPlana,0,@racesgar Pregúntale si la tierra es plana y si no se debe vacunar. Puede que sea de los únicos y detergentes! 🤣,mx,1,0,0,1,0,1,0,0,0,[user] pregúntale si la tierra es plana y si no se debe vacunar puede que sea de los únicos y detergentes cara_revolviéndose_de_la_risa
2ebf082a87ea3c580cc3f68e3cfaed68,tierraPlana,0,@mcmaricarmen También debatirán si la tierra es plana,mx,0,0,0,0,0,0,0,0,0,[user] también debatirán si la tierra es plana
5c758e91138a20cfa13355e78ddb585d,tierraPlana,0,"@ximena_fdzn @HistoriaEnFotos En otro multiuniverso, la tierra es plana",mx,0,0,0,0,0,0,0,0,0,[user] [user] en otro multiuniverso la tierra es plana
cb332723fc872143d5c0ed467f611823,tierraPlana,0,La Tierra es plana': el #documental sobre los #terraplanistas es un deleznable ejercicio de humillación. 🌎 | @espinof_com,mx,0,0,0,1,0,0,0,1,0,la tierra es plana el documental sobre los terraplanistas es un deleznable ejercicio de humillación globo_terráqueo_mostrando_américa [user]
701c2f20f2f87287feb1f393f8a36285,tierraPlana,0,"@eseeldaewo @ferbelaunzaran Hubo una época en que toda la población del mundo creía que la tierra era plana, que sean muchos no significa que estén en lo correcto, solo significa que hay muchos imbéciles en México. Y pequeño cerebro no es insulto, es una observación.",mx,0,0,0,0,0,2,0,0,0,[user] [user] hubo una época en que toda la población del mundo creía que la tierra era plana que sean muchos no significa que estén en lo correcto solo significa que hay muchos imbéciles en méxico y pequeño cerebro no es insulto es una observación
3448e35d47d67781436919aa2432cd1d,tierraPlana,0,"No pasó en un Starbucks:  - yo sí creo que la tierra es plana, hay videos - dime un número entre 1 y 10 - 7 - ese es tu IQ  Ccp @juanburgos",mx,0,0,0,0,0,1,0,0,0,no pasó en un starbucks yo sí creo que la tierra es plana hay videos dime un número entre 1 y 10 7 ese es tu iq ccp [user]
f52b50757cea8d71ca5e8e2f2026e448,tierraPlana,0,"Acabo de ver el documental de los tierraplanistas"" en @NetflixLAT",mx,0,0,0,0,0,0,0,1,0,acabo de ver el documental de los tierraplanistas en [user]
33afd824bdf80dc76dd86d28fbf86965,tierraPlana,0,"@ActualidadRT Lo insólito es que existan personas que piensen que la tierra es plana en el presente siglo, eso es lo verdaderamente insólito...",mx,0,0,0,0,0,0,1,0,1,[user] lo insólito es que existan personas que piensen que la tierra es plana en el presente siglo eso es lo verdaderamente insólito
a0e6a32cfff7efd89d3325b422876784,tierraPlana,0,Esos que dicen que Roma está sobre valorada.   ¿Se dan cuenta que es como decir que la tierra es plana?   Están negando un hecho que todo el mundo reconoce.,mx,0,2,0,0,0,0,2,0,0,esos que dicen que roma está sobre valorada se dan cuenta que es como decir que la tierra es plana están negando un hecho que todo el mundo reconoce
ed4a0ff75b319810e7869365edb835d0,tierraPlana,0,@talent_net Porque la tierra no es plana??? 🤔,mx,0,3,0,1,0,1,1,0,0,[user] porque la tierra no es plana cara_pensativa
2402e048ef6c713652299dff4879ed2b,tierraPlana,0,@HistoriaEnFotos Para empezar no sabía que hay personas que creen que la tierra es plana 😲,mx,0,0,0,1,0,1,0,0,0,[user] para empezar no sabía que hay personas que creen que la tierra es plana cara_asombrada
4030cd2760c87959fa92529252a7cb7a,tierraPlana,0,"Ayer ví un programa que me llamó la atención llamado: 'La tierra es plana'. Ellos aseguran que así es que hemos vivido engañados.  Lo que me lleva a pensar que no importa la evidencia científica, hay quienes se sienten cómodos con sus creencias y se debe respetar.",mx,0,0,0,0,0,1,0,2,0,ayer ví un programa que me llamó la atención llamado la tierra es plana ellos aseguran que así es que hemos vivido engañados lo que me lleva a pensar que no importa la evidencia científica hay quienes se sienten cómodos con sus creencias y se debe respetar
16de256089d08cf1e58642d1fd31589c,tierraPlana,0,"@Oliver_Youtube cuando vi la nota me sorprendí bastante, de ser cierto esto la teoría de la tierra plana es más relevante!!",mx,2,0,0,0,0,0,0,0,0,[user] cuando vi la nota me sorprendí bastante de ser cierto esto la teoría de la tierra plana es más relevante
0b582a196fd91e355cbe4281974851e8,tierraPlana,0,@muyinteresante La Tierra es plana,mx,0,0,0,0,0,0,0,0,0,[user] la tierra es plana
3503b24cc081ae9d41f7dce50714233d,tierraPlana,0,Aún hay quienes creen que la Tierra es plana.,mx,0,0,0,0,0,0,0,0,0,aún hay quienes creen que la tierra es plana
702efa912991f31b04ddee3c52333b16,tierraPlana,0,"Wow, habla en serio. Acabo de encontrar uno de esos especimenes   ultrararos que creen que la tierra es plana. 1500 años quemando a astrólogos vivos en la hoguera no fueron suficientes.",mx,0,0,0,0,0,1,1,0,0,wow habla en serio acabo de encontrar uno de esos especimenes ultrararos que creen que la tierra es plana 1500 años quemando a astrólogos vivos en la hoguera no fueron suficientes
c828bcf72a3774372b2aeddd261d0d06,tierraPlana,0,RT @MauNieto: Estoy viendo un documental en Netflix de gente que asegura que la tierra es plana. Son súper necios.,mx,0,0,0,0,0,0,0,0,0,rt [user] estoy viendo un documental en netflix de gente que asegura que la tierra es plana son súper necios
12aeda9b4418e790643e0df60ae5d307,tierraPlana,0,RT @ElRastaOk: La Tierra es plana y lo explicaré en el siguiente hilo,mx,0,0,0,0,0,0,0,0,0,rt [user] la tierra es plana y lo explicaré en el siguiente hilo
7511b20180a1f815680d970b86f8bdfc,tierraPlana,0,"RT @CulturaColectiv: Sí, en pleno siglo XXI hay personas que aseguran que #LaTierra es plana y estas son sus pruebas... 🤔",mx,0,0,1,1,0,0,1,0,1,rt [user] sí en pleno siglo xxi hay personas que aseguran que latierra es plana y estas son sus pruebas cara_pensativa
9682e470a0effa79f18d38fed51a9741,tierraPlana,0,La tierra no es plana!,mx,1,0,0,0,0,1,0,0,0,la tierra no es plana
6f593ae6072b7214756e299e8aef2e5b,tierraPlana,0,@SoyDanielaBos Esa de la tierra plana 🌏,mx,0,0,0,1,0,0,0,0,0,[user] esa de la tierra plana globo_terráqueo_mostrando_asia_y_australia
582beeb6c39b97fa1a337c059cd1d3b4,tierraPlana,0,RT @Interneitor: Y algunos todavía piensan que la Tierra es plana 🤨🤨🤪,mx,0,0,0,3,0,0,0,0,0,rt [user] y algunos todavía piensan que la tierra es plana cara_con_ceja_alzada cara_con_ceja_alzada cara_de_loco
d4675e07a6dcc6323e570fd9dba89217,tierraPlana,0,En la oficina están hablando de que ni al caso las teorías de la tierra plana/hueca y de que los que dicen que el moon landing fue falso están locos ylm y yo estoy de que,mx,0,0,0,0,0,1,0,0,0,en la oficina están hablando de que ni al caso las teorías de la tierra plana hueca y de que los que dicen que el moon landing fue falso están locos ylm y yo estoy de que
35bda56aa97e5fbc41105e73ec15b5fe,tierraPlana,0,"RT @HelloMaaat: Si hay gente que llama masculinicidios a los homicidios, gente q cree q las vacunas causan autismo, que el feminismo es can…",mx,0,0,0,0,0,0,1,0,1,rt [user] si hay gente que llama masculinicidios a los homicidios gente q cree q las vacunas causan autismo que el feminismo es can
74ca46d6c680641d14930aad63979ce5,tierraPlana,0,Cómo #YouTube alimenta la teoría de que la Tierra es plana,mx,0,0,0,0,0,0,0,0,0,cómo youtube alimenta la teoría de que la tierra es plana
849fc5c97460e01b6a458acc93df2460,tierraPlana,0,"RT @ElPapideacero: @garcialcocer @lopezobrador_ Todo sea por el  bien de México, pero creer en la palabra de López, es como creer que el dí…",mx,0,0,0,0,0,0,0,0,1,rt [user] [user] [user] todo sea por el bien de méxico pero creer en la palabra de lópez es como creer que el dí
f9f2ca51644b86a2985d5b61999c900c,tierraPlana,0,"@haro_63 @Charfornication Que la medición el mejor del mundo"" es tan absurdo como decir que la tierra es plana. Fue anulado por un mejor equipo.""",mx,0,0,0,0,0,0,0,2,0,[user] [user] que la medición el mejor del mundo es tan absurdo como decir que la tierra es plana fue anulado por un mejor equipo
36d8109cab9b86dde77de9b6847a28d5,tierraPlana,0,@alex_riveiro ¿La tierra es plana?,mx,0,2,0,0,0,0,0,0,0,[user] la tierra es plana
2fa0bde0c9db9736061b3f5ab2a081d1,tierraPlana,0,Entre a un grupo de los batos que creen que la tierra es plana y si es divertido,mx,0,0,0,0,0,0,0,0,0,entre a un grupo de los batos que creen que la tierra es plana y si es divertido
a0de6d2e083999f33f3d252d3985bd20,tierraPlana,0,RT @ReneMarinUribe: @NachoRgz @laylapaty1 Un banco ligado al lavado de dinero (obvió) con infinidad de escándalos de corrupción a lo largo…,mx,0,0,0,0,0,0,0,0,1,rt [user] [user] [user] un banco ligado al lavado de dinero obvió con infinidad de escándalos de corrupción a lo largo
5af0050ee2963b61c106cb2ff7980410,tierraPlana,0,@lvcvs Esos güeyes que piensan aún que la tierra es plana son una mamada.,mx,0,0,0,0,0,0,0,0,0,[user] esos güeyes que piensan aún que la tierra es plana son una mamada
59cd59c91d0e55df3009969fec2aad80,tierraPlana,0,Alguien puede explicarme porque pase 58 min de mi vida viendo un documental sobre la tierra plana? 😂,mx,0,1,0,1,0,0,0,0,0,alguien puede explicarme porque pase 58 min de mi vida viendo un documental sobre la tierra plana cara_llorando_de_risa
3c8542f69a78a0bb9c3c57fc46017c15,tierraPlana,0,@Padawanmx @don_chamuco DE PLANO LA TIERRA PLANA? Así anda la humanidad? MMMMMMMMM,mx,0,2,4,0,0,0,1,0,0,[user] [user] de plano la tierra plana así anda la humanidad mm
ffb624e016c86c0903ffd980c049cd5d,tierraPlana,0,@DimeKairo @AmezquitaC Qusiera saber una idea argumentada de por qué se cree que la tierra es plana...😲,mx,0,0,0,1,0,0,1,0,1,[user] [user] qusiera saber una idea argumentada de por qué se cree que la tierra es plana cara_asombrada
56048ea043b101d05a9df1d13a5aef06,tierraPlana,0,"Acabo de ver Behind the curve, El documental sobre el movimiento de gente que defiende que la tierra es plana. Concluí que debemos instaurar el Día internacional de Abraza una TERF"". Pregúntame cómo.""",mx,0,0,1,0,0,0,0,2,0,acabo de ver behind the curve el documental sobre el movimiento de gente que defiende que la tierra es plana concluí que debemos instaurar el día internacional de abraza una terf pregúntame cómo
fe6f953639af701920012d227b3877ed,tierraPlana,0,"Ya lo sabíamos. La mayoría le llamamos The Matrix 😎. Ahhh! Y que la Tierra es plana, también eso. Y que el sol gira y rota, según @BeatrizGMuller.",mx,1,0,0,1,0,0,1,0,0,ya lo sabíamos la mayoría le llamamos the matrix cara_sonriendo_con_gafas_de_sol ahh y que la tierra es plana también eso y que el sol gira y rota según [user]
e8c76fe4313d3ac1117ccca9329a7aff,tierraPlana,0,Suena a un buen capítulo de rick&amp;morty,mx,0,0,0,0,0,0,0,0,0,suena a un buen capítulo de rick amp morty
ed122b7395a6d3665256fcb5b0c9c953,tierraPlana,0,Netflix subió un documental de las personas que creen que la tierra es plana. Es hilarante.  Lo amo.,mx,0,0,0,0,0,0,0,0,0,netflix subió un documental de las personas que creen que la tierra es plana es hilarante lo amo
73d3a3ef9e241b71e527514d1e683f98,tierraPlana,0,Netflix | ‘Terraplanistas’ hicieron un experimento… que les demostró que la Tierra no es plana (Video),mx,0,0,0,0,0,1,0,2,1,netflix terraplanistas hicieron un experimento que les demostró que la tierra no es plana video
2162d2c910f806167f680c413aee341d,tierraPlana,0,Cómo YouTube alimenta la teoría de que la Tierra es plana - INVDES,mx,0,0,1,0,0,0,0,0,0,cómo youtube alimenta la teoría de que la tierra es plana invdes
d08d0697d19413e22efd0d8c18d96b64,tierraPlana,0,RT @disversum: Ayer vi un documental sobre gente que creen la Tierra es plana. Como si no hubiesen ya suficientes motivos para detestar a l…,mx,0,0,0,0,0,1,0,0,1,rt [user] ayer vi un documental sobre gente que creen la tierra es plana como si no hubiesen ya suficientes motivos para detestar a l
b6e6eda3f8007d24a01ab86c24eab842,tierraPlana,0,"(2) Le pregunto que acerca de qué y me contesta:  –De la tierra plana, ¿tú sabías que la tierra es plana? ¿Que no es cierto que el hombre llegó a la luna?  Yo:  –Sí llegó.  Uber: –Entonces ¿por qué solo Estados Unidos ha ido?",mx,0,6,0,0,0,1,0,0,0,2 le pregunto que acerca de qué y me contesta de la tierra plana tú sabías que la tierra es plana que no es cierto que el hombre llegó a la luna yo sí llegó uber entonces por qué solo estados unidos ha ido
fe2f41a1797cf54cae2289b96e2cbe6f,tierraPlana,0,"Debate, tierra plana &amp; pelota, en este video esta la opinión de estos teólogos, algunos con evidencia bíblica y otros sin nada más que la burla. Usteded de que lado esta?",mx,0,1,0,0,0,2,0,0,0,debate tierra plana amp pelota en este video esta la opinión de estos teólogos algunos con evidencia bíblica y otros sin nada más que la burla usteded de que lado esta
d3baa60bc96ceaf61167f3b815810175,tierraPlana,0,"@22Gania22 @AmarnaMiller @SchrodingerGata @YouTubeMexico para saber cuál es la forma de la tierra, en cambio, sus experimentos y observaciones son hechos para intentar demostrar que la tierra es plana, el método científico no funciona así, los que sí trabajan de ese modo son las creencias dogmáticas, 2/2.",mx,0,0,0,0,0,1,0,0,0,[user] [user] [user] [user] para saber cuál es la forma de la tierra en cambio sus experimentos y observaciones son hechos para intentar demostrar que la tierra es plana el método científico no funciona así los que sí trabajan de ese modo son las creencias dogmáticas 2 2
e6bfacd651a5312b70e973eddcbfb6e6,tierraPlana,0,"@EvilAFM @jaimealtozano Deberia de sorprenderme que la gente trata de ver esto como un caso de practica extrema, en vez de talento nato, pero luego recuerdo que hay personas que creen que la tierra es plana y que no se vacuna y entiendo un poco.",mx,0,0,0,0,0,1,0,0,0,[user] [user] deberia de sorprenderme que la gente trata de ver esto como un caso de practica extrema en vez de talento nato pero luego recuerdo que hay personas que creen que la tierra es plana y que no se vacuna y entiendo un poco
05b8a36229f33807045a51eb48ce9af0,tierraPlana,0,Todo es risa y diversión contra los tierraplanistas hasta que le pides a alguien que te explique cómo sabemos desde hace tanto tiempo que la Tierra es redonda 😔,mx,0,0,0,1,0,0,0,0,0,todo es risa y diversión contra los tierraplanistas hasta que le pides a alguien que te explique cómo sabemos desde hace tanto tiempo que la tierra es redonda cara_desanimada
9c2d3ddf16239f7c021f4e790aa6aa76,tierraPlana,0,RT @capi_april: Y dicen que la tierra es plana.,mx,0,0,0,0,0,0,0,0,0,rt [user] y dicen que la tierra es plana
1fc94197740f8cac1b6c7b94d43285ea,tierraPlana,0,@kalippo lo único que veo es la tierra plana,mx,0,0,0,0,0,0,0,0,0,[user] lo único que veo es la tierra plana
31f67478dff56fe3ad17090815fcb207,tierraPlana,0,"@Pazthor Que es eso? Por Dios, todos sabemos que la tierra es plana",mx,0,1,0,0,0,0,0,0,0,[user] que es eso por dios todos sabemos que la tierra es plana
0f39ccb24527b0740b7c50a555fafeea,tierraPlana,0,#CarolinadelNorte: YouTube alimenta la teoría de conspiración: ?la Tierra es plana?.,mx,0,2,0,0,0,0,0,0,0,carolinadelnorte youtube alimenta la teoría de conspiración la tierra es plana
2e705a67f54cf028b3147a2ccafcef96,tierraPlana,0,"@LivVare @Dr_Palomares @Flat67823361 @sppozueco @miguelpenagomez No explicas bien, siempre dejas huecos sin rellenar. Dónde está Sigma Octantis en la tierra plana?",mx,0,1,0,0,0,2,0,0,0,[user] [user] [user] [user] [user] no explicas bien siempre dejas huecos sin rellenar dónde está sigma octantis en la tierra plana
e9c7b5b166176e7fdce8c7a28a63c9ba,tierraPlana,0,Lo mejor del documental de Netflix sobre los tierraplanistas ocurre en estos dos últimos y surrealistas minutos,mx,0,0,0,0,0,0,0,0,0,lo mejor del documental de netflix sobre los tierraplanistas ocurre en estos dos últimos y surrealistas minutos
fc1185ea41eeb6ae774605a57c03cc15,tierraPlana,0,@ilonqueen @jaimealtozano @CdeCiencia el terraplanismo  ❤ la tierra si es plana 😂😁,mx,0,0,0,3,0,0,0,0,0,[user] [user] [user] el terraplanismo corazón_rojo la tierra si es plana cara_llorando_de_risa cara_radiante_con_ojos_sonrientes
538c93e18c7f9ce295418101269fd703,tierraPlana,0,"RT @balkraix: @Quetzaluman @Pat_MercadoC Tambien hay gente que dice que la tierra es plana pero la evidencia cientifica dice lo contrario,…",mx,0,0,0,0,0,0,0,0,1,rt [user] [user] [user] tambien hay gente que dice que la tierra es plana pero la evidencia cientifica dice lo contrario
8980457acb8b0436173fd758b9097a8d,tierraPlana,0,"RT @MechiValle: Society, 30 years ago: En el futuro vamos a tener diplomáticos yendo a otros planetas, autos voladores, bibliotecas estalla…",mx,0,0,0,0,0,0,0,0,1,rt [user] society 30 years ago en el futuro vamos a tener diplomáticos yendo a otros planetas autos voladores bibliotecas estalla
1c8db13b23dfe402ca5ea8c78bff98c1,tierraPlana,0,"@ActualidadRT perdón?.. no puedo creer que aun haya personas que piensan eso... Si la tierra fuera plana, no había universo entonces?... vaya c!",mx,1,2,0,0,0,2,2,0,2,[user] perdón no puedo creer que aun haya personas que piensan eso si la tierra fuera plana no había universo entonces vaya c
f3c0f0ab4d5e8642a335b9208a116f70,tierraPlana,0,Tomen eso tereaplanistas.,mx,0,0,0,0,0,0,0,0,0,tomen eso tereaplanistas
0883f1647657ba4d50189d9c4aed9a01,tierraPlana,0,Investigadores culpan a YouTube de que la gente crea que la Tierra es plana,mx,0,0,0,0,0,0,0,0,0,investigadores culpan a youtube de que la gente crea que la tierra es plana
6d9359d313da81e41bbbef4d3ab2f181,tierraPlana,0,‘Terraplanistas’ hicieron un experimento… que les demostró que la Tierra no es plana - INVDES,mx,0,0,1,0,0,1,0,2,1,terraplanistas hicieron un experimento que les demostró que la tierra no es plana invdes
a196ca2efacff33bcf069b1e2aaaea53,tierraPlana,0,"¿Porqué cualquier mamada, creencia y/o régimen se tiene que poner taaaaaaan de moda de una manera inmamable? ¿La tierra plana? pinche cura del siglo XVII 🤦🏽‍♂️",mx,0,4,1,3,0,0,1,0,0,porqué cualquier mamada creencia y o régimen se tiene que poner taan de moda de una manera inmamable la tierra plana pinche cura del siglo xvii hombre_con_la_mano_en_la_frente_tono_de_piel_medio
d87289f0cb687febb4f44b6c3466391d,tierraPlana,0,@ChumelTorres Por estas cosas es por las que YouTube va dejar de recomendar videos de la tierra plana y de los Illuminati,mx,0,0,0,0,0,0,0,0,0,[user] por estas cosas es por las que youtube va dejar de recomendar videos de la tierra plana y de los illuminati
0fbf969c47eaef8ad87466c980f43ac8,tierraPlana,0,Estoy viendo “tan plana como un encefalograma” de Netflix y asegura que existen millones de personas que creen que la tierra es plana. La estadística diría que me leen muchos ! Manifiéstense y explíquenme ... Porque ???,mx,1,3,0,0,0,0,2,2,1,estoy viendo tan plana como un encefalograma de netflix y asegura que existen millones de personas que creen que la tierra es plana la estadística diría que me leen muchos manifiéstense y explíquenme porque
95ff0cc29492e71b64d4798f3e4d4f78,tierraPlana,0,"@PabloRodmont Te contrasto información,te pongo ejemplos.  Tienes, a mi ver, fanatismo ideológico; para ti Maduro es diabólico y perverso y de él y su gobierno es toda la culpa, pos oye..... hasta puedes creer que la tierra es plana, como dices 😓",mx,0,0,0,1,0,0,1,0,1,[user] te contrasto información te pongo ejemplos tienes a mi ver fanatismo ideológico para ti maduro es diabólico y perverso y de él y su gobierno es toda la culpa pos oye hasta puedes creer que la tierra es plana como dices cara_con_sudor_frío
bf7d3c1e66e60445137514971085d881,tierraPlana,0,La teoria que la tierra es plana es muy buena.,mx,0,0,0,0,0,0,0,0,0,la teoria que la tierra es plana es muy buena
cca4587e2f68e2d2d3433fd2dc168ed5,tierraPlana,0,Tierra Plana - Ep. 23 - El Podcast de Alex Fernández vía @YouTube.                   Lo mejor del martes siempre las canelitas 🤣🤣🤣🤣 @ALEXFDZ,mx,0,0,1,4,0,0,2,0,0,tierra plana ep 23 el podcast de alex fernández vía [user] lo mejor del martes siempre las canelitas cara_revolviéndose_de_la_risa cara_revolviéndose_de_la_risa cara_revolviéndose_de_la_risa cara_revolviéndose_de_la_risa [user]
9e86b0694b16e86f1c054a11dfff52b6,tierraPlana,0,@ChumelTorres Tan absurdo como pensar que exista gente que aún crea que la tierra es plana! #QueBrutoPongale5,mx,1,0,0,0,0,0,0,0,0,[user] tan absurdo como pensar que exista gente que aún crea que la tierra es plana quebrutopongale5
6ced70810915d6b4cceb13472d3114a9,tierraPlana,0,"@Onejeitermore @DalasReview @dalasexy Si muchas personas te aseguran que la tierra es plana no es raro que pienses que todos lo que lo aseguran son idiotas (realmente es probable que lo sean) y muchas cosas que le discuten son incluso peores a lo de la tierra plana, supiste lo del perro que tenía un gemelo malvado?",mx,0,1,0,0,0,1,0,0,0,[user] [user] [user] si muchas personas te aseguran que la tierra es plana no es raro que pienses que todos lo que lo aseguran son idiotas realmente es probable que lo sean y muchas cosas que le discuten son incluso peores a lo de la tierra plana supiste lo del perro que tenía un gemelo malvado
f0bde2ea5133ed0e188c5a6178f845b5,tierraPlana,0,"RT @TheWereDrunk: Hace 20 años ¿Para qué nos enseñan esto, no puedo usarlo en mi día a día?  No seré biólogo, no necesito saber estas cosas…",mx,0,2,0,0,0,3,0,0,1,rt [user] hace 20 años para qué nos enseñan esto no puedo usarlo en mi día a día no seré biólogo no necesito saber estas cosas
5df8581ddf2db3f78d43ea81a1627b38,tierraPlana,0,Unirme al grupo de la tierra plana es lo mejor que eh hecho en febrero,mx,0,0,0,0,0,0,0,0,0,unirme al grupo de la tierra plana es lo mejor que eh hecho en febrero
21e7c88d782138174bc78b1737a23490,tierraPlana,0,@Oliver_Youtube ¿Científicamente? ¿dónde están tus experimentos?¿Dónde están as fotos de la tierra plana y su cúpula?,mx,0,6,0,0,0,0,0,0,0,[user] científicamente dónde están tus experimentos dónde están as fotos de la tierra plana y su cúpula
9d50b4200323b02187fc520ec0646e33,tierraPlana,0,@LuucKingston @Adrian_DelCampo @LibPorcupine @ut_rancidum @DrsuzanneH La tierra no es plana y tú eres un psicópata.,mx,0,0,0,0,0,1,0,0,0,[user] [user] [user] [user] [user] la tierra no es plana y tú eres un psicópata
f474948d7205e5ceebcd8df938480d4d,tierraPlana,0,"@SoyDanielaBos De las personas que piensan que la tierra es plana, en la cuál cada vez más personas se suman a esa ideología errónea.",mx,0,0,0,0,0,0,0,0,0,[user] de las personas que piensan que la tierra es plana en la cuál cada vez más personas se suman a esa ideología errónea
6ec364c7b10863d694d92dee4f4278a5,tierraPlana,0,"Sin mentir, ¿creen que la tierra es plana?",mx,0,2,0,0,0,1,0,0,0,sin mentir creen que la tierra es plana
8ec5d25d48863f3e34f047918df6ccf7,tierraPlana,0,"@alex_riveiro @municolonbsas Llego a creer que se reúnen solo por diversión, que en realidad no creen que la tierra es plana, sino que el grupo solo es una parodia.",mx,0,0,0,0,0,2,0,0,0,[user] [user] llego a creer que se reúnen solo por diversión que en realidad no creen que la tierra es plana sino que el grupo solo es una parodia
8880f115b4570fe6c330fc42618ce03f,tierraPlana,0,@carogza28 We la tierra es plana k quieres,mx,0,0,0,0,0,0,0,0,0,[user] we la tierra es plana k quieres
fc006bd904f1f23e0c3b3cb5b40c8b7c,tierraPlana,0,"@adriano_dreamer Te juro que un chingo de gente no se sabe ni la del eclipse. Ah, pero qué tal los memes de la tierra plana.",mx,0,0,0,0,0,2,0,0,0,[user] te juro que un chingo de gente no se sabe ni la del eclipse ah pero qué tal los memes de la tierra plana
286dae4fb103b427cba1ce8c54520b3c,tierraPlana,0,La tierra plana esta siendo noticia en todo el mundo,mx,0,0,0,0,0,0,0,0,0,la tierra plana esta siendo noticia en todo el mundo
3ada9b1805910284927546b4dbe502e8,tierraPlana,0,"@Mussollinni Mira, si piensas qué hay gente que quiere debatir si la tierra es plana, si las vacunas sirven, si la generación de energía con carbón es pertinente, hacer refinerías es viable, entonces entendemos que -quiero debatir- es igual a -necesito que alguien escuche mis pendejadas-",mx,0,0,0,0,0,0,0,0,0,[user] mira si piensas qué hay gente que quiere debatir si la tierra es plana si las vacunas sirven si la generación de energía con carbón es pertinente hacer refinerías es viable entonces entendemos que quiero debatir es igual a necesito que alguien escuche mis pendejadas
74a988a57a7a3a718febe384a6477769,tierraPlana,0,"2,500 años de pruebas científicas no son evidencia suficiente para un número creciente de personas que se apoya en videos de YouTube para divulgar que el planeta es… plano",mx,0,0,0,0,0,1,0,0,1,2 500 años de pruebas científicas no son evidencia suficiente para un número creciente de personas que se apoya en videos de youtube para divulgar que el planeta es plano
d752c841d2c93e76936d5373c8e7fbe8,tierraPlana,0,Ya me convenció @taitus_ Me integraré a los #Tierraplanistas,mx,0,0,0,0,0,0,0,0,0,ya me convenció [user] me integraré a los tierraplanistas
42f8ed8a2831a78560a74c27c42f41d5,tierraPlana,0,RT @unocero: ¿Conoces a alguien que cree que la Tierra es plana?,mx,0,2,0,0,0,0,0,0,0,rt [user] conoces a alguien que cree que la tierra es plana
2d8ad8404dc682bcf52270f834bc962b,tierraPlana,0,@HistoriaEnFotos Es una tontería el argumento de los terraplanistas dicen que la Tierra es plana porque no hay imágenes de la Tierra redonda pero ellos igual no tienen imágenes ni pruebas que la Tierra es plana 😂 o igual su creencia del domo. 😂,mx,0,0,0,2,0,3,0,0,0,[user] es una tontería el argumento de los terraplanistas dicen que la tierra es plana porque no hay imágenes de la tierra redonda pero ellos igual no tienen imágenes ni pruebas que la tierra es plana cara_llorando_de_risa o igual su creencia del domo cara_llorando_de_risa
c96d6dbe6685256e20a9e28a81d52dc7,tierraPlana,0,No te pierdas | Investigadores culpan a YouTube por los creyentes de que la Tierra es plana,mx,0,0,0,0,0,1,0,0,0,no te pierdas investigadores culpan a youtube por los creyentes de que la tierra es plana
ad6852d31784ba6821fbf2644869f103,tierraPlana,0,@eduardoruizme @RobertoU16 @mariouribep Es la mafia del poderrr no lo entiendes.... qué poka intelingesia al tu no poder percibir que todo esto está relacionado con la tierra plana y los rockefeler. #wakeup #saitgest #meduelesmexico #yalitzaAparicio #FarrokhBulsara,mx,0,0,0,0,0,2,2,0,1,[user] [user] [user] es la mafia del poderr no lo entiendes qué poka intelingesia al tu no poder percibir que todo esto está relacionado con la tierra plana y los rockefeler wakeup saitgest meduelesmexico yalitzaaparicio farrokhbulsara
d90820096cc7e2813457a0745eb3ef96,tierraPlana,0,RT @taller2006: Ayer ví un programa que me llamó la atención llamado: 'La tierra es plana'. Ellos aseguran que así es que hemos vivido enga…,mx,0,0,0,0,0,0,0,2,1,rt [user] ayer ví un programa que me llamó la atención llamado la tierra es plana ellos aseguran que así es que hemos vivido enga
6fecd0ee272efa4fca8883de43a932cd,tierraPlana,0,"RT @haroldazuara: La conspiración de la NASA me tiene confundido, si la tierra fuera plana y la ciencia nos ha mentido todo el tiempo ¿Quie…",mx,0,1,1,0,0,0,0,0,1,rt [user] la conspiración de la nasa me tiene confundido si la tierra fuera plana y la ciencia nos ha mentido todo el tiempo quie
81b06dcdc6133b0812336ba437357850,tierraPlana,0,"Weyes que creen que la tierra es plana demuestran que la tierra es redonda, me maté de la risa",mx,0,0,0,0,0,0,0,0,0,weyes que creen que la tierra es plana demuestran que la tierra es redonda me maté de la risa
91f2bf897ce0791989c80033c99c33e2,tierraPlana,0,@alex_riveiro sería muy interesante que con cálculos matemáticos les dieras un golpe en el hocico a los creyentes de la tierra plana y mira qué hay demasiados descerebrados que así lo creen 🙄🙄🙄,mx,0,0,0,3,0,0,1,0,0,[user] sería muy interesante que con cálculos matemáticos les dieras un golpe en el hocico a los creyentes de la tierra plana y mira qué hay demasiados descerebrados que así lo creen cara_con_ojos_en_blanco cara_con_ojos_en_blanco cara_con_ojos_en_blanco
0409a9d69877dccc1964d4555dc9eecf,tierraPlana,0,@Ezequie73266034 @eldiariodedross La tierra es plana y está sobre una tortuga que flota que más hay que saber? :v,mx,0,1,0,0,0,0,0,0,0,[user] [user] la tierra es plana y está sobre una tortuga que flota que más hay que saber v
6c2d5c608a0c8118414784cc695c29b3,tierraPlana,0,@MauNieto Cómo qué anda mucho de moda ahorita eso de que la tierra es plana. Jajaja.,mx,0,0,0,0,0,0,0,0,0,[user] cómo qué anda mucho de moda ahorita eso de que la tierra es plana jajaja
6767008600b0d1eecbcb38504d510648,tierraPlana,0,¿Tiene un minuto para hablar de la tierra plana?,mx,0,2,0,0,0,0,0,0,0,tiene un minuto para hablar de la tierra plana
51f673adf685c5082b2906b6465518b7,tierraPlana,0,@JonyBeltran_ Wey la tierra es plana,mx,0,0,0,0,0,0,0,0,0,[user] wey la tierra es plana
ec8695d040e104f5ab655cdfa437702f,venezuela,1,"Jajajajaja todo lo que hace mal maduro es una conspiración, si el tipo en realidad es el mejor presidente de la historia jajajaja",mx,0,0,0,0,0,0,0,0,0,jajajajaja todo lo que hace mal maduro es una conspiración si el tipo en realidad es el mejor presidente de la historia jajajaja
517759ee6b785c2ae7a7b0efca2bea70,venezuela,1,😂😂 No que muchos huevos,mx,0,0,0,2,0,1,0,0,0,cara_llorando_de_risa cara_llorando_de_risa no que muchos huevos
d319c1233ee4e390e729179625246208,venezuela,1,Un muerto que habla.,mx,0,0,0,0,0,0,0,0,0,un muerto que habla
5a3cdeb865d9ccf6737047681be15bbb,venezuela,1,"Oh! Pos no que otro Vietnam,  que serán repelidos,  que misiles montados en motos,  etc.?",mx,1,1,0,0,0,1,0,0,0,oh pos no que otro vietnam que serán repelidos que misiles montados en motos etc
b1ac8c52be6f6f6b28c9ddeca42f1609,venezuela,1,Su presencia es el peligro.  Su ausencia la Solucion,mx,0,0,0,0,0,0,0,0,0,su presencia es el peligro su ausencia la solucion
92a092b057bf4f2db6b0dc3dc40e0e2d,venezuela,1,Demasiado tarde chato....,mx,0,0,0,0,0,0,1,0,1,demasiado tarde chato
ed0e8e65fb7f01e876e68f5063054a84,venezuela,1,"Normal, información falsa y de mierda para seres unineuronales. xD",mx,0,0,0,0,1,0,0,0,0,normal información falsa y de mierda para seres unineuronales xd
f0f46f67f2c56485d6abc8df096b3ccf,venezuela,1,"Eso es digno, no tomar postura ante un pueblo crucificado, o un pretexto para apoyar a un dictador socialista?",mx,0,1,0,0,0,1,0,0,0,eso es digno no tomar postura ante un pueblo crucificado o un pretexto para apoyar a un dictador socialista
edb9401a1d5f2985da8432a0bd7e061c,venezuela,1,"¿ y eso ?, ¿no que el apagaba el sol a pedos?, que el se trataba un leño prendido y que el ejército venezolano y no se cuantas madres más,,,,,,,como decía la India María,,""el miedo mo and en burro"". ¡¡ Que vayan todos los weyes de PODEMOS a defenderlo!!.",mx,4,4,1,0,0,2,1,2,0,y eso no que el apagaba el sol a pedos que el se trataba un leño prendido y que el ejército venezolano y no se cuantas madres más como decía la india maría el miedo mo and en burro que vayan todos los weyes de podemos a defenderlo
17576047ca62e5c9a0c725b3929589eb,venezuela,1,"Y este quien se cree para venir a exigir, que se regrese a su país a arreglar su desmadre.",mx,0,0,0,0,0,0,0,0,0,y este quien se cree para venir a exigir que se regrese a su país a arreglar su desmadre
ac2654d72577269135caa72227f92057,venezuela,1,Este Venezolano Cree Que Es Bueno Que Te Apoye El Pan 😂😂,mx,0,0,0,2,0,0,0,0,0,este venezolano cree que es bueno que te apoye el pan cara_llorando_de_risa cara_llorando_de_risa
782fc5e283185eb023358f66e77d45e0,venezuela,1,Pues agarre sus cosas y a Cuba!,mx,1,0,0,0,0,0,0,0,0,pues agarre sus cosas y a cuba
1806e277b4eecbbadf3fdaef7a64daab,venezuela,1,Y que dice el pájaro de Maduro y su viaje al futuro que no lo vio venir,mx,0,0,0,0,0,1,0,0,0,y que dice el pájaro de maduro y su viaje al futuro que no lo vio venir
e645471f7f66148d86a0130b8f28ebfd,venezuela,1,"Ese Maduro, no es mas idiota por que no se esfuerza.",mx,0,0,0,0,0,2,0,0,0,ese maduro no es mas idiota por que no se esfuerza
3dea43887de6ee491402f85459dac71d,venezuela,1,"Quizás ""encontró"" corrupción en esos camiones llenos de ayuda. :(",mx,0,0,0,0,0,0,0,2,0,quizás encontró corrupción en esos camiones llenos de ayuda
372f43427cf4d69db4651a8590e82c7a,venezuela,1,La 4ta. Transformación ya está en Venezuela.,mx,0,0,0,0,0,0,0,0,0,la 4ta transformación ya está en venezuela
b48221c85e4315f076df4a63f07118bb,venezuela,1,Ese sí se creyó lo de que si ganaba @lopezobrador_  México sería Venezuela del Norte.,mx,0,0,0,0,0,0,0,0,0,ese sí se creyó lo de que si ganaba [user] méxico sería venezuela del norte
ce25cc439a730b3e61d9a985b362b9e9,venezuela,1,"UN LIDER NO PIDE ...SOLO SE LE SIGUE ,,,ESTE HOMBRE TIENE DE LIDER LO QUE YO TENGO DE PELO ....NADA ..",mx,0,0,12,0,0,2,3,0,2,un lider no pide solo se le sigue este hombre tiene de lider lo que yo tengo de pelo nada
923dc84bf43e8b0c34f8b831e57f9ea7,venezuela,1,"Me parece bastante INMADURO la actitud de MADURO, al quemar los camiones con alimentos para los venezolanos",mx,0,0,2,0,0,0,0,0,0,me parece bastante inmaduro la actitud de maduro al quemar los camiones con alimentos para los venezolanos
518964523faafeb069ea85cd42938285,venezuela,1,Así yo como mexicano puedo tener la misma atención y audiencia de mis senadores?,mx,0,1,0,0,0,0,0,0,0,así yo como mexicano puedo tener la misma atención y audiencia de mis senadores
d66d39cf341a9f79f28be63489620df1,venezuela,0,Ya largate de Mexico,mx,0,0,0,0,0,0,0,0,0,ya largate de mexico
41484c617bbedd3bace1ae1adf3dbc84,venezuela,0,Ya siente pasos en la azotea... días contados a Maduro !!!,mx,3,0,0,0,0,0,2,0,1,ya siente pasos en la azotea días contados a maduro
55bbba595631f4189ba05431f9f5eaaa,venezuela,0,"¿Puede usted explicarnos cómo pudo la policía venezolana prender fuego a los camiones en territorio colombiano? ¿Nos va a contestar, o prefiere quedar como pendejo?",mx,0,4,0,0,0,0,0,0,0,puede usted explicarnos cómo pudo la policía venezolana prender fuego a los camiones en territorio colombiano nos va a contestar o prefiere quedar como pendejo
f7899a568b08470a1d22d562b82db9e3,venezuela,0,Qué mamada! No tienen vergüenza!,mx,2,0,0,0,0,1,0,0,0,qué mamada no tienen vergüenza
88fbd6ffcd25991228d331efbb02224f,venezuela,0,Por si existiera alguna duda de a que partido le vale madres la legalidad. Tanto que se desgarraron defendiendo el estado de derecho en las elecciones.,mx,0,0,0,0,0,0,0,0,0,por si existiera alguna duda de a que partido le vale madres la legalidad tanto que se desgarraron defendiendo el estado de derecho en las elecciones
b608653dc72fa23a958cdf1c0d1c6fa8,venezuela,0,Y @jguaido ? Ya dio algún comunicado al respecto.,mx,0,1,0,0,0,0,0,0,0,y [user] ya dio algún comunicado al respecto
51593f4b9364300c4d928e4aec6322dc,venezuela,0,"SI A LOS VENEZOLANOS NO LES GUSTA EL PROCEDER DENUESTRO PRESIDENTE MEXICANO MEXICANO PUES ABANDONEN EL PAIS VAYANSE A OTRO PAIS ES FACIL Y LLEVENSE A LOS PANISTAS, YO SE LOS HE DICHO A LOS VENEZOLANOS KE CONOZCO KE VAYAN HACER SU DESMADRITO A SU PAÍS",mx,0,0,28,0,0,1,0,0,0,si a los venezolanos no les gusta el proceder denuestro presidente mexicano mexicano pues abandonen el pais vayanse a otro pais es facil y llevense a los panistas yo se los he dicho a los venezolanos ke conozco ke vayan hacer su desmadrito a su país
f524e51b999951dff08e3d8269a0b100,venezuela,0,"Investiguen al personaje, se llevaran una buena historia",mx,0,0,0,0,0,0,0,0,0,investiguen al personaje se llevaran una buena historia
ee7c24f8f478e90e3242ea8cd896a540,venezuela,0,Chinge su putisima madres este pendejo,mx,0,0,0,0,0,0,0,0,0,chinge su putisima madres este pendejo
f63d6e3d7a637457dd67dfa5ba034503,venezuela,0,"ESE VENEZOLANO DEBE DAR GRACIAS KE SE LE DR ASILO AKI EN MEXICO Y NO ANDAR EXIGIENDO A UN PRESIDENTE QUE ES SU PRESIDENTE LO KE DEBE HACER, KE VAYA A SU PAIS Y KE AHI PELEE Y DE LA VIDA, A EXIGIR A SU PAIS CABRON, NO AKI A NUESTRO PAIS",mx,0,0,26,0,0,2,0,0,0,ese venezolano debe dar gracias ke se le dr asilo aki en mexico y no andar exigiendo a un presidente que es su presidente lo ke debe hacer ke vaya a su pais y ke ahi pelee y de la vida a exigir a su pais cabron no aki a nuestro pais
3269b8bc23f58688902fdfa68c8fce13,venezuela,0,"Que te quede claro que el presidente de México escuchará al pueblo de México, las exigencias las haces hacia tu presidente no aquí. México tiene sus propios problemas como para lidiar con los de Venezuela ¡no exijas! Un escándalo más auspiciado por @AccionNacional para enconar.",mx,2,0,0,0,0,2,0,0,0,que te quede claro que el presidente de méxico escuchará al pueblo de méxico las exigencias las haces hacia tu presidente no aquí méxico tiene sus propios problemas como para lidiar con los de venezuela no exijas un escándalo más auspiciado por [user] para enconar
d9b933ecd6f72e30335a6408e4dee306,venezuela,0,Deben de amonestar al PAN por este atropello a la independencia y constitución de nuestro pais,mx,0,0,1,0,0,0,0,0,0,deben de amonestar al pan por este atropello a la independencia y constitución de nuestro pais
957104e44fd509b30718ad41ce0a91a2,venezuela,0,Ese wey también está enfermo,mx,0,0,0,0,0,0,0,0,0,ese wey también está enfermo
1c071d360a3175f13f9bd8e7e17df883,venezuela,0,"Infórmate!!! O si ya estás en la frontera Colombia-Venezuela, sube los videos reales y mántenos al tanto, plsss no te cuides mucho entre el aboroto y hazle un favor a la patria 🙏",mx,3,0,0,1,0,1,2,0,0,infórmate o si ya estás en la frontera colombia venezuela sube los videos reales y mántenos al tanto plss no te cuides mucho entre el aboroto y hazle un favor a la patria manos_en_oración
382e1620d28e7eab5d0559459797a374,venezuela,0,Faltaba el chairo hijo de puta defendiendo lo indefendible.,mx,0,0,0,0,0,0,0,0,0,faltaba el chairo hijo de puta defendiendo lo indefendible
8d1cc72bbc9f5c9a85e5d7e9e20ce8bd,venezuela,0,ESE ES UN TERRORISTA COMO SENADORES PÓLITICOS CON AÑOS DE CARRERA SE PONEN A LOS PIES DE UN TERRORISTA DE REDES SOCIALES MUESTREN ESTE VIDEO,mx,0,0,17,0,0,0,0,0,0,ese es un terrorista como senadores póliticos con años de carrera se ponen a los pies de un terrorista de redes sociales muestren este video
240198c4727caf796ae11397a36d5ec2,venezuela,0,"YO ME PREGUNTO @lopezdoriga ¿ QUE HARIAS SI ALGUIEN QUIERE ENTRAR A FUERZAS EN TU CASA?= TE DEFIENDES, PERO LO QUE TU DEFIENDES Y INCITAS ES UNA AGRESION A LA SOBERANIA DE UN PAIS",mx,0,2,17,0,0,0,0,0,0,yo me pregunto [user] que harias si alguien quiere entrar a fuerzas en tu casa te defiendes pero lo que tu defiendes y incitas es una agresion a la soberania de un pais
9bdde04c6490290e64735e74d276da37,venezuela,0,"@eldiariodedross dandole fav a este pseudo periodista de 8va, escoria social . Me estas dando mucho asco.",mx,0,0,0,0,0,0,0,0,0,[user] dandole fav a este pseudo periodista de 8va escoria social me estas dando mucho asco
780fc55d9f39475f4cc6dd8c79d1c7e1,venezuela,0,"Idiota venezolano , tan mal estás enterado de la vida actual en Mexico que crees que lambisconear al #Panazi es bueno",mx,0,0,0,0,0,0,0,0,0,idiota venezolano tan mal estás enterado de la vida actual en mexico que crees que lambisconear al panazi es bueno
7a5b5b8c9e0e8c4cff5fdc2dab8f742a,venezuela,0,"Que poca madre, lo único Maduro que tiene es la mierd... Que tiene por cesos en la cabezota",mx,0,0,0,0,0,0,1,0,1,que poca madre lo único maduro que tiene es la mierd que tiene por cesos en la cabezota
f63b0650c5c556919c6bd43769cd5056,venezuela,0,"Y será imparcial también ver morir de hambre a niños, y a hombres y mujeres también por la falta de medicamentos? Al final el que sufre es el pueblo, he estado en Venezuela, tengo amigos entrañables ahí y sé lo que están viviendo.Una acción así es como lo dijeron ya ""inhumano"" 😭",mx,0,1,0,1,0,0,0,2,0,y será imparcial también ver morir de hambre a niños y a hombres y mujeres también por la falta de medicamentos al final el que sufre es el pueblo he estado en venezuela tengo amigos entrañables ahí y sé lo que están viviendo una acción así es como lo dijeron ya inhumano cara_llorando_fuerte
6d13851a6592fb20f40fc488f864e68c,venezuela,0,Que le vaya a pedir chichi a Trump,mx,0,0,0,0,0,0,0,0,0,que le vaya a pedir chichi a trump
a9f80256f0d67b3ae6af7d609d151396,venezuela,0,Todo está puesto para que como siempre los gabachos entren con la muerte detrás inventen cuanta madre y al final se apoderen del petróleo. Fin de la historia,mx,0,0,0,0,0,0,0,0,0,todo está puesto para que como siempre los gabachos entren con la muerte detrás inventen cuanta madre y al final se apoderen del petróleo fin de la historia
43604c1881ae2a9db7a825b5dc94a83c,venezuela,0,"A Obrador hay que colgarlo de los huevos!!!, pero a la de ya!!!!, debemos acabar con el ya!!!",mx,10,0,0,0,0,0,3,0,0,a obrador hay que colgarlo de los huevos pero a la de ya debemos acabar con el ya
b9ed412d0f73becd8432ab79cd9d0161,venezuela,0,@AccionNacional directo a perder su registro en las próximas elecciones.,mx,0,0,0,0,0,0,0,0,0,[user] directo a perder su registro en las próximas elecciones
d66ee843314b54921d91266de866885b,venezuela,0,"Viejo, no sea arguendero, informe no desinforme como suele.",mx,0,0,0,0,0,2,0,0,0,viejo no sea arguendero informe no desinforme como suele
66b314a2a5fbf3000305ef57da6d3020,venezuela,0,PINCHES PEDORROS ASI PEDIAN POR LOS HUACHICOLEROS TAMBIEN Y NO TARDAN EN PEDIR POR LOS SECUESTRADORES Y EL CRIMEN ORGANIZADO JUAR JUAR JUAR YO NO SE COMO NO VAMOS Y LOS SACAMOS YA DE LOS PELOS A LA CHINGADA A TODOS !,mx,1,0,26,0,0,3,0,0,0,pinches pedorros asi pedian por los huachicoleros tambien y no tardan en pedir por los secuestradores y el crimen organizado juar juar juar yo no se como no vamos y los sacamos ya de los pelos a la chingada a todos
4c01dba5d8a4d315751769e206b46557,venezuela,0,Vaya que se tiene que estar bien pinche loco para que @NicolasMaduro comenta estas estupideces.,mx,0,0,0,0,0,0,0,0,0,vaya que se tiene que estar bien pinche loco para que [user] comenta estas estupideces
abc1dab9b09c72b718e30fc12dadbcc8,venezuela,0,El negarse a perder el poder este dictador no tiene madre,mx,0,0,0,0,0,1,0,0,0,el negarse a perder el poder este dictador no tiene madre
1967bf1cfaf80bfaaf473601b10e984a,venezuela,0,Jajaja y tu nieve de que sabor,mx,0,0,0,0,0,0,0,0,0,jajaja y tu nieve de que sabor
5b7576fedb3c1cb06068c4fb47c9a1f1,venezuela,0,Fake! No fue la policía de Maduro! Se quemaron del lado Colombiano!,mx,3,0,0,0,0,1,0,0,0,fake no fue la policía de maduro se quemaron del lado colombiano
14fc463b46f854c40ff3a9af6172a526,venezuela,0,"Los chairos muy enojados porque un activista venezolano esta pidiendo apoyo a los senadores, la ignorancia no tiene limites entre los fanáticos, están bien tontos. Sigo en lo dicho, la más grande habilidad de AMLO es la de encantar burros nivel Dios. . . Chairos a sus maroma !!",mx,2,0,1,0,0,1,0,0,0,los chairos muy enojados porque un activista venezolano esta pidiendo apoyo a los senadores la ignorancia no tiene limites entre los fanáticos están bien tontos sigo en lo dicho la más grande habilidad de amlo es la de encantar burros nivel dios chairos a sus maroma
330a98965242c8b1d6462d8f0d13bd32,venezuela,0,Debe de actuar el mundo entero. Ese hombre está loco,mx,0,0,0,0,0,0,0,0,0,debe de actuar el mundo entero ese hombre está loco
69ddee5bdc9f699c858aeed43f6cbf8a,venezuela,0,"Lo único que van a lograr, es que terminen apoyando a Maduro,  ese pobre Venezolano no tiene idea de lo que representa el PAN.",mx,0,0,1,0,0,1,0,0,0,lo único que van a lograr es que terminen apoyando a maduro ese pobre venezolano no tiene idea de lo que representa el pan
f9e390691e40fafbebeddfb623070203,venezuela,0,Esto no es terrorismo? @rompevidrios,mx,0,1,0,0,0,1,0,0,0,esto no es terrorismo [user]
2bca908921bc9e98964463a4e20926f8,venezuela,0,Que se vayan ellos apoyar allá. Y dejen aquí de molestar los pianistas. Sería bueno que de esa forma ayudarán a Venezuela y de paso a México. Larguense panistas,mx,0,0,0,0,0,0,0,0,0,que se vayan ellos apoyar allá y dejen aquí de molestar los pianistas sería bueno que de esa forma ayudarán a venezuela y de paso a méxico larguense panistas
cdaf025f8fdf239263b0613ab8323324,venezuela,0,"ah! chinga y a esos del @AccionNacional porque toman el senado para escuchar a mendigos alborotadores? por que no mejor buscan como solucionar los pedos de la corrupcion, del huachicol, del; narco? te quieren ver la cara de pendejo! a chingar a su madre los venezolanos en mexico",mx,2,2,0,0,0,1,0,0,0,ah chinga y a esos del [user] porque toman el senado para escuchar a mendigos alborotadores por que no mejor buscan como solucionar los pedos de la corrupcion del huachicol del narco te quieren ver la cara de pendejo a chingar a su madre los venezolanos en mexico
7af01eb4fe19707553cf2a53a94009ca,venezuela,0,"Al dictador sólo le importa mantenerse en el poder a cualquier precio sin importar la vida de los venezolanos. Siempre terminan así, atrincheradas, las dictaduras comunistas. Nicolás Maduro, Diosdado Cabello y demás sátrapas deberán pagar por sus crímenes.",mx,0,0,0,0,0,1,0,0,0,al dictador sólo le importa mantenerse en el poder a cualquier precio sin importar la vida de los venezolanos siempre terminan así atrincheradas las dictaduras comunistas nicolás maduro diosdado cabello y demás sátrapas deberán pagar por sus crímenes
77c42b4160231594b91c1497d23ba67d,venezuela,0,"Que asco de fanaticos arrastrados son ustedes, morenacos bineuronales! Ahora si, muy exigentes en cuanto a respetar la ley y su maldito presi-ganso cansado a capricho que se le ocurre ¡se la pasa por el arco del triunfo! #DobleMoral",mx,3,0,0,0,0,0,0,0,0,que asco de fanaticos arrastrados son ustedes morenacos bineuronales ahora si muy exigentes en cuanto a respetar la ley y su maldito presi ganso cansado a capricho que se le ocurre se la pasa por el arco del triunfo doblemoral
5e2f5b5386c08334cb9cf4e9b8091401,venezuela,0,"Que dirán ahora @lopezobrador_ @Dolores_PL @fernandeznorone y todos los morenistas, q van a decir q venían caducas q es prensa fifi, se metieron con la ayuda humanitaria, medicinas y comida. Q triste ser el único país ""democrático"" q apoya a @NicolasMaduro #FueraMaduroDictador",mx,0,0,0,0,0,0,0,2,0,que dirán ahora [user] [user] [user] y todos los morenistas q van a decir q venían caducas q es prensa fifi se metieron con la ayuda humanitaria medicinas y comida q triste ser el único país democrático q apoya a [user] fueramadurodictador
9295c74173e45c41baa922994ab4ea0e,venezuela,0,"Gracias ticher...que un presstituto de categoría como tú lo diga, solo confirma que es una mentira absoluta.  Nunca dejes de ser la mierda corrupta que eres.",mx,0,0,0,0,0,1,1,0,1,gracias ticher que un presstituto de categoría como tú lo diga solo confirma que es una mentira absoluta nunca dejes de ser la mierda corrupta que eres
aa00197988730efa939e88fd4612ef17,venezuela,0,SIGUES SIENDO GRANDE FIDEL CASTRO. ESTOS GUSANOS VENEZOLANOS NO TIENEN LOS TAMANOS QUE TU TENIAS PARA DEFENDER A SU PAIS,mx,0,0,16,0,0,1,0,0,0,sigues siendo grande fidel castro estos gusanos venezolanos no tienen los tamanos que tu tenias para defender a su pais
df0a41c912013d5c337a15cae58a42d8,venezuela,0,"Vas a sentir el rigor que sintió en aquel entonces Noriega de Panamá, ahí se los dejo de tarea y nadie meterá las manos!!",mx,2,0,0,0,0,1,0,0,0,vas a sentir el rigor que sintió en aquel entonces noriega de panamá ahí se los dejo de tarea y nadie meterá las manos
efa35cb6b18827e295fbd307406b453f,venezuela,0,Es un hijo de puta,mx,0,0,0,0,0,0,0,0,0,es un hijo de puta
6cf5614ab1c4d8bcfceb0db3b109a161,venezuela,0,Pero los quemaron en territorio Colombiano ¿como es posible que la policia de maduro cruzó la frontera para quemar los camiones?,mx,0,2,0,0,0,0,0,0,0,pero los quemaron en territorio colombiano como es posible que la policia de maduro cruzó la frontera para quemar los camiones
d02ae712f1ec563cbfba649bcd93734c,venezuela,0,Este señor no tiene que venir a pedir nada. Y no es porque seamos insensibles; no dudo que en breve lo veamos pidiendo a Trump que invada su país. México tiene sus propios problemas... como lidiar con el PAN. 🙄,mx,0,0,1,1,0,4,1,0,1,este señor no tiene que venir a pedir nada y no es porque seamos insensibles no dudo que en breve lo veamos pidiendo a trump que invada su país méxico tiene sus propios problemas como lidiar con el pan cara_con_ojos_en_blanco
bee2498e371472c0ccf9c7b50423631d,venezuela,0,"Y si ves la transmisión en vivo en lugar del twitter, checas, analizas y nos das tu sentencia 😜",mx,0,0,0,1,0,0,0,0,0,y si ves la transmisión en vivo en lugar del twitter checas analizas y nos das tu sentencia cara_sacando_la_lengua_y_guiñando_un_ojo
c487820cfd6ae9b1dd73cb6a73587a72,venezuela,0,"Si seguramente, tu estabas reporteando, pareces estúpido, el camión fue quemado en el lado colombiano,  ?  la policia venezolana entró en territorio colombiano?  y le prendió fuego?, en Twitter hay muchos borregos, te creía listo.",mx,0,3,0,0,0,0,0,0,0,si seguramente tu estabas reporteando pareces estúpido el camión fue quemado en el lado colombiano la policia venezolana entró en territorio colombiano y le prendió fuego en twitter hay muchos borregos te creía listo
61b9a5de1b2d6cf91b80f50dd6311924,venezuela,0,"Ven que la perra es brava, y le patean el portón!!",mx,2,0,0,0,0,0,0,0,0,ven que la perra es brava y le patean el portón
1d1ccf026b6fa214df533ace557d7156,venezuela,0,"Cómo Venezuela?? Y por qué no como China, Sudáfrica, La india,Rusia países emergentes. O como los países escandinavos que también son socialista?? No me quieras vender la propaganda barata del tema Venezuela, eleva tú nivel de debate por favor.",mx,0,4,0,0,0,2,0,0,0,cómo venezuela y por qué no como china sudáfrica la india rusia países emergentes o como los países escandinavos que también son socialista no me quieras vender la propaganda barata del tema venezuela eleva tú nivel de debate por favor
886eb9a5bc98ab4b4bb87c7b1fbd6447,venezuela,0,"Y siguen con lo mismo. Que parte de que México no intervendrá en la situación política de otros países no se entendió. El chiste es intentar meter en la cabeza del pueblo mexicano que se debe intervenir, sin embargo, estos senadores no han tomado en cuenta que nadie los escucha.",mx,0,0,0,0,0,5,0,0,0,y siguen con lo mismo que parte de que méxico no intervendrá en la situación política de otros países no se entendió el chiste es intentar meter en la cabeza del pueblo mexicano que se debe intervenir sin embargo estos senadores no han tomado en cuenta que nadie los escucha
a9830497bbda4c60adcf841d8f6bf79e,venezuela,0,Mejor habiente una bomba al pais,mx,0,0,0,0,0,0,0,0,0,mejor habiente una bomba al pais
7866b99c7917a9aa93222330fc6b1dc9,venezuela,0,"Según Patricia Poleo, Lorent es un infiltrado del régimen de Maduro. Ojalá todos los infiltrados se comportaran de esa manera.",mx,0,0,0,0,0,0,0,0,0,según patricia poleo lorent es un infiltrado del régimen de maduro ojalá todos los infiltrados se comportaran de esa manera
ebd7780392d278c4bba43b60506eac79,venezuela,0,"Sabes que esa ""ayuda humanitaria"" va en contra de lo acordado por la ONU, OMS, ACNUR, UNICEF y demás? La ayuda humanitaria debe ser imparcial y por eso estos organismos lo han criticado, pero aún así tanto a Colombia y a EEUU les da igual eso. Y a vosotros también",mx,0,1,5,0,0,0,0,2,0,sabes que esa ayuda humanitaria va en contra de lo acordado por la onu oms acnur unicef y demás la ayuda humanitaria debe ser imparcial y por eso estos organismos lo han criticado pero aún así tanto a colombia y a eeuu les da igual eso y a vosotros también
e7704b8965220dbeb363fc88352945e3,venezuela,0,¿Lider venezolano?... #ElReformaTodoLoDeforma @LORENT_SALEH es un terrorista,mx,0,2,0,0,0,0,1,0,1,lider venezolano elreformatodolodeforma [user] es un terrorista
37f51a665f91ea91502ea27a2e7876dc,venezuela,0,#23Feb Solo unos CRIMINALES pueden quemar medicinas y alimentos para venezolanos desnutridos por culpa de un régimen INDOLENTE. ¡SON UNOS DELINCUENTES! #23AvalanchaHumanitaria,mx,2,0,5,0,0,0,0,0,0,23feb solo unos criminales pueden quemar medicinas y alimentos para venezolanos desnutridos por culpa de un régimen indolente son unos delincuentes 23avalanchahumanitaria
e045a70c5ebf176205a2dfc1ada2666c,venezuela,0,"Hay que sacar a la fuerza a Maduro,como la rata que es.",mx,0,0,0,0,0,0,0,0,0,hay que sacar a la fuerza a maduro como la rata que es
600ca23b90aef5115021ddfe964eeb77,venezuela,0,Asco de panistas y plañidero extranjero.,mx,0,0,0,0,0,0,0,0,0,asco de panistas y plañidero extranjero
c1e9295db8da6e37576d656c9b76adbf,venezuela,0,El y el ejercito que esta contra venezolanos,mx,0,0,0,0,0,0,0,0,0,el y el ejercito que esta contra venezolanos
b7d779f6534441ff63ff601886a1fbaf,venezuela,0,Tiene los mismos asesores publicitarios que el peje,mx,0,0,0,0,0,0,0,0,0,tiene los mismos asesores publicitarios que el peje
7ee45b53dcc79d06f294a5bef0aa2b39,venezuela,0,Jajajaja! Aquí no queremos venezolanos,mx,1,0,0,0,0,1,0,0,0,jajajaja aquí no queremos venezolanos
1f7ace66773d9c27ed9ce19cbc9b2226,venezuela,0,AMLO ve para que hagas lo mismo al rato... solo aprendes malas mañas,mx,0,0,1,0,0,0,1,0,1,amlo ve para que hagas lo mismo al rato solo aprendes malas mañas
30609aba088f24557c683c5e52a539a4,venezuela,0,Venezuela libre fuera maduro,mx,0,0,0,0,0,0,0,0,0,venezuela libre fuera maduro
b1bc9934ed99725495bbe3056b0aa161,venezuela,0,"Hay que lidiar con la basura prianista, periodicos mercenarios, corrupcion, pobreza, delincuencia organizada, y un largo etc. Antes de permitir que vengan extrajeros a dictar la politica exterior del pais bajo el cobijo de la oposicion que aun no se entera que mexico desperto.",mx,0,0,0,0,0,1,0,0,0,hay que lidiar con la basura prianista periodicos mercenarios corrupcion pobreza delincuencia organizada y un largo etc antes de permitir que vengan extrajeros a dictar la politica exterior del pais bajo el cobijo de la oposicion que aun no se entera que mexico desperto
d6e133184b56990dd4e01e93f6e4fd4a,venezuela,0,Esos Panazis van directo a su extinción,mx,0,0,0,0,0,0,0,0,0,esos panazis van directo a su extinción
bed7512d880cbba7014c003de443c7ed,venezuela,0,Seguro habrá quién le aplauda en sus conferencias y quiera fotos con el. No se porqué se me hace conocido ese patrón de actitudes.,mx,0,0,0,0,0,1,0,0,0,seguro habrá quién le aplauda en sus conferencias y quiera fotos con el no se porqué se me hace conocido ese patrón de actitudes
2e0fd907b6d3be42c194f7d55bd71578,venezuela,0,@LOREN_SALETH No entiende que el pueblo de México esta a favor de la no intervenvcion en los asuntos internos de las naciones. El respeto al derecho ajeno es la paz. Suficiente tenemos como para meternos en más problemas. EU solo quiere su petróleo no les va apoyar de a gratis!!,mx,2,0,0,0,0,3,0,0,0,[user] no entiende que el pueblo de méxico esta a favor de la no intervenvcion en los asuntos internos de las naciones el respeto al derecho ajeno es la paz suficiente tenemos como para meternos en más problemas eu solo quiere su petróleo no les va apoyar de a gratis
7fb50bbf3cfee47e45038aed968362af,venezuela,0,PRIANISTAS. Creadores de las bandas criminales en Mexico. Causantes de miles de muertos. Les preocupa más Venezuela!,mx,1,0,1,0,0,0,0,0,0,prianistas creadores de las bandas criminales en mexico causantes de miles de muertos les preocupa más venezuela
39623f68864f2ce436d8ae33a06d7fca,venezuela,0,"Fuerzas especiales deben abatirlo, está firmando su muerte.",mx,0,0,0,0,0,0,0,0,0,fuerzas especiales deben abatirlo está firmando su muerte
9b216083e9ab5417cff30ab830ad2573,venezuela,0,"Que el @INEMexico le debería de quitar el registro al @AccionNacional por violar la constitución... Digo, si le importa 😌",mx,0,0,0,1,0,0,1,0,1,que el [user] le debería de quitar el registro al [user] por violar la constitución digo si le importa cara_de_alivio
4702c59754ba2d6c877f584a7831fe33,venezuela,0,Y cómo se quema un camión así con bombas lacrimógenas? 🤔 vaya que tu ignorancia nubla tu labor de periodista.,mx,0,1,0,1,0,0,0,0,0,y cómo se quema un camión así con bombas lacrimógenas cara_pensativa vaya que tu ignorancia nubla tu labor de periodista
4643c8f45196dd7fd30de16b0d19e5ae,venezuela,0,Vaya vaya piden el apoyo a un golpe de estado. Pero no me sorprende andaban con camisas de killary,mx,0,0,0,0,0,1,0,0,0,vaya vaya piden el apoyo a un golpe de estado pero no me sorprende andaban con camisas de killary
a8281795064bd04192abead9b065e1ed,venezuela,0,Que se larguen los de morena y sus chairos huevones,mx,0,0,0,0,0,0,0,0,0,que se larguen los de morena y sus chairos huevones
698c82b327ca8e72b0706b8948add233,venezuela,0,"No mientas maldito! Como siempre ya se desmintió y se demostró que fue una auto provocació, afortunadamente la gente nos informamos de fuentes serias no de ti",mx,1,0,0,0,0,2,0,0,0,no mientas maldito como siempre ya se desmintió y se demostró que fue una auto provocació afortunadamente la gente nos informamos de fuentes serias no de ti
bb5ba65e4f85cabb96234a89cfb4c7bb,venezuela,0,"Ajá. Y seguro es por que el gobierno no quieren que vivan bien sus ciudadanos. De eso, nada tiene que ver el bloqueo económico que les ha impuesto EEUU y otros países para y luego manda ""ayuda humanitaria"" para hacer creer que son los buenos de la película.",mx,0,0,1,0,0,2,0,2,0,ajá y seguro es por que el gobierno no quieren que vivan bien sus ciudadanos de eso nada tiene que ver el bloqueo económico que les ha impuesto eeuu y otros países para y luego manda ayuda humanitaria para hacer creer que son los buenos de la película
7aba0ec2510ae847e00d764b9e3d732a,venezuela,0,"Ya me imagino sus caras en unos añoa cuando salga a la luz claramente sus intenciones de desetabilizar a su pais de los panistas diciendo, yo solo lo acompañe pero no es mi amigo, ni lo conozco jajaja siempre les pasa",mx,0,0,0,0,0,2,0,0,0,ya me imagino sus caras en unos añoa cuando salga a la luz claramente sus intenciones de desetabilizar a su pais de los panistas diciendo yo solo lo acompañe pero no es mi amigo ni lo conozco jajaja siempre les pasa
f5968c67be9cd9b15ce5ae066027a2d4,venezuela,0,"¿Sabías que esa misma estirpe conservadora que entregó nuestro territorio y hoy nuestras riquezas naturales, fue la misma que trajo la intervención francesa para que nos gobernara? Ten tantita madre y no vengas a insultarnos con tu hipocresía, hijo de tu chingada madre. ¡Púdrete!",mx,2,2,0,0,0,1,0,0,0,sabías que esa misma estirpe conservadora que entregó nuestro territorio y hoy nuestras riquezas naturales fue la misma que trajo la intervención francesa para que nos gobernara ten tantita madre y no vengas a insultarnos con tu hipocresía hijo de tu chingada madre púdrete
00c93a0d720bed76fb53114de670d380,venezuela,0,Y que chingados tenía que hacer un extranjero en el Senado? A mí y a mil millones de chinos nos valen madres sus reniegos,mx,0,1,0,0,0,0,0,0,0,y que chingados tenía que hacer un extranjero en el senado a mí y a mil millones de chinos nos valen madres sus reniegos
ffc2ad18009e23621fbb472b14526052,venezuela,0,"Esa es la doble moral de las dictaduras izquierdistas, cometen delito impunemente y después todo sus organismos propagandisticos empiezan a mentir y manipular los hechos. No hay lugar a esto crímenes de lesa humanidad, no se puede ser insensible quemando ka ayuda humanitaria",mx,0,0,0,0,0,2,0,0,0,esa es la doble moral de las dictaduras izquierdistas cometen delito impunemente y después todo sus organismos propagandisticos empiezan a mentir y manipular los hechos no hay lugar a esto crímenes de lesa humanidad no se puede ser insensible quemando ka ayuda humanitaria
ed0ecbe77f12003977d0246750cc1e10,venezuela,0,"En Venezuela lo que quieren es el PETRÓLEO, no les importa la gente que no entiendes, por que no van a HAITÍ HAY SI NECESITAN AYUDA PERO COMO NO HAY PETRÓLEO NADIE LOS AYUDA!!!!!",mx,5,0,12,0,0,5,1,0,0,en venezuela lo que quieren es el petróleo no les importa la gente que no entiendes por que no van a haití hay si necesitan ayuda pero como no hay petróleo nadie los ayuda
08c044e7efc250065a44edfc8bf17045,venezuela,0,Y opinó o dijo algo que se tome como intromisión?,mx,0,1,0,0,0,0,0,0,0,y opinó o dijo algo que se tome como intromisión
0dd48f28421410b747fab9511f5582d8,venezuela,0,"O si quieres te mando un comunicado y te juro que estoy al frente de la batalla, es importante checar varias fuentes",mx,0,0,0,0,0,0,0,0,0,o si quieres te mando un comunicado y te juro que estoy al frente de la batalla es importante checar varias fuentes
5e66af4c2d220214b402b06720e07f34,venezuela,0,"El PAN, más interesado en Venezuela que en México.",mx,0,0,1,0,0,0,0,0,0,el pan más interesado en venezuela que en méxico
0bd6efea1f02a93f7a6072fa2597753b,venezuela,0,"Primero habría que ver de qué lado están los camiones incendiados... después tratar de averiguar quién les prendió fuego, y finalmente, ¿de cuándo acá un tercer gobierno (Colombia) puede forzar a otro (Venezuela) a dejar ingresar algo a su frontera?",mx,0,2,0,0,0,0,1,0,1,primero habría que ver de qué lado están los camiones incendiados después tratar de averiguar quién les prendió fuego y finalmente de cuándo acá un tercer gobierno colombia puede forzar a otro venezuela a dejar ingresar algo a su frontera
7cb7ff1c6fd761f2fae623a4cb83495a,venezuela,0,"Que desgracia, estamos totalmente invadidos, con las tácticas del régimen cubano más infames, se pone en manifiesto la crueldad. Seguiremos adelante. presidente Guaidó",mx,0,0,0,0,0,0,0,0,0,que desgracia estamos totalmente invadidos con las tácticas del régimen cubano más infames se pone en manifiesto la crueldad seguiremos adelante presidente guaidó
edfcaf8e16af26aeb836d653ecd9bd22,venezuela,0,"Hazme el favor, a lo que se ha llegado",mx,0,0,0,0,0,0,0,0,0,hazme el favor a lo que se ha llegado
78c31f356368c8295a210f1b6d07bfec,venezuela,0,El gobierno mexicano no tiene porque condenar o apoyar a un gobierno extranjero..no es facultad del Estado mexicano,mx,0,0,0,0,0,2,0,0,0,el gobierno mexicano no tiene porque condenar o apoyar a un gobierno extranjero no es facultad del estado mexicano
bf5e5b8903e5187cd6016d0b549c3a05,venezuela,0,"@Reforma , te falto decir que el mismo se autoproclama terrorista.",mx,0,0,0,0,0,0,0,0,0,[user] te falto decir que el mismo se autoproclama terrorista
a5efb06216f79000b252760ca8f829ee,venezuela,0,"Usted fué el que dijo que en su vida ha visto un mercado así, esos son 18 años. Cuantos años tiene Maduro en el poder? 😒",mx,0,1,0,1,0,0,0,0,0,usted fué el que dijo que en su vida ha visto un mercado así esos son 18 años cuantos años tiene maduro en el poder cara_de_desaprobación
91d69a9def77da89eb2ce9fcfd6c24ab,venezuela,0,"Chayotero centavero mejor que quiten sanciones y se acaba el problema de desabasto de alimentos y medicinas, por unos pesos no fomentes un baño de sangre, como Irak, Libia Siria.",mx,0,0,0,0,0,1,0,0,0,chayotero centavero mejor que quiten sanciones y se acaba el problema de desabasto de alimentos y medicinas por unos pesos no fomentes un baño de sangre como irak libia siria
60165a6377297229a0eeed059c3fb2aa,venezuela,0,DE TI DEPENDE HIENA @NicolasMaduro QUE VENEZUELA NO SE CONVIERTA EN OTRO VIETNAM ENTIENDE LA GENTE DE VENEZUELA TE QUIERE FUERA RENUNCIA ASQUEROSO ASESINO,mx,0,0,15,0,0,1,0,0,0,de ti depende hiena [user] que venezuela no se convierta en otro vietnam entiende la gente de venezuela te quiere fuera renuncia asqueroso asesino
5aab513636591fc805b8e36b3a689b50,venezuela,0,Qué le den cran es la única forma MUERTO EL PERRO SE ACABO LA RABIA,mx,0,0,4,0,0,0,0,0,0,qué le den cran es la única forma muerto el perro se acabo la rabia
62188f92f80ef25564f2f37091aaf315,venezuela,0,"Infeliz que tragedia, maduro debe irse ya y sus militares deben ser colgados, terrible bloquear ayuda humanitaria",mx,0,0,0,0,0,0,0,0,0,infeliz que tragedia maduro debe irse ya y sus militares deben ser colgados terrible bloquear ayuda humanitaria
c841dd172710d92da0d06fc6e4101a33,venezuela,0,Y su nieve de que la quieren????,mx,0,4,0,0,0,0,1,0,0,y su nieve de que la quieren
a2cc4eb385d4ae48d8a9e297bf3212c3,venezuela,0,"Lo peor d todo es q el PAN está utilizando el tema de Venezuela únicamente para intereses propios. Les urge construirse una imagen d ""justicieros"" haciendo a un lado la constitución mexicana y nuestra política de no intervención. @AlfredoJalifeR_ @tatclouthier @DrLorenzoMeyer",mx,0,0,1,0,0,1,0,2,0,lo peor d todo es q el pan está utilizando el tema de venezuela únicamente para intereses propios les urge construirse una imagen d justicieros haciendo a un lado la constitución mexicana y nuestra política de no intervención [user] [user] [user]
5a94b296495ee136e6a6671f0e816198,venezuela,0,"Éstos cretinos senadores del PAN, les importa un bledo violar el artículo 33 de la ley reglamentaria, con tal de llamar la atención, están jodidos!",mx,1,0,1,0,0,0,0,0,0,éstos cretinos senadores del pan les importa un bledo violar el artículo 33 de la ley reglamentaria con tal de llamar la atención están jodidos
4c7039679f67be2678eb3043df083add,venezuela,0,"Pues donde vives hijo..  Digo yo tengo 3 amistades que viven allá y el desbasto me dicen que es mental! Que está caro por su amiguito trump, pero desabasto no hay.",mx,1,0,0,0,0,1,0,0,0,pues donde vives hijo digo yo tengo 3 amistades que viven allá y el desbasto me dicen que es mental que está caro por su amiguito trump pero desabasto no hay
5f51bdd3fbcbd8c674ac5e77f86e5b92,venezuela,0,A él le gusta la inywrvencion Cubana desde hace tiempo.,mx,0,0,0,0,0,0,0,0,0,a él le gusta la inywrvencion cubana desde hace tiempo
a1b2a59bc79b319193c4f6244f19c5dc,venezuela,0,"Arropado por los que se robaron la presidencia en el 2006, los que endeudaron al país, y los que bañaron de sangre a México. De ahí el rechazo. #FueraDeMexicoLorentSaleh",mx,0,0,0,0,0,0,0,0,0,arropado por los que se robaron la presidencia en el 2006 los que endeudaron al país y los que bañaron de sangre a méxico de ahí el rechazo fuerademexicolorentsaleh
ea4fc2ecdb9883c46f0e4efbc03ddf84,venezuela,0,"Bien hecho por el presidente @NicolasMaduro, porque si los mercenarios llegan en forma de ""ayuda humanitaria"", entonces entran y si entran, entonces ganan. Que EEUU regrese los 30 mil mdd que le birló al gobierno de Venezuela.",mx,0,0,1,0,0,0,0,2,0,bien hecho por el presidente [user] porque si los mercenarios llegan en forma de ayuda humanitaria entonces entran y si entran entonces ganan que eeuu regrese los 30 mil mdd que le birló al gobierno de venezuela
ccdca6d88e3da91c924266a61577b58b,venezuela,0,"Vaya se a la goma, malditos traidores. Y el otro que parece que no viene a pedir, parece que viene a exigir, pues qué pedo? En que mundo estamos? Creen que seguimos en prianrdilleralandia?",mx,0,3,0,0,0,1,0,0,0,vaya se a la goma malditos traidores y el otro que parece que no viene a pedir parece que viene a exigir pues qué pedo en que mundo estamos creen que seguimos en prianrdilleralandia
d5cba61b29f16ccc77db52c5945d3b42,venezuela,0,"¿Líder venezolano? Escuché en una entrevista que está en la política desde 2017, 2 años y ya es líder venezolano?",mx,0,3,0,0,0,0,0,0,0,líder venezolano escuché en una entrevista que está en la política desde 2017 2 años y ya es líder venezolano
17943d8642071656235fdb18cd876735,venezuela,0,"EL QUE SE METE EN COSAS DE HOMBRES . QUE SE FAJE COMO HOMBRE ,,,",mx,0,0,8,0,0,0,1,0,0,el que se mete en cosas de hombres que se faje como hombre
dfe8c5e794d210a23a444c1b543006f7,venezuela,0,"Llegó al senado a ""intervenir y hacer injerencia"" (sic) en los asuntos de un país soberano. Es decir, vino a cometer un delito, así lo expresó literalmente, y los panistas le abrieron la puerta del Senado.",mx,0,0,0,0,0,0,0,2,0,llegó al senado a intervenir y hacer injerencia sic en los asuntos de un país soberano es decir vino a cometer un delito así lo expresó literalmente y los panistas le abrieron la puerta del senado
f86ef4a1d68b5d8725b2768966a94cd7,venezuela,0,Que poca tienen los panistas si fuera por ellos propondrán a fox o a Calderón para ir a gobernar Venezuela,mx,0,0,0,0,0,0,0,0,0,que poca tienen los panistas si fuera por ellos propondrán a fox o a calderón para ir a gobernar venezuela
8ce15af95a8211c5bd2244a978dbc90e,venezuela,0,Si que lo avalen y de paso les damos PEMEX a los gringos que tanto defienden los DDHH.,mx,0,0,2,0,0,0,0,0,0,si que lo avalen y de paso les damos pemex a los gringos que tanto defienden los ddhh
43582b3cb4da5c79935e67080ded565c,venezuela,0,Fue en Colombia. Lo hicieron para crear la mala percepción.,mx,0,0,0,0,0,0,0,0,0,fue en colombia lo hicieron para crear la mala percepción
ff6f96e42023b4ce315e650baa4310ea,venezuela,0,"Lástima Margarita, te vas a chi&amp;%$, a tu madre, si fueras un presidente legítimo tal vez te apoyaría la gente pero eres un Dictador.",mx,0,0,0,0,0,0,0,0,0,lástima margarita te vas a chi amp a tu madre si fueras un presidente legítimo tal vez te apoyaría la gente pero eres un dictador
3fa890d792f6a46f01e13f7fece48cc3,venezuela,0,Los panistas que dejaron un panteón de mexicanos no tienen calidad moral para querer apoyar a otro país  ..@AccionNacional  una vergienza un partido tan fraccionado se siga haciendo chiquito con estas posiciones..,mx,0,0,0,0,0,1,0,0,0,los panistas que dejaron un panteón de mexicanos no tienen calidad moral para querer apoyar a otro país [user] una vergienza un partido tan fraccionado se siga haciendo chiquito con estas posiciones
927ff01998dae4ae6d9c4b0e08f1eeb6,venezuela,0,"Que nos importa Venezuela, Mexico tiene muchas cosas que resolver, no creen, y si quieren ayudar a la gente vayan a la sierra de Chihuahua o la gente de campesinos como buenos Mexicanos",mx,0,0,0,0,0,1,0,0,0,que nos importa venezuela mexico tiene muchas cosas que resolver no creen y si quieren ayudar a la gente vayan a la sierra de chihuahua o la gente de campesinos como buenos mexicanos
b608d1a4cfefba29b2e26e2856fb2ac1,venezuela,0,Esto es lo que apoya @Gustavopetro @Pablo_Iglesias_ @evoespueblo @DiazCanelB @RaulCastroR #NoMasSocialistas #NoMasCrimen,mx,0,0,0,0,0,0,0,0,0,esto es lo que apoya [user] [user] [user] [user] [user] nomassocialistas nomascrimen
97dd3983d197063f5606620e56fc1c6d,venezuela,0,No me salgan con que México respeta a otros países y no interviene en política exterior.... No ..... Ese estúpido sentir es de Obrador y su camarilla socialista nunca será la opinión de la mayoría de los mexicanos y del mundo entero es cuestión de humanidad....,mx,0,0,0,0,0,4,3,0,3,no me salgan con que méxico respeta a otros países y no interviene en política exterior no ese estúpido sentir es de obrador y su camarilla socialista nunca será la opinión de la mayoría de los mexicanos y del mundo entero es cuestión de humanidad
6d1a0001628c7feb9ee57555023a5a12,venezuela,0,"Al carajo el tipo, suficiente tenemos restableciendo el orden en Mexico como para recibir revoltosos agitadores y que se entrometan en la politica!",mx,1,0,0,0,0,0,0,0,0,al carajo el tipo suficiente tenemos restableciendo el orden en mexico como para recibir revoltosos agitadores y que se entrometan en la politica
68e54bf25df7ee748219ab7a152e25fd,venezuela,0,Mentira los quemaron  en suelo colombiano y fueron los expertos en falsos positivos.,mx,0,0,0,0,0,0,0,0,0,mentira los quemaron en suelo colombiano y fueron los expertos en falsos positivos
fbae92c37e33d74884c0fa06e7da2c09,venezuela,0,Muy mal el PAN queriendo sacar    Provecho de los problemas dé Venezuela y MORENA insultando a las victimas. Nuestra clases política da pena,mx,0,0,2,0,0,0,1,0,0,muy mal el pan queriendo sacar provecho de los problemas dé venezuela y morena insultando a las victimas nuestra clases política da pena
47fad9667007d6d137639e12c253a722,venezuela,0,Aquí predicamos  la no intervención y la autodeterminación de los pueblos. Nada mas.,mx,0,0,0,0,0,2,0,0,0,aquí predicamos la no intervención y la autodeterminación de los pueblos nada mas
ee95717191fd3f6fce2e15da128ff684,venezuela,0,Pues que le digan a su Presidente que los apoye. Al fin ellos son mayoría 😁😂,mx,0,0,0,2,0,0,0,0,0,pues que le digan a su presidente que los apoye al fin ellos son mayoría cara_radiante_con_ojos_sonrientes cara_llorando_de_risa
fd4c2d846d866ea8b9287970ac16fc4e,venezuela,0,Ya se descubrió el SHOW de Guaido informate andas atrasado de noticias.,mx,0,0,1,0,0,0,0,0,0,ya se descubrió el show de guaido informate andas atrasado de noticias
76b38b93187aa809c018342143ae925c,venezuela,0,"México tiene un lema muy sagrado, el respeto entre los hombre como entre las naciones es la paz, así ha sido desde Juárez hasta hoy.",mx,0,0,0,0,0,0,0,0,0,méxico tiene un lema muy sagrado el respeto entre los hombre como entre las naciones es la paz así ha sido desde juárez hasta hoy
1c73b75c9e63bc97b678a594295def13,venezuela,0,No se vá porque de antemano sabe que si lo invaden va a morir mucha gente inocente como en los paises Arabes y el quedará como victima o mártir.,mx,0,0,0,0,0,1,0,0,0,no se vá porque de antemano sabe que si lo invaden va a morir mucha gente inocente como en los paises arabes y el quedará como victima o mártir
06901cede3cd5f25f9c34c4b4ffe0107,venezuela,0,"Que no ponga en riesgo a Venezuela, al desvalido ejército y a su pueblo.... Que por favor se vaya ya, NO va a poder repeler una invasión de liberación y mucha gente puede salir lastimada",mx,0,0,0,0,0,2,1,0,1,que no ponga en riesgo a venezuela al desvalido ejército y a su pueblo que por favor se vaya ya no va a poder repeler una invasión de liberación y mucha gente puede salir lastimada
ca09a91a3ff080270d4c5b4199014835,venezuela,0,Y POR  QUÉ ÉL ??  TANTO LIDERES JOVENES BUENO EN VENEZUELA Y SE LLEVAN A UNOS DE LOS PEORCITOS .... EL ES TAN NULO EN LA VIDA,mx,0,2,14,0,0,0,1,0,1,y por qué él tanto lideres jovenes bueno en venezuela y se llevan a unos de los peorcitos el es tan nulo en la vida
e4defa24c4cea61fbd37aa17a00af375,venezuela,0,"Esa ""ayuda humanitaria"" va en contra de lo acordado por la ONU, OMS, ACNUR, UNICEF y demás? La ayuda humanitaria debe ser imparcial y por eso estos organismos lo han criticado, pero aún así tanto a Colombia y a EEUU les da igual eso. Y a vosotros también",mx,0,1,5,0,0,0,0,2,0,esa ayuda humanitaria va en contra de lo acordado por la onu oms acnur unicef y demás la ayuda humanitaria debe ser imparcial y por eso estos organismos lo han criticado pero aún así tanto a colombia y a eeuu les da igual eso y a vosotros también
46854d28e5b35d5ca000538e38a61b9d,venezuela,0,Jand offs  venezuela de inmediati .,mx,0,0,0,0,0,0,0,0,0,jand offs venezuela de inmediati
3e9e6f289395d1000ab50f90927f39cc,venezuela,0,PRESIDENTE HIJO DE PUTA.😡😡😡😡😡😡😡😠😠😠😠😠😠😠,mx,0,0,3,14,0,0,2,0,0,presidente hijo de puta cara_cabreada cara_cabreada cara_cabreada cara_cabreada cara_cabreada cara_cabreada cara_cabreada cara_enfadada cara_enfadada cara_enfadada cara_enfadada cara_enfadada cara_enfadada cara_enfadada
23fcffeb6aa3f2dd732ed358f76d7547,venezuela,0,Muerto el perro se acabó la rabia.,mx,0,0,0,0,0,0,0,0,0,muerto el perro se acabó la rabia
222e7856039d55f7d1e8ab7ac2011c46,venezuela,0,Si no lo quiere que se vaya,mx,0,0,0,0,0,1,0,0,0,si no lo quiere que se vaya
301d5c935d9a2e8b5687794f28959559,venezuela,0,"Guaidó y Washington están desesperados por obtener lo que su país y sus acciones antidemocráticas aún no les han concedido: LEGITIMIDAD, su pase para la irrupción de tropas gringas en territorio venezolano.",mx,0,0,1,0,0,1,0,0,0,guaidó y washington están desesperados por obtener lo que su país y sus acciones antidemocráticas aún no les han concedido legitimidad su pase para la irrupción de tropas gringas en territorio venezolano
281e32b675f70085ad061b593fa059be,venezuela,0,X3. Y tantos años que hice campaña con ellos.,mx,0,0,0,0,0,0,0,0,0,x3 y tantos años que hice campaña con ellos
950423128b680553f142e32ed65f7ec3,venezuela,0,Podria ser lo mas vil que se haya visto en latinoamerica???,mx,0,3,0,0,0,0,1,0,0,podria ser lo mas vil que se haya visto en latinoamerica
98fde135745440cbbea1c350fc7811a9,venezuela,0,"Y a que hora saldrá @lopezobrador_ a decir que no puede opinar, que estos son situaciones internas de un país? Ya lo veo al vejete evadiendo toda pregunta al respecto.",mx,0,1,0,0,0,1,0,0,0,y a que hora saldrá [user] a decir que no puede opinar que estos son situaciones internas de un país ya lo veo al vejete evadiendo toda pregunta al respecto
3817e1b8f4bd48077ebc96225fe531bd,venezuela,0,"Animo México y el patrón Andrés Manuel López Obrador te apoyamos, hermanos morenos no permitamos la intervención de los Estados Unidos a Venezuela",mx,0,0,0,0,0,1,0,0,0,animo méxico y el patrón andrés manuel lópez obrador te apoyamos hermanos morenos no permitamos la intervención de los estados unidos a venezuela
5cde0833720af6eb8a9eda4654b3dd32,venezuela,0,Que quede claro AMLO y sus fanáticos apoyan a un Dictador por encima de la vida de los venezolanos...,mx,0,0,1,0,0,0,1,0,1,que quede claro amlo y sus fanáticos apoyan a un dictador por encima de la vida de los venezolanos
5260fa4619e0ea5567e522cfb911ad30,venezuela,0,"Un acto vil, a la medida de los delincuentes que tienen secuestradas todas las instituciones en Venezuela... El mundo lo vio y quienes apoyan a estos  narcotraficantes también recibirán su castigo",mx,0,0,0,0,0,0,1,0,1,un acto vil a la medida de los delincuentes que tienen secuestradas todas las instituciones en venezuela el mundo lo vio y quienes apoyan a estos narcotraficantes también recibirán su castigo
0cea86a66c1599abc9f3f88f9b0644c9,venezuela,0,"Dale las gracias a las sanciones d la UE,EEUU y los lamebotas del imperialismo yankee",mx,0,0,1,0,0,0,0,0,0,dale las gracias a las sanciones d la ue eeuu y los lamebotas del imperialismo yankee
721266e42b5220691e353b5f4813041e,venezuela,0,Por que llamas líder venezolano a un terrorista confeso y jactancioso?,mx,0,1,0,0,0,0,0,0,0,por que llamas líder venezolano a un terrorista confeso y jactancioso
84ee12710d875bcbeb10487c7ca4eff1,venezuela,0,"Eleva tu nivel de estudios y cultura. No tienes ni idea lo que es vivir en socialismo, equivale a vivir sin libertades. En la propaganda de Venezuela cómo tú le llamas la población en promedio ha perdido entre 8 y 15 kg porque el gobierno acabó con el aparato productivo",mx,0,0,0,0,0,3,0,0,0,eleva tu nivel de estudios y cultura no tienes ni idea lo que es vivir en socialismo equivale a vivir sin libertades en la propaganda de venezuela cómo tú le llamas la población en promedio ha perdido entre 8 y 15 kg porque el gobierno acabó con el aparato productivo
afc6da60c25e516fcf5232a9bdafbff0,venezuela,0,Ese muchachito solo esta figurando para ganar un cargo,mx,0,0,0,0,0,0,0,0,0,ese muchachito solo esta figurando para ganar un cargo
375381447530e9f39082ef93cbc121b0,venezuela,0,"Los del pan lo metieron,ve los vídeos.",mx,0,0,0,0,0,0,0,0,0,los del pan lo metieron ve los vídeos
2b1ac91081d7ea50e5a4f396c76fa751,venezuela,0,Pues ya deja venezuela en paz !!!! Él es el culpable no. 1 de lo que pasa,mx,4,0,0,0,0,1,1,0,0,pues ya deja venezuela en paz él es el culpable no 1 de lo que pasa
334f6ec0901b6a97cd6805806fa46496,venezuela,0,"Tienes razón!, no lo conozco y lo apoyo, seguro tu cenas con AMLO, Maduro y Batres! 😂😂😂 Ignorantes y .. Y ese venezolano es terrorista, fifi,  mafia del poder, primo de Loret! Estos chairos dan pena, patéticos. AMLO, encantador de burros nivel DEUS",mx,3,0,3,3,0,1,1,0,0,tienes razón no lo conozco y lo apoyo seguro tu cenas con amlo maduro y batres cara_llorando_de_risa cara_llorando_de_risa cara_llorando_de_risa ignorantes y y ese venezolano es terrorista fifi mafia del poder primo de loret estos chairos dan pena patéticos amlo encantador de burros nivel deus
b5258ae104b8d8526482cbe5f8733097,venezuela,0,Con razón lo quiere tanto AMLO,mx,0,0,1,0,0,0,0,0,0,con razón lo quiere tanto amlo
9909a0bedd087de6fe0bb5d8206058ce,venezuela,0,chinguen a su madre el respeto entre individuos como en países el respeto al derecho ajeno es la paz,mx,0,0,0,0,0,0,0,0,0,chinguen a su madre el respeto entre individuos como en países el respeto al derecho ajeno es la paz
c9d33796defce64283431628242e626f,venezuela,0,Y este es el régimen con el cual @lopezobrador_ pretende dialogar. No hay diálogo con seres viles como estos.  Repudio internacional es lo único que se merecen,mx,0,0,0,0,0,1,0,0,0,y este es el régimen con el cual [user] pretende dialogar no hay diálogo con seres viles como estos repudio internacional es lo único que se merecen
b1fadfc4a080d37fbe855e2e5c0bd244,venezuela,0,Yo feliz que mi gobierno no se unió al coro como uno mas ...México y Uruguay..que orgullo para la América hispana..ahh y Polevnsky no es presidenta ni Canciller..no nos preocupemos de sus filias políticas..,mx,0,0,0,0,0,4,1,0,1,yo feliz que mi gobierno no se unió al coro como uno mas méxico y uruguay que orgullo para la américa hispana ahh y polevnsky no es presidenta ni canciller no nos preocupemos de sus filias políticas
31a9c61799a7a0c430422ef4776ff421,venezuela,0,"Sí, la de los colombianos que lo hicieron para crear caos.",mx,0,0,0,0,0,0,0,0,0,sí la de los colombianos que lo hicieron para crear caos
220e886185bdedb644ae763a8a36cfc6,venezuela,0,Asuste usted a su C madre,mx,0,0,0,0,0,0,0,0,0,asuste usted a su c madre
93fc012f26523873279a582cd6097387,venezuela,0,Quemenlo vivo a este HDP,mx,0,0,1,0,0,0,0,0,0,quemenlo vivo a este hdp
b6bf37d9372f6a05507970e9261588c2,venezuela,0,"@AccionNacional esto es como una gran broma apoyando una democracia en otro país, cuando ustedes hicieron de ella un gran negocio en el país. Todos tienen derecho a manifestar sus ideales, pero no interfieren en la soberanía de otro.",mx,0,0,0,0,0,1,0,0,0,[user] esto es como una gran broma apoyando una democracia en otro país cuando ustedes hicieron de ella un gran negocio en el país todos tienen derecho a manifestar sus ideales pero no interfieren en la soberanía de otro
ef62a65fdfa55a2814cb4d1adcdfa618,venezuela,0,Los mexicanos esperamos que NO se pronuncien en favor de @jguaido No nos corresponde opinar de los gobiernos de cada país. Ojalá puedan resolver esta situación de manera pacífica y no con un presidente impuesto.,mx,0,0,0,0,0,3,0,0,0,los mexicanos esperamos que no se pronuncien en favor de [user] no nos corresponde opinar de los gobiernos de cada país ojalá puedan resolver esta situación de manera pacífica y no con un presidente impuesto
27ed7973150f72b2c1dd2ca0d1ceaf97,venezuela,0,"Aún se engañan que están en la era de las PRIANRATAS... Aún quieren seguir con sus sistema de caos y destrucción . Con el PAN en el poder, murieron mas de 250. 000 MEXICANOS.",mx,0,0,3,0,0,0,2,0,1,aún se engañan que están en la era de las prianratas aún quieren seguir con sus sistema de caos y destrucción con el pan en el poder murieron mas de 250 00 mexicanos
34dfa38f8e1d4c12648c589d46cc9005,venezuela,0,Chinga tu madre porro,mx,0,0,0,0,0,0,0,0,0,chinga tu madre porro
ff4ab863a9bb491a3ede37dc6529a2b1,venezuela,0,"Si esa pobre gente supiera QUIEN ES EN VERDAD EL PARTIDO QUE LOS""COBIJA Y APOYA""no lo harían sin duda POBRE VENEZUELA encima de su terrible situación vengan a hacer ""leña"" de ellos esta manada de LADRONES que lo que busca es presionar y ""borregos nuevos"" por que ya nadie les cree",mx,0,0,10,0,0,3,0,6,0,si esa pobre gente supiera quien es en verdad el partido que los cobija y apoya no lo harían sin duda pobre venezuela encima de su terrible situación vengan a hacer leña de ellos esta manada de ladrones que lo que busca es presionar y borregos nuevos por que ya nadie les cree
d60775d961e864cb1541f592e92a51a7,venezuela,0,Este tipo quiere guerra!,mx,1,0,0,0,0,0,0,0,0,este tipo quiere guerra
96088874971dfdccdae97c5d5ab48a9c,venezuela,0,Pendejos Comparando a Maduro con Amlo en 3..2..,mx,0,0,0,0,0,0,0,0,0,pendejos comparando a maduro con amlo en 3 2
bd3a0ecbbc8e896159146ff4337c57c6,venezuela,0,"Autodeterminación, jaja qué mierda analogía más jodida de apoyar una dictadura de un país sin estado de derecho, para quien no lo sabe, cada venezolano ha perdido en promedio 10 kg. en los últimos 9 meses y no es por fitness sino porque no hay alimentos para quien apoya a un loco",mx,0,0,0,0,1,5,0,0,0,autodeterminación jaja qué mierda analogía más jodida de apoyar una dictadura de un país sin estado de derecho para quien no lo sabe cada venezolano ha perdido en promedio 10 kg en los últimos 9 meses y no es por fitness sino porque no hay alimentos para quien apoya a un loco
6c26d6f36247132e2a93ac1fa836ee49,venezuela,0,Y pensar que con este loco “vamos pa’alla”,mx,0,0,0,0,0,0,0,3,0,y pensar que con este loco vamos pa alla
a5009fa35f7c94d64555ebfc6fdb2eb9,venezuela,0,"Arropado por PANAZIS ,vayase a su país a arreglar sus asuntos allá,vaya a apoyar al títere de los gringos,vaya y verifique que los malditos gringos les imponga un gobierno para que cómodamente se lleven los recursos,vaya para que a la gente pobre la hagan más pobre.",mx,0,0,1,0,0,0,0,0,0,arropado por panazis vayase a su país a arreglar sus asuntos allá vaya a apoyar al títere de los gringos vaya y verifique que los malditos gringos les imponga un gobierno para que cómodamente se lleven los recursos vaya para que a la gente pobre la hagan más pobre
06427ca32b5a782c077afcc13707af32,venezuela,0,Nuestro gobierno respeta nuestros preceptos de política exterior..no apoyamos ni condenamos..,mx,0,0,0,0,0,2,0,0,0,nuestro gobierno respeta nuestros preceptos de política exterior no apoyamos ni condenamos
f256cfbea5ff6996f3974d6279d49ac4,venezuela,0,Y su gente con hambre y el mas gordo y loco. Se vale la pena de muerte,mx,0,0,0,0,0,0,0,0,0,y su gente con hambre y el mas gordo y loco se vale la pena de muerte
69a73d192c367279451962370b9a8ea1,venezuela,0,"#FakeNews fué la gente de @jguaido ellos mismos los quemaron,  Típica jugada de pizarrón,,, Pareces nuevo ""MyTeacher""",mx,0,0,0,0,0,0,1,2,0,fakenews fué la gente de [user] ellos mismos los quemaron típica jugada de pizarrón pareces nuevo myteacher
bf9153bd831f73d5f45ff23c870eac3e,venezuela,0,"Los quemaron en Colombia, es increíble como manejan la narrativa a su antojo. Ese golpe de estado fracaso ahora los fascistas queman hasta la propia ayuda que mandarían. Lo que hace la desesperación 🙄",mx,0,0,0,1,0,0,0,0,0,los quemaron en colombia es increíble como manejan la narrativa a su antojo ese golpe de estado fracaso ahora los fascistas queman hasta la propia ayuda que mandarían lo que hace la desesperación cara_con_ojos_en_blanco
2fb1d97d53bcad80e704c406a8507551,venezuela,0,con esto se que no me equivoqué al dejar de seguir a @AccionNacional  nunca mas un voto al azul,mx,0,0,0,0,0,2,0,0,0,con esto se que no me equivoqué al dejar de seguir a [user] nunca mas un voto al azul
dca73f88915a707a7ef1ab25edcf3e8b,venezuela,0,"El desabasto mental lo tiene usted, con todo respeto.",mx,0,0,0,0,0,0,0,0,0,el desabasto mental lo tiene usted con todo respeto
a88447bf7e2ece23d2ad525442d90bd8,venezuela,0,"La ignorancia es tan atrevida, apoyas a personas que ni conoces, pero te llenas el hocico en llamar ignorantes a quienes están informados.",mx,0,0,0,0,0,1,0,0,0,la ignorancia es tan atrevida apoyas a personas que ni conoces pero te llenas el hocico en llamar ignorantes a quienes están informados
87f2905b4a8b54d80d670fd711c1a964,venezuela,0,"Si, tenemos a AMLOCO",mx,0,0,1,0,0,0,0,0,0,si tenemos a amloco
756ddc6b6f1c379733a514e5c7aa407f,venezuela,0,ésa misma DERECHA CORRUPTA que todos los días tratan infructuosamente de SABOTEAR al gobierno legítimo de MÉXICO! No tienen ya todo el apoyo de TRUMP!,mx,2,0,5,0,0,1,0,0,0,ésa misma derecha corrupta que todos los días tratan infructuosamente de sabotear al gobierno legítimo de méxico no tienen ya todo el apoyo de trump
33974bfc872962baf18f4866eefeec4a,venezuela,0,"Recuerdas las tiendas soriana y comercial que quemaron en Ecatepec, Edomex los anarquistas?. Después de que aplicaron el gasolinazo @EPN y @JoseAMeadeK en 2017 y eso si se vio en TV abierta",mx,0,1,1,0,0,0,0,0,0,recuerdas las tiendas soriana y comercial que quemaron en ecatepec edomex los anarquistas después de que aplicaron el gasolinazo [user] y [user] en 2017 y eso si se vio en tv abierta
b8a055ad4bcad6266988f41364c0431b,venezuela,0,"Hay que mantenerse neutral ante estas  atrocidades, solo por decir que son gobierno de Izquierda? @genarolozano @leozuckermann @AristeguiOnline",mx,0,1,0,0,0,0,0,0,0,hay que mantenerse neutral ante estas atrocidades solo por decir que son gobierno de izquierda [user] [user] [user]
3a245aec4c9f709db8e0ed5e6b13df87,venezuela,0,"No queremos, no queremos meternos en el tema Venezuela  A los mexicanos no nos ayuda para nada aprobar o desaprobar a nadie  Porque esa aferrades?",mx,0,1,0,0,0,5,0,0,0,no queremos no queremos meternos en el tema venezuela a los mexicanos no nos ayuda para nada aprobar o desaprobar a nadie porque esa aferrades
5145a90fe52a709e6e873c8075a825c5,venezuela,0,Vete a que te laben el cerebro imecil y chupale los huevos a el intervencionista de Trump aunque seguro gente como tu le da asquito.,mx,0,0,0,0,0,0,0,0,0,vete a que te laben el cerebro imecil y chupale los huevos a el intervencionista de trump aunque seguro gente como tu le da asquito
734dc29d74331c079e9dac70e7eebe35,venezuela,0,"@HijasDeLaMx @NicolasMaduro acaba de elegir su manera ser ser eliminado de la faz de la tierra. CON FUEGO, EN UNA HOGUERA",mx,0,0,4,0,0,0,0,0,0,[user] [user] acaba de elegir su manera ser ser eliminado de la faz de la tierra con fuego en una hoguera
5b53b7b7163139af3bb7ac6c14a152e1,venezuela,0,No le importa la humanidad todo un grosero y ABUSA de la pobreza venezolana,mx,0,0,1,0,0,1,0,0,0,no le importa la humanidad todo un grosero y abusa de la pobreza venezolana
6b8b75afbb53337b0005d42e61d21065,venezuela,0,Ya parece Somalia. Y cuándo va a intervenir la ONU como lo hizo en aquella ocasión?,mx,0,1,1,0,0,0,0,0,0,ya parece somalia y cuándo va a intervenir la onu como lo hizo en aquella ocasión
ecd3dbe4dcaf624a30d36dcdc9cc8867,venezuela,0,Oye @LORENT_SALEH aquí en México nos dan asco los terroristas como tú!!!!!,mx,5,0,0,0,0,0,1,0,0,oye [user] aquí en méxico nos dan asco los terroristas como tú
0bd2bae4de84563188862fdc768b05e4,venezuela,0,Dios hasta cuando permitiras semejante atrocidad? Basta! #VenezuelaEnDefensaDeLaPaz no puedo tolerar tanta maldad.,mx,1,1,0,0,0,1,0,0,0,dios hasta cuando permitiras semejante atrocidad basta venezuelaendefensadelapaz no puedo tolerar tanta maldad
0f88ff535a6d5625c9606c7eaa235e42,venezuela,0,"La prensa internacional da cuenta de esto. O sea, es válida su información.",mx,0,0,0,0,0,0,0,0,0,la prensa internacional da cuenta de esto o sea es válida su información
63447e787af5571c3c03bf8dc635ffa0,venezuela,0,LA TERCERA GUERRA MUNDIAL EMPEZO,mx,0,0,4,0,0,0,0,0,0,la tercera guerra mundial empezo
a3ce59080e23ab3fc71d6073a8b78881,venezuela,0,¿Cuando le van a cambiar el nombre a Venezuela por Irak 2.0?,mx,0,2,0,0,0,0,0,0,0,cuando le van a cambiar el nombre a venezuela por irak 2 0
7f0532a7fcb74043f4f138bf35f7f2e6,venezuela,0,"En otros medios de comunicación, se dice que los quemaron de el lado colombiano, es obvio que la solución es muy difícil, a ninguna de las dos partes les conviene que la paz y calma llegue a Venezuela, sino como podría continuar el conflicto.",mx,0,0,0,0,0,2,0,0,0,en otros medios de comunicación se dice que los quemaron de el lado colombiano es obvio que la solución es muy difícil a ninguna de las dos partes les conviene que la paz y calma llegue a venezuela sino como podría continuar el conflicto
94219a98a7f25a9ed41e7590ee0a7539,venezuela,0,"Y para que lo sepas, ese señor como lo llamas estuvo preso cuatro años en la tumba, la carcel del SEBIN, la policia política de Maduro, a varios metros bajo tierra y sin ver la luz del sol hasta por un año. Antes de hablar basura mejor infórmate un poco más, que la vida de vuelta",mx,0,0,1,0,0,1,0,0,0,y para que lo sepas ese señor como lo llamas estuvo preso cuatro años en la tumba la carcel del sebin la policia política de maduro a varios metros bajo tierra y sin ver la luz del sol hasta por un año antes de hablar basura mejor infórmate un poco más que la vida de vuelta
7f836d9d3cc110d1e55d803d55fb92c4,venezuela,0,Y eso es amor por el pueblo ???? Aferrarse al poder es locura !!! Con sus pajaros y penes ya corría peligro el pueblo y ahora esto ???? Enloqueció absolutamente !!!!,mx,7,8,0,0,0,0,4,0,0,y eso es amor por el pueblo aferrarse al poder es locura con sus pajaros y penes ya corría peligro el pueblo y ahora esto enloqueció absolutamente
6145e4022212b15ebffc3f43b422dcf9,venezuela,0,A propósito del camión q quemaron dl lado d Colombia; ninguna experticia se ha realizado para generar una matriz abalando que el presunto medio de transporte fue incendiado por organismos de seguridad. #TrumpHandsOffVenezuela PARA LA GUERRA NADA,mx,0,0,3,0,0,2,0,0,0,a propósito del camión q quemaron dl lado d colombia ninguna experticia se ha realizado para generar una matriz abalando que el presunto medio de transporte fue incendiado por organismos de seguridad trumphandsoffvenezuela para la guerra nada
0506ceb8e006afd47aa231caaa96767d,venezuela,0,Esos paniaguados no tienen dignidad y vergüenza,mx,0,0,0,0,0,1,0,0,0,esos paniaguados no tienen dignidad y vergüenza
12ccb20be5e57449a82787b5d9050569,venezuela,0,Por qué no le aplican el 33???,mx,0,3,0,0,0,1,1,0,0,por qué no le aplican el 33
676e12d4555f6b139004090d6de29990,venezuela,0,"Si no quiere nunguna intervención entonces que se se saque a chingar a su drema del poder, asi evita culaquier invasión y deja de tener al pueblo undido en la pobreza, desabasto y muerte",mx,0,0,0,0,0,1,0,0,0,si no quiere nunguna intervención entonces que se se saque a chingar a su drema del poder asi evita culaquier invasión y deja de tener al pueblo undido en la pobreza desabasto y muerte
edc5d27f77f8dfbf33ff1f1c531fe480,venezuela,0,"Disculpe no fue Venezuela , no ve las noticias , fue el gobierno , algunos militares ( ojo los que estaban amarrados en la  frontera  querían ayudar ) les o vea las noticias , populismo + dictadura",mx,0,0,0,0,0,2,0,0,0,disculpe no fue venezuela no ve las noticias fue el gobierno algunos militares ojo los que estaban amarrados en la frontera querían ayudar les o vea las noticias populismo dictadura
c410154ed3834d27a5696703bebd7e81,venezuela,0,"Desgraciadamente así es con ese tipo de gente amiga, por que eso que hace es un atentado directo ya en contra de los derechos de la población en general y una burla.",mx,0,0,0,0,0,0,0,0,0,desgraciadamente así es con ese tipo de gente amiga por que eso que hace es un atentado directo ya en contra de los derechos de la población en general y una burla
3a38344f51ba971d4bb847f03ee7a9e8,venezuela,0,"Llama la atención tanta insistencia. X q viene esta persona a polarizar posturas directo al gobierno de México? X q tanto interés en obtener el ""sí"" d AMLO? X q no son capaces d respetar nuestra neutralidad? Yo sabía q existía algo llamado SOBERANÍA. La ropa sucia se lava en casa",mx,0,3,2,0,0,1,0,2,0,llama la atención tanta insistencia x q viene esta persona a polarizar posturas directo al gobierno de méxico x q tanto interés en obtener el sí d amlo x q no son capaces d respetar nuestra neutralidad yo sabía q existía algo llamado soberanía la ropa sucia se lava en casa
c6aa1f28d95c2fea22815b49beaff816,venezuela,0,que los apoye su abuela vean la verdad de estos changos,mx,0,0,0,0,0,0,0,0,0,que los apoye su abuela vean la verdad de estos changos
ae34b3a7ab80ca2a4736c03498a181ea,venezuela,0,Vaya que hay estúpidos que defienden al dictador pero aquí estiran la mano con el aprendiz de dictadorzuelo,mx,0,0,0,0,0,0,0,0,0,vaya que hay estúpidos que defienden al dictador pero aquí estiran la mano con el aprendiz de dictadorzuelo
b2aacd0ee04d2d1482f4ae85d05fbcec,venezuela,0,"Queda claro que como los conservadores del siglo XIX durante la intervención francesa, los Panistas, son y siempre serán pro intervencionistas y dispuestos a entregar los recursos y soberanía nacionales a intereses extranjeros.",mx,0,0,1,0,0,0,0,0,0,queda claro que como los conservadores del siglo xix durante la intervención francesa los panistas son y siempre serán pro intervencionistas y dispuestos a entregar los recursos y soberanía nacionales a intereses extranjeros
1afe447672ca133ba080c3d0c354f22f,venezuela,0,Senadores de @AccionNacional continuaron su crítica a la postura de México ante la crisis venezolana invitando a un activista de ese país,mx,0,0,0,0,0,0,0,0,0,senadores de [user] continuaron su crítica a la postura de méxico ante la crisis venezolana invitando a un activista de ese país
6a6519530df2d4aca03ad06b698d65ce,venezuela,0,Caos: el único camino de las dictaduras. México abre los ojos.,mx,0,0,0,0,0,0,0,0,0,caos el único camino de las dictaduras méxico abre los ojos
3f8936bada37bba48f4f2499f80205e3,venezuela,0,Mentiroso manipulador eso o fue quemado por la policia venezolana porque para empezar nisiquiera han podido cruzar la frontera.,mx,0,0,0,0,0,0,0,0,0,mentiroso manipulador eso o fue quemado por la policia venezolana porque para empezar nisiquiera han podido cruzar la frontera
da0c4253e413ed2a88f30d6f5bbdff38,venezuela,0,Más aún; no tienes derecho a decirnos qué hacer. ¿Sabías que ese intervencionismo que hiciste hoy es un insulto a nuestra memoria mexicana? A nosotros nos costó la mitad de nuestro territorio. ¿Sabías que el PAN robó las elecciones presidenciales del 2006? 1/2,mx,0,4,1,0,0,1,0,0,0,más aún no tienes derecho a decirnos qué hacer sabías que ese intervencionismo que hiciste hoy es un insulto a nuestra memoria mexicana a nosotros nos costó la mitad de nuestro territorio sabías que el pan robó las elecciones presidenciales del 2006 1 2
6ef2c323755ca5c63ffabee2051054cd,venezuela,0,Que les pasa a las personas? El mundo al revés!😡😡😡😡,mx,1,1,0,4,0,0,1,0,0,que les pasa a las personas el mundo al revés cara_cabreada cara_cabreada cara_cabreada cara_cabreada
d85d1b682742b96fc2c87412d3e7ecd0,venezuela,0,Y esas son las funciones de la Guardia Nacional Venezolana (muy probablemente como el peje quería la suya).,mx,0,0,0,0,0,0,0,0,0,y esas son las funciones de la guardia nacional venezolana muy probablemente como el peje quería la suya
3aff560249469a24628af813cf4d0e76,venezuela,0,"Que HDP la de ese wey, si no ayuda a su pueblo que no lo perjudique más!!!",mx,3,0,1,0,0,2,1,0,0,que hdp la de ese wey si no ayuda a su pueblo que no lo perjudique más
07e98b37087bb4fb2672482a257e1d04,venezuela,0,"Mientras tanto en Mexico @lopezobrador_ le parte la madre a programas sociales que según el (no a mostrado evidencias) estan plagados de corrupción, pero que tal ya esta viendo salvar al Chapo, la tiranía no es solo quemar camiones y la represión, el practica ser pasivo agresivo",mx,0,0,0,0,0,2,0,0,0,mientras tanto en mexico [user] le parte la madre a programas sociales que según el no a mostrado evidencias estan plagados de corrupción pero que tal ya esta viendo salvar al chapo la tiranía no es solo quemar camiones y la represión el practica ser pasivo agresivo
a065b2234a0c3c020c21b093648f3942,venezuela,0,"Entre los individuos, como entre las Naciones, el&nbsp;respeto al derecho ajeno es la paz»  así como pide Respeto, que Respete nuestra Constitución @LORENT_SALEH",mx,0,0,0,0,0,0,0,1,0,entre los individuos como entre las naciones el nbsp respeto al derecho ajeno es la paz así como pide respeto que respete nuestra constitución [user]
c53e207022e0fc04462fc5f7787b9847,venezuela,0,"Obrador con maduro gracias al dinero este le dio en la campaña , obrador aplaude quema de ayuda humanitaria",mx,0,0,0,0,0,0,0,0,0,obrador con maduro gracias al dinero este le dio en la campaña obrador aplaude quema de ayuda humanitaria
1bd3ba80cc6aefe33688229297e7198c,venezuela,0,"Es su problema, a México no le incumbe",mx,0,0,0,0,0,1,0,0,0,es su problema a méxico no le incumbe
151dd961977c2db94426923e9366c8d9,venezuela,0,Y porqué no comentaste que los camiones Se oyeron balazos y explosiones de las armas que venían ocultas dentro de la ayuda,mx,0,0,0,0,0,1,0,0,0,y porqué no comentaste que los camiones se oyeron balazos y explosiones de las armas que venían ocultas dentro de la ayuda
bf5ab37165c84a3c18d82c51d28d1304,venezuela,0,Por ai algun francotirador,mx,0,0,0,0,0,0,0,0,0,por ai algun francotirador
9352f099114bdd11a9bcc3f0e55a76f0,venezuela,0,Todos los mexicanos lo apoyamos. Que chingue su madre AMLO,mx,0,0,1,0,0,0,0,0,0,todos los mexicanos lo apoyamos que chingue su madre amlo
cf39dd05a8d05c77d61dc5cebddc071a,venezuela,0,La solución a la dictadura es una limpieza al estilo del mosad,mx,0,0,0,0,0,0,0,0,0,la solución a la dictadura es una limpieza al estilo del mosad
1c3bbe0ea892e37fdded11d2f26e2bac,venezuela,0,Exacto por eso todos se meten y por eso Rusia y China  están apoyando a maduro,mx,0,0,0,0,0,0,0,0,0,exacto por eso todos se meten y por eso rusia y china están apoyando a maduro
93295fc55bd569c6425b918695bcf66a,venezuela,0,Pónganse a trabajar por México,mx,0,0,0,0,0,0,0,0,0,pónganse a trabajar por méxico
190302ca2afc24bbc7b4b0b0743ef67d,venezuela,0,Uruguay tomó partido por Guaidó. México se ha quedado sólo en esa andanada socialista.,mx,0,0,0,0,0,0,0,0,0,uruguay tomó partido por guaidó méxico se ha quedado sólo en esa andanada socialista
f965fb38af755be352987ab2893a5bc8,venezuela,0,"Pues el.presidente es quien les está dando Amnistía, y hasta pensión, no hace falta que los diputados o senadores de otros partidos lo hagan, Morena se la pasa cuidando de los intereses del.crimen organizado.",mx,0,0,0,0,0,1,0,0,0,pues el presidente es quien les está dando amnistía y hasta pensión no hace falta que los diputados o senadores de otros partidos lo hagan morena se la pasa cuidando de los intereses del crimen organizado
632dcd0834f79b6f8773d2b0d018434a,venezuela,0,"Ese es un terrorista, no mamen Reforma...",mx,0,0,0,0,0,1,1,0,1,ese es un terrorista no mamen reforma
26be18c83144a224f2c86c0c0554f862,venezuela,0,"Maduro 6, el socialismo 20.",mx,0,0,0,0,0,0,0,0,0,maduro 6 el socialismo 20
20044c0507bf930134bd08ec98a146c4,venezuela,0,Por qué no vas a reportear en vivo desde ahí?,mx,0,1,0,0,0,1,0,0,0,por qué no vas a reportear en vivo desde ahí
84a5da663c738f0668b9b3ec59d395da,venezuela,0,Váyanse a luchar a Venezuela. A México no le incumbe,mx,0,0,0,0,0,1,0,0,0,váyanse a luchar a venezuela a méxico no le incumbe
868d7e5133c0527c6f83231a50277743,venezuela,0,Eres un pinche mentiroso pedazo de porqueria,mx,0,0,0,0,0,0,0,0,0,eres un pinche mentiroso pedazo de porqueria
3547be4b4b93b3f831037fb0195f62f2,venezuela,0,Que tragedia! En países como Honduras o Haití si agradecerían la bondad de los 🇺🇸,mx,1,0,0,0,0,0,0,0,0,que tragedia en países como honduras o haití si agradecerían la bondad de los bandera_estados_unidos
d774f91fa5bc1edea6404293bb1f9a6e,venezuela,0,Chairos pedorros idiotizados defiendan a su mesías,mx,0,0,0,0,0,0,0,0,0,chairos pedorros idiotizados defiendan a su mesías
620d7d0d12d42ed9d0430411470ce226,venezuela,0,"A QUIEN? de QUE HABLAS? TE APUESTO LO Q QUIERAS QUE VAS A MEPEZAR A CHINGAR TAMBIEN CUANDO META A LA CARCEL A DESCHAMPS, SALINAS FOX ETC ETC PORQUE TODOS LOS Q ESTAN CONTRA AMLO SON LOS DEL SISTEMA ANTERIOR PEDORRO DEL PRIANRD juar juar juar",mx,0,2,32,0,0,0,0,0,0,a quien de que hablas te apuesto lo q quieras que vas a mepezar a chingar tambien cuando meta a la carcel a deschamps salinas fox etc etc porque todos los q estan contra amlo son los del sistema anterior pedorro del prianrd juar juar juar
6baafc5064fea9d9def9db9e8dbe1b05,venezuela,0,ESOS PANISTAS KE SE VAYAN A VENEZUELA Y AHI EXIJANLE EN SU CARA DE FRENTE QUE PARA SU PODER DITACTORIAL A VER SI TIENEN HUEVOS,mx,0,0,15,0,0,0,0,0,0,esos panistas ke se vayan a venezuela y ahi exijanle en su cara de frente que para su poder ditactorial a ver si tienen huevos
