ID,TOPIC,IS_IRONIC,MESSAGE,VARIANTE,n_exc,n_int,n_may,n_emo,n_ris,n_neg,n_elo,n_com,n_pun,MESSAGE_CLEAN
6424ee0864a0af40660686e135f5652b,asuntosConacyt,1,"Rica económicamente, pero muy pobre en objetividad.",mx,0,0,0,0,0,0,0,0,0,ric econom per muy pobr en objet
f59978451dd7fb228830fed2ae00c3ef,asuntosConacyt,1,"En algo tiene razón, mafias hay en todo, hasta en su 4t.",mx,0,0,0,0,0,0,0,0,0,en algo tien razon mafi hay en tod hast en su 4t
280963c5eb0d162858caf3480a7ea08c,asuntosConacyt,1,¿De cuándo acá tan preocupados por la ciencia y la investigación?,mx,0,2,0,0,0,0,0,0,0,de cuand aca tan preocup por la cienci y la investig
69af1d02743953e5a0e971cf6ac00c69,asuntosConacyt,1,"De una vez que paren las titulaciones, que todos sean pasantes, así todos tendrán el mismo nivel que el director de Pemex y el subdirector de Conacyt 😡",mx,0,0,0,1,0,0,0,0,0,de una vez que par las titul que tod sean pasant asi tod tendran el mism nivel que el director de pemex y el subdirector de conacyt cara_cabr
b0be044f4682eea74c6fe83a87fff22a,asuntosConacyt,1,@LopesDorigaa @Dolores_PL  Es el que también te atiende tu tiendita.. a la Padierna...!!,mx,2,0,0,0,0,0,1,0,1,[user] [user] es el que tambien te atiend tu tiendit a la padiern
bb3895deabd4aba3e328abdfa53323b4,asuntosConacyt,1,Pero ahí viene el joven prodigio y digno representante dr la 4ta Tranformación a hacer el quite,mx,0,0,0,0,0,0,0,0,0,per ahi vien el jov prodigi y dign represent dr la 4ta tranform a hac el quit
07e712aec9b92319cfff48e07d00731c,asuntosConacyt,1,"@lopezobrador_   Habla de la Mafia del poder y ahora  de la Mafia de la ciencia , y el es el padrino de la Mafia de la estupidez e incompetencia",mx,0,0,0,0,0,0,1,0,0,[user] habl de la mafi del pod y ahor de la mafi de la cienci y el es el padrin de la mafi de la estupidez e incompetent
99baf109f3a25721ffdb30c529990b0a,asuntosConacyt,1,¿y la diseñadora de modas en el CONACYT?,mx,0,2,1,0,0,0,0,0,0,y la diseñ de mod en el conacyt
5f70ec64d4cc6f4d628ce74008b815c5,asuntosConacyt,1,Esta 4T odia todo al que se tiene estudios. Nadie puede ser más inteligente y tener más años de estudios que AMLO.,mx,0,0,1,0,0,1,0,0,0,esta 4t odi tod al que se tien estudi nadi pued ser mas inteligent y ten mas años de estudi que amlo
d8deeac521c1c8ad396f680f6b11db76,asuntosConacyt,1,Si es tan inteligente que lo manden a la Secretaría de Educación faltan refuerzos en ese lugar.....,mx,0,0,0,0,0,0,1,0,1,si es tan inteligent que lo mand a la secret de educ falt refuerz en ese lug
1e43dee665de80c700ffb642ac767b98,asuntosConacyt,1,"Cuba pais ejemplo??? Si, ejemplo para no imitar!!! No cabe duda de el rumbo de está administración, ignorancia, empobrecimiento, clientelismo para luego solo administrarlo.",mx,3,3,0,0,0,2,2,0,0,cub pais ejempl si ejempl par no imit no cab dud de el rumb de esta administr ignor empobrec clientel par lueg sol administr
530502c1e43503c5e8b00a1dc7848464,asuntosConacyt,1,"¿Qué se puede esperar del más claro exponente del efecto Dunning-Kruger (y de sus seguidores más aún)? Efecto Dunning-Kruger; cuanto menos sabemos, más listos nos creemos:",mx,0,2,0,0,0,0,0,0,0,que se pued esper del mas clar exponent del efect dunning krug y de sus seguidor mas aun efect dunning krug cuant men sab mas list nos cre
d6b547330b39efda735a6c1343154e13,asuntosConacyt,1,"No pos deben de ser pendejos, pa que sacarlos de donde están si después se.olvidan de dónde salieron... Deben ser pendejazos de 4ta. Así.",mx,0,0,0,0,0,1,1,0,1,no pos deb de ser pendej pa que sac de dond estan si despues se olvid de dond sal deb ser pendejaz de 4ta asi
0eaded4184088faacd4d74b2fa8134aa,asuntosConacyt,1,"Como cuando cambias de personal porque hacen mal el trabajo encomendado y resulta que los reemplazos son piores ( es decir, piores que los peores)",mx,0,0,0,0,0,0,0,0,0,com cuand cambi de personal porqu hac mal el trabaj encomend y result que los reemplaz son pior es dec pior que los peor
e9d9f8b7c95964b09cc7c19d564bcd97,asuntosConacyt,1,"Es el colmo con su transformación bananera de cuarta, Pejezuela, siganle.....siganle....no van a llegar ni a la mitad del sexenio..  me canso ganso.",mx,0,0,0,0,0,2,2,0,2,es el colm con su transform bananer de cuart pejezuel siganl siganl no van a lleg ni a la mit del sexeni me cans gans
fb3efd1f5825a231b55d63f55fad4482,asuntosConacyt,1,Pero moralmente es muy capaz. 😅,mx,0,0,0,1,0,0,0,0,0,per moral es muy capaz cara_sonriendo_con_sudor_fri
6bf6e21c0f119ad4f0699a04f9dbde04,asuntosConacyt,1,La contraparte dice que el maiz tiene alma. Con eso basta para entender el despido,mx,0,0,0,0,0,0,0,0,0,la contrapart dic que el maiz tien alma con eso bast par entend el desp
15b3a6ba1814ed0a834f2c1a5108687a,asuntosConacyt,1,Palabra del señor - te alabamos señor,mx,0,0,0,0,0,0,0,0,0,palabr del señor te alab señor
f269dbe8bdbf1af474a66102666e7ab0,asuntosConacyt,1,Que yo recuerde videgaray dijo no saber nada del cargo y que se le disculpara la curva de aprendizaje???? No pues si éramos mas felices ....,mx,0,4,0,0,0,3,2,0,1,que yo recuerd videgaray dij no sab nad del carg y que se le disculp la curv de aprendizaj no pues si eram mas felic
45d1226443c8415eefafc615ee896159,asuntosConacyt,1,Ser culto o preparado es ser fifí?Que idiota con razón termino una licenciatura en 14 años que bestia,mx,0,1,0,0,0,0,0,0,0,ser cult o prepar es ser fif que idiot con razon termin una licenciatur en 14 años que besti
dc5ab06e2c77680ea18a65ba08f2f6da,asuntosConacyt,1,"Tiene una ventaja enorme. Cuando acabe su periodo no tendrá el problema de que la quiera contratar una empresa de Biotecnología, tecnología o ciencia alguna en 10, 20 o 100 años",mx,0,0,0,0,0,1,0,0,0,tien una ventaj enorm cuand acab su period no tendr el problem de que la quier contrat una empres de biotecnolog tecnolog o cienci algun en 10 20 o 100 años
0fc67e41153e55e56551582d1ec32618,asuntosConacyt,1,"Ahora se entiende lo del subdirector. Señora tengo secundaria, no habrá un puesto como de coordinador de investigaciones sociales y económicas? En una de esas pega.",mx,0,1,0,0,0,1,0,0,0,ahor se entiend lo del subdirector señor teng secundari no habr un puest com de coordin de investig social y econom en una de esas peg
b2e0e9e80ce4266fd8b3cc3529ac726d,asuntosConacyt,1,Y en 3 meses de conocerlo se ganó tal puesto.... 😮😮😮😮,mx,0,0,0,4,0,0,2,0,1,y en 3 mes de conoc se gan tal puest cara_con_la_boca_abiert cara_con_la_boca_abiert cara_con_la_boca_abiert cara_con_la_boca_abiert
a54d7c3e0cdbd73aebbf6616d97b7460,asuntosConacyt,1,"Mafias por aqui, mafias por alla, mafias por delante y mafias por detras.",mx,0,0,0,0,0,0,0,0,0,mafi por aqui mafi por alla mafi por delant y mafi por detr
ab8e1c8fb6668d77db599dcd6cbf8a5b,asuntosConacyt,1,"Las mafias de López Obrador son como el jetta, están en su cabeza.",mx,0,0,0,0,0,0,0,0,0,las mafi de lopez obrador son com el jett estan en su cabez
27d6eeac9f037676311d79e92b0f72cd,asuntosConacyt,1,Consejo Nacional de Ciencia y Tecnología. No tamaleria la india bonita o tacos de canasta Chonita. Nombren gente preparada.,mx,0,0,0,0,0,1,0,0,0,consej nacional de cienci y tecnolog no tamaleri la indi bonit o tac de canast chonit nombr gent prepar
dc39cff1f616154d392c8b0ed6824e88,asuntosConacyt,1,"Que esta brillante directora del @Conacyt_MX nos comente donde realizó sus estudios de postgrado, en México no fue",mx,0,0,0,0,0,1,0,0,0,que esta brillant director del [user] nos coment dond realiz sus estudi de postgr en mexic no fue
c407c3139153fffe0d797555324aa837,asuntosConacyt,1,@anafvega dice que continuamos en la era de La Conquista.. Así que ella trabajará para llevaron a la de Las  Cavernas!!!! 🥴😒,mx,4,0,0,2,0,0,1,0,0,[user] dic que continu en la era de la conquist asi que ella trabaj par llev a la de las cavern cara_de_grogui cara_de_desaprob
16d3c41c45f46409462aaac31822e4ee,asuntosConacyt,1,Debería mejor dedicarse a diseñar los trajes del presidiario porque se ve la puta chingada,mx,0,0,0,0,0,0,0,0,0,deb mejor dedic a diseñ los traj del presidiari porqu se ve la put ching
5f7b6a6597e894492e2acbb0c71b0479,asuntosConacyt,1,¿A quién faltará de insultar y calumniar el presidente López ? 🤔,mx,0,2,0,1,0,0,0,0,0,a quien falt de insult y calumni el president lopez cara_pens
60b5ebfbf1724012c1003b5adbf60070,asuntosConacyt,1,Él encuentra mafias hasta en la sopa,mx,0,0,0,0,0,0,0,0,0,el encuentr mafi hast en la sop
a1a39f245d80c2f46f289907f5ea45f8,asuntosConacyt,1,Mafia de la ciencia?? De dónde saca este personaje tantas idioteces??? Realmente esta mal de la cabeza,mx,0,5,0,0,0,0,1,0,0,mafi de la cienci de dond sac este personaj tant idiotec realment esta mal de la cabez
c65fd8528cb0dabeb8a66c76b04b7f16,asuntosConacyt,1,"No se si el señor tenga mascotas, pero me preocua que cuando se le acaben los cuates a quien regalarle posiciones en el gobierno no le vaya a salir lo Caligula.",mx,0,0,0,0,0,2,0,0,0,no se si el señor teng mascot per me preocu que cuand se le acab los cuat a qui regal posicion en el gobiern no le vay a sal lo caligul
3e5a640ff72e0a2ae1ad70a706e4e311,asuntosConacyt,1,"Jajajajaja qué mierda es que se quiera justificar todo con ""honestidad"". Se puede ser honesto y mediocre a la vez.",mx,0,0,0,0,0,0,0,2,0,jajajajaj que mierd es que se quier justific tod con honest se pued ser honest y mediocr a la vez
7fc5600191b13ba31a6022139b58cc54,asuntosConacyt,1,"Pues después de nombrar a un agrónomo para Pemex , a un ex priísta de lo más nefasto( además senil) en la CFE ... que esperábamos ??",mx,0,2,1,0,0,0,1,0,1,pues despues de nombr a un agronom par pemex a un ex priist de lo mas nefast ademas senil en la cfe que esper
b9ebaa5ad4e5e4af802f6cbfabbe0dd2,asuntosConacyt,1,"Luego que ? La Mafia de la vejez?, La Marie del tiempo? Y eso va a poner de pretexto al no poder cumplir sus milagros diciendo que ya se siente más viejo de lo que está?",mx,0,4,0,0,0,1,0,0,0,lueg que la mafi de la vejez la mari del tiemp y eso va a pon de pretext al no pod cumpl sus milagr dic que ya se sient mas viej de lo que esta
fc9e65039210d97fdb2988cb1823e06d,asuntosConacyt,1,"El gigante invisible, ya ponte a trabajar sin andar llorando.",mx,0,0,0,0,0,1,0,0,0,el gigant invis ya pont a trabaj sin andar llor
bfa23c4787d7e555666985d699937009,asuntosConacyt,1,Tristeza ver a personas con poca preparación decidiendo el destino de las mentes brillantes...  Con pensamientos acordes a su nivel que dañarán a México por su falta de capacidad intelectual...  Cocinera a tus guisos...,mx,0,0,0,0,0,0,3,0,3,tristez ver a person con poc prepar decid el destin de las ment brillant con pensamient acord a su nivel que dañ a mexic por su falt de capac intelectual cociner a tus guis
eb834d1c9d7bd07b3abbfd6db8757095,asuntosConacyt,1,"Los “Z” Los huachicoleros El Mencho La CNTE Romero Deschamps, Ellos son gente buena, víctima de las otras mafias !!",mx,2,0,1,0,0,0,0,2,0,los z los huachicoler el mench la cnte romer deschamps ellos son gent buen victim de las otras mafi
7bce5485eb1eece469c6228942727e8c,asuntosConacyt,1,"Ya me imagino a la doña en una reunión técnica de la comisión. Le hablarán en chino, no entenderá ni madres. Sabrá por lo menos que es una bacteria, un hongo, una levadura, un metabolito, sustrato. NOOOOOOO",mx,0,0,1,0,0,2,1,0,0,ya me imagin a la doñ en una reunion tecnic de la comision le habl en chin no entend ni madr sabr por lo men que es una bacteri un hong una levadur un metabolit sustrat noo
bb1da30061a753300827c7db0999fafa,asuntosConacyt,1,"No te decepciones, va a haber muchas becas para estudiar en el extranjero, casi todas a Cuba. 🙄",mx,0,0,0,1,0,1,0,0,0,no te decepcion va a hab much bec par estudi en el extranjer casi tod a cub cara_con_ojos_en_blanc
5a56acfe74dfe9b0cffb2231839c4783,asuntosConacyt,1,"Las tonterías sólo se le ocurrirán en la mañana? Si nos estás con él, estás en contra... que jodido",mx,0,1,0,0,0,0,1,0,1,las tont sol se le ocurr en la mañan si nos estas con el estas en contr que jod
5386e84baddce7e2769799040f9d01cd,asuntosConacyt,1,"Estamos jodidos .., este tipo nos está regresando al oscurantismo... mal, mal, mal",mx,0,0,0,0,0,0,1,0,1,estam jod este tip nos esta regres al oscurant mal mal mal
6efe006f50a10278ff12403e50adab89,asuntosConacyt,1,No tanto el amiguismo si no la mayoría en las cámaras.... gracias PRI por lograr con tus jaladas todo esto.....,mx,0,0,1,0,0,2,2,0,2,no tant el amigu si no la mayor en las cam graci pri por logr con tus jal tod esto
ea4e53d213b6d5504e725b5340f68e4b,asuntosConacyt,1,Neta que ya hasta me siento mafioso,mx,0,0,0,0,0,0,0,0,0,net que ya hast me sient mafios
09a9e7fe2bec4c6c07b153bdbb7e72c5,asuntosConacyt,1,"De risa. Todo lo que no está con mi presi @lopezobrador_, es ""Mafia"" de algo. Ahora toca la ""Mafia de la Ciencia"".",mx,0,0,0,0,0,1,0,4,0,de ris tod lo que no esta con mi presi [user] es mafi de algo ahor toc la mafi de la cienci
c429dad063105ace0f11ae5dda62575e,asuntosConacyt,1,Ticher en más de 18 años no pudistes habrír los ojos y aora de puro milagro en 70 días llegó tu cura. Vamos bien vamos bien 💪,mx,0,0,0,1,0,1,0,0,0,tich en mas de 18 años no pudist habrir los ojos y aor de pur milagr en 70 dias lleg tu cur vam bien vam bien biceps_flexion
1b941c8794299526f5e44e2951e012a4,asuntosConacyt,1,Pendejadas. Bravo. Saquen la Universidad de macuspana,mx,0,0,0,0,0,0,0,0,0,pendej brav saqu la univers de macuspan
feb0c2354692be40103b4472749efc72,asuntosConacyt,1,"La mafia del poder, la mafia de la ciencia, ¿que sigue, la mafia del amor?...",mx,0,2,0,0,0,0,1,0,1,la mafi del pod la mafi de la cienci que sig la mafi del amor
2344931475804964d34a9994939c589d,asuntosConacyt,1,"Espero que el conserje también sea investigado; peligro y ni la primaria terminó, y sería una ‘vergüenza’ para ‘la excelencia en inteligencia’ 🤦🏻‍♂️",mx,0,0,0,3,0,1,0,4,0,esper que el conserj tambien sea investig peligr y ni la primari termin y ser una vergüenz par la excelent en inteligent hombre_con_la_mano_en_la_frente_tono_de_piel_clar
9c9e6e2ed314d64aa98b383bb6abe69e,asuntosConacyt,1,"Sueldos altos, seguro, como para pagar tenencia y mantenimiento de ........ por ejemplo deparatementos en Houston. O se siguen pagando con la labor ganada en 100 años. #lacuartatransformacionparecedequinta",mx,0,0,0,0,0,0,1,0,2,sueld altos segur com par pag tenenci y manten de por ejempl deparatement en houston o se sig pag con la labor gan en 100 años lacuartatransformacionparecedequint
ebc796ebfbfe8c6d9f4121e796528077,asuntosConacyt,1,Pues si @lopezobrador_ está momificado en puras túnicas de compadrazgo desde que acabó la prepa abierta. Qué esperabas?,mx,0,1,0,0,0,0,0,0,0,pues si [user] esta momific en pur tunic de compadrazg desd que acab la prep abiert que esper
6ee2e3cf6b7c0b9f71c88d8f55de5365,asuntosConacyt,1,"Claro, claro.. Y contratar como subdirectores a estudiantes en el @Conacyt_MX.. De verdad es que asusta tu gran inteligencia..",mx,0,0,0,0,0,0,0,0,0,clar clar y contrat com subdirector a estudi en el [user] de verd es que asust tu gran inteligent
5022bf927db649ca11aa13583e90e3bf,asuntosConacyt,1,Y QUE ESOERAN QUE JALE LOPITOS PUES GENTE ESTUDIADA DE HARVARD BOSTON !??? POR FAVOR CLARO QUE JALARA ESA BOLA DE PSISANOS CHONTALES QUE NI TERMINARON LA PRIMARIA Y NO ES QUE NO PUEDAN OCUPAR EL CARGO EL DETALLE ES QUE NO TIENEN ESTUDIOS DA RISA UNA MODISTA A LA CIENCIA DEL PAIS,mx,1,3,36,0,0,4,1,0,0,y que esoer que jal lopit pues gent estudi de harvard boston por favor clar que jal esa bol de psisan chontal que ni termin la primari y no es que no pued ocup el carg el detall es que no tien estudi da ris una modist a la cienci del pais
54a18501affd7f634ea86b7a38f8b249,asuntosConacyt,1,Es el toyboy de la Padierna,mx,0,0,0,0,0,0,0,0,0,es el toyboy de la padiern
3d0a8621348bd65fbb6bce78a5ee0341,asuntosConacyt,1,En manos de que gente ignorante estamos!! Plop,mx,2,0,0,0,0,0,0,0,0,en man de que gent ignor estam plop
366ce60aac0bd2858c060047839023b1,asuntosConacyt,1,"Con todo respeto, puede tener tendencias demenciales que no son raras entre científicos y genios.",mx,0,0,0,0,0,1,0,0,0,con tod respet pued ten tendenci demencial que no son rar entre cientif y geni
e2185ff22c6601153f2c1a3c6d705efe,asuntosConacyt,1,"Por favor... basta de “pseudo complots”, “malas intenciones” y “mafias inventadas”; pero lo más importante: BASTA DE VICTIMIZARSE!!!! ES EL PRESIDENTE DE MEXICO, carajo!!",mx,6,0,4,0,0,0,2,6,1,por favor bast de pseud complots mal intencion y mafi invent per lo mas import bast de victimiz es el president de mexic caraj
d79659cc06793083b47b42ac87a526b7,asuntosConacyt,1,Qué sigue? Quitarnos los pasaportes a todos?,mx,0,2,0,0,0,0,0,0,0,que sig quit los pasaport a tod
fc6af0abcd8fee003f5fb738201d505a,asuntosConacyt,1,"Antes no decías ""Pobre México"" se me olvidaba que te encanta el chayote.",mx,0,0,0,0,0,1,0,2,0,antes no dec pobr mexic se me olvid que te encant el chayot
9a4bf05c5cb22580b8f1cdeede4b67ff,asuntosConacyt,1,¿Y por eso se toma selfies desnudo el brillante subdirector?,mx,0,2,0,0,0,0,0,0,0,y por eso se tom selfi desnud el brillant subdirector
18011dee77d8b37f5980192da3e60fc9,asuntosConacyt,1,Ya solo falta que ponga a rene bejarano en anlgun puesto !! 😂😂😂😂,mx,2,0,0,4,0,0,1,0,0,ya sol falt que pong a ren bejaran en anlgun puest cara_llorando_de_ris cara_llorando_de_ris cara_llorando_de_ris cara_llorando_de_ris
59d88b5cd716b09e66241003a59d8e38,asuntosConacyt,1,La 4T suena cada vez más como la 4ta corrupción!,mx,1,0,0,0,0,0,0,0,0,la 4t suen cad vez mas com la 4ta corrupcion
1ad8ee557ee93945c2228ee71e61675c,asuntosConacyt,1,Tal vez fue su amante y está bien recomendado 😆,mx,0,0,0,1,0,0,0,0,0,tal vez fue su amant y esta bien recomend cara_sonriendo_con_los_ojos_cerr
f7f681a008d60cc1070615c3b546c7fa,asuntosConacyt,1,Y qué decir del DG de comunicación social de SEP que nunca ha estado estado en comunicación 🤣🤣🤣🤣,mx,0,0,1,4,0,1,1,0,0,y que dec del dg de comun social de sep que nunc ha estad estad en comun cara_revolviendose_de_la_ris cara_revolviendose_de_la_ris cara_revolviendose_de_la_ris cara_revolviendose_de_la_ris
03c782f1353e5799733849a0775e4cd2,asuntosConacyt,1,"Cierto y al otro recomendado, el de las fotos sersis pa cuando le dan aire",mx,0,0,0,0,0,0,0,0,0,ciert y al otro recomend el de las fot sersis pa cuand le dan air
369845c1545819bdeba9a5076f31f758,asuntosConacyt,1,Bravo Sr. Pejidente! Arriba la 4T....así seremos un país que exporte Diseño de Modas en vez de Tecnología! Qué sigue? Un Secretario con Maestría en Pole Dance?,mx,2,2,0,0,0,0,1,0,1,brav sr pejident arrib la 4t asi ser un pais que export diseñ de mod en vez de tecnolog que sig un secretari con maestr en pol danc
ef988917f9871c4da008196b3c494a57,asuntosConacyt,1,"Pero el si sabe ""ler"", de qué se quejan ardidos? 🤣🤣🤣",mx,0,1,0,3,0,0,1,2,0,per el si sab ler de que se quej ardid cara_revolviendose_de_la_ris cara_revolviendose_de_la_ris cara_revolviendose_de_la_ris
22fbf60360c655f5db4b1caa2114e592,asuntosConacyt,1,"Còmo dijo el jefe de la 4T , ya estamos hasta la madre selva de tanta pinche mala decisión.",mx,0,0,0,0,0,0,0,0,0,còmo dij el jef de la 4t ya estam hast la madr selv de tant pinch mal decision
f1ea1d371052d156b99c6c8d3c3f79c7,asuntosConacyt,1,"Soy abogada, titulada, he tomado muchos cursos y especializaciones, tengo 20 años laborando como servidora pública federal, será que pueda ocupar un cargo ahí? O estoy sobre calificada?! 🤔🤔🤔🙄🙄",mx,1,2,0,5,0,0,1,0,0,soy abog titul he tom much curs y especializ teng 20 años labor com servidor public federal ser que pued ocup un carg ahi o estoy sobr calific cara_pens cara_pens cara_pens cara_con_ojos_en_blanc cara_con_ojos_en_blanc
dc1809a437cf3e3a82225368a349dbd4,asuntosConacyt,1,"Todo es mafia. ¡Pues ya sabía! Para qué se postuló para presidente. Esa respuesta no convence a lo 30 millones de mexicanos que votaron por él y a los que no votaron, menos.",mx,2,0,0,0,0,2,0,0,0,tod es mafi pues ya sab par que se postul par president esa respuest no convenc a lo 30 millon de mexican que vot por el y a los que no vot men
5621b50b755e7776e5cf9e1b20dbf766,asuntosConacyt,1,"La teoría del Peje es que sólo van a aprender malas mañas, de criticar la imbecilidad!",mx,1,0,0,0,0,0,0,0,0,la teor del pej es que sol van a aprend mal mañ de critic la imbecil
2fece1b44b550197cdbf5401091a3e52,asuntosConacyt,1,"Por eso los contratan  Sin licenciatura, como  subdirectores del Conacyt y ganando más de 44 mil pesos al mes?",mx,0,1,0,0,0,1,0,0,0,por eso los contrat sin licenciatur com subdirector del conacyt y gan mas de 44 mil pes al mes
cf50cd084cd9d44e2acf6c0a7358db2e,asuntosConacyt,1,Tan inteligente qué con 29 años no ha terminado la licenciatura. Qué méritos tiene para desempeñar ése cargo ?,mx,0,1,0,0,0,1,0,0,0,tan inteligent que con 29 años no ha termin la licenciatur que merit tien par desempeñ ese carg
932401712e96bdb24022ba1f50b0bd23,asuntosConacyt,1,Ya por el amor de Dios ya póngale un chingadazo a este sr y también nosotros que esperamos ya para ponerle un estate quieto solo se le avisa que ya no es candidato presidencial ya me tiene hasta la madre este sr pendejadas tras pendejadas ?!! Puro Stand Up,mx,2,1,0,0,0,1,0,0,0,ya por el amor de dios ya pongal un chingadaz a este sr y tambien nosotr que esper ya par pon un estat quiet sol se le avis que ya no es candidat presidencial ya me tien hast la madr este sr pendej tras pendej pur stand up
b5a820554de44a41249ae8d5b3c9b84e,asuntosConacyt,1,"Un aplauso para este señor, les está dando lo que merecen los 30 millones que votaron por el, que esperaban, alguien con doctorado en Harvard, 😂😂",mx,0,0,0,2,0,0,0,0,0,un aplaus par este señor les esta dand lo que merec los 30 millon que vot por el que esper algui con doctor en harvard cara_llorando_de_ris cara_llorando_de_ris
ed34d89cd66586e187b6eb92b4b11d25,asuntosConacyt,1,"La ignorancia,en n un mes acabaron con el Conacyt",mx,0,0,0,0,0,0,0,0,0,la ignor en n un mes acab con el conacyt
649b9354a57fc9008c958fa93fcebf12,asuntosConacyt,1,La ignorancia avanza una casilla,mx,0,0,0,0,0,0,0,0,0,la ignor avanz una casill
4fc0b337272f7516cd6e6b7a749dc0ea,asuntosConacyt,1,Los chairos le hacen a todo!!,mx,2,0,0,0,0,0,0,0,0,los chair le hac a tod
36b85b36bbb462978b43d19c869e2ac7,asuntosConacyt,1,Bienvenida compañera directora. Cierre las fronteras a los apátridas y tráigase a todos los fidelistas de la Isla. Saludos del camarada Putin.,mx,0,0,0,0,0,0,0,0,0,bienven compañer director cierr las fronter a los apatr y traig a tod los fidel de la isla salud del camar putin
7561927cb5aa8458d59dbd980a5fde55,asuntosConacyt,1,"Un retroceso de 50 años; cuanto desprecio por la ciencia de la 4a  ""Deformación"" .Que importante el papel de los medios al señalar absurdos.Cuantas perlas más nos esperan??????",mx,0,6,0,0,0,0,1,2,0,un retroces de 50 años cuant despreci por la cienci de la 4a deform que import el papel de los medi al señal absurd cuant perl mas nos esper
666617a4abb165366438d106ee5b903b,asuntosConacyt,1,Dice Dolores Padierna que lo recomendó por inteligente al nivel de Padierna cualquier persona con secundaria es muy inteligente,mx,0,0,0,0,0,0,0,0,0,dic dolor padiern que lo recomend por inteligent al nivel de padiern cualqui person con secundari es muy inteligent
754a68400b77b400e23e01d697d05cd2,asuntosConacyt,1,"@lopezobrador_  lo bueno es que usted no entrará en ninguna de estas mafias, ya que uno de sus requisitos es ser inteligente.",mx,0,0,0,0,0,2,0,0,0,[user] lo buen es que usted no entrar en ningun de estas mafi ya que uno de sus requisit es ser inteligent
2e51ed3b3ef9cd2515b5e2a90c76de79,asuntosConacyt,1,"Lo que es un hecho innegable, es que las políticas de enviar estudiantes mexicanos al extranjero durante años ( sic ) nos tienen en un magnífico nivel científico y académico. Hoy somos potencia mundial. Ojalá AMLO no elimine esos planes que han beneficiado tan claramente .",mx,0,0,1,0,0,1,0,0,0,lo que es un hech inneg es que las polit de envi estudi mexican al extranjer durant años sic nos tien en un magnif nivel cientif y academ hoy som potenci mundial ojal amlo no elimin esos plan que han benefici tan clar
af74d2a088e67fda0649e5350aa8c3cf,asuntosConacyt,1,"Totalmente de acuerdo, no vayan a ver que los países neoliberales son mejores que los de la izquierda latinoamericana.",mx,0,0,0,0,0,1,0,0,0,total de acuerd no vay a ver que los pais neoliberal son mejor que los de la izquierd latinoamerican
9ed7c70f2b66399d805949a7bc285e32,asuntosConacyt,1,Porque es un peligro tener gente educada....,mx,0,0,0,0,0,0,1,0,1,porqu es un peligr ten gent educ
cf6df26a234e8e83e1c8c6c46e1c5603,asuntosConacyt,1,"Si esta de la verga que ese wey sea subdirector. Sobretodo por su ""IMPREPARACION"" 😂😂😂😂😂  Por eso hay que ler!!",mx,2,0,1,5,0,0,1,2,0,si esta de la verg que ese wey sea subdirector sobretod por su imprepar cara_llorando_de_ris cara_llorando_de_ris cara_llorando_de_ris cara_llorando_de_ris cara_llorando_de_ris por eso hay que ler
170e482d6a137aae0257deae1b45e1d0,asuntosConacyt,1,Simplemente demuestra @ElenaBuylla que ella y su jefe sólo tienen 💩💩💩💩 en la cabeza!  Lo que buscan es tener pendejos a todos los mexicanos para mantenerse en el poder por decadas!!!,mx,4,0,0,4,0,0,2,0,0,simplement demuestr [user] que ella y su jef sol tien caca_con_oj caca_con_oj caca_con_oj caca_con_oj en la cabez lo que busc es ten pendej a tod los mexican par manten en el pod por dec
47d44291a810d90acf56c85b9add8627,asuntosConacyt,1,"¿Sabrá la titular del conacyt que cada vez que se come una tortilla, está comiendo maíz genéticamente modificado? Escudarse en la fobia a los transgenicos para justificar sus intransigencias dentro del instituto es una muestra más de su ineptitud para el cargo que ostenta",mx,0,2,0,0,0,0,0,0,0,sabr la titul del conacyt que cad vez que se com una tortill esta com maiz genet modific escud en la fobi a los transgen par justific sus intransigent dentr del institut es una muestr mas de su ineptitud par el carg que ostent
0802fa6a9fd726fd6265c7899308dc0e,asuntosConacyt,1,"Quiero denunciar a la Mafia de Marinela por reducirle la mermelada a sus pastelitos, y la Mafia de Sabritas por engañarnos con aire en sus empaques, el elotero de la iglesia ha de tener también su Mafia de los Esquítes porq no deja q nadie más venda por acá y no le pone cucharita",mx,0,0,0,0,0,3,0,0,0,quier denunci a la mafi de marinel por reduc la mermel a sus pastelit y la mafi de sabrit por engañ con air en sus empaqu el eloter de la iglesi ha de ten tambien su mafi de los esquit porq no dej q nadi mas vend por aca y no le pon cucharit
8e20ab90e923a3411972029b25723569,asuntosConacyt,1,Bravo chairos felicidades! ¿Por qué? Por pendejos,mx,1,2,0,0,0,0,0,0,0,brav chair felic por que por pendej
e35473e097b31930bd53700c1112f90e,asuntosConacyt,1,AMLO PIENZA QUE EL CONACYT ES BOUTIQUE O ZOOLÓGICO. PERO HAY QUE ENTENDERLO EL SR. APENAS SI TERMINO LA ESCUELA ES UN FÓSIL DE LA UNAM QUE PUEDE SABER DEL CONACYT.,mx,0,0,20,0,0,0,0,0,0,amlo pienz que el conacyt es boutiqu o zoolog per hay que entend el sr apen si termin la escuel es un fosil de la unam que pued sab del conacyt
0ab22788540381e0a83fd7de659b0d1d,asuntosConacyt,1,"Ay esta mafia de la ciencia!, que sólo quiere gente con títulos profesionales de maestrías y doctorados........",mx,1,0,0,0,0,0,1,0,2,ay esta mafi de la cienci que sol quier gent con titul profesional de maestr y doctor
1d0f3fcac0a4cd1f3d92829098cf6865,asuntosConacyt,1,La mafia de la ciencia y la mafia de la cultura,mx,0,0,0,0,0,0,0,0,0,la mafi de la cienci y la mafi de la cultur
7ccff477f34d521aa9bd98a1f66c6e42,asuntosConacyt,1,"Es perjudicial, tienen la capacidad de razonar.",mx,0,0,0,0,0,0,0,0,0,es perjudicial tien la capac de razon
be8538137e8ae01c523f18e0e343154f,asuntosConacyt,1,"Lo qué pasa que ella dice que inteligente el nuevo subdirector, pero a comparación de ella.",mx,0,0,0,0,0,0,0,0,0,lo que pas que ella dic que inteligent el nuev subdirector per a compar de ella
6bf4328f9401b241af7c1a4dfaf27688,asuntosConacyt,1,"@lopezobrador_  mire usted persiguiendo a esta investigadora realmente preparada, y en la ciudad de México le dan el cargo de Subdirector del Conacyt a una persona sin haber terminado la carrera y su único mérito es mandar nudes en redes para homeosuxuales.",mx,0,0,0,0,0,1,0,0,0,[user] mir usted persigu a esta investig realment prepar y en la ciud de mexic le dan el carg de subdirector del conacyt a una person sin hab termin la carrer y su unic merit es mand nud en red par homeosuxual
4d398862590262f5304bc62e238ac533,asuntosConacyt,1,"Si porque aprendes malas mañas,  como diseños de maquibaria, robotica, alta tecnologia., es mejor que se queden aqui a cultivar nopales y a robar combustible.",mx,0,0,0,0,0,0,0,0,0,si porqu aprend mal mañ com diseñ de maquibari robot alta tecnologi es mejor que se qued aqui a cultiv nopal y a rob combust
7db858892f44e435c5cf5a336363c039,asuntosConacyt,1,Seré breve.  ESTA LOCA!!!!,mx,4,0,2,0,0,0,1,0,0,ser brev esta loc
31c4d8b5af46ccddc9d9834d3cb10996,asuntosConacyt,1,"@abogadodemaria Hola Teacher ¡Menos mal! Yo pensé que era otra foto y noticia sobre Yalitza Aparicio y estuve a punto de exclamar ""Ya no por favor!""",mx,3,0,0,0,0,1,0,2,0,[user] hol teach men mal yo pens que era otra fot y notici sobr yalitz aparici y estuv a punt de exclam ya no por favor
191e21eee3978b5b9677ed848d36136c,asuntosConacyt,1,"Yo pienso disculpen Ustedes Chairos, dejen de leer este Twitt....Dolores Padierna le debe unos ""Favores""....mejor dicho unos ""PRIVADOS"" 🧖‍♂️🛏 que no le pago.....!!!",mx,3,0,1,3,0,1,4,4,3,yo piens disculp usted chair dej de leer este twitt dolor padiern le deb unos favor mejor dich unos priv hombre_en_una_saun cam que no le pag
9f5f5b33e1c89def77548674cc67fac0,asuntosConacyt,1,Es la que le diseña los vestidos a la Betty G,mx,0,0,0,0,0,0,0,0,0,es la que le diseñ los vest a la betty g
fa37e35fe16be914b5ff1f1911c41e9a,asuntosConacyt,1,"Digno reflejo de quien la nombró. ""no mandarlos al extranjero"", ""recorten presupuesto a investigación"" No vaya siendo qué aprendan algo útil",mx,0,0,0,0,0,2,0,4,0,dign reflej de qui la nombr no mand al extranjer recort presupuest a investig no vay siend que aprend algo util
5a7066d1313bb8b762d56ef501d16a2c,asuntosConacyt,1,Claro que hay mafia! Taibo es un ejemplo claro de eso,mx,1,0,0,0,0,0,0,0,0,clar que hay mafi taib es un ejempl clar de eso
23821e593a3b729c7842f50985bfe791,asuntosConacyt,1,¡¡¡ no mames !!! Si lo siguen cuestionando con el tema de las estancias infantiles ahora saldra con que es la mafia de los niños. Esta cabron!,mx,7,0,0,0,0,1,2,0,0,no mam si lo sig cuestion con el tem de las estanci infantil ahor saldr con que es la mafi de los niñ esta cabron
77c01803fbc3a4cc873168253f017eb1,asuntosConacyt,1,A que hora se cansa el ganso por favor!!! Es una pesadilla!!! No se puede con tanta ineptitud por parte de este gobierno 😣😱,mx,6,0,0,2,0,1,2,0,0,a que hor se cans el gans por favor es una pesadill no se pued con tant ineptitud por part de este gobiern cara_desesper cara_gritando_de_mied
38a49258d0275b7daef40a6d8d4a8aea,asuntosConacyt,1,Que barbaridad vamos de picada más rápido de lo esperado,mx,0,0,0,0,0,0,0,0,0,que barbar vam de pic mas rap de lo esper
bb91554c65c1c6df71621040fc59c922,asuntosConacyt,1,La estupidez de cuarta 🤦‍♂️,mx,0,0,0,2,0,0,0,0,0,la estupidez de cuart hombre_con_la_mano_en_la_frent
adb6845216aaf0e43af2bcad9354e58a,asuntosConacyt,1,Ahí la llevas @lopezobrador_ para ser el #AMLOpeorPresidente de la história en Mexico!!,mx,2,0,0,0,0,0,0,0,0,ahi la llev [user] par ser el amlopeorpresident de la histori en mexic
73b51fd2b88fa3b79cde84f5ea7d531b,asuntosConacyt,1,Perversa luego de pervertida @Dolores_PL stack a brown 😂,mx,0,0,0,1,0,0,0,0,0,pervers lueg de pervert [user] stack a brown cara_llorando_de_ris
ce42fc9dc49bb5b9442fde00cf1617a3,asuntosConacyt,1,Para pendejo no se estudia y sale uno maestro,mx,0,0,0,0,0,1,0,0,0,par pendej no se estudi y sal uno maestr
81c94fd1d82d77f7afca993c6aafd206,asuntosConacyt,1,"Ahora faltan el chichifo, el ""agrónomo "" en Pemex...",mx,0,0,0,0,0,0,1,2,1,ahor falt el chichif el agronom en pemex
50320583550c7d45dff60ce040f8c265,asuntosConacyt,1,AÑOS de experiencia....y supongo que madurez,mx,0,0,1,0,0,0,1,0,1,años de experient y supong que madurez
f63f48b3bcf767ee05bd61f9d6d58a86,asuntosConacyt,1,Se pondrá de moda una epidemia,mx,0,0,0,0,0,0,0,0,0,se pondr de mod una epidemi
55d9844c469ac8c6c5d553b2df925ddc,asuntosConacyt,1,"Todo en su contra, y para colmo la Padierna lo ventanea con su preferencia sexual, y como que tendría que ver si le gusta el arroz con popote? Pués muy su gusto, pero que le chingue al estudio que le falta HARTO por aprender, igual y acaba en menos de 14 años, como ya saben quien",mx,0,1,1,0,0,0,0,0,0,tod en su contr y par colm la padiern lo ventane con su preferent sexual y com que tendr que ver si le gust el arroz con popot pues muy su gust per que le ching al estudi que le falt hart por aprend igual y acab en men de 14 años com ya sab qui
f415ecbfb58fd24ceef16164075c6702,asuntosConacyt,1,Ya lo perdimos nuevamente !!,mx,2,0,0,0,0,0,0,0,0,ya lo perd nuev
3312961375ec35d9f2849f6d72226e9f,asuntosConacyt,1,Los mejores hombres y mujeres decía ... #andeleporpendejos,mx,0,0,0,0,0,0,1,0,1,los mejor hombr y mujer dec andeleporpendej
fa2d0334d704b21a072e0310caae23be,asuntosConacyt,1,Yaa amlo te estás haciendo fuera de la bacinica!!,mx,2,0,0,0,0,0,0,0,0,yaa amlo te estas hac fuer de la bacin
94e35650f2c0a4101d118bbfdfd0dc4a,asuntosConacyt,1,Wow!!! A lo que ha llegado esta transformación anacrónica y fundamentalista!! Para qué aprender en el extranjero si esto sólo va a dar lugar a que la gente se dé cuenta de lo mal que estamos con la 4T!!!,mx,8,0,0,0,0,0,2,0,0,wow a lo que ha lleg esta transform anacron y fundamental par que aprend en el extranjer si esto sol va a dar lug a que la gent se de cuent de lo mal que estam con la 4t
db97ba1afb36d7f03c250960995a894d,asuntosConacyt,1,"Muy mal por el #Conacyt, pésimo mensaje. Pero hablando de falta de preparación, aquel teacher que quizo entrevistar en inglés o que escribe ""impreparación""... no, pues estamos jodidos!",mx,1,0,0,0,0,1,1,2,1,muy mal por el conacyt pesim mensaj per habl de falt de prepar aquel teach que quiz entrevist en ingles o que escrib imprepar no pues estam jod
0b1feb0551951f1a41570bc4e58a1f60,asuntosConacyt,1,"En este pais hay gente que hoy puede ser diputado, y mañana astronauta, con la misma destreza. Solo necesitan recibir su nombramiento y listo!!!!",mx,4,0,0,0,0,0,1,0,0,en este pais hay gent que hoy pued ser diput y mañan astronaut con la mism destrez sol necesit recib su nombramient y list
468efe1de4eca79716e03663215cce2b,asuntosConacyt,1,"Estos de la 4T, ya nomás falta que renombren al organismo como CONASHIT.",mx,0,0,1,0,0,0,0,0,0,estos de la 4t ya nomas falt que renombr al organ com conashit
b61613de9303b8f1b22a11a5eb11240b,asuntosConacyt,1,"Osea que un estudiante de comunicación, fue quien legisló la constitución de la CDMX? mmmmta",mx,0,1,1,0,0,0,1,0,0,ose que un estudi de comun fue qui legisl la constitu de la cdmx mmta
544f7d0418e9cdd8bc66a2296ac07a76,asuntosConacyt,1,"Pero que sabe la directora por favor, explíquele, el universo y la estupidez humana son infinitos y ella es una ejemplo vivido de ello",mx,0,0,0,0,0,0,0,0,0,per que sab la director por favor expliquel el univers y la estupidez human son infinit y ella es una ejempl viv de ello
ce6b646f43fad7924d6235b0f44cfc3a,asuntosConacyt,1,"Excelente, ya nada más falta nuestro casi tocado por dios #AMLO @lopezobrador_ que anda en el mismo gap....",mx,0,0,1,0,0,1,1,0,1,excelent ya nad mas falt nuestr casi toc por dios amlo [user] que anda en el mism gap
b89ab598204b8eecbaed57762a8f468f,asuntosConacyt,1,"Día tras día, una tras otra, entre más hablan más se hunden. ¿La 4T es acaso un concurso de quién es el genio de la peor estupidez?",mx,0,2,0,0,0,0,0,0,0,dia tras dia una tras otra entre mas habl mas se hund la 4t es acas un concurs de quien es el geni de la peor estupidez
ad8fdb1f4d69349c3e778c4674943aa2,asuntosConacyt,1,Seguro también se está sintiendo tentada por los bienes raíces texanos...,mx,0,0,0,0,0,0,1,0,1,segur tambien se esta sint tent por los bien raic texan
4ed44a8d05b711bf9eadc04465ba2f9b,asuntosConacyt,1,"Pues ponen a Lutero a dirigir a la iglesia, que esperaban? La 4T es oscurantista, retrógrada, ignorante, rencorosa, inmoral e indecente.",mx,0,1,0,0,0,0,0,0,0,pues pon a luter a dirig a la iglesi que esper la 4t es oscurant retrogr ignor rencor inmoral e indecent
6099312740a989d942fbd2bbc73d9bc8,asuntosConacyt,1,Los molinos de viento de este personaje! Es presidente o plañidera?,mx,1,1,0,0,0,0,0,0,0,los molin de vient de este personaj es president o plañider
9db8d4aa02f51488f44638576b4277a9,asuntosConacyt,1,"Habla como borrachito más bien como teporocho, da pena ese señor",mx,0,0,0,0,0,0,0,0,0,habl com borrachit mas bien com teporoch da pen ese señor
0da8f52aec538f0fb61822c0030f3fc8,asuntosConacyt,1,Quien le quita la toalla del toallero ?,mx,0,1,0,0,0,0,0,0,0,qui le quit la toall del toaller
84fd427063b6a542f984af9793fec1f6,asuntosConacyt,1,"Imposible detener la fuga de cerebros en la 4T. Ya no es sálvese quien pueda, sino ¡SÁLGASE quien pueda, con o sin cerebro!",mx,2,0,1,0,0,3,0,0,0,impos deten la fug de cerebr en la 4t ya no es salves qui pued sin salg qui pued con o sin cerebr
cdab995b4192cc9050e382bd6e55aa0b,asuntosConacyt,1,Y a dónde le parece bien a la titular de @Conacyt_MX enviar a estudiar a los jóvenes? A Macuspana ?,mx,0,2,0,0,0,0,0,0,0,y a dond le parec bien a la titul de [user] envi a estudi a los joven a macuspan
b945c2e5d349146367400a24c8a5ff35,asuntosConacyt,1,#NoMamar  esto ya es el colmo!!! Todo es mafias!,mx,4,0,0,0,0,0,1,0,0,nomam esto ya es el colm tod es mafi
afb503056a1360a5d92d3c87eed4f3eb,asuntosConacyt,1,"NO AL DESTROYER DE INSTITUCIONES ... CLARO, ÉL QUIERE LAS SUYAS ...",mx,0,0,6,0,0,1,2,0,2,no al destroy de institu clar el quier las suy
f9958c5c9139937f498b8c0a4ecd6023,asuntosConacyt,1,¿Tendrá por ley que dejar de trabajar al menos un año? De lo contrario ; ¿será inmoral al contratarse en el sector privado? ¿le daría tiempo de haber hecho su cochinito?,mx,0,6,0,0,0,0,0,0,0,tendr por ley que dej de trabaj al men un año de lo contrari ser inmoral al contrat en el sector priv le dar tiemp de hab hech su cochinit
43af6d3d845077f154fd50b178e0bab5,asuntosConacyt,1,"Todo lo que les dictan, lo dicen y aplican, carajo! Si no pueden con la encomienda renuncien! Empezando por el intento de presidente!",mx,3,0,0,0,0,1,0,0,0,tod lo que les dict lo dic y aplic caraj si no pued con la encomiend renunci empez por el intent de president
cb1d83d239c2800455b6645e0460f387,asuntosConacyt,1,Que ser tan mas estúpido es este @lopezobrador_ tooooodo es mafia JAJAJAJAJA asi de paranoico e IDIOTA es..,mx,0,0,2,0,0,0,1,0,0,que ser tan mas estup es este [user] tood es mafi jajajajaj asi de paran e idiot es
96125cb4d80fc0a9b5c4d1e898388f9b,asuntosConacyt,1,"Lo de siempre: yo tengo otros datos. Abrazos, no balazos.",mx,0,0,0,0,0,1,0,0,0,lo de siempr yo teng otros dat abraz no balaz
568e757ac8c8ac1c8e6207d691a4c4a6,asuntosConacyt,0,"Lo más grave es que en la entrevista menciona que, el modelo científico que debemos seguir es el de Cuba. ¿De dónde salió ésta gente? Su visión del mundo es completamente anacrónica y desinformada.",mx,0,2,0,0,0,0,0,0,0,lo mas grav es que en la entrev mencion que el model cientif que deb segu es el de cub de dond sal esta gent su vision del mund es complet anacron y desinform
4d0800469d6becb0b2657a9e041fca62,asuntosConacyt,0,Y tanta gente capacitada que se fue a  la banca por causa de estos ineptos,mx,0,0,0,0,0,0,0,0,0,y tant gent capacit que se fue a la banc por caus de estos inept
e62c8324938aee5456999ca7493a8f0c,asuntosConacyt,0,De nada; si se van a gastar mis impuestos que mejor que sea en algo que nos mejore como país.,mx,0,0,0,0,0,1,0,0,0,de nad si se van a gast mis impuest que mejor que sea en algo que nos mejor com pais
42641693f123131981359c7bbc90dd73,asuntosConacyt,0,"Ellos quieren juventudes atrapadas en la ignorancia, que no salgan y vean lo que pasa en el mundo, que no aprendan. El dominio de AMLO SOBRE LOS CIUDADANOS SE BASE EN MANTENERLOS IGNORANTES Y DEPENDIENTES DEL GOBIERNO.",mx,0,0,10,0,0,2,0,0,0,ellos quier juventud atrap en la ignor que no salg y vean lo que pas en el mund que no aprend el domini de amlo sobr los ciudadan se bas en manten ignor y dependient del gobiern
a3a6f9e75831f317254c07dc54630916,asuntosConacyt,0,Y tu eres una pinche mafia de la huevonada y la incompetencia,mx,0,0,0,0,0,0,0,0,0,y tu eres una pinch mafi de la huevon y la incompetent
1701ed9efcc5fdd68606adc7aa0d10a1,asuntosConacyt,0,Increíble!!! Espero le hagan justicia a la Dra.  eso fue durante que período de Gob.? Ahorita o durante Peña?,mx,3,2,0,0,0,0,1,0,0,increibl esper le hag justici a la dra eso fue durant que period de gob ahorit o durant peñ
536a34203322d55aa108ac631640aaf2,asuntosConacyt,0,Estaría muy bien. Sin embargo a éstos se les juzga porque no se han cansado de criticar hasta el vómito lo corrupto que era todo antes de ellos!,mx,1,0,0,0,0,2,0,0,0,estar muy bien sin embarg a estos se les juzg porqu no se han cans de critic hast el vomit lo corrupt que era tod antes de ellos
f47d9c82abb0099a85b4e8156482d0af,asuntosConacyt,0,Quien lo critique siempre será una mafia y el enemigo 🙄🙄🙄🙄🙄,mx,0,0,0,5,0,0,1,0,0,qui lo critiqu siempr ser una mafi y el enemig cara_con_ojos_en_blanc cara_con_ojos_en_blanc cara_con_ojos_en_blanc cara_con_ojos_en_blanc cara_con_ojos_en_blanc
7b8af7124079dfd8d284fd5037a1d87c,asuntosConacyt,0,"Eso es actualmente,   el de la voz es el actual director adjunto...  Y la ""doctora Maria Elena"" a la que él se refiere,  es Hoy la directora de CONACYT  Mira de nuevo el video y seguro lo notaras",mx,0,0,1,0,0,0,2,2,1,eso es actual el de la voz es el actual director adjunt y la doctor mari elen a la que el se refier es hoy la director de conacyt mir de nuev el vide y segur lo not
cba9ad93b2dae603b9200405e2a108ba,asuntosConacyt,0,"@lopezobrador_ hay cabron, ¿ qué vamos a hacer contigo?,",mx,0,2,0,0,0,0,0,0,0,[user] hay cabron que vam a hac contig
35f8e0eba2290d9ab694d53609963a6d,asuntosConacyt,0,"Claro  como olvidar la frase mágica, todo son las mafias, seguro ellos mandaron al estriper, ala modista, ala de Vicky form, y Mayer y sus tarugadas, y así le vamos sumando, ni hablar , que se vayan rápido estos 6 años....",mx,0,0,0,0,0,1,1,0,1,clar com olvid la fras magic tod son las mafi segur ellos mand al estrip ala modist ala de vicky form y may y sus tarug y asi le vam sum ni habl que se vay rap estos 6 años
1295b96922f8a176b2d6344276059e08,asuntosConacyt,0,"¡!Qué qué!! Casi me desmayo. Por mucha austeridad, el conocimiento y sus alcances valen la formación de científicos para mejorar la realidad de un país. Es inversión. Eso es muy grave.",mx,4,0,0,0,0,0,0,0,0,que que casi me desmay por much auster el conoc y sus alcanc val la formacion de cientif par mejor la realid de un pais es inversion eso es muy grav
fb5a6bca407f1458b00eb03a4ec10e29,asuntosConacyt,0,Yo estoy convencido de que esta 4T debe de ser detenida antes de que ellos detengan el desarrollo del país por completo. #Gobiernode4ta,mx,0,0,0,0,0,0,0,0,0,yo estoy convenc de que esta 4t deb de ser deten antes de que ellos deteng el desarroll del pais por complet gobiernode4t
524a19b2138b24171a6f50dbc48d9244,asuntosConacyt,0,"Y sigue el NEPOTISMO y el pendejismo de @lopezobrador_ . Pero sigan aplaudiendo sus estupideces. Se le dijo, se les dice pero prefieren seguir tragándose un plato de mierda, servido por Andresito. Pues provecho.",mx,0,0,1,0,0,0,0,0,0,y sig el nepot y el pendej de [user] per sig aplaud sus estupidec se le dij se les dic per prefier segu trag un plat de mierd serv por andresit pues provech
9ef208aa221230263791874938b19418,asuntosConacyt,0,Creo que no solo es que nadie gane ma$ que el presidente @lopezobrador_ sino que nadie sepa más que él. Todo por sus ocurrencias e intereses para eleciones 2021. A seguir regalando en dinero a sus clientes políticos.,mx,0,0,0,0,0,4,0,0,0,cre que no sol es que nadi gan ma que el president [user] sin que nadi sep mas que el tod por sus ocurrent e interes par elecion 2021 a segu regal en diner a sus client polit
4e45425c3b0b3a2bbd732b3efc13aa04,asuntosConacyt,0,"Ningún distractor va a evitar destapar la cloaca de #corrupción en #Conacyt durante gobiernos del #PRIAN. Una corrupción, con 'subvenciones' a fondo perdido a transnacionales. Un saqueo del erario público superior a los 7. 000 mdp de la #EstafaMaestra.",mx,0,0,1,0,0,1,1,2,0,ningun distractor va a evit destap la cloac de corrupcion en conacyt durant gobi del pri una corrupcion con subvencion a fond perd a transnacional un saque del erari public superior a los 7 00 mdp de la estafamaestr
d68e7c55f0eadf3156a5df9552690881,asuntosConacyt,0,Lo bueno que en tres años nosotros podremos correr al actual presidente. REVOCAVION DE MANDATO. MEADE CANDIDATO.,mx,0,0,4,0,0,0,0,0,0,lo buen que en tres años nosotr podr corr al actual president revocavion de mandat mead candidat
9bc5ebac4116411c592a61ee95f88ad3,asuntosConacyt,0,"Que estudios tiene la directora puesta por Morena, se comparan con los de la Dra. Xoconostle?",mx,0,1,0,0,0,0,0,0,0,que estudi tien la director puest por moren se comp con los de la dra xoconostl
016fc3d4f41093214af2411c78532543,asuntosConacyt,0,Porquría de gobierno. Empezando por su cabeza:un tal amlo.1973-1987.Eso tardó en terminar su licencoatura con promedio de 7.7 Y es el presidente.Los pendejos están bien representados.,mx,0,0,0,0,0,0,0,0,0,porqur de gobiern empez por su cabez un tal amlo 1973 1987 eso tard en termin su licencoatur con promedi de 7 7 y es el president los pendej estan bien represent
0254e787bea6ab98e5f36546f374dfb2,asuntosConacyt,0,"La mafia de la ciencia, la califica un señor que no puede ni hablar!",mx,1,0,0,0,0,2,0,0,0,la mafi de la cienci la calif un señor que no pued ni habl
622b33887a8cf83fa7b6ce1c2cb36a85,asuntosConacyt,0,Chinga tu madre López Dóriga,mx,0,0,0,0,0,0,0,0,0,ching tu madr lopez dorig
42d42038cdfccad589e9c07fff3dc7a5,asuntosConacyt,0,"Pero no decían nada cuando perfiles vanos ocupaban puestos bien pagados en la ex dinastía del PRI, verdad señores?, apoyo su labor de periodismo pero sean objetivos. Señor @lopezdoriga ya tranquilícese un poco.",mx,0,1,1,0,0,2,0,0,0,per no dec nad cuand perfil van ocup puest bien pag en la ex dinast del pri verd señor apoy su labor de period per sean objet señor [user] ya tranquilices un poc
08cfd199ab4ee2b64f69b6943964f849,asuntosConacyt,0,"@lopezobrador_  Yo vote por tí, pero cómo es posible que pongas una diseñadora en ese puesto, me estás DECEPCIONANDO, Hay gente muy preparada aunque no pertenezca a un partido político a esos debés considerar y así creeré en la 4ta T",mx,0,0,1,0,0,1,0,0,0,[user] yo vot por ti per com es posibl que pong una diseñ en ese puest me estas decepcion hay gent muy prepar aunqu no pertenezc a un part polit a esos debes consider y asi cre en la 4ta t
9eedf5f323071aba37c7d192b22d8840,asuntosConacyt,0,Por supuesto que si no valoras a la gente culta y con educación académica es porque tus estudios académico son mediocres AMLO,mx,0,0,1,0,0,1,0,0,0,por supuest que si no valor a la gent cult y con educ academ es porqu tus estudi academ son mediocr amlo
008c0daa9369045c06cc213b9eec65a3,asuntosConacyt,0,diseñadora de modas en Comisión biodiversidad te caiste Amlo corrigelo ahora designa alguien con mérito y vocación now,mx,0,0,0,0,0,0,0,0,0,diseñ de mod en comision biodivers te caist amlo corrigel ahor design algui con merit y vocacion now
e914b0a00052eaf046c64ea29f6e67f5,asuntosConacyt,0,Tanta riqueza cultural que se adquiere estudiando en el extranjero que no imagino despojar de esa oportunidad a miles de personas con derecho a adquirirla.,mx,0,0,0,0,0,1,0,0,0,tant riquez cultural que se adquier estudi en el extranjer que no imagin despoj de esa oportun a mil de person con derech a adquir
e494e0bdf492de62148a8a4551eee1db,asuntosConacyt,0,La directora del Conacyt  también debería ser despedida. Ya nos enseñó la calidad y el nivel que pretende implementar en un espacio de ciencia y tecnología.,mx,0,0,0,0,0,0,0,0,0,la director del conacyt tambien deb ser desped ya nos enseñ la calid y el nivel que pretend implement en un espaci de cienci y tecnolog
e871eccef1ca1127db38b4708b258154,asuntosConacyt,0,"La mafia del poder; mafia de la ciencia, y mañana, sólo la mafia?",mx,0,1,0,0,0,0,0,0,0,la mafi del pod mafi de la cienci y mañan sol la mafi
55b791c67d7aa8e23891488ce829af00,asuntosConacyt,0,"Todo mundo se enteró primero de nivel académico, su edad y su ""carrera profesional"". Ni enterados estábamos de sus preferencias, así que el argumento de la Sra Padierna no tiene sustento.",mx,0,0,0,0,0,2,0,2,0,tod mund se enter primer de nivel academ su edad y su carrer profesional ni enter estab de sus preferent asi que el argument de la sra padiern no tien sustent
3a71f393f98c3a5d5c5a7edb8d4f9ffa,asuntosConacyt,0,"Por favor, analicen un poco, un tipo de 29 años estudiando comunicación, pero es un genio analizando temas constitucionales, CUAL DEDO NOS CHUPAMOS,  Y UD. SRA. PADIERNA, TAMPOCO SABÍA LO QUE HACIA, RENE BEJARANO, SIENDO SU ESPOSA....",mx,0,0,14,0,0,1,1,0,1,por favor analic un poc un tip de 29 años estudi comun per es un geni analiz tem constitucional cual ded nos chup y ud sra padiern tampoc sab lo que haci ren bejaran siend su espos
914dc41695d081f98091353bfebd42fe,asuntosConacyt,0,Se necesita ser muy bestia.,mx,0,0,0,0,0,0,0,0,0,se necesit ser muy besti
44d4df869527074cad7229500c0c8ad0,asuntosConacyt,0,"Esa mujer es la misma con Doctorado en Botánica en la Universidad de California en Berkeley (USA) graduada en marzo de 1992 y estudios posdoctorales en la Universidad de California La Jolla,San Diego(USA)?Tiene razón y poco cerebro! Es un desperdicio que haya ido al extranjero!",mx,2,1,2,0,0,0,0,0,0,esa muj es la mism con doctor en botan en la univers de californi en berkeley usa gradu en marz de 1992 y estudi posdoctoral en la univers de californi la joll san dieg usa tien razon y poc cerebr es un desperdici que hay ido al extranjer
0f4e6b2dd040aed01e05ae7fd7aba8b8,asuntosConacyt,0,Teacher... el tema es que entieden unos u otros por preparación e inteligencia. Con todo respeto oara @Dolores_PL ni uno ni otro,mx,0,0,0,0,0,2,1,0,1,teach el tem es que entied unos u otros por prepar e inteligent con tod respet oar [user] ni uno ni otro
9b31ef1700e2e17053b6bd748412cff1,asuntosConacyt,0,"Esto sí que es una mafia en el poder, y el gran capo es @lopezobrador_ . A donde vamos está claro. #Venezuela .",mx,0,0,0,0,0,0,0,0,0,esto si que es una mafi en el pod y el gran cap es [user] a dond vam esta clar venezuel
bd91db57c1b366803eb56ced41b73b2f,asuntosConacyt,0,"El problema no es que salgan del país, sino que no haya oportunidad laboral y por eso se quedan en el extranjero",mx,0,0,0,0,0,3,0,0,0,el problem no es que salg del pais sin que no hay oportun laboral y por eso se qued en el extranjer
c2cd2b68e8ba349634b4cb71db848f2c,asuntosConacyt,0,Échenle un ojo al equipo de @Claudiashein  ahí también hay gente de muy bajo perfil y tan campante en altos cargos.,mx,0,0,0,0,0,0,0,0,0,echenl un ojo al equip de [user] ahi tambien hay gent de muy baj perfil y tan campant en altos carg
a494d45b6b08ef6972ed00fb0db65e3e,asuntosConacyt,0,Las mismas tonterías de Maduro..todo es saboteo.,mx,0,0,0,0,0,0,0,0,0,las mism tont de madur tod es sabote
3ac72ebd6a5cef5aea83fc258e424fc5,asuntosConacyt,0,Y así como estos !!!!! Faltan muchos de quitar que no dan lo que se nesecita !!!! Bravo así se hace errores siempre hay pero lo importante es Rectificar !!! 👏👏👏👏👏👏👏👏👏👏🇲🇽,mx,12,0,0,10,0,1,4,0,0,y asi com estos falt much de quit que no dan lo que se nesecit brav asi se hac error siempr hay per lo import es rectific manos_aplaud manos_aplaud manos_aplaud manos_aplaud manos_aplaud manos_aplaud manos_aplaud manos_aplaud manos_aplaud manos_aplaud bandera_mex
a03ebfd09a6ca8000db4834b8755c855,asuntosConacyt,0,"Estupidez, tras estupidez. En este punto, los que me preocupan son mis hijos. La clase de país en el que les va a tocar vivir!",mx,1,0,0,0,0,0,0,0,0,estupidez tras estupidez en este punt los que me preocup son mis hij la clas de pais en el que les va a toc viv
8cf7fd6351a262aea616431624d274ba,asuntosConacyt,0,"Bien, un poco de pundonor, es de reconocerse. Faltan como 100 funcionarios más ( por lo pronto). Sr. Coordinador Nacional de Protección Civil, entre otros.",mx,0,0,0,0,0,0,0,0,0,bien un poc de pundonor es de reconoc falt com 100 funcionari mas por lo pront sr coordin nacional de proteccion civil entre otros
b3d31c9293cd8d03aaef1ca61b2a2902,asuntosConacyt,0,Entonces queda CLARO que nada a cambiado.,mx,0,0,1,0,0,1,0,0,0,entonc qued clar que nad a cambi
04590a79e7ebf3f4b20258c0be06713e,asuntosConacyt,0,Ahi si hay un mundo de diferencia entre un hombre k le hace favorcitos a Lola y otra al hombre k toda su vida a estudiado y tiene nocion de ĺo k es cultura o sea k no se pasen ahora si chole con ese pentonto igual k sergio mayer puro toto idiota k solo sabe encuerarse,mx,0,0,0,0,0,1,0,0,0,ahi si hay un mund de diferent entre un hombr k le hac favorcit a lol y otra al hombr k tod su vid a estudi y tien nocion de ĺo k es cultur o sea k no se pas ahor si chol con ese pentont igual k sergi may pur tot idiot k sol sab encuer
a42580dc8999cfbb02b2d468a8e49d60,asuntosConacyt,0,"Perdón, saldrá todos los días pero no contesta lo que se le pregunta, no lleva datos duros... qué no te enteras de las pifias que se echa??",mx,0,2,0,0,0,3,1,0,1,perdon saldr tod los dias per no contest lo que se le pregunt no llev dat dur que no te enter de las pifi que se echa
dd0ae375deb1c09e00d5829c7d03ae59,asuntosConacyt,0,"En MX solo hay dos mafias: 1) la de los verdaderos criminales, asaltantes, extorsionadores y secuestradores  y  2) la mafia del poder actual que no utiliza la investigación científica para terminar con la mafia #1.",mx,0,0,0,0,0,1,0,0,0,en mx sol hay dos mafi 1 la de los verdader criminal asalt extorsion y secuestr y 2 la mafi del pod actual que no utiliz la investig cientif par termin con la mafi 1
36a2b6ba356be34d5caba3c4fab7ece4,asuntosConacyt,0,@lopezobrador_ contrata personal con el perfil adecuado para el cargo y actividades asignadas.,mx,0,0,0,0,0,0,0,0,0,[user] contrat personal con el perfil adecu par el carg y activ asign
acc6afd4e091f59669f8ab34c2074d81,asuntosConacyt,0,Es una vieja bruja que creé que puede dar atole con el dedo como su jefe,mx,0,0,0,0,0,0,0,0,0,es una viej bruj que cre que pued dar atol con el ded com su jef
968dcd0be9b6085fbf6cbf570a887aec,asuntosConacyt,0,"Sigan enviando a sus hijos al extranjero, es lo mejor que pueden hacer como padres! A mi me enviaron a USA y me sirvió mucho. No sólo te sirve el aprender un nuevo idioma, te cambia la perspectiva de tu entorno 🌍. Sirve para toda tu vida.  Sí, soy Fifí y qué coños!!??",mx,3,2,1,1,0,1,0,0,0,sig envi a sus hij al extranjer es lo mejor que pued hac com padr a mi me envi a usa y me sirv much no sol te sirv el aprend un nuev idiom te cambi la perspect de tu entorn globo_terraqueo_mostrando_europa_y_afr sirv par tod tu vid si soy fif y que coñ
997226fe1ea3cc012771fe5ed01e9d37,asuntosConacyt,0,"Pues mira, principalmente a Estados Unidos, aunque no son pocos los que estudian en Europa, y hasta Japón. Contrario a lo que se piensa, la enorme mayoría regresa, y lejos de la calumnia presidencial, no aprendieron ""malas mañas"" allá. El CONACYT se ideó para que...1/2",mx,0,0,1,0,0,2,1,2,1,pues mir principal a estad unid aunqu no son poc los que estudi en europ y hast japon contrari a lo que se piens la enorm mayor regres y lej de la calumni presidencial no aprend mal mañ alla el conacyt se ide par que 1 2
bacb208f490a939c908fda55d5735b2f,asuntosConacyt,0,"Yo creo que algo le sabe a la padierna pues no da paso sin Huarache . No dudo que lo vea muy talentoso y guapo pero que no existirá en México una persona preparada para el cargo, que pueda además sustentado con estudios y experiencia. Q humillación para ellos",mx,0,0,0,0,0,4,0,0,0,yo cre que algo le sab a la padiern pues no da pas sin huarach no dud que lo vea muy talent y guap per que no exist en mexic una person prepar par el carg que pued ademas sustent con estudi y experient q humill par ellos
d179a884f3ad2fd82f2f27d7fb3d0dd2,asuntosConacyt,0,"Ha resultado que los reaccionarios han dado a conocer notas falsas para golpear al gobierno de AMLO, yo prefiero investigar y no creer sólo lo que recibo de información y menos cuando quién la dice no tiene credibilidad.",mx,0,0,1,0,0,2,0,0,0,ha result que los reaccionari han dad a conoc not fals par golp al gobiern de amlo yo prefier investig y no cre sol lo que recib de inform y men cuand quien la dic no tien credibil
2fd19cb98448f4095133c207e262dca7,asuntosConacyt,0,"Estoy de acuerdo , hay personajes  de Morena q se manejan como si fueran los tiempos del PRI , ha quedado demostrado que la 4T, tiene q trabajar desde adentro hacia fuera , es inexplicable que sacrifiquen a su gente al escarnio público ,tía @tatclouthier su ayuda, @jenarovillamil",mx,0,0,1,0,0,0,0,0,0,estoy de acuerd hay personaj de moren q se manej com si fuer los tiemp del pri ha qued demostr que la 4t tien q trabaj desd adentr haci fuer es inexplic que sacrifiqu a su gent al escarni public tia [user] su ayud [user]
564390614593327e63e2886a776e9fa8,asuntosConacyt,0,"Tiene sentido.  Los objetivos de López son claros: destrucción, regresión, aislamiento. El mundo le aterra, para él es sinónimo de pensamiento crítico, progreso y 'malas mañas"", enemigos de su arcaica y nociva visión.",mx,0,0,0,0,0,0,0,2,0,tien sent los objet de lopez son clar destruccion regresion aislamient el mund le aterr par el es sinonim de pensamient critic progres y mal mañ enemig de su arcaic y nociv vision
613b2a5e71d6dfcce3059d4432181f3a,asuntosConacyt,0,"Las becas en el extranjero es un Gran Premio al estudio, al talento, a la inteligencia...sin estas becas no tendríamos a grandes creadores,artistas, científicos...No condenes a Mexico a la mediocridad. Ya basta, funcionarios de quinta tomando estas decisiones para halagar al PG",mx,0,0,0,0,0,3,2,0,2,las bec en el extranjer es un gran premi al estudi al talent a la inteligent sin estas bec no tendr a grand creador artist cientif no conden a mexic a la mediocr ya bast funcionari de quint tom estas decision par halag al pg
c20b7cc5f37ea8663353a2338d444485,asuntosConacyt,0,Increíble que estos tiempos haya gente con esos shocks cerebrales que tanto afectan ... Piedad por ella.,mx,0,0,0,0,0,0,1,0,1,increibl que estos tiemp hay gent con esos shocks cerebral que tant afect pied por ella
7e5f915c7bce107732983e32e45fff8e,asuntosConacyt,0,Increíble que ella que tuvo la oportunidad ahora la niegue a los jóvenes la posibilidad de prepararse en otras universidades.,mx,0,0,0,0,0,0,0,0,0,increibl que ella que tuv la oportun ahor la nieg a los joven la posibil de prepar en otras univers
b45cac46a6633ade88f8e3badec2ec78,asuntosConacyt,0,"Y que estudien en este país sin apoyos, sin becas, y con estudiantes de subdirectores??? Estamos jodido mexicanos",mx,0,3,0,0,0,2,1,0,0,y que estudi en este pais sin apoy sin bec y con estudi de subdirector estam jod mexican
c61db0bb78d23da317b451ee1186035e,asuntosConacyt,0,¿Pusieron un homeópata en @Conacyt_MX? #PresidenteDe4a @lopezobrador_,mx,0,2,0,0,0,0,0,0,0,pus un homeopat en [user] presidentede4 [user]
f9afd2532afa7f50cf214dd2060069a1,asuntosConacyt,0,Se me hace que le está dando para sus twinkis a la @Dolores_PL 🤔,mx,0,0,0,1,0,0,0,0,0,se me hac que le esta dand par sus twinkis a la [user] cara_pens
9bcb9d252a8564dc1c712fdd397b4173,asuntosConacyt,0,"-y tampoco con tanto nivel académico- neta dijo eso????????? El mismo que propone gentuza con licenciaturas truncas (y son las más fáciles de cursar) a lo mucho, sin contar que se tardó 14 años este viejo en acabar una licenciatura de 3 (470% más del tiempo normal)",mx,0,9,0,0,0,2,1,0,0,y tampoc con tant nivel academ net dij eso el mism que propon gentuz con licenciatur trunc y son las mas facil de curs a lo much sin cont que se tard 14 años este viej en acab una licenciatur de 3 470 mas del tiemp normal
757c7a0e75dc149847b0d671842bed54,asuntosConacyt,0,"El amiguismo a todo lo que da en la 4T, Teacher.",mx,0,0,0,0,0,0,0,0,0,el amigu a tod lo que da en la 4t teach
fe31a66547bb371ccf4a35ac937937c2,asuntosConacyt,0,"Sencillamente no tiene la capacidad que se necesita en un Cargo de esos, y es por amiguismo su puesto, así que cambienlo 😎",mx,0,0,0,1,0,1,0,0,0,sencill no tien la capac que se necesit en un carg de esos y es por amigu su puest asi que cambienl cara_sonriendo_con_gafas_de_sol
c20441e3e0d158184b26597e60e44b4f,asuntosConacyt,0,Que se vaya a consulta popular entre los científicos y estudiantes que están relacionados al CONACYT.,mx,0,0,1,0,0,0,0,0,0,que se vay a consult popul entre los cientif y estudi que estan relacion al conacyt
6aee7a4886537db51bf07abed39264bd,asuntosConacyt,0,"Me sorprende tanta mención de Venezuela en todo lo que sucede en MÉXICO, nuestro Gobierno no llegó al mandato por guerra, ni por ser impuesto, como los prianistas, llegó por voto, Así que dejen de tener miedo, ahora resulta,¿donde estuvieron mientras SAQUEARON al País?",mx,0,2,2,0,0,2,0,0,0,me sorprend tant mencion de venezuel en tod lo que suced en mexic nuestr gobiern no lleg al mandat por guerr ni por ser impuest com los prianist lleg por vot asi que dej de ten mied ahor result dond estuv mientr saqu al pais
0ad7769672161ad571aec67d8e851277,asuntosConacyt,0,"Shut up, gachupin corrupto. No tienes autoridad moral para opinar. Has perjudicado mucho a Mexico. Regresate a tu pais, los mexicanos no te queremos aqui.",mx,0,0,0,0,0,2,0,0,0,shut up gachupin corrupt no tien autor moral par opin has perjudic much a mexic regresat a tu pais los mexican no te quer aqui
140ebbdbafbf32b689b4133f90511671,asuntosConacyt,0,Esta nota es por los despidos o para defender transgénicos ?,mx,0,1,0,0,0,0,0,0,0,esta not es por los desp o par defend transgen
4943012a7af9eb3d48982e58dfca3223,asuntosConacyt,0,Muy bien así hubiera estado la prensa cuando estaba el pri y pan pero les temblaba mal bibrosos,mx,0,0,0,0,0,0,0,0,0,muy bien asi hub estad la prens cuand estab el pri y pan per les tembl mal bibros
96a2c2519c50d8d4c48ce0a0ae72b604,asuntosConacyt,0,"Aaaaaaa no se hagan pendejos si hasta @lopezdoriga también gozó del amigismo, compadrazgo , etc, etc ,, y siempre a existido",mx,0,0,0,0,0,1,1,0,0,aaa no se hag pendej si hast [user] tambien goz del amig compadrazg etc etc y siempr a exist
50c7924f6c9cb93fb416e907e4a47f95,asuntosConacyt,0,"Al subdirector del Conacyt no lo cambiarán, redacta discursos, escribe poesía grosera, anda medio encuerado, es fósil, seguro sus fans son Taibo, Müller, y la Lola Padierna, y nada cambiará no importa la indignación, y cuánto reclamen fue dedazo.",mx,0,0,0,0,0,3,0,0,0,al subdirector del conacyt no lo cambi redact discurs escrib poes groser anda medi encuer es fosil segur sus fans son taib müll y la lol padiern y nad cambi no import la indign y cuant reclam fue dedaz
575aa6ef41b7d681bc0c29f3248bff4f,asuntosConacyt,0,Acaso sabra de dicho tema la directora!!!,mx,3,0,0,0,0,0,1,0,0,acas sabr de dich tem la director
02d1f14d6f1bda0718a5c3e29eae9159,asuntosConacyt,0,"Como estamos en la etapa de la intolerancia hacia el rechazo de género y hay muchos resentiditos, esta mujer aprovecha para echarlos a pelear, pero sigo pensando que millones de la comunidad gay son más inteligentes que una provocadora que les patea el avispero.",mx,0,0,0,0,0,0,0,0,0,com estam en la etap de la intoler haci el rechaz de gener y hay much resentidit esta muj aprovech par echarl a pel per sig pens que millon de la comun gay son mas inteligent que una provoc que les pate el avisper
042b86c528faad75f726d736490d3d72,asuntosConacyt,0,"Por favor Diosito ya llévatelo, que pensaban esos malditos chairos, por qué votaron por este engaña pendejos, bueno ahí se nota el nivel de preparación en México.",mx,0,0,0,0,0,0,0,0,0,por favor diosit ya llevatel que pens esos maldit chair por que vot por este engañ pendej buen ahi se not el nivel de prepar en mexic
d258a54d5c7ad56bc2207ced4cf93f91,asuntosConacyt,0,"El mensaje es, aquí mando yo, me canso ganzo, lástima de mi hermoso México.",mx,0,0,0,0,0,0,0,0,0,el mensaj es aqu mand yo me cans ganz lastim de mi hermos mexic
db720027e2561159778a653bd6a8bf65,asuntosConacyt,0,"Ahi si aplica..  ""ya sientese señora"".. todo todo está mal en este gobierno de merde",mx,0,0,0,0,0,0,0,2,0,ahi si aplic ya sientes señor tod tod esta mal en este gobiern de merd
f3bfebfc5d9b77062ad95b9d46225122,asuntosConacyt,0,"TAN NO IMPORTAN LOS SUELDOS QUÉ A TI CON DATOS DUROS, DEVENGADAS POR NOTICIAS FALSAS Y ANUNCIOS PEDORROS MILLONES DE PESOS, NO POR NADA EL RESPETABLE DR. JALIFE HA DENUNCIADO TU FORTUNA EN 1000 MIL MILLONES DE DÓLARES. LADRÓN DOBLE MORAL.",mx,0,0,28,0,0,3,1,0,0,tan no import los sueld que a ti con dat dur deveng por notici fals y anunci pedorr millon de pes no por nad el respet dr jalif ha denunci tu fortun en 100 mil millon de dolar ladron dobl moral
a6886e1050161898e1ef7cfaaadec8fd,asuntosConacyt,0,"Que desvergüenza de mujer !! Ella y su amigo  el Peje no han entendido nada, y se atreven a hablar de corrupción, favoritismo, nepotismo ???? 🤮🤮",mx,2,4,0,2,0,2,1,0,0,que desvergüenz de muj ella y su amig el pej no han entend nad y se atrev a habl de corrupcion favorit nepot cara_vomit cara_vomit
737dc94920c41f9c307c19e370afddb9,asuntosConacyt,0,Es increíble que la mayoría de las personas se esfuerzan en estudiar para estar en condiciones de llegar a tener un buen trabajo y algunos qué ya estaban trabajando han quedado desempleados y su trabajo gracias a la cuarta transformación se lo dan a quién no estudió,mx,0,0,0,0,0,1,0,0,0,es increibl que la mayor de las person se esfuerz en estudi par estar en condicion de lleg a ten un buen trabaj y algun que ya estab trabaj han qued desempl y su trabaj graci a la cuart transform se lo dan a quien no estud
d71d4e7252eaea0585ca4a786502ba01,asuntosConacyt,0,"Habrá que investigar cuánto tiempo llevaban ahí, quien los contrató y cuáles fueron sus acciones!",mx,1,0,0,0,0,0,0,0,0,habr que investig cuant tiemp llev ahi qui los contrat y cual fueron sus accion
b1b440cbbd302c82ad48c51ef175446b,asuntosConacyt,0,Así lo estamos haciendo. Master of Engineering in Oil and Gas por la University of Western Australia. No les fallaremos. 🙌,mx,0,0,0,1,0,1,0,0,0,asi lo estam hac mast of engineering in oil and gas por la university of western australi no les fall manos_levantadas_celebr
0c7411622d165b633512cc3ece70abe4,asuntosConacyt,0,Pues si esta mujer es igual de ignorante !!,mx,2,0,0,0,0,0,0,0,0,pues si esta muj es igual de ignor
c0539ee49b273625ea82bf5071a1bb9f,asuntosConacyt,0,"si esa es la entrevista que da la directora, puedo creer que el CONACYT es otra victima del gobierno de amlo",mx,0,0,1,0,0,0,0,0,0,si esa es la entrev que da la director pued cre que el conacyt es otra victim del gobiern de amlo
20224515ca52dd6c5524c089e8ca923d,asuntosConacyt,0,La mafia de la ignorancia contra la ciencia y la academia,mx,0,0,0,0,0,0,0,0,0,la mafi de la ignor contr la cienci y la academi
bda2be53f1fdbc98bc5b9b2cb29ea030,asuntosConacyt,0,"Inconcebible e injustificable. Absolutamente inmoral. Es mejor señalar el error que solaparlo, por el bien de Mexico.",mx,0,0,0,0,0,0,0,0,0,inconceb e injustific absolut inmoral es mejor señal el error que solap por el bien de mexic
69fbea8da3912ae1de244eb9a113e780,asuntosConacyt,0,Actitud anti-científica y rabiosa que ciertamente corresponde al proceder de Elenita en sus diferentes tratos.,mx,0,0,0,0,0,0,0,0,0,actitud anti cientif y rabios que ciert correspond al proced de elenit en sus diferent trat
eec5e2de3293c6b8435b2adba3142e9e,asuntosConacyt,0,"Acuérdense que dijo don @lopezobrador_ sobre ese tipo de cultivos. Ese imbecil quiere regresar el campo a la era de la yunta y el machete, que porque es más moral y menos contaminado",mx,0,0,0,0,0,0,0,0,0,acuerdens que dij don [user] sobr ese tip de cultiv ese imbecil quier regres el camp a la era de la yunt y el machet que porqu es mas moral y men contamin
5a96acd62cdba198344c529819666cf4,asuntosConacyt,0,es lo que cae gordo de la 4t porque los cuates ineptos en puestos de desarrollo del país ?? Eso es corrupción,mx,0,2,0,0,0,0,0,0,0,es lo que cae gord de la 4t porqu los cuat inept en puest de desarroll del pais eso es corrupcion
72143df4fe518179bed1b27a686c6a81,asuntosConacyt,0,Morena la desgracia de México,mx,0,0,0,0,0,0,0,0,0,moren la desgraci de mexic
cbebf07298f6bfaa017319b6a9ed412e,asuntosConacyt,0,"De verdad alguien creía que el mesías seria el cambio?  Todos los partidos son lo mismo, se necesita una revolución",mx,0,1,0,0,0,0,0,0,0,de verd algui cre que el mes seri el cambi tod los part son lo mism se necesit una revolu
c7b1138b67fc4463f327a5dd0cae93d2,asuntosConacyt,0,"Cierra tu ocico pinche viejo lacra, Investiga la corrupción dentro del conacyt, lleva años puro pinche corrupto",mx,0,0,0,0,0,0,0,0,0,cierr tu ocic pinch viej lacr investig la corrupcion dentr del conacyt llev años pur pinch corrupt
f7265ecc3c4aeeb7927e97a8dcf67bca,asuntosConacyt,0,Lo dicho. Estamos en el sexenio del oscurantismo y la cerrazón.,mx,0,0,0,0,0,0,0,0,0,lo dich estam en el sexeni del oscurant y la cerrazon
1d00424c675fae9841295a6f25f7ed1a,asuntosConacyt,0,Es una pobre pendeja la nueva titular del Conacyt. He dicho,mx,0,0,0,0,0,0,0,0,0,es una pobr pendej la nuev titul del conacyt he dich
d423d0dcbe3a287b8169dbfc7fbf30bc,asuntosConacyt,0,Qué pensamiento tan retrógrada! De pena ajena!,mx,2,0,0,0,0,0,0,0,0,que pensamient tan retrogr de pen ajen
55324f973ffc953cc4b4d1b1c4ba7b4c,asuntosConacyt,0,Intelectualidá 🤐🤐🤢🤢🤢🤢... Ese premio nacional de ciencias 2017 fue otorgado por la misma mafia que critica o cómo fue?,mx,0,1,0,6,0,0,2,0,1,intelectualid cara_con_la_boca_cerrada_con_cremaller cara_con_la_boca_cerrada_con_cremaller cara_de_naus cara_de_naus cara_de_naus cara_de_naus ese premi nacional de cienci 2017 fue otorg por la mism mafi que critic o com fue
5e9dbf6f9670313fba796370566d418f,asuntosConacyt,0,Y otros más que no se quedan atrás @rocionahle y @Irma_Sandoval,mx,0,0,0,0,0,1,0,0,0,y otros mas que no se qued atras [user] y [user]
56430323f3668ddbac193cb0cefe9093,asuntosConacyt,0,"Mientras tanto China y la India envían hordas de sus mejores estudiantes a Universidades de Europa y EEUU, luego repatrían masivamente el know how y, pues ya ven los resultados. 🤓",mx,0,0,1,1,0,0,0,0,0,mientr tant chin y la indi envi hord de sus mejor estudi a univers de europ y eeuu lueg repatr masiv el know how y pues ya ven los result cara_de_empollon
5ec1e0519c00ee3b59ff0687c130f1c1,asuntosConacyt,0,"Esto es una pena presidente @lopezobrador_ @ElenaBuylla @Conacyt_MX. Solicitamos personas con que  cumplan el perfil y más idóneas para el puesto. Uds. prometieron acabar con el amiguismo, nepotismo, la cuatitud. Ccp. @danielamalpican, @julioastillero, @lydiacachosi",mx,0,0,0,0,0,0,0,0,0,esto es una pen president [user] [user] [user] solicit person con que cumpl el perfil y mas idon par el puest uds promet acab con el amigu nepot la cuatitud ccp [user] [user] [user]
406d3b4ceff24b3111692e48b70aefc1,asuntosConacyt,0,Es incomprensible el grado de mediocridad de este gobierno. Quieren ciudadanos ignorantes para que sean más manipulables aún,mx,0,0,0,0,0,0,0,0,0,es incomprens el grad de mediocr de este gobiern quier ciudadan ignor par que sean mas manipul aun
cabb6d657659589f90ab56f7c9e3ebc3,asuntosConacyt,0,como dice @JuanIZavala la ahora #CONASHYT,mx,0,0,1,0,0,0,0,0,0,com dic [user] la ahor conashyt
3a0f03745a66c017f217c06fc69b0667,asuntosConacyt,0,Las reglas cambian.. Los dogmas también... Pero lo que no queda claro es que las prioridades son las mismas y aún con mayor urgencia.,mx,0,0,0,0,0,1,1,0,1,las regl cambi los dogm tambien per lo que no qued clar es que las prioridad son las mism y aun con mayor urgenci
82c68f03f714414b549f1ca2fae3e7a4,asuntosConacyt,0,"Jajajajajajaj viendo tanto comentario pendejo, veo q siguen apoyando al pri y al pan q desde hace un putazo de tiempo, nos tienen empinados a todos, y viendo al actual gobierno q empieza hacer pocas cosas buenas estan chingando... q lastima q no nos conformemos con nada",mx,0,0,0,0,0,2,1,0,1,jajajajajajaj viend tant comentari pendej veo q sig apoy al pri y al pan q desd hac un putaz de tiemp nos tien empin a tod y viend al actual gobiern q empiez hac poc cos buen estan ching q lastim q no nos conform con nad
b1977fac976b1c7cbe5322039984a8ec,asuntosConacyt,0,Al más puro estilo stalinista y chavista!! Eso es abuso de poder y violatorio de los derechos humanos.,mx,2,0,0,0,0,0,0,0,0,al mas pur estil stalin y chavist eso es abus de pod y violatori de los derech human
cfb9914398ea5c98f823d245bdde8cd4,asuntosConacyt,0,"Curiosa su posición cuando en puestos claves hay puro inepto, sin carrera o carrera trunca. ¿Cuba tiene muy poco o podría ofrecer lo que Harvard, Yale, Cal Tech, MIT, Oxford, cambridge etc?",mx,0,2,1,0,0,1,0,0,0,curios su posicion cuand en puest clav hay pur inept sin carrer o carrer trunc cub tien muy poc o podr ofrec lo que harvard yal cal tech mit oxford cambridg etc
1e050684cc8dd4b505dbab17a10857b0,asuntosConacyt,0,Y puden investigar por que @Claudiashein impuso a un director en el heroico cuerpo de bomberos de la CDMX que no es bombero,mx,0,0,1,0,0,1,0,0,0,y pud investig por que [user] impus a un director en el heroic cuerp de bomber de la cdmx que no es bomber
dc8dbf511e460b7204ff0454b44344e6,asuntosConacyt,0,Y por ese pendejo votaron.,mx,0,0,0,0,0,0,0,0,0,y por ese pendej vot
b86975348d1f40f72de7f82b17a56e0a,asuntosConacyt,0,"Me cuesta trabajo creer lo que dice.... Aquí definitivamente no estoy de acuerdo. Si los estudiantes no regresan, es porque nuestro país no tiene nada que ofrecerles.",mx,0,0,0,0,0,4,1,0,1,me cuest trabaj cre lo que dic aqu definit no estoy de acuerd si los estudi no regres es porqu nuestr pais no tien nad que ofrec
d0d30868844a763b4940f83eaec09dc4,asuntosConacyt,0,"No por la edad y el grado de estudios deja de ser inteligente, pudo tener  tropiezos que le impidieron hacer sus estudios cuando correspondía. Pero que por ser ""gay"" ¿lo discriminen? Por favor, cuántas personas con estas preferencias hay en el gobierno desde hace mucho.",mx,0,2,0,0,0,1,0,2,0,no por la edad y el grad de estudi dej de ser inteligent pud ten tropiez que le impid hac sus estudi cuand correspond per que por ser gay lo discrimin por favor cuant person con estas preferent hay en el gobiern desd hac much
fdd62c91c7ee0b8d6545eefa6b19a554,asuntosConacyt,0,Lanota es la que se están llevando haciendo estupideces Y contratando a puro pendejo,mx,0,0,0,0,0,0,0,0,0,lanot es la que se estan llev hac estupidec y contrat a pur pendej
0eca9a0a2dc918a7642e1317d6d8cae8,asuntosConacyt,0,"@GobiernoMX @Conacyt_MX tomen nota, se apreciara considerar u tomar acciones sobre lo aquí comentado.",mx,0,0,0,0,0,0,0,0,0,[user] [user] tom not se apreci consider u tom accion sobr lo aqu coment
352e2826bf116cf2e8cf6d9dea0267db,asuntosConacyt,0,son lo más chato que he visto en mi larga vida...,mx,0,0,0,0,0,0,1,0,1,son lo mas chat que he vist en mi larg vid
4188a308407367abdfe4c6e3dadbe5fe,asuntosConacyt,0,"Todo aquello que sea contrapeso del poder vertical del presidente, será acusado de traición a la patria y desmantelado .",mx,0,0,0,0,0,0,0,0,0,tod aquell que sea contrapes del pod vertical del president ser acus de traicion a la patri y desmantel
d23b1e3e81d4e43d296f2ab852b97375,asuntosConacyt,0,Nepotismo ? + Corrupcion ? + Mentiras ? + Negligencia ? = @lopezobrador_  + @yeidckol  + @PartidoMorenaMx,mx,0,4,0,0,0,0,0,0,0,nepot corrupcion mentir negligent [user] [user] [user]
7ff876f66b0c50464e9a70a9938290ec,asuntosConacyt,0,Porque no hablas de caso de tu colega Aristegui!!no mencionas nada!!,mx,4,0,0,0,0,3,0,0,0,porqu no habl de cas de tu coleg aristegui no mencion nad
8f6fc0ff2395b77a8fd7843266c6838e,asuntosConacyt,0,A la @CNDH . Se quedó muy quieto a pesar del trancazo que le metieron al decirle “póngase a trabajar”,mx,0,0,1,0,0,0,0,2,0,a la [user] se qued muy quiet a pes del trancaz que le met al dec pong a trabaj
053be690a022b8917a134c666dde774e,asuntosConacyt,0,"Amigos, incondicionales, compadres, espos@s, amantes, así se ganan los cargos en la 4a Transformación",mx,0,0,0,0,0,0,0,0,0,amig incondicional compadr espos[user] amant asi se gan los carg en la 4a transform
0e5ce3fed7d1189b34027af77c306109,asuntosConacyt,0,Pero usted @elnocturno ya lo advertía,mx,0,0,0,0,0,0,0,0,0,per usted [user] ya lo advert
37e6d2848621f1818f82beb71e53f063,asuntosConacyt,0,"Este pendejo de @lopezobrador_ ya no sabe ni de dónde agarrarse pra revivir su discurso, pobre pendejo, cada vez se queda sin ideas, sin argumentos, y menos pruebas pra todo lo que hociconea.",mx,0,0,0,0,0,4,0,0,0,este pendej de [user] ya no sab ni de dond agarr pra reviv su discurs pobr pendej cad vez se qued sin ide sin argument y men prueb pra tod lo que hocicone
8a5891d023ddcec9619f29f6fca85632,asuntosConacyt,0,"Se quejan de los anteriores, pero ellos son, lo mismo pero, igual, lastima de mi hermoso México.",mx,0,0,0,0,0,0,0,0,0,se quej de los anterior per ellos son lo mism per igual lastim de mi hermos mexic
0e6f32425287c71132dd132b6a8304ba,asuntosConacyt,0,Y porque no vas a las mañaneras a decírselo a @lopezobrador_ ????,mx,0,4,0,0,0,1,1,0,0,y porqu no vas a las mañaner a dec a [user]
e1acfa00034982120ad220d6ca9891dc,asuntosConacyt,0,"Si el ejemplo a seguir va a ser Cuba...Pues sí, buenos científicos. Pero presos de su gobierno y con mucha hambre.",mx,0,0,0,0,0,0,1,0,1,si el ejempl a segu va a ser cub pues si buen cientif per pres de su gobiern y con much hambr
fe0f0661e5ff1e58453ca8d21421fc80,asuntosConacyt,0,No tiene el perfil y mocho menos el nivel. Su cargo huele a NEPOTISMO PURO,mx,0,0,2,0,0,1,0,0,0,no tien el perfil y moch men el nivel su carg huel a nepot pur
ae10445551fa8336f53b458c122c1fee,asuntosConacyt,0,"Injusto ya que un médico titulado que está haciendo una residencia en un hospital público gana una miseria trabajando más de 8 horas y guardias. Este fósil gana más de $40,000  por ser protegido de la Padierna no se vale.",mx,0,0,0,0,0,1,1,0,0,injust ya que un medic titul que esta hac una resident en un hospital public gan una miseri trabaj mas de 8 hor y guardi este fosil gan mas de 40 00 por ser proteg de la padiern no se val
cbee733efde35090ad9398da9cac03a2,asuntosConacyt,0,Lo que no quiere ver la nueva titular del Conacyt es que no obtienes una plaza de trabajo como investigador sino tiene estudios en el extranjero... Como el postdoctorado.,mx,0,0,0,0,0,3,1,0,1,lo que no quier ver la nuev titul del conacyt es que no obtien una plaz de trabaj com investig sin tien estudi en el extranjer com el postdoctor
8a658828555f9736704f56f24d68e4a7,asuntosConacyt,0,"Esta cómplice del delincuente que tiene por marido, es la menos indicada para hablar. Estúpidamente incorrecta como su asquerosa vida política.",mx,0,0,0,0,0,0,0,0,0,esta complic del delincuent que tien por mar es la men indic par habl estupid incorrect com su asquer vid polit
2ab11422ce59352faee236037ed3190d,asuntosConacyt,0,En serio que no se cansan de hablar puras tonterías estos descerebrados de 4ª; que pronto vamos avanzando hacia el precipicio,mx,0,0,0,0,0,1,0,0,0,en seri que no se cans de habl pur tont estos descerebr de 4ª que pront vam avanz haci el precipici
2ae2f5a933e7bd29917a080ad0de3c11,asuntosConacyt,0,"@lopezobrador_ Es el colmo estás destrozándo lo que tocas , no puede ser !!!",mx,3,0,0,0,0,1,1,0,0,[user] es el colm estas destrozand lo que toc no pued ser
e1e4ccf8b49c2c5952ef7e8047362042,asuntosConacyt,0,"Pues si es cierto , la campaña es interna y pareciera la lidera justo el equipo directivo de Conacyt empezando por Maria Elena Alvarez y el área selección de personal. Solitos se meten el pie, solitos se tropiezan y se caen y solitos crean fantasmas a quien culpar.",mx,0,0,0,0,0,0,0,0,0,pues si es ciert la campañ es intern y parec la lider just el equip direct de conacyt empez por mari elen alvarez y el are seleccion de personal solit se met el pie solit se tropiez y se caen y solit cre fantasm a qui culp
731a614941d8d8b07a760962b286a854,asuntosConacyt,0,"Cuentanos, como terminó el doctor que denunció el desabasto de medicamentos en el hospital general de Lázaro Cárdenas, Mich.    Ahora a esperar que no se cometa una injusticia también con esta doctora, bien por ella, por no darles el gusto de quedarse callada",mx,0,0,0,0,0,2,1,0,0,cuentan com termin el doctor que denunc el desabast de medicament en el hospital general de lazar carden mich ahor a esper que no se comet una injustici tambien con esta doctor bien por ella por no darl el gust de qued call
25d904cc80cb6abc0faf5b33f80467d5,asuntosConacyt,0,Creo que ya nada me sorprende,mx,0,0,0,0,0,1,0,0,0,cre que ya nad me sorprend
4708557b3f0b9ab63a85667a093755e7,asuntosConacyt,0,Que imbecil eres pobre y mediocre PejeZombie,mx,0,0,0,0,0,0,0,0,0,que imbecil eres pobr y mediocr pejezombi
85d9a362195c4b387d539def063f894c,asuntosConacyt,0,"Este será un gobierno con alto valor Republicano, estulto, pero Republicano.  Como es posible que la comisionada diga tal insensatez,  es el colmo de la ignorancia.  #OPCmx #OPCmxVsAmlo",mx,0,0,0,0,0,0,0,0,0,este ser un gobiern con alto valor republican estult per republican com es posibl que la comision dig tal insensatez es el colm de la ignor opcmx opcmxvsaml
df5813c5beb8abb033c4a8272fe3bee5,asuntosConacyt,0,CORRUPCIÓN en la #4taTransformacion omg!!! Increíble...Jajajajaja,mx,3,0,1,0,0,0,2,0,1,corrupcion en la 4tatransform omg increibl jajajajaj
c838ac37c3d28d8044cd7bc90f1dbe84,asuntosConacyt,0,Cheque los de CONAGUA.,mx,0,0,1,0,0,0,0,0,0,chequ los de conagu
77c1326231b1213842049e32de69d88d,asuntosConacyt,0,Una víctima más de la falta de conocimiento y/o ignorancia.,mx,0,0,0,0,0,0,0,0,0,una victim mas de la falt de conoc y o ignor
63236ed7a7baa8cd055d1e080721e781,asuntosConacyt,0,"En órbita ya estoy con tanto enredo y malas decisiones del gobierno que prometió ser distinto, pero la realidad demuestra que solo es en el discurso.",mx,0,0,0,0,0,0,0,0,0,en orbit ya estoy con tant enred y mal decision del gobiern que promet ser distint per la realid demuestr que sol es en el discurs
e760504e785d7e15ad36adba3584647e,asuntosConacyt,0,Te equivocas!!! La comunidad cientifica de Conacyt (en la cuàl estoy) está hoy más que nunca aceptando las propuestas. Entiendo que puedan haber unas muy pocas personas como tú que tenían una mafia y corrupción dentro que les este pegando... como a ti que ya no tienes Chayo,mx,3,0,0,0,0,2,2,0,1,te equivoc la comun cientif de conacyt en la cuàl estoy esta hoy mas que nunc acept las propuest entiend que pued hab unas muy poc person com tu que ten una mafi y corrupcion dentr que les este peg com a ti que ya no tien chay
ed6fa008441318da1523fa6673fd8fab,asuntosConacyt,0,"La lógica de la 4T, los amigos, parientes e inexpertos, en cargos, sin idea de lo que se trata...",mx,0,0,0,0,0,1,1,0,1,la logic de la 4t los amig parient e inexpert en carg sin ide de lo que se trat
8415fc6310d05f803446aa7dc6958106,asuntosConacyt,0,Hay ya!!!!!..... me tiene hasta la madre!!!,mx,8,0,0,0,0,0,3,0,1,hay ya me tien hast la madr
d922aae4c831c8ea8ffffc3247c82ffb,asuntosConacyt,0,Que salida tan estupida. Cuando esta avestruz no es capaz de defender algo transforma en violencia de género.,mx,0,0,0,0,0,1,0,0,0,que sal tan estup cuand esta avestruz no es capaz de defend algo transform en violenci de gener
7dda5dfeccf303510025ee18de167c46,asuntosConacyt,0,"Asi lo prometiste en campaña, que todo se transparente, pero parece que ya se te olvido,no dudo que haya gente bien preparada y que sepa de los temas a tratar ,a esos debes de darle la oportunidad, al pueblo preparado para eso estudiaron",mx,0,0,0,0,0,1,0,0,0,asi lo promet en campañ que tod se transparent per parec que ya se te olvid no dud que hay gent bien prepar y que sep de los tem a trat a esos deb de darl la oportun al puebl prepar par eso estudi
379f3a184987ca128aac54ad209cb725,asuntosConacyt,0,Hagamos una denuncia judicial por acoso laboral y abuso de poder. Xoconoatle soy tu fan. Eres una mujer brillante y te necesitamos,mx,0,0,0,0,0,0,0,0,0,hag una denunci judicial por acos laboral y abus de pod xoconoatl soy tu fan eres una muj brillant y te necesit
19885a4c530f5e795ab82d95d91414ef,asuntosConacyt,0,#Odio entonces tener que dejar de hacerme ilusiones #jum,mx,0,0,0,0,0,0,0,0,0,odi entonc ten que dej de hac ilusion jum
8fa76996c8e0cab7f150c2e96846272e,asuntosConacyt,0,Si pero no siga explicando más porque se ofenden los de la 4,mx,0,0,0,0,0,1,0,0,0,si per no sig explic mas porqu se ofend los de la 4
26651cd6eca09d2b7e1ff0549e920c40,asuntosConacyt,0,no noticias si dejas estos arregros de gobierno eso si sera penoso y una buelta al pasado huesos para todos!!,mx,2,0,0,0,0,1,0,0,0,no notici si dej estos arregr de gobiern eso si ser penos y una buelt al pas hues par tod
72cdaa6879b499e5ed041dea2cde2511,asuntosConacyt,0,"Pues ya la leí y pues parece más propaganda política que un plan de vanguardia,  ella dice aparte una cosa y el encargado de comunicación otra, esta entrevista deja dudas y alza la ceja a más de uno.",mx,0,0,0,0,0,0,0,0,0,pues ya la lei y pues parec mas propagand polit que un plan de vanguardi ella dic apart una cos y el encarg de comun otra esta entrev dej dud y alza la cej a mas de uno
a0b6b4e4cbeb0dafc0f30955ee30c080,asuntosConacyt,0,"El peje ajeno a todo, también está echo un reverendo pendejo imbécil hdspm...todo se lo pasa x el arco meado...",mx,0,0,0,0,0,0,2,0,2,el pej ajen a tod tambien esta echo un reverend pendej imbecil hdspm tod se lo pas x el arco mead
f92831b11716fe723570335ed6580941,asuntosConacyt,0,"Parece que para él todo desacuerdo con sus políticas proviene de mafias Hoy es la mafia de la ciencia Pero pasa que forman parte de ésta algunos de los mejores científicos de México, y de reconocida calidad humana ¿Será que México no cabe en su maniqueísmo?",mx,0,2,0,0,0,1,0,0,0,parec que par el tod desacuerd con sus polit provien de mafi hoy es la mafi de la cienci per pas que form part de esta algun de los mejor cientif de mexic y de reconoc calid human ser que mexic no cab en su maniqueism
60d1748f0e8494bebca08ace9ca4969d,asuntosConacyt,0,Pues si  en el sexenio pasado tuvimos un burro de presidente (sin ofender a los burritos) y nadie dijo nada😂😂 Ni los chayoteros de mierda😂😡,mx,0,0,0,4,0,4,0,0,0,pues si en el sexeni pas tuv un burr de president sin ofend a los burrit y nadi dij nad cara_llorando_de_ris cara_llorando_de_ris ni los chayoter de mierd cara_llorando_de_ris cara_cabr
7fc3d6dbd7195780020b41ecdcb31825,asuntosConacyt,0,"Qué tal con ésta señora? ""Entre más ignorante un pueblo, más manipulable es"". Los socialistoides son solo retroceso para la humanidad.",mx,0,1,0,0,0,0,0,2,0,que tal con esta señor entre mas ignor un puebl mas manipul es los socialistoid son sol retroces par la human
f9529b45c3c998e90f831ad2f6100cc4,asuntosConacyt,0,Así se pagan los VOTOS. Asi pagan los FAVORES. Así se brincan las T4=TRANCAS.,mx,0,0,3,0,0,0,0,0,0,asi se pag los vot asi pag los favor asi se brinc las t4 tranc
bb54c1fe11f82b5cbc79cabbc1062bf4,asuntosConacyt,0,"El gob. De la mediocridad, los gobernantes más ignorantes y mediocres, pobre Mexico.......Como cangrejos.....",mx,0,0,0,0,0,0,2,0,3,el gob de la mediocr los gobern mas ignor y mediocr pobr mexic com cangrej
38cd1020aadbc99a1601aa4ef44e4bbb,asuntosConacyt,0,jajaja y denise maerker dando la nota en solidaridad 🤣🤣 chayotera,mx,0,0,0,2,0,0,0,0,0,jajaj y denis maerk dand la not en solidar cara_revolviendose_de_la_ris cara_revolviendose_de_la_ris chayoter
5b579ba526c3149ccceb83c4a464cb53,asuntosConacyt,0,"O sea, está en contra de la labor de @Conacyt_MX . La meta debería de ser duplicar o más la cantidad de jóvenes estudiando en centros de alta calidad. Podría poner condición de un año de servicio social en México a cambio de los apoyos, si tanto le preocupa la fuga de cerebros.",mx,0,0,0,0,0,0,0,0,0,o sea esta en contr de la labor de [user] la met deb de ser duplic o mas la cantid de joven estudi en centr de alta calid podr pon condicion de un año de servici social en mexic a cambi de los apoy si tant le preocup la fug de cerebr
9b9ba3a8874a1081d419ff3794832048,asuntosConacyt,0,"Además ella es la que está discriminando,  dice: Se que el es ¿como se dice? ¡Ah! Sí Gay... ¡¡¡O sea!!!",mx,8,2,0,0,0,0,3,0,1,ademas ella es la que esta discrimin dic se que el es com se dic ah si gay o sea
0b90abd6b01356da1f72a6b9af2edb17,asuntosConacyt,0,Con esto termino de comprender el porque tantos despidos masivos de especialistas: a la #4taTransformacion NO LE INTERESA LA CIENCIAS NI LA TECNOLOGÍA Y MUCHO MENOS LA CULTURA entre más burros estén es mejor 🙄,mx,0,0,6,1,0,2,0,0,0,con esto termin de comprend el porqu tant desp masiv de especial a la 4tatransform no le interes la cienci ni la tecnolog y much men la cultur entre mas burr esten es mejor cara_con_ojos_en_blanc
8bfe395d6ea8eba4367291ae88e67f83,asuntosConacyt,0,Ándale ! Que buena idea y te quedas dando vueltas por la órbita de la tierra como la perrita Laika con todo respeto .,mx,1,0,0,0,0,0,0,0,0,andal que buen ide y te qued dand vuelt por la orbit de la tierr com la perrit laik con tod respet
6c257f0fd9a6af547a64d0a79dfe4c69,asuntosConacyt,0,Claramente da el perfil.........se queda; se queda !,mx,1,0,0,0,0,0,1,0,3,clar da el perfil se qued se qued
600d815beedb1356e39f31bf60d14d4b,asuntosConacyt,0,"Los PRIANISTAS con lupa checando cada paso de AMLO y cuando nos subieron la gasolina no hicimos nada, puras quejas por Twitter, O que decir de la finísima persona de Videgaray que de canciller no sabía pero ni madres",mx,0,0,2,0,0,4,0,0,0,los prianist con lup chec cad pas de amlo y cuand nos sub la gasolin no hic nad pur quej por twitt o que dec de la finisim person de videgaray que de cancill no sab per ni madr
aed503aaf0b7d38f3de254e47ee0dea0,asuntosConacyt,0,"¿Que queeeeé...? Ahora resulta que somos los generadores del conocimiento científico mundial. Autosuficientes y auto-estúpidos. ¿Quiénes serán los únicos que podrán educarse en el extranjero...? Exacto, los hijos de los Fifís que tanto odia la T4 @ConsultaPara",mx,0,4,0,0,0,0,3,0,2,que quee ahor result que som los gener del conoc cientif mundial autosuficient y aut estup quien seran los unic que podran educ en el extranjer exact los hij de los fif que tant odi la t4 [user]
1024f64ba02f704ac6ffd33acbae1b71,asuntosConacyt,0,"Pobre enfermo mental, creo que va a salir con camisa de fuerza, para EL todo lo que no entiende, o no lo hizo, ES MAFIA",mx,0,0,1,0,0,2,0,0,0,pobr enferm mental cre que va a sal con camis de fuerz par el tod lo que no entiend o no lo hiz es mafi
8b4197db6091688716300632115c4e6a,asuntosConacyt,0,Viejo loco. Él representa la siniestra mafia de la IGNORANCIA Y DE LA MEDIOCRIDAD. @lopezobrador_,mx,0,0,2,0,0,0,0,0,0,viej loc el represent la siniestr mafi de la ignor y de la mediocr [user]
73d61f4c1890888001aa3e76f54b4ff2,asuntosConacyt,0,Que vergüenza de gobierno tenemos,mx,0,0,0,0,0,0,0,0,0,que vergüenz de gobiern ten
3eb58eddf0aa45cdfef0b0d970002f53,asuntosConacyt,0,"No, haz de ser un genio, pero vendido y rastrero tapa ratas y convencieron, pero tú karma es se acabó la Ley Chayote y tu con ella mentiroso inflado de pacotilla",mx,0,0,0,0,0,1,0,0,0,no haz de ser un geni per vend y rastrer tap rat y convenc per tu karm es se acab la ley chayot y tu con ella mentir inflad de pacotill
cbd047ab35433c29e2de4c3965e023e9,asuntosConacyt,0,"Pero como es el camote de la padierna, tiene mas que justificados sus méritos",mx,0,0,0,0,0,0,0,0,0,per com es el camot de la padiern tien mas que justific sus merit
f1d4064b391477c3ca7e5c5710bc69c8,asuntosConacyt,0,Es la esposa del sr. De las ligas todo se puede esperar.,mx,0,0,0,0,0,0,0,0,0,es la espos del sr de las lig tod se pued esper
0caad5c5d1531b901cde309df2591707,asuntosConacyt,0,Jajajajajajajajaja. No tiene vergüenza..,mx,0,0,0,0,0,1,0,0,0,jajajajajajajajaj no tien vergüenz
9c9689944caf183e4ff2ce2b1721850f,asuntosConacyt,0,@Milenio y el pejelagarto sin saber que decir y al último como siempre aventarle la brinca al más buey en ese caso la más bueya,mx,0,0,0,0,0,1,0,0,0,[user] y el pejelagart sin sab que dec y al ultim com siempr avent la brinc al mas buey en ese cas la mas buey
eecb8977a9ccff1d3f37a4ef1ed8b324,asuntosConacyt,0,Puras idioteces. Y ocurrencias. Ladrador probado un idiota populista. Pobre México,mx,0,0,0,0,0,0,0,0,0,pur idiotec y ocurrent ladrador prob un idiot popul pobr mexic
116636a2bbff5b588e7729e65e6a8cde,asuntosConacyt,0,Nada más espero las mañanas para leer tus payasadas jajaja ridículo...,mx,0,0,0,0,0,1,1,0,1,nad mas esper las mañan par leer tus payas jajaj ridicul
d4550b424eb484854abc03fe2f765727,asuntosConacyt,0,Con razón mi hija que estudia una carrera de ciencias estaba tan molesta con el nombramiento de ésta mujer enferma de ideología.,mx,0,0,0,0,0,0,0,0,0,con razon mi hij que estudi una carrer de cienci estab tan molest con el nombramient de esta muj enferm de ideolog
b0a2d983e45805e8d611be3f7439cc3a,asuntosConacyt,0,"Una pena que no se valore cómo debe ser el sistema de investigación de un país y no consideren parte fundamental del éxito es quiénes lo dirigen, claro es con el conocimiento y desarrollo para ello.",mx,0,0,0,0,0,2,0,0,0,una pen que no se valor com deb ser el sistem de investig de un pais y no consider part fundamental del exit es quien lo dirig clar es con el conoc y desarroll par ello
48d14b03516e45c62da1461011f2a75f,asuntosConacyt,0,"En general mi opinión es buena, el único problema es la total falta de comunicación y disponibilidad del personal. Pueden pasar semanas sin que se conteste un correo ni te respondan el teléfono (y cuando te responden casualmente nunca está la persona con la que necesitas hablar)",mx,0,0,0,0,0,3,0,0,0,en general mi opinion es buen el unic problem es la total falt de comun y disponibil del personal pued pas seman sin que se contest un corre ni te respond el telefon y cuand te respond casual nunc esta la person con la que necesit habl
e47099b22e3f964c7796e54fa741af80,asuntosConacyt,0,"Si algo queda claro con el movimiento del sr de las Ligas y ñora que apoya incondicionalmente a @lopezobrador_ es que: 1.- Se victimizan a la menor provocación , se tiran al piso! 2,-son expertos en manipular sus metidas d pata,para q el culpable resulte el intolerante neoliberal",mx,1,0,0,0,0,0,0,0,0,si algo qued clar con el movimient del sr de las lig y ñor que apoy incondicional a [user] es que 1 se victimiz a la menor provoc se tir al pis 2 son expert en manipul sus met d pat par q el culpabl result el intoler neoliberal
4fb94c16e03a059e35d0b4e9e207fe82,asuntosConacyt,0,LLÉVATELO A TU CASA,mx,0,0,2,0,0,0,0,0,0,llevatel a tu cas
db8825582e520b01e2dd2dd3f3a9ca8b,asuntosConacyt,0,“Ineptitud rampante” o “AMIGUISMO impune”,mx,0,0,1,0,0,0,0,4,0,ineptitud rampant o amigu impun
fc02a658e3a1e3338e39e1df3bfd31bb,asuntosConacyt,0,Gas a tu merga madre,mx,0,0,0,0,0,0,0,0,0,gas a tu merg madr
6d8bccab6ca76ff9c0852c0ab47e2017,asuntosConacyt,0,Que tambien le piden recursos al #Conacyt para NINIS y trenecito Maya?  @ElenaBuylla que mediocre mentalidad!  C.c.p. @fmartinmoreno @valenciam07 @DeniseDresserG @luisantgarcia @BBCWorld @elpais_espana @UniNoticias @Arouet_V @MElenaPerezJaen @Llegaspacheca @AlanaRendon,mx,1,1,1,0,0,0,0,0,0,que tambi le pid recurs al conacyt par ninis y trenecit may [user] que mediocr mental c c p [user] [user] [user] [user] [user] [user] [user] [user] [user] [user] [user]
8d700a13b5d414ffe3b090f523b014af,asuntosConacyt,0,"Se propone no fomentar formación de estudiantes en el extranjero pero las propuestas serán en inglés. Recortar gastos, especialmente en comunicación y se contrata a joven sin expertiss y muy buen salario. ¿Contradicciones un proyecto abstracto y complejo?",mx,0,2,0,0,0,2,0,0,0,se propon no foment formacion de estudi en el extranjer per las propuest seran en ingles recort gast especial en comun y se contrat a jov sin expertiss y muy buen salari contradiccion un proyect abstract y complej
d079c4760b98d9fc2f5f4fee08bab427,asuntosConacyt,0,Ésas situaciones (decenas de miles en sector público y todos niveles) muestran la paradoja de @PartidoMorenaMx: A rajatabla pidieron renuncias y señalaron de corruptos a todos Pero lloran y arguyen ataques e intolerancia de género para los suyos La victimización de la 4T a la 4n,mx,0,0,0,0,0,0,0,0,0,esas situacion decen de mil en sector public y tod nivel muestr la paradoj de [user] a rajatabl pid renunci y señal de corrupt a tod per llor y argu ataqu e intoler de gener par los suy la victimiz de la 4t a la 4n
6cbb8b34ca6b5f915d8f10d0466baa90,asuntosConacyt,0,"No es nuevo en estos ilustres sinverguenzas del socialismo Siglo XXI,al final terminan destruyendo el Pais.Cuba,Venezuela ejemplos vivos.",mx,0,0,1,0,0,1,0,0,0,no es nuev en estos ilustr sinverguenz del social sigl xxi al final termin destru el pais cub venezuel ejempl viv
d77cf6ceb327cd0c03722b5f4410b42e,asuntosConacyt,0,"Increíble, para todo se trata de dividir y polarizar, esto no nos llevará a nada bueno",mx,0,0,0,0,0,2,0,0,0,increibl par tod se trat de divid y polariz esto no nos llev a nad buen
422bc4d6c0ace86a5d595f884e160ad6,asuntosConacyt,0,Ya me imagino en la época del PRI que no se sabía nada nada más lo que convenia,mx,0,0,1,0,0,3,0,0,0,ya me imagin en la epoc del pri que no se sab nad nad mas lo que conveni
1b9ef95b8d901b85bc734c58eecd33f9,asuntosConacyt,0,"Por Dios, ¿a este ""pobre"" lo satanizan?. Y todos a los que están despidiendo sin justificación, sin sueldo desde diciembre, por lo que pierden su antigüedad dejando sin sustento a miles de familias. ¿Qué les decimos?",mx,0,4,0,0,0,3,0,2,0,por dios a este pobr lo sataniz y tod a los que estan despid sin justif sin sueld desd diciembr por lo que pierd su antigüed dej sin sustent a mil de famili que les dec
d126a8f6bd9991483b596a1e798a5667,asuntosConacyt,0,Yo no creo que sea Gay! Más bien pienso que es novio de dolores Padierna!!!,mx,4,0,0,0,0,1,1,0,0,yo no cre que sea gay mas bien piens que es novi de dolor padiern
9d64c1c5e852a86ccb2cecbd72041e2a,asuntosConacyt,0,"Con Salinas, el PRI pasó de ser una agencia de empleo para cualquier idiota que se formara y fuera obediente, como en su tiempo fue Andrés López, a una agencia de empleo para gente con grados académicos avanzados. Morena quiere ser el PRI pre-Salinas.",mx,0,0,2,0,0,0,0,0,0,con salin el pri pas de ser una agenci de emple par cualqui idiot que se form y fuer obedient com en su tiemp fue andres lopez a una agenci de emple par gent con grad academ avanz moren quier ser el pri pre salin
04bf355fe006111f036dba123c24b198,asuntosConacyt,0,Ya ven por votar por la@mierda de Morena@y su líder @lopezobrador_ !!,mx,2,0,0,0,0,0,0,0,0,ya ven por vot por la[user] de morena[user] su lid [user]
dd0055afe2a3592544efba377715dd71,asuntosConacyt,0,Todo sea por concentrar recursos para las ocurrencias de @lopezobrador_ como el #TrenMaya #santalucia y la refineria dos bocas y lo que se acumule,mx,0,0,0,0,0,0,0,0,0,tod sea por concentr recurs par las ocurrent de [user] com el trenmay santaluci y la refineri dos boc y lo que se acumul
68d12120f748af3497de947643648ee7,asuntosConacyt,0,"Bueno sería que diera nombres y apellidos, un hombre tan básico debatiendo con la mafia de la ciencia, sería la única manera en que yo lo escucharía más de 2 minutos, a ver qué tendría que argumentar 🤨",mx,0,0,0,1,0,0,0,0,0,buen ser que dier nombr y apell un hombr tan basic debat con la mafi de la cienci ser la unic maner en que yo lo escuch mas de 2 minut a ver que tendr que argument cara_con_ceja_alz
c94e3efe3c656116fe98d0944e385012,asuntosConacyt,0,"Uff, olvidaba a @ManuelBartlett y su postura para el uso de energías limpias.",mx,0,0,0,0,0,0,0,0,0,uff olvid a [user] y su postur par el uso de energ limpi
bdf3dd078d93c00a143b006fd4fabc33,asuntosConacyt,0,"@lopezobrador_ AHORA VA CON LA MAFIA DE LA CIENCIA Y LA MAFIA DE LA 4TA TRANSFORMACIÓN........., PORQUE NO LA NOMBRA???? Y VAYA QUE SON UNA MAFIA YA  REACTIVARON LA MAFIA DE LA ANTIGUA CNOP EN LA FINA PERSONA DE @NapoleonGomezUr",mx,0,4,19,0,0,1,2,0,3,[user] ahor va con la mafi de la cienci y la mafi de la 4ta transform porqu no la nombr y vay que son una mafi ya reactiv la mafi de la antigu cnop en la fin person de [user]
49e690a205982047651620fc44999a31,asuntosConacyt,0,No se juzgan sus preferencias sexuales se juzga que no está preparado para ese puesto y la recomendación que está fuera de lugar de la Sra Padierna,mx,0,0,0,0,0,2,0,0,0,no se juzg sus preferent sexual se juzg que no esta prepar par ese puest y la recomend que esta fuer de lug de la sra padiern
c47d3e3f8d7a533d3edd602dbce744c2,asuntosConacyt,0,"No quisiera hablar ni en pro ni en contra del gob., pero que afiliación política tienen estos personajes que estan saliendo que no tienen la preparación adecuada y que les pagan lo que a personas con doctorados no, MORENA no?. Si quiere combatir una mafia, que primero depure eso",mx,0,1,1,0,0,6,0,0,0,no quis habl ni en pro ni en contr del gob per que afili polit tien estos personaj que estan sal que no tien la prepar adecu y que les pag lo que a person con doctor no moren no si quier combat una mafi que primer depur eso
6d7c6c16597f30abfe56acd2394c7f67,asuntosConacyt,0,La inexperiencia les permite cometer estupideces pues la visión es del siglo pasado más exacto las décadas 70's y 80's,mx,0,0,0,0,0,0,0,2,0,la inexperient les permit comet estupidec pues la vision es del sigl pas mas exact las dec 70 s y 80 s
1586bd46c682062fdf56e5d3f6cdd42f,asuntosConacyt,0,"Excelente la nota, pero no es todo, falta que se investigue la nueva Ley de Ciencia y Tecnología, hay mucha preocupación de la comunidad científica y tecnológica, no habría contrapesos",mx,0,0,0,0,0,2,0,0,0,excelent la not per no es tod falt que se investig la nuev ley de cienci y tecnolog hay much preocup de la comun cientif y tecnolog no habr contrapes
e975b7d18c2e6f0cf099bf520c49a4d4,asuntosConacyt,0,"Existe la fuga de cerebros por razones laborales y personales. Las laborales,en su mayoría,recaen porque en nuestro país es práctica común,en todos los sectores públicos,el favoritismo y compadrazgo dejando fuera a mentes MUY capaces.  Y ahora resulta que esta es la solución.. 😒",mx,0,0,1,1,0,0,0,0,0,exist la fug de cerebr por razon laboral y personal las laboral en su mayor rec porqu en nuestr pais es practic comun en tod los sector public el favorit y compadrazg dej fuer a ment muy capac y ahor result que esta es la solucion cara_de_desaprob
5893776f54c93a1953a8d495cb9921d6,asuntosConacyt,0,Pobre??? Pobre cuando estaba tu gobierno de rateros por los que te cortas las venas,mx,0,3,0,0,0,0,1,0,0,pobr pobr cuand estab tu gobiern de rater por los que te cort las ven
869285bbd7b7c4c0c0ddc92951938f20,asuntosConacyt,0,Ya paren está masacre por favor,mx,0,0,0,0,0,0,0,0,0,ya par esta masacr por favor
65ca461507ba9f8465f25c94d5163c85,asuntosConacyt,0,El protegido de Jenaro y Dolores,mx,0,0,0,0,0,0,0,0,0,el proteg de jenar y dolor
0bf65e972b51b391e75ec41f126383ec,asuntosConacyt,0,La reacción y las mafias del poder de la ciencia mostraron toda su #homofobia y #clasismo. Eso no impedirá ni frenará la investigación de la CORRUPCIÓN en el anterior #CONACYT . Nada va a distraer limpiar el establo de Augias...,mx,0,0,2,0,0,3,1,0,1,la reaccion y las mafi del pod de la cienci mostr tod su homofobi y clasism eso no imped ni fren la investig de la corrupcion en el anterior conacyt nad va a distr limpi el establ de augi
80c7bd6c96d2bfd16d35ed097f365e82,asuntosConacyt,0,"Pero, si no mal recuerdo, tu estabas a favor de Obrador cuando era jefe de Gobierno, cuando estabas en CNI canal 40",mx,0,0,1,0,0,1,0,0,0,per si no mal recuerd tu estab a favor de obrador cuand era jef de gobiern cuand estab en cni canal 40
4469774607f1f0d23347aed2789e5f4a,asuntosConacyt,0,Es claro que a @lopezobrador_ le vale un carajo la ciencia y la ecología!,mx,1,0,0,0,0,0,0,0,0,es clar que a [user] le val un caraj la cienci y la ecolog
6bc500b55c0f6c7295305f3f40b00095,asuntosConacyt,0,Me extraña que diga esas cosas. Usted SIEMPRE defiende a López Obrador.,mx,0,0,1,0,0,0,0,0,0,me extrañ que dig esas cos usted siempr defiend a lopez obrador
2d0c9b0a4fe5ead41fa62e788e3b7ec4,asuntosConacyt,0,¡Sí! Existe esa obligación. ¡Están mintiendo para promover sus pésimas ideas!,mx,4,0,0,0,0,0,0,0,0,si exist esa oblig estan mint par promov sus pesim ide
2b696ebffb4f44bcb184197ddcb1a86c,asuntosConacyt,0,Que podíamos esperar de un gobierno con un presidente que tardó 10 años en acabar la carrera y con promedio de 7. La mediocridad de la 4T.,mx,0,0,0,0,0,0,0,0,0,que pod esper de un gobiern con un president que tard 10 años en acab la carrer y con promedi de 7 la mediocr de la 4t
c89fbbbb87249b5c8ef2de382fa39cb5,asuntosConacyt,0,Hay que mandarlos al extranjero a capacitarse y aprender‼️ Y asegurarse de regresarlos con buenos trabajos y sueldos en beneficio del país ‼️ Que mal están ‼️,mx,0,0,0,3,0,0,0,0,0,hay que mand al extranjer a capacit y aprend exclamacion_dobl y asegur de regres con buen trabaj y sueld en benefici del pais exclamacion_dobl que mal estan exclamacion_dobl
2bd404748cc407c5d072f95353806076,asuntosConacyt,0,Señora no es por el genero.. es por que no esta preparado para el puesto que le DIERON...,mx,0,0,1,0,0,2,1,0,1,señor no es por el gener es por que no esta prepar par el puest que le dieron
b47315bc497e609117a4c4bdf213fb89,asuntosConacyt,0,Ya para de mamar y ponte a trabajar,mx,0,0,0,0,0,0,0,0,0,ya par de mam y pont a trabaj
a3e0a95925d5d957d252f064dae953f2,asuntosConacyt,0,"Cómo es que sin renunciar, sin cometer falta alguna, sin cese o notificación de despido formal mi plaza presupuestal está ya siendo ocupada por otra persona? Yo simplemente fui echado a la calle sin explicación alguna.",mx,0,1,0,0,0,4,0,0,0,com es que sin renunci sin comet falt algun sin ces o notif de desp formal mi plaz presupuestal esta ya siend ocup por otra person yo simplement fui echad a la call sin explic algun
910b1a08a43e051796edf541480ea2ae,asuntosConacyt,0,No lo puede evitar teacher.  Nacio perversa de la misma forma que una rana nace rana y un escorpion nace escorpion...,mx,0,0,0,0,0,1,1,0,1,no lo pued evit teach naci pervers de la mism form que una ran nac ran y un escorpion nac escorpion
80d25f8fdfdbdddc7abba6493eb2699d,asuntosConacyt,0,Mafia del Poder (tecnocracia neoporfirista) con Mafia de la Ciencia... no sé... amistad por siempre.,mx,0,0,0,0,0,1,2,0,2,mafi del pod tecnocraci neoporfir con mafi de la cienci no se amist por siempr
6d215bd7d2f4879f2bfa5c1cf79f2453,asuntosConacyt,0,Sabrá el pendejo de AMLO que es bioseguridad? Definitivamente no.,mx,0,1,1,0,0,1,0,0,0,sabr el pendej de amlo que es biosegur definit no
1d98d84f2ad75ed8e8f26c310224cb1c,asuntosConacyt,0,"Parece que lo de Daniel Goldin no fue casualidad, es ya un modus operandi.",mx,0,0,0,0,0,1,0,0,0,parec que lo de daniel goldin no fue casual es ya un modus operandi
28af1e907e82a45902078b08594fe15e,comisionReguladoraEnergia,1,Y que esperabamos ..con un presidente que a una pregunta seria y comprometida respnde: Y como se dice... Gasolinera o Gasolineria ... por que las tortillas... Y lo peor no fue por maldad.. simplemente se le disperso el pensamiento.. ahhh la edad dorada del retiro...,mx,0,0,0,0,0,1,5,0,4,y que esperab con un president que a una pregunt seri y compromet respnd y com se dic gasoliner o gasolineri por que las tortill y lo peor no fue por mald simplement se le dispers el pensamient ahh la edad dor del retir
24ff78f3efa5f1fc8cb2cf72847b4ba3,comisionReguladoraEnergia,1,Jeje bueno... Eso demuestra. Que hay oportunidades para todos y todas..,mx,0,0,0,0,1,0,1,0,1,jej buen eso demuestr que hay oportun par tod y tod
df4ecbee7f0fff15e91ca4a10831576e,comisionReguladoraEnergia,1,😂nos está llevando la 4T,mx,0,0,0,1,0,0,0,0,0,cara_llorando_de_ris nos esta llev la 4t
6eba190cf35db03bdce8305ac0ff0023,comisionReguladoraEnergia,1,"También lo pondré en mi CV. 🤓 Auuuuuunque, creo que mejor me seguiré preparando en lo mío para no decir en una entrevista: “lo saque de internet y me gustó mucho” 😐 o cuando me pregunten por la ERA de un pitcher diga que es hablar de su pasado. 😬⚾️",mx,0,0,1,4,0,1,1,2,0,tambien lo pondr en mi cv cara_de_empollon auunqu cre que mejor me segu prepar en lo mio par no dec en una entrev lo saqu de internet y me gust much cara_neutral o cuand me pregunt por la era de un pitch dig que es habl de su pas cara_haciendo_una_muec beisbol
6fe0b6f7f7ed2de945475de91f590d99,comisionReguladoraEnergia,1,@AndyGallegoos ya no estudies. Vamos a pedirle trabajo al pendejo ese y ya chingamos. ☝️🤷‍♂️,mx,0,0,0,3,0,1,0,0,0,[user] ya no estudi vam a ped trabaj al pendej ese y ya ching dedo_indice_hacia_arrib hombre_encogido_de_hombr
bb68ec9b82c1513b58dc437eacfb3f53,comisionReguladoraEnergia,1,Ya es moda impuesta de llegar a aprender del puesto de trabajo por mientras.,mx,0,0,0,0,0,0,0,0,0,ya es mod impuest de lleg a aprend del puest de trabaj por mientr
e3f8d401502a93194bea34f5a3ce9778,comisionReguladoraEnergia,1,Invitaron a la corcholata,mx,0,0,0,0,0,0,0,0,0,invit a la corcholat
d1b9894f0ca5048c26298fb56ff1f702,comisionReguladoraEnergia,1,"Ya cuando @XochitlGalvez te acusa de ser ignorante, es por q de plano si ya se es muy wey, recordar q ella bajo de un  cerro de Hidalgo, y mirenla ahora hasta senadora es, bueno.... nadie la eligió pero su secta gandalla aun cree en ella.😂",mx,0,0,0,1,0,1,1,0,1,ya cuand [user] te acus de ser ignor es por q de plan si ya se es muy wey record q ella baj de un cerr de hidalg y mirenl ahor hast senador es buen nadi la elig per su sect gandall aun cre en ella cara_llorando_de_ris
56e7df1ade4448570605190654b6e301,comisionReguladoraEnergia,1,"A lo mejor es algo similar a la modista que estaba encargada de bioseguridad en el CONACYT, que por que bien chingona en una variedad de maíz. Lo que ellos saben de esos puestos yo lo tengo de astronauta.",mx,0,0,1,0,0,0,0,0,0,a lo mejor es algo simil a la modist que estab encarg de biosegur en el conacyt que por que bien chingon en una varied de maiz lo que ellos sab de esos puest yo lo teng de astronaut
2e372c9876babeca3251520a50356fe3,comisionReguladoraEnergia,1,"Tu respuesta cumple el perfil perfecto para ser secretario de @lopezobrador_  , lexico tan rico y fluido del español, la tolerancia y pulcritud. el problema ES aquellos que creen en todas las barrabazadas q fluyen de boca del PEJE y lo defienden con FIFI NEOLIBERAL CHAYOTERO va 😴",mx,0,0,4,1,0,0,0,0,0,tu respuest cumpl el perfil perfect par ser secretari de [user] lexic tan ric y flu del español la toler y pulcritud el problem es aquell que cre en tod las barrabaz q flu de boc del pej y lo defiend con fifi neoliberal chayoter va cara_durm
78b785e095e1bc50527535e0f3070979,comisionReguladoraEnergia,1,¿Al Senado al Senado? ¿Al mero mero Senado?,mx,0,4,0,0,0,0,0,0,0,al sen al sen al mer mer sen
ff3bf06297c2e4bef2eac716c0a2e4be,comisionReguladoraEnergia,1,Hay que entenderlo son un equipo de cuarta!!!,mx,3,0,0,0,0,0,1,0,0,hay que entend son un equip de cuart
dbd8c132803d0fd8d5ccaab1fa675d50,comisionReguladoraEnergia,1,"El tipo sombrerudo que sale al final, porqué lo tienen ahi??  Debería estar arreando vacas en Coahuila 🐮",mx,0,2,0,1,0,0,0,0,0,el tip sombrerud que sal al final porqu lo tien ahi deb estar arre vac en coahuil cara_de_vac
ed8572beaf1258d86d71378f95b887f7,comisionReguladoraEnergia,1,"Es la viva imagen de AMLO pero en femenino, no tiene idea de para que esta ahi",mx,0,0,1,0,0,1,0,0,0,es la viv imag de amlo per en femenin no tien ide de par que esta ahi
ded1850be8b59d3fa2e743a4e41717b1,comisionReguladoraEnergia,1,Así o más idiotas,mx,0,0,0,0,0,0,0,0,0,asi o mas idiot
dac03a9c91fdb0fe24c8c4c3e9dae7d5,comisionReguladoraEnergia,1,"Por supuesto que hay mexicanos muy preparados pero no son amigos, correligionarios ni incondicionales de ya sabes quien.",mx,0,0,0,0,0,2,0,0,0,por supuest que hay mexican muy prepar per no son amig correligionari ni incondicional de ya sab qui
afa57379dec86af489a9b9d45fd8e893,comisionReguladoraEnergia,1,Lo dice el ganzo tirándole a la escopeta.... A cuanta gente incompetente ha apoyado el sr solo porque lo apoyaron en su campaña...,mx,0,0,0,0,0,0,2,0,2,lo dic el ganz tir a la escopet a cuant gent incompetent ha apoy el sr sol porqu lo apoy en su campañ
9c8b9b4a303b2f29c94d6848ef37cb72,comisionReguladoraEnergia,1,"Como diría el refrán:  La culpa no es del indio, sino del que lo hace compadre.  Aquí el pendejo es @lopezobrador_ por proponerla sin tener los conocimientos.",mx,0,0,0,0,0,3,0,0,0,com dir el refran la culp no es del indi sin del que lo hac compadr aqu el pendej es [user] por propon sin ten los conoc
2d18214e204cfdad7ced71e20132da17,comisionReguladoraEnergia,1,"La verdad si puedo comprar un título en la plaza de San Idelfonso en el centro, también me puedo comprar una vida... Demosle el privilegio de la duda pero que no supiera que su hermana era parte de una banda de secuestradores esa si no te la compro.",mx,0,0,0,0,0,2,1,0,1,la verd si pued compr un titul en la plaz de san idelfons en el centr tambien me pued compr una vid demosl el privilegi de la dud per que no sup que su herman era part de una band de secuestr esa si no te la compr
8dcae80a138e412a957e810376331dce,comisionReguladoraEnergia,1,Mejor me hubiera muerto de chiquito!! 😢,mx,2,0,0,1,0,0,0,0,0,mejor me hub muert de chiquit cara_llor
681026d8ee4b44702c57c8208a6ee8d0,comisionReguladoraEnergia,1,"A toda madre.  Oye @lopezobrador_ Yo también tengo experiencia, en algo pero la tengo.  E igual puedo buscar en internet lo que sea para saber qué es.  QUIERO EL PUESTO. No a que ser. 🤣🤣🤣🤣🤣🤣",mx,0,0,2,6,0,1,1,0,0,a tod madr oye [user] yo tambien teng experient en algo per la teng e igual pued busc en internet lo que sea par sab que es quier el puest no a que ser cara_revolviendose_de_la_ris cara_revolviendose_de_la_ris cara_revolviendose_de_la_ris cara_revolviendose_de_la_ris cara_revolviendose_de_la_ris cara_revolviendose_de_la_ris
01df22304984b02a640ecb0246eabec8,comisionReguladoraEnergia,1,"pero de que nos admiramos si ya vimos los nombramientos del ganso en el conacyt, flamante poeta de carreras truncas en la comunicación social y exitosa peinadora depositaria de conocimientos milenarios sobre el maíz en biotecnología.",mx,0,0,0,0,0,0,0,0,0,per de que nos admir si ya vim los nombramient del gans en el conacyt flamant poet de carrer trunc en la comun social y exit peinador depositari de conoc milenari sobr el maiz en biotecnolog
d573c8df9ce5382c21e5b322a4c86c15,comisionReguladoraEnergia,1,Le pudo haber contestado CEL es la que trae en todo el trasero,mx,0,0,1,0,0,0,0,0,0,le pud hab contest cel es la que tra en tod el traser
0ddcddd57da0c29b0ad0ef78a7a2d508,comisionReguladoraEnergia,1,Gracias a todos los amlo lovers por hacer de Mexico un país “mejor”... el precio de una democracia cuando la ignorancia gana...,mx,0,0,0,0,0,0,2,2,2,graci a tod los amlo lovers por hac de mexic un pais mejor el preci de una democraci cuand la ignor gan
ae6db891be6efb6faa0e7b5ae2268cf8,comisionReguladoraEnergia,1,Aberrante q vergüenza!!!!!! Mejor q  metan a Platanito,mx,6,0,0,0,0,0,1,0,0,aberr q vergüenz mejor q met a platanit
3f523b89837eed49912c637c409bb939,comisionReguladoraEnergia,1,"“No tiene la culpa el indio, sino el que lo hace compadre”. #TransformacionDe4ta",mx,0,0,0,0,0,2,0,2,0,no tien la culp el indi sin el que lo hac compadr transformacionde4t
c252c87782a3821cc421865ba2b23c80,comisionReguladoraEnergia,1,Así una solicitud de una vacante laboral: Soy lumpen. Soy amiga de un político. Apoye en campaña. Me deben favores! Soy cumplidora! Pertenezco al partido del Pdte. Sé de tecnología porque uso un SmartPhone! Energía la de mi marido!,mx,4,0,0,0,0,0,0,0,0,asi una solicitud de una vacant laboral soy lump soy amig de un polit apoy en campañ me deb favor soy cumplidor pertenezc al part del pdte se de tecnolog porqu uso un smartphon energ la de mi mar
cb6e6e4545e92664de0ee2e4f6d37c05,comisionReguladoraEnergia,1,"Pues no te rías, que la hija de Chávez se hizo multimillonaria vendiendo Avon, dice ella , jejejeje",mx,0,0,0,0,0,1,0,0,0,pues no te rias que la hij de chavez se hiz multimillonari vend avon dic ella jejejej
9dae5f69d6a6eab3a4750450bf86089e,comisionReguladoraEnergia,1,Le falto decir “y lo obtienes pagando a plazos en Elektra” 😂😂😂😂😂,mx,0,0,0,5,0,0,1,2,0,le falt dec y lo obtien pag a plaz en elektr cara_llorando_de_ris cara_llorando_de_ris cara_llorando_de_ris cara_llorando_de_ris cara_llorando_de_ris
c3ec3759dd18ce89caf8c4810fcab1a7,comisionReguladoraEnergia,1,"Tienes posibilidades, si dices que te gusta el béisbol igual y de inmediato te nombran",mx,0,0,0,0,0,0,0,0,0,tien posibil si dic que te gust el beisbol igual y de inmediat te nombr
83801fafaf0ce1b2afa6d04d2f07aa1c,comisionReguladoraEnergia,1,De que croquetas come este perro tuitazo?,mx,0,1,0,0,0,0,0,0,0,de que croquet com este perr tuitaz
4d73f78de90a3c07089c7c9795c2343d,comisionReguladoraEnergia,1,Parece un desfile de 🤡🐷🐀🧟‍♀️🦍🦖🐌🤠 es el peor,mx,0,0,0,9,0,0,0,0,0,parec un desfil de cara_de_payas cara_de_cerd rat zombi_muj goril t rex caracol cara_con_sombrero_de_vaquer es el peor
db1361ac5d5426492839566eaf722066,comisionReguladoraEnergia,1,"Si van a ganar cerca de 100,000 pesos se pierde toda dignidad.",mx,0,0,0,0,0,0,1,0,0,si van a gan cerc de 100 00 pes se pierd tod dignid
dcfbb12f31d7e5c7d61ce0d0c0696248,comisionReguladoraEnergia,1,"La CRE, debería ser la Comisión Reguladora de Estupideces de la Transformación de 4a...",mx,0,0,1,0,0,0,1,0,1,la cre deb ser la comision regul de estupidec de la transform de 4a
9399fc1545487614364bae87a522a905,comisionReguladoraEnergia,1,"Conteste o no conteste... No pasa nada... Es la forma bonita de citar al Taibo II ""se las metimos doblada camaradas""",mx,0,0,0,0,0,3,2,2,2,contest o no contest no pas nad es la form bonit de cit al taib ii se las met dobl camar
f5b31f7f607de9e3c3dabf3ad463b282,comisionReguladoraEnergia,1,Cuándo será la entrevista a Doña pelos para ocupar la CRE?,mx,0,1,1,0,0,0,0,0,0,cuand ser la entrev a doñ pel par ocup la cre
14ad860b4bf8e5d33d430dd90bda9110,comisionReguladoraEnergia,1,Dios librarme de los pendejos.,mx,0,0,0,0,0,0,0,0,0,dios libr de los pendej
40fa75a5efce38ff8c28e66419e9a67a,comisionReguladoraEnergia,1,¿Qué es un contrato? El diccionario lo define como un acuerdo legal que no se puede romper... Que no se puede romper,mx,0,2,0,0,0,2,1,0,1,que es un contrat el diccionari lo defin com un acuerd legal que no se pued romp que no se pued romp
2c0d9af35b800c48df24e3e6f6fd2249,comisionReguladoraEnergia,1,Pobre país! La 4ta realmente es de 4ta!,mx,2,0,0,0,0,0,0,0,0,pobr pais la 4ta realment es de 4ta
996b3ee542dc3a9aee93cbc1c39fc3db,comisionReguladoraEnergia,1,Lo único que aspiran es cocaína esta bola de ignorantes. Y todavía se enojan cuando se les ventila la ignorancia universal que tienen.,mx,0,0,0,0,0,0,0,0,0,lo unic que aspir es cocain esta bol de ignor y todav se enoj cuand se les ventil la ignor universal que tien
5f6549f3e014e4e3453eecd84d5d6a34,comisionReguladoraEnergia,1,"Perdón, sin ofender  A las pobres focas",mx,0,0,0,0,0,1,0,0,0,perdon sin ofend a las pobr foc
5b69a02a11a113a7d030240364bd7f3d,comisionReguladoraEnergia,1,"Pues esta bien despierta la sra, echandole ganas a su trabajo, ya la agarraste dormida como @CarmenSalinasLo ?",mx,0,1,0,0,0,0,0,0,0,pues esta bien despiert la sra echandol gan a su trabaj ya la agarr dorm com [user]
096efd6b1b6f07502f89406faa55d372,comisionReguladoraEnergia,1,"Van a dexir que en su casa aprendió a poner diablitos y a quitar el cableado para vender el cobre, que es experiencia de vida que nadie sabe apreciar!!!!",mx,4,0,0,0,0,1,1,0,0,van a dex que en su cas aprend a pon diablit y a quit el cabl par vend el cobr que es experient de vid que nadi sab apreci
d0add403004e18f9a4b1cbeeae2aac66,comisionReguladoraEnergia,1,Estos son más inteligentes.,mx,0,0,0,0,0,0,0,0,0,estos son mas inteligent
ef58f78984cacf82c037b5aefa685278,comisionReguladoraEnergia,1,y el infeliz dice q no es vengativo .....,mx,0,0,0,0,0,1,1,0,1,y el infeliz dic q no es vengat
dc2377974cbdd722690e8d2d50787fc0,comisionReguladoraEnergia,1,"Lo encontró en fb,  en los memes",mx,0,0,0,0,0,0,0,0,0,lo encontr en fb en los mem
a04831cc7514a6bdc4ae8d7651f32d52,comisionReguladoraEnergia,1,"No se quien es ella la verdad. Mi conocimiento en política es casi nulo. Pero felicidades, lo hace muy bien. El nuevo gobierno no deja de sorprenderme, cada día sale algo peor.",mx,0,0,0,0,0,2,0,0,0,no se qui es ella la verd mi conoc en polit es casi nul per felic lo hac muy bien el nuev gobiern no dej de sorprend cad dia sal algo peor
571c37c0b94a5c317a5921356b0a1d22,comisionReguladoraEnergia,1,"Huy si!! Xóchitl Gálvez... La del lenguaje de carretonera, la que hace escándalos en tribuna y va pintada de la cara y vestida de payaso,  la que tiene una hermana presa por secuestradora Vaya... Que buen ejemplo!",mx,3,0,0,0,0,0,2,0,2,huy si xochitl galvez la del lenguaj de carretoner la que hac escandal en tribun y va pint de la car y vest de payas la que tien una herman pres por secuestr vay que buen ejempl
536bfbdf4ab91a8ff49c4e47da521b6e,comisionReguladoraEnergia,1,Tiene que poder detener la toalla 😂,mx,0,0,0,1,0,0,0,0,0,tien que pod deten la toall cara_llorando_de_ris
33d603ba9d4cf2c489f5062f1f7df309,comisionReguladoraEnergia,1,Es como hermana menor de la carmensita salinas q no?,mx,0,1,0,0,0,1,0,0,0,es com herman menor de la carmensit salin q no
a5183864e52fedb4b0b11b6bd3253118,comisionReguladoraEnergia,1,"que viva la incapacidad e ignorancia que para eso llegó la 4T, ha empoderarlos para acabar con el país",mx,0,0,0,0,0,0,0,0,0,que viv la incapac e ignor que par eso lleg la 4t ha empoder par acab con el pais
1a3394e3ab68c888e45bb538f6fc25a9,comisionReguladoraEnergia,1,"Jajajajajajajajaja tendencioso, a mi primero que me explique la falta de capacidad de sus candidatos y luego hablamos de conflicto de intereses.",mx,0,0,0,0,0,0,0,0,0,jajajajajajajajaj tendenci a mi primer que me expliqu la falt de capac de sus candidat y lueg habl de conflict de interes
97ba54563ed1427fb742aa497afb3dd7,comisionReguladoraEnergia,1,"Así deberían de sentar a contestar unas cuantas preguntitas referente a ciencia y tecnología en México, al Gigolo y a la diseñadora de modas.",mx,0,0,0,0,0,0,0,0,0,asi deb de sent a contest unas cuant preguntit referent a cienci y tecnolog en mexic al gigol y a la diseñ de mod
55bf933f48965fa3c74fa616c3996fc9,comisionReguladoraEnergia,1,A mi me preocupa ¿A quién le habrá dejado encargado su puesto de tamales?,mx,0,2,0,0,0,0,0,0,0,a mi me preocup a quien le habr dej encarg su puest de tamal
4313392d2963ab2db07ee20e5e2eb211,comisionReguladoraEnergia,1,Me recuerda a Carmen Salinas hace algunos años.,mx,0,0,0,0,0,0,0,0,0,me recuerd a carm salin hac algun años
a32e06483b00fb807fb5d8e6fd2b3fcb,comisionReguladoraEnergia,1,Personajes de 5ta para una transformación de 4ta 😓,mx,0,0,0,1,0,0,0,0,0,personaj de 5ta par una transform de 4ta cara_con_sudor_fri
68484a4ec63c56dc337baf5ad1ca53ef,comisionReguladoraEnergia,1,"Ya no somos tercermundistas retrocedimos, inventamos  cuatrimundistas.",mx,0,0,0,0,0,1,0,0,0,ya no som tercermund retroced invent cuatrimund
57a7b6f355eb5ae0a5a9dc7fb5a9ed13,comisionReguladoraEnergia,1,"si los pendejos volaran, veríamos muy poco el sol.",mx,0,0,0,0,0,0,0,0,0,si los pendej vol ver muy poc el sol
b21fe9ca89503e5fbbfbccbf79516469,comisionReguladoraEnergia,1,No mam.... Dios mío! “Les voy a compartir una definición que me encontré en internet...”,mx,1,0,0,0,0,1,2,2,2,no mam dios mio les voy a compart una definicion que me encontr en internet
c9bf20965de7b5ed5b8fbf6e87c16c0c,comisionReguladoraEnergia,1,Ahora resulta que no se les puede llamar ladrones a los rateros ja ja ja Se ofenden,mx,0,0,0,0,0,1,0,0,0,ahor result que no se les pued llam ladron a los rater ja ja ja se ofend
bbaa93954e58bc11072c00a567639338,comisionReguladoraEnergia,1,"Estamos ante la “mafia de la ignorancia” , la más peligrosa de todas",mx,0,0,0,0,0,0,0,2,0,estam ante la mafi de la ignor la mas peligr de tod
30c16e22c53749478991654cc1b02cb4,comisionReguladoraEnergia,1,Él es Risco... Un pequeño cerdo que un día le dijeron que era periodista y se la creyó el pendejo!!!,mx,3,0,0,0,0,0,2,0,1,el es risc un pequeñ cerd que un dia le dijeron que era period y se la crey el pendej
ecfa92c41a5be90c6a6f5a3993fce383,comisionReguladoraEnergia,1,La 4ta. Transformación en realidad es Region IV.,mx,0,0,0,0,0,0,0,0,0,la 4ta transform en realid es region iv
6c93412409baa848d685a3001ac3d50c,comisionReguladoraEnergia,1,La transformacion de cuarta tiene personal de quinta,mx,0,0,0,0,0,0,0,0,0,la transform de cuart tien personal de quint
c985e1e2961a23291c852a22ea9c5493,comisionReguladoraEnergia,1,"Aguas con los y las expertos! UF, este mundo solo para los genios...",mx,1,0,0,0,0,0,1,0,1,agu con los y las expert uf este mund sol par los geni
0367e067ce836bc12a996fa41d4e656f,comisionReguladoraEnergia,1,No rebuznan porque ofenden a los burros. ¡Que vergüenza!,mx,2,0,0,0,0,1,0,0,0,no rebuzn porqu ofend a los burr que vergüenz
149607bac3a45e6621185b76e736c3c6,comisionReguladoraEnergia,1,"#Contráteme a mi, yo sí tengo título y estoy preparado. Obtuve 4 premios internacionales y 9 premios nacionales.",mx,0,0,0,0,0,0,0,0,0,contratem a mi yo si teng titul y estoy prepar obtuv 4 premi internacional y 9 premi nacional
9393d027175e8b0e2e267b15ddd06db3,comisionReguladoraEnergia,1,Carmen Salinas interpretando a Guadalupe Escalante.,mx,0,0,0,0,0,0,0,0,0,carm salin interpret a guadalup escal
711ec678ceeb5a830f4c7f2dc5825a96,comisionReguladoraEnergia,1,"Si tienes razón debería de regresar el PRI, con ellos estábamos mejor, al menos eran profesionales, nada de tonterías, ellos hacían cosas como Duarte ellos si merecen gobernar, sólo ellos nos pueden dirigir .",mx,0,0,1,0,0,1,0,0,0,si tien razon deb de regres el pri con ellos estab mejor al men eran profesional nad de tont ellos hac cos com duart ellos si merec gobern sol ellos nos pued dirig
2333bf6feef5310c227c479b05d7d5b3,comisionReguladoraEnergia,1,Jajajajajajaja conflicto de interés es proponer ternas para puestos importantes llenas de cuates pero eso sí igual de Ignorantes que él. 🙄🙄🙄🙄🙄🙄🙄🙄,mx,0,0,0,8,0,0,1,0,0,jajajajajajaj conflict de interes es propon tern par puest import llen de cuat per eso si igual de ignor que el cara_con_ojos_en_blanc cara_con_ojos_en_blanc cara_con_ojos_en_blanc cara_con_ojos_en_blanc cara_con_ojos_en_blanc cara_con_ojos_en_blanc cara_con_ojos_en_blanc cara_con_ojos_en_blanc
5846470746ac5e893d6ada3dd324cdb9,comisionReguladoraEnergia,1,"No Javier, estoy igual que tú. Rezar es lo únci que necesitamos para que esta pesadilla acabe pronto. Digamos... un infarto fulminante,  derrame cerebral,  algo natural, pero ya!!! Necesitamos al ""payaso"" !!! Slds. Soy primo de Nacho Araiza.",mx,6,0,0,0,0,1,3,2,1,no javi estoy igual que tu rez es lo unci que necesit par que esta pesadill acab pront dig un infart fulmin derram cerebral algo natural per ya necesit al payas slds soy prim de nach araiz
984d872bf450c10bf5c846956a74cc7b,comisionReguladoraEnergia,1,Aqui es donde entra el Buki:A donde vamos a parar 🎤🎵,mx,0,0,0,2,0,0,0,0,0,aqui es dond entra el buki a dond vam a par microfon nota_musical
28f7961d9d4c994f8034299841e75b65,comisionReguladoraEnergia,1,"Creo el señor AMLO, cree en los principios y juicios de personas con edad.... pero no mame, esto es de innovación No mame con la Sra producto de Monster Inc. Oye Mike Wasaski no hiciste tu papeleo...",mx,0,0,1,0,0,3,2,0,2,cre el señor amlo cre en los principi y juici de person con edad per no mam esto es de innov no mam con la sra product de monst inc oye mik wasaski no hic tu papele
472159337e8a3ef72215f368fb176fef,comisionReguladoraEnergia,1,Pero tiene las ganas! Otra ilustre del planeta de los simios,mx,1,0,0,0,0,0,0,0,0,per tien las gan otra ilustr del planet de los simi
63bf3fec987eb4cf9db5f4c80beecee4,comisionReguladoraEnergia,1,Será producto de las cuotas de género o cuotas de cuates? 🤦🏻‍♂️😑🤔,mx,0,1,0,5,0,0,0,0,0,ser product de las cuot de gener o cuot de cuat hombre_con_la_mano_en_la_frente_tono_de_piel_clar cara_sin_expresion cara_pens
82f7d85552c04322dd41f1e6ee768ec1,comisionReguladoraEnergia,1,Y el cinturon Hermés?  O es Fake?   Hay que cuidar la apariencia y sencillez,mx,0,2,0,0,0,0,1,0,0,y el cinturon hermes o es fak hay que cuid la aparient y sencillez
30369ba3551c258a9162f447e2ebc481,comisionReguladoraEnergia,1,Y las Pruebas apá. Siempre lo mismo que bonito es acusar y despotricar sin tener pruebas y vaya ni si quiera honradez,mx,0,0,0,0,0,2,0,0,0,y las prueb apa siempr lo mism que bonit es acus y despotric sin ten prueb y vay ni si quier honradez
2480ed6d9bf11e3c8c4887e5783677c6,comisionReguladoraEnergia,1,"De casualidad no saben,si AMLO le hecho salsa roja ó verde a los tacos que se comió ayer? digo,con eso de que ahora sí,se creen los inspectores,periodismo de cuarta.",mx,0,1,1,0,0,1,0,0,0,de casual no sab si amlo le hech sals roj o verd a los tac que se com ayer dig con eso de que ahor si se cre los inspector period de cuart
e4def159ee4b78be63b7c06fc7009f62,comisionReguladoraEnergia,1,"que bárbaro !!! que chinga le puso la tartamuda!! pasará a la historia, su gran conocimiento abruma!!!",mx,8,0,0,0,0,0,2,0,0,que barbar que ching le pus la tartamud pas a la histori su gran conoc abrum
80160d58a57b2d709f57775c1fd1da37,comisionReguladoraEnergia,1,"Si eres militante de morena puede que sí cumplas el currículum para astronauta, 30 millones de no hay peor ciego que el que no quiere ver te avalan.",mx,0,0,0,0,0,2,0,0,0,si eres milit de moren pued que si cumpl el curriculum par astronaut 30 millon de no hay peor cieg que el que no quier ver te aval
1dcb833c0a2ce35724242a4c75aab330,comisionReguladoraEnergia,1,"Pues ya hizo los méritos con quien debía, pa' qué más?",mx,0,1,0,0,0,0,0,1,0,pues ya hiz los merit con qui deb pa que mas
e9979e4206670753c6b7dbe53e02559b,comisionReguladoraEnergia,1,Que le pregunten a Xochitl Gálvez que es un toro.,mx,0,0,0,0,0,0,0,0,0,que le pregunt a xochitl galvez que es un tor
fcff0ad7609f2ede6fcae6512883f40a,comisionReguladoraEnergia,1,Esperamos ninguno de estos amigos de AMLO aplique para puestos de Controlador de Vuelo en el aeropuerto Ganso o Jefe de Seguridad en la refinería Gansa o Maquinista del Tren Maya Ganso...,mx,0,0,1,0,0,1,1,0,1,esper ningun de estos amig de amlo apliqu par puest de control de vuel en el aeropuert gans o jef de segur en la refin gans o maquin del tren may gans
8f2413c79435cff2da134a2edd6efe3d,comisionReguladoraEnergia,1,Creo que en poco tiempo ya perdí la capacidad de asombro,mx,0,0,0,0,0,0,0,0,0,cre que en poc tiemp ya perd la capac de asombr
0a2076847a9a47c9b7813620fca0ad6e,comisionReguladoraEnergia,1,No le dará tantita pena ir a tomarle el pelo a los presentes y de paso a toda la sociedad mexicana?,mx,0,1,0,0,0,1,0,0,0,no le dar tantit pen ir a tom el pel a los present y de pas a tod la socied mexican
f5f2a93997a79de5704145f9a1061fcf,comisionReguladoraEnergia,1,"Mmmm, lo dice la excelentísima sabia de las redes @XochitlGalvez y la apoya la otra excelentísima culta @qtf jeje, buen chiste.",mx,0,0,0,0,1,0,1,0,0,mmm lo dic la excelentisim sabi de las red [user] y la apoy la otra excelentisim cult [user] jej buen chist
88f6f62fe63d24d0ff4cc97054332665,comisionReguladoraEnergia,1,"Minas de carbón...material que, en retroceso de 20 años,  ahora usarán para generar energía... qué coincidencia!",mx,1,0,0,0,0,0,2,0,2,min de carbon material que en retroces de 20 años ahor usaran par gener energ que coincident
3d9e9f9e6150654e95e7645424d14d20,comisionReguladoraEnergia,1,"Lo dicho no necesitan ayuda para  ponerlos en ridículo, ellos AMLO,  MORENA  y su gabinete lo hacen solitos 😉😉😉",mx,0,0,2,3,0,1,1,0,0,lo dich no necesit ayud par pon en ridicul ellos amlo moren y su gabinet lo hac solit cara_guiñando_el_oj cara_guiñando_el_oj cara_guiñando_el_oj
79b6f30d7306df6a3ba64766f905e2f2,comisionReguladoraEnergia,1,Si mejor que contraten a MEADE ese si es inteligente .si no pregúntenle a la ESTAFA MAESTRA.,mx,0,0,3,0,0,1,0,0,0,si mejor que contrat a mead ese si es inteligent si no preguntenl a la estaf maestr
8ce61ef20e39176b9d17e35f12c7cd07,comisionReguladoraEnergia,1,Ese sombrerudo que no es Don Perpetuo? El de Calzonzin Inspector?,mx,0,2,0,0,0,1,0,0,0,ese sombrerud que no es don perpetu el de calzonzin inspector
869dc943c36ad02aa77601f09501af03,comisionReguladoraEnergia,1,Tú y tus 4 seguidores son importantes para AMLO,mx,0,0,1,0,0,0,0,0,0,tu y tus 4 seguidor son import par amlo
6ced5d93607b40f5db782ed3e5bea887,comisionReguladoraEnergia,1,energía limpia para llenar los bolsillos corruptos de un grupo de mexicanos Rapaces!!!,mx,3,0,0,0,0,0,1,0,0,energ limpi par llen los bolsill corrupt de un grup de mexican rapac
dba3377cc81f87d1fcfbcff92ccad3b4,comisionReguladoraEnergia,1,"Y vendrán cosas peores, lo dice la Biblia",mx,0,0,0,0,0,0,0,0,0,y vendran cos peor lo dic la bibli
7b677acef217c57d464ec964b869252f,comisionReguladoraEnergia,1,Bienvenidos a la transformación de cuarta,mx,0,0,0,0,0,0,0,0,0,bienven a la transform de cuart
dbd21126defede3c981594cb6beb0c60,comisionReguladoraEnergia,1,"No cabe duda, están haciendo historia. Para bien del país? Qué lastima de tantos votos a la basura. Sería la oportunidad de fomentar la investigación",mx,0,1,0,0,0,1,0,0,0,no cab dud estan hac histori par bien del pais que lastim de tant vot a la basur ser la oportun de foment la investig
d188c4778eb5378388f1b48460c5e13a,comisionReguladoraEnergia,1,"@XochitlGalvez  Creo que ni aunque le hubieras dicho: C de Certificado, E de Energia y L de Limpia, le habría atinado. Es vergonzoso todo lo que hacen los Morenos @ConsultaPara",mx,0,0,0,0,0,1,0,0,0,[user] cre que ni aunqu le hub dich c de certific e de energi y l de limpi le habr atin es vergonz tod lo que hac los moren [user]
30a3769463a072001cdb0419b435b9df,comisionReguladoraEnergia,1,"Pensando seriamente en ser candidata. No se nada sobre la industria de los refinados, derivados de hidrocarburos y de electricidad; pero soy honesta.",mx,0,0,0,0,0,2,0,0,0,pens seri en ser candidat no se nad sobr la industri de los refin deriv de hidrocarbur y de electr per soy honest
62c092120abd389ceeefca5cc740a799,comisionReguladoraEnergia,1,"Para saber el nivel de bestialidad de los candidatos de la 4 transformación, hay que medirlos con carbono 14.....",mx,0,0,0,0,0,0,1,0,1,par sab el nivel de bestial de los candidat de la 4 transform hay que med con carbon 14
4d8100c2d7f5bf0efb55e5fe394e9a21,comisionReguladoraEnergia,1,Esta bueno el linchamiento mediatico orquestado por el Jefe de una Nación!! Ahora somos una Nación de Lavandero.,mx,2,0,0,0,0,0,0,0,0,esta buen el linchamient mediat orquest por el jef de una nacion ahor som una nacion de lavander
ee8c9e9c75969d6e3c2f7c86ed54b0a8,comisionReguladoraEnergia,1,Una definición que “le gustó mucho” 🤦🏻‍♂️,mx,0,0,0,3,0,0,0,2,0,una definicion que le gust much hombre_con_la_mano_en_la_frente_tono_de_piel_clar
101420e847994640d964aba1e016825d,comisionReguladoraEnergia,1,"Pero es que hubo antes peores - - dice el tipo que utiliza sombrero (quizás para ocultar su ausencia de cerebro).  Claro, con esa argumentación también es válido decir ""No se quejen, podríamos haber escogido aún más ineptos""... Y vaya que si tienen de dónde escoger...",mx,0,0,0,0,0,1,2,2,2,per es que hub antes peor dic el tip que utiliz sombrer quizas par ocult su ausenci de cerebr clar con esa argument tambien es val dec no se quej podr hab escog aun mas inept y vay que si tien de dond escog
7e6aaa4f539bfeac2560f0becab11579,comisionReguladoraEnergia,1,Y lo que nos falta !!!!! .... Estamos en el nacimiento de una ineptocracia bananera ... Se van a acabar al país en menos de lo que canta un ganso,mx,5,0,0,0,0,0,3,0,2,y lo que nos falt estam en el nacimient de una ineptocraci bananer se van a acab al pais en men de lo que cant un gans
6278a0cd24c6d18097976a7bd4d68a6f,comisionReguladoraEnergia,1,Es pregunta:¿Y el animal borrachín ASESINO calderón si sabía de algo de energías cuando lo impuso la chachalaca mariguana fox?,mx,0,2,1,0,0,0,0,0,0,es pregunt y el animal borrachin asesin calderon si sab de algo de energ cuand lo impus la chachalac mariguan fox
7d03a99f35ffd175df28270d9650b4c4,comisionReguladoraEnergia,1,"Ya valimos, todo este gobierno es realmente de 4ta.",mx,0,0,0,0,0,0,0,0,0,ya val tod este gobiern es realment de 4ta
4629c1260c1b442ceb8e6246d93b1487,comisionReguladoraEnergia,1,"Yo quiero ser médico, sin haber estudiado medicina; o maestro de inglés sin siquiera saberlo, neta así de estúpida es la transformación de cuarta?",mx,0,1,0,0,0,2,0,0,0,yo quier ser medic sin hab estudi medicin o maestr de ingles sin siqu sab net asi de estup es la transform de cuart
d0d32c776a7fff413e615c1babe68d2e,comisionReguladoraEnergia,1,Jajaja .... Claro ejemplo de la transformación de cuarta  🙈🙈🙈🙈🤣🤣🥜🥜🥜,mx,0,0,0,9,0,0,3,0,1,jajaj clar ejempl de la transform de cuart mono_con_los_ojos_tap mono_con_los_ojos_tap mono_con_los_ojos_tap mono_con_los_ojos_tap cara_revolviendose_de_la_ris cara_revolviendose_de_la_ris cacahuet cacahuet cacahuet
19fa5629a14abc5856c2f1c81da60713,comisionReguladoraEnergia,1,"! El colmo del cinismo y de la ineptitud ! Es como si se nombrara a un pasante de agronomía para dirigir a @Pemex  ....... Ahh, ya lo hicieron 🤢🤢🤢🤢",mx,2,0,0,4,0,0,2,0,2,el colm del cinism y de la ineptitud es com si se nombr a un pasant de agronom par dirig a [user] ahh ya lo hic cara_de_naus cara_de_naus cara_de_naus cara_de_naus
caa4af6735438b93d992f250b7765b1e,comisionReguladoraEnergia,1,"No se preocupe doñita, no tiene q leer tampoco definiciones de internet, nosotros podemos buscarlas, usted nada más preocúpese por tener capacidad ética y moral, preparación no necesita 🤦🏼‍♀️",mx,0,0,0,3,0,5,0,0,0,no se preocup doñit no tien q leer tampoc definicion de internet nosotr pod busc usted nad mas preocupes por ten capac etic y moral prepar no necesit mujer_con_la_mano_en_la_frente_tono_de_piel_claro_medi
dc944d24e6669fa51ed08489061dc8b4,comisionReguladoraEnergia,1,Creo que lo investigó en una monografía. Deprimente el nivel de la cuarta tan cuarteada.,mx,0,0,0,0,0,0,0,0,0,cre que lo investig en una monograf depriment el nivel de la cuart tan cuart
4a45b7f6fd7aa0c997b94548834e12d3,comisionReguladoraEnergia,1,No te apures. Es fayuca de la 4T,mx,0,0,0,0,0,1,0,0,0,no te apur es fayuc de la 4t
8a75465df4c0c7cda36b67208f2f45fc,comisionReguladoraEnergia,1,Todo esto ya me está dando miedo. ¿Soy el único?.,mx,0,2,0,0,0,0,0,0,0,tod esto ya me esta dand mied soy el unic
2b6bba7bdedca3ad29aaa94a31d0d0d6,comisionReguladoraEnergia,1,Lo más importante es el valor ético y moral. Vale madres que no sepas nada de nada.,mx,0,0,0,0,0,3,0,0,0,lo mas import es el valor etic y moral val madr que no sep nad de nad
eff8ecbda0f1f8cdf7d06fb44a80b2e1,comisionReguladoraEnergia,1,"la cuarta transformación, haciendo historia... Que bien don Andrés Manuel @lopezobrador_ Usted que los conoce y los propone!... Debería de ser el primero en sentir un poco de pena, vergüenza... Pero que va!... Usted No Conoce ni la pena, ni la vergüenza!!!... Ama la Mediocridad",mx,5,0,0,0,0,3,6,0,5,la cuart transform hac histori que bien don andres manuel [user] usted que los conoc y los propon deb de ser el primer en sent un poc de pen vergüenz per que va usted no conoc ni la pen ni la vergüenz ama la mediocr
03e1d53c78da307ef93daf6bc6351f43,comisionReguladoraEnergia,1,Esta ñora es la típica que sirve para organizar tandas,mx,0,0,0,0,0,0,0,0,0,esta ñor es la tipic que sirv par organiz tand
a4b0441b245ae974af53d3a8be206a62,comisionReguladoraEnergia,1,"Las ternas ""All Stars"" de AMLO...",mx,0,0,1,0,0,0,1,2,1,las tern all stars de amlo
376ea30fa147d0bc56887e88ce6f61ec,comisionReguladoraEnergia,1,Hay te encargo @roblesmaloof que manden chairos un tanto más letrados y no tan “letrinados” 🤣 @SFP_mx,mx,0,0,0,1,0,1,0,2,0,hay te encarg [user] que mand chair un tant mas letr y no tan letrin cara_revolviendose_de_la_ris [user]
b35d4aee24f243deeb6708b3608d78bc,comisionReguladoraEnergia,1,"Como tarea de secundaria, copiando de Internet lo que se pueda. Pero no se preocupe mi Lupita, si no sabe no conteste, siendo honrada y honesta es suficiente, aunque no sepa ni madres!!!",mx,3,0,0,0,0,5,1,0,0,com tare de secundari copi de internet lo que se pued per no se preocup mi lupit si no sab no contest siend honr y honest es suficient aunqu no sep ni madr
aecf07f09a9e977f4e1591713bf9ff46,comisionReguladoraEnergia,1,Qué risa escuchar a Gálvez hablar de honestidad 😜,mx,0,0,0,1,0,0,0,0,0,que ris escuch a galvez habl de honest cara_sacando_la_lengua_y_guiñando_un_oj
c6d1c32bea1b576a43c79637b4682b7c,comisionReguladoraEnergia,1,No inventes!!! De dónde saca AMLO a su gente??? De la 'mesa directiva de su Colonia'??? Que le pasa???!!!,mx,6,9,1,0,0,1,5,2,0,no invent de dond sac amlo a su gent de la mes direct de su coloni que le pas
a5885579c8f4990ebcf042ea240c1105,comisionReguladoraEnergia,1,Bienvenidos a la cuarta transformación,mx,0,0,0,0,0,0,0,0,0,bienven a la cuart transform
bc0e2a954d16a090da16409e8b751d2f,comisionReguladoraEnergia,1,Le faltó mencionar las próximas fechas de Aventurera.,mx,0,0,0,0,0,0,0,0,0,le falt mencion las proxim fech de aventurer
e127e3acdee219566b9d1ef03a5987c9,comisionReguladoraEnergia,1,Bravo a Xochitl Galvez quien demuestra que para tener un cargo público hay que ser capaz de tenerlo #pideteunabeca,mx,0,0,0,0,0,0,0,0,0,brav a xochitl galvez qui demuestr que par ten un carg public hay que ser capaz de ten pideteunabec
c5d0d3fd23f07a8254070fadd9ec041c,comisionReguladoraEnergia,1,Ya son muchas Carmencitas Salinas.,mx,0,0,0,0,0,0,0,0,0,ya son much carmencit salin
c34c4247f533a95df86a471e0e064f9d,comisionReguladoraEnergia,0,A estas alturas ya nada debe de sorprendernos. Morena es como el pan que se elabora de las sobras y reciclados de panadería.,mx,0,0,0,0,0,1,0,0,0,a estas altur ya nad deb de sorprend moren es com el pan que se elabor de las sobr y recicl de panad
29e5af67be27824082d64b16a476cd9d,comisionReguladoraEnergia,0,Esto ya dejó de ser chistoso. Ahora está dando miedo.,mx,0,0,0,0,0,0,0,0,0,esto ya dej de ser chistos ahor esta dand mied
6596b6bf439b8e53dd479fec8ac3dc20,comisionReguladoraEnergia,0,"Ah ok, entonces la manera de gobernar de antes era la idonea y por eso es replicada por la actual?? No que se buscaba un cambio? No que no eran iguales?",mx,0,4,0,0,0,3,0,0,0,ah ok entonc la maner de gobern de antes era la idone y por eso es replic por la actual no que se busc un cambi no que no eran igual
e220f3092633b024ac238aca3cadaa3d,comisionReguladoraEnergia,0,"Son unos descarados, si eso no es amiguísimo es corrupción",mx,0,0,0,0,0,1,0,0,0,son unos descar si eso no es amiguisim es corrupcion
3e320db94a922e67d1a504991af66a27,comisionReguladoraEnergia,0,"Increíble, un político o titular de alguna dependencia o comisión mínimo debe estar bien informado del cargo que tiene, esto si es CORRUPCIÓN",mx,0,0,1,0,0,0,0,0,0,increibl un polit o titul de algun dependent o comision minim deb estar bien inform del carg que tien esto si es corrupcion
4802db2020a7a65787165984313cc738,comisionReguladoraEnergia,0,"Conoces la historia de @XochitlGalvez ? El problema es que no se entiende que gobernar un país, surgido del partido político que sea, @PartidoMorenaMx @PRI_Nacional @AccionNacional no es para improvisados. Yo quiero que le vaya bien a México 🇲🇽 pero así NO",mx,0,1,0,0,0,3,0,0,0,conoc la histori de [user] el problem es que no se entiend que gobern un pais surg del part polit que sea [user] [user] [user] no es par improvis yo quier que le vay bien a mexic bandera_mex per asi no
d82f3b81f676d51354cc9999d73681a4,comisionReguladoraEnergia,0,Primero dicen que todos  debemos participar en asuntos de la política y cuando ven en serio la participación ya no les gusta ahora se aguantan ya los aguantamos a los disque especialistas autorizandose salarios muy altos muy trajeados y perfumados pero rateros de alto nivel,mx,0,0,0,0,0,1,0,0,0,primer dic que tod deb particip en asunt de la polit y cuand ven en seri la particip ya no les gust ahor se aguant ya los aguant a los disqu especial autoriz salari muy altos muy traj y perfum per rater de alto nivel
bdd8f0bbb6135aa634ae3b3f996deec9,comisionReguladoraEnergia,0,"La gente estupida cree que la estupidez tiene que ser por fuerza de algun partido en general,la estupidez no conoce limites,sige mi apoyo por AMLO, pero no por la gente estupida!",mx,1,0,1,0,0,2,0,0,0,la gent estup cre que la estupidez tien que ser por fuerz de algun part en general la estupidez no conoc limit sig mi apoy por amlo per no por la gent estup
30015e497f1736310b3f95cb8e0b392c,comisionReguladoraEnergia,0,Y tu Joaquín no eres periodista. Eres porro del PRIAN,mx,0,0,1,0,0,1,0,0,0,y tu joaquin no eres period eres porr del pri
1f9ce74dd505e3fa2f39cd14ca672ef1,comisionReguladoraEnergia,0,"La enorme diferencia es que si un comunicador no te agrada puedes consultar a otro y no hay mayor problema, en cambio seguir gobernando con el nepotismo, clientelismo, impunidad, corrupción y mentiras de sexenios pasados no es opcional y afecta a todos por igual",mx,0,0,0,0,0,3,0,0,0,la enorm diferent es que si un comun no te agrad pued consult a otro y no hay mayor problem en cambi segu gobern con el nepot clientel impun corrupcion y mentir de sexeni pas no es opcional y afect a tod por igual
89867a6b6494114aa5b49d5b2fc97722,comisionReguladoraEnergia,0,"No me refiero a que este bien, el punto es que ahora todo critican muy ferozmente, el punto es checar si tiene o no el perfil para el puesto y punto. La comparación la hago por la manera en que la critican, pero claro quien le criticaba algo a CSG? ese es el punto, Zedillo en...",mx,0,1,1,0,0,2,1,0,1,no me refier a que este bien el punt es que ahor tod critic muy feroz el punt es chec si tien o no el perfil par el puest y punt la compar la hag por la maner en que la critic per clar qui le critic algo a csg ese es el punt zedill en
0c2e8f203c57bbc27179dcb61b0cd551,comisionReguladoraEnergia,0,Ah! Ok! Entonces los comunicadores van a ser selectivos con sus críticas y se van a seguir haciendoce de la vista gorda cuando a los pillos de siempre se les antoje robar. ¿Pues que no se supone que son objetivos?,mx,2,2,0,0,0,1,0,0,0,ah ok entonc los comun van a ser select con sus critic y se van a segu haciendoc de la vist gord cuand a los pill de siempr se les antoj rob pues que no se supon que son objet
7554fe857e5c797b32d403bba5195327,comisionReguladoraEnergia,0,"No sabrá que es un cel pero esta dispuesto a ganar menos que el presidente que es lo que les importa a todos los chairos, esa es la diferencia de pagar sueldos altos a gente capacitada",mx,0,0,0,0,0,1,0,0,0,no sabr que es un cel per esta dispuest a gan men que el president que es lo que les import a tod los chair esa es la diferent de pag sueld altos a gent capacit
61a69eb1aa7c10192d9b2e7c06927ab2,comisionReguladoraEnergia,0,Qué falta de seriedad,mx,0,0,0,0,0,0,0,0,0,que falt de seried
67d46224de488a9f9d246196bedcc9fb,comisionReguladoraEnergia,0,"De que quieren que seamos respetuosos, de ignorancia y cinismo? Zapatero a tu zapato como vas a aspirar a un puesto del que no sabes nada, tantita verguenza!!!!. En lo personal a mi me da pavor intervenir en algo que desconozco.",mx,4,1,0,0,0,2,1,0,0,de que quier que seam respetu de ignor y cinism zapater a tu zapat com vas a aspir a un puest del que no sab nad tantit verguenz en lo personal a mi me da pavor interven en algo que desconozc
8cc4a55abec9bc6693e8cc3b4b6fe81d,comisionReguladoraEnergia,0,Wooow....mi HeroA Xóchitl... Gracias por aclararle las cosas. Si no saben la terminología cómo van a comunicarse con los Comisionados de otros países o trabajadores del rubro.,mx,0,0,0,0,0,1,3,0,2,woow mi hero xochitl graci por aclar las cos si no sab la terminolog com van a comunic con los comision de otros pais o trabaj del rubr
58eea8037591e0f403b0f0138e2e2552,comisionReguladoraEnergia,0,Peor aún el de sombrero. Que imagino es quien preside la reunión. No pasa nada si es el CEL o el Cel Móvil. Que pena dan.,mx,0,0,1,0,0,2,0,0,0,peor aun el de sombrer que imagin es qui presid la reunion no pas nad si es el cel o el cel movil que pen dan
e8ec5113c67ccb4b612220d98cf81578,comisionReguladoraEnergia,0,Solo si eres fiel al supremo Solo aspiran a buenos huesos los buenos perros,mx,0,0,0,0,0,0,0,0,0,sol si eres fiel al suprem sol aspir a buen hues los buen perr
7b75b5fe9ae759f615ead2880a4bb02c,comisionReguladoraEnergia,0,"Y ya le dieron el cargo!?... No... 🤦 Ay Reforma, Ay Reforma.... Regresa a tus niños a la escuela por favor..... #ReformaTodoLoDeforma",mx,1,1,0,1,0,1,4,0,4,y ya le dieron el carg no persona_con_la_mano_en_la_frent ay reform ay reform regres a tus niñ a la escuel por favor reformatodolodeform
8b4692a0b320938cf517367acc9accfe,comisionReguladoraEnergia,0,Es la costumbre de AMLO solo recuerden a NICO de chofer a un alto funcionario en la CDMX cuando su patron era jefe de gobierno,mx,0,0,3,0,0,0,0,0,0,es la costumbr de amlo sol recuerd a nic de chof a un alto funcionari en la cdmx cuand su patron era jef de gobiern
6b3e07e00c6e9a06ba7418f38d0286af,comisionReguladoraEnergia,0,"Lo dirás de broma pero sale más cara la ineptitud de estos, que la deshonestidad de los otros, estamos fritos.",mx,0,0,0,0,0,0,0,0,0,lo diras de brom per sal mas car la ineptitud de estos que la deshonest de los otros estam frit
3d02ffd5c129527e2e9bc37dcf62ad37,comisionReguladoraEnergia,0,También el pejendejo no quiere debatir sobre conceptos... Por que será?????,mx,0,5,0,0,0,1,2,0,1,tambien el pejendej no quier debat sobr concept por que ser
04069d3143f574e2a845b0fde631d65f,comisionReguladoraEnergia,0,"Sí  ponen en un cargo de gobierno a un individuo por una relación familiar, compadrazgo,  compromiso etc. Se llama nepotismo, y no es otra cosa que corrupción.",mx,0,0,0,0,0,1,0,0,0,si pon en un carg de gobiern a un individu por una relacion famili compadrazg compromis etc se llam nepot y no es otra cos que corrupcion
653a4425eb53661eb9749ec26d7f459b,comisionReguladoraEnergia,0,La gasolina depende del precio internacional. La beca de los ninis es para que empresas es para que se puedan ahorrar sueldos y contratar a becarios. Pensión de los viejitos ya estaba solo el pago se volvió mensual. El bajo de sueldos se suspenderá por qué es ilegal.,mx,0,0,0,0,0,0,0,0,0,la gasolin depend del preci internacional la bec de los ninis es par que empres es par que se pued ahorr sueld y contrat a becari pension de los viejit ya estab sol el pag se volv mensual el baj de sueld se suspend por que es ilegal
471aa73535e4a038c17781f326e7b461,comisionReguladoraEnergia,0,"Eres quizá el único al que le da miedo, a mi me da pavor!!! La ignorancia de los comparecientes y la actitud del legislador, “no importa que no sepa”. Yo cuando comparecí ante el senado para que ratificara mi nombramiento, los senadores si eran rudos",mx,3,0,0,0,0,2,1,2,0,eres quiz el unic al que le da mied a mi me da pavor la ignor de los comparecient y la actitud del legisl no import que no sep yo cuand comparec ante el sen par que ratific mi nombramient los senador si eran rud
0ec969056514f6028620efda50bb4013,comisionReguladoraEnergia,0,¿En manos de quién estamos?,mx,0,2,0,0,0,0,0,0,0,en man de quien estam
9d49e1e307f06578a6ccd2b52e402a15,comisionReguladoraEnergia,0,"El problema no es problema, el problema es que es contigo. Pinché Lupita si no sabe ni verga que hace ahí parada. Tan currupto es que él propone, como el que permite y ejecuta.",mx,0,0,0,0,0,3,0,0,0,el problem no es problem el problem es que es contig pinch lupit si no sab ni verg que hac ahi par tan currupt es que el propon com el que permit y ejecut
916692d364aea6576eee18ca5416ec90,comisionReguladoraEnergia,0,CORRUPTOS!! Los de la transformación de 4a,mx,2,0,1,0,0,0,0,0,0,corrupt los de la transform de 4a
3ce0798f96db26e67f032af75db8afa1,comisionReguladoraEnergia,0,"Si, de  acuerdo totalmente. Aunque algunos le ponen en su currículo experiencia en muchos aspectos que no tienen que ver con la moda. Mi caso son ingeniero y tengo una maestría en administración,,, como que los dos ámbitos pareciera no tienen que ver",mx,0,0,0,0,0,2,1,0,0,si de acuerd total aunqu algun le pon en su curricul experient en much aspect que no tien que ver con la mod mi cas son ingenier y teng una maestr en administr com que los dos ambit parec no tien que ver
f42b7387134593513f7f4d63db31d503,comisionReguladoraEnergia,0,"Ahora si que la ignorancia y la falta de respeto lo digo por el sombrerudo, son factores en comun de esta 4 trastornacion, bien por las mujeres 👏",mx,0,0,0,1,0,0,0,0,0,ahor si que la ignor y la falt de respet lo dig por el sombrerud son factor en comun de esta 4 trastorn bien por las mujer manos_aplaud
72d2d2c7c75aab61e913bca5f5cfaf44,comisionReguladoraEnergia,0,Pardiñas y eso es malo?,mx,0,1,0,0,0,0,0,0,0,pardiñ y eso es mal
3b63a1d9c57fa692ef0536a7399a4fbc,comisionReguladoraEnergia,0,"La realidad es que la gente de la administración AMLO, no es la más capaz ni con las mejores credenciales académicas. El 49% de quienes votamos lo vimos. Sin embargo, ganó AMLO. Está quitando peso a las instituciones y haciendo fama de abuso a SCJN. Sigamos levantando la voz",mx,0,0,3,0,0,3,0,0,0,la realid es que la gent de la administr amlo no es la mas capaz ni con las mejor credencial academ el 49 de quien vot lo vim sin embarg gan amlo esta quit pes a las institu y hac fam de abus a scjn sig levant la voz
9ea3ef37570877218f6c1100b9cdde9c,comisionReguladoraEnergia,0,"Ahora se le falta el respeto al ignorante por preguntarle el conjunto de requisitos que deben de saber los supuestos candidatos a puestos altamente calificados con conocimientos técnicos especializados, con tremenda ineptitud todos somos faltados al respeto",mx,0,0,0,0,0,0,0,0,0,ahor se le falt el respet al ignor por pregunt el conjunt de requisit que deb de sab los supuest candidat a puest alt calific con conoc tecnic especializ con tremend ineptitud tod som falt al respet
65a30cfa6f3ae37f1bd00b80af95cab5,comisionReguladoraEnergia,0,"Le puedo asegurar que esa persona SI sabe perfectamente que hará alli: Socavar, minar y destruir la confianza en las instituciones mexicanas. Soy de Venezuela, se de lo que le hablo.",mx,0,0,0,0,0,0,0,0,0,le pued asegur que esa person si sab perfect que har alli socav min y destru la confianz en las institu mexican soy de venezuel se de lo que le habl
761ed1248279c167d6b9b0ea70c95a5d,comisionReguladoraEnergia,0,Como es posible que el que lleva la mesa este de sombrero !!!! Y nuestra bandera no merece respeto? Desde 1o de primaria se nos enseña a descubrirnos la cabeza ante nuestra bandera. Ni como ayudar a estos  y mucho menos al del celular .......,mx,4,1,0,0,0,2,2,0,2,com es posibl que el que llev la mes este de sombrer y nuestr bander no merec respet desd 1o de primari se nos enseñ a descubr la cabez ante nuestr bander ni com ayud a estos y much men al del celul
bb3f345881a1e347c959d54863c2678f,comisionReguladoraEnergia,0,No puedo acabar de ver estos videos. Me dan vergüenza,mx,0,0,0,0,0,1,0,0,0,no pued acab de ver estos vide me dan vergüenz
758df71f094f7f24cdaee4698399ac07,comisionReguladoraEnergia,0,Ah como China está como a 100 kilómetros 😂 del presidente. Quien les cree prensa fifi.Mentirosos,mx,0,0,0,1,0,0,0,0,0,ah com chin esta com a 100 kilometr cara_llorando_de_ris del president qui les cre prens fifi mentir
9310799934c0440c2356e5fb5dbb6e60,comisionReguladoraEnergia,0,"Ahh jaja, es altamente probable",mx,0,0,0,0,1,0,0,0,0,ahh jaj es alt probabl
5653f954386345acd21f40e4496befc9,comisionReguladoraEnergia,0,"Exacto! Pero no se les da gusto que si porque no tiene título, que si porque no tiene experiencia, por favor! Sobrevivimos a un @LVidegaray que llegó a aprender a la @SRE_mx . Ella por lo menos tiene maestría y experiencia en PEMEX. Ahora nos rasgamos las vestiduras?",mx,2,1,1,0,0,3,0,0,0,exact per no se les da gust que si porqu no tien titul que si porqu no tien experient por favor sobreviv a un [user] que lleg a aprend a la [user] ella por lo men tien maestr y experient en pemex ahor nos rasg las vestidur
a5400881f87554979105d384ccf380bd,comisionReguladoraEnergia,0,"Qué oso, neta que alguien me explique cómo llegamos a esto?",mx,0,1,0,0,0,0,0,0,0,que oso net que algui me expliqu com lleg a esto
4de251e05eb3d64245564776cfaa3a37,comisionReguladoraEnergia,0,"Por cierto ya se les olvido esto? Vicente  Fox cubrió los créditos de la carrera de administración de empresas entre 1960 y 1964, pero se tituló hasta el 24 de marzo de 1999. López Obrador cubrió los créditos de la carrera de ciencias políticas y  administración pública entre...",mx,0,1,0,0,0,0,2,0,1,por ciert ya se les olvid esto vicent fox cubr los credit de la carrer de administr de empres entre 1960 y 1964 per se titul hast el 24 de marz de 199 lopez obrador cubr los credit de la carrer de cienci polit y administr public entre
26ce342af570c963d50d7b278271f5b2,comisionReguladoraEnergia,0,"Y ya que estemos rete enojados, lo va a quitar. Esa ya me la aprendí. Yo creo que hay un Cisen revisando nuestros Tweets y califican nuestras reacciones",mx,0,0,0,0,0,0,0,0,0,y ya que estem ret enoj lo va a quit esa ya me la aprend yo cre que hay un cis revis nuestr tweets y calific nuestr reaccion
3bdf4caa34487a246fe6acc7b0d25d10,comisionReguladoraEnergia,0,"También aplica la máxima de ""El que nada sabe, nada teme"".",mx,0,0,0,0,0,2,0,2,0,tambien aplic la maxim de el que nad sab nad tem
c6048a0ca6182abeee6da1873bc9abe0,comisionReguladoraEnergia,0,"👏👏👏👏 Muy bien @XochitlGalvez ponlos en su lugar, me da tranquilidad que por lo menos tenemos dos personas que están defendiendo las instituciones.",mx,0,0,0,4,0,0,1,0,0,manos_aplaud manos_aplaud manos_aplaud manos_aplaud muy bien [user] ponl en su lug me da tranquil que por lo men ten dos person que estan defend las institu
b0712b3347bf611149cb8a4b32f5087f,comisionReguladoraEnergia,0,"Ignorancia! Esto se colapsará, la incultura más grande de este aparato burocrático! 🇲🇽Muy lamentable!",mx,3,0,0,0,0,0,0,0,0,ignor esto se colaps la incultur mas grand de este aparat burocrat bandera_mex muy lament
67f2dec66aae0240c3f5595d97fd1abf,comisionReguladoraEnergia,0,"Yo diría que muuuuuy pocos!!! Debería revertir más errores cometidos, dos no son suficientes!!!",mx,6,0,0,0,0,1,3,0,0,yo dir que muuy poc deb revert mas error comet dos no son suficient
cdaf05f8f4d824a09aa0d3273e73ae03,comisionReguladoraEnergia,0,Esa respuesta apunta a una discapacidad más que incapacidad.,mx,0,0,0,0,0,0,0,0,0,esa respuest apunt a una discapac mas que incapac
7143cb08a0573904bd8d66e6504b3885,comisionReguladoraEnergia,0,"No solo eso, es senadora!!!!! Cuál será su currículum?",mx,5,1,0,0,0,1,1,0,0,no sol eso es senador cual ser su curriculum
e507869ed5ad8e2f6e97bd7269eb5f6b,comisionReguladoraEnergia,0,"Ignorancia, soberbia y prepotencia Esas son las características de esta transformación de cuarta",mx,0,0,0,0,0,0,0,0,0,ignor soberbi y prepotent esas son las caracterist de esta transform de cuart
c660dd5707e006a9900015cda89cb813,comisionReguladoraEnergia,0,Los que votaron por ya sabes quién creo que tampoco tienen idea de la incompetencia de su candidato en ese entonces.,mx,0,0,0,0,0,1,0,0,0,los que vot por ya sab quien cre que tampoc tien ide de la incompetent de su candidat en ese entonc
8f259e59fc3d517abdbe9a362419d1e3,comisionReguladoraEnergia,0,La incapacidad también es corrupción! Y primer corrupto es nuestro presidente por incapaz! #mepongodepie,mx,2,0,0,0,0,0,0,0,0,la incapac tambien es corrupcion y prim corrupt es nuestr president por incapaz mepongodepi
3b6dc8fe9407652ee4b97b8033ac1fec,comisionReguladoraEnergia,0,por un momento oí que dijo Xóchitl fuck,mx,0,0,0,0,0,0,0,0,0,por un moment oi que dij xochitl fuck
1b4c99e99ca8970c23db31219ee83c79,comisionReguladoraEnergia,0,No mames!!! Y opina así la India Malhablada está? No debería ella empezar por cultivarse siendo diputada o senadora no se que es... de ese tamaño la cerrazón es como si dijéramos que López Dóriga es un gran orador y de todas formas sale en la tele!!!,mx,6,1,0,0,0,3,3,0,1,no mam y opin asi la indi malhabl esta no deb ella empez por cultiv siend diput o senador no se que es de ese tamañ la cerrazon es com si dijer que lopez dorig es un gran orador y de tod form sal en la tel
4bd10f8020acf4f67c92ed41214c52d2,comisionReguladoraEnergia,0,No mameeeeessss !!!! Qué idiotas !!!!😲😲,mx,8,0,0,2,0,1,4,0,0,no mameess que idiot cara_asombr cara_asombr
5e0288a6c7c57eb7d7ef36449acbdc96,comisionReguladoraEnergia,0,"Se mordió la lengua... A bueno, de por sí @XochitlGalvez tiene la lengua mocha ya que no puede pronunciar bien ciertas palabras, que raro que no haya comentado nada cuando Luis Videgaray llegó a aprender...",mx,0,0,0,0,0,3,2,0,2,se mord la lengu a buen de por si [user] tien la lengu moch ya que no pued pronunci bien ciert palabr que rar que no hay coment nad cuand luis videgaray lleg a aprend
996200ac4e0823479873c0e0239ee29e,comisionReguladoraEnergia,0,Tienes tus la razón somos megores,mx,0,0,0,0,0,0,0,0,0,tien tus la razon som megor
0d1d330cf2ae6c34f8096f511782b8a2,comisionReguladoraEnergia,0,"Ser corrupto no solo es tomar dinero del erario o recibir sobornos. Designar a alguien no por su preparación o conocimientos sino para pagar favores o simplemente por ser leales, es un absoluto acto de corrupción.",mx,0,0,0,0,0,3,0,0,0,ser corrupt no sol es tom diner del erari o recib soborn design a algui no por su prepar o conoc sin par pag favor o simplement por ser leal es un absolut acto de corrupcion
847dc3f8d6e2f0237174de4e1f874ce6,comisionReguladoraEnergia,0,Es un empresario de Coahuila,mx,0,0,0,0,0,0,0,0,0,es un empresari de coahuil
8abc5ec128126115c202f1d186b2a8f9,comisionReguladoraEnergia,0,"Eso mismo están haciendo en todos los ayuntamientos donde gobiernan , están corriendo a gente que tenia 20 años en su área y contratando puro gente que les dejo poner una lona en las elecciones pasadas! NO SE VALE",mx,1,0,1,0,0,1,0,0,0,eso mism estan hac en tod los ayunt dond gobiern estan corr a gent que teni 20 años en su are y contrat pur gent que les dej pon una lon en las eleccion pas no se val
3be9c4e982ddec0c1921dc950cf952c3,comisionReguladoraEnergia,0,Ok gracias lo checo,mx,0,0,0,0,0,0,0,0,0,ok graci lo chec
f035bfdee6427dea7f718c311074f390,comisionReguladoraEnergia,0,Desde hace meses el @reformanacional  le anda cuidando las nalgas a los políticos de derecha y anda chingue y chingue al #PresidenteDeMéxico con sus preguntas pendejas y sus afirmaciones sin fundamentos debería decir su artículo.,mx,0,0,0,0,0,1,0,0,0,desd hac mes el [user] le anda cuid las nalg a los polit de derech y anda ching y ching al presidentedemex con sus pregunt pendej y sus afirm sin fundament deb dec su articul
46d5650b4200300b7f9ce5df24874351,comisionReguladoraEnergia,0,Que pena con nuestros representantes!!,mx,2,0,0,0,0,0,0,0,0,que pen con nuestr represent
6d934f80addbd4353050f13e49c42064,comisionReguladoraEnergia,0,No tarda en darle un puesto de relevancia a su ex chofer el que le manejaba el VOCHITO  pinché orate,mx,0,0,1,0,0,1,0,0,0,no tard en darl un puest de relev a su ex chof el que le manej el vochit pinch orat
220e8961347bef1901a05bb279d769be,comisionReguladoraEnergia,0,"Como que se hubieran esperado un poquito para autollamarse ""la cuarta transformación"", no?",mx,0,1,0,0,0,1,0,2,0,com que se hub esper un poquit par autollam la cuart transform no
fce58727b29ac66b776e2827fcde10c5,comisionReguladoraEnergia,0,"A mi no me importa si vendia tamales o lavaba coches, si fue priista o panista tanto en la iniciativa privada como en el gobierno el titulo no hace al monje si la persona es capaz adelante y sino aunque sea morenista y egresada de Harvard para afuera",mx,0,0,0,0,0,3,0,0,0,a mi no me import si vendi tamal o lav coch si fue priist o panist tant en la inici priv com en el gobiern el titul no hac al monj si la person es capaz adel y sin aunqu sea moren y egres de harvard par afuer
708b48d1aa43ecb8d84bfda2d185515c,comisionReguladoraEnergia,0,Corrupción tambien es decir que eres capaz para servir a los ciudadanos en una área o tema específico y no tienes la menor idea del asunto.,mx,0,0,0,0,0,1,0,0,0,corrupcion tambi es dec que eres capaz par serv a los ciudadan en una are o tem especif y no tien la menor ide del asunt
7fd409a0107c95e620d0bbb3f0472d87,comisionReguladoraEnergia,0,ES UN INÉPTO CORRUPTO.,mx,0,0,2,0,0,0,0,0,0,es un inept corrupt
08460f19c22b71942ecf88b03b6ae83b,comisionReguladoraEnergia,0,"De pena ajena que la flamante senadora, que ocupa sin meritocracia un escaño, afirme que la ""incapacidad"" es ""corrupción"" desde cuando la incapacidad es punible y sancionada por la legislación, urge un curso para la estúpida en teoría del Estado, derecho penal y ciencia política",mx,0,0,0,0,0,1,0,4,0,de pen ajen que la flamant senador que ocup sin meritocraci un escañ afirm que la incapac es corrupcion desd cuand la incapac es punibl y sancion por la legisl urge un curs par la estup en teor del estad derech penal y cienci polit
802bcd32b3ecf7e8f4d523fbd459cc04,comisionReguladoraEnergia,0,"Una vergüenza esa comparecencia, #peje  @lopezobrador_ basta de estupideces y amigos ineptos en puestos clave.",mx,0,0,0,0,0,0,0,0,0,una vergüenz esa comparecent pej [user] bast de estupidec y amig inept en puest clav
cd66845f3ed550484132d49b76c83be8,comisionReguladoraEnergia,0,"Cual es el tuyo, Tú interés? O tienes un compromiso moral con iletrados? El ser honrado es una virtud, que debe ir de la mano de la honestidad y la preparación adecuada. Sin son honrados tus candidatos que sean honrados al decir no soy la persona adecuada para honorar este sitio",mx,0,2,0,0,0,2,0,0,0,cual es el tuy tu interes o tien un compromis moral con iletr el ser honr es una virtud que deb ir de la man de la honest y la prepar adecu sin son honr tus candidat que sean honr al dec no soy la person adecu par honor este siti
5e2a67e23ddccd43c5bcb564ed8d71c3,comisionReguladoraEnergia,0,Que orgullo es tener gente en el senado como @XochitlGalvez pregunto con respeto y cosas básicas a los señorasos propuestos por la secta de la inacapacidad e incompetencia . No acepten a ese tipo de gente @SenadoresdelPAN @SenadoresPRD @senadomexicano,mx,0,0,0,0,0,1,0,0,0,que orgull es ten gent en el sen com [user] pregunt con respet y cos basic a los señoras propuest por la sect de la inacapac e incompetent no acept a ese tip de gent [user] [user] [user]
19e7a218b1c8d3ffe76d25d4cfbe6be4,comisionReguladoraEnergia,0,Y mi pregunta es: acaso los senadores conocen toda la constitución política ???,mx,0,3,0,0,0,0,1,0,0,y mi pregunt es acas los senador conoc tod la constitu polit
928a3687ce72f06210ad85d6390ffd4a,comisionReguladoraEnergia,0,Dan pena ajena estos compás,mx,0,0,0,0,0,0,0,0,0,dan pen ajen estos compas
4a248798f0d219eed0a260ee7fa2fa47,comisionReguladoraEnergia,0,Energías limpias. ¿Entienden? No refinerías/petróleo etc.,mx,0,2,0,0,0,1,0,0,0,energ limpi entiend no refin petrole etc
02a7a56599c3371fe196e85fae827a4c,comisionReguladoraEnergia,0,"Que impotencia ver cómo están acabando con este país y su crecimiento , como cangrejos , para atrás pero con rapidez !!",mx,2,0,0,0,0,0,0,0,0,que impotent ver com estan acab con este pais y su crecimient com cangrej par atras per con rapidez
5c4e7427c096ea0873acf6f2b89508e2,comisionReguladoraEnergia,0,SACATE EL MOCO ¡¡..  YA ESTO FUERA DE SER UNA CUESTION DE BURROS.. ES UN CHISTE ¡¡..,mx,4,0,9,0,0,0,0,0,0,sacat el moc ya esto fuer de ser una cuestion de burr es un chist
2cc21dfdad3b738529b64ba2a4de29d3,comisionReguladoraEnergia,0,"que pena de respuesta, y @XochitlGalvez muy bien con la postura sobre corrupción por ignorantes!!",mx,2,0,0,0,0,0,0,0,0,que pen de respuest y [user] muy bien con la postur sobr corrupcion por ignor
7ca6a631a1519df535473d967464ccdc,comisionReguladoraEnergia,0,La perfecta descripción de la transformación de 4ta,mx,0,0,0,0,0,0,0,0,0,la perfect descripcion de la transform de 4ta
3e51c415732e428472c5ca5bfc48fd68,comisionReguladoraEnergia,0,"Igual de mediocres e ignorantes que su ""mesías""",mx,0,0,0,0,0,0,0,2,0,igual de mediocr e ignor que su mes
e23b9bd7873ded6818a6d07099c8318a,comisionReguladoraEnergia,0,"Este gobierno no solo va a terminar siendo el más corrupto y retrógrada , además el menos preparado de los últimos 30 años . Sin ideas , sin dirección solo con un presidente que vive en una época que ya no existe .",mx,0,0,0,0,0,4,0,0,0,este gobiern no sol va a termin siend el mas corrupt y retrogr ademas el men prepar de los ultim 30 años sin ide sin direccion sol con un president que viv en una epoc que ya no exist
efbbe79d109fc38c61f732bf63734fb1,comisionReguladoraEnergia,0,Estoy de acuerdo con que la ignorancia es un tipo de corrupción las personas mejor preparadas académica y moralmente deben estar al mando,mx,0,0,0,0,0,0,0,0,0,estoy de acuerd con que la ignor es un tip de corrupcion las person mejor prepar academ y moral deb estar al mand
a0d6ed06592e0630e18801a9f0a789b9,comisionReguladoraEnergia,0,Y se la darán de subdirector?,mx,0,1,0,0,0,0,0,0,0,y se la daran de subdirector
2feb7117e6de590fabf9acbf548c0bed,comisionReguladoraEnergia,0,REFORMA LO QUE DEBES HACER ES PAGAR LOS 150 MDP QUE DEBES A FOBAPROA Y PAGAR TU IMPUESTO Y ESPERAR A QUE EL PUEBLO TE LO PAGUE,mx,0,0,16,0,0,0,0,0,0,reform lo que deb hac es pag los 150 mdp que deb a fobapro y pag tu impuest y esper a que el puebl te lo pag
34caefb88103d07204108876eeffea6f,comisionReguladoraEnergia,0,No sabe para que sirve dicha comision,mx,0,0,0,0,0,1,0,0,0,no sab par que sirv dich comision
d9bda5dd26db41623b427ba5bb6987c4,comisionReguladoraEnergia,0,Solo fue un Chistorete!! Fue SARCASMO por si no lo entiende la tal XOCHITL.,mx,2,0,2,0,0,1,0,0,0,sol fue un chistoret fue sarcasm por si no lo entiend la tal xochitl
39d8023a11a8fa951d09ebd12679abed,comisionReguladoraEnergia,0,No más birreyes. Que bueno que siga sacando la mugre del NARCOPRIAN,mx,0,0,1,0,0,1,0,0,0,no mas birrey que buen que sig sac la mugr del narcopri
dc04d5ed7252d66c82c8ba86d32644c4,comisionReguladoraEnergia,0,"Yo voté por @lopezobrador_ , lo sigo apoyando. Eso no significa que no critique cuando se equivoque. El apoyo se gana. La ciudadanía ya no da cheques en blanco. Afortunadamente algunos errores se han revertido a partir de la crítica.",mx,0,0,0,0,0,3,0,0,0,yo vot por [user] lo sig apoy eso no signif que no critiqu cuand se equivoqu el apoy se gan la ciudadan ya no da chequ en blanc afortun algun error se han revert a part de la critic
e3ba149854ff1c52ff1b85460abac697,comisionReguladoraEnergia,0,Pues si no tiene antecedentes penales (panista) tiene derecho! Ya vieron cuanto se chinga grupo carso  y sus cuates politicos en mancuerna  con un contrato leonino qu benefia a ambos! Eso si no tiene madre!,mx,3,0,0,0,0,2,0,0,0,pues si no tien antecedent penal panist tien derech ya vieron cuant se ching grup cars y sus cuat polit en mancuern con un contrat leonin qu benefi a ambos eso si no tien madr
c4295a833ba52dbbc9b68a1f26404431,comisionReguladoraEnergia,0,"El problema no es la necedad Joaquin, es que hace gala de su ineptitud.",mx,0,0,0,0,0,1,0,0,0,el problem no es la neced joaquin es que hac gal de su ineptitud
c1d779ea9d26035f22046093d4da43de,comisionReguladoraEnergia,0,Y eso que tiene que ver con el hecho de que este tipo no tiene las credenciales para el puesto?,mx,0,1,0,0,0,1,0,0,0,y eso que tien que ver con el hech de que este tip no tien las credencial par el puest
f6d3645a3c2547ebf0bc143313074801,comisionReguladoraEnergia,0,👎😱 .... Creo que no alcanzaría a escribir aquí todo lo que pienso...que vergüenza y todavía se hace el chistoso 😕😒,mx,0,0,0,4,0,1,2,0,2,pulgar_hacia_abaj cara_gritando_de_mied cre que no alcanz a escrib aqu tod lo que piens que vergüenz y todav se hac el chistos cara_de_confusion cara_de_desaprob
332b8bbf2d8065e2b84eb6cb6e76f6eb,comisionReguladoraEnergia,0,"Otro cuate carnal, sin conocimiento en energía, o que demuestre la contrario. La gran farsa llamada 4a transformación.",mx,0,0,0,0,0,1,0,0,0,otro cuat carnal sin conoc en energ o que demuestr la contrari la gran fars llam 4a transform
842fa242b054c7109f0c06a97596d10b,comisionReguladoraEnergia,0,"Dan pena. Chingao, porque votaron por estas mugres los chairos.",mx,0,0,0,0,0,0,0,0,0,dan pen chinga porqu vot por estas mugr los chair
2a2b34afcb0c432085ad5f13f07534e4,comisionReguladoraEnergia,0,"Desgraciadamente esto no es de ahorita, es de siempre. Ni los de antes eran buenos ni estos lo son, es lo mismo.",mx,0,0,0,0,0,3,0,0,0,desgraci esto no es de ahorit es de siempr ni los de antes eran buen ni estos lo son es lo mism
12db3816796aac17719e6431524ff23e,comisionReguladoraEnergia,0,Y todavía se ofenden! Esta vez 👏🏻👏🏻 Xóchitl,mx,1,0,0,4,0,0,0,0,0,y todav se ofend esta vez manos_aplaudiendo_tono_de_piel_clar manos_aplaudiendo_tono_de_piel_clar xochitl
b47938dee9d95f8e180bc9d287ed73f4,comisionReguladoraEnergia,0,Así deberían elegir a todos los que.ocupen puestos importantes con entrevistas abiertas,mx,0,0,0,0,0,0,0,0,0,asi deb eleg a tod los que ocup puest import con entrev abiert
eedfd420420ccb95550472cb203ef7d3,comisionReguladoraEnergia,0,"Si siempre tenemos opiniones diversas sobre una misma persona, yo lo conocí cuando era Director General de Planeación Financiera en la CONSAR y los encuentros no fueron tan amables, ambos defendíamos puntos opuestos, claro el siempre defendiendo al sistema, y eso te deja...",mx,0,0,1,0,0,1,1,0,1,si siempr ten opinion divers sobr una mism person yo lo conoc cuand era director general de planeacion financ en la cons y los encuentr no fueron tan amabl ambos defend punt opuest clar el siempr defend al sistem y eso te dej
90b2e0319a3878b1d0bf9e8745e40399,comisionReguladoraEnergia,0,"Eso no es denunciar, es chismear sin argumentos.",mx,0,0,0,0,0,2,0,0,0,eso no es denunci es chism sin argument
5bf221bb3813e2a613b8dbea8b449b8e,comisionReguladoraEnergia,0,Que tiene que ver el gabinete de Fox con lo que yo pregunte?,mx,0,1,0,0,0,0,0,0,0,que tien que ver el gabinet de fox con lo que yo pregunt
cf54093b5fb1bd4816d138b7679134e2,comisionReguladoraEnergia,0,Que grave tener incompetentes en el poder y tomando decisiones para todo un país.,mx,0,0,0,0,0,0,0,0,0,que grav ten incompetent en el pod y tom decision par tod un pais
e635a3f6c7b64793cdf08a0b2a0c2e1c,comisionReguladoraEnergia,0,"Hablando de típicos...tipico derechairo frustrado,no importa en que área trabajes, es imposible que conozcas todas las abreviaturas,tienes que ser un soberbio muy pendejo,para creer que lo sabes o que todos lo saben todo,",mx,0,0,0,0,0,1,1,0,1,habl de tipic tipic derechair frustr no import en que are trabaj es impos que conozc tod las abreviatur tien que ser un soberbi muy pendej par cre que lo sab o que tod lo sab tod
3fd581e1fe721980e3e1746f4cac2e3a,comisionReguladoraEnergia,0,Festejar la ignorancia y la insensatez es lo de hoy. Como dicen los sabios. Lo barato sale caro.,mx,0,0,0,0,0,0,0,0,0,festej la ignor y la insensatez es lo de hoy com dic los sabi lo barat sal car
c45840f28e0856bdeae469f0cd1521ff,comisionReguladoraEnergia,0,"De atar??? Es una pinche vergüenza lo que están haciendo con nuestro país, y nosotros como chinitos “milando”!! 😡😡😡",mx,2,3,0,3,0,0,2,2,0,de atar es una pinch vergüenz lo que estan hac con nuestr pais y nosotr com chinit mil cara_cabr cara_cabr cara_cabr
80adc1a945eacd16cf865d9bbcd84d46,comisionReguladoraEnergia,0,NO SE DE QUE NOTA HABLAS,mx,0,0,3,0,0,1,0,0,0,no se de que not habl
b94d2395692328ea321c44013f397cf2,comisionReguladoraEnergia,0,Hay si le doy la razón a esta sra que la verda ni me cae para nada le doy toda la razón y así hay muchos en puestos de gobierno que no saben ni ptm de que se trata su trabajo,mx,0,0,0,0,0,4,0,0,0,hay si le doy la razon a esta sra que la verd ni me cae par nad le doy tod la razon y asi hay much en puest de gobiern que no sab ni ptm de que se trat su trabaj
cb92e3886f9525ce573494d81731835c,comisionReguladoraEnergia,0,"@lopezobrador_  Sr. Le pido si no va a encarcelar, aplicar la ley o lo que decida para acabar con la corrupción ya no continúe denostando, linchándo,  tiene a los mafiosos más corruptos en este terminado sexenio   y no vemos acción, ya no se comporte más como activista social!!!",mx,3,0,0,0,0,4,2,0,0,[user] sr le pid si no va a encarcel aplic la ley o lo que dec par acab con la corrupcion ya no continu denost linchand tien a los mafios mas corrupt en este termin sexeni y no vem accion ya no se comport mas com activ social
0967668d1300d25def13df386503bacb,comisionReguladoraEnergia,0,"Es correcta la respuesta,ella pregunta qué es y no enfocándose en preguntar de qué trata.a pregunta tonta respuesta tonta.dejando en claro que en esa mesa está integrada por representantes ignorante en ese tema.",mx,0,0,0,0,0,1,0,0,0,es correct la respuest ella pregunt que es y no enfoc en pregunt de que trat a pregunt tont respuest tont dej en clar que en esa mes esta integr por represent ignor en ese tem
f98a35ab30c7f5fe4bf9e7f71bd636d9,comisionReguladoraEnergia,0,Jajajaja bien que sabes jajajaja,mx,0,0,0,0,0,0,0,0,0,jajajaj bien que sab jajajaj
3e810d597ac7c3c2e2726c7d2aeb1f2e,comisionReguladoraEnergia,0,"Crees que es la realidad ""actual""? Conoces personajes como Carmen Salinas, Enrique Peña Nieto, etc. Solo ahora que se acabó ""el chayote"" es que ponen en evidencia esto.",mx,0,1,0,0,0,0,0,4,0,cre que es la realid actual conoc personaj com carm salin enriqu peñ niet etc sol ahor que se acab el chayot es que pon en evident esto
64fa57818ff4b8dcb61f6a2c453d583b,comisionReguladoraEnergia,0,"“Yo me encontré una descripción que me gustó mucho” señora, no mame! Eso déjeselo a un niño de primaria!",mx,2,0,0,0,0,1,0,2,0,yo me encontr una descripcion que me gust much señor no mam eso dejesel a un niñ de primari
6aea91a683c37cb7a7e4998d5151dd72,comisionReguladoraEnergia,0,Como te comprenderás no se que chingados haces en la w si eres un simple chayote,mx,0,0,0,0,0,1,0,0,0,com te comprend no se que ching hac en la w si eres un simpl chayot
9773a9210f5c3d0c2b49ec3150b66364,comisionReguladoraEnergia,0,"Pregunta, quien puso al presidente al titular de CRE @lopezobrador_ ? Y de no haber hecho declaraciones, se hubiese sabido de su conflicto de interés?",mx,0,2,1,0,0,1,0,0,0,pregunt qui pus al president al titul de cre [user] y de no hab hech declar se hub sab de su conflict de interes
ffa58ebc3a351e5acaaff9cdefa4f74a,comisionReguladoraEnergia,0,Oye Joaquín. ¿Tu esposa la delincuente ya no extorsiona? De eso viviste toda tu vida.,mx,0,2,0,0,0,1,0,0,0,oye joaquin tu espos la delincuent ya no extorsion de eso viv tod tu vid
38a85d4a17c5934d7b398380a62d397b,comisionReguladoraEnergia,0,Una pregunta muy inteligente:),mx,0,0,0,0,0,0,0,0,0,una pregunt muy inteligent
dc48e6f4fa0f94acbd8d9c6baa1a1b06,comisionReguladoraEnergia,0,"Otra falsedad!..Con Juan ""vendepatria"" Pardinas, periódico Reforma se degrada a nivel ""pasquín""...de 5a.!",mx,2,0,0,0,0,0,1,4,1,otra falsed con juan vendepatri pardin period reform se degr a nivel pasquin de 5a
aa1093001f4f82035ef0b6172192950a,comisionReguladoraEnergia,0,Es muy parecido a cuando no supiste responderle a @SimonLevyMx EN TU PROGRAMA RECUERDAS?... De hecho hasta hicieron un meme... Y @XochitlGalvez quien en vdd hace circos en el foro de la cámara... No hay gran diferencia con Jorge Amaya acuérdate que el que no cae resbala,mx,0,1,2,0,0,3,3,0,3,es muy parec a cuand no sup respond a [user] en tu program recuerd de hech hast hic un mem y [user] qui en vdd hac circ en el for de la cam no hay gran diferent con jorg amay acuerdat que el que no cae resbal
62eeebfa9b4b3e8045a14280a59e9ba9,comisionReguladoraEnergia,0,El vecindero y su show de difamación. Los directivos de los medios  deberían de ponerse de acuerdo y no mandar a sus periodistas a asistir a sus porquería de chismes de vecindad mañaneras. Que de por si  la mayoría solo van a tragar galletas.,mx,0,0,0,0,0,1,0,0,0,el vecinder y su show de difam los direct de los medi deb de pon de acuerd y no mand a sus period a asist a sus porqu de chism de vecind mañaner que de por si la mayor sol van a trag gallet
2b0db8cc9fc7943cbc2ae7fe4ddc5ae5,comisionReguladoraEnergia,0,Pues fué una pregunta muy pndja al igual de quién la hizo #ladycagadasgalvez @XochitlGalvez ¿Qué quiere decir CEL? Hasta penjdos eres,mx,0,2,1,0,0,0,0,0,0,pues fue una pregunt muy pndja al igual de quien la hiz ladycagadasgalvez [user] que quier dec cel hast penjd eres
82ee7e75841c9fe0d37ecc40f8a4ae87,comisionReguladoraEnergia,0,"Nooooo lo puedooooo creeeer!! 🆘 oigan ¿y qué tal que es una pesadilla y al rato todos vamos a despertar con Meade o con Anaya o con el bronco, o con quien seaaaa? meeeeenos ysq",mx,2,2,0,1,0,0,5,0,0,noo lo puedo cre simbolo_de_socorr oig y que tal que es una pesadill y al rat tod vam a despert con mead o con anay o con el bronc o con qui sea meen ysq
3e2a6c9b5752b8fb7d32b31fce884ea9,comisionReguladoraEnergia,0,Hace dos meses habia gente que le limpiaban los zapatos epn y luego apararecian en el senado y eran ratificados sin que nadie protestara ocupaban puestos en las  comisiones regularas,mx,0,0,0,0,0,2,0,0,0,hac dos mes habi gent que le limpi los zapat epn y lueg aparareci en el sen y eran ratific sin que nadi protest ocup puest en las comision regul
1936a90b97a92b6685e99ba807735d0f,comisionReguladoraEnergia,0,"Pues no es malo aspirar, pero ojalá y no quiera chamaquear que sabe y a la mera hora no.",mx,0,0,0,0,0,3,0,0,0,pues no es mal aspir per ojal y no quier chamaqu que sab y a la mer hor no
71a0c23446e83456aa04cbf533d6eb42,comisionReguladoraEnergia,0,Es increíble que pretendan que los ciudadanos pasemos por alto este tipo de prácticas. Esto no es aceptable y no lo permitiremos #NoMasCorrupcionEnMexico #ChequenSuCartillaMoral #SinCuotasNiCuates,mx,0,0,0,0,0,2,0,0,0,es increibl que pretend que los ciudadan pas por alto este tip de practic esto no es acept y no lo permit nomascorrupcionenmex chequensucartillamoral sincuotasnicuat
ba12094767884d8f5ebb35306e8a5624,comisionReguladoraEnergia,0,Por favor sigan así y no permitan que gente sin preparación desempeñe funciones para las cuales no esta capacitado. Que vergüenza los señores de la #TransformaciónDe4ta,mx,0,0,0,0,0,3,0,0,0,por favor sig asi y no permit que gent sin prepar desempeñ funcion par las cual no esta capacit que vergüenz los señor de la transformacionde4t
36188972b48e01a8e16243fad8006a6e,comisionReguladoraEnergia,0,"Xochitl bien, enfocada, objetiva. La incapacidad también es corrupción. De acuerdo. En el sector privado es muy poco probable contratar candidatos que carezcan de las competencias técnicas del puesto. Escucha @lopezobrador_",mx,0,0,0,0,0,0,0,0,0,xochitl bien enfoc objet la incapac tambien es corrupcion de acuerd en el sector priv es muy poc probabl contrat candidat que carezc de las competent tecnic del puest escuch [user]
43a27979b27ec28cec3c7c03b0801e28,comisionReguladoraEnergia,0,"¡Así es! El puesto máximo del ejecutivo lo ocupó un ignorante que por ser un ""niño bonito"" y una vil marioneta, que claro! Pasaba la cuota chayotera, por eso no hacían mofa, ni se la pasaban moliendo todo el día con sus constantes nuestras de ignorancia.",mx,3,0,0,0,0,2,0,2,0,asi es el puest maxim del ejecut lo ocup un ignor que por ser un niñ bonit y una vil marionet que clar pas la cuot chayoter por eso no hac mof ni se la pas mol tod el dia con sus constant nuestr de ignor
6ac2001441809caca2d9cb2b65aa150a,comisionReguladoraEnergia,0,No pueden ocultar su molestia chayoteros Vulgares y traidores a la patria,mx,0,0,0,0,0,1,0,0,0,no pued ocult su molesti chayoter vulgar y traidor a la patri
729df87c4b481959e7174f73aeda12c9,comisionReguladoraEnergia,0,Chingon el Hermes del joven que se sienta al final del video... Son caritos no ????🤔,mx,0,4,0,1,0,1,2,0,1,chingon el herm del jov que se sient al final del vide son carit no cara_pens
0cca80e223dda5a6c8d7b766d3c8d65e,comisionReguladoraEnergia,0,"Pena Ajena y muy preocupante que un payaso quiera justificar así la estupidez, muy bien @XochitlGalvez pocos saben de su trayectoria y capacidad con la tecnología y la ciencia !",mx,1,0,0,0,0,0,0,0,0,pen ajen y muy preocup que un payas quier justific asi la estupidez muy bien [user] poc sab de su trayectori y capac con la tecnolog y la cienci
453938010ed42760ff5d06811eb10a7e,comisionReguladoraEnergia,0,Increíble pero cierto..es el colmo de la estupidez...y se verán cosas peores,mx,0,0,0,0,0,0,1,0,1,increibl per ciert es el colm de la estupidez y se veran cos peor
91c7366b525318e6a33e42a5dd3e163f,comisionReguladoraEnergia,0,Muy bien dicho la incapacidad y falta de conocimientos para ocupar un cargo también es corrupción 😬😬,mx,0,0,0,2,0,0,0,0,0,muy bien dich la incapac y falt de conoc par ocup un carg tambien es corrupcion cara_haciendo_una_muec cara_haciendo_una_muec
a28647802389ecc10def25bf5cd955db,comisionReguladoraEnergia,0,"Si, estoy de acuerdo, con la pequeña diferencia que estos prometieron ser diferentes.",mx,0,0,0,0,0,0,0,0,0,si estoy de acuerd con la pequeñ diferent que estos promet ser diferent
71da974c09b6cb32516f7ff3077d9b77,comisionReguladoraEnergia,0,"Efectivamente la probidad y la honestidad y el estribillo de la corrupcion, son por lejos insuficientes y precarios y aún peligrosos para asumir la responsabilidad de cualquier cargo público, lateralmente el don rey texano o cualquier de quita de la cabeza en respeto a recinto",mx,0,0,0,0,0,0,0,0,0,efect la probid y la honest y el estribill de la corrupcion son por lej insuficient y precari y aun peligr par asum la respons de cualqui carg public lateral el don rey texan o cualqui de quit de la cabez en respet a recint
87094729564450f21dc4dbd686375abd,comisionReguladoraEnergia,0,Que ceboso y grasudo análisis risco 🙄,mx,0,0,0,1,0,0,0,0,0,que cebos y grasud analisis risc cara_con_ojos_en_blanc
30f978df882d9ed723f9edda97e1562e,comisionReguladoraEnergia,0,Jajajaja!!! 😂😂😂 de verdad la parodia ya no me causa risa. Esto lo supera!!!,mx,6,0,0,3,0,1,3,0,0,jajajaj cara_llorando_de_ris cara_llorando_de_ris cara_llorando_de_ris de verd la parodi ya no me caus ris esto lo super
a4e37b9d2a04c9482c14761947639a43,comisionReguladoraEnergia,0,Patadón en el culo a Jorge Amaya!,mx,1,0,0,0,0,0,0,0,0,patadon en el cul a jorg amay
28b8b26bd57fc12d872ad419d4caaac8,comisionReguladoraEnergia,0,"La que está en el tuit de Reforma, al que respondiste",mx,0,0,0,0,0,0,0,0,0,la que esta en el tuit de reform al que respond
51cc5ce4af856265e999bf52987ceb08,comisionReguladoraEnergia,0,"Disquereportero, ¿recuerdas a @EPN con el IFAI?",mx,0,2,2,0,0,0,0,0,0,disquereporter recuerd a [user] con el ifai
71dccbac78522e724116f64343f89eb4,comisionReguladoraEnergia,0,No tienes credibilidad y menos calidad moral. Moralina eso si.,mx,0,0,0,0,0,1,0,0,0,no tien credibil y men calid moral moralin eso si
150ed353318ad3654591c5354bb719ef,comisionReguladoraEnergia,0,"Ahora resulta que tu eres un genio, pinché drogadicto chayotero.",mx,0,0,0,0,0,0,0,0,0,ahor result que tu eres un geni pinch drogadict chayoter
0e3b0ce0612c9b0bb63d7e87f5d5fc7a,comisionReguladoraEnergia,0,He visto a muchos que NO están preparados para un puesto y más sin embargo son los que más han sacado adelante el trabajo,mx,0,0,0,0,0,2,0,0,0,he vist a much que no estan prepar par un puest y mas sin embarg son los que mas han sac adel el trabaj
6ccf784202aea1f4b6ac4685d418f5d9,comisionReguladoraEnergia,0,"@luhttorres que vergüenza. Ni sabe que es, ni sabe que decir. No sabe. Es obvio que ella no es adecuada para el puesto.",mx,0,0,0,0,0,4,0,0,0,[user] que vergüenz ni sab que es ni sab que dec no sab es obvi que ella no es adecu par el puest
ff152adf7876f03e45e96b38bd0c2db5,comisionReguladoraEnergia,0,al Senado al Senado... . Si ya te anda por estar chingando,mx,0,0,0,0,0,0,1,0,1,al sen al sen si ya te anda por estar ching
1f8daa94110b71381f6ed4334858473e,comisionReguladoraEnergia,0,Pero quieren sólo gente a modo y barata.,mx,0,0,0,0,0,0,0,0,0,per quier sol gent a mod y barat
18677c6d24bb324bce353d3831520811,comisionReguladoraEnergia,0,"Ay señora, está tan amargada, ya siéntese mejor.",mx,0,0,0,0,0,0,0,0,0,ay señor esta tan amarg ya sientes mejor
5f72b9b0a8ea0bd823df0ea0dafc28bb,comisionReguladoraEnergia,0,Por esto tengo bloqueado a @reformanacional,mx,0,0,0,0,0,0,0,0,0,por esto teng bloqu a [user]
5fe8c46975e2df3c78a617fd0d8637a6,comisionReguladoraEnergia,0,Estoy de acuerdo con lo que dice la Señora Xochitl Gálvez. Es una realidad.,mx,0,0,0,0,0,0,0,0,0,estoy de acuerd con lo que dic la señor xochitl galvez es una realid
a927d86d949c51963feb0a36a9127257,desabastoGasolina,1,"Ja ja conformistas, ya señor le van a dar sus 2500 pesotes de adulto mayor deje de estar ladrando...",mx,0,0,0,0,0,0,1,0,1,ja ja conform ya señor le van a dar sus 2500 pesot de adult mayor dej de estar ladr
a9144bbe84118e417929ae1cacb448e2,desabastoGasolina,1,Que acaso el requisito es ser pendejo para poder estar en el gabinete de lopez?? Pero como es posible tanta ineptitud y falta de sentido comun.. De verdad esto ya es detestable y mas lo q los apoyan .,mx,0,2,0,0,0,0,0,0,0,que acas el requisit es ser pendej par pod estar en el gabinet de lopez per com es posibl tant ineptitud y falt de sent comun de verd esto ya es detest y mas lo q los apoy
bcd5684b91a3060d2ff04fb12b18d78c,desabastoGasolina,1,"De aquí a la cartilla de racionamiento cuánto falta? (Obviamente el “Carnet de la Patria-del pueblo bueno”).  “No, nunca seremos como Venezuela” Y cómo creen que empezó? Ingendejos.",mx,0,2,0,0,0,2,0,4,0,de aqu a la cartill de racion cuant falt obvi el carnet de la patri del puebl buen no nunc ser com venezuel y com cre que empez ingendej
e2ef02a7c9c8efdb40040b4fb0fe60b7,desabastoGasolina,1,A qué hora nos llegó el comunismo? Ahora ya estamos racionados! 😡,mx,1,1,0,1,0,0,0,0,0,a que hor nos lleg el comun ahor ya estam racion cara_cabr
32a3e15d244cd1609061d21623fe6ff4,desabastoGasolina,1,Que vive en un mundo alterno de fantasía  o locura... 🙄🙄🙄🙄,mx,0,0,0,4,0,0,2,0,1,que viv en un mund altern de fantas o locur cara_con_ojos_en_blanc cara_con_ojos_en_blanc cara_con_ojos_en_blanc cara_con_ojos_en_blanc
c8c7616b294f1ad926d9ba21e7c46ee6,desabastoGasolina,1,HASTA QUEEEEEEE!!!! No podía sotener su mentira ya ti tiempo !!!,mx,7,0,2,0,0,1,3,0,0,hast que no pod soten su mentir ya ti tiemp
ddb7a913d0aa6e8067ed580d1eb5bdfa,desabastoGasolina,1,Y todos los días los que tengan tarjeta de lealtad MORENA 😂,mx,0,0,1,1,0,0,0,0,0,y tod los dias los que teng tarjet de lealt moren cara_llorando_de_ris
2c86062ae1ac4498e5c91256e4be23b1,desabastoGasolina,1,🤣 bienvenidos al socialismo de la transformación chaira.,mx,0,0,0,1,0,0,0,0,0,cara_revolviendose_de_la_ris bienven al social de la transform chair
32e4a96d7f866aa33a1f969e10e7b239,desabastoGasolina,1,échate ese trompo a la uña ganso ....jajaja...las pipas son para el atole....jajajaja,mx,0,0,0,0,0,0,3,0,3,echat ese tromp a la uña gans jajaj las pip son par el atol jajajaj
83ed3535adc20fb0849a4b51d88f85d5,desabastoGasolina,1,Sábados y domingos las gasolineras descansan ??,mx,0,2,0,0,0,0,0,0,0,sab y doming las gasoliner descans
14fa568e8f476328aa7be1b0020f88be,desabastoGasolina,1,"Así es, el problema es que el Mesías no tiene la mínima idea del desmadre que eata haciendo.",mx,0,0,0,0,0,1,0,0,0,asi es el problem es que el mes no tien la minim ide del desmadr que eat hac
8f000c1dfa3115f9d25a4d2cb5a3b7c1,desabastoGasolina,1,"Si el viejo cuento de porque no te quejaste antes, los culpables son los españoles por conquistarnos, si no se quejaron pues ahora se quedan callados, dejen a ""su cabecita de algodón"" robar a gusto",mx,0,0,0,0,0,2,0,2,0,si el viej cuent de porqu no te quej antes los culpabl son los español por conquist si no se quej pues ahor se qued call dej a su cabecit de algodon rob a gust
5df99b50f6b600eeabb19bef27e45a0e,desabastoGasolina,1,"See, por ahi anda libre todavía Romero Deshamps",mx,0,0,0,0,0,0,0,0,0,see por ahi anda libr todav romer deshamps
447ed4f96a408ac4d3f102e14d4bcb45,desabastoGasolina,1,"Yo opino que se den una vuelta a la autopista Guadalajara Tepic ahí se vende huachicol por todos lados, cosa que hace un año no se vehía.... nuevo gobierno, nuevos negocios.",mx,0,0,0,0,0,1,1,0,1,yo opin que se den una vuelt a la autop guadalaj tepic ahi se vend huachicol por tod lad cos que hac un año no se veh nuev gobiern nuev negoci
ace3713a8d62ce0f01ec1a6028fe46e6,desabastoGasolina,1,"En su mundo porque no han habido reales acusaciones, detenidos y por el contrario si está habiendo gasolinazo!!",mx,2,0,0,0,0,1,0,0,0,en su mund porqu no han hab real acus deten y por el contrari si esta hab gasolinaz
c71f551b43e7ec0497f98859ab5203c4,desabastoGasolina,1,"mi propuesta: lunes a sábado = Los que no votaron por AMLO y no apoyan la estrategia de como combatir el huachicoleo ! el domingo = Los que votaron por AMLO,  y los de Morena  que apoyan la forma en que esta combatiendo el huachicoleo",mx,1,0,2,0,0,2,0,0,0,mi propuest lun a sab los que no vot por amlo y no apoy la estrategi de com combat el huachicole el doming los que vot por amlo y los de moren que apoy la form en que esta combat el huachicole
2cb7c4586d79e3205d280c9c4431975b,desabastoGasolina,1,"Cuando dijo que iba a bajar la gasolina, se refería al suministro. Siempre dice la verdad.... a medias.",mx,0,0,0,0,0,0,1,0,1,cuand dij que iba a baj la gasolin se ref al suministr siempr dic la verd a medi
91a9eccf644d0140df15eea0c2505f00,desabastoGasolina,1,Exacto!!! Y lo peor es que algunos ven esto como normal y justifican todo. De verdad los AMLovers están perdiendo la cordura,mx,3,0,0,0,0,0,1,0,0,exact y lo peor es que algun ven esto com normal y justific tod de verd los amlovers estan perd la cordur
69b04c303d0d555c2c99967008dd4df1,desabastoGasolina,1,Pero como .... y el pueblo bueno ?,mx,0,1,0,0,0,0,1,0,1,per com y el puebl buen
6fad2a13172f75248c51e6c60a6c0f69,desabastoGasolina,1,¿Y se va a ir a trabajar dependiendo de el engomado?,mx,0,2,0,0,0,0,0,0,0,y se va a ir a trabaj depend de el engom
d86ef761781ef2bd327931319efdf62c,desabastoGasolina,1,Ósea no hay desabasto pero solo podrán cargar una vez a la semana mmm ok,mx,0,0,0,0,0,1,1,0,0,ose no hay desabast per sol podran carg una vez a la seman mm ok
083bcbb0089d312417f3b4d3b7dede65,desabastoGasolina,1,Comenzo hace 18 dias.....increible verlo hasta hoy....,mx,0,0,0,0,0,0,2,0,2,comenz hac 18 dias increibl verl hast hoy
99d89b30349c59555d3a67f58a348e7b,desabastoGasolina,1,Todo el sexenio va see eso . O cuando ya esten sus refinarias. Ya no las van a pinchar.,mx,0,0,0,0,0,1,0,0,0,tod el sexeni va see eso o cuand ya esten sus refinari ya no las van a pinch
c2e487cedbe06bf0dba442f162001dcc,desabastoGasolina,1,Se quedaron callados los chairos de sepa... “de sepa que madres nos quiso decir David”,mx,0,0,0,0,0,0,1,2,1,se qued call los chair de sep de sep que madr nos quis dec dav
e11c8ff031573a6afdb981d6af622bee,desabastoGasolina,1,"Que regresen, pero lo que se robaron!!",mx,2,0,0,0,0,0,0,0,0,que regres per lo que se rob
d9926cb989b92cc4af60c46a4c9ae9ae,desabastoGasolina,1,Y para recoger la porción de frijol con gorgojo y la botella de mezcal como los van a organizar?? #RenunciaAMLO,mx,0,2,0,0,0,0,0,0,0,y par recog la porcion de frijol con gorgoj y la botell de mezcal com los van a organiz renunciaaml
330120bb0cf989afe52ee7b0e1836b62,desabastoGasolina,1,"Esos huachicoleros se han vuelto más pendejos, digo antes jodian los ductos y no había desabasto.",mx,0,0,0,0,0,1,0,0,0,esos huachicoler se han vuelt mas pendej dig antes jodi los duct y no hab desabast
3139a124e9be1f0de4f3b0d558e45f50,desabastoGasolina,1,Yo sugiero mejor que no hagan estupideces,mx,0,0,0,0,0,1,0,0,0,yo sugier mejor que no hag estupidec
a0b18c332c922fc9a7d26f867b00cf43,desabastoGasolina,1,"No habría manera de sugerirle a esta idiota de Claudita q vaya igual q Andrés a chingar su madre! Y me disculpo pero no hay otra forma de dirigirse a este cambio, y transformación y valiente honestidad de estos mendigos de PRIMOR @revistaproceso @Aristeguionline @Reforma @Milenio",mx,1,0,1,0,0,2,0,0,0,no habr maner de suger a esta idiot de claudit q vay igual q andres a ching su madr y me disculp per no hay otra form de dirig a este cambi y transform y valient honest de estos mendig de primor [user] [user] [user] [user]
5efed2ac11e9491aca76edf8be60a1a7,desabastoGasolina,1,Y que sigue después? Que nos digan cuándo comer y qué comer?  Mejor que arreglen la logística por no decir el desMa.... que organizaron.,mx,0,2,0,0,0,1,1,0,1,y que sig despues que nos dig cuand com y que com mejor que arregl la logist por no dec el desm que organiz
401ad63936041333bbcbc2476005e648,desabastoGasolina,1,Qué se vaya a......su rancho!,mx,1,0,0,0,0,0,1,0,2,que se vay a su ranch
a2e82dee47b6d008ad82699e578f3d39,desabastoGasolina,1,Seguro se rompió la cabeza con esta idea.,mx,0,0,0,0,0,0,0,0,0,segur se romp la cabez con esta ide
0b4f2cbcdcf34c3fbcd88165819d5c7c,desabastoGasolina,1,Al pueblo pan y circo !!!! Estrategia de siempre del pri que ahora es la morena del pri,mx,4,0,0,0,0,0,1,0,0,al puebl pan y circ estrategi de siempr del pri que ahor es la moren del pri
1d254982c7c8f7f9d6779e664f4fcc04,desabastoGasolina,1,"Grandes p problemas,  soluciones estúpidas!",mx,1,0,0,0,0,0,0,0,0,grand p problem solucion estup
d8587ed59b742ca9be986dddb27f22a4,desabastoGasolina,1,En pejelandia y sus zombi habitantes 😷👎,mx,0,0,0,2,0,0,0,0,0,en pejelandi y sus zombi habit cara_con_mascarilla_med pulgar_hacia_abaj
a416381cb9a9b21f817175ab874c5761,desabastoGasolina,1,Apenas??? Será que la edad no le ayuda? Si no puede que renuncie!!!,mx,3,4,0,0,0,2,2,0,0,apen ser que la edad no le ayud si no pued que renunci
c2f7543e051cfacea7df751e98d6fdf0,desabastoGasolina,1,El pueblo se empezará a cansar de este show. Muchas palabras y pocas acciones. Solo una pregunta Cuantos detenidos hay por el guachicol ?,mx,0,1,0,0,0,0,0,0,0,el puebl se empez a cans de este show much palabr y poc accion sol una pregunt cuant deten hay por el guachicol
c8581a7b7772c5e2fa28948bede7ad88,desabastoGasolina,1,"Hola qué pena, de esos errores jamás hay respuesta, ni solución! Así son los cambios de la supuesta mareada de cabeza 4ta transformación, así de mágico es el sr Obrador jajaja 🖐️",mx,1,0,0,1,0,2,0,0,0,hol que pen de esos error jamas hay respuest ni solucion asi son los cambi de la supuest mar de cabez 4ta transform asi de magic es el sr obrador jajaj mano_abiert
fafadbbe62696e7be866a82a0ac0cb3c,desabastoGasolina,1,Resultados de la “lucha” contra el huachicol. 1.- 131 muertos. 2.- Desabasto de combustible. 3.- Magna a $20.45 4.- Cero detenidos. 5.- Pipas deficientes e inseguras 6.- $8000 para huachicoleros. ¿Le aplaudo señor @lopezobrador_ ?,mx,0,2,0,0,0,0,1,2,0,result de la luch contr el huachicol 1 131 muert 2 desabast de combust 3 magn a 20 45 4 cer deten 5 pip deficient e insegur 6 800 par huachicoler le aplaud señor [user]
4ff2fd68178221b4e2fb8d58217bf9a9,desabastoGasolina,1,"Claro, siempre hay una excusa, pobre presidente víctima del sabotaje",mx,0,0,0,0,0,0,0,0,0,clar siempr hay una excus pobr president victim del sabotaj
efdc69175de951e697724b5b356bdb0e,desabastoGasolina,1,"vaya, acaba de decir una verdad... Le ha costado pero ahí la lleva.",mx,0,0,0,0,0,0,1,0,1,vay acab de dec una verd le ha cost per ahi la llev
a24c4d0ffbc086467f5c5f524b31735a,desabastoGasolina,1,"Sobre todo con el perdón eterno que profesa, se estará curando en salud???",mx,0,3,0,0,0,0,1,0,0,sobr tod con el perdon etern que profes se estar cur en salud
15445dc11b7897ee74fc74a39c3b45b4,desabastoGasolina,1,"Ir a remar a cuemanco no le hizo bien. Ah que gansada, tan cansada",mx,0,0,0,0,0,1,0,0,0,ir a rem a cuemanc no le hiz bien ah que gans tan cans
66c272eade8f6c0ad5d5ed7b7a94429b,desabastoGasolina,1,"A chis a chis los mariachis? No que no hay desabasto? Ta maaaa, ya me perdí entonces ...",mx,0,2,0,0,0,2,2,0,1,a chis a chis los mariachis no que no hay desabast ta maa ya me perd entonc
5e3f7f7361ec61f3666b6441a0bd3a50,desabastoGasolina,1,Y que no paguemos tenencia!,mx,1,0,0,0,0,1,0,0,0,y que no pag tenenci
05d5267495b6ae84065351f747773500,desabastoGasolina,1,"Tienes razón , para que queremos las pipas. Si ya no las necesita para la distribución. Se demuestra que nunca hubo tal crisis grave Es contradictorio no.",mx,0,0,0,0,0,3,0,0,0,tien razon par que quer las pip si ya no las necesit par la distribu se demuestr que nunc hub tal crisis grav es contradictori no
c94b09390015b6cb017e6f7bac33af38,desabastoGasolina,1,"Pues claro que es efectivo, cuestión de ver los números:  132 incinerados. 6 Estados afectados fuertemente por el desbasto en el inicio de año. 0 carpetas de investigación (públicas). 0 detenidos por robo de combustible.  Y así muchos resultados más.",mx,0,0,0,0,0,0,0,0,0,pues clar que es efect cuestion de ver los numer 132 inciner 6 estad afect fuertement por el desbast en el inici de año 0 carpet de investig public 0 deten por rob de combust y asi much result mas
90f3f40c9e9607a46c62490435d259f5,desabastoGasolina,1,"Yo estoy maravillado de la prosperidad que ha traído el peje , de pronto hay tanta gente con carros nuevos que las gasolineras no dan abasto, WOW",mx,0,0,1,0,0,1,0,0,0,yo estoy maravill de la prosper que ha traid el pej de pront hay tant gent con carr nuev que las gasoliner no dan abast wow
8dddefd837d95435716f2cb51ff3076f,desabastoGasolina,1,Obviamente! Es claro que no van a dejar de delinquir por decreto presidencial duh! @lopezobrador_,mx,2,0,0,0,0,1,0,0,0,obvi es clar que no van a dej de delinqu por decret presidencial duh [user]
e6b6495e468b14e217232fe62b6f3c17,desabastoGasolina,1,A valla por fin se da cuenta albrisias!,mx,1,0,0,0,0,0,0,0,0,a vall por fin se da cuent albrisi
d4e2aefc3e939491359ad177181dbfcd,desabastoGasolina,1,Bueno dónde esta la PROFECO? Y sí demando?  Ahh solo falta que me digan que día debo presentar mi queja.,mx,0,2,1,0,0,0,0,0,0,buen dond esta la profec y si dem ahh sol falt que me dig que dia deb present mi quej
9d4ec568a27bf7779b79ffa32e65fe58,desabastoGasolina,1,A estas alturas todo puede suceder🙄🙄🙄🙄🙄,mx,0,0,0,5,0,0,1,0,0,a estas altur tod pued suced cara_con_ojos_en_blanc cara_con_ojos_en_blanc cara_con_ojos_en_blanc cara_con_ojos_en_blanc cara_con_ojos_en_blanc
a48078116edf79d29aa1e7bea1c1c2a2,desabastoGasolina,1,Eficaz jajaja con un montón de gente muerta quemada  x negligencia y de sus mandos,mx,0,0,0,0,0,0,0,0,0,eficaz jajaj con un monton de gent muert quem x negligent y de sus mand
e8613ba6b2838a0743bf211ccbf1b060,desabastoGasolina,1,El hombre con cuerpo de señora gorda comentando estupideces,mx,0,0,0,0,0,0,0,0,0,el hombr con cuerp de señor gord coment estupidec
a2519bbcfe6e59a07827eec9477ba507,desabastoGasolina,1,"Jajajaj JAJAJAJAJAJA Cierto, hacer un TIANGUIS DE PIPAS¡!",mx,2,0,3,0,0,0,0,0,0,jajajaj jajajajajaj ciert hac un tianguis de pip
7ae898239959b9c3d225b42b37ec6dcc,desabastoGasolina,1,"Y sobra quien diga... .- más jodidos no podemos estar, pos sí,  si podemos estar peor, sin tragar, sin vestir, sin preparación, sin libertad.. Y que sigue ? Adoctrinamiento comunista? F",mx,0,2,0,0,0,5,1,0,1,y sobr qui dig mas jod no pod estar pos si si pod estar peor sin trag sin vest sin prepar sin libert y que sig adoctrin comun f
e6464df1b59fdf8029691eb7b1caff47,desabastoGasolina,1,😂😂😂Eso solo el lo cree 😂😂😂 cuentos a su gabinete y no al pueblo QUEREMOS REALIDADES Y VERDADES YA NO MÁS MENTIRAS EXIGIMOS TRABAJO RESPONSABLE YA NO MÁS HABLADURIAS NOS SALEN MUY CARAS LAS MENTIRAS ES HORA DE PONERSE A TRABAJAR ¡YA URGEN RESULTADOS!,mx,2,0,21,6,0,3,2,0,0,cara_llorando_de_ris cara_llorando_de_ris cara_llorando_de_ris eso sol el lo cre cara_llorando_de_ris cara_llorando_de_ris cara_llorando_de_ris cuent a su gabinet y no al puebl quer realidad y verdad ya no mas mentir exig trabaj respons ya no mas habladuri nos sal muy car las mentir es hor de pon a trabaj ya urgen result
5789ec00f2112efe18072a66c705a263,desabastoGasolina,1,"Yo propongo que en vista de que no circularemos por falta de combustible hasta el día que nos toque, entonces no verificaremos este año!!!",mx,3,0,0,0,0,2,1,0,0,yo propong que en vist de que no circul por falt de combust hast el dia que nos toqu entonc no verific este año
1e98bf5eeff748046ccba4ae0acd71b5,desabastoGasolina,1,"AQUÍ APLICA EL REFRÁN ""EL QUE NUNCA HA TENIDO (PODER) CUANDO LLEGA A TENER LOCO LA SE QUIERE VOLVER""",mx,0,0,13,0,0,1,0,2,0,aqu aplic el refran el que nunc ha ten pod cuand lleg a ten loc la se quier volv
759abfe5f381dd4240c3d52ebfffcf92,desabastoGasolina,1,Para que fregados tantas pipa? Para sus próximas cagadas obviamente y si no que las venda como el avión presidencial.,mx,0,1,0,0,0,1,0,0,0,par que freg tant pip par sus proxim cag obvi y si no que las vend com el avion presidencial
3010c2ec5846c9ec1164a65e06eaa6a7,desabastoGasolina,1,Que solo él y sus seguidores borregos creen sus mentiras.,mx,0,0,0,0,0,0,0,0,0,que sol el y sus seguidor borreg cre sus mentir
251aa4fbb86f11f3700030e89d99a685,desabastoGasolina,1,"Que se cree Dios, cree que su palabra es eficaz y se hace realidad solo por salir de su boca!",mx,1,0,0,0,0,0,0,0,0,que se cre dios cre que su palabr es eficaz y se hac realid sol por sal de su boc
71802f4761b1f3da8c91c54e482c459f,desabastoGasolina,1,Y esto apenas empieza cuando le toque CFE van a tumbar todos los diablitos hay si los quiero ver,mx,0,0,1,0,0,0,0,0,0,y esto apen empiez cuand le toqu cfe van a tumb tod los diablit hay si los quier ver
1d9b80232b9dc87425db4d63746fcc4d,desabastoGasolina,1,"Uuuyyyyy,que buena decisión, soquetes",mx,0,0,0,0,0,0,2,0,0,uuuyy que buen decision soquet
8ac7a151057ba9025c896a94f54051ac,desabastoGasolina,1,"Hola, el sr se dice ser Dios Obrador y por gracia de magia que solo el sabe hacer, todo lo arregla según él! Si otros presidentes han dado pena, Obrador no es la excepción!! Es totalmente incongruente.",mx,3,0,0,0,0,1,0,0,0,hol el sr se dic ser dios obrador y por graci de magi que sol el sab hac tod lo arregl segun el si otros president han dad pen obrador no es la excepcion es total incongruent
bab6fb634f6de71b8ba630a7deae711c,desabastoGasolina,1,"Las pipas las van a rematar junto al avión que no lo tiene ni Obama.  ¡Se venden!, Aviones! ✈ Pipas! 🚚, y todo viejo4T que no sirve!",mx,5,0,0,2,0,3,0,0,0,las pip las van a remat junt al avion que no lo tien ni obam se vend avion avion pip camion_de_repart y tod viejo4t que no sirv
0bb8879f7afe91efa7676aa3a89de1fe,desabastoGasolina,1,"Si esto se empieza a aceptar y hacer costumbre, después será; Los lunes, miércoles, viernes y domingo comen las mujeres y martes jueves y sábado los hombres?",mx,0,1,0,0,0,0,0,0,0,si esto se empiez a acept y hac costumbr despues ser los lun miercol viern y doming com las mujer y mart juev y sab los hombr
232c504b5a0e125eff8e96255a0231ec,desabastoGasolina,1,Cómo era eso de qué México no sería como______ 🤣🤣🤣🤣,mx,0,0,0,4,0,1,2,0,0,com era eso de que mexic no ser como__ cara_revolviendose_de_la_ris cara_revolviendose_de_la_ris cara_revolviendose_de_la_ris cara_revolviendose_de_la_ris
2d4b1994306620ac3920bcae0c1755a9,desabastoGasolina,1,"Lo que nos faltaba, ¿quieren organizar el caos que ellos mismos provocaron!?! No me quiero imaginar la “estrategia” el día que quieran regular a los que se cuelgan de la luz!!!!",mx,6,2,0,0,0,1,1,2,0,lo que nos falt quier organiz el caos que ellos mism provoc no me quier imagin la estrategi el dia que quier regul a los que se cuelg de la luz
54395cb01ad302efac8851e51c47c6e1,desabastoGasolina,1,Que “brillante” Sra!! Y si no tienes gasolina y tus placas son verdes a ver cómo te las arreglas no? Dejen de hacer estupideces. #AMLOCobarde #AmloNoSabeGobernar,mx,2,1,0,0,0,2,0,2,0,que brillant sra y si no tien gasolin y tus plac son verd a ver com te las arregl no dej de hac estupidec amlocobard amlonosabegobern
26972512c4332ba50eb48312ff680d65,desabastoGasolina,1,Que está loco y que sigue preparando toneladas de atole para seguir dando con el dedo,mx,0,0,0,0,0,0,0,0,0,que esta loc y que sig prepar tonel de atol par segu dand con el ded
86a499ceb2fc8b05dc97161da3fe27d9,desabastoGasolina,1,Yo opino que eres un pinche viejo rabo verde...u opinión de que o que??,mx,0,2,0,0,0,0,1,0,1,yo opin que eres un pinch viej rab verd u opinion de que o que
175f03d63e0b4eb85955953d8c897607,desabastoGasolina,1,El precio de la gasolina subió porque hay que pagar la lucha contra el “huachicoleo” y los sueldos de los “pioneros”. Está justificado el incremento. (Si Chuy...),mx,0,0,0,0,0,0,1,4,1,el preci de la gasolin sub porqu hay que pag la luch contr el huachicole y los sueld de los pioner esta justific el increment si chuy
5d9efdb9abea62806bee3be3c7df9472,desabastoGasolina,1,¿Que no dijo el Amado líder que durante el sexenio de #PeñaNieto es cuando hubo más #Huachicoleo y ordeña y pinchazos a los ductos? No recordamos que hubiera #DesabastoDeGasolinas durante los últimos 6 años! #Mentirosillos #ConferenciaPresidente #DesabastoGDLyMty,mx,1,2,0,0,0,2,0,0,0,que no dij el amad lid que durant el sexeni de peñaniet es cuand hub mas huachicole y ordeñ y pinchaz a los duct no record que hub desabastodegasolin durant los ultim 6 años mentirosill conferenciapresident desabastogdlymty
69f4ace6a45bd38aedd1eed1c00ddb45,desabastoGasolina,1,Está muy crudo esto todavía para empezar a manifestar logros y a este paso pues menos,mx,0,0,0,0,0,0,0,0,0,esta muy crud esto todav par empez a manifest logr y a este pas pues men
4bafde00d69affcc846b3fd518f227c1,desabastoGasolina,1,"Este no jefechairo me priva de su sabiduria; me tiene bloqueado. Ayuda imagen, diganle al padre del analisis superior  que no sea cruel.",mx,0,0,0,0,0,2,0,0,0,este no jefechair me priv de su sabiduri me tien bloqu ayud imag diganl al padr del analisis superior que no sea cruel
c5c43d611bdb3c6269375afb5671c111,desabastoGasolina,1,"Pos ahora roban en las gasolineras, $20.90 Magna 😡 Estábamos mejor... cuando estaba el huachicol. Sr. Presidente de México  y de todos los Mexicanos, sabios y no sabios, letrados e iletrados, cristianos o evangélicos, corruptos e incorruptos que pasa? 90 días al bat sin hit",mx,0,1,0,1,0,2,1,0,1,pos ahor rob en las gasoliner 20 90 magn cara_cabr estab mejor cuand estab el huachicol sr president de mexic y de tod los mexican sabi y no sabi letr e iletr cristian o evangel corrupt e incorrupt que pas 90 dias al bat sin hit
90a90d13b428bc80faf909ddcc5da308,desabastoGasolina,1,"Y dice ese partido k se denomina Morena k por el gasto de los huachicoleros subió, k poca, puro engaño y solo tienen 2 meses, imagínate al año",mx,0,0,0,0,0,0,0,0,0,y dic ese part k se denomin moren k por el gast de los huachicoler sub k poc pur engañ y sol tien 2 mes imaginat al año
a8b0386c8b8f6e0e5f364de8912b6167,desabastoGasolina,1,"Es que a los ""huachicoleros"" no les ha llegado su tarjeta de apoyos... Y pues, de qué viven mientras?",mx,0,1,0,0,0,1,1,2,1,es que a los huachicoler no les ha lleg su tarjet de apoy y pues de que viv mientr
43c0941a75fafbd21387b79c1d10e16b,desabastoGasolina,1,Si los demás no le aplauden él se tiene que aplaudir solo...,mx,0,0,0,0,0,1,1,0,1,si los demas no le aplaud el se tien que aplaud sol
11bc8767ca85ea4274885a8f68527dd4,desabastoGasolina,1,En hidalgo los recibimos con las tomas abiertas !! Digo los brazos,mx,2,0,0,0,0,0,0,0,0,en hidalg los recib con las tom abiert dig los braz
687d3e9ef49fe73a95742a45440a4c3a,desabastoGasolina,1,"Donde firmo la ""REVOCACION DE MANDATO""",mx,0,0,2,0,0,0,0,2,0,dond firm la revoc de mandat
4ebddf85a0a9cb4bb2fc257b1cbe49f5,desabastoGasolina,1,Que viva la Republica Bolivariana de Mexico!!!!!,mx,5,0,0,0,0,0,1,0,0,que viv la republ bolivarian de mexic
18b652bc39876fd92e0cc6595cb3517d,desabastoGasolina,1,Entonces qué roben ductos?,mx,0,1,0,0,0,0,0,0,0,entonc que rob duct
da744f99a2c8a2f9c7dab2839943f230,desabastoGasolina,1,De plano se le “cayó” el sistema a la jefa,mx,0,0,0,0,0,0,0,2,0,de plan se le cay el sistem a la jef
795c5a22a58a3aca66a1e6d94e4cab8a,desabastoGasolina,1,MALO  es el mejor comediante que se haya visto en México,mx,0,0,1,0,0,0,0,0,0,mal es el mejor comedi que se hay vist en mexic
186ef49c2c3a352e5a962a6f0d896d65,desabastoGasolina,1,Se le cayó La baba mientras escribía...,mx,0,0,0,0,0,0,1,0,1,se le cay la bab mientr escrib
922b1581d4a57cab203d1ec591d3bf70,desabastoGasolina,1,Ahora el gobierno va a decidir como usa su dinero la ciudadanía ? Y si el día que te “toca” tienes otra emergencia o simplemente estás al final de quincena ? Es una genio !!!!,mx,4,2,0,0,0,0,1,2,0,ahor el gobiern va a decid com usa su diner la ciudadan y si el dia que te toc tien otra emergent o simplement estas al final de quincen es una geni
6487e14933ada8f94f4639c8c6a64940,desabastoGasolina,1,"Cierto, nos hemos ahorrado 4 MMDP aunque si hemos gastado 40 MMDP pero pues eso a quien le importa, además sirve para justificar la compra anticipada de votos o no",mx,0,0,2,0,0,1,0,0,0,ciert nos hem ahorr 4 mmdp aunqu si hem gast 40 mmdp per pues eso a qui le import ademas sirv par justific la compr anticip de vot o no
43b55bc1fd8dec65b39e9cf4ef18a97d,desabastoGasolina,1,¿Y qué dias serán para comprar papel higiénico?,mx,0,2,0,0,0,0,0,0,0,y que dias seran par compr papel higien
34a8590a81e7ce988651b4ca41d4118c,desabastoGasolina,1,Si muy eficaz la gasolina sigue sin bajar ...,mx,0,0,0,0,0,1,1,0,1,si muy eficaz la gasolin sig sin baj
bb9ab0167fff32562e30cbde50f8fa42,desabastoGasolina,1,Ja ja ja donde estan los detenidos x este delito,mx,0,0,0,0,0,0,0,0,0,ja ja ja dond estan los deten x este delit
356643abe099c0642d921cb2d89dc11d,desabastoGasolina,1,Pero con tarjetitas azteca.... Para mantener el descontrol!,mx,1,0,0,0,0,0,1,0,1,per con tarjetit aztec par manten el descontrol
f40203fbc16067cebc3ae11cdbb91eea,desabastoGasolina,1,Las comadres queriendo ser las reinas del sarcasmo  jajaja. Les informo que las pipas las vamos a utilisar para transportar pomada que les cure el ardor a los que fueron los  reyes del  chayote!!,mx,2,0,0,0,0,0,0,0,0,las comadr quer ser las rein del sarcasm jajaj les inform que las pip las vam a utilis par transport pom que les cur el ardor a los que fueron los rey del chayot
2a3dc034126df2c3cd48446f0ad818d2,desabastoGasolina,1,Y si ella cobra una quincena si y otra no...,mx,0,0,0,0,0,1,1,0,1,y si ella cobr una quincen si y otra no
bbbc23e6277197183c713db37b2913ba,desabastoGasolina,1,Ufffff excelente ni duda cabe,mx,0,0,0,0,0,1,1,0,0,uff excelent ni dud cab
8bb6258e0a64514390f92800bbf5242c,desabastoGasolina,1,Hay que subrayar AMLO es el primer presidente en la era moderna que se preparó por 18 años recorrió el país cientos de veces y solo para llegar a la silla y tomar decisiones de los años 70's,mx,0,0,1,0,0,0,0,1,0,hay que subray amlo es el prim president en la era modern que se prepar por 18 años recorr el pais cient de vec y sol par lleg a la sill y tom decision de los años 70 s
a6edff6ffd57c8449d0a7cf2680742b1,desabastoGasolina,1,Es chairo no tiene con qué defenderse 🤣🤣🤣🤣,mx,0,0,0,4,0,1,1,0,0,es chair no tien con que defend cara_revolviendose_de_la_ris cara_revolviendose_de_la_ris cara_revolviendose_de_la_ris cara_revolviendose_de_la_ris
d50226f7a22dbed04a995cf49f863aba,desabastoGasolina,1,"Si ha sido eficaz, entonces porque el precio de la gasolina al día de  hoy es más cara que cuando llegó a la presidencia?",mx,0,1,0,0,0,0,0,0,0,si ha sid eficaz entonc porqu el preci de la gasolin al dia de hoy es mas car que cuand lleg a la president
4c1afe0676435435951006d0d8eea6a5,desabastoGasolina,1,Romero Deschamps esta libre y perdonado claro que ha sido eficaz!,mx,1,0,0,0,0,0,0,0,0,romer deschamps esta libr y perdon clar que ha sid eficaz
9f5e1137b8b329f30dfbd60a859e8b6e,desabastoGasolina,1,Que le está dando atole con el dedo al pueblo bueno y sabio,mx,0,0,0,0,0,0,0,0,0,que le esta dand atol con el ded al puebl buen y sabi
f6892577a40a3a320612c6f5fe412c03,desabastoGasolina,1,Wwooo .....!!!! ¿ Que seguirá ? ¿ Lespondran brazalete A fiffis ....? Talvez un carnet para comprar las tortillas con fecha y hora ? ......no  pensé algo similar en México como lo que vive Cuba o Venezuela ...,mx,4,5,0,0,0,1,6,0,5,wwo que segu lespondr brazalet a fiffis talvez un carnet par compr las tortill con fech y hor no pens algo simil en mexic com lo que viv cub o venezuel
9115eede9c05655d4cad37b6ea9d20ec,desabastoGasolina,1,"😂😂😂😂 de verdad creyeron que los delincuentes iban a decir: oye ya cerraron los ductos, ni modo dejemos de ser delincuentes y vamos a trabajar. 😂😂😂😂😂😂😂😂😂😂😂",mx,0,0,0,15,0,1,2,0,0,cara_llorando_de_ris cara_llorando_de_ris cara_llorando_de_ris cara_llorando_de_ris de verd creyeron que los delincuent iban a dec oye ya cerr los duct ni mod dej de ser delincuent y vam a trabaj cara_llorando_de_ris cara_llorando_de_ris cara_llorando_de_ris cara_llorando_de_ris cara_llorando_de_ris cara_llorando_de_ris cara_llorando_de_ris cara_llorando_de_ris cara_llorando_de_ris cara_llorando_de_ris cara_llorando_de_ris
6612f05dec1d608e983eda1efcb0970e,desabastoGasolina,1,Hasta hoy....?? Que inteligente es el presidente.!!,mx,2,2,0,0,0,0,1,0,1,hast hoy que inteligent es el president
746cc69c4cb24fd6156a39585f0492cc,desabastoGasolina,1,Un éxito ME ENCUENTRO EXULTANTE DE ALEGRIA por pagar más cara la gasolina después de su estupida gestión,mx,0,0,3,0,0,0,0,0,0,un exit me encuentr exult de alegri por pag mas car la gasolin despues de su estup gestion
03a3b455199dae44f7fdab5296c39fc8,desabastoGasolina,1,"El robo a la nación, pero de las pipas que compró.",mx,0,0,0,0,0,0,0,0,0,el rob a la nacion per de las pip que compr
0fa44704599d1aaf7a497c5fdf47cf0b,desabastoGasolina,1,Porque no se va doña Claudia a la dirección de#pemex  y el actual director que se vaya administrar el rancho de #AMLO la chingada,mx,0,0,1,0,0,1,0,0,0,porqu no se va doñ claudi a la direccion de pemex y el actual director que se vay administr el ranch de amlo la ching
4858c334af9dac35e533823c569e8fc3,desabastoGasolina,1,"Y así será cada que falle algo, alguien más tendrá la culpa.",mx,0,0,0,0,0,0,0,0,0,y asi ser cad que fall algo algui mas tendr la culp
a06fc80efcdc4120e0d7dc76e6916d55,desabastoGasolina,1,"Le aviso que iré cuando necesite ir. No cuando el gobierno quiera que vaya; y no es rebeldía, es sentido común. Deben resolver este problema que el mismo gobierno causó.",mx,0,0,0,0,0,2,0,0,0,le avis que ire cuand necesit ir no cuand el gobiern quier que vay y no es rebeld es sent comun deb resolv este problem que el mism gobiern caus
9482a4d8721885a12980c6c9d644d157,desabastoGasolina,1,"Yo opino que tú y tu hijo, el cabeza de rodilla @pedroferriz3, se vayan juntos a chingar a su madre.",mx,0,0,0,0,0,0,0,0,0,yo opin que tu y tu hij el cabez de rodill [user] se vay junt a ching a su madr
17839eb0c1e7fb85830e0052ba1e25f5,desabastoGasolina,1,"Tan eficaz que no hay un sólo detenido y ya aumentó de costo ooootra vez. Sin mencionar que el suministro aún no es normal, sigue el desabasto en muchos lugares. No hay combate al robo, sencillamente no están comprando lo mismo que antes.",mx,0,0,0,0,0,5,1,0,0,tan eficaz que no hay un sol deten y ya aument de cost ootr vez sin mencion que el suministr aun no es normal sig el desabast en much lugar no hay combat al rob sencill no estan compr lo mism que antes
da46546f8ebb48d05e44d1e02dd511a7,desabastoGasolina,0,"PRUEBAS,PUEDE DECIR MISA QUE NADIE LE CREE,ESTO DEL ROBO DE COMBUSTIBLE ES DE GRANDES LIGAS,Y NOL SE TERMINA EN 15 DIAS,TENIENDO AÑOS LUCHANDO POR EVITARLO,PARA VARIAR ,MIENTE",mx,0,0,24,0,0,1,0,0,0,prueb pued dec mis que nadi le cre esto del rob de combust es de grand lig y nol se termin en 15 dias ten años luch por evit par vari mient
f83e0957709817b99d7ae0fafe6c89af,desabastoGasolina,0,En serio cree el sr. Presidente que somos tan estúpidos?,mx,0,1,0,0,0,0,0,0,0,en seri cre el sr president que som tan estup
79376cbc71bbba77c789b26c33fd36ca,desabastoGasolina,0,Yo tengo otros números,mx,0,0,0,0,0,0,0,0,0,yo teng otros numer
44386081c028fa835d6c4a496eaaff14,desabastoGasolina,0,"En algunos lados en otros no. Pero eso es gracias a la reforma energética ya que el gob no pone el precio de los combustibles, está abierto por lo que depende de cada establecimiento, es por ello que de un local a otro puede haber variación de precio.",mx,0,0,0,0,0,2,0,0,0,en algun lad en otros no per eso es graci a la reform energet ya que el gob no pon el preci de los combust esta abiert por lo que depend de cad establec es por ello que de un local a otro pued hab variacion de preci
b8e95e42c1b9328622144b41b2608b27,desabastoGasolina,0,"Acá en Yucatan subió mas de un peso el litro en menos de un mes, con eso digo todo.",mx,0,0,0,0,0,0,0,0,0,aca en yucat sub mas de un pes el litr en men de un mes con eso dig tod
eee3cc74cf6cb3ba7df84f51eaab976d,desabastoGasolina,0,"Aunque, momentáneamente, el ""costo si subió"". No hay producto más caro que aquel que no puedes comprar.",mx,0,0,0,0,0,2,0,2,0,aunqu momentan el cost si sub no hay product mas car que aquel que no pued compr
a4377d1717eac01fd4addd9033f2ffdb,desabastoGasolina,0,Se tiene que acabar con esta delincuencia. Son criminales. No más huachicoleo,mx,0,0,0,0,0,1,0,0,0,se tien que acab con esta delincuent son criminal no mas huachicole
463a3c35bebe26cb52fc664e66b3ea4e,desabastoGasolina,0,Y si arreglaran el problema y se dejarán de pendejadas,mx,0,0,0,0,0,0,0,0,0,y si arregl el problem y se dej de pendej
8fab8dca6e25212171283ed8c8365efc,desabastoGasolina,0,Ese dinero debio ser utilizado en pagarte un maestro de español.,mx,0,0,0,0,0,0,0,0,0,ese diner debi ser utiliz en pagart un maestr de español
eafe0d4567685cf463b49927599eec19,desabastoGasolina,0,"No puede ni debe decir sobre el libre mercado entre particulares, @Claudiashein quien es para decir cuando y como comprar y vender, ya se ve q están instaurando #ComunismoEnMexico #ElDictadorAMLO #AMLOComunista @lopezobrador_ instala el Comunismo en México #DesabastoDeGasolinas",mx,0,0,0,0,0,2,0,0,0,no pued ni deb dec sobr el libr merc entre particular [user] qui es par dec cuand y com compr y vend ya se ve q estan instaur comunismoenmex eldictadoraml amlocomun [user] instal el comun en mexic desabastodegasolin
4919c628825eb333d5b8d35659455a89,desabastoGasolina,0,"Estudia hacer a del nuevo sistema  acusatorio , El  tiempo que se requiere para integrarla de manera adecuada , para que no salgan por falta de elementos como antes ,  dichas carpetas se integran niña partir de que se sabe , sido da  partir de la denuncia ante la autoridad",mx,0,0,0,0,0,1,0,0,0,estudi hac a del nuev sistem acusatori el tiemp que se requier par integr de maner adecu par que no salg por falt de element com antes dich carpet se integr niñ part de que se sab sid da part de la denunci ante la autor
8ab687692cd96511256449fda039ed76,desabastoGasolina,0,"Y para variar quien se lo cree? Todo lo que dice todos los dias son declaraciones por ocurrencia, nunca dice lo que cuesta el transporte pir Pipas y a quien beneficio, la compra y la Concesión del transporte",mx,0,1,0,0,0,1,0,0,0,y par vari qui se lo cre tod lo que dic tod los dias son declar por ocurrent nunc dic lo que cuest el transport pir pip y a qui benefici la compr y la concesion del transport
17c1991026eff57fbe398a3c07a6d1a9,desabastoGasolina,0,Puros cuentos chinos del peje! Nadie te cree!,mx,2,0,0,0,0,1,0,0,0,pur cuent chin del pej nadi te cre
a7a53fa917ddf1bdc4c59ddd38afc237,desabastoGasolina,0,Que le pregunte a Banxico,mx,0,0,0,0,0,0,0,0,0,que le pregunt a banxic
6d7921ea01ff4cd4f9230bc81f9e195c,desabastoGasolina,0,"Aquí en León, Gto nos hizo pesado el mes de Enero... que es cuando tenemos más turismo por la feria Estatal",mx,0,0,0,0,0,0,1,0,1,aqu en leon gto nos hiz pes el mes de ener que es cuand ten mas turism por la feri estatal
58f0bc067c54d39978fba078bc1391ad,desabastoGasolina,0,Un maestro de los discursos para llegarle y convencer a los ignorantes.,mx,0,0,0,0,0,0,0,0,0,un maestr de los discurs par lleg y convenc a los ignor
8159b23188a26a570428dc9074ea4358,desabastoGasolina,0,Que cantidad fue el monto robado por el huachicoleo en los anteriores sexenios?,mx,0,1,0,0,0,0,0,0,0,que cantid fue el mont rob por el huachicole en los anterior sexeni
2844bbea9278eaec42f7ab2d3b439c13,desabastoGasolina,0,"Vez idiota como si nos organizamos salimos adelante ,tu periodismo solo crítica y eres huevon la nota la sacas de las redes sociales y de ellas tiene quejas ,ja ja ja ja HUEVON.",mx,0,0,1,0,0,0,0,0,0,vez idiot com si nos organiz sal adel tu period sol critic y eres huevon la not la sac de las red social y de ellas tien quej ja ja ja ja huevon
0529dd4be2e42c723a7e18010a8bb507,desabastoGasolina,0,Yo tengo otros datos...,mx,0,0,0,0,0,0,1,0,1,yo teng otros dat
d6b1965d57789c9636ac67a55b4bf008,desabastoGasolina,0,"Por supuesto que ¡NO! Categóricamente, no, porque eso es peligroso, sería “normalizar” el desabasto.  Y al rato, viene la comida, más insumos y a acostumbrarse a la racionalización y la escasez.",mx,2,0,0,0,0,2,0,2,0,por supuest que no categor no porqu eso es peligr ser normaliz el desabast y al rat vien la com mas insum y a acostumbr a la racionaliz y la escasez
957bdc47d80fb0899b7edd404dfcd803,desabastoGasolina,0,"Yo opino que es un gran farsante gobernando a un pueblo de ignorantes, sin criterio y sin sentido común",mx,0,0,0,0,0,2,0,0,0,yo opin que es un gran farsant gobern a un puebl de ignor sin criteri y sin sent comun
4262200e573e9f4ba570d111de7410f2,desabastoGasolina,0,Pero en la CDMX que gobierna morena ya está prácticamente superada la emergencia.,mx,0,0,1,0,0,0,0,0,0,per en la cdmx que gobiern moren ya esta practic super la emergent
e583a697745d556456605c50ec43abe9,desabastoGasolina,0,"Jajajaja @dparamooficial se rifo jajajaja, el remate debió de hacer en cabronar a los chairos",mx,0,0,0,0,0,0,0,0,0,jajajaj [user] se rif jajajaj el remat deb de hac en cabron a los chair
75187658dc2226e7dff9f97ec978631c,desabastoGasolina,0,En Guanajuato ya lo está haciendo para ser precisos en Yuriria,mx,0,0,0,0,0,0,0,0,0,en guanajuat ya lo esta hac par ser precis en yuriri
65c27d66303cc49fea81eeb9da34a842,desabastoGasolina,0,"NARCOPRIAN-gobierno, no tenía la capacidad para el abasto legal... En lugares como Guanajuato 80% del abasto dependía de NARCOPRIAN- huachicoleo....",mx,0,0,2,0,0,1,2,0,2,narcopri gobiern no ten la capac par el abast legal en lugar com guanajuat 80 del abast depend de narcopri huachicole
c3cc99bdc096ca61b1e78be9995448e5,desabastoGasolina,0,Y si le dijera que el desabasto será cosa común en todo el sexenio de la 4T? 🤔,mx,0,1,0,1,0,0,0,0,0,y si le dijer que el desabast ser cos comun en tod el sexeni de la 4t cara_pens
00bcc1577d7273b72eae123bb750564e,desabastoGasolina,0,Se va al tren Maya,mx,0,0,0,0,0,0,0,0,0,se va al tren may
d651c678fbc76066d8218dfe330a9d87,desabastoGasolina,0,"Del famoso 80% que ha pasado? Solo ataca el 20% del huachicol en ductos. Además que el precio aumenta más cada día sin justificación, No que y no iba a ver gasolinazo? No esperara que se haga su refinería express en 3 años más para que baje el precio, proyectado seria 25.50 pesos",mx,0,2,0,0,0,4,0,0,0,del famos 80 que ha pas sol atac el 20 del huachicol en duct ademas que el preci aument mas cad dia sin justif no que y no iba a ver gasolinaz no esper que se hag su refin express en 3 años mas par que baj el preci proyect seri 25 50 pes
e830f557ae1336bc1dedfe18b1b1aeea,desabastoGasolina,0,Eso no debería ser pregunta. Es una afirmación contundente.,mx,0,0,0,0,0,1,0,0,0,eso no deb ser pregunt es una afirm contundent
bb0020bf5338df0140e761b2b24f5307,desabastoGasolina,0,"Sólo él y éllos así lo ven, que revisen Gto  y Jalisco,  se siguen hinchando las bolsas de los huachicolelros",mx,0,0,0,0,0,0,0,0,0,sol el y ellos asi lo ven que revis gto y jalisc se sig hinch las bols de los huachicolelr
61163f5f627e8d793f34f7363f452aed,desabastoGasolina,0,Pues yo sigo sin ver un solo responsable en la cárcel Ah y la violencia cada vez peor y el precio de la gasolina sigue subiendo,mx,0,0,0,0,0,1,0,0,0,pues yo sig sin ver un sol respons en la carcel ah y la violenci cad vez peor y el preci de la gasolin sig sub
d4d958ecca0cbbf85d90648d125580a9,desabastoGasolina,0,Van a pasar seis. Años del sexenio y no va a cambiar. Nada y yo creo que vamos a estar mas jodidos,mx,0,0,0,0,0,2,0,0,0,van a pas seis años del sexeni y no va a cambi nad y yo cre que vam a estar mas jod
a253ef0de0f0ef884b788e114fe4c224,desabastoGasolina,0,@lopezdoriga lo triste es con que va a salir este señor  que nueva ocurrencia o mentira. De verdad!!! Que qué triste ver la incapacidad de los funcionarios en pararse y dar una respuesta real a la ciudadanía y verdadera !!! Nos tratan peor que analfabetas eso no se vale,mx,6,0,0,0,0,1,2,0,0,[user] lo trist es con que va a sal este señor que nuev ocurrent o mentir de verd que que trist ver la incapac de los funcionari en par y dar una respuest real a la ciudadan y verdader nos trat peor que analfabet eso no se val
b4870f1772781611072575ced1a39c5c,desabastoGasolina,0,¿Como un régimen venezolano?,mx,0,2,0,0,0,0,0,0,0,com un regim venezolan
dc77243415be71ae94a88a98628ca474,desabastoGasolina,0,Cupensela al culito. ese que blokea a la gente que le dice la neta.,mx,0,0,0,0,0,0,0,0,0,cupensel al culit ese que bloke a la gent que le dic la net
bfa2f26d00f300015486d3700e6829d3,desabastoGasolina,0,"Uno va cuando quiera o necesite ir, lo que propone sería aceptar el desabasto y la racionalización.",mx,0,0,0,0,0,0,0,0,0,uno va cuand quier o necesit ir lo que propon ser acept el desabast y la racionaliz
3edd37b52ab28d933cd77a107c201d45,desabastoGasolina,0,Suena Bonito pero no es Real.,mx,0,0,0,0,0,1,0,0,0,suen bonit per no es real
b52d20ff4911d4324f0f1a48b7df0128,desabastoGasolina,0,"David que opinas que metlite tenga que administrar el dinero de los servidores públicos derivado del seguro de separación individual por otros 2 años sin que esto te pueda generar algún beneficio, que solución se puede tener.",mx,0,0,0,0,0,1,0,0,0,dav que opin que metlit teng que administr el diner de los servidor public deriv del segur de separ individual por otros 2 años sin que esto te pued gener algun benefici que solucion se pued ten
64a8fd491514e934a524bedbc503b5b6,desabastoGasolina,0,Que pena ver el populismo a todo lo que da.,mx,0,0,0,0,0,0,0,0,0,que pen ver el popul a tod lo que da
33f54726b4726e8fc610e1a2201d274e,desabastoGasolina,0,Osea que esto va para argo !,mx,1,0,0,0,0,0,0,0,0,ose que esto va par argo
2cb64efeefb6a73a5a6b4f978aa00e86,desabastoGasolina,0,Y yo sugiero que deje de mentir al igual que su amo y que renuncie. Ya destrozó Tlalpan ahora lo hace con la CDMX.,mx,0,0,1,0,0,0,0,0,0,y yo sugier que dej de ment al igual que su amo y que renunci ya destroz tlalp ahor lo hac con la cdmx
b0a7d55fd6734fadcfbf3038921222c0,desabastoGasolina,0,"😂😂😂 Dijo que no subirían en términos reales pero lo que es la inflación es otro tema hay si es por los mercados. Ejemplo  Si yo te vendo en 16 pesos el litro tu siendo buen distribuidor lo puedes vender  en 18 digamos que con eso ganas y pagas todo el costo, pero ya depende",mx,0,0,0,3,0,1,1,0,0,cara_llorando_de_ris cara_llorando_de_ris cara_llorando_de_ris dij que no sub en termin real per lo que es la inflacion es otro tem hay si es por los merc ejempl si yo te vend en 16 pes el litr tu siend buen distribuidor lo pued vend en 18 dig que con eso gan y pag tod el cost per ya depend
012376adad6b0088ca83b814123c14bd,desabastoGasolina,0,"Y ¿los que no hemos cargado y nos toca hasta el viernes? Yo decidí no cargar gasolina con pánico, porque confié, como ellos decían, que se regularizaría el abasto en dos días.   Puras mentiras!!!!!!",mx,6,2,0,0,0,2,2,0,0,y los que no hem carg y nos toc hast el viern yo decid no carg gasolin con panic porqu confi com ellos dec que se regulariz el abast en dos dias pur mentir
dac573d642c20c3fa8432847f4e07867,desabastoGasolina,0,"Ya no seremos libres de comprar cuando uno lo requiera, así empiezan",mx,0,0,0,0,0,1,0,0,0,ya no ser libr de compr cuand uno lo requ asi empiez
e5db0cce06f09825a75ff882598cf0d3,desabastoGasolina,0,Yo digo que este vato es un hater nomas,mx,0,0,0,0,0,0,0,0,0,yo dig que este vat es un hat nom
e7fc9d90f206718c1fd74a7e09e1ca8c,desabastoGasolina,0,La gasolina no subió pero qué tal productos en mercados y supernercados,mx,0,0,0,0,0,1,0,0,0,la gasolin no sub per que tal product en merc y supernerc
d7fa980b4ca7a60162e90d5fe6518199,desabastoGasolina,0,Tu eres un megachayote tatuado ..daa asco con tus malas premoniciones. #AMLOPresidente #AMLOnoestaSOLO,mx,0,0,0,0,0,0,0,0,0,tu eres un megachayot tatu daa asco con tus mal premonicion amlopresident amlonoestasol
2c882d2ed708ecff34bc29bd958c66d2,desabastoGasolina,0,Face slap de Suecia a Venezuela del norte en 4ta.....,mx,0,0,0,0,0,0,1,0,1,fac slap de sueci a venezuel del nort en 4ta
34b69a93dbdfc7bd0d32d016191efe43,desabastoGasolina,0,Vil racionamiento como en Cuba y Venezuela o como en Alemania después de las guerras.,mx,0,0,0,0,0,0,0,0,0,vil racion com en cub y venezuel o com en alemani despues de las guerr
3e8dd2ee4de7e62b988f2372e0cf9aef,desabastoGasolina,0,Que es una gran mentira ! Solo buscaba reflectores y lo logro! Más no se ha erradicado nada.,mx,2,0,0,0,0,2,0,0,0,que es una gran mentir sol busc reflector y lo logr mas no se ha erradic nad
b21da95aa3642fd946c9b36996462fcb,desabastoGasolina,0,Con estas propuestas solo le da más clientes a los huachicoleros. 🤦🏻‍♀️ Y va para largo. Pues no q ya habían llegado mil pipas.,mx,0,0,0,3,0,1,0,0,0,con estas propuest sol le da mas client a los huachicoler mujer_con_la_mano_en_la_frente_tono_de_piel_clar y va par larg pues no q ya hab lleg mil pip
8e85d448971aa3793fb0ff478342305d,desabastoGasolina,0,"Me quedo muy clara tu respuesta,Gracias",mx,0,0,0,0,0,0,0,0,0,me qued muy clar tu respuest graci
6529713ca0c8e8ca935a0aff219d85d5,desabastoGasolina,0,"¿¿O sea que el estado, va a dirigir los destinos de empresas sujetas a las leyes de la oferta y la demanda??  ¡Plop!",mx,2,4,0,0,0,0,0,0,0,o sea que el estad va a dirig los destin de empres sujet a las ley de la ofert y la demand plop
a2e3da8f98cb273fb75e4e862a2900b3,desabastoGasolina,0,"Si el Estado controla todo, Mexico va a un Carnet Venezolano: Populismo: Socialismo!",mx,1,0,0,0,0,0,0,0,0,si el estad control tod mexic va a un carnet venezolan popul social
c6c170ba5ffa478440508e1f08b9cadc,desabastoGasolina,0,"Tenía miedo de que esa fuera la respuesta,",mx,0,0,0,0,0,0,0,0,0,ten mied de que esa fuer la respuest
15471e87ee82a7bd32d8aa335ce1e2c3,desabastoGasolina,0,Dígale de mi parte a la jefa de gobierno que vaya y lleve su propuesta a Cuba o a Venezuela.  Aquí que vaya y que racione en su casa.,mx,0,0,0,0,0,0,0,0,0,digal de mi part a la jef de gobiern que vay y llev su propuest a cub o a venezuel aqu que vay y que racion en su cas
d1058b4c9e4ad146df9fb2a195200739,desabastoGasolina,0,"Por si los de reforma no saben, el narco maneja huachicol,secuestros,extorsiones, co bro de piso, trata de personas, tráfico de armas y migración. Todo ello hace al menos tres sexenios. Diversificados están hace mucho.con la complicidad de esos gobiernos.",mx,0,0,0,0,0,1,0,0,0,por si los de reform no sab el narc manej huachicol secuestr extorsion co bro de pis trat de person trafic de armas y migracion tod ello hac al men tres sexeni diversific estan hac much con la complic de esos gobi
bbbd51974b169c2d5c299b428396dcb8,desabastoGasolina,0,"Cálmate chilango, jaja. Ese concepto solo existe en sus cabecitas, porque para provincia todos son chilangos. Jaja, saludos.",mx,0,0,0,0,2,0,0,0,0,calmat chilang jaj ese concept sol exist en sus cabecit porqu par provinci tod son chilang jaj salud
a0fe8877658336f587c0aa46dc1487c8,desabastoGasolina,0,Esta bien wey si cree que entenderemos que su estrategia fue eficaz en serio no tiene ni idea de lo que hace. Es un pobre analfabeta que no sabe lo que hace y dice.,mx,0,0,0,0,0,3,0,0,0,esta bien wey si cre que entend que su estrategi fue eficaz en seri no tien ni ide de lo que hac es un pobr analfabet que no sab lo que hac y dic
76d4f9fc8dfc4668e16fabae64faff7f,desabastoGasolina,0,Este te reta a los putazos,mx,0,0,0,0,0,0,0,0,0,este te ret a los putaz
3f071ef06b8882a6e47672b40ef5d7b6,desabastoGasolina,0,"Excelente pregunta, esperaremos que uno de los cuatro compradores contesten",mx,0,0,0,0,0,0,0,0,0,excelent pregunt esper que uno de los cuatr comprador contest
6a4aa40ff675d4a107e29e732991a632,desabastoGasolina,0,"Pues porque el gobierno no cerraba los ductos picados, dejaba correr la gasolina a pesar de que se la robaban",mx,0,0,0,0,0,1,0,0,0,pues porqu el gobiern no cerr los duct pic dej corr la gasolin a pes de que se la rob
44734fe557253338693af151cccde729,desabastoGasolina,0,"Me puedes hablar un poquito más del contrato de las pipas, cuanto costaron?, como se van a pagar?, que organismo las compró?, etc.",mx,0,3,0,0,0,0,0,0,0,me pued habl un poquit mas del contrat de las pip cuant cost com se van a pag que organ las compr etc
4af90fa9c6d2b9a260aec0a43a588019,desabastoGasolina,0,"Joaquín, pero para que racionar la gasolina? Si ella hace pocos días salió en los medios diciendo que no había #DesabastoDeGasolina. Incoherente, no?",mx,0,2,0,0,0,2,0,0,0,joaquin per par que racion la gasolin si ella hac poc dias sal en los medi dic que no hab desabastodegasolin incoherent no
d147fd715f6dfa878f69da357ac873c4,desabastoGasolina,0,¿Eres Huachicolero de cuello blanco? Solo así se explica tu enojo desabasto es igual a gasolinera Huachicolera,mx,0,2,0,0,0,0,0,0,0,eres huachicoler de cuell blanc sol asi se explic tu enoj desabast es igual a gasoliner huachicoler
774904c4511afd508d0d255594b878fe,desabastoGasolina,0,Que cheque los precios el mesías.,mx,0,0,0,0,0,0,0,0,0,que chequ los preci el mes
f337e2ff0a839fdcc3dabb3f91e8fe9d,desabastoGasolina,0,Y lo que falta en su nuevo gobierno comunista.  Estos años veremos a brasil subiendo y a nuestros hermanos mexicanos  bajando,mx,0,0,0,0,0,0,0,0,0,y lo que falt en su nuev gobiern comun estos años ver a brasil sub y a nuestr herman mexican baj
928338bc0a4c8ca3272d76018f4b8f1e,desabastoGasolina,0,"Resultaste muy brillante @Claudiashein los camiones de reparto, agentes vendedores de seguros, medicina, supervisores, cobradores, repartidores, trabajarán un día a la semana o sugieres domingos y días festivos?",mx,0,1,0,0,0,0,0,0,0,result muy brillant [user] los camion de repart agent vendedor de segur medicin supervisor cobrador repartidor trabaj un dia a la seman o sugier doming y dias festiv
f66407682c9dfd345077a4c42dd02745,desabastoGasolina,0,Tiene toda la razón,mx,0,0,0,0,0,0,0,0,0,tien tod la razon
9a75b306541e29c61fecec8ccda5ccc7,desabastoGasolina,0,"Que estupidez tan grande, nos cortan la libertad, eso es el socialismo que te racionen todo, al rato van a decir cuando te toca comprar pan. Que miedo!!!",mx,3,0,0,0,0,0,1,0,0,que estupidez tan grand nos cort la libert eso es el social que te racion tod al rat van a dec cuand te toc compr pan que mied
98c7748ba6d823f9fbc771b99c94e5c1,desabastoGasolina,0,"Mientras no se aplique la ley y los delincuentes (que no se van a portar bien como quiere el presidente) estén en la s calles, seguirán delinquiendo.",mx,0,0,0,0,0,2,0,0,0,mientr no se apliqu la ley y los delincuent que no se van a port bien com quier el president esten en la s call segu delinqu
f0f2e0a765d36d2f9e664ccfb3ddc9ad,desabastoGasolina,0,...que por cierto no ha vendido!,mx,1,0,0,0,0,1,1,0,1,que por ciert no ha vend
09f9d081a59d30e716ac40a78b5f4d43,desabastoGasolina,0,"Yo sí vivo en el estado de Guanajuato, ya está muy, muy difícil conseguir huachicol.",mx,0,0,0,0,0,0,0,0,0,yo si viv en el estad de guanajuat ya esta muy muy dificil consegu huachicol
44a0c389b1df25d6fee323582ac25a9b,desabastoGasolina,0,"@dparamooficial ES UN PENDEJO... ¿ASI EDUCA A SU FAMILIA TAMBIEN? ¿A BASE DE MENTIRAS? PUES QUE PUTO ASCO DE SER HUMANO QUE POR UNOS PESOS TENGA QUE ESTAR DANDO LAS NALGAS A CUALQUIERA, POR EJEMPLO A GRUPO IMAGEN",mx,0,4,28,0,0,0,1,0,1,[user] es un pendej asi educ a su famili tambi a bas de mentir pues que put asco de ser human que por unos pes teng que estar dand las nalg a cualqu por ejempl a grup imag
f303efe555ddecdc2989e8267895c8ea,desabastoGasolina,0,Y el libre mercado??,mx,0,2,0,0,0,0,0,0,0,y el libr merc
6f0e02263458a94f24b45920e4b65ea6,desabastoGasolina,0,"Hola nadie dice que no está bien lo que hizo, simplemente dónde está el beneficio para el país, ya que esto es robó a la nación! Dónde están las pruebas reales de todo cuanto dice el sr! Dónde están siendo juzgados los detenidos de esta mafia de sinismo y corrupción???",mx,2,3,0,0,0,2,1,0,0,hol nadi dic que no esta bien lo que hiz simplement dond esta el benefici par el pais ya que esto es rob a la nacion dond estan las prueb real de tod cuant dic el sr dond estan siend juzg los deten de esta mafi de sinism y corrupcion
ade221d4dbd07651e736faefd90de006,desabastoGasolina,0,"Austeridad a conveniencia, claro. Austeridad para los empleados del gobierno, sin importar su capacidad. Austeridad para todos menos para ellos., que siguen desperdiciando dinero a carretadas. Dinero que no producen. Buscan empobrecer al país para aumentar su base clientelar.",mx,0,0,0,0,0,2,0,0,0,auster a convenient clar auster par los emple del gobiern sin import su capac auster par tod men par ellos que sig desperdici diner a carret diner que no produc busc empobrec al pais par aument su bas clientel
904b800b64d5d76f2cf7d59269757d6d,desabastoGasolina,0,"ESTÁN MANEJANDO TANTO AMLO Y CLAUDIA EL INICIO DE LIMITAR LOS MOVIMIENTOS DEL PUEBLO ES DECIR NOS VAN QUITANDO LA LIBERTAD DE PODER COMPRAR, VIAJAR , TRABAJAR Y HACER LOS QUE NOS PLASCA. EXIJAMOS UN PAÍS LIBRE SIN CORRUPTOS NI RATAS Y MUCHO MENOS DICTADORES EN NUESTRA NACIÓN",mx,0,0,36,0,0,2,0,0,0,estan manej tant amlo y claudi el inici de limit los movimient del puebl es dec nos van quit la libert de pod compr viaj trabaj y hac los que nos plasc exij un pais libr sin corrupt ni rat y much men dictador en nuestr nacion
789a5c6023881c5997ad9a753c99b627,desabastoGasolina,0,Dios ya alcanzaremos a Venezuela,mx,0,0,0,0,0,0,0,0,0,dios ya alcanz a venezuel
060a36ba2312d1a112f0e271f6ba8bac,desabastoGasolina,0,"Nada comparado con lo que se han robado los weyes a los que le les lames las bolas, el calderón y el peña....además diría tu admirado calderón: es daño colateral, inútil",mx,0,0,0,0,0,1,1,0,1,nad compar con lo que se han rob los wey a los que le les lam las bol el calderon y el peñ ademas dir tu admir calderon es dañ colateral inutil
ec64f2edc536f61ffb4ac6464b63df80,desabastoGasolina,0,"@CiroGomezL Este Pizarro n humano, regálaselo AMLO para que ya las calificadoras; PEMEX y CFE ya marchen bien, difícilmente dejarías ir a tu SENSEI, pero hazlo por México",mx,0,0,4,0,0,0,0,0,0,[user] este pizarr n human regalasel amlo par que ya las calif pemex y cfe ya march bien dificil dej ir a tu sensei per hazl por mexic
e491200dd96e4a9c855e1cda16737253,desabastoGasolina,0,Pues que hoy fui a cargar gasolina y estaba más cara que la rechingada... no veo ningún avance...,mx,0,0,0,0,0,2,2,0,2,pues que hoy fui a carg gasolin y estab mas car que la reching no veo ningun avanc
2e84c595a6438a330261fba230f9beee,desabastoGasolina,0,Que se vaya a la chingada nos quieren regresar a las tiendas de raya,mx,0,0,0,0,0,0,0,0,0,que se vay a la ching nos quier regres a las tiend de ray
938a443fad00ccb0d1f541a502147432,desabastoGasolina,0,"Si está disminuyendo el robo a los niveles que publica entonces la respuesta es si, y opino que si. Podría usted  demostrar lo contrario en vez de solo criticar !!!!!",mx,5,0,0,0,0,0,1,0,0,si esta disminu el rob a los nivel que public entonc la respuest es si y opin que si podr usted demostr lo contrari en vez de sol critic
cc2bab7f724e53121611fcb2caec4c77,desabastoGasolina,0,Muy bien y las cartillas para racionamiento de víveres para cuando.,mx,0,0,0,0,0,0,0,0,0,muy bien y las cartill par racion de viver par cuand
cdf8137528c8f914924d2fb4f7f35a1f,desabastoGasolina,0,Son puras puñetas mentales las que se hace todas las mañanas,mx,0,0,0,0,0,0,0,0,0,son pur puñet mental las que se hac tod las mañan
bf8ece0c98ab6f70378952eb4c5ac0a8,desabastoGasolina,0,"El racionamiento de gasolina va a durar al menos 6 años a esto sigue escasez de alimentos, medicamentos pero 30 millones votaron por vivir en Mexizuela",mx,0,0,0,0,0,0,0,0,0,el racion de gasolin va a dur al men 6 años a esto sig escasez de aliment medicament per 30 millon vot por viv en mexizuel
f0b4a540502dbe760cdca78663650456,desabastoGasolina,0,"en gto sigue el desabasto, por favor hay que seguirle recordando a la gente y al gobierno federal actual por favor una solución al problema",mx,0,0,0,0,0,0,0,0,0,en gto sig el desabast por favor hay que segu record a la gent y al gobiern federal actual por favor una solucion al problem
755f03bbe8a33e73e491f36d4d84a6a0,desabastoGasolina,0,Nosotros le sugerimos que mejor deje de ir a remar y se ponga a trabajar para los mexicanos que vivimos en la ciudad deMexico.... ni para justificar las estupideces de su jefecito el peje,mx,0,0,0,0,0,1,1,0,1,nosotr le suger que mejor dej de ir a rem y se pong a trabaj par los mexican que viv en la ciud demex ni par justific las estupidec de su jefecit el pej
52e00a909f0c774efc25fec91c6c1a68,desabastoGasolina,0,"No faltará quien te conteste ... que apoco en 80 años de, PRIAN estábamos bien.. 🤦🏻‍♀️",mx,0,0,1,3,0,1,1,0,1,no falt qui te contest que apoc en 80 años de pri estab bien mujer_con_la_mano_en_la_frente_tono_de_piel_clar
f4ba466360157669ff2dbbe33eabb3bf,desabastoGasolina,0,Con esto acepta y reconoce el desabasto que hay gracias al @GobiernoMX,mx,0,0,0,0,0,0,0,0,0,con esto acept y reconoc el desabast que hay graci al [user]
c626629c2f7534f2c5a2fc3bcea450a6,desabastoGasolina,0,"Jajaja los tendenciosos que ya nomas unos cuantos me gusta, y 18 RT. Ya van a n vida libre, pues ya nadie les cree",mx,0,0,0,0,0,1,0,0,0,jajaj los tendenci que ya nom unos cuant me gust y 18 rt ya van a n vid libr pues ya nadi les cre
387b181d9f673615a011607f76761ba8,desabastoGasolina,0,"Con qué crees que están abasteciendo imbécil, fíjate lo que preguntas buey, investigA primero antes de intrigas.",mx,0,0,0,0,0,0,0,0,0,con que cre que estan abastec imbecil fijat lo que pregunt buey investig primer antes de intrig
e6650bb4712713c8c9cb44ec2f8a860c,desabastoGasolina,0,Enorme como siempre @dparamooficial espero que alguien de la cuarta responda a tu pregunta del remate!,mx,1,0,0,0,0,0,0,0,0,enorm com siempr [user] esper que algui de la cuart respond a tu pregunt del remat
428421404cb02d74488edd80da5bce49,desabastoGasolina,0,y porque no le hechas la culpa a tú partido que es el causante?,mx,0,1,0,0,0,1,0,0,0,y porqu no le hech la culp a tu part que es el causant
8905e0df89d42dc58c1a66ca9169cdcd,desabastoGasolina,0,"Entonces tú sugieres, que estaba bien que robaran los huachiculeros, para que nadie estuviera en problemas, que pendejo eres Pelon, por eso sigues en un noticiero de 6ta, ya no siquiera de 5ta, eres la más bajo, que pueda existir.",mx,0,0,0,0,0,2,0,0,0,entonc tu sugier que estab bien que rob los huachiculer par que nadi estuv en problem que pendej eres pelon por eso sig en un noticier de 6ta ya no siqu de 5ta eres la mas baj que pued exist
ce46155591e734860aaf1b64193a2d10,desabastoGasolina,0,Quien perdió? Los gasolineros que vendían huachicol,mx,0,1,0,0,0,0,0,0,0,qui perd los gasoliner que vend huachicol
3233080f7458c76ce5766c7276e13c20,desabastoGasolina,0,Y el ieps sobrante???,mx,0,3,0,0,0,0,1,0,0,y el ieps sobrant
c57f3ebdcf2c3f344f05fa2bd5796a70,desabastoGasolina,0,En GDL la magna a $21 y la premium casi llega a $ 23,mx,0,0,1,0,0,0,0,0,0,en gdl la magn a 21 y la premium casi lleg a 23
c9fe58b33b9ee67b4f6a46ecd953e175,desabastoGasolina,0,"Es su modus operandi, quieren normalizar el racionamiento, las consultas, y demás métodos aprendidos de Cuba y Venezuela. Buenos maestros se buscaron...",mx,0,0,0,0,0,0,1,0,1,es su modus operandi quier normaliz el racion las consult y demas metod aprend de cub y venezuel buen maestr se busc
f24db65bd11b9d98077e93f90c34c308,desabastoGasolina,0,Pregunta. Es legalmente posible obligar a alguien a adquirir un servicio el día que tú le indiques?,mx,0,1,0,0,0,0,0,0,0,pregunt es legal posibl oblig a algui a adquir un servici el dia que tu le indiqu
ed618ddee3ed139c967d1f433f29aca0,desabastoGasolina,0,Le creeré hasta que los huachicoleros de cuello blanco los alcance la justicia.,mx,0,0,0,0,0,0,0,0,0,le cre hast que los huachicoler de cuell blanc los alcanc la justici
d0dd38e4cd2cf32d0527018a3099349a,desabastoGasolina,0,Está pero bien tonto.,mx,0,0,0,0,0,0,0,0,0,esta per bien tont
0cc7d5c75415509e29c06601b65e298e,desabastoGasolina,0,"No olvidemos que se está combatiendo al ROBO de combustible, que dejaba pérdidas incalculables!",mx,1,0,1,0,0,1,0,0,0,no olvid que se esta combat al rob de combust que dej perd incalcul
3a59bde28364419bd184980dfe34d137,desabastoGasolina,0,Perdón yo no comprendo!!,mx,2,0,0,0,0,1,0,0,0,perdon yo no comprend
76130c73b8c215d4734932b334a923c8,desabastoGasolina,0,"Es una farsante y mentirosa, no que aquí no había desabasto?",mx,0,1,0,0,0,2,0,0,0,es una farsant y mentir no que aqu no hab desabast
d9a55c43c9ed8706b4fbfd3d40b88df2,desabastoGasolina,0,¿Y para cuando tarjetas para surtir la despensa?,mx,0,2,0,0,0,0,0,0,0,y par cuand tarjet par surt la despens
657f4b9d04fe6872d8658da7ab024472,desabastoGasolina,0,La respuesta es muy simple imbecil ¡ las necesitamos para que no se reactive el huachicol que tu y los comentocratas apoyan..te quefo claro ?,mx,1,1,0,0,0,1,0,0,0,la respuest es muy simpl imbecil las necesit par que no se reactiv el huachicol que tu y los comentocrat apoy te quef clar
aab3765966dd7c9b484a78a564b4753e,desabastoGasolina,0,Que este viejito no entiende nada de nada,mx,0,0,0,0,0,3,0,0,0,que este viejit no entiend nad de nad
a3ff723de766f153700e9225f1b83804,desabastoGasolina,0,Y los grandes nombres que estaban saqueando a Pemex dónde están???? O también los perdono con una pena Moral!!!! Pactos políticos por eso ahora el PRIMOR es la unión de lo mismo.,mx,4,4,1,0,0,0,2,0,0,y los grand nombr que estab saqu a pemex dond estan o tambien los perdon con una pen moral pact polit por eso ahor el primor es la union de lo mism
aeac76789497b752a18bec9e9d239240,desabastoGasolina,0,Sería más chido ver que baje el robo en el transporte público y las extorsiones a los comerciantes.,mx,0,0,0,0,0,0,0,0,0,ser mas chid ver que baj el rob en el transport public y las extorsion a los comerci
aba3c3f5b7e5070f1452a94c267eb720,desabastoGasolina,0,"No creo, son puras habladas del combate al robo de gasolina, ahora cuesta $19.99 litro de Magna.",mx,0,0,0,0,0,1,0,0,0,no cre son pur habl del combat al rob de gasolin ahor cuest 19 99 litr de magn
c409b009bbfafce95fa2e4c5e3f20367,desabastoGasolina,0,Ya se va a institucionalizar el desabasto?,mx,0,1,0,0,0,0,0,0,0,ya se va a institucionaliz el desabast
b0e4205588745ff065c7375fb1da46c2,desabastoGasolina,0,"no seas ignorante,  y quieras justificar al gobierno su ineptitud criticando a los anteriores gobiernos nefastos",mx,0,0,0,0,0,1,0,0,0,no seas ignor y quier justific al gobiern su ineptitud critic a los anterior gobi nefast
373af8f3671e92f207ee384fd7c87dbc,desabastoGasolina,0,Pues que vaya y chingue a su madre. Inepta igual que López.,mx,0,0,0,0,0,0,0,0,0,pues que vay y ching a su madr inept igual que lopez
0f6dfa4cdcd56ec071b48e1451a78672,desabastoGasolina,0,"Si en cuanto al robo de combustible, solo que ahora los delincuentes estan cometiendo otros delitos, no esta sencillo el asunto",mx,0,0,0,0,0,1,0,0,0,si en cuant al rob de combust sol que ahor los delincuent estan comet otros delit no esta sencill el asunt
a51dedae322fd2d71a0805e1f6e80795,desabastoGasolina,0,"Mentira, ahora se dedican a robar pipas",mx,0,0,0,0,0,0,0,0,0,mentir ahor se dedic a rob pip
ee820b1d86d0d3656748c7e7fb60ff46,desabastoGasolina,0,Falta mucho por combatir y no será pronto ni fácil Pero siempre el primer paso es importante,mx,0,0,0,0,0,2,0,0,0,falt much por combat y no ser pront ni facil per siempr el prim pas es import
ae69b9f282fd72e0b3598e7a884d15dd,desabastoGasolina,0,"El cirito y su gorila ya dan hueva, no creen?",mx,0,1,0,0,0,1,0,0,0,el cirit y su goril ya dan huev no cre
e898032f894b18dc396f059e7acb7f3b,desabastoGasolina,0,"En otras palaras, el #DesabastoDeGasolina pinta para ser permanente. Ni #Chávez ni @NicolasMaduro fueron tan efectivos para instaurar la escasez",mx,0,0,0,0,0,2,0,0,0,en otras pal el desabastodegasolin pint par ser permanent ni chavez ni [user] fueron tan efect par instaur la escasez
08b64c5af7e4a6c8e706946476775d87,desabastoGasolina,0,"Sublime tontería, esa señora cada día despierta con una tontería nueva",mx,0,0,0,0,0,0,0,0,0,sublim tont esa señor cad dia despiert con una tont nuev
9a9baa3f765ddfe4c640fc5cef6a0cac,desabastoGasolina,0,Algún venezolano o cubano con conocimiento de causa que quiera aportar su experiencia de al así en su país?,mx,0,1,0,0,0,0,0,0,0,algun venezolan o cuban con conoc de caus que quier aport su experient de al asi en su pais
832a97afb53726cc79eed632b2670c4f,desabastoGasolina,0,"porque no a caido ninguna cabeza importante de estos delincuentes, bueno tampoco de ningun corrupto. y el.Mesias dice que hay muchos. Pero no  caen!!!!!!",mx,6,0,0,0,0,5,1,0,0,porqu no a caid ningun cabez import de estos delincuent buen tampoc de ningun corrupt y el mesi dic que hay much per no caen
43d5754fa9f37b1e5bf6ddfcb0ab2a7b,desabastoGasolina,0,"Terrible, triste y vergonzoso. Debería exigir al Gobierno Federal  en nombre de la ciudad una solución.",mx,0,0,0,0,0,0,0,0,0,terribl trist y vergonz deb exig al gobiern federal en nombr de la ciud una solucion
6199334e38fdee9fd4bdb108b586308c,desabastoGasolina,0,Que miente con todo y amlovers el pejejete,mx,0,0,0,0,0,0,0,0,0,que mient con tod y amlovers el pejejet
ec2c5f56d2002c52b945b88cf71c0827,desabastoGasolina,0,Son parte sel show  mediático  las pipas ...que más.,mx,0,0,0,0,0,0,1,0,1,son part sel show mediat las pip que mas
5ea99e86913bd4520fa355d9846a7780,desabastoGasolina,0,No le creo nada,mx,0,0,0,0,0,2,0,0,0,no le cre nad
e301918fa11770f13a770d42172852cc,desabastoGasolina,0,Déjense de ocurrencias y hagan su trabajo,mx,0,0,0,0,0,0,0,0,0,dejens de ocurrent y hag su trabaj
d8c3904212378f4ac70fdb0f171f63b8,divorcioEPN,1,Jijijiji una novela mas sin exito,mx,0,0,0,0,0,1,0,0,0,jijijiji una novel mas sin exit
33d558e5b74cdc1e14b502b5a83ab9a8,divorcioEPN,1,POBRECITA QUEDÓ 💷💵💶💳🏂🏄🌍🌎🌏🛀💰📈🍷☕🍸⛪🏰🗽🌃🗼⛵🚘 DESHECHA...,mx,0,0,3,22,0,0,1,0,1,pobrecit qued billete_de_libr billete_de_dol billete_de_eur tarjeta_de_credit practicante_de_snowboard persona_haciendo_surf globo_terraqueo_mostrando_europa_y_afr globo_terraqueo_mostrando_amer globo_terraqueo_mostrando_asia_y_australi persona_en_la_bañer bolsa_de_diner grafica_de_evolucion_ascendent copa_de_vin bebida_calient copa_de_coctel iglesi castillo_europe estatua_de_la_libert noche_estrell torre_de_toki veler coche_proxim deshech
311f6dd1a6fc4a7a20c9e7e0e95b73c8,divorcioEPN,1,Se acabo el am...interés y juventud mata cachete,mx,0,0,0,0,0,0,1,0,1,se acab el am interes y juventud mat cachet
bd48ad7a56e18028bbc0f320c45e3a82,divorcioEPN,1,"Y los costos del divorcio, ¿también serán con cargo al erario público?",mx,0,2,0,0,0,0,0,0,0,y los cost del divorci tambien seran con carg al erari public
9f1e78f4a60b9ca75c5b864c46a8c652,divorcioEPN,1,¡Esta noticia me toma x sorpresa! 😂😂😂😂😂😂😂,mx,2,0,0,7,0,0,1,0,0,esta notici me tom x sorpres cara_llorando_de_ris cara_llorando_de_ris cara_llorando_de_ris cara_llorando_de_ris cara_llorando_de_ris cara_llorando_de_ris cara_llorando_de_ris
7bc265175f2e4cd5ec38f9524d89cbdb,divorcioEPN,1,Nooooooo!!! Netaaaa!?? No la veíamos venir! Jajajajajaja,mx,5,2,0,0,0,1,3,0,0,noo neta no la vei ven jajajajajaj
1a5db9dcb295c0d70411e11fde61bc76,divorcioEPN,1,Se acaba la chamba y se le fue el amor,mx,0,0,0,0,0,0,0,0,0,se acab la chamb y se le fue el amor
4bee2ba00fcb7da56d22f021b698c7ca,divorcioEPN,1,Woow nadie se lo esperaba. 🙄,mx,0,0,0,1,0,1,0,0,0,woow nadi se lo esper cara_con_ojos_en_blanc
fb6855867b23ecdeb749c9871e82f66d,divorcioEPN,1,Cuando no quieres regalarle nada en San Valentín,mx,0,0,0,0,0,2,0,0,0,cuand no quier regal nad en san valentin
ea857b9fb674ef79cd1eb6aab315eab4,divorcioEPN,1,De seguro no supo que regalarle el 14,mx,0,0,0,0,0,1,0,0,0,de segur no sup que regal el 14
8af331dab11feeee38653326514b5caa,divorcioEPN,1,"Que bueno que nos informan, porque estábamos bien preocupados😂  Ojalá ambos reflexionen y regresen; pero lo que se robaron!!😂",mx,2,0,0,2,0,0,0,0,0,que buen que nos inform porqu estab bien preocup cara_llorando_de_ris ojal ambos reflexion y regres per lo que se rob cara_llorando_de_ris
a72f77354e6a088e0b13ee62dd43f448,divorcioEPN,1,Estábamos con el pendiente,mx,0,0,0,0,0,0,0,0,0,estab con el pendient
eb7aa2af85921f972dd28dad31aaa7ba,divorcioEPN,1,Si como  no el contrato venció 😂,mx,0,0,0,1,0,1,0,0,0,si com no el contrat venc cara_llorando_de_ris
19cb4e3f0185877fef2899d9ef5991a5,divorcioEPN,1,"No sé acabó el amor, se le acabó su millonario contrato",mx,0,0,0,0,0,1,0,0,0,no se acab el amor se le acab su millonari contrat
802827c6cb7753e9438ca138c8c3facb,divorcioEPN,1,Jajajaj. No es nuevo jajajaj,mx,0,0,0,0,0,1,0,0,0,jajajaj no es nuev jajajaj
0b175928304f9d6abfe6a644734ad51a,divorcioEPN,1,Mas bien se le acabo el contrato nupcial presidencial,mx,0,0,0,0,0,0,0,0,0,mas bien se le acab el contrat nupcial presidencial
704c073a8c518b618859a04526428db9,divorcioEPN,1,"No era un matrimonio,era una SA de CV.",mx,0,0,0,0,0,1,0,0,0,no era un matrimoni era una sa de cv
bd6c19b42cff602f7e343710eb656105,divorcioEPN,1,😂😂😂😂😂😂😂😂😂😂😂😂😂 se termina el contrato y la actuación,mx,0,0,0,13,0,0,1,0,0,cara_llorando_de_ris cara_llorando_de_ris cara_llorando_de_ris cara_llorando_de_ris cara_llorando_de_ris cara_llorando_de_ris cara_llorando_de_ris cara_llorando_de_ris cara_llorando_de_ris cara_llorando_de_ris cara_llorando_de_ris cara_llorando_de_ris cara_llorando_de_ris se termin el contrat y la actuacion
409d85f5ef105a607b154fb0e8dccdc3,divorcioEPN,1,🤔 ... o sea como que el contrato de exclusividad se terminó... lo normal no?,mx,0,1,0,1,0,1,2,0,2,cara_pens o sea com que el contrat de exclus se termin lo normal no
1f0d75d5566bc8a06b9a6e126c171c85,divorcioEPN,1,¿Cual novela?- Lo que se terminó fue el contrato....,mx,0,2,0,0,0,0,1,0,1,cual novel lo que se termin fue el contrat
b882bf39263e9ccae62a5743315d64c5,divorcioEPN,1,¿ #NOTICIA ?  Como si a la población le importara ese bodrio.,mx,0,2,1,0,0,0,0,0,0,notici com si a la poblacion le import ese bodri
982901d2be17d77eaf23991523183b51,divorcioEPN,1,Pues nada..... como su presidencia todo fue una simulación LOL,mx,0,0,1,0,1,1,1,0,1,pues nad com su president tod fue una simul lol
096bcf34259911cfdda600e36a2b59fe,divorcioEPN,1,"Esta novela se llamó: La Gaviota Casa Blanca, una novela de amor, ""pobreza"" y traición",mx,0,0,0,0,0,0,0,2,0,esta novel se llam la gaviot cas blanc una novel de amor pobrez y traicion
43738c09333385171e428fc80506e8b7,divorcioEPN,1,"Con razón estaba yo que ni quería comer de la méndiga angustia, de no saber qué pedo con la “pinchi” telenovela de #3erMundo #Mexico",mx,0,0,0,0,0,2,0,2,0,con razon estab yo que ni quer com de la mendig angusti de no sab que ped con la pinchi telenovel de 3ermund mexic
92cf7060bdc1f8d23f348c5976e29193,divorcioEPN,1,"No decidió divorciarse, TELEVISA no le renovó el contrato. 😂",mx,0,0,1,1,0,2,0,0,0,no decid divorci televis no le renov el contrat cara_llorando_de_ris
9a1c74f0e75a221b529f336156d78245,divorcioEPN,1,"Jajajajaj se le acabó la chichi, el huachicol, la marmaja, Ch vieja.",mx,0,0,0,0,0,0,0,0,0,jajajajaj se le acab la chichi el huachicol la marmaj ch viej
ac3943c0f72e38b51b8bbf2d2b1d9a7f,divorcioEPN,1,Muy digna ella que tomó la decisión jajaja,mx,0,0,0,0,0,0,0,0,0,muy dign ella que tom la decision jajaj
207926bc369d4612d10610ec7a8ad6e8,divorcioEPN,1,Buscará a un productor soltero??? Plop!!,mx,2,3,0,0,0,0,1,0,0,busc a un productor solter plop
5f3fb8aee29522e480686e49fabd4a56,divorcioEPN,1,"Que Pena! No lo imaginabamos! Es que se veían tan enamorados 😍 Peña ha de estar muy triste, pobre.... 😭",mx,2,0,0,2,0,1,1,0,1,que pen no lo imaginab es que se vei tan enamor cara_sonriendo_con_ojos_de_corazon peñ ha de estar muy trist pobr cara_llorando_fuert
ad5c464e3f8a6dc11a6e80da55485c06,divorcioEPN,1,Se quedara con la mitad de todo lo que Robo @EPN ?,mx,0,1,1,0,0,0,0,0,0,se qued con la mit de tod lo que rob [user]
b46327f22d620d6995abfe1a23764053,divorcioEPN,1,"Terminó la novela llamada ""hasta que el sexenio nos alcance""",mx,0,0,0,0,0,0,0,2,0,termin la novel llam hast que el sexeni nos alcanc
c18b3528607738af282b6b19efdd178e,divorcioEPN,1,Al rato AMLO dirá que lo hacen sólo para robarle su show,mx,0,0,1,0,0,0,0,0,0,al rat amlo dir que lo hac sol par rob su show
96666ed0474d781d47a505e1cf0a8b8f,divorcioEPN,1,Tomo la decision? Si lord pena ya se andaba pedaleando otra bicicleta más joven,mx,0,1,0,0,0,0,0,0,0,tom la decision si lord pen ya se andab pedal otra biciclet mas jov
7dfba6d65973c3e2237a49aac8dfa8ca,divorcioEPN,1,Acabó la novela y por lo tanto el papel para el que fue contratada y por el qué cobró bastante bien.,mx,0,0,0,0,0,0,0,0,0,acab la novel y por lo tant el papel par el que fue contrat y por el que cobr bastant bien
886c1a2f9bcd8e3cc260926bdca8eaa1,divorcioEPN,1,"Naaa, en serio, a poco es la nueva noticia. No mamen a estas alturas y dando esas disque ""noticias"".",mx,0,0,0,0,0,1,1,2,0,naa en seri a poc es la nuev notici no mam a estas altur y dand esas disqu notici
a5ef469911413ce3c0806b15225e278c,divorcioEPN,1,No puede ser. Yo creí que el amor puro si existía.,mx,0,0,0,0,0,1,0,0,0,no pued ser yo cre que el amor pur si exist
591b2a735567f1f9081b6c343c44d149,divorcioEPN,1,"Jajaja y todavía lo anuncia, eso ya se sabía desde hace 6 años",mx,0,0,0,0,0,0,0,0,0,jajaj y todav lo anunci eso ya se sab desd hac 6 años
e44284bea2f144f40250313bb9577b22,divorcioEPN,1,No mames! El emperador peña ha de estar devastado.,mx,1,0,0,0,0,1,0,0,0,no mam el emper peñ ha de estar devast
7bc62f5fa0772ba48d87e37e5d48d7e6,divorcioEPN,1,no hay segunda temporada?,mx,0,1,0,0,0,1,0,0,0,no hay segund tempor
9d081e5b1ea4265fd4b63f90337dc578,divorcioEPN,1,Qué noticia tan sorprendente 🙄 más falsa la gaviota!,mx,1,0,0,1,0,0,0,0,0,que notici tan sorprendent cara_con_ojos_en_blanc mas fals la gaviot
ae67a7ed9cd628d2a67ad29a22f5a68a,divorcioEPN,1,Ya no tiene de que va a comer la gaviota,mx,0,0,0,0,0,1,0,0,0,ya no tien de que va a com la gaviot
7c4adb7f82a3b7fb1ca13583cc285afc,divorcioEPN,1,"Wooo... que novedad,quien hubiera esperado eso cierren todas las prensa para esta tan importante noticia 😓🤦‍♂️😂😂",mx,0,0,0,5,0,0,2,0,1,woo que noved qui hub esper eso cierr tod las prens par esta tan import notici cara_con_sudor_fri hombre_con_la_mano_en_la_frent cara_llorando_de_ris cara_llorando_de_ris
652b28ec348e6f9d9aeaf8ff6454c138,divorcioEPN,1,"Y conste que no tuvo nada que ver la mamá de Lucerito, #pobreMijares.",mx,0,0,0,0,0,2,0,0,0,y const que no tuv nad que ver la mam de lucerit pobremijar
d27b4b18b01be1f5d4200d5401cb962b,divorcioEPN,1,"Santo Dios!!!!! Me tiene con un pendiente y taaaaaan sorprendida... jamás lo esperé. Se les veía taaaaaaan enamorados. Como su telenovela de gaviota, ""destilando amor"". Deben estar bieeeeeen tristes ambos. Qué farsa!!!!!!!!!!!!!!",mx,19,0,0,0,0,1,6,2,1,sant dios me tien con un pendient y taan sorprend jamas lo esper se les vei taan enamor com su telenovel de gaviot destil amor deb estar bie trist ambos que fars
eef0a250e1781557d68302d3bbfdfe3b,divorcioEPN,1,"Hay nooooo, de veeeeras como son tú 🤪🤪🤪🤪🤪🤪🤪",mx,0,0,0,7,0,0,3,0,0,hay noo de veer com son tu cara_de_loc cara_de_loc cara_de_loc cara_de_loc cara_de_loc cara_de_loc cara_de_loc
8acfa3aca19f535a2ad1b3b904319d51,divorcioEPN,1,"Y hablando de autos deportivos y de carrocerías. Este Quíquirrín si que sabe hacer negocios. Se terminó el ""Leasing"" y optó por no ejercer la opción de compra. El valor residual era muy bajo. Optó por renovar el contrato pero por un modelo más reciente.  🚗🚘 😂😂😂",mx,0,0,0,5,0,1,1,2,0,y habl de aut deport y de carroc este quiquirrin si que sab hac negoci se termin el leasing y opto por no ejerc la opcion de compr el valor residual era muy baj opto por renov el contrat per por un model mas recient coch coche_proxim cara_llorando_de_ris cara_llorando_de_ris cara_llorando_de_ris
dfd05ab9aeb3d2ed3c59bdc69be1fa07,divorcioEPN,0,Ya se acabó la telenovela Doña Patrañas,mx,0,0,0,0,0,0,0,0,0,ya se acab la telenovel doñ patrañ
e509268a1e4675b37485c9bb59edce14,divorcioEPN,0,Uno de los contratos más caros en la historia del pueblo mexicano... HDSPM,mx,0,0,1,0,0,0,1,0,1,uno de los contrat mas car en la histori del puebl mexican hdspm
eae540bc569dfdc20e1888a72bfde1f0,divorcioEPN,0,"Angélica ya se ganó su buen dinerito, es actriz y las 6 temporadas que se aventó y actuó le valió para asegurar su futuro. Bien por ella, finalmente es su trabajo.",mx,0,0,0,0,0,0,0,0,0,angel ya se gan su buen dinerit es actriz y las 6 tempor que se avent y actu le val par asegur su futur bien por ella final es su trabaj
948746d639ae5d0f5024eb89f22a77c8,divorcioEPN,0,Era obvio que finalizado el mandato se divorciara. Ya es libre,mx,0,0,0,0,0,0,0,0,0,era obvi que finaliz el mandat se divorci ya es libr
4a95006ee9048ca52c2ec5107e5459b0,divorcioEPN,0,"Uy! Nos tenía rete preocupados. Ni podíamos dormir. ¿Para qué le dan espacio a esta vieja nalgas guangas? Que se pinte de colores, pero no sin antes que regrese los cuadros y cosas valiosas que faltan en Los Pinos. Hasta el perico se llevó. Qué vulgar ratera.",mx,1,2,0,0,0,3,0,0,0,uy nos ten ret preocup ni pod dorm par que le dan espaci a esta viej nalg guang que se pint de color per no sin antes que regres los cuadr y cos vali que falt en los pin hast el peric se llev que vulg rater
8d90af154123e57cafa8ad54ac173907,divorcioEPN,0,"Era un CONTRATO CIVIL SEXENAL... Es válido en la Ley, todos ganaron lo acordado (EPN, Angélica y Telerisa).",mx,0,0,4,0,0,0,1,0,1,era un contrat civil sexenal es val en la ley tod gan lo acord epn angel y teleris
1ccc43da812d2ed1206c47d1e53120c1,divorcioEPN,0,estos dos deben ir a la cárcel no es posible tanta corrupción e impunidad,mx,0,0,0,0,0,1,0,0,0,estos dos deb ir a la carcel no es posibl tant corrupcion e impun
f8728c43baaffd2e6d880defd45b9c40,divorcioEPN,0,6 añoss de telenovela tristee para el pais .triste.porq a dolido y se an perdido 6 años.,mx,0,0,0,0,0,0,0,0,0,6 añoss de telenovel triste par el pais trist porq a dol y se an perd 6 años
3b901933654c79a58ce09d2a80d5e19f,divorcioEPN,0,Se acabó el contrato televisivo,mx,0,0,0,0,0,0,0,0,0,se acab el contrat televis
8b15c222a0ba6f821f2d875979cb8c56,divorcioEPN,0,Deveras que Cómo la Cagas milenio .. como es que públicas esas pendejadas de ese par de Ratas !!! No cabe la menor duda de que eres parte del mismo BASURERO !!!,mx,6,0,1,0,0,1,2,0,0,dever que com la cag mileni com es que public esas pendej de ese par de rat no cab la menor dud de que eres part del mism basurer
6232213cd7e6af7616bcab497f0e31ad,divorcioEPN,0,YA SE FORRO DE DINERO DURANTE EL PERIODO @EPN,mx,0,0,5,0,0,0,0,0,0,ya se forr de diner durant el period [user]
15106863ff3a71f8d44be98597c096ab,divorcioEPN,0,"No hubo tal nulidad. Por qué crees que vetaron a la Vero Castro de las principales televisoras mexicanas? Porque declaró que no hubo nulidad en el matrimonio de su hermano y la gaviota. Que lo transmitido por tv fue una farsa, solo una misa de bendición.",mx,0,1,0,0,0,2,0,0,0,no hub tal nulid por que cre que vet a la ver castr de las principal televisor mexican porqu declar que no hub nulid en el matrimoni de su herman y la gaviot que lo transmit por tv fue una fars sol una mis de bendicion
1bfd6d7e145eefc5761d7ed30ac9cb52,divorcioEPN,0,Un sexenio que pagamos muy caro por una mujer que vendió su amor .pero el poeta Jaime Sabines dijo canonizemos alas putas,mx,0,0,0,0,0,0,0,0,0,un sexeni que pag muy car por una muj que vend su amor per el poet jaim sabin dij canoniz alas put
1084d0eaad471470eb45dde5e555e932,divorcioEPN,0,"Q pena el tan guapo, no tardará en encontrar otra pareja",mx,0,0,0,0,0,1,0,0,0,q pen el tan guap no tard en encontr otra parej
3c4be77a5d7255fbbfd285442b0f605d,divorcioEPN,0,Historia sabida soy chilena y esto fue un mero contrato mejor devuelvan las obras de arte que robaron al pueblo mexicano!,mx,1,0,0,0,0,0,0,0,0,histori sab soy chilen y esto fue un mer contrat mejor devuelv las obras de arte que rob al puebl mexican
d43fe9fd85db5a27df54e4fca5573343,divorcioEPN,0,Todos sabían que solo era un amor fingido para engañar a los bobos y que votarán por EPN,mx,0,0,1,0,0,0,0,0,0,tod sab que sol era un amor fing par engañ a los bob y que vot por epn
2be0435a99b27e9df84b5f7cbf6d8795,divorcioEPN,0,"por lo que se preocupan, deberían estar alerta por el vergo de millones que cada uno se echo a la bolsas. pero menos mal que ya no vivien en un mundo de telenovela, el mexicano come, trabaja, tiene educación, salud, seguridad, techo etc eso que no te lo roben!! lo demás ALV!!!",mx,5,0,1,0,0,2,1,0,0,por lo que se preocup deb estar alert por el verg de millon que cad uno se echo a la bols per men mal que ya no vivi en un mund de telenovel el mexican com trabaj tien educ salud segur tech etc eso que no te lo rob lo demas alv
bcd9fbefde5fc3110309be784444b527,divorcioEPN,0,"Más falso ese matrimonio que la existencia de los Reyes Magos, sabíamos que finalizando el mandato de Lord Peña se divorciaban. Total, después de despilfarrar el dinero, manteniendo a sus hijas y su buen ahorro la Sra ""Gaviota"" saldría volando con todo lo robado.",mx,0,0,0,0,0,0,0,2,0,mas fals ese matrimoni que la existent de los rey mag sab que finaliz el mandat de lord peñ se divorci total despues de despilfarr el diner manten a sus hij y su buen ahorr la sra gaviot saldr vol con tod lo rob
56cfd7ac952290f502d591d316a1e5b9,divorcioEPN,0,Por si quedaba la duda del catálogo de Televisa y el circo para ganar la presidencia.,mx,0,0,0,0,0,0,0,0,0,por si qued la dud del catalog de televis y el circ par gan la president
67d1b5ebce587e2c12d592f3798f745c,divorcioEPN,0,Que novedad  y costo mucho su cuento sexsenal,mx,0,0,0,0,0,0,0,0,0,que noved y cost much su cuent sexsenal
15d163808ab5b50b382e946239d59a5e,divorcioEPN,0,Y ya se lo aprobó Televisa,mx,0,0,0,0,0,0,0,0,0,y ya se lo aprob televis
433a44b1a4b643c93d79642eb6ae4d02,divorcioEPN,0,"Jaja, no tiene que dar explicaciones, sabemos perfectamente que su matrimonio, fue un negocio redondo para ambos, pero me da lástima de verdad, como ya no le  convendrá quedarse con el Peña, prefiere volar.",mx,0,0,0,0,1,2,0,0,0,jaj no tien que dar explic sab perfect que su matrimoni fue un negoci redond par ambos per me da lastim de verd com ya no le convendr qued con el peñ prefier vol
cafe9e557b6dfec508afd9a0b2bfe55c,divorcioEPN,0,"De éste convenio hecho al término de la administración, pregunto: estaba enterada la Iglesia ? Pues fue quien intervino para ""arreglar"" la declaratoria de nulidad de la validez del matrimonio celebrado de La Gaviota con su anterior pareja ? Luego entonces: fue válido el matrimon",mx,0,2,0,0,0,0,0,2,0,de este conveni hech al termin de la administr pregunt estab enter la iglesi pues fue qui intervin par arregl la declaratori de nulid de la validez del matrimoni celebr de la gaviot con su anterior parej lueg entonc fue val el matrimon
891e4004c4ec108d45ce12377d29275e,divorcioEPN,0,Pues fíjate que si nos importa porque el costo de sus nalgas fue y es por nuestra cuenta,mx,0,0,0,0,0,0,0,0,0,pues fijat que si nos import porqu el cost de sus nalg fue y es por nuestr cuent
d0eaa07c0ae98b859ada27116fb98e74,divorcioEPN,0,Jajajaja debieron firmar la cancelación del contrato el 2 de diciembre!!! Porque nos hacemos pendejos!,mx,4,0,0,0,0,0,1,0,0,jajajaj deb firm la cancel del contrat el 2 de diciembr porqu nos hac pendej
32279ab6907bd83927b49ec146e7de8a,divorcioEPN,0,"Ninguna sorpresa, toda una farsa",mx,0,0,0,0,0,1,0,0,0,ningun sorpres tod una fars
a773d3e96de0633617a1dc09d2919e81,divorcioEPN,0,Se tuvo que aguantar todo el sexenio,mx,0,0,0,0,0,0,0,0,0,se tuv que aguant tod el sexeni
9e85fa0f3e8b9cd73b55c93d52686c93,divorcioEPN,0,"Ese tema es irrelevante, lo que nos interesa saber es dónde dejaste todos los muebles, pinturas, cubiertos, etc. etc. Que se llevaron de los pinos.",mx,0,0,0,0,0,0,0,0,0,ese tem es irrelev lo que nos interes sab es dond dej tod los muebl pintur cubiert etc etc que se llev de los pin
1155625aa13071e1ce34676e84e603ef,divorcioEPN,0,"Por fin, uno de los matrimonios más falsos que he visto es la vida pública de nuestros gobernantes.",mx,0,0,0,0,0,0,0,0,0,por fin uno de los matrimoni mas fals que he vist es la vid public de nuestr gobern
1b842b7a4d68e4239819b1164ee780e7,divorcioEPN,0,Los que opinan tan grosero de una mujer no han de tener madre ni hermanas ni hijas! O alguien tiene el contrato donde haya ese acuerdo?  Cuiden su lenguaje,mx,1,1,0,0,0,3,0,0,0,los que opin tan groser de una muj no han de ten madr ni herman ni hij o algui tien el contrat dond hay ese acuerd cuid su lenguaj
3bc4b2c30b743fe12ccdb8c09a4a555d,divorcioEPN,0,"Pero si lo supimos desde el que peña estaba en campaña que su ""matrimonio"" fue parte de la mercadotecnia de televisa",mx,0,0,0,0,0,0,0,2,0,per si lo sup desd el que peñ estab en campañ que su matrimoni fue part de la mercadotecni de televis
2b70e5fd4e6657af2d4f54393563fba5,divorcioEPN,0,"se separan las ratas, fin de la telenovela",mx,0,0,0,0,0,0,0,0,0,se sep las rat fin de la telenovel
3a6497a5454f71cae202e95b5d29ec91,divorcioEPN,0,"Jajaja, y como siempre mandaron a la babosa gaviota a informar como en lo de la casa blanca, que oso! Y que humillante, bueno al fin y al cabo ésta y su prole ya ni vergüenza tienen @sofia_96castr",mx,1,0,0,0,0,1,0,0,0,jajaj y com siempr mand a la babos gaviot a inform com en lo de la cas blanc que oso y que humill buen al fin y al cab esta y su prol ya ni vergüenz tien [user]
21031a257cdc08c148b7af7b40cbd311,divorcioEPN,0,No manchen esto no es noticia creo a los que les interesaría a los involucrados no a la población. Esto es solo basura.,mx,0,0,0,0,0,3,0,0,0,no manch esto no es notici cre a los que les interes a los involucr no a la poblacion esto es sol basur
6e0d6355f574a783031d257bee2468e4,divorcioEPN,0,Ahora quién será el que se anime a contratar a la scort sexenal @AngelicaROfic ?,mx,0,1,0,0,0,0,0,0,0,ahor quien ser el que se anim a contrat a la scort sexenal [user]
fab4cb5da6ed7297a7661d332604463a,divorcioEPN,0,"Chismosa gente, déjenlos en paz.",mx,0,0,0,0,0,0,0,0,0,chismos gent dejenl en paz
50b4c2fd0224edac98cbdb3d8a17262b,divorcioEPN,0,"De ""Peña"" ajena  Lo más simpático es que Armando Hinojosa,su padrino; fue el principal benefactor del PAN  Pero bueno, seguirán ignorando la relación PRI-PAN los que se enfocan buscarle errores al Peje que si por su Jetta o sus zapatos",mx,0,0,3,0,0,0,0,2,0,de peñ ajen lo mas simpat es que armand hinoj su padrin fue el principal benefactor del pan per buen segu ignor la relacion pri pan los que se enfoc busc error al pej que si por su jett o sus zapat
44143a0ab7d1e0e40c7ab1df22f6799a,divorcioEPN,0,Salio cara la renta!,mx,1,0,0,0,0,0,0,0,0,sali car la rent
65106f4bc8d1844a0fca2ecf4d062d6a,divorcioEPN,0,Jajajajaja Ya No es Presidente!! 🤣😂🤣,mx,2,0,0,3,0,1,0,0,0,jajajajaj ya no es president cara_revolviendose_de_la_ris cara_llorando_de_ris cara_revolviendose_de_la_ris
9ac421bd89a40c4cb0ffd60af1f76136,divorcioEPN,0,Se acabó la novela de seis años. 😂😂,mx,0,0,0,2,0,0,0,0,0,se acab la novel de seis años cara_llorando_de_ris cara_llorando_de_ris
5e423d8bf8b8cca80306ad24cfc79070,divorcioEPN,0,Finalizó el contrato que tenían pactado,mx,0,0,0,0,0,0,0,0,0,finaliz el contrat que ten pact
f36779729fa2ceeaf6fbc5129a73ad9c,divorcioEPN,0,"Que le baje todo el dinero robado y las propiedades, como la francesa a la rata dé Montiel",mx,0,0,0,0,0,0,0,0,0,que le baj tod el diner rob y las propiedad com la frances a la rat de montiel
69173b819e173f962cd7822db4597e38,divorcioEPN,0,"En diciembre casualmente 😒, di la palabra mágica Reforma: contrato!",mx,1,0,0,1,0,0,0,0,0,en diciembr casual cara_de_desaprob di la palabr magic reform contrat
2df8068eb1d085db86a0690845a29e87,divorcioEPN,0,"Se termino.... pero el contrato, le costó carísimo a Mexico el papel de la gaviota.",mx,0,0,0,0,0,0,1,0,1,se termin per el contrat le cost carisim a mexic el papel de la gaviot
b29db7d585e1040752959747a770d65f,divorcioEPN,0,Lo que siempre se supo pero NADIE quiso ver!!! Así como los #Pejezombies #TalCual,mx,3,0,1,0,0,1,1,0,0,lo que siempr se sup per nadi quis ver asi com los pejezombi talcual
3eda923ee7ece9a81ad28d799e52c7c5,divorcioEPN,0,"Se destapa la farsa que alentaron varios medios de comunicación, incluyéndolos a ustedes.",mx,0,0,0,0,0,0,0,0,0,se destap la fars que alent vari medi de comun incluyendol a usted
a737abb7995bb214802eaf647168697d,divorcioEPN,0,"Que Farsa como se prestó la Gaviota que me caía bien , que ejemplo para sus hijos que ya entienden 👎👎",mx,0,0,0,2,0,0,0,0,0,que fars com se prest la gaviot que me cai bien que ejempl par sus hij que ya entiend pulgar_hacia_abaj pulgar_hacia_abaj
3b0c8a451f4e4124d7692283f78febbe,divorcioEPN,0,Todo México sabe que esa pareja era más falsa que Santa Clos y los trofeos del América juntos 😂😂🤣🤣,mx,0,0,0,4,0,0,0,0,0,tod mexic sab que esa parej era mas fals que sant clos y los trofe del amer junt cara_llorando_de_ris cara_llorando_de_ris cara_revolviendose_de_la_ris cara_revolviendose_de_la_ris
75905dee94088acb4d1f402a8e231e7d,divorcioEPN,0,#ULTIMAHORA es lógico en cualquier contrato comercial.,mx,0,0,1,0,0,0,0,0,0,ultimahor es logic en cualqui contrat comercial
c88f49ae2e455b74392a159c8e18c743,divorcioEPN,0,"Jajajajsjaj ponen: ""su amor duró"" como hay gente pendeja que en verdad creyó que hubo ""amor"", se casaron x conveniencia de ambos, para él era budcar la presidencia, para ella era cumplir su sueño de ser primera dama, lo menos que hubo fue amor.",mx,0,0,0,0,0,0,0,4,0,jajajajsjaj pon su amor dur com hay gent pendej que en verd crey que hub amor se cas x convenient de ambos par el era budc la president par ella era cumpl su sueñ de ser primer dam lo men que hub fue amor
f93e11277c17fcedaf21bddd3fd39d89,divorcioEPN,0,"Y quien se quedará con el jonuco llamado ""casa blanca""",mx,0,0,0,0,0,0,0,2,0,y qui se qued con el jonuc llam cas blanc
938e225942c1ca33cbb28af16f1f3a14,divorcioEPN,0,Se acabo el.circo del horror,mx,0,0,0,0,0,0,0,0,0,se acab el circ del horror
aff61a758fcb3f1c5737370c5064e446,divorcioEPN,0,Su amor o su contrato como actriz?,mx,0,1,0,0,0,0,0,0,0,su amor o su contrat com actriz
992f09235835480fd8f598db02a6c55b,divorcioEPN,0,Fue un matrimonio arreglado,mx,0,0,0,0,0,0,0,0,0,fue un matrimoni arregl
d012c8b7b29c4798ab16f38adc21f0e0,divorcioEPN,0,"Así es, y luego usaban el avión presidencial para que la señora se llevará a sus hijos de viaje por europa.",mx,0,0,0,0,0,0,0,0,0,asi es y lueg usab el avion presidencial par que la señor se llev a sus hij de viaj por europ
7efeeb97480f72448f94cc7b0ef6ea04,divorcioEPN,0,"Sólo 6 años. Más que matrimonio, un simple contrato.",mx,0,0,0,0,0,0,0,0,0,sol 6 años mas que matrimoni un simpl contrat
6275b0ab4df502a3b7185bca9c875f17,divorcioEPN,0,"Que siverguenza, destruyó un hogar, disfrutó de ser primera dama y ahora que Peña Nieto no está en la movida, se lo sacude!",mx,1,0,0,0,0,1,0,0,0,que siverguenz destru un hog disfrut de ser primer dam y ahor que peñ niet no esta en la mov se lo sacud
5884e7e2ba4a49f4392c189607f2471c,divorcioEPN,0,gaviotase acabo el encanto,mx,0,0,0,0,0,0,0,0,0,gaviot acab el encant
ef3a97eedd0d5d9247ae20d0541720d3,divorcioEPN,0,Eso se sabia desde el principio,mx,0,0,0,0,0,0,0,0,0,eso se sabi desd el principi
adb79b06c0d6138e873652f117e3cb20,divorcioEPN,0,Fin de la tenovela. Frido y Sofía!,mx,1,0,0,0,0,0,0,0,0,fin de la tenovel frid y sof
e564a93203aa9cb3c1cf2e024369eac7,divorcioEPN,0,A quien le importa???!,mx,1,3,0,0,0,0,1,0,0,a qui le import
64331554e1818d39de914acd5ee70daa,divorcioEPN,0,Y a mi que ???,mx,0,3,0,0,0,0,1,0,0,y a mi que
c30f873811d4bf4d8ec1b3c4d121c83d,divorcioEPN,0,"Pena ajena de la revista de promocionar una noticia que a Mexico le vale madre porque ya sabía la mentira, más vergüenza que quiera recobrar su dignidad con el comunicado, vergüenza por quedarse callada y pedir un respeto a Mexico cuando no se lo ganó! Que les pasa  a los medios?",mx,1,1,0,0,0,1,0,0,0,pen ajen de la revist de promocion una notici que a mexic le val madr porqu ya sab la mentir mas vergüenz que quier recobr su dignid con el comunic vergüenz por qued call y ped un respet a mexic cuand no se lo gan que les pas a los medi
f2119c90c9b5a1368d1f920262058c95,divorcioEPN,0,"Jajajaj ideay vos, yo si sigo casada 😅",mx,0,0,0,1,0,0,0,0,0,jajajaj ideay vos yo si sig cas cara_sonriendo_con_sudor_fri
251adda87cce2496240fa82c56f49d96,divorcioEPN,0,A quién le interesa esa noticia. ??,mx,0,2,0,0,0,0,0,0,0,a quien le interes esa notici
8030cbbce3383a0fb429787eadb4be76,divorcioEPN,0,"Contratada por 8 años para actuar, valió la pena?",mx,0,1,0,0,0,0,0,0,0,contrat por 8 años par actu val la pen
e9ccf4f5077cdc8d1f2ea92407091887,divorcioEPN,0,"Contrataron una dama bonita sin cerebro para compañía de 6 años a nuestros corrupto expresidente, esto no es novedad se sabía desde hace 2 años sólo esperábamos la formalización ... @EPN",mx,0,0,1,0,0,2,1,0,1,contrat una dam bonit sin cerebr par compañ de 6 años a nuestr corrupt expresident esto no es noved se sab desd hac 2 años sol esper la formaliz [user]
4e78716ab95c2cde91c26cf57f962322,divorcioEPN,0,Hay que investigarla por delincuencia organizada familiar y corrupción! Esta “mujer” no merece respeto alguno!,mx,2,0,0,0,0,1,0,2,0,hay que investig por delincuent organiz famili y corrupcion esta muj no merec respet algun
e800c9a15a5c514fc98ae0aef4982fdb,divorcioEPN,0,@josephbenedit1 es tu oportunidad de brillar 💅🏼,mx,0,0,0,2,0,0,0,0,0,[user] es tu oportun de brill pintarse_las_uñas_tono_de_piel_claro_medi
c7d969c2dd07060f61717960d031463f,divorcioEPN,0,"Amiga, las obras de arte, se robaron las cortinas, los cubiertos y hasta los focos. Parece mentira pero no lo es.",mx,0,0,0,0,0,1,0,0,0,amig las obras de arte se rob las cortin los cubiert y hast los foc parec mentir per no lo es
143b95c0a0326ed71810f08c1040ba74,divorcioEPN,0,"era de esperar, así como nos vieron las caras durante 6 años.",mx,0,0,0,0,0,0,0,0,0,era de esper asi com nos vieron las car durant 6 años
784c394ec28a4a71c791cf8cd15fb928,divorcioEPN,0,Se termina el alquiler y la farsa y claro bien lo pagada,mx,0,0,0,0,0,0,0,0,0,se termin el alquil y la fars y clar bien lo pag
a1eb01e529956327a8a3f7a11232895a,divorcioEPN,0,Su amor duro lo que le duró el poder al fulano o no ?,mx,0,1,0,0,0,1,0,0,0,su amor dur lo que le dur el pod al fulan o no
7b4fa65bffc23aee4a1229414325b2a4,divorcioEPN,0,"Yo no le llamaría divorcio , le llamaría término de contrato.",mx,0,0,0,0,0,1,0,0,0,yo no le llam divorci le llam termin de contrat
56f3aa3ed9612dbbdca6121cd8b72f3b,divorcioEPN,0,"Me importa madres!!! Yo Amlo, y éste par de 💩💩🐀🐀 alv.",mx,3,0,0,4,0,0,1,0,0,me import madr yo amlo y este par de caca_con_oj caca_con_oj rat rat alv
53d7c10175250fb9a0f38337e2ce8ac9,divorcioEPN,0,"Sigues tv notas ??? Saca algo mejor cómo saber quien vendió la planta de hidrógeno en refinería madero ,no estás babosadas",mx,0,3,0,0,0,1,1,0,0,sig tv not sac algo mejor com sab qui vend la plant de hidrogen en refin mader no estas bab
edba88ea297dee6a1f65f56c8a5c76f7,divorcioEPN,0,"No nos importa su vida, divorcio y muerte, pero si importa que regrese lo que se ROBÓ de los PINOS, obras de arte y hasta los trastes junto con vajillas y cubiertos... Bola de Ratas",mx,0,0,2,0,0,1,1,0,1,no nos import su vid divorci y muert per si import que regres lo que se rob de los pin obras de arte y hast los trast junt con vajill y cubiert bol de rat
6fcaeec5af394be957363c3fd4b16e8b,divorcioEPN,0,Se acabo el contrato de 6 años con la vedette.,mx,0,0,0,0,0,0,0,0,0,se acab el contrat de 6 años con la vedett
c35c670b1b4027d99a688c2fa922c7ea,divorcioEPN,0,Todos lo sabíamos desde el sexenio pasado,mx,0,0,0,0,0,0,0,0,0,tod lo sab desd el sexeni pas
2f427e44766ef6a78c57455d337346d1,divorcioEPN,0,¿Y como se puede #Mx divorcio de esta política de telenovela?,mx,0,2,0,0,0,0,0,0,0,y com se pued mx divorci de esta polit de telenovel
92cbf4eedc56bd61762eca1e7ec63e49,divorcioEPN,0,"A esta tipa le duró el amor mientras le saco lo que pudo, se acabó la torta y es hora te a de buscar otra billetera más gorda, porque ese acabo jodido y mucho del fracaso de su gobierno se lo  debe a ella.",mx,0,0,0,0,0,0,0,0,0,a esta tip le dur el amor mientr le sac lo que pud se acab la tort y es hor te a de busc otra billeter mas gord porqu ese acab jod y much del fracas de su gobiern se lo deb a ella
eb9f294bf9d3a10ca17df2a2480f604f,divorcioEPN,0,"Mentira tras mentira, según ya estaban divorciados, si no es así, doloroso, pero le pudieron el cuerno.",mx,0,0,0,0,0,1,0,0,0,mentir tras mentir segun ya estab divorci si no es asi dolor per le pud el cuern
df1e4fc0a972088c43a114fff0beae81,divorcioEPN,0,"se termina la telenovela de horror producida por televisa, su escort termino su contrato.",mx,0,0,0,0,0,0,0,0,0,se termin la telenovel de horror produc por televis su escort termin su contrat
6e173bf29306a12f4b1d9ea50617df95,divorcioEPN,0,"Buena respuesta, se hacen ricos a costilla de todos los mexicanos",mx,0,0,0,0,0,0,0,0,0,buen respuest se hac ric a costill de tod los mexican
b0142c6d14c52891ce2d5b3f2659d471,divorcioEPN,0,"Se acabó el contrato de 6 años con Televisa, ya sabiamos, y como pago La Casa Blanca, buen business.",mx,0,0,0,0,0,0,0,0,0,se acab el contrat de 6 años con televis ya sabi y com pag la cas blanc buen business
bf2dc92a9935b28b611b65a225f17056,divorcioEPN,0,"Asco .. que me importa! Sería mejor ""Ala cárcel a este par de ratas "" ese día fiesta Nacional!!",mx,3,0,0,0,0,0,0,2,0,asco que me import ser mejor ala carcel a este par de rat ese dia fiest nacional
ec408c10c833c7716d4e2e326b864269,divorcioEPN,0,"Y pensar que para hacer su farsa más creíble y  lograr las simpatía del pueblo y ganar la elección en 2012 ,destruyeron la vida de un Sacerdote, que pena .",mx,0,0,0,0,0,0,0,0,0,y pens que par hac su fars mas creibl y logr las simpat del puebl y gan la eleccion en 2012 destru la vid de un sacerdot que pen
4e47d981ad5f6dfcbd5c594ec7d1d2d4,divorcioEPN,0,Jajajajajaja pues si para lo que la contrataron se terminó el 1 de dic No mejor dicho el último de noviembre pues el primero ya ni al cambio de poderes asistió,mx,0,0,0,0,0,2,0,0,0,jajajajajaj pues si par lo que la contrat se termin el 1 de dic no mejor dich el ultim de noviembr pues el primer ya ni al cambi de poder asist
e562889185ba8a6c59093cc1bc8949bb,divorcioEPN,0,Cómo todas las novelas que hacen en Televisa bien chafas,mx,0,0,0,0,0,0,0,0,0,com tod las novel que hac en televis bien chaf
83aa65edd31d5caddd5bcdc70caaa41e,divorcioEPN,0,Fue solo el vencimiento de su contrato con EPN...,mx,0,0,1,0,0,0,1,0,1,fue sol el vencimient de su contrat con epn
ed6396a858570c05dd20797653556b23,estanciasInfantiles,1,"“Acompleto” dijo la esperanza de México... seño, mejor COMPLETE su léxico y después dedíquese a hacer álbumes.",mx,0,0,1,0,0,0,1,2,1,acomplet dij la esper de mexic señ mejor complet su lexic y despues dediques a hac album
cf8451d906cf771b9c00db6e26363324,estanciasInfantiles,1,Pero de dónde sacaron a toda esta estrafalaria fauna longeva?? 🤔,mx,0,2,0,1,0,0,0,0,0,per de dond sac a tod esta estrafalari faun longev cara_pens
e250f5cf413a5a93c9c4d9d0050d37a6,estanciasInfantiles,1,"Si no fuera porque viene de alguien de "" la cuarta transformación "" me sorprendería. Quizá algunos nos equivocamos al subestimar la estupidez.",mx,0,0,0,0,0,1,0,2,0,si no fuer porqu vien de algui de la cuart transform me sorprend quiz algun nos equivoc al subestim la estupidez
a36a4a11e6b029eccfbc3b3a21c8ed3a,estanciasInfantiles,1,"Jajaja, ya los imagino, unos haciendo inmensas filas y otros pagando en efectivo cada mes... Bienvenido 1977!! @lopezobrador_ vamos bien",mx,2,0,0,0,0,0,1,0,1,jajaj ya los imagin unos hac inmens fil y otros pag en efect cad mes bienven 1977 [user] vam bien
59c0b1e4c6dc3772d8f51fca14a38ff3,estanciasInfantiles,1,"Es verdad que unos no tienen abuela, y otros no tienen madre, aunque la tengan. 🤔",mx,0,0,0,1,0,2,0,0,0,es verd que unos no tien abuel y otros no tien madr aunqu la teng cara_pens
489842e659cc83070f45cf73cc42156f,estanciasInfantiles,1,"Con que haciendo notas irónicas al estilo del deforma eh? Jajajajajaja, se volaron la barda😂😂😂.............¿como?.........¿que es real?",mx,0,5,0,3,0,0,3,0,7,con que hac not iron al estil del deform eh jajajajajaj se vol la bard cara_llorando_de_ris cara_llorando_de_ris cara_llorando_de_ris com que es real
d771810d1f910a4211788ea0ff63090a,estanciasInfantiles,1,"Gabinete completo váyase a cuidar a sus nietos , no nos importa que los hechen a perder , pero a México no lo desgobiernen bola de ineptos , mentirosos.",mx,0,0,0,0,0,2,0,0,0,gabinet complet vay a cuid a sus niet no nos import que los hech a perd per a mexic no lo desgobiern bol de inept mentir
9eae1ce1fc1a2a206ad7f31ba7b21b6b,estanciasInfantiles,1,Cuál es el HT que aplica para este animal?  Informen porfa  Mientras este se me ocurre #UrzuaEstasPendejo,mx,0,1,0,0,0,0,0,0,0,cual es el ht que aplic par este animal inform porf mientr este se me ocurr urzuaestaspendej
2f1abe8b719306fea43db714ab6be188,estanciasInfantiles,1,Entonces tendrán que nombrar al nuevo gabinete en los próximos días jajajja 🤣👵🧓,mx,0,0,0,3,0,0,0,0,0,entonc tendran que nombr al nuev gabinet en los prox dias jajajj cara_revolviendose_de_la_ris ancian persona_mayor
f0edc368e4c4aaf15170aad015135f71,estanciasInfantiles,1,"Y mañana sale López a decir que tiene otros datos, a culpar a la Mafia del poder™ y a los fifís que usan estancias infantiles...",mx,0,0,0,1,0,0,1,0,1,y mañan sal lopez a dec que tien otros dat a culp a la mafi del pod simbolo_de_marca_comercial y a los fif que usan estanci infantil
afc9149ccb3a990865f9b91542e20410,estanciasInfantiles,1,El que parecía el más centrado 🤦‍♂️,mx,0,0,0,2,0,0,0,0,0,el que parec el mas centr hombre_con_la_mano_en_la_frent
2ae7451836b1591d050d3efba4cb0837,estanciasInfantiles,1,Entonces que todos los viejos que conforman el gabinete de AMLO se vallan a cuidar a sus nietos!!!,mx,3,0,1,0,0,0,1,0,0,entonc que tod los viej que conform el gabinet de amlo se vall a cuid a sus niet
dd091b690d6a034564f0a02b24277f87,estanciasInfantiles,1,"Bajo esa lógica, no se que hace la mayoría del gabinete, en el gabinete. Deberían estar disfrutando de sus nietos. 🙄",mx,0,0,0,1,0,1,0,0,0,baj esa logic no se que hac la mayor del gabinet en el gabinet deb estar disfrut de sus niet cara_con_ojos_en_blanc
9a4147d70ef932901dfe75d14faec89e,estanciasInfantiles,1,Son tan “ brillantes “ estos 2 ancianitos .. que pena que no tengan madre ni abuela ah ni cerebro  Gobierno de 4ta 😖 pobre país,mx,0,0,0,1,0,3,0,2,0,son tan brillant estos 2 ancianit que pen que no teng madr ni abuel ah ni cerebr gobiern de 4ta cara_de_frustr pobr pais
c928e615c80d881ff632244dfa6c4e7f,estanciasInfantiles,1,"¿Algo más que quieras agregar, o esa es la única burrada que ibas a decir?",mx,0,2,0,0,0,0,0,0,0,algo mas que quier agreg o esa es la unic burr que ibas a dec
559f7c319c9590ef244d4a174fd68a93,estanciasInfantiles,1,"N’ombre, esos de la Transformación de Cuarta son unos genios.",mx,0,0,0,0,0,0,0,1,0,n ombre esos de la transform de cuart son unos geni
84e756e7cc2d2428e025b68bac6fd315,estanciasInfantiles,1,La estupidez de la semana.  Perdón falta el  viernes y con ests 4a de seguro sacan otra,mx,0,0,0,0,0,0,0,0,0,la estupidez de la seman perdon falt el viern y con ests 4a de segur sac otra
8ede8ac189b57bb6048e6b95b1261c11,estanciasInfantiles,1,Jajajajajajajaja se la maman con sus respuestas tenemos políticos de 4ta,mx,0,0,0,0,0,0,0,0,0,jajajajajajajaj se la mam con sus respuest ten polit de 4ta
00285e46a4f4eb1583a8bed52dcfd09b,estanciasInfantiles,1,Esto no es un gobierno! Es un psiquiátrico 🤦🏻‍♀️😳,mx,1,0,0,4,0,1,0,0,0,esto no es un gobiern es un psiquiatr mujer_con_la_mano_en_la_frente_tono_de_piel_clar cara_sonroj
f4efe2cdff2162cb3c46a621e4c857c6,estanciasInfantiles,1,Lastima! Porque parece que tu no tienes 😂😂,mx,1,0,0,2,0,1,0,0,0,lastim porqu parec que tu no tien cara_llorando_de_ris cara_llorando_de_ris
94c63b7da257e2bef7dbdf42297064f7,estanciasInfantiles,1,Y si los abuelitos ya se murieron? jajajajja pinches asnos de la 4T,mx,0,1,0,0,0,0,0,0,0,y si los abuelit ya se mur jajajajj pinch asnos de la 4t
19b2a9532b99d4fdd76342f6fea83996,estanciasInfantiles,1,Ocurrencia número 100 en 2 meses de gobierno. Saldo de ésta #Transformacionde4ta,mx,0,0,0,0,0,0,0,0,0,ocurrent numer 100 en 2 mes de gobiern sald de esta transformacionde4t
fa08befc7fb2acbe98ff9bc72b922039,estanciasInfantiles,1,Se seguirán perdiendo empleos Bravo inteligente presidente es sorprendente tanta estupidez en un cerebro tan pequeño,mx,0,0,0,0,0,0,0,0,0,se segu perd emple brav inteligent president es sorprendent tant estupidez en un cerebr tan pequeñ
03c25c67f5b46ce315cd5c71f40ec187,estanciasInfantiles,1,"pero no es idea del presi, es una REALIDAD pues que a poco viven en Jupiter?? ora si que hasta la pregunta es necia!!",mx,2,2,1,0,0,1,0,0,0,per no es ide del presi es una realid pues que a poc viv en jupit ora si que hast la pregunt es neci
69048568d59aced15f143832d9b5a72a,estanciasInfantiles,1,"La estupidez no tiene límite, y esto apenas comienza. 😠",mx,0,0,0,1,0,1,0,0,0,la estupidez no tien limit y esto apen comienz cara_enfad
bcf0427077db60a31ef98df37b9ff634,estanciasInfantiles,1,Y yo le preguntaría a este pendejo... Y yo por qué.? ( tengo 5 nietos )...,mx,0,1,0,0,0,0,2,0,2,y yo le pregunt a este pendej y yo por que teng 5 niet
5fbb40a775a54dba98c80b9801faea13,estanciasInfantiles,1,"Con ud sería un martirio, tronándoles los dedos",mx,0,0,0,0,0,0,0,0,0,con ud ser un martiri tron los ded
2061144fa1d427fb698e6a82253b1518,estanciasInfantiles,1,Los dos que aparecen en la foto ya renunciaron? Para ir a cuidar a sus nietos.,mx,0,1,0,0,0,0,0,0,0,los dos que aparec en la fot ya renunci par ir a cuid a sus niet
1b00b534dae9170db1e5e9fb9cc2993f,estanciasInfantiles,1,Ayyy noooo las brujas 🧙‍♀️ son lindas Esta es una #*€%¥£€*^€%#~{}&lt;}|,mx,0,0,0,2,0,0,2,0,0,ayy noo las bruj mag son lind esta es una lt
05e0e4d36ace0d95ce951ddaa517edb0,estanciasInfantiles,1,"Empezando por el AMLO, que ponga el ejemplo y se vaya a cuidar a sus nietos!!!",mx,3,0,1,0,0,0,1,0,0,empez por el amlo que pong el ejempl y se vay a cuid a sus niet
5c38fac050415c2c9f675f80c334153b,estanciasInfantiles,1,"No puedo creerlo, mi perro tiene más criterio que todo el gobierno de Obrador.",mx,0,0,0,0,0,1,0,0,0,no pued cre mi perr tien mas criteri que tod el gobiern de obrador
e064bd3ab1631514426ff1530d573083,estanciasInfantiles,1,Ojalá lo apliquen sus hijos con el. 🤣🤣🤣,mx,0,0,0,3,0,0,1,0,0,ojal lo apliqu sus hij con el cara_revolviendose_de_la_ris cara_revolviendose_de_la_ris cara_revolviendose_de_la_ris
5a7da90e73cecbaeeecfccc5d7f16005,estanciasInfantiles,1,"Jajajajaja, seeeee. Con un argumentazo, ¿no? Chin.",mx,0,2,0,0,0,1,1,0,0,jajajajaj see con un argumentaz no chin
b2eda337f967a30a25c80cb0a672993f,estanciasInfantiles,1,No mames... que miedo que estén l frente del país... están dementes,mx,0,0,0,0,0,1,2,0,2,no mam que mied que esten l frent del pais estan dement
e98ed10e3fce46470261d680d0254276,estanciasInfantiles,1,"Quien soy❓Roban gasolina-cierro gasolineras=quiebro medio #Mexico #EstanciasInfantilesSí hay corrupción,pasó a fregar a madres q Si trabajan No era más fácil censo Estancia X Estancia Va a dar $1600 al mes Cuánto le paga @GobiernoMX a su servicio doméstico❓más d $1600 semanales",mx,0,0,0,2,0,1,0,0,0,qui soy interrogacion_roj rob gasolin cierr gasoliner quiebr medi mexic estanciasinfantiless hay corrupcion pas a freg a madr q si trabaj no era mas facil cens estanci x estanci va a dar 1600 al mes cuant le pag [user] a su servici domest interrogacion_roj mas d 1600 semanal
f608b5f2820def58844c01cc4ca68a7f,estanciasInfantiles,1,"Ya me lo imagino a el dejando su puesto en la SHCP, para cuidar de sus nietos.",mx,0,0,1,0,0,0,0,0,0,ya me lo imagin a el dej su puest en la shcp par cuid de sus niet
266236420f8ed11d06ab5f18fc60d914,estanciasInfantiles,1,"A propósito de no tener abuela, Denise, ya puedes iluminarnos acerca de la visita del venezolano terrorista traído por tus amigos panistas? Digo, pa' dormir en paz.",mx,0,1,0,0,0,1,0,1,0,a proposit de no ten abuel denis ya pued ilumin acerc de la visit del venezolan terror traid por tus amig panist dig pa dorm en paz
3f4bd35396be93202b24f567f4fa3e7a,estanciasInfantiles,1,Como los niños no votan ! Pero sus papás si!,mx,2,0,0,0,0,1,0,0,0,com los niñ no vot per sus papas si
535fa5d1fe2e864574e6888533f9ec22,estanciasInfantiles,1,"Excelente!!! Con ésto, acompleto mi álbum jajajajajajaja",mx,3,0,0,0,0,0,1,0,0,excelent con esto acomplet mi album jajajajajajaj
52c7420c488fba0e1d5925c574dd26a4,estanciasInfantiles,1,Pues no te creas que es tan jovencita 🤷‍♀️😣,mx,0,0,0,3,0,1,0,0,0,pues no te cre que es tan jovencit mujer_encogida_de_hombr cara_desesper
2a392728ada4959c879c2545087ae1c3,estanciasInfantiles,1,Entonces en cada privado de los secretarios de este gabinete que todos son unos abuelos les van a adecuar una guardería junto a sus privados para que cuiden a sus nietos? Por que todos los de la transformación de 4T son muy ancianos con demencia senil!!,mx,2,1,0,0,0,0,0,0,0,entonc en cad priv de los secretari de este gabinet que tod son unos abuel les van a adecu una guard junt a sus priv par que cuid a sus niet por que tod los de la transform de 4t son muy ancian con demenci senil
c9fa3faf5d8ff3b4e2db123ec12f4435,estanciasInfantiles,1,"Mi suegra ya está preparado su guardería!!! 5 hijos con 3 nietos cada uno. 15x1600=24,000 mensuales sería un buen negocio, gracias. Presidentito!!!",mx,6,0,0,0,0,0,3,0,0,mi suegr ya esta prepar su guard 5 hij con 3 niet cad uno 15x1600 24 00 mensual ser un buen negoci graci presidentit
d2e0c6f00b6a55993257983a87d343fa,estanciasInfantiles,1,🤣😂🤣😂 Estos Señores d la 4ta si que son de 4ta 🤣😂🤣😂,mx,0,0,0,8,0,0,0,0,0,cara_revolviendose_de_la_ris cara_llorando_de_ris cara_revolviendose_de_la_ris cara_llorando_de_ris estos señor d la 4ta si que son de 4ta cara_revolviendose_de_la_ris cara_llorando_de_ris cara_revolviendose_de_la_ris cara_llorando_de_ris
cad16021617d6a33988903b8be3dddab,estanciasInfantiles,1,@lopezobrador_  y entonces qué haces en la presidencia corre a cuidar a tus enjendros. Solo para eso sirve el JURÁSICO GABINETE !!!,mx,3,0,2,0,0,0,1,0,0,[user] y entonc que hac en la president corr a cuid a tus enjendr sol par eso sirv el juras gabinet
725cb0b4c23b736707aaf8f7067a2271,estanciasInfantiles,1,Cada vez se confirma más estos MORENOS van pendejada tras pendejada,mx,0,0,1,0,0,0,0,0,0,cad vez se confirm mas estos moren van pendej tras pendej
ba0d008cf54c7c09bb25a29a43012a5c,estanciasInfantiles,1,"Ah que la gerontocracia, salió más perversa o más pend...",mx,0,0,0,0,0,0,1,0,1,ah que la gerontocraci sal mas pervers o mas pend
f7010d500e63df9690e28b1a6e2c31ef,estanciasInfantiles,1,Si como no!!!.. sobretodo por la gran fuerza física que tienen los abuelos!!.. que estupido este Sr Carlos Urzua!!.,mx,7,0,0,0,0,1,1,0,0,si com no sobretod por la gran fuerz fisic que tien los abuel que estup este sr carl urzu
63ab47cfe323a817200623a2f6c8ce3e,estanciasInfantiles,1,"Brillante idea. Los abuelos que cuiden a los niños, las mamás que hablen con sus hijos para que se porten bien. Mientas tanto #MamadoNervo y PH en USA...México primer Mundo, gracias @lopezobrador_ 👍🏻",mx,0,0,1,2,0,0,1,0,1,brillant ide los abuel que cuid a los niñ las mamas que habl con sus hij par que se port bien mient tant mamadonerv y ph en usa mexic prim mund graci [user] pulgar_hacia_arriba_tono_de_piel_clar
da9d230ba137a5017af44d8ff1e74f4a,estanciasInfantiles,1,Osea es neta? De verdad que pasa? Y como porque los abuelos después de cuidarnos abrían de volver a cuidar chamacos? que le pasa este Dr. Chapatin (Obrador) de verdad cree que esta en la vecindad del chavo!! Es terrible tenerlo de presidente!!,mx,4,3,0,0,0,0,0,0,0,ose es net de verd que pas y com porqu los abuel despues de cuid abri de volv a cuid chamac que le pas este dr chapatin obrador de verd cre que esta en la vecind del chav es terribl ten de president
9e2632444331544b024753f55094fb48,estanciasInfantiles,1,"Por qué no va señor Carlos a cuidar a sus nietos mejor, yo le doy ese dinero con tal de que deje de ser ocurrente... en su posición no existen ocurrencias, no sea webon y póngase a hacer su trabajo correctamente analizando afectaciones antes de hacer recortes",mx,0,0,0,0,0,3,1,0,1,por que no va señor carl a cuid a sus niet mejor yo le doy ese diner con tal de que dej de ser ocurrent en su posicion no exist ocurrent no sea webon y pong a hac su trabaj correct analiz afect antes de hac recort
91fdda363e33ab18215b538baa887582,estanciasInfantiles,1,"Estimada, desestimada. No es proyecto, ya lo hacen o acaso no lo sabe? En que paíss cree usted vivir?",mx,0,2,0,0,0,2,0,0,0,estim desestim no es proyect ya lo hac o acas no lo sab en que paiss cre usted viv
353ffee032c9882aa5981a9ca0fc99c5,estanciasInfantiles,1,Pensar que aún faltan 6 años de pendejadas y eso sí el anciano orinado no se quiere reelegir,mx,0,0,0,0,0,1,0,0,0,pens que aun falt 6 años de pendej y eso si el ancian orin no se quier reeleg
796b2cd4c873c5a9380a292111707884,estanciasInfantiles,1,"Si, últimamente es su mayor acierto: dar risa.",mx,0,0,0,0,0,0,0,0,0,si ultim es su mayor aciert dar ris
6675b38cb2c68137309c7b3632bec2c7,estanciasInfantiles,1,"Entonces que Porfirio, Jimenez Espriu y compañía se vayan a su casa a cuidar a sus nietos",mx,0,0,0,0,0,0,0,0,0,entonc que porfiri jimenez espriu y compañ se vay a su cas a cuid a sus niet
3c80d045c4d23fb844c6331be67e7f56,estanciasInfantiles,1,Ya me imagino a las mamás luchonas de peda con el $ de las instancias,mx,0,0,0,0,0,0,0,0,0,ya me imagin a las mamas luchon de ped con el de las instanci
cbd9f979f1d9662d82516672b2445624,estanciasInfantiles,1,Ya no se si Chumel tomó esta cuenta o viceversa. Cada vez se parecen más.,mx,0,0,0,0,0,1,0,0,0,ya no se si chumel tom esta cuent o vicevers cad vez se parec mas
6e2a12b4b606f1311d4e9afed52a9c4f,estanciasInfantiles,1,"Por eso tienes soledad mental ""aguela solitaria""",mx,0,0,0,0,0,0,0,2,0,por eso tien soled mental aguel solitari
0b67f5deb3ea10f6f4b64af4c58a9761,estanciasInfantiles,1,"Que te da risa pedorra @DeniseDresserG??? El logo del Gobierno de México, o el hecho de que no cabes en la #4T?",mx,0,4,0,0,0,1,1,0,0,que te da ris pedorr [user] el log del gobiern de mexic o el hech de que no cab en la 4t
f99fce8717c6c914c0f60b64345475e2,estanciasInfantiles,1,"Que alguien le@ponga a este anciano un papel de aluminio en la cabeza , no lo vallan a abducir los extraterrestres.",mx,0,0,0,0,0,1,0,0,0,que algui le[user] a este ancian un papel de alumini en la cabez no lo vall a abduc los extraterrestr
b5f88d963e166bd785ebaced2e834df2,estanciasInfantiles,1,"Increible este tipo de comentarios, gabinete de kermesse",mx,0,0,0,0,0,0,0,0,0,increibl este tip de comentari gabinet de kermess
64a9f3805a1d1309c5294c94e7240686,estanciasInfantiles,1,"Ten cuidado, por la edad pudieras tener una crisis de incontinencia.",mx,0,0,0,0,0,0,0,0,0,ten cuid por la edad pud ten una crisis de incontinent
94ecc9991f5350979a694fa47552de2d,estanciasInfantiles,1,Lo que no sabe el PRESI es que hay quienes nunca tuvieron abuela 👀 ¿verdad @DeniseDresserG ?,mx,0,2,1,1,0,2,0,0,0,lo que no sab el presi es que hay quien nunc tuv abuel ojos verd [user]
0c41215de9c4754696376b0f536eb458,estanciasInfantiles,1,"Ideas 100% de militantes de morena , no podemos esperar menos , no les alcanza para más",mx,0,0,0,0,0,2,0,0,0,ide 100 de milit de moren no pod esper men no les alcanz par mas
c59cce275ad6e51b77a37d8f9162813d,estanciasInfantiles,1,Habrá algún día donde esta bola de macuarros no salga con una jalada ? Se turnan para regarla.,mx,0,1,0,0,0,1,0,0,0,habr algun dia dond esta bol de macuarr no salg con una jal se turn par reg
6dce98b6a90bc37167c2d5003f31c894,estanciasInfantiles,1,"Los niños y sus mamás a la chingada, lo único que le importa a @lopezobrador_ es @lopezobrador_ .",mx,0,0,0,0,0,0,0,0,0,los niñ y sus mamas a la ching lo unic que le import a [user] es [user]
c0226f78c88250f29ba902ebe08c5f6d,estanciasInfantiles,1,"Señor Mio y Dios Mio, cuanto le pagamos a este tipo para que nos deslumbre con lo brillante de sus ideas? Si no es capaz de aportar algo inteligente para el beneficio de las familias mexicanas, retírese a un Samborns a compartir ideas estúpidas con sus cuates.",mx,0,1,0,0,0,1,0,0,0,señor mio y dios mio cuant le pag a este tip par que nos deslumbr con lo brillant de sus ide si no es capaz de aport algo inteligent par el benefici de las famili mexican retires a un samborns a compart ide estup con sus cuat
2dcf2c1a3465791dc04b0ce046c9dfc9,estanciasInfantiles,1,"Ja, ja, ja, ja, ja, tonto y retonto le quedaron cortos.",mx,0,0,0,0,0,0,0,0,0,ja ja ja ja ja tont y retont le qued cort
41201b1f2f2825aefe1f7d8a90e137d7,estanciasInfantiles,1,"Ja ja ja ja... muy buena: ""Chumel Dresser"" o Denisse Torres""",mx,0,0,0,0,0,0,1,3,1,ja ja ja ja muy buen chumel dress o deniss torr
798cc131dcf66f90c3dcf003ba2f47ed,estanciasInfantiles,1,Que este abuelo ya se vaya mucho a ...su rancho.,mx,0,0,0,0,0,0,1,0,1,que este abuel ya se vay much a su ranch
f9c373e74985296f11e60639eb665679,estanciasInfantiles,1,Ahora el pueblo bueno tendrá dinero para alcohol y drogas al por mayor.,mx,0,0,0,0,0,0,0,0,0,ahor el puebl buen tendr diner par alcohol y drog al por mayor
9902fabd86750f176a846cee2b886c98,estanciasInfantiles,1,Urzúa a ti te tocaría cuidar a tus nietos !!!,mx,3,0,0,0,0,0,1,0,0,urzu a ti te toc cuid a tus niet
75c0efb453949ba45765eb1ba210dc78,estanciasInfantiles,1,Sr Urzua por Favor!! hay Niños que ya no tienen Abuela... como Ud Comprendera,mx,2,0,0,0,0,1,1,0,1,sr urzu por favor hay niñ que ya no tien abuel com ud comprender
94ce2dd0fe03dda8e53f166f2a7be090,estanciasInfantiles,1,Es neta???? Señor Urzua mejor ya váyase a su casa junto con más de la mitad del gabinete de AMLO.,mx,0,4,1,0,0,0,1,0,0,es net señor urzu mejor ya vay a su cas junt con mas de la mit del gabinet de amlo
0c88148dba94e502683ffd110a8463e3,estanciasInfantiles,1,Que tipo. Como es posible que un Secretario de Estado pueda dar ese consejo. Que el cuide a sus nietos,mx,0,0,0,0,0,0,0,0,0,que tip com es posibl que un secretari de estad pued dar ese consej que el cuid a sus niet
391a1c6d9d5da77deb654c9d817fd580,estanciasInfantiles,1,"Caray, parece que la pendejez es contagiosa ¡Lástima que no duela!",mx,2,0,0,0,0,1,0,0,0,caray parec que la pendejez es contagi lastim que no duel
296b97aca98a7ff066356f4d23c42004,estanciasInfantiles,1,Perdon ser nos olvidaba que usted nunca ha tenido abuela.,mx,0,0,0,0,0,1,0,0,0,perdon ser nos olvid que usted nunc ha ten abuel
a2ea061cad62c9087c604658b91db65f,estanciasInfantiles,1,Que contraten a todo el Gabinete que bien cumplen con el requisito de ser viejitos no falte el respeto,mx,0,0,0,0,0,1,0,0,0,que contrat a tod el gabinet que bien cumpl con el requisit de ser viejit no falt el respet
560c8e038669b665c0a0188abe1107cc,estanciasInfantiles,1,Pensé que era nota del deforma...,mx,0,0,0,0,0,0,1,0,1,pens que era not del deform
427a72d27f2a7c78a8ab1289d8959f4c,estanciasInfantiles,1,Estábamos mejor cuando estábamos peor.  #OPCmxVsAmlo,mx,0,0,0,0,0,0,0,0,0,estab mejor cuand estab peor opcmxvsaml
994865cae90d53a89b419b9f2ccfe01e,estanciasInfantiles,1,Y qué sigue después? Me van a dar el sueldo del policía para que yo me cuide de los ladrones? O el que se gasta para que llegue el agua a mi casa para que yo vaya por ella?,mx,0,3,0,0,0,0,0,0,0,y que sig despues me van a dar el sueld del polic par que yo me cuid de los ladron o el que se gast par que lleg el agu a mi cas par que yo vay por ella
78d72da5ba26cd542ef4e9ec05f9e932,estanciasInfantiles,0,"Si van a dar dinero por cuidar, qué caso tiene quitar presupuesto o guarderías, no entiendo...  O es solo asegurar clientela política??  Creo que es criminal use recursos para fines políticos..  Un día tendrá lópez, juicio político",mx,0,2,0,0,0,1,1,0,1,si van a dar diner por cuid que cas tien quit presupuest o guard no entiend o es sol asegur clientel polit cre que es criminal use recurs par fin polit un dia tendr lopez juici polit
38cf454a36c9bb64e2ceb6c4eba22a0e,estanciasInfantiles,0,El chairo solo tiene amor a AMLO,mx,0,0,1,0,0,0,0,0,0,el chair sol tien amor a amlo
cd4f30c4ba94f043017228d387ddc327,estanciasInfantiles,0,Las abuelas ya están cansadas no todas tienen depa en Houston,mx,0,0,0,0,0,1,0,0,0,las abuel ya estan cans no tod tien dep en houston
8b53e55ba5cb6d712d3c50e2d16fbb03,estanciasInfantiles,0,"Dios libreme que me cuide mi abuela, no le deseo a nadie el infierno que sufrimos yo y mi hermana con esa señora.",mx,0,0,0,0,0,2,0,0,0,dios librem que me cuid mi abuel no le dese a nadi el infiern que sufr yo y mi herman con esa señor
5d84afe2786b01a9216f7ed8fb0b8bf5,estanciasInfantiles,0,"Así es, pero a muchos les gusta generalizar y se interesan más por lo que hará individualmente cada persona que reciba este apoyo, pero que los familiares de políticos que han hecho negocio e incurrido en CORRUPCION con las estancias no es relevante.",mx,0,0,1,0,0,1,0,0,0,asi es per a much les gust generaliz y se interes mas por lo que har individual cad person que recib este apoy per que los familiar de polit que han hech negoci e incurr en corrupcion con las estanci no es relev
da79b9537b7df49098c08a70da4fef6c,estanciasInfantiles,0,"Y que hay cuando estás en una ciudad donde no tienes familiares, creo aplican las guarderias, habra que tomarlo en cuenta también",mx,0,0,0,0,0,1,0,0,0,y que hay cuand estas en una ciud dond no tien familiar cre aplic las guarderi habr que tom en cuent tambien
746c129d6a2c8da114da24b0dfb7dc39,estanciasInfantiles,0,"Se nota q los servidores públicos no usan/usaron/ni usarán estancias infantiles. Es un apoyo para el desarrollo de habilidades cognitivas y de socialización en los infantes. Abuelos son para consentir no para desarrollar habilidades. Proponen incongruencias, exponen su ignorancia",mx,0,0,0,0,0,3,0,0,0,se not q los servidor public no usan usaron ni usaran estanci infantil es un apoy par el desarroll de habil cognit y de socializ en los infant abuel son par consent no par desarroll habil propon incongruent expon su ignor
efff6f0bbf66f0f87dfd07c91f12b7fc,estanciasInfantiles,0,La Sra @DeniseDresserG tuitea lo que le dicta su amargura,mx,0,0,0,0,0,0,0,0,0,la sra [user] tuite lo que le dict su amargur
6c79e018c001aaa64081d044b2c0542c,estanciasInfantiles,0,"No se si tienes nietos!! Pero si tienes, segurito te detestan.. sabes que espérame tantito...  deja le hablo a @gibranrr mi estimado encárgate habla con la nefasta de Denise!!! Ubícala...",mx,5,0,0,0,0,1,3,0,2,no se si tien niet per si tien segurit te detest sab que esperam tantit dej le habl a [user] mi estim encargat habl con la nefast de denis ubical
d8abe99de700181caeffb14cd355ce46,estanciasInfantiles,0,"Ojalá este par de viejitos, mejor estuvieran cuidando a sus nietos en las condiciones que se les ocurren, y dejarán su cargo a personas más sensibles a la realidad de los matrimonios modernos!?",mx,1,1,0,0,0,0,0,0,0,ojal este par de viejit mejor estuv cuid a sus niet en las condicion que se les ocurr y dej su carg a person mas sensibl a la realid de los matrimoni mod
609a82a7e5da1e72ea14d4ff3e0fed26,estanciasInfantiles,0,"Mira apátrida, a mí sí me cuidaron mis abuelas y hoy tengo el honor de, ya anciana, cuidarla a ella. Cosas que de seguro no sabes, porque se te nota la amargura de haber sido criada por gente extraña.",mx,0,0,0,0,0,1,0,0,0,mir apatr a mi si me cuid mis abuel y hoy teng el honor de ya ancian cuid a ella cos que de segur no sab porqu se te not la amargur de hab sid cri por gent extrañ
43e1cb6587774897c57029479e4352bc,estanciasInfantiles,0,"Wow, atacando su edad, que clase y falta de originalidad",mx,0,0,0,0,0,0,0,0,0,wow atac su edad que clas y falt de original
cfac169d2d42b7b15acb97feba8b9d54,estanciasInfantiles,0,"Cancelar el apoyo a guarderias y hacer pagos directos a los padres de familia, realmente no tiene nada que ver con supuestos abusos de las guarderias. Es una tactica para crear dependencia economica individualizada con el PEJE y Morena, que a futuro les sera necesaria.",mx,0,0,1,0,0,2,0,0,0,cancel el apoy a guarderi y hac pag direct a los padr de famili realment no tien nad que ver con supuest abus de las guarderi es una tactic par cre dependent econom individualiz con el pej y moren que a futur les ser necesari
4762c1437890c5324bc23a317c8bed53,estanciasInfantiles,0,Necesitas regresar al psiquiátrico.,mx,0,0,0,0,0,0,0,0,0,necesit regres al psiquiatr
5f419d398cdc041b997173a5f31f74e9,estanciasInfantiles,0,De sus peores estupideces,mx,0,0,0,0,0,0,0,0,0,de sus peor estupidec
c2dc58a72bc31ab4de32811fafebbcf6,estanciasInfantiles,0,"Bueno no podemos asegurar que todos estén capacitados, me parece que algunas de las irregularidades son la falta de capacitación del personal y que no contratan a la cantidad de  cuidadores suficientes para los niños",mx,0,0,0,0,0,2,0,0,0,buen no pod asegur que tod esten capacit me parec que algun de las irregular son la falt de capacit del personal y que no contrat a la cantid de cuidador suficient par los niñ
cc5e4e948e5258548625946a13f80915,estanciasInfantiles,0,"A ver sr @CarlosUrzuaSHCP se que no sobresale por inteligente , pero le voy a explicar algo . Los abuelos ya cuidaron a sus propios hijos y los nietos son para disfrutarlos un rato y consentirlos . Y su justificación para el recorte de presupuesto es incoherente y estupida !!!",mx,3,0,0,0,0,1,1,0,0,a ver sr [user] se que no sobresal por inteligent per le voy a explic algo los abuel ya cuid a sus propi hij y los niet son par disfrut un rat y consent y su justif par el recort de presupuest es incoherent y estup
04b1feead25c64d908fd7f12d004a887,estanciasInfantiles,0,Las guarderías no son más k nidos d ratas!!! Niños fantasmas!!!👏👏👏👏👏,mx,6,0,0,5,0,1,3,0,0,las guard no son mas k nid d rat niñ fantasm manos_aplaud manos_aplaud manos_aplaud manos_aplaud manos_aplaud
e2243f0f1d37193733b965e0b58abb3f,estanciasInfantiles,0,"Los niños no pueden votar, pero sus papás y sus abuelos si.  De acuerdo, esto apenas empieza.",mx,0,0,0,0,0,1,0,0,0,los niñ no pued vot per sus papas y sus abuel si de acuerd esto apen empiez
9606f3ab11539b0bf71ad96d38f4220b,estanciasInfantiles,0,"Bueno, creo que aquí hay un malentendido. La idea es burlarse de la torpe decisión del estado, y de ninguna manera es una burla sobre los desafortunados padres e hijos que se quedarán sin el servicio; creo que esa es la correcta interpretación del meme.  Saludos a ambas damas.",mx,0,0,0,0,0,2,0,0,0,buen cre que aqu hay un malentend la ide es burl de la torp decision del estad y de ningun maner es una burl sobr los desafortun padr e hij que se qued sin el servici cre que esa es la correct interpret del mem salud a ambas dam
5a97707456a756ac48270469608d4daa,estanciasInfantiles,0,No pues al rato va a quitar escuelas y le dará los recurso a las familias para dárselo a los ninis; ellos decidirán qué hacer con el dinero o los mantienen y se hacen bandidos o serán ninis de por vida. 🙄😒😣🤦🏻‍♀️,mx,0,0,0,6,0,1,0,0,0,no pues al rat va a quit escuel y le dar los recurs a las famili par darsel a los ninis ellos decid que hac con el diner o los mantien y se hac band o seran ninis de por vid cara_con_ojos_en_blanc cara_de_desaprob cara_desesper mujer_con_la_mano_en_la_frente_tono_de_piel_clar
ddc1723dd2c407f2cf463ec9914f3e0d,estanciasInfantiles,0,ni a favor ni en contra cada quien va a decidir,mx,0,0,0,0,0,2,0,0,0,ni a favor ni en contr cad qui va a decid
5fa1eb7b3d0a99d5924e693fe5f4ec09,estanciasInfantiles,0,"Estospendejos no tienen idea, hablan ídem!!!",mx,3,0,0,0,0,1,1,0,0,estospendej no tien ide habl idem
34e67a5a753aa513435dc1d3ae9ae0b0,estanciasInfantiles,0,"No hay duda que calladitos se ven más bonitos. Una cosa son las políticas y medidas absurdas como ésta, y otras igualmente nefasta las declaraciones de loa funcionarios para “explicar” o “minimizar” las barbaridades.  Una cosa peor que la otra.",mx,0,0,0,0,0,1,0,4,0,no hay dud que calladit se ven mas bonit una cos son las polit y med absurd com esta y otras igual nefast las declar de loa funcionari par explic o minimiz las barbar una cos peor que la otra
1399f3aea6c0467a997025c89bfce807,estanciasInfantiles,0,"A mi si. Muchos de ellos ya estan cansados y les toca disfrutar de su vejez. Que arrogancia y egoísmo el tratar de justificar argumentos pendejos con una generalización apresurada. Si a algunos les gusta, cuando ellos gusten, pues OK. ¡Chido! ¿adjudicarle responsabilidades? NO.",mx,2,2,0,0,0,1,0,0,0,a mi si much de ellos ya estan cans y les toc disfrut de su vejez que arrog y egoism el trat de justific argument pendej con una generaliz apresur si a algun les gust cuand ellos gust pues ok chid adjudic respons no
2ca66b06c12651e43d9ff3723e7919a3,estanciasInfantiles,0,La riegan y cuándo la quieren componer queda igual o peor,mx,0,0,0,0,0,0,0,0,0,la rieg y cuand la quier compon qued igual o peor
8dc53f449ee8f19ac2595c14154314e3,estanciasInfantiles,0,"No tuvo abuela???? O no tiene Abuela, verdad???",mx,0,7,0,0,0,2,2,0,0,no tuv abuel o no tien abuel verd
fcabf057ed184310ed5dec394a6f8ce4,estanciasInfantiles,0,"Es mezquino cancelar programas que ayudan a padres a ser productivos y salir adelante, por mantener a ninis que lo seguirán siendo, Urzúa ¿sabía usted que un porcentaje de ninis lo son por gusto? Es decir, que no les interesa trabajar o estudiar. Lo que hacen por votos a futuro.",mx,0,2,0,0,0,1,0,0,0,es mezquin cancel program que ayud a padr a ser product y sal adel por manten a ninis que lo segu siend urzu sab usted que un porcentaj de ninis lo son por gust es dec que no les interes trabaj o estudi lo que hac por vot a futur
a8c34826d975b9c892c6bba04cc26684,estanciasInfantiles,0,"Tan bien que comenzó, don Carlos. Y ya perdió toda credibilidad. Una pena más cortesía de la transformación de cuarta.",mx,0,0,0,0,0,0,0,0,0,tan bien que comenz don carl y ya perd tod credibil una pen mas cortes de la transform de cuart
5dbf16027186e5781808e3725f4049ff,estanciasInfantiles,0,"Me encantaría poder hacerme cargo de mis nietos y aunque fui maestra durante 20 años de preescolar y primaria, incluso puestos de coordinación y dirección, no creo tener la fuerza física, ni las herramientas materiales para la estimulación  y socialización necesarios",mx,0,0,0,0,0,2,0,0,0,me encant pod hac carg de mis niet y aunqu fui maestr durant 20 años de preescol y primari inclus puest de coordin y direccion no cre ten la fuerz fisic ni las herramient material par la estimul y socializ necesari
4e690cecf6bd1f6669a812d12b379169,estanciasInfantiles,0,"Claro no sera la misma atencion, sera mucho mejor 😁",mx,0,0,0,1,0,1,0,0,0,clar no ser la mism atencion ser much mejor cara_radiante_con_ojos_sonrient
a2711982b1a1b9003ef8e175fc7ed5a7,estanciasInfantiles,0,"No es la misma educación que recibirían los niños, los abuelos los amamos pero en guardería hay personas dedicadas y especializada en actividades diversas y alimentación, lo digo por experiencia , mis hijos fueron llevados a guardería y es una ayuda,tranquilidad y rendimos más en",mx,0,0,0,0,0,1,0,0,0,no es la mism educ que recib los niñ los abuel los amam per en guard hay person dedic y especializ en activ divers y aliment lo dig por experient mis hij fueron llev a guard y es una ayud tranquil y rend mas en
71d558c4dd5977998148023c470c9edc,estanciasInfantiles,0,¿También esto te hace reír? pic.twitter.com/gjIDPuNPHG,mx,0,2,0,0,0,0,0,0,0,tambien esto te hac reir pic twitt com gjidpunphg
9bf828bad7e7b4e20ce2a966606ab490,estanciasInfantiles,0,"Y tú ya cuidas a tus nietos? Deberías quedarte en tu mecedora, con tu chal y tus lentes tomando un curso de superación personal para abuelitas que nunca aprendieron a respetar, no sea que eches a perder a tus nietos",mx,0,1,0,0,0,2,0,0,0,y tu ya cuid a tus niet deb quedart en tu mecedor con tu chal y tus lent tom un curs de super personal par abuelit que nunc aprend a respet no sea que eches a perd a tus niet
c3734e5759e322aa707c8170bcf35073,estanciasInfantiles,0,@CarlosUrzuaSHCP que impotencia saber que nos representan funcionarios  con esos pensamientos....Mexico en retroceso.,mx,0,0,0,0,0,0,1,0,1,[user] que impotent sab que nos represent funcionari con esos pensamient mexic en retroces
4093f733f7fd92d6ebde7f10df9b5d30,estanciasInfantiles,0,Jajajaja no tiene palabra no pudo con el debate con @FelipeCalderon luego se disculpó no tiene vergüenza #AmloNoSabesGobernar,mx,0,0,0,0,0,3,0,0,0,jajajaj no tien palabr no pud con el debat con [user] lueg se disculp no tien vergüenz amlonosabesgobern
d781d4c0f6a51bde4b1a450008777552,estanciasInfantiles,0,"Que golpista se ha vuelto, le queda mejor de simuladora...",mx,0,0,0,0,0,0,1,0,1,que golpist se ha vuelt le qued mejor de simul
0d80b70b5bddda33efab8a56cf3f4a43,estanciasInfantiles,0,"Es en serio? con la preparación que este señor? 🤦🏽‍♀️ Ojalá también los padres pudieran decidir no pagar impuestos si no existe educación de calidad, seguridad, ni servicios. Pero no, es obligatorio, a pesar de que no sean usados en mejorar el bienestar sino en dádivas proselitistas.",mx,0,2,0,3,0,6,0,0,0,es en seri con la prepar que este señor mujer_con_la_mano_en_la_frente_tono_de_piel_medi ojal tambien los padr pud decid no pag impuest si no exist educ de calid segur ni servici per no es obligatori a pes de que no sean usad en mejor el bienest sin en dadiv proselit
b97cda3f9213f3dbe09909b446df4c4d,estanciasInfantiles,0,Ojo el recurso que les darán a los padres que tienen sus hijos en estas estancias es la misma cantidad que recibían las estancias yo creo que la solución sería que si se lo dieran directo a los padres como dice el gobierno pero en un vale solo cambiable en una guardería.,mx,0,0,0,0,0,0,0,0,0,ojo el recurs que les daran a los padr que tien sus hij en estas estanci es la mism cantid que recib las estanci yo cre que la solucion ser que si se lo dier direct a los padr com dic el gobiern per en un val sol cambiabl en una guard
9de418673f1979b4b679aaf2d95d4202,estanciasInfantiles,0,"No te rías te vayas a ahogar en la caca en que estás metida, eres un esquirol!",mx,1,0,0,0,0,1,0,0,0,no te rias te vay a ahog en la cac en que estas met eres un esquirol
3c68c5552bd4a41cb85915984239ff0d,estanciasInfantiles,0,Por necesidad mis padres se fueron a trabajar fuera y mi abuela me crío no le veo lo malo,mx,0,0,0,0,0,1,0,0,0,por neces mis padr se fueron a trabaj fuer y mi abuel me cri no le veo lo mal
a1158ae2089c2629df570c0c1835a8ca,estanciasInfantiles,0,Te estás convirtiendo en una bruja si no es que siempre lo ha sido.!! ✌️🍀,mx,2,0,0,2,0,1,0,0,0,te estas convirt en una bruj si no es que siempr lo ha sid mano_con_señal_de_victori trebol_de_cuatro_hoj
8a36a872ec2e5e03db70637e7b333198,estanciasInfantiles,0,"Denise D. Esto es parte de una realidad de muchas personas con las que trato. Y no me parece motivo de risa, al contrario, hay muchas abuelas y abuelos a los qué hay que agradecer su presencia",mx,0,0,0,0,0,1,0,0,0,denis d esto es part de una realid de much person con las que trat y no me parec motiv de ris al contrari hay much abuel y abuel a los que hay que agradec su presenci
05b6f4cb6bf15bc13532a3fa4f5b3df5,estanciasInfantiles,0,"En serio dijo, eso que poca madre",mx,0,0,0,0,0,0,0,0,0,en seri dij eso que poc madr
faadb91c36a3b3b642d81245b0786764,estanciasInfantiles,0,Les urge sacar dinero de donde sea para pagarle a los ninis !,mx,1,0,0,0,0,0,0,0,0,les urge sac diner de dond sea par pag a los ninis
e8f636bc18fbe514c499b274f0b924d5,estanciasInfantiles,0,Semejante estupidez ha dicho este señor ....,mx,0,0,0,0,0,0,1,0,1,semej estupidez ha dich este señor
79e38ca3e8e8e1d283ebab2e4379d04f,estanciasInfantiles,0,Te aseguro que las madres y padres que necesitan una estancia infantil no se estarán riendo...,mx,0,0,0,0,0,1,1,0,1,te asegur que las madr y padr que necesit una estanci infantil no se estaran riend
6d79762d328a8bdbf08bc9e1af4866dc,estanciasInfantiles,0,"Grandísimo estúpido. Nadie pone a sus hijos en una estancia por gusto, sino porque necesita salir a trabajar y ganarse la vida. Las más afectadas, como siempre, seran las madres trabajadoras mas pobres, que no pueden pagar un servicio privado de calidad.",mx,0,0,0,0,0,3,0,0,0,grandisim estup nadi pon a sus hij en una estanci por gust sin porqu necesit sal a trabaj y gan la vid las mas afect com siempr ser las madr trabaj mas pobr que no pued pag un servici priv de calid
aee2a348f9eb13e33b6f099a01aadd07,estanciasInfantiles,0,"No será ley por lo que no es obligatorio, lxs abuelxs están para apapachar, no para cuidar y educar. Las estancias sí y las eligirán madres y padres de acuerdo al mejor servicio que les ofrezcan. Además de ser negocio particulares.",mx,0,0,0,0,0,3,0,0,0,no ser ley por lo que no es obligatori lxs abuelxs estan par apapach no par cuid y educ las estanci si y las elig madr y padr de acuerd al mejor servici que les ofrezc ademas de ser negoci particular
6603e88260753d0176e6b60967fcfb34,estanciasInfantiles,0,"Más bien es para fregar al nuevo gobierno, y usted señora, es parte de eso.",mx,0,0,0,0,0,0,0,0,0,mas bien es par freg al nuev gobiern y usted señor es part de eso
0513c51768ff2d1f599ec75ee541f842,estanciasInfantiles,0,"La arrogancia y egoísmo que menciono son de las personas que asumen que porque algunas personas mayores de edad les gusta cuidar a sus nietos/as, no significa que esté bien proponerlo a nivel nacional por medios gubernamentales. Concuerdo que casa uno debería decidir que hacer.",mx,0,0,0,0,0,1,0,0,0,la arrog y egoism que mencion son de las person que asum que porqu algun person mayor de edad les gust cuid a sus niet as no signif que este bien propon a nivel nacional por medi gubernamental concuerd que cas uno deb decid que hac
f083d324945eddd6093b86f371c47d17,estanciasInfantiles,0,"A ver cálmate, nadie esta diciendo que tus maestros mienten, lo único que a ustedes los amlovers les cuesta entender es como le haría una madre que no tiene a sus padres en la misma ciudad, no viven, o simplemente estan enfermos y no pueden cuidar.  Es tan difícil entender eso?",mx,0,1,0,0,0,4,0,0,0,a ver calmat nadi esta dic que tus maestr mient lo unic que a usted los amlovers les cuest entend es com le har una madr que no tien a sus padr en la mism ciud no viv o simplement estan enferm y no pued cuid es tan dificil entend eso
90cbbb493d5ba863989b96d30ef30228,estanciasInfantiles,0,"A mi no me causa risa. Mucho más seguros con los abuelos, que con pedófilos, o golpeadores resentidos  o con irresponsables insensibles que gastan el dinero públicos y ponen en riesgo la vida de inocentes (ABC), esos que hasta sus amigos son. Pero algo la hizo reir doña amarguras",mx,0,0,1,0,0,1,0,0,0,a mi no me caus ris much mas segur con los abuel que con pedofil o golpeador resent o con irrespons insens que gast el diner public y pon en riesg la vid de inocent abc esos que hast sus amig son per algo la hiz reir doñ amargur
d85f5f2759a890554d95183c70830630,estanciasInfantiles,0,De que campaña es esta? Cuando ? que no me entere!!!,mx,3,2,0,0,0,1,1,0,0,de que campañ es esta cuand que no me enter
9a7f6c8162346d5ebf6839439a767902,estanciasInfantiles,0,En qué mundo vive esta tipa? Huy huy se asustan de esto pero los q realmente vivimos en la realidad sabemos q hay miles de abuel@s q cuidan a sus niet@s ..neta ya no se hagan pendej@s!!!,mx,3,1,0,0,0,1,1,0,0,en que mund viv esta tip huy huy se asust de esto per los q realment viv en la realid sab q hay mil de abuel[user] q cuid a sus niet[user] net ya no se hag pendej[user]
3c5c01c6041eea45bc2dbca86fef001a,estanciasInfantiles,0,"Los abuelos están para visitarlos de vez en cuando, no para trabajar cuidando niños, ya parece que doña Olga va a andar batallando con bebés por unos cuantos pesos 🤦🏻‍♀️🤦🏻‍♀️",mx,0,0,0,6,0,1,0,0,0,los abuel estan par visit de vez en cuand no par trabaj cuid niñ ya parec que doñ olga va a andar batall con bebes por unos cuant pes mujer_con_la_mano_en_la_frente_tono_de_piel_clar mujer_con_la_mano_en_la_frente_tono_de_piel_clar
a90ce65a00388e19900dfdd863b6bb73,estanciasInfantiles,0,"La sabiduría de la señora es indudable y sin cuestión, pero la situación desde el cambio de gobierno a muchos no les gusto, la discusión se vino distorsionando en agresión y hasta el momento a venido en aumento y si continuamos nada va a terminar bien, como siempre a sido.",mx,0,0,0,0,0,3,0,0,0,la sabidur de la señor es indud y sin cuestion per la situacion desd el cambi de gobiern a much no les gust la discusion se vin distorsion en agresion y hast el moment a ven en aument y si continu nad va a termin bien com siempr a sid
55c61a06576544e4acf82477fd86723a,estanciasInfantiles,0,QUE ME DISCULPE EL SR PRESIDENTE PERO ESTA MUY MAL SOLO ES DETECTAR EL PROBLEMA Y ERRADICARLO,mx,0,0,11,0,0,0,0,0,0,que me disculp el sr president per esta muy mal sol es detect el problem y erradic
2c6557378996b08151892c6787a9e925,estanciasInfantiles,0,"Una batería de estupideces que responden a la falta de criterio , estrategia y conocimiento . Improvisa conforme va metiendo la pata. Desgraciadamente sus seguidores no juzgan por qué son dogmáticos y con esto perdemos todos. No hay posibilidad de corregir errores.",mx,0,0,0,0,0,2,0,0,0,una bat de estupidec que respond a la falt de criteri estrategi y conoc improvis conform va met la pat desgraci sus seguidor no juzg por que son dogmat y con esto perd tod no hay posibil de correg error
890af2bf892ff81f9d3cb1ce588c6d54,estanciasInfantiles,0,Es que los chamacos huevones van a ser su voto duro No creas que van a regalar nuestros impuestos así como así,mx,0,0,0,0,0,1,0,0,0,es que los chamac huevon van a ser su vot dur no cre que van a regal nuestr impuest asi com asi
b130616f606599a49b7a10339d25fc9f,estanciasInfantiles,0,Ni como ayudar a este sr. Urzua cada ocurrencia de la 4ta.,mx,0,0,0,0,0,1,0,0,0,ni com ayud a este sr urzu cad ocurrent de la 4ta
666e24981bbccf5a36e1368d5ce1f2b6,estanciasInfantiles,0,"Por cierto, mi Madre trabaja y a mis herman@s y a mi nos cuidó mi Abue materna. A ella le debo una gran educación y cimentación de valores de los cuales hoy me siento muy orgullosa.",mx,0,0,0,0,0,0,0,0,0,por ciert mi madr trabaj y a mis herman[user] y a mi nos cuid mi abu matern a ella le deb una gran educ y ciment de valor de los cual hoy me sient muy orgull
34aa3a261d2b0d2bff23c9dc3092d50b,estanciasInfantiles,0,Y a ti que te cuide tu marido mugre vieja pedorra.,mx,0,0,0,0,0,0,0,0,0,y a ti que te cuid tu mar mugr viej pedorr
c6091999a49ced8bc9460ca61a83903a,estanciasInfantiles,0,"suele pasar... es la ironía de la vida, en mi caso tengo bonitos recuerdos de mi abuela, pero ahora es a ella a la que hay que cuidarla, la vida da muchas vueltas 😔",mx,0,0,0,1,0,0,1,0,1,suel pas es la iron de la vid en mi cas teng bonit recuerd de mi abuel per ahor es a ella a la que hay que cuid la vid da much vuelt cara_desanim
a01bddc12113185a735bc451ae574235,estanciasInfantiles,0,"Que risueña, la Sra. Se hubiera lanzado como presidenta, haber si tendría el mismo valor y pasión por el País que el presidente, no Sra. usted ya está rayando en lo senil se oye ridícula.",mx,0,0,0,0,0,1,0,0,0,que risueñ la sra se hub lanz com president hab si tendr el mism valor y pasion por el pais que el president no sra usted ya esta ray en lo senil se oye ridicul
5029aab8da28d5ac239ec18f445d9167,estanciasInfantiles,0,Pobre tipa. Das pena. Exhibes tu miseria por un ‘like’. Ni modo. Para llorar 🤷🏻‍♀️,mx,0,0,0,3,0,1,0,2,0,pobr tip das pen exhib tu miseri por un lik ni mod par llor mujer_encogida_de_hombros_tono_de_piel_clar
69a9098c9c89796a9448ff5048f00cae,estanciasInfantiles,0,"Como casi siempre usted señora, torciendo y intentando manipular a su antojo, ES UNA OPCIÓN, ENTIENDA!!!",mx,3,0,3,0,0,0,1,0,0,com casi siempr usted señor torc y intent manipul a su antoj es una opcion entiend
1f5f8c5ed5caf4176e86c3782a698aff,estanciasInfantiles,0,"A mi me crió mi abuela. Lo hizo de forma excelente. Con todo el amor, el cariño y la dedicación. Aunq ya no vive, es una de las personas q mas amo y estaré agradecido con ella de por vida. Es un orgullo haber sido criado por mi abuela.",mx,0,0,0,0,0,1,0,0,0,a mi me cri mi abuel lo hiz de form excelent con tod el amor el cariñ y la dedic aunq ya no viv es una de las person q mas amo y estar agradec con ella de por vid es un orgull hab sid cri por mi abuel
37996b0786732d50e5351a8ff07960e0,estanciasInfantiles,0,"Lo qué pasa es que en todos lados y a cualquier nivel, hay corrupción. Y ya basta!!!",mx,3,0,0,0,0,0,1,0,0,lo que pas es que en tod lad y a cualqui nivel hay corrupcion y ya bast
6f41ee0aecb82dbca643b91eae83bf58,estanciasInfantiles,0,"Hola, Óscar. No me preocupa ser tan específico en la conceptualización, ni la opinión generalizada. Tan entendiste que aquí estás, dándote imagen, disfruta la tarde, aquí hace un sol aún cálido y sabroso. Saludos cordiales.",mx,0,0,0,0,0,2,0,0,0,hol oscar no me preocup ser tan especif en la conceptualiz ni la opinion generaliz tan entend que aqu estas dandot imag disfrut la tard aqu hac un sol aun cal y sabros salud cordial
991a76d9ae4b0d8b024bafcce28bf81e,estanciasInfantiles,0,Lo que se pretende no es quitarles “la ayuda” sino que las estancias “no inflen” las estadísticas y cobren niños que no existen,mx,0,0,0,0,0,4,0,4,0,lo que se pretend no es quit la ayud sin que las estanci no inflen las estadist y cobr niñ que no exist
848980f1cf428dcc9360c7c42ea88d8b,estanciasInfantiles,0,"No pongas a tus pobres alumnos a hacerte la tarea de diseño, enséñales a tener la mente abierta y flexible, si puedes.",mx,0,0,0,0,0,1,0,0,0,no pong a tus pobr alumn a hacert la tare de diseñ enseñal a ten la ment abiert y flexibl si pued
249c404a8940ad208ddedf12bdc67e2f,estanciasInfantiles,0,Tú ni madre tuviste!!!😂😂😂,mx,3,0,0,3,0,1,2,0,0,tu ni madr tuv cara_llorando_de_ris cara_llorando_de_ris cara_llorando_de_ris
8dbeda11ffad311e5db6b376b6061c17,estanciasInfantiles,0,Excepto que muchos padres tienen que hacer una actividad llamada trabajar.  No todos los padres siguen viviendo en casa de sus papás para que les cuiden a los chamacos ni tienen familiares cerca para eso.,mx,0,0,0,0,0,2,0,0,0,except que much padr tien que hac una activ llam trabaj no tod los padr sig viv en cas de sus papas par que les cuid a los chamac ni tien familiar cerc par eso
5faecb9784da39c4b5e7bef6b8bc2ce4,estanciasInfantiles,0,"Gran mamada. Los niños se desarrollan mejor entre niños, pero ya le entendí, los niños no votan.",mx,0,0,0,0,0,1,0,0,0,gran mam los niñ se desarroll mejor entre niñ per ya le entend los niñ no vot
0c304408d1e56c93c593c8087c4559dd,estanciasInfantiles,0,"Ya estás bien pinche loca, dando patadas de ahogados porque no hay dinero que les regalen pinches sanguijuelas de agua puerca la #4taTransformacion va y los #Mexicanos los repudiamos a los corruptos como tu!",mx,1,0,0,0,0,1,0,0,0,ya estas bien pinch loc dand pat de ahog porqu no hay diner que les regal pinch sanguijuel de agu puerc la 4tatransform va y los mexican los repudi a los corrupt com tu
c4aec36265fdfb5a4f79b9cbb4880cd6,estanciasInfantiles,0,No se que tiene de divertido,mx,0,0,0,0,0,1,0,0,0,no se que tien de divert
98598fd7e103693b5a7be446c808c8e0,estanciasInfantiles,0,"Tú das mucha risa, supongo que involuntariamente",mx,0,0,0,0,0,0,0,0,0,tu das much ris supong que involuntari
c668dcf0faed86a3c0e1e18062877cbc,estanciasInfantiles,0,"Excelente. Tengo familiares y amigos que finalmente a sus hijos los cuidan sus abuelos,tías etc...mientras ellos trabajan. No veo problema alguno en que reciban $950.00 pues corresponden a una prestación que no utilizan. Hay casos en que es más caro llevar al niño a la guardería.",mx,0,0,0,0,0,2,1,0,1,excelent teng familiar y amig que final a sus hij los cuid sus abuel tias etc mientr ellos trabaj no veo problem algun en que recib 950 00 pues correspond a una prestacion que no utiliz hay cas en que es mas car llev al niñ a la guard
50dd3dd88098e83bc7e8888c4736c58c,estanciasInfantiles,0,Y cuando va a mostrar las irregularidades que había? Este gobierno no halla por donde lavar el cerebro a los incautos y después decirles vengan mejor yo les doy el dinero. Y así los sigue teniendo de su lado. Así empiezan los dictadores poco a poquito.,mx,0,1,0,0,0,1,0,0,0,y cuand va a mostr las irregular que hab este gobiern no hall por dond lav el cerebr a los incaut y despues dec veng mejor yo les doy el diner y asi los sig ten de su lad asi empiez los dictador poc a poquit
2e6d8b05ea26a200bf448e78812afe65,estanciasInfantiles,0,Y si que la tiene grande! De tanto mamar,mx,1,0,0,0,0,0,0,0,0,y si que la tien grand de tant mam
bc2c85491cd09cab827073d1151db9b6,estanciasInfantiles,0,"Más allá del léxico perfecto que pretendes leer, ten la capacidad de observación e inteligencia para entender el mensaje",mx,0,0,0,0,0,0,0,0,0,mas alla del lexic perfect que pretend leer ten la capac de observ e inteligent par entend el mensaj
4f7f79ef9575864a1a31bae0b02b5aba,estanciasInfantiles,0,Que estupideces se les ocurre a estos de la #4taDeformación,mx,0,0,0,0,0,0,0,0,0,que estupidec se les ocurr a estos de la 4tadeform
2a0fdaf54bfd499525f0ba35a7d59dab,estanciasInfantiles,0,"Ja ja ja, que? ya decreto que los abuelos deban cuidar a sus nietis, cuando salio en DOF ?",mx,0,2,1,0,0,0,0,0,0,ja ja ja que ya decret que los abuel deb cuid a sus nietis cuand sali en dof
4196f8b483de6946913bd49b520efacd,estanciasInfantiles,0,"Exacto, siempre vamos a ser los más jodidos y afectados por la ignorancia colectiva!",mx,1,0,0,0,0,0,0,0,0,exact siempr vam a ser los mas jod y afect por la ignor colect
c9ce73cb955d3795a2558a62acbe79f3,estanciasInfantiles,0,"Los abuelos ya hicieron su vida, ya no tienen la misma energía para cuidar niños. Ellos que consientan a sus nietos. ¿Qué pasa con los niños que no tienen cerca a sus abuelos? La improvisación cuesta.",mx,0,2,0,0,0,2,0,0,0,los abuel ya hic su vid ya no tien la mism energ par cuid niñ ellos que consient a sus niet que pas con los niñ que no tien cerc a sus abuel la improvis cuest
953caaf76a095ab1840dd760699627bf,estanciasInfantiles,0,En contra. Es una decisión de familia. Las abuelitas y las mamás no deberían verse forzadas a hacerlo por falta de opciones. Se supone que un gobierno debe buscar que su población tenga más oportunidades y opciones en vez de reducirlas.,mx,0,0,0,0,0,1,0,0,0,en contr es una decision de famili las abuelit y las mamas no deb vers forz a hac por falt de opcion se supon que un gobiern deb busc que su poblacion teng mas oportun y opcion en vez de reduc
ae16e9cbd41a7f46e6a8a4c06841d214,estanciasInfantiles,0,"que padre denisse ya vas a tener trabajo aunque tu ya eres una abuela caduca y con diarrea cerebral pero aun asi creo que podrás cuidar a tus nietos , ya que con @gibranrr no pudiste y te exhibió como lo que eres , solo una rémora más de la cloaca prianista neoliberal",mx,0,0,0,0,0,1,0,0,0,que padr deniss ya vas a ten trabaj aunqu tu ya eres una abuel caduc y con diarre cerebral per aun asi cre que podras cuid a tus niet ya que con [user] no pud y te exhib com lo que eres sol una remor mas de la cloac prianist neoliberal
c97c432d145d8608210b47fbd176c265,estanciasInfantiles,0,Se ve usted divinamente guapa ésta noche,mx,0,0,0,0,0,0,0,0,0,se ve usted divin guap esta noch
e912cd4028292cc8b4f154ec85b1df04,estanciasInfantiles,0,"Fue una sugerencia y ya que eres escritora, investiga cuántas abuelas en todo México, cuidan a sus nietos y sin que les paguen, pero como eres PANISTA, te dolió y se les acabó el negocio.",mx,0,0,1,0,0,1,0,0,0,fue una sugerent y ya que eres escritor investig cuant abuel en tod mexic cuid a sus niet y sin que les pag per com eres panist te dol y se les acab el negoci
fc844f40fc2f02c9ff8e57c14e3a9a5a,estanciasInfantiles,0,"Nadie dijo que es forzoso que los abuelos cuiden a sus nietos, es una opción, que de darse, todos ganan. Lo nietos que tendrán el carino  de los abuelos, los padres que tendran bien cuidados a su hijos y los abuelos que podran recibir un dinero que antes recibian las estancias.",mx,0,0,0,0,0,1,0,0,0,nadi dij que es forzos que los abuel cuid a sus niet es una opcion que de dars tod gan lo niet que tendran el carin de los abuel los padr que tendr bien cuid a su hij y los abuel que podr recib un diner que antes recibi las estanci
774c0860f6b75b18a49db2b71cdd5acd,estanciasInfantiles,0,Cuando una mamá deje a su hijo de 7 a cuidar al de 2 años para quedase el dinero y ocurra un accidente a ver a quien le avienta la culpa,mx,0,0,0,0,0,0,0,0,0,cuand una mam dej a su hij de 7 a cuid al de 2 años par qued el diner y ocurr un accident a ver a qui le avient la culp
961ee19cb64259a269fb2645b348304f,estanciasInfantiles,0,Pero aprende a escribir.,mx,0,0,0,0,0,0,0,0,0,per aprend a escrib
cd3ca4756ce2bee1dc5e6457a877d345,estanciasInfantiles,0,"Ami me cuido y no me volví sicario, ni indiferente a lo que ocurre en mi país y sociedad, la unión familiar se fortalece más cuando es la familia quien te inculca valores, que aquellos que por dinero solo pasan el rato con los niños @tatclouthier @JucaNoticias",mx,0,0,0,0,0,2,0,0,0,ami me cuid y no me volv sicari ni indiferent a lo que ocurr en mi pais y socied la union famili se fortalec mas cuand es la famili qui te inculc valor que aquell que por diner sol pas el rat con los niñ [user] [user]
9b1dfdb8b12fc8ba090a3875addd8a3d,estanciasInfantiles,0,"No es una regla; es una opción, si usted tiene un recurso decide, no necesariamente sería la abuela( háblese de un familiar) o aplicar el recurso a una estancia regulada, seguramente habrá empresarios que le apostaran a captar esos recursos brindando un servicio de calidad.",mx,0,0,0,0,0,2,0,0,0,no es una regl es una opcion si usted tien un recurs decid no necesari ser la abuel hables de un famili o aplic el recurs a una estanci regul segur habr empresari que le apost a capt esos recurs brind un servici de calid
f619134c5966a9dcc400525032ce5083,estanciasInfantiles,0,"Lo que me gusta es que no saben leer y menos escuchar, solo leen y escuchan lo que les conviene. Ya como que el amarillismo se está descolorando",mx,0,0,0,0,0,1,0,0,0,lo que me gust es que no sab leer y men escuch sol leen y escuch lo que les convien ya com que el amarill se esta descolor
9dac3dec9cf72bd4e6f3cfd47856d373,estanciasInfantiles,0,Jajajajajajajajaja...se les acabaron las concesiones...y quizás haya escepciones... pero ...,mx,0,0,0,0,0,0,4,0,4,jajajajajajajajaj se les acab las concesion y quizas hay escepcion per
aa9d5333430f1292d2b6034a17ebe1f3,estanciasInfantiles,0,"Está vieja panazi y malco, no sabe cómo llamar la atención",mx,0,0,0,0,0,1,0,0,0,esta viej panazi y malc no sab com llam la atencion
16d5056952f549fdcd594d377aea66dd,estanciasInfantiles,0,Este tipo de personas son los que condenan a MEXICO a la mediocridad... definitivamente la 4ta transformacion es una degradacion...,mx,0,0,1,0,0,0,2,0,2,este tip de person son los que conden a mexic a la mediocr definit la 4ta transform es una degrad
7f9c2ca482a4fac919068f68c9c9b9f2,estanciasInfantiles,0,"Este tema debe de ser analizado más profundamente ya que si bien es cierto, el tema de guarderías es visto como un negocio redondo, hay personas que si dependen de este apoyo..",mx,0,0,0,0,0,0,0,0,0,este tem deb de ser analiz mas profund ya que si bien es ciert el tem de guard es vist com un negoci redond hay person que si depend de este apoy
159fe8ad74483d000c13b023c110089a,estanciasInfantiles,0,"No terminamos de sorprendernos con estos funcionarios de cuarta, que invocan argumentos pueriles para justificar sus desatinos",mx,0,0,0,0,0,1,0,0,0,no termin de sorprend con estos funcionari de cuart que invoc argument pueril par justific sus desatin
397bd00b93bff7d9736474da4336ce4a,estanciasInfantiles,0,La verdad. Que miedo,mx,0,0,0,0,0,0,0,0,0,la verd que mied
900c15ee2e8112768bdc6ed9cb0fa660,estanciasInfantiles,0,"Una auditoria y el posterior castigo soluciona la corrupción, solo hay que aplicar la ley.",mx,0,0,0,0,0,0,0,0,0,una auditori y el posterior castig solucion la corrupcion sol hay que aplic la ley
f3f5eede5702a62fb47b80b38db5a7a5,estanciasInfantiles,0,"Es la realidad de la mayoria del país, ahora me van a decir que todos los niños menores de 3 años del país están en las estancias?!!... Pinche mexicano RAZONA ahora este apoyo será UNIVERSAL esa es la ventaja.Te dejas engañar con tan poquito. Porfin las mamás tendran un vdd apoyo",mx,2,1,2,0,0,0,1,0,1,es la realid de la mayori del pais ahor me van a dec que tod los niñ menor de 3 años del pais estan en las estanci pinch mexican razon ahor este apoy ser universal esa es la ventaj te dej engañ con tan poquit porfin las mamas tendr un vdd apoy
34becb633e07f5fda43829a1d2f5171f,estanciasInfantiles,0,No mames @CarlosUrzuaSHCP eres igual de cretino que tu jefe lópez,mx,0,0,0,0,0,1,0,0,0,no mam [user] eres igual de cretin que tu jef lopez
71175657059cc014e8d03d7a474fdbe0,estanciasInfantiles,0,"Es increíble, abren la boca y meten la pata, ya son automáticos. Además cuando las abuelas trabajamos también ¿quién los cuida? ¿Adultos mayores que ya no tienen la fuerza ni la paciencia? Son tan irresponsables en sus ""ideas"". Sólo se trata de terminar con todo lo que existe 🤦🏻‍♀️",mx,0,4,0,3,0,2,0,2,0,es increibl abren la boc y met la pat ya son automat ademas cuand las abuel trabaj tambien quien los cuid adult mayor que ya no tien la fuerz ni la pacienci son tan irrespons en sus ide sol se trat de termin con tod lo que exist mujer_con_la_mano_en_la_frente_tono_de_piel_clar
f04043ed31e83aba60d79ef2929cf4b5,estanciasInfantiles,0,No sean hpm no desinformen el dijo que los papas o las madres solteras decidirán si con el dinero que les den los llevan a la estancia o le pagan a un familiar al abuelito abuelita,mx,0,0,0,0,0,2,0,0,0,no sean hpm no desinform el dij que los pap o las madr solter decid si con el diner que les den los llev a la estanci o le pag a un famili al abuelit abuelit
925486a34eece3bff8502e23b30897d4,estanciasInfantiles,0,"No es verdad, ellas si no tienen personas de confianza podrán utilizarlo para pagar una estancia no tienen que ser sólo los abuelos se llama libre elección",mx,0,0,0,0,0,3,0,0,0,no es verd ellas si no tien person de confianz podran utiliz par pag una estanci no tien que ser sol los abuel se llam libr eleccion
e0f7ffed6da3f195294b4b521f990975,estanciasInfantiles,0,"Lo malo es que eso de la simulación y el desvío solo está e la mente del presi. Ni un solo documento como evidencia 🤷🏻‍♀️ Todo lo que no le guste lo tildara igual, nomás porque sí.",mx,0,0,0,3,0,2,0,0,0,lo mal es que eso de la simul y el desvi sol esta e la ment del presi ni un sol document com evident mujer_encogida_de_hombros_tono_de_piel_clar tod lo que no le gust lo tild igual nomas porqu si
4b57c12c81b9fc6a994d2ac5017501df,estanciasInfantiles,0,¡ Estos idiotas de la 4t no tienen límite ! No hay día que Amlo y su gabinte no den nota con comentarios tan estúpidos como este. En solo 2 meses ya hay más memes de ellos que los de todo el sexenio de Peña. ¿ No tendrán tantita vergüenza ?,mx,2,2,0,0,0,4,0,0,0,estos idiot de la 4t no tien limit no hay dia que amlo y su gabint no den not con comentari tan estup com este en sol 2 mes ya hay mas mem de ellos que los de tod el sexeni de peñ no tendran tantit vergüenz
d91bfdc9bfae92cd6748901c5421d70c,estanciasInfantiles,0,Por el amor de Dios ya no anuncien nada de ese viejo loco!!!!! Está bloqueado y lleno de sed venganza por sus fracasos anteriores bien merecidos. Es un asco escucharlo hablar sin sentido y lleno de odio. No caigan uds también en los juegos de Morena..... Qué les pasa,mx,5,0,0,0,0,4,2,0,1,por el amor de dios ya no anunci nad de ese viej loc esta bloqu y llen de sed venganz por sus fracas anterior bien merec es un asco escuch habl sin sent y llen de odi no caig uds tambien en los jueg de moren que les pas
cb113722c686f2b8d50f81c3dd3eadb3,estanciasInfantiles,0,Solo los pend.... se pueden reír.  Es mejor que los padres decidan quién cuida a los hijos..  mil beses que te cuide tu abuelita .A. un desconocido,mx,0,0,0,0,0,0,1,0,1,sol los pend se pued reir es mejor que los padr decid quien cuid a los hij mil bes que te cuid tu abuelit a un desconoc
d0b894be208794c39e66080eeea0002e,estanciasInfantiles,0,"Esta muy cabron el nivel de improvisación de este gabinete, una tras otra. Lo peor es que se están llevando entre las patas a la gente que voto por ellos.... #selesdijo #selesadvirtio #selessugirio 🤷🏻‍♂️",mx,0,0,0,3,0,0,1,0,1,esta muy cabron el nivel de improvis de este gabinet una tras otra lo peor es que se estan llev entre las pat a la gent que vot por ellos selesdij selesadvirti selessugiri hombre_encogido_de_hombros_tono_de_piel_clar
d088e3f4e23d6aa880cf677df76b6aa3,estanciasInfantiles,0,Eres periodista. Tu función es ser crítica y estas ideas demenciales  son producto de mentes enfermas 🤢,mx,0,0,0,1,0,0,0,0,0,eres period tu funcion es ser critic y estas ide demencial son product de ment enferm cara_de_naus
5169439695c3548768be60f761877328,estanciasInfantiles,0,"El dinero se lo van a dar a los padres ellos pueden elegir a la persona adecuada, o dejarlos en una estancia infantil cual es el problema",mx,0,0,0,0,0,0,0,0,0,el diner se lo van a dar a los padr ellos pued eleg a la person adecu o dej en una estanci infantil cual es el problem
39f02263a8c038fe5fab14bcb62cc88c,estanciasInfantiles,0,🤦🏽‍♀️el cuidado a sus nietos???? Hasta donde he oído con conocidos que son médicos la recomendación es que los abuelitos ya no cuiden a los nietos porque muchas veces los abuelitos sufren fracturas graves por cuidar a los nietos,mx,0,4,0,3,0,1,1,0,0,mujer_con_la_mano_en_la_frente_tono_de_piel_medi el cuid a sus niet hast dond he oid con conoc que son medic la recomend es que los abuelit ya no cuid a los niet porqu much vec los abuelit sufr fractur grav por cuid a los niet
068a4798bbea27d56ae8c4ab96b5fb33,estanciasInfantiles,0,Como pueden comprar el desarrollo en un Niño de kínder o guardería vs Cuidado por abuelitos. Los cuidarán con la Tv y ya. Cuanta ignorancia y menosprecio para los que estudiaron,mx,0,0,0,0,0,0,0,0,0,com pued compr el desarroll en un niñ de kind o guard vs cuid por abuelit los cuid con la tv y ya cuant ignor y menospreci par los que estudi
7ff3c968c2358d81a864deb10442a56f,estanciasInfantiles,0,Y si no tienen abuelitos????,mx,0,4,0,0,0,1,1,0,0,y si no tien abuelit
00d27aa449deedb03b228dc7f4f46591,estanciasInfantiles,0,"Es absurdo su comentario y totalmente cuestionable. ¿Si sabe usted como funcionaban las estancias? ¿entró alguna vez a una? ¿trabajó alguna vez en una? ¿sabía como se otorgaban los permisos para funcionar? ...bueno, ahí le encargo.",mx,0,8,0,0,0,0,1,0,1,es absurd su comentari y total cuestion si sab usted com funcion las estanci entro algun vez a una trabaj algun vez en una sab com se otorg los permis par funcion buen ahi le encarg
f5c854f852aa47ead92459e0058bea14,estanciasInfantiles,0,"No tiene la menor idea de la realidad, los abuelitos de estas generaciones hemos trabajado siempre, Antes de regretear un programa social imprescindible deben conocerlo.",mx,0,0,0,0,0,1,0,0,0,no tien la menor ide de la realid los abuelit de estas gener hem trabaj siempr antes de regret un program social imprescind deb conoc
61958a2d4e07043772be130ba5770224,estanciasInfantiles,0,"Es absurdo. Sin lugar a dudas provocará que varias estancias desaparezcan y las que queden reducirán su personal. En resumen, se traduce en más personas que quedarán DESEMPLEADAS... Qué no una de las labores del gobierno es crear empleos? #CPT #MexicoReflexivo #Re_AccionCiudadana",mx,0,1,2,0,0,2,1,0,1,es absurd sin lug a dud provoc que vari estanci desaparezc y las que qued reduc su personal en resum se traduc en mas person que qued desempl que no una de las labor del gobiern es cre emple cpt mexicoreflex re_accionciudadan
1f17b55a6cefb3cb64400f235a733803,estanciasInfantiles,0,Entonces todos los abuelos lo deben hacer? Tu abuela tuvo en sus manos la decisión nadie la obligó.,mx,0,1,0,0,0,1,0,0,0,entonc tod los abuel lo deb hac tu abuel tuv en sus man la decision nadi la oblig
bc5f7f07f347b767ee7e081d44a841d8,estanciasInfantiles,0,Te cuesta trabajo creer que hay mujeres y hombres que disfrutan mucho cuidar a sus nietos?,mx,0,1,0,0,0,0,0,0,0,te cuest trabaj cre que hay mujer y hombr que disfrut much cuid a sus niet
8eda8905014c322097b5769fd64c650a,estanciasInfantiles,0,"Yo diría dra. Denise, que para ud. esa imagen no es como dice, para reir, mas bien para ud. es para "" ROER"" los más inquietos en tiempos de paz son los mas violentos, como ud.",mx,0,0,1,0,0,1,0,2,0,yo dir dra denis que par ud esa imag no es com dic par reir mas bien par ud es par roer los mas inquiet en tiemp de paz son los mas violent com ud
136cd44333208a3d7bad108aec910241,estanciasInfantiles,0,"Ya estan haciendo sus ayudas clientelares para estar mucho tiempo en el.poder, si no al tiempo, si ya tiene la candidata para dentro 6 años, claudia esta lista y haciendo campaña",mx,0,0,0,0,0,1,0,0,0,ya estan hac sus ayud clientelar par estar much tiemp en el pod si no al tiemp si ya tien la candidat par dentr 6 años claudi esta list y hac campañ
9fef2e95668d5441b939f68fd3bf722d,estanciasInfantiles,0,Dice mi esposa que @CarlosUrzuaSHCP Ponga el ejemplo! ¡Que Deje de Trabajar para que cuide a sus NIETOS! También le manda decir; Inche Viejo tan RIDÍCULO! #amlonomerepresenta #AmloNoSabeGobernar #AMLOEsCaos,mx,4,0,2,0,0,0,0,0,0,dic mi espos que [user] pong el ejempl que dej de trabaj par que cuid a sus niet tambien le mand dec inche viej tan ridicul amlonomerepresent amlonosabegobern amloesca
43997cd4aef0d8b98c22d495bd3d09e1,estanciasInfantiles,0,"Me hubiera encantado que me cuidara, una super mujer.",mx,0,0,0,0,0,0,0,0,0,me hub encant que me cuid una sup muj
e8cff9e0ae19122f182a867deae3f533,estanciasInfantiles,0,El gobierno de la estupidez... neta?,mx,0,1,0,0,0,0,1,0,1,el gobiern de la estupidez net
2786b0eb009e877c6350582675164a80,estanciasInfantiles,0,Hay psicología para amortiguar vivencias negativas.,mx,0,0,0,0,0,0,0,0,0,hay psicolog par amortigu vivenci negat
073828f63410507e4401c6637a848fe6,estanciasInfantiles,0,"En contra, va a crecer el desempleo y muchos abuelitos, ya no están en edad de cuidar niños, ¿ y como van censar y confirmar la veracidad.",mx,0,1,0,0,0,1,0,0,0,en contr va a crec el desemple y much abuelit ya no estan en edad de cuid niñ y com van cens y confirm la verac
07e4033b54682d3856288707997b3328,estanciasInfantiles,0,Cualquiera prefiere a la abuela o la mamá que una guardería,mx,0,0,0,0,0,0,0,0,0,cualqu prefier a la abuel o la mam que una guard
292e06ad7d0f69a80d42ee60f860407c,estanciasInfantiles,0,Y los que no tiene abuelos? Cínicos,mx,0,1,0,0,0,1,0,0,0,y los que no tien abuel cinic
49ffa45fc863402a6d9c2c721910b0b3,estanciasInfantiles,0,Y si ya murieron tus abuelos ? ...  o viven muy lejos ? ... o no pueden ? ... o no quieren ? ... ese señor no se cansa de decir estupideces y ahora hasta pretende organizar nuestras familias ...,mx,0,4,0,0,0,3,5,0,5,y si ya mur tus abuel o viv muy lej o no pued o no quier ese señor no se cans de dec estupidec y ahor hast pretend organiz nuestr famili
888f9ccf6841b2f64ac595f53a56f1f1,estanciasInfantiles,0,"No estoy de acuerdo. Los cuidados infantiles requieren de gente profesional y calificada con experiencia al respecto. Un abuelo o abuela no están calificados para tal, la etiqueta afectiva que se les da no responde al trabajo realizado en las estancias infantiles. Sean serios.",mx,0,0,0,0,0,3,0,0,0,no estoy de acuerd los cuid infantil requier de gent profesional y calific con experient al respect un abuel o abuel no estan calific par tal la etiquet afect que se les da no respond al trabaj realiz en las estanci infantil sean seri
d4c09de6c06ba1aeae3679feac9c3281,estanciasInfantiles,0,"Y por gobiernos populistas, latinoamérica está en crisis.",mx,0,0,0,0,0,0,0,0,0,y por gobi popul latinoamer esta en crisis
8b9efb74daadc30ca07e8ce4bdb0d8ae,estanciasInfantiles,0,Es una responsabilidad muy grande para cualquier persona y mucho más para los abuelos pues en caso de alguna urgencia no quiero imaginar lo que podría pasar.  Urzúa esta demente.,mx,0,0,0,0,0,1,0,0,0,es una respons muy grand par cualqui person y much mas par los abuel pues en cas de algun urgenci no quier imagin lo que podr pas urzu esta dement
6f10f39a0c6adaf0add160590ac7cc57,estanciasInfantiles,0,Cada día están más estupidos!,mx,1,0,0,0,0,0,0,0,0,cad dia estan mas estup
7e24e301598f24739c8f125fe8fd4966,estanciasInfantiles,0,Por tú foto de perfil?,mx,0,1,0,0,0,0,0,0,0,por tu fot de perfil
07e3606f56df6e56105756f89f367549,estanciasInfantiles,0,"Las abuelas ya criaron hijos, a la vez a muchas ya les tocó trabajar fuera de casa; no es tiempo de dejarlas descansar? O que, vamos a tenerlas trabajando hasta el día de su muerte? Que poca madre!",mx,1,2,0,0,0,1,0,0,0,las abuel ya cri hij a la vez a much ya les toc trabaj fuer de cas no es tiemp de dej descans o que vam a ten trabaj hast el dia de su muert que poc madr
30c5b848de0b9c1c67748957bfd9deed,estanciasInfantiles,0,Se ríe porque es una sociópata.,mx,0,0,0,0,0,0,0,0,0,se rie porqu es una sociopat
222da05ddf6d3161c2ca04a4c205ecef,estanciasInfantiles,0,"Claro q la atención noes la misma,empezando por la edad,los estudios sobre niños,el espacio,la energía,y simple y sencillamente q ya note mueves igual,no corres,la paciencia,hasta para preparar la comida,en fin,el SHCP será muy secretario y aunque lo defienda amlo no tienen razón",mx,0,0,1,0,0,2,0,0,0,clar q la atencion noes la mism empez por la edad los estudi sobr niñ el espaci la energ y simpl y sencill q ya not muev igual no corr la pacienci hast par prepar la com en fin el shcp ser muy secretari y aunqu lo defiend amlo no tien razon
2f1cb56a3baf598b58ff111594dfddd9,estanciasInfantiles,0,"Para reír sus notas venenosas, señora.",mx,0,0,0,0,0,0,0,0,0,par reir sus not venen señor
24999a714029b350e534012494987df7,estanciasInfantiles,0,"Bueno bueno, y usted cuantas crías tiene, o porque la hace tanto de pedo???!!!",mx,3,3,0,0,0,0,2,0,0,buen buen y usted cuant cri tien o porqu la hac tant de ped
8d5c29a0d381e4f1762076d4df60dd41,estanciasInfantiles,0,"El gobierno dijo REVISAR, no quitar guarderías. Además habrá que checar el inegi para ver si realmente el promedio de edad son 65 u 80 años, ya que ésta es una generación que fuimos padres muy jóvenes.  La que necesita revisar su comprensión es otra.",mx,0,0,1,0,0,1,0,0,0,el gobiern dij revis no quit guard ademas habr que chec el inegi par ver si realment el promedi de edad son 65 u 80 años ya que esta es una gener que fuim padr muy joven la que necesit revis su comprension es otra
be4d08406e27f5304b5a6714fa5d7119,estanciasInfantiles,0,"Y tú te haces decir periodista?. No lo creo, tú eres pseudo periodista!. Lo bueno que yo me informó todos los días en la mañanera de nuestro Presidente..",mx,1,1,0,0,0,1,0,0,0,y tu te hac dec period no lo cre tu eres pseud period lo buen que yo me inform tod los dias en la mañaner de nuestr president
aa7f50c5419d0f1022aee3bbaa4f65e6,estanciasInfantiles,0,"Si, que bueno que tenemos a nuestras madres. Tambien esta bien las que no les guste y no por eso son malas, todo es cuestión de gustos.",mx,0,0,0,0,0,2,0,0,0,si que buen que ten a nuestr madr tambi esta bien las que no les gust y no por eso son mal tod es cuestion de gust
9e36183b083a98eb28daf7b35fdf72f7,estanciasInfantiles,0,"¿Y con el 50% de reducción al presupuesto para estancias infantiles, también van a reducir al 50% las aportaciones para guarderías en los impuestos que se pagan al IMSS en las nóminas?, o ¿solo es con fines de crear una base electoral controlable? #AMLOEsCaos #AmloNoSabeGobernar",mx,0,4,1,0,0,0,0,0,0,y con el 50 de reduccion al presupuest par estanci infantil tambien van a reduc al 50 las aport par guard en los impuest que se pag al imss en las nomin o sol es con fin de cre una bas electoral control amloesca amlonosabegobern
57921d02794d8e8f1d601b833c7402c9,estanciasInfantiles,0,Cuanta pendejada dicen estos imbeciles,mx,0,0,0,0,0,0,0,0,0,cuant pendej dic estos imbecil
fefbaf5060f2ddb0a6e8de33dda078b5,estanciasInfantiles,0,Mi abuela se hizo cargo d mi prima y a mi me amo profundamente y yo a ella.  El dinero se sigue aportando solo habrá que resolver con el tiempo que es lo más conveniente porque es real hay mucha corruptela usted debería saberlo y hay mucha necesidad en las familias. Ya veremos,mx,0,0,0,0,0,0,0,0,0,mi abuel se hiz carg d mi prim y a mi me amo profund y yo a ella el diner se sig aport sol habr que resolv con el tiemp que es lo mas convenient porqu es real hay much corruptel usted deb sab y hay much neces en las famili ya ver
ec2742e1b69e4a82d264711c3d243186,estanciasInfantiles,0,Ya no saben  ni que decir. Y resultan puras babosadas.,mx,0,0,0,0,0,2,0,0,0,ya no sab ni que dec y result pur bab
288e1b1810cf1b5d20174c95d87497ab,estanciasInfantiles,0,"Parece que solo te queda ese recurso. Uno de los grandes problemas sociales, es la desintegración familiar, muchos abuelos ayudan a cuidar a sus nietos, si además de eso la familia recibe un apoyo, que sin duda algunos necesitan, es un avance y para nada motivo para reir.",mx,0,0,0,0,0,2,0,0,0,parec que sol te qued ese recurs uno de los grand problem social es la desintegr famili much abuel ayud a cuid a sus niet si ademas de eso la famili recib un apoy que sin dud algun necesit es un avanc y par nad motiv par reir
97d3de0bfea6d59ab0e4a0a0a0867b1e,estanciasInfantiles,0,"Como que hacer chsites no es lo tuyo, Denise; ya viste como te fue con Con Gibrán hace como dos  meses...",mx,0,0,0,0,0,1,1,0,1,com que hac chsit no es lo tuy denis ya vist com te fue con con gibran hac com dos mes
80ffa1c86c0ed06782be2fa42c0eb652,estanciasInfantiles,0,"Jajajajajajajaja va más allá de mi razonamiento que en verdad hayan votado por éstas pendejadas de personas. Ni modo, ahora aténganse a las consecuencias!",mx,1,0,0,0,0,1,0,0,0,jajajajajajajaj va mas alla de mi razon que en verd hay vot por estas pendej de person ni mod ahor atengans a las consecuent
2bf78c238d1fdf9774c20f77fc9815eb,estanciasInfantiles,0,Pobres de los que vienen de Provincia y los Abuelos están lejos. Por algo así a Cordero lo quemamos.,mx,0,0,0,0,0,0,0,0,0,pobr de los que vien de provinci y los abuel estan lej por algo asi a corder lo quem
2ef7fdd5d70d4b9fb59d9b05b9605f0f,estanciasInfantiles,0,"En realidad crees factible que la propuesta sea general y no considere esas excepciones? La vd, sí sí lo crees ps es tu forma de entender el mundo... ya lo verificaste en algún comunicado o afirmas sin verificar?",mx,0,2,0,0,0,2,1,0,1,en realid cre factibl que la propuest sea general y no consider esas excepcion la vd si si lo cre ps es tu form de entend el mund ya lo verific en algun comunic o afirm sin verific
d7e30b740b1dee3fa6de88ffdb25ff6e,estanciasInfantiles,0,"Yo sugiero que, los primeros en atender esta recomendación, sean los miembros del gabinete, empezando por  @CarlosUrzuaSHCP, que seguro tiene nietos y algunos otros deben tener ya hasta bisnietos. Lo que sigue es que manden a las mujeres a su casa ... #CosasDeLa4T #PurasPayasadas",mx,0,0,0,0,0,0,1,0,1,yo sugier que los primer en atend esta recomend sean los miembr del gabinet empez por [user] que segur tien niet y algun otros deb ten ya hast bisniet lo que sig es que mand a las mujer a su cas cosasdela4t puraspayas
f9b319543ca6523acd091c2cd1d2f84e,estanciasInfantiles,0,"No demuestren ignorancia, cada familia decidirá donde dejar a sus hijos, en la estancia infantil, niñera, abuelos etcétera. El costo es el mismo para el gobierno, habrá un presupuesto. Todos debemos aprender a ser mejores en todos los aspectos",mx,0,0,0,0,0,1,0,0,0,no demuestr ignor cad famili decid dond dej a sus hij en la estanci infantil niñer abuel etceter el cost es el mism par el gobiern habr un presupuest tod deb aprend a ser mejor en tod los aspect
8d1a29f83bd59741aeee648d45f87725,estanciasInfantiles,0,"Mala decisión, muy mala... Como si las abuelas o los tíos estuvieran suficientemente capacitados para cuidar a un niño, serán niños sin un buen desarrollo motriz.",mx,0,0,0,0,0,1,1,0,1,mal decision muy mal com si las abuel o los tios estuv suficient capacit par cuid a un niñ seran niñ sin un buen desarroll motriz
5eba020bfdb53d9f5af30fc5f9748471,estanciasInfantiles,0,A favor porque así ganaran su dinerito,mx,0,0,0,0,0,0,0,0,0,a favor porqu asi gan su dinerit
74f4041287cd5270dcfb35c2f4bcf473,gobiernoCDMX,1,"Ellos se la pasaron creando campañas como la de No + sangre para sabotear a otros gobiernos, el león cree que todos son de su condición.",mx,0,0,0,0,0,1,0,0,0,ellos se la pas cre campañ com la de no sangr par sabot a otros gobi el leon cre que tod son de su condicion
d5770002abbe9aa01c8eeb6e7494448c,gobiernoCDMX,1,Lo voy a retwitear y no es que te odie o que quiera que tengas una enemiga perra y maldita con su propio genero!!!!,mx,4,0,0,0,0,1,1,0,0,lo voy a retwit y no es que te odi o que quier que teng una enemig perr y maldit con su propi gener
d2007dda4f18d4d0cf166cca7b099abb,gobiernoCDMX,1,Les quedaron bonitos los espectaculares #LasHijasDeLaMx,mx,0,0,0,0,0,0,0,0,0,les qued bonit los espectacular lashijasdelamx
94568bed107930869666ab61a15d5baf,gobiernoCDMX,1,"Amigas del #Mexico de @lopezobrador_ . Por favor; jamás intenten defenderse, salvar sus vidas y mucho menos publicar en redes que fueron víctimas de un asalto o violación ¿Acaso no ven, que lastiman la imagen de @Claudiashein, del presidente y de #Morena?  No sean ingratas carajo",mx,0,2,0,0,0,3,0,0,0,amig del mexic de [user] por favor jamas intent defend salv sus vid y much men public en red que fueron victim de un asalt o violacion acas no ven que lastim la imag de [user] del president y de moren no sean ingrat caraj
b011b7da198ba51b5e9a92dec351664a,gobiernoCDMX,1,"Prohibir, prohibir y prohibir.... estos de morena igual que el PRD de donde provienen se dicen de izquierda pero solo saben limitar libertades, son más fascistas que Musolini",mx,0,0,1,0,0,0,1,0,1,prohib prohib y prohib estos de moren igual que el prd de dond provien se dic de izquierd per sol sab limit libertad son mas fascist que musolini
12753f6dae74672c10b8b9d7858f34f0,gobiernoCDMX,1,Será mejor algo como #ElPitoDeMancera ?  O ... No entendí bien el mensaje 💁,mx,0,1,0,1,0,1,1,0,1,ser mejor algo com elpitodemancer o no entend bien el mensaj persona_de_mostrador_de_inform
17f63d11e883c333096d141d1cf30b88,gobiernoCDMX,1,"Y por cierto, tan estúpidos consideras a tus fieles seguidores para usar con ellos la sicóloga inversa y qué hagan lo que tú quieres? Sí que estás y están jodidos.",mx,0,1,0,0,0,0,0,0,0,y por ciert tan estup consider a tus fiel seguidor par usar con ellos la sicolog invers y que hag lo que tu quier si que estas y estan jod
368fa039b0ec21fedbb53d8446baa0a4,gobiernoCDMX,1,Y cadena perpetua para quienes inventaron las gomichelas... Guarros... Jajaja,mx,0,0,0,0,0,0,2,0,2,y caden perpetu par quien invent las gomichel guarr jajaj
a2322518dfb6d196af77067c3f31a44a,gobiernoCDMX,1,"Ella sola se daña con sus declaraciones absurdas,no necesita ayuda!!! #ME ESTÁN LLEVANDO",mx,3,0,2,0,0,1,1,0,0,ella sol se dañ con sus declar absurd no necesit ayud me estan llev
7ef363089c254a60074a1a02e2331a3f,gobiernoCDMX,1,Decirla bruta es un insulto menor .... Digamos que es una completa PENDEJA,mx,0,0,1,0,0,0,1,0,1,dec brut es un insult menor dig que es una complet pendej
facb983f8a8972b23f62f6f7ae1cac34,gobiernoCDMX,1,"Este tipejo y su filosofía barata. Este buey ha de ver nacido en Holanda, porque Holanda cagando por aquí, o Holanda cagando por allá. Así se expresan estos pseudo políticos fracasados. Saludos",mx,0,0,0,0,0,0,0,0,0,este tipej y su filosof barat este buey ha de ver nac en holand porqu holand cag por aqu o holand cag por alla asi se expres estos pseud polit fracas salud
4b24877d74cb0d21bb01978e30764a58,gobiernoCDMX,1,"Una buena causa  ay, ternurita",mx,0,0,0,0,0,0,0,0,0,una buen caus ay ternurit
c7ef4e3149e00caeee145c1cce160b69,gobiernoCDMX,1,Muchos pretextos para no perder clientela electoral,mx,0,0,0,0,0,1,0,0,0,much pretext par no perd clientel electoral
7eb2c224cd011754a9de36494e8d2238,gobiernoCDMX,1,A ella se la Está Llevando la chingada por inepta,mx,0,0,0,0,0,0,0,0,0,a ella se la esta llev la ching por inept
654741d4e5292be43d5c17109c5e3d3f,gobiernoCDMX,1,Pero bien que tuvieron dinero para sus fiestones en el #Azteca no? Que ridículos!,mx,1,1,0,0,0,1,0,0,0,per bien que tuv diner par sus fieston en el aztec no que ridicul
a931f4c0b0a0fdf2c78072d10133f6e0,gobiernoCDMX,1,Cuando solito te delatas porque estas haciendo las cosas mal.,mx,0,0,0,0,0,0,0,0,0,cuand solit te delat porqu estas hac las cos mal
690a6db976032e248f46212a8160d581,gobiernoCDMX,1,🤦🏻‍♀️🤦🏻‍♀️🤦🏻‍♀️🤦🏻‍♀️😂😂 no se si reír o llorar con sus súper cambios según ellos,mx,0,0,0,14,0,1,0,0,0,mujer_con_la_mano_en_la_frente_tono_de_piel_clar mujer_con_la_mano_en_la_frente_tono_de_piel_clar mujer_con_la_mano_en_la_frente_tono_de_piel_clar mujer_con_la_mano_en_la_frente_tono_de_piel_clar cara_llorando_de_ris cara_llorando_de_ris no se si reir o llor con sus sup cambi segun ellos
0fd14ffe3daac29c4f462decbe8be924,gobiernoCDMX,1,Entonces sugieres no usar #MeEstánLlevando? No vaya ser que se haga trending topic,mx,0,1,0,0,0,2,0,0,0,entonc sugier no usar meestanllev no vay ser que se hag trending topic
f8cd8179fbf6ac978ce6b7859b9ba22f,gobiernoCDMX,1,La transformación de cuarta,mx,0,0,0,0,0,0,0,0,0,la transform de cuart
1933fbbd010c0b5f707f5f4132a8f108,gobiernoCDMX,1,"No, no, calladitas para no afectar la impoluta imagen de la Sheinbaum... Espera, ¿es la misma del caso Rébsamen?",mx,0,2,0,0,0,3,1,0,1,no no calladit par no afect la impolut imag de la sheinbaum esper es la mism del cas rebsam
5f110540ebfbef97173720009a9ede41,gobiernoCDMX,1,El hagstag que debería usar @Claudiashein debería ser: #LlevámeLaChingadaAhoraQuéHago?,mx,0,1,0,0,0,0,0,0,0,el hagstag que deb usar [user] deb ser llevamelachingadaahoraquehag
ba7760d0ac508b2fd877eda5baeceacd,gobiernoCDMX,1,"De que nos están llevando, nos están llevando y no precisamente, al rancho del sr Obrador, nos está cargando a la...ch......",mx,0,0,0,0,0,1,2,0,3,de que nos estan llev nos estan llev y no precis al ranch del sr obrador nos esta carg a la ch
41746d56cff0898d8fad77d8e13afb2c,gobiernoCDMX,1,"Que hay que gritar cuando secuestran a los hombres?? Dónde está la equidad, la igualdad. Que no dan la opción para los hombres.???",mx,0,5,0,0,0,1,1,0,0,que hay que grit cuand secuestr a los hombr dond esta la equid la iguald que no dan la opcion par los hombr
03e8b8a75b2755c4cfd892f2f3662d23,gobiernoCDMX,1,Y ante las ocurrencias de ysq podemos decir ¡NOS ESTÁ LLEVANDO LA TIZNADA!! ¿A ver si vos hacen caso?,mx,3,2,4,0,0,0,0,0,0,y ante las ocurrent de ysq pod dec nos esta llev la tizn a ver si vos hac cas
52301f468f6b9be95aaba556a5774046,gobiernoCDMX,1,"Pobrecilla la Sheiman... ya se le metió al cerebro el pejevirus... tiene el mismo mal  del Presidente actual, TODO DE LO QUE SON RESPONSABLES Y LES SALE  SALE MAAAL.... ES CULPA DE LOS DEMAS.... EL PUEBLO MALO",mx,0,0,13,0,0,0,5,0,4,pobrecill la sheim ya se le met al cerebr el pejevirus tien el mism mal del president actual tod de lo que son respons y les sal sal maal es culp de los dem el puebl mal
873111e2efdb4aaa8af671759aa55341,gobiernoCDMX,1,"¿Y como gritan las mujeres que enganchas y explotas, junto con ""La cachetes de yoyo?  Anda que te compre quien no te conozca #MiserableExplotador",mx,0,2,0,0,0,1,0,1,0,y com grit las mujer que enganch y explot junt con la cachet de yoy anda que te compr qui no te conozc miserableexplot
9b4dcbb2389824c7542aecb83e81c2bd,gobiernoCDMX,1,"Jajaja, perdón me ganó el RT.",mx,0,0,0,0,0,0,0,0,0,jajaj perdon me gan el rt
51238b8829f1867f7aeec81f19986aad,gobiernoCDMX,1,"Queeeeeeeeeeeeeeeeee? Eso sí que no, mis chelas no!!!!",mx,4,1,0,0,0,2,2,0,0,que eso si que no mis chel no
41230bcac4abd76219f120d1932d9868,gobiernoCDMX,1,primero yo y después yo,mx,0,0,0,0,0,0,0,0,0,primer yo y despues yo
22a105443d4bf6c381bcd69708fe6547,gobiernoCDMX,1,Ups! Ya lo retwitté 😁,mx,1,0,0,1,0,0,0,0,0,ups ya lo retwitt cara_radiante_con_ojos_sonrient
3052f4a6612b5f12c09e83a22298ec24,gobiernoCDMX,1,El curita para la enorme hemorragia #MeEstánLlevando,mx,0,0,0,0,0,0,0,0,0,el curit par la enorm hemorragi meestanllev
1988812c2e8bb52517f6f2fd2e6155b3,gobiernoCDMX,1,"Upss! Ya lo hice,perdón es que pensé  en todas aquellas mujeres que hay pasado estas situaciones y no en la ególatra ridícula de @Claudiashein",mx,1,0,0,0,0,1,0,0,0,upss ya lo hic perdon es que pens en tod aquell mujer que hay pas estas situacion y no en la egolatr ridicul de [user]
59c69c2a4d747de2f79452c1b47b01f1,gobiernoCDMX,1,A los hombres no hay pedo que los secuestren...,mx,0,0,0,0,0,1,1,0,1,a los hombr no hay ped que los secuestr
15e831bbfc0fd3ace7ba824a2326b765,gobiernoCDMX,1,"Uta, lo que le urge a este país #Sarcasmo",mx,0,0,0,0,0,0,0,0,0,uta lo que le urge a este pais sarcasm
edf0f21ae59371c5bd4705a91a78935b,gobiernoCDMX,1,Ya le dí  RT 🤷‍♀️,mx,0,0,0,2,0,0,0,0,0,ya le di rt mujer_encogida_de_hombr
9e7201b8921eae47a5866d8adb5a2716,gobiernoCDMX,1,También que les repartan silbatos ¿no? a ti si te pagan por decir pendejadas,mx,0,2,0,0,0,1,0,0,0,tambien que les repart silbat no a ti si te pag por dec pendej
a365a83c097f18485c52eb608d1b8b2d,gobiernoCDMX,1,"Esto si me parece una falta de respeto, la verdad.",mx,0,0,0,0,0,0,0,0,0,esto si me parec una falt de respet la verd
420042047b014609db30e64ce8dd5fd6,gobiernoCDMX,1,"Diablos!! Ya le di RT Disculpa, no lo vuelvo a hacer",mx,2,0,0,0,0,1,0,0,0,diabl ya le di rt disculp no lo vuelv a hac
4f4716d1f7bfe032b946ad53633dbd5f,gobiernoCDMX,1,Ay si!!! vieras tooodaaaas las que se ofrecen a ser secuestradas solo para dañar a doña Claudia..No inventes ésta es una situación real...,mx,3,0,0,0,0,1,4,0,1,ay si vier tood las que se ofrec a ser secuestr sol par dañ a doñ claudi no invent esta es una situacion real
9d89e6f5863b14fc4a402162a4c15e2f,gobiernoCDMX,1,"A ver si no te quiere entambar, así como es de Rencorosa se parece YSQ",mx,0,0,1,0,0,1,0,0,0,a ver si no te quier entamb asi com es de rencor se parec ysq
07fd08b9930d164c6fa2490d477dc950,gobiernoCDMX,1,"Cosas que dañan la imagen de una ciudad y su gobernante:  1) Policía inepta y corrupta, 2) Banquetas y calles en mal estado, 3) Comercio irregular abundante,  4) Gente correteando Jettas blancos para besarle la mano al conductor.",mx,0,0,0,0,0,0,0,0,0,cos que dañ la imag de una ciud y su gobern 1 polic inept y corrupt 2 banquet y call en mal estad 3 comerci irregul abund 4 gent corret jett blanc par bes la man al conductor
e338cbc56e257495fc4f71d58f5be7fa,gobiernoCDMX,1,ALLÁ SOLO PEGAN LAS PULQUERIAS,mx,0,0,5,0,0,0,0,0,0,alla sol peg las pulqueri
f3c432f30bb4004a72c2700cad6c9bc5,gobiernoCDMX,1,"Sin chelas y militarización en las calles, no les asombre toque de queda en un futuro, pero sigan votando por pinches locos de izquierda",mx,0,0,0,0,0,2,0,0,0,sin chel y militariz en las call no les asombr toqu de qued en un futur per sig vot por pinch loc de izquierd
19a21ae9ebd406973fbc5ff7d4237fe8,gobiernoCDMX,1,También sostengo que con esta brillante idea no necesitamos guardia nacional ya que los delincuentes con gritos se combaten y aparte estos gritos los escuchará los espíritus chacarrero de la Chimoltrufia a las 5 de la mañana cuando las víctimas salen a trabajar,mx,0,0,0,0,0,1,0,0,0,tambien sosteng que con esta brillant ide no necesit guardi nacional ya que los delincuent con grit se combat y apart estos grit los escuch los espiritus chacarrer de la chimoltrufi a las 5 de la mañan cuand las victim sal a trabaj
bc7230e0eb28ae52d9dffb00bbffbd57,gobiernoCDMX,1,"Por mi, la señora Sheinbaum se puede ir directito al rancho del Peje. Para mi es más importante el bienestar y cuidado de mis hijas y esposa que la imagen de esa inepta,  incapaz de resolver el problema de la inseguridad por estar lamiendo las botas de su Mesías. Ridícula",mx,0,0,0,0,0,0,0,0,0,por mi la señor sheinbaum se pued ir directit al ranch del pej par mi es mas import el bienest y cuid de mis hij y espos que la imag de esa inept incapaz de resolv el problem de la insegur por estar lam las bot de su mes ridicul
bd9ff3b4c4bb27cbfcbe6a01a05403ee,gobiernoCDMX,1,Igual que su pejefe padece de alucinaciones muy gruesas!!!!!,mx,5,0,0,0,0,0,1,0,0,igual que su pejef padec de alucin muy grues
10578403ff01b985ed23ecbf6d24f4e7,gobiernoCDMX,1,"Creemos que es indispensable enseñarle a las mujeres qué gritar en caso de que intenten secuestrarlas, por ello pagaremos millones en espectaculares  - La derecha.",mx,0,0,0,0,0,0,0,0,0,cre que es indispens enseñ a las mujer que grit en cas de que intent secuestr por ello pag millon en espectacular la derech
97f10f86abb6406ae0b9c4dded94a4f5,gobiernoCDMX,1,"Eres un genio. No se nos había, a las mujeres , ocurrido eso de decir. Auxilio! En mi caso el tipo me puso un cutter en la panza. Ay belauzaran te falta barrio",mx,1,0,0,0,0,1,0,0,0,eres un geni no se nos hab a las mujer ocurr eso de dec auxili en mi cas el tip me pus un cutt en la panz ay belauz te falt barri
566b918eec67c3225c6e7683b40d5f9a,gobiernoCDMX,1,Le quieren cambiar el nombre a F1F1,mx,0,0,0,0,0,0,0,0,0,le quier cambi el nombr a f1f1
28f35d5bd072e51c10e5ec464de12bd4,gobiernoCDMX,1,Será parte de la austeridad republicana!?,mx,1,1,0,0,0,0,0,0,0,ser part de la auster republican
d7cecaf73cd5a1264f9841b402804afa,gobiernoCDMX,1,Y si a la que secuestran es a ella...y grita...¿qué aplica ahí? ¿Es una campaña contra ella misma? 🤔,mx,0,4,0,1,0,0,2,0,2,y si a la que secuestr es a ella y grit que aplic ahi es una campañ contr ella mism cara_pens
c16378d2a05a497550efee636869e679,gobiernoCDMX,1,El gran Sopichairo drogo sera el Eliot Pejeness de la cuarteada @sopitas,mx,0,0,0,0,0,0,0,0,0,el gran sopichair drog ser el eliot pejeness de la cuart [user]
e2b1945c9ab0fba7f0fe112727762c8d,gobiernoCDMX,1,Dios mío! Que no sea cierto !,mx,2,0,0,0,0,1,0,0,0,dios mio que no sea ciert
f1634130e3693006e5a46714bf009c1f,gobiernoCDMX,1,Jajaja como la marcha pacifica cuando AMLO era el jefe de gobierno...,mx,0,0,1,0,0,0,1,0,1,jajaj com la march pacif cuand amlo era el jef de gobiern
b0477b2c762e48ccdcd95a8b55f32bdd,gobiernoCDMX,0,Ojalá se la llevaran a la chingada y no tuviéramos que verla más.🤮,mx,0,0,0,1,0,1,0,0,0,ojal se la llev a la ching y no tuv que verl mas cara_vomit
4caddee51ea219260db8c6d7f97cf14e,gobiernoCDMX,0,"¡El cuento de toda la vida! En este caso, la peor enemiga de las mujeres es otra mujer. Señora, hay muchas organizaciones de la sociedad que apoyan y pagan por esas causas. No le gusta, es su problema, pero no estorbe.",mx,2,0,0,0,0,2,0,0,0,el cuent de tod la vid en este cas la peor enemig de las mujer es otra muj señor hay much organiz de la socied que apoy y pag por esas caus no le gust es su problem per no estorb
90cfa1fec27e233582909e5a14774ea7,gobiernoCDMX,0,"Se quejan de un evento que pone en la vista del mundo a México (turismo, inversión directa e indirecta) y los tontos que piensan que de lo que invirtió el Gobierno. No tendría y tuvo ganancias!!!",mx,3,0,0,0,0,1,1,0,0,se quej de un event que pon en la vist del mund a mexic turism inversion direct e indirect y los tont que piens que de lo que invirt el gobiern no tendr y tuv gananci
d0b5083e6a6dd59496d981767142329d,gobiernoCDMX,0,Que les pida a todos los RATAS del gobierno y todos los diputados y cenadores q Les regresen todos los aginaldos de $ 500.000 q de llevaron.,mx,0,0,1,0,0,0,1,0,0,que les pid a tod los rat del gobiern y tod los diput y cenador q les regres tod los aginald de 500 00 q de llev
a1a0236e21e114a899091756e1742856,gobiernoCDMX,0,"Me tiene sin cuidado la imagen de esa señora. Si tengo que gritar para salvar mi vida, lo haré. Si mi hija tiene que gritarlo, también lo hará. Qué falta de empatía y solidaridad con las demás mujeres. Qué postura más ególatra y estúpida. @Claudiashein",mx,0,0,0,0,0,1,0,0,0,me tien sin cuid la imag de esa señor si teng que grit par salv mi vid lo har si mi hij tien que grit tambien lo har que falt de empat y solidar con las demas mujer que postur mas egolatr y estup [user]
9c6ecba63357bba1ef2f0bbe0b16aa53,gobiernoCDMX,0,Bruta ególatra narcisista politicucha,mx,0,0,0,0,0,0,0,0,0,brut egolatr narcis politicuch
a9968b58a036327b13beb8047f3568a7,gobiernoCDMX,0,El puro IVA que cobra el gobierno supera la inversión al triple,mx,0,0,1,0,0,0,0,0,0,el pur iva que cobr el gobiern super la inversion al tripl
250d94c070830ce15713d00015f80268,gobiernoCDMX,0,"Yo creo que las dos cosas,es increíble como un tema que tiene a las mujeres en un peligro latente la gobernadora de Ciudad de México quiera politizarlo y sobre todo minimizarlo.",mx,0,0,0,0,0,0,0,0,0,yo cre que las dos cos es increibl com un tem que tien a las mujer en un peligr latent la gobern de ciud de mexic quier politiz y sobr tod minimiz
3cb76b95fd9761b752b1b850744f898b,gobiernoCDMX,0,La verdad que bueno porque al igual y disminuye el alcoholismo hasta cierto grado no?,mx,0,1,0,0,0,1,0,0,0,la verd que buen porqu al igual y disminu el alcohol hast ciert grad no
5cb5dbd20d0ac60f72dc1269f6fafeaf,gobiernoCDMX,0,"Ja, no manches, ni x se murió tu padre, d la PURA VERGÜENZA que le causabas, te compones! Ella no dice q no grites, eso sí, pudo criticar q medios, pusieran casos falsos y sin denuncia al aire, y eso pudiera ser igual que EL PASTOR Y EL LOBO! #FelizDiaDeSanValentin #14DeFebrero",mx,2,0,4,0,0,5,0,0,0,ja no manch ni x se mur tu padr d la pur vergüenz que le caus te compon ella no dic q no grit eso si pud critic q medi pus cas fals y sin denunci al air y eso pud ser igual que el pastor y el lob felizdiadesanvalentin 14defebrer
2591e961dac8ab7e72c0c5989f905cd0,gobiernoCDMX,0,@Claudiashein  se vendió al peor postor #somosmaslosbuenos,mx,0,0,0,0,0,0,0,0,0,[user] se vend al peor postor somosmaslosbuen
60977f24ce862b7e93f10a2bf4f17b80,gobiernoCDMX,0,"Varias compañías poderosas pueden financiar el evento si no les ponen trabas, que ideas tan retrógradas de cancelar los patrocinios a NFL y a F1 que tanta difusión turística nos dan.",mx,0,0,1,0,0,1,0,0,0,vari compañ poder pued financi el event si no les pon trab que ide tan retrogr de cancel los patrocini a nfl y a f1 que tant difusion turist nos dan
ec21a9bb412f219560d7f6346e086c4a,gobiernoCDMX,0,Y tú que poco solidaria...,mx,0,0,0,0,0,0,1,0,1,y tu que poc solidari
f62d4e8c1da3a971e0f015a3da9842d4,gobiernoCDMX,0,Yo lo único que te puedo comentar en esta ocasión es que los miembros de los partidos que fueron traidores a la nación no tiene ninguna credibilidad y en su defecto tú eres miembro del PRD 👉 y te vuelves una persona no confiable 😁,mx,0,0,1,2,0,3,0,0,0,yo lo unic que te pued coment en esta ocasion es que los miembr de los part que fueron traidor a la nacion no tien ningun credibil y en su defect tu eres miembr del prd dorso_de_mano_con_indice_a_la_derech y te vuelv una person no confiabl cara_radiante_con_ojos_sonrient
6cf015d7c28ed6f127324aa6d668b38b,gobiernoCDMX,0,"Sheinbaum está bien pendeja. Y l@s que votaron por ella, doblemente.",mx,0,0,0,0,0,0,0,0,0,sheinbaum esta bien pendej y l[user] que vot por ella doblement
34f6920c01d6f55b04ba999c08818c36,gobiernoCDMX,0,Si traen armas como siempre sucede no creo que se animen a responder si acaso tomar numero de la matricula y reportar.,mx,0,0,0,0,0,1,0,0,0,si tra armas com siempr suced no cre que se anim a respond si acas tom numer de la matricul y report
59348a9cbc937da2b86851e60d6bd484,gobiernoCDMX,0,"Y porque tiene que ser con recursos públicos. Sí el beneficio es para particulares, que ellos inviertan como cualquier empresario.",mx,0,0,0,0,0,0,0,0,0,y porqu tien que ser con recurs public si el benefici es par particular que ellos inviert com cualqui empresari
3e8370917a1fd9c72f518f48c2876920,gobiernoCDMX,0,"Los Lopistas son una mierda, no se preocupan por la gente que voto por ellos, sino por su hueso nada más!! Las capitalinas cada día están más expuestas a peligros y la Gobernadora de la CDMX solo le interesa su imagen!!! Por eso votaron pendejos!!",mx,7,0,1,0,0,3,1,0,0,los lopist son una mierd no se preocup por la gent que vot por ellos sin por su hues nad mas las capitalin cad dia estan mas expuest a peligr y la gobern de la cdmx sol le interes su imag por eso vot pendej
abd70e5d9f3b7b68a616335b80962836,gobiernoCDMX,0,"Ay por favor como si no supiera la ciudadanía que en UN INTENTO DESESPERADO por DESESTABILIZAR AL PAÍS La Oposición barata y mediocre está INCURRIENDO EN LO MAS BAJO DEL RUBRO como lo es CONTRATANDO SICARIOS para crear caos y horror para que""regresen las ovejas al corral""PERO NO  pic.twitter.com/dZ77e5ygBu",mx,0,0,12,0,0,2,0,2,0,ay por favor com si no sup la ciudadan que en un intent desesper por desestabiliz al pais la oposicion barat y mediocr esta incurr en lo mas baj del rubr com lo es contrat sicari par cre caos y horror par que regres las ovej al corral per no pic twitt com dz77e5ygbu
c2445ac8cff0d3d0bca8d2f980e9d9be,gobiernoCDMX,0,"Esa mujer, con esas afirmaciones creo no es digna de enarbolarse como fémina, estúpidamente se lava las manos  y eso que es la más cultivada de toda la raza de Morena, que pena me das @Claudiashein",mx,0,0,0,0,0,1,0,0,0,esa muj con esas afirm cre no es dign de enarbol com femin estupid se lav las man y eso que es la mas cultiv de tod la raz de moren que pen me das [user]
ea27c8406c78c8143c394d5c0d6fcbb9,gobiernoCDMX,0,mmm pensé que estaría en los Rosarios.,mx,0,0,0,0,0,0,1,0,0,mm pens que estar en los rosari
a14b7813f2e6cf63fd1082fa22bfd9e3,gobiernoCDMX,0,"De acuerdo. Soy padre de 3 niñas y lo mejor es enseñarles a defender su vida, es triste pero en este México les está tocando vivir y mi responsabilidad como padre además de cuidar de ellas es enseñarles a afrontar su vida, no importa q tengan 5, 3 y 2 años.",mx,0,0,0,0,0,1,0,0,0,de acuerd soy padr de 3 niñ y lo mejor es enseñ a defend su vid es trist per en este mexic les esta toc viv y mi respons com padr ademas de cuid de ellas es enseñ a afront su vid no import q teng 5 3 y 2 años
0102b31a88e687442f743770f1799b1e,gobiernoCDMX,0,"Uno con los silbatos y otra que griten, valientes gobiernos tenemos, los delincuentes se han de reír de ver las medidas que se toman en su contra, pero que no se preocupe la población, son “honestos’",mx,0,0,0,0,0,1,0,2,0,uno con los silbat y otra que grit valient gobi ten los delincuent se han de reir de ver las med que se tom en su contr per que no se preocup la poblacion son honest
ce503b3c6cd08d3b85ea71563613f51a,gobiernoCDMX,0,Justo en la cuna chaira 😢,mx,0,0,0,1,0,0,0,0,0,just en la cun chair cara_llor
a72b095614086517185082d7e9931159,gobiernoCDMX,0,"Ese letrero habría estado perfecto en el #PRD cuando 'los chuchos' 'los galileos' y demás grupos mercenarios y rastreros secuestraron al Partido y lo prostituyeron para Fecal, y Peña.",mx,0,0,1,0,0,0,0,4,0,ese letrer habr estad perfect en el prd cuand los chuch los galile y demas grup mercenari y rastrer secuestr al part y lo prostitu par fecal y peñ
91c3442ff877f3a0ff150d41349a618d,gobiernoCDMX,0,"Su imagen está muuuy dañada desde que fue delegada de Tlalpan, con el tema del colegio Rébsamen, etc. Quiere llamar la atención a cómo dé lugar.",mx,0,0,0,0,0,0,1,0,0,su imag esta muuy dañ desd que fue deleg de tlalp con el tem del colegi rebsam etc quier llam la atencion a com de lug
af31ffec24ec5c067313c2fde65e275a,gobiernoCDMX,0,"@Claudiashein es un zombie, está programada para obedecer a López. Nomás mírale la cara vacía de expresión y su voz sin convicción.",mx,0,0,0,0,0,1,0,0,0,[user] es un zombi esta program par obedec a lopez nomas miral la car vac de expresion y su voz sin conviccion
a0fefec9310d442539f98e8b0bc303bb,gobiernoCDMX,0,La única forma de hacer algo al puro estilo Wallace,mx,0,0,0,0,0,0,0,0,0,la unic form de hac algo al pur estil wallac
c23d6471f0f5db566b81239490c2e236,gobiernoCDMX,0,Ahí está. Lo puede googlear y ver otras fuentes. Si lo dijo.,mx,0,0,0,0,0,0,0,0,0,ahi esta lo pued googl y ver otras fuent si lo dij
21d63eb3570788438fcfb8a9ad4fc081,gobiernoCDMX,0,Campaña para generar pánico. Ridículos,mx,0,0,0,0,0,0,0,0,0,campañ par gener panic ridicul
6a24ced8b4f87040f160e8126df23874,gobiernoCDMX,0,El razonamiento es el mismo que utilizó su jefe hace años contra la marcha por la paz. Y acuérdense que el Mesías esta evaluando a su regenta @Claudiashein,mx,0,0,0,0,0,0,0,0,0,el razon es el mism que utiliz su jef hac años contr la march por la paz y acuerdens que el mes esta evalu a su regent [user]
f42734823299274ae4dd6d32dbc0c1c3,gobiernoCDMX,0,"Hagan lo que sea necesario para que todos apoyemos y podamos ayudar, lo que sea y los demás atentos a lo que veamos irregular sin dudar, si nos equivocamos pedimos disculpas pero si no hacemos nada,  no habrá regreso",mx,0,0,0,0,0,4,0,0,0,hag lo que sea necesari par que tod apoy y pod ayud lo que sea y los demas atent a lo que veam irregul sin dud si nos equivoc ped disculp per si no hac nad no habr regres
45e8a06276ab785dd5cf4730bdfc3d61,gobiernoCDMX,0,"¿Eso entendiste? Bueno, lo siento por ti.",mx,0,2,0,0,0,0,0,0,0,eso entend buen lo sient por ti
d044f2459974971324e364ba6e59e26e,gobiernoCDMX,0,Entonces que la empresa que paga esto (Clear Channel) siga a puro panista en su cuenta no significa nada? Que altruistas e interesados han salido!,mx,1,1,0,0,0,2,0,0,0,entonc que la empres que pag esto cle channel sig a pur panist en su cuent no signif nad que altruist e interes han sal
4ddb9496bcf642a81aaa2a79d4c1113e,gobiernoCDMX,0,"Tenga cuidado, no todos los secuestros son por vía de la fuerza.",mx,0,0,0,0,0,1,0,0,0,teng cuid no tod los secuestr son por via de la fuerz
48e9bfdb14a8834f502becbbc6bd4cac,gobiernoCDMX,0,"Pobre señora , a mi me dio la vida una mujer , tengo hermanas , sobrina y nieta y mi sobrina regreso a casa sana después de estar un año secuestrada, yo si ayudo a una dama en peligro , lo que pasamos nuestra familia fue horrible .",mx,0,0,0,0,0,0,0,0,0,pobr señor a mi me dio la vid una muj teng herman sobrin y niet y mi sobrin regres a cas san despues de estar un año secuestr yo si ayud a una dam en peligr lo que pas nuestr famili fue horribl
293065a3d79030dc61917c2a376337bd,gobiernoCDMX,0,"¿Y qué  tiene que ver una cosa con la otra? La derrama económica que deja la #F1 #CDMX es muy positiva: ocupación hotelera, restaurantera, comercial, etc. ¡Que nunca se acabe la #F1 #México !",mx,2,2,1,0,0,1,0,0,0,y que tien que ver una cos con la otra la derram econom que dej la f1 cdmx es muy posit ocup hoteler restauranter comercial etc que nunc se acab la f1 mexic
1def22dbe6f79878d6f0414db9b16eed,gobiernoCDMX,0,No que andabas de luto? 🤷🏽‍♂️ pic.twitter.com/vwm5a67y5h,mx,0,1,0,3,0,1,0,0,0,no que andab de lut hombre_encogido_de_hombros_tono_de_piel_medi pic twitt com vwm5a67y5h
48df7663315ceb98c18850a4bfd24e91,gobiernoCDMX,0,Aunque sea en contra de la de Morena jajaja,mx,0,0,0,0,0,0,0,0,0,aunqu sea en contr de la de moren jajaj
b9461edbdc907784897dcd2bd73d625d,gobiernoCDMX,0,Así ha de tener la conciencia @Claudiashein,mx,0,0,0,0,0,0,0,0,0,asi ha de ten la concienci [user]
d3ad6886b517870a78e84944e955ac17,gobiernoCDMX,0,"Mentiroso. La empresa de los espectaculares, maneja ecobici, Sheinbaum les quito algunos contratos y ellos reaccionaron con esa campaña. Lacayo corrupto, además mentiroso.",mx,0,0,0,0,0,0,0,0,0,mentir la empres de los espectacular manej ecobici sheinbaum les quit algun contrat y ellos reaccion con esa campañ lacay corrupt ademas mentir
05361ec17bbaa5d13294d7edbf94e068,gobiernoCDMX,0,Lo más estupido que eh leído lo que es no saber hacer cuentas... Inversion=derrama económica. Pero estos y su gobierno mediocre. Le van a dar en la torre a uno de los mejores eventos del país. Solo por que su pequeño cerebrito no les da para más.,mx,0,0,0,0,0,2,1,0,1,lo mas estup que eh leid lo que es no sab hac cuent inversion derram econom per estos y su gobiern mediocr le van a dar en la torr a uno de los mejor event del pais sol por que su pequeñ cerebrit no les da par mas
f44ee25803690cc23615f3791131cfa8,gobiernoCDMX,0,Oiga que clasista es usted.,mx,0,0,0,0,0,0,0,0,0,oig que clasist es usted
ebe724ee804d6687149433c73a5e2d8c,gobiernoCDMX,0,"No creo que pienses pero haz un intento, esto es una media, a medias, para solucionar un problema más grande, problema que la gente a la que le sirves siguió promoviendo, educación machista y problemas estructurales son lo que se debería atacar. Pinche lame botas",mx,0,0,0,0,0,1,0,0,0,no cre que piens per haz un intent esto es una medi a medi par solucion un problem mas grand problem que la gent a la que le sirv sigu promov educ machist y problem estructural son lo que se deb atac pinch lam bot
191ee0ecfa5ad3964b08ecdfd5709691,gobiernoCDMX,0,Si el gobierno no tiene dinero estan los millonarios de mexico para financiar como slim,mx,0,0,0,0,0,1,0,0,0,si el gobiern no tien diner estan los millonari de mexic par financi com slim
ca7e1181af5733dceeda7b6b15fc9923,gobiernoCDMX,0,"Pues que cobren más caro los boletos, esa es una solución, sencilla!!!",mx,3,0,0,0,0,0,1,0,0,pues que cobr mas car los bolet esa es una solucion sencill
e2b79e1eede9b2f3db5e4f04c10c8aa4,gobiernoCDMX,0,"El ego de Sheinbaun le nubla la visión, cree que todo gira en torno a ella",mx,0,0,0,0,0,0,0,0,0,el ego de sheinbaun le nubl la vision cre que tod gir en torn a ella
fd76bbae04bb24c7d7c1fd2b6d3b42d9,gobiernoCDMX,0,"Tan Ególatras y Soberbios, Ellos, (MORENA )🤮",mx,0,0,1,1,0,0,0,0,0,tan egolatr y soberbi ellos moren cara_vomit
d06ad398a71f50fbc3c6e6769b3774ad,gobiernoCDMX,0,Qué le pida a AMLO que le devuelva el presupuesto que le quitó de f-1 para el financiamiento de el tren maya y listo!.,mx,1,0,1,0,0,0,0,0,0,que le pid a amlo que le devuelv el presupuest que le quit de f 1 par el financi de el tren may y list
bb867463cddf6dfa87f179d4940e54f5,gobiernoCDMX,0,Te corrijo: GP de México el mejor evento de F1 por cuarto año consecutivo!... no conozco otro evento con reconocimiento mundial 🤔,mx,1,0,0,1,0,1,1,0,1,te corrij gp de mexic el mejor event de f1 por cuart año consecut no conozc otro event con reconoc mundial cara_pens
4d77cd5924933f741e5e287e8259243c,gobiernoCDMX,0,"Muchos estamos dispuestos a hacer lo que sea para evitar ser secuestrados o para apoyar a alguien que pueda serlo.  Ahora sí que como dicen ""hasta donde tope"" valiendo madre los políticos de cualquier partido o cualquier autoridad.",mx,0,0,0,0,0,0,0,2,0,much estam dispuest a hac lo que sea par evit ser secuestr o par apoy a algui que pued serl ahor si que com dic hast dond top val madr los polit de cualqui part o cualqui autor
702870119e9c21af705ea6212bbc417c,gobiernoCDMX,0,"Claudia, por eso y mil razones más, chingas a tu cola cada que respires, politiquilla barata y vividora",mx,0,0,0,0,0,0,0,0,0,claudi por eso y mil razon mas ching a tu col cad que respir politiquill barat y vividor
c601053ba836d777dbb835ba97859652,gobiernoCDMX,0,"Pues que los empresarios que solamente ganan, le inviertan a su fiesta.",mx,0,0,0,0,0,0,0,0,0,pues que los empresari que sol gan le inviert a su fiest
e5a7c6b0c7be7bf9302d462914aeb6e0,gobiernoCDMX,0,Qué podemos espera de Claudia????,mx,0,4,0,0,0,0,1,0,0,que pod esper de claudi
a256aa8b8ff4c0a6f0f213b7e8e78c89,gobiernoCDMX,0,Y en el metro CU los últimos dos meses andan “bandas organizadas” intentando secuestrar chavas. Lamentable.,mx,0,0,0,0,0,0,0,2,0,y en el metr cu los ultim dos mes andan band organiz intent secuestr chav lament
74288dea197ca5e0fabdb2a141fae0d1,gobiernoCDMX,0,Sólo espero que no haya chavas borrachas que griten eso en la salida del antro para hacerse las graciosas.,mx,0,0,0,0,0,1,0,0,0,sol esper que no hay chav borrach que grit eso en la sal del antro par hac las graci
47bb7a13f40a044b733f292280689286,gobiernoCDMX,0,Y por qué no? Ya le di y qué?,mx,0,2,0,0,0,1,0,0,0,y por que no ya le di y que
52da2e86adf825a569edb8d5f1c3984e,gobiernoCDMX,0,"Que estupideces tiene @Claudiashein el 13 de febrero con violencia armados dos tipos le robaron el carro a una prima, en la Alcaldía de Iztapalapa gobernada por otra inepta Clara Brugada sobre la calle 5 de mayo frente al colegio Nicolás Bravo las cámaras de seguridad no mienten.",mx,0,0,0,0,0,1,0,0,0,que estupidec tien [user] el 13 de febrer con violenci armad dos tip le rob el carr a una prim en la alcald de iztapalap gobern por otra inept clar brug sobr la call 5 de may frent al colegi nicolas brav las cam de segur no mient
d8807fed8f498ec9285ad9fc024342a1,gobiernoCDMX,0,@Claudiashein no puede con el puesto.,mx,0,0,0,0,0,1,0,0,0,[user] no pued con el puest
2f64734729c3ec3d424bdd848cac1e23,gobiernoCDMX,0,"Como debe de ser, la venta de cerveza y otras bebidas se ha vuelto un degenere, ahora en cualquier tianguis ya ves salir la gente con un caguamon en vaso.",mx,0,0,0,0,0,0,0,0,0,com deb de ser la vent de cervez y otras beb se ha vuelt un degener ahor en cualqui tianguis ya ves sal la gent con un caguamon en vas
6a2bdda3932087d4cd0ba686e5563332,gobiernoCDMX,0,"Ésa es la forma de rehuir a sus responsabilidades. No pueden con el paquete, y culpan a todo mundo de su negligencia.",mx,0,0,0,0,0,1,0,0,0,esa es la form de rehu a sus respons no pued con el paquet y culp a tod mund de su negligent
6566426643b0d60b5286af1de929a489,gobiernoCDMX,0,Y quien paga la campaña? De verdad alguien está pagando espectaculares y spots en radio en buena onda y de manera anónima para prevenir los secuestros? O quieren provocar pánico en la sociedad? Si es una campaña genuina por que no dicen quien la patrocina?,mx,0,4,0,0,0,1,0,0,0,y qui pag la campañ de verd algui esta pag espectacular y spots en radi en buen onda y de maner anonim par preven los secuestr o quier provoc panic en la socied si es una campañ genuin por que no dic qui la patrocin
5cb2603f5e4627f27fc0a615d900bf08,gobiernoCDMX,0,También a su partido se lo es tan llevando al basurero del olvidó por corruptos,mx,0,0,0,0,0,0,0,0,0,tambien a su part se lo es tan llev al basurer del olvid por corrupt
c2d53afee87a7949be0e6b584f0073bd,gobiernoCDMX,0,Su imagen no importa. Importa mi seguridad.,mx,0,0,0,0,0,1,0,0,0,su imag no import import mi segur
784b51e7e5a3a92e94b2dee85e0a4f45,gobiernoCDMX,0,"Ay doña Claudia, ni se preocupe, su imágen ya estaba dañada desde antes, o piensa que se olvidó ya la tragedia del Rébsamen? Hasta sus jumentos porristas saben quién es usted...",mx,0,1,0,0,0,1,1,0,1,ay doñ claudi ni se preocup su imag ya estab dañ desd antes o piens que se olvid ya la tragedi del rebsam hast sus jument porrist sab quien es usted
db546a9342100206ef0fc2f9adc6ba7f,gobiernoCDMX,0,"No existen permisos para venta de bebidas alcohólicas, estos permisos ya están pactados con los grandes capitales de la fiesta, los antros. Lo que si es cierto que es muchos establecimientos son bodegas de la mafia y no precisamente del poder. O si",mx,0,0,0,0,0,2,0,0,0,no exist permis par vent de beb alcohol estos permis ya estan pact con los grand capital de la fiest los antros lo que si es ciert que es much establec son bodeg de la mafi y no precis del pod o si
c78eceb0b79fd0cc3621a3f132dc9413,gobiernoCDMX,0,TIENEN SU PERMISO EN REGLA??,mx,0,2,3,0,0,0,0,0,0,tien su permis en regl
094ca5023b48a84e069a08fc7273f0a8,gobiernoCDMX,0,"Lamentable que una mujer anteponga su “imagen” e “intereses personales” a la empatía con las demás, y peor aún que dicha mujer sea nuestra representante.",mx,0,0,0,0,0,0,0,4,0,lament que una muj antepong su imag e interes personal a la empat con las demas y peor aun que dich muj sea nuestr represent
503117e944585dfd869b35bf32f570c4,gobiernoCDMX,0,"Pues yo creo que debemos ayudar aunque no griten, si una chica esta forcejeando con algún tipo, ahí hay un foco de violencia, hay que meterse que tal que le salvas la vida a alguien.",mx,0,0,0,0,0,1,0,0,0,pues yo cre que deb ayud aunqu no grit si una chic esta forcej con algun tip ahi hay un foc de violenci hay que met que tal que le salv la vid a algui
466a2f36ec1f03b7d34c41ba0242ba68,gobiernoCDMX,0,"Es un evento para puro ""fifí"", ya que deje méxico de ser candil de la calle y oscuridad en su casa.",mx,0,0,0,0,0,0,0,2,0,es un event par pur fif ya que dej mexic de ser candil de la call y oscur en su cas
189ae052a2e1976bb21bafee6fd92e38,gobiernoCDMX,0,No manches en serio. pic.twitter.com/ZkRGPRrSfM,mx,0,0,0,0,0,1,0,0,0,no manch en seri pic twitt com zkrgprrsfm
895cc3dafec16dd3bcd4564a8646f999,gobiernoCDMX,0,Es todo tu argumento? Mmmm...,mx,0,1,0,0,0,0,2,0,1,es tod tu argument mmm
63730177b65c164513e2274e950faf78,gobiernoCDMX,0,Anden por votar por ese Pejendejo.,mx,0,0,0,0,0,0,0,0,0,anden por vot por ese pejendej
5c05ca940ac0ecca24b5ebed20727efb,gobiernoCDMX,0,"Esa @Claudiashein dirige la ciudad más lacra del país, nadie la ataca, ella quería dirigir esa ciudad tan llena de corrupción y maltrato a la mujer.",mx,0,0,0,0,0,1,0,0,0,esa [user] dirig la ciud mas lacr del pais nadi la atac ella quer dirig esa ciud tan llen de corrupcion y maltrat a la muj
d223e4dfc07a017e61f65bbf112063bc,gobiernoCDMX,0,"SHITbaum asesina, corrupta y amiga del crimen organizado.",mx,0,0,0,0,0,0,0,0,0,shitbaum asesin corrupt y amig del crim organiz
1725376d63980c26411f05e5277fe33a,gobiernoCDMX,0,Tiene delirios de persecución esa vieja tarada!!!!  #MeEstánLlevando gritemos mil veces si es necesario!!!!,mx,8,0,0,0,0,0,2,0,0,tien deliri de persecu esa viej tar meestanllev grit mil vec si es necesari
cbcb3f079da15f140298c3cfef32066b,gobiernoCDMX,0,"Eso será lo mas facil para su gobierno pedorro, mas bien suena a que no se pone de acuerdo con los dueños de la marca",mx,0,0,0,0,0,1,0,0,0,eso ser lo mas facil par su gobiern pedorr mas bien suen a que no se pon de acuerd con los dueñ de la marc
93dc51d99f86c259c9def513e0d3f4eb,gobiernoCDMX,0,Cada secuestro de mujeres daña (más) la imagen de la regenta del DF.,mx,0,0,0,0,0,0,0,0,0,cad secuestr de mujer dañ mas la imag de la regent del df
9720a9d807cf23ab150d6bfdc68e0d8d,gobiernoCDMX,0,"Quiere tapar el sol con un dedo,haciendo creer a los ignorantes que su Gobierno va de maravilla.",mx,0,0,0,0,0,0,0,0,0,quier tap el sol con un ded hac cre a los ignor que su gobiern va de maravill
eca836269ed2226dd6a1b10c081bbeb3,gobiernoCDMX,0,Se refiere la nota a los negocios que venden y no tienen permisos.,mx,0,0,0,0,0,1,0,0,0,se refier la not a los negoci que vend y no tien permis
332d93d30e0cd94bc2568059c36664f2,gobiernoCDMX,0,Pinches amarillistas me cae,mx,0,0,0,0,0,0,0,0,0,pinch amarill me cae
1e8810ffa001a6ae8e55f2f0a337e8e6,gobiernoCDMX,0,"Bueno, a qué hora nos damos los machetazos con sheinbaum?",mx,0,1,0,0,0,0,0,0,0,buen a que hor nos dam los machetaz con sheinbaum
83ed0ea6df1eae3489803e206dc4f9f5,gobiernoCDMX,0,No mames sopas te viste bien amarillista! Son solo las ilegales aunque no sería mala idea dejar solo unas cuantas.,mx,1,0,0,0,0,2,0,0,0,no mam sop te vist bien amarill son sol las ilegal aunqu no ser mal ide dej sol unas cuant
7cbe6aa08038b53abc6d88ec06d69e22,gobiernoCDMX,0,Fernando guarda tu luto cabron.   Así como quieres que te respeten.  No mames,mx,0,0,0,0,0,1,1,0,0,fern guard tu lut cabron asi com quier que te respet no mam
c5842b3d3f49eecf5be34346126894e7,gobiernoCDMX,0,"¿De quién es esa iniciativa? no tiene firma, alguien tiene que pagar esos espectaculares ¿no? yo digo",mx,0,4,0,0,0,2,0,0,0,de quien es esa inici no tien firm algui tien que pag esos espectacular no yo dig
56cfbb285024d53ae0e81ea6f9368dda,gobiernoCDMX,0,Si los de la 4t tambien traen al terrorista español que hasta expulsaron de su pais,mx,0,0,0,0,0,0,0,0,0,si los de la 4t tambi tra al terror español que hast expuls de su pais
a477c7fb62e3891ef6ccaa91575ca1fd,gobiernoCDMX,0,"Puede una mujer que la estan secuestrando, con un cuchillo en el cuello, con la boca tapada y uno o dos hombres con mayor fuerza que ella gritar que la estan llevando?  Suenas patètico y lo dices con toda premeditaciòn.  Que perverso.",mx,0,1,0,0,0,0,0,0,0,pued una muj que la estan secuestr con un cuchill en el cuell con la boc tap y uno o dos hombr con mayor fuerz que ella grit que la estan llev suen patètic y lo dic con tod premeditaciòn que pervers
f038bd4991b4bcd1ddb819c4430dcf5b,gobiernoCDMX,0,"¡Coincido contigo, Quique! puede haber estrategias más efectivas. Me presento 👉🏽",mx,2,0,0,2,0,0,0,0,0,coinc contig quiqu pued hab estrategi mas efect me present dorso_de_mano_con_indice_a_la_derecha_tono_de_piel_medi
ae1440e0660cbef871d6380f7ae5d077,gobiernoCDMX,0,pues que diga misa....,mx,0,0,0,0,0,0,1,0,1,pues que dig mis
5b44cdaff0890dfb457353e3e16c468a,gobiernoCDMX,0,¿Y SI LOS PELAFUSTANES ESTAN ARMADOS? ¿Y SI SE TRATA DE UN PLEITO FAMILIAR O ENTRE AMIGOS? ¿COMO SE PUEDE COMPROBAR LEGALMENTE UN SECUESTRO? ¿DARAN GARANTIAS PARA CONTRADEMANDAR A QUIEN HAYA SIDO CALUMNIADO POR ESTE MOTIVO? ¿SERAN IMPARCIALES LAS AUTORIDADES AL RESPECTO?,mx,0,10,30,0,0,0,0,0,0,y si los pelafustan estan armad y si se trat de un pleit famili o entre amig com se pued comprob legal un secuestr dar garanti par contrademand a qui hay sid calumni por este motiv ser imparcial las autor al respect
62f246ae7ac803588b6914062a6fb645,gobiernoCDMX,0,Es el edo de mexico verdad?,mx,0,1,0,0,0,0,0,0,0,es el edo de mexic verd
47ddc4dccc6b0f636af5c9ba51a5ac04,gobiernoCDMX,0,"Este problema de secuestros a Mujeres nos daña a toda la sociedad, estoy de acuerdo con la iniciativa y todas las propuestas para eliminar esto.  Que no salgan con estupideces de dañar a ciertos gobiernos.",mx,0,0,0,0,0,1,0,0,0,este problem de secuestr a mujer nos dañ a tod la socied estoy de acuerd con la inici y tod las propuest par elimin esto que no salg con estupidec de dañ a ciert gobi
c50d7347731961e5d9e991487728659f,gobiernoCDMX,0,Se imaginan la cantidad de linchamientos estúpidos que va haber cuando cualquier loquita paranoica grité esa estupidez en la calle.,mx,0,0,0,0,0,0,0,0,0,se imagin la cantid de linchamient estup que va hab cuand cualqui loquit paran grit esa estupidez en la call
85d8f73fae24884e2dcd7228d066124a,gobiernoCDMX,0,Pero si leyeron la nota verdad ? Dice negocios que no tengan el permiso necesario para operar 👌,mx,0,1,0,1,0,1,0,0,0,per si leyeron la not verd dic negoci que no teng el permis necesari par oper señal_de_aprobacion_con_la_man
f2715ca1c9ea14bb4c7acf1d9b23fec4,gobiernoCDMX,0,YO SOSTENGO QUE MARCHAS VESTIDO DE PÁJARA CON LA COMUNIDAD GAY. pic.twitter.com/cgid0wMX2A,mx,0,0,8,0,0,0,0,0,0,yo sosteng que march vest de paj con la comun gay pic twitt com cgid0wmx2
3796a99446bb10c817974d6b4a8223a3,gobiernoCDMX,0,"Misógino eres tú cuando te expresas así de una mujer por dar su opinión, o quizá sólo eres...",mx,0,0,0,0,0,0,1,0,1,misogin eres tu cuand te expres asi de una muj por dar su opinion o quiz sol eres
72943ecec43581e6dbf968a1404957d5,gobiernoCDMX,0,"Lamentablemente aún cuando gritas nadie se mete, nadie quiere hacer nada sólo se quedan mirando como si se tratara de una actuación",mx,0,0,0,0,0,3,0,0,0,lament aun cuand grit nadi se met nadi quier hac nad sol se qued mir com si se trat de una actuacion
dc814a81b6a23b7a0e7a70e3750613ff,gobiernoCDMX,0,"@ferbelaunzaran LOS FEMENICIDIOS SON UNOS DE LO TANTOS MALES QUE DEJARON, EN INJUSTICIA, CORRUPCION Y DEMAS LA DICTADURA DEL PRIAN  DE 88 AÑOS Y EL GOBIERNO DE @Claudiashein , ES UN GOBIERNO QUE SOLO ESTA HEREDANDO Y LLEVA APENAS MENOS DE 3 MESES EN EL PODER.",mx,0,0,26,0,0,0,0,0,0,[user] los femenicidi son unos de lo tant mal que dej en injustici corrupcion y dem la dictadur del pri de 88 años y el gobiern de [user] es un gobiern que sol esta hered y llev apen men de 3 mes en el pod
1b3fc4d227a838b851866a5d6dd1268d,gobiernoCDMX,0,"Claro, claro !!! Quieres presumir ser un promotor de la justicia y combatir la violencia. En tus hechos promueves a un terrorista y fascista que aprueba la guerra de @realDonaldTrump en Venezuela. Ah! Que mis patas cortas.... pic.twitter.com/RTg9wWYBJ9",mx,4,0,0,0,0,0,2,0,1,clar clar quier presum ser un promotor de la justici y combat la violenci en tus hech promuev a un terror y fascist que aprueb la guerr de [user] en venezuel ah que mis pat cort pic twitt com rtg9wwybj9
394fa03143baceb5d9b5cb252b6165e9,gobiernoCDMX,0,Q pasen la charola a toda la ip de cdmx q son los más beneficiados,mx,0,0,0,0,0,0,0,0,0,q pas la charol a tod la ip de cdmx q son los mas benefici
248ed720f8c7aaf059e10946af01b36c,gobiernoCDMX,0,"Bien que te haces. A poco crees que toda esa campaña está sustentada con puro aire? Sabes perfectamente que ese dinero sale de algún lado, échale números.",mx,0,1,0,0,0,0,0,0,0,bien que te hac a poc cre que tod esa campañ esta sustent con pur air sab perfect que ese diner sal de algun lad echal numer
32e325a84382dfcc918cf341b6a1e90a,gobiernoCDMX,0,Vieja pendeja y corrupta ya aprendió,mx,0,0,0,0,0,0,0,0,0,viej pendej y corrupt ya aprend
4c2dc3a0866dadc71a1b31d60ecdbad7,gobiernoCDMX,0,"Que difícil en una Sociedad tan polarizada. Igual con la cinta de color. Quién te asegura no son esas damas, con esa sustancia que paraliza y te roban lo poco que tengas. Mejor cada uno cuide a sus damas y evitemos tragos amargos.",mx,0,0,0,0,0,1,0,0,0,que dificil en una socied tan polariz igual con la cint de color quien te asegur no son esas dam con esa sustanci que paraliz y te rob lo poc que teng mejor cad uno cuid a sus dam y evit trag amarg
1216bc6df32925c1abec2a980ae2273b,gobiernoCDMX,0,"Pues si son irregulares, cualquier changarro esta en riesgo que lo clausuren.",mx,0,0,0,0,0,0,0,0,0,pues si son irregular cualqui changarr esta en riesg que lo clausur
07795a229a60fca78664d84a52297d2e,gobiernoCDMX,0,"Será que está coludida?  Porque para decir que defender y ayudar a evitar un secuestro es dañar su imagen, no vería otra razón. Digo...",mx,0,1,0,0,0,1,1,0,1,ser que esta colud porqu par dec que defend y ayud a evit un secuestr es dañ su imag no ver otra razon dig
edcda4fa8fbd5f8ca63151d70b07c8f7,gobiernoCDMX,0,Pues que le entren las empresas turísticas que se benefician del evento.,mx,0,0,0,0,0,0,0,0,0,pues que le entren las empres turist que se benefici del event
47c3852d26de1ae9bbba5a49da7e130b,gobiernoCDMX,0,"Porque nadie ayuda, por eso",mx,0,0,0,0,0,1,0,0,0,porqu nadi ayud por eso
535d24808940ec19ec9cccd3ebbb8199,gobiernoCDMX,0,"Aplaudo eso, la mayoría son un mugrero, venden cerveza y pasan x restaurantes sin cumplir con las regulaciones de dicho establecimiento, no cuentan con estacionamientos, dejan q la clientela haga todo tipo de porquerías y desmanes afuera. Son un asco.",mx,0,0,0,0,0,2,0,0,0,aplaud eso la mayor son un mugrer vend cervez y pas x restaur sin cumpl con las regul de dich establec no cuent con estacion dej q la clientel hag tod tip de porqu y desman afuer son un asco
a22c20d2a95241ea05bdf1e98190f53f,gobiernoCDMX,0,Dijo que iba a decirles que los quitaran. ¿Con qué derecho?,mx,0,2,0,0,0,0,0,0,0,dij que iba a dec que los quit con que derech
2ae643c59b1b3e1f518c3e76b0381025,gobiernoCDMX,0,Cuanto invierte el Gobierno de la CDMX en el GP?,mx,0,1,1,0,0,0,0,0,0,cuant inviert el gobiern de la cdmx en el gp
d531b00f00e694c5c1b7bb9f352be4b1,gobiernoCDMX,0,Que se estandarize esa frase en botones de panico en lugares publicos y en aps ocultables para rastreo seguro,mx,0,0,0,0,0,0,0,0,0,que se estandariz esa fras en boton de panic en lugar public y en aps ocult par rastre segur
147184ad3c4ce98231f0d57d1d831075,gobiernoCDMX,0,"Seguro esto te lo aconsejo tu mamá, que brillante, si gritan corren el riesgo de que las maten, el mexicano es muy altruista pero cuando ven peligro nadie se mete. HAY MEJORES ALTERNATIVAS TECNOLÓGICAS.",mx,0,0,4,0,0,1,0,0,0,segur esto te lo aconsej tu mam que brillant si grit corr el riesg de que las mat el mexican es muy altruist per cuand ven peligr nadi se met hay mejor altern tecnolog
d9ef39eacd1430cf758531e817b7b566,gobiernoCDMX,0,"Yo sostengo que si alguna vez veo a alguna mujer gritando #MeEstánLlevando, a ver cómo le hago, pero lo evitaré.  Y espero que al verlo, más ciudadanos apoyen.  Pensemos, si a alguna familiar le ocurriera esta pesadilla, ¿no les gustaría que alguien la defendiera?  Actuemos.",mx,0,2,0,0,0,1,0,0,0,yo sosteng que si algun vez veo a algun muj grit meestanllev a ver com le hag per lo evit y esper que al verl mas ciudadan apoy pens si a algun famili le ocurr esta pesadill no les gust que algui la defend actu
ca47000d2d423e711b091b4c78193dd6,gobiernoCDMX,0,"Simple como todos los de Morena, el puesto le quedo enorme a Claudia, su incapacidad la demuestra en cada palabra o acto. Corrupción cobrar ese sueldo para ser aprendiz!",mx,1,0,0,0,0,0,0,0,0,simpl com tod los de moren el puest le qued enorm a claudi su incapac la demuestr en cad palabr o acto corrupcion cobr ese sueld par ser aprendiz
f28abf8a446b5b40c1df054fba5d4922,gobiernoCDMX,0,"Bienvenido Fer, la vida continúa. A dar la guerra.",mx,0,0,0,0,0,0,0,0,0,bienven fer la vid continu a dar la guerr
db590e6be7bd99db15dbf9ea9e1a80d5,gobiernoCDMX,0,El pueblo no necesita fórmula F1 .... como les gusta ser oposición de tercera. !!,mx,2,0,0,0,0,1,1,0,1,el puebl no necesit formul f1 com les gust ser oposicion de tercer
3ed0b68374a2e8518be039b81e7e0f10,gobiernoCDMX,0,"Sólo las ilegales, y que estén en cerca de escuelas, ese Sopitas es un alarmista!",mx,1,0,0,0,0,0,0,0,0,sol las ilegal y que esten en cerc de escuel ese sopit es un alarm
fab9dd1bebb9f9357d2ec96a7cea46ad,gobiernoCDMX,0,"Que gran tonta esta señora. Es más, a mi me hubiera parecido una buena estrategia de algún gobierno el que pusieran ellos estos letreros para alentar a la mujeres a cuidarnos. No sé que en que fregados le afecta o la desprestigia.",mx,0,0,0,0,0,1,0,0,0,que gran tont esta señor es mas a mi me hub parec una buen estrategi de algun gobiern el que pus ellos estos letrer par alent a la mujer a cuid no se que en que freg le afect o la desprestigi
a213249224311705c64b7493382b62ae,gobiernoCDMX,0,"Que diga la campaña, no pelen a la vieja safado!!!!!",mx,5,0,0,0,0,1,1,0,0,que dig la campañ no pel a la viej saf
1170e8a6b1d943b4a9c25a9e162c33d3,gobiernoCDMX,0,"Funcionaría si la zoociedad civil, le interesara, pero los mexicanos somos tan ojetes, que solo grabarían con su celular, y lo suben diciendo maldito gobierno, sí es responsabilidad del gob, pero de igual forma de la zoociedad, si detecta un caso así, algo que no va pasar",mx,0,0,0,0,0,1,0,0,0,funcion si la zoocied civil le interes per los mexican som tan ojet que sol grab con su celul y lo sub dic maldit gobiern si es respons del gob per de igual form de la zoocied si detect un cas asi algo que no va pas
d489c4d89490b03c6741089a1532f00e,gobiernoCDMX,0,"Las vueltas que da la vida antes las defendía y ahora les da la espalda, doble moral.",mx,0,0,0,0,0,0,0,0,0,las vuelt que da la vid antes las defend y ahor les da la espald dobl moral
03fb7628868d40755ab7aae3d42735a8,gobiernoCDMX,0,"No hay tal es una ESTUPIDEZ que calderón y su pandilla de RUFIANES ganen dinero 💰💰💰💰 (botín) a costa del erario, no es casualidad que tenga palco seguro con el chupe 🙌 incluido",mx,0,0,2,5,0,2,1,0,0,no hay tal es una estupidez que calderon y su pandill de rufian gan diner bolsa_de_diner bolsa_de_diner bolsa_de_diner bolsa_de_diner botin a cost del erari no es casual que teng palc segur con el chup manos_levantadas_celebr inclu
92b5f4c68a9137b510cc204937b1aba9,gobiernoCDMX,0,Cuando importa más su imagen para futuras elecciones que la situación de la gente que los llevo a ese puesto #Fueramorena,mx,0,0,0,0,0,0,0,0,0,cuand import mas su imag par futur eleccion que la situacion de la gent que los llev a ese puest fueramoren
b57abf4fdca96ab1463bc8aa3812136f,gobiernoCDMX,0,"A costa de su “imagen”, Mancera repartió silbatos , que tampoco sirvieron. El Metro de la CDMX de ser el empleo de respuesto y dignificación de la mujer.",mx,0,0,1,0,0,1,0,2,0,a cost de su imag mancer repart silbat que tampoc sirv el metr de la cdmx de ser el emple de respuest y dignif de la muj
db2a6b90faeda152dac908660733d751,gobiernoCDMX,0,"Para las huestes de López, cualquier movilización ciudadana es un peligro. Nada debe moverse sin autorización de él. Recuerda las descalificaciones de López ante la marcha contra la violencia.",mx,0,0,0,0,0,2,0,0,0,par las huest de lopez cualqui moviliz ciudadan es un peligr nad deb mov sin autoriz de el recuerd las descalif de lopez ante la march contr la violenci
9fa4ba6e658fedf22ae1aa07003d4858,gobiernoCDMX,0,@Claudiashein  esa ya es mamada,mx,0,0,0,0,0,0,0,0,0,[user] esa ya es mam
abc5a224f336441b843b8929154c00fc,gobiernoCDMX,0,El @GobCDMX y los gobiernos en general todavía creen que con prohibir es la solución a los problemas de la #CDMX hay que ser más profundos y analíticos para poder entender lo que realmente tiene hundido a la ciudad en la violencia y delincuencia.,mx,0,0,1,0,0,0,0,0,0,el [user] y los gobi en general todav cre que con prohib es la solucion a los problem de la cdmx hay que ser mas profund y analit par pod entend lo que realment tien hund a la ciud en la violenci y delincuent
facbc685146fd9063308ee8e51cf97be,gobiernoCDMX,0,#nosEstáLlevando detengamos el secuestro de nuestro país. (Cada día el presidente toma decisiones que hacen que México no salga adelante),mx,0,0,0,0,0,1,0,0,0,nosestallev deteng el secuestr de nuestr pais cad dia el president tom decision que hac que mexic no salg adel
c1fc308d906d1f9f88dbd328e1272818,gobiernoCDMX,0,Lamentable que @Claudiashein tenga estos delirios de persecución pólitica a inicio de su gobierno. Las mujeres merecen respeto y debemos apoyarles.,mx,0,0,0,0,0,0,0,0,0,lament que [user] teng estos deliri de persecu polit a inici de su gobiern las mujer merec respet y deb apoy
6cf44ce0a61a13f37c54612900ebb511,gobiernoCDMX,0,Cuáles son esas asociaciones?,mx,0,1,0,0,0,0,0,0,0,cual son esas asoci
25c11b1bca5a186f59394f2b5fc4d8da,gobiernoCDMX,0,Bruta y no le importamos las mujeres,mx,0,0,0,0,0,1,0,0,0,brut y no le import las mujer
28aea5698e3550bdd7dd2622b0b06b28,gobiernoCDMX,0,Me causó cierta molestia el leer que quitarán las mucheladas sin embargo van a quitan a los locales que NO tienen permiso. ¿Pues es obvio no? Puro Brayan y Kevin entra ahí.,mx,0,2,0,0,0,3,0,0,0,me caus ciert molesti el leer que quit las muchel sin embarg van a quit a los local que no tien permis pues es obvi no pur bray y kevin entra ahi
52394dc7577036c774582df4da6cb520,gobiernoCDMX,0,Que pedos pinches patas cortas @ferbelaunzaran todavia sobrevives ? Pero si el PRD esta extincion . Jajjajajaja,mx,0,1,1,0,0,0,0,0,0,que ped pinch pat cort [user] todavi sobreviv per si el prd esta extincion jajjajajaj
3c78681da92d0c1a13fa09cfd7d95b0a,gobiernoCDMX,0,"Gran derrama económica deja el evento, pero la neta si el gobierno no pone $$ es lógico q se siga haciendo, pero si pone y no le toca nada, está cañón!!!",mx,3,0,0,0,0,3,1,0,0,gran derram econom dej el event per la net si el gobiern no pon es logic q se sig hac per si pon y no le toc nad esta cañon
acdbaa4dce35a611cb41fe998b08736f,gobiernoCDMX,0,"No seas escandaloso Sopas, ves que esta madre está repleta de derechangos ignorantes y tu todavía les das cuerda...",mx,0,0,0,0,0,1,1,0,1,no seas escandal sop ves que esta madr esta replet de derechang ignor y tu todav les das cuerd
9b43d8f9e1127d025841b54ed986c971,gobiernoCDMX,0,"Eso no es el punto aquí, lo que molesta es que @Claudiashein se preocupe más por su imagen que por buscar alguna solución al problema o al menos, ser empática con las víctimas...",mx,0,0,0,0,0,1,1,0,1,eso no es el punt aqu lo que molest es que [user] se preocup mas por su imag que por busc algun solucion al problem o al men ser empat con las victim
e42bf678d889d7a7971fcb7842ec9c52,gobiernoCDMX,0,Yo no soy de la élite pero mi bar sercas de ciudad deportiva le va bien cuando está la F1,mx,0,0,0,0,0,1,0,0,0,yo no soy de la elit per mi bar serc de ciud deport le va bien cuand esta la f1
cc43d71f5fb520e800d9d60f3b07c84e,gobiernoCDMX,0,"Jajajajajajajajajajajajajaja Cuantas veces a pasado eso, todos son expectadores. Pero como se involucra a  Sheinbaum por eso proponen que esto puede funcionar.",mx,0,0,0,0,0,0,0,0,0,jajajajajajajajajajajajajaj cuant vec a pas eso tod son expect per com se involucr a sheinbaum por eso propon que esto pued funcion
5276b0f8b98fc7a74bef70dc1a02f873,gobiernoCDMX,0,"Pues yo creo es decirle, como son una bola de ineptos mejor nos cuidamos entre nosotras!",mx,1,0,0,0,0,0,0,0,0,pues yo cre es dec com son una bol de inept mejor nos cuid entre nosotr
392992aa8bc642527258961070a880d8,gobiernoCDMX,0,A tu jefe se lo llevo la verga de tan pendejo que saliste,mx,0,0,0,0,0,0,0,0,0,a tu jef se lo llev la verg de tan pendej que sal
43ea912f30b41dc71b51d2c799347397,gobiernoCDMX,0,Ya basta hijo de tu puta madre.,mx,0,0,0,0,0,0,0,0,0,ya bast hij de tu put madr
69f3c4880d5e447bbff3fe8746a3e4c9,gobiernoCDMX,0,Por que no simplemente gritar AYUDA?,mx,0,1,1,0,0,1,0,0,0,por que no simplement grit ayud
321e0575d89a580d1cc35d499abd748e,gobiernoCDMX,0,"Por lo pronto, a mí hijita le compré una lata de gas, me vale madre si es ilegal, espero que nunca tenga que usarlo",mx,0,0,0,0,0,1,0,0,0,por lo pront a mi hijit le compr una lat de gas me val madr si es ilegal esper que nunc teng que usarl
5ecf7edd6128b484123bad2588b65ae5,gobiernoCDMX,0,"Yo sostengo que con solo gritar no asustas a nadie que tiene una arma el la mano,  de ser así ya no existiera delincuencia desde el día que Calderón saco a los militares a la calle",mx,0,0,0,0,0,3,0,0,0,yo sosteng que con sol grit no asust a nadi que tien una arma el la man de ser asi ya no exist delincuent desd el dia que calderon sac a los militar a la call
94733a6aa5ac3f0ff8b801c9486f2a54,gobiernoCDMX,0,Así como agarraste aadrazos a tu esposa!!,mx,2,0,0,0,0,0,0,0,0,asi com agarr aadraz a tu espos
8b887ec26d6c4a848d37c3f2ee17e47d,gobiernoCDMX,0,¿Por qué siempre tienen otros datos? Esto es muy serio. Jamás pondría en duda el reclamo de un ser humano. Nos convide rectifique el camino.,mx,0,2,0,0,0,1,0,0,0,por que siempr tien otros dat esto es muy seri jamas pondr en dud el reclam de un ser human nos convid rectifiqu el camin
feabe0cd1a80f2b0f65f351c382eb123,gobiernoCDMX,0,Doctora.. cuándo da audiencias públicas???,mx,0,3,0,0,0,0,1,0,0,doctor cuand da audienci public
1c769b607b58cb509b2b879657c84963,gobiernoCDMX,0,"Que bueno, que cierren a esos antros sin permisos, pues ya cualquier casa abre su puerta y vende cerveza sin permiso, hay leyes y hay que obedecerlas 😠😠",mx,0,0,0,2,0,2,0,0,0,que buen que cierr a esos antros sin permis pues ya cualqui cas abre su puert y vend cervez sin permis hay ley y hay que obedec cara_enfad cara_enfad
943c15770356dc4e34c675489e069e4b,gobiernoCDMX,0,"@yosoylu12 YO ENTIENDO LA SITUACION Y QUE  ESTAN LOS NIVELES DE DELICUENCIA MUY ALTOS Y YO NO  DEFIENDO A @Claudiashein , YO TAMBIEN APOYO EN CRITICAR SU TRABAJO, EN CUANDO SE HACEN LAS COSAS BIEN O MAL, PERO MI CRITICA REAL NO ES CONTRA LAS VICTIMAS DEL FEMINICIDIO",mx,0,0,28,0,0,2,0,0,0,[user] yo entiend la situacion y que estan los nivel de delicuent muy altos y yo no def a [user] yo tambi apoy en critic su trabaj en cuand se hac las cos bien o mal per mi critic real no es contr las victim del feminicidi
ca8f1899d190c1add3a738f4248b2add,gobiernoCDMX,0,NO NO LO HAGAN SOLO ES UN EVENTO ELITISTA QUE NO DEJA NADA A LA CAPITAL @mexicogp VAYANSE A OTRO PAIS !!!,mx,3,0,11,0,0,4,1,0,0,no no lo hag sol es un event elit que no dej nad a la capital [user] vayans a otro pais
dbe7d94c60875c81f6229b2e6a1f68f6,gobiernoCDMX,0,Eso mas bien es resultado del discurso feminista y de la propaganda de Sheinbaum.,mx,0,0,0,0,0,0,0,0,0,eso mas bien es result del discurs femin y de la propagand de sheinbaum
91aa9bcac7f9f0e6de57add4fce79412,gobiernoCDMX,0,La fórmula para hacer viables este tipo de eventos es hacerlos autosostenibles y no dilapidar recursos públicos para el entretenimiento de la élite.,mx,0,0,0,0,0,1,0,0,0,la formul par hac viabl este tip de event es hac autososten y no dilapid recurs public par el entreten de la elit
fc393cef28bfe9774fe4527050105bb7,gobiernoCDMX,0,"Si son por una buena causa, ¿qué importa quién los pague?",mx,0,2,0,0,0,0,0,0,0,si son por una buen caus que import quien los pag
13f50e8b23a1d5495bd8c18c1094a9a7,gobiernoCDMX,0,"Alguna vez en tu vida has trabajado? lo que se dice trabajar, no vivir de la politica sin hacer nada mas que parasitar... te la pasas atacando, ensuciando, arrojando mierda al ventilador y a quien le caiga... eres como el tal javier lozano de porqueria. Ya estuvo.",mx,0,1,0,0,0,3,2,0,2,algun vez en tu vid has trabaj lo que se dic trabaj no viv de la polit sin hac nad mas que parasit te la pas atac ensuci arroj mierd al ventil y a qui le caig eres com el tal javi lozan de porqueri ya estuv
72203158957953d9b5a922263ec4aef0,gobiernoCDMX,0,Se dice que a los “hombres” fanaticos de las micheladas se les dará carcel para que prueben lo que tanto quieren 👉🏿👌🏻,mx,0,0,0,4,0,0,0,2,0,se dic que a los hombr fanat de las michel se les dar carcel par que prueb lo que tant quier dorso_de_mano_con_indice_a_la_derecha_tono_de_piel_oscur señal_de_aprobacion_con_la_mano_tono_de_piel_clar
02b49bc53a8f5386d06fbb42ae24805c,gobiernoCDMX,0,Si la pasan para las campañas electorales por que no para esto claro q lo creo,mx,0,0,0,0,0,1,0,0,0,si la pas par las campañ electoral por que no par esto clar q lo cre
49adbed7c5003d8170ad57e4d6d26ab5,nuevoGobierno,1,"Malditos fanaticos, ahora entiendo porque nos quiere destruir Donald Trump 🤦🏻‍♂️",mx,0,0,0,3,0,0,0,0,0,maldit fanat ahor entiend porqu nos quier destru donald trump hombre_con_la_mano_en_la_frente_tono_de_piel_clar
1870ca01467fe6295091a484977f8e40,nuevoGobierno,1,"Si te apuntaste, chingale @lopezobrador_ ... deja de chillar, solo perdemos tiempo y tenemos prisa, no vamos por la reelección.",mx,0,0,0,0,0,1,1,0,1,si te apunt chingal [user] dej de chill sol perd tiemp y ten pris no vam por la reeleccion
bb9fb825838870ce02cbe012737d2a02,nuevoGobierno,1,Y fue allá para que crucifiquen a su mesías” ?,mx,0,1,0,0,0,0,0,1,0,y fue alla par que crucifiqu a su mes
59d6308a2f152fe34831ccd078865778,nuevoGobierno,1,Creo que se esta acabando el romance ...bienvenido a la realidad !!!,mx,3,0,0,0,0,0,2,0,1,cre que se esta acab el romanc bienven a la realid
3cfc71c0dd460b2a92e7cc4e776f30f2,nuevoGobierno,1,"Pero “la sociedad civil” ¿no somos todos? ¿Izquierda, derecha, centro, apolíticos, asténicos, apáticos? 😳",mx,0,4,0,1,0,1,0,2,0,per la socied civil no som tod izquierd derech centr apolit asten apat cara_sonroj
b7469b547dec18abe4fe204e725e9c9c,nuevoGobierno,1,No veo a ningún intelectual,mx,0,0,0,0,0,2,0,0,0,no veo a ningun intelectual
c3ba251936480feaaa98b6a275f9c1f8,nuevoGobierno,1,Yo tengo un aceite mágico que le puedo aventar en la cara...,mx,0,0,0,0,0,0,1,0,1,yo teng un aceit magic que le pued avent en la car
da0d771b139bbe357fcc221f2df088dc,nuevoGobierno,1,"Tienes razón, creo que hasta las cucarachas se ofenderían.",mx,0,0,0,0,0,0,0,0,0,tien razon cre que hast las cucarach se ofend
4a30a86de2a31690a995ea2e589dcc05,nuevoGobierno,1,Ahhh ya entendi... Torruco el el parapeto de @SECTUR_mx. Como todos los Secretarios patito 😁😁😁,mx,0,0,0,3,0,0,3,0,1,ahh ya entendi torruc el el parapet de [user] com tod los secretari patit cara_radiante_con_ojos_sonrient cara_radiante_con_ojos_sonrient cara_radiante_con_ojos_sonrient
5df524eb6303cc5c2edb2fe819d49197,nuevoGobierno,1,Que lo bendigan al peje con AGÜITA AMARILLA. Se lo merece.,mx,0,0,2,0,0,0,0,0,0,que lo bendig al pej con agüit amarill se lo merec
35c705c0bd0e2fe56c78c127f272b7e1,nuevoGobierno,1,"Hay chairitos, si tan solo supieran sumar y restar, ya no digamos multiplicar, otra sería su opinión... Jajaja",mx,0,0,0,0,0,1,1,0,1,hay chairit si tan sol sup sum y rest ya no dig multiplic otra ser su opinion jajaj
c27b8f031ca32f897ff754e9c4f43989,nuevoGobierno,1,"El refrito de #FarsantesDeLaMx  Por cierto, que sería de aquel viejo grupo? 🤔",mx,0,1,0,1,0,0,0,0,0,el refrit de farsantesdelamx por ciert que ser de aquel viej grup cara_pens
875a1202e8e5274d2835811ca635e930,nuevoGobierno,1,Que le ponga aceites malditos que le quiten lo bruto y senil.,mx,0,0,0,0,0,0,0,0,0,que le pong aceit maldit que le quit lo brut y senil
a5070fcfd65fa3dce710c9cdb7114a3e,nuevoGobierno,1,Ahora se viene el desabasto de medicinas!!!!,mx,4,0,0,0,0,0,1,0,0,ahor se vien el desabast de medicin
4ff5721063b8eed51951639c822c81dc,nuevoGobierno,1,¡Válgame. El reaccionario contra la sociedad civil sin ideologías!,mx,2,0,0,0,0,1,0,0,0,valgam el reaccionari contr la socied civil sin ideolog
b2337d6e3f29e7497e59bb440b58f967,nuevoGobierno,1,A  ver quien amarra al tigre...,mx,0,0,0,0,0,0,1,0,1,a ver qui amarr al tigr
35bd55a84b9df721cc73ea5de272e900,nuevoGobierno,1,En proporción de ciudadanos en contra se debería de cancelar. Misma proporción que fue de aeropuerto. El pueblo ahora no es sabio,mx,0,0,0,0,0,1,0,0,0,en proporcion de ciudadan en contr se deb de cancel mism proporcion que fue de aeropuert el puebl ahor no es sabi
c0e4e73216196e4ba2c3c7c3d628be97,nuevoGobierno,1,Espero que con eso se le quite lo pendejo a @lopezobrador_,mx,0,0,0,0,0,0,0,0,0,esper que con eso se le quit lo pendej a [user]
6ed84a5bb87ae5cf4b66f0758b16355f,nuevoGobierno,1,"Este Gobierno no es austero, es pobre... tenemos un Gobierno Pobre",mx,0,0,0,0,0,1,1,0,1,este gobiern no es auster es pobr ten un gobiern pobr
ef80b44f3c41f02a1c52e146eb77b84e,nuevoGobierno,1,"Su mero mole sentirse único,importante y iluminado jajajajaja con el pueblo bueno adorandolo.. pic.twitter.com/7ZOTIfMkjj",mx,0,0,0,0,0,0,0,0,0,su mer mol sent unic import y ilumin jajajajaj con el puebl buen ador pic twitt com 7zotifmkjj
f63febe0615a1fdf8154bb85589af9c0,nuevoGobierno,1,"Jajajaja, es un demente a quien eligieron",mx,0,0,0,0,0,0,0,0,0,jajajaj es un dement a qui elig
610f000bae1161af5f0dc490fba7b2ff,nuevoGobierno,1,Va a ver consulta para ver si se le compran a los indígenas sin licitación y con la austeridad pura medicina arboraria,mx,0,0,0,0,0,1,0,0,0,va a ver consult par ver si se le compr a los indigen sin licit y con la auster pur medicin arborari
fb41febe61ecf9672a6c7bba9470b6dc,nuevoGobierno,1,Y seguramente le van a obedecer... 🤦,mx,0,0,0,1,0,0,1,0,1,y segur le van a obedec persona_con_la_mano_en_la_frent
48853f7b7815a3ebbe763c7253e8603e,nuevoGobierno,1,UTA MOTHER SI AHORITA MISMO NO HAY NI ASPIRINAS EN LOS HOSPITALES PUBLICOS,mx,0,0,9,0,0,2,0,0,0,uta moth si ahorit mism no hay ni aspirin en los hospital public
e43b6e694834c12ecab50905780d9e22,nuevoGobierno,1,Ojalà no sea veneno de la CIA,mx,0,0,1,0,0,1,0,0,0,ojalà no sea venen de la cia
61f1c0d5cb07936ef31b840e62e0cfe5,nuevoGobierno,1,Pues ojalá el creador lo llame a su presencia pronto,mx,0,0,0,0,0,0,0,0,0,pues ojal el creador lo llam a su presenci pront
040bcc9db455754efce6344e71313ad2,nuevoGobierno,1,Entiendan chairos necesita un exorcismo con el Padre Fortea,mx,0,0,0,0,0,0,0,0,0,entiend chair necesit un exorc con el padr forte
3d070e29d6cff847c117cecf49454a53,nuevoGobierno,1,"Si, ya lo van a canonizar... 🤑",mx,0,0,0,1,0,0,1,0,1,si ya lo van a canoniz cara_con_lengua_de_diner
d7680071d2c6dd15c03759e1182e5d8c,nuevoGobierno,1,Que pensaría de esto el Estado Mayor Presidencial.,mx,0,0,0,0,0,0,0,0,0,que pens de esto el estad mayor presidencial
a871be3961e6cf2b00fdebdc16374e61,nuevoGobierno,1,Le engrasó el tinte,mx,0,0,0,0,0,0,0,0,0,le engras el tint
509d01dd9c00f895bbac8266129588f8,nuevoGobierno,1,"a) 120M Mexicanos b) 90M votantes c) 30M Chairos, quedan 60M AntiPeje (más lo que se acumule hoy)  De dónde se desprende que si 60 es mayor que 30, la minoría es chaira. Si, confirmado el teorema: Entre más Chairo Más Ignorante. Gracias por sus aportaciones a la investigación.",mx,0,0,0,0,0,0,0,0,0,a 120m mexican b 90m votant c 30m chair qued 60m antipej mas lo que se acumul hoy de dond se desprend que si 60 es mayor que 30 la minor es chair si confirm el teorem entre mas chair mas ignor graci por sus aport a la investig
fbad2acaeabb32b46376877ce27e717b,nuevoGobierno,1,"Echenle agua bendita al cabron, a ver si se derrite",mx,0,0,0,0,0,0,0,0,0,echenl agu bendit al cabron a ver si se derrit
a8f2306ca9354e63382d02894bbab311,nuevoGobierno,1,"Ya sé porqué está contento y escuchando música y en paz, el solito se pone la soga al cuello.",mx,0,0,0,0,0,0,0,0,0,ya se porqu esta content y escuch music y en paz el solit se pon la sog al cuell
a98de4586c3b45a758acf1d138180ca8,nuevoGobierno,1,"Contrapeso?? De donde Y luego ponen a colosito lastima de apellido, le quedo grande",mx,0,2,0,0,0,0,0,0,0,contrapes de dond y lueg pon a colosit lastim de apell le qued grand
c6e913fead290824ab9f01723c0ee051,nuevoGobierno,1,Puro damnificado del chayote y del hueso. Además de uno que otro advenedizo.,mx,0,0,0,0,0,0,0,0,0,pur damnific del chayot y del hues ademas de uno que otro advenediz
575608af8b77a819117fc1c7bb437834,nuevoGobierno,1,"A los únicos que veo con exceso de peso son , a Enrique Alfaro y y al   Presidente de coparmex,  y cuáles o dónde están los intelectuales, quién les dio esa clasificación, o tienen un I Q de más de 160? Quién examina o evalúa intelectuales?",mx,0,2,0,0,0,0,1,0,0,a los unic que veo con exces de pes son a enriqu alfar y y al president de coparmex y cual o dond estan los intelectual quien les dio esa clasif o tien un i q de mas de 160 quien examin o evalu intelectual
6b8ab3943d797dbe829564bb95ba8034,nuevoGobierno,1,El más conservador es el. Que no ma...,mx,0,0,0,0,0,1,1,0,1,el mas conserv es el que no ma
7833420a02a5633dbf4f03f373bc2d99,nuevoGobierno,1,"Y habrá licitación pública, o ya hubo selección directa???",mx,0,3,0,0,0,0,1,0,0,y habr licit public o ya hub seleccion direct
57e895c7ada9d509f398d9fa16e7d196,nuevoGobierno,1,"Lo peor es que el tipo se lo cree. Si eso es lo que buscaba, debe fundar una secta. Al fin que feligreses ya tiene.",mx,0,0,0,0,0,0,0,0,0,lo peor es que el tip se lo cre si eso es lo que busc deb fund una sect al fin que feligres ya tien
f8a5780c2c47a48ccf9c979aa96cc642,nuevoGobierno,1,No creo que eso sirva para que sea mejor gobernante.,mx,0,0,0,0,0,1,0,0,0,no cre que eso sirv par que sea mejor gobern
dc19e88eb5acc62c2a965823c376c59b,nuevoGobierno,1,no ocupaba el aceite... el ganso mayor siempre trae seboso el plumaje...,mx,0,0,0,0,0,1,2,0,2,no ocup el aceit el gans mayor siempr tra sebos el plumaj
487b6358a9d28f352c6b32d87f237cd5,nuevoGobierno,1,"Chingado, de veras que urge separarnos, tan muy pendejos alla en el Sur, inchis guachos.",mx,0,0,0,0,0,0,0,0,0,ching de ver que urge separ tan muy pendej alla en el sur inchis guach
6b01142e506d135da69e37dbfcab56ed,nuevoGobierno,1,"El hijo de Colosio es huérfano, no tiene madre ❗️ ni padre ni vergüenza, mucho menos memoria ❗️",mx,0,0,0,2,0,3,0,0,0,el hij de colosi es huerfan no tien madr exclamacion_roj ni padr ni vergüenz much men memori exclamacion_roj
181dcfb0e2b5af1c238c1c79e4111467,nuevoGobierno,1,"🤣🤣🤣🤣 populacheria 100% , ahora resulta que será el cristo redentor",mx,0,0,0,4,0,0,1,0,0,cara_revolviendose_de_la_ris cara_revolviendose_de_la_ris cara_revolviendose_de_la_ris cara_revolviendose_de_la_ris populacheri 100 ahor result que ser el crist redentor
8ef53985944283b377159fd8ebc2fa2b,nuevoGobierno,1,"Curioso que diga eso con @ManuelBartlett a un lado, ya saben ese señor al que ""se le cayó"" el sistema...  Pero ya es de los ""buenos"" supongo.",mx,0,0,0,0,0,0,1,4,1,curios que dig eso con [user] a un lad ya sab ese señor al que se le cay el sistem per ya es de los buen supong
89821a2bc60d320fb4fec6ca4dd4df52,nuevoGobierno,1,A merced del inepto autócrata y sus pataditas tabasqueñas...,mx,0,0,0,0,0,0,1,0,1,a merc del inept autocrat y sus patadit tabasqueñ
bc3d8fa37f1435f95764131637d25138,nuevoGobierno,1,"Pueblo sabio, que te pasa!",mx,1,0,0,0,0,0,0,0,0,puebl sabi que te pas
5cc1f5246213a09841d858dfcb9c3c83,nuevoGobierno,1,No todos somos pinche pueblo sabio,mx,0,0,0,0,0,1,0,0,0,no tod som pinch puebl sabi
ef7ac187b0797cc08b64ce340afab7fc,nuevoGobierno,1,Sus afirmaciones en la telenovela mañanera revelan su alto nivel... de supino,mx,0,0,0,0,0,0,1,0,1,sus afirm en la telenovel mañaner revel su alto nivel de supin
86542f13f53894e2f734ef1aee68dd45,nuevoGobierno,1,Qué novedad!!! Él decide todo. 😛,mx,3,0,0,1,0,0,1,0,0,que noved el decid tod cara_sacando_la_lengu
735cac9387acc87bf5b74dd760937d11,nuevoGobierno,1,Ya salieron a ladrar!!!,mx,3,0,0,0,0,0,1,0,0,ya sal a ladr
72284eaa4766ca3aa5d2f83effab34d2,nuevoGobierno,1,"@alarcondibujos @ErikaAraujoMX @CartonCalderon @Patriciomonero Yo veo en el video a un pueblo bueno y sabio... El @GobiernoMX seguramente lo verá así,  ¿O no? 😉",mx,0,2,0,1,0,1,1,0,1,[user] [user] [user] [user] yo veo en el vide a un puebl buen y sabi el [user] segur lo ver asi o no cara_guiñando_el_oj
015705b37b6f69fa38905b04a5aa516f,nuevoGobierno,1,De esa casilla saldrán unos 3 millones de votos que avalarán su consulta!!!!🤣🤣🤣,mx,4,0,0,3,0,0,2,0,0,de esa casill saldran unos 3 millon de vot que aval su consult cara_revolviendose_de_la_ris cara_revolviendose_de_la_ris cara_revolviendose_de_la_ris
1e5eedf928d9930b79bb334559145c01,nuevoGobierno,1,Consulta pati-ganzo. Fracaso total.,mx,0,0,0,0,0,0,0,0,0,consult pati ganz fracas total
63d4823645bbbd52c8a5e16d6851d0ea,nuevoGobierno,1,"Se la froto , para ver si se le quita lo pendejo 😂😂",mx,0,0,0,2,0,0,0,0,0,se la frot par ver si se le quit lo pendej cara_llorando_de_ris cara_llorando_de_ris
33ac934210d6228e066d6825cff85828,nuevoGobierno,1,"Pues con el recorte presupuestal que le hizo a la investigación, ya estuvo que no cumplió.",mx,0,0,0,0,0,1,0,0,0,pues con el recort presupuestal que le hiz a la investig ya estuv que no cumpl
0dd8ea4178f4a2743c5cc7da295597aa,nuevoGobierno,1,Peje aguas no vayan a ser mecos,mx,0,0,0,0,0,1,0,0,0,pej agu no vay a ser mec
703c62708ee7d632f59e64e7a503fb4d,nuevoGobierno,1,Suenas como periodista Norcoreano cuestionando la democracia.,mx,0,0,0,0,0,0,0,0,0,suen com period norcorean cuestion la democraci
b7933d5412d69419e777ca6a4fdc4bc6,nuevoGobierno,1,Ya le están dando los santos óleos? Jajajajajajaja,mx,0,1,0,0,0,0,0,0,0,ya le estan dand los sant ole jajajajajajaj
8bf30fedafe7363f952354d2c7645e48,nuevoGobierno,1,Traducción: vamos a pelear por nuestro moches !!,mx,2,0,0,0,0,0,0,0,0,traduccion vam a pel por nuestr moch
bd1c4fe40b98c2e1e3a610d87e2fb717,nuevoGobierno,1,"El #GalliGanzo no necesita ser ungido con aceite, ocupa beber aceite de ricino para purgarse!",mx,1,0,0,0,0,1,0,0,0,el galliganz no necesit ser ungid con aceit ocup beb aceit de ricin par purg
ffe0f6dcbeba0ece07587f5b970d803e,nuevoGobierno,1,"Gracias a gobierno güeno, pueblo güeno en acción",mx,0,0,0,0,0,0,0,0,0,graci a gobiern güen puebl güen en accion
9b7ed0b557c53723f6279390c342c0aa,nuevoGobierno,1,Si esa mierda es le contrapeso ya se jodió México.,mx,0,0,0,0,0,0,0,0,0,si esa mierd es le contrapes ya se jod mexic
947baca9e7d762fabc395c79fc383afa,nuevoGobierno,1,Pero si lo que necesita es un EXORCISMO!!!,mx,3,0,1,0,0,0,1,0,0,per si lo que necesit es un exorc
1007213133b564d97e3dd5ebcecd509b,nuevoGobierno,1,Artículo 20 de las consultas ciudadanas de mi abuelito el peje : En caso de ser destruida la casilla todos los votos van a ser “Ji ajepto “,mx,0,0,0,0,0,0,0,2,0,articul 20 de las consult ciudadan de mi abuelit el pej en cas de ser destru la casill tod los vot van a ser ji ajept
8473fc50869dda531c51bb7fd37c5a95,nuevoGobierno,1,Muy alertas por las venganzas del ganso cuidar a la jente qué está despertando.,mx,0,0,0,0,0,0,0,0,0,muy alert por las venganz del gans cuid a la jent que esta despert
bb8034a45f65e25a7fa962da99f906f9,nuevoGobierno,1,AMLOco pa los cuates,mx,0,0,0,0,0,0,0,0,0,amloc pa los cuat
82dcc32fe8fa80267f4fc1f6d3445792,nuevoGobierno,1,CONTRAPESOS!! JA JA JA JA JA JA JA JA JA JA VEO UN NARCO ALFARO Y 5 DELINCUENTES,mx,2,0,5,0,0,0,0,0,0,contrapes ja ja ja ja ja ja ja ja ja ja veo un narc alfar y 5 delincuent
2332ad8defa718fbbb050108f23e8069,nuevoGobierno,1,"Mienten como respiran, igualito que Loret.",mx,0,0,0,0,0,0,0,0,0,mient com respir igualit que loret
5886c1a8252542f9c74659009ba46d6d,nuevoGobierno,1,"Híjole... Espero que aquí no haya suicidios, accidentes y esas cosas que ocurren en esta #4T verdad @lopezobrador_ ?",mx,0,1,0,0,0,1,1,0,1,hijol esper que aqu no hay suicidi accident y esas cos que ocurr en esta 4t verd [user]
319293fb4643032b5535f78a5a4503b4,nuevoGobierno,1,Lo que hace la gente por una torta y un frutsi.,mx,0,0,0,0,0,0,0,0,0,lo que hac la gent por una tort y un frutsi
e8aefe773d5bb6c848528b700cbb7959,nuevoGobierno,1,Me imagino que Carlos Lomeli será el primero en la lista.,mx,0,0,0,0,0,0,0,0,0,me imagin que carl lomeli ser el primer en la list
06d6603a7fa88ee95504af960b2c1ca7,nuevoGobierno,1,30 millones civilizados... #unpuñadodeENERGUMENOS ‼️👊🏼,mx,0,0,0,3,0,0,1,0,1,30 millon civiliz unpuñadodeenergumen exclamacion_dobl puño_cerrado_tono_de_piel_claro_medi
091778cbd9a3bdcf52adf22164196e23,nuevoGobierno,1,"El pueblo bueno y sabio, o Tiro por la culata.",mx,0,0,0,0,0,0,0,0,0,el puebl buen y sabi o tir por la culat
78920543e0806e4fb5693fd9e31cdc80,nuevoGobierno,1,"Nunca discutas con un ignorante ,pues el siempre tiene la razón",mx,0,0,0,0,0,1,0,0,0,nunc discut con un ignor pues el siempr tien la razon
414e00c88de8ffc124192f140b19b25f,nuevoGobierno,1,Ya no va a haber inversión!,mx,1,0,0,0,0,1,0,0,0,ya no va a hab inversion
e5f0caea95990e9b2483cc268ba5fc16,nuevoGobierno,1,"Muy civicos los ""habitantes"" de Temoac.",mx,0,0,0,0,0,0,0,2,0,muy civic los habit de temoac
13da4ae2ba2d8abf55f605b3cee3ea21,nuevoGobierno,1,Jajajajajajaja eso sí me pareció raro si van del mismo equipo jajajjaa,mx,0,0,0,0,0,0,0,0,0,jajajajajajaj eso si me parec rar si van del mism equip jajajja
461b2149ea99530e3e1024d47f2e9529,nuevoGobierno,1,"Negativo, los conceptos de Andrés son claros, sociedad civil = parte fifí de la población, el resto, base votante = pueblo bueno...",mx,0,0,0,0,0,0,1,0,1,negat los concept de andres son clar socied civil part fif de la poblacion el rest bas votant puebl buen
c63ac30fa962f0857586696cbf0b0ae3,nuevoGobierno,1,"Entonces ya pronto será San Andrés Manuel, el santo de los locos.",mx,0,0,0,0,0,0,0,0,0,entonc ya pront ser san andres manuel el sant de los loc
310c960546380bf0799e192db1db6802,nuevoGobierno,1,"No es el pueblo bueno, son unos neoliberalistas fifis que quieren hacer quedar mal al presidente",mx,0,0,0,0,0,1,0,0,0,no es el puebl buen son unos neoliberal fifis que quier hac qued mal al president
aa98db850ebf97361a9a69e666414017,nuevoGobierno,1,Y quien lo va empujar? Un viejo loco y reumático??? 😂🤣😂🤣😂🤣😂,mx,0,4,0,7,0,0,1,0,0,y qui lo va empuj un viej loc y reumat cara_llorando_de_ris cara_revolviendose_de_la_ris cara_llorando_de_ris cara_revolviendose_de_la_ris cara_llorando_de_ris cara_revolviendose_de_la_ris cara_llorando_de_ris
ffb8c3443a7a5a07f654656e287a93d6,nuevoGobierno,1,¿Intelectuales? jajajajajajajaja... ¿Krauze y Camín? 👀,mx,0,4,0,1,0,0,1,0,1,intelectual jajajajajajajaj krauz y camin ojos
45c264bb9c47e0bac9b630b318d33db9,nuevoGobierno,1,Entre locos te veas.,mx,0,0,0,0,0,0,0,0,0,entre loc te veas
0a912390d508e85d1189171a6bdf110e,nuevoGobierno,1,"Jajaja quiere vaselina digo por si ocupa ..el pueblo ya sufrió muchos años y más de 52,000,000 no pueden estar equivocados ..saludos !!",mx,2,0,0,0,0,1,2,0,0,jajaj quier vaselin dig por si ocup el puebl ya sufr much años y mas de 52 00 00 no pued estar equivoc salud
30313fe3a637de4a02a38e433ff7a8e9,nuevoGobierno,1,"Diría tres patines, semos un país bananero o semos de Tabaco?",mx,0,1,0,0,0,0,0,0,0,dir tres patin sem un pais bananer o sem de tabac
9c9f1fa1075e24fdc0b7f3e803949d41,nuevoGobierno,1,Una estupidez más... Cortesía de la #TransformacionDe4ta   pero no hay que preocuparse ellos tienen otros datos e imágenes....,mx,0,0,0,0,0,1,3,0,2,una estupidez mas cortes de la transformacionde4t per no hay que preocup ellos tien otros dat e imagen
8d5980b52005e6d5ccd575069510bedf,nuevoGobierno,1,"¡¡Uuuyy!!, ¡qué buena protección!. Me cae que así ya no le pasará nada al senil presidente. De mesías a mesías y los 2 se la creén. Nomás lo dejpeinaron",mx,6,0,0,0,0,2,1,0,0,uuuyy que buen proteccion me cae que asi ya no le pas nad al senil president de mes a mes y los 2 se la creen nomas lo dejpein
6d139bd69995d1b34787a8667aae41c8,nuevoGobierno,1,"Ojalá hubieran sido miados, jajajajajajajaja!",mx,1,0,0,0,0,0,0,0,0,ojal hub sid miad jajajajajajajaj
f14034f07bf61bf20ca00e0662af8673,nuevoGobierno,1,Casualmente muchos medios en las casillas dónde hubo la quema de boletas.,mx,0,0,0,0,0,0,0,0,0,casual much medi en las casill dond hub la quem de bolet
bb333ac0b07aa964469a636731d20bdf,nuevoGobierno,1,Ya sabemos que hacer en la próxima consulta patito 🐥😂😂😂👏🏻👏🏻👏🏻,mx,0,0,0,10,0,0,1,0,0,ya sab que hac en la proxim consult patit pollito_de_frent cara_llorando_de_ris cara_llorando_de_ris cara_llorando_de_ris manos_aplaudiendo_tono_de_piel_clar manos_aplaudiendo_tono_de_piel_clar manos_aplaudiendo_tono_de_piel_clar
7112d92aeada0ea8f94fce782b8f7d80,nuevoGobierno,1,"Aunque las destruyan. El viejito ya tiene su ""consulta"" realizada #porquesimulacion",mx,0,0,0,0,0,0,0,2,0,aunqu las destru el viejit ya tien su consult realiz porquesimul
e5164311aa388f7ab954e41ad5b5dc03,nuevoGobierno,1,Sin agresión solo lleguen con cubetas de agua y directo a la casilla Jajajajaja,mx,0,0,0,0,0,1,0,0,0,sin agresion sol lleg con cubet de agu y direct a la casill jajajajaj
b3decd1eb3104e67585f3b7d85331f77,nuevoGobierno,1,Sabrá que es ética?,mx,0,1,0,0,0,0,0,0,0,sabr que es etic
c8092a43ae083498ce4b359e566c051f,nuevoGobierno,1,"Grupo de intelectuales,artistas,etc,etc, ya me imagino, andrea legarreta economista,sergio goyri ganador de un oscar, kate del castillo periodista destacada y desterrada por su excelente trabajo😂😂😂",mx,0,0,0,3,0,0,1,0,0,grup de intelectual artist etc etc ya me imagin andre legarret econom sergi goyri ganador de un oscar kat del castill period destac y desterr por su excelent trabaj cara_llorando_de_ris cara_llorando_de_ris cara_llorando_de_ris
e2682ef46282d1e7118ca038e75b7a18,nuevoGobierno,1,"Enrique Alfaro ???? 🤣🤣🤣🤣 Intelectual ? Así estarán los demás, se nota que QUIEREN BILLETES, pero el pueblo se encargará de SE VALLAN NADIE LOS QUIERE POR RATAS Y CORRUPTOS.",mx,0,5,9,4,0,1,2,0,0,enriqu alfar cara_revolviendose_de_la_ris cara_revolviendose_de_la_ris cara_revolviendose_de_la_ris cara_revolviendose_de_la_ris intelectual asi estaran los demas se not que quier billet per el puebl se encarg de se vall nadi los quier por rat y corrupt
ed6e525b84ce9ad3ee0927044e388363,nuevoGobierno,1,E T I C A. SABE EL SEÑOR LÓPEZ OBRADOR EL SIGNIFICADO DE ESA PALABRA??? Y SI LO SABE ES ALGO QUE EL NO TIENE,mx,0,3,11,0,0,1,1,0,0,e t i c a sab el señor lopez obrador el signific de esa palabr y si lo sab es algo que el no tien
a6c2ff0e0bc87755e0cb77f226a4e41f,nuevoGobierno,1,Otra muestra de que #AMLO recluta zombies,mx,0,0,1,0,0,0,0,0,0,otra muestr de que amlo reclut zombi
7d4876d508c3059d1899bd01d8e0674e,nuevoGobierno,1,Adorando políticos corruptos? Jajaja pobres diablos,mx,0,1,0,0,0,0,0,0,0,ador polit corrupt jajaj pobr diabl
b1bf69a3621838b8fd2ccb1e8c82229b,nuevoGobierno,1,Pura lacra fifi del DEFORMA,mx,0,0,1,0,0,0,0,0,0,pur lacr fifi del deform
2e167b1c5e0ce6cbfa4d40083c7e3115,nuevoGobierno,1,Tan bellos los hermanos de Satanás el Diablo bendiciendo a su demonio.,mx,0,0,0,0,0,0,0,0,0,tan bell los herman de satanas el diabl bendic a su demoni
0b92e729863a0fd06e164517c299121d,nuevoGobierno,1,"Hay que esperar resultados. Obvio manipulados, como siempre",mx,0,0,0,0,0,0,0,0,0,hay que esper result obvi manipul com siempr
11c34c83109d7da67ce720bf1f476940,nuevoGobierno,1,80% de aprobación jajaja,mx,0,0,0,0,0,0,0,0,0,80 de aprob jajaj
5c49822bf1bac7535306e5a8aa199c88,nuevoGobierno,1,Jajajajaja eso ni tu ni yo lo veremos jajajajaja,mx,0,0,0,0,0,2,0,0,0,jajajajaj eso ni tu ni yo lo ver jajajajaj
6c3b281ac9bdcb75c5e24258b9285ed5,nuevoGobierno,1,"Intectuales? Quienes? Artistas o Hartistas? Se olvidan que el pueblo esta hasta la madre de falsas posturas de ""intelectuales, políticos, artistas y de mas gente protagonista"" el pueblo tiene necesidades y no necesariamente las de estos pendejos, el pueblo necesita un cambio",mx,0,3,0,0,0,1,0,2,0,intectual quien artist o hartist se olvid que el puebl esta hast la madr de fals postur de intelectual polit artist y de mas gent protagon el puebl tien neces y no necesari las de estos pendej el puebl necesit un cambi
199a214c84541355a007b51191743ba4,nuevoGobierno,1,"Ya quiero saber en la conferencia del lunes como va a resultar que López es la víctima, ¿Se irá con el discurso fácil de infiltrados conservadores que buscan desestabilizar su gobierno? O se inventa un nuevo enemigo imaginario, ¡Qué nervios!.",mx,2,2,0,0,0,0,0,0,0,ya quier sab en la conferent del lun com va a result que lopez es la victim se ira con el discurs facil de infiltr conserv que busc desestabiliz su gobiern o se invent un nuev enemig imaginari que nervi
aeab627dc35db8f43422cf7bb55203f5,nuevoGobierno,1,Y nada más falta que salgan con que la encuesta arrojó un 85% de aceptación,mx,0,0,0,0,0,1,0,0,0,y nad mas falt que salg con que la encuest arroj un 85 de acept
ff4e4db942e7993357e8a675bf0da02f,nuevoGobierno,1,Ya por favor diganle al anciano que no esta en campaña y a ver cuando se digna a trabajar,mx,0,0,0,0,0,1,0,0,0,ya por favor diganl al ancian que no esta en campañ y a ver cuand se dign a trabaj
8c2a5208542c5731bd03f746a9b93304,nuevoGobierno,1,Son los santos óleos RIP 🏴‍☠️,mx,0,0,1,2,0,0,0,0,0,son los sant ole rip bandera_pirat
96309d9768fa5112e7703012fb58af75,nuevoGobierno,1,"Pero si el ""presidente"" no tiene la más remota idea de nada!!!",mx,3,0,0,0,0,2,1,2,0,per si el president no tien la mas remot ide de nad
ee383bc62b64a7fd50f18ed9543c52ff,nuevoGobierno,1,Nada nuevo en el Imperio. Todas las decisiones las toma el Rey. Los demás son meros súbditos,mx,0,0,0,0,0,1,0,0,0,nad nuev en el imperi tod las decision las tom el rey los demas son mer subdit
56a25ab97bb46baf05facbf05d351394,nuevoGobierno,1,Dirán lo de siempre son infiltrados de los conservadores que no quieren que cambie el pais. El lopezobradorismo nunca se equivoca recuerden,mx,0,0,0,0,0,2,0,0,0,diran lo de siempr son infiltr de los conserv que no quier que cambi el pais el lopezobrador nunc se equivoc recuerd
234d9cc30bae03843074dc5a74a2ced6,nuevoGobierno,1,"Todo es culpa de la mafia del poder, del PRIAN, el imperialismo, Trump,loss Illuminati, los reptilianos.... #AMLO2018",mx,0,0,1,0,0,0,1,0,1,tod es culp de la mafi del pod del pri el imperial trump loss illuminati los reptilian amlo2018
4be10d81986e18b41ac3c5bb7406bf1f,nuevoGobierno,1,"Ciubole cabron, no que el pueblo bueno y sabio.",mx,0,0,0,0,0,1,0,0,0,ciubol cabron no que el puebl buen y sabi
d6faebb397f43829663370d5f0aff93b,nuevoGobierno,0,"Pues todo es corrupción segun @lopezobrador_ pero hasta el momento no hay ni detenidos ni carpetas de investigación, ni nada, solo dichos",mx,0,0,0,0,0,5,0,0,0,pues tod es corrupcion segun [user] per hast el moment no hay ni deten ni carpet de investig ni nad sol dich
4a1f4526f11c7597ecf8e248a5401962,nuevoGobierno,0,Mi muy estimado y querido chantajeador de verdad a usted le gusta la mala vida o le pagan muy bien por criticar a obrador quiérase un poco vale más la dignidad que el dinero,mx,0,0,0,0,0,0,0,0,0,mi muy estim y quer chantaj de verd a usted le gust la mal vid o le pag muy bien por critic a obrador quier un poc val mas la dignid que el diner
55413a1a9c809caae181d684533de682,nuevoGobierno,0,Empezando con el chillón de Alfaro a Pocos meses de gobierno en Guadalajara nadie lo quiere.,mx,0,0,0,0,0,1,0,0,0,empez con el chillon de alfar a poc mes de gobiern en guadalaj nadi lo quier
fc3765aca03637d2c3a1d4c10fd12a42,nuevoGobierno,0,y ahora esperen lo que va pasar con la consulta del tren maya,mx,0,0,0,0,0,0,0,0,0,y ahor esper lo que va pas con la consult del tren may
4621147a3502737782fb229f00146094,nuevoGobierno,0,"Hablen de lo que dijo el abogado del Chapo, compórtense como un periódico que da información relevante.",mx,0,0,0,0,0,0,0,0,0,habl de lo que dij el abog del chap comportens com un period que da inform relev
760f61f2520ea479f62b3f4f7d030bc5,nuevoGobierno,0,Flojera las notas de @Reforma . Nunca dejan ver la nota si no eres suscriptor.,mx,0,0,0,0,0,2,0,0,0,flojer las not de [user] nunc dej ver la not si no eres suscriptor
732ee529718af189537abd09333ae2e4,nuevoGobierno,0,Una minoría Rapas próxima a desaparecer. Lo dudo o sean capaces para empezar no tienen la capacidad ay esta alfaro en lugar de ponerse a trabajar todos los días denostando todo ya se le salio de control el estado asociado con el cjng ay muchos muertos violencia la gente ya no cre,mx,0,0,0,0,0,2,0,0,0,una minor rap proxim a desaparec lo dud o sean capac par empez no tien la capac ay esta alfar en lug de pon a trabaj tod los dias denost tod ya se le sali de control el estad asoci con el cjng ay much muert violenci la gent ya no cre
33aa7a12eeab89e45b06fb62bcc40288,nuevoGobierno,0,"@El_Universal_Mx  sean responsables, fomentar el fanatismo religioso siempre daña a los grupos sociales, carcome a sus instituciones y desmorona al estado.",mx,0,0,0,0,0,0,0,0,0,[user] sean respons foment el fanat religi siempr dañ a los grup social carcom a sus institu y desmoron al estad
027cca6f989264d5d3c6b3468f365734,nuevoGobierno,0,Es como el presidente,mx,0,0,0,0,0,0,0,0,0,es com el president
5b32e3764143e2b40cfbf546805d5e39,nuevoGobierno,0,"Ni quien quiera así contigo nos estas llevando entre las patas, eres el peor Presidente en l historia en los primeros meses ya largate con todo y tu pandilla del@Asilo",mx,0,0,0,0,0,1,0,0,0,ni qui quier asi contig nos estas llev entre las pat eres el peor president en l histori en los primer mes ya largat con tod y tu pandill del[user]
fc8098c527a75fba81299da71ee1109d,nuevoGobierno,0,¡Cuánto circo! Viejito ridículo.,mx,2,0,0,0,0,0,0,0,0,cuant circ viejit ridicul
3af2509f2e3384e41aab427c3aaf0d7c,nuevoGobierno,0,"Tengo la impresión de que los consultados dijeron ""NO""...",mx,0,0,0,0,0,1,1,2,1,teng la impresion de que los consult dijeron no
031de895a246b7cb61d87b9c10a226c2,nuevoGobierno,0,Pinche acarreado de miercoles de ceniza.,mx,0,0,0,0,0,0,0,0,0,pinch acarr de miercol de ceniz
45ff3c3771f50a31c76e592213aff7ef,nuevoGobierno,0,"Es un Hipócrita,cómo el se cree perfecto,critica a quienes le dan de comer a el y a sus familia,gracias a la sociedad civil y empresas hay dinero de impuestos para que lo siga regalando",mx,0,0,0,0,0,0,0,0,0,es un hipocrit com el se cre perfect critic a quien le dan de com a el y a sus famili graci a la socied civil y empres hay diner de impuest par que lo sig regal
4c895b66ecd2da5f7c65594ebe4a70b3,nuevoGobierno,0,"El mejor contrapeso que tendrá AMLO, es el mismo pueblo autocritico. Los que votamos por Él, tememos y seremos, los críticos más importantes y con ello ayudar al presidente y al país al progreso. Y no volver a caer, como en regímenes pasados, llenos de corrupción e impunidad.",mx,0,0,1,0,0,1,0,0,0,el mejor contrapes que tendr amlo es el mism puebl autocrit los que vot por el tem y ser los critic mas import y con ello ayud al president y al pais al progres y no volv a caer com en regimen pas llen de corrupcion e impun
3d341a7851913c49dbd5ce6716ef153f,nuevoGobierno,0,"Claro, que los mafiosos se organicen, el gobierno está afectando sus más puros intereses $$$",mx,0,0,0,0,0,0,1,0,0,clar que los mafios se organic el gobiern esta afect sus mas pur interes
03798c30b94c62e4b65c486c420118f4,nuevoGobierno,0,"Dudo de su capacidad intelectual si piensan que lo mejor para el país era el modelo de los gobiernos anteriores, porque estaban muy calladitos en esas administraciones, ¿no será que les está doliendo dejar de ser privilegiados?",mx,0,2,0,0,0,1,0,0,0,dud de su capac intelectual si piens que lo mejor par el pais era el model de los gobi anterior porqu estab muy calladit en esas administr no ser que les esta dol dej de ser privilegi
d632f523c2988accafadd041e58dc45b,nuevoGobierno,0,"Es un pendejo incompetente. Amlo, muérete!!!! Es lo mejor que puedes hacer por México...",mx,4,0,0,0,0,0,2,0,1,es un pendej incompetent amlo mueret es lo mejor que pued hac por mexic
1b06eabf56dfacce3922048310fb0d3a,nuevoGobierno,0,Que bueno pues en ningún tiempo estaba en grave peligro el país.,mx,0,0,0,0,0,1,0,0,0,que buen pues en ningun tiemp estab en grav peligr el pais
2eb0fc994f795b18976262a9a9cd76fe,nuevoGobierno,0,"Que nos de los de los de la mafia del poder, y que tenga huevos para enfrentarlos, hocicón.",mx,0,0,0,0,0,0,0,0,0,que nos de los de los de la mafi del pod y que teng huev par enfrent hocicon
3f921cb7b00ab31970932c493be83876,nuevoGobierno,0,Esta es la consecuencia de engañar y manipular.  Más 🥖 y 🎪 al 🏘,mx,0,0,0,3,0,0,0,0,0,esta es la consecuent de engañ y manipul mas baguet y carpa_de_circ al cas
ee84642bc5e8c785d7d5f95648dd7a45,nuevoGobierno,0,"Ahora van hacer fifis, ya cayeron de la gracia de AMLO, cuantos  pueblos van aguantar estos atropellos, ahora seguramente les va querer dar dinero",mx,0,0,1,0,0,0,0,0,0,ahor van hac fifis ya cayeron de la graci de amlo cuant puebl van aguant estos atropell ahor segur les va quer dar diner
7072d1122d7247fd34c35d9966995321,nuevoGobierno,0,Slim mas vale que te cuadres o te cuadran,mx,0,0,0,0,0,0,0,0,0,slim mas val que te cuadr o te cuadr
8025fa5e24ed1f5d9c44361df3e20151,nuevoGobierno,0,"Revisen los contratos de los tiempos compartidos, son un cáncer.",mx,0,0,0,0,0,0,0,0,0,revis los contrat de los tiemp compart son un canc
75e0d7b82e2625d236fca2bb09f5ab3a,nuevoGobierno,0,Ahora resulta que tooooodo México ve o va a ver a la F1 o la NFL...,mx,0,0,1,0,0,0,2,0,1,ahor result que tood mexic ve o va a ver a la f1 o la nfl
6ef943321f1f50317c06868165dbe677,nuevoGobierno,0,"Hasta donde han llegado los pinches chairos pendejos, no se darán cuenta que solo hacen el ridiculo",mx,0,0,0,0,0,1,0,0,0,hast dond han lleg los pinch chair pendej no se daran cuent que sol hac el ridicul
daf0f651525a5fbc25722c89234f9439,nuevoGobierno,0,Tal parece que va ganar por alto margen el “si” a la termoeléctrica.,mx,0,0,0,0,0,0,0,2,0,tal parec que va gan por alto marg el si a la termoelectr
92c4fe10859cebe056010fa8b1dbcb50,nuevoGobierno,0,"No les deseo tanta luz, ya que estos enves de alumbrar, venderán su servicio.",mx,0,0,0,0,0,1,0,0,0,no les dese tant luz ya que estos enves de alumbr vend su servici
ff0a2d2666aa8386ee6c69a06e21158d,nuevoGobierno,0,"2 miembros se deslindan del grupo, Alfaro Gobernador de Jalisco y Juan Villorio escritor y periodista¿Quienes los incluirían sin su consentimiento? al Primero, El Jeque Universitario, al segundo, el cara de Trapo sub comediante Marcos; ya no es que quieran, es una orden salinista",mx,0,2,0,0,0,2,0,0,0,2 miembr se deslind del grup alfar gobern de jalisc y juan villori escritor y period quien los inclu sin su consent al primer el jequ universitari al segund el car de trap sub comedi marc ya no es que quier es una orden salin
b6e78f82448a4afd1e6bba368b81957e,nuevoGobierno,0,"No digas mamadas, encuestas a modo, a chingar a su madre, con todo y su mesias.",mx,0,0,0,0,0,1,0,0,0,no dig mam encuest a mod a ching a su madr con tod y su mesi
5f437b61533e95a204e994487bee02da,nuevoGobierno,0,"@qtf @El_Universal_Mx @brozoxmiswebs @DeniseDresserG @CNNEE @Reforma @Milenio La sociedad civil emprendedora,que trabaja para crear calidad de vida personal y social, los que buscan cambios productivos será el contrapeso del populismo, el fanatismo y el capricho @lopezobrador_",mx,0,0,1,0,0,0,0,0,0,[user] [user] [user] [user] [user] [user] [user] la socied civil emprendedor que trabaj par cre calid de vid personal y social los que busc cambi product ser el contrapes del popul el fanat y el caprich [user]
39abe52809eace93a246776364ddca71,nuevoGobierno,0,"Que le pongan pólvora entre los ojos, eso sí sería bonito.",mx,0,0,0,0,0,0,0,0,0,que le pong polvor entre los ojos eso si ser bonit
427fb141299f029fbe391ea6a44091f9,nuevoGobierno,0,Lo mencioné el único responsable de los resultados violentos es El Presidente. La consulta cuándo es impuesta no es un buen instrumento de Participación.,mx,0,0,0,0,0,1,0,0,0,lo mencion el unic respons de los result violent es el president la consult cuand es impuest no es un buen instrument de particip
5c4d37f518840fbaa32088d2a02bff85,nuevoGobierno,0,Se volaron la nota... ¿qué pasó con las fuentes? 🤥,mx,0,2,0,1,0,0,1,0,1,se vol la not que pas con las fuent cara_de_mentir
0e4970477b0cc5934df980ec15b6f80d,nuevoGobierno,0,Que investiguen a @A_Ahued durante su gestión como titular de la @S_SaludCDMX!,mx,1,0,0,0,0,0,0,0,0,que investig a [user] durant su gestion com titul de la [user]
96af6a0bb76428238be10fa7171294b3,nuevoGobierno,0,Ya de plano este señor día a día esta peor,mx,0,0,0,0,0,0,0,0,0,ya de plan este señor dia a dia esta peor
556b87ad503d7a860958eb33adf6fd22,nuevoGobierno,0,Jajajaja aposición pedorra que ya no hace negocios chuecos con el gobierno por que ya no es prianista .....,mx,0,0,0,0,0,2,1,0,1,jajajaj aposicion pedorr que ya no hac negoci chuec con el gobiern por que ya no es prianist
ab133ac223da89e4ee2933c964ac6a43,nuevoGobierno,0,Pero quien le puede hacer un REAL CONTRAPESO POLITICO A Andres Manuel Lopez Obrador?,mx,0,1,3,0,0,0,0,0,0,per qui le pued hac un real contrapes polit a andres manuel lopez obrador
9fbb16e586602c3cb083e45b44b7d115,nuevoGobierno,0,"No seremos Europa como muchos aspiran. Pero recuperando valores como el respeto, la ética y honorabilidad nos acercamos un pasito a Japón 😎😎",mx,0,0,0,2,0,1,0,0,0,no ser europ com much aspir per recuper valor com el respet la etic y honor nos acerc un pasit a japon cara_sonriendo_con_gafas_de_sol cara_sonriendo_con_gafas_de_sol
4aa6aa7209564940383846184c6b744b,nuevoGobierno,0,Por mi que se pudran los dos. Viejos ridículos.,mx,0,0,0,0,0,0,0,0,0,por mi que se pudr los dos viej ridicul
8b38a9bde3604defb7c65c64dfc7c5b7,nuevoGobierno,0,"Que ridículo, siempre pensé que en México eramos laicos..",mx,0,0,0,0,0,0,0,0,0,que ridicul siempr pens que en mexic eram laic
088cd5572d82d2dff3682d4b20c6509c,nuevoGobierno,0,Esa es la verdadera consulta ciudadana ya dejense de tirar el dinero a lo pendejo...,mx,0,0,0,0,0,0,1,0,1,esa es la verdader consult ciudadan ya dejens de tir el diner a lo pendej
836cc0de4491524e9e572d7d1b432017,nuevoGobierno,0,Si quieren contrapesos necesitaran unos 30 millones de personas y no intelectuales deben de ser prianistas y bien epndejos.,mx,0,0,0,0,0,1,0,0,0,si quier contrapes necesit unos 30 millon de person y no intelectual deb de ser prianist y bien epndej
8382719f84835d3e8997be6a8c8fa52d,nuevoGobierno,0,"La visión d @lopezobrador_ es miope, el no impulsará eso por qué no le importa y no le interesa y no lo negocio el, cómo no llegaron d inicio con el, por eso no le interesa darle seguimiento...!!!",mx,3,0,0,0,0,6,2,0,1,la vision d [user] es miop el no impuls eso por que no le import y no le interes y no lo negoci el com no lleg d inici con el por eso no le interes darl seguimient
28f72dfed5442af7b12e29cbb75b2fec,nuevoGobierno,0,La distribución de poderes constitucionales ya está diseñada para tener contrapesos legales. La propuesta de este grupo de panistas es ver cómo obstaculizar y golpetear al presidente anteponiendo sus intereses personales y partidistas. Son ardidos que no pueden con la democracia,mx,0,0,0,0,0,1,0,0,0,la distribu de poder constitucional ya esta diseñ par ten contrapes legal la propuest de este grup de panist es ver com obstaculiz y golpet al president antepon sus interes personal y partid son ardid que no pued con la democraci
73cbccece2ba027a156897a69150232e,nuevoGobierno,0,"Pues en ese pequeño grupo cabe toda la oposición; lástima que a lo que se oponen es a todo aquello de los del pueblo deseamos para nuestro país: igualdad, justicia y democracia.",mx,0,0,0,0,0,0,0,0,0,pues en ese pequeñ grup cab tod la oposicion lastim que a lo que se opon es a tod aquell de los del puebl des par nuestr pais iguald justici y democraci
de495e117669ee6479548f558a39ee0b,nuevoGobierno,0,Que Vergüenza tener este presidente!,mx,1,0,0,0,0,0,0,0,0,que vergüenz ten este president
e76083651e656805d4abb7d582b4d38a,nuevoGobierno,0,"Que lo financie slim, que le dé una lanita el pejidente para que se haga de la vista gorda y no pasó nada!",mx,1,0,0,0,0,2,0,0,0,que lo financi slim que le de una lanit el pejident par que se hag de la vist gord y no pas nad
cf4c14ab9b96c3248daab73d4a70a5dd,nuevoGobierno,0,La estupidez en la que se ha caído,mx,0,0,0,0,0,0,0,0,0,la estupidez en la que se ha caid
8904e16fbb76f8b816b5ae0b7e3598e5,nuevoGobierno,0,Dan risa aunque no pena.,mx,0,0,0,0,0,1,0,0,0,dan ris aunqu no pen
506e08b43afd875976a5c07397101e92,nuevoGobierno,0,"😹😹😸 Colosio un junior qué llegó sin votos le regalaron la curul,un parásito sólo por ser hijo del priista qué el propio PRIAN asesinó,hipócritas . #AMLOPRESIDENTE",mx,0,0,2,3,0,1,0,0,0,gato_llorando_de_ris gato_llorando_de_ris gato_sonriendo_con_ojos_sonrient colosi un junior que lleg sin vot le regal la curul un parasit sol por ser hij del priist que el propi pri asesin hipocrit amlopresident
54c8632f5bbeb553ffbf5b4f6f2e106e,nuevoGobierno,0,El presidente ningunea a sus electores con esta declaración.,mx,0,0,0,0,0,0,0,0,0,el president ningune a sus elector con esta declar
94106de8fc722ed598b24c11d5f64c6e,nuevoGobierno,0,Jaja no lleva ni dos jajaja,mx,0,0,0,0,1,2,0,0,0,jaj no llev ni dos jajaj
3bee58b9ee3f71b2fbb504e198d96913,nuevoGobierno,0,Enojadas porque se ejerció “violencia de género” porque las expusieron ejerciendo violencia de género y racismo.,mx,0,0,0,0,0,0,0,2,0,enoj porqu se ejerc violenci de gener porqu las expus ejerc violenci de gener y racism
b10dbe9d06003ce13cbc0fef5247f439,nuevoGobierno,0,"¿Y el contrapeso a Peña, Calderón, Fox, etc.? El peje lleva prisa y sabe lo que quiere y trabaja a diario, y se va equivocar porque  así pasa, lo qué hay que hacer es nuestra tarea en nuestro ámbito. Ser buenos ciudadanos. Como arde que esté ahí el peje.",mx,0,2,0,0,0,0,0,0,0,y el contrapes a peñ calderon fox etc el pej llev pris y sab lo que quier y trabaj a diari y se va equivoc porqu asi pas lo que hay que hac es nuestr tare en nuestr ambit ser buen ciudadan com arde que este ahi el pej
41d89079a2a3eedd8d87396664ef5029,nuevoGobierno,0,"La mayoría ni sabe a qué se refiere #AMLO y ahí andan escribiendo solo por escribir, y los periodistas de nuevo publicando twitts amarillistas para poder tragar.",mx,0,0,1,0,0,1,0,0,0,la mayor ni sab a que se refier amlo y ahi andan escrib sol por escrib y los period de nuev public twitts amarill par pod trag
623e41946c7c481e01acce939f4be395,nuevoGobierno,0,Son los beneficiados del régimen neoliberal que duro mucho Tiempo y se acostumbrarnos a vivir dentro del presupuesto por eso hay tanta resistencia separar lo público de lo privado fijar fronteras dice nuestro valiente y honesto presidenteel20% quiere seguir con la pata sobe resto,mx,0,0,0,0,0,0,0,0,0,son los benefici del regim neoliberal que dur much tiemp y se acostumbr a viv dentr del presupuest por eso hay tant resistent separ lo public de lo priv fij fronter dic nuestr valient y honest presidenteel20 quier segu con la pat sob rest
8d7a0695f9714dbfedfa1142f0ffd0ec,nuevoGobierno,0,Si los ciudadanos no quieren la termo....pues no va. Y punto...q se chinguen y ya... cual problema?,mx,0,1,0,0,0,2,3,0,3,si los ciudadan no quier la term pues no va y punt q se ching y ya cual problem
98209851658e0ebffa5b096cb866c6b9,nuevoGobierno,0,"Parece que se acabó la luna de miel, después del asesinato porque no espero, ahora el problema es que van imponer la termoeléctrica y esto va generar problemas en la region",mx,0,0,0,0,0,1,0,0,0,parec que se acab la lun de miel despues del asesinat porqu no esper ahor el problem es que van impon la termoelectr y esto va gener problem en la region
f4a4230655d99e75bbe12cf168c885eb,nuevoGobierno,0,Aquí los esperamos. Con mucho gusto.,mx,0,0,0,0,0,0,0,0,0,aqu los esper con much gust
504f30d93f7c3b55c9bf8346c5f73b60,nuevoGobierno,0,"Te equivocas gansobot,las pruebas son evidentes. Oh ajá y consigas mas seguidores solo tres 😢",mx,0,0,0,1,0,0,0,0,0,te equivoc gansobot las prueb son evident oh aja y consig mas seguidor sol tres cara_llor
d57a254cd087324566bca94ea33ce380,nuevoGobierno,0,Y ttraido de Israel peor aun Nooooo no lo permitan seneres que estan cuidando al PRESIDENTE no lo permitan,mx,0,0,1,0,0,2,1,0,0,y ttra de israel peor aun noo no lo permit sener que estan cuid al president no lo permit
6afe3d91c9200abe4edec1666c1eee98,nuevoGobierno,0,Otro negocio del actual gobierno? Abra apertura para empresarios chicos y medianos? Cómo y quién va a determinar si los actuales contratos son buenos o malos? Etc . Parece que cada actividad de este gobierno deja más dudas que respuesta.,mx,0,3,0,0,0,0,0,0,0,otro negoci del actual gobiern abra apertur par empresari chic y median com y quien va a determin si los actual contrat son buen o mal etc parec que cad activ de este gobiern dej mas dud que respuest
3161116d6d9405ed16cdde53ad849bd0,nuevoGobierno,0,@lopezobrador_  En efecto hay que empujarte entonces 👍🏻,mx,0,0,0,2,0,0,0,0,0,[user] en efect hay que empujart entonc pulgar_hacia_arriba_tono_de_piel_clar
241419dfe9de1c8ff88340ab903be533,nuevoGobierno,0,"Por principio de cuentas, el gobierno debe proveerse con ""Graaaaandes"" empresas por el volumen que se compran y ganar dinero es la razon de ser de ellas  Si los contratos son ventajosos, pues que poca madre",mx,0,0,0,0,0,0,1,2,0,por principi de cuent el gobiern deb prov con graand empres por el volum que se compr y gan diner es la razon de ser de ellas si los contrat son ventaj pues que poc madr
8b90e44d7218f19892dbad012609a0b0,nuevoGobierno,0,"Sí. El tema es el acueducto, la contaminación del agua, el paso del gasoducto por el Popo. Confieso que desconozco detalles sobre las medidas de prevención de daños ambientales, si existen, pero por algo es el reclamo de los locales.",mx,0,0,0,0,0,0,0,0,0,si el tem es el acueduct la contamin del agu el pas del gasoduct por el pop confies que desconozc detall sobr las med de prevencion de dañ ambiental si exist per por algo es el reclam de los local
8e5f6c08bcf09c8d9bc9829bf0c46224,nuevoGobierno,0,Dios bendiga a nuestro Presidente #AMLO,mx,0,0,1,0,0,0,0,0,0,dios bendig a nuestr president amlo
f1ef57a90f85fe4aa68062db92161f7e,nuevoGobierno,0,"Y empieza a sobresalir el béisbol en México, casualmente el deporte favorito del peje, y que seguramente pronto lo será para los 30 millones de sus votantes!",mx,1,0,0,0,0,0,0,0,0,y empiez a sobresal el beisbol en mexic casual el deport favorit del pej y que segur pront lo ser par los 30 millon de sus votant
1d04377a8e5eeb5875e0818c160c2e33,nuevoGobierno,0,Afortunadamente no todos somos zombies,mx,0,0,0,0,0,1,0,0,0,afortun no tod som zombi
bae21f42a9359947be9237290c590fb7,nuevoGobierno,0,"Muy seguramente para esos intentos de lastre intelectuales, habrá otros intelectuales que equilibren la balanza a favor de AMLO y de los mexicanos.",mx,0,0,1,0,0,0,0,0,0,muy segur par esos intent de lastr intelectual habr otros intelectual que equilibr la balanz a favor de amlo y de los mexican
5818c907bba2771bc22a586e6a9ff6d2,nuevoGobierno,0,"No se merece el apoyo de la gente, solo es un mentiroso más del gobierno que vela por sus propios intereses a futuro.",mx,0,0,0,0,0,1,0,0,0,no se merec el apoy de la gent sol es un mentir mas del gobiern que vel por sus propi interes a futur
871d888e957e0d5b8b9301adb1ce199e,nuevoGobierno,0,"mañana temprano (o si es posible hoy la noche), con ""sus números"" dirá que ganó el si en esa casilla.",mx,0,0,0,0,0,0,0,2,0,mañan tempran o si es posibl hoy la noch con sus numer dir que gan el si en esa casill
d1ee813ed4ef2f22f5b8805e3f1d6e77,nuevoGobierno,0,Quien te dijo que Rusia es de izquierda o que va para ser la primer potencia económica?,mx,0,1,0,0,0,0,0,0,0,qui te dij que rusi es de izquierd o que va par ser la prim potenci econom
09035d21b077a62ecaf68d7082fa897e,nuevoGobierno,0,Aceite de Israel no está bendito...sino lo contrario...son genocidas ...masacran a hombres mujeres y niños en Gaza,mx,0,0,0,0,0,2,3,0,3,aceit de israel no esta bendit sin lo contrari son genoc masacr a hombr mujer y niñ en gaz
ef2c432e6572288e2992d3914f5b167e,nuevoGobierno,0,Julio la pregunta es ¿Con qué adjetivo denostativo los calificará el presidente @lopezobrador_ ?,mx,0,2,0,0,0,0,0,0,0,juli la pregunt es con que adjet denost los calific el president [user]
1fa9c6528a88532c0b8d41208414aa58,nuevoGobierno,0,"Verguenza que se tenga que mantener estos eventos, los unicos beneficiados son los empresarios, como siempre queriendo ganar sin casi invertir, nada dan asco gente como tu que los defiende, si tantas ganas tienes de que sigan estos eventos pon de tu dinero y deja de molestar.",mx,0,0,0,0,0,2,0,0,0,verguenz que se teng que manten estos event los unic benefici son los empresari com siempr quer gan sin casi invert nad dan asco gent com tu que los defiend si tant gan tien de que sig estos event pon de tu diner y dej de molest
34b019450e8d22828d09dda6c045450f,nuevoGobierno,0,Cuando el pueblo es emplazado con violencia no se puede esperar otro tipo de respuesta. Asesinar a sus líderes es provocar esto. No los descalifiques por reaccionar en defensa de su agua y su tierra. Se le pidió a @lopezobrador_  suspender esta consulta y no quiso.,mx,0,0,0,0,0,3,0,0,0,cuand el puebl es emplaz con violenci no se pued esper otro tip de respuest asesin a sus lider es provoc esto no los descalifiqu por reaccion en defens de su agu y su tierr se le pid a [user] suspend esta consult y no quis
0e0f7399692c3d37ada40dbd5e814e78,nuevoGobierno,0,Vaya...brillante nota periodística. Alguna nota sobre lo que dijo hoy el abogado del Chapo a #FelipeCalderon?,mx,0,1,0,0,0,0,1,0,1,vay brillant not periodist algun not sobr lo que dij hoy el abog del chap a felipecalderon
d6aed7b89833f4476887db93a9b28b6d,nuevoGobierno,0,Jajaja jaja enaceitando el ganso pinche loco mejor q razone y respete las instituciones y respete los derechos de la mujer.,mx,0,0,0,0,1,0,0,0,0,jajaj jaj enaceit el gans pinch loc mejor q razon y respet las institu y respet los derech de la muj
1b9dd76bafee294f8be9ae4b71edba5f,nuevoGobierno,0,"Cuanto cariño con las iglesias cristianas, ayer los recibe en Palacio Nacional, hoy lo consagran con aceite ¿Les dará sus estaciones de radio a cambio?",mx,0,2,0,0,0,0,0,0,0,cuant cariñ con las iglesi cristian ayer los recib en palaci nacional hoy lo consagr con aceit les dar sus estacion de radi a cambi
02038a9508dbcea55d5e4ac8404854ad,nuevoGobierno,0,Que chingue a su mae amloco lo que diga me tiene sin cuidado tabasqueño pendejo.,mx,0,0,0,0,0,1,0,0,0,que ching a su mae amloc lo que dig me tien sin cuid tabasqueñ pendej
388f5de972d06ce2cc121afa4ef78f8b,nuevoGobierno,0,"Ya están siendo más frecuentes los visos y tintes religiosos qué está dejando ver López en sus actos y sesiones, haciendo a un lado el mandato constitucional que dispone el Estado laico.",mx,0,0,0,0,0,0,0,0,0,ya estan siend mas frecuent los vis y tint religi que esta dej ver lopez en sus actos y sesion hac a un lad el mandat constitucional que dispon el estad laic
16a4bda0390bc9179038d3e561ce5d82,nuevoGobierno,0,Y con qué calidad moral lo van hacer?,mx,0,1,0,0,0,0,0,0,0,y con que calid moral lo van hac
fa229ba7ed3826590cc9010080844622,nuevoGobierno,0,"Alfaro, gobernador de Jalisco, dijo que no. Villoro, no. Aguilar Camin, no  Todos vía Twitter.",mx,0,0,0,0,0,3,0,0,0,alfar gobern de jalisc dij que no villor no aguil camin no tod via twitt
0c53181a9f67ac5c659b455e124951e1,nuevoGobierno,0,"Ayer varios de ellos se deslindaron. No esta mal la crítica al Poder, lo que se ve mal es que  tuvieron 40 años para hacerlo y apenas hace 4 meses se dieron cuenta de la corrupción y atraso de México. Todos debemos ser vigilantes del actuar gubernamental pero con objetividad.",mx,0,0,0,0,0,1,0,0,0,ayer vari de ellos se deslind no esta mal la critic al pod lo que se ve mal es que tuv 40 años par hac y apen hac 4 mes se dieron cuent de la corrupcion y atras de mexic tod deb ser vigil del actu gubernamental per con objet
a68e84ccd407b67ccf66862442b4b325,nuevoGobierno,0,A ver si ya se dejan de organizar consultas piteras...,mx,0,0,0,0,0,0,1,0,1,a ver si ya se dej de organiz consult piter
6388e9416023c075d1013fdbb2f88968,nuevoGobierno,0,Que clase de fanatismo !!!!!!,mx,6,0,0,0,0,0,1,0,0,que clas de fanat
6223d9a1e1260eecd70dd25e345b7657,nuevoGobierno,0,Cada persona tiene derecho a tener las ideas q quiera. Después de ver el fracaso de los gobiernos de izquierda es de conciencia no serlo,mx,0,0,0,0,0,1,0,0,0,cad person tien derech a ten las ide q quier despues de ver el fracas de los gobi de izquierd es de concienci no serl
6b1f801445d07c218837298d997b109e,nuevoGobierno,0,"👏🏻👏🏻👏🏻 desde mi humilde trinchera, sumado.",mx,0,0,0,6,0,0,0,0,0,manos_aplaudiendo_tono_de_piel_clar manos_aplaudiendo_tono_de_piel_clar manos_aplaudiendo_tono_de_piel_clar desd mi humild trincher sum
0d12805a91788f7da659124a12146b39,nuevoGobierno,0,Está en camino para convertirse en un dictador tipo Chávez o Maduro este viejito está loco!!,mx,2,0,0,0,0,0,0,0,0,esta en camin par convert en un dictador tip chavez o madur este viejit esta loc
6e03288327885938c396169dcdeec3ea,nuevoGobierno,0,Vaya cabroncito tan ingrato el mono este; ni a sus solovinos respeta.,mx,0,0,0,0,0,1,0,0,0,vay cabroncit tan ingrat el mon este ni a sus solovin respet
0cb0ad8bc0ee6d64d51ac3015ebf86a5,nuevoGobierno,0,El buen juez por su casa empieza...,mx,0,0,0,0,0,0,1,0,1,el buen juez por su cas empiez
4af8d7e1a06d0c9c0e0ec6443ede68e3,nuevoGobierno,0,@hdemauleon ¿ esperaban una respuesta coherente de este pendejete ? Obvio que tiene que defender a su “guardia bolivariana”. Sino ¿ Quiénes lo van a defender cuando se proclame dictador ?,mx,0,4,0,0,0,1,0,2,0,[user] esper una respuest coherent de este pendejet obvi que tien que defend a su guardi bolivarian sin quien lo van a defend cuand se proclam dictador
f6ccd6da4ddf48b7b09d8154268962bd,nuevoGobierno,0,"Tan sancillo que es no votar o votar en contra y que el mismo pueblo cheque  la legalidad de las votaciones. Para que vea el gobierno que realmente estan en contra, pero no todo lo queremos arreglar con violencia!",mx,1,0,0,0,0,2,0,0,0,tan sancill que es no vot o vot en contr y que el mism puebl chequ la legal de las votacion par que vea el gobiern que realment estan en contr per no tod lo quer arregl con violenci
c52270dd9f9ed7fd52e2febc5a0fa3f7,nuevoGobierno,0,No porque tú conoces a tus amigos que son igual que tu unos mamarachos,mx,0,0,0,0,0,1,0,0,0,no porqu tu conoc a tus amig que son igual que tu unos mamarach
a8532973d0b312eca9951300ca863803,nuevoGobierno,0,Dice lo que realmente piensa...lo demás es pura simulación. Las reuniones y consultas a expertos y grupos de OSC es atole con el dedo...,mx,0,0,1,0,0,0,2,0,2,dic lo que realment piens lo demas es pur simul las reunion y consult a expert y grup de osc es atol con el ded
5c39608909e81ca1c17f054b4c597518,nuevoGobierno,0,@lopezobrador_ vgt ridículo y populista HDP y sus #Pejeligreses de idiotas ahí alabandolo #NoMmn 🤬😡,mx,0,0,1,2,0,0,0,0,0,[user] vgt ridicul y popul hdp y sus pejeligres de idiot ahi alab nommn cara_con_simbolos_en_la_boc cara_cabr
df82b2e33e66747472b337065968419e,nuevoGobierno,0,"A López Obrador no se le regaló México. ""Un solo hombre no es capaz de hacer grande un país, pero si de destruirlo""  Felicito al grupo por la iniciativa de crear contrapeso contra el autoritarismo socialista y retrógrado del Pejedente. #AMLONoSabeGobernar",mx,0,0,0,0,0,2,0,2,0,a lopez obrador no se le regal mexic un sol hombr no es capaz de hac grand un pais per si de destru felicit al grup por la inici de cre contrapes contr el autoritar social y retrogr del pejedent amlonosabegobern
efd2bd4eb3fbb4f8acc76b9a57c15212,nuevoGobierno,0,"Te refieres a un estado laico? No violá esa garantía, ya que solo acepto las palabras de ese sr como un ciudadano más, el no está invitando a profesar dicha religión.",mx,0,1,0,0,0,2,0,0,0,te refier a un estad laic no viol esa garant ya que sol acept las palabr de ese sr com un ciudadan mas el no esta invit a profes dich religion
a8d263729b83eb8c79c484100e99a81f,nuevoGobierno,0,Son consultas son regulación y fuera de la ley,mx,0,0,0,0,0,0,0,0,0,son consult son regul y fuer de la ley
8d859f9d5129b06e6b353d3c24e87502,nuevoGobierno,0,"Y quién está detrás de estos ""habitantes""..?",mx,0,1,0,0,0,0,0,2,0,y quien esta detras de estos habit
d15e6aa8a3b5c9fc9c471ca7320e2dd2,nuevoGobierno,0,"Y según ellos ¿quienes los llaman intelectuales? ¿quién decide quienes pueden ser o no intelectuales? ¿qué se necesita para ser un intelectual? Todo esto me parece ególatra, soberbio y estúpido.",mx,0,6,0,0,0,1,0,0,0,y segun ellos quien los llam intelectual quien decid quien pued ser o no intelectual que se necesit par ser un intelectual tod esto me parec egolatr soberbi y estup
2f4643baca009643d35a3a7d30447826,nuevoGobierno,0,Desabasto de medicamentos SIEMPRE ha habido en el IMSS e ISSTE ahora solo se busca mantener proveedores con contratos que representen un beneficio eso es lo que entiendo. Las quimios de agua que dió el gobernador PRIISTA y rata Javier Duarte a niños de veracruz fue por desabasto?,mx,0,1,4,0,0,0,0,0,0,desabast de medicament siempr ha hab en el imss e isste ahor sol se busc manten proveedor con contrat que represent un benefici eso es lo que entiend las quimi de agu que dio el gobern priist y rat javi duart a niñ de veracruz fue por desabast
c935630debbf894082694447263a514e,nuevoGobierno,0,El pueblo está acostumbrado a imposisiones,mx,0,0,0,0,0,0,0,0,0,el puebl esta acostumbr a imposision
f3c58b44f445c3881702a3c7dbc500d9,nuevoGobierno,0,"el pueblo bueno y sabio, sabe que estas consultas son una payasada y actúa en consecuencia, lástima que con boletas a favor o no la última palabra será que se haga la voluntad del PG",mx,0,0,0,0,0,1,0,0,0,el puebl buen y sabi sab que estas consult son una payas y actu en consecuent lastim que con bolet a favor o no la ultim palabr ser que se hag la volunt del pg
e5eaf3c28ee4a537934470e70a2cd4f3,nuevoGobierno,0,Pregúntele al PRI o al pan cuanto les dieron por hacer su relajito ellos saben bien cuántas despensas repartieron y de a dos mil por persona salió el relajo,mx,0,0,1,0,0,0,0,0,0,preguntel al pri o al pan cuant les dieron por hac su relajit ellos sab bien cuant despens repart y de a dos mil por person sal el relaj
a2eeda65377ef73545f27546f4130af6,nuevoGobierno,0,Y el ESTADO LAICO !BIEN GRACIAS!,mx,2,0,4,0,0,0,0,0,0,y el estad laic bien graci
5f9956b28576199c992c1280931ab0bf,nuevoGobierno,0,"Ok, es una buena propuesta y me sumo a ese esfuerzo pero ¿y qué criterio se usará para definir eso?",mx,0,2,0,0,0,0,0,0,0,ok es una buen propuest y me sum a ese esfuerz per y que criteri se usar par defin eso
4c5909b425ef612615480368fcef019a,nuevoGobierno,0,"Lo primero que tenemos que hacer es limpiar la corrupción, y cuando pasen unos tres años, ya hacen contrapeso. Ahorita tiene que arreglar lo que los gobiernos inútiles no hicieron en muchos sexenios.",mx,0,0,0,0,0,1,0,0,0,lo primer que ten que hac es limpi la corrupcion y cuand pas unos tres años ya hac contrapes ahorit tien que arregl lo que los gobi inutil no hic en much sexeni
72e4bfb191e1e71e836311574c2dba94,nuevoGobierno,0,"Ahora sí se está poniendo buena esta simulación, digo #ConsultaCiudadana",mx,0,0,0,0,0,0,0,0,0,ahor si se esta pon buen esta simul dig consultaciudadan
b55281534358b9ec814591a8504e9092,nuevoGobierno,0,"Q lo pague , 2006 .de su bolsa ....",mx,0,0,0,0,0,0,1,0,1,q lo pag 2006 de su bols
b71178ec7401f4de86f6d5eb13d54b61,nuevoGobierno,0,Este hombre hará lo que sea por la popularidad. Cuidado @lopezobrador_ con Dios no se juega.,mx,0,0,0,0,0,1,0,0,0,este hombr har lo que sea por la popular cuid [user] con dios no se jueg
171139d2122e39a2e8f26772fdeb6953,nuevoGobierno,0,"Iniciando por ser una consulta anticonstitucional, dónde anda la oposición?",mx,0,1,0,0,0,0,0,0,0,inici por ser una consult anticonstitucional dond anda la oposicion
77c7015dbe0f7e1c801aa0c104ea5e4e,nuevoGobierno,0,"¿Mas contrapeso? Hay tres poderes,32 estados cada uno con congreso local,decenas&nbsp;de partidos, medios, OEA, ONU, TLCs, miles de leyes y reglamentos, multimillonarios de los más ricos del mundo, periodos de 6 años,etc. SON SOLO ORGANISMOS PROTECTORES DE MULTIMILLONARIOS CORRUPTOS.",mx,0,2,8,0,0,0,0,0,0,mas contrapes hay tres poder 32 estad cad uno con congres local decen nbsp de part medi oea onu tlcs mil de ley y reglament multimillonari de los mas ric del mund period de 6 años etc son sol organ protector de multimillonari corrupt
9a84cae15a73295d7639d655ddf37621,nuevoGobierno,0,"No me parece una noticia relevante, ni siquiera una noticia",mx,0,0,0,0,0,2,0,0,0,no me parec una notici relev ni siqu una notici
1fb4a4371e7b0458585001e7be6ae8fc,nuevoGobierno,0,Pueblo bueno y sabio don Julio. No se acerque a las mieles del periodismo fifí.,mx,0,0,0,0,0,1,0,0,0,puebl buen y sabi don juli no se acerqu a las miel del period fif
3925bd822d87c26c00b4b0d81b4dd1a2,nuevoGobierno,0,"Pero esa gente a que es en concreto a lo que se opone no dan o no he escuchado cual es la base para oponerse a tener mas luz : si es por que husa carbón,diésel, que son contaminantes esta bien pero también usa gas natural y ese no contamina que hagan algún contrato con el gob",mx,0,0,0,0,0,3,0,0,0,per esa gent a que es en concret a lo que se opon no dan o no he escuch cual es la bas par opon a ten mas luz si es por que hus carbon diesel que son contamin esta bien per tambien usa gas natural y ese no contamin que hag algun contrat con el gob
57f2f88d16f795d61d6cdc67a2817872,nuevoGobierno,0,"Los empresarios que buscas están ahora mismo en la Comisión de Energía del Senado. Entre ellos @aguadiana Senador por Morena que preside tal comisión, en un claro conflicto de intereses. El trabajo sucio, se los está haciendo el mismo Gobierno.",mx,0,0,0,0,0,0,0,0,0,los empresari que busc estan ahor mism en la comision de energ del sen entre ellos [user] senador por moren que presid tal comision en un clar conflict de interes el trabaj suci se los esta hac el mism gobiern
dde261f1e441eba11dcbb9595e1bf63d,nuevoGobierno,0,"Ya hacía falta, porque lo que va del gobierno, no se están haciendo las cosas bien.",mx,0,0,0,0,0,1,0,0,0,ya hac falt porqu lo que va del gobiern no se estan hac las cos bien
b906da53cbc992b8de83b5a9a11beed3,nuevoGobierno,0,"Vean lo que hizo hoy maduro en venezuela y no olviden que @lopezobrador_ es el único que lo apoya con cuba, recuerden bien eso los que votaron por él, luego no anden llorando cuando acabe con la economía",mx,0,0,0,0,0,2,0,0,0,vean lo que hiz hoy madur en venezuel y no olvid que [user] es el unic que lo apoy con cub recuerd bien eso los que vot por el lueg no anden llor cuand acab con la econom
95721c6cca0fde73e8ed3b9ca0939d7d,nuevoGobierno,0,"Que horror, como abunda la gente ignorante!",mx,1,0,0,0,0,0,0,0,0,que horror com abund la gent ignor
14b97348bd13ac2920ff891df098dd80,nuevoGobierno,0,"Pero las personas si. Ahora entiendo el porque  atleta,  ebrardt, padierna, napito y un largo etc.",mx,0,0,0,0,0,0,0,0,0,per las person si ahor entiend el porqu atlet ebrardt padiern napit y un larg etc
f04cd7ba4d80b7d3c239e31e7cfc30f4,nuevoGobierno,0,Cuanta ignorancia y fanatismo🤯🤯🤯🤯,mx,0,0,0,4,0,0,1,0,0,cuant ignor y fanat cabeza_explot cabeza_explot cabeza_explot cabeza_explot
2f27eb02d2a4fea09e5ed197fa2eb618,nuevoGobierno,0,"Si un régimen dictatorial donde toda la pinche gente hace lo que quiere. Si quieren tiran mesas, se pueden quejar y nadie los amordazadas.",mx,0,0,0,0,0,1,0,0,0,si un regim dictatorial dond tod la pinch gent hac lo que quier si quier tir mes se pued quej y nadi los amordaz
0b5b85953a730df755248f98fa3f5953,nuevoGobierno,0,No mamen lo mismo de siempre,mx,0,0,0,0,0,1,0,0,0,no mam lo mism de siempr
d1be2295c56b54ebaddcf394dd024a0f,peliculaRoma,1,Lo dicho ya hay más noticias en tempranito que con ustedes....,mx,0,0,0,0,0,0,1,0,1,lo dich ya hay mas notici en tempranit que con usted
4863e0d3f9a6f6a398bd16518eaa5eda,peliculaRoma,1,Si vieran lo preocupado que está CUARÓN por tal motivo....,mx,0,0,1,0,0,0,1,0,1,si vier lo preocup que esta cuaron por tal motiv
e1187fad6d1f31ff2e73c43b0eeddf2f,peliculaRoma,1,"No te preocupes , no creo que esté preocupado por tu mandatario . Seguro ni pudo festejar . 😂🍷",mx,0,0,0,2,0,3,0,0,0,no te preocup no cre que este preocup por tu mandatari segur ni pud festej cara_llorando_de_ris copa_de_vin
907aa63d4dbd57878ce32f9c896e1c10,peliculaRoma,1,"Wow, ¡paren las prensas!                         La “periodista” que inventaba notas (caso dirigente pri en DF) e investigadora (mandada por YSQ) como la Casa Blanca y varios etcéteras, ¿ahora cobra chayote? Porque no la veo con ninguna nota importante, en Houston por ejemplo.",mx,2,2,1,0,0,2,1,2,0,wow par las prens la period que invent not cas dirigent pri en df e investig mand por ysq com la cas blanc y vari etceter ahor cobr chayot porqu no la veo con ningun not import en houston por ejempl
cd9547ec8466bf52ded0875b71b1c432,peliculaRoma,1,El efecto de tantas Ativán recetadas  durante el día. Se le van a incrementar las lagunas mentales.,mx,0,0,0,0,0,0,0,0,0,el efect de tant ativan recet durant el dia se le van a increment las lagun mental
63692405c8329a29e054632787a4ba7c,peliculaRoma,1,"¡De cualquier manera, ya la itzio!!",mx,3,0,0,0,0,0,0,0,0,de cualqui maner ya la itzi
de8bae1bd4ce7401bbdb27c1858378bd,peliculaRoma,1,Avísenle a @RicardoMonrealA que la  filmación que saboteó durante su gestión en CDMX ganó 3 Oscars.,mx,0,0,1,0,0,0,0,0,0,avisenl a [user] que la filmacion que sabote durant su gestion en cdmx gan 3 oscars
adf81a0aef0ebae732622d9c7dbfdbcd,peliculaRoma,1,"Habrá que decirle que mejor vea GREEN BOOK, es muuuuuucho mejor película que ROMA. Haciendo a un lado el nacionalismo, fanatismo, etc, etc. Tratándose de calidad, GREEN BOOK es mejor.",mx,0,0,5,0,0,0,1,0,0,habr que dec que mejor vea gre book es muuch mejor pelicul que rom hac a un lad el nacional fanat etc etc trat de calid gre book es mejor
b638267ed1d9d0e10260abdfe3623a57,peliculaRoma,1,"Ahora los AMLOVERS no han dicho nada de su famosa “cortina de humo”... qué pedo, aquí no aplica???",mx,0,3,1,0,0,3,2,2,1,ahor los amlovers no han dich nad de su famos cortin de hum que ped aqu no aplic
d6c82c0838b01e56c5d5f438bf928296,peliculaRoma,1,¡Qué notición! Das pena.,mx,2,0,0,0,0,0,0,0,0,que noticion das pen
abd28c7c3bdfae3ffcd52d8aab861aa4,peliculaRoma,1,"Graciosa por tu relevante información!! Das pena en lo que estás convertida !! Alto costo estás pagando en tu credibilidad, donde aquella enjundia por el mínimo error de Peña?  No te parece grave tanta irregularidad de este gobierno? No!!! Claro!! Si fue quien te dio chamba!!",mx,11,2,0,0,0,2,1,0,0,gracios por tu relev inform das pen en lo que estas convert alto cost estas pag en tu credibil dond aquell enjundi por el minim error de peñ no te parec grav tant irregular de este gobiern no clar si fue qui te dio chamb
8fdf1986c470086283df00d0110a6eae,peliculaRoma,1,"El necesita dormir, dormir y dormir para no llegar a viejillo y ser el dictador más joven.",mx,0,0,0,0,0,1,0,0,0,el necesit dorm dorm y dorm par no lleg a viejill y ser el dictador mas jov
daefc1a87df81630476c70b76b358f1b,peliculaRoma,1,"Así como Peña Nieto y Vicente Fox nunca han leído un libro en sus patéticas vidas, López Obrador jamás ha visto seguramente buen cine por lo que nunca verá ""Roma""....",mx,0,0,0,0,0,3,1,2,1,asi com peñ niet y vicent fox nunc han leid un libr en sus patet vid lopez obrador jamas ha vist segur buen cin por lo que nunc ver rom
1e55902091adf21ec7a37f701dd21c20,peliculaRoma,1,Está en su mundo tratando de conquistar al México bueno y consultable y repartiendo esperanza #lol...,mx,0,0,0,0,1,0,1,0,1,esta en su mund trat de conquist al mexic buen y consult y repart esper lol
44dd6be6709449cdf451bcbc8729f805,peliculaRoma,1,Va a estar cabrón. Cuando suceda un sismo o ciclón por la noche. Deberá ser por las mañanas,mx,0,0,0,0,0,0,0,0,0,va a estar cabron cuand suced un sism o ciclon por la noch deb ser por las mañan
7297c99595ff52401254fc5df7be417b,peliculaRoma,1,"No claroooo, q va a importar lo q diga un crítico de cine?? 🤦🏻‍♀️🤦🏻‍♀️🤦🏻‍♀️",mx,0,2,0,9,0,1,1,0,0,no claro q va a import lo q dig un critic de cin mujer_con_la_mano_en_la_frente_tono_de_piel_clar mujer_con_la_mano_en_la_frente_tono_de_piel_clar mujer_con_la_mano_en_la_frente_tono_de_piel_clar
650cc57f7788c65e534e2618be4ce346,peliculaRoma,1,"Creo que no quería llevarse ningún premio hasta que el precandidato le hablara para felicitarlo , se veía tan preocupado y triste de que no le hablará el pobre ignorantin mentirosin.",mx,0,0,0,0,0,3,0,0,0,cre que no quer llev ningun premi hast que el precandidat le habl par felicit se vei tan preocup y trist de que no le habl el pobr ignorantin mentirosin
03f493a9340a49da5425ce980ee45384,peliculaRoma,1,Utaaa que noticia tan chingona !!.. Los medios de información mexicanos cada día más a la vanguardia!!,mx,4,0,0,0,0,0,1,0,0,uta que notici tan chingon los medi de inform mexican cad dia mas a la vanguardi
d21b3dfd8e3047265d5ec2183342fed7,peliculaRoma,1,Se le va en comer y dormir al viejito,mx,0,0,0,0,0,0,0,0,0,se le va en com y dorm al viejit
dd2baf731f72686912de3489d0af3951,peliculaRoma,1,En definitiva es una pelicula hecha para ganar un oscar... con todos los cliches,mx,0,0,0,0,0,0,1,0,1,en definit es una pelicul hech par gan un oscar con tod los clich
4db71222cbd7d20e1eeda4147ef11fcb,peliculaRoma,1,"Tratándose de una película, es mejor dormir temprano. Después del todo su primera reunión del día es a la 6 de la mañana verdad?",mx,0,1,0,0,0,0,0,0,0,trat de una pelicul es mejor dorm tempran despues del tod su primer reunion del dia es a la 6 de la mañan verd
3a6b295d72a7b7194f6ebee9710eb813,peliculaRoma,1,"Esas son las notas Carmen? Válgame Dios, te perdimos...",mx,0,1,0,0,0,0,1,0,1,esas son las not carm valgam dios te perd
b22d14692930a294977eda9954c65154,peliculaRoma,1,"Por Dios Carmen ve nada más que noticias publicas!!!!! El mundo se esta desmoronando y tu diciendo el Mandatario se duerme temprano. Vamos Carmen a trabajar en serio y a informar cosas importantes, donde esta esa Carmen que todos conocemos. Ya entrale en serio!!!!! Esto es la 4T.",mx,10,0,0,0,0,1,2,0,0,por dios carm ve nad mas que notici public el mund se esta desmoron y tu dic el mandatari se duerm tempran vam carm a trabaj en seri y a inform cos import dond esta esa carm que tod conoc ya entral en seri esto es la 4t
ef6c5bbb2b417c038f02682194b2d9f7,peliculaRoma,1,Dicen que Dios una vez que hubo hecho a todos los artistas de lo que le sobró hizo a los críticos. El chiste se cuenta solo.,mx,0,0,0,0,0,0,0,0,0,dic que dios una vez que hub hech a tod los artist de lo que le sobr hiz a los critic el chist se cuent sol
ee5dcc2450d4ed52b8401abd8caeb2e8,peliculaRoma,1,... y entonces la gran Carmen y su equipo se muestran tristemente como un medio domesticado sirviendo a la nueva mafia del poder.,mx,0,0,0,0,0,0,1,0,1,y entonc la gran carm y su equip se muestr tristement com un medi domestic sirv a la nuev mafi del pod
bc57515382a3445fa389cf41ad270410,peliculaRoma,1,Pero que no sea un equipo de fútbol o béisbol porque hasta los invita a palacio,mx,0,0,0,0,0,1,0,0,0,per que no sea un equip de futbol o beisbol porqu hast los invit a palaci
bbc926e94c9f39bb0104bfdc851618cb,peliculaRoma,1,Gracias por el recado ✔️✔️💲💰💰💰💰💰💰💰💰💰💰💰💲,mx,0,0,0,15,0,0,1,0,0,graci por el rec marca_de_verif marca_de_verif simbolo_de_dol bolsa_de_diner bolsa_de_diner bolsa_de_diner bolsa_de_diner bolsa_de_diner bolsa_de_diner bolsa_de_diner bolsa_de_diner bolsa_de_diner bolsa_de_diner bolsa_de_diner simbolo_de_dol
c3c36112c1421c927862d15615497f0a,peliculaRoma,1,"Pues el si está trabajando no a esta haciendo pato, por eso se cansa ganso.",mx,0,0,0,0,0,1,0,0,0,pues el si esta trabaj no a esta hac pat por eso se cans gans
99ed8b6957b0e895c0316ca379cad2a7,peliculaRoma,1,Pues no que se la pasan trabajando,mx,0,0,0,0,0,1,0,0,0,pues no que se la pas trabaj
1ec8c1d426fab108d7f780bde16886b5,peliculaRoma,1,"Y aún así gana el Oscar a mejor película extranjera , imagina si hubiera sido buena película ?",mx,0,1,0,0,0,0,0,0,0,y aun asi gan el oscar a mejor pelicul extranjer imagin si hub sid buen pelicul
159fd4b3c6d2c568e0120c58f967fdcb,peliculaRoma,1,"Se hace pendejo mas de una hora todas las mañanas, hablando idiotez tras idiotez, esa hora sería mejor aprovechada si la durmiera.",mx,0,0,0,0,0,0,0,0,0,se hac pendej mas de una hor tod las mañan habl idiotez tras idiotez esa hor ser mejor aprovech si la durm
7fa35c832f6904d8f6dbd21d849c104f,peliculaRoma,1,Camarada ella voto por ya sabes quien,mx,0,0,0,0,0,0,0,0,0,camar ella vot por ya sab qui
561c7d97b0dceaf01c6d8c15674ff210,peliculaRoma,1,"Seguro son los que consideran que Godínez vs Mirreyes está increíble!!!!! Sigan viendo esas ""obras de arte"" 😂😂😂🤣",mx,5,0,0,4,0,0,2,2,0,segur son los que consider que godinez vs mirrey esta increibl sig viend esas obras de arte cara_llorando_de_ris cara_llorando_de_ris cara_llorando_de_ris cara_revolviendose_de_la_ris
540ddf4b2c608a239938453d8e1af41c,peliculaRoma,1,"¿DE VERDAD? Wow. Acaba de desaparecer por completo el enorme aprecio que sentía por esta película. Gracias, Universal",mx,0,2,1,0,0,0,0,0,0,de verd wow acab de desaparec por complet el enorm apreci que sent por esta pelicul graci universal
885bed939594b08bd5a2b0a9b9f0758c,peliculaRoma,1,Entonces si se nominados es un triunfo Meade y Anaya ganaron por perder,mx,0,0,0,0,0,0,0,0,0,entonc si se nomin es un triunf mead y anay gan por perd
02dcbfd48e352e46e47af787bd8b1616,peliculaRoma,1,"En otras noticias, 🤓 se robaron a una gallina 🐔 pero le dejaron los pollitos 🐤🐤🐤 y ahora no hay quien les tape el frío . Gracias por sintonizarnos en radio chairistegui 📻",mx,0,0,0,6,0,1,1,0,0,en otras notici cara_de_empollon se rob a una gallin gallin per le dej los pollit pollit pollit pollit y ahor no hay qui les tap el fri graci por sintoniz en radi chairistegui radi
f91cc5b8ceeaf673c8bb6eb373620aa0,peliculaRoma,1,Felicidades por tu nuevo cargo de vocera de la presidencia. Ve nomás a lo que has llegado. Leer para creer,mx,0,0,0,0,0,0,0,0,0,felic por tu nuev carg de vocer de la president ve nomas a lo que has lleg leer par cre
a4b86f057dee1c7d8de3f3c6bde2b67e,peliculaRoma,1,Ya esta ruco y se le cansa el ganzo 😂,mx,0,0,0,1,0,0,0,0,0,ya esta ruc y se le cans el ganz cara_llorando_de_ris
76a18c6a3901d78cfc8e118f4876befe,peliculaRoma,1,Seguramente Cuaron esta muy preocupado por eso,mx,0,0,0,0,0,0,0,0,0,segur cuaron esta muy preocup por eso
6898395345276a89ce4e8e21a582f0ac,peliculaRoma,1,"Si, el cuadro de como coge las cacas del perro es majestuosisimo o el baile del medio novio ese en bolas delicadisimo 😂😂😂 No me preguntes más xq a los 35 minutos la tuvimos q quitar de lo aburrida q era...",mx,0,0,0,3,0,1,2,0,1,si el cuadr de com cog las cac del perr es majestuosisim o el bail del medi novi ese en bol delicadisim cara_llorando_de_ris cara_llorando_de_ris cara_llorando_de_ris no me pregunt mas xq a los 35 minut la tuv q quit de lo aburr q era
ef7cb47e0baae059a4d2e7a5053b6511,peliculaRoma,1,Se duerme temprano y no está acostumbrado a que alguien más sea el foco de atención.,mx,0,0,0,0,0,1,0,0,0,se duerm tempran y no esta acostumbr a que algui mas sea el foc de atencion
c6d95251a35d7f067ae87c6bddbf3ef6,peliculaRoma,1,Saludos a la vocera del gobierno .,mx,0,0,0,0,0,0,0,0,0,salud a la vocer del gobiern
374916216340d8b2a5aa3c14685d3837,peliculaRoma,1,Y asi fue como Aristegui se volvio parte del periodismo chayotero que tanto criticó..,mx,0,0,0,0,0,0,0,0,0,y asi fue com aristegui se volvi part del period chayoter que tant critic
6ffdf46da471b0d99eaaedb97feefc1b,peliculaRoma,1,"“Cotonete” duerme temprano porque ya no aguanta las mañaneras... ni funcionan estas, ni sirven de nada!!",mx,2,0,0,0,0,4,1,2,1,cotonet duerm tempran porqu ya no aguant las mañaner ni funcion estas ni sirv de nad
fd96d62f40bf3d40187deb6a4947500e,peliculaRoma,1,Hahahhahah no que Ella y Gaga estaban empatadas para ganar???,mx,0,3,0,0,0,1,1,0,0,hahahhahah no que ella y gag estab empat par gan
fbb9f5b69d0329522f0cad2cac1dc562,peliculaRoma,1,Pero que Pendejada! Pero si se puede levantar temprano a su misa mañanera??? De veras que IGNORANTE ÉS ESTE SEÑOR! 😒,mx,2,3,3,1,0,0,1,0,0,per que pendej per si se pued levant tempran a su mis mañaner de ver que ignor es este señor cara_de_desaprob
194f687a109eb9bbffb38a46268fbf19,peliculaRoma,1,"Les faltó detallar lo que cena, la pasta de dientes que usa, si su cobija tiene tigre o caballos y si dice sus oraciones de rodillas o ya acostadito.",mx,0,0,0,0,0,0,0,0,0,les falt detall lo que cen la past de dient que usa si su cobij tien tigr o caball y si dic sus oracion de rodill o ya acostadit
95454147807e97d6a4f1db42b75e3df7,peliculaRoma,1,"Quieren que una película componga todos los problemas de un país, nombre unos genios!?",mx,1,1,0,0,0,0,0,0,0,quier que una pelicul compong tod los problem de un pais nombr unos geni
6f22ba724b707fc119ba983d88645f16,peliculaRoma,1,🙄🙊🤐 si se necesita que se tome alguna decisión importante como presidente de México  afectando su “bedtime” ???...pues que se esperen!!!🤣🤣,mx,3,3,0,5,0,0,3,2,1,cara_con_ojos_en_blanc mono_con_la_boca_tap cara_con_la_boca_cerrada_con_cremaller si se necesit que se tom algun decision import com president de mexic afect su bedtim pues que se esper cara_revolviendose_de_la_ris cara_revolviendose_de_la_ris
afcc59c8d5271540de773d250970d6dc,peliculaRoma,1,"Gracias por tan profunda investigación, va a cambiar el rumbo de este país y de hacer periodismo, tal como la de la Casa Blanca",mx,0,0,0,0,0,0,0,0,0,graci por tan profund investig va a cambi el rumb de este pais y de hac period tal com la de la cas blanc
d45022cda14b4c2dfe8a8483409623d3,peliculaRoma,1,Viva Meade que ya sale a vender información estratégica y sensible para los grandes negocios,mx,0,0,0,0,0,0,0,0,0,viv mead que ya sal a vend inform estrateg y sensibl par los grand negoci
0dccb7c05f48dbd6b9ca6e4421dca613,peliculaRoma,1,No podía esperar menos de su pejidente.,mx,0,0,0,0,0,1,0,0,0,no pod esper men de su pejident
12ba66df32118408e675e90f6d65163a,peliculaRoma,1,Más bien va ahorrar lo de la llamada para el tren maya,mx,0,0,0,0,0,0,0,0,0,mas bien va ahorr lo de la llam par el tren may
28a65f7857d5d72d2ca9203a91a2d6c1,peliculaRoma,1,Si se dan cuenta México es el país con mayor talento,mx,0,0,0,0,0,0,0,0,0,si se dan cuent mexic es el pais con mayor talent
55e560641f56252f531c4162fae46f6d,peliculaRoma,1,@lopezobrador_  @alfonsocuaron lo Felícita pero no ha visto la peli porque es ir Netflix que es muy fifi.,mx,0,0,0,0,0,1,0,0,0,[user] [user] lo felicit per no ha vist la peli porqu es ir netflix que es muy fifi
9aa32b2a6bbc1bf397c2819e384e4ac4,peliculaRoma,1,Diganle eso al Cruz Azul..,mx,0,0,0,0,0,0,0,0,0,diganl eso al cruz azul
ee4ef3c5d6203e83dfd4d4965387a532,peliculaRoma,1,No vayan a pensar que es un presidente fifi por ser cliente de Netflix,mx,0,0,0,0,0,1,0,0,0,no vay a pens que es un president fifi por ser client de netflix
6199c71e063ac3e774381afbe558182c,peliculaRoma,1,"Ándale Carmencita, sigue defendiera 4-T, en 100 días nos hemos regresado cuando menos 30 años!! Platero lo hizo mejor que este que no se sabe la tonada; es el Rey de los Burros!! 😄",mx,4,0,0,1,0,1,0,0,0,andal carmencit sig defend 4 t en 100 dias nos hem regres cuand men 30 años plater lo hiz mejor que este que no se sab la ton es el rey de los burr cara_sonriendo_con_ojos_sonrient
5d1a566a25699c2422cc685a764a0eed,peliculaRoma,1,Ya con que haya salido de su cerro es más que suficiente Jajajajajajajaja Jajajajajajajaja,mx,0,0,0,0,0,0,0,0,0,ya con que hay sal de su cerr es mas que suficient jajajajajajajaj jajajajajajajaj
70568a9e92a7a64383ead6440bebda50,peliculaRoma,1,El consuelo de los mediocres ....,mx,0,0,0,0,0,0,1,0,1,el consuel de los mediocr
e1bc4ff752464ed543aa3b6a06b7b8de,peliculaRoma,1,"Pus esq se cansa el ganso, recuerden que todo por servir se acaba y acaba por no servir",mx,0,0,0,0,0,1,0,0,0,pus esq se cans el gans recuerd que tod por serv se acab y acab por no serv
b57e9a36429aee0fdbb60a4cba8a6cc9,peliculaRoma,1,No Mamen acaban de hacer otra consulta patito y ustedes salen con está nota por favor por lo menos disimulen que no se vea el chayo,mx,0,0,0,0,0,2,0,0,0,no mam acab de hac otra consult patit y usted sal con esta not por favor por lo men disimul que no se vea el chay
cec2c8f1279c476872d74c60f728021e,peliculaRoma,1,Así valora AMLO a los mexicanos que sí trabajan y se esfuerzan por poner en alto el nombre de México,mx,0,0,1,0,0,0,0,0,0,asi valor amlo a los mexican que si trabaj y se esfuerz por pon en alto el nombr de mexic
90b90cb8cbd9101e2505741214645824,peliculaRoma,1,Esto es cuestión de amor; de amor en sí o de amor para sí; pero viendo ese amor desde una perspectiva dialéctica es amor total; benéfica al madrugador y a la comparsa.,mx,0,0,0,0,0,0,0,0,0,esto es cuestion de amor de amor en si o de amor par si per viend ese amor desd una perspect dialect es amor total benef al madrug y a la compars
06bdddd3f574ec0bbe43d0c72156f949,peliculaRoma,1,Pues falta que @lopezobrador_ no diga nada acerca de lo sucedido con @jorgeramosnews en Venezuela porque también se quede dormido.,mx,0,0,0,0,0,2,0,0,0,pues falt que [user] no dig nad acerc de lo suced con [user] en venezuel porqu tambien se qued dorm
5cdc52ad0fe9df8aae4cb2723e1309af,peliculaRoma,1,"De vez en cuando tienes datos, pa puras pendejadas!!!!",mx,4,0,0,0,0,0,1,0,0,de vez en cuand tien dat pa pur pendej
f6f47dc02866c39e0eb0a6a6e481e1c8,peliculaRoma,1,Y luego? Esa es noticia?,mx,0,2,0,0,0,0,0,0,0,y lueg esa es notici
43978d7de4e603d0778749c9bf129480,peliculaRoma,1,Vieran lo preocupado 😟 que está Alfonso no pudo dormir en toda la madrugada.,mx,0,0,0,1,0,1,0,0,0,vier lo preocup cara_preocup que esta alfons no pud dorm en tod la madrug
0b2a13f89c287c47025251d87cb7d253,peliculaRoma,1,Pues clarocomo todo anciano,mx,0,0,0,0,0,0,0,0,0,pues clarocom tod ancian
47a07253ac0467a99de9da9506edb25a,peliculaRoma,1,A pedir chamba otra vez al kinder de Oax.,mx,0,0,0,0,0,0,0,0,0,a ped chamb otra vez al kind de oax
babc1585c61d50f063d1a1b1b3ebc5b6,peliculaRoma,1,"No mames!!! A lo que ha llegado. Ahora es topo Gigio. Mañana dará a conocer como estelar de su noticiero "" el presidente duerme de cucharita""",mx,3,0,0,0,0,1,1,2,0,no mam a lo que ha lleg ahor es top gigi mañan dar a conoc com estel de su noticier el president duerm de cucharit
dc99b77051cf5c84aff8f8f517f25e2b,peliculaRoma,1,Qué profundidad y trascendencia de noticia; bravo @aristeguicnn vas de mal en peor.,mx,0,0,0,0,0,0,0,0,0,que profund y trascendent de notici brav [user] vas de mal en peor
98fe16859bb3b5b1974456e2a2aa8019,peliculaRoma,1,Se le acabo el sueño 🤣🤣,mx,0,0,0,2,0,0,0,0,0,se le acab el sueñ cara_revolviendose_de_la_ris cara_revolviendose_de_la_ris
4135bd983d60fb49e3eaa829727c73a7,peliculaRoma,1,Que ni la vea...se va a dormir!!!,mx,3,0,0,0,0,1,2,0,1,que ni la vea se va a dorm
ebd1d386935c3c08094cf710e7943343,peliculaRoma,1,"Es cierto, ¿cuantos millones de películas de Goyris se necesitarían para lograr una nominación al #Oscar pues infinitos intentos fallidos",mx,0,1,0,0,0,0,0,0,0,es ciert cuant millon de pelicul de goyris se necesit par logr una nomin al oscar pues infinit intent fall
28801fa9f2f3ec1caa26bbe4d75685f9,peliculaRoma,1,Lo que callamos las mujeres versión extra larga,mx,0,0,0,0,0,0,0,0,0,lo que call las mujer version extra larg
423b0fff0d05ac5e9aff6b16b3fa347d,peliculaRoma,1,Para qué quieren que la vea si ni le va a gustar. No sale Benito Juárez y no juegan baseball.,mx,0,0,0,0,0,3,0,0,0,par que quier que la vea si ni le va a gust no sal benit juarez y no jueg baseball
51512c350aac5cbde5a39deb12acbff8,peliculaRoma,1,"Es viejito y duerme temprano, se endurece de con eso de su hora nacional",mx,0,0,0,0,0,0,0,0,0,es viejit y duerm tempran se endurec de con eso de su hor nacional
72e0792f8210992722dff363fc667484,peliculaRoma,0,Imaginen si fuera lo contrario,mx,0,0,0,0,0,0,0,0,0,imagin si fuer lo contrari
3279715b7a7eabeb2df4dd23f7b93c26,peliculaRoma,0,Su carrera apenas empieza llegarán más nominaciones y el Oscar muy pronto felicidades,mx,0,0,0,0,0,0,0,0,0,su carrer apen empiez lleg mas nomin y el oscar muy pront felic
202acf3de63857fbcd3f3f48c939a08a,peliculaRoma,0,"Pues yo coincido con ellos, no m gusto nada...",mx,0,0,0,0,0,2,1,0,1,pues yo coinc con ellos no m gust nad
9849dff0db4884c306215e7bcb6f4420,peliculaRoma,0,"Ya Joaquín deja de colgarte de eso no ganó nada y eso sí lo esperábamos ya chole con lo mismo , de plano no hay otra cosa mucho más importante ???",mx,0,3,0,0,0,3,1,0,0,ya joaquin dej de colgart de eso no gan nad y eso si lo esper ya chol con lo mism de plan no hay otra cos much mas import
561a05f4681882410634ec8345746d70,peliculaRoma,0,"Los críticos, como los políticos, tienen opiniones muy divergentes entre si, igual hay quienes si les gustó y otros que no. La respuesta la da el público en la taquilla, veremos cuanto dinero genera por año y ahi sabremos si fue o no negocio.",mx,0,0,0,0,0,2,0,0,0,los critic com los polit tien opinion muy divergent entre si igual hay quien si les gust y otros que no la respuest la da el public en la taquill ver cuant diner gener por año y ahi sabr si fue o no negoci
19ad5d78f194dc90ad00a8a440d750d1,peliculaRoma,0,Pues si se para antes de las 7,mx,0,0,0,0,0,0,0,0,0,pues si se par antes de las 7
abc3813bc88bcb3de01c2d51503a4b8a,peliculaRoma,0,Buen inicio de carrera con nominación,mx,0,0,0,0,0,0,0,0,0,buen inici de carrer con nomin
82588bddb9f4219560b02eb8da3174f9,peliculaRoma,0,La realidad es peor.,mx,0,0,0,0,0,0,0,0,0,la realid es peor
1019b9dac90400b3ffc8f1706eb92ff3,peliculaRoma,0,Hasta hasta que hubo alguien que piensa,mx,0,0,0,0,0,0,0,0,0,hast hast que hub algui que piens
9d460538495a6027e5bb1aaeb3125441,peliculaRoma,0,No usa pasta de dientes.,mx,0,0,0,0,0,1,0,0,0,no usa past de dient
70f791ac1fc0384e50b31875826b4542,peliculaRoma,0,"Güey nació,y el plus que le sigue agregando. No pues,sí se comporta como dices;guey más güey el guey(""gay"")",mx,0,0,0,0,0,1,0,2,0,güey nac y el plus que le sig agreg no pues si se comport com dic guey mas güey el guey gay
8713fb021d2f3144fdfc743a9a40dd13,peliculaRoma,0,"Eso es cierto, pero no tiene nada de malo reconocer que no es actriz, lució por la gran dirección de Cuarón",mx,0,0,0,0,0,3,0,0,0,eso es ciert per no tien nad de mal reconoc que no es actriz luc por la gran direccion de cuaron
fc19a851bac072b4621b18a89b52396c,peliculaRoma,0,Vaya noticia de mierda! El TV y novelas de la semana merece màs atención que esto!,mx,2,0,0,0,0,0,0,0,0,vay notici de mierd el tv y novel de la seman merec màs atencion que esto
39b6b8d57d9eee110c6306466f7674c0,peliculaRoma,0,Se llama humor negro. Que ni se haga su Partido ayudó a CUARON para producir esa película hay  un  mensaje subliminal . Caray cero sensibilidad y menos educacion .,mx,0,0,1,0,0,1,0,0,0,se llam humor negr que ni se hag su part ayud a cuaron par produc esa pelicul hay un mensaj subliminal caray cer sensibil y men educ
8d511a4db6e828b6f3beae02404c4e41,peliculaRoma,0,Y que tiene que aún no la vea?,mx,0,1,0,0,0,1,0,0,0,y que tien que aun no la vea
67df34d05961276036b6a1ff12617b7d,peliculaRoma,0,"Pues los críticos de cine x lo visto piensan lo mismo q yo, no m pierdo nada xq no creo q tenga nada de interés, lo siento, para gustos colores(dicho español) y todas las opiniones son válidas, digas tú lo q digas",mx,0,0,0,0,0,4,0,0,0,pues los critic de cin x lo vist piens lo mism q yo no m pierd nad xq no cre q teng nad de interes lo sient par gust color dich español y tod las opinion son val dig tu lo q dig
42fc69ac1592dce528afb61b681b5ea2,peliculaRoma,0,"Critican, lloran y les punza la  sien. Porque no ganan plata. Y porque es México el que les partió todo el aparato bucal...",mx,0,0,0,0,0,1,1,0,1,critic llor y les punz la sien porqu no gan plat y porqu es mexic el que les part tod el aparat bucal
9198d45e7d7ce110d3cd71cc1281aae1,peliculaRoma,0,"Pues a mi me aburre la vdd no vi ni más de 10 min no entendí tanto relajo pero entiendo q a otros les puede gustar y otros saben más q yo mucho más q yo lo respeto, creo q no todo es q ella es indígena y bla bla bla, en fin q chido pa ella andar allá y todo",mx,0,0,0,0,0,4,0,0,0,pues a mi me aburr la vdd no vi ni mas de 10 min no entend tant relaj per entiend q a otros les pued gust y otros sab mas q yo much mas q yo lo respet cre q no tod es q ella es indigen y bla bla bla en fin q chid pa ella andar alla y tod
28759b5d7540f46877a7ee266a85427d,peliculaRoma,0,Eso fue México o aún es así resista y clasista  así que no mamen,mx,0,0,0,0,0,1,0,0,0,eso fue mexic o aun es asi resist y clasist asi que no mam
ff99f0c880f2bc3d263b6d5319bc8724,peliculaRoma,0,Yo tampoco la he visto y también lo felicito 👍🏽,mx,0,0,0,2,0,1,0,0,0,yo tampoc la he vist y tambien lo felicit pulgar_hacia_arriba_tono_de_piel_medi
ba670a5834e4d1a780ac4fed132baebb,peliculaRoma,0,#YalitzaAparicio #MarinadeTavira la nominacion es un triunfo #ROMA un aprendizaje,mx,0,0,1,0,0,0,0,0,0,yalitzaaparici marinadetavir la nomin es un triunf rom un aprendizaj
03488e1e1fba1bdca3621863da3ec121,peliculaRoma,0,La cubeta de cangrejos la ocupan uds señores,mx,0,0,0,0,0,0,0,0,0,la cubet de cangrej la ocup uds señor
c192a68ba62ea04351066424076a67e6,peliculaRoma,0,Vicente Fernández no estudio canto y aún así no canta nada pero gana dinero aunque sea con el narco,mx,0,0,0,0,0,3,0,0,0,vicent fernandez no estudi cant y aun asi no cant nad per gan diner aunqu sea con el narc
95e1437ba989f090c365a4f4949c830b,peliculaRoma,0,"Si no la ve no se perdera de nada, esa pelicula es muy aburrida.",mx,0,0,0,0,0,3,0,0,0,si no la ve no se perder de nad esa pelicul es muy aburr
4c27cbbfa83f53ebf4c755d19cc76495,peliculaRoma,0,Con todo respeto @AristeguiOnline ha decepcionado a muchos por no seguir siendo quien siempre ha sido,mx,0,0,0,0,0,1,0,0,0,con tod respet [user] ha decepcion a much por no segu siend qui siempr ha sid
150306b1ccff8f8676f317f21365ef96,peliculaRoma,0,Por finnn alguien critico y objetivo Sin doble moral....,mx,0,0,0,0,0,1,2,0,1,por finn algui critic y objet sin dobl moral
f8016db88883b9ec2a271aa74e737a26,peliculaRoma,0,"Hay que aprender a ver , vos te lo perdes.  No sos una crítica de cine no tenes porque entender de composición",mx,0,0,0,0,0,2,0,0,0,hay que aprend a ver vos te lo perd no sos una critic de cin no ten porqu entend de composicion
6fcaa1cf0bf5d2910fb7b39df0a8016b,peliculaRoma,0,"Lo q la gente quiere es una película que le entretenga, q le haga olvidar su vida 90 minutos...",mx,0,0,0,0,0,0,1,0,1,lo q la gent quier es una pelicul que le entreteng q le hag olvid su vid 90 minut
bae1b0f28cc165e60b776d53d58057d0,peliculaRoma,0,"No cabe duda... El peor enemigo de un mexicano es otro mexicano, y en este caso el Priuniversal no es la excepciónd dan pena chayoteros 🍐",mx,0,0,0,1,0,2,1,0,1,no cab dud el peor enemig de un mexican es otro mexican y en este cas el priuniversal no es la excepciond dan pen chayoter per
61db4b0af0ee647f39918a22c2439e01,peliculaRoma,0,Ni la verá. Nuestro presidente está muy ocupado trabajando en arreglar el desastre que dejaron los canallas-sinvergüenzas-saqueadores que se sintieron dueños y señores de México y de los mexicanos.,mx,0,0,0,0,0,1,0,0,0,ni la ver nuestr president esta muy ocup trabaj en arregl el desastr que dej los canall sinvergüenz saqueador que se sint dueñ y señor de mexic y de los mexican
4edc1f7f7f69d2ca43a2ba572c42cc62,peliculaRoma,0,Yo también no la he visto poro me congratuló que gane y sea ejemplo,mx,0,0,0,0,0,1,0,0,0,yo tambien no la he vist por me congratul que gan y sea ejempl
5cc2caa363a09bcb3d693630e8569a00,peliculaRoma,0,"Y tienen razón, no es nada del otro mundo, para mi, estuvo aburrida",mx,0,0,0,0,0,2,0,0,0,y tien razon no es nad del otro mund par mi estuv aburr
01110669dfe6529b042107b0150a4b46,peliculaRoma,0,"No por ser mexicano tengo que decir que fue una joya, a mi en particular no me gustó, he visto mejores películas de mexicanos y esta para mi es de las peores, perdónenme mundo 😔",mx,0,0,0,1,0,2,0,0,0,no por ser mexican teng que dec que fue una joy a mi en particul no me gust he vist mejor pelicul de mexican y esta par mi es de las peor perdonenm mund cara_desanim
7667d407dbfc1b8e2d6109bca71d8476,peliculaRoma,0,"Es una pena que se enorgullezcan de algo que no tiene brillo y que la actuación de la señora es súper x, es pésimo que premien esta película siendo un asco",mx,0,0,0,0,0,1,0,0,0,es una pen que se enorgullezc de algo que no tien brill y que la actuacion de la señor es sup x es pesim que premi esta pelicul siend un asco
0c0d614ac33826cc2e18342809b9bd76,peliculaRoma,0,absolutamente cierto...,mx,0,0,0,0,0,0,1,0,1,absolut ciert
7a3c945d53ac00919bbb00e9ee91d179,peliculaRoma,0,"SE HACE GUEY..!!!!... A POCO NO PUDO GRABAR EL SALUDO?... Y A POCO CREÉS QUE A CUARON LE PREOCUPA?... AY CARMEN!! ... CÓMO TE EXTRAÑO INVESTIGANDO, FÉRREA, PROFESIONAL, CRÍTICA DE LA BUENA EN PERIODISMO... PERO FUISTE SANTIFICADA Y TAPADA DE TU BOCA POR EL VETUSTO LIDER",mx,6,2,28,0,0,1,6,0,5,se hac guey a poc no pud grab el salud y a poc crees que a cuaron le preocup ay carm com te extrañ investig ferre profesional critic de la buen en period per fuist santific y tap de tu boc por el vetust lid
85d0a84de9ce13809021c264edf37115,peliculaRoma,0,El 🧓🏼 esta muy viernes para sábado de gloria 🦆,mx,0,0,0,3,0,0,0,0,0,el persona_mayor_tono_de_piel_claro_medi esta muy viern par sab de glori pat
5a551d69fd8aebc8cce12a4c8a7a354a,peliculaRoma,0,Ya mámasela pinche empinada.,mx,0,0,0,0,0,0,0,0,0,ya mamasel pinch empin
640b14cd0e776f18fdf2fd21247ebe62,peliculaRoma,0,"Es verdad, aunque haya quienes se vayan a parar de pestañas.",mx,0,0,0,0,0,0,0,0,0,es verd aunqu hay quien se vay a par de pestañ
af2064bcf89c2dc4c24cc499afa852b6,peliculaRoma,0,Ahora si ya dicen que no es buena y a los que nos atrevimos a criticarla casi nos crucifican,mx,0,0,0,0,0,1,0,0,0,ahor si ya dic que no es buen y a los que nos atrev a critic casi nos crucific
c2074b33eb0c14893481f99adffd2e51,peliculaRoma,0,"Simplemente no apta para gente que no le gusta pensar, claro que para ellos va ser aburrida",mx,0,0,0,0,0,2,0,0,0,simplement no apta par gent que no le gust pens clar que par ellos va ser aburr
da277fbf83f1d3bf9de218e1cf708fb8,peliculaRoma,0,Esas noticias si me gustan,mx,0,0,0,0,0,0,0,0,0,esas notici si me gust
a5f8000071ec873b4f5a385931317252,peliculaRoma,0,"No, son Joaquín. La nominación es sólo una nominación,NO el triunfo. Saludo.",mx,0,0,0,0,0,2,0,0,0,no son joaquin la nomin es sol una nomin no el triunf salud
1937f4148aad2d5c85a11c687f6b6bb3,peliculaRoma,0,"Coincido plenamente, no me gustó nada...!!!",mx,3,0,0,0,0,2,2,0,1,coinc plen no me gust nad
90af638ea23200c3b1dae967a31e79c4,peliculaRoma,0,No Jajaj por algo se estudia,mx,0,0,0,0,0,1,0,0,0,no jajaj por algo se estudi
9ad4fc558ec5804847054bf923584d69,peliculaRoma,0,El Señor Presidente trabaja de lunes a Domingo y todos los dias dá las conferencias de prensa. @lopezobrador_  si trabaja.,mx,0,0,0,0,0,0,0,0,0,el señor president trabaj de lun a doming y tod los dias da las conferent de prens [user] si trabaj
bc1b6d673615165cfd9bb6c364330090,peliculaRoma,0,Pregunta tonta !! Cuantos de esos críticos han estado nominados a un Oscars ??? Espero que algún dia se junten todos los famosos críticos y hagan lo mejor que puedan para ver si los toman en cuenta.,mx,2,3,0,0,0,0,1,0,0,pregunt tont cuant de esos critic han estad nomin a un oscars esper que algun dia se junt tod los famos critic y hag lo mejor que pued par ver si los tom en cuent
e56737ece472a5fb93391d9c38d81ec6,peliculaRoma,0,Totalmente de acuerdo Teacher. #VivaMéxicoCuarones,mx,0,0,0,0,0,0,0,0,0,total de acuerd teach vivamexicocuaron
28d9b1a8e61244b79759f545b0fcdf58,peliculaRoma,0,De mi parte! Y de muchos MEXICANOS! Que chinguen a su madre esos críticos! Fin.,mx,3,0,1,0,0,0,0,0,0,de mi part y de much mexican que ching a su madr esos critic fin
349efbb7d7a2977192eda6134198fa47,peliculaRoma,0,Es un bodrio sovrevaluado por publicidad para pendejos. De hecho es mierda disfrazada de arte para pendejos.,mx,0,0,0,0,0,0,0,0,0,es un bodri sovrevalu por public par pendej de hech es mierd disfraz de arte par pendej
286dcd80e2c261a3769b33446403704f,peliculaRoma,0,"Sonará trillado pero Yalitza ya gano, su nomimacion al Oscar quedara grabada en la historia de la cinematografia Mexicana. Bien por ella.",mx,0,0,0,0,0,0,0,0,0,son trill per yalitz ya gan su nomim al oscar qued grab en la histori de la cinematografi mexican bien por ella
4a5a8eccb921bfa635462db3f3b354a7,peliculaRoma,0,Y al país le afecta en...?,mx,0,1,0,0,0,0,1,0,1,y al pais le afect en
ed8b92fe5e38bbff7307a1c5c7ed1641,peliculaRoma,0,"Hasta que alguien dice la verdad. Le faltó decir que no son las grandes actuaciones, si lo que interpretas es algo que sabemos realizar. Como cualquier persona que saliera a interpretar un jardinero poniendo plantas.",mx,0,0,0,0,0,1,0,0,0,hast que algui dic la verd le falt dec que no son las grand actuacion si lo que interpret es algo que sab realiz com cualqui person que sal a interpret un jardiner pon plant
4c191c990fcddda151530c8987faa695,peliculaRoma,0,"Que pueden criticar si en el 2011, la @bbcmundo, hizo críticas racistas a #México en un programa de nombre @TopGear_BBCA, hay que tener un poco de memoria para entender las ""criticas""",mx,0,0,0,0,0,0,0,2,0,que pued critic si en el 2011 la [user] hiz critic racist a mexic en un program de nombr [user] hay que ten un poc de memori par entend las critic
7f8ddb11e82f37fb5f6482c9eda4faa6,peliculaRoma,0,Pues los que pueden votar son los que valen. El partido se acabó y el árbitro decidió y nada lo puede ya cambiar. La historia ha sido escrita duélale a quien le duela. Sigamos adelante mexicanos destacando cada quien en su actividad. Que nuestros paisanos no nos detengan.,mx,0,0,0,0,0,2,0,0,0,pues los que pued vot son los que val el part se acab y el arbitr decid y nad lo pued ya cambi la histori ha sid escrit duelal a qui le duel sig adel mexican destac cad qui en su activ que nuestr paisan no nos deteng
f90bcfcfbdd0dc580d18197228ac5b17,peliculaRoma,0,"A mi me encantó.. no la considero clasista al contrario, siento que las familias que hemos sido afortunadas de contar con una CLEO.. esas personas nos dan MÁS a nosotros no por trabajo sino por su amor incondicional ❤️",mx,0,0,2,1,0,3,0,0,0,a mi me encant no la consider clasist al contrari sient que las famili que hem sid afortun de cont con una cle esas person nos dan mas a nosotr no por trabaj sin por su amor incondicional corazon_roj
8528f1e67473d50f93d20d8325d3f61b,peliculaRoma,0,"A éstos culeros también les hace daño porque no felicitó al CUARON  ? hijos de su puta MADRE ningún chile les ENVONA, ya tendra tiempo para todo, NO CUANDO USTEDES DIGAN, HIJOS DE SU PUTA MADRE  !!!!!!",mx,6,1,9,0,0,3,1,0,0,a estos culer tambien les hac dañ porqu no felicit al cuaron hij de su put madr ningun chil les envon ya tendr tiemp par tod no cuand usted dig hij de su put madr
6429227d40110097dbc61706f8fe7408,peliculaRoma,0,"Pues ya lo felicitará, ya dijo. Y sí se duerme temprano @lopezobrador_ porque madruga para trabajar x México. ¿Qué tiene de extraño?",mx,0,2,0,0,0,0,0,0,0,pues ya lo felicit ya dij y si se duerm tempran [user] porqu madrug par trabaj x mexic que tien de extrañ
264ac91e497d8b968ce72ecc5135215c,peliculaRoma,0,"Ya TV novelas, alarma y de peso, saca artículos más importantes, de investigación y serios que ustedes, la neta...",mx,0,0,0,0,0,0,1,0,1,ya tv novel alarm y de pes sac articul mas import de investig y seri que usted la net
1d1e99f0ba8eb927a046c64c2292cb5e,peliculaRoma,0,Pobre pendejo Ni quien quisiera ese lugar Puro pinche acarreado como tu en busca de lo que diga el pueblo utilizando sus dique encuestas A caso no te das cuenta que les están dando.atole con el dedo y hacen lo que ellos quiere Pero bueno Sigamos con la voz del pueblo,mx,0,0,0,0,0,2,0,0,0,pobr pendej ni qui quis ese lug pur pinch acarr com tu en busc de lo que dig el puebl utiliz sus diqu encuest a cas no te das cuent que les estan dand atol con el ded y hac lo que ellos quier per buen sig con la voz del puebl
3c7ce5a01d01f055b38fcfab56ed604a,peliculaRoma,0,"Como siempre la prensa chayotera, se ve que esté presidente si trabaja, no como los otros zánganos vende patria que México ha padecido",mx,0,0,0,0,0,1,0,0,0,com siempr la prens chayoter se ve que este president si trabaj no com los otros zangan vend patri que mexic ha padec
735abad16b1e6cbdb30c126708639695,peliculaRoma,0,"Primero; eres una decepción como periodista. En el gobierno de @EPN sacaste uñas y dientes y en este gobierno @lopezobrador_ eres una dulce ternerita. Vendida.  Segundo, que nos importa que Lopez se duerma temprano 🤦🏻‍♀️🤦🏻‍♀️🤦🏻‍♀️ de alguna manera siempre justificas la ineptitud.",mx,0,0,1,9,0,0,0,0,0,primer eres una decepcion com period en el gobiern de [user] sac uñas y dient y en este gobiern [user] eres una dulc ternerit vend segund que nos import que lopez se duerm tempran mujer_con_la_mano_en_la_frente_tono_de_piel_clar mujer_con_la_mano_en_la_frente_tono_de_piel_clar mujer_con_la_mano_en_la_frente_tono_de_piel_clar de algun maner siempr justif la ineptitud
fa0d8053ced225734021c30605a88151,peliculaRoma,0,Que triste abrir mi tweeter y leer tus noticias,mx,0,0,0,0,0,0,0,0,0,que trist abrir mi tweet y leer tus notici
094aa9a8c8fff0afec6705393d04fefc,peliculaRoma,0,Me encantó poder revivir ese amor incondicional de Cleo a una familia,mx,0,0,0,0,0,0,0,0,0,me encant pod reviv ese amor incondicional de cle a una famili
01b88b946842a1ad2b84a1e359e5f211,peliculaRoma,0,"A mi me pareció maravillosa. Si ves la forma en que recrearon la época, las calles, los detalles, incluso la misma Cleo quien era parte de la familia, como esas Cleos fueron parte de muchas familias. Ahora ya no hay ese involucramiento ni esa complicidad.",mx,0,0,0,0,0,2,0,0,0,a mi me parec maravill si ves la form en que recr la epoc las call los detall inclus la mism cle qui era part de la famili com esas cle fueron part de much famili ahor ya no hay ese involucr ni esa complic
aff5356d11e743adb012d323fb9da280,peliculaRoma,0,Una lastima no enterarse de lo que hace un compatriota,mx,0,0,0,0,0,1,0,0,0,una lastim no enter de lo que hac un compatriot
74e515f6b4ad2236ddd2ae98bb188268,peliculaRoma,0,"@El_Universal_Mx ahora resulta que los críticos nos van a decir qué película es mejor,entonces nuestra opinión no es importante vale más la opinión de los críticos que la del público soberbios!!!",mx,3,0,0,0,0,1,1,0,0,[user] ahor result que los critic nos van a dec que pelicul es mejor entonc nuestr opinion no es import val mas la opinion de los critic que la del public soberbi
9b1c08a501389a313b05cd0d4a52c020,peliculaRoma,0,A nadie le importa...,mx,0,0,0,0,0,1,1,0,1,a nadi le import
713b1afd19258a284ca886527bfa58a4,peliculaRoma,0,"De verdad esto es lo relevante? La verdad, que lo felicité o no, nos vale.",mx,0,1,0,0,0,1,0,0,0,de verd esto es lo relev la verd que lo felicit o no nos val
d166a42c24f2b7ef36ec50219250f05a,peliculaRoma,0,"Rodrigo Islas es el típico crítico imbécil que quiere que los guionistas y directores traten los temas como a él se le antoja que los traten, y de no hacerlo, son condenados por clasistas, racistas y vacíos. Es un cretino lleno de prejuicios.",mx,0,0,0,0,0,1,0,0,0,rodrig islas es el tipic critic imbecil que quier que los guionist y director trat los tem com a el se le antoj que los trat y de no hac son conden por clasist racist y vaci es un cretin llen de prejuici
65a92db5505b8fe208f5bb4b1fe0240f,peliculaRoma,0,Jajajajaa un bot hecho para contestar aquí jajajaajaja que risa.,mx,0,0,0,0,0,0,0,0,0,jajajaja un bot hech par contest aqu jajajaajaj que ris
01f005501a97b54c1c44f39dee5ba01a,peliculaRoma,0,¿Lo felicitó por la película o por el premio?,mx,0,2,0,0,0,0,0,0,0,lo felicit por la pelicul o por el premi
e6631f6d73b5eb7c9ba7fda80a9fbcd3,peliculaRoma,0,Es que si no es un tema que el ponga en la agenda y la opinión pública... No le interesa,mx,0,0,0,0,0,2,1,0,1,es que si no es un tem que el pong en la agend y la opinion public no le interes
e4d4350d40aa76e3b6d3a4d8e4178bb4,peliculaRoma,0,Es el Presidente no critico de cine!!!...,mx,3,0,0,0,0,1,2,0,1,es el president no critic de cin
cd9a3bb50944dc74dffc89481ce6fde1,peliculaRoma,0,"Los que dicen que no es actriz, AMLO no es presidente y ahí anda en el cargo haciendo sus pendejadas....😂",mx,0,0,1,1,0,2,1,0,1,los que dic que no es actriz amlo no es president y ahi anda en el carg hac sus pendej cara_llorando_de_ris
cc757a5085452e36574c904815ef180c,peliculaRoma,0,"Si estoy de acuerdo! ¿Que tiene que ver que AMLO no la halla visto? El Reforma va mas alla de la pelicula, del logro, de la nominacion de la Actriz Yalitza Aparicio y etc....y dicen: AMLO ni la vio....ummm!",mx,2,2,2,0,0,2,3,0,2,si estoy de acuerd que tien que ver que amlo no la hall vist el reform va mas alla de la pelicul del logr de la nomin de la actriz yalitz aparici y etc y dic amlo ni la vio umm
bce2e552f3dc85aa3f855b3f5cc002fe,peliculaRoma,0,"Los que vengan a tirarme mierda, recuerden que es Twitter, no se encabronen 🤣",mx,0,0,0,1,0,1,0,0,0,los que veng a tir mierd recuerd que es twitt no se encabron cara_revolviendose_de_la_ris
3a1fa20c2b5a9ca9742ca8313dbc7c21,peliculaRoma,0,"Felicidades al presidente, no tiene tiempo de espectáculos hay asuntos más importantes",mx,0,0,0,0,0,1,0,0,0,felic al president no tien tiemp de espectacul hay asunt mas import
b65432873a72ac5f2fdc07c0cdcecada,peliculaRoma,0,El cine es subjetivo  ......creo q es muy buena para los que vivimos en cdmx en esa epoca es nostalgica ...si le falto un poco más de historia ...pero si me gusto...pienso que dirigir una pelicula sin actores profesionales es un gran merito !! Felicidades @alfonsocuaron,mx,2,0,0,0,0,1,4,0,5,el cin es subjet cre q es muy buen par los que viv en cdmx en esa epoc es nostalg si le falt un poc mas de histori per si me gust piens que dirig una pelicul sin actor profesional es un gran merit felic [user]
2aa00868f3888d589936f0e58cf9c831,peliculaRoma,0,"Así es en esta era de lo ""Ridículamente correcto"", la verdad que incomoda, pero que al fin y al cabo es la verdad, así como la libertad de expresión siempre van a tener menos peso que su corrección política, vaya estupideces.",mx,0,0,0,0,0,0,0,2,0,asi es en esta era de lo ridicul correct la verd que incomod per que al fin y al cab es la verd asi com la libert de expresion siempr van a ten men pes que su correccion polit vay estupidec
16735a5bb5e8aff04d311bcbd29cfdbb,peliculaRoma,0,Y tiene mucho trabajo.,mx,0,0,0,0,0,0,0,0,0,y tien much trabaj
4ae6524f6992c154cdb4699802262653,peliculaRoma,0,"Jajaja, a quien le interesa la felicitacion de ese loco, solo a ti que eres la promotora de sus chairomilagros que solo el y tu creen pero que nadie en su sano juicio ve",mx,0,0,0,0,0,1,0,0,0,jajaj a qui le interes la felicit de ese loc sol a ti que eres la promotor de sus chairomilagr que sol el y tu cre per que nadi en su san juici ve
8bbbf8f8641cd84b17a61fe4fc2e3122,peliculaRoma,0,"Esta ""noticia"" va con veneno, parece que Aristegui sufre del ""sindrome de Estocolmo"" y se enamoró de los que la golpeaban en tiempos de Peña N. Necesita sicologo la periodista",mx,0,0,0,0,0,0,0,4,0,esta notici va con venen parec que aristegui sufr del sindrom de estocolm y se enamor de los que la golp en tiemp de peñ n necesit sicolog la period
547eea5f987d038e8753cd307a8f879c,peliculaRoma,0,Y yo digo lo mismo,mx,0,0,0,0,0,0,0,0,0,y yo dig lo mism
8734bd2788a878120750a2a183c55a7d,peliculaRoma,0,Ah ok....y luego?? Cuál es la noticia??,mx,0,4,0,0,0,0,1,0,1,ah ok y lueg cual es la notici
6bb7a642caab7140fbf535300bcc4043,peliculaRoma,0,"Y mientras Aristegui da notas del corazón, en México el país se está cayendo a pedazos y en Venezuela el régimen apoyado por Obrador está haciendo estragos inhumanos como no había desde la guerra mundial.  Aplausos a esta gran periodista.  Una oda a la sumisión",mx,0,0,0,0,0,1,0,0,0,y mientr aristegui da not del corazon en mexic el pais se esta cayend a pedaz y en venezuel el regim apoy por obrador esta hac estrag inhuman com no hab desd la guerr mundial aplaus a esta gran period una oda a la sumision
385c9d66f473f14a78d093041827ccbf,peliculaRoma,0,Ay Charistegui.. está bueno el hueso que te dieron vdd ?? Muy calladita con pura noticia rosa para tu amo !!!,mx,3,2,0,0,0,0,1,0,0,ay charistegui esta buen el hues que te dieron vdd muy calladit con pur notici ros par tu amo
e3425377dac7ad2012e37df351d68941,peliculaRoma,0,"La mediocridad de siempre: ""Lo importante no es ganar si no competir"".",mx,0,0,0,0,0,2,0,2,0,la mediocr de siempr lo import no es gan si no compet
d23cfd705ef9ac0fc3f4b500c406d28e,peliculaRoma,0,"Ay ya, que hueva con eso. 🙄",mx,0,0,0,1,0,0,0,0,0,ay ya que huev con eso cara_con_ojos_en_blanc
ced61a4859b7f65ca9f09c6184ac9bae,peliculaRoma,0,"No podría estar más de acuerdo, tiene cosas buenas sin duda, pero no debería defendérsele con una postura nacionalista.",mx,0,0,0,0,0,3,0,0,0,no podr estar mas de acuerd tien cos buen sin dud per no deb defendersel con una postur nacional
e05b4989e276b62625840a18a41b415a,peliculaRoma,0,Y si no hubiese sido nominada?,mx,0,1,0,0,0,1,0,0,0,y si no hub sid nomin
025e31abad07ef05f872211d5baa37ca,peliculaRoma,0,Pues claro y se levanta muy temprano 😎👏👏👏👏,mx,0,0,0,5,0,0,1,0,0,pues clar y se levant muy tempran cara_sonriendo_con_gafas_de_sol manos_aplaud manos_aplaud manos_aplaud manos_aplaud
f5c5bd398f19c5ac7d3adf22cc0433cc,peliculaRoma,0,Pues es que en México la prensa y las redes se encargaron de inflar algo que no tiene el tamaño de lo que nos quisieron hacer creer.,mx,0,0,0,0,0,1,0,0,0,pues es que en mexic la prens y las red se encarg de inflar algo que no tien el tamañ de lo que nos quis hac cre
46e5683846cc8dbd63d5ec40f0ca7a6f,peliculaRoma,0,@Reforma  patético don pardiñas,mx,0,0,0,0,0,0,0,0,0,[user] patet don pardiñ
6836848b933dbc698c90214bbc8900fe,peliculaRoma,0,Un gran triunfo bravooo!!,mx,2,0,0,0,0,0,1,0,0,un gran triunf bravo
9d23cc758894cdb8d0ab3cfdbc82eb5c,peliculaRoma,0,Sólo 3 oscars como les quedó el ojo a los criticos????????,mx,0,8,0,0,0,0,1,0,0,sol 3 oscars com les qued el ojo a los critic
35d61dd719336b85b71b95692a146f7e,peliculaRoma,0,"Como sea que fuera esta nominación saco lo mejor y peor de México, lo mejor: el empoderamiento de la mujer, que en cada paso que da hace historia, lo peor: que México aun no aprende a ver triunfar, ganar, aparecer, sobresalir a un paisano!. Nos falta mucho....lamentablemente.",mx,1,0,0,0,0,1,1,0,1,com sea que fuer esta nomin sac lo mejor y peor de mexic lo mejor el empoder de la muj que en cad pas que da hac histori lo peor que mexic aun no aprend a ver triunf gan aparec sobresal a un paisan nos falt much lament
9e05a8aa4eeb3cde04e95ad58a6af312,peliculaRoma,0,Para mi igual sin ser experto,mx,0,0,0,0,0,1,0,0,0,par mi igual sin ser expert
f0318de0e491fb3e3b1f6ca034439d14,peliculaRoma,0,"Que critiquen al mundo real entonces, porque #Roma es simplemente la captura magistral de una época.",mx,0,0,0,0,0,0,0,0,0,que critiqu al mund real entonc porqu rom es simplement la captur magistral de una epoc
74cfd057d0f416c7e313b572f1e52f74,peliculaRoma,0,Como no gano ahora si todos a opinar “claro es aburrida ... esta mejor la de súper heroes” ... o que universal ??? Mucho mejor las pelis  de tu cliente Sergio Goyri no ..???,mx,0,6,0,0,0,2,4,2,2,com no gan ahor si tod a opin clar es aburr esta mejor la de sup her o que universal much mejor las pelis de tu client sergi goyri no
de665402b4c974bcc8e20cc7ebac5bf8,peliculaRoma,0,"Qué bueno que no gano por qué no es una actriz @YalitzaAparicio,",mx,0,0,0,0,0,2,0,0,0,que buen que no gan por que no es una actriz [user]
9fd17847d59ab9f18eff40ed325511fa,peliculaRoma,0,"No nos haganos, ni la nominación merecía, que le ven a su ""actuación"".",mx,0,0,0,0,0,2,0,2,0,no nos hagan ni la nomin merec que le ven a su actuacion
6eed8383d0374284955b0fd1f6639877,peliculaRoma,0,Felicidades con simpleme  estar nominada ya es un gran paso,mx,0,0,0,0,0,0,0,0,0,felic con simplem estar nomin ya es un gran pas
3eff247ace3820c80f2f12b6f9fc7132,peliculaRoma,0,"Si te fijas los premios que se llevo fueron técnicos, en si la parte artística no fue premiada  por obvias razones.",mx,0,0,0,0,0,1,0,0,0,si te fij los premi que se llev fueron tecnic en si la part artist no fue premi por obvi razon
98e34bc9ea1cc57b92bff512f0c072b5,peliculaRoma,0,"¿A que hora hubo tanta controversia, por Gravity, o por Babel, o por la Forma del agua? Leí comentarios de expertos, diciendo que Green Book era inferior a Roma. Pues caray que me lo expiquen, porque a mi me encantó. Y estoy abierto a que me lo aclaren...",mx,0,2,0,0,0,0,1,0,1,a que hor hub tant controversi por gravity o por babel o por la form del agu lei comentari de expert dic que gre book era inferior a rom pues caray que me lo expiqu porqu a mi me encant y estoy abiert a que me lo aclar
6d153c1100eaf0baf9663d5e9542de0e,peliculaRoma,0,"Aunque ya si te tienen que explicar por que te tiene que gustar, pues como que ya va perdiendo ¿no?",mx,0,2,0,0,0,1,0,0,0,aunqu ya si te tien que explic por que te tien que gust pues com que ya va perd no
e75e21a1d38fa5fc9a6b75c76eecbd83,peliculaRoma,0,Que hipócrita es usted?,mx,0,1,0,0,0,0,0,0,0,que hipocrit es usted
985f60a487b7ce67b156fedf9a41b0ad,peliculaRoma,0,si siñor !!! no siñoor !!,mx,5,0,0,0,0,1,1,0,0,si siñor no siñoor
940bd03117c109ca3e1259b3ed85c950,peliculaRoma,0,"No es necesario, México estaba junto a @alfonsocuaron , así fuera la noche entera para acompañarlo, ese día fue único y no había para después.",mx,0,0,0,0,0,2,0,0,0,no es necesari mexic estab junt a [user] asi fuer la noch enter par acompañ ese dia fue unic y no hab par despues
72da6e605c52f584784f7848fc3a92b9,peliculaRoma,0,"Felicidades por darle a los anti @ROMACuaron elementos para validar sus argumentos, lástima que ya pasaron los #oscares 😂😂😂",mx,0,0,0,3,0,0,1,0,0,felic por darl a los anti [user] element par valid sus argument lastim que ya pas los oscar cara_llorando_de_ris cara_llorando_de_ris cara_llorando_de_ris
36aa0bcc1100eb63ce01731ed457571c,peliculaRoma,0,"Es una buena película, pinche gente envidiosa que van saber de cosas chingonas",mx,0,0,0,0,0,0,0,0,0,es una buen pelicul pinch gent envidi que van sab de cos chingon
cb6d9b1c4c936481c32c3bab8fc6fdf6,peliculaRoma,0,Que oportunista y mamon comentario. Ya madura y quítate los calcetines de Chabelo. Anciano ridiculo!,mx,1,0,0,0,0,0,0,0,0,que oportun y mamon comentari ya madur y quitat los calcetin de chabel ancian ridicul
78f14589a4928c4e8f2ac633095d3cba,peliculaRoma,0,"Nachito, pero q dices, querido??? Los q votan son los q se dejan su dinero en esa película, te vuelvo a repetir, si no pagáramos x verlas, no existirían... A mi q le dieran o no el premio, m da igual pero x criticar una película, mala x cierto, no digas q tienen veneno",mx,0,3,0,0,0,4,2,0,1,nachit per q dic quer los q vot son los q se dej su diner en esa pelicul te vuelv a repet si no pag x verl no exist a mi q le dier o no el premi m da igual per x critic una pelicul mal x ciert no dig q tien venen
e1362c3feb2c545e792e6d3d88b8740c,peliculaRoma,0,"Mira pinche lame huevos dile a tu patrón de mierda que le dé un papel protagónico en alguna de sus porquerías que producen, y ya deja de estarla felicitando",mx,0,0,0,0,0,0,0,0,0,mir pinch lam huev dil a tu patron de mierd que le de un papel protagon en algun de sus porqu que produc y ya dej de estarl felicit
e00ef2c0479196e7772ddc36826ea400,peliculaRoma,0,"Muy cierto, Green Book, definitivamente no es mejor q ROMA.",mx,0,0,1,0,0,1,0,0,0,muy ciert gre book definit no es mejor q rom
3a3ade5bd6f0862f7b1ca58a87b48f49,peliculaRoma,0,Un triunfo para ella. Ganó a pesar de vivir en México y por vivir en Mexico,mx,0,0,0,0,0,0,0,0,0,un triunf par ella gan a pes de viv en mexic y por viv en mexic
3080d319011db8eafd2a664b7f392cbf,peliculaRoma,0,Tu echaste la sal ! Como tu eres español...,mx,1,0,0,0,0,0,1,0,1,tu echast la sal com tu eres español
8f21761c2bb38cadbb4f2f854254bba0,peliculaRoma,0,"Buenas actuaciones hasta de los niños, cero trama, cero historia, demasiado circo.",mx,0,0,0,0,0,0,0,0,0,buen actuacion hast de los niñ cer tram cer histori demasi circ
9f5def91e685de8f199c751585e18218,peliculaRoma,0,"Tomen bola de putos 🖕🖕🖕🖕 tomen su yalitza, ya se acabo el show neeeeeeext!!",mx,2,0,0,4,0,0,2,0,0,tom bol de put dedo_corazon_hacia_arrib dedo_corazon_hacia_arrib dedo_corazon_hacia_arrib dedo_corazon_hacia_arrib tom su yalitz ya se acab el show neext
00b76a6330c923a36ce782479f66f15d,peliculaRoma,0,Con esas palabras se define la vida en México en esa época y algunas cosas no han cambiado,mx,0,0,0,0,0,1,0,0,0,con esas palabr se defin la vid en mexic en esa epoc y algun cos no han cambi
76344fb889edfe58f3e754c1323a50fd,peliculaRoma,0,"Como has decaído, chayotera y arrastrada del pejelagarto",mx,0,0,0,0,0,0,0,0,0,com has decaid chayoter y arrastr del pejelagart
a8344afc355d95149369571b94afccf4,peliculaRoma,0,Ya tranquilos descansando luego de sacarnos de duda,mx,0,0,0,0,0,0,0,0,0,ya tranquil descans lueg de sac de dud
b823a2a21d65d32b0ae7bf90ec68e043,peliculaRoma,0,"Yo tampoco lo he visto y también lo felicito, Felicidades @alfonsocuaron #DrEnriqueAlbertoVázquezConstantino",mx,0,0,0,0,0,1,0,0,0,yo tampoc lo he vist y tambien lo felicit felic [user] drenriquealbertovazquezconstantin
7f1b148d01ce193d12bf001cf5ef7120,peliculaRoma,0,"Este es el inicio de una gran carrera.., a prepararse y seguir de frente.  Grandes retos están por llegar #SiSePuede #VivaMéxico  #VivaMéxicoCuarones",mx,0,0,0,0,0,0,0,0,0,este es el inici de una gran carrer a prepar y segu de frent grand ret estan por lleg sisepued vivamex vivamexicocuaron
8ce9c93fe3dbd6f8195f49f12854b558,peliculaRoma,0,Es en serio esta nota!!!!!???? De verdad @AristeguiOnline no tienen madre!!!! Vendidos completamente...que vergüenza dan!!,mx,11,4,0,0,0,1,4,0,1,es en seri esta not de verd [user] no tien madr vend complet que vergüenz dan
c6bfd7730f517ca281c90aa4c86a2204,peliculaRoma,0,Creo que ya no importa mucho lo que piense esa gente :P,mx,0,0,0,0,0,1,0,0,0,cre que ya no import much lo que piens esa gent p
b6f546e4deade45e0e492e30a0082b77,peliculaRoma,0,"Cierta y acertada la crítica, es una película que se pagó para darle mucha publicidad y con el nombre de curaron peso para las nominaciones.",mx,0,0,0,0,0,0,0,0,0,ciert y acert la critic es una pelicul que se pag par darl much public y con el nombr de cur pes par las nomin
9dbdc05f1f32e6bc32a92b66a6596115,peliculaRoma,0,"Pues las críticas que he leído yo de MEDIOS ESPECIALUZADOS en el quehacer cinematográfico, la califican como obra maestra. Yo coincido con ellos, pero tal vez quienes estén acostumbrados a telenovelas y narcoseries noten una dinámica diferente.",mx,0,0,2,0,0,0,0,0,0,pues las critic que he leid yo de medi especialuz en el quehac cinematograf la calific com obra maestr yo coinc con ellos per tal vez quien esten acostumbr a telenovel y narcoseri not una dinam diferent
98d09c9be5b6b164d5f0302568082135,peliculaRoma,0,"Ni falta le hace al grande Cuaron... AMLO, que ?",mx,0,1,1,0,0,1,1,0,1,ni falt le hac al grand cuaron amlo que
d530081be9e95538b9eed79d20e247a8,peliculaRoma,0,Como cuando la gente habla porque la envidia les corroe!!! Ya quisiéramos muchos estar sólo como invitados aunque no seamos nominados  VIVA MÉXICO!  VIVA YALITZA!!! VIVA CUARON!!!,mx,10,0,6,0,0,1,3,0,0,com cuand la gent habl porqu la envidi les corro ya quis much estar sol com invit aunqu no seam nomin viv mexic viv yalitz viv cuaron
edc496f93835358907997097b52f6af2,peliculaRoma,0,La verdad opino lo mismo ..eso sí con todo respeto,mx,0,0,0,0,0,0,0,0,0,la verd opin lo mism eso si con tod respet
db3e7235798b427ff5304df66b6e9eab,peliculaRoma,0,Como siempre! Haciendola de pex hasta por que no ha visto una pelicula!!! No mmn!,mx,5,0,0,0,0,2,1,0,0,com siempr hac de pex hast por que no ha vist una pelicul no mmn
57df7fe7425078550d932f7f0b8c9abf,peliculaRoma,0,Se levanta muy temprano,mx,0,0,0,0,0,0,0,0,0,se levant muy tempran
193ffb20b98b56b0988e9e65d9557422,peliculaRoma,0,Pues si el peje tiene mucho en que pensar y ni tiempo ha de tener de ver peliculas..eso se llama trabajar!!,mx,2,0,0,0,0,1,0,0,0,pues si el pej tien much en que pens y ni tiemp ha de ten de ver pelicul eso se llam trabaj
716cd1ea165f8ab8350a7700151a92d8,peliculaRoma,0,"no es su triunfo, es solo el de un mexicano, así que por que se tomaría el tiempo (10min) para felicitarlo...que mezquino  presi",mx,0,0,0,0,0,1,1,0,1,no es su triunf es sol el de un mexican asi que por que se tom el tiemp 10min par felicit que mezquin presi
950f6cf78ea63f40d7a5d8e4a062bb1e,peliculaRoma,0,"Cuando vas a empezar a hacer tus investigaciones que nos tienes acostumbrados? Estas tonterías no nos importan, Carmen!",mx,1,1,0,0,0,1,0,0,0,cuand vas a empez a hac tus investig que nos tien acostumbr estas tont no nos import carm
2b67091794bcdb61f530070f6213e522,peliculaRoma,0,Verdaderamente México necesita un héroe.,mx,0,0,0,0,0,0,0,0,0,verdader mexic necesit un hero
527bdd91bd23e87e150b6bfe8a35816c,peliculaRoma,0,Están tan acostumbrados a churros de Hollywood que no tienen visión por el buen cine. Afortunadamente a todos estos no los llamaron para juzgar en los premios,mx,0,0,0,0,0,2,0,0,0,estan tan acostumbr a churr de hollywood que no tien vision por el buen cin afortun a tod estos no los llam par juzg en los premi
7c4b87ea0c60a2dfe9b1af9aa3a7c397,peliculaRoma,0,Qué más logro que en tu primera película estés entre las más grandes. ¡Sigue adelante! Siempre de la mano de los grandes.,mx,2,0,0,0,0,0,0,0,0,que mas logr que en tu primer pelicul estes entre las mas grand sig adel siempr de la man de los grand
1eb04cd35d4585b07cc3c687ab71307a,peliculaRoma,0,Tienes razón viejo lesbiano!! VIVA MEXICO 🇲🇽 CABRONESSSSS!!,mx,4,0,3,0,0,0,1,0,0,tien razon viej lesbian viv mexic bandera_mex cabroness
576d472c5cd5dad3fd8b7b1265672c30,peliculaRoma,0,Muy buenos días. Sin lugar a dudas ! Completamente de acuerdo con JLD.,mx,1,0,1,0,0,1,0,0,0,muy buen dias sin lug a dud complet de acuerd con jld
4299587ba262d86bc1ea28c891241cab,peliculaRoma,0,Es un retrato de la vida de los años 70's en México.,mx,0,0,0,0,0,0,0,1,0,es un retrat de la vid de los años 70 s en mexic
36f8172eda31d5f21e0370702ae896d2,peliculaRoma,0,Y tienen toda la razón!,mx,1,0,0,0,0,0,0,0,0,y tien tod la razon
ab1943004c6aa882e09aa95e905a7a84,peliculaRoma,0,"Opino lo mismo, aburrida y sin trama, pero de cualquier manera, Felicito a #AlfonsoCuarón por los Oscares logrados.",mx,0,0,0,0,0,1,0,0,0,opin lo mism aburr y sin tram per de cualqui maner felicit a alfonsocuaron por los oscar logr
37fae521c91bb2305e97dd76776c0dc1,peliculaRoma,0,"Pues claro que no lo es, por favor #México.",mx,0,0,0,0,0,1,0,0,0,pues clar que no lo es por favor mexic
d22dbb0a4cc521b904a7b6900a7b146a,peliculaRoma,0,"Y en 3,2, 1. Empiezan a dar lata todos los amargados  que la atacaron 😶😶😶",mx,0,0,0,3,0,0,1,0,0,y en 3 2 1 empiez a dar lat tod los amarg que la atac cara_sin_boc cara_sin_boc cara_sin_boc
8e16bf5f40f0514514b0d7f05826f27b,peliculaRoma,0,Necesitamos información sobre el por qué de la alza de los precios en la gasolina,mx,0,0,0,0,0,0,0,0,0,necesit inform sobr el por que de la alza de los preci en la gasolin
0df7622593240bdec5f48fb0ec3471c9,peliculaRoma,0,Andrés Manuel López Mamador tiene severo retraso mental y dice que prefiere a su wera,mx,0,0,0,0,0,0,0,0,0,andres manuel lopez mamador tien sever retras mental y dic que prefier a su wer
4f818ec5adb1102d81e951e7a06edb40,peliculaRoma,0,"Como siempre justificándose. A Cuaron ni le importa, es más seguro lo evita.",mx,0,0,0,0,0,1,0,0,0,com siempr justific a cuaron ni le import es mas segur lo evit
a8adfaf22415c3eb3d49af594a7cdda1,peliculaRoma,0,"Y es mucho mucho más importante que sirva al país , que estar al pendiente de los Oscares 👍🏾",mx,0,0,0,2,0,0,0,0,0,y es much much mas import que sirv al pais que estar al pendient de los oscar pulgar_hacia_arriba_tono_de_piel_oscuro_medi
9fbfe4518aa3fcf6264f59eef15a88e1,peliculaRoma,0,Gran ejemplo de odio y racismo Sergio Goyri y Laura Zapata,mx,0,0,0,0,0,0,0,0,0,gran ejempl de odi y racism sergi goyri y laur zapat
5ede7c44401502cb69764c82a78af428,peliculaRoma,0,"Sinceramente creo que la pusieron en Netflix para q la gente la viera, por morbo o lo que sea pero que la viera, después de escuchar las críticas, ni de chiste hubiera ido a gastar mi dinero al cine para quedarme dormida a la mitad 🤷🏻‍♀️ buenas tomas... mala historia",mx,0,0,0,3,0,1,1,0,1,sincer cre que la pus en netflix par q la gent la vier por morb o lo que sea per que la vier despues de escuch las critic ni de chist hub ido a gast mi diner al cin par qued dorm a la mit mujer_encogida_de_hombros_tono_de_piel_clar buen tom mal histori
42cc377aec127c8a35aa705204028703,peliculaRoma,0,"Felicidades Yalitza, rompiste estereotipos muy establecidos !!!",mx,3,0,0,0,0,0,1,0,0,felic yalitz romp estereotip muy establec
7cddab9b7f23ff0ab1cd103d99c4014a,peliculaRoma,0,"Tenía que ser el  @El_Universal_Mx, en lugar de felicitar a Cuarón, demerita su trabajo publicando críticas en contra de Roma.",mx,0,0,0,0,0,0,0,0,0,ten que ser el [user] en lug de felicit a cuaron demerit su trabaj public critic en contr de rom
04a800278d9cfa40e5b419d562e31ed3,peliculaRoma,0,Pues a mi no me gusto. Si me aburrió.,mx,0,0,0,0,0,1,0,0,0,pues a mi no me gust si me aburr
b51a500dae2f73c658bd738a682b6252,peliculaRoma,0,"Totalmente de acuerdo, la nominación es un gran triunfo !!! 👏🏼👏🏼👏🏼",mx,3,0,0,6,0,0,1,0,0,total de acuerd la nomin es un gran triunf manos_aplaudiendo_tono_de_piel_claro_medi manos_aplaudiendo_tono_de_piel_claro_medi manos_aplaudiendo_tono_de_piel_claro_medi
169818f90bf3202d0a83a7699629968b,peliculaRoma,0,"No todos tienen que amarla. No porque la crean aburrida es mala película, no porque haya ganado Oscares es lo mejor.",mx,0,0,0,0,0,3,0,0,0,no tod tien que amarl no porqu la cre aburr es mal pelicul no porqu hay gan oscar es lo mejor
3d962dc133190d9b3dd48928ae1e822c,peliculaRoma,0,Y así pasas de ser un referente a un asqueroso chayote lamesuelas.,mx,0,0,0,0,0,0,0,0,0,y asi pas de ser un referent a un asquer chayot lamesuel
c63ce0d1aadb23ca5fed80d561d39a3f,peliculaRoma,0,"Ella triunfa en primera fila y es super mexicana, no como tú tanto tiempo vendiendo chayote y te dan reconocimientos por las esas madres que haces abajito del ombligo.",mx,0,0,0,0,0,1,0,0,0,ella triunf en primer fil y es sup mexican no com tu tant tiemp vend chayot y te dan reconoc por las esas madr que hac abajit del omblig
d48125e86ba527231e1e351145ed603f,peliculaRoma,0,Se ve que faltaron unas explosiones para que sea mejor vista paraellos. Nadie que se considere crítico de cine puede no ver la majestuosidad y delicatez d Roma. Desde cada cuadro que parece una obra de arte hasta el relato que denuncia una discriminación de la que se habla poco.,mx,0,0,0,0,0,2,0,0,0,se ve que falt unas explosion par que sea mejor vist paraell nadi que se consider critic de cin pued no ver la majestu y delicatez d rom desd cad cuadr que parec una obra de arte hast el relat que denunci una discrimin de la que se habl poc
c915b5f3f0e61011c00b195cd0443131,peliculaRoma,0,Y tu. Tu comentario dice más de ti de lo que piensas.,mx,0,0,0,0,0,0,0,0,0,y tu tu comentari dic mas de ti de lo que piens
6a595ce8ec3f1bb4c5ccae71022a3e39,tierraPlana,1,"@RodMesa Si el tlatoani dece que latierra es plana, la tierra es plana",mx,0,0,0,0,0,0,0,0,0,[user] si el tlatoani dec que latierr es plan la tierr es plan
43529a682e946edd3409184da243b146,tierraPlana,1,"Empecé a ver un documental en Netflix sobre la gente que cree que la tierra es plana. A los 10 minutos lo quité, es imposible de ver el grado de estupidez al que tiene que llegar la gente para creer eso. Como la 4T, vamos.",mx,0,0,0,0,0,0,0,0,0,empec a ver un documental en netflix sobr la gent que cre que la tierr es plan a los 10 minut lo quit es impos de ver el grad de estupidez al que tien que lleg la gent par cre eso com la 4t vam
9d9d5b7febed4440a727b98e4a41a205,tierraPlana,1,"Ayer estaba viendo un documental de gente que cree que la tierra es plana y no redonda, y si el aborto fuera legal, no tendríamos que ver cosas como esas.",mx,0,0,0,0,0,2,0,0,0,ayer estab viend un documental de gent que cre que la tierr es plan y no redond y si el abort fuer legal no tendr que ver cos com esas
8139efedf483e2b1db588a2997956122,tierraPlana,1,"Alguna ves pensé que el nivel más alto de estúpidez humana era los que creían qué la tierra es plana. Los que están en contra de las vacunas les dicen: Hold my beer"".""",mx,0,0,0,0,0,0,0,2,0,algun ves pens que el nivel mas alto de estupidez human era los que cre que la tierr es plan los que estan en contr de las vacun les dic hold my beer
a36c8892fbb42c2691772a19b04eca12,tierraPlana,1,"@SusiZurimi No pensé hubiera gente más pendeja que los que votaron por AMLO, pero son superados por los que creen que la tierra es plana 🤦🏻‍♂️🤦🏻‍♂️🤦🏻‍♂️",mx,0,0,1,9,0,1,0,0,0,[user] no pens hub gent mas pendej que los que vot por amlo per son super por los que cre que la tierr es plan hombre_con_la_mano_en_la_frente_tono_de_piel_clar hombre_con_la_mano_en_la_frente_tono_de_piel_clar hombre_con_la_mano_en_la_frente_tono_de_piel_clar
f3e6f46bed4b8010f202db168f78dd9d,tierraPlana,1,"Duda, si México tuviera un porcentaje importante de gente que creyera en que la tierra es plana con una tortuga gigante sosteniéndola, ¿también estaríamos cambiando textos de historia?",mx,0,2,0,0,0,0,0,0,0,dud si mexic tuv un porcentaj import de gent que creyer en que la tierr es plan con una tortug gigant sosten tambien estar cambi text de histori
38cec00ac03ef076afcf6afec7eae857,tierraPlana,1,"@arnemx @Irma_Sandoval Obvi, la tierra es plana y gira alrededor de el. 🤘🏼🤓",mx,0,0,0,3,0,0,0,0,0,[user] [user] obvi la tierr es plan y gir alrededor de el mano_haciendo_el_signo_de_cuernos_tono_de_piel_claro_medi cara_de_empollon
8dcb594d5fd24d56e212b0ad78933b3b,tierraPlana,1,"@bbcmundo ¡No mamen! Si la tierra fuera plana, todos los gatos del mundo hubieran lanzado todo desde la orilla. De eso estoy seguro.",mx,2,0,0,0,0,1,0,0,0,[user] no mam si la tierr fuer plan tod los gat del mund hub lanz tod desd la orill de eso estoy segur
01aef33054efcf9817a6437f858bb36f,tierraPlana,1,"Si la tierra es plana, ¿Estamos en el frente o en el revés?",mx,0,2,0,0,0,0,0,0,0,si la tierr es plan estam en el frent o en el reves
930f31aeb5caf0a62df39c39bfd45da9,tierraPlana,1,Ahora están contra el horario de verano... después seguramente querran sumarse a los tierraplanistas. #Lol,mx,0,0,0,0,1,0,1,0,1,ahor estan contr el horari de veran despues segur querr sum a los tierraplan lol
1b063c5a9ad246eb4edfacf1ce36f1d4,tierraPlana,1,La tierra es plana y acaba en Juárez,mx,0,0,0,0,0,0,0,0,0,la tierr es plan y acab en juarez
7b64e48c8c498dcba00394a7fa4d0cef,tierraPlana,1,Tienes cara de que crees que la tierra es plana.,mx,0,0,0,0,0,0,0,0,0,tien car de que cre que la tierr es plan
2ac8e2332bef2bbd1caf39c5dc62d78d,tierraPlana,1,¿Alguien sabe si los tierraplanistas ya se cayeron por el borde de la tierra en ese viaje de “investigación” que querían hacer en enero? 😂,mx,0,2,0,1,0,0,0,2,0,algui sab si los tierraplan ya se cayeron por el bord de la tierr en ese viaj de investig que quer hac en ener cara_llorando_de_ris
1636f4bfa364fd4825a634240e4ccfe0,tierraPlana,1,Imagina encontrar al amor de tu vida y que diga que la tierra es plana 🥴,mx,0,0,0,1,0,0,0,0,0,imagin encontr al amor de tu vid y que dig que la tierr es plan cara_de_grogui
2e0d46ed7cf38beee9737bd567ef2acb,tierraPlana,1,"No se enteran que la tierra bola ya no está de moda, ahora es plana como tu encefalograma. 🎶",mx,0,0,0,1,0,2,0,0,0,no se enter que la tierr bol ya no esta de mod ahor es plan com tu encefalogram notas_musical
47729502ed962d587c5d537cdb35d8ca,tierraPlana,1,"@municolonbsas Lo irónico es que dónde están parados todos los monitos del cartel es una esfera no un círculo plano jajaja si su dibujo representara una tierra plana no le habrían puesto los relieves blancos a su diseño de tierra plana"" jaja los troleó su ilustrador... @alex_riveiro""",mx,0,0,0,0,1,2,1,2,1,[user] lo iron es que dond estan par tod los monit del cartel es una esfer no un circul plan jajaj si su dibuj represent una tierr plan no le habr puest los reliev blanc a su diseñ de tierr plan jaj los trole su ilustr [user]
615a4c1b75c569f6710878ec361151bb,tierraPlana,1,"Ayer vi un documental de gente que piensa que la tierra es plana, y en algún momento, les creí tantito. Perdóname Dios por no morir en el útero.😋😋",mx,0,0,0,2,0,1,0,0,0,ayer vi un documental de gent que piens que la tierr es plan y en algun moment les cre tantit perdonam dios por no mor en el uter cara_saboreando_com cara_saboreando_com
5c1b29384fc9f6659b5f3c28148e2e88,tierraPlana,1,Verguisima el documental de las personas que creen que la tierra es plana y hacen sus experimentos que prueban justo lo contrario. 😂,mx,0,0,0,1,0,0,0,0,0,verguisim el documental de las person que cre que la tierr es plan y hac sus experiment que prueb just lo contrari cara_llorando_de_ris
ac21750a1d374c254d4ed9a694a89e78,tierraPlana,1,Imagínate encontrar al amor de tu vida y que crea que la tierra es plana!,mx,1,0,0,0,0,0,0,0,0,imaginat encontr al amor de tu vid y que cre que la tierr es plan
47c8d5192450ae4b36e31b936cb6baea,tierraPlana,1,RT @diostuitero: Hice la Tierra redonda porque si la hubiese hecho plana sois tan tontos que os habríais caído por el borde.,mx,0,0,0,0,0,0,0,0,0,rt [user] hic la tierr redond porqu si la hub hech plan sois tan tont que os habr caid por el bord
6d3982be1272ae9f067a34e98791b717,tierraPlana,1,"Definitivamente la tierra es plana, la idea de que la tierra es redonda es una conspiración de la industria para poder vendernos Globos Terráqueos y quitarnos el dinero poco a poco.",mx,0,0,0,0,0,0,0,0,0,definit la tierr es plan la ide de que la tierr es redond es una conspir de la industri par pod vend glob terraque y quit el diner poc a poc
6d5cc0002249e7f6c913afe1d22df303,tierraPlana,1,@JoelvsMonstruos @_borreguito @ximericalalo1 @BorgognoLeo @cardenal75 @JuuanCja @HistoriaEnFotos Si la tierra fuera plana el titanic se hubiera caído.,mx,0,0,0,0,0,0,0,0,0,[user] [user] [user] [user] [user] [user] [user] si la tierr fuer plan el titanic se hub caid
22fc543c3c1b35dd61c96e129e29e59a,tierraPlana,1,"Cuando quieran asegurar que todas las opiniones de todas las personas tienen el mismo peso, recuerden que hay gente que en 2019 cree que la tierra es plana... y otros que es una dona... y otros que es una esfera, pero hueca. Sale.",mx,0,0,0,0,0,0,2,0,2,cuand quier asegur que tod las opinion de tod las person tien el mism pes recuerd que hay gent que en 2019 cre que la tierr es plan y otros que es una don y otros que es una esfer per huec sal
2a178b5021917f827c4fa83a8b534f85,tierraPlana,1,"Ayer vi el documental de Netflix sobre las teorías que tiene la gente de que la tierra es plana, ya se imaginarán el stand up disfrazado de documental",mx,0,0,0,0,0,0,0,0,0,ayer vi el documental de netflix sobr las teor que tien la gent de que la tierr es plan ya se imagin el stand up disfraz de documental
843c4f250b7467b7cf50ad2f57300819,tierraPlana,1,Amigos! Acabo de enterarme de que la tierra no es plana porque sino nosotros seríamos cuadrados.  Este aprendizaje se lo atribuyó a @Minecraft :) Gracias.,mx,1,0,0,0,0,2,0,0,0,amig acab de enter de que la tierr no es plan porqu sin nosotr ser cuadr este aprendizaj se lo atribu a [user] graci
f73a23e15647f8e66681869737a203b3,tierraPlana,1,Apuesto a que Mauricio Clark cree que la tierra es plana.,mx,0,0,0,0,0,0,0,0,0,apuest a que maurici clark cre que la tierr es plan
52154d1694cf4e35ec3ed5b427d4ab48,tierraPlana,1,@JuanBertheau Porque le dices plana a la tierra? Te gustaria que le dijeran plana a tu hermosisima hermana?respeta we,mx,0,2,0,0,0,0,0,0,0,[user] porqu le dic plan a la tierr te gustari que le dijer plan a tu hermosisim herman respet we
7ae208ffe15d7ed48a69d441bb0d287e,tierraPlana,1,Quiero un modelo físico en 3D de la tierra plana 😍,mx,0,0,0,1,0,0,0,0,0,quier un model fisic en 3d de la tierr plan cara_sonriendo_con_ojos_de_corazon
6a6001564cb6b92cba4b2c5f384f6a01,tierraPlana,1,"A ver, esperen...¿la Tierra no es plana? ¿Qué?",mx,0,4,0,0,0,1,1,0,1,a ver esper la tierr no es plan que
65226e537ca8dc838b11e9bc55ee6c37,tierraPlana,1,"RT @JuanBertheau: La tierra es plana. Todos los que mandan en el mundo, realmente son lagartos. Y la cerveza sin alcohol NO sabe culera!",mx,1,0,0,0,0,2,0,0,0,rt [user] la tierr es plan tod los que mand en el mund realment son lagart y la cervez sin alcohol no sab culer
fdc35f6a02b9adf230451a1e2b9a0e0e,tierraPlana,1,"Estoy viendo un documental de tierraplanistas"" (gente que cree que la tierra es plana y no redonda) y al chile lo único que puedo pensar es que todos se ven bien drogadictos. Jajajajajajjaa""",mx,0,0,0,0,0,1,0,2,0,estoy viend un documental de tierraplan gent que cre que la tierr es plan y no redond y al chil lo unic que pued pens es que tod se ven bien drogadict jajajajajajja
14525e436e3b66acae2cf3c95eae6510,tierraPlana,1,"Como estaba emocionado con tanta campaña política en el estado de Sonora por las elecciones a gobernador de 2021, no me había dado cuenta que en el senado habiamos tenido un acuerdo absoluto y sin desacuerdos... A lo mejor la tierra si es plana despues de todo.",mx,0,0,0,0,0,2,1,0,1,com estab emocion con tant campañ polit en el estad de sonor por las eleccion a gobern de 2021 no me hab dad cuent que en el sen habi ten un acuerd absolut y sin desacuerd a lo mejor la tierr si es plan despu de tod
58a0281e5a84b46d61e4b18d6d7ba3ca,tierraPlana,1,"El día que los tierraplanistas encuentren su muro de hielo, yo encontrare la forma de comer sin engordar.",mx,0,0,0,0,0,1,0,0,0,el dia que los tierraplan encuentr su mur de hiel yo encontrar la form de com sin engord
0d024bf68c4cd0946905704a254b4658,tierraPlana,1,"@MauNieto Si wey, bien necios, que no ven que también hay cerros y montañas,  eso no es tierra plana......  🤣🤣🤣",mx,0,0,0,3,0,2,2,0,2,[user] si wey bien neci que no ven que tambien hay cerr y montañ eso no es tierr plan cara_revolviendose_de_la_ris cara_revolviendose_de_la_ris cara_revolviendose_de_la_ris
bf3039ac7ecc12044a44ccf383301b6b,tierraPlana,1,"Estoy viendo el documental de los #flatearthers y solo puedo pensar que a huevo AMLO cree que la tierra es plana y cualquiera de sus peje zombies no dudarían ni un segundo en que lo es si ese wey se los dice.   Urge otra extinción, un meteorito o algo ptm.",mx,0,0,1,0,0,2,1,0,0,estoy viend el documental de los flatearthers y sol pued pens que a huev amlo cre que la tierr es plan y cualqu de sus pej zombi no dud ni un segund en que lo es si ese wey se los dic urge otra extincion un meteorit o algo ptm
8ca9afcdb63afdb382de55e52fe2aad6,tierraPlana,0,"@CloobSolo Una vez un pendejo intentó hacerme eso con la teoría de que la tierra es plana, nomás buscaba a alguien que le pusiera atención.",mx,0,0,0,0,0,0,0,0,0,[user] una vez un pendej intent hac eso con la teor de que la tierr es plan nomas busc a algui que le pus atencion
587ed9b6f076a4a79cb4f4f03c87a9aa,tierraPlana,0,La tierra es plana.,mx,0,0,0,0,0,0,0,0,0,la tierr es plan
f8615fe63844b8759cdec7d2d99047bf,tierraPlana,0,La tierra es plana?,mx,0,1,0,0,0,0,0,0,0,la tierr es plan
629503dc501e754533093337921c2361,tierraPlana,0,La Tierra es plana,mx,0,0,0,0,0,0,0,0,0,la tierr es plan
ac1ae7b4f6058f6b123f6973788d16f7,tierraPlana,0,Neta no me entra ala cabeza como existe gente que piensa que las vacunas no sirven o que la tierra es plana,mx,0,0,0,0,0,2,0,0,0,net no me entra ala cabez com exist gent que piens que las vacun no sirv o que la tierr es plan
d54d4a562cfba99f15990e5dd10dd64c,tierraPlana,0,@LivVare @Dr_Palomares @Flat67823361 @sppozueco @miguelpenagomez Entonces como es el recorrido del sol y la luna en la tierra plana?,mx,0,1,0,0,0,0,0,0,0,[user] [user] [user] [user] [user] entonc com es el recorr del sol y la lun en la tierr plan
99d21e6ad8d46aeab7f916518b3a9e22,tierraPlana,0,"@132Blink @MariaCamino80 @Clionautica @lopezobrador_ La biblia es un compendio de anecdotas de índole moral que reune los valores de su tiempo, Mucha sabiduría pero... De entenderla como tal a creer en ella existe un largo trecho que nos acerca al riesgo de caer en fundamentalismos como el de la tierra plana o ideologías sionistas.",mx,0,0,0,0,0,0,1,0,1,[user] [user] [user] [user] la bibli es un compendi de anecdot de indol moral que reun los valor de su tiemp much sabidur per de entend com tal a cre en ella exist un larg trech que nos acerc al riesg de caer en fundamental com el de la tierr plan o ideolog sionist
f70a8ddaec23dabbfb8eaf05d74a7362,tierraPlana,0,@UnicaBriss y la Tierra es plana,mx,0,0,0,0,0,0,0,0,0,[user] y la tierr es plan
4c97795df93b18485f66fdbf0b44c79a,tierraPlana,0,Es la tierra plana? Sí,mx,0,1,0,0,0,0,0,0,0,es la tierr plan si
53659acd2c7c211c40bbe5d48ac953fb,tierraPlana,0,Y a ustedes les consta que la Tierra NO es plana?,mx,0,1,0,0,0,1,0,0,0,y a usted les const que la tierr no es plan
e813be86b519bc05f9f7b9006ca9ff24,tierraPlana,0,"@alex_riveiro @yordi61 @NetflixES Yo pienso qué es bueno que la gente tenga opciones de donde elegir. Si qué la tierra es plana es su opción y la eligen, allá ellos. Creo que lo verdaderamente interesante es que existieran esas opciones y aún así no se tomaran, ese sería el verdadero logró",mx,0,0,0,0,0,1,0,0,0,[user] [user] [user] yo piens que es buen que la gent teng opcion de dond eleg si que la tierr es plan es su opcion y la elig alla ellos cre que lo verdader interes es que exist esas opcion y aun asi no se tom ese ser el verdader logr
7ed902e3958788b5627f035d9401289b,tierraPlana,0,"@Limon_Kawaii @MiareMentiras de poder podría, también la nasa nos podría estar mintiendo y en realidad la tierra es plana xD  cuando los argumentos y evidencias de una parte son tan contundentes y los de la otra parte son tan absurdos es un tanto ridículo permitirles el beneficio de la duda.",mx,0,0,0,0,1,0,0,0,0,[user] [user] de pod podr tambien la nas nos podr estar mint y en realid la tierr es plan xd cuand los argument y evident de una part son tan contundent y los de la otra part son tan absurd es un tant ridicul permit el benefici de la dud
1f90a1db5459825ece89e1848dd3c133,tierraPlana,0,Cada vez hay más gente convencida de que la tierra es ¡plana!. El culpable: Youtube,mx,2,0,0,0,0,0,0,0,0,cad vez hay mas gent convenc de que la tierr es plan el culpabl youtub
dcb8b86c07262d38e71305e55545852a,tierraPlana,0,Tierra Plana. Nos mintieron  vía @YouTube,mx,0,0,0,0,0,0,0,0,0,tierr plan nos mint via [user]
3f81dc59757f9f87a02804c85a905f04,tierraPlana,0,"RT @lamastabo: Buenos dias, recuerden que el genero no es una identidad, es un conjunto de opresiones historicas, económicas y culturales.…",mx,0,0,0,0,0,1,0,0,1,rt [user] buen dias recuerd que el gener no es una ident es un conjunt de opresion histor econom y cultural
3bd2e5d6023097d09acef8265c65edb0,tierraPlana,0,"(6)Yo: –¿Sabe qué significa Conacyt?  Uber: –No.  Yo (por dentro):–Me lleva la verga. 🤦‍♂️  Uber: Regresando al tema, la tierra es plana porque para que algo se llame ciencia, se tiene que comprobar muchas veces y ese experimento (de que la tierra es redonda) no es repetible.",mx,0,2,0,2,0,2,0,0,0,6 yo sab que signif conacyt uber no yo por dentr me llev la verg hombre_con_la_mano_en_la_frent uber regres al tem la tierr es plan porqu par que algo se llam cienci se tien que comprob much vec y ese experiment de que la tierr es redond no es repet
10324dffb4317e1a3c62d1f8fb0d4b73,tierraPlana,0,"Son las 2 de la mañana y sigo viendo el documental de los terraplanistas en Netflix, y lo único que puedo pensar es en lo tiernos que son esos bastardos. Hasta quisiera que la tierra de verdad fuera plana nomás para que nunca se les rompa su corazoncito 😢",mx,0,0,0,1,0,1,0,0,0,son las 2 de la mañan y sig viend el documental de los terraplan en netflix y lo unic que pued pens es en lo tiern que son esos bastard hast quis que la tierr de verd fuer plan nomas par que nunc se les romp su corazoncit cara_llor
8e431e13b3f5a3c7a484073d45b79c5d,tierraPlana,0,Año 2019 y aun hay gente que piensa que la tierra es plana 🤦‍♂️,mx,0,0,0,2,0,0,0,0,0,año 2019 y aun hay gent que piens que la tierr es plan hombre_con_la_mano_en_la_frent
9495617da19b31f3d116dc9d4fbbdc3c,tierraPlana,0,Tierra plana: La mejor exposición de Iru Landucci en radio hasta la fecha vía @YouTube,mx,0,0,0,0,0,0,0,0,0,tierr plan la mejor exposicion de iru landucci en radi hast la fech via [user]
18e1270050816ad15a51473c75a586e8,tierraPlana,0,"RT @merolrockstar: Sin mentir, ¿creen que la tierra es plana?",mx,0,2,0,0,0,1,0,0,0,rt [user] sin ment cre que la tierr es plan
38891aed230ead03ff221d296f6f31dc,tierraPlana,0,"como los antivacunas o los negadores del cambio climático, inclusive cosas verdaderamente increíbles como la gente que cree que la tierra es plana.  Y he ahí la razón de que estas sociedades avancen reduciendo los presupuestos de la educación pública,...",mx,0,0,0,0,0,0,1,0,1,com los antivacun o los negador del cambi climat inclusiv cos verdader increibl com la gent que cre que la tierr es plan y he ahi la razon de que estas sociedad avanc reduc los presupuest de la educ public
29c968391552a0bfcfa22648e9858017,tierraPlana,0,"RT @el_senador: No pasó en un Starbucks:  - yo sí creo que la tierra es plana, hay videos - dime un número entre 1 y 10 - 7 - ese es tu IQ…",mx,0,0,0,0,0,1,0,0,1,rt [user] no pas en un starbucks yo si cre que la tierr es plan hay vide dim un numer entre 1 y 10 7 ese es tu iq
a598207809b2f7cba02036887a05485b,tierraPlana,0,@DarianaItzl Como si viviéramos en una tierra plana?,mx,0,1,0,0,0,0,0,0,0,[user] com si viv en una tierr plan
868529a2d77ee014040deb2d0caf3e66,tierraPlana,0,@KanKahve De verdad le di chance! Pero el no mames,mx,1,0,0,0,0,1,0,0,0,[user] de verd le di chanc per el no mam
16652182105b84ab610e977e39ccd6ae,tierraPlana,0,RT @xatakaciencia: Cómo humillar a un terraplanista: 'La Tierra es plana' de Netflix es una oportunidad perdida para entender el problema h…,mx,0,0,0,0,0,0,0,2,1,rt [user] com humill a un terraplan la tierr es plan de netflix es una oportun perd par entend el problem h
85394ce5c17f76e0a35f91edd93d2cbb,tierraPlana,0,"@hdemauleon Y la tierra es plana, también al parecer.",mx,0,0,0,0,0,0,0,0,0,[user] y la tierr es plan tambien al parec
0b6b2ca829e1fd2a3613fc5793b50e98,tierraPlana,0,jajaja por que hacemos interés a las personas que piensan que la tierra es plana!!! jajajaja,mx,3,0,0,0,0,0,1,0,0,jajaj por que hac interes a las person que piens que la tierr es plan jajajaj
2a670ea95dccbaddc51f6b8a2078c149,tierraPlana,0,RT @20m: Cinco sencillas formas de demostrar que la Tierra no es plana,mx,0,0,0,0,0,1,0,0,0,rt [user] cinc sencill form de demostr que la tierr no es plan
97e36c80c1c22d2fcdb92f5536cc9689,tierraPlana,0,"@PuluCarvajal asi como existen personas que estan 100% seguras que la tierra es plana, esas mismas personas son las que pueden provocar un cambio peor o mejor para ese mundo en el que viven y que comparten con los demas porque el viaje a Marte solo se lo gano David Bowie",mx,0,0,0,0,0,0,0,0,0,[user] asi com exist person que estan 100 segur que la tierr es plan esas mism person son las que pued provoc un cambi peor o mejor par ese mund en el que viv y que compart con los dem porqu el viaj a mart sol se lo gan dav bowi
7fd0baf4b879b92b60eeb2e39e1d90ac,tierraPlana,0,RT @libtv_: La tierra es plana. El socialismo funciona.,mx,0,0,0,0,0,0,0,0,0,rt [user] la tierr es plan el social funcion
f5fe2b0218b74fb0b0b9defbbfe083fc,tierraPlana,0,si tú me dijeras que la tierra es plana te creería sin dudarlo.,mx,0,0,0,0,0,1,0,0,0,si tu me dijer que la tierr es plan te cre sin dud
f448ef461c44c40a309c8bd2646f7a69,tierraPlana,0,..que esa gente no acepta. Se montan sus dramas y teorías de conspiración que bueno. Esa gente es como los de la tierra plana que se niegan a aceptar la verdad por más pruebas que haya. Viven en su realidad alternativa donde solo ellas saben la verdad. Las detesto. Nada más crean,mx,0,0,0,0,0,2,0,0,0,que esa gent no acept se mont sus dram y teor de conspir que buen esa gent es com los de la tierr plan que se nieg a acept la verd por mas prueb que hay viv en su realid altern dond sol ellas sab la verd las detest nad mas cre
c191b84753084d73cfb866cdb3c6ea9e,tierraPlana,0,"@Paupau713 La tierra es plana, no tengo pruebas pero tampoco tengo dudas",mx,0,0,0,0,0,2,0,0,0,[user] la tierr es plan no teng prueb per tampoc teng dud
0bf1e8c21839d7595f5d735e796a3a2f,tierraPlana,0,"RT @NTelevisa_com: La evidencia científica nos dice que la Tierra es redonda, pero ¿podría ser que no?",mx,0,2,0,0,0,1,0,0,0,rt [user] la evident cientif nos dic que la tierr es redond per podr ser que no
e9c944dfcfd4e6fcdb387f1e183a024d,tierraPlana,0,"@octaup94 @doolishmacario Básicamente es lo mismo: un cortocircuito mental para negar lo evidente de la naturaleza homosexual del 80% de los abusos. El hecho de que lo diga Groth no lo vuelve cierto, es falacia adjunto verecundiam. No porque Groth diga que la tierra es plana nos volvemos terraplanistas",mx,0,0,0,0,0,2,0,0,0,[user] [user] basic es lo mism un cortocircuit mental par neg lo evident de la naturalez homosexual del 80 de los abus el hech de que lo dig groth no lo vuelv ciert es falaci adjunt verecundiam no porqu groth dig que la tierr es plan nos volv terraplan
ace99f1fc9e5e7413068433f6267531f,tierraPlana,0,"@BipolarKuroki @Dfusjwvdu @KhirukoPrro @tearjearker64 @DalasReview Como ya dije,Wismichu le gano a Dalas,no es nada infefendible,es la verdad. Otra cosa es que no lo aceptes Osea que si tu crees que la tierra es plana pero por mas que te muestren las pruebas no vas a entender?",mx,0,1,0,0,0,4,0,0,0,[user] [user] [user] [user] [user] com ya dij wismichu le gan a dal no es nad infefend es la verd otra cos es que no lo acept ose que si tu cre que la tierr es plan per por mas que te muestr las prueb no vas a entend
0b140556e452b2724ac431f7dc45c1af,tierraPlana,0,"@MauNieto Jajaja los terraplanistas tienen muchos fundamentos fisicos con huecos enormes en donde no pueden explicar el universo como tal, pero igual afirman que la NASA nos engaña y que la tierra es plana",mx,0,0,1,0,0,1,0,0,0,[user] jajaj los terraplan tien much fundament fisic con huec enorm en dond no pued explic el univers com tal per igual afirm que la nas nos engañ y que la tierr es plan
3593b4d1e1b0a734467e33bccb48da41,tierraPlana,0,"@SankaraMalta @elmoro1953 @arnemx @ayram_ferreyra @OmarTapiaRodrg1 @HernanGomezB “Negacionista” 🤣🤣🤣🤣🤣🤣🤣🤣 ¿Qué sigue en tu esquizofrenia, que la Tierra es plana? 😂😂😂😂😂😂😂😂😂  Lo sé José 🥐🤘🏼🤣🤣🤣🤣🤣🤣🤣🤣",mx,0,2,0,28,0,0,3,2,0,[user] [user] [user] [user] [user] [user] negacion cara_revolviendose_de_la_ris cara_revolviendose_de_la_ris cara_revolviendose_de_la_ris cara_revolviendose_de_la_ris cara_revolviendose_de_la_ris cara_revolviendose_de_la_ris cara_revolviendose_de_la_ris cara_revolviendose_de_la_ris que sig en tu esquizofreni que la tierr es plan cara_llorando_de_ris cara_llorando_de_ris cara_llorando_de_ris cara_llorando_de_ris cara_llorando_de_ris cara_llorando_de_ris cara_llorando_de_ris cara_llorando_de_ris cara_llorando_de_ris lo se jos cruasan mano_haciendo_el_signo_de_cuernos_tono_de_piel_claro_medi cara_revolviendose_de_la_ris cara_revolviendose_de_la_ris cara_revolviendose_de_la_ris cara_revolviendose_de_la_ris cara_revolviendose_de_la_ris cara_revolviendose_de_la_ris cara_revolviendose_de_la_ris cara_revolviendose_de_la_ris
e10253ed68bd742cd7c5511018b0df79,tierraPlana,0,"Vivimos un retroceso intelectual bien cabron... padres que no vacunan a sus hijos, gente que cree que la tierra es plana, perdida de la identidad biológica, reggaetón, banda y trap.",mx,0,0,0,0,0,1,1,0,1,viv un retroces intelectual bien cabron padr que no vacun a sus hij gent que cre que la tierr es plan perd de la ident biolog reggaeton band y trap
86d8cb4a71b4bbc35c03477504df5c9b,tierraPlana,0,La Tierra es plana y el hombre nunca llegó a la luna. Ya me emperre. Pinches #Oscars.,mx,0,0,0,0,0,1,0,0,0,la tierr es plan y el hombr nunc lleg a la lun ya me emperr pinch oscars
47f80630543af5d3941d033b47f75ed5,tierraPlana,0,RT @GizmodoES: El experimento de la luz que debía confirmar las teorías de los tierraplanistas en su documental de Netflix no salió como pe…,mx,0,0,0,0,0,1,0,0,1,rt [user] el experiment de la luz que deb confirm las teor de los tierraplan en su documental de netflix no sal com pe
95fc2dd6523c76b06138b2f697e0db1a,tierraPlana,0,YouTube aviva la creencia de que la Tierra es plana,mx,0,0,0,0,0,0,0,0,0,youtub aviv la creenci de que la tierr es plan
ae9a8e6821c94005de28fade96cfbb00,tierraPlana,0,"oigan, ustedes que han leído la biblia, esa wea sí dice que la tierra es plana?",mx,0,1,0,0,0,0,0,0,0,oig usted que han leid la bibli esa wea si dic que la tierr es plan
a399e0433b09dd6c96d2c91bed78a65b,tierraPlana,0,"La tierra es plana y el que crea que no, nos vemos en la catedral de Mérida para partirnos la madre",mx,0,0,0,0,0,1,0,0,0,la tierr es plan y el que cre que no nos vem en la catedral de mer par part la madr
e9d5621fb1fc25597798986135f4338a,tierraPlana,0,#YouTube aviva la creencia de que la Tierra es plana.,mx,0,0,0,0,0,0,0,0,0,youtub aviv la creenci de que la tierr es plan
bca0b80de2a22e12e932623390ab4007,tierraPlana,0,"@Gradedgoods @futpicante Vea la porcentual en Mexico hermano, no batalle, Tigres es el equipo con más puntos. Puede no gustarte el jugador, no pasa nada, pero afirmar que cuando juega nunca ganan es creer que la tierra es plana. Saludos.",mx,0,0,0,0,0,5,0,0,0,[user] [user] vea la porcentual en mexic herman no batall tigr es el equip con mas punt pued no gustart el jugador no pas nad per afirm que cuand jueg nunc gan es cre que la tierr es plan salud
5eb848d8244fa4ef4e6de8ba8d85644c,tierraPlana,0,RT @ilonqueen: Acabo de ver un documental de la gente que piensa que la tierra es plana en Netflix y no puedo creer que haya tanta gente me…,mx,0,0,0,0,0,1,0,0,1,rt [user] acab de ver un documental de la gent que piens que la tierr es plan en netflix y no pued cre que hay tant gent me
9d26c4eaa51b1f545ec57c626db8754c,tierraPlana,0,"@raymondphil2 Nature es seria Por lo tanto es un dato duro En fin, ahora a esperar que digan que la tierra es plana y que Copérnico era illuminati",mx,0,0,0,0,0,0,0,0,0,[user] natur es seri por lo tant es un dat dur en fin ahor a esper que dig que la tierr es plan y que copern era illuminati
d49889b3eed99ea0c2a26ead4899afea,tierraPlana,0,@HistoriaEnFotos Ya vimos y lo comprobamos que la tierra no es plana y que las vacunas funcionan. Lo que los antivacunas y los que piensan que la tierra es plana no han podido comprobar lo contrario,mx,0,0,0,0,0,2,0,0,0,[user] ya vim y lo comprob que la tierr no es plan y que las vacun funcion lo que los antivacun y los que piens que la tierr es plan no han pod comprob lo contrari
467b1118352243b58157a5b9d2159fcb,tierraPlana,0,RT @rowalessi: Esos que dicen que Roma está sobre valorada.   ¿Se dan cuenta que es como decir que la tierra es plana?   Están negando un h…,mx,0,2,0,0,0,0,2,0,1,rt [user] esos que dic que rom esta sobr valor se dan cuent que es com dec que la tierr es plan estan neg un h
df6060b694010b9486852b73baedc354,tierraPlana,0,@HistoriaEnFotos Quien de aqui ha visto la tierra redonda o plana? O eso les han hecho creer? 🤔,mx,0,2,0,1,0,0,0,0,0,[user] qui de aqui ha vist la tierr redond o plan o eso les han hech cre cara_pens
23c6906be063a2a48bf81b13b122a6cd,tierraPlana,0,"@furbcult @IngridTumtum @robaplantas También hay millones (sic) de estudios que aseguran que la tierra es plana, que las personas afrodescendientes tienen menos capacidad intelectual y que las personas indígenas no tienen alma. Ah, y que la homosexualidad se puede curar.",mx,0,0,0,0,0,1,0,0,0,[user] [user] [user] tambien hay millon sic de estudi que asegur que la tierr es plan que las person afrodescendient tien men capac intelectual y que las person indigen no tien alma ah y que la homosexual se pued cur
a5f4bb0bf3402211370827f68f47e187,tierraPlana,0,"Al parecer el número de tierraplanistas ha incrementado, sin embargo, aún no conozco a alguno. Sería gracioso escuchar sus argumentos"".",mx,0,0,0,0,0,2,0,1,0,al parec el numer de tierraplan ha increment sin embarg aun no conozc a algun ser gracios escuch sus argument
1f24b8e001e023c5798a7ecd9228a51e,tierraPlana,0,"Hoy vi #BehindTheCurve, un documental acerca de los Flat Earthers, que son aquellas personas convencidas de que la Tierra es plana. 🌍   Pueden encontrarlo en @NetflixLAT.",mx,0,0,0,1,0,0,1,0,0,hoy vi behindthecurv un documental acerc de los flat earthers que son aquell person convenc de que la tierr es plan globo_terraqueo_mostrando_europa_y_afr pued encontr en [user]
c4a56d60c5afad12e42a3afbfd3a06d7,tierraPlana,0,RT @Oscar_Tagrend: Yo a veces creo que los magufos del mundo tienen la misión intrínseca de hacernos reír:  - Azúcar que cura - La Tierra e…,mx,0,0,0,0,0,0,0,0,1,rt [user] yo a vec cre que los maguf del mund tien la mision intrinsec de hac reir azuc que cur la tierr e
3d775597d24f41fccfa7d01f79f1c27b,tierraPlana,0,Y dicen que la tierra es plana.,mx,0,0,0,0,0,0,0,0,0,y dic que la tierr es plan
ca63b6afdbd9954f55a491b9688e7a9d,tierraPlana,0,Mi tía acaba de dar a entender que ella es de las que creen en que la tierra es plana .-.,mx,0,0,0,0,0,0,0,0,0,mi tia acab de dar a entend que ella es de las que cre en que la tierr es plan
40c815619d6d04b5fdf47ec584d3d585,tierraPlana,0,"siempre dicho que hay dos cosas que no tienen limite la codicia y la estupidez humana, me voy enterando que existe un grupo de gentes que defienden que la tierra es plana, ya ven lo que pasa por inventarse 1854 géneros algunos empiezan a parir",mx,0,0,0,0,0,1,0,0,0,siempr dich que hay dos cos que no tien limit la codici y la estupidez human me voy enter que exist un grup de gent que defiend que la tierr es plan ya ven lo que pas por invent 1854 gener algun empiez a par
972a27f0cbf992989aeb2a6ee64e3950,tierraPlana,0,"RT @notengovenereas: Si la tierra fuera plana, los gatos ya habrían tirado todo por el borde. En sus caras tierraplanistas.",mx,0,0,0,0,0,0,0,0,0,rt [user] si la tierr fuer plan los gat ya habr tir tod por el bord en sus car tierraplan
d9cc1550c269e22f7f350afe9778ca36,tierraPlana,0,"@DimeKairo @AmezquitaC Esa esta en contra de la idea, yo quiero una que apoye la teoria de que la tierra es plana por un autentico terraplanista",mx,0,0,0,0,0,0,0,0,0,[user] [user] esa esta en contr de la ide yo quier una que apoy la teori de que la tierr es plan por un autent terraplan
97fa73efd856062d4e34dc343103122a,tierraPlana,0,Que haya idiotas que crean que la Tierra es plana no es por la grandeza de sus argumentos sino por la magnitud de los idiotas.,mx,0,0,0,0,0,2,0,0,0,que hay idiot que cre que la tierr es plan no es por la grandez de sus argument sin por la magnitud de los idiot
1d0745d20eec9c3959487c6720f6d6f0,tierraPlana,0,La Tierra es PLANA,mx,0,0,1,0,0,0,0,0,0,la tierr es plan
fd706d8031dcece69afb3b93ca641284,tierraPlana,0,@LivVare @miguelpenagomez @Dr_Palomares @Flat67823361 @sppozueco La realidad dice que la tierra no es plana e inventarte cosas para que cuadre en tu modelo no arregla nada.,mx,0,0,0,0,0,3,0,0,0,[user] [user] [user] [user] [user] la realid dic que la tierr no es plan e inventart cos par que cuadr en tu model no arregl nad
896a67fe7b35fb15398ac9173a311a5f,tierraPlana,0,@HGSarquis Lo interesante de esa lista es saber cuántos de ellos creen en la tierra plana o sean cieciologos.,mx,0,0,0,0,0,0,0,0,0,[user] lo interes de esa list es sab cuant de ellos cre en la tierr plan o sean cieciolog
24d261b132fdd8517b480c09977ab9cf,tierraPlana,0,"RT @elprofedefisica: Llevo una hora viendo La Tierra es plana"" en @NetflixES Mucho personaje",mx,0,0,0,0,0,0,0,1,0,rt [user] llev una hor viend la tierr es plan en [user] much personaj
9b758bf0141585cf019608e2286adaaf,tierraPlana,0,RT @xataka: 'La Tierra es plana': el documental sobre los terraplanistas que ha llegado a Netflix es un deleznable ejercicio de humillación…,mx,0,0,0,0,0,0,0,2,1,rt [user] la tierr es plan el documental sobr los terraplan que ha lleg a netflix es un delezn ejercici de humill
edbd8f819983d6d55b813853ebb07dba,tierraPlana,0,"Me pregunto, sin conocer la respuesta, si acaso alguna persona cercana a mi piensa que la tierra es plana. ¿Será que sí la hay?",mx,0,2,0,0,0,1,0,0,0,me pregunt sin conoc la respuest si acas algun person cercan a mi piens que la tierr es plan ser que si la hay
d244841e016b1f144e81e9e51b43d42f,tierraPlana,0,"RT @Fedeasla: La tierra no es plana, es plan b o plan c.",mx,0,0,0,0,0,1,0,0,0,rt [user] la tierr no es plan es plan b o plan c
1233d2a3497bbdb3a660cc9b21bf15a8,tierraPlana,0,La tierra es plana,mx,0,0,0,0,0,0,0,0,0,la tierr es plan
6498be164b71aca0a7369c54763e87ee,tierraPlana,0,"@MauNieto Si, qué pedo con esa gente, de dónde salió? Qué ganan tratando de demostrar"" que la tierra es plana a parte de ""sólo tener la razón?"" Llamar la atención? Ejercicio de convencimiento?""",mx,0,4,0,0,0,0,0,4,0,[user] si que ped con esa gent de dond sal que gan trat de demostr que la tierr es plan a part de sol ten la razon llam la atencion ejercici de convenc
da50d091c1308bd0ed8a9fdc982afcf8,tierraPlana,0,"La evidencia científica nos dice que la Tierra es redonda, pero ¿podría ser que no?",mx,0,2,0,0,0,1,0,0,0,la evident cientif nos dic que la tierr es redond per podr ser que no
8cdba899d2421542b8c36f131cd16cab,tierraPlana,0,"Soy ingeniero informático y afirmo que la tierra es plana""",mx,0,0,0,0,0,0,0,1,0,soy ingenier informat y afirm que la tierr es plan
5135408908331b14035d5472ce556c0d,tierraPlana,0,"Ayer vi el “documental” en #Netflix de los #flatearthers , mi conclusión: no es un documental sobre argumentos de por qué la “Tierra es plana”, es mera simulación, se trata de la vida de quienes apuestan... (1/2)",mx,0,0,0,0,0,1,1,4,1,ayer vi el documental en netflix de los flatearthers mi conclusion no es un documental sobr argument de por que la tierr es plan es mer simul se trat de la vid de quien apuest 1 2
937d7445235e32a439f821492f30a66d,tierraPlana,0,Tierra plana 2019 (COMPROBACIÓN CIENTÍFICA) *DEFINITIVA*,mx,0,0,3,0,0,0,0,0,0,tierr plan 2019 comprob cientif definit
d8cf862927ad5b1662d316e6d3808a15,tierraPlana,0,"La conspiración de la NASA me tiene confundido, si la tierra fuera plana y la ciencia nos ha mentido todo el tiempo ¿Quien se beneficia de esto?   La tierra es redonda, hasta lo dicen los emojis 🌍",mx,0,2,1,1,0,0,1,0,0,la conspir de la nas me tien confund si la tierr fuer plan y la cienci nos ha ment tod el tiemp qui se benefici de esto la tierr es redond hast lo dic los emojis globo_terraqueo_mostrando_europa_y_afr
7283113f23338785f7a8af556a01100c,tierraPlana,0,"@MuySuFrida Marko Cortés puede decir que la tierra es plana si quiere. El chiste es que lo demuestre, si no, ni para que estar de hablador!!! ....pero bueno..  no tienen otro discurso para estar en los reflectores.",mx,3,0,0,0,0,3,2,0,1,[user] mark cortes pued dec que la tierr es plan si quier el chist es que lo demuestr si no ni par que estar de hablador per buen no tien otro discurs par estar en los reflector
bf3a3363e582eb1044ce943d3b82b775,tierraPlana,0,"Alguien conoce teorías más idiotas que el de la tierra plana y si es así podrían compartirlas conmigo para deleitarme de la capacidad de la estupidez humana, gracias.",mx,0,0,0,0,0,0,0,0,0,algui conoc teor mas idiot que el de la tierr plan y si es asi podr compart conmig par deleit de la capac de la estupidez human graci
70affcdf350d541353884f85181d468c,tierraPlana,0,🐼👊Kron Gracie a Ariel Helwani Si,mx,0,0,0,2,0,0,0,0,0,pand puño_cerr kron graci a ariel helwani si
f084a6f091d0a1e9d96d3c2225e21a77,tierraPlana,0,"RT @majara0: Si la tierra fuera plana, los gatos ya habrían tirado todo por el borde.",mx,0,0,0,0,0,0,0,0,0,rt [user] si la tierr fuer plan los gat ya habr tir tod por el bord
877bedf28dec398b982cf23089f06fab,tierraPlana,0,"@NachoRgz @laylapaty1 Un banco ligado al lavado de dinero (obvió) con infinidad de escándalos de corrupción a lo largo del mundo (por los que dicen que la tierra es plana). Y para más, diré: revisen quiénes integran su consejo de administración actualmente.",mx,0,0,0,0,0,0,0,0,0,[user] [user] un banc lig al lav de diner obvi con infin de escandal de corrupcion a lo larg del mund por los que dic que la tierr es plan y par mas dir revis quien integr su consej de administr actual
b09dfa278c3265d86a97bf5b951da476,tierraPlana,0,¿Conoces a alguien que cree que la Tierra es plana?,mx,0,2,0,0,0,0,0,0,0,conoc a algui que cre que la tierr es plan
48a47102f48bb176168abda401413bb4,tierraPlana,0,@MauNieto Cuando te encuentras a un creyente de la Tierra plana. Jajajaja,mx,0,0,0,0,0,0,0,0,0,[user] cuand te encuentr a un creyent de la tierr plan jajajaj
e05b84f87850698f3167a18c33cfa95a,tierraPlana,0,RT @GustavoVela71: La tierra plana,mx,0,0,0,0,0,0,0,0,0,rt [user] la tierr plan
c457f5756a9be3458878f02b276d07eb,tierraPlana,0,@DrMono_ @yosoydiegocano @RuidoEnLaRed @jrisco @lopezobrador_ @Javier_Corral @ferbelauzaran @colosioriojas Y la tierra es plana,mx,0,0,0,0,0,0,0,0,0,[user] [user] [user] [user] [user] [user] [user] [user] y la tierr es plan
2dd5d0f06abae7aca1830209f65165e9,tierraPlana,0,"Como cambian los tiempos y las creencias antes se hablaba de fantasmas y Extraterrestres, pero lo de hoy son  los Glitchs de la Matrix, si la Tierra plana le hace los mandados. Pero siempre estaremos ahí para analizarlos.",mx,0,0,0,0,0,0,0,0,0,com cambi los tiemp y las creenci antes se habl de fantasm y extraterrestr per lo de hoy son los glitchs de la matrix si la tierr plan le hac los mand per siempr estar ahi par analiz
0803195479d0ff7f500def09e84eb1c4,tierraPlana,0,@Flo_Clements Crees que la tierra es plana?,mx,0,1,0,0,0,0,0,0,0,[user] cre que la tierr es plan
ae2c63ec525ee3790b484c324be8bfdd,tierraPlana,0,"@HelloMaaat la tierra es plana , pon una canica en el piso y no rueda",mx,0,0,0,0,0,1,1,0,0,[user] la tierr es plan pon una canic en el pis y no rued
92551446767f33579e2d83066c5c637d,tierraPlana,0,RT @EffeStoned: @HistoriaEnFotos La tierra es plana por eso se llama planeta  y las vacunas son microchips que te instala el gobierno  desd…,mx,0,0,0,0,0,0,0,0,1,rt [user] [user] la tierr es plan por eso se llam planet y las vacun son microchips que te instal el gobiern desd
a384078a26b23dfc04e8cda9a0acea52,tierraPlana,0,Entonces... la tierra es plana?,mx,0,1,0,0,0,0,1,0,1,entonc la tierr es plan
a0e7cf695b9aa8fe98c316179c6d173f,tierraPlana,0,YouTube alimenta la teoría de conspiración: “la Tierra es plana”,mx,0,0,0,0,0,0,0,2,0,youtub aliment la teor de conspir la tierr es plan
7406627793f13384bfff5b0109fb0476,tierraPlana,0,@ArgoffTV @Biancatv_mx @OxlackCastro @EOtroShow @ufoofinterest @jorgezaratedf @j00j00j00 @yohanandiaz @Yoko_Mary @EdgarMUFC Será la Tierra plana?,mx,0,1,0,0,0,0,0,0,0,[user] [user] [user] [user] [user] [user] [user] [user] [user] [user] ser la tierr plan
521f46238bc67c546d82a97e5eaf1938,tierraPlana,0,"@camxell @HistoriaEnFotos ¿? Haber erudito, en qué parte de la Biblia dice que la tierra es plana?, lo único de plano que veo acá es tu cerebro que argumenta sin fundar.",mx,0,3,0,0,0,1,0,0,0,[user] [user] hab erudit en que part de la bibli dic que la tierr es plan lo unic de plan que veo aca es tu cerebr que argument sin fund
dbb508a405f9bc394fbf71ccc2ee2046,tierraPlana,0,Sonda China Chang'e 4 aluniza y refuta la tierra plana!,mx,1,0,0,0,0,0,0,1,0,sond chin chang e 4 aluniz y refut la tierr plan
a42aff68a466c999765615668bd96914,tierraPlana,0,Ya vi que lo de la tierra plana también iba en serio.,mx,0,0,0,0,0,0,0,0,0,ya vi que lo de la tierr plan tambien iba en seri
d09fb750b0e45638bf2991056f465175,tierraPlana,0,Buenos días!!! Ayer vi un documental en #Netflix de todos aquellos que piensan que la tierra es plana... la banda ya está re loca!,mx,4,0,0,0,0,0,2,0,1,buen dias ayer vi un documental en netflix de tod aquell que piens que la tierr es plan la band ya esta re loc
e89405372de69ad9d5ae56e9290aa4fc,tierraPlana,0,"Buenos días, tierraplanistas.",mx,0,0,0,0,0,0,0,0,0,buen dias tierraplan
e338deb1d23fbc6a7ea47d0eeaa5e0c5,tierraPlana,0,Como cuando estás decidido a documentar en #Netflix que la #Tierra es plana y fallas estrepitosamente.  Fuente:,mx,0,0,0,0,0,0,0,0,0,com cuand estas decid a document en netflix que la tierr es plan y fall estrepit fuent
e15ba5015b2b0966395f75f7ccd5c812,tierraPlana,0,Un rapero puede hablarte de la tierra plana,mx,0,0,0,0,0,0,0,0,0,un raper pued hablart de la tierr plan
01843734231c6b2d880cd59a3514961c,tierraPlana,0,"- Lumara, entiende, ¡La Tierra es plana! - ¡Aquí la única plana soy yo!",mx,4,0,0,0,0,0,0,0,0,lum entiend la tierr es plan aqu la unic plan soy yo
30cad6ca292afd4386ce74645c4a213a,tierraPlana,0,"RT @GustavoTenaH: Como estaba emocionado con tanta campaña política en el estado de Sonora por las elecciones a gobernador de 2021, no me h…",mx,0,0,0,0,0,1,0,0,1,rt [user] com estab emocion con tant campañ polit en el estad de sonor por las eleccion a gobern de 2021 no me h
966686b99c2f6b95f9bf396acbedd35a,tierraPlana,0,Cómo YouTube alimenta la teoría de la conspiración de que la Tierra es plana,mx,0,0,0,0,0,0,0,0,0,com youtub aliment la teor de la conspir de que la tierr es plan
692bfbe00c6eceb89e4a36c9b4e0d8c3,tierraPlana,0,"@JonaJarr @abraxasavi @fbarciona @camxell @HistoriaEnFotos Un círculo es una moneda.  Hay que saber bien los conceptos geométricos, no es lo mismo esférico (balón) que círculo (moneda).  Por lo tanto la biblia dice que la tierra es como una moneda: plana.",mx,0,0,0,0,0,1,0,0,0,[user] [user] [user] [user] [user] un circul es una moned hay que sab bien los concept geometr no es lo mism esfer balon que circul moned por lo tant la bibli dic que la tierr es com una moned plan
0e5e26c6805f0ff77fafd3802d204a67,tierraPlana,0,La tierra plana,mx,0,0,0,0,0,0,0,0,0,la tierr plan
816aa57a66f32781a9301ed942b38c05,tierraPlana,0,"@22Gania22 @AmarnaMiller @SchrodingerGata @YouTubeMexico @NetflixLAT Tengo mucha curiosidad de saber cómo es que @NetflixLAT abordó el tema, el terraplanismo ya me tiene bastante cansado y de otro modo me daría mucha pereza ver esa obra, pero no puedo evitar la curiosidad. Aún así, las supuestas evidencias de que la tierra es plana no me llenan.",mx,0,0,0,0,0,2,0,0,0,[user] [user] [user] [user] [user] teng much curi de sab com es que [user] abord el tem el terraplan ya me tien bastant cans y de otro mod me dar much perez ver esa obra per no pued evit la curi aun asi las supuest evident de que la tierr es plan no me llen
d87ee035d65a4af56279593265a1305d,tierraPlana,0,"@22Gania22 @AmarnaMiller @SchrodingerGata Lo que digo de los terraplanistas lo hago basado en las conversaciones que he tenido con ellos y en los vídeos que publican en @YouTubeMexico , de esos he visto muchos. Por otro lado, afirmar que la tierra es plana no es cuestionar, preguntarse la forma de la tierra sí lo es.",mx,0,0,0,0,0,1,0,0,0,[user] [user] [user] lo que dig de los terraplan lo hag bas en las convers que he ten con ellos y en los vide que public en [user] de esos he vist much por otro lad afirm que la tierr es plan no es cuestion pregunt la form de la tierr si lo es
c7c9aff9281812291b8d62bd0341f7c6,tierraPlana,0,¿Los que dicen que Jorge Ramos es un vendido serán los mismos que piensen que la tierra es plana? #Espreguntaseria,mx,0,2,0,0,0,0,0,0,0,los que dic que jorg ram es un vend seran los mism que piens que la tierr es plan espreguntaseri
b2028e08a35a1198bf0a8ba0c4b8c982,tierraPlana,0,@Mumusiraneitor @AnnieVnKr Como cuando quieren eliminar uno de los mejores controles de plagas que tenemos en México. No me sorprende que aun haya gente que piense que la tierra es plana.,mx,0,0,0,0,0,1,0,0,0,[user] [user] com cuand quier elimin uno de los mejor control de plag que ten en mexic no me sorprend que aun hay gent que piens que la tierr es plan
f48ddc86a94e24ff1e2f606672a397b3,tierraPlana,0,"@el_pais ¡Claro que no, carajo....como la Tierra es plana, al estrellarse, rebotaron en el Espacio!",mx,2,0,0,0,0,1,1,0,1,[user] clar que no caraj com la tierr es plan al estrell rebot en el espaci
3a36779b5013d7f064aa6d8ffaf868ee,tierraPlana,0,"RT @ALEXFDZ: Ya puede escuchar el tremendo podcast de este martes. Hablamos de los Óscar, las menciones publicitarias y la gente que cree q…",mx,0,0,1,0,0,0,0,0,1,rt [user] ya pued escuch el tremend podcast de este mart habl de los oscar las mencion publicitari y la gent que cre q
bfbae26181607caef4e2d68483967da5,tierraPlana,0,"RT @marcelecuona: Ayer vi un documental de gente que piensa que la tierra es plana, y en algún momento, les creí tantito. Perdóname Dios po…",mx,0,0,0,0,0,0,0,0,1,rt [user] ayer vi un documental de gent que piens que la tierr es plan y en algun moment les cre tantit perdonam dios po
1bd300a33150eb9dcb847efcd6a753e2,tierraPlana,0,@nino_triqui Es claro que la tierra es plana,mx,0,0,0,0,0,0,0,0,0,[user] es clar que la tierr es plan
6f77d0954ab1de686965581368fea0c4,tierraPlana,0,¿@alex_riveiro que piensas de la tierra plana y el fraude de la nasa?,mx,0,2,0,0,0,0,0,0,0,[user] que piens de la tierr plan y el fraud de la nas
a31bf72d677948abba4fb70acba4c537,tierraPlana,0,@racesgar Pregúntale si la tierra es plana y si no se debe vacunar. Puede que sea de los únicos y detergentes! 🤣,mx,1,0,0,1,0,1,0,0,0,[user] preguntal si la tierr es plan y si no se deb vacun pued que sea de los unic y detergent cara_revolviendose_de_la_ris
2ebf082a87ea3c580cc3f68e3cfaed68,tierraPlana,0,@mcmaricarmen También debatirán si la tierra es plana,mx,0,0,0,0,0,0,0,0,0,[user] tambien debat si la tierr es plan
5c758e91138a20cfa13355e78ddb585d,tierraPlana,0,"@ximena_fdzn @HistoriaEnFotos En otro multiuniverso, la tierra es plana",mx,0,0,0,0,0,0,0,0,0,[user] [user] en otro multiunivers la tierr es plan
cb332723fc872143d5c0ed467f611823,tierraPlana,0,La Tierra es plana': el #documental sobre los #terraplanistas es un deleznable ejercicio de humillación. 🌎 | @espinof_com,mx,0,0,0,1,0,0,0,1,0,la tierr es plan el documental sobr los terraplan es un delezn ejercici de humill globo_terraqueo_mostrando_amer [user]
701c2f20f2f87287feb1f393f8a36285,tierraPlana,0,"@eseeldaewo @ferbelaunzaran Hubo una época en que toda la población del mundo creía que la tierra era plana, que sean muchos no significa que estén en lo correcto, solo significa que hay muchos imbéciles en México. Y pequeño cerebro no es insulto, es una observación.",mx,0,0,0,0,0,2,0,0,0,[user] [user] hub una epoc en que tod la poblacion del mund cre que la tierr era plan que sean much no signif que esten en lo correct sol signif que hay much imbecil en mexic y pequeñ cerebr no es insult es una observ
3448e35d47d67781436919aa2432cd1d,tierraPlana,0,"No pasó en un Starbucks:  - yo sí creo que la tierra es plana, hay videos - dime un número entre 1 y 10 - 7 - ese es tu IQ  Ccp @juanburgos",mx,0,0,0,0,0,1,0,0,0,no pas en un starbucks yo si cre que la tierr es plan hay vide dim un numer entre 1 y 10 7 ese es tu iq ccp [user]
f52b50757cea8d71ca5e8e2f2026e448,tierraPlana,0,"Acabo de ver el documental de los tierraplanistas"" en @NetflixLAT",mx,0,0,0,0,0,0,0,1,0,acab de ver el documental de los tierraplan en [user]
33afd824bdf80dc76dd86d28fbf86965,tierraPlana,0,"@ActualidadRT Lo insólito es que existan personas que piensen que la tierra es plana en el presente siglo, eso es lo verdaderamente insólito...",mx,0,0,0,0,0,0,1,0,1,[user] lo insolit es que exist person que piens que la tierr es plan en el present sigl eso es lo verdader insolit
a0e6a32cfff7efd89d3325b422876784,tierraPlana,0,Esos que dicen que Roma está sobre valorada.   ¿Se dan cuenta que es como decir que la tierra es plana?   Están negando un hecho que todo el mundo reconoce.,mx,0,2,0,0,0,0,2,0,0,esos que dic que rom esta sobr valor se dan cuent que es com dec que la tierr es plan estan neg un hech que tod el mund reconoc
ed4a0ff75b319810e7869365edb835d0,tierraPlana,0,@talent_net Porque la tierra no es plana??? 🤔,mx,0,3,0,1,0,1,1,0,0,[user] porqu la tierr no es plan cara_pens
2402e048ef6c713652299dff4879ed2b,tierraPlana,0,@HistoriaEnFotos Para empezar no sabía que hay personas que creen que la tierra es plana 😲,mx,0,0,0,1,0,1,0,0,0,[user] par empez no sab que hay person que cre que la tierr es plan cara_asombr
4030cd2760c87959fa92529252a7cb7a,tierraPlana,0,"Ayer ví un programa que me llamó la atención llamado: 'La tierra es plana'. Ellos aseguran que así es que hemos vivido engañados.  Lo que me lleva a pensar que no importa la evidencia científica, hay quienes se sienten cómodos con sus creencias y se debe respetar.",mx,0,0,0,0,0,1,0,2,0,ayer vi un program que me llam la atencion llam la tierr es plan ellos asegur que asi es que hem viv engañ lo que me llev a pens que no import la evident cientif hay quien se sient comod con sus creenci y se deb respet
16de256089d08cf1e58642d1fd31589c,tierraPlana,0,"@Oliver_Youtube cuando vi la nota me sorprendí bastante, de ser cierto esto la teoría de la tierra plana es más relevante!!",mx,2,0,0,0,0,0,0,0,0,[user] cuand vi la not me sorprend bastant de ser ciert esto la teor de la tierr plan es mas relev
0b582a196fd91e355cbe4281974851e8,tierraPlana,0,@muyinteresante La Tierra es plana,mx,0,0,0,0,0,0,0,0,0,[user] la tierr es plan
3503b24cc081ae9d41f7dce50714233d,tierraPlana,0,Aún hay quienes creen que la Tierra es plana.,mx,0,0,0,0,0,0,0,0,0,aun hay quien cre que la tierr es plan
702efa912991f31b04ddee3c52333b16,tierraPlana,0,"Wow, habla en serio. Acabo de encontrar uno de esos especimenes   ultrararos que creen que la tierra es plana. 1500 años quemando a astrólogos vivos en la hoguera no fueron suficientes.",mx,0,0,0,0,0,1,1,0,0,wow habl en seri acab de encontr uno de esos especimen ultrarar que cre que la tierr es plan 1500 años quem a astrolog viv en la hoguer no fueron suficient
c828bcf72a3774372b2aeddd261d0d06,tierraPlana,0,RT @MauNieto: Estoy viendo un documental en Netflix de gente que asegura que la tierra es plana. Son súper necios.,mx,0,0,0,0,0,0,0,0,0,rt [user] estoy viend un documental en netflix de gent que asegur que la tierr es plan son sup neci
12aeda9b4418e790643e0df60ae5d307,tierraPlana,0,RT @ElRastaOk: La Tierra es plana y lo explicaré en el siguiente hilo,mx,0,0,0,0,0,0,0,0,0,rt [user] la tierr es plan y lo explic en el siguient hil
7511b20180a1f815680d970b86f8bdfc,tierraPlana,0,"RT @CulturaColectiv: Sí, en pleno siglo XXI hay personas que aseguran que #LaTierra es plana y estas son sus pruebas... 🤔",mx,0,0,1,1,0,0,1,0,1,rt [user] si en plen sigl xxi hay person que asegur que latierr es plan y estas son sus prueb cara_pens
9682e470a0effa79f18d38fed51a9741,tierraPlana,0,La tierra no es plana!,mx,1,0,0,0,0,1,0,0,0,la tierr no es plan
6f593ae6072b7214756e299e8aef2e5b,tierraPlana,0,@SoyDanielaBos Esa de la tierra plana 🌏,mx,0,0,0,1,0,0,0,0,0,[user] esa de la tierr plan globo_terraqueo_mostrando_asia_y_australi
582beeb6c39b97fa1a337c059cd1d3b4,tierraPlana,0,RT @Interneitor: Y algunos todavía piensan que la Tierra es plana 🤨🤨🤪,mx,0,0,0,3,0,0,0,0,0,rt [user] y algun todav piens que la tierr es plan cara_con_ceja_alz cara_con_ceja_alz cara_de_loc
d4675e07a6dcc6323e570fd9dba89217,tierraPlana,0,En la oficina están hablando de que ni al caso las teorías de la tierra plana/hueca y de que los que dicen que el moon landing fue falso están locos ylm y yo estoy de que,mx,0,0,0,0,0,1,0,0,0,en la oficin estan habl de que ni al cas las teor de la tierr plan huec y de que los que dic que el moon landing fue fals estan loc ylm y yo estoy de que
35bda56aa97e5fbc41105e73ec15b5fe,tierraPlana,0,"RT @HelloMaaat: Si hay gente que llama masculinicidios a los homicidios, gente q cree q las vacunas causan autismo, que el feminismo es can…",mx,0,0,0,0,0,0,1,0,1,rt [user] si hay gent que llam masculinicidi a los homicidi gent q cre q las vacun caus autism que el femin es can
74ca46d6c680641d14930aad63979ce5,tierraPlana,0,Cómo #YouTube alimenta la teoría de que la Tierra es plana,mx,0,0,0,0,0,0,0,0,0,com youtub aliment la teor de que la tierr es plan
849fc5c97460e01b6a458acc93df2460,tierraPlana,0,"RT @ElPapideacero: @garcialcocer @lopezobrador_ Todo sea por el  bien de México, pero creer en la palabra de López, es como creer que el dí…",mx,0,0,0,0,0,0,0,0,1,rt [user] [user] [user] tod sea por el bien de mexic per cre en la palabr de lopez es com cre que el di
f9f2ca51644b86a2985d5b61999c900c,tierraPlana,0,"@haro_63 @Charfornication Que la medición el mejor del mundo"" es tan absurdo como decir que la tierra es plana. Fue anulado por un mejor equipo.""",mx,0,0,0,0,0,0,0,2,0,[user] [user] que la medicion el mejor del mund es tan absurd com dec que la tierr es plan fue anul por un mejor equip
36d8109cab9b86dde77de9b6847a28d5,tierraPlana,0,@alex_riveiro ¿La tierra es plana?,mx,0,2,0,0,0,0,0,0,0,[user] la tierr es plan
2fa0bde0c9db9736061b3f5ab2a081d1,tierraPlana,0,Entre a un grupo de los batos que creen que la tierra es plana y si es divertido,mx,0,0,0,0,0,0,0,0,0,entre a un grup de los bat que cre que la tierr es plan y si es divert
a0de6d2e083999f33f3d252d3985bd20,tierraPlana,0,RT @ReneMarinUribe: @NachoRgz @laylapaty1 Un banco ligado al lavado de dinero (obvió) con infinidad de escándalos de corrupción a lo largo…,mx,0,0,0,0,0,0,0,0,1,rt [user] [user] [user] un banc lig al lav de diner obvi con infin de escandal de corrupcion a lo larg
5af0050ee2963b61c106cb2ff7980410,tierraPlana,0,@lvcvs Esos güeyes que piensan aún que la tierra es plana son una mamada.,mx,0,0,0,0,0,0,0,0,0,[user] esos güey que piens aun que la tierr es plan son una mam
59cd59c91d0e55df3009969fec2aad80,tierraPlana,0,Alguien puede explicarme porque pase 58 min de mi vida viendo un documental sobre la tierra plana? 😂,mx,0,1,0,1,0,0,0,0,0,algui pued explic porqu pas 58 min de mi vid viend un documental sobr la tierr plan cara_llorando_de_ris
3c8542f69a78a0bb9c3c57fc46017c15,tierraPlana,0,@Padawanmx @don_chamuco DE PLANO LA TIERRA PLANA? Así anda la humanidad? MMMMMMMMM,mx,0,2,4,0,0,0,1,0,0,[user] [user] de plan la tierr plan asi anda la human mm
ffb624e016c86c0903ffd980c049cd5d,tierraPlana,0,@DimeKairo @AmezquitaC Qusiera saber una idea argumentada de por qué se cree que la tierra es plana...😲,mx,0,0,0,1,0,0,1,0,1,[user] [user] qus sab una ide argument de por que se cre que la tierr es plan cara_asombr
56048ea043b101d05a9df1d13a5aef06,tierraPlana,0,"Acabo de ver Behind the curve, El documental sobre el movimiento de gente que defiende que la tierra es plana. Concluí que debemos instaurar el Día internacional de Abraza una TERF"". Pregúntame cómo.""",mx,0,0,1,0,0,0,0,2,0,acab de ver behind the curv el documental sobr el movimient de gent que defiend que la tierr es plan conclu que deb instaur el dia internacional de abraz una terf preguntam com
fe6f953639af701920012d227b3877ed,tierraPlana,0,"Ya lo sabíamos. La mayoría le llamamos The Matrix 😎. Ahhh! Y que la Tierra es plana, también eso. Y que el sol gira y rota, según @BeatrizGMuller.",mx,1,0,0,1,0,0,1,0,0,ya lo sab la mayor le llam the matrix cara_sonriendo_con_gafas_de_sol ahh y que la tierr es plan tambien eso y que el sol gir y rot segun [user]
e8c76fe4313d3ac1117ccca9329a7aff,tierraPlana,0,Suena a un buen capítulo de rick&amp;morty,mx,0,0,0,0,0,0,0,0,0,suen a un buen capitul de rick amp morty
ed122b7395a6d3665256fcb5b0c9c953,tierraPlana,0,Netflix subió un documental de las personas que creen que la tierra es plana. Es hilarante.  Lo amo.,mx,0,0,0,0,0,0,0,0,0,netflix sub un documental de las person que cre que la tierr es plan es hilar lo amo
73d3a3ef9e241b71e527514d1e683f98,tierraPlana,0,Netflix | ‘Terraplanistas’ hicieron un experimento… que les demostró que la Tierra no es plana (Video),mx,0,0,0,0,0,1,0,2,1,netflix terraplan hic un experiment que les demostr que la tierr no es plan vide
2162d2c910f806167f680c413aee341d,tierraPlana,0,Cómo YouTube alimenta la teoría de que la Tierra es plana - INVDES,mx,0,0,1,0,0,0,0,0,0,com youtub aliment la teor de que la tierr es plan invdes
d08d0697d19413e22efd0d8c18d96b64,tierraPlana,0,RT @disversum: Ayer vi un documental sobre gente que creen la Tierra es plana. Como si no hubiesen ya suficientes motivos para detestar a l…,mx,0,0,0,0,0,1,0,0,1,rt [user] ayer vi un documental sobr gent que cre la tierr es plan com si no hub ya suficient motiv par detest a l
b6e6eda3f8007d24a01ab86c24eab842,tierraPlana,0,"(2) Le pregunto que acerca de qué y me contesta:  –De la tierra plana, ¿tú sabías que la tierra es plana? ¿Que no es cierto que el hombre llegó a la luna?  Yo:  –Sí llegó.  Uber: –Entonces ¿por qué solo Estados Unidos ha ido?",mx,0,6,0,0,0,1,0,0,0,2 le pregunt que acerc de que y me contest de la tierr plan tu sab que la tierr es plan que no es ciert que el hombr lleg a la lun yo si lleg uber entonc por que sol estad unid ha ido
fe2f41a1797cf54cae2289b96e2cbe6f,tierraPlana,0,"Debate, tierra plana &amp; pelota, en este video esta la opinión de estos teólogos, algunos con evidencia bíblica y otros sin nada más que la burla. Usteded de que lado esta?",mx,0,1,0,0,0,2,0,0,0,debat tierr plan amp pelot en este vide esta la opinion de estos teolog algun con evident biblic y otros sin nad mas que la burl usted de que lad esta
d3baa60bc96ceaf61167f3b815810175,tierraPlana,0,"@22Gania22 @AmarnaMiller @SchrodingerGata @YouTubeMexico para saber cuál es la forma de la tierra, en cambio, sus experimentos y observaciones son hechos para intentar demostrar que la tierra es plana, el método científico no funciona así, los que sí trabajan de ese modo son las creencias dogmáticas, 2/2.",mx,0,0,0,0,0,1,0,0,0,[user] [user] [user] [user] par sab cual es la form de la tierr en cambi sus experiment y observ son hech par intent demostr que la tierr es plan el metod cientif no funcion asi los que si trabaj de ese mod son las creenci dogmat 2 2
e6bfacd651a5312b70e973eddcbfb6e6,tierraPlana,0,"@EvilAFM @jaimealtozano Deberia de sorprenderme que la gente trata de ver esto como un caso de practica extrema, en vez de talento nato, pero luego recuerdo que hay personas que creen que la tierra es plana y que no se vacuna y entiendo un poco.",mx,0,0,0,0,0,1,0,0,0,[user] [user] deberi de sorprend que la gent trat de ver esto com un cas de practic extrem en vez de talent nat per lueg recuerd que hay person que cre que la tierr es plan y que no se vacun y entiend un poc
05b8a36229f33807045a51eb48ce9af0,tierraPlana,0,Todo es risa y diversión contra los tierraplanistas hasta que le pides a alguien que te explique cómo sabemos desde hace tanto tiempo que la Tierra es redonda 😔,mx,0,0,0,1,0,0,0,0,0,tod es ris y diversion contr los tierraplan hast que le pid a algui que te expliqu com sab desd hac tant tiemp que la tierr es redond cara_desanim
9c2d3ddf16239f7c021f4e790aa6aa76,tierraPlana,0,RT @capi_april: Y dicen que la tierra es plana.,mx,0,0,0,0,0,0,0,0,0,rt [user] y dic que la tierr es plan
1fc94197740f8cac1b6c7b94d43285ea,tierraPlana,0,@kalippo lo único que veo es la tierra plana,mx,0,0,0,0,0,0,0,0,0,[user] lo unic que veo es la tierr plan
31f67478dff56fe3ad17090815fcb207,tierraPlana,0,"@Pazthor Que es eso? Por Dios, todos sabemos que la tierra es plana",mx,0,1,0,0,0,0,0,0,0,[user] que es eso por dios tod sab que la tierr es plan
0f39ccb24527b0740b7c50a555fafeea,tierraPlana,0,#CarolinadelNorte: YouTube alimenta la teoría de conspiración: ?la Tierra es plana?.,mx,0,2,0,0,0,0,0,0,0,carolinadelnort youtub aliment la teor de conspir la tierr es plan
2e705a67f54cf028b3147a2ccafcef96,tierraPlana,0,"@LivVare @Dr_Palomares @Flat67823361 @sppozueco @miguelpenagomez No explicas bien, siempre dejas huecos sin rellenar. Dónde está Sigma Octantis en la tierra plana?",mx,0,1,0,0,0,2,0,0,0,[user] [user] [user] [user] [user] no explic bien siempr dej huec sin rellen dond esta sigm octantis en la tierr plan
e9c7b5b166176e7fdce8c7a28a63c9ba,tierraPlana,0,Lo mejor del documental de Netflix sobre los tierraplanistas ocurre en estos dos últimos y surrealistas minutos,mx,0,0,0,0,0,0,0,0,0,lo mejor del documental de netflix sobr los tierraplan ocurr en estos dos ultim y surreal minut
fc1185ea41eeb6ae774605a57c03cc15,tierraPlana,0,@ilonqueen @jaimealtozano @CdeCiencia el terraplanismo  ❤ la tierra si es plana 😂😁,mx,0,0,0,3,0,0,0,0,0,[user] [user] [user] el terraplan corazon_roj la tierr si es plan cara_llorando_de_ris cara_radiante_con_ojos_sonrient
538c93e18c7f9ce295418101269fd703,tierraPlana,0,"RT @balkraix: @Quetzaluman @Pat_MercadoC Tambien hay gente que dice que la tierra es plana pero la evidencia cientifica dice lo contrario,…",mx,0,0,0,0,0,0,0,0,1,rt [user] [user] [user] tambi hay gent que dic que la tierr es plan per la evident cientif dic lo contrari
8980457acb8b0436173fd758b9097a8d,tierraPlana,0,"RT @MechiValle: Society, 30 years ago: En el futuro vamos a tener diplomáticos yendo a otros planetas, autos voladores, bibliotecas estalla…",mx,0,0,0,0,0,0,0,0,1,rt [user] society 30 years ago en el futur vam a ten diplomat yend a otros planet aut volador bibliotec estall
1c8db13b23dfe402ca5ea8c78bff98c1,tierraPlana,0,"@ActualidadRT perdón?.. no puedo creer que aun haya personas que piensan eso... Si la tierra fuera plana, no había universo entonces?... vaya c!",mx,1,2,0,0,0,2,2,0,2,[user] perdon no pued cre que aun hay person que piens eso si la tierr fuer plan no hab univers entonc vay c
f3c0f0ab4d5e8642a335b9208a116f70,tierraPlana,0,Tomen eso tereaplanistas.,mx,0,0,0,0,0,0,0,0,0,tom eso tereaplan
0883f1647657ba4d50189d9c4aed9a01,tierraPlana,0,Investigadores culpan a YouTube de que la gente crea que la Tierra es plana,mx,0,0,0,0,0,0,0,0,0,investig culp a youtub de que la gent cre que la tierr es plan
6d9359d313da81e41bbbef4d3ab2f181,tierraPlana,0,‘Terraplanistas’ hicieron un experimento… que les demostró que la Tierra no es plana - INVDES,mx,0,0,1,0,0,1,0,2,1,terraplan hic un experiment que les demostr que la tierr no es plan invdes
a196ca2efacff33bcf069b1e2aaaea53,tierraPlana,0,"¿Porqué cualquier mamada, creencia y/o régimen se tiene que poner taaaaaaan de moda de una manera inmamable? ¿La tierra plana? pinche cura del siglo XVII 🤦🏽‍♂️",mx,0,4,1,3,0,0,1,0,0,porqu cualqui mam creenci y o regim se tien que pon taan de mod de una maner inmam la tierr plan pinch cur del sigl xvii hombre_con_la_mano_en_la_frente_tono_de_piel_medi
d87289f0cb687febb4f44b6c3466391d,tierraPlana,0,@ChumelTorres Por estas cosas es por las que YouTube va dejar de recomendar videos de la tierra plana y de los Illuminati,mx,0,0,0,0,0,0,0,0,0,[user] por estas cos es por las que youtub va dej de recomend vide de la tierr plan y de los illuminati
0fbf969c47eaef8ad87466c980f43ac8,tierraPlana,0,Estoy viendo “tan plana como un encefalograma” de Netflix y asegura que existen millones de personas que creen que la tierra es plana. La estadística diría que me leen muchos ! Manifiéstense y explíquenme ... Porque ???,mx,1,3,0,0,0,0,2,2,1,estoy viend tan plan com un encefalogram de netflix y asegur que exist millon de person que cre que la tierr es plan la estadist dir que me leen much manifiestens y expliquenm porqu
95ff0cc29492e71b64d4798f3e4d4f78,tierraPlana,0,"@PabloRodmont Te contrasto información,te pongo ejemplos.  Tienes, a mi ver, fanatismo ideológico; para ti Maduro es diabólico y perverso y de él y su gobierno es toda la culpa, pos oye..... hasta puedes creer que la tierra es plana, como dices 😓",mx,0,0,0,1,0,0,1,0,1,[user] te contrast inform te pong ejempl tien a mi ver fanat ideolog par ti madur es diabol y pervers y de el y su gobiern es tod la culp pos oye hast pued cre que la tierr es plan com dic cara_con_sudor_fri
bf7d3c1e66e60445137514971085d881,tierraPlana,0,La teoria que la tierra es plana es muy buena.,mx,0,0,0,0,0,0,0,0,0,la teori que la tierr es plan es muy buen
cca4587e2f68e2d2d3433fd2dc168ed5,tierraPlana,0,Tierra Plana - Ep. 23 - El Podcast de Alex Fernández vía @YouTube.                   Lo mejor del martes siempre las canelitas 🤣🤣🤣🤣 @ALEXFDZ,mx,0,0,1,4,0,0,2,0,0,tierr plan ep 23 el podcast de alex fernandez via [user] lo mejor del mart siempr las canelit cara_revolviendose_de_la_ris cara_revolviendose_de_la_ris cara_revolviendose_de_la_ris cara_revolviendose_de_la_ris [user]
9e86b0694b16e86f1c054a11dfff52b6,tierraPlana,0,@ChumelTorres Tan absurdo como pensar que exista gente que aún crea que la tierra es plana! #QueBrutoPongale5,mx,1,0,0,0,0,0,0,0,0,[user] tan absurd com pens que exist gent que aun cre que la tierr es plan quebrutopongale5
6ced70810915d6b4cceb13472d3114a9,tierraPlana,0,"@Onejeitermore @DalasReview @dalasexy Si muchas personas te aseguran que la tierra es plana no es raro que pienses que todos lo que lo aseguran son idiotas (realmente es probable que lo sean) y muchas cosas que le discuten son incluso peores a lo de la tierra plana, supiste lo del perro que tenía un gemelo malvado?",mx,0,1,0,0,0,1,0,0,0,[user] [user] [user] si much person te asegur que la tierr es plan no es rar que piens que tod lo que lo asegur son idiot realment es probabl que lo sean y much cos que le discut son inclus peor a lo de la tierr plan sup lo del perr que ten un gemel malv
f0bde2ea5133ed0e188c5a6178f845b5,tierraPlana,0,"RT @TheWereDrunk: Hace 20 años ¿Para qué nos enseñan esto, no puedo usarlo en mi día a día?  No seré biólogo, no necesito saber estas cosas…",mx,0,2,0,0,0,3,0,0,1,rt [user] hac 20 años par que nos enseñ esto no pued usarl en mi dia a dia no ser biolog no necesit sab estas cos
5df8581ddf2db3f78d43ea81a1627b38,tierraPlana,0,Unirme al grupo de la tierra plana es lo mejor que eh hecho en febrero,mx,0,0,0,0,0,0,0,0,0,unirm al grup de la tierr plan es lo mejor que eh hech en febrer
21e7c88d782138174bc78b1737a23490,tierraPlana,0,@Oliver_Youtube ¿Científicamente? ¿dónde están tus experimentos?¿Dónde están as fotos de la tierra plana y su cúpula?,mx,0,6,0,0,0,0,0,0,0,[user] cientif dond estan tus experiment dond estan as fot de la tierr plan y su cupul
9d50b4200323b02187fc520ec0646e33,tierraPlana,0,@LuucKingston @Adrian_DelCampo @LibPorcupine @ut_rancidum @DrsuzanneH La tierra no es plana y tú eres un psicópata.,mx,0,0,0,0,0,1,0,0,0,[user] [user] [user] [user] [user] la tierr no es plan y tu eres un psicopat
f474948d7205e5ceebcd8df938480d4d,tierraPlana,0,"@SoyDanielaBos De las personas que piensan que la tierra es plana, en la cuál cada vez más personas se suman a esa ideología errónea.",mx,0,0,0,0,0,0,0,0,0,[user] de las person que piens que la tierr es plan en la cual cad vez mas person se sum a esa ideolog errone
6ec364c7b10863d694d92dee4f4278a5,tierraPlana,0,"Sin mentir, ¿creen que la tierra es plana?",mx,0,2,0,0,0,1,0,0,0,sin ment cre que la tierr es plan
8ec5d25d48863f3e34f047918df6ccf7,tierraPlana,0,"@alex_riveiro @municolonbsas Llego a creer que se reúnen solo por diversión, que en realidad no creen que la tierra es plana, sino que el grupo solo es una parodia.",mx,0,0,0,0,0,2,0,0,0,[user] [user] lleg a cre que se reun sol por diversion que en realid no cre que la tierr es plan sin que el grup sol es una parodi
8880f115b4570fe6c330fc42618ce03f,tierraPlana,0,@carogza28 We la tierra es plana k quieres,mx,0,0,0,0,0,0,0,0,0,[user] we la tierr es plan k quier
fc006bd904f1f23e0c3b3cb5b40c8b7c,tierraPlana,0,"@adriano_dreamer Te juro que un chingo de gente no se sabe ni la del eclipse. Ah, pero qué tal los memes de la tierra plana.",mx,0,0,0,0,0,2,0,0,0,[user] te jur que un ching de gent no se sab ni la del eclips ah per que tal los mem de la tierr plan
286dae4fb103b427cba1ce8c54520b3c,tierraPlana,0,La tierra plana esta siendo noticia en todo el mundo,mx,0,0,0,0,0,0,0,0,0,la tierr plan esta siend notici en tod el mund
3ada9b1805910284927546b4dbe502e8,tierraPlana,0,"@Mussollinni Mira, si piensas qué hay gente que quiere debatir si la tierra es plana, si las vacunas sirven, si la generación de energía con carbón es pertinente, hacer refinerías es viable, entonces entendemos que -quiero debatir- es igual a -necesito que alguien escuche mis pendejadas-",mx,0,0,0,0,0,0,0,0,0,[user] mir si piens que hay gent que quier debat si la tierr es plan si las vacun sirv si la gener de energ con carbon es pertinent hac refin es viabl entonc entend que quier debat es igual a necesit que algui escuch mis pendej
74a988a57a7a3a718febe384a6477769,tierraPlana,0,"2,500 años de pruebas científicas no son evidencia suficiente para un número creciente de personas que se apoya en videos de YouTube para divulgar que el planeta es… plano",mx,0,0,0,0,0,1,0,0,1,2 500 años de prueb cientif no son evident suficient par un numer crecient de person que se apoy en vide de youtub par divulg que el planet es plan
d752c841d2c93e76936d5373c8e7fbe8,tierraPlana,0,Ya me convenció @taitus_ Me integraré a los #Tierraplanistas,mx,0,0,0,0,0,0,0,0,0,ya me convenc [user] me integr a los tierraplan
42f8ed8a2831a78560a74c27c42f41d5,tierraPlana,0,RT @unocero: ¿Conoces a alguien que cree que la Tierra es plana?,mx,0,2,0,0,0,0,0,0,0,rt [user] conoc a algui que cre que la tierr es plan
2d8ad8404dc682bcf52270f834bc962b,tierraPlana,0,@HistoriaEnFotos Es una tontería el argumento de los terraplanistas dicen que la Tierra es plana porque no hay imágenes de la Tierra redonda pero ellos igual no tienen imágenes ni pruebas que la Tierra es plana 😂 o igual su creencia del domo. 😂,mx,0,0,0,2,0,3,0,0,0,[user] es una tont el argument de los terraplan dic que la tierr es plan porqu no hay imagen de la tierr redond per ellos igual no tien imagen ni prueb que la tierr es plan cara_llorando_de_ris o igual su creenci del dom cara_llorando_de_ris
c96d6dbe6685256e20a9e28a81d52dc7,tierraPlana,0,No te pierdas | Investigadores culpan a YouTube por los creyentes de que la Tierra es plana,mx,0,0,0,0,0,1,0,0,0,no te pierd investig culp a youtub por los creyent de que la tierr es plan
ad6852d31784ba6821fbf2644869f103,tierraPlana,0,@eduardoruizme @RobertoU16 @mariouribep Es la mafia del poderrr no lo entiendes.... qué poka intelingesia al tu no poder percibir que todo esto está relacionado con la tierra plana y los rockefeler. #wakeup #saitgest #meduelesmexico #yalitzaAparicio #FarrokhBulsara,mx,0,0,0,0,0,2,2,0,1,[user] [user] [user] es la mafi del poderr no lo entiend que pok intelingesi al tu no pod percib que tod esto esta relacion con la tierr plan y los rockefel wakeup saitgest meduelesmex yalitzaaparici farrokhbuls
d90820096cc7e2813457a0745eb3ef96,tierraPlana,0,RT @taller2006: Ayer ví un programa que me llamó la atención llamado: 'La tierra es plana'. Ellos aseguran que así es que hemos vivido enga…,mx,0,0,0,0,0,0,0,2,1,rt [user] ayer vi un program que me llam la atencion llam la tierr es plan ellos asegur que asi es que hem viv enga
6fecd0ee272efa4fca8883de43a932cd,tierraPlana,0,"RT @haroldazuara: La conspiración de la NASA me tiene confundido, si la tierra fuera plana y la ciencia nos ha mentido todo el tiempo ¿Quie…",mx,0,1,1,0,0,0,0,0,1,rt [user] la conspir de la nas me tien confund si la tierr fuer plan y la cienci nos ha ment tod el tiemp qui
81b06dcdc6133b0812336ba437357850,tierraPlana,0,"Weyes que creen que la tierra es plana demuestran que la tierra es redonda, me maté de la risa",mx,0,0,0,0,0,0,0,0,0,wey que cre que la tierr es plan demuestr que la tierr es redond me mat de la ris
91f2bf897ce0791989c80033c99c33e2,tierraPlana,0,@alex_riveiro sería muy interesante que con cálculos matemáticos les dieras un golpe en el hocico a los creyentes de la tierra plana y mira qué hay demasiados descerebrados que así lo creen 🙄🙄🙄,mx,0,0,0,3,0,0,1,0,0,[user] ser muy interes que con calcul matemat les dier un golp en el hocic a los creyent de la tierr plan y mir que hay demasi descerebr que asi lo cre cara_con_ojos_en_blanc cara_con_ojos_en_blanc cara_con_ojos_en_blanc
0409a9d69877dccc1964d4555dc9eecf,tierraPlana,0,@Ezequie73266034 @eldiariodedross La tierra es plana y está sobre una tortuga que flota que más hay que saber? :v,mx,0,1,0,0,0,0,0,0,0,[user] [user] la tierr es plan y esta sobr una tortug que flot que mas hay que sab v
6c2d5c608a0c8118414784cc695c29b3,tierraPlana,0,@MauNieto Cómo qué anda mucho de moda ahorita eso de que la tierra es plana. Jajaja.,mx,0,0,0,0,0,0,0,0,0,[user] com que anda much de mod ahorit eso de que la tierr es plan jajaj
6767008600b0d1eecbcb38504d510648,tierraPlana,0,¿Tiene un minuto para hablar de la tierra plana?,mx,0,2,0,0,0,0,0,0,0,tien un minut par habl de la tierr plan
51f673adf685c5082b2906b6465518b7,tierraPlana,0,@JonyBeltran_ Wey la tierra es plana,mx,0,0,0,0,0,0,0,0,0,[user] wey la tierr es plan
ec8695d040e104f5ab655cdfa437702f,venezuela,1,"Jajajajaja todo lo que hace mal maduro es una conspiración, si el tipo en realidad es el mejor presidente de la historia jajajaja",mx,0,0,0,0,0,0,0,0,0,jajajajaj tod lo que hac mal madur es una conspir si el tip en realid es el mejor president de la histori jajajaj
517759ee6b785c2ae7a7b0efca2bea70,venezuela,1,😂😂 No que muchos huevos,mx,0,0,0,2,0,1,0,0,0,cara_llorando_de_ris cara_llorando_de_ris no que much huev
d319c1233ee4e390e729179625246208,venezuela,1,Un muerto que habla.,mx,0,0,0,0,0,0,0,0,0,un muert que habl
5a3cdeb865d9ccf6737047681be15bbb,venezuela,1,"Oh! Pos no que otro Vietnam,  que serán repelidos,  que misiles montados en motos,  etc.?",mx,1,1,0,0,0,1,0,0,0,oh pos no que otro vietnam que seran repel que misil mont en mot etc
b1ac8c52be6f6f6b28c9ddeca42f1609,venezuela,1,Su presencia es el peligro.  Su ausencia la Solucion,mx,0,0,0,0,0,0,0,0,0,su presenci es el peligr su ausenci la solucion
92a092b057bf4f2db6b0dc3dc40e0e2d,venezuela,1,Demasiado tarde chato....,mx,0,0,0,0,0,0,1,0,1,demasi tard chat
ed0e8e65fb7f01e876e68f5063054a84,venezuela,1,"Normal, información falsa y de mierda para seres unineuronales. xD",mx,0,0,0,0,1,0,0,0,0,normal inform fals y de mierd par ser unineuronal xd
f0f46f67f2c56485d6abc8df096b3ccf,venezuela,1,"Eso es digno, no tomar postura ante un pueblo crucificado, o un pretexto para apoyar a un dictador socialista?",mx,0,1,0,0,0,1,0,0,0,eso es dign no tom postur ante un puebl crucific o un pretext par apoy a un dictador social
edb9401a1d5f2985da8432a0bd7e061c,venezuela,1,"¿ y eso ?, ¿no que el apagaba el sol a pedos?, que el se trataba un leño prendido y que el ejército venezolano y no se cuantas madres más,,,,,,,como decía la India María,,""el miedo mo and en burro"". ¡¡ Que vayan todos los weyes de PODEMOS a defenderlo!!.",mx,4,4,1,0,0,2,1,2,0,y eso no que el apag el sol a ped que el se trat un leñ prend y que el ejercit venezolan y no se cuant madr mas com dec la indi mar el mied mo and en burr que vay tod los wey de pod a defend
17576047ca62e5c9a0c725b3929589eb,venezuela,1,"Y este quien se cree para venir a exigir, que se regrese a su país a arreglar su desmadre.",mx,0,0,0,0,0,0,0,0,0,y este qui se cre par ven a exig que se regres a su pais a arregl su desmadr
ac2654d72577269135caa72227f92057,venezuela,1,Este Venezolano Cree Que Es Bueno Que Te Apoye El Pan 😂😂,mx,0,0,0,2,0,0,0,0,0,este venezolan cre que es buen que te apoy el pan cara_llorando_de_ris cara_llorando_de_ris
782fc5e283185eb023358f66e77d45e0,venezuela,1,Pues agarre sus cosas y a Cuba!,mx,1,0,0,0,0,0,0,0,0,pues agarr sus cos y a cub
1806e277b4eecbbadf3fdaef7a64daab,venezuela,1,Y que dice el pájaro de Maduro y su viaje al futuro que no lo vio venir,mx,0,0,0,0,0,1,0,0,0,y que dic el pajar de madur y su viaj al futur que no lo vio ven
e645471f7f66148d86a0130b8f28ebfd,venezuela,1,"Ese Maduro, no es mas idiota por que no se esfuerza.",mx,0,0,0,0,0,2,0,0,0,ese madur no es mas idiot por que no se esfuerz
3dea43887de6ee491402f85459dac71d,venezuela,1,"Quizás ""encontró"" corrupción en esos camiones llenos de ayuda. :(",mx,0,0,0,0,0,0,0,2,0,quizas encontr corrupcion en esos camion llen de ayud
372f43427cf4d69db4651a8590e82c7a,venezuela,1,La 4ta. Transformación ya está en Venezuela.,mx,0,0,0,0,0,0,0,0,0,la 4ta transform ya esta en venezuel
b48221c85e4315f076df4a63f07118bb,venezuela,1,Ese sí se creyó lo de que si ganaba @lopezobrador_  México sería Venezuela del Norte.,mx,0,0,0,0,0,0,0,0,0,ese si se crey lo de que si gan [user] mexic ser venezuel del nort
ce25cc439a730b3e61d9a985b362b9e9,venezuela,1,"UN LIDER NO PIDE ...SOLO SE LE SIGUE ,,,ESTE HOMBRE TIENE DE LIDER LO QUE YO TENGO DE PELO ....NADA ..",mx,0,0,12,0,0,2,3,0,2,un lid no pid sol se le sig este hombr tien de lid lo que yo teng de pel nad
923dc84bf43e8b0c34f8b831e57f9ea7,venezuela,1,"Me parece bastante INMADURO la actitud de MADURO, al quemar los camiones con alimentos para los venezolanos",mx,0,0,2,0,0,0,0,0,0,me parec bastant inmadur la actitud de madur al quem los camion con aliment par los venezolan
518964523faafeb069ea85cd42938285,venezuela,1,Así yo como mexicano puedo tener la misma atención y audiencia de mis senadores?,mx,0,1,0,0,0,0,0,0,0,asi yo com mexican pued ten la mism atencion y audienci de mis senador
d66d39cf341a9f79f28be63489620df1,venezuela,0,Ya largate de Mexico,mx,0,0,0,0,0,0,0,0,0,ya largat de mexic
41484c617bbedd3bace1ae1adf3dbc84,venezuela,0,Ya siente pasos en la azotea... días contados a Maduro !!!,mx,3,0,0,0,0,0,2,0,1,ya sient pas en la azote dias cont a madur
55bbba595631f4189ba05431f9f5eaaa,venezuela,0,"¿Puede usted explicarnos cómo pudo la policía venezolana prender fuego a los camiones en territorio colombiano? ¿Nos va a contestar, o prefiere quedar como pendejo?",mx,0,4,0,0,0,0,0,0,0,pued usted explic com pud la polic venezolan prend fueg a los camion en territori colombian nos va a contest o prefier qued com pendej
f7899a568b08470a1d22d562b82db9e3,venezuela,0,Qué mamada! No tienen vergüenza!,mx,2,0,0,0,0,1,0,0,0,que mam no tien vergüenz
88fbd6ffcd25991228d331efbb02224f,venezuela,0,Por si existiera alguna duda de a que partido le vale madres la legalidad. Tanto que se desgarraron defendiendo el estado de derecho en las elecciones.,mx,0,0,0,0,0,0,0,0,0,por si exist algun dud de a que part le val madr la legal tant que se desgarr defend el estad de derech en las eleccion
b608653dc72fa23a958cdf1c0d1c6fa8,venezuela,0,Y @jguaido ? Ya dio algún comunicado al respecto.,mx,0,1,0,0,0,0,0,0,0,y [user] ya dio algun comunic al respect
51593f4b9364300c4d928e4aec6322dc,venezuela,0,"SI A LOS VENEZOLANOS NO LES GUSTA EL PROCEDER DENUESTRO PRESIDENTE MEXICANO MEXICANO PUES ABANDONEN EL PAIS VAYANSE A OTRO PAIS ES FACIL Y LLEVENSE A LOS PANISTAS, YO SE LOS HE DICHO A LOS VENEZOLANOS KE CONOZCO KE VAYAN HACER SU DESMADRITO A SU PAÍS",mx,0,0,28,0,0,1,0,0,0,si a los venezolan no les gust el proced denuestr president mexican mexican pues abandon el pais vayans a otro pais es facil y llevens a los panist yo se los he dich a los venezolan ke conozc ke vay hac su desmadrit a su pais
f524e51b999951dff08e3d8269a0b100,venezuela,0,"Investiguen al personaje, se llevaran una buena historia",mx,0,0,0,0,0,0,0,0,0,investig al personaj se llev una buen histori
ee7c24f8f478e90e3242ea8cd896a540,venezuela,0,Chinge su putisima madres este pendejo,mx,0,0,0,0,0,0,0,0,0,ching su putisim madr este pendej
f63d6e3d7a637457dd67dfa5ba034503,venezuela,0,"ESE VENEZOLANO DEBE DAR GRACIAS KE SE LE DR ASILO AKI EN MEXICO Y NO ANDAR EXIGIENDO A UN PRESIDENTE QUE ES SU PRESIDENTE LO KE DEBE HACER, KE VAYA A SU PAIS Y KE AHI PELEE Y DE LA VIDA, A EXIGIR A SU PAIS CABRON, NO AKI A NUESTRO PAIS",mx,0,0,26,0,0,2,0,0,0,ese venezolan deb dar graci ke se le dr asil aki en mexic y no andar exig a un president que es su president lo ke deb hac ke vay a su pais y ke ahi pele y de la vid a exig a su pais cabron no aki a nuestr pais
3269b8bc23f58688902fdfa68c8fce13,venezuela,0,"Que te quede claro que el presidente de México escuchará al pueblo de México, las exigencias las haces hacia tu presidente no aquí. México tiene sus propios problemas como para lidiar con los de Venezuela ¡no exijas! Un escándalo más auspiciado por @AccionNacional para enconar.",mx,2,0,0,0,0,2,0,0,0,que te qued clar que el president de mexic escuch al puebl de mexic las exigent las hac haci tu president no aqu mexic tien sus propi problem com par lidi con los de venezuel no exij un escandal mas auspici por [user] par encon
d9b933ecd6f72e30335a6408e4dee306,venezuela,0,Deben de amonestar al PAN por este atropello a la independencia y constitución de nuestro pais,mx,0,0,1,0,0,0,0,0,0,deb de amonest al pan por este atropell a la independent y constitu de nuestr pais
957104e44fd509b30718ad41ce0a91a2,venezuela,0,Ese wey también está enfermo,mx,0,0,0,0,0,0,0,0,0,ese wey tambien esta enferm
1c071d360a3175f13f9bd8e7e17df883,venezuela,0,"Infórmate!!! O si ya estás en la frontera Colombia-Venezuela, sube los videos reales y mántenos al tanto, plsss no te cuides mucho entre el aboroto y hazle un favor a la patria 🙏",mx,3,0,0,1,0,1,2,0,0,informat o si ya estas en la fronter colombi venezuel sub los vide real y manten al tant plss no te cuid much entre el aborot y hazl un favor a la patri manos_en_or
382e1620d28e7eab5d0559459797a374,venezuela,0,Faltaba el chairo hijo de puta defendiendo lo indefendible.,mx,0,0,0,0,0,0,0,0,0,falt el chair hij de put defend lo indefend
8d1cc72bbc9f5c9a85e5d7e9e20ce8bd,venezuela,0,ESE ES UN TERRORISTA COMO SENADORES PÓLITICOS CON AÑOS DE CARRERA SE PONEN A LOS PIES DE UN TERRORISTA DE REDES SOCIALES MUESTREN ESTE VIDEO,mx,0,0,17,0,0,0,0,0,0,ese es un terror com senador polit con años de carrer se pon a los pies de un terror de red social muestr este vide
240198c4727caf796ae11397a36d5ec2,venezuela,0,"YO ME PREGUNTO @lopezdoriga ¿ QUE HARIAS SI ALGUIEN QUIERE ENTRAR A FUERZAS EN TU CASA?= TE DEFIENDES, PERO LO QUE TU DEFIENDES Y INCITAS ES UNA AGRESION A LA SOBERANIA DE UN PAIS",mx,0,2,17,0,0,0,0,0,0,yo me pregunt [user] que hari si algui quier entrar a fuerz en tu cas te defiend per lo que tu defiend y incit es una agresion a la soberani de un pais
9bdde04c6490290e64735e74d276da37,venezuela,0,"@eldiariodedross dandole fav a este pseudo periodista de 8va, escoria social . Me estas dando mucho asco.",mx,0,0,0,0,0,0,0,0,0,[user] dandol fav a este pseud period de 8va escori social me estas dand much asco
780fc55d9f39475f4cc6dd8c79d1c7e1,venezuela,0,"Idiota venezolano , tan mal estás enterado de la vida actual en Mexico que crees que lambisconear al #Panazi es bueno",mx,0,0,0,0,0,0,0,0,0,idiot venezolan tan mal estas enter de la vid actual en mexic que cre que lambiscon al panazi es buen
7a5b5b8c9e0e8c4cff5fdc2dab8f742a,venezuela,0,"Que poca madre, lo único Maduro que tiene es la mierd... Que tiene por cesos en la cabezota",mx,0,0,0,0,0,0,1,0,1,que poc madr lo unic madur que tien es la mierd que tien por ces en la cabezot
f63b0650c5c556919c6bd43769cd5056,venezuela,0,"Y será imparcial también ver morir de hambre a niños, y a hombres y mujeres también por la falta de medicamentos? Al final el que sufre es el pueblo, he estado en Venezuela, tengo amigos entrañables ahí y sé lo que están viviendo.Una acción así es como lo dijeron ya ""inhumano"" 😭",mx,0,1,0,1,0,0,0,2,0,y ser imparcial tambien ver mor de hambr a niñ y a hombr y mujer tambien por la falt de medicament al final el que sufr es el puebl he estad en venezuel teng amig entrañ ahi y se lo que estan viv una accion asi es com lo dijeron ya inhuman cara_llorando_fuert
6d13851a6592fb20f40fc488f864e68c,venezuela,0,Que le vaya a pedir chichi a Trump,mx,0,0,0,0,0,0,0,0,0,que le vay a ped chichi a trump
a9f80256f0d67b3ae6af7d609d151396,venezuela,0,Todo está puesto para que como siempre los gabachos entren con la muerte detrás inventen cuanta madre y al final se apoderen del petróleo. Fin de la historia,mx,0,0,0,0,0,0,0,0,0,tod esta puest par que com siempr los gabach entren con la muert detras invent cuant madr y al final se apoder del petrole fin de la histori
43604c1881ae2a9db7a825b5dc94a83c,venezuela,0,"A Obrador hay que colgarlo de los huevos!!!, pero a la de ya!!!!, debemos acabar con el ya!!!",mx,10,0,0,0,0,0,3,0,0,a obrador hay que colg de los huev per a la de ya deb acab con el ya
b9ed412d0f73becd8432ab79cd9d0161,venezuela,0,@AccionNacional directo a perder su registro en las próximas elecciones.,mx,0,0,0,0,0,0,0,0,0,[user] direct a perd su registr en las proxim eleccion
d66ee843314b54921d91266de866885b,venezuela,0,"Viejo, no sea arguendero, informe no desinforme como suele.",mx,0,0,0,0,0,2,0,0,0,viej no sea arguender inform no desinform com suel
66b314a2a5fbf3000305ef57da6d3020,venezuela,0,PINCHES PEDORROS ASI PEDIAN POR LOS HUACHICOLEROS TAMBIEN Y NO TARDAN EN PEDIR POR LOS SECUESTRADORES Y EL CRIMEN ORGANIZADO JUAR JUAR JUAR YO NO SE COMO NO VAMOS Y LOS SACAMOS YA DE LOS PELOS A LA CHINGADA A TODOS !,mx,1,0,26,0,0,3,0,0,0,pinch pedorr asi pedi por los huachicoler tambi y no tard en ped por los secuestr y el crim organiz juar juar juar yo no se com no vam y los sac ya de los pel a la ching a tod
4c01dba5d8a4d315751769e206b46557,venezuela,0,Vaya que se tiene que estar bien pinche loco para que @NicolasMaduro comenta estas estupideces.,mx,0,0,0,0,0,0,0,0,0,vay que se tien que estar bien pinch loc par que [user] coment estas estupidec
abc1dab9b09c72b718e30fc12dadbcc8,venezuela,0,El negarse a perder el poder este dictador no tiene madre,mx,0,0,0,0,0,1,0,0,0,el neg a perd el pod este dictador no tien madr
1967bf1cfaf80bfaaf473601b10e984a,venezuela,0,Jajaja y tu nieve de que sabor,mx,0,0,0,0,0,0,0,0,0,jajaj y tu niev de que sabor
5b7576fedb3c1cb06068c4fb47c9a1f1,venezuela,0,Fake! No fue la policía de Maduro! Se quemaron del lado Colombiano!,mx,3,0,0,0,0,1,0,0,0,fak no fue la polic de madur se quem del lad colombian
14fc463b46f854c40ff3a9af6172a526,venezuela,0,"Los chairos muy enojados porque un activista venezolano esta pidiendo apoyo a los senadores, la ignorancia no tiene limites entre los fanáticos, están bien tontos. Sigo en lo dicho, la más grande habilidad de AMLO es la de encantar burros nivel Dios. . . Chairos a sus maroma !!",mx,2,0,1,0,0,1,0,0,0,los chair muy enoj porqu un activ venezolan esta pid apoy a los senador la ignor no tien limit entre los fanat estan bien tont sig en lo dich la mas grand habil de amlo es la de encant burr nivel dios chair a sus marom
330a98965242c8b1d6462d8f0d13bd32,venezuela,0,Debe de actuar el mundo entero. Ese hombre está loco,mx,0,0,0,0,0,0,0,0,0,deb de actu el mund enter ese hombr esta loc
69ddee5bdc9f699c858aeed43f6cbf8a,venezuela,0,"Lo único que van a lograr, es que terminen apoyando a Maduro,  ese pobre Venezolano no tiene idea de lo que representa el PAN.",mx,0,0,1,0,0,1,0,0,0,lo unic que van a logr es que termin apoy a madur ese pobr venezolan no tien ide de lo que represent el pan
f9e390691e40fafbebeddfb623070203,venezuela,0,Esto no es terrorismo? @rompevidrios,mx,0,1,0,0,0,1,0,0,0,esto no es terror [user]
2bca908921bc9e98964463a4e20926f8,venezuela,0,Que se vayan ellos apoyar allá. Y dejen aquí de molestar los pianistas. Sería bueno que de esa forma ayudarán a Venezuela y de paso a México. Larguense panistas,mx,0,0,0,0,0,0,0,0,0,que se vay ellos apoy alla y dej aqu de molest los pianist ser buen que de esa form ayud a venezuel y de pas a mexic larguens panist
cdaf025f8fdf239263b0613ab8323324,venezuela,0,"ah! chinga y a esos del @AccionNacional porque toman el senado para escuchar a mendigos alborotadores? por que no mejor buscan como solucionar los pedos de la corrupcion, del huachicol, del; narco? te quieren ver la cara de pendejo! a chingar a su madre los venezolanos en mexico",mx,2,2,0,0,0,1,0,0,0,ah ching y a esos del [user] porqu tom el sen par escuch a mendig alborot por que no mejor busc com solucion los ped de la corrupcion del huachicol del narc te quier ver la car de pendej a ching a su madr los venezolan en mexic
7af01eb4fe19707553cf2a53a94009ca,venezuela,0,"Al dictador sólo le importa mantenerse en el poder a cualquier precio sin importar la vida de los venezolanos. Siempre terminan así, atrincheradas, las dictaduras comunistas. Nicolás Maduro, Diosdado Cabello y demás sátrapas deberán pagar por sus crímenes.",mx,0,0,0,0,0,1,0,0,0,al dictador sol le import manten en el pod a cualqui preci sin import la vid de los venezolan siempr termin asi atrincher las dictadur comun nicolas madur diosd cabell y demas satrap deb pag por sus crimen
77c42b4160231594b91c1497d23ba67d,venezuela,0,"Que asco de fanaticos arrastrados son ustedes, morenacos bineuronales! Ahora si, muy exigentes en cuanto a respetar la ley y su maldito presi-ganso cansado a capricho que se le ocurre ¡se la pasa por el arco del triunfo! #DobleMoral",mx,3,0,0,0,0,0,0,0,0,que asco de fanat arrastr son usted morenac bineuronal ahor si muy exigent en cuant a respet la ley y su maldit presi gans cans a caprich que se le ocurr se la pas por el arco del triunf doblemoral
5e2f5b5386c08334cb9cf4e9b8091401,venezuela,0,"Que dirán ahora @lopezobrador_ @Dolores_PL @fernandeznorone y todos los morenistas, q van a decir q venían caducas q es prensa fifi, se metieron con la ayuda humanitaria, medicinas y comida. Q triste ser el único país ""democrático"" q apoya a @NicolasMaduro #FueraMaduroDictador",mx,0,0,0,0,0,0,0,2,0,que diran ahor [user] [user] [user] y tod los moren q van a dec q ven caduc q es prens fifi se met con la ayud humanitari medicin y com q trist ser el unic pais democrat q apoy a [user] fueramadurodict
9295c74173e45c41baa922994ab4ea0e,venezuela,0,"Gracias ticher...que un presstituto de categoría como tú lo diga, solo confirma que es una mentira absoluta.  Nunca dejes de ser la mierda corrupta que eres.",mx,0,0,0,0,0,1,1,0,1,graci tich que un presstitut de categor com tu lo dig sol confirm que es una mentir absolut nunc dej de ser la mierd corrupt que eres
aa00197988730efa939e88fd4612ef17,venezuela,0,SIGUES SIENDO GRANDE FIDEL CASTRO. ESTOS GUSANOS VENEZOLANOS NO TIENEN LOS TAMANOS QUE TU TENIAS PARA DEFENDER A SU PAIS,mx,0,0,16,0,0,1,0,0,0,sig siend grand fidel castr estos gusan venezolan no tien los taman que tu teni par defend a su pais
df0a41c912013d5c337a15cae58a42d8,venezuela,0,"Vas a sentir el rigor que sintió en aquel entonces Noriega de Panamá, ahí se los dejo de tarea y nadie meterá las manos!!",mx,2,0,0,0,0,1,0,0,0,vas a sent el rigor que sint en aquel entonc norieg de panam ahi se los dej de tare y nadi met las man
efa35cb6b18827e295fbd307406b453f,venezuela,0,Es un hijo de puta,mx,0,0,0,0,0,0,0,0,0,es un hij de put
6cf5614ab1c4d8bcfceb0db3b109a161,venezuela,0,Pero los quemaron en territorio Colombiano ¿como es posible que la policia de maduro cruzó la frontera para quemar los camiones?,mx,0,2,0,0,0,0,0,0,0,per los quem en territori colombian com es posibl que la polici de madur cruz la fronter par quem los camion
d02ae712f1ec563cbfba649bcd93734c,venezuela,0,Este señor no tiene que venir a pedir nada. Y no es porque seamos insensibles; no dudo que en breve lo veamos pidiendo a Trump que invada su país. México tiene sus propios problemas... como lidiar con el PAN. 🙄,mx,0,0,1,1,0,4,1,0,1,este señor no tien que ven a ped nad y no es porqu seam insens no dud que en brev lo veam pid a trump que invad su pais mexic tien sus propi problem com lidi con el pan cara_con_ojos_en_blanc
bee2498e371472c0ccf9c7b50423631d,venezuela,0,"Y si ves la transmisión en vivo en lugar del twitter, checas, analizas y nos das tu sentencia 😜",mx,0,0,0,1,0,0,0,0,0,y si ves la transmision en viv en lug del twitt chec analiz y nos das tu sentenci cara_sacando_la_lengua_y_guiñando_un_oj
c487820cfd6ae9b1dd73cb6a73587a72,venezuela,0,"Si seguramente, tu estabas reporteando, pareces estúpido, el camión fue quemado en el lado colombiano,  ?  la policia venezolana entró en territorio colombiano?  y le prendió fuego?, en Twitter hay muchos borregos, te creía listo.",mx,0,3,0,0,0,0,0,0,0,si segur tu estab report parec estup el camion fue quem en el lad colombian la polici venezolan entro en territori colombian y le prend fueg en twitt hay much borreg te cre list
61b9a5de1b2d6cf91b80f50dd6311924,venezuela,0,"Ven que la perra es brava, y le patean el portón!!",mx,2,0,0,0,0,0,0,0,0,ven que la perr es brav y le pat el porton
1d1ccf026b6fa214df533ace557d7156,venezuela,0,"Cómo Venezuela?? Y por qué no como China, Sudáfrica, La india,Rusia países emergentes. O como los países escandinavos que también son socialista?? No me quieras vender la propaganda barata del tema Venezuela, eleva tú nivel de debate por favor.",mx,0,4,0,0,0,2,0,0,0,com venezuel y por que no com chin sudafr la indi rusi pais emergent o com los pais escandinav que tambien son social no me quier vend la propagand barat del tem venezuel elev tu nivel de debat por favor
886eb9a5bc98ab4b4bb87c7b1fbd6447,venezuela,0,"Y siguen con lo mismo. Que parte de que México no intervendrá en la situación política de otros países no se entendió. El chiste es intentar meter en la cabeza del pueblo mexicano que se debe intervenir, sin embargo, estos senadores no han tomado en cuenta que nadie los escucha.",mx,0,0,0,0,0,5,0,0,0,y sig con lo mism que part de que mexic no intervendr en la situacion polit de otros pais no se entend el chist es intent met en la cabez del puebl mexican que se deb interven sin embarg estos senador no han tom en cuent que nadi los escuch
a9830497bbda4c60adcf841d8f6bf79e,venezuela,0,Mejor habiente una bomba al pais,mx,0,0,0,0,0,0,0,0,0,mejor habient una bomb al pais
7866b99c7917a9aa93222330fc6b1dc9,venezuela,0,"Según Patricia Poleo, Lorent es un infiltrado del régimen de Maduro. Ojalá todos los infiltrados se comportaran de esa manera.",mx,0,0,0,0,0,0,0,0,0,segun patrici pole lorent es un infiltr del regim de madur ojal tod los infiltr se comport de esa maner
ebd7780392d278c4bba43b60506eac79,venezuela,0,"Sabes que esa ""ayuda humanitaria"" va en contra de lo acordado por la ONU, OMS, ACNUR, UNICEF y demás? La ayuda humanitaria debe ser imparcial y por eso estos organismos lo han criticado, pero aún así tanto a Colombia y a EEUU les da igual eso. Y a vosotros también",mx,0,1,5,0,0,0,0,2,0,sab que esa ayud humanitari va en contr de lo acord por la onu oms acnur unicef y demas la ayud humanitari deb ser imparcial y por eso estos organ lo han critic per aun asi tant a colombi y a eeuu les da igual eso y a vosotr tambien
e7704b8965220dbeb363fc88352945e3,venezuela,0,¿Lider venezolano?... #ElReformaTodoLoDeforma @LORENT_SALEH es un terrorista,mx,0,2,0,0,0,0,1,0,1,lid venezolan elreformatodolodeform [user] es un terror
37f51a665f91ea91502ea27a2e7876dc,venezuela,0,#23Feb Solo unos CRIMINALES pueden quemar medicinas y alimentos para venezolanos desnutridos por culpa de un régimen INDOLENTE. ¡SON UNOS DELINCUENTES! #23AvalanchaHumanitaria,mx,2,0,5,0,0,0,0,0,0,23feb sol unos criminal pued quem medicin y aliment par venezolan desnutr por culp de un regim indolent son unos delincuent 23avalanchahumanitari
e045a70c5ebf176205a2dfc1ada2666c,venezuela,0,"Hay que sacar a la fuerza a Maduro,como la rata que es.",mx,0,0,0,0,0,0,0,0,0,hay que sac a la fuerz a madur com la rat que es
600ca23b90aef5115021ddfe964eeb77,venezuela,0,Asco de panistas y plañidero extranjero.,mx,0,0,0,0,0,0,0,0,0,asco de panist y plañider extranjer
c1e9295db8da6e37576d656c9b76adbf,venezuela,0,El y el ejercito que esta contra venezolanos,mx,0,0,0,0,0,0,0,0,0,el y el ejercit que esta contr venezolan
b7d779f6534441ff63ff601886a1fbaf,venezuela,0,Tiene los mismos asesores publicitarios que el peje,mx,0,0,0,0,0,0,0,0,0,tien los mism asesor publicitari que el pej
7ee45b53dcc79d06f294a5bef0aa2b39,venezuela,0,Jajajaja! Aquí no queremos venezolanos,mx,1,0,0,0,0,1,0,0,0,jajajaj aqu no quer venezolan
1f7ace66773d9c27ed9ce19cbc9b2226,venezuela,0,AMLO ve para que hagas lo mismo al rato... solo aprendes malas mañas,mx,0,0,1,0,0,0,1,0,1,amlo ve par que hag lo mism al rat sol aprend mal mañ
30609aba088f24557c683c5e52a539a4,venezuela,0,Venezuela libre fuera maduro,mx,0,0,0,0,0,0,0,0,0,venezuel libr fuer madur
b1bc9934ed99725495bbe3056b0aa161,venezuela,0,"Hay que lidiar con la basura prianista, periodicos mercenarios, corrupcion, pobreza, delincuencia organizada, y un largo etc. Antes de permitir que vengan extrajeros a dictar la politica exterior del pais bajo el cobijo de la oposicion que aun no se entera que mexico desperto.",mx,0,0,0,0,0,1,0,0,0,hay que lidi con la basur prianist period mercenari corrupcion pobrez delincuent organiz y un larg etc antes de permit que veng extrajer a dict la polit exterior del pais baj el cobij de la oposicion que aun no se enter que mexic despert
d6e133184b56990dd4e01e93f6e4fd4a,venezuela,0,Esos Panazis van directo a su extinción,mx,0,0,0,0,0,0,0,0,0,esos panazis van direct a su extincion
bed7512d880cbba7014c003de443c7ed,venezuela,0,Seguro habrá quién le aplauda en sus conferencias y quiera fotos con el. No se porqué se me hace conocido ese patrón de actitudes.,mx,0,0,0,0,0,1,0,0,0,segur habr quien le aplaud en sus conferent y quier fot con el no se porqu se me hac conoc ese patron de actitud
2e0fd907b6d3be42c194f7d55bd71578,venezuela,0,@LOREN_SALETH No entiende que el pueblo de México esta a favor de la no intervenvcion en los asuntos internos de las naciones. El respeto al derecho ajeno es la paz. Suficiente tenemos como para meternos en más problemas. EU solo quiere su petróleo no les va apoyar de a gratis!!,mx,2,0,0,0,0,3,0,0,0,[user] no entiend que el puebl de mexic esta a favor de la no intervenvcion en los asunt intern de las nacion el respet al derech ajen es la paz suficient ten com par met en mas problem eu sol quier su petrole no les va apoy de a gratis
7fb50bbf3cfee47e45038aed968362af,venezuela,0,PRIANISTAS. Creadores de las bandas criminales en Mexico. Causantes de miles de muertos. Les preocupa más Venezuela!,mx,1,0,1,0,0,0,0,0,0,prianist creador de las band criminal en mexic causant de mil de muert les preocup mas venezuel
39623f68864f2ce436d8ae33a06d7fca,venezuela,0,"Fuerzas especiales deben abatirlo, está firmando su muerte.",mx,0,0,0,0,0,0,0,0,0,fuerz especial deb abat esta firm su muert
9b216083e9ab5417cff30ab830ad2573,venezuela,0,"Que el @INEMexico le debería de quitar el registro al @AccionNacional por violar la constitución... Digo, si le importa 😌",mx,0,0,0,1,0,0,1,0,1,que el [user] le deb de quit el registr al [user] por viol la constitu dig si le import cara_de_alivi
4702c59754ba2d6c877f584a7831fe33,venezuela,0,Y cómo se quema un camión así con bombas lacrimógenas? 🤔 vaya que tu ignorancia nubla tu labor de periodista.,mx,0,1,0,1,0,0,0,0,0,y com se quem un camion asi con bomb lacrimogen cara_pens vay que tu ignor nubl tu labor de period
4643c8f45196dd7fd30de16b0d19e5ae,venezuela,0,Vaya vaya piden el apoyo a un golpe de estado. Pero no me sorprende andaban con camisas de killary,mx,0,0,0,0,0,1,0,0,0,vay vay pid el apoy a un golp de estad per no me sorprend andab con camis de killary
a8281795064bd04192abead9b065e1ed,venezuela,0,Que se larguen los de morena y sus chairos huevones,mx,0,0,0,0,0,0,0,0,0,que se larg los de moren y sus chair huevon
698c82b327ca8e72b0706b8948add233,venezuela,0,"No mientas maldito! Como siempre ya se desmintió y se demostró que fue una auto provocació, afortunadamente la gente nos informamos de fuentes serias no de ti",mx,1,0,0,0,0,2,0,0,0,no mient maldit com siempr ya se desmint y se demostr que fue una aut provocac afortun la gent nos inform de fuent seri no de ti
bb5ba65e4f85cabb96234a89cfb4c7bb,venezuela,0,"Ajá. Y seguro es por que el gobierno no quieren que vivan bien sus ciudadanos. De eso, nada tiene que ver el bloqueo económico que les ha impuesto EEUU y otros países para y luego manda ""ayuda humanitaria"" para hacer creer que son los buenos de la película.",mx,0,0,1,0,0,2,0,2,0,aja y segur es por que el gobiern no quier que viv bien sus ciudadan de eso nad tien que ver el bloque econom que les ha impuest eeuu y otros pais par y lueg mand ayud humanitari par hac cre que son los buen de la pelicul
7aba0ec2510ae847e00d764b9e3d732a,venezuela,0,"Ya me imagino sus caras en unos añoa cuando salga a la luz claramente sus intenciones de desetabilizar a su pais de los panistas diciendo, yo solo lo acompañe pero no es mi amigo, ni lo conozco jajaja siempre les pasa",mx,0,0,0,0,0,2,0,0,0,ya me imagin sus car en unos año cuand salg a la luz clar sus intencion de desetabiliz a su pais de los panist dic yo sol lo acompañ per no es mi amig ni lo conozc jajaj siempr les pas
f5968c67be9cd9b15ce5ae066027a2d4,venezuela,0,"¿Sabías que esa misma estirpe conservadora que entregó nuestro territorio y hoy nuestras riquezas naturales, fue la misma que trajo la intervención francesa para que nos gobernara? Ten tantita madre y no vengas a insultarnos con tu hipocresía, hijo de tu chingada madre. ¡Púdrete!",mx,2,2,0,0,0,1,0,0,0,sab que esa mism estirp conserv que entreg nuestr territori y hoy nuestr riquez natural fue la mism que traj la intervencion frances par que nos gobern ten tantit madr y no veng a insult con tu hipocres hij de tu ching madr pudret
00c93a0d720bed76fb53114de670d380,venezuela,0,Y que chingados tenía que hacer un extranjero en el Senado? A mí y a mil millones de chinos nos valen madres sus reniegos,mx,0,1,0,0,0,0,0,0,0,y que ching ten que hac un extranjer en el sen a mi y a mil millon de chin nos val madr sus renieg
ffc2ad18009e23621fbb472b14526052,venezuela,0,"Esa es la doble moral de las dictaduras izquierdistas, cometen delito impunemente y después todo sus organismos propagandisticos empiezan a mentir y manipular los hechos. No hay lugar a esto crímenes de lesa humanidad, no se puede ser insensible quemando ka ayuda humanitaria",mx,0,0,0,0,0,2,0,0,0,esa es la dobl moral de las dictadur izquierd comet delit impun y despues tod sus organ propagandist empiez a ment y manipul los hech no hay lug a esto crimen de les human no se pued ser insens quem ka ayud humanitari
ed0ecbe77f12003977d0246750cc1e10,venezuela,0,"En Venezuela lo que quieren es el PETRÓLEO, no les importa la gente que no entiendes, por que no van a HAITÍ HAY SI NECESITAN AYUDA PERO COMO NO HAY PETRÓLEO NADIE LOS AYUDA!!!!!",mx,5,0,12,0,0,5,1,0,0,en venezuel lo que quier es el petrole no les import la gent que no entiend por que no van a hait hay si necesit ayud per com no hay petrole nadi los ayud
08c044e7efc250065a44edfc8bf17045,venezuela,0,Y opinó o dijo algo que se tome como intromisión?,mx,0,1,0,0,0,0,0,0,0,y opin o dij algo que se tom com intromision
0dd48f28421410b747fab9511f5582d8,venezuela,0,"O si quieres te mando un comunicado y te juro que estoy al frente de la batalla, es importante checar varias fuentes",mx,0,0,0,0,0,0,0,0,0,o si quier te mand un comunic y te jur que estoy al frent de la batall es import chec vari fuent
5e66af4c2d220214b402b06720e07f34,venezuela,0,"El PAN, más interesado en Venezuela que en México.",mx,0,0,1,0,0,0,0,0,0,el pan mas interes en venezuel que en mexic
0bd6efea1f02a93f7a6072fa2597753b,venezuela,0,"Primero habría que ver de qué lado están los camiones incendiados... después tratar de averiguar quién les prendió fuego, y finalmente, ¿de cuándo acá un tercer gobierno (Colombia) puede forzar a otro (Venezuela) a dejar ingresar algo a su frontera?",mx,0,2,0,0,0,0,1,0,1,primer habr que ver de que lad estan los camion incendi despues trat de averigu quien les prend fueg y final de cuand aca un terc gobiern colombi pued forz a otro venezuel a dej ingres algo a su fronter
7cb7ff1c6fd761f2fae623a4cb83495a,venezuela,0,"Que desgracia, estamos totalmente invadidos, con las tácticas del régimen cubano más infames, se pone en manifiesto la crueldad. Seguiremos adelante. presidente Guaidó",mx,0,0,0,0,0,0,0,0,0,que desgraci estam total invad con las tactic del regim cuban mas infam se pon en manifiest la crueld segu adel president guaid
edfcaf8e16af26aeb836d653ecd9bd22,venezuela,0,"Hazme el favor, a lo que se ha llegado",mx,0,0,0,0,0,0,0,0,0,hazm el favor a lo que se ha lleg
78c31f356368c8295a210f1b6d07bfec,venezuela,0,El gobierno mexicano no tiene porque condenar o apoyar a un gobierno extranjero..no es facultad del Estado mexicano,mx,0,0,0,0,0,2,0,0,0,el gobiern mexican no tien porqu conden o apoy a un gobiern extranjer no es facult del estad mexican
bf5e5b8903e5187cd6016d0b549c3a05,venezuela,0,"@Reforma , te falto decir que el mismo se autoproclama terrorista.",mx,0,0,0,0,0,0,0,0,0,[user] te falt dec que el mism se autoproclam terror
a5efb06216f79000b252760ca8f829ee,venezuela,0,"Usted fué el que dijo que en su vida ha visto un mercado así, esos son 18 años. Cuantos años tiene Maduro en el poder? 😒",mx,0,1,0,1,0,0,0,0,0,usted fue el que dij que en su vid ha vist un merc asi esos son 18 años cuant años tien madur en el pod cara_de_desaprob
91d69a9def77da89eb2ce9fcfd6c24ab,venezuela,0,"Chayotero centavero mejor que quiten sanciones y se acaba el problema de desabasto de alimentos y medicinas, por unos pesos no fomentes un baño de sangre, como Irak, Libia Siria.",mx,0,0,0,0,0,1,0,0,0,chayoter centaver mejor que quit sancion y se acab el problem de desabast de aliment y medicin por unos pes no foment un bañ de sangr com irak libi siri
60165a6377297229a0eeed059c3fb2aa,venezuela,0,DE TI DEPENDE HIENA @NicolasMaduro QUE VENEZUELA NO SE CONVIERTA EN OTRO VIETNAM ENTIENDE LA GENTE DE VENEZUELA TE QUIERE FUERA RENUNCIA ASQUEROSO ASESINO,mx,0,0,15,0,0,1,0,0,0,de ti depend hien [user] que venezuel no se conviert en otro vietnam entiend la gent de venezuel te quier fuer renunci asquer asesin
5aab513636591fc805b8e36b3a689b50,venezuela,0,Qué le den cran es la única forma MUERTO EL PERRO SE ACABO LA RABIA,mx,0,0,4,0,0,0,0,0,0,que le den cran es la unic form muert el perr se acab la rabi
62188f92f80ef25564f2f37091aaf315,venezuela,0,"Infeliz que tragedia, maduro debe irse ya y sus militares deben ser colgados, terrible bloquear ayuda humanitaria",mx,0,0,0,0,0,0,0,0,0,infeliz que tragedi madur deb irse ya y sus militar deb ser colg terribl bloqu ayud humanitari
c841dd172710d92da0d06fc6e4101a33,venezuela,0,Y su nieve de que la quieren????,mx,0,4,0,0,0,0,1,0,0,y su niev de que la quier
a2cc4eb385d4ae48d8a9e297bf3212c3,venezuela,0,"Lo peor d todo es q el PAN está utilizando el tema de Venezuela únicamente para intereses propios. Les urge construirse una imagen d ""justicieros"" haciendo a un lado la constitución mexicana y nuestra política de no intervención. @AlfredoJalifeR_ @tatclouthier @DrLorenzoMeyer",mx,0,0,1,0,0,1,0,2,0,lo peor d tod es q el pan esta utiliz el tem de venezuel unic par interes propi les urge constru una imag d justicier hac a un lad la constitu mexican y nuestr polit de no intervencion [user] [user] [user]
5a94b296495ee136e6a6671f0e816198,venezuela,0,"Éstos cretinos senadores del PAN, les importa un bledo violar el artículo 33 de la ley reglamentaria, con tal de llamar la atención, están jodidos!",mx,1,0,1,0,0,0,0,0,0,estos cretin senador del pan les import un bled viol el articul 33 de la ley reglamentari con tal de llam la atencion estan jod
4c7039679f67be2678eb3043df083add,venezuela,0,"Pues donde vives hijo..  Digo yo tengo 3 amistades que viven allá y el desbasto me dicen que es mental! Que está caro por su amiguito trump, pero desabasto no hay.",mx,1,0,0,0,0,1,0,0,0,pues dond viv hij dig yo teng 3 amistad que viv alla y el desbast me dic que es mental que esta car por su amiguit trump per desabast no hay
5f51bdd3fbcbd8c674ac5e77f86e5b92,venezuela,0,A él le gusta la inywrvencion Cubana desde hace tiempo.,mx,0,0,0,0,0,0,0,0,0,a el le gust la inywrvencion cuban desd hac tiemp
a1b2a59bc79b319193c4f6244f19c5dc,venezuela,0,"Arropado por los que se robaron la presidencia en el 2006, los que endeudaron al país, y los que bañaron de sangre a México. De ahí el rechazo. #FueraDeMexicoLorentSaleh",mx,0,0,0,0,0,0,0,0,0,arrop por los que se rob la president en el 2006 los que endeud al pais y los que bañ de sangr a mexic de ahi el rechaz fuerademexicolorentsaleh
ea4fc2ecdb9883c46f0e4efbc03ddf84,venezuela,0,"Bien hecho por el presidente @NicolasMaduro, porque si los mercenarios llegan en forma de ""ayuda humanitaria"", entonces entran y si entran, entonces ganan. Que EEUU regrese los 30 mil mdd que le birló al gobierno de Venezuela.",mx,0,0,1,0,0,0,0,2,0,bien hech por el president [user] porqu si los mercenari lleg en form de ayud humanitari entonc entran y si entran entonc gan que eeuu regres los 30 mil mdd que le birl al gobiern de venezuel
ccdca6d88e3da91c924266a61577b58b,venezuela,0,"Vaya se a la goma, malditos traidores. Y el otro que parece que no viene a pedir, parece que viene a exigir, pues qué pedo? En que mundo estamos? Creen que seguimos en prianrdilleralandia?",mx,0,3,0,0,0,1,0,0,0,vay se a la gom maldit traidor y el otro que parec que no vien a ped parec que vien a exig pues que ped en que mund estam cre que segu en prianrdilleralandi
d5cba61b29f16ccc77db52c5945d3b42,venezuela,0,"¿Líder venezolano? Escuché en una entrevista que está en la política desde 2017, 2 años y ya es líder venezolano?",mx,0,3,0,0,0,0,0,0,0,lid venezolan escuch en una entrev que esta en la polit desd 2017 2 años y ya es lid venezolan
17943d8642071656235fdb18cd876735,venezuela,0,"EL QUE SE METE EN COSAS DE HOMBRES . QUE SE FAJE COMO HOMBRE ,,,",mx,0,0,8,0,0,0,1,0,0,el que se met en cos de hombr que se faj com hombr
dfe8c5e794d210a23a444c1b543006f7,venezuela,0,"Llegó al senado a ""intervenir y hacer injerencia"" (sic) en los asuntos de un país soberano. Es decir, vino a cometer un delito, así lo expresó literalmente, y los panistas le abrieron la puerta del Senado.",mx,0,0,0,0,0,0,0,2,0,lleg al sen a interven y hac injerent sic en los asunt de un pais soberan es dec vin a comet un delit asi lo expres literal y los panist le abrieron la puert del sen
f86ef4a1d68b5d8725b2768966a94cd7,venezuela,0,Que poca tienen los panistas si fuera por ellos propondrán a fox o a Calderón para ir a gobernar Venezuela,mx,0,0,0,0,0,0,0,0,0,que poc tien los panist si fuer por ellos propondran a fox o a calderon par ir a gobern venezuel
8ce15af95a8211c5bd2244a978dbc90e,venezuela,0,Si que lo avalen y de paso les damos PEMEX a los gringos que tanto defienden los DDHH.,mx,0,0,2,0,0,0,0,0,0,si que lo aval y de pas les dam pemex a los gring que tant defiend los ddhh
43582b3cb4da5c79935e67080ded565c,venezuela,0,Fue en Colombia. Lo hicieron para crear la mala percepción.,mx,0,0,0,0,0,0,0,0,0,fue en colombi lo hic par cre la mal percepcion
ff6f96e42023b4ce315e650baa4310ea,venezuela,0,"Lástima Margarita, te vas a chi&amp;%$, a tu madre, si fueras un presidente legítimo tal vez te apoyaría la gente pero eres un Dictador.",mx,0,0,0,0,0,0,0,0,0,lastim margarit te vas a chi amp a tu madr si fuer un president legitim tal vez te apoy la gent per eres un dictador
3fa890d792f6a46f01e13f7fece48cc3,venezuela,0,Los panistas que dejaron un panteón de mexicanos no tienen calidad moral para querer apoyar a otro país  ..@AccionNacional  una vergienza un partido tan fraccionado se siga haciendo chiquito con estas posiciones..,mx,0,0,0,0,0,1,0,0,0,los panist que dej un panteon de mexican no tien calid moral par quer apoy a otro pais [user] una vergienz un part tan fraccion se sig hac chiquit con estas posicion
927ff01998dae4ae6d9c4b0e08f1eeb6,venezuela,0,"Que nos importa Venezuela, Mexico tiene muchas cosas que resolver, no creen, y si quieren ayudar a la gente vayan a la sierra de Chihuahua o la gente de campesinos como buenos Mexicanos",mx,0,0,0,0,0,1,0,0,0,que nos import venezuel mexic tien much cos que resolv no cre y si quier ayud a la gent vay a la sierr de chihuahu o la gent de campesin com buen mexican
b608d1a4cfefba29b2e26e2856fb2ac1,venezuela,0,Esto es lo que apoya @Gustavopetro @Pablo_Iglesias_ @evoespueblo @DiazCanelB @RaulCastroR #NoMasSocialistas #NoMasCrimen,mx,0,0,0,0,0,0,0,0,0,esto es lo que apoy [user] [user] [user] [user] [user] nomassocial nomascrim
97dd3983d197063f5606620e56fc1c6d,venezuela,0,No me salgan con que México respeta a otros países y no interviene en política exterior.... No ..... Ese estúpido sentir es de Obrador y su camarilla socialista nunca será la opinión de la mayoría de los mexicanos y del mundo entero es cuestión de humanidad....,mx,0,0,0,0,0,4,3,0,3,no me salg con que mexic respet a otros pais y no intervien en polit exterior no ese estup sent es de obrador y su camarill social nunc ser la opinion de la mayor de los mexican y del mund enter es cuestion de human
6d1a0001628c7feb9ee57555023a5a12,venezuela,0,"Al carajo el tipo, suficiente tenemos restableciendo el orden en Mexico como para recibir revoltosos agitadores y que se entrometan en la politica!",mx,1,0,0,0,0,0,0,0,0,al caraj el tip suficient ten restablec el orden en mexic com par recib revolt agit y que se entromet en la polit
68e54bf25df7ee748219ab7a152e25fd,venezuela,0,Mentira los quemaron  en suelo colombiano y fueron los expertos en falsos positivos.,mx,0,0,0,0,0,0,0,0,0,mentir los quem en suel colombian y fueron los expert en fals posit
fbae92c37e33d74884c0fa06e7da2c09,venezuela,0,Muy mal el PAN queriendo sacar    Provecho de los problemas dé Venezuela y MORENA insultando a las victimas. Nuestra clases política da pena,mx,0,0,2,0,0,0,1,0,0,muy mal el pan quer sac provech de los problem de venezuel y moren insult a las victim nuestr clas polit da pen
47fad9667007d6d137639e12c253a722,venezuela,0,Aquí predicamos  la no intervención y la autodeterminación de los pueblos. Nada mas.,mx,0,0,0,0,0,2,0,0,0,aqu predic la no intervencion y la autodetermin de los puebl nad mas
ee95717191fd3f6fce2e15da128ff684,venezuela,0,Pues que le digan a su Presidente que los apoye. Al fin ellos son mayoría 😁😂,mx,0,0,0,2,0,0,0,0,0,pues que le dig a su president que los apoy al fin ellos son mayor cara_radiante_con_ojos_sonrient cara_llorando_de_ris
fd4c2d846d866ea8b9287970ac16fc4e,venezuela,0,Ya se descubrió el SHOW de Guaido informate andas atrasado de noticias.,mx,0,0,1,0,0,0,0,0,0,ya se descubr el show de gua informat andas atras de notici
76b38b93187aa809c018342143ae925c,venezuela,0,"México tiene un lema muy sagrado, el respeto entre los hombre como entre las naciones es la paz, así ha sido desde Juárez hasta hoy.",mx,0,0,0,0,0,0,0,0,0,mexic tien un lem muy sagr el respet entre los hombr com entre las nacion es la paz asi ha sid desd juarez hast hoy
1c73b75c9e63bc97b678a594295def13,venezuela,0,No se vá porque de antemano sabe que si lo invaden va a morir mucha gente inocente como en los paises Arabes y el quedará como victima o mártir.,mx,0,0,0,0,0,1,0,0,0,no se va porqu de anteman sab que si lo invad va a mor much gent inocent com en los pais arab y el qued com victim o mart
06901cede3cd5f25f9c34c4b4ffe0107,venezuela,0,"Que no ponga en riesgo a Venezuela, al desvalido ejército y a su pueblo.... Que por favor se vaya ya, NO va a poder repeler una invasión de liberación y mucha gente puede salir lastimada",mx,0,0,0,0,0,2,1,0,1,que no pong en riesg a venezuel al desval ejercit y a su puebl que por favor se vay ya no va a pod repel una invasion de liber y much gent pued sal lastim
ca09a91a3ff080270d4c5b4199014835,venezuela,0,Y POR  QUÉ ÉL ??  TANTO LIDERES JOVENES BUENO EN VENEZUELA Y SE LLEVAN A UNOS DE LOS PEORCITOS .... EL ES TAN NULO EN LA VIDA,mx,0,2,14,0,0,0,1,0,1,y por que el tant lider joven buen en venezuel y se llev a unos de los peorcit el es tan nul en la vid
e4defa24c4cea61fbd37aa17a00af375,venezuela,0,"Esa ""ayuda humanitaria"" va en contra de lo acordado por la ONU, OMS, ACNUR, UNICEF y demás? La ayuda humanitaria debe ser imparcial y por eso estos organismos lo han criticado, pero aún así tanto a Colombia y a EEUU les da igual eso. Y a vosotros también",mx,0,1,5,0,0,0,0,2,0,esa ayud humanitari va en contr de lo acord por la onu oms acnur unicef y demas la ayud humanitari deb ser imparcial y por eso estos organ lo han critic per aun asi tant a colombi y a eeuu les da igual eso y a vosotr tambien
46854d28e5b35d5ca000538e38a61b9d,venezuela,0,Jand offs  venezuela de inmediati .,mx,0,0,0,0,0,0,0,0,0,jand offs venezuel de inmediati
3e9e6f289395d1000ab50f90927f39cc,venezuela,0,PRESIDENTE HIJO DE PUTA.😡😡😡😡😡😡😡😠😠😠😠😠😠😠,mx,0,0,3,14,0,0,2,0,0,president hij de put cara_cabr cara_cabr cara_cabr cara_cabr cara_cabr cara_cabr cara_cabr cara_enfad cara_enfad cara_enfad cara_enfad cara_enfad cara_enfad cara_enfad
23fcffeb6aa3f2dd732ed358f76d7547,venezuela,0,Muerto el perro se acabó la rabia.,mx,0,0,0,0,0,0,0,0,0,muert el perr se acab la rabi
222e7856039d55f7d1e8ab7ac2011c46,venezuela,0,Si no lo quiere que se vaya,mx,0,0,0,0,0,1,0,0,0,si no lo quier que se vay
301d5c935d9a2e8b5687794f28959559,venezuela,0,"Guaidó y Washington están desesperados por obtener lo que su país y sus acciones antidemocráticas aún no les han concedido: LEGITIMIDAD, su pase para la irrupción de tropas gringas en territorio venezolano.",mx,0,0,1,0,0,1,0,0,0,guaid y washington estan desesper por obten lo que su pais y sus accion antidemocrat aun no les han conced legitim su pas par la irrupcion de trop gring en territori venezolan
281e32b675f70085ad061b593fa059be,venezuela,0,X3. Y tantos años que hice campaña con ellos.,mx,0,0,0,0,0,0,0,0,0,x3 y tant años que hic campañ con ellos
950423128b680553f142e32ed65f7ec3,venezuela,0,Podria ser lo mas vil que se haya visto en latinoamerica???,mx,0,3,0,0,0,0,1,0,0,podri ser lo mas vil que se hay vist en latinoamer
98fde135745440cbbea1c350fc7811a9,venezuela,0,"Y a que hora saldrá @lopezobrador_ a decir que no puede opinar, que estos son situaciones internas de un país? Ya lo veo al vejete evadiendo toda pregunta al respecto.",mx,0,1,0,0,0,1,0,0,0,y a que hor saldr [user] a dec que no pued opin que estos son situacion intern de un pais ya lo veo al vejet evad tod pregunt al respect
3817e1b8f4bd48077ebc96225fe531bd,venezuela,0,"Animo México y el patrón Andrés Manuel López Obrador te apoyamos, hermanos morenos no permitamos la intervención de los Estados Unidos a Venezuela",mx,0,0,0,0,0,1,0,0,0,anim mexic y el patron andres manuel lopez obrador te apoy herman moren no permit la intervencion de los estad unid a venezuel
5cde0833720af6eb8a9eda4654b3dd32,venezuela,0,Que quede claro AMLO y sus fanáticos apoyan a un Dictador por encima de la vida de los venezolanos...,mx,0,0,1,0,0,0,1,0,1,que qued clar amlo y sus fanat apoy a un dictador por encim de la vid de los venezolan
5260fa4619e0ea5567e522cfb911ad30,venezuela,0,"Un acto vil, a la medida de los delincuentes que tienen secuestradas todas las instituciones en Venezuela... El mundo lo vio y quienes apoyan a estos  narcotraficantes también recibirán su castigo",mx,0,0,0,0,0,0,1,0,1,un acto vil a la med de los delincuent que tien secuestr tod las institu en venezuel el mund lo vio y quien apoy a estos narcotraf tambien recib su castig
0cea86a66c1599abc9f3f88f9b0644c9,venezuela,0,"Dale las gracias a las sanciones d la UE,EEUU y los lamebotas del imperialismo yankee",mx,0,0,1,0,0,0,0,0,0,dal las graci a las sancion d la ue eeuu y los lamebot del imperial yanke
721266e42b5220691e353b5f4813041e,venezuela,0,Por que llamas líder venezolano a un terrorista confeso y jactancioso?,mx,0,1,0,0,0,0,0,0,0,por que llam lid venezolan a un terror confes y jactanci
84ee12710d875bcbeb10487c7ca4eff1,venezuela,0,"Eleva tu nivel de estudios y cultura. No tienes ni idea lo que es vivir en socialismo, equivale a vivir sin libertades. En la propaganda de Venezuela cómo tú le llamas la población en promedio ha perdido entre 8 y 15 kg porque el gobierno acabó con el aparato productivo",mx,0,0,0,0,0,3,0,0,0,elev tu nivel de estudi y cultur no tien ni ide lo que es viv en social equival a viv sin libertad en la propagand de venezuel com tu le llam la poblacion en promedi ha perd entre 8 y 15 kg porqu el gobiern acab con el aparat product
afc6da60c25e516fcf5232a9bdafbff0,venezuela,0,Ese muchachito solo esta figurando para ganar un cargo,mx,0,0,0,0,0,0,0,0,0,ese muchachit sol esta figur par gan un carg
375381447530e9f39082ef93cbc121b0,venezuela,0,"Los del pan lo metieron,ve los vídeos.",mx,0,0,0,0,0,0,0,0,0,los del pan lo met ve los vide
2b1ac91081d7ea50e5a4f396c76fa751,venezuela,0,Pues ya deja venezuela en paz !!!! Él es el culpable no. 1 de lo que pasa,mx,4,0,0,0,0,1,1,0,0,pues ya dej venezuel en paz el es el culpabl no 1 de lo que pas
334f6ec0901b6a97cd6805806fa46496,venezuela,0,"Tienes razón!, no lo conozco y lo apoyo, seguro tu cenas con AMLO, Maduro y Batres! 😂😂😂 Ignorantes y .. Y ese venezolano es terrorista, fifi,  mafia del poder, primo de Loret! Estos chairos dan pena, patéticos. AMLO, encantador de burros nivel DEUS",mx,3,0,3,3,0,1,1,0,0,tien razon no lo conozc y lo apoy segur tu cen con amlo madur y batr cara_llorando_de_ris cara_llorando_de_ris cara_llorando_de_ris ignor y y ese venezolan es terror fifi mafi del pod prim de loret estos chair dan pen patet amlo encant de burr nivel deus
b5258ae104b8d8526482cbe5f8733097,venezuela,0,Con razón lo quiere tanto AMLO,mx,0,0,1,0,0,0,0,0,0,con razon lo quier tant amlo
9909a0bedd087de6fe0bb5d8206058ce,venezuela,0,chinguen a su madre el respeto entre individuos como en países el respeto al derecho ajeno es la paz,mx,0,0,0,0,0,0,0,0,0,ching a su madr el respet entre individu com en pais el respet al derech ajen es la paz
c9d33796defce64283431628242e626f,venezuela,0,Y este es el régimen con el cual @lopezobrador_ pretende dialogar. No hay diálogo con seres viles como estos.  Repudio internacional es lo único que se merecen,mx,0,0,0,0,0,1,0,0,0,y este es el regim con el cual [user] pretend dialog no hay dialog con ser vil com estos repudi internacional es lo unic que se merec
b1fadfc4a080d37fbe855e2e5c0bd244,venezuela,0,Yo feliz que mi gobierno no se unió al coro como uno mas ...México y Uruguay..que orgullo para la América hispana..ahh y Polevnsky no es presidenta ni Canciller..no nos preocupemos de sus filias políticas..,mx,0,0,0,0,0,4,1,0,1,yo feliz que mi gobiern no se uni al cor com uno mas mexic y uruguay que orgull par la amer hispan ahh y polevnsky no es president ni cancill no nos preocup de sus fili polit
31a9c61799a7a0c430422ef4776ff421,venezuela,0,"Sí, la de los colombianos que lo hicieron para crear caos.",mx,0,0,0,0,0,0,0,0,0,si la de los colombian que lo hic par cre caos
220e886185bdedb644ae763a8a36cfc6,venezuela,0,Asuste usted a su C madre,mx,0,0,0,0,0,0,0,0,0,asust usted a su c madr
93fc012f26523873279a582cd6097387,venezuela,0,Quemenlo vivo a este HDP,mx,0,0,1,0,0,0,0,0,0,quemenl viv a este hdp
b6bf37d9372f6a05507970e9261588c2,venezuela,0,"@AccionNacional esto es como una gran broma apoyando una democracia en otro país, cuando ustedes hicieron de ella un gran negocio en el país. Todos tienen derecho a manifestar sus ideales, pero no interfieren en la soberanía de otro.",mx,0,0,0,0,0,1,0,0,0,[user] esto es com una gran brom apoy una democraci en otro pais cuand usted hic de ella un gran negoci en el pais tod tien derech a manifest sus ideal per no interfier en la soberan de otro
ef62a65fdfa55a2814cb4d1adcdfa618,venezuela,0,Los mexicanos esperamos que NO se pronuncien en favor de @jguaido No nos corresponde opinar de los gobiernos de cada país. Ojalá puedan resolver esta situación de manera pacífica y no con un presidente impuesto.,mx,0,0,0,0,0,3,0,0,0,los mexican esper que no se pronunci en favor de [user] no nos correspond opin de los gobi de cad pais ojal pued resolv esta situacion de maner pacif y no con un president impuest
27ed7973150f72b2c1dd2ca0d1ceaf97,venezuela,0,"Aún se engañan que están en la era de las PRIANRATAS... Aún quieren seguir con sus sistema de caos y destrucción . Con el PAN en el poder, murieron mas de 250. 000 MEXICANOS.",mx,0,0,3,0,0,0,2,0,1,aun se engañ que estan en la era de las prianrat aun quier segu con sus sistem de caos y destruccion con el pan en el pod mur mas de 250 00 mexican
34dfa38f8e1d4c12648c589d46cc9005,venezuela,0,Chinga tu madre porro,mx,0,0,0,0,0,0,0,0,0,ching tu madr porr
ff4ab863a9bb491a3ede37dc6529a2b1,venezuela,0,"Si esa pobre gente supiera QUIEN ES EN VERDAD EL PARTIDO QUE LOS""COBIJA Y APOYA""no lo harían sin duda POBRE VENEZUELA encima de su terrible situación vengan a hacer ""leña"" de ellos esta manada de LADRONES que lo que busca es presionar y ""borregos nuevos"" por que ya nadie les cree",mx,0,0,10,0,0,3,0,6,0,si esa pobr gent sup qui es en verd el part que los cobij y apoy no lo har sin dud pobr venezuel encim de su terribl situacion veng a hac leñ de ellos esta man de ladron que lo que busc es presion y borreg nuev por que ya nadi les cre
d60775d961e864cb1541f592e92a51a7,venezuela,0,Este tipo quiere guerra!,mx,1,0,0,0,0,0,0,0,0,este tip quier guerr
96088874971dfdccdae97c5d5ab48a9c,venezuela,0,Pendejos Comparando a Maduro con Amlo en 3..2..,mx,0,0,0,0,0,0,0,0,0,pendej compar a madur con amlo en 3 2
bd3a0ecbbc8e896159146ff4337c57c6,venezuela,0,"Autodeterminación, jaja qué mierda analogía más jodida de apoyar una dictadura de un país sin estado de derecho, para quien no lo sabe, cada venezolano ha perdido en promedio 10 kg. en los últimos 9 meses y no es por fitness sino porque no hay alimentos para quien apoya a un loco",mx,0,0,0,0,1,5,0,0,0,autodetermin jaj que mierd analog mas jod de apoy una dictadur de un pais sin estad de derech par qui no lo sab cad venezolan ha perd en promedi 10 kg en los ultim 9 mes y no es por fitness sin porqu no hay aliment par qui apoy a un loc
6c26d6f36247132e2a93ac1fa836ee49,venezuela,0,Y pensar que con este loco “vamos pa’alla”,mx,0,0,0,0,0,0,0,3,0,y pens que con este loc vam pa alla
a5009fa35f7c94d64555ebfc6fdb2eb9,venezuela,0,"Arropado por PANAZIS ,vayase a su país a arreglar sus asuntos allá,vaya a apoyar al títere de los gringos,vaya y verifique que los malditos gringos les imponga un gobierno para que cómodamente se lleven los recursos,vaya para que a la gente pobre la hagan más pobre.",mx,0,0,1,0,0,0,0,0,0,arrop por panazis vay a su pais a arregl sus asunt alla vay a apoy al titer de los gring vay y verifiqu que los maldit gring les impong un gobiern par que comod se llev los recurs vay par que a la gent pobr la hag mas pobr
06427ca32b5a782c077afcc13707af32,venezuela,0,Nuestro gobierno respeta nuestros preceptos de política exterior..no apoyamos ni condenamos..,mx,0,0,0,0,0,2,0,0,0,nuestr gobiern respet nuestr precept de polit exterior no apoy ni conden
f256cfbea5ff6996f3974d6279d49ac4,venezuela,0,Y su gente con hambre y el mas gordo y loco. Se vale la pena de muerte,mx,0,0,0,0,0,0,0,0,0,y su gent con hambr y el mas gord y loc se val la pen de muert
69a73d192c367279451962370b9a8ea1,venezuela,0,"#FakeNews fué la gente de @jguaido ellos mismos los quemaron,  Típica jugada de pizarrón,,, Pareces nuevo ""MyTeacher""",mx,0,0,0,0,0,0,1,2,0,fakenews fue la gent de [user] ellos mism los quem tipic jug de pizarron parec nuev myteach
bf9153bd831f73d5f45ff23c870eac3e,venezuela,0,"Los quemaron en Colombia, es increíble como manejan la narrativa a su antojo. Ese golpe de estado fracaso ahora los fascistas queman hasta la propia ayuda que mandarían. Lo que hace la desesperación 🙄",mx,0,0,0,1,0,0,0,0,0,los quem en colombi es increibl com manej la narrat a su antoj ese golp de estad fracas ahor los fascist quem hast la propi ayud que mand lo que hac la desesper cara_con_ojos_en_blanc
2fb1d97d53bcad80e704c406a8507551,venezuela,0,con esto se que no me equivoqué al dejar de seguir a @AccionNacional  nunca mas un voto al azul,mx,0,0,0,0,0,2,0,0,0,con esto se que no me equivoqu al dej de segu a [user] nunc mas un vot al azul
dca73f88915a707a7ef1ab25edcf3e8b,venezuela,0,"El desabasto mental lo tiene usted, con todo respeto.",mx,0,0,0,0,0,0,0,0,0,el desabast mental lo tien usted con tod respet
a88447bf7e2ece23d2ad525442d90bd8,venezuela,0,"La ignorancia es tan atrevida, apoyas a personas que ni conoces, pero te llenas el hocico en llamar ignorantes a quienes están informados.",mx,0,0,0,0,0,1,0,0,0,la ignor es tan atrev apoy a person que ni conoc per te llen el hocic en llam ignor a quien estan inform
87f2905b4a8b54d80d670fd711c1a964,venezuela,0,"Si, tenemos a AMLOCO",mx,0,0,1,0,0,0,0,0,0,si ten a amloc
756ddc6b6f1c379733a514e5c7aa407f,venezuela,0,ésa misma DERECHA CORRUPTA que todos los días tratan infructuosamente de SABOTEAR al gobierno legítimo de MÉXICO! No tienen ya todo el apoyo de TRUMP!,mx,2,0,5,0,0,1,0,0,0,esa mism derech corrupt que tod los dias trat infructu de sabot al gobiern legitim de mexic no tien ya tod el apoy de trump
33974bfc872962baf18f4866eefeec4a,venezuela,0,"Recuerdas las tiendas soriana y comercial que quemaron en Ecatepec, Edomex los anarquistas?. Después de que aplicaron el gasolinazo @EPN y @JoseAMeadeK en 2017 y eso si se vio en TV abierta",mx,0,1,1,0,0,0,0,0,0,recuerd las tiend sorian y comercial que quem en ecatepec edomex los anarqu despues de que aplic el gasolinaz [user] y [user] en 2017 y eso si se vio en tv abiert
b8a055ad4bcad6266988f41364c0431b,venezuela,0,"Hay que mantenerse neutral ante estas  atrocidades, solo por decir que son gobierno de Izquierda? @genarolozano @leozuckermann @AristeguiOnline",mx,0,1,0,0,0,0,0,0,0,hay que manten neutral ante estas atroc sol por dec que son gobiern de izquierd [user] [user] [user]
3a245aec4c9f709db8e0ed5e6b13df87,venezuela,0,"No queremos, no queremos meternos en el tema Venezuela  A los mexicanos no nos ayuda para nada aprobar o desaprobar a nadie  Porque esa aferrades?",mx,0,1,0,0,0,5,0,0,0,no quer no quer met en el tem venezuel a los mexican no nos ayud par nad aprob o desaprob a nadi porqu esa aferrad
5145a90fe52a709e6e873c8075a825c5,venezuela,0,Vete a que te laben el cerebro imecil y chupale los huevos a el intervencionista de Trump aunque seguro gente como tu le da asquito.,mx,0,0,0,0,0,0,0,0,0,vet a que te lab el cerebr imecil y chupal los huev a el intervencion de trump aunqu segur gent com tu le da asquit
734dc29d74331c079e9dac70e7eebe35,venezuela,0,"@HijasDeLaMx @NicolasMaduro acaba de elegir su manera ser ser eliminado de la faz de la tierra. CON FUEGO, EN UNA HOGUERA",mx,0,0,4,0,0,0,0,0,0,[user] [user] acab de eleg su maner ser ser elimin de la faz de la tierr con fueg en una hoguer
5b53b7b7163139af3bb7ac6c14a152e1,venezuela,0,No le importa la humanidad todo un grosero y ABUSA de la pobreza venezolana,mx,0,0,1,0,0,1,0,0,0,no le import la human tod un groser y abus de la pobrez venezolan
6b8b75afbb53337b0005d42e61d21065,venezuela,0,Ya parece Somalia. Y cuándo va a intervenir la ONU como lo hizo en aquella ocasión?,mx,0,1,1,0,0,0,0,0,0,ya parec somali y cuand va a interven la onu com lo hiz en aquell ocasion
ecd3dbe4dcaf624a30d36dcdc9cc8867,venezuela,0,Oye @LORENT_SALEH aquí en México nos dan asco los terroristas como tú!!!!!,mx,5,0,0,0,0,0,1,0,0,oye [user] aqu en mexic nos dan asco los terror com tu
0bd2bae4de84563188862fdc768b05e4,venezuela,0,Dios hasta cuando permitiras semejante atrocidad? Basta! #VenezuelaEnDefensaDeLaPaz no puedo tolerar tanta maldad.,mx,1,1,0,0,0,1,0,0,0,dios hast cuand permitir semej atroc bast venezuelaendefensadelapaz no pued toler tant mald
0f88ff535a6d5625c9606c7eaa235e42,venezuela,0,"La prensa internacional da cuenta de esto. O sea, es válida su información.",mx,0,0,0,0,0,0,0,0,0,la prens internacional da cuent de esto o sea es val su inform
63447e787af5571c3c03bf8dc635ffa0,venezuela,0,LA TERCERA GUERRA MUNDIAL EMPEZO,mx,0,0,4,0,0,0,0,0,0,la tercer guerr mundial empez
a3ce59080e23ab3fc71d6073a8b78881,venezuela,0,¿Cuando le van a cambiar el nombre a Venezuela por Irak 2.0?,mx,0,2,0,0,0,0,0,0,0,cuand le van a cambi el nombr a venezuel por irak 2 0
7f0532a7fcb74043f4f138bf35f7f2e6,venezuela,0,"En otros medios de comunicación, se dice que los quemaron de el lado colombiano, es obvio que la solución es muy difícil, a ninguna de las dos partes les conviene que la paz y calma llegue a Venezuela, sino como podría continuar el conflicto.",mx,0,0,0,0,0,2,0,0,0,en otros medi de comun se dic que los quem de el lad colombian es obvi que la solucion es muy dificil a ningun de las dos part les convien que la paz y calm lleg a venezuel sin com podr continu el conflict
94219a98a7f25a9ed41e7590ee0a7539,venezuela,0,"Y para que lo sepas, ese señor como lo llamas estuvo preso cuatro años en la tumba, la carcel del SEBIN, la policia política de Maduro, a varios metros bajo tierra y sin ver la luz del sol hasta por un año. Antes de hablar basura mejor infórmate un poco más, que la vida de vuelta",mx,0,0,1,0,0,1,0,0,0,y par que lo sep ese señor com lo llam estuv pres cuatr años en la tumb la carcel del sebin la polici polit de madur a vari metr baj tierr y sin ver la luz del sol hast por un año antes de habl basur mejor informat un poc mas que la vid de vuelt
7f836d9d3cc110d1e55d803d55fb92c4,venezuela,0,Y eso es amor por el pueblo ???? Aferrarse al poder es locura !!! Con sus pajaros y penes ya corría peligro el pueblo y ahora esto ???? Enloqueció absolutamente !!!!,mx,7,8,0,0,0,0,4,0,0,y eso es amor por el puebl aferr al pod es locur con sus pajar y pen ya corr peligr el puebl y ahor esto enloquec absolut
6145e4022212b15ebffc3f43b422dcf9,venezuela,0,A propósito del camión q quemaron dl lado d Colombia; ninguna experticia se ha realizado para generar una matriz abalando que el presunto medio de transporte fue incendiado por organismos de seguridad. #TrumpHandsOffVenezuela PARA LA GUERRA NADA,mx,0,0,3,0,0,2,0,0,0,a proposit del camion q quem dl lad d colombi ningun expertici se ha realiz par gener una matriz abal que el presunt medi de transport fue incendi por organ de segur trumphandsoffvenezuel par la guerr nad
0506ceb8e006afd47aa231caaa96767d,venezuela,0,Esos paniaguados no tienen dignidad y vergüenza,mx,0,0,0,0,0,1,0,0,0,esos paniagu no tien dignid y vergüenz
12ccb20be5e57449a82787b5d9050569,venezuela,0,Por qué no le aplican el 33???,mx,0,3,0,0,0,1,1,0,0,por que no le aplic el 33
676e12d4555f6b139004090d6de29990,venezuela,0,"Si no quiere nunguna intervención entonces que se se saque a chingar a su drema del poder, asi evita culaquier invasión y deja de tener al pueblo undido en la pobreza, desabasto y muerte",mx,0,0,0,0,0,1,0,0,0,si no quier nungun intervencion entonc que se se saqu a ching a su drem del pod asi evit culaqui invasion y dej de ten al puebl undid en la pobrez desabast y muert
edc5d27f77f8dfbf33ff1f1c531fe480,venezuela,0,"Disculpe no fue Venezuela , no ve las noticias , fue el gobierno , algunos militares ( ojo los que estaban amarrados en la  frontera  querían ayudar ) les o vea las noticias , populismo + dictadura",mx,0,0,0,0,0,2,0,0,0,disculp no fue venezuel no ve las notici fue el gobiern algun militar ojo los que estab amarr en la fronter quer ayud les o vea las notici popul dictadur
c410154ed3834d27a5696703bebd7e81,venezuela,0,"Desgraciadamente así es con ese tipo de gente amiga, por que eso que hace es un atentado directo ya en contra de los derechos de la población en general y una burla.",mx,0,0,0,0,0,0,0,0,0,desgraci asi es con ese tip de gent amig por que eso que hac es un atent direct ya en contr de los derech de la poblacion en general y una burl
3a38344f51ba971d4bb847f03ee7a9e8,venezuela,0,"Llama la atención tanta insistencia. X q viene esta persona a polarizar posturas directo al gobierno de México? X q tanto interés en obtener el ""sí"" d AMLO? X q no son capaces d respetar nuestra neutralidad? Yo sabía q existía algo llamado SOBERANÍA. La ropa sucia se lava en casa",mx,0,3,2,0,0,1,0,2,0,llam la atencion tant insistent x q vien esta person a polariz postur direct al gobiern de mexic x q tant interes en obten el si d amlo x q no son capac d respet nuestr neutral yo sab q exist algo llam soberan la rop suci se lav en cas
c6aa1f28d95c2fea22815b49beaff816,venezuela,0,que los apoye su abuela vean la verdad de estos changos,mx,0,0,0,0,0,0,0,0,0,que los apoy su abuel vean la verd de estos chang
ae34b3a7ab80ca2a4736c03498a181ea,venezuela,0,Vaya que hay estúpidos que defienden al dictador pero aquí estiran la mano con el aprendiz de dictadorzuelo,mx,0,0,0,0,0,0,0,0,0,vay que hay estup que defiend al dictador per aqu estir la man con el aprendiz de dictadorzuel
b2aacd0ee04d2d1482f4ae85d05fbcec,venezuela,0,"Queda claro que como los conservadores del siglo XIX durante la intervención francesa, los Panistas, son y siempre serán pro intervencionistas y dispuestos a entregar los recursos y soberanía nacionales a intereses extranjeros.",mx,0,0,1,0,0,0,0,0,0,qued clar que com los conserv del sigl xix durant la intervencion frances los panist son y siempr seran pro intervencion y dispuest a entreg los recurs y soberan nacional a interes extranjer
1afe447672ca133ba080c3d0c354f22f,venezuela,0,Senadores de @AccionNacional continuaron su crítica a la postura de México ante la crisis venezolana invitando a un activista de ese país,mx,0,0,0,0,0,0,0,0,0,senador de [user] continu su critic a la postur de mexic ante la crisis venezolan invit a un activ de ese pais
6a6519530df2d4aca03ad06b698d65ce,venezuela,0,Caos: el único camino de las dictaduras. México abre los ojos.,mx,0,0,0,0,0,0,0,0,0,caos el unic camin de las dictadur mexic abre los ojos
3f8936bada37bba48f4f2499f80205e3,venezuela,0,Mentiroso manipulador eso o fue quemado por la policia venezolana porque para empezar nisiquiera han podido cruzar la frontera.,mx,0,0,0,0,0,0,0,0,0,mentir manipul eso o fue quem por la polici venezolan porqu par empez nisiqu han pod cruz la fronter
da0c4253e413ed2a88f30d6f5bbdff38,venezuela,0,Más aún; no tienes derecho a decirnos qué hacer. ¿Sabías que ese intervencionismo que hiciste hoy es un insulto a nuestra memoria mexicana? A nosotros nos costó la mitad de nuestro territorio. ¿Sabías que el PAN robó las elecciones presidenciales del 2006? 1/2,mx,0,4,1,0,0,1,0,0,0,mas aun no tien derech a dec que hac sab que ese intervencion que hic hoy es un insult a nuestr memori mexican a nosotr nos cost la mit de nuestr territori sab que el pan rob las eleccion presidencial del 2006 1 2
6ef2c323755ca5c63ffabee2051054cd,venezuela,0,Que les pasa a las personas? El mundo al revés!😡😡😡😡,mx,1,1,0,4,0,0,1,0,0,que les pas a las person el mund al reves cara_cabr cara_cabr cara_cabr cara_cabr
d85d1b682742b96fc2c87412d3e7ecd0,venezuela,0,Y esas son las funciones de la Guardia Nacional Venezolana (muy probablemente como el peje quería la suya).,mx,0,0,0,0,0,0,0,0,0,y esas son las funcion de la guardi nacional venezolan muy probabl com el pej quer la suy
3aff560249469a24628af813cf4d0e76,venezuela,0,"Que HDP la de ese wey, si no ayuda a su pueblo que no lo perjudique más!!!",mx,3,0,1,0,0,2,1,0,0,que hdp la de ese wey si no ayud a su puebl que no lo perjudiqu mas
07e98b37087bb4fb2672482a257e1d04,venezuela,0,"Mientras tanto en Mexico @lopezobrador_ le parte la madre a programas sociales que según el (no a mostrado evidencias) estan plagados de corrupción, pero que tal ya esta viendo salvar al Chapo, la tiranía no es solo quemar camiones y la represión, el practica ser pasivo agresivo",mx,0,0,0,0,0,2,0,0,0,mientr tant en mexic [user] le part la madr a program social que segun el no a mostr evident estan plag de corrupcion per que tal ya esta viend salv al chap la tiran no es sol quem camion y la represion el practic ser pasiv agres
a065b2234a0c3c020c21b093648f3942,venezuela,0,"Entre los individuos, como entre las Naciones, el&nbsp;respeto al derecho ajeno es la paz»  así como pide Respeto, que Respete nuestra Constitución @LORENT_SALEH",mx,0,0,0,0,0,0,0,1,0,entre los individu com entre las nacion el nbsp respet al derech ajen es la paz asi com pid respet que respet nuestr constitu [user]
c53e207022e0fc04462fc5f7787b9847,venezuela,0,"Obrador con maduro gracias al dinero este le dio en la campaña , obrador aplaude quema de ayuda humanitaria",mx,0,0,0,0,0,0,0,0,0,obrador con madur graci al diner este le dio en la campañ obrador aplaud quem de ayud humanitari
1bd3ba80cc6aefe33688229297e7198c,venezuela,0,"Es su problema, a México no le incumbe",mx,0,0,0,0,0,1,0,0,0,es su problem a mexic no le incumb
151dd961977c2db94426923e9366c8d9,venezuela,0,Y porqué no comentaste que los camiones Se oyeron balazos y explosiones de las armas que venían ocultas dentro de la ayuda,mx,0,0,0,0,0,1,0,0,0,y porqu no coment que los camion se oyeron balaz y explosion de las armas que ven ocult dentr de la ayud
bf5ab37165c84a3c18d82c51d28d1304,venezuela,0,Por ai algun francotirador,mx,0,0,0,0,0,0,0,0,0,por ai algun francotir
9352f099114bdd11a9bcc3f0e55a76f0,venezuela,0,Todos los mexicanos lo apoyamos. Que chingue su madre AMLO,mx,0,0,1,0,0,0,0,0,0,tod los mexican lo apoy que ching su madr amlo
cf39dd05a8d05c77d61dc5cebddc071a,venezuela,0,La solución a la dictadura es una limpieza al estilo del mosad,mx,0,0,0,0,0,0,0,0,0,la solucion a la dictadur es una limpiez al estil del mos
1c3bbe0ea892e37fdded11d2f26e2bac,venezuela,0,Exacto por eso todos se meten y por eso Rusia y China  están apoyando a maduro,mx,0,0,0,0,0,0,0,0,0,exact por eso tod se met y por eso rusi y chin estan apoy a madur
93295fc55bd569c6425b918695bcf66a,venezuela,0,Pónganse a trabajar por México,mx,0,0,0,0,0,0,0,0,0,pongans a trabaj por mexic
190302ca2afc24bbc7b4b0b0743ef67d,venezuela,0,Uruguay tomó partido por Guaidó. México se ha quedado sólo en esa andanada socialista.,mx,0,0,0,0,0,0,0,0,0,uruguay tom part por guaid mexic se ha qued sol en esa andan social
f965fb38af755be352987ab2893a5bc8,venezuela,0,"Pues el.presidente es quien les está dando Amnistía, y hasta pensión, no hace falta que los diputados o senadores de otros partidos lo hagan, Morena se la pasa cuidando de los intereses del.crimen organizado.",mx,0,0,0,0,0,1,0,0,0,pues el president es qui les esta dand amnist y hast pension no hac falt que los diput o senador de otros part lo hag moren se la pas cuid de los interes del crim organiz
632dcd0834f79b6f8773d2b0d018434a,venezuela,0,"Ese es un terrorista, no mamen Reforma...",mx,0,0,0,0,0,1,1,0,1,ese es un terror no mam reform
26be18c83144a224f2c86c0c0554f862,venezuela,0,"Maduro 6, el socialismo 20.",mx,0,0,0,0,0,0,0,0,0,madur 6 el social 20
20044c0507bf930134bd08ec98a146c4,venezuela,0,Por qué no vas a reportear en vivo desde ahí?,mx,0,1,0,0,0,1,0,0,0,por que no vas a report en viv desd ahi
84a5da663c738f0668b9b3ec59d395da,venezuela,0,Váyanse a luchar a Venezuela. A México no le incumbe,mx,0,0,0,0,0,1,0,0,0,vayans a luch a venezuel a mexic no le incumb
868d7e5133c0527c6f83231a50277743,venezuela,0,Eres un pinche mentiroso pedazo de porqueria,mx,0,0,0,0,0,0,0,0,0,eres un pinch mentir pedaz de porqueri
3547be4b4b93b3f831037fb0195f62f2,venezuela,0,Que tragedia! En países como Honduras o Haití si agradecerían la bondad de los 🇺🇸,mx,1,0,0,0,0,0,0,0,0,que tragedi en pais com hondur o hait si agradec la bond de los bandera_estados_un
d774f91fa5bc1edea6404293bb1f9a6e,venezuela,0,Chairos pedorros idiotizados defiendan a su mesías,mx,0,0,0,0,0,0,0,0,0,chair pedorr idiotiz defiend a su mes
620d7d0d12d42ed9d0430411470ce226,venezuela,0,"A QUIEN? de QUE HABLAS? TE APUESTO LO Q QUIERAS QUE VAS A MEPEZAR A CHINGAR TAMBIEN CUANDO META A LA CARCEL A DESCHAMPS, SALINAS FOX ETC ETC PORQUE TODOS LOS Q ESTAN CONTRA AMLO SON LOS DEL SISTEMA ANTERIOR PEDORRO DEL PRIANRD juar juar juar",mx,0,2,32,0,0,0,0,0,0,a qui de que habl te apuest lo q quier que vas a mepez a ching tambi cuand met a la carcel a deschamps salin fox etc etc porqu tod los q estan contr amlo son los del sistem anterior pedorr del prianrd juar juar juar
6baafc5064fea9d9def9db9e8dbe1b05,venezuela,0,ESOS PANISTAS KE SE VAYAN A VENEZUELA Y AHI EXIJANLE EN SU CARA DE FRENTE QUE PARA SU PODER DITACTORIAL A VER SI TIENEN HUEVOS,mx,0,0,15,0,0,0,0,0,0,esos panist ke se vay a venezuel y ahi exijanl en su car de frent que par su pod ditactorial a ver si tien huev
